observation_id,project_id,project_code,serial_no,project_name,agency,state,sector,report_date,approval_date,approval_date_revised,original_cost_crore,revised_cost_crore,anticipated_cost_crore,cost_overrun_original_crore,cost_overrun_revised_crore,cumulative_expenditure_crore,original_completion_date,revised_completion_date,anticipated_completion_date,time_overrun_original_months,time_overrun_revised_months,additional_delay_months,milestones_achieved,milestones_total,physical_progress_pct,delay_reason,status,source.report,source.table,source.page,source.serial_no
FR_200608_001,,,1,NEW URANIUM ORE PROCESSING MILL,,,ATOMIC ENERGY,2006-08,2003-09,,343.26,,343.26,0.0,,235.93,2006-06,,2006-09,3.0,,,21,36,,,,MonthlyFR_aug_2006.pdf,Sector-Wise analysis of projects,9,1
FR_200608_002,,,2,"KAIGA ATOM IC POWER PROJECT 3 & 4 UNITS, KAIGA",,,ATOMIC ENERGY,2006-08,2001-05,,4213.0,,3282.0,-931.0,,1741.0,2009-10,,2007-09,-25.0,,,52,75,,,,MonthlyFR_aug_2006.pdf,Sector-Wise analysis of projects,9,2
FR_200608_003,,,3,"RAJASTHAN ATOMIC POWER PROJECT 5 & 6, RAWAT BHATA",,,ATOMIC ENERGY,2006-08,2002-04,,3072.0,,3072.0,0.0,,1394.0,2008-02,,2008-02,0.0,,,44,75,,,,MonthlyFR_aug_2006.pdf,Sector-Wise analysis of projects,9,3
FR_200608_004,,,4,KUDANKULAM APP (NPCIL),NPCIL,,ATOMIC ENERGY,2006-08,2001-12,,13171.0,,13171.0,0.0,,7720.0,2008-12,,2008-12,0.0,,,38,119,,,,MonthlyFR_aug_2006.pdf,Sector-Wise analysis of projects,9,4
FR_200608_005,,,5,PROTOTYPE FAST BREEDER REACTOR,,,ATOMIC ENERGY,2006-08,2003-09,,3492.0,,3492.0,0.0,,376.38,2010-09,,2010-09,0.0,,,5,76,,,,MonthlyFR_aug_2006.pdf,Sector-Wise analysis of projects,9,5
FR_200608_006,,,6,DEVELOPMENT OF VISAKHAPATNAM AIRPORT.,,,ATOMIC ENERGY,2006-08,2002-12,,191.52,,191.52,0.0,,131.38,2005-12,,2006-12,12.0,,,11,27,,,,MonthlyFR_aug_2006.pdf,Sector-Wise analysis of projects,9,6
FR_200608_007,,,7,POOTKI BALIHARI UG,,,COAL,2006-08,1983-12,1997-04,199.87,199.87,182.6,-17.27,-17.27,175.84,1994-03,2000-03,2007-03,156.0,84.0,,5,5,,,,MonthlyFR_aug_2006.pdf,Sector-Wise analysis of projects,9,7
FR_200608_008,,,8,BASUNDHRA(WEST)O.C.P (MCL) (2.40 MTY),,,COAL,2006-08,2003-10,,176.55,,176.55,0.0,,34.46,2008-03,,2008-03,0.0,,,1,2,,,,MonthlyFR_aug_2006.pdf,Sector-Wise analysis of projects,9,8
FR_200608_009,,,9,RAJMAHAL EXPANSION OC PROJECT,,,COAL,2006-08,2006-01,,650.06,,650.06,0.0,,,2009-03,,2009-03,0.0,,,0,0,,,,MonthlyFR_aug_2006.pdf,Sector-Wise analysis of projects,9,9
FR_200608_010,,,10,TPS-II EXPANSION (1470MW TO 1970MW) (NLC),NLC,,COAL,2006-08,2004-10,,2030.78,,2030.78,0.0,,218.57,2009-06,,2009-06,0.0,,,2,24,,,,MonthlyFR_aug_2006.pdf,Sector-Wise analysis of projects,9,10
FR_200608_011,,,11,EXPANSION OF MINE-II,,,COAL,2006-08,2004-10,,2161.28,,2161.28,0.0,,257.34,2009-06,,2009-06,0.0,,,3,23,,,,MonthlyFR_aug_2006.pdf,Sector-Wise analysis of projects,9,11
FR_200608_012,,,12,BARSINGSAR TPS OF 250 MW,,,COAL,2006-08,2004-12,,1114.18,,1114.18,0.0,,122.91,2009-06,,2009-06,0.0,,,2,26,,,,MonthlyFR_aug_2006.pdf,Sector-Wise analysis of projects,9,12
FR_200608_013,,,13,BARSINGSAR LIGNITE MINE,,,COAL,2006-08,2004-12,,254.07,,254.07,0.0,,48.98,2009-06,,2009-06,0.0,,,2,21,,,,MonthlyFR_aug_2006.pdf,Sector-Wise analysis of projects,9,13
FR_200608_014,,,14,KULDA OCP,,,COAL,2006-08,2005-01,,302.96,,302.96,0.0,,23.06,2010-03,,2010-03,0.0,,,0,2,,,,MonthlyFR_aug_2006.pdf,Sector-Wise analysis of projects,10,14
FR_200608_015,,,15,KRISHNASHILA,,,COAL,2006-08,2006-05,,789.88,,789.88,0.0,,32.58,2010-03,,2010-03,0.0,,,0,1,,,,MonthlyFR_aug_2006.pdf,Sector-Wise analysis of projects,10,15
FR_200608_016,,,16,DIPKA EXPANSION OCP,,,COAL,2006-08,2005-07,,1268.53,,1268.53,0.0,,414.86,2010-03,,2010-03,0.0,,,0,3,,,,MonthlyFR_aug_2006.pdf,Sector-Wise analysis of projects,10,16
FR_200608_017,,,17,"GEVRA EXPANSION OCP, 25MTY (SECL)",,,COAL,2006-08,2005-07,,1667.55,,1667.55,0.0,,552.56,2010-03,,2010-03,0.0,,,0,4,,,,MonthlyFR_aug_2006.pdf,Sector-Wise analysis of projects,10,17
FR_200608_018,,,18,KUSMUNDA EXPANSION OCP,,,COAL,2006-08,2006-06,,737.65,,737.65,0.0,,,2011-03,,2011-03,0.0,,,0,0,,,,MonthlyFR_aug_2006.pdf,Sector-Wise analysis of projects,10,18
FR_200608_019,,,19,ASHOK OC EXPANSION,,,COAL,2006-08,2006-04,,471.66,,471.66,0.0,,,2011-03,,2011-03,0.0,,,0,0,,,,MonthlyFR_aug_2006.pdf,Sector-Wise analysis of projects,10,19
FR_200608_020,,,20,BLOCK-B OCP NCL (3.5 MTY),,,COAL,2006-08,2006-07,,746.04,,746.04,0.0,,46.97,2012-03,,2011-06,-9.0,,,0,1,,,,MonthlyFR_aug_2006.pdf,Sector-Wise analysis of projects,10,20
FR_200608_021,,,21,BHUBANESHWARI OCP (MAHANADI COALFIELDS LTD.) (10 MTY),,,COAL,2006-08,2005-01,,336.68,,336.68,0.0,,11.39,2012-03,,2012-03,0.0,,,0,2,,,,MonthlyFR_aug_2006.pdf,Sector-Wise analysis of projects,10,21
FR_200608_022,,,22,AMLOHRI EXPANSION PROJECT 4 TO 10 (6 MTY),,,COAL,2006-08,2006-05,,1352.04,,1352.04,0.0,,,2014-03,,2014-03,0.0,,,1,1,,,,MonthlyFR_aug_2006.pdf,Sector-Wise analysis of projects,10,22
FR_200608_023,,,23,TECHNOLOGICAL UP_GRADATION OF TROMBAY-V AMMONIA PLANT,,,FERTILISERS,2006-08,2003-10,2006-06,249.0,,249.0,0.0,,192.72,2006-06,,,,,,28,56,,,,MonthlyFR_aug_2006.pdf,Sector-Wise analysis of projects,10,23
FR_200608_024,,,24,SECOND PHASE EXPANSION OF NALCO,,,MINES,2006-08,2004-10,,4091.51,,4091.51,0.0,,,2008-12,,2008-12,0.0,,,17,111,,,,MonthlyFR_aug_2006.pdf,Sector-Wise analysis of projects,10,24
FR_200608_025,,,25,TECHNOLOGY UPGRADATION OF BF-7 (SAIL),,,STEEL,2006-08,2005-01,,170.41,,170.41,0.0,,84.57,2006-01,,2006-11,10.0,,,5,5,,,,MonthlyFR_aug_2006.pdf,Sector-Wise analysis of projects,10,25
FR_200608_026,,,26,REBUILDING OFCOKE OVEN BATTERY NO. 1 (SAIL),,,STEEL,2006-08,2003-03,,112.39,,112.39,0.0,,68.37,2005-12,,2006-12,12.0,,,14,17,,,,MonthlyFR_aug_2006.pdf,Sector-Wise analysis of projects,10,26
FR_200608_027,,,27,BLOOM CASTER(SAIL),,,STEEL,2006-08,2004-05,,271.41,,,0.0,,156.91,2006-05,,,7.0,,,4,10,,,,MonthlyFR_aug_2006.pdf,Sector-Wise analysis of projects,10,27
FR_200608_028,,,28,REBUILDING OF COKE OVEN BATTERY No. 5 BOKARO (SAIL),,,STEEL,2006-08,2004-12,,198.84,,198.84,0.0,,69.73,2007-01,,2007-01,0.0,,,4,8,,,,MonthlyFR_aug_2006.pdf,Sector-Wise analysis of projects,11,28
FR_200608_029,,,29,"COKE OVEN BATTERY No.4 RASHTRIYA ISPAT NIGAM LTD.,VIZAG",,,STEEL,2006-08,2003-12,,286.63,,355.21,68.58,,201.59,2006-12,,2007-05,5.0,,,0,21,,,,MonthlyFR_aug_2006.pdf,Sector-Wise analysis of projects,11,29
FR_200608_030,,,30,"INSTALLATION OF SLAB CASTLER, RH DEGASSER AND LADLE FURNACE",,,STEEL,2006-08,2005-07,,520.76,,520.76,0.0,,69.25,2007-09,,2007-09,0.0,,,1,5,,,,MonthlyFR_aug_2006.pdf,Sector-Wise analysis of projects,11,30
FR_200608_031,,,31,REBUILDING OF BLAST FURNACE No. 2,,,STEEL,2006-08,2006-03,,103.93,,103.93,0.0,,,2007-09,,2007-09,0.0,,,1,2,,,,MonthlyFR_aug_2006.pdf,Sector-Wise analysis of projects,11,31
FR_200608_032,,,32,REBUILDING OF COKE OVEN BATTERY No.5,,,STEEL,2006-08,2004-12,,219.04,,219.04,0.0,,25.38,2007-01,,2007-12,11.0,,,1,8,,,,MonthlyFR_aug_2006.pdf,Sector-Wise analysis of projects,11,32
FR_200608_033,,,33,COAL DUST INJECTION SYSTEM IN BLAST FURNACE-2 & 3,,,STEEL,2006-08,2006-04,,132.73,,133.92,1.19,,,2008-05,,2008-05,0.0,,,0,0,,,,MonthlyFR_aug_2006.pdf,Sector-Wise analysis of projects,11,33
FR_200608_034,,,34,EXPANSION OF RINL/VSP FROM 3 MTPY-6.3 MTPY OF LIQUID STEEL,,,STEEL,2006-08,2005-10,,8692.0,,8692.0,0.0,,9.34,2009-10,,2009-10,0.0,,,0,0,,,,MonthlyFR_aug_2006.pdf,Sector-Wise analysis of projects,11,34
FR_200608_035,,,35,PIPLINE EXTENTION TO PAKNI VIA HAZARWADI (HPCL),HPCL,,PETROLEUM,2006-08,2004-04,,335.17,,335.17,0.0,,207.87,2006-09,,2006-09,0.0,,,0,0,,,,MonthlyFR_aug_2006.pdf,Sector-Wise analysis of projects,11,35
FR_200608_036,,,36,MS QUALITY UPGRADATION FACILITIES AT GUJARAT (IOCL),,,PETROLEUM,2006-08,2003-07,,390.0,,491.0,101.0,,446.0,2005-07,,2006-09,14.0,,1.0,57,58,,,,MonthlyFR_aug_2006.pdf,Sector-Wise analysis of projects,11,36
FR_200608_037,,,37,VIJAYPUR-KOTA PIPELINE PROJECT (GAIL),,,PETROLEUM,2006-08,2004-06,,299.84,,241.0,-58.84,,46.02,2006-12,,2006-12,0.0,,,0,0,,,,MonthlyFR_aug_2006.pdf,Sector-Wise analysis of projects,11,37
FR_200608_038,,,38,PARADIP-HALDIA CRUDE OIL PIPLINE SYSTEM,,,PETROLEUM,2006-08,2004-03,,1178.0,,1178.0,0.0,,937.15,2006-03,,2006-12,9.0,,,0,0,,,,MonthlyFR_aug_2006.pdf,Sector-Wise analysis of projects,11,38
FR_200608_039,,,39,GREEN FUELS & EMISSION CONTROL PROJECT AT MUMBAI REFINERY,,,PETROLEUM,2006-08,2002-10,,1152.0,,1850.0,698.0,,797.36,2005-04,,2007-01,21.0,,,58,72,,,,MonthlyFR_aug_2006.pdf,Sector-Wise analysis of projects,11,39
FR_200608_040,,,40,JAGOTI-PAITHAMPUR PIPLINE (GAIL),,,PETROLEUM,2006-08,2005-01,,194.82,,151.19,-43.63,,17.42,2006-10,,2007-02,4.0,,2.0,0,0,,,,MonthlyFR_aug_2006.pdf,Sector-Wise analysis of projects,11,40
FR_200608_041,,,41,INTEGRATED DEVELOPMENT OF G1 & GS- 15 FIELDS,,,PETROLEUM,2006-08,2003-04,,429.82,,1262.93,833.11,,625.15,2005-03,,2007-03,24.0,,,0,0,,,,MonthlyFR_aug_2006.pdf,Sector-Wise analysis of projects,11,41
FR_200608_042,,,42,IOR LAKWA-LAKHMANI,,,PETROLEUM,2006-08,2001-09,,345.1,,429.38,84.28,,198.32,2007-03,,2007-03,0.0,,,3,3,,,,MonthlyFR_aug_2006.pdf,Sector-Wise analysis of projects,11,42
FR_200608_043,,,43,"IMPROVED OIL RECOVERY PROJECT, GELEKI",,,PETROLEUM,2006-08,2001-09,,390.09,,834.9,444.81,,284.19,2007-03,,2007-03,0.0,,,6,6,,,,MonthlyFR_aug_2006.pdf,Sector-Wise analysis of projects,11,43
FR_200608_044,,,44,"DAHEJ-HAZIRA-URAN GAS PIPELINE, MULTISTATE",,,PETROLEUM,2006-08,2002-12,,1416.0,,1521.23,105.23,,206.65,2005-07,,2007-03,20.0,,,5,10,,,,MonthlyFR_aug_2006.pdf,Sector-Wise analysis of projects,12,44
FR_200608_045,,,45,CLEAN FUELS PROJECT VIZAG REFINERY MODERNISATION,,,PETROLEUM,2006-08,2003-04,,1635.0,,2147.79,512.79,,830.78,2006-05,,2007-03,10.0,,,5,45,,,,MonthlyFR_aug_2006.pdf,Sector-Wise analysis of projects,12,45
FR_200608_046,,,46,ADDITIONAL DEVELOPMENT OF A-1 LAYER,,,PETROLEUM,2006-08,2005-04,,910.53,,406.44,-504.09,,100.51,2006-12,,2007-04,4.0,,,0,0,,,,MonthlyFR_aug_2006.pdf,Sector-Wise analysis of projects,12,46
FR_200608_047,,,47,"ADDITIONAL DEVELOPMENT HEERA, PART-II",,,PETROLEUM,2006-08,2005-01,,569.07,,323.02,-246.05,,68.98,2007-04,,2007-04,0.0,,,0,0,,,,MonthlyFR_aug_2006.pdf,Sector-Wise analysis of projects,12,47
FR_200608_048,,,48,MDPL PROJECT(HPCL),HPCL,,PETROLEUM,2006-08,2004-04,,1623.84,,1623.84,0.0,,694.48,2007-08,,2007-05,-3.0,,,2,10,,,,MonthlyFR_aug_2006.pdf,Sector-Wise analysis of projects,12,48
FR_200608_049,,,49,"DEVELOPMENT OF SB-11, BASSEIN FIELD",,,PETROLEUM,2006-08,2005-03,,245.33,,140.04,-105.29,,43.89,2007-05,,2007-05,0.0,,,0,0,,,,MonthlyFR_aug_2006.pdf,Sector-Wise analysis of projects,12,49
FR_200608_050,,,50,CRUDE OIL RECEIPT FACLITIES (KOCHI REFINERIES LTD) (BPCL),BPCL,,PETROLEUM,2006-08,2004-03,,622.82,,821.0,198.18,,147.06,2007-05,,2007-05,0.0,,,0,0,,,,MonthlyFR_aug_2006.pdf,Sector-Wise analysis of projects,12,50
FR_200608_051,,,51,KOYALI-RATLAM PRODUCT PIPLINE,,,PETROLEUM,2006-08,2004-12,,224.69,,224.69,0.0,,54.02,2006-12,,2007-06,6.0,,,0,0,,,,MonthlyFR_aug_2006.pdf,Sector-Wise analysis of projects,12,51
FR_200608_052,,,52,DABHOL-PANVEL PIPELINE PROJECT,,,PETROLEUM,2006-08,2006-01,,1143.54,,1326.52,182.98,,0.44,2007-07,,2007-11,4.0,,4.0,0,0,,,,MonthlyFR_aug_2006.pdf,Sector-Wise analysis of projects,12,52
FR_200608_053,,,53,ADDITIONAL DEVELOPMENT OF BASIN FIELD AND 2nd STAGE BOOSTER,,,PETROLEUM,2006-08,2004-03,,1770.69,,2937.01,1166.32,,248.9,2008-01,,2008-02,1.0,,,0,0,,,,MonthlyFR_aug_2006.pdf,Sector-Wise analysis of projects,12,53
FR_200608_054,,,54,AUGMENTATION OF MUNDRA-PANIPAT LINE,,,PETROLEUM,2006-08,2005-06,,205.0,,205.0,0.0,,0.04,2008-03,,2008-03,0.0,,,0,0,,,,MonthlyFR_aug_2006.pdf,Sector-Wise analysis of projects,12,54
FR_200608_055,,,55,EXPANSION OF PANIPAT REFINERY 15 MMTPA,,,PETROLEUM,2006-08,2005-06,,806.0,,806.0,0.0,,9.0,2008-03,,2008-03,0.0,,,0,0,,,,MonthlyFR_aug_2006.pdf,Sector-Wise analysis of projects,12,55
FR_200608_056,,,56,"DEVELOPMENT OF BASSEIN (VASAI) EAST, WESTERN OFFSHORE",,,PETROLEUM,2006-08,2003-04,,985.17,,1688.38,703.21,,57.14,2006-03,,2008-04,25.0,,,0,0,,,,MonthlyFR_aug_2006.pdf,Sector-Wise analysis of projects,12,56
FR_200608_057,,,57,C2-C3 & LPG RECOVERY FROM LNG AT DAHEJ,,,PETROLEUM,2006-08,2003-12,,900.92,,1493.49,592.57,,20.72,2006-06,,2008-05,23.0,,,0,0,,,,MonthlyFR_aug_2006.pdf,Sector-Wise analysis of projects,12,57
FR_200608_058,,,58,MUMBAI HIGH SOUTH DEVELOPMENT (ONGCL),ONGCL,,PETROLEUM,2006-08,2001-10,,5255.97,,6579.25,1323.28,,5401.16,2007-07,,2008-12,17.0,,,11,11,,,,MonthlyFR_aug_2006.pdf,Sector-Wise analysis of projects,12,58
FR_200608_059,,,59,INST. OF FACILITIES FOR IMPROVEMENT IN DIESEL QUALITY (IOCL),,,PETROLEUM,2006-08,2005-11,,1876.0,,1876.0,0.0,,28.0,2009-04,,2009-04,0.0,,,0,0,,,,MonthlyFR_aug_2006.pdf,Sector-Wise analysis of projects,12,59
FR_200608_060,,,60,PANIPAT-NAPHTA CRACKER PROJECT,,,PETROLEUM,2006-08,2006-04,,12138.0,,12138.0,0.0,,392.0,2009-09,,2009-09,0.0,,,0,0,,,,MonthlyFR_aug_2006.pdf,Sector-Wise analysis of projects,12,60
FR_200608_061,,,61,DIESEL HYDROGEN TREATMENT PROJECT BONGAIGAON,,,PETROLEUM,2006-08,2006-05,,1431.91,,1431.91,0.0,,17.1,2009-09,,2009-10,1.0,,,0,0,,,,MonthlyFR_aug_2006.pdf,Sector-Wise analysis of projects,12,61
FR_200608_062,,,62,"IMPROVED OIL RECOVERY PROJECT, RUDRASAGAR",,,PETROLEUM,2006-08,2001-09,,113.9,,219.22,105.32,,103.13,2006-03,,,,,,6,6,,,,MonthlyFR_aug_2006.pdf,Sector-Wise analysis of projects,13,62
FR_200608_063,,,63,SYSTEM STRENGTHENING IN NORTHERN REGION (P.GRID),P.GRID,,POWER,2006-08,2003-02,,143.29,,143.29,0.0,,379.59,2006-08,,2006-09,1.0,,1.0,14,22,,,,MonthlyFR_aug_2006.pdf,Sector-Wise analysis of projects,13,63
FR_200608_064,,,64,FG UNCHAHAR TPP STAGE- III (1X210MW)(NTPC),NTPC,,POWER,2006-08,2004-03,,939.28,,939.28,0.0,,682.58,2006-09,,2006-09,0.0,,,23,26,,,,MonthlyFR_aug_2006.pdf,Sector-Wise analysis of projects,13,64
FR_200608_065,,,65,DULHASTI COMBINED TR.SYSTEM(P.GRID),P.GRID,,POWER,2006-08,2002-07,,567.05,,465.01,-102.04,,449.66,2006-07,,2006-10,3.0,,2.0,11,18,,,,MonthlyFR_aug_2006.pdf,Sector-Wise analysis of projects,13,65
FR_200608_066,,,66,SYSTEM STRENGTHENING IN EASTERN REGION (P.GRID),P.GRID,,POWER,2006-08,2003-02,,247.91,,247.91,0.0,,379.59,2006-05,,2006-12,7.0,,,13,22,,,,MonthlyFR_aug_2006.pdf,Sector-Wise analysis of projects,13,66
FR_200608_067,,,67,NORHEN REGION SYSTEM STRENGTHENINGSCHEME-II (435 CKM),,,POWER,2006-08,2004-01,,247.78,,247.78,0.0,,204.25,2006-12,,2006-12,0.0,,,9,23,,,,MonthlyFR_aug_2006.pdf,Sector-Wise analysis of projects,13,67
FR_200608_068,,,68,TRANSMISSION SYSTEM ASSOCIATED WITH TALA HYDRO ELECTRIC PROJ,,,POWER,2006-08,2003-06,,1980.7,,2483.88,503.18,,583.5,2006-06,,2006-12,6.0,,6.0,25,37,,,,MonthlyFR_aug_2006.pdf,Sector-Wise analysis of projects,13,68
FR_200608_069,,,69,SIPAT TRANSMISSION SYSTEM STAGE-I (3x660 MW) (2104 CKM),,,POWER,2006-08,2003-12,,1454.79,,1672.98,218.19,,1070.57,2007-02,,2007-02,0.0,,,6,23,,,,MonthlyFR_aug_2006.pdf,Sector-Wise analysis of projects,13,69
FR_200608_070,,,70,TEHRI DAM & H.P.P.(THDCL),,,POWER,2006-08,1994-03,,2963.66,,6672.88,3709.22,,7905.13,1999-03,,2007-02,95.0,,4.0,16,17,,,,MonthlyFR_aug_2006.pdf,Sector-Wise analysis of projects,13,70
FR_200608_071,,,71,VINDHYACHAL-KORBA (P.GRID),P.GRID,,POWER,2006-08,2004-02,,164.02,,164.02,0.0,,149.09,2007-02,,2007-02,0.0,,,1,11,,,,MonthlyFR_aug_2006.pdf,Sector-Wise analysis of projects,13,71
FR_200608_072,,,72,DULHASTI HYDROELECTRIC PROJECT(NHPC),NHPC,,POWER,2006-08,1982-11,1989-07,183.45,3559.77,4982.62,4799.17,1422.85,4815.64,1990-11,2001-03,2007-02,195.0,71.0,3.0,7,9,,,,MonthlyFR_aug_2006.pdf,Sector-Wise analysis of projects,13,72
FR_200608_073,,,73,NORTHERN REGION SYSTEM STRENGTHENING SCHEME-I (336 CKM),,,POWER,2006-08,2004-01,,271.8,,271.8,0.0,,197.65,2006-07,,2007-03,8.0,,,1,13,,,,MonthlyFR_aug_2006.pdf,Sector-Wise analysis of projects,13,73
FR_200608_074,,,74,SYSTEM STRENGTHENING - III OF SOUTHERN REGION (PGCIL),,,POWER,2006-08,2004-10,,284.79,,284.79,0.0,,120.04,2007-04,,2007-04,0.0,,,2,7,,,,MonthlyFR_aug_2006.pdf,Sector-Wise analysis of projects,13,74
FR_200608_075,,,75,"KAHALGAON STPP STAGE-II, 3x500 MW",,,POWER,2006-08,2004-05,,5868.31,,5868.37,0.06,,2630.87,2007-05,,2007-05,0.0,,,39,57,,,,MonthlyFR_aug_2006.pdf,Sector-Wise analysis of projects,13,75
FR_200608_076,,,76,UPGR. OF TRANSFER CAPACITY OF TALCHER KOLAR HVDC BIPO(PGCIL),,,POWER,2006-08,2005-07,,118.33,,118.33,0.0,,,2008-04,,2007-06,-10.0,,,0,0,,,,MonthlyFR_aug_2006.pdf,Sector-Wise analysis of projects,13,76
FR_200608_077,,,77,TEESTA HYDRO ELECTRIC PROJECT STAGE-V 3x170 MW,,,POWER,2006-08,2000-02,,2198.04,,2198.04,0.0,,1945.88,2007-02,,2007-07,5.0,,5.0,21,41,,,,MonthlyFR_aug_2006.pdf,Sector-Wise analysis of projects,13,77
FR_200608_078,,,78,VINDHYACHAL STAGE -III TRANSMISSION SYSTEM,,,POWER,2006-08,2004-07,,596.47,,,0.0,,487.44,2007-07,,,0.0,,,0,11,,,,MonthlyFR_aug_2006.pdf,Sector-Wise analysis of projects,13,78
FR_200608_079,,,79,KAHALGAON-II(PHASE-I) TRANSMISSION SYSTEM (PGCIL),,,POWER,2006-08,2004-10,,1771.93,,1771.93,0.0,,1564.87,2007-10,,2007-07,-3.0,,,0,19,,,,MonthlyFR_aug_2006.pdf,Sector-Wise analysis of projects,14,79
FR_200608_080,,,80,VINDHYACHAL STPP ST.-III (NTPC),NTPC,,POWER,2006-08,2003-02,,4125.0,,4201.5,76.5,,2719.48,2007-08,,2007-08,0.0,,,34,40,,,,MonthlyFR_aug_2006.pdf,Sector-Wise analysis of projects,14,80
FR_200608_081,,,81,SIPAT STAGE-II TRANSMISSION SYSTEM (2x500 MW) (680 CKM),,,POWER,2006-08,2004-08,,601.9,,601.9,0.0,,387.98,2007-08,,2007-08,0.0,,,1,13,,,,MonthlyFR_aug_2006.pdf,Sector-Wise analysis of projects,14,81
FR_200608_082,,,82,SEWA-II HYDRO ELECTRIC PROJECT 3x40 MW,,,POWER,2006-08,2003-09,,665.46,,665.46,0.0,,341.71,2007-09,,2007-09,0.0,,,8,36,,,,MonthlyFR_aug_2006.pdf,Sector-Wise analysis of projects,14,82
FR_200608_083,,,83,KAHALGOAN STAGE-II (PHASE-II) TRANSMISSION SYSTEM (816 CKM),,,POWER,2006-08,2005-01,,464.02,,464.02,0.0,,103.74,2007-10,,2007-10,0.0,,,0,18,,,,MonthlyFR_aug_2006.pdf,Sector-Wise analysis of projects,14,83
FR_200608_084,,,84,"NEYVELI TS-II TRANSIMISSION SYSTEM, 838 CKM",,,POWER,2006-08,2005-01,,691.83,,691.83,0.0,,60.28,2007-12,,2007-12,0.0,,,3,20,,,,MonthlyFR_aug_2006.pdf,Sector-Wise analysis of projects,14,84
FR_200608_085,,,85,KAIGA 3&4 TRANSMISSION SYSTEM (759 CKM),,,POWER,2006-08,2005-03,,596.45,,596.45,0.0,,60.19,2007-12,,2007-12,0.0,,,1,18,,,,MonthlyFR_aug_2006.pdf,Sector-Wise analysis of projects,14,85
FR_200608_086,,,86,WESTERN REGION SYSTEM STRENGTHENING SCHEME - 1(PR. GR.),,,POWER,2006-08,2004-08,,199.21,,199.21,0.0,,35.23,2007-11,,2007-12,1.0,,,2,19,,,,MonthlyFR_aug_2006.pdf,Sector-Wise analysis of projects,14,86
FR_200608_087,,,87,"SIPAT STPP STAGE-II, 2x500 MW",,,POWER,2006-08,2003-11,,4039.67,,4039.67,0.0,,1738.29,2007-12,,2007-12,0.0,,,26,40,,,,MonthlyFR_aug_2006.pdf,Sector-Wise analysis of projects,14,87
FR_200608_088,,,88,SYSTEM STRENGTHENING SCHEME-VI OF SOUTHERN REGION (156 CKM),,,POWER,2006-08,2005-03,,113.73,,113.73,0.0,,7.72,2007-12,,2007-12,0.0,,,2,20,,,,MonthlyFR_aug_2006.pdf,Sector-Wise analysis of projects,14,88
FR_200608_089,,,89,NORTHERN REGION SYSTEM STRENGTHING SCHEME-III (180 CKM),,,POWER,2006-08,2004-07,,230.52,,230.52,0.0,,85.05,2008-03,,2008-03,0.0,,,2,14,,,,MonthlyFR_aug_2006.pdf,Sector-Wise analysis of projects,14,89
FR_200608_090,,,90,SYSTEM STRENGTHENING- VII OF SOUTHERN REGION (248 CKM),,,POWER,2006-08,2005-05,,279.3,,279.3,0.0,,0.21,2009-07,,2008-03,-16.0,,,0,0,,,,MonthlyFR_aug_2006.pdf,Sector-Wise analysis of projects,14,90
FR_200608_091,,,91,RAPP 5&6 TRANSMISSION SYSTEM (448 CKM),,,POWER,2006-08,2005-06,,499.45,,499.45,0.0,,108.55,2008-03,,2008-03,0.0,,,2,18,,,,MonthlyFR_aug_2006.pdf,Sector-Wise analysis of projects,14,91
FR_200608_092,,,92,BINA-NAGDA TRANSMISSION SYSTEM (P.GR.),,,POWER,2006-08,2004-07,,266.93,,266.93,0.0,,81.39,2008-03,,2008-03,0.0,,,1,14,,,,MonthlyFR_aug_2006.pdf,Sector-Wise analysis of projects,14,92
FR_200608_093,,,93,"KOTESHWAR HYDRO ELECTRIC PROJECT, 4x100 MW",,,POWER,2006-08,2000-04,,1301.56,,1301.56,0.0,,393.69,2005-04,,2008-04,36.0,,,0,0,,,,MonthlyFR_aug_2006.pdf,Sector-Wise analysis of projects,14,93
FR_200608_094,,,94,TRANSMISSION SYSTEM - TEESTA-V HEP(3*170) (P.GRID),P.GRID,,POWER,2006-08,2004-12,,208.75,,208.75,0.0,,76.06,2008-05,,2008-05,0.0,,,9,23,,,,MonthlyFR_aug_2006.pdf,Sector-Wise analysis of projects,14,94
FR_200608_095,,,95,SIPAT-II SUPPLEMENTARY TRANSMISSION SYSTEM (1167 CKM),,,POWER,2006-08,2005-06,,813.67,,813.67,0.0,,2.24,2008-06,,2008-06,0.0,,,0,22,,,,MonthlyFR_aug_2006.pdf,Sector-Wise analysis of projects,14,95
FR_200608_096,,,96,TESSTA LOW DAM HYDRO ELECTRIC PROJECT STAGE-,,,POWER,2006-08,2003-10,,768.92,,,0.0,,282.96,2007-03,,,15.0,,,1,25,,,,MonthlyFR_aug_2006.pdf,Sector-Wise analysis of projects,14,96
FR_200608_097,,,97,KOTESWAR TRANSMISSION SYSTEM (PGCIL),,,POWER,2006-08,2006-06,,260.34,,260.34,0.0,,1.64,2008-06,,2008-06,0.0,,,0,20,,,,MonthlyFR_aug_2006.pdf,Sector-Wise analysis of projects,15,97
FR_200608_098,,,98,SYSTEM STRENGTENING SCHEME IN ROORKEE AREA (PGCIL),,,POWER,2006-08,2005-12,,109.95,,109.95,0.0,,,2009-05,,2008-06,-11.0,,,0,0,,,,MonthlyFR_aug_2006.pdf,Sector-Wise analysis of projects,15,98
FR_200608_099,,,99,KOLDAM - HEP TRANSMISSION SYSTEM (396 CKM),,,POWER,2006-08,2005-09,,464.91,,464.91,0.0,,1.75,2008-09,,2008-09,0.0,,,0,22,,,,MonthlyFR_aug_2006.pdf,Sector-Wise analysis of projects,15,99
FR_200608_100,,,100,KUNADANKULAM-APP TRANSMISSION SYSTEM (1838 CKM),,,POWER,2006-08,2005-05,,1779.29,,1779.29,0.0,,118.19,2008-11,,2008-11,0.0,,,2,38,,,,MonthlyFR_aug_2006.pdf,Sector-Wise analysis of projects,15,100
FR_200608_101,,,101,TRANSMISSION SYSTEM ASSOCIATED WITH PARBATI = II HEP,,,POWER,2006-08,2005-12,,358.42,,358.42,0.0,,2.78,2008-12,,2008-12,0.0,,,0,15,,,,MonthlyFR_aug_2006.pdf,Sector-Wise analysis of projects,15,101
FR_200608_102,,,102,PARBATI HYDRO ELECTRIC PROJECT STAGE-II 4x200 MW,,,POWER,2006-08,2002-09,,3919.59,,3919.59,0.0,,1527.99,2009-09,,2008-12,-9.0,,,1,20,,,,MonthlyFR_aug_2006.pdf,Sector-Wise analysis of projects,15,102
FR_200608_103,,,103,TRANSMISSION SYSTEM ASSOCIATED WITH NORTH- WEST TRANS.(PGCIL),,,POWER,2006-08,2006-01,,483.1,,483.1,0.0,,,2009-01,,2009-01,0.0,,,0,0,,,,MonthlyFR_aug_2006.pdf,Sector-Wise analysis of projects,15,103
FR_200608_104,,,104,TUIRIAL HYDRO ELECTRIC PROJECT (2x30MW),,,POWER,2006-08,1998-07,,368.72,,686.95,318.23,,245.29,2006-07,,2009-03,32.0,,,2,5,,,,MonthlyFR_aug_2006.pdf,Sector-Wise analysis of projects,15,104
FR_200608_105,,,105,"KOLDAM HYDRO ELECTRIC PROJECT, 4x200 MW",,,POWER,2006-08,2002-10,,4527.15,,4527.15,0.0,,1339.39,2009-04,,2009-04,0.0,,,12,41,,,,MonthlyFR_aug_2006.pdf,Sector-Wise analysis of projects,15,105
FR_200608_106,,,106,EAST-WEST TRANSNISSION CORRIDOR STRENGTHNING SCHEME,,,POWER,2006-08,2006-06,,803.7,,803.7,0.0,,,2009-06,,2009-06,0.0,,,0,0,,,,MonthlyFR_aug_2006.pdf,Sector-Wise analysis of projects,15,106
FR_200608_107,,,107,TEESTA LOW DAM HYDRO ELECTRIC PROJECT STAGE- IV 4x40 MW,,,POWER,2006-08,2005-09,,1061.38,,1061.38,0.0,,60.86,2009-09,,2009-09,0.0,,,0,0,,,,MonthlyFR_aug_2006.pdf,Sector-Wise analysis of projects,15,107
FR_200608_108,,,108,EASTERN REGION STRENGTHENING SCHEME-I (1142 CKM),,,POWER,2006-08,2004-10,,975.96,,975.96,0.0,,,2009-10,,2009-09,-1.0,,,0,0,,,,MonthlyFR_aug_2006.pdf,Sector-Wise analysis of projects,15,108
FR_200608_109,,,109,TRANSMISSION SY. ASSOCIATED WITH BARH GENER. PROJECT(P.GR.),,,POWER,2006-08,2005-12,,3779.46,,3779.46,0.0,,21.96,2009-09,,2009-09,0.0,,,0,30,,,,MonthlyFR_aug_2006.pdf,Sector-Wise analysis of projects,15,109
FR_200608_110,,,110,URI H.E.P STAGE -II (NHPC),NHPC,,POWER,2006-08,2005-08,,1729.29,,1724.79,-4.5,,60.29,2009-11,,2009-11,0.0,,,0,0,,,,MonthlyFR_aug_2006.pdf,Sector-Wise analysis of projects,15,110
FR_200608_111,,,111,"SIPAT STPP STAGE -I, 3x660 MW",,,POWER,2006-08,2003-12,,8323.39,,8323.39,0.0,,2388.9,2009-12,,2009-12,0.0,,,26,56,,,,MonthlyFR_aug_2006.pdf,Sector-Wise analysis of projects,15,111
FR_200608_112,,,112,"TEHRI PUMPED STORAGE PLANT, 4x250 MW",,,POWER,2006-08,2006-07,,1657.0,,1657.6,0.6,,,2010-07,,2010-07,0.0,,,0,0,,,,MonthlyFR_aug_2006.pdf,Sector-Wise analysis of projects,15,112
FR_200608_113,,,113,CHAMERA HYDRO ELECTRIC PROJECT STAGE-III 231 MW,,,POWER,2006-08,2005-08,,1405.63,,1405.63,0.0,,128.59,2010-08,,2010-08,0.0,,,0,0,,,,MonthlyFR_aug_2006.pdf,Sector-Wise analysis of projects,15,113
FR_200608_114,,,114,"NIMOO BAZGO HYDRO ELECTRIC PROJECT, 3x15 MW",,,POWER,2006-08,2006-08,,611.01,,,0.0,,20.32,2010-08,,,0.0,,,0,0,,,,MonthlyFR_aug_2006.pdf,Sector-Wise analysis of projects,15,114
FR_200608_115,,,115,LOWER SUBANSIRI HYDRO ELECTRIC PROJECT 8x250 MW,,,POWER,2006-08,2003-09,,6285.33,,6285.33,0.0,,1232.65,2010-09,,2010-09,0.0,,,0,11,,,,MonthlyFR_aug_2006.pdf,Sector-Wise analysis of projects,16,115
FR_200608_116,,,116,PARBATI HYDRO ELECTRIC PROJECT STAGE -III 4x130 MW,,,POWER,2006-08,2005-10,,2304.56,,2304.56,0.0,,99.27,2010-10,,2010-11,1.0,,,0,0,,,,MonthlyFR_aug_2006.pdf,Sector-Wise analysis of projects,16,116
FR_200608_117,,,117,"BARH STPP, 3x660 MW",,,POWER,2006-08,2003-12,,8692.97,,8692.97,0.0,,834.35,2010-11,,2010-11,0.0,,,10,51,,,,MonthlyFR_aug_2006.pdf,Sector-Wise analysis of projects,16,117
FR_200608_118,,,118,"CHUTAK HYDRO ELECTRIC PROJECT 4X11 MW, KARGIL",,,POWER,2006-08,2006-08,,621.26,,621.26,0.0,,16.06,2011-02,,2011-02,0.0,,,0,0,,,,MonthlyFR_aug_2006.pdf,Sector-Wise analysis of projects,16,118
FR_200608_119,,,119,KAMENG HYDRO ELECTRIC PROJECT 4x150 MW,,,POWER,2006-08,2004-12,,2496.9,,2496.9,0.0,,392.01,2009-12,,2011-08,20.0,,,0,107,,,,MonthlyFR_aug_2006.pdf,Sector-Wise analysis of projects,16,119
FR_200608_120,,,120,"LOHARINAG PALA HYDRO ELECTRIC PROJECT, 4x150 MW",,,POWER,2006-08,2006-06,,2895.1,,2895.1,0.0,,111.46,2011-11,,2011-11,0.0,,,2,34,,,,MonthlyFR_aug_2006.pdf,Sector-Wise analysis of projects,16,120
FR_200608_121,,,121,LOKTAK DOWNSTREAM HYDRO ELECTRIC PROJECT 3x30/2x33 MW,,,POWER,2006-08,1999-12,,578.62,,578.62,0.0,,28.33,2006-06,,,,,,0,0,,,,MonthlyFR_aug_2006.pdf,Sector-Wise analysis of projects,16,121
FR_200608_122,,,122,NORTH-EAST INDIRA GANDHI REGIONAL INSTITUTE OF H & MS,,,HEALTH & FW,2006-08,1986-05,2001-02,71.18,422.6,422.6,351.42,0.0,269.97,1999-03,2005-03,2006-11,92.0,20.0,4.0,7,16,,,,MonthlyFR_aug_2006.pdf,Sector-Wise analysis of projects,16,122
FR_200608_123,,,123,ADILABAD-MUDKHED GC(SCR),SCR,,RAILWAYS,2006-08,1996-08,,117.97,,284.64,166.67,,253.43,,,2006-11,2.0,,2.0,0,0,,,,MonthlyFR_aug_2006.pdf,Sector-Wise analysis of projects,16,123
FR_200608_124,,,124,FREIGHT OPERATIONS INFORMATION SYSTEM,,,RAILWAYS,2006-08,1984-03,1989-11,520.0,422.79,422.79,-97.21,0.0,372.71,1995-03,,2006-12,141.0,,,0,0,,,,MonthlyFR_aug_2006.pdf,Sector-Wise analysis of projects,16,124
FR_200608_125,,,125,TIRUMALAI - VELLACHERI EXTN. OF MRTS (MTP),MTP,,RAILWAYS,2006-08,1996-04,,605.7,,733.39,127.69,,647.74,2002-03,,2006-12,57.0,,,0,0,,,,MonthlyFR_aug_2006.pdf,Sector-Wise analysis of projects,16,125
FR_200608_126,,,126,PEDAPALLI-KARIMNAGAR- NIZAMABAD (NL),,,RAILWAYS,2006-08,1994-12,,124.43,407.78,517.63,393.2,109.85,149.9,,,2007-02,,,,0,0,,,,MonthlyFR_aug_2006.pdf,Sector-Wise analysis of projects,16,126
FR_200608_127,,,127,SAMASTIPUR-KHAGARIA,,,RAILWAYS,2006-08,1996-04,,122.45,,122.45,0.0,,104.34,,,2007-03,,,,0,0,,,,MonthlyFR_aug_2006.pdf,Sector-Wise analysis of projects,16,127
FR_200608_128,,,128,KODERMA-GIRDHI,,,RAILWAYS,2006-08,1996-04,,371.36,,371.36,0.0,,111.66,,,2007-03,,,,0,0,,,,MonthlyFR_aug_2006.pdf,Sector-Wise analysis of projects,16,128
FR_200608_129,,,129,"NIMACH-RATLAM(GC),WR",,,RAILWAYS,2006-08,1993-04,,65.0,,171.73,106.73,,128.83,1996-03,,2007-03,132.0,,,0,0,,,,MonthlyFR_aug_2006.pdf,Sector-Wise analysis of projects,16,129
FR_200608_130,,,130,KUMARGHAT-AGARTALA,,,RAILWAYS,2006-08,1996-04,,575.0,,879.99,304.99,,527.66,2007-03,,2007-03,0.0,,,0,0,,,,MonthlyFR_aug_2006.pdf,Sector-Wise analysis of projects,17,130
FR_200608_131,,,131,MUZAFFARPUR-SITAMARHI,,,RAILWAYS,2006-08,1997-03,,100.0,,210.79,110.79,,76.77,,,2007-03,,,,0,0,,,,MonthlyFR_aug_2006.pdf,Sector-Wise analysis of projects,17,131
FR_200608_132,,,132,HOWRAH-AMTA- CHAMPADANGA,,,RAILWAYS,2006-08,1974-04,2001-07,31.42,154.3,154.3,122.88,0.0,82.47,2007-03,,2007-03,0.0,,,0,0,,,,MonthlyFR_aug_2006.pdf,Sector-Wise analysis of projects,17,132
FR_200608_133,,,133,ARA-SASARAM,,,RAILWAYS,2006-08,1997-07,,120.0,,189.14,69.14,,142.79,2006-03,,2007-03,12.0,,,0,0,,,,MonthlyFR_aug_2006.pdf,Sector-Wise analysis of projects,17,133
FR_200608_134,,,134,MANDERHILL-DUMKA- RAMPURHAT,,,RAILWAYS,2006-08,1995-04,,184.0,,254.07,70.07,,101.03,,,2007-03,,,,0,0,,,,MonthlyFR_aug_2006.pdf,Sector-Wise analysis of projects,17,134
FR_200608_135,,,135,HOSPET-GUNTAKAL LINE DOUBLING,,,RAILWAYS,2006-08,1996-03,,105.22,,268.08,162.86,,197.0,1999-12,,2007-03,87.0,,,0,0,,,,MonthlyFR_aug_2006.pdf,Sector-Wise analysis of projects,17,135
FR_200608_136,,,136,"BORIVILI-VIRAR QUADRUPLING,WR (MTP)",MTP,,RAILWAYS,2006-08,1995-04,,325.47,,504.22,178.75,,328.27,2004-03,2000-06,2007-03,36.0,81.0,,0,0,,,,MonthlyFR_aug_2006.pdf,Sector-Wise analysis of projects,17,136
FR_200608_137,,,137,AMBALA-MORADABAD,,,RAILWAYS,2006-08,1993-03,,152.21,157.76,246.46,94.25,88.7,228.09,1998-03,,2007-03,108.0,,,0,0,,,,MonthlyFR_aug_2006.pdf,Sector-Wise analysis of projects,17,137
FR_200608_138,,,138,KHARAGPUR - BHUBANESWAR(RE) INCL. ADRA-MIDNAPORE(RE) (RVNL),RVNL,,RAILWAYS,2006-08,1995-03,,258.58,,371.01,112.43,,336.0,2000-03,,2007-03,84.0,,,0,0,,,,MonthlyFR_aug_2006.pdf,Sector-Wise analysis of projects,17,138
FR_200608_139,,,139,THANE-TURBHE-NERUL- VASHI,,,RAILWAYS,2006-08,1992-05,,403.39,,403.39,0.0,,372.62,2000-03,,2007-03,84.0,,,0,0,,,,MonthlyFR_aug_2006.pdf,Sector-Wise analysis of projects,17,139
FR_200608_140,,,140,EKLAKHI-BALURGHAT INCLUDING GAZOLE- ITAHAR,,,RAILWAYS,2006-08,1986-01,1994-04,36.8,274.41,282.74,245.94,8.33,215.13,,,2007-03,,,,0,0,,,,MonthlyFR_aug_2006.pdf,Sector-Wise analysis of projects,17,140
FR_200608_141,,,141,AMRAVATI-NARKHER NEW LINE PROJECT,,,RAILWAYS,2006-08,1994-06,1996-07,120.9,175.3,284.27,163.37,108.97,152.59,1999-06,,2007-03,93.0,,,0,0,,,,MonthlyFR_aug_2006.pdf,Sector-Wise analysis of projects,17,141
FR_200608_142,,,142,JAYANAGAR-DARBHANGA- NARKATIAGANJ,,,RAILWAYS,2006-08,1997-04,,233.0,335.77,329.17,96.17,-6.6,87.97,,,2007-03,,,,0,0,,,,MonthlyFR_aug_2006.pdf,Sector-Wise analysis of projects,17,142
FR_200608_143,,,143,"GANDHIDHAM- PALANPUR(GC),WR (RVNL)",RVNL,,RAILWAYS,2006-08,1998-04,,318.0,344.63,550.0,232.0,205.37,415.0,,,2007-03,,,,0,0,,,,MonthlyFR_aug_2006.pdf,Sector-Wise analysis of projects,17,143
FR_200608_144,,,144,DELHI-REWARI (GC) (NWR)(RVNL),RVNL,,RAILWAYS,2006-08,1995-04,,42.27,,159.23,116.96,,84.2,2007-03,,2007-03,0.0,,,0,0,,,,MonthlyFR_aug_2006.pdf,Sector-Wise analysis of projects,17,144
FR_200608_145,,,145,KATPADI-PAKALA- TIRUPATI(GC)ELECTRIFICAT. AS PART OF GC (SCR),SCR,,RAILWAYS,2006-08,1992-04,,130.0,,210.01,80.01,,173.41,2007-03,,2007-03,0.0,,,0,0,,,,MonthlyFR_aug_2006.pdf,Sector-Wise analysis of projects,17,145
FR_200608_146,,,146,GUNA-ETAWAH via SHIVPURI-GWALIOR-BHIND,,,RAILWAYS,2006-08,1985-04,2001-01,158.77,274.56,432.46,273.69,157.9,393.17,1994-03,,2007-06,159.0,,,0,0,,,,MonthlyFR_aug_2006.pdf,Sector-Wise analysis of projects,17,146
FR_200608_147,,,147,TOLLYGANJ-GARIA,,,RAILWAYS,2006-08,2000-03,,907.69,,907.69,0.0,,478.76,2006-12,,2007-06,6.0,,,0,0,,,,MonthlyFR_aug_2006.pdf,Sector-Wise analysis of projects,17,147
FR_200608_148,,,148,2ND BRIDGE ON BIRUPA & MAHANADI,,,RAILWAYS,2006-08,1997-04,,93.1,109.45,122.0,28.9,12.55,63.3,,,2007-07,,,,0,0,,,,MonthlyFR_aug_2006.pdf,Sector-Wise analysis of projects,18,148
FR_200608_149,,,149,HAPUR-KANKATHER,,,RAILWAYS,2006-08,2003-04,,106.64,106.64,106.64,0.0,0.0,44.36,2007-03,,2007-12,9.0,,9.0,0,0,,,,MonthlyFR_aug_2006.pdf,Sector-Wise analysis of projects,18,149
FR_200608_150,,,150,RAJGIR-TILAIYA,,,RAILWAYS,2006-08,2001-04,,180.82,180.82,180.82,0.0,0.0,142.43,2006-03,,2007-12,21.0,,,0,0,,,,MonthlyFR_aug_2006.pdf,Sector-Wise analysis of projects,18,150
FR_200608_151,,,151,JALANDHAR-PATHANKOT- JAMMU TAWI,,,RAILWAYS,2006-08,2002-03,,409.0,408.76,461.23,52.23,52.47,330.97,2007-06,,2007-12,6.0,,,0,0,,,,MonthlyFR_aug_2006.pdf,Sector-Wise analysis of projects,18,151
FR_200608_152,,,152,KHURDA ROAD-BOLANGIR,,,RAILWAYS,2006-08,1994-04,,355.38,,1000.0,644.62,,43.98,,,2007-12,,,,0,0,,,,MonthlyFR_aug_2006.pdf,Sector-Wise analysis of projects,18,152
FR_200608_153,,,153,RAICHUR-GUNTAKAL,,,RAILWAYS,2006-08,2003-04,,136.62,,137.0,0.38,,19.0,2007-12,,2007-12,0.0,,,0,0,,,,MonthlyFR_aug_2006.pdf,Sector-Wise analysis of projects,18,153
FR_200608_154,,,154,PRATAPNAGAR-CHOTA UDAIPUR,,,RAILWAYS,2006-08,2005-04,,148.61,,227.52,78.91,,4.43,2008-03,,2008-02,-1.0,,,0,0,,,,MonthlyFR_aug_2006.pdf,Sector-Wise analysis of projects,18,154
FR_200608_155,,,155,NANGALDAM-TALWARA NEW LINE PROJECT,,,RAILWAYS,2006-08,1981-03,1985-05,37.68,,300.0,262.32,,113.79,,,2008-03,,,,0,0,,,,MonthlyFR_aug_2006.pdf,Sector-Wise analysis of projects,18,155
FR_200608_156,,,156,DEOGHAR-DUMKA NEW BROAD GAUGE LINE,,,RAILWAYS,2006-08,1999-02,,180.73,,180.73,0.0,,110.39,2006-12,,2008-03,15.0,,,0,0,,,,MonthlyFR_aug_2006.pdf,Sector-Wise analysis of projects,18,156
FR_200608_157,,,157,BELAPUR-SEAWOOD-URAN ELECTRIFIED DOUBLE LINE,,,RAILWAYS,2006-08,1996-03,1997-07,401.81,,495.44,93.63,,89.0,2004-03,,2008-03,48.0,,,0,0,,,,MonthlyFR_aug_2006.pdf,Sector-Wise analysis of projects,18,157
FR_200608_158,,,158,AJMER-PHULERA-RINGUS- REWARI,,,RAILWAYS,2006-08,2005-04,,352.0,,352.0,0.0,,132.0,2008-03,,2008-03,0.0,,,0,0,,,,MonthlyFR_aug_2006.pdf,Sector-Wise analysis of projects,18,158
FR_200608_159,,,159,NEW JALPAIGURI - SILIGURI - NEW BONGAIGAON,,,RAILWAYS,2006-08,1998-11,,536.85,,890.83,353.98,,792.14,2003-03,,2008-03,60.0,,,0,0,,,,MonthlyFR_aug_2006.pdf,Sector-Wise analysis of projects,18,159
FR_200608_160,,,160,KATIHAR-JOGBANI,,,RAILWAYS,2006-08,2001-09,,100.0,,492.98,392.98,,328.62,,,2008-03,,,,0,0,,,,MonthlyFR_aug_2006.pdf,Sector-Wise analysis of projects,18,160
FR_200608_161,,,161,MACHERLA-NALGONDA,,,RAILWAYS,2006-08,1998-07,,125.0,,243.17,118.17,,0.27,2008-07,,2008-07,0.0,,,0,0,,,,MonthlyFR_aug_2006.pdf,Sector-Wise analysis of projects,18,161
FR_200608_162,,,162,CHANDIGARH-LUDHIANA,,,RAILWAYS,2006-08,1997-07,,248.44,,577.03,328.59,,232.02,,,2008-09,,,,0,0,,,,MonthlyFR_aug_2006.pdf,Sector-Wise analysis of projects,18,162
FR_200608_163,,,163,UDHAMPUR-SRINAGAR- BARAMULLA,,,RAILWAYS,2006-08,1995-03,,2500.0,,9000.0,6500.0,,3255.03,2001-03,,2008-09,90.0,,,0,0,,,,MonthlyFR_aug_2006.pdf,Sector-Wise analysis of projects,18,163
FR_200608_164,,,164,RAJATGARH-BARANG,,,RAILWAYS,2006-08,1999-04,,166.16,,247.0,80.84,,36.4,,,2008-12,,,,0,0,,,,MonthlyFR_aug_2006.pdf,Sector-Wise analysis of projects,18,164
FR_200608_165,,,165,Conversion of 1500 V DC Traction System to 25 KV AC Traction,,,RAILWAYS,2006-08,1996-07,1998-08,273.67,654.51,648.76,375.09,-5.75,187.34,,,2008-12,,,,0,0,,,,MonthlyFR_aug_2006.pdf,Sector-Wise analysis of projects,18,165
FR_200608_166,,,166,LANJHIGARH ROAD- JUNAGARH,,,RAILWAYS,2006-08,1993-04,,100.0,119.29,119.29,19.29,0.0,26.45,2002-03,,2008-12,81.0,,,0,0,,,,MonthlyFR_aug_2006.pdf,Sector-Wise analysis of projects,19,166
FR_200608_167,,,167,HARIDASPUR-PARADEEP,,,RAILWAYS,2006-08,1996-04,,301.64,,456.0,154.36,,47.9,,,2008-12,,,,0,0,,,,MonthlyFR_aug_2006.pdf,Sector-Wise analysis of projects,19,167
FR_200608_168,,,168,PALWAL-BHUTESWAR 3rd LINE,,,RAILWAYS,2006-08,2005-04,,240.0,,330.0,90.0,,0.68,2009-03,,2009-03,0.0,,,0,0,,,,MonthlyFR_aug_2006.pdf,Sector-Wise analysis of projects,19,168
FR_200608_169,,,169,RANCHI-LOHARDAGA EXTENSION TO TORI,,,RAILWAYS,2006-08,1997-04,,193.78,,324.0,130.22,,207.04,2004-06,,2009-03,57.0,,,0,0,,,,MonthlyFR_aug_2006.pdf,Sector-Wise analysis of projects,19,169
FR_200608_170,,,170,BILASPUR-URKURA,,,RAILWAYS,2006-08,1997-04,,151.52,,264.51,112.99,,139.0,,,2009-03,,,,0,0,,,,MonthlyFR_aug_2006.pdf,Sector-Wise analysis of projects,19,170
FR_200608_171,,,171,GOOTY-RENIGUNTA PATCH DOUBLING PHASE-II,,,RAILWAYS,2006-08,2002-05,,304.5,,374.28,69.78,,38.56,,,2009-03,,,,0,0,,,,MonthlyFR_aug_2006.pdf,Sector-Wise analysis of projects,19,171
FR_200608_172,,,172,"BRAHAMAPUTRA BRIDGE AT BOGIBIL WITH LINK LINES,NEFR",,,RAILWAYS,2006-08,1996-04,,1000.0,,1767.0,767.0,,540.98,2008-04,,2009-03,11.0,,,0,0,,,,MonthlyFR_aug_2006.pdf,Sector-Wise analysis of projects,19,172
FR_200608_173,,,173,ALIGARH-GAZIABAD 3rd LINE,,,RAILWAYS,2006-08,2003-04,,230.73,,416.0,185.27,,30.0,2009-03,,2009-03,0.0,,,0,0,,,,MonthlyFR_aug_2006.pdf,Sector-Wise analysis of projects,19,173
FR_200608_174,,,174,CUTTACK-BARANG,,,RAILWAYS,2006-08,1995-04,,127.13,,141.0,13.87,,25.4,,,2009-03,,,,0,0,,,,MonthlyFR_aug_2006.pdf,Sector-Wise analysis of projects,19,174
FR_200608_175,,,175,KHURDA ROAD-BARANG 3rd LINE,,,RAILWAYS,2006-08,2000-04,,133.41,,209.0,75.59,,0.63,,,2009-03,,,,0,0,,,,MonthlyFR_aug_2006.pdf,Sector-Wise analysis of projects,19,175
FR_200608_176,,,176,LUMDING-SILCHAR- MIGRENDISA-DITOKCHERRA,,,RAILWAYS,2006-08,1996-04,2002-05,648.0,1401.01,1496.42,848.42,95.41,586.98,2009-03,,2009-03,0.0,,,0,0,,,,MonthlyFR_aug_2006.pdf,Sector-Wise analysis of projects,19,176
FR_200608_177,,,177,PATNA GANGA BRIDGE,,,RAILWAYS,2006-08,2001-04,,624.47,,624.47,0.0,,250.03,2007-10,,2009-12,26.0,,6.0,0,0,,,,MonthlyFR_aug_2006.pdf,Sector-Wise analysis of projects,19,177
FR_200608_178,,,178,"RAIL-CUM-ROAD BRIDGE AT MUNGER (NL), ECR",,,RAILWAYS,2006-08,2002-04,,921.0,,921.0,0.0,,143.42,2009-03,,2009-12,9.0,,9.0,0,0,,,,MonthlyFR_aug_2006.pdf,Sector-Wise analysis of projects,19,178
FR_200608_179,,,179,JIRIBAM TO IMPHAL,,,RAILWAYS,2006-08,2003-04,,727.56,,727.56,0.0,,3.32,2011-03,,2011-03,0.0,,,0,0,,,,MonthlyFR_aug_2006.pdf,Sector-Wise analysis of projects,19,179
FR_200608_180,,,180,SUKINDA ROAD-ANGUL (RVNL),RVNL,,RAILWAYS,2006-08,1998-04,,183.23,,391.0,207.77,,,2015-02,,2015-02,0.0,,,0,0,,,,MonthlyFR_aug_2006.pdf,Sector-Wise analysis of projects,19,180
FR_200608_181,,,181,KOTTUR-HARIHAR,,,RAILWAYS,2006-08,1995-04,,65.94,,124.13,58.19,,28.44,,,,,,,0,0,,,,MonthlyFR_aug_2006.pdf,Sector-Wise analysis of projects,19,181
FR_200608_182,,,182,HAJIPUR-SUGAULI via VAISHALI,,,RAILWAYS,2006-08,2003-04,,324.66,,324.66,0.0,,8.12,,,,,,,0,0,,,,MonthlyFR_aug_2006.pdf,Sector-Wise analysis of projects,19,182
FR_200608_183,,,183,EXTN. OF MRTS-II FROM VELACHERY TO ST.THOMAS MOUNT,,,RAILWAYS,2006-08,2006-04,,415.59,,415.59,0.0,,,,,,,,,0,0,,,,MonthlyFR_aug_2006.pdf,Sector-Wise analysis of projects,19,183
FR_200608_184,,,184,DAITARI-KEONJHAR- BANSPANI NEW LINE(ECOR) (RVNL),RVNL,,RAILWAYS,2006-08,1993-03,2000-11,242.5,537.74,910.0,667.5,372.26,714.0,1997-12,,,,,,0,0,,,,MonthlyFR_aug_2006.pdf,Sector-Wise analysis of projects,20,184
FR_200608_185,,,185,VIRAMGAM-BHILDI,,,RAILWAYS,2006-08,1990-04,,155.66,,119.75,-35.91,,99.52,,,,,,,0,0,,,,MonthlyFR_aug_2006.pdf,Sector-Wise analysis of projects,20,185
FR_200608_186,,,186,KOSI BRIDGE,,,RAILWAYS,2006-08,2002-04,,323.41,,323.41,0.0,,6.22,,,,,,,0,0,,,,MonthlyFR_aug_2006.pdf,Sector-Wise analysis of projects,20,186
FR_200608_187,,,187,CALICUT-MANGALORE DOUBLING,,,RAILWAYS,2006-08,1996-02,,240.0,,572.51,332.51,,515.76,,,,,,,0,0,,,,MonthlyFR_aug_2006.pdf,Sector-Wise analysis of projects,20,187
FR_200608_188,,,188,KODERMA-TILAIYA,,,RAILWAYS,2006-08,2002-04,,459.91,,459.91,0.0,,28.07,,,,,,,0,0,,,,MonthlyFR_aug_2006.pdf,Sector-Wise analysis of projects,20,188
FR_200608_189,,,189,SURENDRANAGAR- BHAVANAGAR,,,RAILWAYS,2006-08,1997-03,,437.4,,528.49,91.09,,447.61,2004-03,,,,,,0,0,,,,MonthlyFR_aug_2006.pdf,Sector-Wise analysis of projects,20,189
FR_200608_190,,,190,DALLIRAJHARA-JAGDALPUR,,,RAILWAYS,2006-08,1995-04,,369.0,,216.38,-152.62,,0.43,,,,,,,0,0,,,,MonthlyFR_aug_2006.pdf,Sector-Wise analysis of projects,20,190
FR_200608_191,,,191,RAJKOT-VERAVAL SOMNATH SECTION MATERIAL TO WANSJALIYA,,,RAILWAYS,2006-08,1992-04,,112.53,320.66,374.34,261.81,53.68,252.87,1996-03,,,,,,0,0,,,,MonthlyFR_aug_2006.pdf,Sector-Wise analysis of projects,20,191
FR_200608_192,,,192,REWARI-ROHTAK,,,RAILWAYS,2006-08,2004-01,,149.38,,194.83,45.45,,9.54,2010-02,,,,,,0,0,,,,MonthlyFR_aug_2006.pdf,Sector-Wise analysis of projects,20,192
FR_200608_193,,,193,JIND-SONEPAT,,,RAILWAYS,2006-08,2004-01,,190.81,,190.81,0.0,,0.39,,,,,,,0,0,,,,MonthlyFR_aug_2006.pdf,Sector-Wise analysis of projects,20,193
FR_200608_194,,,194,BIHARSHARIFF-BARBIGHA,,,RAILWAYS,2006-08,2001-04,,103.86,,103.86,0.0,,8.21,,,,,,,0,0,,,,MonthlyFR_aug_2006.pdf,Sector-Wise analysis of projects,20,194
FR_200608_195,,,195,DANIAWAN-BIHARSHARIF,,,RAILWAYS,2006-08,2001-04,,104.79,,104.79,0.0,,40.29,,,,,,,0,0,,,,MonthlyFR_aug_2006.pdf,Sector-Wise analysis of projects,20,195
FR_200608_196,,,196,AJMER - UDAIPUR - CHITTORGARH,,,RAILWAYS,2006-08,1996-09,2002-01,262.0,433.39,456.0,194.0,22.61,296.87,,2000-03,,,,,0,0,,,,MonthlyFR_aug_2006.pdf,Sector-Wise analysis of projects,20,196
FR_200608_197,,,197,SURAT-KOSAMBA,,,RAILWAYS,2006-08,2000-04,,133.0,,133.0,0.0,,,,,,,,,0,0,,,,MonthlyFR_aug_2006.pdf,Sector-Wise analysis of projects,20,197
FR_200608_198,,,198,SRIGANGANAGAR- SARUPSAR,,,RAILWAYS,2006-08,1997-04,,143.92,,170.59,26.67,,2.48,,,,,,,0,0,,,,MonthlyFR_aug_2006.pdf,Sector-Wise analysis of projects,20,198
FR_200608_199,,,199,RAMGANJMUNDI-BHOPAL,,,RAILWAYS,2006-08,2001-04,,727.13,727.13,726.05,-1.08,-1.08,43.9,,,,,,,0,0,,,,MonthlyFR_aug_2006.pdf,Sector-Wise analysis of projects,20,199
FR_200608_200,,,200,HASSAN-BANGALORE (VIA SHRAVANABELAGOLA),,,RAILWAYS,2006-08,1997-02,,295.0,,412.91,117.91,,201.36,,,,,,,0,0,,,,MonthlyFR_aug_2006.pdf,Sector-Wise analysis of projects,20,200
FR_200608_201,,,201,GONDIA-JABALPUR (SECR),SECR,,RAILWAYS,2006-08,1997-02,,356.0,,511.86,155.86,,167.2,1998-03,,,,,,0,0,,,,MonthlyFR_aug_2006.pdf,Sector-Wise analysis of projects,20,201
FR_200608_202,,,202,KARUR-SALEM via NAMAKKAL,,,RAILWAYS,2006-08,1997-02,,155.55,,229.88,74.33,,93.32,,,,,,,0,0,,,,MonthlyFR_aug_2006.pdf,Sector-Wise analysis of projects,21,202
FR_200608_203,,,203,HUBLI-ANKOLA(NL),,,RAILWAYS,2006-08,1995-04,,227.0,,997.58,770.58,,68.84,,,,,,,0,0,,,,MonthlyFR_aug_2006.pdf,Sector-Wise analysis of projects,21,203
FR_200608_204,,,204,MUNEERABAD- MAHABOOBNAGAR,,,RAILWAYS,2006-08,1996-04,,377.32,236.41,497.47,120.15,261.06,33.69,,,,,,,0,0,,,,MonthlyFR_aug_2006.pdf,Sector-Wise analysis of projects,21,204
FR_200608_205,,,205,KANPUR-KASGANJ- MATHURA,,,RAILWAYS,2006-08,1997-03,,395.0,598.98,661.72,266.72,62.74,301.28,,,,,,,0,0,,,,MonthlyFR_aug_2006.pdf,Sector-Wise analysis of projects,21,205
FR_200608_206,,,206,RANGIA-MURKONGSELEK,,,RAILWAYS,2006-08,2004-01,,912.7,915.7,912.7,0.0,-3.0,23.84,,,,,,,0,0,,,,MonthlyFR_aug_2006.pdf,Sector-Wise analysis of projects,21,206
FR_200608_207,,,207,MAHARAJGANJ-MASRAKH,,,RAILWAYS,2006-08,2003-04,,104.1,,113.75,9.65,,0.24,,,,,,,0,0,,,,MonthlyFR_aug_2006.pdf,Sector-Wise analysis of projects,21,207
FR_200608_208,,,208,ELECTRIFICATION OF ERNAKULAM-TRIVANDRUM (RE),,,RAILWAYS,2006-08,2001-05,,162.03,,196.15,34.12,,161.6,2003-08,,,,,,0,0,,,,MonthlyFR_aug_2006.pdf,Sector-Wise analysis of projects,21,208
FR_200608_209,,,209,TIRUCHIRAPPALI-NAGORE- KARAIKKAL WITH EXTENSION NAGAPATTINAM,,,RAILWAYS,2006-08,1995-09,,100.0,,172.69,72.69,,175.03,,,,,,,0,0,,,,MonthlyFR_aug_2006.pdf,Sector-Wise analysis of projects,21,209
FR_200608_210,,,210,QUILON-TIRUNELVELI- TIRUCHENDUR AND TENKASI-VIRUDHUNAGAR,,,RAILWAYS,2006-08,1998-03,,280.0,,462.61,182.61,,230.45,,,,,,,0,0,,,,MonthlyFR_aug_2006.pdf,Sector-Wise analysis of projects,21,210
FR_200608_211,,,211,KOTIPALLI-NARASAPUR,,,RAILWAYS,2006-08,2001-12,,330.0,,695.0,365.0,,9.39,,,,,,,0,0,,,,MonthlyFR_aug_2006.pdf,Sector-Wise analysis of projects,21,211
FR_200608_212,,,212,DEOGHAR-SULTANGUNJ,,,RAILWAYS,2006-08,2000-04,,138.0,,373.44,235.44,,88.71,,,,,,,0,0,,,,MonthlyFR_aug_2006.pdf,Sector-Wise analysis of projects,21,212
FR_200608_213,,,213,KICHHA-KHATIMA,,,RAILWAYS,2006-08,2003-04,,165.67,,165.67,0.0,,0.14,,,,,,,0,0,,,,MonthlyFR_aug_2006.pdf,Sector-Wise analysis of projects,21,213
FR_200608_214,,,214,REINGUNTA-GUNTAKAL (RVNL),RVNL,,RAILWAYS,2006-08,2000-06,,168.34,,183.0,14.66,,48.1,2003-04,,,,,,0,0,,,,MonthlyFR_aug_2006.pdf,Sector-Wise analysis of projects,21,214
FR_200608_215,,,215,"MAYNAGURI TO JOGIGHOPA VIA CHANGRA (NL),NEFR",,,RAILWAYS,2006-08,2000-02,,733.0,,894.38,161.38,,120.76,2008-12,,,,,,0,0,,,,MonthlyFR_aug_2006.pdf,Sector-Wise analysis of projects,21,215
FR_200608_216,,,216,GADWAL-RAICHUR,,,RAILWAYS,2006-08,1998-04,,92.63,,108.91,16.28,,28.38,,,,,,,0,0,,,,MonthlyFR_aug_2006.pdf,Sector-Wise analysis of projects,21,216
FR_200608_217,,,217,BARAMATI - LONAND,,,RAILWAYS,2006-08,1998-03,,75.0,,138.48,63.48,,18.49,,,,,,,0,0,,,,MonthlyFR_aug_2006.pdf,Sector-Wise analysis of projects,21,217
FR_200608_218,,,218,BANKURA-DAMODAR,,,RAILWAYS,2006-08,1998-03,,111.9,,325.17,213.27,,129.13,2005-03,,,,,,0,0,,,,MonthlyFR_aug_2006.pdf,Sector-Wise analysis of projects,21,218
FR_200608_219,,,219,"ETAWAH-MAINPURI (NL),NCR",,,RAILWAYS,2006-08,2001-09,,129.7,,129.7,0.0,,37.01,2008-12,,,,,,0,0,,,,MonthlyFR_aug_2006.pdf,Sector-Wise analysis of projects,21,219
FR_200608_220,,,220,HATHUA-BHATNI,,,RAILWAYS,2006-08,2005-04,,200.73,,230.03,29.3,,14.64,,,,,,,0,0,,,,MonthlyFR_aug_2006.pdf,Sector-Wise analysis of projects,22,220
FR_200608_221,,,221,TARAKESWAR-BISHNUPUR,,,RAILWAYS,2006-08,2000-04,,157.96,,276.0,118.04,,43.22,,,,,,,0,0,,,,MonthlyFR_aug_2006.pdf,Sector-Wise analysis of projects,22,221
FR_200608_222,,,222,BANGALORE- SATYAMANGALAM,,,RAILWAYS,2006-08,1999-02,,138.0,,225.0,87.0,,28.25,,,,,,,0,0,,,,MonthlyFR_aug_2006.pdf,Sector-Wise analysis of projects,22,222
FR_200608_223,,,223,TITLAGARH-LANJIGARH (DL) ECoR,,,RAILWAYS,2006-08,1997-04,,66.61,,134.74,68.13,,113.98,,,,,,,0,0,,,,MonthlyFR_aug_2006.pdf,Sector-Wise analysis of projects,22,223
FR_200608_224,,,224,LALITPUR-SATNA-REWA- SINGRULI,,,RAILWAYS,2006-08,1998-09,,925.0,,925.0,0.0,,111.17,2008-05,,,,,,0,0,,,,MonthlyFR_aug_2006.pdf,Sector-Wise analysis of projects,22,224
FR_200608_225,,,225,"GODHRA-INDORE-DEWAS- MAKSI(WR),NL",WR,,RAILWAYS,2006-08,1989-04,,297.15,,1005.16,708.01,,58.48,,1996-12,,,,,0,0,,,,MonthlyFR_aug_2006.pdf,Sector-Wise analysis of projects,22,225
FR_200608_226,,,226,TANUR (KUTTIPURAM)- GURUVAYUR,,,RAILWAYS,2006-08,1995-04,,40.0,,137.71,97.71,,7.21,,,,,,,0,0,,,,MonthlyFR_aug_2006.pdf,Sector-Wise analysis of projects,22,226
FR_200608_227,,,227,KODERMA-RANCHI VIA HAZARIBAGH AND BARKAKHANA,,,RAILWAYS,2006-08,1999-03,,491.19,,1033.0,541.81,,309.71,2005-07,,,,,,0,0,,,,MonthlyFR_aug_2006.pdf,Sector-Wise analysis of projects,22,227
FR_200608_228,,,228,MADURAI- RAMESWARAM(GC).SR,,,RAILWAYS,2006-08,1998-07,,193.18,,243.0,49.82,,165.01,2006-07,,,,,,0,0,,,,MonthlyFR_aug_2006.pdf,Sector-Wise analysis of projects,22,228
FR_200608_229,,,229,NANDYAL-YERRAGUNTLA,,,RAILWAYS,2006-08,1997-03,,155.74,164.36,170.85,15.11,6.49,35.52,2009-02,,,,,,0,0,,,,MonthlyFR_aug_2006.pdf,Sector-Wise analysis of projects,22,229
FR_200608_230,,,230,DLW GM 4000/3000 HP DIESEL LOCOS,,,RAILWAYS,2006-08,1999-04,,155.54,,141.22,-14.32,,86.33,2003-03,,,,,,0,0,,,,MonthlyFR_aug_2006.pdf,Sector-Wise analysis of projects,22,230
FR_200608_231,,,231,AGRA-ETAWAH NEW LINE via BAD,,,RAILWAYS,2006-08,1999-04,,108.0,,214.09,106.09,,64.96,2009-12,,,,,,0,0,,,,MonthlyFR_aug_2006.pdf,Sector-Wise analysis of projects,22,231
FR_200608_232,,,232,DAUSA-GANGAPUR CITY,,,RAILWAYS,2006-08,1997-02,,151.84,,208.83,56.99,,22.71,,,,,,,0,0,,,,MonthlyFR_aug_2006.pdf,Sector-Wise analysis of projects,22,232
FR_200608_233,,,233,DHARMAVARAM-PAKALA,,,RAILWAYS,2006-08,1997-04,,200.0,294.99,294.99,94.99,0.0,7.99,,,,,,,0,0,,,,MonthlyFR_aug_2006.pdf,Sector-Wise analysis of projects,22,233
FR_200608_234,,,234,AHMEDNAGAR-BEED-PARLI- VAIJNATH,,,RAILWAYS,2006-08,1997-02,,353.08,,462.67,109.59,,15.16,,,,,,,0,0,,,,MonthlyFR_aug_2006.pdf,Sector-Wise analysis of projects,22,234
FR_200608_235,,,235,CUDDLORE - SALEM VIA VRIDHACHALAM (GC) (SR) (RVNL),RVNL,,RAILWAYS,2006-08,1999-04,,198.68,,261.0,62.32,,161.19,,,,,,,0,0,,,,MonthlyFR_aug_2006.pdf,Sector-Wise analysis of projects,22,235
FR_200608_236,,,236,ANGAMALI-SABARIMALA,,,RAILWAYS,2006-08,1998-10,,550.0,,550.0,0.0,,6.37,,,,,,,0,0,,,,MonthlyFR_aug_2006.pdf,Sector-Wise analysis of projects,22,236
FR_200608_237,,,237,TAHANJAVUR-VILLUPURAM,,,RAILWAYS,2006-08,2001-10,,223.0,,276.0,53.0,,101.28,,,,,,,0,0,,,,MonthlyFR_aug_2006.pdf,Sector-Wise analysis of projects,22,237
FR_200608_238,,,238,KUTTIPURAM-CALICUT- SHORANUR,,,RAILWAYS,2006-08,2001-03,,178.76,177.34,188.13,9.37,10.79,162.53,,,,,,,0,0,,,,MonthlyFR_aug_2006.pdf,Sector-Wise analysis of projects,23,238
FR_200608_239,,,239,TRICHY MANAMADURAI,,,RAILWAYS,2006-08,2000-02,,175.0,,213.14,38.14,,107.0,,,,,,,0,0,,,,MonthlyFR_aug_2006.pdf,Sector-Wise analysis of projects,23,239
FR_200608_240,,,240,VILLUPURAM-KATPADI,,,RAILWAYS,2006-08,2000-02,,175.0,,231.24,56.24,,42.13,,,,,,,0,0,,,,MonthlyFR_aug_2006.pdf,Sector-Wise analysis of projects,23,240
FR_200608_241,,,241,PURNA-AKOLA,,,RAILWAYS,2006-08,2000-02,,228.0,,259.51,31.51,,74.17,,,,,,,0,0,,,,MonthlyFR_aug_2006.pdf,Sector-Wise analysis of projects,23,241
FR_200608_242,,,242,BIDAR-GULBARGA,,,RAILWAYS,2006-08,1999-02,,242.42,369.7,369.7,127.28,0.0,41.25,,,,,,,0,0,,,,MonthlyFR_aug_2006.pdf,Sector-Wise analysis of projects,23,242
FR_200608_243,,,243,GONDA-GORAKHPUR LOOP WITH ANANDNAGAR- NAUTANWA,,,RAILWAYS,2006-08,2002-03,,383.15,,381.17,-1.98,,56.63,,,,,,,0,0,,,,MonthlyFR_aug_2006.pdf,Sector-Wise analysis of projects,23,243
FR_200608_244,,,244,KAPTANGANJ-THAWE- SIWAN-CHHAPRA,,,RAILWAYS,2006-08,2001-09,,320.1,,320.1,0.0,,84.78,,,,,,,0,0,,,,MonthlyFR_aug_2006.pdf,Sector-Wise analysis of projects,23,244
FR_200608_245,,,245,KHAGARIA-KUSHESHWAR ASTHAN,,,RAILWAYS,2006-08,1997-03,,78.23,,162.87,84.64,,30.58,,,,,,,0,0,,,,MonthlyFR_aug_2006.pdf,Sector-Wise analysis of projects,23,245
FR_200608_246,,,246,KOLAYAT-PHALODY (NL) NWR,,,RAILWAYS,2006-08,2002-04,,163.93,,171.14,7.21,,152.55,,,,,,,0,0,,,,MonthlyFR_aug_2006.pdf,Sector-Wise analysis of projects,23,246
FR_200608_247,,,247,HOTGI-GADAG-SOLAPUR (via Hotgi),,,RAILWAYS,2006-08,1994-04,,180.0,,318.66,138.66,,299.33,1999-03,2003-03,,,,,0,0,,,,MonthlyFR_aug_2006.pdf,Sector-Wise analysis of projects,23,247
FR_200608_248,,,248,KOLKATA CIRCULAR RAILWAY (MTP),MTP,,RAILWAYS,2006-08,1999-03,,358.77,242.4,303.74,-55.03,61.34,154.83,2004-12,,,,,,0,0,,,,MonthlyFR_aug_2006.pdf,Sector-Wise analysis of projects,23,248
FR_200608_249,,,249,BHATNI-JIRADEI,,,RAILWAYS,2006-08,2006-04,,100.27,,100.27,0.0,,,,,,,,,0,0,,,,MonthlyFR_aug_2006.pdf,Sector-Wise analysis of projects,23,249
FR_200608_250,,,250,MIRAJ-LATUR ROAD,,,RAILWAYS,2006-08,1993-04,2002-04,225.0,323.0,515.57,290.57,192.57,344.76,2001-03,,,,,,0,0,,,,MonthlyFR_aug_2006.pdf,Sector-Wise analysis of projects,23,250
FR_200608_251,,,251,MANOHARABAD- KOTAPALLI,,,RAILWAYS,2006-08,2006-04,,378.56,,378.56,0.0,,,,,,,,,0,0,,,,MonthlyFR_aug_2006.pdf,Sector-Wise analysis of projects,23,251
FR_200608_252,,,252,MUNDERWA-BABHNAN,,,RAILWAYS,2006-08,2006-04,,102.1,,102.1,0.0,,,,,,,,,0,0,,,,MonthlyFR_aug_2006.pdf,Sector-Wise analysis of projects,23,252
FR_200608_253,,,253,REWARI-SADULPUR-HISSAR,,,RAILWAYS,2006-08,1997-04,,198.96,,364.19,165.23,,2.66,,,,,,,0,0,,,,MonthlyFR_aug_2006.pdf,Sector-Wise analysis of projects,23,253
FR_200608_254,,,254,BARBIGHA-SHEIKHPURA- NEORA-DANIAWAN,,,RAILWAYS,2006-08,2002-04,,120.23,,120.23,0.0,,20.24,,,,,,,0,0,,,,MonthlyFR_aug_2006.pdf,Sector-Wise analysis of projects,23,254
FR_200608_255,,,255,MANSI-PURNIA (Material Modification of Mansi-Saharsa),,,RAILWAYS,2006-08,1996-04,,114.01,283.95,283.95,169.94,0.0,129.41,,,,,,,0,0,,,,MonthlyFR_aug_2006.pdf,Sector-Wise analysis of projects,23,255
FR_200608_256,,,256,BHILDI-SAMDARI,,,RAILWAYS,2006-08,1999-04,,244.74,,290.0,45.26,,10.26,,,,,,,0,0,,,,MonthlyFR_aug_2006.pdf,Sector-Wise analysis of projects,24,256
FR_200608_257,,,257,KADUR-CHIKMAGLUR- SAKLESHPUR,,,RAILWAYS,2006-08,1996-04,,157.0,,283.34,126.34,,47.34,,,,,,,0,0,,,,MonthlyFR_aug_2006.pdf,Sector-Wise analysis of projects,24,257
FR_200608_258,,,258,KURLA-BHANDUP 5th & 6th LINE PHASE-I,,,RAILWAYS,2006-08,1995-04,,49.84,,102.9,53.06,,85.53,2002-03,,,,,,0,0,,,,MonthlyFR_aug_2006.pdf,Sector-Wise analysis of projects,24,258
FR_200608_259,,,259,"RAIL COACH FACTORY,KAPURTHALA PH - II (NR)",NR,,RAILWAYS,2006-08,1985-08,1989-02,180.0,314.57,463.68,283.68,149.11,456.21,1992-03,,,,,,0,0,,,,MonthlyFR_aug_2006.pdf,Sector-Wise analysis of projects,24,259
FR_200608_260,,,260,RUPSA-BANGRIPOSI,,,RAILWAYS,2006-08,1996-02,,57.94,,137.57,79.63,,58.32,1998-03,,,,,,0,0,,,,MonthlyFR_aug_2006.pdf,Sector-Wise analysis of projects,24,260
FR_200608_261,,,261,CHHINDWARA-NAGPUR,,,RAILWAYS,2006-08,2005-04,,383.79,,383.79,0.0,,1.22,,,,,,,0,0,,,,MonthlyFR_aug_2006.pdf,Sector-Wise analysis of projects,24,261
FR_200608_262,,,262,TALCHER-BIMALAGARH,,,RAILWAYS,2006-08,2005-04,,726.96,,809.58,82.62,,0.41,,,,,,,0,0,,,,MonthlyFR_aug_2006.pdf,Sector-Wise analysis of projects,24,262
FR_200608_263,,,263,GUNTUR-GUNTAKAL- KOLLURU-DHARMAVARAM,,,RAILWAYS,2006-08,1992-04,,458.45,,508.42,49.97,,470.56,,,,,,,0,0,,,,MonthlyFR_aug_2006.pdf,Sector-Wise analysis of projects,24,263
FR_200608_264,,,264,SIKANDARA-BHAUNTI (GQ) KM.393-KM.470 (NH-2),,,ROAD TRANSPORT & HIGHWAYS,2006-08,2000-04,,323.62,,323.62,0.0,,302.24,2004-08,,2006-09,25.0,,,0,0,,,,MonthlyFR_aug_2006.pdf,Sector-Wise analysis of projects,24,264
FR_200608_265,,,265,BELGAUM-DHARWAD (GQ) KM.495-KM.433 (NH-4),,,ROAD TRANSPORT & HIGHWAYS,2006-08,2000-04,,279.0,,279.0,0.0,,300.87,2004-02,,2006-09,31.0,,,0,0,,,,MonthlyFR_aug_2006.pdf,Sector-Wise analysis of projects,24,265
FR_200608_266,,,266,KANCHIPURAM- POONAMALEE (GQ) KM.70.2- KM.13.8 (NH-4),,,ROAD TRANSPORT & HIGHWAYS,2006-08,2000-04,,211.0,,211.0,0.0,,218.98,2003-12,,2006-09,33.0,,,0,0,,,,MonthlyFR_aug_2006.pdf,Sector-Wise analysis of projects,24,266
FR_200608_267,,,267,"HANDIA-VARANASI, KM.245- KM.317, NH-2 (U.P.)",,,ROAD TRANSPORT & HIGHWAYS,2006-08,2000-04,,286.0,,286.0,0.0,,283.65,2004-07,,2006-09,26.0,,,0,0,,,,MonthlyFR_aug_2006.pdf,Sector-Wise analysis of projects,24,267
FR_200608_268,,,268,"KANYAKUMARI-PANAGUDI, Km.233.6-Km.203, NH-7 (TAMIL NADU)",,,ROAD TRANSPORT & HIGHWAYS,2006-08,2003-12,,120.0,,120.0,0.0,,32.01,2006-09,,2006-09,0.0,,,0,0,,,,MonthlyFR_aug_2006.pdf,Sector-Wise analysis of projects,24,268
FR_200608_269,,,269,"CHITRADURGA-SIRA, KM.189-KM.122.3, NH-4 (KARNATAKA)",,,ROAD TRANSPORT & HIGHWAYS,2006-08,2000-04,,304.0,,304.0,0.0,,292.71,2004-08,,2006-10,26.0,,1.0,0,0,,,,MonthlyFR_aug_2006.pdf,Sector-Wise analysis of projects,24,269
FR_200608_270,,,270,"HUBLI-HAVERI KM.404- KM.340, NH-4 (KARNATAKA)",,,ROAD TRANSPORT & HIGHWAYS,2006-08,2000-04,,260.93,,260.93,0.0,,213.56,2003-12,,2006-11,35.0,,,0,0,,,,MonthlyFR_aug_2006.pdf,Sector-Wise analysis of projects,24,270
FR_200608_271,,,271,"KANPUR-FATEHPUR, KM.470- KM.483, NH-2 (U.P.)",,,ROAD TRANSPORT & HIGHWAYS,2006-08,2000-04,,495.35,,495.35,0.0,,505.09,2005-03,,2006-12,21.0,,,0,0,,,,MonthlyFR_aug_2006.pdf,Sector-Wise analysis of projects,24,271
FR_200608_272,,,272,"ETAWAH-RAJPUR, KM.321.1- KM.393, NH-2 (U.P.)",,,ROAD TRANSPORT & HIGHWAYS,2006-08,2000-04,,348.44,,,0.0,,296.52,2005-03,,,21.0,,,0,0,,,,MonthlyFR_aug_2006.pdf,Sector-Wise analysis of projects,24,272
FR_200608_273,,,273,"HAVERI-HARIHAR, KM.340- KM.284, NH-4 (KARNATAKA)",,,ROAD TRANSPORT & HIGHWAYS,2006-08,2000-04,,241.0,,241.0,0.0,,192.93,2004-08,,2006-12,28.0,,,0,0,,,,MonthlyFR_aug_2006.pdf,Sector-Wise analysis of projects,25,273
FR_200608_274,,,274,DHANKUNI-KOLAGHAT (GQ) KM.17.6-KM.72 (NH-6),,,ROAD TRANSPORT & HIGHWAYS,2006-08,2000-04,,393.0,,393.0,0.0,,515.77,2004-03,,2006-12,33.0,,,0,0,,,,MonthlyFR_aug_2006.pdf,Sector-Wise analysis of projects,25,274
FR_200608_275,,,275,"BHUBANESWAR-KHURDA, KM.388-KM.418, NH-5 (ORISSA)",,,ROAD TRANSPORT & HIGHWAYS,2006-08,2000-04,,140.85,,140.85,0.0,,125.42,2004-01,,2006-12,35.0,,,0,0,,,,MonthlyFR_aug_2006.pdf,Sector-Wise analysis of projects,25,275
FR_200608_276,,,276,"BRIDGES BALASORE- CHANDIKHOLE, KM.61- KM.199, NH-5 (ORISSA)",,,ROAD TRANSPORT & HIGHWAYS,2006-08,2000-04,,155.0,,155.0,0.0,,135.74,2004-05,,2006-12,31.0,,,0,0,,,,MonthlyFR_aug_2006.pdf,Sector-Wise analysis of projects,25,276
FR_200608_277,,,277,"CHITRADURGA BY PASS, KM.207-KM.189 (NH-4)",,,ROAD TRANSPORT & HIGHWAYS,2006-08,2000-04,,104.0,,104.0,0.0,,71.33,2004-08,,2006-12,28.0,,,0,0,,,,MonthlyFR_aug_2006.pdf,Sector-Wise analysis of projects,25,277
FR_200608_278,,,278,"VARANASI-MOHANIA, KM.317-KM.329, NH-2 (U.P.)",,,ROAD TRANSPORT & HIGHWAYS,2006-08,2000-04,,467.93,,467.93,0.0,,421.55,2005-03,,2006-12,21.0,,,0,0,,,,MonthlyFR_aug_2006.pdf,Sector-Wise analysis of projects,25,278
FR_200608_279,,,279,"SASARAM-DEHRI-ON-SONE, KM.110-KM.140, NH-2 (BIHAR)",,,ROAD TRANSPORT & HIGHWAYS,2006-08,2000-04,,221.87,,221.87,0.0,,187.12,2005-03,,2006-12,21.0,,,0,0,,,,MonthlyFR_aug_2006.pdf,Sector-Wise analysis of projects,25,279
FR_200608_280,,,280,AURANGABAD- BARACHATTI (GQ) KM.180- KM.240 (NH-2),,,ROAD TRANSPORT & HIGHWAYS,2006-08,2000-04,,320.42,,320.42,0.0,,289.95,2005-03,,2006-12,21.0,,,0,0,,,,MonthlyFR_aug_2006.pdf,Sector-Wise analysis of projects,25,280
FR_200608_281,,,281,"BARACHATTI-GORHAR (GQ) KM.240-KM.320, NH-2",,,ROAD TRANSPORT & HIGHWAYS,2006-08,2000-04,,452.71,,452.71,0.0,,453.36,2005-03,,2006-12,21.0,,,0,0,,,,MonthlyFR_aug_2006.pdf,Sector-Wise analysis of projects,25,281
FR_200608_282,,,282,"GORHAR-BARWA ADDA, KM.320-KM.398.75, NH-2 (JHARKHAND)",,,ROAD TRANSPORT & HIGHWAYS,2006-08,2000-04,,399.75,,399.75,0.0,,289.57,2005-03,,2006-12,21.0,,,0,0,,,,MonthlyFR_aug_2006.pdf,Sector-Wise analysis of projects,25,282
FR_200608_283,,,283,"KUNJWANI-VIJAYPUR, KM.80-KM.97, NH-1A (JAMMU & KASHMIR)",,,ROAD TRANSPORT & HIGHWAYS,2006-08,2000-04,,110.0,,110.0,0.0,,87.66,2004-12,,2006-12,24.0,,,0,0,,,,MonthlyFR_aug_2006.pdf,Sector-Wise analysis of projects,25,283
FR_200608_284,,,284,"NANDHI HILLS- DEVANHALLI, KM.556- KM.539, NH-7 (KARNATAKA)",,,ROAD TRANSPORT & HIGHWAYS,2006-08,2000-04,,172.06,,172.06,0.0,,170.5,2004-03,,2006-12,33.0,,,0,0,,,,MonthlyFR_aug_2006.pdf,Sector-Wise analysis of projects,25,284
FR_200608_285,,,285,"DELHI-GURGAON ACCESS CONTROLLED EXPRESSWAY, KM143-KM.42 NH-8",,,ROAD TRANSPORT & HIGHWAYS,2006-08,2000-04,,555.0,,555.0,0.0,,491.6,2005-07,,2006-12,17.0,,,0,0,,,,MonthlyFR_aug_2006.pdf,Sector-Wise analysis of projects,25,285
FR_200608_286,,,286,"HARIHAR-CHITRADURGA, KM.284-KM.207 (GQ) NH-4 (KARNATAKA)",,,ROAD TRANSPORT & HIGHWAYS,2006-08,2000-04,,318.0,,318.0,0.0,,251.68,2004-08,,2006-12,28.0,,,0,0,,,,MonthlyFR_aug_2006.pdf,Sector-Wise analysis of projects,25,286
FR_200608_287,,,287,"SRIKAKULAM - CHAMPAWATI, KM.97-KM.49, NH-5, GQ",,,ROAD TRANSPORT & HIGHWAYS,2006-08,2000-04,,171.97,,171.97,0.0,,131.52,2004-02,,2007-03,37.0,,,0,0,,,,MonthlyFR_aug_2006.pdf,Sector-Wise analysis of projects,25,287
FR_200608_288,,,288,"LUCKNOW-BYPASS, NH-25 & NH-28 (UTTAR PRADESH)",,,ROAD TRANSPORT & HIGHWAYS,2006-08,2000-04,,182.52,,185.52,3.0,,231.1,2004-06,,2007-03,33.0,,,0,0,,,,MonthlyFR_aug_2006.pdf,Sector-Wise analysis of projects,25,288
FR_200608_289,,,289,LAXMANNATH-BALESHWAR (GQ) KM.0-KM.53.41 (NH-60),,,ROAD TRANSPORT & HIGHWAYS,2006-08,2000-04,,272.0,,272.0,0.0,,281.9,2003-12,,2007-03,39.0,,,0,0,,,,MonthlyFR_aug_2006.pdf,Sector-Wise analysis of projects,25,289
FR_200608_290,,,290,IMPROVEMENT OF ACCESS OF GQ WITHIN CHENNAI,,,ROAD TRANSPORT & HIGHWAYS,2006-08,2005-01,,210.0,,,0.0,,186.5,2007-04,,,0.0,,,0,0,,,,MonthlyFR_aug_2006.pdf,Sector-Wise analysis of projects,25,290
FR_200608_291,,,291,"VIVEKANANDA BRIDGE AND APPROACH (GQ), NH-2",,,ROAD TRANSPORT & HIGHWAYS,2006-08,2000-04,,641.0,,641.0,0.0,,512.04,2005-06,,2007-04,22.0,,,0,0,,,,MonthlyFR_aug_2006.pdf,Sector-Wise analysis of projects,26,291
FR_200608_292,,,292,"JAWAHABLAL NEHRU PORT PHASE-II, KM.14.35, NH-54 (MH)",,,ROAD TRANSPORT & HIGHWAYS,2006-08,2000-04,,143.0,,143.0,0.0,,85.19,2007-05,,2007-05,0.0,,,0,0,,,,MonthlyFR_aug_2006.pdf,Sector-Wise analysis of projects,26,292
FR_200608_293,,,293,"FATEHPUR-KHAGA, KM.38- KM.115, NH-2 (U.P.)",,,ROAD TRANSPORT & HIGHWAYS,2006-08,2000-04,,372.4,,372.4,0.0,,261.21,2004-07,,2007-06,35.0,,,0,0,,,,MonthlyFR_aug_2006.pdf,Sector-Wise analysis of projects,26,293
FR_200608_294,,,294,"HALDIA PORT, KM.53, NH-41 (WEST BENGAL)",,,ROAD TRANSPORT & HIGHWAYS,2006-08,2000-04,,273.0,,273.0,0.0,,121.6,2005-03,,2007-06,27.0,,,0,0,,,,MonthlyFR_aug_2006.pdf,Sector-Wise analysis of projects,26,294
FR_200608_295,,,295,"PARADIP PORT, KM.77, NH- 5A (ORISSA)",,,ROAD TRANSPORT & HIGHWAYS,2006-08,2000-04,,428.0,,428.0,0.0,,199.1,2007-02,,2007-06,4.0,,,0,0,,,,MonthlyFR_aug_2006.pdf,Sector-Wise analysis of projects,26,295
FR_200608_296,,,296,"TUTICORIN PORT, KM.47.2, NH-7A (T.N.)",,,ROAD TRANSPORT & HIGHWAYS,2006-08,2000-04,,231.2,,231.2,0.0,,71.02,2006-08,,2007-06,10.0,,,0,0,,,,MonthlyFR_aug_2006.pdf,Sector-Wise analysis of projects,26,296
FR_200608_297,,,297,"COCHIN PORT, KM.10, NH-47 (KERALA)",,,ROAD TRANSPORT & HIGHWAYS,2006-08,2000-04,,106.0,,106.0,0.0,,43.3,2006-08,,2007-06,10.0,,,0,0,,,,MonthlyFR_aug_2006.pdf,Sector-Wise analysis of projects,26,297
FR_200608_298,,,298,"ALLAHABAD BYPASS CONTRACT-II, KM.158- KM.198, NH-2 (U.P.)",,,ROAD TRANSPORT & HIGHWAYS,2006-08,2000-04,,440.93,,440.93,0.0,,257.98,2006-12,,2007-06,6.0,,,0,0,,,,MonthlyFR_aug_2006.pdf,Sector-Wise analysis of projects,26,298
FR_200608_299,,,299,"AGRA-SHIKOHABAD, KM.200-KM.250.50, NH-2 (U.P.)",,,ROAD TRANSPORT & HIGHWAYS,2006-08,2000-04,,367.49,,367.49,0.0,,357.3,2005-03,,2007-06,27.0,,,0,0,,,,MonthlyFR_aug_2006.pdf,Sector-Wise analysis of projects,26,299
FR_200608_300,,,300,"CHITTORGARH BYPASS(RJ-6) NH-76 KM.159- 213, NH-79,76",,,ROAD TRANSPORT & HIGHWAYS,2006-08,2005-03,,133.03,,133.03,0.0,,93.3,2005-08,,2007-08,24.0,,,0,0,,,,MonthlyFR_aug_2006.pdf,Sector-Wise analysis of projects,26,300
FR_200608_301,,,301,"HAPUR-GARHMUKTESWAR, KM.58-KM.93, NH-24 (U.P.)",,,ROAD TRANSPORT & HIGHWAYS,2006-08,2000-04,,220.0,,220.0,0.0,,23.1,2007-09,,2007-09,0.0,,,0,0,,,,MonthlyFR_aug_2006.pdf,Sector-Wise analysis of projects,26,301
FR_200608_302,,,302,"SILCHAR-UDARBAND, KM.309-KM.275, NH-54 (ASSAM)",,,ROAD TRANSPORT & HIGHWAYS,2006-08,2003-12,,157.47,,154.57,-2.9,,26.82,2007-09,,2007-09,0.0,,,0,0,,,,MonthlyFR_aug_2006.pdf,Sector-Wise analysis of projects,26,302
FR_200608_303,,,303,"GARHMUKTESHWAR- MURADABAD, KM.93-149.25, NH-24 (U.P.)",,,ROAD TRANSPORT & HIGHWAYS,2006-08,2000-04,,275.0,,275.0,0.0,,82.51,2007-09,,2007-09,0.0,,,0,0,,,,MonthlyFR_aug_2006.pdf,Sector-Wise analysis of projects,26,303
FR_200608_304,,,304,"SHIKOHABAD-ETAWAH, KM.250.5-KM.307.5, NH-2 (U.P.)",,,ROAD TRANSPORT & HIGHWAYS,2006-08,2000-04,,261.22,,261.22,0.0,,151.09,2005-03,,2007-09,30.0,,,0,0,,,,MonthlyFR_aug_2006.pdf,Sector-Wise analysis of projects,26,304
FR_200608_305,,,305,"GAGODHAR-GARAMORE, KM.245-KM.281.3 & KM.308- KM.254, NH-8A",,,ROAD TRANSPORT & HIGHWAYS,2006-08,2003-12,,412.78,,412.79,0.01,,153.2,2007-11,,2007-11,0.0,,,0,0,,,,MonthlyFR_aug_2006.pdf,Sector-Wise analysis of projects,26,305
FR_200608_306,,,306,"RADHANPUR-GAGODHAR-V, KM.138.8-KM.245.0, NH-15 (GUJARAT)",,,ROAD TRANSPORT & HIGHWAYS,2006-08,2003-12,,429.4,,429.4,0.0,,160.4,2005-02,,2007-11,33.0,,,0,0,,,,MonthlyFR_aug_2006.pdf,Sector-Wise analysis of projects,26,306
FR_200608_307,,,307,"JETPUR-BHILADI, KM.117- KM.52.50, NH-8B (GUJARAT)",,,ROAD TRANSPORT & HIGHWAYS,2006-08,2003-12,,399.89,,399.89,0.0,,48.42,2007-11,,2007-11,0.0,,,0,0,,,,MonthlyFR_aug_2006.pdf,Sector-Wise analysis of projects,26,307
FR_200608_308,,,308,"GARAMORE-BAMANBORE, KM.254-KM.182.60, NH-8A",,,ROAD TRANSPORT & HIGHWAYS,2006-08,2003-12,,360.7,,,0.0,,122.6,2007-11,,,0.0,,,0,0,,,,MonthlyFR_aug_2006.pdf,Sector-Wise analysis of projects,26,308
FR_200608_309,,,309,"DEESA-RADHANPUR, KM.372.6-KM.458.0, NH-14 (GUJARAT)",,,ROAD TRANSPORT & HIGHWAYS,2006-08,2003-12,,399.89,,399.89,0.0,,151.7,2005-02,,2007-11,33.0,,,0,0,,,,MonthlyFR_aug_2006.pdf,Sector-Wise analysis of projects,27,309
FR_200608_310,,,310,"BHILADI TO PORBANDAR (PACK..-I) PH.-II KM.52.5 TO 2.0, NH-8B",,,ROAD TRANSPORT & HIGHWAYS,2006-08,2003-12,,255.96,,255.96,0.0,,137.3,2005-02,,2007-11,33.0,,,0,0,,,,MonthlyFR_aug_2006.pdf,Sector-Wise analysis of projects,27,310
FR_200608_311,,,311,"PURNEA-GOYAKOTA, KM.419-KM.447, NH-31 (BIHAR)",,,ROAD TRANSPORT & HIGHWAYS,2006-08,2000-04,,205.73,,205.73,0.0,,96.66,2004-07,,2007-12,41.0,,,0,0,,,,MonthlyFR_aug_2006.pdf,Sector-Wise analysis of projects,27,311
FR_200608_312,,,312,"SUNAKHALA-GANJAM, KM.338-KM.284, NH-5 (ORISSA)",,,ROAD TRANSPORT & HIGHWAYS,2006-08,2000-04,,225.0,,225.0,0.0,,140.02,2004-04,,2007-12,44.0,,,0,0,,,,MonthlyFR_aug_2006.pdf,Sector-Wise analysis of projects,27,312
FR_200608_313,,,313,"ALLAHABAD BYPASS CONTRACT-III, KM.198- KM.242.71, NH-2 (U.P.)",,,ROAD TRANSPORT & HIGHWAYS,2006-08,2000-04,,534.39,,534.39,0.0,,235.49,2007-05,,2007-12,7.0,,,0,0,,,,MonthlyFR_aug_2006.pdf,Sector-Wise analysis of projects,27,313
FR_200608_314,,,314,"BORKHEDI-JAM, KM.36.6- KM.64.0, NH-7 (MAHARASHTRA)",,,ROAD TRANSPORT & HIGHWAYS,2006-08,2003-12,,110.0,,110.0,0.0,,10.39,2005-06,,2007-12,30.0,,,0,0,,,,MonthlyFR_aug_2006.pdf,Sector-Wise analysis of projects,27,314
FR_200608_315,,,315,"BALASORE-BHADRAK, KM.136.5-KM.199.14, NH-5 (ORISSA)",,,ROAD TRANSPORT & HIGHWAYS,2006-08,2000-04,,227.25,,227.25,0.0,,178.17,2004-02,,2007-12,46.0,,,0,0,,,,MonthlyFR_aug_2006.pdf,Sector-Wise analysis of projects,27,315
FR_200608_316,,,316,"CHENNAI BYPASS, KM.32, NH-4, 5, & 45 (TAMIL NADU)",,,ROAD TRANSPORT & HIGHWAYS,2006-08,2003-12,,480.0,,480.0,0.0,,100.4,2007-11,,2008-01,2.0,,,0,0,,,,MonthlyFR_aug_2006.pdf,Sector-Wise analysis of projects,27,316
FR_200608_317,,,317,"SHIVPURI BYPASS & UPTO MP/RJ BORDER, KM.53, NH-25 & 76, MP",,,ROAD TRANSPORT & HIGHWAYS,2006-08,2003-12,,360.34,,360.34,0.0,,133.0,2008-02,,2008-02,0.0,,,0,0,,,,MonthlyFR_aug_2006.pdf,Sector-Wise analysis of projects,27,317
FR_200608_318,,,318,"ETAWAH BYPASS, KM.307.5- KM.321.1, NH-2 (U.P.)",,,ROAD TRANSPORT & HIGHWAYS,2006-08,2000-04,,89.5,,132.18,42.68,,66.2,2003-10,,2008-02,52.0,,,0,0,,,,MonthlyFR_aug_2006.pdf,Sector-Wise analysis of projects,27,318
FR_200608_319,,,319,"JHANSI-SIVPURI, KM.50- KM.15, NH-25 (M.P.)",,,ROAD TRANSPORT & HIGHWAYS,2006-08,2003-12,,213.69,,213.69,0.0,,29.95,2008-02,,2008-02,0.0,,,0,0,,,,MonthlyFR_aug_2006.pdf,Sector-Wise analysis of projects,27,319
FR_200608_320,,,320,"VIJAYAPUR-PATHANKOT, KM.50-KM.80, NH1A (JAMMU & KASHMIR)",,,ROAD TRANSPORT & HIGHWAYS,2006-08,2003-12,,166.27,,166.27,0.0,,15.33,2008-03,,2008-03,0.0,,,0,0,,,,MonthlyFR_aug_2006.pdf,Sector-Wise analysis of projects,27,320
FR_200608_321,,,321,"RAJKOT BYPASS-GONDAL JETPUR, KM.185-KM.175, NH- 36 (GUJARAT)",,,ROAD TRANSPORT & HIGHWAYS,2006-08,2003-12,,265.0,,388.09,123.09,,26.31,2008-03,,2008-03,0.0,,,0,0,,,,MonthlyFR_aug_2006.pdf,Sector-Wise analysis of projects,27,321
FR_200608_322,,,322,"MADURAI -KANYAKUMARI, KM.80-KM.120, NH-7 (TAMIL NADU)",,,ROAD TRANSPORT & HIGHWAYS,2006-08,2003-12,,323.36,,323.36,0.0,,6.46,2008-03,,2008-03,0.0,,,0,0,,,,MonthlyFR_aug_2006.pdf,Sector-Wise analysis of projects,27,322
FR_200608_323,,,323,"RAJASTHAN/MP BORDER- KOTA, KM.579-KM.509, NH-76 (RAJASTHAN)",,,ROAD TRANSPORT & HIGHWAYS,2006-08,2003-12,,311.35,,311.35,0.0,,52.06,2008-03,,2008-03,0.0,,,0,0,,,,MonthlyFR_aug_2006.pdf,Sector-Wise analysis of projects,27,323
FR_200608_324,,,324,"AMBALA-ZIRAKPUR, KM.5/735-KM.39/961, NH-21 & 22, (HARYANA)",,,ROAD TRANSPORT & HIGHWAYS,2006-08,2005-03,,298.0,,298.0,0.0,,12.0,2008-11,,2008-03,-8.0,,,0,0,,,,MonthlyFR_aug_2006.pdf,Sector-Wise analysis of projects,27,324
FR_200608_325,,,325,"MADURAI-KANYAKUMARI, KM.42-KM.80, NH-7 (TAMIL NADU)",,,ROAD TRANSPORT & HIGHWAYS,2006-08,2003-12,,474.21,,474.21,0.0,,15.88,2008-03,,2008-03,0.0,,,0,0,,,,MonthlyFR_aug_2006.pdf,Sector-Wise analysis of projects,27,325
FR_200608_326,,,326,"MADURAI-TIRUNELVELI, KM.0-KM.42, NH-7 (TAMIL",,,ROAD TRANSPORT & HIGHWAYS,2006-08,2003-12,,567.38,,,0.0,,27.19,2008-03,,,0.0,,,0,0,,,,MonthlyFR_aug_2006.pdf,Sector-Wise analysis of projects,27,326
FR_200608_327,,,327,"MADURAI-KANYAKUMARI, KM.120-KM.160, NH-7 (TAMIL NADU)",,,ROAD TRANSPORT & HIGHWAYS,2006-08,2003-12,,507.49,,507.49,0.0,,25.31,2008-03,,2008-03,0.0,,,0,0,,,,MonthlyFR_aug_2006.pdf,Sector-Wise analysis of projects,28,327
FR_200608_328,,,328,"TIRUNELVEI-PANAGUDI, KM.160-KM.203, NH-7 (TAMIL NADU)",,,ROAD TRANSPORT & HIGHWAYS,2006-08,2003-12,,423.54,,423.54,0.0,,20.92,2008-03,,2008-03,0.0,,,0,0,,,,MonthlyFR_aug_2006.pdf,Sector-Wise analysis of projects,28,328
FR_200608_329,,,329,"ORAI-JHANSI, KM.220- KM.170, N H-25 (U.P.)",,,ROAD TRANSPORT & HIGHWAYS,2006-08,2003-12,,340.68,,340.68,0.0,,33.52,2008-03,,2008-03,0.0,,,0,0,,,,MonthlyFR_aug_2006.pdf,Sector-Wise analysis of projects,28,329
FR_200608_330,,,330,"VIJAYAPUR-PATHANKOT KM.16.35-KM.50.00, NH-1A (J&K)",,,ROAD TRANSPORT & HIGHWAYS,2006-08,2003-12,,193.09,,193.09,0.0,,29.37,2008-03,,2008-03,0.0,,,0,0,,,,MonthlyFR_aug_2006.pdf,Sector-Wise analysis of projects,28,330
FR_200608_331,,,331,"DEVDHARI-WADNER, KM.94- KM.123, NH-7 (MAHARASHTRA)",,,ROAD TRANSPORT & HIGHWAYS,2006-08,2003-12,,145.0,,145.0,0.0,,7.58,2005-07,,2008-04,33.0,,,0,0,,,,MonthlyFR_aug_2006.pdf,Sector-Wise analysis of projects,28,331
FR_200608_332,,,332,"RJ/MP BORDER-KOTA, KM.449.15-KM.406 NH-76 (RAJASTHAN)",,,ROAD TRANSPORT & HIGHWAYS,2006-08,2003-12,,297.72,,297.72,0.0,,24.54,2008-04,,2008-04,0.0,,,0,0,,,,MonthlyFR_aug_2006.pdf,Sector-Wise analysis of projects,28,332
FR_200608_333,,,333,"NALBARI-BIJNI, KM.1040.3- KM.1013, NH-31 (ASSAM)",,,ROAD TRANSPORT & HIGHWAYS,2006-08,2003-12,,208.0,,208.0,0.0,,2.86,2008-04,,2008-04,0.0,,,0,0,,,,MonthlyFR_aug_2006.pdf,Sector-Wise analysis of projects,28,333
FR_200608_334,,,334,"SIMRAHI-RINGBUND, KM.190-KM.165, NH-57 (BIHAR)",,,ROAD TRANSPORT & HIGHWAYS,2006-08,2003-12,,100.5,,100.5,0.0,,6.56,2008-04,,2008-04,0.0,,,0,0,,,,MonthlyFR_aug_2006.pdf,Sector-Wise analysis of projects,28,334
FR_200608_335,,,335,"GUWAHATI-NALBARI, KM.1093-KM.1065, NH-31 (ASSAM)",,,ROAD TRANSPORT & HIGHWAYS,2006-08,2003-12,,198.16,,198.16,0.0,,0.69,2008-04,,2008-04,0.0,,,0,0,,,,MonthlyFR_aug_2006.pdf,Sector-Wise analysis of projects,28,335
FR_200608_336,,,336,"PURNEA-FORBESGANJ, KM.309-KM.268, NH-57 (BIHAR)",,,ROAD TRANSPORT & HIGHWAYS,2006-08,2003-12,,276.0,,276.0,0.0,,29.82,2008-04,,2008-04,0.0,,,0,0,,,,MonthlyFR_aug_2006.pdf,Sector-Wise analysis of projects,28,336
FR_200608_337,,,337,"PURNEA-FORBESGANJ, KM.268-KM.230, NH-57 (BIHAR)",,,ROAD TRANSPORT & HIGHWAYS,2006-08,2003-12,,310.0,,310.0,0.0,,31.71,2008-04,,2008-04,0.0,,,0,0,,,,MonthlyFR_aug_2006.pdf,Sector-Wise analysis of projects,28,337
FR_200608_338,,,338,"KOTA-CHITTORGARH, KM.381-KM.316, NH-76 (RAJASTHAN)",,,ROAD TRANSPORT & HIGHWAYS,2006-08,2003-12,,446.4,,446.4,0.0,,28.81,2008-04,,2008-04,0.0,,,0,0,,,,MonthlyFR_aug_2006.pdf,Sector-Wise analysis of projects,28,338
FR_200608_339,,,339,"JAM-WADNER, KM.64-KM.94, NH-7 (MAHARASHTRA)",,,ROAD TRANSPORT & HIGHWAYS,2006-08,2003-12,,145.0,,145.0,0.0,,10.12,2005-07,,2008-04,33.0,,,0,0,,,,MonthlyFR_aug_2006.pdf,Sector-Wise analysis of projects,28,339
FR_200608_340,,,340,"ORAI-JHANSI, KM.170.0- KM.104.0, NH-25 (U.P.)",,,ROAD TRANSPORT & HIGHWAYS,2006-08,2003-12,,451.97,,451.97,0.0,,56.01,2008-04,,2008-04,0.0,,,0,0,,,,MonthlyFR_aug_2006.pdf,Sector-Wise analysis of projects,28,340
FR_200608_341,,,341,"DEVDHARI-KELAPUR, KM.123-KM.153, NH-7 (MAHARASHTRA)",,,ROAD TRANSPORT & HIGHWAYS,2006-08,2003-12,,144.0,,144.0,0.0,,10.13,2005-07,,2008-04,33.0,,,0,0,,,,MonthlyFR_aug_2006.pdf,Sector-Wise analysis of projects,28,341
FR_200608_342,,,342,"JHANSI-SHIVPURI, KM.91- KM.50, NH-25 (MADHYA PRADESH)",,,ROAD TRANSPORT & HIGHWAYS,2006-08,2003-12,,220.31,,220.31,0.0,,23.55,2008-05,,2008-04,-1.0,,,0,0,,,,MonthlyFR_aug_2006.pdf,Sector-Wise analysis of projects,28,342
FR_200608_343,,,343,"KOTA-CHITTORGARH, KM.316-KM.253, NH-76 (RAJASTHAN)",,,ROAD TRANSPORT & HIGHWAYS,2006-08,2003-12,,440.5,,440.5,0.0,,29.57,2008-04,,2008-04,0.0,,,0,0,,,,MonthlyFR_aug_2006.pdf,Sector-Wise analysis of projects,28,343
FR_200608_344,,,344,"GUWAHATI-NALBARI, KM.1121-KM.1093, NH-31",,,ROAD TRANSPORT & HIGHWAYS,2006-08,2003-12,,175.96,,,0.0,,4.53,2008-04,,,0.0,,,0,0,,,,MonthlyFR_aug_2006.pdf,Sector-Wise analysis of projects,28,344
FR_200608_345,,,345,"RAJASTHAN/MP BORDER- KOTA, KM.509-KM.449.15, NH-76",,,ROAD TRANSPORT & HIGHWAYS,2006-08,2003-12,,378.22,,378.22,0.0,,37.1,2008-04,,2008-04,0.0,,,0,0,,,,MonthlyFR_aug_2006.pdf,Sector-Wise analysis of projects,29,345
FR_200608_346,,,346,"PATHANKOT-BHOGPUR , KM.70-KM.110, NH-1A (PUNJAB)",,,ROAD TRANSPORT & HIGHWAYS,2006-08,2003-12,,229.0,,229.0,0.0,,22.77,2008-05,,2008-05,0.0,,,0,0,,,,MonthlyFR_aug_2006.pdf,Sector-Wise analysis of projects,29,346
FR_200608_347,,,347,"PATHANKOT-BHOGPUR, KM.26-KM.70, NH-1A (PUNJAB)",,,ROAD TRANSPORT & HIGHWAYS,2006-08,2003-12,,284.0,,284.0,0.0,,27.84,2008-05,,2008-05,0.0,,,0,0,,,,MonthlyFR_aug_2006.pdf,Sector-Wise analysis of projects,29,347
FR_200608_348,,,348,"JHANSI BYPASS, KM.104- KM.91, NH-25 (UTTAR PRADESH)",,,ROAD TRANSPORT & HIGHWAYS,2006-08,2003-12,,158.06,,158.06,0.0,,13.89,2005-08,,2008-05,33.0,,,0,0,,,,MonthlyFR_aug_2006.pdf,Sector-Wise analysis of projects,29,348
FR_200608_349,,,349,"DHARAMTUL-SONAPUR, KM.205-KM.183, NH-31 (ASSAM)",,,ROAD TRANSPORT & HIGHWAYS,2006-08,2003-12,,160.0,,160.0,0.0,,0.14,2008-05,,2008-05,0.0,,,0,0,,,,MonthlyFR_aug_2006.pdf,Sector-Wise analysis of projects,29,349
FR_200608_350,,,350,"BAKARIA-GOGUNDA, KM.73- KM.29, NH-76 (RAJASTHAN)",,,ROAD TRANSPORT & HIGHWAYS,2006-08,2003-12,,457.0,,530.9,73.9,,97.17,2008-04,,2008-05,1.0,,,0,0,,,,MonthlyFR_aug_2006.pdf,Sector-Wise analysis of projects,29,350
FR_200608_351,,,351,"BIJNI-ASSAM /WEST BENGAL.BORDER, KM.93- KM.60, NH-31C",,,ROAD TRANSPORT & HIGHWAYS,2006-08,2003-12,,237.8,,237.8,0.0,,25.88,2008-06,,2008-06,0.0,,,0,0,,,,MonthlyFR_aug_2006.pdf,Sector-Wise analysis of projects,29,351
FR_200608_352,,,352,"RINGBUNDS-JHANJHARPUR, KM.155-KM.110, NH-57 (BIHAR)",,,ROAD TRANSPORT & HIGHWAYS,2006-08,2003-12,,340.0,,340.0,0.0,,19.43,2008-06,,2008-06,0.0,,,0,0,,,,MonthlyFR_aug_2006.pdf,Sector-Wise analysis of projects,29,352
FR_200608_353,,,353,"DARBHANGA- MUZAFFARPUR, KM.70- KM.30, NH-57, (BIHAR)",,,ROAD TRANSPORT & HIGHWAYS,2006-08,2003-12,,305.0,,305.0,0.0,,1.94,2008-06,,2008-06,0.0,,,0,0,,,,MonthlyFR_aug_2006.pdf,Sector-Wise analysis of projects,29,353
FR_200608_354,,,354,"NAGAON BYPASS, KM.5.5- KM.262.7, NH-36 (ASSAM)",,,ROAD TRANSPORT & HIGHWAYS,2006-08,2003-12,,230.0,,230.0,0.0,,25.08,2008-06,,2008-06,0.0,,,0,0,,,,MonthlyFR_aug_2006.pdf,Sector-Wise analysis of projects,29,354
FR_200608_355,,,355,"SONAPUR-GUWAHATI, KM.183-KM.163.895, NH-37 (ASSAM)",,,ROAD TRANSPORT & HIGHWAYS,2006-08,2003-12,,245.0,,245.0,0.0,,11.16,2008-03,,2008-06,3.0,,,0,0,,,,MonthlyFR_aug_2006.pdf,Sector-Wise analysis of projects,29,355
FR_200608_356,,,356,"DHARMATUL-SONAPUR, KM.230.50-KM.230.00, NH-31 (ASSAM)",,,ROAD TRANSPORT & HIGHWAYS,2006-08,2003-12,,200.0,,200.0,0.0,,8.88,2008-06,,2008-06,0.0,,,0,0,,,,MonthlyFR_aug_2006.pdf,Sector-Wise analysis of projects,29,356
FR_200608_357,,,357,"NALBARI-BIJNI, KM.1013- KM.983, NH-31 (ASSAM)",,,ROAD TRANSPORT & HIGHWAYS,2006-08,2003-12,,200.0,,200.0,0.0,,0.6,2008-06,,2008-06,0.0,,,0,0,,,,MonthlyFR_aug_2006.pdf,Sector-Wise analysis of projects,29,357
FR_200608_358,,,358,"NAGAON-DHARAMTUL KM.255-KM.230, NH-37 (ASSAM)",,,ROAD TRANSPORT & HIGHWAYS,2006-08,2003-12,,264.72,,264.72,0.0,,2.8,2008-06,,2008-06,0.0,,,0,0,,,,MonthlyFR_aug_2006.pdf,Sector-Wise analysis of projects,29,358
FR_200608_359,,,359,"NALBARI-BIJNI, KM.1065- KM.1040.3, NH-31 (ASSAM)",,,ROAD TRANSPORT & HIGHWAYS,2006-08,2003-12,,225.0,,225.0,0.0,,4.16,2008-06,,2008-06,0.0,,,0,0,,,,MonthlyFR_aug_2006.pdf,Sector-Wise analysis of projects,29,359
FR_200608_360,,,360,"NEW MANGLORE PORT, KM.37, NH-17 & 48 (KARNATAKA)",,,ROAD TRANSPORT & HIGHWAYS,2006-08,2000-04,,196.5,,196.5,0.0,,10.26,2008-06,,2008-06,0.0,,,0,0,,,,MonthlyFR_aug_2006.pdf,Sector-Wise analysis of projects,29,360
FR_200608_361,,,361,"BIJNI-ASSAM/WEST BENGAL BORDER, KM.30-KM.60, NH- 31C",,,ROAD TRANSPORT & HIGHWAYS,2006-08,2003-12,,195.0,,195.0,0.0,,15.55,2008-06,,2008-06,0.0,,,0,0,,,,MonthlyFR_aug_2006.pdf,Sector-Wise analysis of projects,29,361
FR_200608_362,,,362,"BIJNI-ASSAM/WB BORDER, KM.30.0-KM.0.0, NH-31C",,,ROAD TRANSPORT & HIGHWAYS,2006-08,2003-12,,230.0,,,0.0,,12.06,2005-06,,,36.0,,,0,0,,,,MonthlyFR_aug_2006.pdf,Sector-Wise analysis of projects,29,362
FR_200608_363,,,363,"SWAROOPGANJ-BAKARIA, KM.29-KM.0 & KM.264- KM.249.7, NH-76&14",,,ROAD TRANSPORT & HIGHWAYS,2006-08,2003-12,,220.0,,243.11,23.11,,39.61,2008-04,,2008-06,2.0,,,0,0,,,,MonthlyFR_aug_2006.pdf,Sector-Wise analysis of projects,30,363
FR_200608_364,,,364,"LANKA-DABOKA, KM.22- KM.24, NH-54 (ASSAM)",,,ROAD TRANSPORT & HIGHWAYS,2006-08,2003-12,,225.0,,225.0,0.0,,0.76,2008-06,,2008-06,0.0,,,0,0,,,,MonthlyFR_aug_2006.pdf,Sector-Wise analysis of projects,30,364
FR_200608_365,,,365,"DAKOBA-NAGAON, KM.36- KM.5.5, NH-36 (ASSAM)",,,ROAD TRANSPORT & HIGHWAYS,2006-08,2003-12,,225.0,,225.0,0.0,,10.72,2008-06,,2008-06,0.0,,,0,0,,,,MonthlyFR_aug_2006.pdf,Sector-Wise analysis of projects,30,365
FR_200608_366,,,366,"DARBHANGA- MUZAFFARPUR, KM 30-KM 0, NH-57 (BIHAR)",,,ROAD TRANSPORT & HIGHWAYS,2006-08,2003-12,,291.8,,291.8,0.0,,16.41,2008-06,,2008-06,0.0,,,0,0,,,,MonthlyFR_aug_2006.pdf,Sector-Wise analysis of projects,30,366
FR_200608_367,,,367,"NALBARI-BIJNI, KM.983- KM.961.5, NH-31 (ASSAM)",,,ROAD TRANSPORT & HIGHWAYS,2006-08,2003-12,,142.0,,142.0,0.0,,0.32,2008-06,,2008-06,0.0,,,0,0,,,,MonthlyFR_aug_2006.pdf,Sector-Wise analysis of projects,30,367
FR_200608_368,,,368,"GOGUNDA-UDAIPUR, KM.104-KM.73, NH-76 (RAJASTHAN)",,,ROAD TRANSPORT & HIGHWAYS,2006-08,2003-12,,266.0,,288.06,22.06,,59.61,2007-08,,2008-07,11.0,,,0,0,,,,MonthlyFR_aug_2006.pdf,Sector-Wise analysis of projects,30,368
FR_200608_369,,,369,"SILIGURI-ISLAMPUR, KM.526-KM.500, NH-31(WEST BENGAL)",,,ROAD TRANSPORT & HIGHWAYS,2006-08,2003-12,,225.0,,225.0,0.0,,14.85,2008-07,,2008-07,0.0,,,0,0,,,,MonthlyFR_aug_2006.pdf,Sector-Wise analysis of projects,30,369
FR_200608_370,,,370,"TRICHY BYPASS- TUVARAMKURCHI, KM.61, NH-45B (TAMIL NADU)",,,ROAD TRANSPORT & HIGHWAYS,2006-08,2003-12,,261.0,,261.0,0.0,,41.49,2008-08,,2008-08,0.0,,,0,0,,,,MonthlyFR_aug_2006.pdf,Sector-Wise analysis of projects,30,370
FR_200608_371,,,371,"TOVARAMKURCHI- MADURAI, KM.60.95- KM.124.84 (T.N.)",,,ROAD TRANSPORT & HIGHWAYS,2006-08,2003-12,,263.0,,263.0,0.0,,41.09,2008-08,,2008-08,0.0,,,0,0,,,,MonthlyFR_aug_2006.pdf,Sector-Wise analysis of projects,30,371
FR_200608_372,,,372,"MUZZAFFARPUR-MEHSI, KM.520-KM.480, NH-28 (BIHAR)",,,ROAD TRANSPORT & HIGHWAYS,2006-08,2003-12,,275.0,,275.0,0.0,,38.39,2005-07,,2008-09,38.0,,,0,0,,,,MonthlyFR_aug_2006.pdf,Sector-Wise analysis of projects,30,372
FR_200608_373,,,373,"MEHSI-KOTWA, KM.480- KM.440, NH-28 (BIHAR)",,,ROAD TRANSPORT & HIGHWAYS,2006-08,2003-12,,239.0,,239.0,0.0,,23.0,2005-07,,2008-09,38.0,,,0,0,,,,MonthlyFR_aug_2006.pdf,Sector-Wise analysis of projects,30,373
FR_200608_374,,,374,"FORBESGANJ-SIMRAHI, KM.230-KM.190, NH-57 (BIHAR)",,,ROAD TRANSPORT & HIGHWAYS,2006-08,2003-12,,332.94,,332.94,0.0,,26.14,2008-09,,2008-09,0.0,,,0,0,,,,MonthlyFR_aug_2006.pdf,Sector-Wise analysis of projects,30,374
FR_200608_375,,,375,"JHAJHARPUR-DARBANGA, KM.110-KM.70, NH-57 (BIHAR)",,,ROAD TRANSPORT & HIGHWAYS,2006-08,2003-12,,340.0,,340.0,0.0,,0.26,2008-09,,2008-09,0.0,,,0,0,,,,MonthlyFR_aug_2006.pdf,Sector-Wise analysis of projects,30,375
FR_200608_376,,,376,"GANGA BRIDGE-RAMDEVI CROSSING, KM.75-KM.80.06, NH-25 (U.P.)",,,ROAD TRANSPORT & HIGHWAYS,2006-08,2003-12,,155.0,,201.66,46.66,,15.92,2008-09,,2008-09,0.0,,,0,0,,,,MonthlyFR_aug_2006.pdf,Sector-Wise analysis of projects,30,376
FR_200608_377,,,377,"LALITPUR-SAGAR (2), KM.132-KM.187, NH-26 (M.P.)",,,ROAD TRANSPORT & HIGHWAYS,2006-08,2003-12,,225.0,,225.0,0.0,,,2008-10,,2008-10,0.0,,,0,0,,,,MonthlyFR_aug_2006.pdf,Sector-Wise analysis of projects,30,377
FR_200608_378,,,378,"SAGAR-RAJMARG CHORAHA, KM.255-KM.297, NH-26 (M.P.)",,,ROAD TRANSPORT & HIGHWAYS,2006-08,2003-12,,206.96,,206.96,0.0,,16.05,2008-10,,2008-10,0.0,,,0,0,,,,MonthlyFR_aug_2006.pdf,Sector-Wise analysis of projects,30,378
FR_200608_379,,,379,"SILIGURI-ISLAMPUR, KM.551-KM.526, NH-31 (WEST BENGAL)",,,ROAD TRANSPORT & HIGHWAYS,2006-08,2003-12,,155.0,,155.0,0.0,,15.19,2008-10,,2008-10,0.0,,,0,0,,,,MonthlyFR_aug_2006.pdf,Sector-Wise analysis of projects,30,379
FR_200608_380,,,380,"RAJMARG CHORAHA- LAKHNANDON, KM.297-",,,ROAD TRANSPORT & HIGHWAYS,2006-08,2003-12,,251.03,,,0.0,,,2008-10,,,0.0,,,0,0,,,,MonthlyFR_aug_2006.pdf,Sector-Wise analysis of projects,30,380
FR_200608_381,,,381,"SAGAR-RAJMARG CHORAHA, KM.211-KM.255, NH-26 (M.P.)",,,ROAD TRANSPORT & HIGHWAYS,2006-08,2003-12,,203.43,,203.43,0.0,,10.81,2008-10,,2008-10,0.0,,,0,0,,,,MonthlyFR_aug_2006.pdf,Sector-Wise analysis of projects,31,381
FR_200608_382,,,382,"GORAKHPUR-AYODHYA, KM.208-KM.164, NH-28 (UTTAR PRADESH)",,,ROAD TRANSPORT & HIGHWAYS,2006-08,2003-12,,227.0,,227.0,0.0,,21.25,2008-10,,2008-10,0.0,,,0,0,,,,MonthlyFR_aug_2006.pdf,Sector-Wise analysis of projects,31,382
FR_200608_383,,,383,"RAJMARG CHORAHA- LAKHNANDON, KM.351- KM.405.7, NH-26",,,ROAD TRANSPORT & HIGHWAYS,2006-08,2003-12,,229.91,,229.91,0.0,,,2008-10,,2008-10,0.0,,,0,0,,,,MonthlyFR_aug_2006.pdf,Sector-Wise analysis of projects,31,383
FR_200608_384,,,384,"KOTA BYPASS, KM.406- KM.381, NH-76 (RAJASTHAN)",,,ROAD TRANSPORT & HIGHWAYS,2006-08,2003-12,,275.0,,275.0,0.0,,14.0,2008-10,,2008-10,0.0,,,0,0,,,,MonthlyFR_aug_2006.pdf,Sector-Wise analysis of projects,31,384
FR_200608_385,,,385,"GORAKHPUR-AYODHYA, KM.251.70-KM.208.00, NH-28 (U.P.)",,,ROAD TRANSPORT & HIGHWAYS,2006-08,2003-12,,239.0,,239.0,0.0,,31.91,2008-10,,2008-10,0.0,,,0,0,,,,MonthlyFR_aug_2006.pdf,Sector-Wise analysis of projects,31,385
FR_200608_386,,,386,"AYODHYA-LUCKNOW, KM.93.075-KM.45, NH-28 (UTTAR PRADESH)",,,ROAD TRANSPORT & HIGHWAYS,2006-08,2003-12,,217.0,,217.0,0.0,,26.19,2008-10,,2008-10,0.0,,,0,0,,,,MonthlyFR_aug_2006.pdf,Sector-Wise analysis of projects,31,386
FR_200608_387,,,387,"AYODHYA-LUCKNOW, KM.45-KM.8.250, NH-28 (UTTAR PRADESH)",,,ROAD TRANSPORT & HIGHWAYS,2006-08,2003-12,,193.0,,193.0,0.0,,16.43,2008-10,,2008-10,0.0,,,0,0,,,,MonthlyFR_aug_2006.pdf,Sector-Wise analysis of projects,31,387
FR_200608_388,,,388,"SAGAR BY PASS, KM.187- KM.211, NH-26 (M.P.)",,,ROAD TRANSPORT & HIGHWAYS,2006-08,2003-12,,151.3,,151.3,0.0,,8.88,2008-10,,2008-10,0.0,,,0,0,,,,MonthlyFR_aug_2006.pdf,Sector-Wise analysis of projects,31,388
FR_200608_389,,,389,"KOTWA-DEWAPUR, KM.440- KM.402, NH-28 (BIHAR)",,,ROAD TRANSPORT & HIGHWAYS,2006-08,2003-12,,240.0,,240.0,0.0,,33.14,2008-10,,2008-11,1.0,,,0,0,,,,MonthlyFR_aug_2006.pdf,Sector-Wise analysis of projects,31,389
FR_200608_390,,,390,"ASSAM/WEST BENGAL BORDER-GAIRKATTA, KM.255-KM.223, NH-31",,,ROAD TRANSPORT & HIGHWAYS,2006-08,2003-12,,221.82,,221.82,0.0,,,2008-11,,2008-11,0.0,,,0,0,,,,MonthlyFR_aug_2006.pdf,Sector-Wise analysis of projects,31,390
FR_200608_391,,,391,"MAILBANG-LUNDING, KM.60.50-KM.83.40, NH-54 (ASSAM)",,,ROAD TRANSPORT & HIGHWAYS,2006-08,2003-12,,167.64,,167.64,0.0,,9.26,2008-11,,2008-11,0.0,,,0,0,,,,MonthlyFR_aug_2006.pdf,Sector-Wise analysis of projects,31,391
FR_200608_392,,,392,"GORAKHPUR-AYODHYA, KM.164-KM.135, NH-28 (U.P.)",,,ROAD TRANSPORT & HIGHWAYS,2006-08,2003-12,,205.0,,205.0,0.0,,14.74,2008-10,,2008-11,1.0,,,0,0,,,,MonthlyFR_aug_2006.pdf,Sector-Wise analysis of projects,31,392
FR_200608_393,,,393,"KELAPUR-PIMPALKATTI, KM.153-KM.175, NH-7 (MAHARASHTRA)",,,ROAD TRANSPORT & HIGHWAYS,2006-08,2003-12,,117.4,,117.4,0.0,,,2008-11,,2008-11,0.0,,,0,0,,,,MonthlyFR_aug_2006.pdf,Sector-Wise analysis of projects,31,393
FR_200608_394,,,394,"AYODHYA-LUCKNOW, KM.135.000-KM.93.075, NH-28 (U.P.)",,,ROAD TRANSPORT & HIGHWAYS,2006-08,2003-12,,212.0,,212.0,0.0,,29.0,2008-10,,2008-11,1.0,,,0,0,,,,MonthlyFR_aug_2006.pdf,Sector-Wise analysis of projects,31,394
FR_200608_395,,,395,"LALITPUR-SAGAR (1), KM.94- KM.132, NH-26 (M.P.)",,,ROAD TRANSPORT & HIGHWAYS,2006-08,2003-12,,198.0,,198.0,0.0,,0.55,2008-11,,2008-11,0.0,,,0,0,,,,MonthlyFR_aug_2006.pdf,Sector-Wise analysis of projects,31,395
FR_200608_396,,,396,"MAILBANG-LUNDING, KM.111.00-KM.126.45, NH-54 (ASSAM)",,,ROAD TRANSPORT & HIGHWAYS,2006-08,2003-12,,155.04,,155.04,0.0,,8.88,2008-11,,2008-11,0.0,,,0,0,,,,MonthlyFR_aug_2006.pdf,Sector-Wise analysis of projects,31,396
FR_200608_397,,,397,"DEEWAPUR-UP/BIHAR BORDER, KM.402-KM.360.915, NH-28 (BIHAR)",,,ROAD TRANSPORT & HIGHWAYS,2006-08,2003-12,,300.0,,300.0,0.0,,25.26,2008-10,,2008-11,1.0,,,0,0,,,,MonthlyFR_aug_2006.pdf,Sector-Wise analysis of projects,31,397
FR_200608_398,,,398,"GANJAM-ICCHAPURAM, KM.233-KM.284, NH-5",,,ROAD TRANSPORT & HIGHWAYS,2006-08,2000-04,,263.27,,,0.0,,100.45,2004-02,,,57.0,,,0,0,,,,MonthlyFR_aug_2006.pdf,Sector-Wise analysis of projects,31,398
FR_200608_399,,,399,"KASIA-GORAKHPUR, KM.319.8-KM.279.8, NH-28 (UTTAR PRADESH)",,,ROAD TRANSPORT & HIGHWAYS,2006-08,2003-12,,242.0,,242.0,0.0,,25.41,2008-12,,2008-12,0.0,,,0,0,,,,MonthlyFR_aug_2006.pdf,Sector-Wise analysis of projects,32,399
FR_200608_400,,,400,"UP/BIHAR BORDER-KASIA, KM.360.915-KM.319.8, NH-28, (U.P.)",,,ROAD TRANSPORT & HIGHWAYS,2006-08,2003-12,,227.0,,227.0,0.0,,26.26,2008-12,,2008-12,0.0,,,0,0,,,,MonthlyFR_aug_2006.pdf,Sector-Wise analysis of projects,32,400
FR_200608_401,,,401,"NAGPUR-KONDHALI, KM.9.2- KM.50, NH-6 (MAHARASHTRA)",,,ROAD TRANSPORT & HIGHWAYS,2006-08,2005-03,,168.0,,168.0,0.0,,,2008-12,,2008-12,0.0,,,0,0,,,,MonthlyFR_aug_2006.pdf,Sector-Wise analysis of projects,32,401
FR_200608_402,,,402,"KRISHNAGIRI- THOPURGHAT, KM.94- KM.156, NH-7 (TAMIL NADU)",,,ROAD TRANSPORT & HIGHWAYS,2006-08,2003-12,,372.7,,372.7,0.0,,0.55,2008-12,,2008-12,0.0,,,0,0,,,,MonthlyFR_aug_2006.pdf,Sector-Wise analysis of projects,32,402
FR_200608_403,,,403,"SALEM-KARUR, KM.258.645- KM.292.60, NH-7 (TAMIL NADU)",,,ROAD TRANSPORT & HIGHWAYS,2006-08,2003-12,,205.6,,205.6,0.0,,,2008-08,,2008-12,4.0,,,0,0,,,,MonthlyFR_aug_2006.pdf,Sector-Wise analysis of projects,32,403
FR_200608_404,,,404,"SALEM-KERALA BORDER, KM.203.96-KM.53, NH-47 (TAMIL NADU)",,,ROAD TRANSPORT & HIGHWAYS,2006-08,2003-12,,469.8,,469.8,0.0,,0.36,2008-12,,2008-12,0.0,,,0,0,,,,MonthlyFR_aug_2006.pdf,Sector-Wise analysis of projects,32,404
FR_200608_405,,,405,"SALEM-KERALA BORDER, KM.53-KM.100, NH-97 (TAMIL NADU)",,,ROAD TRANSPORT & HIGHWAYS,2006-08,2003-12,,379.8,,379.8,0.0,,0.43,2008-12,,2008-12,0.0,,,0,0,,,,MonthlyFR_aug_2006.pdf,Sector-Wise analysis of projects,32,405
FR_200608_406,,,406,"KARUR-MADURAI, KM.373.275-KM.426.60, NH-7 (TAMIL NADU)",,,ROAD TRANSPORT & HIGHWAYS,2006-08,2003-12,,283.5,,283.5,0.0,,0.44,2008-12,,2008-12,0.0,,,0,0,,,,MonthlyFR_aug_2006.pdf,Sector-Wise analysis of projects,32,406
FR_200608_407,,,407,"AURANG-RAIPUR, KM.232- KM.281, NH-6 (CHHATTISGARH)",,,ROAD TRANSPORT & HIGHWAYS,2006-08,2005-03,,190.0,,190.0,0.0,,1.11,2009-01,,2009-01,0.0,,,0,0,,,,MonthlyFR_aug_2006.pdf,Sector-Wise analysis of projects,32,407
FR_200608_408,,,408,"BHARATPUR MAHUA, KM.63- KM.120, NH-11 (RAJASTHAN)",,,ROAD TRANSPORT & HIGHWAYS,2006-08,2005-03,,250.0,,250.0,0.0,,13.14,2009-01,,2009-01,0.0,,,0,0,,,,MonthlyFR_aug_2006.pdf,Sector-Wise analysis of projects,32,408
FR_200608_409,,,409,"SALEM-KARUR, KM.207.05- KM.248.625, NH-7 (TAMIL NADU)",,,ROAD TRANSPORT & HIGHWAYS,2006-08,2003-12,,253.5,,253.5,0.0,,,2009-01,,2009-01,0.0,,,0,0,,,,MonthlyFR_aug_2006.pdf,Sector-Wise analysis of projects,32,409
FR_200608_410,,,410,"JALANDAR-AMRITSAR, KM.407-KM.456, NH-1, (PANJAB)",,,ROAD TRANSPORT & HIGHWAYS,2006-08,2005-03,,263.0,,263.0,0.0,,6.01,2009-02,,2009-02,0.0,,,0,0,,,,MonthlyFR_aug_2006.pdf,Sector-Wise analysis of projects,32,410
FR_200608_411,,,411,"FARUKHANAGAR- KOTTAKATA, KM.34.14- KM.80.08, NH-7 (A.P.)",,,ROAD TRANSPORT & HIGHWAYS,2006-08,2003-12,,267.2,,267.2,0.0,,7.88,2009-02,,2009-02,0.0,,,0,0,,,,MonthlyFR_aug_2006.pdf,Sector-Wise analysis of projects,32,411
FR_200608_412,,,412,"FARUKHANAGAR- KOTAKOTTA, KM.80.05- KM.135.47, NH-7 (A.P.)",,,ROAD TRANSPORT & HIGHWAYS,2006-08,2003-12,,313.7,,313.7,0.0,,10.02,2009-02,,2009-02,0.0,,,0,0,,,,MonthlyFR_aug_2006.pdf,Sector-Wise analysis of projects,32,412
FR_200608_413,,,413,"AGRA-BHARATPUR, KM.45, NH-11 (U.P.)",,,ROAD TRANSPORT & HIGHWAYS,2006-08,2005-03,,195.0,,195.0,0.0,,21.08,2009-03,,2009-03,0.0,,,0,0,,,,MonthlyFR_aug_2006.pdf,Sector-Wise analysis of projects,32,413
FR_200608_414,,,414,"THRISSUR-ANGAMALI, KM.270.00-KM.316.70, NH-47 (KERALA)",,,ROAD TRANSPORT & HIGHWAYS,2006-08,2003-12,,312.5,,312.5,0.0,,13.33,2009-03,,2009-03,0.0,,,0,0,,,,MonthlyFR_aug_2006.pdf,Sector-Wise analysis of projects,32,414
FR_200608_415,,,415,"MAHUA-JAIPUR, KM.120- KM.228, NH-11 (RAJASTHAN)",,,ROAD TRANSPORT & HIGHWAYS,2006-08,2005-03,,483.0,,483.0,0.0,,67.96,2009-03,,2009-03,0.0,,,0,0,,,,MonthlyFR_aug_2006.pdf,Sector-Wise analysis of projects,32,415
FR_200608_416,,,416,"KONDHALI-TELEGAON, KM.50-KM.100, NH-6",,,ROAD TRANSPORT & HIGHWAYS,2006-08,2005-03,,212.0,,,0.0,,,2009-03,,,0.0,,,0,0,,,,MonthlyFR_aug_2006.pdf,Sector-Wise analysis of projects,32,416
FR_200608_417,,,417,"MEERUT-MUZAFFARNAGAR, KM.52.25-KM.131.00, NH-58 (U.P.)",,,ROAD TRANSPORT & HIGHWAYS,2006-08,2005-03,,359.0,,359.0,0.0,,,2009-03,,2009-03,0.0,,,0,0,,,,MonthlyFR_aug_2006.pdf,Sector-Wise analysis of projects,33,417
FR_200608_418,,,418,"DHULE-PIMPALGAON, KM.380-KM.265, NH-3 (MAHARASHTRA)",,,ROAD TRANSPORT & HIGHWAYS,2006-08,2005-03,,556.0,,556.0,0.0,,,2009-03,,2009-03,0.0,,,0,0,,,,MonthlyFR_aug_2006.pdf,Sector-Wise analysis of projects,33,418
FR_200608_419,,,419,"HYDERABAD-BANGALORE, KM.135.47-KM.211, NH-7 (A.P.)",,,ROAD TRANSPORT & HIGHWAYS,2006-08,2003-12,,611.44,,611.44,0.0,,13.62,2009-03,,2009-03,0.0,,,0,0,,,,MonthlyFR_aug_2006.pdf,Sector-Wise analysis of projects,33,419
FR_200608_420,,,420,"KARUR-MADURAI, KM.305.6- KM.373.28, NH-7 (TAMIL NADU)",,,ROAD TRANSPORT & HIGHWAYS,2006-08,2003-12,,327.2,,327.2,0.0,,0.44,2009-01,,2009-04,3.0,,,0,0,,,,MonthlyFR_aug_2006.pdf,Sector-Wise analysis of projects,33,420
FR_200608_421,,,421,"KADLOOR YELLAREDDY- POCHAMPALLI, KM.367- KM.447, NH-7 (A.P.)",,,ROAD TRANSPORT & HIGHWAYS,2006-08,2003-12,,546.15,,546.15,0.0,,13.52,2009-04,,2009-04,0.0,,,0,0,,,,MonthlyFR_aug_2006.pdf,Sector-Wise analysis of projects,33,421
FR_200608_422,,,422,"GONDE-VADAPE (THANE), KM.440-KM.539.50, NH-3 (MAHARASHTRA)",,,ROAD TRANSPORT & HIGHWAYS,2006-08,2005-03,,579.0,,579.0,0.0,,,2009-04,,2009-04,0.0,,,0,0,,,,MonthlyFR_aug_2006.pdf,Sector-Wise analysis of projects,33,422
FR_200608_423,,,423,"SITAPUR-LUCKNOW, KM.488.27-KM.413.20, NH-24 (U.P.)",,,ROAD TRANSPORT & HIGHWAYS,2006-08,2005-03,,322.0,,322.0,0.0,,,2009-06,,2009-06,0.0,,,0,0,,,,MonthlyFR_aug_2006.pdf,Sector-Wise analysis of projects,33,423
FR_200608_424,,,424,"THANJAVUR-TRICHY, KM.80- KM.135.75, NH-67 (T.N.)",,,ROAD TRANSPORT & HIGHWAYS,2006-08,2005-03,,280.0,,280.0,0.0,,,2009-06,,2009-06,0.0,,,0,0,,,,MonthlyFR_aug_2006.pdf,Sector-Wise analysis of projects,33,424
FR_200608_425,,,425,"INDORE-KALAGHAT, KM.80, NH-3 (M.P.)",,,ROAD TRANSPORT & HIGHWAYS,2006-08,2005-03,,472.0,,472.0,0.0,,0.03,2009-09,,2009-09,0.0,,,0,0,,,,MonthlyFR_aug_2006.pdf,Sector-Wise analysis of projects,33,425
FR_200608_426,,,426,"MADURAI-TUTICORIN, KM.138.8 TO KM.264.5, NH- 45B (T.N.)",,,ROAD TRANSPORT & HIGHWAYS,2006-08,2005-03,,629.0,,629.0,0.0,,,2010-11,,2010-01,-10.0,,,0,0,,,,MonthlyFR_aug_2006.pdf,Sector-Wise analysis of projects,33,426
FR_200608_427,,,427,"MAILBANG-LUNDING, KM.40.000-KM.60.500, NH-54 (ASSAM)",,,ROAD TRANSPORT & HIGHWAYS,2006-08,2003-12,,200.0,,200.0,0.0,,,2009-04,,,,,,0,0,,,,MonthlyFR_aug_2006.pdf,Sector-Wise analysis of projects,33,427
FR_200608_428,,,428,"MAILBANG-LUNDING, KM.83.40-KM.111.00, NH-54 (ASSAM)",,,ROAD TRANSPORT & HIGHWAYS,2006-08,2003-12,,199.81,,199.81,0.0,,0.3,2009-04,,,,,,0,0,,,,MonthlyFR_aug_2006.pdf,Sector-Wise analysis of projects,33,428
FR_200608_429,,,429,"HARANGAJO-MAILBANG, KM.126.45-KM.140.70, NH-54 (ASSAM)",,,ROAD TRANSPORT & HIGHWAYS,2006-08,2003-12,,280.0,,280.0,0.0,,,2009-02,,,,,,0,0,,,,MonthlyFR_aug_2006.pdf,Sector-Wise analysis of projects,33,429
FR_200608_430,,,430,ACQUISITION OF 700 PASSENGER CUM 160 MT CARGO VESSEL,,,SHIPPING & PORTS,2006-08,2000-06,,129.62,,129.62,0.0,,121.12,2004-02,,2007-04,38.0,,,0,0,,,,MonthlyFR_aug_2006.pdf,Sector-Wise analysis of projects,33,430
FR_200608_431,,,431,"ESTABLISH OF VTS IN GULF, KUTCH",,,SHIPPING & PORTS,2006-08,2002-01,,165.0,,165.0,0.0,,20.9,2005-12,,2007-06,18.0,,,0,0,,,,MonthlyFR_aug_2006.pdf,Sector-Wise analysis of projects,33,431
FR_200608_432,,,432,DEEPENING OF CHANNEL AT PARADIP PORT,,,SHIPPING & PORTS,2006-08,2005-12,,154.84,,154.84,0.0,,0.66,2007-06,,2007-12,6.0,,6.0,0,0,,,,MonthlyFR_aug_2006.pdf,Sector-Wise analysis of projects,33,432
FR_200608_433,,,433,SETHUSAMUDRAM SHIP,,,SHIPPING & PORTS,2006-08,2005-06,,2427.4,,,0.0,,86.4,2008-10,,,0.0,,,0,0,,,,MonthlyFR_aug_2006.pdf,Sector-Wise analysis of projects,33,433
FR_200608_434,,,434,DEEPENING & WIDENING OF MAIN HARBOUR (MAHARASHTRA),,,SHIPPING & PORTS,2006-08,2005-10,,800.0,,800.0,0.0,,2.26,2008-10,,2009-02,4.0,,4.0,0,0,,,,MonthlyFR_aug_2006.pdf,Sector-Wise analysis of projects,34,434
FR_200608_435,,,435,ACQUISION OF 2-300000 DWT VERY LARGE CRUDE CARRIERS (VLCC),,,SHIPPING & PORTS,2006-08,2005-10,,1136.08,,1136.08,0.0,,353.49,2009-09,,2009-09,0.0,,,0,0,,,,MonthlyFR_aug_2006.pdf,Sector-Wise analysis of projects,34,435
FR_200608_436,,,436,EXPANSION OF 400000 GSM (NEW DELHI),,,SHIPPING & PORTS,2006-08,2004-01,,227.42,,227.42,0.0,,195.01,2005-01,,2006-09,20.0,,3.0,0,0,,,,MonthlyFR_aug_2006.pdf,Sector-Wise analysis of projects,34,436
FR_200608_437,,,437,EXPANSION OF GSM NETWORK (MUMBAI),,,SHIPPING & PORTS,2006-08,2004-01,,216.37,,216.37,0.0,,103.65,2005-01,,2006-09,20.0,,,0,0,,,,MonthlyFR_aug_2006.pdf,Sector-Wise analysis of projects,34,437
FR_200608_438,,,438,"PROJECT-3 OF NIB-II, IMPLEMENTATION AND EXECUTION OF MESS.",,,SHIPPING & PORTS,2006-08,2003-11,,250.0,,250.0,0.0,,9.0,2005-12,,2006-09,9.0,,1.0,0,0,,,,MonthlyFR_aug_2006.pdf,Sector-Wise analysis of projects,34,438
FR_200608_439,,,439,CDMA 2000 WLL (DELHI),,,SHIPPING & PORTS,2006-08,2004-06,,460.28,,460.28,0.0,,55.13,2004-10,,2006-09,23.0,,,0,0,,,,MonthlyFR_aug_2006.pdf,Sector-Wise analysis of projects,34,439
FR_200608_440,,,440,"PROJECT-1 OF NIB-II, IMPLEMENTATION AND EXECUTION OF IP INF.",,,SHIPPING & PORTS,2006-08,2003-11,,250.0,,187.0,-63.0,,144.43,2006-05,,2006-10,5.0,,,0,0,,,,MonthlyFR_aug_2006.pdf,Sector-Wise analysis of projects,34,440
FR_200608_441,,,441,IMPLEMENTATION AND EXECUTION OF NEW TECHNOLOGY INTELLINGENT,,,SHIPPING & PORTS,2006-08,2004-10,,160.0,,160.0,0.0,,43.89,2006-06,,2006-10,4.0,,,0,0,,,,MonthlyFR_aug_2006.pdf,Sector-Wise analysis of projects,34,441
FR_200608_442,,,442,"PROJECT 2.2 OF NIB-II, IMPLEMENTATION AND EXECUTION OF",,,SHIPPING & PORTS,2006-08,2003-11,,350.0,,300.0,-50.0,,60.6,2006-05,,2006-10,5.0,,,0,0,,,,MonthlyFR_aug_2006.pdf,Sector-Wise analysis of projects,34,442
FR_200608_443,,,443,"GSM NETWORK EXPANSION, PH-IV, CHENNAI TELECOM DISTT. (T.N.)",,,SHIPPING & PORTS,2006-08,2005-02,,170.88,,170.88,0.0,,50.35,2005-06,,2006-12,18.0,,,0,0,,,,MonthlyFR_aug_2006.pdf,Sector-Wise analysis of projects,34,443
FR_200608_444,,,444,"GSM NETWORK EXPANSION, PH-IV (KERALA)",,,SHIPPING & PORTS,2006-08,2004-10,,453.85,,453.85,0.0,,75.45,2005-06,,2006-12,18.0,,,0,0,,,,MonthlyFR_aug_2006.pdf,Sector-Wise analysis of projects,34,444
FR_200608_445,,,445,GSM BASED NETWORK EXPANSIONPh-IV (BSNL)(UTTRANCHAL),,,SHIPPING & PORTS,2006-08,2004-12,,115.46,,115.46,0.0,,22.93,2005-06,,2006-12,18.0,,,0,0,,,,MonthlyFR_aug_2006.pdf,Sector-Wise analysis of projects,34,445
FR_200608_446,,,446,"GSM NETWORK EXPANSION, PH-IV (PUNJAB)",,,SHIPPING & PORTS,2006-08,2004-05,,508.63,,508.63,0.0,,223.11,2005-06,,2006-12,18.0,,,0,0,,,,MonthlyFR_aug_2006.pdf,Sector-Wise analysis of projects,34,446
FR_200608_447,,,447,"GSM NETWORK EXPANSION, PH-IV (RAJASTHAN)",,,SHIPPING & PORTS,2006-08,2004-09,,448.91,,448.91,0.0,,142.65,2005-06,,2006-12,18.0,,,0,0,,,,MonthlyFR_aug_2006.pdf,Sector-Wise analysis of projects,34,447
FR_200608_448,,,448,CMTS(Ph-IV) (BSNL)(U.P EAST),,,SHIPPING & PORTS,2006-08,2004-10,,379.86,,379.86,0.0,,83.49,2005-06,,2006-12,18.0,,,0,0,,,,MonthlyFR_aug_2006.pdf,Sector-Wise analysis of projects,34,448
FR_200608_449,,,449,GSM BASED NETWORK EXPANSION PH.-IV TN,,,SHIPPING & PORTS,2006-08,2005-02,,650.42,,,0.0,,278.83,2006-06,,,6.0,,,0,0,,,,MonthlyFR_aug_2006.pdf,Sector-Wise analysis of projects,34,449
FR_200608_450,,,450,"GSM NETWORK EXPANSION, PH-IV (WEST BENGAL)",,,SHIPPING & PORTS,2006-08,2004-09,,428.0,,428.0,0.0,,55.28,2005-06,,2006-12,18.0,,,0,0,,,,MonthlyFR_aug_2006.pdf,Sector-Wise analysis of projects,35,450
FR_200608_451,,,451,GSM BASED NETWORK EXPANSION Ph-IV (BSNL)(A.P),,,SHIPPING & PORTS,2006-08,2004-08,,647.69,,350.0,-297.69,,152.46,2005-06,,2006-12,18.0,,,0,0,,,,MonthlyFR_aug_2006.pdf,Sector-Wise analysis of projects,35,451
FR_200608_452,,,452,"GSM NETWORK EXPANSION, PH-IV (ORISSA)",,,SHIPPING & PORTS,2006-08,2004-12,,164.06,,164.06,0.0,,9.97,2005-12,,2006-12,12.0,,,0,0,,,,MonthlyFR_aug_2006.pdf,Sector-Wise analysis of projects,35,452
FR_200608_453,,,453,J&K CMTS PHASE IV (SRINAGAR) (BSNL),,,SHIPPING & PORTS,2006-08,2004-01,,109.57,,109.57,0.0,,40.13,2005-03,,2006-12,21.0,,,0,0,,,,MonthlyFR_aug_2006.pdf,Sector-Wise analysis of projects,35,453
FR_200608_454,,,454,"KARNATAKA CMTS, PHASE- IV",,,SHIPPING & PORTS,2006-08,2004-01,,373.46,,260.0,-113.46,,136.11,2005-06,,2006-12,18.0,,,0,0,,,,MonthlyFR_aug_2006.pdf,Sector-Wise analysis of projects,35,454
FR_200608_455,,,455,CMTS(Ph-IV) GSM BASED NETWORK EXPANSION Ph-IV (BSNL)(Haryana,,,SHIPPING & PORTS,2006-08,2004-12,,185.0,,200.0,15.0,,76.82,2005-06,,2006-12,18.0,,,0,0,,,,MonthlyFR_aug_2006.pdf,Sector-Wise analysis of projects,35,455
FR_200608_456,,,456,"JHARKHAND CMTS, PHASE- IV",,,SHIPPING & PORTS,2006-08,2004-09,,134.85,,134.85,0.0,,32.58,2005-11,,2006-12,13.0,,,0,0,,,,MonthlyFR_aug_2006.pdf,Sector-Wise analysis of projects,35,456
FR_200608_457,,,457,GSM BASED NETWORK EXPANSION Ph-IV (BSNL)(ASSAM),,,SHIPPING & PORTS,2006-08,2004-10,,101.86,,101.86,0.0,,43.14,2005-06,,2006-12,18.0,,,0,0,,,,MonthlyFR_aug_2006.pdf,Sector-Wise analysis of projects,35,457
FR_200608_458,,,458,"GSM NETWORK EXPANSION, PH-IV, UP (W), (UTTAR PRADESH)",,,SHIPPING & PORTS,2006-08,2004-08,,359.07,,359.07,0.0,,70.52,2005-06,,2006-12,18.0,,,0,0,,,,MonthlyFR_aug_2006.pdf,Sector-Wise analysis of projects,35,458
FR_200608_459,,,459,GSM EXPANSION Ph.IV (B) (BSNL) (WEST ZONE-MP),,,SHIPPING & PORTS,2006-08,2005-07,,174.0,,174.0,0.0,,,2006-03,,2007-03,12.0,,,0,0,,,,MonthlyFR_aug_2006.pdf,Sector-Wise analysis of projects,35,459
FR_200608_460,,,460,"GSM EXPANSION, PH-IV (B) (MAHARASHTRA)",,,SHIPPING & PORTS,2006-08,2005-07,,1174.75,,1174.75,0.0,,22.52,2006-03,,2007-03,12.0,,,0,0,,,,MonthlyFR_aug_2006.pdf,Sector-Wise analysis of projects,35,460
FR_200608_461,,,461,NATIONAL RADIO SPECTRUM MANAGEMENT& MONITORING SYSTEM (NRSMM,,,SHIPPING & PORTS,2006-08,2000-08,,279.97,,169.38,-110.59,,121.66,2004-12,,2007-03,27.0,,,0,0,,,,MonthlyFR_aug_2006.pdf,Sector-Wise analysis of projects,35,461
FR_200608_462,,,462,CONVERGENT BILLING AND CRM FOR MTNL (DELHI),,,SHIPPING & PORTS,2006-08,2005-12,,249.0,,249.0,0.0,,,2007-02,,2007-12,10.0,,,0,0,,,,MonthlyFR_aug_2006.pdf,Sector-Wise analysis of projects,35,462
FR_200608_463,,,463,CDMA WLL EQUIPMENT-1 (MUMBAI),,,SHIPPING & PORTS,2006-08,2003-08,,128.3,,128.3,0.0,,50.44,2004-02,,,,,,0,0,,,,MonthlyFR_aug_2006.pdf,Sector-Wise analysis of projects,35,463
FR_200608_464,,,464,CDMA WLL EQUIPMENT-2 (MUMBAI),,,SHIPPING & PORTS,2006-08,2004-07,,362.26,,188.0,-174.26,,51.3,2004-12,,,,,,0,0,,,,MonthlyFR_aug_2006.pdf,Sector-Wise analysis of projects,35,464
FR_200608_465,,,465,CMTS - PHASE - III (BSNL) (RAJASTHAN),,,SHIPPING & PORTS,2006-08,2003-05,,119.43,,119.43,0.0,,,2004-08,,,,,,0,0,,,,MonthlyFR_aug_2006.pdf,Sector-Wise analysis of projects,35,465
FR_200608_466,,,466,GSM EXPANSION Ph.IV (B) (BSNL) (NE-I & II),,,SHIPPING & PORTS,2006-08,2005-06,,109.02,,109.02,0.0,,22.85,2005-12,,,,,,0,0,,,,MonthlyFR_aug_2006.pdf,Sector-Wise analysis of projects,35,466
FR_200608_467,,,467,CHENNAI PHASE-III CMTS,,,SHIPPING & PORTS,2006-08,2003-05,,233.21,,,0.0,,72.3,2004-03,,,,,,0,0,,,,MonthlyFR_aug_2006.pdf,Sector-Wise analysis of projects,35,467
FR_200608_468,,,468,GSM BASED NETWORK EXPANSION Ph-IV (BSNL)(GUJARAT),,,SHIPPING & PORTS,2006-08,2003-03,,202.33,,202.33,0.0,,89.09,2005-01,,,,,,0,0,,,,MonthlyFR_aug_2006.pdf,Sector-Wise analysis of projects,36,468
FR_200608_469,,,469,DELHI METRO RAPID TRANSIT SYSTEM PH-I,,,URBAN DEVELOPMENT,2006-08,1996-09,2002-12,4860.0,10571.0,10571.0,5711.0,0.0,10201.45,2005-03,,2006-10,19.0,,,27,31,,,,MonthlyFR_aug_2006.pdf,Sector-Wise analysis of projects,36,469
FR_200608_470,,,470,"DELHI METRO RAPID TRANSIT SYSTEM, PHASE-II",,,URBAN DEVELOPMENT,2006-08,2005-08,,8118.0,,8118.0,0.0,,122.55,2010-06,,2010-06,0.0,,,0,0,,,,MonthlyFR_aug_2006.pdf,Sector-Wise analysis of projects,36,470
FR_200608_471,,,471,PAGLADIYA DAM PROJECT,,,URBAN DEVELOPMENT,2006-08,2001-01,,542.9,,1069.4,526.5,,31.76,2007-12,,2008-03,3.0,,,0,0,,,,MonthlyFR_aug_2006.pdf,Sector-Wise analysis of projects,36,471
