observation_id,project_id,project_code,serial_no,project_name,agency,state,sector,report_date,approval_date,approval_date_revised,original_cost_crore,revised_cost_crore,anticipated_cost_crore,cost_overrun_original_crore,cost_overrun_revised_crore,cumulative_expenditure_crore,original_completion_date,revised_completion_date,anticipated_completion_date,time_overrun_original_months,time_overrun_revised_months,additional_delay_months,milestones_achieved,milestones_total,physical_progress_pct,delay_reason,status,source.report,source.table,source.page,source.serial_no
FR_201005_001,,020100041,1,KAIGA 3 and 4 UNITS (NPCIL) -,NPCIL,,ATOMIC ENERGY,2010-05,2001-05,,4213.0,,3282.0,,,2536.0,2009-10,2007-09,2010-08,,,,71,75,,,,FR_May_2010.pdf,Sector-Wise analysis of projects,28,1
FR_201005_002,,N02000007,2,URANIUM ORE MINE & PROCESSING PLANT AT TUMMALAPALL -,,,ATOMIC ENERGY,2010-05,2007-09,,1106.29,,1106.29,,,486.37,,,2011-04,,,,0,1,,,,FR_May_2010.pdf,Sector-Wise analysis of projects,28,2
FR_201005_003,,020100040,3,KUDANKULAM APP (NPCIL) -,NPCIL,,ATOMIC ENERGY,2010-05,2001-12,,13171.0,,13171.0,,,13002.0,2008-12,,2011-06,,,,61,119,,,,FR_May_2010.pdf,Sector-Wise analysis of projects,28,3
FR_201005_004,,020100044,4,"PROTOTYPE FAST BREEDER REACTOR (BHAVINI, 500 MWE) - Total","BHAVINI, 500 MWE",,ATOMIC ENERGY,2010-05,2003-09,,3492.0,21982.29,5677.0,,,2440.88,2010-09,,2011-09,,,,8,80,,,,FR_May_2010.pdf,Sector-Wise analysis of projects,28,4
FR_201005_005,,N04000017,5,CONSTRUCTION OF NEW INTERNATIONAL TERMINAL BLDG. A -,,,CIVIL AVIATION,2010-05,2007-02,,290.92,,290.92,,,239.59,,,2010-06,,,,1,24,,,,FR_May_2010.pdf,Sector-Wise analysis of projects,28,5
FR_201005_006,,N04000040,6,D/O OF TERMINAL BLDG. AND PAVEMENT WORKS AT CHENNA -,,,CIVIL AVIATION,2010-05,2008-01,,535.0,,535.0,,,143.97,2010-06,,2010-06,,,,0,0,,,,FR_May_2010.pdf,Sector-Wise analysis of projects,28,6
FR_201005_007,,N04000068,7,CONSTRACTION OF RCC/PRE STRESSD CONCRETE BRIDGE K3 -,,,CIVIL AVIATION,2010-05,2009-06,,213.35,,213.35,,,112.0,2010-09,,2010-11,,,,0,0,,,,FR_May_2010.pdf,Sector-Wise analysis of projects,28,7
FR_201005_008,,N04000038,8,D/O KAMARAJ DOMESTIC TER-PH-II & EXP. ANNA INT. TE(K1) -,K1,,CIVIL AVIATION,2010-05,2008-08,,1273.0,1212.0,1273.0,,,255.24,2011-01,,2011-01,,,,0,0,,,,FR_May_2010.pdf,Sector-Wise analysis of projects,28,8
FR_201005_009,,N04000056,9,Extension of Secondary Runway(K2) -,K2,,CIVIL AVIATION,2010-05,2008-08,,230.0,,230.0,,,188.12,2011-01,,2011-01,,,,0,0,,,,FR_May_2010.pdf,Sector-Wise analysis of projects,28,9
FR_201005_010,,N04000037,10,C/O INTEGRATED PASSENGER TER. BULD. NSCBI AIRPORT -,,,CIVIL AVIATION,2010-05,2008-08,,1942.51,,1942.51,,,579.26,2011-05,,2011-08,,,,0,0,,,,FR_May_2010.pdf,Sector-Wise analysis of projects,28,10
FR_201005_011,,N04000050,11,C/o new Airport-SH: E/W in cutting and filling geogrid -,,,CIVIL AVIATION,2010-05,2009-01,,264.29,,264.29,,,10.02,2011-01,,,,,,0,0,,,,FR_May_2010.pdf,Sector-Wise analysis of projects,28,11
FR_201005_012,,N04000065,12,GAGAN PROJECT - Total,,,CIVIL AVIATION,2010-05,2008-09,,393.6,5142.67,393.6,,,160.29,2013-06,,,,,,0,0,,,,FR_May_2010.pdf,Sector-Wise analysis of projects,28,12
FR_201005_013,,060100090,13,BARSINGSAR MINE 2.10 MTPA LIGNITE (NLC) -,NLC,,COAL,2010-05,2004-12,,254.07,254.6,254.6,,,215.84,2009-06,,2010-05,,,,36,21,,,,FR_May_2010.pdf,Sector-Wise analysis of projects,28,13
FR_201005_014,,060100089,14,BARSINGSAR TPS (2X125MW) (NLC) -,NLC,,COAL,2010-05,2004-12,,1114.18,1626.09,1626.09,,,1433.21,2009-06,,2010-09,,,,59,26,,,,FR_May_2010.pdf,Sector-Wise analysis of projects,28,14
FR_201005_015,,N06000044,15,BALRAM OCP EXTENSION -,,,COAL,2010-05,2007-12,,172.08,,172.08,,,473.97,2009-03,,2011-03,,,,0,0,,,,FR_May_2010.pdf,Sector-Wise analysis of projects,28,15
FR_201005_016,,060100087,16,TPS-II EXPANSION (1470MW TO 1970MW) (NLC) -,NLC,,COAL,2010-05,2004-10,,2030.78,2453.57,2453.57,,,1970.33,2009-06,,2011-06,,,,41,24,,,,FR_May_2010.pdf,Sector-Wise analysis of projects,28,16
FR_201005_017,,060100092,17,KULDA OCP (MAHANADI COALFIELDS LTD.) -,MAHANADI COALFIELDS LTD.,,COAL,2010-05,2005-01,,302.96,27.0,302.96,,,57.9,2010-03,,2012-03,,,,0,4,,,,FR_May_2010.pdf,Sector-Wise analysis of projects,28,17
FR_201005_018,,060100093,18,GEVRA EXPANSION OCP (SECL) (25 MTY) -,25 MTY,,COAL,2010-05,2005-07,,1667.55,,1667.55,,,1008.38,2010-03,,2012-03,,,,3,7,,,,FR_May_2010.pdf,Sector-Wise analysis of projects,29,18
FR_201005_019,,060100096,19,ASHOK EXPN.OCP -CCL (5 MTY) -,5 MTY,,COAL,2010-05,2006-04,,471.66,341.63,341.63,,,101.25,2011-03,,2012-03,,,,0,0,,,,FR_May_2010.pdf,Sector-Wise analysis of projects,29,19
FR_201005_020,,N06000017,20,SHANTIKHANI LONGWALL PROJ- SCCL -,,,COAL,2010-05,2006-10,,249.03,,249.03,,,37.44,2012-03,,2012-03,,,,0,42,,,,FR_May_2010.pdf,Sector-Wise analysis of projects,29,20
FR_201005_021,,N06000033,21,"NIGAHI OC EXPANSION PROJECT 10 MTY TO 15 MTY, SINGRAULI -",,,COAL,2010-05,2007-10,,529.4,,259.4,,,0.4,2012-03,,2012-03,,,,0,0,,,,FR_May_2010.pdf,Sector-Wise analysis of projects,29,21
FR_201005_022,,N06000067,22,ANANTA OC EXPANSION PH-II -,,,COAL,2010-05,2008-08,,207.28,,207.28,,,249.85,2012-03,,2012-03,,,,0,0,,,,FR_May_2010.pdf,Sector-Wise analysis of projects,29,22
FR_201005_023,,N06000078,23,RAMAGUNDAM OC-II EXTENSION -,,,COAL,2010-05,2009-12,,418.57,,418.57,,,64.85,,,2012-03,,,,0,27,,,,FR_May_2010.pdf,Sector-Wise analysis of projects,29,23
FR_201005_024,,N06000080,24,MANUGURU OC-II EXTENSION PHASE-II -,,,COAL,2010-05,2010-03,,181.91,,181.19,,,,,,2012-03,,,,0,34,,,,FR_May_2010.pdf,Sector-Wise analysis of projects,29,24
FR_201005_025,,N06000047,25,TUTICORIN THERMAL POWER PROJECT -,,,COAL,2010-05,2008-05,,4904.54,,4904.54,,,779.31,2012-08,,2012-08,,,,0,0,,,,FR_May_2010.pdf,Sector-Wise analysis of projects,29,25
FR_201005_026,,N06000016,26,ADRIYALA SHAFT PROJECT -,,,COAL,2010-05,2006-09,,212.34,779.26,779.26,,,98.19,2013-03,,2012-09,,,,2,22,,,,FR_May_2010.pdf,Sector-Wise analysis of projects,29,26
FR_201005_027,,N06000048,27,KAKATIYA LAONGWALL -,,,COAL,2010-05,2008-12,,453.63,,453.63,,,48.4,,,2012-12,,,,0,44,,,,FR_May_2010.pdf,Sector-Wise analysis of projects,29,27
FR_201005_028,,N06000007,28,KRISHNASHILA (NCL) (4MTY) -,4MTY,,COAL,2010-05,2006-05,,789.88,741.56,741.56,,,135.17,2010-03,,2013-03,,,,0,1,,,,FR_May_2010.pdf,Sector-Wise analysis of projects,29,28
FR_201005_029,,N06000008,29,KUSMUNDA EXPN.OCP(SECL)(10MTY) -,10MTY,,COAL,2010-05,2006-06,,737.65,,1188.31,,,583.33,2011-03,2013-03,2013-03,,,,0,4,,,,FR_May_2010.pdf,Sector-Wise analysis of projects,29,29
FR_201005_030,,N06000009,30,BLOCK-B OCP NCL (3.5 MTY) -,3.5 MTY,,COAL,2010-05,2006-06,,746.04,437.34,437.34,,,135.65,2012-03,,2013-03,,,,0,1,,,,FR_May_2010.pdf,Sector-Wise analysis of projects,29,30
FR_201005_031,,N06000015,31,MAGADH OC (CCL) -,CCL,,COAL,2010-05,2006-07,,469.78,,706.4,,,16.17,2012-07,,2013-03,,,,0,1,,,,FR_May_2010.pdf,Sector-Wise analysis of projects,29,31
FR_201005_032,,N06000025,32,JALLARAM SHAFT PROJECT -,,,COAL,2010-05,2013-03,,467.78,,467.78,,,11.42,,,2013-03,,,,0,83,,,,FR_May_2010.pdf,Sector-Wise analysis of projects,29,32
FR_201005_033,,N06000035,33,KANIHA OCP -,,,COAL,2010-05,2007-12,,457.77,,457.77,,,48.96,2012-03,,2013-03,,,,0,0,,,,FR_May_2010.pdf,Sector-Wise analysis of projects,29,33
FR_201005_034,,N06000068,34,HINGULA OC-II EXP. PH-II (15 MTY) -,15 MTY,,COAL,2010-05,2008-11,,475.93,,479.53,,,175.35,2013-03,,2013-03,,,,0,0,,,,FR_May_2010.pdf,Sector-Wise analysis of projects,29,34
FR_201005_035,,N06000019,35,BINA EXTN. PROJ -,,,COAL,2010-05,2006-11,,168.97,,168.97,,,240.37,2014-03,,2013-11,,,,1,1,,,,FR_May_2010.pdf,Sector-Wise analysis of projects,29,35
FR_201005_036,,060100094,36,DIPKA EXPANSION OCP (SECL) (20 MTY) -,20 MTY,,COAL,2010-05,2005-07,,1268.53,,1943.66,,,789.87,2010-03,,2014-03,,,,2,6,,,,FR_May_2010.pdf,Sector-Wise analysis of projects,29,36
FR_201005_037,,N06000046,37,CHURCHA UG -,,,COAL,2010-05,2008-06,,462.35,,462.35,,,270.94,2014-06,,2014-03,,,,0,0,,,,FR_May_2010.pdf,Sector-Wise analysis of projects,29,37
FR_201005_038,,N06000056,38,RAJMAHAL OC EXP. -,,,COAL,2010-05,2006-02,,50.08,,153.82,,,,2010-03,,2014-03,,,,0,0,,,,FR_May_2010.pdf,Sector-Wise analysis of projects,29,38
FR_201005_039,,N06000066,39,PENGANGA OC -,,,COAL,2010-05,2008-10,,339.77,,339.77,,,,,,2014-03,,,,0,1,,,,FR_May_2010.pdf,Sector-Wise analysis of projects,29,39
FR_201005_040,,N06000076,40,KARTALI (EAST) OC -,EAST,,COAL,2010-05,2008-07,,178.44,,178.44,,,,2014-03,,2014-03,,,,0,0,,,,FR_May_2010.pdf,Sector-Wise analysis of projects,29,40
FR_201005_041,,N06000081,41,MANIKPUR OC EXPANTION -,,,COAL,2010-05,2009-11,,321.42,,321.5,,,206.71,2013-03,,2014-03,,,,0,0,,,,FR_May_2010.pdf,Sector-Wise analysis of projects,29,41
FR_201005_042,,N06000020,42,JHANJRA LONGWAL UG PHASE II -,,,COAL,2010-05,2006-11,,287.18,28.0,287.17,,,,2009-11,2012-01,2015-03,,,,0,0,,,,FR_May_2010.pdf,Sector-Wise analysis of projects,29,42
FR_201005_043,,N06000042,43,GOPAL PRASAD OCP -,,,COAL,2010-05,2008-02,,395.87,,395.87,,,22.73,2013-03,,2015-03,,,,0,0,,,,FR_May_2010.pdf,Sector-Wise analysis of projects,30,43
FR_201005_044,,N06000045,44,PELMA OC -,,,COAL,2010-05,2008-07,,448.32,,448.32,,,,2012-03,,2015-03,,,,0,0,,,,FR_May_2010.pdf,Sector-Wise analysis of projects,30,44
FR_201005_045,,N06000049,45,Batura OC -,,,COAL,2010-05,2008-09,,203.82,,203.82,,,,2013-03,,2015-03,,,,0,0,,,,FR_May_2010.pdf,Sector-Wise analysis of projects,30,45
FR_201005_046,,N06000075,46,JAGANNATHPOR OC -,,,COAL,2010-05,2008-09,,152.43,,152.43,,,,2015-03,,2015-03,,,,0,0,,,,FR_May_2010.pdf,Sector-Wise analysis of projects,30,46
FR_201005_047,,N06000079,47,RKP OCP PHASE-I -,,,COAL,2010-05,2010-03,,201.58,,209.78,,,0.18,,,2015-03,,,,0,31,,,,FR_May_2010.pdf,Sector-Wise analysis of projects,30,47
FR_201005_048,,N06000010,48,AMLOHRI EPR (NCL) (6 MTY) -,6 MTY,,COAL,2010-05,2006-05,,1352.04,1143.54,1143.54,,,27.17,2014-03,,2016-03,,,,1,1,,,,FR_May_2010.pdf,Sector-Wise analysis of projects,30,48
FR_201005_049,,N06000034,49,BHUBANESWARI OCP -,,,COAL,2010-05,2007-12,,490.1,,490.1,,,56.52,2014-03,,2016-03,,,,0,0,,,,FR_May_2010.pdf,Sector-Wise analysis of projects,30,49
FR_201005_050,,N06000043,50,TALABIRA OCP -,,,COAL,2010-05,2008-03,,447.72,,447.72,,,5.32,2015-03,,2016-03,,,,0,0,,,,FR_May_2010.pdf,Sector-Wise analysis of projects,30,50
FR_201005_051,,N06000082,51,AMLAI OC EXPANSION SECTOR 'B' (1.50 MTY) - Total,1.50 MTY,,COAL,2010-05,2009-11,,158.59,24242.02,158.59,,,99.66,2016-03,,2016-03,,,,0,0,,,,FR_May_2010.pdf,Sector-Wise analysis of projects,30,51
FR_201005_052,,N08000003,52,THAL AMMONIA REVAMP PROJECT -,,,FERTILISERS,2010-05,2009-01,,488.75,,488.75,,,,2011-03,,2011-03,,,,0,0,,,,FR_May_2010.pdf,Sector-Wise analysis of projects,30,52
FR_201005_053,,N08000007,53,CAPACITY ENHANCEMENT OF VIJAIPUR-I -,,,FERTILISERS,2010-05,2008-09,,325.0,,325.0,,,,2011-07,,2011-07,,,,0,0,,,,FR_May_2010.pdf,Sector-Wise analysis of projects,30,53
FR_201005_054,,N08000008,54,CAPACITY ENHANCEMENT OF AMMONIA AND UREA PLANT VIJ -,,,FERTILISERS,2010-05,2008-09,,438.0,,438.0,,,,2011-07,,2011-07,,,,0,0,,,,FR_May_2010.pdf,Sector-Wise analysis of projects,30,54
FR_201005_055,,N08000004,55,PANIPATH - AMMONIA PLANT FEEDSTOCK PLANT -,,,FERTILISERS,2010-05,2010-01,,1292.84,,1292.84,,,,2012-10,,2012-10,,,,0,0,,,,FR_May_2010.pdf,Sector-Wise analysis of projects,30,55
FR_201005_056,,N08000005,56,BATHINDA - AMMONIA PLANT FEEDSTOCK PROJECT -,,,FERTILISERS,2010-05,2010-01,,1294.19,,1294.19,,,,2012-10,,2012-10,,,,0,0,,,,FR_May_2010.pdf,Sector-Wise analysis of projects,30,56
FR_201005_057,,N08000006,57,NANGAL - AMMONIA PLANT FEEDSTOCK PROJECT - Total,,,FERTILISERS,2010-05,2010-01,,1478.63,5317.41,1478.63,,,,2012-10,,2012-10,,,,0,0,,,,FR_May_2010.pdf,Sector-Wise analysis of projects,30,57
FR_201005_058,,100100054,58,"SECOND PHASE EXPANSION OF CAPTIVE ALUMINIUM,SMELTER AND POWE - Total",,,MINES,2010-05,2004-10,,4091.51,4091.51,4091.51,,,3316.0,2008-12,,2009-11,,,,18,111,,,,FR_May_2010.pdf,Sector-Wise analysis of projects,30,58
FR_201005_059,,N12000021,59,REBUILDING OF COKE OVEN BATTRY NO.-4 -,,,STEEL,2010-05,2007-05,,248.94,,248.94,,,164.48,2009-08,,2010-02,,,,0,0,,,,FR_May_2010.pdf,Sector-Wise analysis of projects,30,59
FR_201005_060,,N12000036,60,SIMULTANEOUS BLOWING OF BOF CONVERTER OF SMS-II -,,,STEEL,2010-05,2008-01,,197.66,29.0,197.66,,,118.16,,,2010-03,,,,0,0,,,,FR_May_2010.pdf,Sector-Wise analysis of projects,30,60
FR_201005_061,,N12000035,61,REBUILDING OF BLAST FURNANCE NO.2(BOKARO STEEL PL -,,,STEEL,2010-05,2007-10,,892.32,,892.32,,,583.78,,,2010-04,,,,2,1,,,,FR_May_2010.pdf,Sector-Wise analysis of projects,31,61
FR_201005_062,,N12000016,62,REBUILIDING OF COKE OVEN BATTERY-10 -,,,STEEL,2010-05,2007-03,,416.5,,416.5,,,278.89,,,2010-06,,,,1,1,,,,FR_May_2010.pdf,Sector-Wise analysis of projects,31,62
FR_201005_063,,N12000017,63,BILADILLA IRON ORE DEPOSITE-11B -,,,STEEL,2010-05,2009-01,,295.89,,295.89,,,213.74,2009-10,,2010-06,,,,0,0,,,,FR_May_2010.pdf,Sector-Wise analysis of projects,31,63
FR_201005_064,,N12000018,64,Deve. of Bailadila Iron Ore Deposit- II(B)(NMDC) -,NMDC,,STEEL,2010-05,2003-01,,295.89,,607.17,,,213.89,2009-10,,2010-06,,,,2,21,,,,FR_May_2010.pdf,Sector-Wise analysis of projects,31,64
FR_201005_065,,N12000050,65,EXPANSION OF SALEM STEEL PLANT -,,,STEEL,2010-05,2008-01,,1902.0,,1902.0,,,1543.37,,,2010-06,,,,2,6,,,,FR_May_2010.pdf,Sector-Wise analysis of projects,31,65
FR_201005_066,,N12000054,66,REBUILDING OF COKE OVEN BATTERY NO-6 (BSP) -,BSP,,STEEL,2010-05,2008-07,,172.78,,191.0,,,93.35,,,2010-06,,,,0,1,,,,FR_May_2010.pdf,Sector-Wise analysis of projects,31,66
FR_201005_067,,N12000060,67,AIR SEPARATION PLANT (ASU-4) -,ASU-4,,STEEL,2010-05,2008-03,,96.0,,170.0,,,42.02,2010-06,,2010-06,,,,0,0,,,,FR_May_2010.pdf,Sector-Wise analysis of projects,31,67
FR_201005_068,,N12000025,68,"INSTALLATION OF 700 TPD OXYGEN PLANT, ROURKELA -",,,STEEL,2010-05,2007-07,,302.7,,302.7,,,232.51,2009-06,,2010-07,,,,0,0,,,,FR_May_2010.pdf,Sector-Wise analysis of projects,31,68
FR_201005_069,,N12000039,69,POWER PLANT-I -,,,STEEL,2010-05,2007-09,,462.0,,350.0,,,84.4,2009-12,,2010-08,,,,0,0,,,,FR_May_2010.pdf,Sector-Wise analysis of projects,31,69
FR_201005_070,,N12000069,70,330 TPH BOILER-6 AND AUXILIARY SYSTEM -,,,STEEL,2010-05,2007-07,,260.0,,353.0,,,80.0,2010-02,,2010-08,,,,0,0,,,,FR_May_2010.pdf,Sector-Wise analysis of projects,31,70
FR_201005_071,,N12000068,71,67.5 MW TG-5 AUX. S'TEM EMERGENCY POWER REQUIREM -,,,STEEL,2010-05,2007-07,,230.0,,358.0,,,114.32,2010-02,,2011-01,,,,0,0,,,,FR_May_2010.pdf,Sector-Wise analysis of projects,31,71
FR_201005_072,,N12000033,72,Rebuilding of coke oven battery No.1 & 2 (Bokaro S -,,,STEEL,2010-05,2007-10,,500.9,,500.9,,,182.63,,,2011-04,,,,0,2,,,,FR_May_2010.pdf,Sector-Wise analysis of projects,31,72
FR_201005_073,,N12000023,73,"700TPD ARI SEPARATION UNIT-4 AT OXYGEN PLANT-II, BHILLAI -",,,STEEL,2010-05,2007-07,,111.28,,232.93,,,52.37,,,2011-05,,,,0,1,,,,FR_May_2010.pdf,Sector-Wise analysis of projects,31,73
FR_201005_074,,120100067,74,EXPANSION OF RINL/VSP FROM 3 MTPY-6.3 MTPY OF LIQUID STEEL -,,,STEEL,2010-05,2005-10,,8692.0,,12228.0,,,6203.0,2009-10,,2011-06,,,,0,126,,,,FR_May_2010.pdf,Sector-Wise analysis of projects,31,74
FR_201005_075,,N12000038,75,COKE OVEN BATTERY NO. 4 PHASE- II -,,,STEEL,2010-05,2007-08,,108.0,,168.95,,,12.0,2009-10,,2011-06,,,,0,0,,,,FR_May_2010.pdf,Sector-Wise analysis of projects,31,75
FR_201005_076,,N12000051,76,EXPANSION OF IISCO STEEL PLANT -,,,STEEL,2010-05,2008-02,,14443.0,,14443.0,,,7703.14,,,2011-06,,,,0,6,,,,FR_May_2010.pdf,Sector-Wise analysis of projects,31,76
FR_201005_077,,N12000053,77,Augmentation of Iron Ore Storage in RMHP -,,,STEEL,2010-05,2008-05,,480.0,,480.84,,,4.04,2010-09,,2011-12,,,,0,0,,,,FR_May_2010.pdf,Sector-Wise analysis of projects,31,77
FR_201005_078,,N12000055,78,EXPANSION OF BOKARO STEEL PLANT -,,,STEEL,2010-05,2008-01,,3316.0,,3534.0,,,1114.89,,,2011-12,,,,0,7,,,,FR_May_2010.pdf,Sector-Wise analysis of projects,31,78
FR_201005_079,,N12000056,79,EXPENSION OF ROURKELA STEEL PLANT -,,,STEEL,2010-05,2008-09,,6133.0,,8128.0,,,2506.34,2011-02,,2013-03,,,,0,0,,,,FR_May_2010.pdf,Sector-Wise analysis of projects,31,79
FR_201005_080,,N12000057,80,EXPANSION OF BHILAI STEEL PLANT - Total,,,STEEL,2010-05,2008-09,,5185.0,44741.86,6146.0,,,1130.39,,,2013-03,,,,0,8,,,,FR_May_2010.pdf,Sector-Wise analysis of projects,31,80
FR_201005_081,,160100281,81,CLEAN FUELS PROJECT AT VISAKH REFINERY(HPCL) -,HPCL,,PETROLEUM,2010-05,2003-04,,1635.0,30.0,2147.79,,,2095.36,2006-05,,2009-12,,,,29,45,,,,FR_May_2010.pdf,Sector-Wise analysis of projects,31,81
FR_201005_082,,N16000028,82,"CRUDE OIL RECEIPT FACILITIES,KOCHI REFINERY -",,,PETROLEUM,2010-05,2006-04,,2591.8,,3941.41,,,1793.0,2009-09,,2009-12,,,,0,0,,,,FR_May_2010.pdf,Sector-Wise analysis of projects,32,82
FR_201005_083,,N16000035,83,MSQ UPGRADATION PROJECT AT PANIPAT REFINERY -,,,PETROLEUM,2010-05,2008-01,,1131.0,,1131.0,,,750.71,2009-12,,2010-01,,,,0,0,,,,FR_May_2010.pdf,Sector-Wise analysis of projects,32,83
FR_201005_084,,160100289,84,INST. OF FACILITIES FOR IMPROVEMENT IN DIESEL QUALITY (IOCL) -,IOCL,,PETROLEUM,2010-05,2005-11,,1876.0,2869.0,3127.0,,,2688.58,2009-04,2009-12,2010-02,,,,36,36,,,,FR_May_2010.pdf,Sector-Wise analysis of projects,32,84
FR_201005_085,,N16000034,85,INST. OF FCC GASOLINE DESULPHUN UNIT AT MATHURA RE -,,,PETROLEUM,2010-05,2008-01,,348.0,,348.0,,,186.58,2009-12,,2010-02,,,,0,0,,,,FR_May_2010.pdf,Sector-Wise analysis of projects,32,85
FR_201005_086,,N16000047,86,CHAINSA-JHAJJAR PIPE LINE PROJECT -,,,PETROLEUM,2010-05,2007-11,,967.77,571.64,565.0,,,405.34,2009-09,2010-03,2010-03,,,,0,0,,,,FR_May_2010.pdf,Sector-Wise analysis of projects,32,86
FR_201005_087,,N16000078,87,BINA DESPATCH TERMINAL -,,,PETROLEUM,2010-05,2007-05,,490.71,639.11,639.11,,,576.17,2009-12,2010-03,2010-03,,,,0,0,,,,FR_May_2010.pdf,Sector-Wise analysis of projects,32,87
FR_201005_088,,N16000079,88,BINA KOTA PIPE LINE PROJECT -,,,PETROLEUM,2010-05,2007-07,,405.82,,405.82,,,349.82,2009-12,2010-03,2010-03,,,,0,0,,,,FR_May_2010.pdf,Sector-Wise analysis of projects,32,88
FR_201005_089,,N16000048,89,VIJAPUR DADRI-BAWANA PIPE LINE PROJECT -,,,PETROLEUM,2010-05,2007-11,,5595.31,,3860.0,,,3114.04,2009-11,2010-04,2010-04,,,,0,0,,,,FR_May_2010.pdf,Sector-Wise analysis of projects,32,89
FR_201005_090,,160100292,90,PANIPAT NAPHTA CRACKER PROJECT -,,,PETROLEUM,2010-05,2006-04,,14439.0,,15292.0,,,12054.37,2009-11,2009-11,2010-05,,,,61,101,,,,FR_May_2010.pdf,Sector-Wise analysis of projects,32,90
FR_201005_091,,N16000018,91,DADRI- PANIPAT R-LNG SPUR PIPELINE -,,,PETROLEUM,2010-05,2005-06,,250.66,350.0,389.0,,,484.73,2008-06,,2010-05,,,,0,0,,,,FR_May_2010.pdf,Sector-Wise analysis of projects,32,91
FR_201005_092,,N16000055,92,BARGE BUMPER-BOAT LANDING- RISER PROTECTOR PROJECT -,,,PETROLEUM,2010-05,2008-05,,289.6,,289.6,,,198.16,2010-05,,2010-05,,,,0,0,,,,FR_May_2010.pdf,Sector-Wise analysis of projects,32,92
FR_201005_093,,N16000067,93,SINGLE POINT MOORING PROJECT AT VISAKHAPATNAM -,,,PETROLEUM,2010-05,2008-11,,643.46,,643.46,,,434.38,,,2010-05,,,,0,2,,,,FR_May_2010.pdf,Sector-Wise analysis of projects,32,93
FR_201005_094,,N16000026,94,LUBE OIL BASE STOCK QUALITY UPGRADATION AT MUMBAI REFINERY -,,,PETROLEUM,2010-05,2006-10,,638.9,1030.0,1030.0,,,715.97,2009-04,,2010-06,,,,0,0,,,,FR_May_2010.pdf,Sector-Wise analysis of projects,32,94
FR_201005_095,,160100168,95,"C2-C3 AND LPG RECOVERY FROM LNG, DAHEJ (ONGC) -",ONGC,,PETROLEUM,2010-05,2003-12,,900.92,,1493.49,,,673.81,2006-06,2008-05,2010-07,,,,0,2,,,,FR_May_2010.pdf,Sector-Wise analysis of projects,32,95
FR_201005_096,,N16000009,96,"DIESEL HYDRO TREATMENT PROJECT,BRPL DHALIGAON -",,,PETROLEUM,2010-05,2006-06,,1431.91,,1675.72,,,1370.28,2009-09,,2010-07,,,,0,0,,,,FR_May_2010.pdf,Sector-Wise analysis of projects,32,96
FR_201005_097,,N16000036,97,MSQ UPGRADATION PROJECT AT GUWAHATI REFINERY -,,,PETROLEUM,2010-05,2008-04,,372.0,,372.0,,,201.11,2010-02,,2010-07,,,,0,0,,,,FR_May_2010.pdf,Sector-Wise analysis of projects,32,97
FR_201005_098,,N16000037,98,MSQ UPGRADATION PROJECT AT DIGBOI REFINERY -,,,PETROLEUM,2010-05,2008-04,,356.0,,356.0,,,185.13,2010-02,,2010-07,,,,0,0,,,,FR_May_2010.pdf,Sector-Wise analysis of projects,32,98
FR_201005_099,,N16000038,99,MSQ UPGRADATION PROJECT AT BARAUNI REFINERY -,,,PETROLEUM,2010-05,2008-04,,1492.0,,1492.0,,,854.73,2010-04,,2010-07,,,,0,0,,,,FR_May_2010.pdf,Sector-Wise analysis of projects,32,99
FR_201005_100,,N16000040,100,MSQ IMPROVMENT PROJECT -,,,PETROLEUM,2010-05,2008-04,,293.6,,293.6,,,164.38,2009-12,,2010-07,,,,0,0,,,,FR_May_2010.pdf,Sector-Wise analysis of projects,32,100
FR_201005_101,,N16000049,101,SULTANPUR NEEMRANA PIPE LINE PROJECT (Spurline to CJPL) -,Spurline to CJPL,,PETROLEUM,2010-05,2007-11,,396.13,,396.13,,,170.82,2009-10,2010-06,2010-07,,,,0,0,,,,FR_May_2010.pdf,Sector-Wise analysis of projects,32,101
FR_201005_102,,N16000021,102,RESIDUE UPGRADATION AND MS/HSD QUALITY IMPROVEMENT -,,,PETROLEUM,2010-05,2007-01,,5693.0,6898.0,6898.0,,,5330.21,2010-01,2010-06,2010-08,,,,0,0,,,,FR_May_2010.pdf,Sector-Wise analysis of projects,32,102
FR_201005_103,,N16000080,103,CAPACITY EXP. CUM MODERNISATION PH-II -,,,PETROLEUM,2010-05,2009-09,,2591.8,3941.41,3941.41,,,2688.84,2009-12,,2010-09,,,,0,0,,,,FR_May_2010.pdf,Sector-Wise analysis of projects,32,103
FR_201005_104,,N16000017,104,EXPANSION OF PANIPAT REFINERY FROM 12 TO 15 MMTPA -,,,PETROLEUM,2010-05,2005-06,,1007.83,,1007.83,,,684.18,2009-12,2009-12,2010-10,,,,18,49,,,,FR_May_2010.pdf,Sector-Wise analysis of projects,33,104
FR_201005_105,,N16000051,105,JHAJJAR HISSAR PIPE LINE PROJECT -,,,PETROLEUM,2010-05,2007-11,,281.07,,281.07,,,1.13,2010-10,,2010-10,,,,0,0,,,,FR_May_2010.pdf,Sector-Wise analysis of projects,33,105
FR_201005_106,,N16000053,106,COMPRESSOR STATIONS (VIJAYPUR AND JHABUA) PHASE-I -,VIJAYPUR AND JHABUA,,PETROLEUM,2010-05,2007-11,,1512.0,1434.0,1434.0,,,216.33,2011-10,2011-04,2010-10,,,,0,0,,,,FR_May_2010.pdf,Sector-Wise analysis of projects,33,106
FR_201005_107,,N16000056,107,INSTALLATION OF FCCV AT MUMBAI REFINERY -,,,PETROLEUM,2010-05,2007-03,,900.47,,900.47,,,592.37,2009-09,,2010-12,,,,0,0,,,,FR_May_2010.pdf,Sector-Wise analysis of projects,33,107
FR_201005_108,,N16000066,108,CONSTRUCTION OF NEW TERMINAL AT ENNORE CHENNAI -,,,PETROLEUM,2010-05,2008-01,,224.0,,224.0,,,74.49,2010-12,,2010-12,,,,0,0,,,,FR_May_2010.pdf,Sector-Wise analysis of projects,33,108
FR_201005_109,,N16000076,109,Guru Govind Singh Refinary Products Evacuation Project -,,,PETROLEUM,2010-05,2009-01,,605.4,605.4,605.4,,,201.74,2010-12,2010-12,2010-12,,,,12,17,,,,FR_May_2010.pdf,Sector-Wise analysis of projects,33,109
FR_201005_110,,N16000083,110,REFRIGERAPED LPG STORAGE AT JNPT -,,,PETROLEUM,2010-05,2008-06,,304.4,,304.4,,,101.07,2010-12,,2010-12,,,,0,0,,,,FR_May_2010.pdf,Sector-Wise analysis of projects,33,110
FR_201005_111,,N16000074,111,CAPACITY AUGMENTATION OF AGRA& FEROZABAD REGION -,,,PETROLEUM,2010-05,2009-07,,199.57,,199.57,,,0.74,,,2011-01,,,,8,5,,,,FR_May_2010.pdf,Sector-Wise analysis of projects,33,111
FR_201005_112,,160100215,112,IOR LAKWA - LAKHMANI (ONGCL) -,ONGCL,,PETROLEUM,2010-05,2001-09,,345.1,,600.0,,,523.08,2007-03,,2011-03,,,,3,3,,,,FR_May_2010.pdf,Sector-Wise analysis of projects,33,112
FR_201005_113,,160100216,113,IOR GELEKI (ONGCL) -,ONGCL,,PETROLEUM,2010-05,2001-09,,390.09,,1200.0,,,988.06,2007-03,,2011-03,,,,6,6,,,,FR_May_2010.pdf,Sector-Wise analysis of projects,33,113
FR_201005_114,,160100217,114,"IOR, RUDRASAGAR (ONGCL) -",ONGCL,,PETROLEUM,2010-05,2001-09,,113.9,,371.05,,,145.95,2006-03,,2011-03,,,,6,6,,,,FR_May_2010.pdf,Sector-Wise analysis of projects,33,114
FR_201005_115,,N16000023,115,DEVELOPMENT OF C-SERIES FIELDS -,,,PETROLEUM,2010-05,2006-08,,3195.16,,2800.0,,,2681.28,2008-12,2008-12,2011-03,,,,0,0,,,,FR_May_2010.pdf,Sector-Wise analysis of projects,33,115
FR_201005_116,,N16000024,116,HEERA AND SOUTH HEERA RE- DEVELOPMENT PROJECT -,,,PETROLEUM,2010-05,2006-09,,2305.3,,2305.3,,,1971.48,2010-06,2010-06,2011-03,,,,0,0,,,,FR_May_2010.pdf,Sector-Wise analysis of projects,33,116
FR_201005_117,,N16000085,117,NORTH TAPTI GAS FIELD DEV. -,,,PETROLEUM,2010-05,2008-07,,589.7,,755.76,,,,2011-03,,2011-03,,,,0,0,,,,FR_May_2010.pdf,Sector-Wise analysis of projects,33,117
FR_201005_118,,N16000096,118,North Tapti Gas Field Development -,,,PETROLEUM,2010-05,2010-01,,589.7,755.56,755.56,,,,2011-03,,2011-03,,,,0,0,,,,FR_May_2010.pdf,Sector-Wise analysis of projects,33,118
FR_201005_119,,N16000050,119,BAWANA NANGAL PIPE LINE PROJECT -,,,PETROLEUM,2010-05,2010-10,,1816.07,1816.07,1816.07,,,182.56,2010-10,2011-04,2011-04,,,,0,0,,,,FR_May_2010.pdf,Sector-Wise analysis of projects,33,119
FR_201005_120,,N16000052,120,DAHEJ-VIJAYPUR PIPE LINE PROJECT(PHASE-II) -,PHASE-II,,PETROLEUM,2010-05,2007-11,,4429.38,4403.0,2800.0,,,892.47,2010-10,2011-04,2011-04,,,,0,0,,,,FR_May_2010.pdf,Sector-Wise analysis of projects,33,120
FR_201005_121,,N16000054,121,COMPRESSOR STATIONS (KAILARAS &CHAINSA) -,KAILARAS &CHAINSA,,PETROLEUM,2010-05,2007-11,,1061.93,1167.0,1167.0,,,17.76,2011-11,2011-04,2011-04,,,,0,0,,,,FR_May_2010.pdf,Sector-Wise analysis of projects,33,121
FR_201005_122,,N16000062,122,HEERA RECONSTRUCTION -,,,PETROLEUM,2010-05,2008-05,,706.7,,706.7,,,257.48,2010-04,,2011-04,,,,0,0,,,,FR_May_2010.pdf,Sector-Wise analysis of projects,33,122
FR_201005_123,,N16000063,123,NEELAM RECONSTRUCTION -,,,PETROLEUM,2010-05,2008-05,,305.08,,305.08,,,42.56,2011-04,,2011-04,,,,0,0,,,,FR_May_2010.pdf,Sector-Wise analysis of projects,33,123
FR_201005_124,,160100231,124,INTEGRATED DEV OF G1 and GS-15 (ONGCL) -,ONGCL,,PETROLEUM,2010-05,2003-04,,429.82,,1262.93,,,1234.69,2005-03,,2011-05,,,,0,0,,,,FR_May_2010.pdf,Sector-Wise analysis of projects,33,124
FR_201005_125,,N16000044,125,REVAMPING OF WIN PLATFORM AT MH ASSET -,,,PETROLEUM,2010-05,2008-05,,333.4,,330.4,,,0.35,2010-05,,2011-05,,,,0,0,,,,FR_May_2010.pdf,Sector-Wise analysis of projects,33,125
FR_201005_126,,N16000045,126,MNW-NF BRIDGE PROJECT -,,,PETROLEUM,2010-05,2008-05,,175.21,,162.12,,,58.19,2009-03,,2011-05,,,,0,0,,,,FR_May_2010.pdf,Sector-Wise analysis of projects,33,126
FR_201005_127,,N16000091,127,BNPL superlines(Uttranchal & Punjab) -,Uttranchal & Punjab,,PETROLEUM,2010-05,2009-12,,540.92,,540.92,,,,2011-05,,2011-05,,,,0,0,,,,FR_May_2010.pdf,Sector-Wise analysis of projects,33,127
FR_201005_128,,N16000092,128,VKPL Upgradation and Laying of Superlines -,,,PETROLEUM,2010-05,2009-12,,463.32,32.0,463.32,,,,2011-05,,2011-05,,,,0,0,,,,FR_May_2010.pdf,Sector-Wise analysis of projects,33,128
FR_201005_129,,N16000094,129,BNPL SPURLINE (UTTRANCHAL & PUNJAB) -,UTTRANCHAL & PUNJAB,,PETROLEUM,2010-05,2009-12,,540.92,,540.92,,,,,,2011-05,,,,6,5,,,,FR_May_2010.pdf,Sector-Wise analysis of projects,34,129
FR_201005_130,,N16000093,130,VKPL UPGRADATION AND LAYING OF SPURLINE (TO BHILWARA AND CHI -,,,PETROLEUM,2010-05,2009-12,,463.32,,463.32,,,,,,2011-06,,,,3,3,,,,FR_May_2010.pdf,Sector-Wise analysis of projects,34,130
FR_201005_131,,N16000075,131,Construction of Tank and Blending Facility at Vadi -,,,PETROLEUM,2010-05,2009-02,,267.0,,267.0,,,127.16,,,2011-08,,,,0,1,,,,FR_May_2010.pdf,Sector-Wise analysis of projects,34,131
FR_201005_132,,N16000068,132,DIESEL HYDROTREATOR PROJECT AT VISAKH REFINERY -,,,PETROLEUM,2010-05,2009-03,,3597.0,,3597.0,,,57.14,2011-09,,2011-09,,,,0,0,,,,FR_May_2010.pdf,Sector-Wise analysis of projects,34,132
FR_201005_133,,N16000069,133,DIESEL HYDROTREATOR PROJECT AT MUMBAI REFINERY -,,,PETROLEUM,2010-05,2009-03,,3284.0,,3284.0,,,47.31,2011-09,,2011-09,,,,0,0,,,,FR_May_2010.pdf,Sector-Wise analysis of projects,34,133
FR_201005_134,,N16000057,134,RESITMENT OF MARKETING INSTALATION AT VISAKH -,,,PETROLEUM,2010-05,2009-01,,756.0,,820.0,,,592.37,2011-12,,2011-12,,,,0,0,,,,FR_May_2010.pdf,Sector-Wise analysis of projects,34,134
FR_201005_135,,N16000059,135,BRANCH PIPELINE FROM KSPL VIRAMGAON TO KANDLA -,,,PETROLEUM,2010-05,2009-02,,349.0,,349.0,,,16.18,2011-08,,2011-12,,,,0,0,,,,FR_May_2010.pdf,Sector-Wise analysis of projects,34,135
FR_201005_136,,N16000081,136,HYDROCRACKER REVAMP & SETTING -,,,PETROLEUM,2010-05,2008-02,,825.0,,825.0,,,62.26,2011-12,,2011-12,,,,0,0,,,,FR_May_2010.pdf,Sector-Wise analysis of projects,34,136
FR_201005_137,,N16000084,137,CONSTRUCTION OF 12 OFFSHORE SUPPLY VESSELS(OSV) -,OSV,,PETROLEUM,2010-05,2007-06,,736.65,,736.65,,,154.37,2011-12,,2011-12,,,,0,0,,,,FR_May_2010.pdf,Sector-Wise analysis of projects,34,137
FR_201005_138,,N16000086,138,ADDITIONAL DEV. OF D-1 FIELD -,,,PETROLEUM,2010-05,2010-01,,2163.64,,2163.64,,,,2011-12,,2011-12,,,,0,0,,,,FR_May_2010.pdf,Sector-Wise analysis of projects,34,138
FR_201005_139,,N16000097,139,Additional Development of D-1 Field -,,,PETROLEUM,2010-05,2010-01,,2163.64,,2163.64,,,,2011-12,,2011-12,,,,0,0,,,,FR_May_2010.pdf,Sector-Wise analysis of projects,34,139
FR_201005_140,,N16000070,140,KARANPUR MORADABAD-KASHIPUR- RUDRAPUR PIPELINE PROJECT PHASE- -,,,PETROLEUM,2010-05,2009-07,,238.68,,238.68,,,,,,2012-01,,,,7,7,,,,FR_May_2010.pdf,Sector-Wise analysis of projects,34,140
FR_201005_141,,N16000031,141,OFFSHORE GRID INTERCONNECTIVITY PROJECT IN MUMBAI HIGH -,,,PETROLEUM,2010-05,2007-01,,740.02,,740.02,,,298.68,2010-03,2012-03,2012-03,,,,0,0,,,,FR_May_2010.pdf,Sector-Wise analysis of projects,34,141
FR_201005_142,,N16000072,142,JAGDISHPUR-HALDIA PIPELINE PROJECT PHASE-I -,,,PETROLEUM,2010-05,2009-07,,7596.18,,6652.22,,,0.5,2013-01,,2012-03,,,,0,0,,,,FR_May_2010.pdf,Sector-Wise analysis of projects,34,142
FR_201005_143,,N16000090,143,Integrated offshore crude Oil handling facilities at Paradip -,,,PETROLEUM,2010-05,2009-12,,1492.33,,1492.33,,,37.5,2012-06,,2012-03,,,,0,0,,,,FR_May_2010.pdf,Sector-Wise analysis of projects,34,143
FR_201005_144,,N16000033,144,DEVELOPMENT OF B-193 CLUSTER FIELDS -,,,PETROLEUM,2010-05,2007-06,,3248.78,,5633.44,,,0.61,2010-03,2010-08,2012-04,,,,0,0,,,,FR_May_2010.pdf,Sector-Wise analysis of projects,34,144
FR_201005_145,,N16000030,145,CONSTRUCTION OF NEW PROCESS COMPLEX MHN -,,,PETROLEUM,2010-05,2007-01,,2853.29,,6326.4,,,599.85,2010-05,,2012-05,,,,0,0,,,,FR_May_2010.pdf,Sector-Wise analysis of projects,34,145
FR_201005_146,,N16000032,146,DEVELOPMENT OF B-22 CLUSTER FIELDS -,,,PETROLEUM,2010-05,2007-01,,1552.63,2920.82,2920.82,,,5.24,2009-02,2010-09,2012-05,,,,0,0,,,,FR_May_2010.pdf,Sector-Wise analysis of projects,34,146
FR_201005_147,,N16000046,147,DEVELOPMENT OF B-46 CLUSTER FIELD -,,,PETROLEUM,2010-05,2007-06,,1436.21,,1436.21,,,,2010-07,,2012-05,,,,0,0,,,,FR_May_2010.pdf,Sector-Wise analysis of projects,34,147
FR_201005_148,,N16000065,148,ADDITIONAL GAS PROCESSING FACILITI AT HAZIRA -,,,PETROLEUM,2010-05,2008-02,,370.11,,370.11,,,8.53,2011-04,,2012-07,,,,0,0,,,,FR_May_2010.pdf,Sector-Wise analysis of projects,34,148
FR_201005_149,,N16000098,149,Up-gradation of Konaban GGS and Pipeline Grid Project -,,,PETROLEUM,2010-05,2008-07,,288.04,288.04,288.04,,,,2012-08,,2012-08,,,,0,0,,,,FR_May_2010.pdf,Sector-Wise analysis of projects,34,149
FR_201005_150,,N16000060,150,MUMBAI HIGH NORTH DEVELOPMENT PHASE-II -,,,PETROLEUM,2010-05,2009-01,,6855.93,,6855.93,,,536.22,2012-09,,2012-09,,,,0,0,,,,FR_May_2010.pdf,Sector-Wise analysis of projects,34,150
FR_201005_151,,N16000088,151,Paradip-Raipur-Sambalpur Ranchi Pipeline -,,,PETROLEUM,2010-05,2009-08,,1793.0,33.0,1793.0,,,14.24,2012-09,,2012-09,,,,0,0,,,,FR_May_2010.pdf,Sector-Wise analysis of projects,34,151
FR_201005_152,,N16000099,152,Construction of six Effluent Treatment Plants (ETP) -,ETP,,PETROLEUM,2010-05,2009-03,,234.78,234.78,234.78,,,,2012-09,,2012-09,,,,0,0,,,,FR_May_2010.pdf,Sector-Wise analysis of projects,35,152
FR_201005_153,,N16000058,153,PARADIP REFINERY PROJECT -,,,PETROLEUM,2010-05,2009-02,,29777.0,,29777.0,,,3413.38,2012-03,,2012-11,,,,0,0,,,,FR_May_2010.pdf,Sector-Wise analysis of projects,35,153
FR_201005_154,,N16000064,154,ADDITIONAL GAS PROCESSING UNITS AT URAN -,,,PETROLEUM,2010-05,2008-10,,1797.35,,1797.35,,,9.77,2011-12,,2012-11,,,,0,0,,,,FR_May_2010.pdf,Sector-Wise analysis of projects,35,154
FR_201005_155,,N16000071,155,KOCHI-KANJIRKOD BANGALORE- MANGALORE PIPELINE PROJECT PHASE-I -,,,PETROLEUM,2010-05,2009-06,,3032.0,3263.0,3263.0,,,5.58,,,2012-12,,,,5,7,,,,FR_May_2010.pdf,Sector-Wise analysis of projects,35,155
FR_201005_156,,N16000073,156,DHABOL-BANGALORE PIPELINE PROJECT PHASE-I -,,,PETROLEUM,2010-05,2009-06,,4543.43,5014.25,5014.25,,,5.74,,,2012-12,,,,8,7,,,,FR_May_2010.pdf,Sector-Wise analysis of projects,35,156
FR_201005_157,,N16000089,157,De-bottlenecking of SMPL -,,,PETROLEUM,2010-05,2009-12,,1584.0,,1584.0,,,2.51,,,2012-12,,,,0,0,,,,FR_May_2010.pdf,Sector-Wise analysis of projects,35,157
FR_201005_158,,N16000039,158,MUMBAI HIGH SOUTH REDEVELOPMENT PH-2 -,,,PETROLEUM,2010-05,2007-06,,1252.75,8813.41,8813.41,,,4304.35,2009-06,2013-03,2013-03,,,,0,0,,,,FR_May_2010.pdf,Sector-Wise analysis of projects,35,158
FR_201005_159,,N16000061,159,ASSAM RENEWAL PROJECT FOR GROUP A - Total,,,PETROLEUM,2010-05,2009-03,,2465.15,155953.74,2378.86,,,109.52,2013-03,,2013-03,,,,0,0,,,,FR_May_2010.pdf,Sector-Wise analysis of projects,35,159
FR_201005_160,,180100165,160,TUIRIAL HE PROJECT(NEEPCO) -,NEEPCO,,POWER,2010-05,1998-07,,368.72,,877.06,,,231.01,2006-07,,2010-03,,,,2,5,,,,FR_May_2010.pdf,Sector-Wise analysis of projects,35,160
FR_201005_161,,180100220,161,SEWA- II H.E.P (NHPC) -,NHPC,,POWER,2010-05,2003-09,,665.46,,1016.74,,,968.72,2007-09,,2010-05,,,,8,36,,,,FR_May_2010.pdf,Sector-Wise analysis of projects,35,161
FR_201005_162,,180100246,162,KAIGA 3&4 TRANSMISSION SYSTEM (PGCIL) -,PGCIL,,POWER,2010-05,2005-03,,596.45,1007.16,1007.16,,,756.45,2007-12,,2010-06,,,,7,18,,,,FR_May_2010.pdf,Sector-Wise analysis of projects,35,162
FR_201005_163,,N18000033,163,EASTERN REGION STRENGTHENING SCHEME-II -,,,POWER,2010-05,2007-12,,227.52,,227.52,,,150.34,2010-06,,2010-06,,,,0,0,,,,FR_May_2010.pdf,Sector-Wise analysis of projects,35,163
FR_201005_164,,180100256,164,KOTESWAR TRANSMISSION SYSTEM (PGCIL) -,PGCIL,,POWER,2010-05,2006-06,,260.34,,241.27,,,142.26,2008-06,,2010-08,,,,8,20,,,,FR_May_2010.pdf,Sector-Wise analysis of projects,35,164
FR_201005_165,,N18000035,165,WESTERN REGION STRENGTHENING SCHEME-V -,,,POWER,2010-05,2007-12,,477.69,,477.69,,,446.63,2010-09,,2010-09,,,,0,0,,,,FR_May_2010.pdf,Sector-Wise analysis of projects,35,165
FR_201005_166,,N18000037,166,TR. SYSTEM FOR STARTUP POWER TO DVC & MAITHON RB G -,,,POWER,2010-05,2008-04,,290.49,,290.49,,,386.05,2010-04,,2010-09,,,,0,0,,,,FR_May_2010.pdf,Sector-Wise analysis of projects,35,166
FR_201005_167,,N18000040,167,EST. OF 400/220 KV GIS POOLING STATION NEAR CHAMER -,,,POWER,2010-05,2007-09,,262.1,,262.1,,,235.38,2010-09,,2010-09,,,,0,0,,,,FR_May_2010.pdf,Sector-Wise analysis of projects,35,167
FR_201005_168,,N18000011,168,KORBA STPP STAGE-III -,,,POWER,2010-05,2006-08,,2448.5,,2448.49,,,1973.0,2010-02,,2010-10,,,,5,24,,,,FR_May_2010.pdf,Sector-Wise analysis of projects,35,168
FR_201005_169,,N18000013,169,National Capital Thermal Power Project Stage-II -,,,POWER,2010-05,2006-10,,5135.33,,5135.33,,,4000.0,2010-10,,2010-10,,,,11,40,,,,FR_May_2010.pdf,Sector-Wise analysis of projects,35,169
FR_201005_170,,N18000038,170,WESTERN REGION STREGTHENING SCHEME-VI -,,,POWER,2010-05,2008-02,,340.72,,340.72,,,197.82,2010-11,,2010-11,,,,0,0,,,,FR_May_2010.pdf,Sector-Wise analysis of projects,35,170
FR_201005_171,,N18000039,171,NORTHERN REGION SYSTEM STRENGHTENING SCHEME-XII -,,,POWER,2010-05,2008-02,,261.55,,261.55,,,202.1,2010-11,,2010-11,,,,0,0,,,,FR_May_2010.pdf,Sector-Wise analysis of projects,35,171
FR_201005_172,,180100241,172,"CHAMERA,STAGE-III (NHPC) -",NHPC,,POWER,2010-05,2005-08,,1405.63,34.0,1405.63,,,1188.22,2010-08,,2010-12,,,,0,0,,,,FR_May_2010.pdf,Sector-Wise analysis of projects,35,172
FR_201005_173,,180100260,173,TRANSMISSION SY. ASSOCIATED WITH BARH GENER. PROJECT(P.GR.) -,P.GR.,,POWER,2010-05,2005-12,,3779.46,,3779.46,,,4167.87,2009-09,,2010-12,,,,15,30,,,,FR_May_2010.pdf,Sector-Wise analysis of projects,36,173
FR_201005_174,,N18000004,174,EASTERN REGION STRENGTHENING SCHEME-I -,,,POWER,2010-05,2006-10,,975.96,,975.96,,,875.8,2009-10,,2010-12,,,,2,20,,,,FR_May_2010.pdf,Sector-Wise analysis of projects,36,174
FR_201005_175,,N18000006,175,NIMOO BAZGO HYDROELECTRIC PROJECT -,,,POWER,2010-05,2006-08,,611.01,,611.02,,,470.7,2010-08,,2010-12,,,,0,0,,,,FR_May_2010.pdf,Sector-Wise analysis of projects,36,175
FR_201005_176,,N18000022,176,WESTERN REGION STRENGTHENING SCHEME-II -,,,POWER,2010-05,2006-07,,5221.23,,5221.23,,,3585.41,2010-07,,2010-12,,,,3,20,,,,FR_May_2010.pdf,Sector-Wise analysis of projects,36,176
FR_201005_177,,N18000034,177,NORTHERN REGION SYSTEM STRENGTHENING-XI -,,,POWER,2010-05,2007-12,,417.76,,417.76,,,393.94,2010-12,,2010-12,,,,0,0,,,,FR_May_2010.pdf,Sector-Wise analysis of projects,36,177
FR_201005_178,,N18000036,178,NORTHERN REGION SYSTEM STRENGTHENING SCHEME-X -,,,POWER,2010-05,2007-12,,408.36,,408.36,,,404.39,2010-12,,2010-12,,,,0,0,,,,FR_May_2010.pdf,Sector-Wise analysis of projects,36,178
FR_201005_179,,N18000050,179,WESTERN REGION STRENGHTENING SCHEME-IX -,,,POWER,2010-05,2008-04,,230.89,,230.89,,,41.38,2011-01,,2011-01,,,,0,0,,,,FR_May_2010.pdf,Sector-Wise analysis of projects,36,179
FR_201005_180,,180100222,180,"TESSTA LOW DAM STAGE - II, III (NHPC) -",NHPC,,POWER,2010-05,2003-10,,768.92,,768.92,,,1129.81,2007-03,,2011-02,,,,1,25,,,,FR_May_2010.pdf,Sector-Wise analysis of projects,36,180
FR_201005_181,,180100251,181,URI H.E.P STAGE -II (NHPC) -,NHPC,,POWER,2010-05,2005-08,,1729.29,,1724.79,,,1122.66,2009-11,,2011-02,,,,0,0,,,,FR_May_2010.pdf,Sector-Wise analysis of projects,36,181
FR_201005_182,,N18000007,182,CHUTAK HYDRO-ELECTRIC PROJECT -,,,POWER,2010-05,2006-08,,621.26,,621.28,,,435.6,2011-02,,2011-02,,,,0,1,,,,FR_May_2010.pdf,Sector-Wise analysis of projects,36,182
FR_201005_183,,N18000016,183,Farakka STPP Stage-III -,,,POWER,2010-05,2006-07,,2570.44,,2570.44,,,1728.0,2010-08,,2011-02,,,,13,26,,,,FR_May_2010.pdf,Sector-Wise analysis of projects,36,183
FR_201005_184,,N18000023,184,URI-II -,,,POWER,2010-05,2006-10,,238.25,,1724.79,,,1122.66,,,2011-05,,,,0,0,,,,FR_May_2010.pdf,Sector-Wise analysis of projects,36,184
FR_201005_185,,N18000032,185,SIMHADRI STPP STAGE -II -,,,POWER,2010-05,2007-08,,5103.39,,5038.53,,,3002.0,2011-05,,2011-05,,,,0,0,,,,FR_May_2010.pdf,Sector-Wise analysis of projects,36,185
FR_201005_186,,180100250,186,PARBATI H.E.P. STAGE -III (NHPC) -,NHPC,,POWER,2010-05,2005-10,,2304.56,,2304.52,,,1036.44,2010-10,,2011-06,,,,0,0,,,,FR_May_2010.pdf,Sector-Wise analysis of projects,36,186
FR_201005_187,,N18000018,187,TRANSMISSION SYSTEM ASSOCIATED WITH PARBATI-III HE -,,,POWER,2010-05,2006-07,,557.24,,557.25,,,540.79,2010-01,,2011-06,,,,0,22,,,,FR_May_2010.pdf,Sector-Wise analysis of projects,36,187
FR_201005_188,,N18000043,188,TRANSMISSION SYSTEM ASSOCIATED WITH FARAKKA-III -,,,POWER,2010-05,2008-12,,204.07,,204.07,,,123.81,2011-06,,2011-06,,,,0,0,,,,FR_May_2010.pdf,Sector-Wise analysis of projects,36,188
FR_201005_189,,N18000059,189,TR. SYSTEM ASSOCIATED WITH CORBA III GENERATION PR -,,,POWER,2010-05,2009-02,,276.61,,276.61,,,195.49,2011-06,,2011-06,,,,0,0,,,,FR_May_2010.pdf,Sector-Wise analysis of projects,36,189
FR_201005_190,,N18000055,190,NORTHERN REGION SYSTEM STRENGHTENING SCHEME-IX -,,,POWER,2010-05,2008-07,,525.14,,525.14,,,635.7,2011-07,,2011-07,,,,0,0,,,,FR_May_2010.pdf,Sector-Wise analysis of projects,36,190
FR_201005_191,,N18000064,191,TR. SYSTEM ASSOCIATED WITH CHAMERA III HEP -,,,POWER,2010-05,2008-04,,297.37,,297.37,,,336.21,2011-07,,2011-07,,,,0,0,,,,FR_May_2010.pdf,Sector-Wise analysis of projects,36,191
FR_201005_192,,N18000067,192,SYSTEM STRENGHTENING -XI IN SOUTHERN REGION -,,,POWER,2010-05,2009-03,,196.1,,196.1,,,26.85,2011-07,,2011-07,,,,0,0,,,,FR_May_2010.pdf,Sector-Wise analysis of projects,36,192
FR_201005_193,,180100243,193,"TEESTA LOW DAM HEP, STAGE-IV (NHPC) -",NHPC,,POWER,2010-05,2005-09,,1061.38,,1061.38,,,31.17,2009-09,,2011-08,,,,0,0,,,,FR_May_2010.pdf,Sector-Wise analysis of projects,36,193
FR_201005_194,,N18000058,194,NORTHERN REGION SYSTEM STRENGHTENING SCHEME-XVII -,,,POWER,2010-05,2009-02,,210.79,,210.79,,,99.85,2011-08,,2011-08,,,,0,0,,,,FR_May_2010.pdf,Sector-Wise analysis of projects,36,194
FR_201005_195,,180100258,195,KUNADANKULAM-APP TRANS. SYSTEM (PGCIL) -,PGCIL,,POWER,2010-05,2005-05,,1779.29,35.0,1896.65,,,1843.49,2008-11,,2011-09,,,,25,38,,,,FR_May_2010.pdf,Sector-Wise analysis of projects,36,195
FR_201005_196,,N18000044,196,SYSTEM STRENGHTENING IN NR GRID FOR KARCHAM WANGTO -,,,POWER,2010-05,2008-12,,328.97,,328.97,,,168.12,2011-09,,2011-09,,,,0,0,,,,FR_May_2010.pdf,Sector-Wise analysis of projects,37,196
FR_201005_197,,180100184,197,KOTESHWAR HEP(THDC) -,THDC,,POWER,2010-05,2000-04,,1301.56,,1301.56,,,1847.87,2005-04,,2011-10,,,,2,22,,,,FR_May_2010.pdf,Sector-Wise analysis of projects,37,197
FR_201005_198,,N18000052,198,NORTHERN REGION SYSTEM STRENGHTENING SCHEME-XV -,,,POWER,2010-05,2009-02,,520.48,,520.48,,,283.88,2011-11,,2011-11,,,,0,0,,,,FR_May_2010.pdf,Sector-Wise analysis of projects,37,198
FR_201005_199,,N18000053,199,NORTHERN REGION SYSTEM STRENGHTENING SCHEME-XVIII -,,,POWER,2010-05,2009-02,,509.66,,509.66,,,73.43,2011-11,,2011-11,,,,0,0,,,,FR_May_2010.pdf,Sector-Wise analysis of projects,37,199
FR_201005_200,,N18000054,200,NORTHERN REGION SYSTEM STRENGHTENING SCHEME-XIII -,,,POWER,2010-05,2009-02,,317.69,,317.69,,,15.53,2011-11,,2011-11,,,,0,0,,,,FR_May_2010.pdf,Sector-Wise analysis of projects,37,200
FR_201005_201,,N18000063,201,TR. SYSTEM ASSOCIATED WITH RAMPUR HEP -,,,POWER,2010-05,2009-02,,184.19,,184.19,,,53.47,2011-11,,2011-11,,,,0,0,,,,FR_May_2010.pdf,Sector-Wise analysis of projects,37,201
FR_201005_202,,180100229,202,SIPAT STPP STAGE - I (NTPC) -,NTPC,,POWER,2010-05,2003-12,,8323.39,,8323.39,,,6745.0,2009-12,,2011-12,,,,33,56,,,,FR_May_2010.pdf,Sector-Wise analysis of projects,37,202
FR_201005_203,,N18000071,203,TRIPURA GAS BASED POWER PROJECT -,,,POWER,2010-05,2009-07,,421.01,,623.44,,,17.32,2012-01,,2012-01,,,,0,0,,,,FR_May_2010.pdf,Sector-Wise analysis of projects,37,203
FR_201005_204,,N18000049,204,WESTERN REGION STRENGHTENING SCHEME-X -,,,POWER,2010-05,2009-02,,664.96,,664.96,,,78.85,2012-02,,2012-02,,,,0,0,,,,FR_May_2010.pdf,Sector-Wise analysis of projects,37,204
FR_201005_205,,N18000051,205,WESTERN REGION SYSTEM STRENGHTENING SCHEME-XI -,,,POWER,2010-05,2009-02,,409.5,,409.5,,,4.07,2012-02,,2012-02,,,,0,0,,,,FR_May_2010.pdf,Sector-Wise analysis of projects,37,205
FR_201005_206,,N18000056,206,NORTHERN REGION SYSTEM STRENGHTENING SCHEME-XIX -,,,POWER,2010-05,2009-02,,410.29,,410.29,,,103.09,2012-02,,2012-02,,,,0,0,,,,FR_May_2010.pdf,Sector-Wise analysis of projects,37,206
FR_201005_207,,N18000062,207,TR. SYSTEM ASSOCIATED WITH TUTICORIN JV TPS -,,,POWER,2010-05,2009-02,,353.57,,353.57,,,158.11,2010-07,,2012-02,,,,0,0,,,,FR_May_2010.pdf,Sector-Wise analysis of projects,37,207
FR_201005_208,,N18000068,208,765 KV SYSTEM FOR CENTRAL PART OF NORTHERN GRID PA -,,,POWER,2010-05,2009-02,,1347.32,,1347.32,,,447.96,2012-02,,2012-02,,,,0,0,,,,FR_May_2010.pdf,Sector-Wise analysis of projects,37,208
FR_201005_209,,180100211,209,KOLDAM HEP (NTPC) -,NTPC,,POWER,2010-05,2002-10,,4527.15,,4527.15,,,3183.0,2009-04,,2012-03,,,,19,41,,,,FR_May_2010.pdf,Sector-Wise analysis of projects,37,209
FR_201005_210,,N18000024,210,RAMPUR HEP(412 MW) -,412 MW,,POWER,2010-05,2007-01,,2047.03,,2047.03,,,825.72,2012-01,,2012-03,,,,2,10,,,,FR_May_2010.pdf,Sector-Wise analysis of projects,37,210
FR_201005_211,,N18000041,211,BONGAIGAON THERMAL POWER PROJECT -,,,POWER,2010-05,2008-01,,4375.35,,4375.35,,,1119.0,2011-07,,2012-03,,,,0,0,,,,FR_May_2010.pdf,Sector-Wise analysis of projects,37,211
FR_201005_212,,N18000086,212,System Strengthening -X of SR -,,,POWER,2010-05,2009-12,,276.61,,276.61,,,,2012-04,,2012-04,,,,0,0,,,,FR_May_2010.pdf,Sector-Wise analysis of projects,37,212
FR_201005_213,,N18000079,213,765KV System for central part of Northern Region Grid -,,,POWER,2010-05,2009-11,,1075.12,,1075.12,,,,2012-05,,2012-05,,,,0,0,,,,FR_May_2010.pdf,Sector-Wise analysis of projects,37,213
FR_201005_214,,N18000078,214,765KV System for Central part of Northern Region G -,,,POWER,2010-05,2009-07,,1736.36,,1736.36,,,,2012-06,,2012-06,,,,0,0,,,,FR_May_2010.pdf,Sector-Wise analysis of projects,37,214
FR_201005_215,,N18000085,215,System Strengthening -XII of SR -,,,POWER,2010-05,2010-02,,232.34,,232.34,,,,2012-06,,2012-06,,,,0,0,,,,FR_May_2010.pdf,Sector-Wise analysis of projects,37,215
FR_201005_216,,N18000045,216,PARE HYDRO ELECTRIC PROJECT(110 MW) -,110 MW,,POWER,2010-05,2008-12,,573.99,,573.99,,,104.88,2012-08,,2012-08,,,,0,10,,,,FR_May_2010.pdf,Sector-Wise analysis of projects,37,216
FR_201005_217,,N18000065,217,SUPPLIMENTARY TRANSMISSION ASSOCIATED WITH DVC AND -,,,POWER,2010-05,2008-08,,2360.95,36.0,2360.95,,,1868.14,2012-08,,2012-08,,,,0,0,,,,FR_May_2010.pdf,Sector-Wise analysis of projects,37,217
FR_201005_218,,N18000069,218,765 KV POOLING STATION & NETWORK WITH DVC AND MAIT -,,,POWER,2010-05,2008-08,,7075.33,,7075.33,,,3723.73,2012-08,,2012-08,,,,0,0,,,,FR_May_2010.pdf,Sector-Wise analysis of projects,38,218
FR_201005_219,,N18000081,219,System Strengthening in NR for SASAN & MUNDRA (UMPP) -,UMPP,,POWER,2010-05,2009-12,,1216.83,,1216.83,,,,2012-08,,2012-08,,,,0,0,,,,FR_May_2010.pdf,Sector-Wise analysis of projects,38,219
FR_201005_220,,N18000048,220,MOUDA STPP -,,,POWER,2010-05,2007-11,,5459.28,,6010.89,,,1074.0,2012-02,,2012-10,,,,0,0,,,,FR_May_2010.pdf,Sector-Wise analysis of projects,38,220
FR_201005_221,,N18000061,221,TR. SYSTEM ASSOCIATED WITH MUNDRA ULTRA MEGA POWER -,,,POWER,2010-05,2008-10,,4824.12,,4824.12,,,933.07,2012-10,,2012-10,,,,0,0,,,,FR_May_2010.pdf,Sector-Wise analysis of projects,38,221
FR_201005_222,,N18000072,222,VINDHYACHAL STTP STAGE-IV -,,,POWER,2010-05,2009-01,,5915.0,,5915.0,,,737.0,2012-11,,2012-11,,,,0,0,,,,FR_May_2010.pdf,Sector-Wise analysis of projects,38,222
FR_201005_223,,N18000073,223,RIHAND STTP STAGE-III (2X500MW) -,2X500MW,,POWER,2010-05,2009-01,,6230.81,,6230.81,,,617.0,2012-11,,2012-11,,,,0,0,,,,FR_May_2010.pdf,Sector-Wise analysis of projects,38,223
FR_201005_224,,N18000076,224,Transmission System of Vindhuachal -IV & Rihand -I -,,,POWER,2010-05,2010-03,,4672.99,,4672.99,,,11.89,2012-11,,2012-11,,,,0,0,,,,FR_May_2010.pdf,Sector-Wise analysis of projects,38,224
FR_201005_225,,180100221,225,LOWER SUBANSIRI H.E.P (NHPC) -,NHPC,,POWER,2010-05,2003-09,,6285.33,,6285.33,,,4056.06,2010-09,,2012-12,,,,2,11,,,,FR_May_2010.pdf,Sector-Wise analysis of projects,38,225
FR_201005_226,,180100261,226,TRANSMISSION SYSTEM ASSOCIATED WITH PARBATI = II HEP -,,,POWER,2010-05,2005-12,,358.42,,3919.59,,,2784.76,2008-12,2010-09,2012-12,,,,0,15,,,,FR_May_2010.pdf,Sector-Wise analysis of projects,38,226
FR_201005_227,,N18000005,227,LOHARINAG-PAL HEP(4X150MW) -,4X150MW,,POWER,2010-05,2006-06,,2895.1,,2895.1,,,552.33,2011-11,,2012-12,,,,6,34,,,,FR_May_2010.pdf,Sector-Wise analysis of projects,38,227
FR_201005_228,,N18000046,228,TRANSMISSION SYSTEM ASSOCIATED WITH SASAN ULTRA ME -,,,POWER,2010-05,2008-12,,7031.88,,7031.88,,,1412.25,2012-12,,2012-12,,,,0,0,,,,FR_May_2010.pdf,Sector-Wise analysis of projects,38,228
FR_201005_229,,N18000080,229,Trans. System associated with PALLATANA GBPP & BPT -,,,POWER,2010-05,2010-02,,2144.0,,2144.0,,,62.94,2012-12,,2012-12,,,,0,0,,,,FR_May_2010.pdf,Sector-Wise analysis of projects,38,229
FR_201005_230,,180100210,230,PARBATI HEP (NHPC) II -,NHPC,,POWER,2010-05,2002-09,,3919.59,,3919.59,,,2784.76,2009-09,,2013-03,,,,1,20,,,,FR_May_2010.pdf,Sector-Wise analysis of projects,38,230
FR_201005_231,,N18000014,231,Tapovan-Vishnugad HEP (4x130MW) -,4x130MW,,POWER,2010-05,2006-11,,2978.48,,2978.48,,,870.0,2013-03,,2013-03,,,,5,31,,,,FR_May_2010.pdf,Sector-Wise analysis of projects,38,231
FR_201005_232,,180100239,232,KAMENG HYDROELECTRIC PROJECT (NEEPCO) -,NEEPCO,,POWER,2010-05,2004-12,,2496.9,,3253.22,,,1161.14,2013-05,,2013-05,,,,63,36,,,,FR_May_2010.pdf,Sector-Wise analysis of projects,38,232
FR_201005_233,,N18000047,233,BARH STPP STAGE -II -,,,POWER,2010-05,2008-02,,7341.04,,7341.04,,,976.0,2013-08,,2013-08,,,,0,0,,,,FR_May_2010.pdf,Sector-Wise analysis of projects,38,233
FR_201005_234,,N18000066,234,NORTH- EAST NORTH WESTERN INTERCONNECTOR I PROJECT -,,,POWER,2010-05,2009-02,,11130.19,,11130.19,,,1708.02,2013-08,,2013-08,,,,0,0,,,,FR_May_2010.pdf,Sector-Wise analysis of projects,38,234
FR_201005_235,,180100242,235,BARH STPP(3X660MW) NTPC -,3X660MW,,POWER,2010-05,2003-12,,8692.97,,8692.97,,,4680.0,2010-11,,2014-04,,,,15,51,,,,FR_May_2010.pdf,Sector-Wise analysis of projects,38,235
FR_201005_236,,N18000010,236,TEHRI PUMPED STORAGE PLANT(1000MW) -,1000MW,,POWER,2010-05,2006-07,,1657.0,,1657.6,,,245.74,2010-07,,2014-12,,,,0,0,,,,FR_May_2010.pdf,Sector-Wise analysis of projects,38,236
FR_201005_237,,N18000077,237,Transm System for development of Pooling stn. in N -,,,POWER,2010-05,2010-04,,4404.57,,4404.57,,,,2015-01,,2015-01,,,,0,0,,,,FR_May_2010.pdf,Sector-Wise analysis of projects,38,237
FR_201005_238,,N18000042,238,VISHNUGAD PIPALKOTI HYDRO ELECTRIC PROJECT -,,,POWER,2010-05,2008-08,,2491.58,,2491.58,,,108.0,2014-07,,2015-03,,,,0,4,,,,FR_May_2010.pdf,Sector-Wise analysis of projects,38,238
FR_201005_239,,N18000031,239,KISHANGANGA HEP -,,,POWER,2010-05,2007-07,,2238.67,3642.04,3642.04,,,315.66,2014-07,,2016-01,,,,0,0,,,,FR_May_2010.pdf,Sector-Wise analysis of projects,38,239
FR_201005_240,,180100078,240,LOKTAK D/S HEP(NHPC) -,NHPC,,POWER,2010-05,1999-12,,578.62,37.0,578.62,,,28.33,2006-06,,,,,,0,0,,,,FR_May_2010.pdf,Sector-Wise analysis of projects,38,240
FR_201005_241,,N18000082,241,Immsdiate evacuation system for NABINAGAR TPS -,,,POWER,2010-05,2010-02,,215.86,,215.86,,,,2012-06,,,,,,0,0,,,,FR_May_2010.pdf,Sector-Wise analysis of projects,39,241
FR_201005_242,,N18000083,242,Northern Region Transmission Strengthening Scheme -,,,POWER,2010-05,2012-03,,965.58,,965.58,,,,2012-11,,,,,,0,0,,,,FR_May_2010.pdf,Sector-Wise analysis of projects,39,242
FR_201005_243,,N18000084,243,MAUDA Transmission System - Total Health & Family Welfare,,,POWER,2010-05,2010-02,,469.38,178816.28,469.38,,,80168.12,2012-10,,,,,,0,0,,,,FR_May_2010.pdf,Sector-Wise analysis of projects,39,243
FR_201005_244,,210100001,244,NORTH EAST INDIRA GANDHI INST- ITUTE OF HEALTH & MS - Total,,,POWER,2010-05,1986-05,,71.18,422.6,443.15,,,477.33,1999-03,2005-03,,,,,7,16,,,,FR_May_2010.pdf,Sector-Wise analysis of projects,39,244
FR_201005_245,,N22000048,245,"VALLAPARPADM- IDAPALLY,(NL)(RVNL) -",RVNL,,RAILWAYS,2010-05,2006-07,,246.5,246.5,246.5,,,314.8,2009-03,2009-03,2009-11,,,,0,0,,,,FR_May_2010.pdf,Sector-Wise analysis of projects,39,245
FR_201005_246,,N22000052,246,HARNOUT -SET.UP OF W/S TO UND. POH OF UP TO50 COAC -,,,RAILWAYS,2010-05,2003-04,,98.74,,224.51,,,41.39,,,2009-12,,,,0,0,,,,FR_May_2010.pdf,Sector-Wise analysis of projects,39,246
FR_201005_247,,N22000055,247,ABOHAR- FAZILKA -,,,RAILWAYS,2010-05,2001-09,,86.44,,209.57,,,188.22,2009-03,,2010-02,,,,0,0,,,,FR_May_2010.pdf,Sector-Wise analysis of projects,39,247
FR_201005_248,,220100009,248,FREIGHT OPERATIONS INFORMATION SYSTEM (FOIS) -,FOIS,,RAILWAYS,2010-05,1984-03,,520.0,422.79,634.13,,,556.48,1995-03,,2010-03,,,,0,0,,,,FR_May_2010.pdf,Sector-Wise analysis of projects,39,248
FR_201005_249,,220100131,249,AMBALA-MORADABAD(RE) -,RE,,RAILWAYS,2010-05,1993-03,,152.21,157.76,265.0,,,265.33,1998-03,,2010-03,,,,0,0,,,,FR_May_2010.pdf,Sector-Wise analysis of projects,39,249
FR_201005_250,,220100151,250,CALICUT-MANGALORE (DL) (SR) -,SR,,RAILWAYS,2010-05,1996-02,,240.0,459.55,579.37,,,574.82,,,2010-03,,,,0,0,,,,FR_May_2010.pdf,Sector-Wise analysis of projects,39,250
FR_201005_251,,220100162,251,"MIRAJ-LATUR ROAD(GC),CR -",GC,,RAILWAYS,2010-05,1993-04,,225.0,360.63,816.4,,,766.68,2001-03,,2010-03,,,,0,0,,,,FR_May_2010.pdf,Sector-Wise analysis of projects,39,251
FR_201005_252,,220100187,252,"SURENDRANAGAR- BHAVNAGAR(GC),WR -",GC,,RAILWAYS,2010-05,1997-03,,437.4,,563.25,,,548.92,2004-03,2005-03,2010-03,,,,0,0,,,,FR_May_2010.pdf,Sector-Wise analysis of projects,39,252
FR_201005_253,,220100212,253,"KOTTUR-HARIHAR(NL),(SWR) -",SWR,,RAILWAYS,2010-05,1995-04,,65.94,124.13,325.0,,,292.47,,,2010-03,,,,0,0,,,,FR_May_2010.pdf,Sector-Wise analysis of projects,39,253
FR_201005_254,,220100224,254,"NEW JALPAIGURI-NEW BONGAIGAON (GC),NEFR -",GC,,RAILWAYS,2010-05,1998-11,,536.85,,1010.0,,,1002.04,2003-03,,2010-03,,,,0,0,,,,FR_May_2010.pdf,Sector-Wise analysis of projects,39,254
FR_201005_255,,220100244,255,TAHANJAVUR-VILLUPURAM GAUGE CONVERSION (G.C)(SR) -,SR,,RAILWAYS,2010-05,2001-10,,223.0,,665.0,,,586.85,2008-11,,2010-03,,,,0,0,,,,FR_May_2010.pdf,Sector-Wise analysis of projects,39,255
FR_201005_256,,220100251,256,VILLUPURAM-KATPADI (GC)(SR) -,SR,,RAILWAYS,2010-05,2000-02,,175.0,175.0,503.16,,,482.13,,,2010-03,,,,0,0,,,,FR_May_2010.pdf,Sector-Wise analysis of projects,39,256
FR_201005_257,,220100258,257,"JALANDHAR-PATHANKOT-JAMMU- TAWI (LD),NR -",LD,,RAILWAYS,2010-05,2002-03,,409.0,625.3,639.54,,,746.02,2007-06,,2010-03,,,,0,0,,,,FR_May_2010.pdf,Sector-Wise analysis of projects,39,257
FR_201005_258,,220100270,258,"GADWAL - RAICHUR (NL), SCR -",NL,,RAILWAYS,2010-05,1998-04,,92.63,,228.09,,,198.33,,,2010-03,,,,0,0,,,,FR_May_2010.pdf,Sector-Wise analysis of projects,39,258
FR_201005_259,,220100282,259,"DHARMAVARAM-PAKALA (GC), SCR -",GC,,RAILWAYS,2010-05,1997-04,,200.0,546.49,610.07,,,724.45,2009-02,,2010-03,,,,0,0,,,,FR_May_2010.pdf,Sector-Wise analysis of projects,39,259
FR_201005_260,,220100291,260,BHILDI-SAMDARI (GC) -,GC,,RAILWAYS,2010-05,1999-04,,244.74,479.0,479.0,,,466.94,2009-03,,2010-03,,,,0,0,,,,FR_May_2010.pdf,Sector-Wise analysis of projects,39,260
FR_201005_261,,220100322,261,PRATAPNAGAR-CHOTA UDAIPUR (GC) (WR) -,WR,,RAILWAYS,2010-05,2005-04,,148.61,,227.52,,,223.97,2008-03,2009-03,2010-03,,,,0,0,,,,FR_May_2010.pdf,Sector-Wise analysis of projects,40,261
FR_201005_262,,N22000049,262,OBULAVARIPALLE- KRISHNAPATNAM(RVNL) -,RVNL,,RAILWAYS,2010-05,2006-07,,743.0,732.8,732.8,,,213.66,2008-03,2008-06,2010-03,,,,0,0,,,,FR_May_2010.pdf,Sector-Wise analysis of projects,40,262
FR_201005_263,,N22000056,263,SHIMOGA-TALAGUPPA -,,,RAILWAYS,2010-05,1992-12,,46.0,,405.6,,,404.7,,,2010-03,,,,0,0,,,,FR_May_2010.pdf,Sector-Wise analysis of projects,40,263
FR_201005_264,,220100260,264,REINGUNTA-GUNTAKAL(RE) -,RE,,RAILWAYS,2010-05,2000-06,,168.34,,296.2,,,253.51,2003-04,2010-03,2010-06,,,,0,0,,,,FR_May_2010.pdf,Sector-Wise analysis of projects,40,264
FR_201005_265,,220100268,265,TOLLYGANJ-GARIA(MTP) -,MTP,,RAILWAYS,2010-05,2000-03,,907.69,,1032.76,,,824.18,2006-12,,2010-06,,,,0,0,,,,FR_May_2010.pdf,Sector-Wise analysis of projects,40,265
FR_201005_266,,N22000053,266,CHHAPRA-SETTING UP OF WHEEL MANUFACTURING PLANT -,,,RAILWAYS,2010-05,2005-03,,470.09,,881.19,,,86.35,,,2010-07,,,,0,0,,,,FR_May_2010.pdf,Sector-Wise analysis of projects,40,266
FR_201005_267,,220100264,267,DEOGHAR-DUMKA NEW BG LINE (DOUBL.)(ER) -,ER,,RAILWAYS,2010-05,1999-02,,180.73,320.66,358.0,,,309.87,2006-12,2008-12,2010-11,,,,0,0,,,,FR_May_2010.pdf,Sector-Wise analysis of projects,40,267
FR_201005_268,,220100325,268,SUKINDA ROAD - ANGUL (NL)(ECOR) -,ECOR,,RAILWAYS,2010-05,1998-04,,183.23,,638.0,,,,2015-02,,2010-11,,,,0,0,,,,FR_May_2010.pdf,Sector-Wise analysis of projects,40,268
FR_201005_269,,220100164,269,BELAPUR-SEAWOOD-URAN ELECTRIF-IED DOUBLE LINE(MTP)- PH-I -,MTP,,RAILWAYS,2010-05,1996-03,,401.81,,495.44,,,133.05,2004-03,,2010-12,,,,0,0,,,,FR_May_2010.pdf,Sector-Wise analysis of projects,40,269
FR_201005_270,,220100247,270,KATIHAR - JOGBANI (GC)(NEFR) -,NEFR,,RAILWAYS,2010-05,2001-09,,100.0,,724.31,,,681.08,,,2010-12,,,,0,0,,,,FR_May_2010.pdf,Sector-Wise analysis of projects,40,270
FR_201005_271,,220100272,271,"TARAKESWAR - BISHNUPUR NEW BG LINE (NL), ER -",NL,,RAILWAYS,2010-05,2000-04,,157.96,479.2,762.33,,,244.42,2009-12,,2010-12,,,,0,0,,,,FR_May_2010.pdf,Sector-Wise analysis of projects,40,271
FR_201005_272,,220100286,272,"RAJATGARH-BARANG(LD),ECOR -",LD,,RAILWAYS,2010-05,1999-04,,166.16,,243.4,,,195.64,2009-02,,2010-12,,,,0,0,,,,FR_May_2010.pdf,Sector-Wise analysis of projects,40,272
FR_201005_273,,220100327,273,KHURDA ROAD - BARANG 3RD LINE (DL) (ECOR) -,ECOR,,RAILWAYS,2010-05,2000-04,,133.41,207.0,211.9,,,143.61,2009-03,,2010-12,,,,0,0,,,,FR_May_2010.pdf,Sector-Wise analysis of projects,40,273
FR_201005_274,,220100329,274,RAICHUR-GUNTAKAL(DL)(SCR) -,SCR,,RAILWAYS,2010-05,2003-04,,136.62,,221.9,,,112.72,2007-12,2010-03,2010-12,,,,0,0,,,,FR_May_2010.pdf,Sector-Wise analysis of projects,40,274
FR_201005_275,,N22000033,275,AJMER-PHULERA-RINGUS-REWARI (G.C.)(NWR)(RVNL) -,RVNL,,RAILWAYS,2010-05,2005-04,,352.0,716.64,718.3,,,616.44,2008-03,2008-08,2010-12,,,,0,0,,,,FR_May_2010.pdf,Sector-Wise analysis of projects,40,275
FR_201005_276,,N22000034,276,ALIGARH-GAZIABAD 3RD LINE DOUBLING (RVNL) -,RVNL,,RAILWAYS,2010-05,2003-04,,230.73,399.73,399.5,,,,2009-03,2008-12,2010-12,,,,0,0,,,,FR_May_2010.pdf,Sector-Wise analysis of projects,40,276
FR_201005_277,,N22000081,277,BHARUCH-SAMNI-DAHEJ GAUGE CONVERSIN -,,,RAILWAYS,2010-05,2005-09,,200.8,200.8,200.8,,,148.98,,,2010-12,,,,0,0,,,,FR_May_2010.pdf,Sector-Wise analysis of projects,40,277
FR_201005_278,,N22000093,278,MUMBAI URBAN TRANSPORT PROJECT PHASE-I -,,,RAILWAYS,2010-05,2003-04,,3125.2,,4103.2,,,3727.0,,,2010-12,,,,0,1,,,,FR_May_2010.pdf,Sector-Wise analysis of projects,40,278
FR_201005_279,,220100194,279,"MUZAFFARPUR-SITAMARHI(NL),ECR -",NL,,RAILWAYS,2010-05,1997-03,,100.0,,332.75,,,-110.66,,,2011-02,,,,0,0,,,,FR_May_2010.pdf,Sector-Wise analysis of projects,40,279
FR_201005_280,,220100279,280,"REWARI-ROHTAK (NL),NR -",NL,,RAILWAYS,2010-05,2004-01,,149.38,330.23,457.17,,,346.51,2010-02,,2011-02,,,,0,0,,,,FR_May_2010.pdf,Sector-Wise analysis of projects,40,280
FR_201005_281,,220100328,281,TALCHER-BIMALAGARH(NL)(ECOR) -,ECOR,,RAILWAYS,2010-05,2005-04,,726.96,,810.78,,,50.97,2011-03,,2011-02,,,,0,0,,,,FR_May_2010.pdf,Sector-Wise analysis of projects,40,281
FR_201005_282,,220100062,282,"VIRAMGAM-BHILDI(WR),GC -",WR,,RAILWAYS,2010-05,1990-04,,155.66,,375.21,,,114.88,2010-03,,2011-03,,,,0,0,,,,FR_May_2010.pdf,Sector-Wise analysis of projects,40,282
FR_201005_283,,220100118,283,AMRAVATI-NARKHER NL(CR) -,CR,,RAILWAYS,2010-05,1994-06,,120.9,284.27,488.76,,,280.58,1999-06,,2011-03,,,,0,0,,,,FR_May_2010.pdf,Sector-Wise analysis of projects,40,283
FR_201005_284,,220100214,284,"RANCHI-LOHARDAGA(GC),SER -",GC,,RAILWAYS,2010-05,1997-04,,193.78,194.07,456.45,,,247.29,2004-06,,2011-03,,,,0,0,,,,FR_May_2010.pdf,Sector-Wise analysis of projects,40,284
FR_201005_285,,220100232,285,"LALITPUR-SATNA-REWA-SINGRULI NL, (NCR) -",NCR,,RAILWAYS,2010-05,1998-09,,925.0,925.0,925.0,,,436.6,2008-05,,2011-03,,,,0,0,,,,FR_May_2010.pdf,Sector-Wise analysis of projects,41,285
FR_201005_286,,220100243,286,"AGRA-ETAWAH VIA FATEBAD & BAD (NL),NCR -",NL,,RAILWAYS,2010-05,1999-04,,108.0,214.09,214.09,,,158.52,2009-12,,2011-03,,,,0,0,,,,FR_May_2010.pdf,Sector-Wise analysis of projects,41,286
FR_201005_287,,220100267,287,GOOTY- RENIGUNTA PATCH DOUBLING PH-II (DL) (SCR) -,SCR,,RAILWAYS,2010-05,2002-05,,304.5,306.0,306.0,,,341.81,2009-06,,2011-03,,,,0,0,,,,FR_May_2010.pdf,Sector-Wise analysis of projects,41,287
FR_201005_288,,220100306,288,"KODERMA GIRIDH (NL), ECR -",NL,,RAILWAYS,2010-05,1996-04,,371.36,,452.35,,,263.12,,,2011-03,,,,0,0,,,,FR_May_2010.pdf,Sector-Wise analysis of projects,41,288
FR_201005_289,,220100313,289,"SRIGANGANAGAR-SARUPSAR (GC), NWR -",GC,,RAILWAYS,2010-05,1997-04,,143.92,,168.8,,,70.43,,,2011-03,,,,0,0,,,,FR_May_2010.pdf,Sector-Wise analysis of projects,41,289
FR_201005_290,,220100321,290,BILASPUR-URKURA (DL) -,DL,,RAILWAYS,2010-05,1997-04,,151.52,,273.0,,,257.88,2009-03,,2011-03,,,,0,0,,,,FR_May_2010.pdf,Sector-Wise analysis of projects,41,290
FR_201005_291,,N22000002,291,MANSI-PURNIA (EXTENSION OF MANSI-SAHARSA) GAN -,EXTENSION OF MANSI-SAHARSA,,RAILWAYS,2010-05,1996-04,,114.01,283.95,348.78,,,-139.95,,,2011-03,,,,0,0,,,,FR_May_2010.pdf,Sector-Wise analysis of projects,41,291
FR_201005_292,,N22000027,292,PALWAL-BHUTESWAR 3RD LINE DOUBLING(NCR)(RVNL) -,RVNL,,RAILWAYS,2010-05,2005-04,,240.0,329.7,329.7,,,256.9,2009-03,2009-12,2011-03,,,,0,0,,,,FR_May_2010.pdf,Sector-Wise analysis of projects,41,292
FR_201005_293,,N22000091,293,BARDHAMAN-KATWA (GC) -,GC,,RAILWAYS,2010-05,2007-04,,245.15,,245.15,,,34.57,2010-12,,2011-03,,,,0,0,,,,FR_May_2010.pdf,Sector-Wise analysis of projects,41,293
FR_201005_294,,N22000094,294,ELECTRIFICATION OF KHURJA- MEERUT-SAHARANPUR & G'BA -,,,RAILWAYS,2010-05,2008-02,,171.1,,171.1,,,43.83,2011-03,,2011-03,,,,0,0,,,,FR_May_2010.pdf,Sector-Wise analysis of projects,41,294
FR_201005_295,,N22000095,295,ELECTRIFICATION OF MORADABAD- ROZA -,,,RAILWAYS,2010-05,2006-03,,258.35,,258.35,,,9.38,2011-03,,2011-03,,,,0,0,,,,FR_May_2010.pdf,Sector-Wise analysis of projects,41,295
FR_201005_296,,N22000096,296,RAJPIPLA-ANKELASHWAR (GC) -,GC,,RAILWAYS,2010-05,2006-04,,196.97,,196.97,,,81.15,2011-03,,2011-03,,,,0,0,,,,FR_May_2010.pdf,Sector-Wise analysis of projects,41,296
FR_201005_297,,N22000076,297,PANSPURA-KHARAGPUR 3D LINE -,,,RAILWAYS,2010-05,2007-09,,252.5,252.5,252.5,,,67.61,2010-02,,2011-11,,,,0,0,,,,FR_May_2010.pdf,Sector-Wise analysis of projects,41,297
FR_201005_298,,220100241,298,"CHANDIGARH-LUDHIANA(NEW BG LINE),NR -",NEW BG LINE,,RAILWAYS,2010-05,1997-07,,248.44,576.27,1103.47,,,659.43,,,2011-12,,,,0,0,,,,FR_May_2010.pdf,Sector-Wise analysis of projects,41,298
FR_201005_299,,220100285,299,HARIDASPUR-PARADEEP(NL) -,NL,,RAILWAYS,2010-05,1996-04,,301.64,,735.1,,,175.76,2009-09,,2011-12,,,,0,0,,,,FR_May_2010.pdf,Sector-Wise analysis of projects,41,299
FR_201005_300,,N22000088,300,UTRATIA-ZAFRABAD (LINE DOUBLING) -,LINE DOUBLING,,RAILWAYS,2010-05,2006-04,,325.0,,496.03,,,27.08,2010-03,,2011-12,,,,0,0,,,,FR_May_2010.pdf,Sector-Wise analysis of projects,41,300
FR_201005_301,,220100240,301,"JAYANAGAR-DARBHANGA-NARKATIA GANJ(GC),ECR -",GC,,RAILWAYS,2010-05,1997-04,,233.0,335.77,727.52,,,442.51,,,2012-03,,,,0,0,,,,FR_May_2010.pdf,Sector-Wise analysis of projects,41,301
FR_201005_302,,220100280,302,"JIND-SONEPAT (NL),NR -",NL,,RAILWAYS,2010-05,2004-01,,190.81,238.56,234.45,,,144.11,,,2012-03,,,,0,0,,,,FR_May_2010.pdf,Sector-Wise analysis of projects,41,302
FR_201005_303,,220100304,303,"KOSI BRIDGE (NL), ECR -",NL,,RAILWAYS,2010-05,2002-04,,323.41,,341.41,,,163.15,,,2012-03,,,,0,0,,,,FR_May_2010.pdf,Sector-Wise analysis of projects,41,303
FR_201005_304,,N22000028,304,EXT. OF MRTS FROM VELACHERY TO STN. THOMAS -,,,RAILWAYS,2010-05,2006-04,,415.59,,495.74,,,61.86,,,2012-03,,,,0,0,,,,FR_May_2010.pdf,Sector-Wise analysis of projects,41,304
FR_201005_305,,N22000075,305,SALKA ROAD -ANUPNAGAR LINE DOUBLING -,,,RAILWAYS,2010-05,2006-09,,324.9,,324.9,,,103.73,2010-03,,2012-03,,,,0,0,,,,FR_May_2010.pdf,Sector-Wise analysis of projects,41,305
FR_201005_306,,N22000089,306,SITAMARHI-RAXAUL-NARKATIAGANJ (GC) -,GC,,RAILWAYS,2010-05,1997-04,,501.69,,501.69,,,45.9,2010-03,,2012-03,,,,0,0,,,,FR_May_2010.pdf,Sector-Wise analysis of projects,41,306
FR_201005_307,,N22000097,307,TAMLUK DIGHA -,,,RAILWAYS,2010-05,1984-03,,293.97,,293.97,,,311.22,2005-06,,2012-04,,,,0,0,,,,FR_May_2010.pdf,Sector-Wise analysis of projects,41,307
FR_201005_308,,220100007,308,"GUNA-ETAWAH(NCR), NL -",NCR,,RAILWAYS,2010-05,1985-04,,158.77,274.56,540.96,,,474.4,1994-03,,2012-12,,,,0,0,,,,FR_May_2010.pdf,Sector-Wise analysis of projects,41,308
FR_201005_309,,220100233,309,"CONV.OF 1500V DC TRACTION TO 25 KV AC,WR -",,,RAILWAYS,2010-05,1996-07,,273.67,654.51,1160.52,,,484.07,,,2012-12,,,,0,0,,,,FR_May_2010.pdf,Sector-Wise analysis of projects,41,309
FR_201005_310,,220100307,310,"RAIL-CUM-ROAD BRIDGE AT MUNGER (NL), ECR -",NL,,RAILWAYS,2010-05,2002-04,,921.0,,981.0,,,333.51,2009-03,,2012-12,,,,0,0,,,,FR_May_2010.pdf,Sector-Wise analysis of projects,42,310
FR_201005_311,,220100308,311,"PATNA GANGA BRIDGE (NL), ECR -",NL,,RAILWAYS,2010-05,2001-04,,624.47,,1480.71,,,445.84,2007-10,,2012-12,,,,0,0,,,,FR_May_2010.pdf,Sector-Wise analysis of projects,42,311
FR_201005_312,,N22000077,312,BHOPAL BINA 3D LINE DOUBLING -,,,RAILWAYS,2010-05,2007-09,,687.2,,687.2,,,125.24,2010-03,,2012-12,,,,0,0,,,,FR_May_2010.pdf,Sector-Wise analysis of projects,42,312
FR_201005_313,,220100184,313,"DAUSA-GANGAPUR CITY(NL),NWR -",NL,,RAILWAYS,2010-05,1997-02,,151.84,,410.08,,,101.53,,,2013-03,,,,0,0,,,,FR_May_2010.pdf,Sector-Wise analysis of projects,42,313
FR_201005_314,,220100263,314,QUILON-TIRUNELVELI-TENKASI- VIRUDHUNAGAR(SR)(GC) -,GC,,RAILWAYS,2010-05,1998-03,,280.0,280.0,1029.0,,,557.47,,,2013-03,,,,0,0,,,,FR_May_2010.pdf,Sector-Wise analysis of projects,42,314
FR_201005_315,,220100315,315,"RANGIA-MURKONGSELEK, (GC) NEFR -",GC,,RAILWAYS,2010-05,2004-01,,912.7,915.7,1556.23,,,248.09,,,2013-03,,,,0,0,,,,FR_May_2010.pdf,Sector-Wise analysis of projects,42,315
FR_201005_316,,220100201,316,"BRAHAMAPUTRA BRIDGE AT BOGIBIL & LINK LINES,NEFR -",,,RAILWAYS,2010-05,1996-04,,1000.0,1500.0,3230.01,,,1875.59,2008-04,2011-12,2014-03,,,,0,0,,,,FR_May_2010.pdf,Sector-Wise analysis of projects,42,316
FR_201005_317,,220100266,317,"MAYNAGURI TO JOGIGHOPA VIA CHANGRA (NL),NEFR -",NL,,RAILWAYS,2010-05,2000-02,,733.0,733.0,1655.8,,,502.03,2008-12,,2014-03,,,,0,0,,,,FR_May_2010.pdf,Sector-Wise analysis of projects,42,317
FR_201005_318,,N22000083,318,CONSTRUCTION OF NEW LINE FROM HARMATI-ITANAGAR/NAR -,,,RAILWAYS,2010-05,1996-09,,156.0,156.0,160.48,,,89.18,,,2014-03,,,,0,0,,,,FR_May_2010.pdf,Sector-Wise analysis of projects,42,318
FR_201005_319,,N22000086,319,NEW B.G. LINE FROM AZARA TO BYRNIHAT (NATINAL PROJ -,,,RAILWAYS,2010-05,2006-09,,200.0,200.0,390.0,,,0.78,,,2014-03,,,,0,0,,,,FR_May_2010.pdf,Sector-Wise analysis of projects,42,319
FR_201005_320,,N22000092,320,MUMBAI URBAN TRANSPORT PROJECT PHASE-II -,,,RAILWAYS,2010-05,2008-04,,5300.0,,5300.0,,,98.2,2014-03,,2014-03,,,,0,0,,,,FR_May_2010.pdf,Sector-Wise analysis of projects,42,320
FR_201005_321,,N22000099,321,AGARTALA SABROOM -,,,RAILWAYS,2010-05,2008-04,,813.34,,813.34,,,79.68,2014-03,,2014-03,,,,0,0,,,,FR_May_2010.pdf,Sector-Wise analysis of projects,42,321
FR_201005_322,,N22000100,322,BHAIRABI SAIRONG -,,,RAILWAYS,2010-05,2008-04,,619.34,,619.34,,,0.71,2014-04,,2014-03,,,,0,0,,,,FR_May_2010.pdf,Sector-Wise analysis of projects,42,322
FR_201005_323,,220100303,323,"HAJIPUR-SUGAULI VIA VAISHALI (NL), ECR -",NL,,RAILWAYS,2010-05,2003-04,,324.66,,324.66,,,129.28,,,2015-03,,,,0,0,,,,FR_May_2010.pdf,Sector-Wise analysis of projects,42,323
FR_201005_324,,N22000102,324,SEVOK RANGPO -,,,RAILWAYS,2010-05,2008-04,,1339.48,,1339.48,,,1.42,2015-12,,2015-12,,,,0,0,,,,FR_May_2010.pdf,Sector-Wise analysis of projects,42,324
FR_201005_325,,220100288,325,JIRIBAM TO IMPHAL (TUPUI)(NL)(NEFR) -,NEFR,,RAILWAYS,2010-05,2003-04,,727.56,727.53,3123.52,,,194.37,2011-03,,2016-03,,,,0,0,,,,FR_May_2010.pdf,Sector-Wise analysis of projects,42,325
FR_201005_326,,220100133,326,"UDHAMPUR-SRINAGAR-BARAMULLA (NL),NR -",NL,,RAILWAYS,2010-05,1995-03,,2500.0,8000.0,16000.0,,,6748.81,2001-03,,2017-12,,,,0,0,,,,FR_May_2010.pdf,Sector-Wise analysis of projects,42,326
FR_201005_327,,220100106,327,PEDAPALLI-KARIMNAGAR- NIZAMABAD NL(SCR) -,SCR,,RAILWAYS,2010-05,1994-12,,124.43,407.78,617.63,,,386.41,,,,,,,0,0,,,,FR_May_2010.pdf,Sector-Wise analysis of projects,42,327
FR_201005_328,,220100116,328,RAJKOT-VERAVAL & WANSJALIYA- JETALSAR GC(WR) -,WR,,RAILWAYS,2010-05,1992-04,,112.53,320.66,464.5,,,490.13,1996-03,2009-06,,,,,0,0,,,,FR_May_2010.pdf,Sector-Wise analysis of projects,42,328
FR_201005_329,,220100125,329,"HOTGI-GADAG(GC),SWR -",GC,,RAILWAYS,2010-05,1994-04,,180.0,,318.66,,,452.61,1999-03,2003-03,,,,,0,0,,,,FR_May_2010.pdf,Sector-Wise analysis of projects,42,329
FR_201005_330,,220100135,330,"EKLAKHI-BALURGHAT(NL),NEFR -",NL,,RAILWAYS,2010-05,1986-01,,36.8,274.41,285.93,,,232.15,,,,,,,0,0,,,,FR_May_2010.pdf,Sector-Wise analysis of projects,42,330
FR_201005_331,,220100148,331,LANJHIGARH-JUNAGARH NL(ECOR) -,ECOR,,RAILWAYS,2010-05,1993-04,,100.0,142.98,170.0,,,111.69,2002-03,2011-03,,,,,0,0,,,,FR_May_2010.pdf,Sector-Wise analysis of projects,42,331
FR_201005_332,,220100149,332,"DALLIRAJHARA- JAGDALPUR,NL,SECR -",,,RAILWAYS,2010-05,1995-04,,369.0,41.0,968.6,,,0.43,,,,,,,0,0,,,,FR_May_2010.pdf,Sector-Wise analysis of projects,42,332
FR_201005_333,,220100183,333,"HASSAN-BANGALORE VIA SHRAVANA-BELGOLA(NL),SWR -",NL,,RAILWAYS,2010-05,1997-02,,295.0,,412.91,,,312.72,,,,,,,0,0,,,,FR_May_2010.pdf,Sector-Wise analysis of projects,43,333
FR_201005_334,,220100185,334,"AJMER-UDAIPUR-CHITTAURGARH (GC),NWR -",GC,,RAILWAYS,2010-05,1996-09,,262.0,433.39,456.0,,,470.63,2000-03,,,,,,0,0,,,,FR_May_2010.pdf,Sector-Wise analysis of projects,43,334
FR_201005_335,,220100186,335,"GONDIA-JABALPUR(GC),(SECR) -",SECR,,RAILWAYS,2010-05,1997-02,,356.0,,511.86,,,413.02,1998-03,,,,,,0,0,,,,FR_May_2010.pdf,Sector-Wise analysis of projects,43,335
FR_201005_336,,220100188,336,"NANGALDAM-TALWARA(NL),NR -",NL,,RAILWAYS,2010-05,1981-03,,37.68,450.0,730.0,,,274.41,,,,,,,0,0,,,,FR_May_2010.pdf,Sector-Wise analysis of projects,43,336
FR_201005_337,,220100190,337,"KADUR-CHIKMAGALUR- SAKLESHPUR (NL),(SWR) -",SWR,,RAILWAYS,2010-05,1996-04,,157.0,,465.0,,,104.45,,,,,,,0,0,,,,FR_May_2010.pdf,Sector-Wise analysis of projects,43,337
FR_201005_338,,220100191,338,"KARUR-SALEM(NL),SR -",NL,,RAILWAYS,2010-05,1997-02,,155.55,155.0,712.0,,,363.6,,,,,,,0,0,,,,FR_May_2010.pdf,Sector-Wise analysis of projects,43,338
FR_201005_339,,220100192,339,"NANDYAL-YERRAGUNTLA(NL),SCR -",NL,,RAILWAYS,2010-05,1997-03,,155.74,164.36,429.49,,,363.58,2009-02,,,,,,0,0,,,,FR_May_2010.pdf,Sector-Wise analysis of projects,43,339
FR_201005_340,,220100193,340,"HUBLI-AKOLA(NL),SWR -",NL,,RAILWAYS,2010-05,1995-04,,227.0,,337.82,,,49.69,,,,,,,0,0,,,,FR_May_2010.pdf,Sector-Wise analysis of projects,43,340
FR_201005_341,,220100195,341,"HOSPET-GUNTAKAL(LD),SCR -",LD,,RAILWAYS,2010-05,1996-03,,105.22,,268.0,,,,1999-12,2008-03,,,,,0,0,,,,FR_May_2010.pdf,Sector-Wise analysis of projects,43,341
FR_201005_342,,220100197,342,"KANPUR-KASGANJ- MATHURA(GC),NER -",GC,,RAILWAYS,2010-05,1997-03,,395.0,598.98,661.72,,,510.14,,,,,,,0,0,,,,FR_May_2010.pdf,Sector-Wise analysis of projects,43,342
FR_201005_343,,220100205,343,"MUNEERABAD- MAHABOOBNAGAR(NL),SCR -",NL,,RAILWAYS,2010-05,1996-04,,377.32,218.24,497.47,,,82.45,,,,,,,0,0,,,,FR_May_2010.pdf,Sector-Wise analysis of projects,43,343
FR_201005_344,,220100208,344,HOWRAH-AMTA-CHAMPADANGA NL (SER) -,SER,,RAILWAYS,2010-05,1974-04,,31.42,154.3,154.3,,,101.86,2007-03,2007-03,,,,,0,0,,,,FR_May_2010.pdf,Sector-Wise analysis of projects,43,344
FR_201005_345,,220100220,345,MACHERLA-NALGONDA(NL)(SCR) -,SCR,,RAILWAYS,2010-05,1998-07,,125.0,,363.26,,,0.27,2008-07,,,,,,0,0,,,,FR_May_2010.pdf,Sector-Wise analysis of projects,43,345
FR_201005_346,,220100222,346,"KODERMA-RANCHI VIA BARKAKHANA (NL),ECR -",NL,,RAILWAYS,2010-05,1999-03,,491.19,,1099.2,,,686.07,2005-07,,,,,,0,0,,,,FR_May_2010.pdf,Sector-Wise analysis of projects,43,346
FR_201005_347,,220100249,347,KUTTIPURAM-CALICUT INCLD. SHORANUR-M-LORE (DL) (SR) -,SR,,RAILWAYS,2010-05,2001-03,,178.76,178.71,219.94,,,190.49,,,,,,,0,0,,,,FR_May_2010.pdf,Sector-Wise analysis of projects,43,347
FR_201005_348,,220100252,348,ANGAMALI-SABARIMALA (N.L.)(SR) -,SR,,RAILWAYS,2010-05,1998-10,,550.0,550.0,550.0,,,63.26,,,,,,,0,0,,,,FR_May_2010.pdf,Sector-Wise analysis of projects,43,348
FR_201005_349,,220100253,349,"PURNA-AKOLA (G.C), SCR -",G.C,,RAILWAYS,2010-05,2000-02,,228.0,,497.63,,,477.14,,,,,,,0,0,,,,FR_May_2010.pdf,Sector-Wise analysis of projects,43,349
FR_201005_350,,220100254,350,"BIDAR-GULBARGA,SCR(NL) -",NL,,RAILWAYS,2010-05,1999-02,,242.42,369.7,369.7,,,151.69,2009-05,,,,,,0,0,,,,FR_May_2010.pdf,Sector-Wise analysis of projects,43,350
FR_201005_351,,220100255,351,GONDA-GORAKHPUR LOOP WITH ANAND NAGAR-NAUTANWA GC (NER) -,NER,,RAILWAYS,2010-05,2002-03,,383.15,,381.17,,,80.12,,,,,,,0,0,,,,FR_May_2010.pdf,Sector-Wise analysis of projects,43,351
FR_201005_352,,220100256,352,KAPTANGANJ-THAWE-SIWAN- CHHAPRA GC (NER) -,NER,,RAILWAYS,2010-05,2001-09,,320.1,,320.1,,,108.05,,,,,,,0,0,,,,FR_May_2010.pdf,Sector-Wise analysis of projects,43,352
FR_201005_353,,220100257,353,KHAGARIA-KUSHESHWAR ASTHAN (NL) (ECR) -,ECR,,RAILWAYS,2010-05,1997-03,,78.23,,162.87,,,72.06,,,,,,,0,0,,,,FR_May_2010.pdf,Sector-Wise analysis of projects,43,353
FR_201005_354,,220100262,354,TIRUCHIRAPPALI-NAGORE- KARAIKKAL(SR)(GC) -,GC,,RAILWAYS,2010-05,1995-09,,100.0,,548.96,,,396.22,,,,,,,0,0,,,,FR_May_2010.pdf,Sector-Wise analysis of projects,43,354
FR_201005_355,,220100265,355,KOTLPALLI-NARASAPUR (NL) (SCR) -,SCR,,RAILWAYS,2010-05,2001-12,,330.0,42.0,695.0,,,9.41,,,,,,,0,0,,,,FR_May_2010.pdf,Sector-Wise analysis of projects,43,355
FR_201005_356,,220100274,356,BANGLORE - SATYAMANGALAM (NL)(SWR) -,SWR,,RAILWAYS,2010-05,1999-02,,138.0,,1300.0,,,,,,,,,,0,0,,,,FR_May_2010.pdf,Sector-Wise analysis of projects,44,356
FR_201005_357,,220100277,357,BANKURA - DAMODAR (GC) (SER) -,SER,,RAILWAYS,2010-05,1998-03,,111.9,111.9,325.17,,,311.98,2005-03,2008-12,,,,,0,0,,,,FR_May_2010.pdf,Sector-Wise analysis of projects,44,357
FR_201005_358,,220100284,358,KHURDA ROAD-BOLANGIR(NL)ECOR -,NL,,RAILWAYS,2010-05,1994-04,,355.38,,700.0,,,97.09,2011-03,,,,,,0,0,,,,FR_May_2010.pdf,Sector-Wise analysis of projects,44,358
FR_201005_359,,220100305,359,"KODERMA-TILAIYA (NL), ECR -",NL,,RAILWAYS,2010-05,2002-04,,459.91,,459.91,,,52.53,,,,,,,0,0,,,,FR_May_2010.pdf,Sector-Wise analysis of projects,44,359
FR_201005_360,,220100312,360,"RAJGIR-TILAIYA (NL), ECR -",NL,,RAILWAYS,2010-05,2001-04,,180.82,180.82,180.82,,,261.57,2006-03,,,,,,0,0,,,,FR_May_2010.pdf,Sector-Wise analysis of projects,44,360
FR_201005_361,,220100314,361,"RAMGANJMUNDI-BHOPAL (NL),WCR -",NL,,RAILWAYS,2010-05,2001-04,,727.13,727.13,1225.0,,,120.45,,,,,,,0,0,,,,FR_May_2010.pdf,Sector-Wise analysis of projects,44,361
FR_201005_362,,220100317,362,KICHHA-KHATIMA (NL) - NER -,NL,,RAILWAYS,2010-05,2003-04,,165.67,,165.67,,,0.15,,,,,,,0,0,,,,FR_May_2010.pdf,Sector-Wise analysis of projects,44,362
FR_201005_363,,220100319,363,HATHUA-BHATNI (N L) (NER) -,NER,,RAILWAYS,2010-05,2005-04,,200.73,,230.03,,,45.76,,,,,,,0,0,,,,FR_May_2010.pdf,Sector-Wise analysis of projects,44,363
FR_201005_364,,220100324,364,CHHINDWARA - NAGPUR (GC)(SECR) -,SECR,,RAILWAYS,2010-05,2005-04,,383.79,,585.93,,,102.78,,,,,,,0,0,,,,FR_May_2010.pdf,Sector-Wise analysis of projects,44,364
FR_201005_365,,220100330,365,GUNTUR-GUNTAKAL- KALLURU(GL)(SCR) -,SCR,,RAILWAYS,2010-05,1992-04,,458.45,,573.12,,,555.49,,,,,,,0,0,,,,FR_May_2010.pdf,Sector-Wise analysis of projects,44,365
FR_201005_366,,N22000032,366,MANOHARABAD-KOTHPALL NEW LINE(SCR) -,SCR,,RAILWAYS,2010-05,2006-04,,378.56,,671.82,,,1.05,,,,,,,0,0,,,,FR_May_2010.pdf,Sector-Wise analysis of projects,44,366
FR_201005_367,,N22000045,367,"GAELKERA-MANOHARPUR,(LD)(SER) -",SER,,RAILWAYS,2010-05,1998-03,,186.92,261.7,261.7,,,0.08,2006-02,,,,,,0,0,,,,FR_May_2010.pdf,Sector-Wise analysis of projects,44,367
FR_201005_368,,N22000079,368,MAYLADUTHURAI-THIRUVARUR- KARAIKUDI-THIRU 'PONDI'-A -,,,RAILWAYS,2010-05,2007-09,,404.19,404.19,900.0,,,47.91,,,,,,,0,0,,,,FR_May_2010.pdf,Sector-Wise analysis of projects,44,368
FR_201005_369,,N22000080,369,DINDIGUL-POLLACHI-PALGHAT- POLLACHI AND COIMBATORE -,,,RAILWAYS,2010-05,2006-09,,343.17,343.17,900.0,,,199.95,,,,,,,0,0,,,,FR_May_2010.pdf,Sector-Wise analysis of projects,44,369
FR_201005_370,,N22000082,370,ALUABARI ROAD SILIGURI JANCTION VIA GALGALIA -,,,RAILWAYS,2010-05,2006-12,,170.0,170.0,255.96,,,129.45,,,,,,,0,0,,,,FR_May_2010.pdf,Sector-Wise analysis of projects,44,370
FR_201005_371,,N22000084,371,TINDIVANAM-GINGEE- TIRUVANNAMALAI (NL) -,NL,,RAILWAYS,2010-05,2006-09,,125.0,125.0,227.4,,,13.3,,,,,,,0,0,,,,FR_May_2010.pdf,Sector-Wise analysis of projects,44,371
FR_201005_372,,N22000085,372,TIDIVANAM-NAGARI (NL) -,NL,,RAILWAYS,2010-05,2006-09,,456.0,456.0,582.83,,,28.22,,,,,,,0,0,,,,FR_May_2010.pdf,Sector-Wise analysis of projects,44,372
FR_201005_373,,N22000087,373,NEW B.G. LINE FROM ARARIA TO GALGALIA (THAKURGUNG) -,THAKURGUNG,,RAILWAYS,2010-05,2006-09,,300.0,300.0,529.88,,,24.4,,,,,,,0,0,,,,FR_May_2010.pdf,Sector-Wise analysis of projects,44,373
FR_201005_374,,N22000098,374,BHAKURA DAMODAR -,,,RAILWAYS,2010-05,1998-03,,282.7,,325.17,,,24.32,2008-07,,,,,,0,0,,,,FR_May_2010.pdf,Sector-Wise analysis of projects,44,374
FR_201005_375,,N22000101,375,KISHANGANJ JALALGARH -,,,RAILWAYS,2010-05,2008-04,,282.92,,333.76,,,0.71,,,,,,,0,0,,,,FR_May_2010.pdf,Sector-Wise analysis of projects,44,375
FR_201005_376,,N22000103,376,RESTORATION WITH GAUGE CONVERSION OF SILIGHAT TOWN -,,,RAILWAYS,2010-05,1993-04,,100.41,,949.22,,,15.65,2009-12,,,,,,0,0,,,,FR_May_2010.pdf,Sector-Wise analysis of projects,44,376
FR_201005_377,,220100168,377,"MANDARHILL-DUMKA-RAMPURHAT (NL),ER -",NL,,RAILWAYS,2010-05,1995-04,,184.0,254.07,675.0,,,315.61,2011-12,,,,,,0,0,,,,FR_May_2010.pdf,Sector-Wise analysis of projects,44,377
FR_201005_378,,220100181,378,AHMEDNAGAR-PARLI VAIJNATH(NL) CR -,NL,,RAILWAYS,2010-05,1997-02,,353.08,353.08,1010.0,,,64.75,2012-12,,,,,,0,0,,,,FR_May_2010.pdf,Sector-Wise analysis of projects,44,378
FR_201005_379,,220100273,379,"DEOGHAR - SULTANGANJ (INL), ER -",INL,,RAILWAYS,2010-05,2000-04,,138.0,258.24,607.09,,,194.84,2012-12,,,,,,0,0,,,,FR_May_2010.pdf,Sector-Wise analysis of projects,44,379
FR_201005_380,,240106257,380,"DHULE-PIMPALGAON, NH-3, KM.380 TOKM. 265 -",,,ROAD TRANSPORT & HIGHWAYS,2010-05,2005-03,,556.0,,556.0,,,,2009-03,,2010-03,,,,0,0,,,,FR_May_2010.pdf,Sector-Wise analysis of projects,45,380
FR_201005_381,,240106227,381,"PURNEA-FORBESGANJ (BR-1) PHASE-II, KM.309 TO 268, NH-57 -",BR-1,,ROAD TRANSPORT & HIGHWAYS,2010-05,2003-12,,276.0,,276.0,,,,2008-04,,2010-04,,,,0,0,,,,FR_May_2010.pdf,Sector-Wise analysis of projects,45,381
FR_201005_382,,240106228,382,"PURNEA-FORBESGANJ (BR-2) PHASE-II, KM.268 TO 230, NH-57 -",BR-2,,ROAD TRANSPORT & HIGHWAYS,2010-05,2003-12,,310.0,,310.0,,,392.26,2008-04,,2010-04,,,,0,0,,,,FR_May_2010.pdf,Sector-Wise analysis of projects,45,382
FR_201005_383,,240106273,383,"SALEM TO KERALA BORDER SEC(TN6), KM.203.96 NH7 TO KM 53 NH47 -",TN6,,ROAD TRANSPORT & HIGHWAYS,2010-05,2003-12,,469.8,,469.8,,,,2008-12,,2010-04,,,,0,0,,,,FR_May_2010.pdf,Sector-Wise analysis of projects,45,383
FR_201005_384,,240106302,384,"SAGAR - RAJMARG CHORAHA,KM 255-297, NH-26 (NHAI) -",NHAI,,ROAD TRANSPORT & HIGHWAYS,2010-05,2003-12,,206.96,,206.96,,,,2008-10,,2010-04,,,,0,0,,,,FR_May_2010.pdf,Sector-Wise analysis of projects,45,384
FR_201005_385,,240100203,385,"ALLAHABAD BYPASS (KM.158- KM.198) GQ, NH-2 -",KM.158- KM.198,,ROAD TRANSPORT & HIGHWAYS,2010-05,2000-04,,440.93,,440.93,,,641.4,2006-12,,2009-12,,,,0,0,,,,FR_May_2010.pdf,Sector-Wise analysis of projects,45,385
FR_201005_386,,240100204,386,"ALLAHABAD BYPASS (KM.198- KM.242.708) GQ, NH-2 -",KM.198- KM.242.708,,ROAD TRANSPORT & HIGHWAYS,2010-05,2000-04,,534.39,,534.39,,,716.15,2007-05,,2009-12,,,,0,0,,,,FR_May_2010.pdf,Sector-Wise analysis of projects,45,386
FR_201005_387,,N24000054,387,"TOVARAMKURCHI-MADURAI,NH45B (NHAI) -",NHAI,,ROAD TRANSPORT & HIGHWAYS,2010-05,2000-04,,263.0,,263.0,,,317.74,2008-08,,2009-12,,,,0,0,,,,FR_May_2010.pdf,Sector-Wise analysis of projects,45,387
FR_201005_388,,N24000060,388,AP/KARNATKA BORDER-NANDI HILL CROSSING AND DEVANHA -,,,ROAD TRANSPORT & HIGHWAYS,2010-05,2003-12,,402.8,,402.8,,,453.7,2009-03,,2009-12,,,,0,0,,,,FR_May_2010.pdf,Sector-Wise analysis of projects,45,388
FR_201005_389,,N24000105,389,ELEVATED HIGHWAY FROM SILK BOARD JUNCTION TO ELECT -,,,ROAD TRANSPORT & HIGHWAYS,2010-05,2005-03,,450.0,,450.0,,,876.61,2008-07,,2010-01,,,,0,0,,,,FR_May_2010.pdf,Sector-Wise analysis of projects,45,389
FR_201005_390,,240106285,390,TRICHY BYPASS END TO TOVARAMKURCHI (NH-45B)(NHAI) -,NHAI,,ROAD TRANSPORT & HIGHWAYS,2010-05,2005-03,,261.0,,261.0,,,286.3,2008-08,,2010-03,,,,0,0,,,,FR_May_2010.pdf,Sector-Wise analysis of projects,45,390
FR_201005_391,,240106289,391,NAGAON BYPASS (NH-37)(NHAI) -,NHAI,,ROAD TRANSPORT & HIGHWAYS,2010-05,2003-12,,230.0,,230.0,,,164.23,2008-06,,2010-03,,,,0,0,,,,FR_May_2010.pdf,Sector-Wise analysis of projects,45,391
FR_201005_392,,N24000083,392,"PADALUR-TRICHY, NH-45 -",,,ROAD TRANSPORT & HIGHWAYS,2010-05,2005-03,,320.0,,320.0,,,636.1,2009-05,,2010-04,,,,0,0,,,,FR_May_2010.pdf,Sector-Wise analysis of projects,45,392
FR_201005_393,,N24000093,393,"MAHARASHTRA/AP BORDER TO ISLAM NAGAR,(NS-2/BOT/AP-6),NH-7 -",NS-2/BOT/AP-6,,ROAD TRANSPORT & HIGHWAYS,2010-05,2003-12,,360.42,,360.42,,,,2009-11,,2010-05,,,,0,0,,,,FR_May_2010.pdf,Sector-Wise analysis of projects,45,393
FR_201005_394,,240100206,394,"COCHIN PORT, NH-47 (PORT CONNECTIVITY) KMS 348 - KMS 358 -",PORT CONNECTIVITY,,ROAD TRANSPORT & HIGHWAYS,2010-05,2000-04,,106.0,,193.0,,,134.6,2006-08,,2010-06,,,,0,0,,,,FR_May_2010.pdf,Sector-Wise analysis of projects,45,394
FR_201005_395,,240101178,395,FATEHPUR-KHAGA (GQ) KM.38- KM.115 (NH-2) -,NH-2,,ROAD TRANSPORT & HIGHWAYS,2010-05,2000-04,,372.4,,372.4,,,399.29,2004-07,,2010-06,,,,0,0,,,,FR_May_2010.pdf,Sector-Wise analysis of projects,45,395
FR_201005_396,,240101181,396,VARANASI-MOHANIA (GQ) KM.317- 329 & KM.0-KM.65 (NH-2) -,NH-2,,ROAD TRANSPORT & HIGHWAYS,2010-05,2000-04,,467.93,,467.93,,,452.07,2005-03,,2010-06,,,,0,0,,,,FR_May_2010.pdf,Sector-Wise analysis of projects,45,396
FR_201005_397,,240101187,397,GORHAR-BARWA ADDA (GQ) KM.320- KM.398.75 (NH-2) -,NH-2,,ROAD TRANSPORT & HIGHWAYS,2010-05,2000-04,,399.75,,399.75,,,407.18,2005-03,,2010-06,,,,0,0,,,,FR_May_2010.pdf,Sector-Wise analysis of projects,45,397
FR_201005_398,,240106216,398,"GAGODHAR-GARAMORE(PK-IV,NH15) KM 245 TO 281.3 AND 308 TO 254 -","PK-IV,NH15",,ROAD TRANSPORT & HIGHWAYS,2010-05,2003-12,,412.78,,479.54,,,423.5,2007-11,,2010-06,,,,0,0,,,,FR_May_2010.pdf,Sector-Wise analysis of projects,45,398
FR_201005_399,,240106220,399,"JHANSI BYPASS (UP-3), KM.104- KM.91, NH-25 -",UP-3,,ROAD TRANSPORT & HIGHWAYS,2010-05,2003-12,,158.06,44.0,158.06,,,150.03,2005-08,,2010-06,,,,0,0,,,,FR_May_2010.pdf,Sector-Wise analysis of projects,45,399
FR_201005_400,,240106240,400,"MADURAI -KANIAKUMARI SECTION (NS-41/TN) NH-7,KM.80 TO KM.120 -",NS-41/TN,,ROAD TRANSPORT & HIGHWAYS,2010-05,2003-12,,323.36,,323.36,,,189.9,2008-03,,2010-06,,,,0,0,,,,FR_May_2010.pdf,Sector-Wise analysis of projects,46,400
FR_201005_401,,240106241,401,"MADURAI -KANNIAKUMARI SEC. (NS- 42/TN) NH-7, KM.120 TO KM.160 -",NS- 42/TN,,ROAD TRANSPORT & HIGHWAYS,2010-05,2003-12,,507.49,,507.49,,,342.8,2008-03,,2010-06,,,,0,0,,,,FR_May_2010.pdf,Sector-Wise analysis of projects,46,401
FR_201005_402,,240106256,402,"MEERUT-MUZAFFARNAGAR, NH-58 PHASE-III, KM.52.25 TO KM.131.00 -",,,ROAD TRANSPORT & HIGHWAYS,2010-05,2005-03,,359.0,,359.0,,,560.71,2009-03,,2010-06,,,,0,0,,,,FR_May_2010.pdf,Sector-Wise analysis of projects,46,402
FR_201005_403,,240106262,403,"GONDE-VADAPE(THANE), NH-3, KM.440/000 TO KM.539/500 -",THANE,,ROAD TRANSPORT & HIGHWAYS,2010-05,2005-03,,579.0,,579.0,,,677.94,2009-04,,2010-06,,,,0,0,,,,FR_May_2010.pdf,Sector-Wise analysis of projects,46,403
FR_201005_404,,240106268,404,"JALANDAR-AMRITSAR, KM.407/100 TO KM.456/100, NH-1 -",,,ROAD TRANSPORT & HIGHWAYS,2010-05,2005-03,,263.0,,263.0,,,383.3,2009-02,,2010-06,,,,0,0,,,,FR_May_2010.pdf,Sector-Wise analysis of projects,46,404
FR_201005_405,,240106295,405,"DARBHANGA-MUZAFFARPUR, NH-57 (NHAI) -",NHAI,,ROAD TRANSPORT & HIGHWAYS,2010-05,2003-12,,305.0,,305.0,,,414.3,2008-06,,2010-06,,,,0,0,,,,FR_May_2010.pdf,Sector-Wise analysis of projects,46,405
FR_201005_406,,240106296,406,"DARBHANGA-MUZAFFARPUR(KM 30 TO KM 0), NH-57 (NHAI) -",NHAI,,ROAD TRANSPORT & HIGHWAYS,2010-05,2003-12,,291.8,,291.8,,,376.4,2008-06,,2010-06,,,,0,0,,,,FR_May_2010.pdf,Sector-Wise analysis of projects,46,406
FR_201005_407,,N24000030,407,RINGBUNDS TO JHAJHANPUR (BR-6) -,BR-6,,ROAD TRANSPORT & HIGHWAYS,2010-05,2003-12,,340.0,,340.0,,,447.6,2008-06,,2010-06,,,,0,0,,,,FR_May_2010.pdf,Sector-Wise analysis of projects,46,407
FR_201005_408,,N24000040,408,NEW MANGALORE PORT NH-17 AND 48 -,,,ROAD TRANSPORT & HIGHWAYS,2010-05,2000-04,,196.5,,196.5,,,132.44,2008-06,,2010-06,,,,0,0,,,,FR_May_2010.pdf,Sector-Wise analysis of projects,46,408
FR_201005_409,,N24000055,409,"NAGPUR-KONDHALI,NH-6(NHAI) -",NHAI,,ROAD TRANSPORT & HIGHWAYS,2010-05,2005-03,,168.0,,168.0,,,,2008-12,,2010-06,,,,0,0,,,,FR_May_2010.pdf,Sector-Wise analysis of projects,46,409
FR_201005_410,,N24000057,410,"GANJAM-ICCHAPURUM,NH-5(NHAI) -",NHAI,,ROAD TRANSPORT & HIGHWAYS,2010-05,2000-04,,263.27,,263.27,,,212.0,2004-02,,2010-06,,,,0,0,,,,FR_May_2010.pdf,Sector-Wise analysis of projects,46,410
FR_201005_411,,N24000069,411,"BARA TO ORAI, NH-2, 25 -",,,ROAD TRANSPORT & HIGHWAYS,2010-05,2003-12,,465.0,,465.0,,,30.89,2009-04,,2010-06,,,,0,0,,,,FR_May_2010.pdf,Sector-Wise analysis of projects,46,411
FR_201005_412,,N24000076,412,HYDERABAD-BANGALORE SEC.(NS CORR.PH-II)[KM 251-293 -,NS CORR.PH-II,,ROAD TRANSPORT & HIGHWAYS,2010-05,2003-12,,208.46,,208.46,,,184.0,2009-08,,2010-06,,,,0,0,,,,FR_May_2010.pdf,Sector-Wise analysis of projects,46,412
FR_201005_413,,N24000077,413,HYDERABAD-BANGALORE SEC.(NS CORR.PH-II)[KM 293.4-3 -,NS CORR.PH-II,,ROAD TRANSPORT & HIGHWAYS,2010-05,2003-12,,239.19,,239.19,,,211.1,2009-09,,2010-06,,,,0,0,,,,FR_May_2010.pdf,Sector-Wise analysis of projects,46,413
FR_201005_414,,N24000078,414,HYDERABAD-BANGALORE SEC.(NS CORR.PH-II)[KM 336-376 -,NS CORR.PH-II,,ROAD TRANSPORT & HIGHWAYS,2010-05,2003-12,,243.38,,243.38,,,237.7,2008-09,,2010-06,,,,0,0,,,,FR_May_2010.pdf,Sector-Wise analysis of projects,46,414
FR_201005_415,,N24000079,415,HYDERABAD-BANGALORE SEC.(NS CORR.PH-II)[KM 376-418 -,NS CORR.PH-II,,ROAD TRANSPORT & HIGHWAYS,2010-05,2003-12,,205.92,,205.92,,,191.1,2009-08,,2010-06,,,,0,0,,,,FR_May_2010.pdf,Sector-Wise analysis of projects,46,415
FR_201005_416,,N24000080,416,HYDERABAD-BANGALORE SEC.(NS CORR.PH-II)[KM 418-463 -,NS CORR.PH-II,,ROAD TRANSPORT & HIGHWAYS,2010-05,2003-12,,243.64,,243.64,,,247.8,2009-08,,2010-06,,,,0,0,,,,FR_May_2010.pdf,Sector-Wise analysis of projects,46,416
FR_201005_417,,N24000081,417,HYDERABAD-BANGALORE SEC.(NS CORR.PH-II)[KM 211-251 -,NS CORR.PH-II,,ROAD TRANSPORT & HIGHWAYS,2010-05,2003-12,,194.8,,194.8,,,164.6,2009-08,,2010-06,,,,0,0,,,,FR_May_2010.pdf,Sector-Wise analysis of projects,46,417
FR_201005_418,,N24000087,418,"KURALI-KIRATPUR, NH-21 -",,,ROAD TRANSPORT & HIGHWAYS,2010-05,2005-03,,309.0,,309.0,,,441.6,2010-06,,2010-06,,,,0,0,,,,FR_May_2010.pdf,Sector-Wise analysis of projects,46,418
FR_201005_419,,N24000104,419,BANGALORE-NEELAMANGLALA NH-4 -,,,ROAD TRANSPORT & HIGHWAYS,2010-05,2005-03,,445.0,,445.0,,,793.2,2010-07,,2010-06,,,,0,0,,,,FR_May_2010.pdf,Sector-Wise analysis of projects,46,419
FR_201005_420,,N24000121,420,AMRITSAR-WAGHA BORDER -,,,ROAD TRANSPORT & HIGHWAYS,2010-05,2008-06,,205.88,,205.88,,,205.2,2010-06,,2010-06,,,,0,0,,,,FR_May_2010.pdf,Sector-Wise analysis of projects,46,420
FR_201005_421,,240101132,421,HAVERI-HARIHAR (GQ) KM.340- KM.284 (NH-4) -,NH-4,,ROAD TRANSPORT & HIGHWAYS,2010-05,2000-04,,241.0,,196.65,,,67.03,2004-08,,2010-07,,,,0,0,,,,FR_May_2010.pdf,Sector-Wise analysis of projects,46,421
FR_201005_422,,N24000100,422,PONDICHERY - TINDIVANAU NH-66 -,,,ROAD TRANSPORT & HIGHWAYS,2010-05,2005-03,,285.0,,285.0,,,204.55,2010-07,,2010-07,,,,0,0,,,,FR_May_2010.pdf,Sector-Wise analysis of projects,46,422
FR_201005_423,,N24000103,423,NEELAMANGALAR JUNCTION ON NH- 4 SMITH NH-48 TO DEVI -,,,ROAD TRANSPORT & HIGHWAYS,2010-05,2005-03,,441.0,45.0,441.0,,,513.5,2010-07,,2010-07,,,,0,0,,,,FR_May_2010.pdf,Sector-Wise analysis of projects,46,423
FR_201005_424,,N24000106,424,BANGLORE - HOSKOTE MUDBOGAL SECTION NH-4 -,,,ROAD TRANSPORT & HIGHWAYS,2010-05,2005-03,,565.0,,565.0,,,831.21,2010-07,,2010-07,,,,0,0,,,,FR_May_2010.pdf,Sector-Wise analysis of projects,47,424
FR_201005_425,,N24000109,425,ISLAM NAGAR TO KADTAL -,,,ROAD TRANSPORT & HIGHWAYS,2010-05,2003-12,,546.83,,546.83,,,667.7,2010-03,,2010-07,,,,0,0,,,,FR_May_2010.pdf,Sector-Wise analysis of projects,47,425
FR_201005_426,,240106202,426,"CHENNAI BYPASS (NHAI) OTHERS, NH-45, 4 & 5 -",NHAI,,ROAD TRANSPORT & HIGHWAYS,2010-05,2003-12,,480.0,,480.0,,,782.86,2007-11,,2010-08,,,,0,0,,,,FR_May_2010.pdf,Sector-Wise analysis of projects,47,426
FR_201005_427,,240106286,427,LANKA TO DABOKA (NH-54)(NHAI) -,NHAI,,ROAD TRANSPORT & HIGHWAYS,2010-05,2003-12,,225.0,,225.0,,,187.6,2008-06,,2010-08,,,,0,0,,,,FR_May_2010.pdf,Sector-Wise analysis of projects,47,427
FR_201005_428,,240101133,428,HARIHAR-CHITRADURGA (GQ) KM.284-KM.207 (NH-4) -,NH-4,,ROAD TRANSPORT & HIGHWAYS,2010-05,2000-04,,318.0,,207.56,,,71.35,2004-08,,2010-09,,,,0,0,,,,FR_May_2010.pdf,Sector-Wise analysis of projects,47,428
FR_201005_429,,240104196,429,HALDIA PORT (PORT CONNECTIVITY) (NH-41) -,NH-41,,ROAD TRANSPORT & HIGHWAYS,2010-05,2000-04,,273.0,,522.0,,,314.0,2005-03,,2010-09,,,,0,0,,,,FR_May_2010.pdf,Sector-Wise analysis of projects,47,429
FR_201005_430,,240106276,430,"MADURAI-ARUPKOTTAI-TUTICORIN, KM.138.8 TO KM.264.5, NH-45 B -",,,ROAD TRANSPORT & HIGHWAYS,2010-05,2005-03,,629.0,,629.0,,,838.9,2010-11,,2010-09,,,,0,0,,,,FR_May_2010.pdf,Sector-Wise analysis of projects,47,430
FR_201005_431,,240106297,431,"KOTA BYPASS,RJ-4, NH-76 (NHAI) -",NHAI,,ROAD TRANSPORT & HIGHWAYS,2010-05,2003-12,,275.0,,250.39,,,223.4,2008-10,,2010-09,,,,0,0,,,,FR_May_2010.pdf,Sector-Wise analysis of projects,47,431
FR_201005_432,,N24000094,432,"LAKHNAADON TO MP/MH BORDER,KM 596.75-653 (NS- 1/BOT/MP-2),NH7 -",NS- 1/BOT/MP-2,,ROAD TRANSPORT & HIGHWAYS,2010-05,2003-12,,407.6,,407.6,,,232.4,2010-06,,2010-09,,,,0,0,,,,FR_May_2010.pdf,Sector-Wise analysis of projects,47,432
FR_201005_433,,N24000095,433,"LAKHNADON TO MP/MH BORDER (NS-1/BOT/MP-2), NH-7 -",NS-1/BOT/MP-2,,ROAD TRANSPORT & HIGHWAYS,2010-05,2003-12,,263.17,,263.17,,,232.4,2009-09,,2010-09,,,,0,0,,,,FR_May_2010.pdf,Sector-Wise analysis of projects,47,433
FR_201005_434,,N24000096,434,"JHANSI TO LALITPUR, NH-25,26 -",,,ROAD TRANSPORT & HIGHWAYS,2010-05,2003-12,,355.06,,355.06,,,242.4,2009-09,,2010-09,,,,0,0,,,,FR_May_2010.pdf,Sector-Wise analysis of projects,47,434
FR_201005_435,,N24000097,435,"JHANSI TO LALITPUR, NH-26 -",,,ROAD TRANSPORT & HIGHWAYS,2010-05,2003-12,,276.09,,276.09,,,184.6,2009-09,,2010-09,,,,0,0,,,,FR_May_2010.pdf,Sector-Wise analysis of projects,47,435
FR_201005_436,,N24000120,436,WAINGANGA BRIDGE - CHHATISGARH-MAHARASHTRA -,,,ROAD TRANSPORT & HIGHWAYS,2010-05,2008-03,,424.0,,424.0,,,298.4,2010-09,,2010-09,,,,0,0,,,,FR_May_2010.pdf,Sector-Wise analysis of projects,47,436
FR_201005_437,,240106222,437,"AYODHYA - LUCKNOW (LMNHP-I) NH- 28, KM.45 TO KM.8.2 -",LMNHP-I,,ROAD TRANSPORT & HIGHWAYS,2010-05,2003-12,,193.0,,193.0,,,262.6,2008-10,,2010-10,,,,0,0,,,,FR_May_2010.pdf,Sector-Wise analysis of projects,47,437
FR_201005_438,,240106225,438,"AYODHYA - LUCKNOW (LMNHP-II) KM.93.075 TO KM.45, NH-28 -",LMNHP-II,,ROAD TRANSPORT & HIGHWAYS,2010-05,2003-12,,217.0,,217.0,,,287.7,2008-10,,2010-10,,,,0,0,,,,FR_May_2010.pdf,Sector-Wise analysis of projects,47,438
FR_201005_439,,240106235,439,VIJAYAPUR TO PATHANKOT (J&K) NH-1A KM.16.35 TO KM.50.00 -,J&K,,ROAD TRANSPORT & HIGHWAYS,2010-05,2003-12,,193.09,,193.09,,,122.7,2008-03,,2010-10,,,,0,0,,,,FR_May_2010.pdf,Sector-Wise analysis of projects,47,439
FR_201005_440,,240106236,440,VIJAYAPUR TO PATHANKOT (NS- 35/J&K) NH-1A KM.50 TO KM.80 -,NS- 35/J&K,,ROAD TRANSPORT & HIGHWAYS,2010-05,2003-12,,166.27,,166.27,,,93.21,2008-03,,2010-10,,,,0,0,,,,FR_May_2010.pdf,Sector-Wise analysis of projects,47,440
FR_201005_441,,240106245,441,"GORAKHPUR-AYODHYA (LMNHP- 6),NH-28, KM.251.70 TO KM.208.00 -",LMNHP- 6,,ROAD TRANSPORT & HIGHWAYS,2010-05,2003-12,,239.0,,239.0,,,355.9,2008-10,,2010-10,,,,0,0,,,,FR_May_2010.pdf,Sector-Wise analysis of projects,47,441
FR_201005_442,,240106247,442,"GORAKHPUR-AYODHYA (LMNHP- 4),NH-28, KM.164.00 TO KM.135.00 -",LMNHP- 4,,ROAD TRANSPORT & HIGHWAYS,2010-05,2003-12,,205.0,,205.0,,,282.0,2008-10,,2010-10,,,,0,0,,,,FR_May_2010.pdf,Sector-Wise analysis of projects,47,442
FR_201005_443,,240106248,443,"AYODHYA-LUCKNOW (LMNHP-3),NH- 28, KM.135.000 TO KM.93.075 -",LMNHP-3,,ROAD TRANSPORT & HIGHWAYS,2010-05,2003-12,,212.0,,212.0,,,292.12,2008-10,,2010-10,,,,0,0,,,,FR_May_2010.pdf,Sector-Wise analysis of projects,47,443
FR_201005_444,,240106249,444,"ORAI TO JHANSI (UP-4),NH-25, KM.170.0 TO KM.104.0 -",UP-4,,ROAD TRANSPORT & HIGHWAYS,2010-05,2003-12,,451.97,,451.97,,,449.2,2008-04,,2010-10,,,,0,0,,,,FR_May_2010.pdf,Sector-Wise analysis of projects,47,444
FR_201005_445,,N24000056,445,"THANJAUR-TRICHY,NH-67(NHAI) -",NHAI,,ROAD TRANSPORT & HIGHWAYS,2010-05,2005-03,,280.0,46.0,280.0,,,550.82,2009-06,,2010-10,,,,0,0,,,,FR_May_2010.pdf,Sector-Wise analysis of projects,47,445
FR_201005_446,,N24000088,446,"GWALIOR BYPSS, NH-75,3 -",,,ROAD TRANSPORT & HIGHWAYS,2010-05,2003-12,,300.93,,300.93,,,232.0,2009-10,,2010-10,,,,0,0,,,,FR_May_2010.pdf,Sector-Wise analysis of projects,48,446
FR_201005_447,,240101173,447,AGRA-SHIKOHABAD (GQ) KM.199.66- KM.250.50 (NH-2) -,NH-2,,ROAD TRANSPORT & HIGHWAYS,2010-05,2000-04,,367.49,,367.49,,,422.12,2005-03,,2010-12,,,,0,0,,,,FR_May_2010.pdf,Sector-Wise analysis of projects,48,447
FR_201005_448,,240103191,448,"PURNEA-GOYAKOTA SEC.(EW) (NS & EW-PH-I) KM.419-KM.447, NH-31 -",NS & EW-PH-I,,ROAD TRANSPORT & HIGHWAYS,2010-05,2000-04,,205.73,,205.73,,,244.3,2004-07,,2010-12,,,,0,0,,,,FR_May_2010.pdf,Sector-Wise analysis of projects,48,448
FR_201005_449,,240106203,449,IMPROVEMENT OF ACCESS OF GQ WITHIN CHENNAI CITY(NHAI) OTHERS -,NHAI,,ROAD TRANSPORT & HIGHWAYS,2010-05,2003-12,,210.0,,210.0,,,622.2,2007-04,,2010-12,,,,0,0,,,,FR_May_2010.pdf,Sector-Wise analysis of projects,48,449
FR_201005_450,,240106204,450,"GARHMUKTESHWAR-MURADABAD (NHAI) OTHERS KM.93-149.25, NH-24 -",NHAI,,ROAD TRANSPORT & HIGHWAYS,2010-05,2003-12,,275.0,,275.0,,,277.35,2007-09,,2010-12,,,,0,0,,,,FR_May_2010.pdf,Sector-Wise analysis of projects,48,450
FR_201005_451,,240106237,451,"PATHANKOT- BHOGPUR, KM.26- KM.70, NH-1A -",,,ROAD TRANSPORT & HIGHWAYS,2010-05,2003-12,,284.0,,284.0,,,291.0,2008-05,,2010-12,,,,0,0,,,,FR_May_2010.pdf,Sector-Wise analysis of projects,48,451
FR_201005_452,,240106250,452,"ORAI TO JHANSI (UP-5),NH-25, KM.220.0 TO KM.170.0 -",UP-5,,ROAD TRANSPORT & HIGHWAYS,2010-05,2003-12,,340.68,,340.68,,,259.5,2008-03,,2010-12,,,,0,0,,,,FR_May_2010.pdf,Sector-Wise analysis of projects,48,452
FR_201005_453,,240106260,453,"AURANG-RAIPUR, NH-6, KM.232 TO KM.281 -",,,ROAD TRANSPORT & HIGHWAYS,2010-05,2005-03,,190.0,,190.0,,,204.68,2009-01,,2010-12,,,,0,0,,,,FR_May_2010.pdf,Sector-Wise analysis of projects,48,453
FR_201005_454,,240106278,454,"MAIBANG TO LUNDING (AS-25), KM.83.400 TO KM.111.000 -",AS-25,,ROAD TRANSPORT & HIGHWAYS,2010-05,2003-12,,199.81,,199.81,,,28.1,2009-04,,2010-12,,,,0,0,,,,FR_May_2010.pdf,Sector-Wise analysis of projects,48,454
FR_201005_455,,240106279,455,"MAIBANG TO LUNDING (AS-26), KM.60.500 TO KM.83.400, NH-54 -",AS-26,,ROAD TRANSPORT & HIGHWAYS,2010-05,2003-12,,167.64,,167.64,,,39.49,2008-11,,2010-12,,,,0,0,,,,FR_May_2010.pdf,Sector-Wise analysis of projects,48,455
FR_201005_456,,240106291,456,KASIA TO GORAKHPUR (NH- 28)(NHAI) -,NHAI,,ROAD TRANSPORT & HIGHWAYS,2010-05,2003-12,,242.0,,242.0,,,306.2,2008-12,,2010-12,,,,0,0,,,,FR_May_2010.pdf,Sector-Wise analysis of projects,48,456
FR_201005_457,,240106292,457,UP/BIHAR BORDER TO KASIA (NH- 28)(NHAI) -,NHAI,,ROAD TRANSPORT & HIGHWAYS,2010-05,2003-12,,227.0,,227.0,,,289.3,2008-12,,2010-12,,,,0,0,,,,FR_May_2010.pdf,Sector-Wise analysis of projects,48,457
FR_201005_458,,240106300,458,"LALITPUR TO SAGAR KM 132 TO KM 187, NH-26 (NHAI) -",NHAI,,ROAD TRANSPORT & HIGHWAYS,2010-05,2003-12,,225.0,,225.0,,,178.0,2008-10,,2010-12,,,,0,0,,,,FR_May_2010.pdf,Sector-Wise analysis of projects,48,458
FR_201005_459,,240106301,459,"SAGAR BY PASS,KM 187 TO KM 211 , NH-26 (NHAI) -",NHAI,,ROAD TRANSPORT & HIGHWAYS,2010-05,2003-12,,151.3,,151.3,,,104.0,2008-10,,2010-12,,,,0,0,,,,FR_May_2010.pdf,Sector-Wise analysis of projects,48,459
FR_201005_460,,240106303,460,"SAGAR - RAJMARG CHORAHA,KM 211 TO KM 255, NH-26 (NHAI) -",NHAI,,ROAD TRANSPORT & HIGHWAYS,2010-05,2003-12,,203.43,,203.43,,,108.1,2008-10,,2010-12,,,,0,0,,,,FR_May_2010.pdf,Sector-Wise analysis of projects,48,460
FR_201005_461,,N24000028,461,SILIGURI TO ISLAMPUR (WB-7) -,WB-7,,ROAD TRANSPORT & HIGHWAYS,2010-05,2003-12,,225.0,,225.0,,,162.8,2008-07,,2010-12,,,,0,0,,,,FR_May_2010.pdf,Sector-Wise analysis of projects,48,461
FR_201005_462,,N24000036,462,SITAPUR-LUCKNOW -,,,ROAD TRANSPORT & HIGHWAYS,2010-05,2005-03,,322.0,,322.0,,,254.3,2009-06,,2010-12,,,,0,0,,,,FR_May_2010.pdf,Sector-Wise analysis of projects,48,462
FR_201005_463,,N24000037,463,THRISSUR TO ANGAMALI (NH-47) -,NH-47,,ROAD TRANSPORT & HIGHWAYS,2010-05,2003-12,,312.5,,312.5,,,477.0,2009-03,,2010-12,,,,0,0,,,,FR_May_2010.pdf,Sector-Wise analysis of projects,48,463
FR_201005_464,,N24000045,464,ASSAM/WB BORDER TO GAIRKATTA (WB-1) -,WB-1,,ROAD TRANSPORT & HIGHWAYS,2010-05,2003-12,,221.82,,221.82,,,175.5,2008-11,,2010-12,,,,0,0,,,,FR_May_2010.pdf,Sector-Wise analysis of projects,48,464
FR_201005_465,,N24000089,465,"GWALIOR-JHANSI, NH-75 -",,,ROAD TRANSPORT & HIGHWAYS,2010-05,2003-12,,604.0,,604.0,,,253.6,2009-12,,2010-12,,,,0,0,,,,FR_May_2010.pdf,Sector-Wise analysis of projects,48,465
FR_201005_466,,N24000101,466,TRICHY - KORUR NH-67 -,,,ROAD TRANSPORT & HIGHWAYS,2010-05,2005-03,,516.0,,516.0,,,213.3,2010-07,,2010-12,,,,0,0,,,,FR_May_2010.pdf,Sector-Wise analysis of projects,48,466
FR_201005_467,,N24000107,467,NH CONNECTIVITY TO ICTT VALLARPADAEU NH - SH -,,,ROAD TRANSPORT & HIGHWAYS,2010-05,2005-03,,557.0,,557.0,,,505.0,2010-02,,2010-12,,,,0,0,,,,FR_May_2010.pdf,Sector-Wise analysis of projects,48,467
FR_201005_468,,N24000116,468,BALASORE BHADRAK (REVIVED) KM 136.5 - 199.14 NH-5 -,REVIVED,,ROAD TRANSPORT & HIGHWAYS,2010-05,2000-04,,228.7,47.0,228.7,,,0.41,2004-02,,2010-12,,,,0,0,,,,FR_May_2010.pdf,Sector-Wise analysis of projects,48,468
FR_201005_469,,N24000117,469,ZIRAKPUR(HARYANA) - PARWANOO(HIMACHAL PRADESH) -,HIMACHAL PRADESH,,ROAD TRANSPORT & HIGHWAYS,2010-05,2008-02,,295.0,,295.0,,,444.84,2010-08,,2010-12,,,,0,0,,,,FR_May_2010.pdf,Sector-Wise analysis of projects,49,469
FR_201005_470,,N24000122,470,DELHI/ HARYANA BORDER TO ROHTAK -,,,ROAD TRANSPORT & HIGHWAYS,2010-05,2007-04,,486.0,,486.0,,,287.0,2010-05,,2010-12,,,,0,0,,,,FR_May_2010.pdf,Sector-Wise analysis of projects,49,470
FR_201005_471,,N24000035,471,NALBARI TO BIJNI (AS-8) -,AS-8,,ROAD TRANSPORT & HIGHWAYS,2010-05,2003-12,,200.0,,200.0,,,173.2,2008-06,,2011-01,,,,0,0,,,,FR_May_2010.pdf,Sector-Wise analysis of projects,49,471
FR_201005_472,,N24000099,472,TRICHY - DINDIGUAL NH-45 -,,,ROAD TRANSPORT & HIGHWAYS,2010-05,2005-03,,576.0,,576.0,,,254.4,2010-07,,2011-01,,,,0,0,,,,FR_May_2010.pdf,Sector-Wise analysis of projects,49,472
FR_201005_473,,N24000102,473,SALEM - U / UNDRUPET(BOT -1/TN- 06) NH -68 -,BOT -1/TN- 06,,ROAD TRANSPORT & HIGHWAYS,2010-05,2005-03,,941.0,,941.0,,,526.99,2011-01,,2011-01,,,,0,0,,,,FR_May_2010.pdf,Sector-Wise analysis of projects,49,473
FR_201005_474,,N24000118,474,END OF DURG BYPASS- CHHATISGARH/MAHARASHTRA BORDER -,,,ROAD TRANSPORT & HIGHWAYS,2010-05,2008-01,,464.0,,464.0,,,334.8,2011-01,,2011-01,,,,0,0,,,,FR_May_2010.pdf,Sector-Wise analysis of projects,49,474
FR_201005_475,,N24000098,475,"AGRA-BYPASS(NS-1/UP-1),KM 176.8- 13.03 NH-2,3 -",NS-1/UP-1,,ROAD TRANSPORT & HIGHWAYS,2010-05,2003-12,,348.16,,348.16,,,108.3,2007-09,,2011-02,,,,0,0,,,,FR_May_2010.pdf,Sector-Wise analysis of projects,49,475
FR_201005_476,,240100207,476,"SILCHAR-UDARBAND (PH.II) HN-54, KM.309 TO KM.275 -",PH.II,,ROAD TRANSPORT & HIGHWAYS,2010-05,2003-12,,157.47,,154.57,,,135.9,2007-09,,2011-03,,,,0,0,,,,FR_May_2010.pdf,Sector-Wise analysis of projects,49,476
FR_201005_477,,240106223,477,"MEHSI TO KOTWA (LMNHP-II), PH.II, KM.480 TO KM.440, NH-28 -",LMNHP-II,,ROAD TRANSPORT & HIGHWAYS,2010-05,2003-12,,239.0,,239.0,,,195.53,2005-07,,2011-03,,,,0,0,,,,FR_May_2010.pdf,Sector-Wise analysis of projects,49,477
FR_201005_478,,240106224,478,"MUZZAFFARPUR TO MEHSI (LMNHP- 12), KM.520 TO 480, NH-28 -",LMNHP- 12,,ROAD TRANSPORT & HIGHWAYS,2010-05,2003-12,,275.0,,275.0,,,229.19,2005-07,,2011-03,,,,0,0,,,,FR_May_2010.pdf,Sector-Wise analysis of projects,49,478
FR_201005_479,,240106243,479,"KOTWA TO DEWAPUR(10 LMNHP),NH-28 PHASE-II, KM.440 TO KM.402 -",10 LMNHP,,ROAD TRANSPORT & HIGHWAYS,2010-05,2003-12,,240.0,,240.0,,,166.62,2008-10,,2011-03,,,,0,0,,,,FR_May_2010.pdf,Sector-Wise analysis of projects,49,479
FR_201005_480,,240106246,480,"GORAKHPUR-AYODHYA (LMNHP- 5),NH-28, KM.208.00 TO KM.164.00 -",LMNHP- 5,,ROAD TRANSPORT & HIGHWAYS,2010-05,2003-12,,227.0,,227.0,,,231.7,2008-10,,2011-03,,,,0,0,,,,FR_May_2010.pdf,Sector-Wise analysis of projects,49,480
FR_201005_481,,240106277,481,"HARANGAJO TO MAIBANG (AS-23), KM.126.450 TO KM.140.700 -",AS-23,,ROAD TRANSPORT & HIGHWAYS,2010-05,2003-12,,280.0,,280.0,,,131.9,2009-02,,2011-03,,,,0,0,,,,FR_May_2010.pdf,Sector-Wise analysis of projects,49,481
FR_201005_482,,240106294,482,FORBESGANJ TO SIMRAHI (NH- 57)(NHAI) -,NHAI,,ROAD TRANSPORT & HIGHWAYS,2010-05,2003-12,,332.94,,332.94,,,147.14,2008-09,,2011-03,,,,0,0,,,,FR_May_2010.pdf,Sector-Wise analysis of projects,49,482
FR_201005_483,,240106299,483,"LALITPUR TO SAGAR, NH-26 (NHAI) -",NHAI,,ROAD TRANSPORT & HIGHWAYS,2010-05,2003-12,,198.0,,198.0,,,110.9,2008-11,,2011-03,,,,0,0,,,,FR_May_2010.pdf,Sector-Wise analysis of projects,49,483
FR_201005_484,,N24000044,484,SONAPUR TO GUWAHTI (AS-3) -,AS-3,,ROAD TRANSPORT & HIGHWAYS,2010-05,2003-12,,245.0,,245.0,,,244.4,2008-03,,2011-03,,,,0,0,,,,FR_May_2010.pdf,Sector-Wise analysis of projects,49,484
FR_201005_485,,N24000047,485,NALBARI TO BIJNI (AS-6) -,AS-6,,ROAD TRANSPORT & HIGHWAYS,2010-05,2003-12,,225.0,,225.0,,,131.4,2008-06,,2011-03,,,,0,0,,,,FR_May_2010.pdf,Sector-Wise analysis of projects,49,485
FR_201005_486,,N24000085,486,"GORAKHPUR BYPASS, NH-28, PHASE-II EAST-WEST CORRID -",,,ROAD TRANSPORT & HIGHWAYS,2010-05,2003-12,,600.24,,600.24,,,482.5,2009-10,,2011-03,,,,0,0,,,,FR_May_2010.pdf,Sector-Wise analysis of projects,49,486
FR_201005_487,,N24000108,487,DHOLPUR - MORENA SECTION (INCLUDING CHAMBOL BRIDGE -,,,ROAD TRANSPORT & HIGHWAYS,2010-05,2003-12,,232.45,,232.45,,,118.0,2010-09,,2011-03,,,,0,0,,,,FR_May_2010.pdf,Sector-Wise analysis of projects,49,487
FR_201005_488,,240106281,488,"MAIBANG TO LUNDING (AS-27), KM.40.000 TO KM.60.500 -",AS-27,,ROAD TRANSPORT & HIGHWAYS,2010-05,2003-12,,200.0,,200.0,,,61.4,2009-04,,2011-04,,,,0,0,,,,FR_May_2010.pdf,Sector-Wise analysis of projects,49,488
FR_201005_489,,N24000119,489,KALGHAT-MP/MAHARASHTRA BORDER KM 16.6-84.70 -,,,ROAD TRANSPORT & HIGHWAYS,2010-05,2008-11,,549.0,48.0,549.0,,,517.38,2010-05,,2011-05,,,,0,0,,,,FR_May_2010.pdf,Sector-Wise analysis of projects,49,489
FR_201005_490,,240106205,490,"HAPUR-GARHMUKTESWAR (OTHERS) KM.58-93, NH-24 -",OTHERS,,ROAD TRANSPORT & HIGHWAYS,2010-05,2005-03,,220.0,,220.0,,,145.6,2007-09,,2011-06,,,,0,0,,,,FR_May_2010.pdf,Sector-Wise analysis of projects,50,490
FR_201005_491,,240106221,491,"GANGA BRIDGE TO RAMDEVI CROSSING PH.II NH-25, KM.75-80.06 -",,,ROAD TRANSPORT & HIGHWAYS,2010-05,2003-12,,155.0,,201.66,,,53.32,2008-09,,2011-06,,,,0,0,,,,FR_May_2010.pdf,Sector-Wise analysis of projects,50,491
FR_201005_492,,240106304,492,"RAJMARG CHORAHA TO LAKHNANDON,KM 297 TO KM 351, NH-26 (NHAI) -",NHAI,,ROAD TRANSPORT & HIGHWAYS,2010-05,2003-12,,251.03,,251.03,,,205.6,2008-10,,2011-06,,,,0,0,,,,FR_May_2010.pdf,Sector-Wise analysis of projects,50,492
FR_201005_493,,240106305,493,"RAJMARG CHORAHA TO LAKHNANDON,KM 351 TO KM 405.7, NH-26 (NHA -",,,ROAD TRANSPORT & HIGHWAYS,2010-05,2003-12,,229.91,,229.91,,,150.3,2008-10,,2011-06,,,,0,0,,,,FR_May_2010.pdf,Sector-Wise analysis of projects,50,493
FR_201005_494,,N24000049,494,"DHARAMTUL TO SONAPUR,KM 205- 183 (AS-20) -",AS-20,,ROAD TRANSPORT & HIGHWAYS,2010-05,2003-12,,160.0,,160.0,,,70.6,2008-05,,2011-06,,,,0,0,,,,FR_May_2010.pdf,Sector-Wise analysis of projects,50,494
FR_201005_495,,N24000090,495,KOSI BRIDGE INCLUDING APPROACHES AND GUIDE BOND AN -,,,ROAD TRANSPORT & HIGHWAYS,2010-05,2003-12,,418.04,,418.04,,,240.7,2010-03,,2011-06,,,,0,0,,,,FR_May_2010.pdf,Sector-Wise analysis of projects,50,495
FR_201005_496,,240101153,496,SUNAKHALA-GANJAM (GQ) KM.338- KM.284 (NH-5) -,NH-5,,ROAD TRANSPORT & HIGHWAYS,2010-05,2000-04,,225.0,,225.0,,,,2004-04,,2011-10,,,,0,0,,,,FR_May_2010.pdf,Sector-Wise analysis of projects,50,496
FR_201005_497,,240106288,497,DAKOBA TO NAGAON (NH-36)(NHAI) -,NHAI,,ROAD TRANSPORT & HIGHWAYS,2010-05,2003-12,,225.0,,225.0,,,183.8,2008-06,,2011-10,,,,0,0,,,,FR_May_2010.pdf,Sector-Wise analysis of projects,50,497
FR_201005_498,,240106226,498,"BIJNI TO ASSAM/WB BORDER PH.II, KM.30.00 TO 0.00, NH-31 C -",,,ROAD TRANSPORT & HIGHWAYS,2010-05,2003-12,,230.0,,230.0,,,107.6,2005-06,,2011-12,,,,0,0,,,,FR_May_2010.pdf,Sector-Wise analysis of projects,50,498
FR_201005_499,,240106290,499,BIJNI TO ASSAM WB BORDER (NH- 31.C)(1)(NHAI) -,NHAI,,ROAD TRANSPORT & HIGHWAYS,2010-05,2003-12,,195.0,,195.0,,,91.36,2008-06,,2011-12,,,,0,0,,,,FR_May_2010.pdf,Sector-Wise analysis of projects,50,499
FR_201005_500,,240106293,500,BIJNI TO ASSAM /WB.BORDER (NH- 31.C)(2)(NHAI) -,NHAI,,ROAD TRANSPORT & HIGHWAYS,2010-05,2003-12,,237.8,,237.8,,,106.8,2008-06,,2011-12,,,,0,0,,,,FR_May_2010.pdf,Sector-Wise analysis of projects,50,500
FR_201005_501,,N24000031,501,JHAJHARPUR TO DARBANGA (BR-7) -,BR-7,,ROAD TRANSPORT & HIGHWAYS,2010-05,2003-12,,340.0,,340.0,,,291.2,2008-09,,2011-12,,,,0,0,,,,FR_May_2010.pdf,Sector-Wise analysis of projects,50,501
FR_201005_502,,N24000042,502,NAGAON TO DHARAMTUL (AS-2) -,AS-2,,ROAD TRANSPORT & HIGHWAYS,2010-05,2003-12,,264.72,,264.72,,,171.6,2008-06,,2011-12,,,,0,0,,,,FR_May_2010.pdf,Sector-Wise analysis of projects,50,502
FR_201005_503,,N24000048,503,NALBARI T BIJNI (AS-7) -,AS-7,,ROAD TRANSPORT & HIGHWAYS,2010-05,2003-12,,208.0,,208.0,,,140.2,2008-04,,2011-12,,,,0,0,,,,FR_May_2010.pdf,Sector-Wise analysis of projects,50,503
FR_201005_504,,N24000051,504,DHARAMTUL TO SONAPUR (AS-19) -,AS-19,,ROAD TRANSPORT & HIGHWAYS,2010-05,2003-12,,200.0,,200.0,,,139.7,2008-06,,2011-12,,,,0,0,,,,FR_May_2010.pdf,Sector-Wise analysis of projects,50,504
FR_201005_505,,N24000038,505,GUWHATI TO NALBARI (AS-4) -,AS-4,,ROAD TRANSPORT & HIGHWAYS,2010-05,2003-12,,175.96,,175.96,,,93.82,2008-04,,2012-03,,,,0,0,,,,FR_May_2010.pdf,Sector-Wise analysis of projects,50,505
FR_201005_506,,N24000046,506,GUWAHATI TO NALBARI (AS-5) -,AS-5,,ROAD TRANSPORT & HIGHWAYS,2010-05,2003-12,,198.16,,198.16,,,126.6,2008-04,,2012-03,,,,0,0,,,,FR_May_2010.pdf,Sector-Wise analysis of projects,50,506
FR_201005_507,,N24000068,507,"CHAMBAL BRIDGE, NH-76 (RJ-5) -",RJ-5,,ROAD TRANSPORT & HIGHWAYS,2010-05,2003-12,,275.0,,281.31,,,177.32,2010-02,,2012-03,,,,0,0,,,,FR_May_2010.pdf,Sector-Wise analysis of projects,50,507
FR_201005_508,,N24000123,508,"PIMPALGAON-NASIK-GONDE, NH-3 (NHDP-PHASE-III) -",NHDP-PHASE-III,,ROAD TRANSPORT & HIGHWAYS,2010-05,2005-03,,940.0,,940.0,,,0.33,2012-07,,2012-07,,,,0,0,,,,FR_May_2010.pdf,Sector-Wise analysis of projects,50,508
FR_201005_509,,N24000115,509,PATHANKOT BHOGPUR NH-1A -,,,ROAD TRANSPORT & HIGHWAYS,2010-05,2003-12,,229.0,,229.0,,,8.72,2010-05,,2012-08,,,,0,0,,,,FR_May_2010.pdf,Sector-Wise analysis of projects,50,509
FR_201005_510,,240106280,510,"MAIBANG TO LUNDING (AS-24), KM.111.000 TO KM.126.450 -",AS-24,,ROAD TRANSPORT & HIGHWAYS,2010-05,2003-12,,155.04,,155.04,,,28.05,2008-11,,2012-12,,,,0,0,,,,FR_May_2010.pdf,Sector-Wise analysis of projects,50,510
FR_201005_511,,N24000061,511,"HARANGAJO TO MAIBANG,km 164.08- 190.587 NH-54 -",,,ROAD TRANSPORT & HIGHWAYS,2010-05,2003-12,,212.0,,212.0,,,34.47,2007-09,,2012-12,,,,0,0,,,,FR_May_2010.pdf,Sector-Wise analysis of projects,50,511
FR_201005_512,,N24000062,512,"HARANGAJO TO MAIBANG, NH-54 -",,,ROAD TRANSPORT & HIGHWAYS,2010-05,2003-12,,196.0,49.0,196.0,,,24.06,2009-07,,2012-12,,,,0,0,,,,FR_May_2010.pdf,Sector-Wise analysis of projects,50,512
FR_201005_513,,N24000063,513,"BRAHMPUTRA BRIDGE,NH NO-31 -",,,ROAD TRANSPORT & HIGHWAYS,2010-05,2003-12,,217.61,,217.61,,,73.64,2010-04,,2012-12,,,,0,0,,,,FR_May_2010.pdf,Sector-Wise analysis of projects,51,513
FR_201005_514,,240106244,514,"DEEWAPUR TO UP/BIHAR BORDER (LMNHP-9)-NH-28, KM.402-360.915 - Total",LMNHP-9,,ROAD TRANSPORT & HIGHWAYS,2010-05,2003-12,,300.0,41863.55,300.0,,,34831.42,2008-10,,,,,,0,0,,,,FR_May_2010.pdf,Sector-Wise analysis of projects,51,514
FR_201005_515,,N25000013,515,ACQUISITION OF TWO NOS.OF 470000 DWT MR TANKERS -,,,SHIPPING & PORTS,2010-05,2006-12,,411.32,,411.32,,,406.28,2010-03,,2010-03,,,,0,0,,,,FR_May_2010.pdf,Sector-Wise analysis of projects,51,515
FR_201005_516,,N25000004,516,DEEPENING OF CHEENEL AT PARADIP PORT -,,,SHIPPING & PORTS,2010-05,2005-12,,154.84,,253.36,,,193.47,2007-06,2009-01,2010-06,,,,0,0,,,,FR_May_2010.pdf,Sector-Wise analysis of projects,51,516
FR_201005_517,,N25000015,517,RAIL CONNECTIVITY TO ICTT AT VALLARPADAM -,,,SHIPPING & PORTS,2010-05,2007-03,,245.67,,298.17,,,297.76,2009-04,,2010-06,,,,0,0,,,,FR_May_2010.pdf,Sector-Wise analysis of projects,51,517
FR_201005_518,,N25000029,518,ACQUISITION OF 6 NOS. 60470 DWT LR-I PRODUCT TANKE -,,,SHIPPING & PORTS,2010-05,2006-10,,1658.59,,1658.59,,,374.37,2010-07,,2010-07,,,,0,0,,,,FR_May_2010.pdf,Sector-Wise analysis of projects,51,518
FR_201005_519,,N25000046,519,DEV. & OPRATION OF AN INTERNATIONAL CONTAINER TRA -,,,SHIPPING & PORTS,2010-05,2004-11,,2118.0,,2118.0,,,,2004-11,,2010-08,,,,0,0,,,,FR_May_2010.pdf,Sector-Wise analysis of projects,51,519
FR_201005_520,,250100175,520,SETHUSAMUDRAM SHIP CHANNEL PROJECT -,,,SHIPPING & PORTS,2010-05,2005-06,,2427.4,,2427.4,,,815.9,2008-10,,2010-11,,,,0,0,,,,FR_May_2010.pdf,Sector-Wise analysis of projects,51,520
FR_201005_521,,N25000030,521,ACQUISITION OF 2 NOS. OF 105000 DWT LR-II TANKERS -,,,SHIPPING & PORTS,2010-05,2007-08,,586.58,,586.58,,,307.02,2010-11,,2010-11,,,,0,0,,,,FR_May_2010.pdf,Sector-Wise analysis of projects,51,521
FR_201005_522,,N25000016,522,CONST. & DEV. OF 2 OFFSHORE CONTAINER BERTHS & TER -,,,SHIPPING & PORTS,2010-05,2007-11,,366.0,,366.0,,,1.43,2010-12,,2010-12,,,,0,0,,,,FR_May_2010.pdf,Sector-Wise analysis of projects,51,522
FR_201005_523,,N25000038,523,"OPERATION, MANAG. & MAINT. OF MULTI USER-JETTY FOR -",,,SHIPPING & PORTS,2010-05,2006-06,,230.0,,230.0,,,,2010-12,,2010-12,,,,0,0,,,,FR_May_2010.pdf,Sector-Wise analysis of projects,51,523
FR_201005_524,,250100112,524,ESTABLISHMENT OF VESSEL TRAFFIC SERVICES IN GULF OF KUTCH -,,,SHIPPING & PORTS,2010-05,2002-01,,165.0,,165.0,,,99.84,2005-12,,2011-01,,,,0,0,,,,FR_May_2010.pdf,Sector-Wise analysis of projects,51,524
FR_201005_525,,N25000037,525,C/O IMPOUNDED DOCK AT TUNA FOR HANDELLING DRAFT VE -,,,SHIPPING & PORTS,2010-05,2005-04,,882.0,,1140.0,,,0.16,2011-02,,2011-02,,,,0,0,,,,FR_May_2010.pdf,Sector-Wise analysis of projects,51,525
FR_201005_526,,N25000039,526,CONSTRUCTION OF 13 & 14 CARGO BERTH AT KANDLA -,,,SHIPPING & PORTS,2010-05,2005-12,,702.0,,755.5,,,0.73,2011-03,,2011-03,,,,0,0,,,,FR_May_2010.pdf,Sector-Wise analysis of projects,51,526
FR_201005_527,,N25000014,527,ACQUISITION OF 4 NO. OF ANCHOR HANDLING CUM SUPPLY -,,,SHIPPING & PORTS,2010-05,2007-10,,359.44,,359.44,,,211.21,2011-04,,2011-04,,,,0,0,,,,FR_May_2010.pdf,Sector-Wise analysis of projects,51,527
FR_201005_528,,N25000042,528,Acquisition of two nos. of 120 B.P -,,,SHIPPING & PORTS,2010-05,2009-04,,2908.48,,2908.48,,,58.18,2011-03,,2011-06,,,,0,0,,,,FR_May_2010.pdf,Sector-Wise analysis of projects,51,528
FR_201005_529,,N25000032,529,ACQUISITION OF 4 NOS. OF 115000 DWT CRUDE OIL CARR -,,,SHIPPING & PORTS,2010-05,2008-08,,1108.12,,1168.42,,,438.02,2011-04,,2011-12,,,,0,0,,,,FR_May_2010.pdf,Sector-Wise analysis of projects,51,529
FR_201005_530,,N25000043,530,Acquisition of Two nos. of 3060 DWT -,,,SHIPPING & PORTS,2010-05,2009-04,,2770.32,,2770.42,,,1108.12,2011-09,,2011-12,,,,0,0,,,,FR_May_2010.pdf,Sector-Wise analysis of projects,51,530
FR_201005_531,,N25000033,531,ACQUISITION OF 6 NOS. OF 57000 DWT HANDYMAX BULK C -,,,SHIPPING & PORTS,2010-05,2007-11,,1061.96,50.0,1061.96,,,219.98,2012-03,,2012-01,,,,0,0,,,,FR_May_2010.pdf,Sector-Wise analysis of projects,51,531
FR_201005_532,,N25000048,532,SETTING UP OF LNG REGASIFICATION TERMINAL AT PUTHU -,,,SHIPPING & PORTS,2010-05,2009-03,,3500.0,,3500.0,,,,2012-01,,2012-01,,,,0,0,,,,FR_May_2010.pdf,Sector-Wise analysis of projects,52,532
FR_201005_533,,N25000031,533,ACQUISITION OF 4 NOS. OF 80655 DWT PANAMAX BULK CA -,,,SHIPPING & PORTS,2010-05,2008-08,,1066.91,,968.35,,,222.91,2012-09,,2012-08,,,,0,0,,,,FR_May_2010.pdf,Sector-Wise analysis of projects,52,533
FR_201005_534,,N25000003,534,DEEPENING AND WIDENING OF MAIN HARBOUR CHANNEL AND -,,,SHIPPING & PORTS,2010-05,2005-10,,800.0,,800.0,,,4.63,2008-10,,,,,,0,0,,,,FR_May_2010.pdf,Sector-Wise analysis of projects,52,534
FR_201005_535,,N25000035,535,"ENNORE MANALI EXPRESS WAY,F/O SPECIAL PURPOSE VEHI -",,,SHIPPING & PORTS,2010-05,2002-10,,150.0,,309.0,,,23.26,2005-09,,,,,,0,0,,,,FR_May_2010.pdf,Sector-Wise analysis of projects,52,535
FR_201005_536,,N25000047,536,SETTING UP OF AN INTERNATIONAL CRUISE TERMINAL AT - Total,,,SHIPPING & PORTS,2010-05,2008-03,,375.0,24047.63,375.0,,,4783.27,2009-01,,,,,,0,0,,,,FR_May_2010.pdf,Sector-Wise analysis of projects,52,536
FR_201005_537,,N26000034,537,GSM BASED NETWORK EXPANSION PLAN PH-4 -,,,TELECOMMUNICATIONS,2010-05,2007-02,,239.19,,239.19,,,,2008-04,,2009-12,,,,0,0,,,,FR_May_2010.pdf,Sector-Wise analysis of projects,52,537
FR_201005_538,,260100099,538,PROJ.III OF NIB-II OF MESSAGING STORAGE -,,,TELECOMMUNICATIONS,2010-05,2003-11,,250.0,,425.51,,,68.5,2005-12,,2009-10,,,,0,0,,,,FR_May_2010.pdf,Sector-Wise analysis of projects,52,538
FR_201005_539,,N26000028,539,COMMISSIONING OF GSM EQUIPMENT OF 650K LINES (PH- -,,,TELECOMMUNICATIONS,2010-05,2006-11,,364.52,,364.52,,,51.44,2006-12,,2009-10,,,,0,0,,,,FR_May_2010.pdf,Sector-Wise analysis of projects,52,539
FR_201005_540,,N26000036,540,KOLKATA TELECOM DISTRICT PH-4 -,,,TELECOMMUNICATIONS,2010-05,2006-09,,208.5,,208.5,,,146.38,2008-09,,2009-12,,,,0,0,,,,FR_May_2010.pdf,Sector-Wise analysis of projects,52,540
FR_201005_541,,N26000049,541,EXPANSION OF 750K GSM LINES -,,,TELECOMMUNICATIONS,2010-05,2006-10,,0.0,,278.16,,,175.77,2008-12,2009-12,2010-01,,,,0,0,,,,FR_May_2010.pdf,Sector-Wise analysis of projects,52,541
FR_201005_542,,260100051,542,NATIONAL RADIO SPECTRUM MANAGEMENTand MONIT. SY. I -,,,TELECOMMUNICATIONS,2010-05,2000-08,,279.97,,172.04,,,136.24,2004-12,,2010-02,,,,0,0,,,,FR_May_2010.pdf,Sector-Wise analysis of projects,52,542
FR_201005_543,,N26000042,543,GSM EQUIPMENT OF 1006280 LINES IN TAMILNADU PH-4.5 -,,,TELECOMMUNICATIONS,2010-05,2008-06,,409.21,,483.54,,,475.59,2008-12,,2010-03,,,,0,0,,,,FR_May_2010.pdf,Sector-Wise analysis of projects,52,543
FR_201005_544,,N26000037,544,NIB-II PROJECT RURAL BROADBAND -,,,TELECOMMUNICATIONS,2010-05,2007-12,,312.86,,353.0,,,161.35,2008-02,,2010-05,,,,0,0,,,,FR_May_2010.pdf,Sector-Wise analysis of projects,52,544
FR_201005_545,,N26000052,545,DELHI EXP. OF 1250K LINES OF 2G/3G GSM LINES -,,,TELECOMMUNICATIONS,2010-05,2007-02,,463.61,,488.76,,,106.13,2009-12,,2010-06,,,,0,0,,,,FR_May_2010.pdf,Sector-Wise analysis of projects,52,545
FR_201005_546,,N26000029,546,EXPANSION OF EXISTING 750K GSM NETWORK PE NO. 992 -,,,TELECOMMUNICATIONS,2010-05,2006-06,,231.38,,168.3,,,94.14,2007-10,2009-12,2010-07,,,,0,0,,,,FR_May_2010.pdf,Sector-Wise analysis of projects,52,546
FR_201005_547,,N26000039,547,GSM EQUIPMENT OF 900K LINES(2G) AND 300K LINES(3G) -,3G,,TELECOMMUNICATIONS,2010-05,2007-06,,601.49,,601.49,,,558.3,2008-12,,2010-08,,,,0,0,,,,FR_May_2010.pdf,Sector-Wise analysis of projects,52,547
FR_201005_548,,N26000040,548,GSM EQUIPMENT OF 216650 LINES(2G) PH-5.1 -,2G,,TELECOMMUNICATIONS,2010-05,2008-01,,192.48,,192.48,,,144.63,2009-03,,2010-08,,,,0,0,,,,FR_May_2010.pdf,Sector-Wise analysis of projects,52,548
FR_201005_549,,N26000041,549,GSM EQUIPMENT OF 390K LINES(2G) AND 130K LINES(3G) -,3G,,TELECOMMUNICATIONS,2010-05,2008-02,,373.94,,373.94,,,172.03,2008-12,,2010-08,,,,0,0,,,,FR_May_2010.pdf,Sector-Wise analysis of projects,52,549
FR_201005_550,,N26000043,550,GSM EQUIPMENT OF 3125K LINES(2G) AND 625K LINES(3 -,2G,,TELECOMMUNICATIONS,2010-05,2008-09,,1799.94,,1799.94,,,54.65,2009-09,,2010-08,,,,0,0,,,,FR_May_2010.pdf,Sector-Wise analysis of projects,52,550
FR_201005_551,,N26000046,551,GSM EQUIPMENT OF 700K LINES(2G) AND 150K LINES(3G) -,3G,,TELECOMMUNICATIONS,2010-05,2007-11,,277.34,51.0,277.34,,,455.01,2009-03,,2010-08,,,,0,0,,,,FR_May_2010.pdf,Sector-Wise analysis of projects,52,551
FR_201005_552,,N26000050,552,GSM EQUIPMENT-480K LINES(2G) & 220K LINES(3G) IN -,3G,,TELECOMMUNICATIONS,2010-05,2007-05,,335.91,,335.91,,,150.12,2009-03,,2010-08,,,,0,0,,,,FR_May_2010.pdf,Sector-Wise analysis of projects,53,552
FR_201005_553,,N26000051,553,GSM EQUIPMENT OF 1625K LINES(2G) & 325K LINES IN M -,2G,,TELECOMMUNICATIONS,2010-05,2008-06,,908.3,,916.7,,,165.56,2009-08,,2010-08,,,,0,0,,,,FR_May_2010.pdf,Sector-Wise analysis of projects,53,553
FR_201005_554,,N26000060,554,"BIHAR TELECOM CIRCLE PHASE-V.1, 2G &3G -",,,TELECOMMUNICATIONS,2010-05,2007-04,,366.0,,529.32,,,213.42,2009-09,,2010-08,,,,0,0,,,,FR_May_2010.pdf,Sector-Wise analysis of projects,53,554
FR_201005_555,,N26000062,555,"Assam Telecom Circle, Phase-V.I, 2G & 3G -",,,TELECOMMUNICATIONS,2010-05,2007-06,,336.81,,336.81,,,105.16,2009-01,,2010-08,,,,0,0,,,,FR_May_2010.pdf,Sector-Wise analysis of projects,53,555
FR_201005_556,,260100100,556,EAST-WEST TRANSNISSION CORRIDOR STRENGTHNING SCHEME -,,,TELECOMMUNICATIONS,2010-05,2006-06,,803.7,,803.76,,,595.62,2009-06,,2010-09,,,,1,20,,,,FR_May_2010.pdf,Sector-Wise analysis of projects,53,556
FR_201005_557,,N26000061,557,EXPANSION OF EXISTING 2G&3G GSM N/W BY 750 KPE NO -,,,TELECOMMUNICATIONS,2010-05,2008-10,,180.53,2.0,180.53,,,30.3,2009-12,,2010-09,,,,0,0,,,,FR_May_2010.pdf,Sector-Wise analysis of projects,53,557
FR_201005_558,,N26000065,558,Execution of telecom network requirement of defence -,,,TELECOMMUNICATIONS,2010-05,2006-05,,1077.0,,1077.0,,,841.0,2009-03,,2010-09,,,,0,0,,,,FR_May_2010.pdf,Sector-Wise analysis of projects,53,558
FR_201005_559,,N26000072,559,"Implementation of FTTH, the state of the art access ,gpon eq -",,,TELECOMMUNICATIONS,2010-05,2007-12,,952.88,,952.88,,,,2010-03,,2010-10,,,,0,0,,,,FR_May_2010.pdf,Sector-Wise analysis of projects,53,559
FR_201005_560,,N26000073,560,"Implementation of FTTH, the state of the art Acces -",,,TELECOMMUNICATIONS,2010-05,2007-12,,152.65,,152.65,,,,2010-03,,2010-10,,,,0,0,,,,FR_May_2010.pdf,Sector-Wise analysis of projects,53,560
FR_201005_561,,N26000074,561,Procurement of DXC equipment -,,,TELECOMMUNICATIONS,2010-05,2008-02,,229.0,,229.0,,,,2010-03,,2010-11,,,,0,0,,,,FR_May_2010.pdf,Sector-Wise analysis of projects,53,561
FR_201005_562,,N26000075,562,Procurement of 24 F OF cable. -,,,TELECOMMUNICATIONS,2010-05,2008-02,,199.0,,199.0,,,,2010-03,,2010-11,,,,0,0,,,,FR_May_2010.pdf,Sector-Wise analysis of projects,53,562
FR_201005_563,,N26000016,563,CONVERGENT BILLING AND CRM(MUMBAI) -,MUMBAI,,TELECOMMUNICATIONS,2010-05,2006-01,,247.0,,247.0,,,119.5,2007-02,2009-12,2010-12,,,,0,0,,,,FR_May_2010.pdf,Sector-Wise analysis of projects,53,563
FR_201005_564,,N26000066,564,Procurement of 2.5G DWDM equipment -,,,TELECOMMUNICATIONS,2010-05,2006-08,,424.0,,424.0,,,,2009-03,,2010-12,,,,0,0,,,,FR_May_2010.pdf,Sector-Wise analysis of projects,53,564
FR_201005_565,,N26000067,565,Procurement of 10G (40 chl) DWDM equipment -,40 chl,,TELECOMMUNICATIONS,2010-05,2006-08,,590.1,,590.1,,,,2009-03,,2010-12,,,,0,0,,,,FR_May_2010.pdf,Sector-Wise analysis of projects,53,565
FR_201005_566,,N26000068,566,Procurement of 10G 40 CHL (12 chi equipped) DWDM -,12 chi equipped,,TELECOMMUNICATIONS,2010-05,2007-12,,545.5,,545.5,,,,2010-03,,2010-12,,,,0,0,,,,FR_May_2010.pdf,Sector-Wise analysis of projects,53,566
FR_201005_567,,N26000069,567,Procurement of STM-1 SDH equipment -,,,TELECOMMUNICATIONS,2010-05,2007-02,,154.03,,154.03,,,,2010-03,,2010-12,,,,0,0,,,,FR_May_2010.pdf,Sector-Wise analysis of projects,53,567
FR_201005_568,,N26000070,568,Procurement of STM-16 MADM equipment -,,,TELECOMMUNICATIONS,2010-05,2008-03,,355.92,,355.92,,,,2010-03,,2010-12,,,,0,0,,,,FR_May_2010.pdf,Sector-Wise analysis of projects,53,568
FR_201005_569,,N26000071,569,Procurement of STM-16 ADM equipment -,,,TELECOMMUNICATIONS,2010-05,2007-02,,477.0,,477.0,,,,2010-03,,2010-12,,,,0,0,,,,FR_May_2010.pdf,Sector-Wise analysis of projects,53,569
FR_201005_570,,N26000011,570,CONVERGENT BILLING AND CRM- MTNL(DELHI) -,DELHI,,TELECOMMUNICATIONS,2010-05,2005-12,,249.0,,229.41,,,64.3,2007-02,,2011-03,,,,0,0,,,,FR_May_2010.pdf,Sector-Wise analysis of projects,53,570
FR_201005_571,,260100095,571,GSM EXPANSION PH.IV (B) (BSNL) MAHARASHTRA -,BSNL,,TELECOMMUNICATIONS,2010-05,2005-07,,1174.75,,1174.75,,,371.41,2006-03,,,,,,0,0,,,,FR_May_2010.pdf,Sector-Wise analysis of projects,53,571
FR_201005_572,,N26000015,572,IMPLEMENTATION AND EXECUTION OF NEW TECHNOLOGY -,,,TELECOMMUNICATIONS,2010-05,2004-10,,160.0,,160.0,,,92.45,2006-06,,,,,,0,0,,,,FR_May_2010.pdf,Sector-Wise analysis of projects,53,572
FR_201005_573,,N26000026,573,EXP. OF 750K GSM LINES OF 2.5 GSM AND VALIDATION EQU -,,,TELECOMMUNICATIONS,2010-05,2007-02,,741.77,,278.16,,,151.37,2007-10,,,,,,0,0,,,,FR_May_2010.pdf,Sector-Wise analysis of projects,53,573
FR_201005_574,,N26000063,574,MANAGED LEASED LINE NETWORK PH-VI -,,,TELECOMMUNICATIONS,2010-05,2008-11,,350.0,,350.0,,,,,,,,,,0,0,,,,FR_May_2010.pdf,Sector-Wise analysis of projects,53,574
FR_201005_575,,N26000064,575,CENTRALISED TRANSMISSION NMS -,,,TELECOMMUNICATIONS,2010-05,2009-08,,300.0,52.0,300.0,,,,,,,,,,0,0,,,,FR_May_2010.pdf,Sector-Wise analysis of projects,53,575
FR_201005_576,,280100002,576,DELHI MRTS PHASE-II PROJECT -,,,URBAN DEVELOPMENT,2010-05,2005-08,,8676.0,8605.36,8676.0,,,14727.76,2010-06,,2010-11,,,,0,8,,,,FR_May_2010.pdf,Sector-Wise analysis of projects,54,576
FR_201005_577,,N28000008,577,BANGALORE METRO RAIL PROJECT - Total,,,URBAN DEVELOPMENT,2010-05,2006-05,,6395.0,8158.0,6395.0,,,2267.57,2011-12,2012-09,2012-06,,,,0,6,,,,FR_May_2010.pdf,Sector-Wise analysis of projects,54,577
FR_201005_578,,300100001,578,PAGLADIYA DAM PROJECT - Total Grand Total,,,WATER RESOURCES,2010-05,2001-01,,542.9,542.9,1187.0,,,35.49,2007-12,,2012-12,,,,0,0,,,,FR_May_2010.pdf,Sector-Wise analysis of projects,54,578
