observation_id,project_id,project_code,serial_no,project_name,agency,state,sector,report_date,approval_date,approval_date_revised,original_cost_crore,revised_cost_crore,anticipated_cost_crore,cost_overrun_original_crore,cost_overrun_revised_crore,cumulative_expenditure_crore,original_completion_date,revised_completion_date,anticipated_completion_date,time_overrun_original_months,time_overrun_revised_months,additional_delay_months,milestones_achieved,milestones_total,physical_progress_pct,delay_reason,status,source.report,source.table,source.page,source.serial_no
FR_200911_001,,020100042,1,RAJASTHAN ATOMIC POWER PROJECT 5 and 6 (NPCIL) -,NPCIL,,ATOMIC ENERGY,2009-11,2002-04,,3072.0,,3072.0,,,2070.0,2008-02,,2010-02,,,,73,75,,,,FR_NOV_2009.pdf,Sector-Wise analysis of projects,29,1
FR_200911_002,,020100041,2,KAIGA 3 and 4 UNITS (NPCIL) -,NPCIL,,ATOMIC ENERGY,2009-11,2001-05,,4213.0,,3282.0,,,2476.0,2009-10,2007-09,2010-03,,,,71,75,,,,FR_NOV_2009.pdf,Sector-Wise analysis of projects,29,2
FR_200911_003,,020100040,3,KUDANKULAM APP (NPCIL) -,NPCIL,,ATOMIC ENERGY,2009-11,2001-12,,13171.0,,13171.0,,,12446.0,2008-12,,2011-03,,,,61,119,,,,FR_NOV_2009.pdf,Sector-Wise analysis of projects,29,3
FR_200911_004,,N02000007,4,URANIUM ORE MINE & PROCESSING PLANT AT TUMMALAPALL -,,,ATOMIC ENERGY,2009-11,2007-09,,1106.29,,1106.29,,,356.94,2011-04,,2011-04,,,,0,0,,,,FR_NOV_2009.pdf,Sector-Wise analysis of projects,29,4
FR_200911_005,,020100044,5,"PROTOTYPE FAST BREEDER REACTOR (BHAVINI, 500 MWE) - Total","BHAVINI, 500 MWE",,ATOMIC ENERGY,2009-11,2003-09,,3492.0,25054.29,5677.0,,,2049.67,2010-09,,2011-09,,,,8,80,,,,FR_NOV_2009.pdf,Sector-Wise analysis of projects,29,5
FR_200911_006,,N04000017,6,CONSTRUCTION OF NEW INTERNATIONAL TERMINAL BLDG. A -,,,CIVIL AVIATION,2009-11,2007-02,,290.92,,290.92,,,146.12,2009-02,,2009-10,,,,1,24,,,,FR_NOV_2009.pdf,Sector-Wise analysis of projects,29,6
FR_200911_007,,N04000016,7,CONSTRUCTION OF NEW INTERNATIONAL TERMINAL BUILDING -,,,CIVIL AVIATION,2009-11,2006-10,,245.58,295.0,245.58,,,216.62,2008-12,,2009-12,,,,1,28,,,,FR_NOV_2009.pdf,Sector-Wise analysis of projects,29,7
FR_200911_008,,N04000034,8,C/O NEW EXPANDABLE MODULAR INTEGRATED BLDG. RAIPUR -,,,CIVIL AVIATION,2009-11,2008-03,,129.65,135.72,129.65,,,29.5,2009-09,,2010-03,,,,0,0,,,,FR_NOV_2009.pdf,Sector-Wise analysis of projects,29,8
FR_200911_009,,N04000035,9,C/O EXPANDABLE MODULAR INTEGRATED TER. BULD. RAJA -,,,CIVIL AVIATION,2009-11,2008-03,,135.04,,135.04,,,43.42,2009-09,,2010-03,,,,0,0,,,,FR_NOV_2009.pdf,Sector-Wise analysis of projects,29,9
FR_200911_010,,N04000036,10,C/O EXPANDABLE MODULAR TER. BULD. AT DABH INDORE -,,,CIVIL AVIATION,2009-11,2008-02,,135.6,,135.6,,,38.05,2009-10,,2010-03,,,,0,0,,,,FR_NOV_2009.pdf,Sector-Wise analysis of projects,29,10
FR_200911_011,,N04000040,11,D/O OF TERMINAL BLDG. AND PAVEMENT WORKS AT CHENNA -,,,CIVIL AVIATION,2009-11,2008-01,,535.0,,535.0,,,116.05,2010-06,,2010-06,,,,0,0,,,,FR_NOV_2009.pdf,Sector-Wise analysis of projects,29,11
FR_200911_012,,N04000039,12,C/O INTEGERATED CARGO COMPLEX(PH-III) AT CHENNAI A -,PH-III,,CIVIL AVIATION,2009-11,2008-08,,144.94,,144.94,,,20.56,2010-04,,2010-12,,,,0,1,,,,FR_NOV_2009.pdf,Sector-Wise analysis of projects,29,12
FR_200911_013,,N04000038,13,D/O KAMARAJ DOMESTIC TER-PH-II & EXP. ANNA INT. TE -,,,CIVIL AVIATION,2009-11,2008-08,,1273.0,1212.0,1273.0,,,221.24,2011-01,,2011-01,,,,0,0,,,,FR_NOV_2009.pdf,Sector-Wise analysis of projects,29,13
FR_200911_014,,N04000037,14,C/O INTEGRATED PASSENGER TER. BULD. NSCBI AIRPORT - Total,,,CIVIL AVIATION,2009-11,2008-08,,1942.51,4832.24,1942.51,,,225.52,2011-05,,2011-05,,,,0,0,,,,FR_NOV_2009.pdf,Sector-Wise analysis of projects,29,14
FR_200911_015,,060100090,15,BARSINGSAR MINE 2.10 MTPA LIGNITE (NLC) -,NLC,,COAL,2009-11,2004-12,,254.07,27.0,254.6,,,206.93,2009-06,,2009-12,,,,14,21,,,,FR_NOV_2009.pdf,Sector-Wise analysis of projects,29,15
FR_200911_016,,060100088,16,EXPANSION OF MINE-II (10.5 MTPA TO 15.0 MTPA) (NLC) -,NLC,,COAL,2009-11,2004-10,,2161.28,,2295.93,,,1694.77,2009-06,,2010-02,,,,27,23,,,,FR_NOV_2009.pdf,Sector-Wise analysis of projects,30,16
FR_200911_017,,060100089,17,BARSINGSAR TPS (2X125MW) (NLC) -,NLC,,COAL,2009-11,2004-12,,1114.18,,1626.09,,,1318.57,2009-06,,2010-03,,,,27,26,,,,FR_NOV_2009.pdf,Sector-Wise analysis of projects,30,17
FR_200911_018,,060100093,18,GEVRA EXPANSION OCP (SECL) (25 MTY) -,25 MTY,,COAL,2009-11,2005-07,,1667.55,,1667.55,,,858.28,2010-03,,2010-03,,,,3,7,,,,FR_NOV_2009.pdf,Sector-Wise analysis of projects,30,18
FR_200911_019,,060100094,19,DIPKA EXPANSION OCP (SECL) (20 MTY) -,20 MTY,,COAL,2009-11,2005-07,,1268.53,,1268.53,,,751.34,2010-03,,2010-03,,,,2,6,,,,FR_NOV_2009.pdf,Sector-Wise analysis of projects,30,19
FR_200911_020,,N06000007,20,KRISHNASHILA (NCL) (4MTY) -,4MTY,,COAL,2009-11,2006-05,,789.88,,789.88,,,134.44,2010-03,,2010-03,,,,0,1,,,,FR_NOV_2009.pdf,Sector-Wise analysis of projects,30,20
FR_200911_021,,N06000030,21,BHARATPUR OC EXPANSION PHASE- III PROJECT -,,,COAL,2009-11,2007-02,,131.39,,131.39,,,358.84,2010-03,,2010-03,,,,0,0,,,,FR_NOV_2009.pdf,Sector-Wise analysis of projects,30,21
FR_200911_022,,N06000044,22,BALRAM OCP EXTENSION -,,,COAL,2009-11,2007-12,,172.08,,172.08,,,471.91,2009-03,,2010-03,,,,0,0,,,,FR_NOV_2009.pdf,Sector-Wise analysis of projects,30,22
FR_200911_023,,N06000077,23,KTK OC Sector-I -,,,COAL,2009-11,2008-01,,91.5,,128.16,,,128.16,2010-09,,2010-03,,,,0,0,,,,FR_NOV_2009.pdf,Sector-Wise analysis of projects,30,23
FR_200911_024,,060100087,24,TPS-II EXPANSION (1470MW TO 1970MW) (NLC) -,NLC,,COAL,2009-11,2004-10,,2030.78,,2453.57,,,1831.44,2009-06,,2011-02,,,,20,24,,,,FR_NOV_2009.pdf,Sector-Wise analysis of projects,30,24
FR_200911_025,,N06000069,25,LAKHANPUR OC EXP. PROJECT PH-II -,,,COAL,2009-11,2004-03,,98.74,,116.54,,,245.7,2007-03,,2011-03,,,,0,0,,,,FR_NOV_2009.pdf,Sector-Wise analysis of projects,30,25
FR_200911_026,,060100092,26,KULDA OCP (MAHANADI COALFIELDS LTD.) -,MAHANADI COALFIELDS LTD.,,COAL,2009-11,2005-01,,302.96,,302.96,,,55.66,2010-03,,2012-03,,,,0,4,,,,FR_NOV_2009.pdf,Sector-Wise analysis of projects,30,26
FR_200911_027,,060100096,27,ASHOK EXPN.OCP -CCL (5 MTY) -,5 MTY,,COAL,2009-11,2006-04,,471.66,341.63,471.66,,,100.37,2011-03,,2012-03,,,,0,0,,,,FR_NOV_2009.pdf,Sector-Wise analysis of projects,30,27
FR_200911_028,,N06000009,28,BLOCK-B OCP NCL (3.5 MTY) -,3.5 MTY,,COAL,2009-11,2006-06,,746.04,,746.04,,,134.2,2012-03,,2012-03,,,,0,1,,,,FR_NOV_2009.pdf,Sector-Wise analysis of projects,30,28
FR_200911_029,,N06000017,29,SHANTIKHANI LONGWALL PROJ- SCCL -,,,COAL,2009-11,2006-10,,249.03,,249.03,,,28.42,2012-03,,2012-03,,,,0,0,,,,FR_NOV_2009.pdf,Sector-Wise analysis of projects,30,29
FR_200911_030,,N06000020,30,JHANJRA LONGWAL UG PHASE II -,,,COAL,2009-11,2006-11,,287.18,,287.17,,,,2009-11,,2012-03,,,,0,0,,,,FR_NOV_2009.pdf,Sector-Wise analysis of projects,30,30
FR_200911_031,,N06000033,31,"NIGAHI OC EXPANSION PROJECT 10 MTY TO 15 MTY, SINGRAULI -",,,COAL,2009-11,2007-10,,529.4,,259.4,,,,2012-03,,2012-03,,,,0,0,,,,FR_NOV_2009.pdf,Sector-Wise analysis of projects,30,31
FR_200911_032,,N06000067,32,ANANTA OC EXPANSION PH-II -,,,COAL,2009-11,2008-08,,207.28,,207.28,,,244.4,2012-03,,2012-03,,,,0,0,,,,FR_NOV_2009.pdf,Sector-Wise analysis of projects,30,32
FR_200911_033,,N06000016,33,ADRIYALA SHAFT PROJECT -,,,COAL,2009-11,2006-09,,212.34,,212.34,,,17.34,2013-03,,2012-09,,,,2,11,,,,FR_NOV_2009.pdf,Sector-Wise analysis of projects,30,33
FR_200911_034,,N06000047,34,TUTICORIN THERMAL POWER PROJECT -,,,COAL,2009-11,2008-05,,4904.54,,4904.54,,,459.73,2012-08,,2012-09,,,,0,0,,,,FR_NOV_2009.pdf,Sector-Wise analysis of projects,30,34
FR_200911_035,,N06000048,35,KAKATIYA LAONGWALL -,,,COAL,2009-11,2008-12,,453.63,,453.63,,,40.54,2012-12,,2012-12,,,,0,0,,,,FR_NOV_2009.pdf,Sector-Wise analysis of projects,30,35
FR_200911_036,,N06000008,36,KUSMUNDA EXPN.OCP(SECL)(10MTY) -,10MTY,,COAL,2009-11,2006-06,,737.65,,1188.31,,,590.59,2011-03,2013-03,2013-03,,,,0,4,,,,FR_NOV_2009.pdf,Sector-Wise analysis of projects,30,36
FR_200911_037,,N06000015,37,MAGADH OC (CCL) -,CCL,,COAL,2009-11,2006-07,,469.78,706.4,469.78,,,12.12,2012-07,,2013-03,,,,0,1,,,,FR_NOV_2009.pdf,Sector-Wise analysis of projects,30,37
FR_200911_038,,N06000025,38,JALLARAM SHAFT PROJECT -,,,COAL,2009-11,2013-03,,467.78,,467.78,,,10.37,2013-03,,2013-03,,,,0,7,,,,FR_NOV_2009.pdf,Sector-Wise analysis of projects,30,38
FR_200911_039,,N06000035,39,KANIHA OCP -,,,COAL,2009-11,2007-12,,457.77,,457.77,,,48.96,2012-03,,2013-03,,,,0,0,,,,FR_NOV_2009.pdf,Sector-Wise analysis of projects,30,39
FR_200911_040,,N06000057,40,JHANJRA CONTINEOUS MINAR FOR JHANJRA UG-II -,,,COAL,2009-11,2009-02,,122.35,28.0,122.35,,,,2010-03,,2013-03,,,,0,0,,,,FR_NOV_2009.pdf,Sector-Wise analysis of projects,30,40
FR_200911_041,,N06000059,41,NARAYANKURI UG -,,,COAL,2009-11,2009-02,,149.06,,149.06,,,,2013-03,,2013-03,,,,0,0,,,,FR_NOV_2009.pdf,Sector-Wise analysis of projects,31,41
FR_200911_042,,N06000060,42,CHITRA EAST OCP -,,,COAL,2009-11,2007-08,,112.69,,112.69,,,,2010-11,,2013-03,,,,0,0,,,,FR_NOV_2009.pdf,Sector-Wise analysis of projects,31,42
FR_200911_043,,N06000068,43,HINGULA OC-II EXP. PH-II (15 MTY) -,15 MTY,,COAL,2009-11,2008-11,,475.93,,479.53,,,171.63,2013-03,,2013-03,,,,0,0,,,,FR_NOV_2009.pdf,Sector-Wise analysis of projects,31,43
FR_200911_044,,N06000019,44,BINA EXTN. PROJ -,,,COAL,2009-11,2006-11,,168.97,,168.97,,,109.9,2014-03,,2013-11,,,,1,1,,,,FR_NOV_2009.pdf,Sector-Wise analysis of projects,31,44
FR_200911_045,,N06000010,45,AMLOHRI EPR (NCL) (6 MTY) -,6 MTY,,COAL,2009-11,2006-05,,1352.04,,1352.04,,,27.0,2014-03,,2014-03,,,,1,1,,,,FR_NOV_2009.pdf,Sector-Wise analysis of projects,31,45
FR_200911_046,,N06000046,46,CHURCHA UG -,,,COAL,2009-11,2008-06,,462.35,,462.35,,,235.91,2014-06,,2014-03,,,,0,0,,,,FR_NOV_2009.pdf,Sector-Wise analysis of projects,31,46
FR_200911_047,,N06000056,47,RAJMAHAL OC EXP. -,,,COAL,2009-11,2006-02,,50.08,,153.82,,,2.76,2010-03,,2014-03,,,,0,0,,,,FR_NOV_2009.pdf,Sector-Wise analysis of projects,31,47
FR_200911_048,,N06000066,48,PENGANGA OC -,,,COAL,2009-11,2008-10,,339.77,,339.77,,,,2014-03,,2014-03,,,,0,0,,,,FR_NOV_2009.pdf,Sector-Wise analysis of projects,31,48
FR_200911_049,,N06000076,49,KARTALI (EAST) OC -,EAST,,COAL,2009-11,2008-07,,178.44,,178.44,,,,2014-03,,2014-03,,,,0,0,,,,FR_NOV_2009.pdf,Sector-Wise analysis of projects,31,49
FR_200911_050,,N06000042,50,GOPAL PRASAD OCP -,,,COAL,2009-11,2008-02,,395.87,,395.87,,,23.23,2013-03,,2015-03,,,,0,0,,,,FR_NOV_2009.pdf,Sector-Wise analysis of projects,31,50
FR_200911_051,,N06000045,51,PELMA OC -,,,COAL,2009-11,2008-07,,448.32,,448.32,,,,2012-03,,2015-03,,,,0,0,,,,FR_NOV_2009.pdf,Sector-Wise analysis of projects,31,51
FR_200911_052,,N06000049,52,Batura OC -,,,COAL,2009-11,2008-09,,203.82,,203.82,,,,2013-03,,2015-03,,,,0,0,,,,FR_NOV_2009.pdf,Sector-Wise analysis of projects,31,52
FR_200911_053,,N06000065,53,BAROUD OC EXPANSION -,,,COAL,2009-11,2008-07,,135.58,,135.58,,,23.26,2015-03,,2015-03,,,,0,0,,,,FR_NOV_2009.pdf,Sector-Wise analysis of projects,31,53
FR_200911_054,,N06000075,54,JAGANNATHPOR OC -,,,COAL,2009-11,2008-09,,152.43,,152.43,,,,2015-03,,2015-03,,,,0,0,,,,FR_NOV_2009.pdf,Sector-Wise analysis of projects,31,54
FR_200911_055,,N06000034,55,BHUBANESWARI OCP -,,,COAL,2009-11,2007-12,,490.1,,490.1,,,54.7,2014-03,,2016-03,,,,0,0,,,,FR_NOV_2009.pdf,Sector-Wise analysis of projects,31,55
FR_200911_056,,N06000043,56,TALABIRA OCP -,,,COAL,2009-11,2008-03,,447.72,,447.72,,,5.32,2015-03,,2016-03,,,,0,0,,,,FR_NOV_2009.pdf,Sector-Wise analysis of projects,31,56
FR_200911_057,,N06000058,57,AUGMENTATION OF PRODUCTION AT SAPRI UG MINE - Total,,,COAL,2009-11,1987-09,,147.86,26110.4,147.86,,,25.5,2012-03,,,,,,0,0,,,,FR_NOV_2009.pdf,Sector-Wise analysis of projects,31,57
FR_200911_058,,100100054,58,"SECOND PHASE EXPANSION OF CAPTIVE ALUMINIUM,SMELTER AND POWE - Total",,,MINES,2009-11,2004-10,,4091.51,4091.51,4091.51,,,3316.0,2008-12,,2009-11,,,,18,111,,,,FR_NOV_2009.pdf,Sector-Wise analysis of projects,31,58
FR_200911_059,,N12000018,59,Deve. of Bailadila Iron Ore Deposit- II(B)(NMDC) -,NMDC,,STEEL,2009-11,2003-01,,295.89,,607.17,,,196.14,2009-10,,2009-10,,,,2,21,,,,FR_NOV_2009.pdf,Sector-Wise analysis of projects,31,59
FR_200911_060,,N12000024,60,"INSTALLATION OF NEW COKE OVEN GAS HOLDER, ROURKELA -",,,STEEL,2009-11,2007-07,,123.22,29.0,123.22,,,77.09,2009-06,,2009-12,,,,0,0,,,,FR_NOV_2009.pdf,Sector-Wise analysis of projects,31,60
FR_200911_061,,N12000021,61,REBUILDING OF COKE OVEN BATTRY NO.-4 -,,,STEEL,2009-11,2007-05,,248.94,,248.94,,,157.01,2009-08,,2010-01,,,,0,0,,,,FR_NOV_2009.pdf,Sector-Wise analysis of projects,32,61
FR_200911_062,,N12000025,62,"INSTALLATION OF 700 TPD OXYGEN PLANT, ROURKELA -",,,STEEL,2009-11,2007-07,,302.7,,302.7,,,209.54,2009-06,,2010-01,,,,0,0,,,,FR_NOV_2009.pdf,Sector-Wise analysis of projects,32,62
FR_200911_063,,N12000036,63,SIMULTANEOUS BLOWING OF BOF CONVERTER OF SMS-II -,,,STEEL,2009-11,2008-01,,197.66,,197.66,,,88.5,2009-10,,2010-01,,,,0,0,,,,FR_NOV_2009.pdf,Sector-Wise analysis of projects,32,63
FR_200911_064,,N12000054,64,REBUILDING OF COKE OVEN BATTERY NO-6 (BSP) -,BSP,,STEEL,2009-11,2008-07,,172.78,,191.0,,,53.94,2010-01,,2010-01,,,,0,0,,,,FR_NOV_2009.pdf,Sector-Wise analysis of projects,32,64
FR_200911_065,,N12000049,65,ENHANCEMENT OF LOADING CAPACITY AT BOLANI IRON ORE -,,,STEEL,2009-11,2008-06,,124.88,,119.88,,,38.18,2009-12,,2010-02,,,,0,0,,,,FR_NOV_2009.pdf,Sector-Wise analysis of projects,32,65
FR_200911_066,,120100069,66,COAL DUST INJECTION IN BF-2 and 3 -,,,STEEL,2009-11,2006-04,,132.73,,133.92,,,84.77,2008-05,,2010-03,,,,0,2,,,,FR_NOV_2009.pdf,Sector-Wise analysis of projects,32,66
FR_200911_067,,N12000016,67,REBUILIDING OF COKE OVEN BATTERY-10 -,,,STEEL,2009-11,2007-03,,416.5,,416.5,,,221.36,2009-09,,2010-03,,,,0,0,,,,FR_NOV_2009.pdf,Sector-Wise analysis of projects,32,67
FR_200911_068,,N12000035,68,REBUILDING OF BLAST FURNANCE NO.2(BOKARO STEEL PL -,,,STEEL,2009-11,2007-10,,892.32,,892.32,,,477.12,2009-08,,2010-03,,,,0,0,,,,FR_NOV_2009.pdf,Sector-Wise analysis of projects,32,68
FR_200911_069,,N12000037,69,Pulverised coal injection system for bf- 1&2 -,,,STEEL,2009-11,2007-11,,125.0,,130.0,,,32.75,2009-09,,2010-03,,,,0,0,,,,FR_NOV_2009.pdf,Sector-Wise analysis of projects,32,69
FR_200911_070,,N12000050,70,EXPANSION OF SALEM STEEL PLANT -,,,STEEL,2009-11,2008-01,,1902.0,,1902.0,,,1133.65,2010-03,,2010-06,,,,0,0,,,,FR_NOV_2009.pdf,Sector-Wise analysis of projects,32,70
FR_200911_071,,N12000060,71,AIR SEPARATION PLANT (ASU-4) -,ASU-4,,STEEL,2009-11,2008-03,,96.0,,170.0,,,40.52,2010-06,,2010-06,,,,0,0,,,,FR_NOV_2009.pdf,Sector-Wise analysis of projects,32,71
FR_200911_072,,N12000069,72,330 TPH BOILER-6 AND AUXILIARY SYSTEM -,,,STEEL,2009-11,2007-07,,260.0,,353.0,,,79.91,2010-02,,2010-08,,,,0,0,,,,FR_NOV_2009.pdf,Sector-Wise analysis of projects,32,72
FR_200911_073,,N12000033,73,Rebuilding of coke oven battery No.1 & 2 (Bokaro S -,,,STEEL,2009-11,2007-10,,500.9,,500.9,,,113.17,2010-04,,2010-12,,,,0,0,,,,FR_NOV_2009.pdf,Sector-Wise analysis of projects,32,73
FR_200911_074,,N12000052,74,Air Separation Plant(ASU-5) -,ASU-5,,STEEL,2009-11,2008-06,,129.5,,129.5,,,3.32,2010-12,,2010-12,,,,0,0,,,,FR_NOV_2009.pdf,Sector-Wise analysis of projects,32,74
FR_200911_075,,N12000039,75,POWER PLANT-I -,,,STEEL,2009-11,2007-09,,462.0,,350.0,,,81.97,2009-12,,2011-01,,,,0,0,,,,FR_NOV_2009.pdf,Sector-Wise analysis of projects,32,75
FR_200911_076,,N12000068,76,67.5 MW TG-5 AUX. S'TEM EMERGENCY POWER REQUIREM -,,,STEEL,2009-11,2007-07,,230.0,,358.0,,,96.14,2010-02,,2011-01,,,,0,0,,,,FR_NOV_2009.pdf,Sector-Wise analysis of projects,32,76
FR_200911_077,,N12000023,77,"700TPD ARI SEPARATION UNIT-4 AT OXYGEN PLANT-II, BHILLAI -",,,STEEL,2009-11,2007-07,,244.3,,232.93,,,45.23,2009-07,,2011-05,,,,0,0,,,,FR_NOV_2009.pdf,Sector-Wise analysis of projects,32,77
FR_200911_078,,N12000034,78,INSTALLATION OF NEW TURBO BLOWER IN TURBO BLOWER S -,,,STEEL,2009-11,2007-10,,105.33,,116.33,,,9.68,2009-08,,2011-05,,,,0,0,,,,FR_NOV_2009.pdf,Sector-Wise analysis of projects,32,78
FR_200911_079,,120100067,79,EXPANSION OF RINL/VSP FROM 3 MTPY-6.3 MTPY OF LIQUID STEEL -,,,STEEL,2009-11,2005-10,,8692.0,,12228.0,,,4620.0,2009-10,,2011-06,,,,0,126,,,,FR_NOV_2009.pdf,Sector-Wise analysis of projects,32,79
FR_200911_080,,N12000038,80,COKE OVEN BATTERY NO. 4 PHASE- II -,,,STEEL,2009-11,2007-08,,108.0,,168.95,,,11.69,2009-10,,2011-06,,,,0,0,,,,FR_NOV_2009.pdf,Sector-Wise analysis of projects,32,80
FR_200911_081,,N12000051,81,EXPANSION OF IISCO STEEL PLANT -,,,STEEL,2009-11,2008-02,,14443.0,,14443.0,,,4981.28,2010-07,,2011-06,,,,0,0,,,,FR_NOV_2009.pdf,Sector-Wise analysis of projects,32,81
FR_200911_082,,N12000055,82,EXPANSION OF BOKARO STEEL PLANT -,,,STEEL,2009-11,2008-01,,3316.0,,3316.0,,,584.49,2010-12,,2011-10,,,,0,0,,,,FR_NOV_2009.pdf,Sector-Wise analysis of projects,32,82
FR_200911_083,,N12000053,83,Augmentation of Iron Ore Storage in RMHP -,,,STEEL,2009-11,2008-05,,480.0,30.0,480.84,,,,2010-09,,2011-12,,,,0,0,,,,FR_NOV_2009.pdf,Sector-Wise analysis of projects,32,83
FR_200911_084,,N12000056,84,EXPENSION OF ROURKELA STEEL PLANT -,,,STEEL,2009-11,2008-09,,6133.0,,6171.0,,,884.34,2011-02,,2012-03,,,,0,0,,,,FR_NOV_2009.pdf,Sector-Wise analysis of projects,33,84
FR_200911_085,,N12000057,85,EXPANSION OF BHILAI STEEL PLANT -,,,STEEL,2009-11,2008-09,,5185.0,,4792.0,,,1207.54,2011-05,,2012-09,,,,0,0,,,,FR_NOV_2009.pdf,Sector-Wise analysis of projects,33,85
FR_200911_086,,N12000010,86,COKING COAL FACILITIES IN COAL HANDLING PLANT -,,,STEEL,2009-11,2006-09,,133.91,,134.32,,,103.45,2008-03,,,,,,0,3,,,,FR_NOV_2009.pdf,Sector-Wise analysis of projects,33,86
FR_200911_087,,N12000022,87,INSTALLATION OF MSDS-V AND TRANSMISSION NETWORK F - Total,,,STEEL,2009-11,2007-05,,143.02,45596.58,143.02,,,104.49,2008-11,,,,,,0,0,,,,FR_NOV_2009.pdf,Sector-Wise analysis of projects,33,87
FR_200911_088,,160100281,88,CLEAN FUELS PROJECT AT VISAKH REFINERY(HPCL) -,HPCL,,PETROLEUM,2009-11,2003-04,,1635.0,,2147.79,,,2095.36,2006-05,,2009-12,,,,29,45,,,,FR_NOV_2009.pdf,Sector-Wise analysis of projects,33,88
FR_200911_089,,160100289,89,INST. OF FACILITIES FOR IMPROVEMENT IN DIESEL QUALITY (IOCL) -,IOCL,,PETROLEUM,2009-11,2005-11,,1876.0,,2869.0,,,2355.31,2009-04,2009-12,2009-12,,,,31,36,,,,FR_NOV_2009.pdf,Sector-Wise analysis of projects,33,89
FR_200911_090,,N16000018,90,DADRI- PANIPAT R-LNG SPUR PIPELINE -,,,PETROLEUM,2009-11,2005-06,,250.66,,350.0,,,304.78,2008-06,,2009-12,,,,0,0,,,,FR_NOV_2009.pdf,Sector-Wise analysis of projects,33,90
FR_200911_091,,N16000023,91,DEVELOPMENT OF C-SERIES FIELDS -,,,PETROLEUM,2009-11,2006-08,,3195.16,,1800.0,,,1518.89,2008-12,,2009-12,,,,0,0,,,,FR_NOV_2009.pdf,Sector-Wise analysis of projects,33,91
FR_200911_092,,N16000028,92,"CRUDE OIL RECEIPT FACILITIES,KOCHI REFINERY -",,,PETROLEUM,2009-11,2006-04,,2591.8,,3941.41,,,1793.09,2009-09,,2009-12,,,,0,0,,,,FR_NOV_2009.pdf,Sector-Wise analysis of projects,33,92
FR_200911_093,,N16000029,93,CHENNAI-BANGALORE PIPELINE -,,,PETROLEUM,2009-11,2007-07,,232.11,,273.0,,,205.75,2009-07,,2009-12,,,,0,0,,,,FR_NOV_2009.pdf,Sector-Wise analysis of projects,33,93
FR_200911_094,,N16000035,94,MSQ UPGRADATION PROJECT AT PANIPAT REFINERY -,,,PETROLEUM,2009-11,2008-01,,1131.0,,1131.0,,,666.97,2009-12,,2009-12,,,,0,0,,,,FR_NOV_2009.pdf,Sector-Wise analysis of projects,33,94
FR_200911_095,,N16000021,95,RESIDUE UPGRADATION AND MS/HSD QUALITY IMPROVEMENT -,,,PETROLEUM,2009-11,2007-01,,5693.0,,6898.0,,,4299.29,2010-01,,2010-01,,,,0,0,,,,FR_NOV_2009.pdf,Sector-Wise analysis of projects,33,95
FR_200911_096,,N16000034,96,INST. OF FCC GASOLINE DESULPHUN UNIT AT MATHURA RE -,,,PETROLEUM,2009-11,2008-01,,348.0,,348.0,,,165.0,2009-12,,2010-01,,,,0,0,,,,FR_NOV_2009.pdf,Sector-Wise analysis of projects,33,96
FR_200911_097,,N16000047,97,CHAINSA-JHAJJAR PIPE LINE PROJECT -,,,PETROLEUM,2009-11,2007-11,,967.77,,571.64,,,328.56,2009-09,,2010-02,,,,0,0,,,,FR_NOV_2009.pdf,Sector-Wise analysis of projects,33,97
FR_200911_098,,160100215,98,IOR LAKWA - LAKHMANI (ONGCL) -,ONGCL,,PETROLEUM,2009-11,2001-09,,345.1,,429.38,,,483.4,2007-03,,2010-03,,,,3,3,,,,FR_NOV_2009.pdf,Sector-Wise analysis of projects,33,98
FR_200911_099,,160100217,99,"IOR, RUDRASAGAR (ONGCL) -",ONGCL,,PETROLEUM,2009-11,2001-09,,113.9,,219.22,,,134.54,2006-03,,2010-03,,,,6,6,,,,FR_NOV_2009.pdf,Sector-Wise analysis of projects,33,99
FR_200911_100,,160100292,100,PANIPAT NAPHTA CRACKER PROJECT -,,,PETROLEUM,2009-11,2006-04,,12138.0,,14439.0,,,10484.79,2009-09,2009-11,2010-03,,,,61,101,,,,FR_NOV_2009.pdf,Sector-Wise analysis of projects,33,100
FR_200911_101,,N16000049,101,SULTANPUR NEEMRANA PIPE LINE PROJECT -,,,PETROLEUM,2009-11,2007-11,,396.13,,396.13,,,44.14,2009-10,,2010-03,,,,0,0,,,,FR_NOV_2009.pdf,Sector-Wise analysis of projects,33,101
FR_200911_102,,N16000041,102,LPG PROCESSING & COMPRESSION -,,,PETROLEUM,2009-11,2007-08,,142.0,,139.07,,,40.51,2009-10,,2010-04,,,,0,0,,,,FR_NOV_2009.pdf,Sector-Wise analysis of projects,33,102
FR_200911_103,,N16000048,103,VIJAPUR DADRI-BAWANA PIPE LINE PROJECT -,,,PETROLEUM,2009-11,2007-11,,5595.31,,3860.0,,,2913.44,2009-11,,2010-04,,,,0,0,,,,FR_NOV_2009.pdf,Sector-Wise analysis of projects,33,103
FR_200911_104,,N16000062,104,HEERA RECONSTRUCTION -,,,PETROLEUM,2009-11,2008-05,,706.7,31.0,706.7,,,77.64,2010-04,,2010-04,,,,0,0,,,,FR_NOV_2009.pdf,Sector-Wise analysis of projects,33,104
FR_200911_105,,N16000026,105,LUBDE OIL BASE STOCK QUALITY UPGRADATION AT MUMBAI -,,,PETROLEUM,2009-11,2006-10,,638.9,,1030.0,,,422.98,2009-04,,2010-05,,,,0,0,,,,FR_NOV_2009.pdf,Sector-Wise analysis of projects,34,105
FR_200911_106,,N16000044,106,REVAMPING OF WIN PLATFORM AT MH ASSET -,,,PETROLEUM,2009-11,2008-05,,333.4,,333.4,,,,2010-05,,2010-05,,,,0,0,,,,FR_NOV_2009.pdf,Sector-Wise analysis of projects,34,106
FR_200911_107,,N16000045,107,MNW-NF BRIDGE PROJECT -,,,PETROLEUM,2009-11,2008-05,,175.21,,162.12,,,9.51,2009-03,,2010-05,,,,0,0,,,,FR_NOV_2009.pdf,Sector-Wise analysis of projects,34,107
FR_200911_108,,N16000046,108,DEVELOPMENT OF B-46 CLUSTER FIELD -,,,PETROLEUM,2009-11,2007-06,,1436.21,,1436.21,,,,2010-07,,2010-05,,,,0,0,,,,FR_NOV_2009.pdf,Sector-Wise analysis of projects,34,108
FR_200911_109,,N16000055,109,BARGE BUMPER-BOAT LANDING- RISER PROTECTOR PROJECT -,,,PETROLEUM,2009-11,2008-05,,289.6,,289.6,,,47.6,2010-05,,2010-05,,,,0,0,,,,FR_NOV_2009.pdf,Sector-Wise analysis of projects,34,109
FR_200911_110,,N16000056,110,INSTALLATION OF FCCV AT MUMBAI REFINERY -,,,PETROLEUM,2009-11,2007-03,,900.47,,900.47,,,396.73,2009-09,,2010-05,,,,0,0,,,,FR_NOV_2009.pdf,Sector-Wise analysis of projects,34,110
FR_200911_111,,N16000067,111,SINGLE POINT MOORING PROJECT AT VISAKHAPATNAM -,,,PETROLEUM,2009-11,2008-11,,643.46,,643.46,,,96.17,2010-05,,2010-05,,,,0,0,,,,FR_NOV_2009.pdf,Sector-Wise analysis of projects,34,111
FR_200911_112,,N16000009,112,"DIESEL HYDRO TREATMENT PROJECT,BRPL DHALIGAON -",,,PETROLEUM,2009-11,2006-06,,1431.91,,1646.39,,,1169.53,2009-09,,2010-06,,,,0,0,,,,FR_NOV_2009.pdf,Sector-Wise analysis of projects,34,112
FR_200911_113,,N16000024,113,HEERA AND SOUTH HEERA RE- DEVELOPMENT PROJECT -,,,PETROLEUM,2009-11,2006-09,,2305.3,,1339.25,,,1135.36,2010-06,2010-06,2010-06,,,,0,0,,,,FR_NOV_2009.pdf,Sector-Wise analysis of projects,34,113
FR_200911_114,,N16000036,114,MSQ UPGRADATION PROJECT AT GUWAHATI REFINERY -,,,PETROLEUM,2009-11,2008-04,,372.0,,372.0,,,102.31,2010-02,,2010-06,,,,0,0,,,,FR_NOV_2009.pdf,Sector-Wise analysis of projects,34,114
FR_200911_115,,N16000037,115,MSQ UPGRADATION PROJECT AT DIGBOI REFINERY -,,,PETROLEUM,2009-11,2008-04,,356.0,,356.0,,,101.42,2010-02,,2010-06,,,,0,0,,,,FR_NOV_2009.pdf,Sector-Wise analysis of projects,34,115
FR_200911_116,,N16000038,116,MSQ UPGRADATION PROJECT AT BARAUNI REFINERY -,,,PETROLEUM,2009-11,2008-04,,1492.0,,1492.0,,,389.6,2010-04,,2010-06,,,,0,0,,,,FR_NOV_2009.pdf,Sector-Wise analysis of projects,34,116
FR_200911_117,,N16000040,117,MSQ IMPROVMENT PROJECT -,,,PETROLEUM,2009-11,2008-04,,293.6,,293.6,,,96.63,2009-12,,2010-06,,,,0,0,,,,FR_NOV_2009.pdf,Sector-Wise analysis of projects,34,117
FR_200911_118,,N16000042,118,TWO PIPELINE REPLACEMENT PROJECT AT AHMEDABAD MEHS -,,,PETROLEUM,2009-11,2008-03,,188.18,,143.84,,,45.68,2010-06,,2010-06,,,,0,0,,,,FR_NOV_2009.pdf,Sector-Wise analysis of projects,34,118
FR_200911_119,,160100168,119,"C2-C3 AND LPG RECOVERY FROM LNG, DAHEJ (ONGC) -",ONGC,,PETROLEUM,2009-11,2003-12,,900.92,,1493.49,,,595.22,2006-06,2008-05,2010-07,,,,0,2,,,,FR_NOV_2009.pdf,Sector-Wise analysis of projects,34,119
FR_200911_120,,N16000017,120,EXPANSION OF PANIPAT REFINERY FROM 12 TO 15 MMTPA -,,,PETROLEUM,2009-11,2005-06,,806.0,,1007.83,,,503.16,2008-03,2009-12,2010-08,,,,18,48,,,,FR_NOV_2009.pdf,Sector-Wise analysis of projects,34,120
FR_200911_121,,N16000050,121,BAWANA NANGAL PIPE LINE PROJECT -,,,PETROLEUM,2009-11,2010-10,,1816.07,,1816.07,,,5.7,2010-10,,2010-10,,,,0,0,,,,FR_NOV_2009.pdf,Sector-Wise analysis of projects,34,121
FR_200911_122,,N16000051,122,JHAJJAR HISSAR PIPE LINE PROJECT -,,,PETROLEUM,2009-11,2007-11,,281.07,,281.07,,,0.64,2010-10,,2010-10,,,,0,0,,,,FR_NOV_2009.pdf,Sector-Wise analysis of projects,34,122
FR_200911_123,,N16000052,123,DAHEJ-VIJAYPUR PIPE LINE PROJECT -,,,PETROLEUM,2009-11,2007-11,,4429.38,,3000.0,,,47.0,2010-10,,2010-10,,,,0,0,,,,FR_NOV_2009.pdf,Sector-Wise analysis of projects,34,123
FR_200911_124,,N16000053,124,COMPRESSOR STATIONS (VIJAYPUR AND JHABUA) PHASE-I -,VIJAYPUR AND JHABUA,,PETROLEUM,2009-11,2007-11,,1512.0,,1212.85,,,15.01,2011-10,,2010-10,,,,0,0,,,,FR_NOV_2009.pdf,Sector-Wise analysis of projects,34,124
FR_200911_125,,N16000066,125,CONSTRUCTION OF NEW TERMINAL AT ENNORE CHENNAI -,,,PETROLEUM,2009-11,2008-01,,224.0,,224.0,,,32.76,2010-12,,2010-12,,,,0,0,,,,FR_NOV_2009.pdf,Sector-Wise analysis of projects,34,125
FR_200911_126,,N16000076,126,Guru Govind Singh Refinary Product Evacuation -,,,PETROLEUM,2009-11,2009-01,,605.4,,605.4,,,,2010-12,,2010-12,,,,0,0,,,,FR_NOV_2009.pdf,Sector-Wise analysis of projects,34,126
FR_200911_127,,N16000074,127,CAPACITY AUGMENTATION OF AGRA& FEROZABAD REGION -,,,PETROLEUM,2009-11,2009-07,,199.57,32.0,199.57,,,,2011-01,,2011-01,,,,0,0,,,,FR_NOV_2009.pdf,Sector-Wise analysis of projects,34,127
FR_200911_128,,160100216,128,IOR GELEKI (ONGCL) -,ONGCL,,PETROLEUM,2009-11,2001-09,,390.09,,834.9,,,929.54,2007-03,,2011-03,,,,6,6,,,,FR_NOV_2009.pdf,Sector-Wise analysis of projects,35,128
FR_200911_129,,N16000039,129,MUMBAI HIGH SOUTH REDEVELOPMENT PH-2 -,,,PETROLEUM,2009-11,2007-06,,1252.75,,8061.42,,,380.2,2009-06,,2011-04,,,,0,0,,,,FR_NOV_2009.pdf,Sector-Wise analysis of projects,35,129
FR_200911_130,,N16000054,130,COMPRESSOR STATIONS (KAILARAS &CHAINSA) -,KAILARAS &CHAINSA,,PETROLEUM,2009-11,2007-11,,1061.93,,1061.78,,,3.48,2011-11,,2011-04,,,,0,0,,,,FR_NOV_2009.pdf,Sector-Wise analysis of projects,35,130
FR_200911_131,,N16000063,131,NEELAM RECONSTRUCTION -,,,PETROLEUM,2009-11,2008-05,,305.08,,305.08,,,33.52,2011-04,,2011-04,,,,0,0,,,,FR_NOV_2009.pdf,Sector-Wise analysis of projects,35,131
FR_200911_132,,160100231,132,INTEGRATED DEV OF G1 and GS-15 (ONGCL) -,ONGCL,,PETROLEUM,2009-11,2003-04,,429.82,,1262.93,,,1080.22,2005-03,,2011-05,,,,0,0,,,,FR_NOV_2009.pdf,Sector-Wise analysis of projects,35,132
FR_200911_133,,N16000059,133,BRANCH PIPELINE FROM KSPL VIRAMGAON TO KANDLA -,,,PETROLEUM,2009-11,2009-02,,349.0,,349.0,,,2.4,2011-08,,2011-08,,,,0,0,,,,FR_NOV_2009.pdf,Sector-Wise analysis of projects,35,133
FR_200911_134,,N16000075,134,Construction of Tank and Blending Facility at Vadi -,,,PETROLEUM,2009-11,2009-02,,267.0,,349.0,,,5.37,2011-08,,2011-08,,,,0,0,,,,FR_NOV_2009.pdf,Sector-Wise analysis of projects,35,134
FR_200911_135,,N16000077,135,Construction of Tanks and Blending Facility at Vad -,,,PETROLEUM,2009-11,2009-02,,267.0,,349.0,,,,2011-08,,2011-08,,,,0,0,,,,FR_NOV_2009.pdf,Sector-Wise analysis of projects,35,135
FR_200911_136,,N16000068,136,DIESEL HYDROTREATOR PROJECT AT VISAKH REFINERY -,,,PETROLEUM,2009-11,2009-03,,3597.0,,3597.0,,,47.79,2011-09,,2011-09,,,,0,0,,,,FR_NOV_2009.pdf,Sector-Wise analysis of projects,35,136
FR_200911_137,,N16000069,137,DIESEL HYDROTREATOR PROJECT AT MUMBAI REFINERY -,,,PETROLEUM,2009-11,2009-03,,3284.0,,3284.0,,,36.58,2011-09,,2011-09,,,,0,0,,,,FR_NOV_2009.pdf,Sector-Wise analysis of projects,35,137
FR_200911_138,,N16000057,138,RESITMENT OF MARKETING INSTALATION AT VISAKH -,,,PETROLEUM,2009-11,2009-01,,756.0,,756.0,,,90.33,2011-12,,2011-12,,,,0,0,,,,FR_NOV_2009.pdf,Sector-Wise analysis of projects,35,138
FR_200911_139,,N16000064,139,ADDITIONAL GAS PROCESSING UNITS AT URAN -,,,PETROLEUM,2009-11,2008-10,,1797.35,,1797.35,,,,2011-12,,2011-12,,,,0,0,,,,FR_NOV_2009.pdf,Sector-Wise analysis of projects,35,139
FR_200911_140,,N16000065,140,ADDITIONAL GAS PROCESSING FACILITI AT HAZIRA -,,,PETROLEUM,2009-11,2008-02,,370.11,,370.11,,,,2011-04,,2011-12,,,,0,0,,,,FR_NOV_2009.pdf,Sector-Wise analysis of projects,35,140
FR_200911_141,,N16000070,141,MORADABAD-KASHIPUR-RUDRAPUR PIPELINE PROJECT. -,,,PETROLEUM,2009-11,2009-07,,238.68,,238.68,,,,2012-01,,2012-01,,,,0,0,,,,FR_NOV_2009.pdf,Sector-Wise analysis of projects,35,141
FR_200911_142,,N16000031,142,OFFSHORE GRID INTERCONNECTIVITY PROJECT IN MUMBAI HIGH -,,,PETROLEUM,2009-11,2007-01,,740.02,,740.02,,,104.64,2010-03,2012-03,2012-03,,,,0,0,,,,FR_NOV_2009.pdf,Sector-Wise analysis of projects,35,142
FR_200911_143,,N16000033,143,DEVELOPMENT OF B-193 CLUSTER FIELDS -,,,PETROLEUM,2009-11,2007-06,,3248.78,,2710.1,,,0.61,2010-03,2010-08,2012-03,,,,0,0,,,,FR_NOV_2009.pdf,Sector-Wise analysis of projects,35,143
FR_200911_144,,N16000032,144,DEVELOPMENT OF B-22 CLUSTER FIELDS -,,,PETROLEUM,2009-11,2007-01,,1552.63,,1849.5,,,5.24,2009-02,2010-09,2012-04,,,,0,0,,,,FR_NOV_2009.pdf,Sector-Wise analysis of projects,35,144
FR_200911_145,,N16000030,145,CONSTRUCTION OF NEW PROCESS COMPLEX MHN -,,,PETROLEUM,2009-11,2007-01,,2853.29,,2853.29,,,0.54,2010-05,,2012-05,,,,0,0,,,,FR_NOV_2009.pdf,Sector-Wise analysis of projects,35,145
FR_200911_146,,N16000060,146,MUMBAI HIGH NORTH DEVELOPMENT PHASE-II -,,,PETROLEUM,2009-11,2009-01,,6855.93,,6855.93,,,0.54,2012-09,,2012-09,,,,0,0,,,,FR_NOV_2009.pdf,Sector-Wise analysis of projects,35,146
FR_200911_147,,N16000058,147,PARADIP REFINERY PROJECT -,,,PETROLEUM,2009-11,2009-02,,29777.0,,29777.0,,,2344.01,2012-03,,2012-11,,,,0,0,,,,FR_NOV_2009.pdf,Sector-Wise analysis of projects,35,147
FR_200911_148,,N16000071,148,KOCHI-KANJIRKOD BANGALORE- MANGALORE PIPELINE PROJE -,,,PETROLEUM,2009-11,2009-06,,3032.0,,3032.0,,,,2012-12,,2012-12,,,,0,0,,,,FR_NOV_2009.pdf,Sector-Wise analysis of projects,35,148
FR_200911_149,,N16000073,149,DHABOL-BANGALORE PIPELINE PROJECT -,,,PETROLEUM,2009-11,2009-06,,4543.43,,4543.43,,,,2012-12,,2012-12,,,,0,0,,,,FR_NOV_2009.pdf,Sector-Wise analysis of projects,35,149
FR_200911_150,,N16000072,150,JAGDISHPUR-HALDIA PIPELINE PROJECT -,,,PETROLEUM,2009-11,2009-07,,7596.18,33.0,7596.18,,,0.27,2013-01,,2013-01,,,,0,0,,,,FR_NOV_2009.pdf,Sector-Wise analysis of projects,35,150
FR_200911_151,,N16000061,151,ASSAM RENEWAL PROJECT FOR GROUP A - Total,,,PETROLEUM,2009-11,2009-03,,2465.15,136018.51,2378.86,,,38189.75,2013-03,,2013-03,,,,0,0,,,,FR_NOV_2009.pdf,Sector-Wise analysis of projects,36,151
FR_200911_152,,180100220,152,SEWA- II H.E.P (NHPC) -,NHPC,,POWER,2009-11,2003-09,,665.46,,1018.98,,,874.82,2007-09,,2009-12,,,,8,36,,,,FR_NOV_2009.pdf,Sector-Wise analysis of projects,36,152
FR_200911_153,,180100253,153,SYSTEM STRENGTHENING - VII OF SOUTHERN REGION (PGCIL) -,PGCIL,,POWER,2009-11,2005-05,,279.3,,340.14,,,280.87,2009-07,,2009-12,,,,5,18,,,,FR_NOV_2009.pdf,Sector-Wise analysis of projects,36,153
FR_200911_154,,180100257,154,SIPAT-II SUPP. TRANS. SYSTEM (PGCIL) -,PGCIL,,POWER,2009-11,2005-06,,813.67,,820.45,,,778.74,2008-06,,2009-12,,,,9,22,,,,FR_NOV_2009.pdf,Sector-Wise analysis of projects,36,154
FR_200911_155,,180100263,155,KOLDAM HEP TRANSMISSION LINE (PGCIL) -,PGCIL,,POWER,2009-11,2005-09,,464.91,,464.91,,,159.31,2008-09,2008-09,2009-12,,,,9,22,,,,FR_NOV_2009.pdf,Sector-Wise analysis of projects,36,155
FR_200911_156,,N18000020,156,SYSTEM STRENGTHENING IN SOUTH-WESTERN PART-B NORTHERN -,,,POWER,2009-11,2006-10,,150.26,,153.24,,,107.32,2009-10,,2010-01,,,,5,20,,,,FR_NOV_2009.pdf,Sector-Wise analysis of projects,36,156
FR_200911_157,,180100247,157,NEYVELI TS-II TRANSIMISSION SYSTEM (PGCIL) -,PGCIL,,POWER,2009-11,2005-01,,691.83,,913.33,,,703.18,2007-12,,2010-02,,,,13,20,,,,FR_NOV_2009.pdf,Sector-Wise analysis of projects,36,157
FR_200911_158,,180100258,158,KUNADANKULAM-APP TRANS. SYSTEM (PGCIL) -,PGCIL,,POWER,2009-11,2005-05,,1779.29,,1896.65,,,1459.58,2008-11,,2010-02,,,,20,38,,,,FR_NOV_2009.pdf,Sector-Wise analysis of projects,36,158
FR_200911_159,,N18000021,159,NORTHERN REGION SYSTEM STRENGTHENING SCHEME-VI -,,,POWER,2009-11,2007-01,,186.95,,186.95,,,137.1,2009-07,,2010-02,,,,2,21,,,,FR_NOV_2009.pdf,Sector-Wise analysis of projects,36,159
FR_200911_160,,N18000026,160,ENHANCEMENT OF TRANSMISSION CAPACITY IN EAST-WEST -,,,POWER,2009-11,2006-10,,103.8,,103.8,,,67.61,2009-06,,2010-02,,,,0,0,,,,FR_NOV_2009.pdf,Sector-Wise analysis of projects,36,160
FR_200911_161,,180100165,161,TUIRIAL HE PROJECT(NEEPCO) -,NEEPCO,,POWER,2009-11,1998-07,,368.72,,836.14,,,318.7,2006-07,,2010-03,,,,2,5,,,,FR_NOV_2009.pdf,Sector-Wise analysis of projects,36,161
FR_200911_162,,180100246,162,KAIGA 3&4 TRANSMISSION SYSTEM (PGCIL) -,PGCIL,,POWER,2009-11,2005-03,,596.45,,1007.16,,,702.92,2007-12,,2010-03,,,,7,18,,,,FR_NOV_2009.pdf,Sector-Wise analysis of projects,36,162
FR_200911_163,,180100256,163,KOTESWAR TRANSMISSION SYSTEM (PGCIL) -,PGCIL,,POWER,2009-11,2006-06,,260.34,,266.61,,,124.54,2008-06,,2010-03,,,,6,20,,,,FR_NOV_2009.pdf,Sector-Wise analysis of projects,36,163
FR_200911_164,,180100260,164,TRANSMISSION SY. ASSOCIATED WITH BARH GENER. PROJECT(P.GR.) -,P.GR.,,POWER,2009-11,2005-12,,3779.46,,3779.46,,,3164.67,2009-09,,2010-03,,,,11,30,,,,FR_NOV_2009.pdf,Sector-Wise analysis of projects,36,164
FR_200911_165,,260100100,165,EAST-WEST TRANSNISSION CORRIDOR STRENGTHNING SCHEME -,,,POWER,2009-11,2006-06,,803.7,,803.76,,,516.22,2009-06,,2010-03,,,,0,20,,,,FR_NOV_2009.pdf,Sector-Wise analysis of projects,36,165
FR_200911_166,,N18000004,166,EASTERN REGION STRENGTHENING SCHEME-I -,,,POWER,2009-11,2006-10,,975.96,,975.96,,,490.72,2009-10,,2010-03,,,,2,20,,,,FR_NOV_2009.pdf,Sector-Wise analysis of projects,36,166
FR_200911_167,,N18000017,167,NORTHERN REGION SYSTEM STRENGHTENING SCHEME-V -,,,POWER,2009-11,2006-06,,721.25,,721.25,,,549.91,2009-06,,2010-03,,,,4,19,,,,FR_NOV_2009.pdf,Sector-Wise analysis of projects,36,167
FR_200911_168,,N18000037,168,TR. SYSTEM FOR STARTUP POWER TO DVC & MAITHON RB G -,,,POWER,2009-11,2008-04,,290.49,,290.49,,,200.99,2010-04,,2010-04,,,,0,0,,,,FR_NOV_2009.pdf,Sector-Wise analysis of projects,36,168
FR_200911_169,,N18000033,169,EASTERN REGION STRENGTHENING SCHEME-II -,,,POWER,2009-11,2007-12,,227.52,,227.52,,,84.57,2010-06,,2010-06,,,,0,0,,,,FR_NOV_2009.pdf,Sector-Wise analysis of projects,36,169
FR_200911_170,,N18000022,170,WESTERN REGION STRENGTHENING SCHEME-II -,,,POWER,2009-11,2006-07,,5221.23,34.0,5221.23,,,1775.8,2010-07,,2010-07,,,,2,20,,,,FR_NOV_2009.pdf,Sector-Wise analysis of projects,36,170
FR_200911_171,,N18000062,171,TR. SYSTEM ASSOCIATED WITH TUTICORIN JV TPS -,,,POWER,2009-11,2009-02,,353.57,,353.57,,,19.81,2010-07,,2010-07,,,,0,0,,,,FR_NOV_2009.pdf,Sector-Wise analysis of projects,37,171
FR_200911_172,,N18000011,172,KORBA STPP STAGE-III -,,,POWER,2009-11,2006-08,,2448.5,,2448.49,,,1735.9,2010-02,,2010-08,,,,2,24,,,,FR_NOV_2009.pdf,Sector-Wise analysis of projects,37,172
FR_200911_173,,N18000035,173,WESTERN REGION STRENGTHENING SCHEME-V -,,,POWER,2009-11,2007-12,,477.69,,477.69,,,179.42,2010-09,,2010-09,,,,0,0,,,,FR_NOV_2009.pdf,Sector-Wise analysis of projects,37,173
FR_200911_174,,N18000040,174,EST. OF 400/220 KV GIS POOLING STATION NEAR CHAMER -,,,POWER,2009-11,2007-09,,262.1,,262.1,,,125.03,2010-09,,2010-09,,,,0,0,,,,FR_NOV_2009.pdf,Sector-Wise analysis of projects,37,174
FR_200911_175,,N18000013,175,National Capital Thermal Power Project Stage-II -,,,POWER,2009-11,2006-10,,5135.33,,5135.33,,,3519.77,2010-10,,2010-10,,,,8,40,,,,FR_NOV_2009.pdf,Sector-Wise analysis of projects,37,175
FR_200911_176,,N18000016,176,Farakka STPP Stage-III -,,,POWER,2009-11,2006-07,,2570.44,,2570.44,,,1465.78,2010-08,,2010-11,,,,10,26,,,,FR_NOV_2009.pdf,Sector-Wise analysis of projects,37,176
FR_200911_177,,N18000018,177,TRANSMISSION SYSTEM ASSOCIATED WITH PARBATI-III HE -,,,POWER,2009-11,2006-07,,557.24,,557.25,,,235.51,2010-01,,2010-11,,,,0,22,,,,FR_NOV_2009.pdf,Sector-Wise analysis of projects,37,177
FR_200911_178,,N18000038,178,WESTERN REGION STREGTHENING SCHEME-VI -,,,POWER,2009-11,2008-02,,340.72,,340.72,,,81.76,2010-11,,2010-11,,,,0,0,,,,FR_NOV_2009.pdf,Sector-Wise analysis of projects,37,178
FR_200911_179,,N18000039,179,NORTHERN REGION SYSTEM STRENGHTENING SCHEME-XII -,,,POWER,2009-11,2008-02,,261.55,,261.55,,,59.86,2010-11,,2010-11,,,,0,0,,,,FR_NOV_2009.pdf,Sector-Wise analysis of projects,37,179
FR_200911_180,,N18000070,180,SYSTEM STRANGHTENING SCHEME- VIII OF SOUTHERN REGIO -,,,POWER,2009-11,2008-02,,105.84,,105.84,,,38.94,2010-11,,2010-11,,,,0,0,,,,FR_NOV_2009.pdf,Sector-Wise analysis of projects,37,180
FR_200911_181,,180100184,181,KOTESHWAR HEP(THDC) -,THDC,,POWER,2009-11,2000-04,,1301.56,,1301.56,,,1487.95,2005-04,,2010-12,,,,0,0,,,,FR_NOV_2009.pdf,Sector-Wise analysis of projects,37,181
FR_200911_182,,180100241,182,"CHAMERA,STAGE-III (NHPC) -",NHPC,,POWER,2009-11,2005-08,,1405.63,,1405.63,,,259.18,2010-08,,2010-12,,,,0,0,,,,FR_NOV_2009.pdf,Sector-Wise analysis of projects,37,182
FR_200911_183,,N18000006,183,NIMOO BAZGO HYDROELECTRIC PROJECT -,,,POWER,2009-11,2006-08,,611.01,,611.02,,,113.37,2010-08,,2010-12,,,,0,0,,,,FR_NOV_2009.pdf,Sector-Wise analysis of projects,37,183
FR_200911_184,,N18000034,184,NORTHERN REGION SYSTEM STRENGTHENING-XI -,,,POWER,2009-11,2007-12,,417.76,,417.76,,,197.65,2010-12,,2010-12,,,,0,0,,,,FR_NOV_2009.pdf,Sector-Wise analysis of projects,37,184
FR_200911_185,,N18000036,185,NORTHERN REGION SYSTEM STRENGTHENING SCHEME-X -,,,POWER,2009-11,2007-12,,408.36,,408.36,,,208.38,2010-12,,2010-12,,,,0,0,,,,FR_NOV_2009.pdf,Sector-Wise analysis of projects,37,185
FR_200911_186,,N18000050,186,WESTERN REGION STRENGHTENING SCHEME-IX -,,,POWER,2009-11,2008-04,,230.89,,230.89,,,4.94,2011-01,,2011-01,,,,0,0,,,,FR_NOV_2009.pdf,Sector-Wise analysis of projects,37,186
FR_200911_187,,180100222,187,"TESSTA LOW DAM STAGE - II, III (NHPC) -",NHPC,,POWER,2009-11,2003-10,,768.92,,1279.4,,,1009.68,2007-03,,2011-02,,,,1,25,,,,FR_NOV_2009.pdf,Sector-Wise analysis of projects,37,187
FR_200911_188,,180100251,188,URI H.E.P STAGE -II (NHPC) -,NHPC,,POWER,2009-11,2005-08,,1729.29,,1724.79,,,229.41,2009-11,,2011-02,,,,0,0,,,,FR_NOV_2009.pdf,Sector-Wise analysis of projects,37,188
FR_200911_189,,N18000007,189,CHUTAK HYDRO-ELECTRIC PROJECT -,,,POWER,2009-11,2006-08,,621.26,,621.28,,,93.96,2011-02,,2011-02,,,,0,0,,,,FR_NOV_2009.pdf,Sector-Wise analysis of projects,37,189
FR_200911_190,,N18000023,190,TRANSMISSION SYSTEM ASSOCIATED WITH URI-II -,,,POWER,2009-11,2006-10,,238.25,,238.25,,,157.16,,,2011-05,,,,0,0,,,,FR_NOV_2009.pdf,Sector-Wise analysis of projects,37,190
FR_200911_191,,N18000032,191,SIMHADRI STPP STAGE -II -,,,POWER,2009-11,2007-08,,5103.39,,5038.53,,,2242.87,2011-05,,2011-05,,,,0,0,,,,FR_NOV_2009.pdf,Sector-Wise analysis of projects,37,191
FR_200911_192,,180100250,192,PARBATI H.E.P. STAGE -III (NHPC) -,NHPC,,POWER,2009-11,2005-10,,2304.56,,2304.52,,,150.84,2010-10,,2011-06,,,,0,0,,,,FR_NOV_2009.pdf,Sector-Wise analysis of projects,37,192
FR_200911_193,,N18000043,193,TRANSMISSION SYSTEM ASSOCIATED WITH FARAKKA-III -,,,POWER,2009-11,2008-12,,204.07,35.0,204.07,,,25.13,2011-06,,2011-06,,,,0,0,,,,FR_NOV_2009.pdf,Sector-Wise analysis of projects,37,193
FR_200911_194,,N18000059,194,TR. SYSTEM ASSOCIATED WITH CORBA III GENERATION PR -,,,POWER,2009-11,2009-02,,276.61,,276.61,,,35.35,2011-06,,2011-06,,,,0,0,,,,FR_NOV_2009.pdf,Sector-Wise analysis of projects,38,194
FR_200911_195,,N18000055,195,NORTHERN REGION SYSTEM STRENGHTENING SCHEME-IX -,,,POWER,2009-11,2008-07,,525.14,,525.14,,,249.28,2011-07,,2011-07,,,,0,0,,,,FR_NOV_2009.pdf,Sector-Wise analysis of projects,38,195
FR_200911_196,,N18000064,196,TR. SYSTEM ASSOCIATED WITH CHAMERA III HEP -,,,POWER,2009-11,2008-04,,297.37,,297.37,,,112.39,2011-07,,2011-07,,,,0,0,,,,FR_NOV_2009.pdf,Sector-Wise analysis of projects,38,196
FR_200911_197,,N18000067,197,SYSTEM STRENGHTENING -XI IN SOUTHERN REGION -,,,POWER,2009-11,2009-03,,196.1,,196.1,,,3.58,2011-07,,2011-07,,,,0,0,,,,FR_NOV_2009.pdf,Sector-Wise analysis of projects,38,197
FR_200911_198,,180100243,198,"TEESTA LOW DAM HEP, STAGE-IV (NHPC) -",NHPC,,POWER,2009-11,2005-09,,1061.38,,1061.38,,,144.6,2009-09,,2011-08,,,,0,0,,,,FR_NOV_2009.pdf,Sector-Wise analysis of projects,38,198
FR_200911_199,,N18000057,199,NORTHERN REGION SYSTEM STRENGHTENING SCHEME-XIV -,,,POWER,2009-11,2009-02,,132.19,,132.19,,,9.62,2011-08,,2011-08,,,,0,0,,,,FR_NOV_2009.pdf,Sector-Wise analysis of projects,38,199
FR_200911_200,,N18000058,200,NORTHERN REGION SYSTEM STRENGHTENING SCHEME-XVII -,,,POWER,2009-11,2009-02,,210.79,,210.79,,,,2011-08,,2011-08,,,,0,0,,,,FR_NOV_2009.pdf,Sector-Wise analysis of projects,38,200
FR_200911_201,,N18000044,201,SYSTEM STRENGHTENING IN NR GRID FOR KARCHAM WANGTO -,,,POWER,2009-11,2008-12,,328.97,,328.97,,,32.36,2011-09,,2011-09,,,,0,0,,,,FR_NOV_2009.pdf,Sector-Wise analysis of projects,38,201
FR_200911_202,,180100229,202,SIPAT STPP STAGE - I (NTPC) -,NTPC,,POWER,2009-11,2003-12,,8323.39,,8323.39,,,6502.01,2009-12,,2011-10,,,,33,56,,,,FR_NOV_2009.pdf,Sector-Wise analysis of projects,38,202
FR_200911_203,,N18000041,203,BONGAIGAON THERMAL POWER PROJECT -,,,POWER,2009-11,2008-01,,4375.35,,4375.35,,,727.42,2011-07,,2011-11,,,,0,0,,,,FR_NOV_2009.pdf,Sector-Wise analysis of projects,38,203
FR_200911_204,,N18000052,204,NORTHERN REGION SYSTEM STRENGHTENING SCHEME-XV -,,,POWER,2009-11,2009-02,,520.48,,520.48,,,86.14,2011-11,,2011-11,,,,0,0,,,,FR_NOV_2009.pdf,Sector-Wise analysis of projects,38,204
FR_200911_205,,N18000053,205,NORTHERN REGION SYSTEM STRENGHTENING SCHEME-XVIII -,,,POWER,2009-11,2009-02,,509.66,,509.66,,,5.33,2011-11,,2011-11,,,,0,0,,,,FR_NOV_2009.pdf,Sector-Wise analysis of projects,38,205
FR_200911_206,,N18000054,206,NORTHERN REGION SYSTEM STRENGHTENING SCHEME-XIII -,,,POWER,2009-11,2009-02,,317.69,,317.69,,,2.51,2011-11,,2011-11,,,,0,0,,,,FR_NOV_2009.pdf,Sector-Wise analysis of projects,38,206
FR_200911_207,,N18000063,207,TR. SYSTEM ASSOCIATED WITH RAMPUR HEP -,,,POWER,2009-11,2009-02,,184.19,,184.19,,,11.86,2011-11,,2011-11,,,,0,0,,,,FR_NOV_2009.pdf,Sector-Wise analysis of projects,38,207
FR_200911_208,,180100211,208,KOLDAM HEP (NTPC) -,NTPC,,POWER,2009-11,2002-10,,4527.15,,4527.15,,,2943.39,2009-04,,2011-12,,,,19,41,,,,FR_NOV_2009.pdf,Sector-Wise analysis of projects,38,208
FR_200911_209,,N18000071,209,TRIPURA GAS BASED POWER PROJECT -,,,POWER,2009-11,2009-07,,421.01,,421.01,,,64.24,2012-01,,2012-01,,,,0,0,,,,FR_NOV_2009.pdf,Sector-Wise analysis of projects,38,209
FR_200911_210,,N18000049,210,WESTERN REGION STRENGHTENING SCHEME-X -,,,POWER,2009-11,2009-02,,664.96,,664.96,,,18.55,2012-02,,2012-02,,,,0,0,,,,FR_NOV_2009.pdf,Sector-Wise analysis of projects,38,210
FR_200911_211,,N18000051,211,WESTERN REGION SYSTEM STRENGHTENING SCHEME-XI -,,,POWER,2009-11,2009-02,,409.5,,409.5,,,,2012-02,,2012-02,,,,0,0,,,,FR_NOV_2009.pdf,Sector-Wise analysis of projects,38,211
FR_200911_212,,N18000056,212,NORTHERN REGION SYSTEM STRENGHTENING SCHEME-XIX -,,,POWER,2009-11,2009-02,,410.29,,410.29,,,13.59,2012-02,,2012-02,,,,0,0,,,,FR_NOV_2009.pdf,Sector-Wise analysis of projects,38,212
FR_200911_213,,N18000060,213,SYSTEM STRENGHTENING SCHEME- IX OF SOUTHERN REGIONA -,,,POWER,2009-11,2009-02,,120.62,36.0,120.62,,,3.25,2012-02,,2012-02,,,,0,0,,,,FR_NOV_2009.pdf,Sector-Wise analysis of projects,38,213
FR_200911_214,,N18000068,214,765 KV SYSTEM FOR CENTRAL PART OF NORTHERN GRID PA -,,,POWER,2009-11,2009-02,,1347.32,,1347.32,,,72.38,2012-02,,2012-02,,,,0,0,,,,FR_NOV_2009.pdf,Sector-Wise analysis of projects,39,214
FR_200911_215,,N18000024,215,RAMPUR HEP(412 MW) -,412 MW,,POWER,2009-11,2007-01,,2047.03,,2047.03,,,710.65,2012-01,,2012-03,,,,2,10,,,,FR_NOV_2009.pdf,Sector-Wise analysis of projects,39,215
FR_200911_216,,N18000045,216,PARA HYDRO ELECTRIC PROJECT -,,,POWER,2009-11,2008-12,,573.99,,573.99,,,62.11,2012-08,,2012-08,,,,0,0,,,,FR_NOV_2009.pdf,Sector-Wise analysis of projects,39,216
FR_200911_217,,N18000048,217,MOUDA STPP -,,,POWER,2009-11,2007-11,,5459.28,,5459.28,,,660.94,2012-02,,2012-08,,,,0,0,,,,FR_NOV_2009.pdf,Sector-Wise analysis of projects,39,217
FR_200911_218,,N18000065,218,SUPPLIMENTARY TRANSMISSION ASSOCIATED WITH DVC AND -,,,POWER,2009-11,2008-08,,2360.95,,2360.95,,,542.28,2012-08,,2012-08,,,,0,0,,,,FR_NOV_2009.pdf,Sector-Wise analysis of projects,39,218
FR_200911_219,,N18000069,219,765 KV POOLING STATION & NETWORK WITH DVC AND MAIT -,,,POWER,2009-11,2008-08,,7075.33,,7075.33,,,1185.6,2012-08,,2012-08,,,,0,0,,,,FR_NOV_2009.pdf,Sector-Wise analysis of projects,39,219
FR_200911_220,,N18000061,220,TR. SYSTEM ASSOCIATED WITH MUNDRA ULTRA MEGA POWER -,,,POWER,2009-11,2008-10,,4824.12,,4824.12,,,179.83,2012-10,,2012-10,,,,0,0,,,,FR_NOV_2009.pdf,Sector-Wise analysis of projects,39,220
FR_200911_221,,N18000072,221,VINDHYACHAL STTP STAGE-IV -,,,POWER,2009-11,2009-01,,5915.0,,5915.0,,,411.8,2012-11,,2012-11,,,,0,0,,,,FR_NOV_2009.pdf,Sector-Wise analysis of projects,39,221
FR_200911_222,,N18000073,222,RIHAND STTP STAGE-III (2X500MW) -,2X500MW,,POWER,2009-11,2009-01,,6230.81,,6230.81,,,364.92,2012-11,,2012-11,,,,0,0,,,,FR_NOV_2009.pdf,Sector-Wise analysis of projects,39,222
FR_200911_223,,180100221,223,LOWER SUBANSIRI H.E.P (NHPC) -,NHPC,,POWER,2009-11,2003-09,,6285.33,,6285.33,,,512.55,2010-09,,2012-12,,,,2,11,,,,FR_NOV_2009.pdf,Sector-Wise analysis of projects,39,223
FR_200911_224,,180100261,224,TRANSMISSION SYSTEM ASSOCIATED WITH PARBATI = II HEP -,,,POWER,2009-11,2005-12,,358.42,,358.42,,,6.09,2008-12,2010-09,2012-12,,,,0,15,,,,FR_NOV_2009.pdf,Sector-Wise analysis of projects,39,224
FR_200911_225,,N18000005,225,LOHARINAG-PAL HEP(4X150MW) -,4X150MW,,POWER,2009-11,2006-06,,2895.1,,2895.1,,,507.06,2011-11,,2012-12,,,,6,34,,,,FR_NOV_2009.pdf,Sector-Wise analysis of projects,39,225
FR_200911_226,,N18000046,226,TRANSMISSION SYSTEM ASSOCIATED WITH SASAN ULTRA ME -,,,POWER,2009-11,2008-12,,7031.88,,7031.88,,,248.91,2012-12,,2012-12,,,,0,0,,,,FR_NOV_2009.pdf,Sector-Wise analysis of projects,39,226
FR_200911_227,,180100210,227,PARBATI HEP (NHPC) II -,NHPC,,POWER,2009-11,2002-09,,3919.59,,3919.59,,,245.56,2009-09,,2013-03,,,,1,20,,,,FR_NOV_2009.pdf,Sector-Wise analysis of projects,39,227
FR_200911_228,,N18000014,228,Tapovan-Vishnugad HEP (4x130MW) -,4x130MW,,POWER,2009-11,2006-11,,2978.48,,2978.48,,,686.19,2013-03,,2013-03,,,,5,31,,,,FR_NOV_2009.pdf,Sector-Wise analysis of projects,39,228
FR_200911_229,,N18000010,229,TEHRI PUMPED STORAGE PLANT(1000MW) -,1000MW,,POWER,2009-11,2006-07,,1657.0,,1657.6,,,252.91,2010-07,,2013-04,,,,0,0,,,,FR_NOV_2009.pdf,Sector-Wise analysis of projects,39,229
FR_200911_230,,180100239,230,KAMENG HYDROELECTRIC PROJECT (NEEPCO) -,NEEPCO,,POWER,2009-11,2004-12,,2496.9,,3253.22,,,1010.74,2009-12,2011-03,2013-05,,,,37,165,,,,FR_NOV_2009.pdf,Sector-Wise analysis of projects,39,230
FR_200911_231,,N18000042,231,VISHNUGAD PIPALKOTI HYDRO ELECTRIC PROJECT -,,,POWER,2009-11,2008-08,,2491.58,,2491.58,,,75.96,2013-06,,2013-06,,,,0,0,,,,FR_NOV_2009.pdf,Sector-Wise analysis of projects,39,231
FR_200911_232,,N18000047,232,BARH STPP STAGE -II -,,,POWER,2009-11,2008-02,,7341.04,,7341.04,,,619.47,2013-08,,2013-08,,,,0,0,,,,FR_NOV_2009.pdf,Sector-Wise analysis of projects,39,232
FR_200911_233,,N18000066,233,NORTH- EAST NORTH WESTERN INTERCONNECTOR I PROJECT -,,,POWER,2009-11,2009-02,,11130.19,,11130.19,,,294.33,2013-08,,2013-08,,,,0,0,,,,FR_NOV_2009.pdf,Sector-Wise analysis of projects,39,233
FR_200911_234,,180100242,234,BARH STPP(3X660MW) NTPC -,3X660MW,,POWER,2009-11,2003-12,,8692.97,,8692.97,,,4500.68,2010-11,,2013-10,,,,15,51,,,,FR_NOV_2009.pdf,Sector-Wise analysis of projects,39,234
FR_200911_235,,N18000031,235,KISHANGANGA HEP -,,,POWER,2009-11,2007-07,,2238.67,3642.04,3642.04,,,14.69,2014-07,,2016-01,,,,0,0,,,,FR_NOV_2009.pdf,Sector-Wise analysis of projects,39,235
FR_200911_236,,180100078,236,LOKTAK D/S HEP(NHPC) -,NHPC,,POWER,2009-11,1999-12,,578.62,37.0,578.62,,,28.33,2006-06,,,,,,0,0,,,,FR_NOV_2009.pdf,Sector-Wise analysis of projects,39,236
FR_200911_237,,210100001,237,NORTH EAST INDIRA GANDHI INST- ITUTE OF HEALTH & MS - Total,,,POWER,2009-11,1986-05,,71.18,422.6,443.15,,,381.31,1999-03,2005-03,,,,,7,16,,,,FR_NOV_2009.pdf,Sector-Wise analysis of projects,40,237
FR_200911_238,,220100278,238,"HAPUR-KANKATHER (LD),NR -",LD,,RAILWAYS,2009-11,2003-04,,106.64,117.31,106.64,,,138.89,2007-03,,2008-05,,,,0,0,,,,FR_NOV_2009.pdf,Sector-Wise analysis of projects,40,238
FR_200911_239,,N22000058,239,"AMROHA-KANKATHER,NR -",,,RAILWAYS,2009-11,2000-04,,57.0,107.29,103.57,,,106.47,2005-03,2008-09,2009-05,,,,0,0,,,,FR_NOV_2009.pdf,Sector-Wise analysis of projects,40,239
FR_200911_240,,N22000048,240,"VALLAPARPADM- IDAPALLY,(NL)(RVNL) -",RVNL,,RAILWAYS,2009-11,2006-07,,246.5,246.5,246.5,,,296.25,2009-03,2009-03,2009-11,,,,0,0,,,,FR_NOV_2009.pdf,Sector-Wise analysis of projects,40,240
FR_200911_241,,220100243,241,"AGRA-ETAWAH VIA FATEBAD & BAD (NL),NCR -",NL,,RAILWAYS,2009-11,1999-04,,108.0,214.09,214.09,,,112.9,2009-12,,2009-12,,,,0,0,,,,FR_NOV_2009.pdf,Sector-Wise analysis of projects,40,241
FR_200911_242,,220100300,242,"KURLA-BHANDUP,5 AND 6TH P.I.,MUMBAI,CR -",,,RAILWAYS,2009-11,1995-04,,49.84,102.9,136.45,,,114.25,2002-03,,2009-12,,,,0,0,,,,FR_NOV_2009.pdf,Sector-Wise analysis of projects,40,242
FR_200911_243,,220100318,243,"ETAWAH-MAINPURI (NL),NCR -",NL,,RAILWAYS,2009-11,2001-09,,129.7,129.7,142.48,,,98.84,2008-12,,2009-12,,,,0,0,,,,FR_NOV_2009.pdf,Sector-Wise analysis of projects,40,243
FR_200911_244,,N22000052,244,HARNOUT -SET.UP OF W/S TO UND. POH OF UP TO50 COAC -,,,RAILWAYS,2009-11,2003-04,,98.74,,224.51,,,41.39,,,2009-12,,,,0,0,,,,FR_NOV_2009.pdf,Sector-Wise analysis of projects,40,244
FR_200911_245,,N22000055,245,ABOHAR- FAZILKA -,,,RAILWAYS,2009-11,2001-09,,86.44,,209.57,,,153.0,2009-03,,2010-02,,,,0,0,,,,FR_NOV_2009.pdf,Sector-Wise analysis of projects,40,245
FR_200911_246,,220100009,246,FREIGHT OPERATIONS INFORMATION SYSTEM (FOIS) -,FOIS,,RAILWAYS,2009-11,1984-03,,520.0,422.79,634.13,,,430.25,1995-03,,2010-03,,,,0,0,,,,FR_NOV_2009.pdf,Sector-Wise analysis of projects,40,246
FR_200911_247,,220100131,247,AMBALA-MORADABAD(RE) -,RE,,RAILWAYS,2009-11,1993-03,,152.21,157.76,265.0,,,265.33,1998-03,,2010-03,,,,0,0,,,,FR_NOV_2009.pdf,Sector-Wise analysis of projects,40,247
FR_200911_248,,220100148,248,LANJHIGARH-JUNAGARH NL(ECOR) -,ECOR,,RAILWAYS,2009-11,1993-04,,100.0,142.98,170.0,,,93.24,2002-03,,2010-03,,,,0,0,,,,FR_NOV_2009.pdf,Sector-Wise analysis of projects,40,248
FR_200911_249,,220100151,249,CALICUT-MANGALORE (DL) (SR) -,SR,,RAILWAYS,2009-11,1996-02,,240.0,459.55,571.55,,,563.79,,,2010-03,,,,0,0,,,,FR_NOV_2009.pdf,Sector-Wise analysis of projects,40,249
FR_200911_250,,220100162,250,"MIRAJ-LATUR ROAD(GC),CR -",GC,,RAILWAYS,2009-11,1993-04,,225.0,360.63,816.4,,,671.85,2001-03,,2010-03,,,,0,0,,,,FR_NOV_2009.pdf,Sector-Wise analysis of projects,40,250
FR_200911_251,,220100212,251,"KOTTUR-HARIHAR(NL),(SWR) -",SWR,,RAILWAYS,2009-11,1995-04,,65.94,,281.2,,,254.62,,,2010-03,,,,0,0,,,,FR_NOV_2009.pdf,Sector-Wise analysis of projects,40,251
FR_200911_252,,220100224,252,"NEW JALPAIGURI-NEW BONGAIGAON (GC),NEFR -",GC,,RAILWAYS,2009-11,1998-11,,536.85,523.17,960.48,,,968.52,2003-03,,2010-03,,,,0,0,,,,FR_NOV_2009.pdf,Sector-Wise analysis of projects,40,252
FR_200911_253,,220100240,253,"JAYANAGAR-DARBHANGA-NARKATIA GANJ(GC),ECR -",GC,,RAILWAYS,2009-11,1997-04,,233.0,335.77,501.69,,,278.12,,,2010-03,,,,0,0,,,,FR_NOV_2009.pdf,Sector-Wise analysis of projects,40,253
FR_200911_254,,220100244,254,TAHANJAVUR-VILLUPURAM GAUGE CONVERSION (G.C)(SR) -,SR,,RAILWAYS,2009-11,2001-10,,223.0,356.9,425.9,,,122.08,2008-11,,2010-03,,,,0,0,,,,FR_NOV_2009.pdf,Sector-Wise analysis of projects,40,254
FR_200911_255,,220100251,255,VILLUPURAM-KATPADI (GC)(SR) -,SR,,RAILWAYS,2009-11,2000-02,,175.0,175.0,502.14,,,445.48,,,2010-03,,,,0,0,,,,FR_NOV_2009.pdf,Sector-Wise analysis of projects,40,255
FR_200911_256,,220100258,256,"JALANDHAR-PATHANKOT-JAMMU- TAWI (LD),NR -",LD,,RAILWAYS,2009-11,2002-03,,409.0,625.3,639.54,,,743.05,2007-06,,2010-03,,,,0,0,,,,FR_NOV_2009.pdf,Sector-Wise analysis of projects,40,256
FR_200911_257,,220100264,257,DEOGHAR-DUMKA NEW BG LINE (DOUBL.)(ER) -,ER,,RAILWAYS,2009-11,1999-02,,180.73,320.66,335.0,,,297.49,2006-12,2008-12,2010-03,,,,0,0,,,,FR_NOV_2009.pdf,Sector-Wise analysis of projects,41,257
FR_200911_258,,220100270,258,"GADWAL - RAICHUR (NL), SCR -",NL,,RAILWAYS,2009-11,1998-04,,92.63,,219.0,,,107.83,,,2010-03,,,,0,0,,,,FR_NOV_2009.pdf,Sector-Wise analysis of projects,41,258
FR_200911_259,,220100282,259,"DHARMAVARAM-PAKALA (GC), SCR -",GC,,RAILWAYS,2009-11,1997-04,,200.0,294.99,546.49,,,505.55,2009-02,,2010-03,,,,0,0,,,,FR_NOV_2009.pdf,Sector-Wise analysis of projects,41,259
FR_200911_260,,220100286,260,"RAJATGARH-BARANG(LD),ECOR -",LD,,RAILWAYS,2009-11,1999-04,,166.16,243.2,243.4,,,185.29,2009-02,,2010-03,,,,0,0,,,,FR_NOV_2009.pdf,Sector-Wise analysis of projects,41,260
FR_200911_261,,220100291,261,BHILDI-SAMDARI (GC) -,GC,,RAILWAYS,2009-11,1999-04,,244.74,479.0,479.0,,,452.36,2009-03,,2010-03,,,,0,0,,,,FR_NOV_2009.pdf,Sector-Wise analysis of projects,41,261
FR_200911_262,,220100313,262,"SRIGANGANAGAR-SARUPSAR (GC), NWR -",GC,,RAILWAYS,2009-11,1997-04,,143.92,,168.8,,,4.77,,,2010-03,,,,0,0,,,,FR_NOV_2009.pdf,Sector-Wise analysis of projects,41,262
FR_200911_263,,220100322,263,PRATAPNAGAR-CHOTA UDAIPUR (GC) (WR) -,WR,,RAILWAYS,2009-11,2005-04,,148.61,227.52,227.52,,,218.05,2008-03,2009-03,2010-03,,,,0,0,,,,FR_NOV_2009.pdf,Sector-Wise analysis of projects,41,263
FR_200911_264,,220100323,264,RUPSA-BANGRIPOSI (GC)(SER) -,SER,,RAILWAYS,2009-11,1996-02,,57.94,137.56,137.57,,,134.52,1998-03,2005-08,2010-03,,,,0,0,,,,FR_NOV_2009.pdf,Sector-Wise analysis of projects,41,264
FR_200911_265,,220100327,265,KHURDA ROAD - BARANG 3RD LINE (DL) (ECOR) -,ECOR,,RAILWAYS,2009-11,2000-04,,133.41,211.9,211.9,,,132.13,2009-03,,2010-03,,,,0,0,,,,FR_NOV_2009.pdf,Sector-Wise analysis of projects,41,265
FR_200911_266,,N22000002,266,MANSI-PURNIA (EXTENSION OF MANSI-SAHARSA) GAN -,EXTENSION OF MANSI-SAHARSA,,RAILWAYS,2009-11,1996-04,,114.01,283.95,322.87,,,33.0,,,2010-03,,,,0,0,,,,FR_NOV_2009.pdf,Sector-Wise analysis of projects,41,266
FR_200911_267,,N22000046,267,"PODAPAHAR-BANSPANI,(LD)(SER) -",SER,,RAILWAYS,2009-11,2006-04,,129.74,129.74,129.74,,,126.5,2006-03,,2010-03,,,,0,0,,,,FR_NOV_2009.pdf,Sector-Wise analysis of projects,41,267
FR_200911_268,,N22000049,268,OBULAVARIPALLE- KRISHNAPATNAM(RVNL) -,RVNL,,RAILWAYS,2009-11,2006-07,,743.0,732.8,732.8,,,148.27,2008-03,2008-06,2010-03,,,,0,0,,,,FR_NOV_2009.pdf,Sector-Wise analysis of projects,41,268
FR_200911_269,,N22000056,269,SHIMOGA-TALAGUPPA -,,,RAILWAYS,2009-11,1992-12,,46.0,,158.95,,,204.77,,,2010-03,,,,0,0,,,,FR_NOV_2009.pdf,Sector-Wise analysis of projects,41,269
FR_200911_270,,N22000078,270,NEW GUWAHATI-DIGARU PATCH DOUBLING PH-I -,,,RAILWAYS,2009-11,2007-09,,99.84,99.84,110.94,,,64.08,2010-03,,2010-03,,,,0,0,,,,FR_NOV_2009.pdf,Sector-Wise analysis of projects,41,270
FR_200911_271,,220100233,271,"CONV.OF 1500V DC TRACTION TO 25 KV AC,WR -",,,RAILWAYS,2009-11,1996-07,,273.67,648.76,1160.52,,,495.02,2009-12,,2010-06,,,,0,0,,,,FR_NOV_2009.pdf,Sector-Wise analysis of projects,41,271
FR_200911_272,,220100260,272,REINGUNTA-GUNTAKAL(RE) -,RE,,RAILWAYS,2009-11,2000-06,,168.34,296.2,296.2,,,213.63,2003-04,2010-03,2010-06,,,,0,0,,,,FR_NOV_2009.pdf,Sector-Wise analysis of projects,41,272
FR_200911_273,,220100268,273,TOLLYGANJ-GARIA(MTP) -,MTP,,RAILWAYS,2009-11,2000-03,,907.69,,1032.76,,,875.14,2006-12,,2010-06,,,,0,0,,,,FR_NOV_2009.pdf,Sector-Wise analysis of projects,41,273
FR_200911_274,,220100271,274,"BARAMATI - LONAND (NL), CR -",NL,,RAILWAYS,2009-11,1998-03,,75.0,138.48,138.48,,,35.66,,,2010-06,,,,0,0,,,,FR_NOV_2009.pdf,Sector-Wise analysis of projects,41,274
FR_200911_275,,220100326,275,CUTTACK - BARANG (LD) -,LD,,RAILWAYS,2009-11,1995-04,,127.13,135.1,135.0,,,116.06,,,2010-06,,,,0,0,,,,FR_NOV_2009.pdf,Sector-Wise analysis of projects,41,275
FR_200911_276,,N22000027,276,PALWAL-BHUTESWAR 3RD LINE DOUBLING(NCR)(RVNL) -,RVNL,,RAILWAYS,2009-11,2005-04,,240.0,329.7,329.7,,,214.58,2009-03,2009-12,2010-06,,,,0,0,,,,FR_NOV_2009.pdf,Sector-Wise analysis of projects,41,276
FR_200911_277,,220100329,277,RAICHUR-GUNTAKAL(DL)(SCR) -,SCR,,RAILWAYS,2009-11,2003-04,,136.62,221.9,221.9,,,85.6,2007-12,2010-03,2010-07,,,,0,0,,,,FR_NOV_2009.pdf,Sector-Wise analysis of projects,41,277
FR_200911_278,,N22000053,278,CHHAPRA-SETTING UP OF WHEEL MANUFACTURING PLANT -,,,RAILWAYS,2009-11,2005-03,,470.09,,881.19,,,86.35,,,2010-07,,,,0,0,,,,FR_NOV_2009.pdf,Sector-Wise analysis of projects,41,278
FR_200911_279,,N22000081,279,BHARUCH-SAMNI-DAHEJ GAUGE CONVERSIN -,,,RAILWAYS,2009-11,2005-09,,200.8,200.8,200.8,,,78.48,,,2010-09,,,,0,0,,,,FR_NOV_2009.pdf,Sector-Wise analysis of projects,41,279
FR_200911_280,,220100321,280,BILASPUR-URKURA (DL) -,DL,,RAILWAYS,2009-11,1997-04,,151.52,273.0,273.0,,,256.26,2009-03,,2010-11,,,,0,0,,,,FR_NOV_2009.pdf,Sector-Wise analysis of projects,41,280
FR_200911_281,,220100325,281,SUKINDA ROAD - ANGUL (NL)(ECOR) -,ECOR,,RAILWAYS,2009-11,1998-04,,183.23,39.0,638.0,,,0.81,2015-02,,2010-11,,,,0,0,,,,FR_NOV_2009.pdf,Sector-Wise analysis of projects,41,281
FR_200911_282,,220100164,282,BELAPUR-SEAWOOD-URAN ELECTRIF-IED DOUBLE LINE(MTP)- PH-I -,MTP,,RAILWAYS,2009-11,1996-03,,401.81,,495.44,,,130.52,2004-03,,2010-12,,,,0,0,,,,FR_NOV_2009.pdf,Sector-Wise analysis of projects,42,282
FR_200911_283,,220100247,283,KATIHAR - JOGBANI (GC)(NEFR) -,NEFR,,RAILWAYS,2009-11,2001-09,,100.0,492.98,672.38,,,639.3,,,2010-12,,,,0,0,,,,FR_NOV_2009.pdf,Sector-Wise analysis of projects,42,283
FR_200911_284,,220100272,284,"TARAKESWAR - BISHNUPUR NEW BG LINE (NL), ER -",NL,,RAILWAYS,2009-11,2000-04,,157.96,479.2,567.0,,,169.98,2009-12,,2010-12,,,,0,0,,,,FR_NOV_2009.pdf,Sector-Wise analysis of projects,42,284
FR_200911_285,,N22000033,285,AJMER-PHULERA-RINGUS-REWARI (G.C.)(NWR)(RVNL) -,RVNL,,RAILWAYS,2009-11,2005-04,,352.0,718.3,718.3,,,608.38,2008-03,2009-03,2010-12,,,,0,0,,,,FR_NOV_2009.pdf,Sector-Wise analysis of projects,42,285
FR_200911_286,,N22000034,286,ALIGARH-GAZIABAD 3RD LINE DOUBLING (RVNL) -,RVNL,,RAILWAYS,2009-11,2003-04,,230.73,399.73,399.5,,,251.71,2009-03,2009-12,2010-12,,,,0,0,,,,FR_NOV_2009.pdf,Sector-Wise analysis of projects,42,286
FR_200911_287,,N22000091,287,BARDHAMAN-KATWA (GC) -,GC,,RAILWAYS,2009-11,2007-04,,245.15,,245.15,,,,2010-12,,2010-12,,,,0,0,,,,FR_NOV_2009.pdf,Sector-Wise analysis of projects,42,287
FR_200911_288,,N22000093,288,MUMBAI URBAN TRANSPORT PROJECT PHASE-I -,,,RAILWAYS,2009-11,2003-04,,3125.2,,4174.0,,,2953.68,2010-12,,2010-12,,,,0,0,,,,FR_NOV_2009.pdf,Sector-Wise analysis of projects,42,288
FR_200911_289,,220100279,289,"REWARI-ROHTAK (NL),NR -",NL,,RAILWAYS,2009-11,2004-01,,149.38,330.23,457.17,,,311.6,2010-02,,2011-02,,,,0,0,,,,FR_NOV_2009.pdf,Sector-Wise analysis of projects,42,289
FR_200911_290,,220100284,290,KHURDA ROAD-BOLANGIR(NL)ECOR -,NL,,RAILWAYS,2009-11,1994-04,,355.38,,1000.0,,,79.07,,,2011-02,,,,0,0,,,,FR_NOV_2009.pdf,Sector-Wise analysis of projects,42,290
FR_200911_291,,220100328,291,TALCHER-BIMALAGARH(NL)(ECOR) -,ECOR,,RAILWAYS,2009-11,2005-04,,726.96,810.78,810.78,,,32.36,,,2011-02,,,,0,0,,,,FR_NOV_2009.pdf,Sector-Wise analysis of projects,42,291
FR_200911_292,,220100062,292,"VIRAMGAM-BHILDI(WR),GC -",WR,,RAILWAYS,2009-11,1990-04,,155.66,,356.87,,,179.71,2010-03,,2011-03,,,,0,0,,,,FR_NOV_2009.pdf,Sector-Wise analysis of projects,42,292
FR_200911_293,,220100118,293,AMRAVATI-NARKHER NL(CR) -,CR,,RAILWAYS,2009-11,1994-06,,120.9,284.27,284.27,,,251.43,1999-06,,2011-03,,,,0,0,,,,FR_NOV_2009.pdf,Sector-Wise analysis of projects,42,293
FR_200911_294,,220100194,294,"MUZAFFARPUR-SITAMARHI(NL),ECR -",NL,,RAILWAYS,2009-11,1997-03,,100.0,,332.75,,,43.72,,,2011-03,,,,0,0,,,,FR_NOV_2009.pdf,Sector-Wise analysis of projects,42,294
FR_200911_295,,220100214,295,"RANCHI-LOHARDAGA(GC),SER -",GC,,RAILWAYS,2009-11,1997-04,,193.78,194.07,456.45,,,240.05,2004-06,,2011-03,,,,0,0,,,,FR_NOV_2009.pdf,Sector-Wise analysis of projects,42,295
FR_200911_296,,220100267,296,GOOTY- RENIGUNTA PATCH DOUBLING PH-II (DL) (SCR) -,SCR,,RAILWAYS,2009-11,2002-05,,304.5,306.0,306.0,,,334.52,2009-06,,2011-03,,,,0,0,,,,FR_NOV_2009.pdf,Sector-Wise analysis of projects,42,296
FR_200911_297,,220100306,297,"KODERMA GIRIDH (NL), ECR -",NL,,RAILWAYS,2009-11,1996-04,,371.36,,371.36,,,234.34,,,2011-03,,,,0,0,,,,FR_NOV_2009.pdf,Sector-Wise analysis of projects,42,297
FR_200911_298,,N22000094,298,ELECTRIFICATION OF KHURJA- MEERUT-SAHARANPUR & G'BA -,,,RAILWAYS,2009-11,2008-02,,171.1,,171.1,,,43.83,2011-03,,2011-03,,,,0,0,,,,FR_NOV_2009.pdf,Sector-Wise analysis of projects,42,298
FR_200911_299,,N22000095,299,ELECTRIFICATION OF MORADABAD- ROZA -,,,RAILWAYS,2009-11,2006-03,,258.35,,258.35,,,9.3,2011-03,,2011-03,,,,0,0,,,,FR_NOV_2009.pdf,Sector-Wise analysis of projects,42,299
FR_200911_300,,N22000096,300,RAJPIPLA-ANKELASHWAR (GC) -,GC,,RAILWAYS,2009-11,2006-04,,196.97,,196.97,,,16.78,2011-03,,2011-03,,,,0,0,,,,FR_NOV_2009.pdf,Sector-Wise analysis of projects,42,300
FR_200911_301,,220100303,301,"HAJIPUR-SUGAULI VIA VAISHALI (NL), ECR -",NL,,RAILWAYS,2009-11,2003-04,,324.66,,528.65,,,22.26,,,2011-06,,,,0,0,,,,FR_NOV_2009.pdf,Sector-Wise analysis of projects,42,301
FR_200911_302,,N22000089,302,SITAMARHI-RAXAUL-NARKATIAGANJ (GC) -,GC,,RAILWAYS,2009-11,1997-04,,501.69,,501.69,,,312.32,2010-03,,2011-06,,,,0,0,,,,FR_NOV_2009.pdf,Sector-Wise analysis of projects,42,302
FR_200911_303,,N22000076,303,PANSPURA-KHARAGPUR 3D LINE -,,,RAILWAYS,2009-11,2007-09,,252.5,252.5,252.5,,,23.86,2010-02,,2011-11,,,,0,0,,,,FR_NOV_2009.pdf,Sector-Wise analysis of projects,42,303
FR_200911_304,,220100241,304,"CHANDIGARH-LUDHIANA(NEW BG LINE),NR -",NEW BG LINE,,RAILWAYS,2009-11,1997-07,,248.44,576.27,587.08,,,622.0,,,2011-12,,,,0,0,,,,FR_NOV_2009.pdf,Sector-Wise analysis of projects,42,304
FR_200911_305,,220100285,305,HARIDASPUR-PARADEEP(NL) -,NL,,RAILWAYS,2009-11,1996-04,,301.64,735.1,735.1,,,178.73,2009-09,,2011-12,,,,0,0,,,,FR_NOV_2009.pdf,Sector-Wise analysis of projects,42,305
FR_200911_306,,N22000088,306,UTRATIA-ZAFRABAD (LINE DOUBLING) -,LINE DOUBLING,,RAILWAYS,2009-11,2006-04,,325.0,,496.03,,,26.64,2010-03,,2011-12,,,,0,0,,,,FR_NOV_2009.pdf,Sector-Wise analysis of projects,43,306
FR_200911_307,,220100170,307,"LUMDING-SILCHAR(GC),NEFR -",GC,,RAILWAYS,2009-11,1996-04,,648.0,1676.31,4074.1,,,1882.64,2009-03,,2012-03,,,,0,0,,,,FR_NOV_2009.pdf,Sector-Wise analysis of projects,43,307
FR_200911_308,,220100226,308,DLW GM 4000 / 3000 HP DIESEL LOCOS -,,,RAILWAYS,2009-11,1999-04,,155.54,,141.4,,,103.18,2003-03,,2012-03,,,,0,0,,,,FR_NOV_2009.pdf,Sector-Wise analysis of projects,43,308
FR_200911_309,,220100280,309,"JIND-SONEPAT (NL),NR -",NL,,RAILWAYS,2009-11,2004-01,,190.81,238.56,234.45,,,56.22,,,2012-03,,,,0,0,,,,FR_NOV_2009.pdf,Sector-Wise analysis of projects,43,309
FR_200911_310,,220100304,310,"KOSI BRIDGE (NL), ECR -",NL,,RAILWAYS,2009-11,2002-04,,323.41,,322.95,,,32.59,,,2012-03,,,,0,0,,,,FR_NOV_2009.pdf,Sector-Wise analysis of projects,43,310
FR_200911_311,,N22000028,311,EXT. OF MRTS FROM VELACHERY TO STN. THOMAS -,,,RAILWAYS,2009-11,2006-04,,415.59,,495.74,,,50.09,,,2012-03,,,,0,0,,,,FR_NOV_2009.pdf,Sector-Wise analysis of projects,43,311
FR_200911_312,,N22000075,312,SALKA ROAD -ANUPNAGAR LINE DOUBLING -,,,RAILWAYS,2009-11,2006-09,,324.9,324.9,324.9,,,57.58,2010-03,,2012-03,,,,0,0,,,,FR_NOV_2009.pdf,Sector-Wise analysis of projects,43,312
FR_200911_313,,220100133,313,"UDHAMPUR-SRINAGAR-BARAMULLA (NL),NR -",NL,,RAILWAYS,2009-11,1995-03,,2500.0,,11270.0,,,5790.47,2001-03,,2012-12,,,,0,0,,,,FR_NOV_2009.pdf,Sector-Wise analysis of projects,43,313
FR_200911_314,,220100181,314,AHMEDNAGAR-PARLI VAIJNATH(NL) CR -,NL,,RAILWAYS,2009-11,1997-02,,353.08,353.08,462.67,,,44.03,,,2012-12,,,,0,0,,,,FR_NOV_2009.pdf,Sector-Wise analysis of projects,43,314
FR_200911_315,,220100307,315,"RAIL-CUM-ROAD BRIDGE AT MUNGER (NL), ECR -",NL,,RAILWAYS,2009-11,2002-04,,921.0,,921.0,,,236.87,2009-03,,2012-12,,,,0,0,,,,FR_NOV_2009.pdf,Sector-Wise analysis of projects,43,315
FR_200911_316,,220100308,316,"PATNA GANGA BRIDGE (NL), ECR -",NL,,RAILWAYS,2009-11,2001-04,,624.47,,1480.71,,,445.84,2007-10,,2012-12,,,,0,0,,,,FR_NOV_2009.pdf,Sector-Wise analysis of projects,43,316
FR_200911_317,,N22000077,317,BHOPAL BINA 3D LINE DOUBLING -,,,RAILWAYS,2009-11,2007-09,,687.2,,687.2,,,39.77,2010-03,,2012-12,,,,0,0,,,,FR_NOV_2009.pdf,Sector-Wise analysis of projects,43,317
FR_200911_318,,220100184,318,"DAUSA-GANGAPUR CITY(NL),NWR -",NL,,RAILWAYS,2009-11,1997-02,,151.84,,410.08,,,88.28,,,2013-03,,,,0,0,,,,FR_NOV_2009.pdf,Sector-Wise analysis of projects,43,318
FR_200911_319,,220100263,319,QUILON-TIRUNELVELI-TENKASI- VIRUDHUNAGAR(SR)(GC) -,GC,,RAILWAYS,2009-11,1998-03,,280.0,280.0,899.42,,,525.58,,,2013-03,,,,0,0,,,,FR_NOV_2009.pdf,Sector-Wise analysis of projects,43,319
FR_200911_320,,220100315,320,"RANGIA-MURKONGSELEK, (GC) NEFR -",GC,,RAILWAYS,2009-11,2004-01,,912.7,915.7,1556.23,,,106.46,,,2013-03,,,,0,0,,,,FR_NOV_2009.pdf,Sector-Wise analysis of projects,43,320
FR_200911_321,,220100201,321,"BRAHAMAPUTRA BRIDGE AT BOGIBIL & LINK LINES,NEFR -",,,RAILWAYS,2009-11,1996-04,,1000.0,1500.0,3087.44,,,1610.14,2008-04,2011-12,2014-03,,,,0,0,,,,FR_NOV_2009.pdf,Sector-Wise analysis of projects,43,321
FR_200911_322,,220100266,322,"MAYNAGURI TO JOGIGHOPA VIA CHANGRA (NL),NEFR -",NL,,RAILWAYS,2009-11,2000-02,,733.0,733.0,1502.29,,,403.6,2008-12,,2014-03,,,,0,0,,,,FR_NOV_2009.pdf,Sector-Wise analysis of projects,43,322
FR_200911_323,,N22000083,323,CONSTRUCTION OF NEW LINE FROM HARMATI-ITANAGAR/NAR -,,,RAILWAYS,2009-11,1996-09,,156.0,156.0,160.48,,,61.69,,,2014-03,,,,0,0,,,,FR_NOV_2009.pdf,Sector-Wise analysis of projects,43,323
FR_200911_324,,N22000086,324,NEW B.G. LINE FROM AZARA TO BYRNIHAT (NATINAL PROJ -,,,RAILWAYS,2009-11,2006-09,,200.0,200.0,546.47,,,0.48,,,2014-03,,,,0,0,,,,FR_NOV_2009.pdf,Sector-Wise analysis of projects,43,324
FR_200911_325,,N22000092,325,MUMBAI URBAN TRANSPORT PROJECT PHASE-II -,,,RAILWAYS,2009-11,2008-04,,5300.0,,5300.0,,,60.0,2014-03,,2014-03,,,,0,0,,,,FR_NOV_2009.pdf,Sector-Wise analysis of projects,43,325
FR_200911_326,,220100288,326,JIRIBAM TO IMPHAL (TUPUI)(NL)(NEFR) -,NEFR,,RAILWAYS,2009-11,2003-04,,727.56,727.53,2492.53,,,117.67,2011-03,,2016-03,,,,0,0,,,,FR_NOV_2009.pdf,Sector-Wise analysis of projects,43,326
FR_200911_327,,220100007,327,"GUNA-ETAWAH(NCR), NL -",NCR,,RAILWAYS,2009-11,1985-04,,158.77,274.56,432.46,,,427.7,1994-03,,,,,,0,0,,,,FR_NOV_2009.pdf,Sector-Wise analysis of projects,43,327
FR_200911_328,,220100106,328,PEDAPALLI-KARIMNAGAR- NIZAMABAD NL(SCR) -,SCR,,RAILWAYS,2009-11,1994-12,,124.43,408.43,517.63,,,309.34,,,,,,,0,0,,,,FR_NOV_2009.pdf,Sector-Wise analysis of projects,43,328
FR_200911_329,,220100116,329,RAJKOT-VERAVAL & WANSJALIYA- JETALSAR GC(WR) -,WR,,RAILWAYS,2009-11,1992-04,,112.53,193.61,564.5,,,461.59,1996-03,2009-06,,,,,0,0,,,,FR_NOV_2009.pdf,Sector-Wise analysis of projects,43,329
FR_200911_330,,220100125,330,"HOTGI-GADAG(GC),SWR -",GC,,RAILWAYS,2009-11,1994-04,,180.0,,318.66,,,452.61,1999-03,2003-03,,,,,0,0,,,,FR_NOV_2009.pdf,Sector-Wise analysis of projects,44,330
FR_200911_331,,220100135,331,"EKLAKHI-BALURGHAT(NL),NEFR -",NL,,RAILWAYS,2009-11,1986-01,,36.8,274.41,285.93,,,231.58,,,,,,,0,0,,,,FR_NOV_2009.pdf,Sector-Wise analysis of projects,44,331
FR_200911_332,,220100149,332,"DALLIRAJHARA- JAGDALPUR,NL,SECR -",,,RAILWAYS,2009-11,1995-04,,369.0,,968.6,,,0.43,,,,,,,0,0,,,,FR_NOV_2009.pdf,Sector-Wise analysis of projects,44,332
FR_200911_333,,220100183,333,"HASSAN-BANGALORE VIA SHRAVANA-BELGOLA(NL),SWR -",NL,,RAILWAYS,2009-11,1997-02,,295.0,,412.91,,,310.72,,,,,,,0,0,,,,FR_NOV_2009.pdf,Sector-Wise analysis of projects,44,333
FR_200911_334,,220100185,334,"AJMER-UDAIPUR-CHITTAURGARH (GC),NWR -",GC,,RAILWAYS,2009-11,1996-09,,262.0,433.39,456.0,,,470.63,2000-03,,,,,,0,0,,,,FR_NOV_2009.pdf,Sector-Wise analysis of projects,44,334
FR_200911_335,,220100186,335,"GONDIA-JABALPUR(GC),(SECR) -",SECR,,RAILWAYS,2009-11,1997-02,,356.0,,511.86,,,413.02,1998-03,,,,,,0,0,,,,FR_NOV_2009.pdf,Sector-Wise analysis of projects,44,335
FR_200911_336,,220100187,336,"SURENDRANAGAR- BHAVNAGAR(GC),WR -",GC,,RAILWAYS,2009-11,1997-03,,437.4,,563.25,,,518.92,2004-03,2005-03,,,,,0,0,,,,FR_NOV_2009.pdf,Sector-Wise analysis of projects,44,336
FR_200911_337,,220100188,337,"NANGALDAM-TALWARA(NL),NR -",NL,,RAILWAYS,2009-11,1981-03,,37.68,450.0,730.0,,,212.91,,,,,,,0,0,,,,FR_NOV_2009.pdf,Sector-Wise analysis of projects,44,337
FR_200911_338,,220100190,338,"KADUR-CHIKMAGALUR- SAKLESHPUR (NL),(SWR) -",SWR,,RAILWAYS,2009-11,1996-04,,157.0,,274.29,,,71.76,,,,,,,0,0,,,,FR_NOV_2009.pdf,Sector-Wise analysis of projects,44,338
FR_200911_339,,220100191,339,"KARUR-SALEM(NL),SR -",NL,,RAILWAYS,2009-11,1997-02,,155.55,155.0,613.11,,,281.25,,,,,,,0,0,,,,FR_NOV_2009.pdf,Sector-Wise analysis of projects,44,339
FR_200911_340,,220100192,340,"NANDYAL-YERRAGUNTLA(NL),SCR -",NL,,RAILWAYS,2009-11,1997-03,,155.74,164.36,429.49,,,235.94,2009-02,,,,,,0,0,,,,FR_NOV_2009.pdf,Sector-Wise analysis of projects,44,340
FR_200911_341,,220100193,341,"HUBLI-AKOLA(NL),SWR -",NL,,RAILWAYS,2009-11,1995-04,,227.0,,103.72,,,44.83,,,,,,,0,0,,,,FR_NOV_2009.pdf,Sector-Wise analysis of projects,44,341
FR_200911_342,,220100195,342,"HOSPET-GUNTAKAL(LD),SCR -",LD,,RAILWAYS,2009-11,1996-03,,105.22,268.0,268.0,,,275.41,1999-12,2008-03,,,,,0,0,,,,FR_NOV_2009.pdf,Sector-Wise analysis of projects,44,342
FR_200911_343,,220100197,343,"KANPUR-KASGANJ- MATHURA(GC),NER -",GC,,RAILWAYS,2009-11,1997-03,,395.0,598.98,661.72,,,510.14,,,,,,,0,0,,,,FR_NOV_2009.pdf,Sector-Wise analysis of projects,44,343
FR_200911_344,,220100205,344,"MUNEERABAD- MAHABOOBNAGAR(NL),SCR -",NL,,RAILWAYS,2009-11,1996-04,,377.32,218.24,497.47,,,55.09,,,,,,,0,0,,,,FR_NOV_2009.pdf,Sector-Wise analysis of projects,44,344
FR_200911_345,,220100208,345,HOWRAH-AMTA-CHAMPADANGA NL (SER) -,SER,,RAILWAYS,2009-11,1974-04,,31.42,154.3,154.3,,,89.61,2007-03,2007-03,,,,,0,0,,,,FR_NOV_2009.pdf,Sector-Wise analysis of projects,44,345
FR_200911_346,,220100220,346,MACHERLA-NALGONDA(NL)(SCR) -,SCR,,RAILWAYS,2009-11,1998-07,,125.0,,366.54,,,0.27,2008-07,,,,,,0,0,,,,FR_NOV_2009.pdf,Sector-Wise analysis of projects,44,346
FR_200911_347,,220100222,347,"KODERMA-RANCHI VIA BARKAKHANA (NL),ECR -",NL,,RAILWAYS,2009-11,1999-03,,491.19,,1099.2,,,540.09,2005-07,,,,,,0,0,,,,FR_NOV_2009.pdf,Sector-Wise analysis of projects,44,347
FR_200911_348,,220100232,348,"LALITPUR-SATNA-REWA-SINGRULI NL, (NCR) -",NCR,,RAILWAYS,2009-11,1998-09,,925.0,925.0,925.0,,,311.43,2008-05,,,,,,0,0,,,,FR_NOV_2009.pdf,Sector-Wise analysis of projects,44,348
FR_200911_349,,220100249,349,KUTTIPURAM-CALICUT INCLD. SHORANUR-M-LORE (DL) (SR) -,SR,,RAILWAYS,2009-11,2001-03,,178.76,178.71,219.94,,,190.49,,,,,,,0,0,,,,FR_NOV_2009.pdf,Sector-Wise analysis of projects,44,349
FR_200911_350,,220100252,350,ANGAMALI-SABARIMALA (N.L.)(SR) -,SR,,RAILWAYS,2009-11,1998-10,,550.0,550.0,550.0,,,61.0,,,,,,,0,0,,,,FR_NOV_2009.pdf,Sector-Wise analysis of projects,44,350
FR_200911_351,,220100253,351,"PURNA-AKOLA (G.C), SCR -",G.C,,RAILWAYS,2009-11,2000-02,,228.0,,497.63,,,477.14,,,,,,,0,0,,,,FR_NOV_2009.pdf,Sector-Wise analysis of projects,44,351
FR_200911_352,,220100254,352,"BIDAR-GULBARGA,SCR(NL) -",NL,,RAILWAYS,2009-11,1999-02,,242.42,369.7,369.7,,,123.21,2009-05,,,,,,0,0,,,,FR_NOV_2009.pdf,Sector-Wise analysis of projects,44,352
FR_200911_353,,220100255,353,GONDA-GORAKHPUR LOOP WITH ANAND NAGAR-NAUTANWA GC (NER) -,NER,,RAILWAYS,2009-11,2002-03,,383.15,,381.17,,,80.12,,,,,,,0,0,,,,FR_NOV_2009.pdf,Sector-Wise analysis of projects,45,353
FR_200911_354,,220100256,354,KAPTANGANJ-THAWE-SIWAN- CHHAPRA GC (NER) -,NER,,RAILWAYS,2009-11,2001-09,,320.1,,320.1,,,108.05,,,,,,,0,0,,,,FR_NOV_2009.pdf,Sector-Wise analysis of projects,45,354
FR_200911_355,,220100257,355,KHAGARIA-KUSHESHWAR ASTHAN (NL) (ECR) -,ECR,,RAILWAYS,2009-11,1997-03,,78.23,,162.87,,,57.38,,,,,,,0,0,,,,FR_NOV_2009.pdf,Sector-Wise analysis of projects,45,355
FR_200911_356,,220100262,356,TIRUCHIRAPPALI-NAGORE- KARAIKKAL(SR)(GC) -,GC,,RAILWAYS,2009-11,1995-09,,100.0,,548.96,,,364.06,,,,,,,0,0,,,,FR_NOV_2009.pdf,Sector-Wise analysis of projects,45,356
FR_200911_357,,220100265,357,KOTLPALLI-NARASAPUR (NL) (SCR) -,SCR,,RAILWAYS,2009-11,2001-12,,330.0,329.05,695.0,,,9.41,,,,,,,0,0,,,,FR_NOV_2009.pdf,Sector-Wise analysis of projects,45,357
FR_200911_358,,220100274,358,BANGLORE - SATYAMANGALAM (NL)(SWR) -,SWR,,RAILWAYS,2009-11,1999-02,,138.0,,901.62,,,0.28,,,,,,,0,0,,,,FR_NOV_2009.pdf,Sector-Wise analysis of projects,45,358
FR_200911_359,,220100277,359,BANKURA - DAMODAR (GC) (SER) -,SER,,RAILWAYS,2009-11,1998-03,,111.9,111.9,111.9,,,278.36,2005-03,2008-12,,,,,0,0,,,,FR_NOV_2009.pdf,Sector-Wise analysis of projects,45,359
FR_200911_360,,220100281,360,"SURAT-KOSAMBA (LD),WR -",LD,,RAILWAYS,2009-11,2000-04,,133.0,,133.0,,,,,,,,,,0,0,,,,FR_NOV_2009.pdf,Sector-Wise analysis of projects,45,360
FR_200911_361,,220100283,361,TANUR (KUTTIPURAM) GURUVAYUR (NL) (SR) -,SR,,RAILWAYS,2009-11,1995-04,,40.0,,137.71,,,8.97,,,,,,,0,0,,,,FR_NOV_2009.pdf,Sector-Wise analysis of projects,45,361
FR_200911_362,,220100290,362,"REWARI-SADULPUR-HISSAR (GC),NWR -",GC,,RAILWAYS,2009-11,1997-04,,198.96,364.19,410.0,,,377.2,,,,,,,0,0,,,,FR_NOV_2009.pdf,Sector-Wise analysis of projects,45,362
FR_200911_363,,220100305,363,"KODERMA-TILAIYA (NL), ECR -",NL,,RAILWAYS,2009-11,2002-04,,459.91,,459.91,,,36.4,,,,,,,0,0,,,,FR_NOV_2009.pdf,Sector-Wise analysis of projects,45,363
FR_200911_364,,220100309,364,"BARBIGHA - SHEKHPURA + NEORA- DANIAWAN (NL), ECR -",NL,,RAILWAYS,2009-11,2002-04,,120.23,,120.23,,,220.17,,,,,,,0,0,,,,FR_NOV_2009.pdf,Sector-Wise analysis of projects,45,364
FR_200911_365,,220100310,365,"BIHARSHARIFF-BARBIGHA (NL), ECR -",NL,,RAILWAYS,2009-11,2001-04,,103.86,,103.86,,,28.93,,,,,,,0,0,,,,FR_NOV_2009.pdf,Sector-Wise analysis of projects,45,365
FR_200911_366,,220100311,366,"DANIAWAN-BIHARSARIF (NL), ECR -",NL,,RAILWAYS,2009-11,2001-04,,104.79,,104.79,,,34.13,,,,,,,0,0,,,,FR_NOV_2009.pdf,Sector-Wise analysis of projects,45,366
FR_200911_367,,220100312,367,"RAJGIR-TILAIYA (NL), ECR -",NL,,RAILWAYS,2009-11,2001-04,,180.82,180.82,180.82,,,230.44,2006-03,,,,,,0,0,,,,FR_NOV_2009.pdf,Sector-Wise analysis of projects,45,367
FR_200911_368,,220100314,368,"RAMGANJMUNDI-BHOPAL (NL),WCR -",NL,,RAILWAYS,2009-11,2001-04,,727.13,727.13,726.05,,,105.14,,,,,,,0,0,,,,FR_NOV_2009.pdf,Sector-Wise analysis of projects,45,368
FR_200911_369,,220100316,369,MAHARAJGANJ-MASRAKH (NL) - NER -,NL,,RAILWAYS,2009-11,2003-04,,104.1,,113.75,,,40.35,,,,,,,0,0,,,,FR_NOV_2009.pdf,Sector-Wise analysis of projects,45,369
FR_200911_370,,220100317,370,KICHHA-KHATIMA (NL) - NER -,NL,,RAILWAYS,2009-11,2003-04,,165.67,,165.67,,,0.15,,,,,,,0,0,,,,FR_NOV_2009.pdf,Sector-Wise analysis of projects,45,370
FR_200911_371,,220100319,371,HATHUA-BHATNI (N L) (NER) -,NER,,RAILWAYS,2009-11,2005-04,,200.73,,230.03,,,45.76,,,,,,,0,0,,,,FR_NOV_2009.pdf,Sector-Wise analysis of projects,45,371
FR_200911_372,,220100324,372,CHHINDWARA - NAGPUR (GC)(SECR) -,SECR,,RAILWAYS,2009-11,2005-04,,383.79,,585.93,,,102.78,,,,,,,0,0,,,,FR_NOV_2009.pdf,Sector-Wise analysis of projects,45,372
FR_200911_373,,220100330,373,GUNTUR-GUNTAKAL- KALLURU(GL)(SCR) -,SCR,,RAILWAYS,2009-11,1992-04,,458.45,,573.12,,,555.49,,,,,,,0,0,,,,FR_NOV_2009.pdf,Sector-Wise analysis of projects,45,373
FR_200911_374,,N22000029,374,BHATNI-JIRADEI PATCH DOUBLING (NER) -,NER,,RAILWAYS,2009-11,2006-04,,100.27,,100.27,,,0.01,,,,,,,0,0,,,,FR_NOV_2009.pdf,Sector-Wise analysis of projects,45,374
FR_200911_375,,N22000030,375,MUNDERWA-BABHNAN PATCH DOUBLING(NER) -,NER,,RAILWAYS,2009-11,2006-04,,102.1,,102.1,,,22.75,,,,,,,0,0,,,,FR_NOV_2009.pdf,Sector-Wise analysis of projects,45,375
FR_200911_376,,N22000032,376,MANOHARABAD-KOTHPALL NEW LINE(SCR) -,SCR,,RAILWAYS,2009-11,2006-04,,378.56,,670.0,,,0.74,,,,,,,0,0,,,,FR_NOV_2009.pdf,Sector-Wise analysis of projects,45,376
FR_200911_377,,N22000045,377,"GAELKERA-MANOHARPUR,(LD)(SER) -",SER,,RAILWAYS,2009-11,1998-03,,186.92,261.7,283.1,,,1.86,2006-02,,,,,,0,0,,,,FR_NOV_2009.pdf,Sector-Wise analysis of projects,45,377
FR_200911_378,,N22000054,378,SETTING UP EAST COAST RLY.ZN. (SER) -,SER,,RAILWAYS,2009-11,1997-04,,41.67,,129.78,,,90.84,,,,,,,0,0,,,,FR_NOV_2009.pdf,Sector-Wise analysis of projects,46,378
FR_200911_379,,N22000057,379,"PATTABIRAM-ARAKKONAM,SR -",,,RAILWAYS,2009-11,2002-04,,71.94,,124.0,,,151.76,2004-03,2008-07,,,,,0,0,,,,FR_NOV_2009.pdf,Sector-Wise analysis of projects,46,379
FR_200911_380,,N22000079,380,MAYLADUTHURAI-THIRUVARUR- KARAIKUDI-THIRU 'PONDI'-A -,,,RAILWAYS,2009-11,2007-09,,404.19,404.19,711.15,,,33.01,,,,,,,0,0,,,,FR_NOV_2009.pdf,Sector-Wise analysis of projects,46,380
FR_200911_381,,N22000080,381,DINDIGUL-POLLACHI-PALGHAT- POLLACHI AND COIMBATORE -,,,RAILWAYS,2009-11,2006-09,,343.17,343.17,639.0,,,154.1,,,,,,,0,0,,,,FR_NOV_2009.pdf,Sector-Wise analysis of projects,46,381
FR_200911_382,,N22000082,382,ALUABARI ROAD SILIGURI JANCTION VIA GALGALIA -,,,RAILWAYS,2009-11,2006-12,,170.0,170.0,255.96,,,54.67,,,,,,,0,0,,,,FR_NOV_2009.pdf,Sector-Wise analysis of projects,46,382
FR_200911_383,,N22000084,383,TINDIVANAM-GINGEE- TIRUVANNAMALAI (NL) -,NL,,RAILWAYS,2009-11,2006-09,,125.0,125.0,227.4,,,10.71,,,,,,,0,0,,,,FR_NOV_2009.pdf,Sector-Wise analysis of projects,46,383
FR_200911_384,,N22000085,384,TIDIVANAM-NAGARI (NL) -,NL,,RAILWAYS,2009-11,2006-09,,456.0,456.0,582.83,,,20.54,,,,,,,0,0,,,,FR_NOV_2009.pdf,Sector-Wise analysis of projects,46,384
FR_200911_385,,N22000087,385,NEW B.G. LINE FROM ARARIA TO GALGALIA (THAKURGUNG) -,THAKURGUNG,,RAILWAYS,2009-11,2006-09,,300.0,300.0,529.88,,,18.34,,,,,,,0,0,,,,FR_NOV_2009.pdf,Sector-Wise analysis of projects,46,385
FR_200911_386,,220100168,386,"MANDARHILL-DUMKA-RAMPURHAT (NL),ER -",NL,,RAILWAYS,2009-11,1995-04,,184.0,254.07,676.0,,,272.38,2011-12,,2011-06,,,,0,0,,,,FR_NOV_2009.pdf,Sector-Wise analysis of projects,46,386
FR_200911_387,,220100273,387,"DEOGHAR - SULTANGANJ (INL), ER - Total",INL,,RAILWAYS,2009-11,2000-04,,138.0,258.24,607.09,,,127.51,2012-12,,2012-12,,,,0,0,,,,FR_NOV_2009.pdf,Sector-Wise analysis of projects,46,387
FR_200911_388,,240106232,388,CHITTORGARH BYPASS(RJ-6) NH-76 KM.159 TO KM.213 -,RJ-6,,ROAD TRANSPORT & HIGHWAYS,2009-11,2005-03,,133.03,,133.03,,,244.0,2005-08,,2009-10,,,,0,0,,,,FR_NOV_2009.pdf,Sector-Wise analysis of projects,46,388
FR_200911_389,,N24000039,389,"JAWAHARLAL NEHRU PORT PHASE- II,SH-54 -",,,ROAD TRANSPORT & HIGHWAYS,2009-11,2000-04,,143.0,,143.0,,,120.3,2007-05,,2009-10,,,,0,0,,,,FR_NOV_2009.pdf,Sector-Wise analysis of projects,46,389
FR_200911_390,,240100203,390,"ALLAHABAD BYPASS (KM.158- KM.198) GQ, NH-2 -",KM.158- KM.198,,ROAD TRANSPORT & HIGHWAYS,2009-11,2000-04,,440.93,,440.93,,,595.57,2006-12,,2009-12,,,,0,0,,,,FR_NOV_2009.pdf,Sector-Wise analysis of projects,46,390
FR_200911_391,,240100204,391,"ALLAHABAD BYPASS (KM.198- KM.242.708) GQ, NH-2 -",KM.198- KM.242.708,,ROAD TRANSPORT & HIGHWAYS,2009-11,2000-04,,534.39,,534.39,,,643.69,2007-05,,2009-12,,,,0,0,,,,FR_NOV_2009.pdf,Sector-Wise analysis of projects,46,391
FR_200911_392,,240101151,392,BHUBANESWAR-KHURDA (GQ) KM.387.7-KM.418 (NH-5) -,NH-5,,ROAD TRANSPORT & HIGHWAYS,2009-11,2000-04,,140.85,,140.85,,,148.01,2004-01,,2009-12,,,,0,0,,,,FR_NOV_2009.pdf,Sector-Wise analysis of projects,46,392
FR_200911_393,,240101173,393,AGRA-SHIKOHABAD (GQ) KM.199.66- KM.250.50 (NH-2) -,NH-2,,ROAD TRANSPORT & HIGHWAYS,2009-11,2000-04,,367.49,,367.49,,,416.56,2005-03,,2009-12,,,,0,0,,,,FR_NOV_2009.pdf,Sector-Wise analysis of projects,46,393
FR_200911_394,,240101178,394,FATEHPUR-KHAGA (GQ) KM.38- KM.115 (NH-2) -,NH-2,,ROAD TRANSPORT & HIGHWAYS,2009-11,2000-04,,372.4,,372.4,,,380.72,2004-07,,2009-12,,,,0,0,,,,FR_NOV_2009.pdf,Sector-Wise analysis of projects,46,394
FR_200911_395,,240106202,395,"CHENNAI BYPASS (NHAI) OTHERS, NH-45, 4 & 5 -",NHAI,,ROAD TRANSPORT & HIGHWAYS,2009-11,2003-12,,480.0,,480.0,,,742.9,2007-11,,2009-12,,,,0,0,,,,FR_NOV_2009.pdf,Sector-Wise analysis of projects,46,395
FR_200911_396,,240106220,396,"JHANSI BYPASS (UP-3), KM.104- KM.91, NH-25 -",UP-3,,ROAD TRANSPORT & HIGHWAYS,2009-11,2003-12,,158.06,,158.06,,,137.4,2005-08,,2009-12,,,,0,0,,,,FR_NOV_2009.pdf,Sector-Wise analysis of projects,46,396
FR_200911_397,,240106227,397,"PURNEA-FORBESGANJ (BR-1) PHASE-II, KM.309 TO 268, NH-57 -",BR-1,,ROAD TRANSPORT & HIGHWAYS,2009-11,2003-12,,276.0,,276.0,,,309.3,2008-04,,2009-12,,,,0,0,,,,FR_NOV_2009.pdf,Sector-Wise analysis of projects,46,397
FR_200911_398,,240106228,398,"PURNEA-FORBESGANJ (BR-2) PHASE-II, KM.268 TO 230, NH-57 -",BR-2,,ROAD TRANSPORT & HIGHWAYS,2009-11,2003-12,,310.0,44.0,310.0,,,321.0,2008-04,,2009-12,,,,0,0,,,,FR_NOV_2009.pdf,Sector-Wise analysis of projects,46,398
FR_200911_399,,240106231,399,GOGUNDA TO UDAIPUR (RJ-3) NH.76 KM.104 TO KM.73 -,RJ-3,,ROAD TRANSPORT & HIGHWAYS,2009-11,2003-12,,266.0,,288.06,,,312.8,2007-08,,2009-12,,,,0,0,,,,FR_NOV_2009.pdf,Sector-Wise analysis of projects,47,399
FR_200911_400,,240106256,400,"MEERUT-MUZAFFARNAGAR, NH-58 PHASE-III, KM.52.25 TO KM.131.00 -",,,ROAD TRANSPORT & HIGHWAYS,2009-11,2005-03,,359.0,,359.0,,,448.3,2009-03,,2009-12,,,,0,0,,,,FR_NOV_2009.pdf,Sector-Wise analysis of projects,47,400
FR_200911_401,,240106257,401,"DHULE-PIMPALGAON, NH-3, KM.380 TOKM. 265 -",,,ROAD TRANSPORT & HIGHWAYS,2009-11,2005-03,,556.0,,556.0,,,568.5,2009-03,,2009-12,,,,0,0,,,,FR_NOV_2009.pdf,Sector-Wise analysis of projects,47,401
FR_200911_402,,240106302,402,"SAGAR - RAJMARG CHORAHA,KM 255-297, NH-26 (NHAI) -",NHAI,,ROAD TRANSPORT & HIGHWAYS,2009-11,2003-12,,206.96,,206.96,,,51.79,2008-10,,2009-12,,,,0,0,,,,FR_NOV_2009.pdf,Sector-Wise analysis of projects,47,402
FR_200911_403,,N24000029,403,SIMRAHI TO RING-BUND (MISSIONG LINE) (BR-4) -,BR-4,,ROAD TRANSPORT & HIGHWAYS,2009-11,2003-12,,100.5,,100.5,,,145.9,2008-04,,2009-12,,,,0,0,,,,FR_NOV_2009.pdf,Sector-Wise analysis of projects,47,403
FR_200911_404,,N24000040,404,NEW MANGALORE PORT NH-17 AND 48 -,,,ROAD TRANSPORT & HIGHWAYS,2009-11,2000-04,,196.5,,196.5,,,132.4,2008-06,,2009-12,,,,0,0,,,,FR_NOV_2009.pdf,Sector-Wise analysis of projects,47,404
FR_200911_405,,N24000054,405,"TOVARAMKURCHI-MADURAI,NH45B (NHAI) -",NHAI,,ROAD TRANSPORT & HIGHWAYS,2009-11,2000-04,,263.0,,263.0,,,311.44,2008-08,,2009-12,,,,0,0,,,,FR_NOV_2009.pdf,Sector-Wise analysis of projects,47,405
FR_200911_406,,N24000055,406,"NAGPUR-KONDHALI,NH-6(NHAI) -",NHAI,,ROAD TRANSPORT & HIGHWAYS,2009-11,2005-03,,168.0,,168.0,,,227.7,2008-12,,2009-12,,,,0,0,,,,FR_NOV_2009.pdf,Sector-Wise analysis of projects,47,406
FR_200911_407,,N24000060,407,AP/KARNATKA BORDER-NANDI HILL CROSSING AND DEVANHA -,,,ROAD TRANSPORT & HIGHWAYS,2009-11,2003-12,,402.8,,402.8,,,453.7,2009-03,,2009-12,,,,0,0,,,,FR_NOV_2009.pdf,Sector-Wise analysis of projects,47,407
FR_200911_408,,N24000066,408,"PANIPAT TO PANCHI GUJRAN, NH-1 -",,,ROAD TRANSPORT & HIGHWAYS,2009-11,2003-12,,109.0,,109.0,,,131.0,2008-10,,2009-12,,,,0,0,,,,FR_NOV_2009.pdf,Sector-Wise analysis of projects,47,408
FR_200911_409,,N24000069,409,"BARA TO ORAI, NH-2, 25 -",,,ROAD TRANSPORT & HIGHWAYS,2009-11,2003-12,,465.0,,465.0,,,23.82,2009-04,,2009-12,,,,0,0,,,,FR_NOV_2009.pdf,Sector-Wise analysis of projects,47,409
FR_200911_410,,N24000083,410,"PADALUR-TRICHY, NH-45 -",,,ROAD TRANSPORT & HIGHWAYS,2009-11,2005-03,,320.0,,320.0,,,636.1,2009-05,,2009-12,,,,0,0,,,,FR_NOV_2009.pdf,Sector-Wise analysis of projects,47,410
FR_200911_411,,N24000086,411,"SIX LANING OF BANGLORE-HOSUR SECTION OF NH-7, PHAS -",,,ROAD TRANSPORT & HIGHWAYS,2009-11,2005-03,,110.0,,110.0,,,107.9,2008-07,,2009-12,,,,0,0,,,,FR_NOV_2009.pdf,Sector-Wise analysis of projects,47,411
FR_200911_412,,N24000105,412,ELEVATED HIGHWAY FROM SILK BOARD JUNCTION TO ELECT -,,,ROAD TRANSPORT & HIGHWAYS,2009-11,2005-03,,450.0,,450.0,,,868.21,2008-07,,2009-12,,,,0,0,,,,FR_NOV_2009.pdf,Sector-Wise analysis of projects,47,412
FR_200911_413,,N24000115,413,PATHANKOT BHOGPUR NH-1A -,,,ROAD TRANSPORT & HIGHWAYS,2009-11,2003-12,,229.0,,229.0,,,,2010-05,,2009-12,,,,0,0,,,,FR_NOV_2009.pdf,Sector-Wise analysis of projects,47,413
FR_200911_414,,240101181,414,VARANASI-MOHANIA (GQ) KM.317- 329 & KM.0-KM.65 (NH-2) -,NH-2,,ROAD TRANSPORT & HIGHWAYS,2009-11,2000-04,,467.93,,467.93,,,447.13,2005-03,,2010-01,,,,0,0,,,,FR_NOV_2009.pdf,Sector-Wise analysis of projects,47,414
FR_200911_415,,240106240,415,"MADURAI -KANIAKUMARI SECTION (NS-41/TN) NH-7,KM.80 TO KM.120 -",NS-41/TN,,ROAD TRANSPORT & HIGHWAYS,2009-11,2003-12,,323.36,,323.36,,,189.8,2008-03,,2010-01,,,,0,0,,,,FR_NOV_2009.pdf,Sector-Wise analysis of projects,47,415
FR_200911_416,,240106273,416,"SALEM TO KERALA BORDER SEC(TN6), KM.203.96 NH7 TO KM 53 NH47 -",TN6,,ROAD TRANSPORT & HIGHWAYS,2009-11,2003-12,,469.8,,469.8,,,665.8,2008-12,,2010-01,,,,0,0,,,,FR_NOV_2009.pdf,Sector-Wise analysis of projects,47,416
FR_200911_417,,240106276,417,"MADURAI-ARUPKOTTAI-TUTICORIN, KM.138.8 TO KM.264.5, NH-45 B -",,,ROAD TRANSPORT & HIGHWAYS,2009-11,2005-03,,629.0,,629.0,,,749.6,2010-11,,2010-01,,,,0,0,,,,FR_NOV_2009.pdf,Sector-Wise analysis of projects,47,417
FR_200911_418,,240106241,418,"MADURAI -KANNIAKUMARI SEC. (NS- 42/TN) NH-7, KM.120 TO KM.160 -",NS- 42/TN,,ROAD TRANSPORT & HIGHWAYS,2009-11,2003-12,,507.49,,507.49,,,283.9,2008-03,,2010-02,,,,0,0,,,,FR_NOV_2009.pdf,Sector-Wise analysis of projects,47,418
FR_200911_419,,240106260,419,"AURANG-RAIPUR, NH-6, KM.232 TO KM.281 -",,,ROAD TRANSPORT & HIGHWAYS,2009-11,2005-03,,190.0,,190.0,,,197.1,2009-01,,2010-02,,,,0,0,,,,FR_NOV_2009.pdf,Sector-Wise analysis of projects,47,419
FR_200911_420,,N24000107,420,NH CONNECTIVITY TO ICTT VALLARPADAEU NH - SH -,,,ROAD TRANSPORT & HIGHWAYS,2009-11,2005-03,,557.0,45.0,557.0,,,737.9,2010-02,,2010-02,,,,0,0,,,,FR_NOV_2009.pdf,Sector-Wise analysis of projects,47,420
FR_200911_421,,240101187,421,GORHAR-BARWA ADDA (GQ) KM.320- KM.398.75 (NH-2) -,NH-2,,ROAD TRANSPORT & HIGHWAYS,2009-11,2000-04,,399.75,,399.75,,,388.44,2005-03,,2010-03,,,,0,0,,,,FR_NOV_2009.pdf,Sector-Wise analysis of projects,48,421
FR_200911_422,,240103191,422,"PURNEA-GOYAKOTA SEC.(EW) (NS & EW-PH-I) KM.419-KM.447, NH-31 -",NS & EW-PH-I,,ROAD TRANSPORT & HIGHWAYS,2009-11,2000-04,,205.73,,205.73,,,240.9,2004-07,,2010-03,,,,0,0,,,,FR_NOV_2009.pdf,Sector-Wise analysis of projects,48,422
FR_200911_423,,240106207,423,DEVDHARI-KELAPUR -,,,ROAD TRANSPORT & HIGHWAYS,2009-11,2003-12,,144.0,,144.0,,,95.12,2005-07,,2010-03,,,,0,0,,,,FR_NOV_2009.pdf,Sector-Wise analysis of projects,48,423
FR_200911_424,,240106210,424,"BORKHEDI-JAM (NS-22/MH) PH.II KM.36.6 TO KM.64.0, NH-7 -",NS-22/MH,,ROAD TRANSPORT & HIGHWAYS,2009-11,2003-12,,110.0,,110.0,,,105.7,2005-06,,2010-03,,,,0,0,,,,FR_NOV_2009.pdf,Sector-Wise analysis of projects,48,424
FR_200911_425,,240106268,425,"JALANDAR-AMRITSAR, KM.407/100 TO KM.456/100, NH-1 -",,,ROAD TRANSPORT & HIGHWAYS,2009-11,2005-03,,263.0,,263.0,,,339.71,2009-02,,2010-03,,,,0,0,,,,FR_NOV_2009.pdf,Sector-Wise analysis of projects,48,425
FR_200911_426,,240106285,426,TRICHY BYPASS END TO TOVARAMKURCHI (NH-45B)(NHAI) -,NHAI,,ROAD TRANSPORT & HIGHWAYS,2009-11,2005-03,,261.0,,261.0,,,282.3,2008-08,,2010-03,,,,0,0,,,,FR_NOV_2009.pdf,Sector-Wise analysis of projects,48,426
FR_200911_427,,240106289,427,NAGAON BYPASS (NH-37)(NHAI) -,NHAI,,ROAD TRANSPORT & HIGHWAYS,2009-11,2003-12,,230.0,,230.0,,,137.1,2008-06,,2010-03,,,,0,0,,,,FR_NOV_2009.pdf,Sector-Wise analysis of projects,48,427
FR_200911_428,,N24000093,428,"MAHARASHTRA/AP BORDER TO ISLAM NAGAR,(NS-2/BOT/AP-6),NH-7 -",NS-2/BOT/AP-6,,ROAD TRANSPORT & HIGHWAYS,2009-11,2003-12,,360.42,,360.42,,,308.9,2009-11,,2010-03,,,,0,0,,,,FR_NOV_2009.pdf,Sector-Wise analysis of projects,48,428
FR_200911_429,,N24000104,429,BANGALORE-NEELAMANGLALA NH-4 -,,,ROAD TRANSPORT & HIGHWAYS,2009-11,2005-03,,445.0,,445.0,,,664.82,2010-07,,2010-03,,,,0,0,,,,FR_NOV_2009.pdf,Sector-Wise analysis of projects,48,429
FR_200911_430,,240100206,430,"COCHIN PORT, NH-47 (PORT CONNECTIVITY) KMS 348 - KMS 358 -",PORT CONNECTIVITY,,ROAD TRANSPORT & HIGHWAYS,2009-11,2000-04,,106.0,,193.0,,,85.61,2006-08,,2010-04,,,,0,0,,,,FR_NOV_2009.pdf,Sector-Wise analysis of projects,48,430
FR_200911_431,,240102202,431,"KANYAKUMARI-PANAGUDI (NS CORR. PH-II) (KM 203-233.60), NH-7 -",KM 203-233.60,,ROAD TRANSPORT & HIGHWAYS,2009-11,2004-01,,120.0,,120.0,,,84.51,2006-09,,2010-04,,,,0,0,,,,FR_NOV_2009.pdf,Sector-Wise analysis of projects,48,431
FR_200911_432,,240106236,432,VIJAYAPUR TO PATHANKOT (NS- 35/J&K) NH-1A KM.50 TO KM.80 -,NS- 35/J&K,,ROAD TRANSPORT & HIGHWAYS,2009-11,2003-12,,166.27,,166.27,,,79.54,2008-03,,2010-04,,,,0,0,,,,FR_NOV_2009.pdf,Sector-Wise analysis of projects,48,432
FR_200911_433,,N24000076,433,HYDERABAD-BANGALORE SEC.(NS CORR.PH-II)[KM 251-293 -,NS CORR.PH-II,,ROAD TRANSPORT & HIGHWAYS,2009-11,2003-12,,208.46,,208.46,,,151.2,2009-08,,2010-04,,,,0,0,,,,FR_NOV_2009.pdf,Sector-Wise analysis of projects,48,433
FR_200911_434,,N24000079,434,HYDERABAD-BANGALORE SEC.(NS CORR.PH-II)[KM 376-418 -,NS CORR.PH-II,,ROAD TRANSPORT & HIGHWAYS,2009-11,2003-12,,205.92,,205.92,,,154.2,2009-08,,2010-04,,,,0,0,,,,FR_NOV_2009.pdf,Sector-Wise analysis of projects,48,434
FR_200911_435,,N24000080,435,HYDERABAD-BANGALORE SEC.(NS CORR.PH-II)[KM 418-463 -,NS CORR.PH-II,,ROAD TRANSPORT & HIGHWAYS,2009-11,2003-12,,243.64,,243.64,,,197.6,2009-08,,2010-04,,,,0,0,,,,FR_NOV_2009.pdf,Sector-Wise analysis of projects,48,435
FR_200911_436,,N24000081,436,HYDERABAD-BANGALORE SEC.(NS CORR.PH-II)[KM 211-251 -,NS CORR.PH-II,,ROAD TRANSPORT & HIGHWAYS,2009-11,2003-12,,194.8,,194.8,,,133.5,2009-08,,2010-04,,,,0,0,,,,FR_NOV_2009.pdf,Sector-Wise analysis of projects,48,436
FR_200911_437,,240101134,437,CHITRADURGA BY PASS (GQ) KM.207-KM.189 (NH-4) -,NH-4,,ROAD TRANSPORT & HIGHWAYS,2009-11,2000-04,,104.0,,104.0,,,143.28,2004-08,,2010-05,,,,0,0,,,,FR_NOV_2009.pdf,Sector-Wise analysis of projects,48,437
FR_200911_438,,240106235,438,VIJAYAPUR TO PATHANKOT (J&K) NH-1A KM.16.35 TO KM.50.00 -,J&K,,ROAD TRANSPORT & HIGHWAYS,2009-11,2003-12,,193.09,,193.09,,,104.2,2008-03,,2010-05,,,,0,0,,,,FR_NOV_2009.pdf,Sector-Wise analysis of projects,48,438
FR_200911_439,,240106262,439,"GONDE-VADAPE(THANE), NH-3, KM.440/000 TO KM.539/500 -",THANE,,ROAD TRANSPORT & HIGHWAYS,2009-11,2005-03,,579.0,,579.0,,,480.2,2009-04,,2010-05,,,,0,0,,,,FR_NOV_2009.pdf,Sector-Wise analysis of projects,48,439
FR_200911_440,,240106300,440,"LALITPUR TO SAGAR KM 132 TO KM 187, NH-26 (NHAI) -",NHAI,,ROAD TRANSPORT & HIGHWAYS,2009-11,2003-12,,225.0,,225.0,,,123.5,2008-10,,2010-05,,,,0,0,,,,FR_NOV_2009.pdf,Sector-Wise analysis of projects,48,440
FR_200911_441,,N24000122,441,DELHI/ HARYANA BORDER TO ROHTAK -,,,ROAD TRANSPORT & HIGHWAYS,2009-11,2007-04,,486.0,,486.0,,,64.42,2010-05,,2010-05,,,,0,0,,,,FR_NOV_2009.pdf,Sector-Wise analysis of projects,48,441
FR_200911_442,,240100207,442,"SILCHAR-UDARBAND (PH.II) HN-54, KM.309 TO KM.275 -",PH.II,,ROAD TRANSPORT & HIGHWAYS,2009-11,2003-12,,157.47,46.0,154.57,,,114.6,2007-09,,2010-06,,,,0,0,,,,FR_NOV_2009.pdf,Sector-Wise analysis of projects,48,442
FR_200911_443,,240101133,443,HARIHAR-CHITRADURGA (GQ) KM.284-KM.207 (NH-4) -,NH-4,,ROAD TRANSPORT & HIGHWAYS,2009-11,2000-04,,318.0,,207.56,,,40.3,2004-08,,2010-06,,,,0,0,,,,FR_NOV_2009.pdf,Sector-Wise analysis of projects,49,443
FR_200911_444,,240106216,444,"GAGODHAR-GARAMORE(PK-IV,NH15) KM 245 TO 281.3 AND 308 TO 254 -","PK-IV,NH15",,ROAD TRANSPORT & HIGHWAYS,2009-11,2003-12,,412.78,,479.54,,,405.8,2007-11,,2010-06,,,,0,0,,,,FR_NOV_2009.pdf,Sector-Wise analysis of projects,49,444
FR_200911_445,,240106222,445,"AYODHYA - LUCKNOW (LMNHP-I) NH- 28, KM.45 TO KM.8.2 -",LMNHP-I,,ROAD TRANSPORT & HIGHWAYS,2009-11,2003-12,,193.0,,193.0,,,246.79,2008-10,,2010-06,,,,0,0,,,,FR_NOV_2009.pdf,Sector-Wise analysis of projects,49,445
FR_200911_446,,240106225,446,"AYODHYA - LUCKNOW (LMNHP-II) KM.93.075 TO KM.45, NH-28 -",LMNHP-II,,ROAD TRANSPORT & HIGHWAYS,2009-11,2003-12,,217.0,,217.0,,,277.42,2008-10,,2010-06,,,,0,0,,,,FR_NOV_2009.pdf,Sector-Wise analysis of projects,49,446
FR_200911_447,,240106245,447,"GORAKHPUR-AYODHYA (LMNHP- 6),NH-28, KM.251.70 TO KM.208.00 -",LMNHP- 6,,ROAD TRANSPORT & HIGHWAYS,2009-11,2003-12,,239.0,,239.0,,,294.6,2008-10,,2010-06,,,,0,0,,,,FR_NOV_2009.pdf,Sector-Wise analysis of projects,49,447
FR_200911_448,,240106247,448,"GORAKHPUR-AYODHYA (LMNHP- 4),NH-28, KM.164.00 TO KM.135.00 -",LMNHP- 4,,ROAD TRANSPORT & HIGHWAYS,2009-11,2003-12,,205.0,,205.0,,,224.2,2008-10,,2010-06,,,,0,0,,,,FR_NOV_2009.pdf,Sector-Wise analysis of projects,49,448
FR_200911_449,,240106248,449,"AYODHYA-LUCKNOW (LMNHP-3),NH- 28, KM.135.000 TO KM.93.075 -",LMNHP-3,,ROAD TRANSPORT & HIGHWAYS,2009-11,2003-12,,212.0,,212.0,,,271.01,2008-10,,2010-06,,,,0,0,,,,FR_NOV_2009.pdf,Sector-Wise analysis of projects,49,449
FR_200911_450,,240106249,450,"ORAI TO JHANSI (UP-4),NH-25, KM.170.0 TO KM.104.0 -",UP-4,,ROAD TRANSPORT & HIGHWAYS,2009-11,2003-12,,451.97,,451.97,,,383.0,2008-04,,2010-06,,,,0,0,,,,FR_NOV_2009.pdf,Sector-Wise analysis of projects,49,450
FR_200911_451,,240106295,451,"DARBHANGA-MUZAFFARPUR, NH-57 (NHAI) -",NHAI,,ROAD TRANSPORT & HIGHWAYS,2009-11,2003-12,,305.0,,305.0,,,321.8,2008-06,,2010-06,,,,0,0,,,,FR_NOV_2009.pdf,Sector-Wise analysis of projects,49,451
FR_200911_452,,240106296,452,"DARBHANGA-MUZAFFARPUR(KM 30 TO KM 0), NH-57 (NHAI) -",NHAI,,ROAD TRANSPORT & HIGHWAYS,2009-11,2003-12,,291.8,,291.8,,,334.2,2008-06,,2010-06,,,,0,0,,,,FR_NOV_2009.pdf,Sector-Wise analysis of projects,49,452
FR_200911_453,,240106297,453,"KOTA BYPASS,RJ-4, NH-76 (NHAI) -",NHAI,,ROAD TRANSPORT & HIGHWAYS,2009-11,2003-12,,275.0,,250.39,,,163.9,2008-10,,2010-06,,,,0,0,,,,FR_NOV_2009.pdf,Sector-Wise analysis of projects,49,453
FR_200911_454,,N24000028,454,SILIGURI TO ISLAMPUR (WB-7) -,WB-7,,ROAD TRANSPORT & HIGHWAYS,2009-11,2003-12,,225.0,,225.0,,,136.7,2008-07,,2010-06,,,,0,0,,,,FR_NOV_2009.pdf,Sector-Wise analysis of projects,49,454
FR_200911_455,,N24000030,455,RINGBUNDS TO JHAJHANPUR (BR-6) -,BR-6,,ROAD TRANSPORT & HIGHWAYS,2009-11,2003-12,,340.0,,340.0,,,375.8,2008-06,,2010-06,,,,0,0,,,,FR_NOV_2009.pdf,Sector-Wise analysis of projects,49,455
FR_200911_456,,N24000035,456,NALBARI TO BIJNI (AS-8) -,AS-8,,ROAD TRANSPORT & HIGHWAYS,2009-11,2003-12,,200.0,,200.0,,,140.0,2008-06,,2010-06,,,,0,0,,,,FR_NOV_2009.pdf,Sector-Wise analysis of projects,49,456
FR_200911_457,,N24000036,457,SITAPUR-LUCKNOW -,,,ROAD TRANSPORT & HIGHWAYS,2009-11,2005-03,,322.0,,322.0,,,171.2,2009-06,,2010-06,,,,0,0,,,,FR_NOV_2009.pdf,Sector-Wise analysis of projects,49,457
FR_200911_458,,N24000037,458,THRISSUR TO ANGAMALI (NH-47) -,NH-47,,ROAD TRANSPORT & HIGHWAYS,2009-11,2003-12,,312.5,,312.5,,,477.0,2009-03,,2010-06,,,,0,0,,,,FR_NOV_2009.pdf,Sector-Wise analysis of projects,49,458
FR_200911_459,,N24000045,459,ASSAM/WB BORDER TO GAIRKATTA (WB-1) -,WB-1,,ROAD TRANSPORT & HIGHWAYS,2009-11,2003-12,,221.82,,221.82,,,146.9,2008-11,,2010-06,,,,0,0,,,,FR_NOV_2009.pdf,Sector-Wise analysis of projects,49,459
FR_200911_460,,N24000056,460,"THANJAUR-TRICHY,NH-67(NHAI) -",NHAI,,ROAD TRANSPORT & HIGHWAYS,2009-11,2005-03,,280.0,,280.0,,,533.5,2009-06,,2010-06,,,,0,0,,,,FR_NOV_2009.pdf,Sector-Wise analysis of projects,49,460
FR_200911_461,,N24000057,461,"GANJAM-ICCHAPURUM,NH-5(NHAI) -",NHAI,,ROAD TRANSPORT & HIGHWAYS,2009-11,2000-04,,263.27,,263.27,,,184.77,2004-02,,2010-06,,,,0,0,,,,FR_NOV_2009.pdf,Sector-Wise analysis of projects,49,461
FR_200911_462,,N24000077,462,HYDERABAD-BANGALORE SEC.(NS CORR.PH-II)[KM 293.4-3 -,NS CORR.PH-II,,ROAD TRANSPORT & HIGHWAYS,2009-11,2003-12,,239.19,,239.19,,,175.7,2009-09,,2010-06,,,,0,0,,,,FR_NOV_2009.pdf,Sector-Wise analysis of projects,49,462
FR_200911_463,,N24000078,463,HYDERABAD-BANGALORE SEC.(NS CORR.PH-II)[KM 336-376 -,NS CORR.PH-II,,ROAD TRANSPORT & HIGHWAYS,2009-11,2003-12,,243.38,,243.38,,,172.4,2008-09,,2010-06,,,,0,0,,,,FR_NOV_2009.pdf,Sector-Wise analysis of projects,49,463
FR_200911_464,,N24000087,464,"KURALI-KIRATPUR, NH-21 -",,,ROAD TRANSPORT & HIGHWAYS,2009-11,2005-03,,309.0,,309.0,,,237.53,2010-06,,2010-06,,,,0,0,,,,FR_NOV_2009.pdf,Sector-Wise analysis of projects,49,464
FR_200911_465,,N24000090,465,KOSI BRIDGE INCLUDING APPROACHES AND GUIDE BOND AN -,,,ROAD TRANSPORT & HIGHWAYS,2009-11,2003-12,,418.04,47.0,418.04,,,223.0,2010-03,,2010-06,,,,0,0,,,,FR_NOV_2009.pdf,Sector-Wise analysis of projects,49,465
FR_200911_466,,N24000094,466,"LAKHNAADON TO MP/MH BORDER,KM 596.75-653 (NS- 1/BOT/MP-2),NH7 -",NS- 1/BOT/MP-2,,ROAD TRANSPORT & HIGHWAYS,2009-11,2003-12,,407.6,,407.6,,,177.6,2010-06,,2010-06,,,,0,0,,,,FR_NOV_2009.pdf,Sector-Wise analysis of projects,50,466
FR_200911_467,,N24000096,467,"JHANSI TO LALITPUR, NH-25,26 -",,,ROAD TRANSPORT & HIGHWAYS,2009-11,2003-12,,355.06,,355.06,,,238.4,2009-09,,2010-06,,,,0,0,,,,FR_NOV_2009.pdf,Sector-Wise analysis of projects,50,467
FR_200911_468,,N24000121,468,AMRITSAR-WAGHA BORDER -,,,ROAD TRANSPORT & HIGHWAYS,2009-11,2008-06,,205.88,,205.88,,,127.1,2010-06,,2010-06,,,,0,0,,,,FR_NOV_2009.pdf,Sector-Wise analysis of projects,50,468
FR_200911_469,,240101132,469,HAVERI-HARIHAR (GQ) KM.340- KM.284 (NH-4) -,NH-4,,ROAD TRANSPORT & HIGHWAYS,2009-11,2000-04,,241.0,,196.65,,,38.82,2004-08,,2010-07,,,,0,0,,,,FR_NOV_2009.pdf,Sector-Wise analysis of projects,50,469
FR_200911_470,,N24000100,470,PONDICHERY - TINDIVANAU NH-66 -,,,ROAD TRANSPORT & HIGHWAYS,2009-11,2005-03,,285.0,,285.0,,,204.6,2010-07,,2010-07,,,,0,0,,,,FR_NOV_2009.pdf,Sector-Wise analysis of projects,50,470
FR_200911_471,,N24000101,471,TRICHY - KORUR NH-67 -,,,ROAD TRANSPORT & HIGHWAYS,2009-11,2005-03,,516.0,,516.0,,,213.3,2010-07,,2010-07,,,,0,0,,,,FR_NOV_2009.pdf,Sector-Wise analysis of projects,50,471
FR_200911_472,,N24000103,472,NEELAMANGALAR JUNCTION ON NH- 4 SMITH NH-48 TO DEVI -,,,ROAD TRANSPORT & HIGHWAYS,2009-11,2005-03,,441.0,,441.0,,,321.1,2010-07,,2010-07,,,,0,0,,,,FR_NOV_2009.pdf,Sector-Wise analysis of projects,50,472
FR_200911_473,,N24000106,473,BANGLORE - HOSKOTE MUDBOGAL SECTION NH-4 -,,,ROAD TRANSPORT & HIGHWAYS,2009-11,2005-03,,565.0,,565.0,,,563.64,2010-07,,2010-07,,,,0,0,,,,FR_NOV_2009.pdf,Sector-Wise analysis of projects,50,473
FR_200911_474,,N24000109,474,ISLAM NAGAR TO KADTAL -,,,ROAD TRANSPORT & HIGHWAYS,2009-11,2003-12,,546.83,,546.83,,,666.2,2010-03,,2010-07,,,,0,0,,,,FR_NOV_2009.pdf,Sector-Wise analysis of projects,50,474
FR_200911_475,,240106286,475,LANKA TO DABOKA (NH-54)(NHAI) -,NHAI,,ROAD TRANSPORT & HIGHWAYS,2009-11,2003-12,,225.0,,225.0,,,99.85,2008-06,,2010-08,,,,0,0,,,,FR_NOV_2009.pdf,Sector-Wise analysis of projects,50,475
FR_200911_476,,N24000117,476,ZIRAKPUR(HARYANA) - PARWANOO(HIMACHAL PRADESH) -,HIMACHAL PRADESH,,ROAD TRANSPORT & HIGHWAYS,2009-11,2008-02,,295.0,,295.0,,,245.2,2010-08,,2010-08,,,,0,0,,,,FR_NOV_2009.pdf,Sector-Wise analysis of projects,50,476
FR_200911_477,,240103192,477,LUCKNOW-BYPASS (EW) (NS & EW- PH-I) NH-25 & NH-28 VIA NH-56 -,NS & EW- PH-I,,ROAD TRANSPORT & HIGHWAYS,2009-11,2000-04,,182.52,,111.78,,,0.59,2004-06,,2010-09,,,,0,0,,,,FR_NOV_2009.pdf,Sector-Wise analysis of projects,50,477
FR_200911_478,,240104196,478,HALDIA PORT (PORT CONNECTIVITY) (NH-41) -,NH-41,,ROAD TRANSPORT & HIGHWAYS,2009-11,2000-04,,273.0,,522.0,,,230.4,2005-03,,2010-09,,,,0,0,,,,FR_NOV_2009.pdf,Sector-Wise analysis of projects,50,478
FR_200911_479,,240106299,479,"LALITPUR TO SAGAR, NH-26 (NHAI) -",NHAI,,ROAD TRANSPORT & HIGHWAYS,2009-11,2003-12,,198.0,,198.0,,,66.84,2008-11,,2010-09,,,,0,0,,,,FR_NOV_2009.pdf,Sector-Wise analysis of projects,50,479
FR_200911_480,,N24000095,480,"LAKHNADON TO MP/MH BORDER (NS-1/BOT/MP-2), NH-7 -",NS-1/BOT/MP-2,,ROAD TRANSPORT & HIGHWAYS,2009-11,2003-12,,263.17,,263.17,,,214.8,2009-09,,2010-09,,,,0,0,,,,FR_NOV_2009.pdf,Sector-Wise analysis of projects,50,480
FR_200911_481,,N24000097,481,"JHANSI TO LALITPUR, NH-26 -",,,ROAD TRANSPORT & HIGHWAYS,2009-11,2003-12,,276.09,,276.09,,,183.2,2009-09,,2010-09,,,,0,0,,,,FR_NOV_2009.pdf,Sector-Wise analysis of projects,50,481
FR_200911_482,,N24000110,482,LUMDING TO DABOKA -,,,ROAD TRANSPORT & HIGHWAYS,2009-11,2003-12,,130.0,,130.0,,,23.87,2010-08,,2010-09,,,,0,0,,,,FR_NOV_2009.pdf,Sector-Wise analysis of projects,50,482
FR_200911_483,,N24000120,483,WAINGANGA BRIDGE - CHHATISGARH-MAHARASHTRA -,,,ROAD TRANSPORT & HIGHWAYS,2009-11,2008-03,,424.0,,424.0,,,275.6,2010-09,,2010-09,,,,0,0,,,,FR_NOV_2009.pdf,Sector-Wise analysis of projects,50,483
FR_200911_484,,N24000088,484,"GWALIOR BYPSS, NH-75,3 -",,,ROAD TRANSPORT & HIGHWAYS,2009-11,2003-12,,300.93,,300.93,,,170.8,2009-10,,2010-10,,,,0,0,,,,FR_NOV_2009.pdf,Sector-Wise analysis of projects,50,484
FR_200911_485,,240102193,485,"KUNJWANI-VIJAYPUR(NS-15) (NS & EW-PH-I) KM.80-KM.97.20,NH-1A -",NS & EW-PH-I,,ROAD TRANSPORT & HIGHWAYS,2009-11,2000-04,,110.0,,110.0,,,139.2,2004-12,,2010-12,,,,0,0,,,,FR_NOV_2009.pdf,Sector-Wise analysis of projects,50,485
FR_200911_486,,240106203,486,IMPROVEMENT OF ACCESS OF GQ WITHIN CHENNAI CITY(NHAI) OTHERS -,NHAI,,ROAD TRANSPORT & HIGHWAYS,2009-11,2003-12,,210.0,,210.0,,,576.6,2007-04,,2010-12,,,,0,0,,,,FR_NOV_2009.pdf,Sector-Wise analysis of projects,50,486
FR_200911_487,,240106204,487,"GARHMUKTESHWAR-MURADABAD (NHAI) OTHERS KM.93-149.25, NH-24 -",NHAI,,ROAD TRANSPORT & HIGHWAYS,2009-11,2003-12,,275.0,48.0,275.0,,,267.5,2007-09,,2010-12,,,,0,0,,,,FR_NOV_2009.pdf,Sector-Wise analysis of projects,50,487
FR_200911_488,,240106205,488,"HAPUR-GARHMUKTESWAR (OTHERS) KM.58-93, NH-24 -",OTHERS,,ROAD TRANSPORT & HIGHWAYS,2009-11,2005-03,,220.0,,220.0,,,117.1,2007-09,,2010-12,,,,0,0,,,,FR_NOV_2009.pdf,Sector-Wise analysis of projects,51,488
FR_200911_489,,240106209,489,JAM-WADNER -,,,ROAD TRANSPORT & HIGHWAYS,2009-11,2003-12,,145.0,,145.0,,,68.18,2005-07,,2010-12,,,,0,0,,,,FR_NOV_2009.pdf,Sector-Wise analysis of projects,51,489
FR_200911_490,,240106226,490,"BIJNI TO ASSAM/WB BORDER PH.II, KM.30.00 TO 0.00, NH-31 C -",,,ROAD TRANSPORT & HIGHWAYS,2009-11,2003-12,,230.0,,230.0,,,89.65,2005-06,,2010-12,,,,0,0,,,,FR_NOV_2009.pdf,Sector-Wise analysis of projects,51,490
FR_200911_491,,240106237,491,"PATHANKOT- BHOGPUR, KM.26- KM.70, NH-1A -",,,ROAD TRANSPORT & HIGHWAYS,2009-11,2003-12,,284.0,,284.0,,,276.4,2008-05,,2010-12,,,,0,0,,,,FR_NOV_2009.pdf,Sector-Wise analysis of projects,51,491
FR_200911_492,,240106246,492,"GORAKHPUR-AYODHYA (LMNHP- 5),NH-28, KM.208.00 TO KM.164.00 -",LMNHP- 5,,ROAD TRANSPORT & HIGHWAYS,2009-11,2003-12,,227.0,,227.0,,,189.82,2008-10,,2010-12,,,,0,0,,,,FR_NOV_2009.pdf,Sector-Wise analysis of projects,51,492
FR_200911_493,,240106250,493,"ORAI TO JHANSI (UP-5),NH-25, KM.220.0 TO KM.170.0 -",UP-5,,ROAD TRANSPORT & HIGHWAYS,2009-11,2003-12,,340.68,,340.68,,,201.1,2008-03,,2010-12,,,,0,0,,,,FR_NOV_2009.pdf,Sector-Wise analysis of projects,51,493
FR_200911_494,,240106277,494,"HARANGAJO TO MAIBANG (AS-23), KM.126.450 TO KM.140.700 -",AS-23,,ROAD TRANSPORT & HIGHWAYS,2009-11,2003-12,,280.0,,280.0,,,106.6,2009-02,,2010-12,,,,0,0,,,,FR_NOV_2009.pdf,Sector-Wise analysis of projects,51,494
FR_200911_495,,240106278,495,"MAIBANG TO LUNDING (AS-25), KM.83.400 TO KM.111.000 -",AS-25,,ROAD TRANSPORT & HIGHWAYS,2009-11,2003-12,,199.81,,199.81,,,27.54,2009-04,,2010-12,,,,0,0,,,,FR_NOV_2009.pdf,Sector-Wise analysis of projects,51,495
FR_200911_496,,240106279,496,"MAIBANG TO LUNDING (AS-26), KM.60.500 TO KM.83.400, NH-54 -",AS-26,,ROAD TRANSPORT & HIGHWAYS,2009-11,2003-12,,167.64,,167.64,,,39.49,2008-11,,2010-12,,,,0,0,,,,FR_NOV_2009.pdf,Sector-Wise analysis of projects,51,496
FR_200911_497,,240106280,497,"MAIBANG TO LUNDING (AS-24), KM.111.000 TO KM.126.450 -",AS-24,,ROAD TRANSPORT & HIGHWAYS,2009-11,2003-12,,155.04,,155.04,,,27.96,2008-11,,2010-12,,,,0,0,,,,FR_NOV_2009.pdf,Sector-Wise analysis of projects,51,497
FR_200911_498,,240106281,498,"MAIBANG TO LUNDING (AS-27), KM.40.000 TO KM.60.500 -",AS-27,,ROAD TRANSPORT & HIGHWAYS,2009-11,2003-12,,200.0,,200.0,,,36.15,2009-04,,2010-12,,,,0,0,,,,FR_NOV_2009.pdf,Sector-Wise analysis of projects,51,498
FR_200911_499,,240106288,499,DAKOBA TO NAGAON (NH-36)(NHAI) -,NHAI,,ROAD TRANSPORT & HIGHWAYS,2009-11,2003-12,,225.0,,225.0,,,86.47,2008-06,,2010-12,,,,0,0,,,,FR_NOV_2009.pdf,Sector-Wise analysis of projects,51,499
FR_200911_500,,240106290,500,BIJNI TO ASSAM WB BORDER (NH- 31.C)(1)(NHAI) -,NHAI,,ROAD TRANSPORT & HIGHWAYS,2009-11,2003-12,,195.0,,195.0,,,84.06,2008-06,,2010-12,,,,0,0,,,,FR_NOV_2009.pdf,Sector-Wise analysis of projects,51,500
FR_200911_501,,240106291,501,KASIA TO GORAKHPUR (NH- 28)(NHAI) -,NHAI,,ROAD TRANSPORT & HIGHWAYS,2009-11,2003-12,,242.0,,242.0,,,268.9,2008-12,,2010-12,,,,0,0,,,,FR_NOV_2009.pdf,Sector-Wise analysis of projects,51,501
FR_200911_502,,240106292,502,UP/BIHAR BORDER TO KASIA (NH- 28)(NHAI) -,NHAI,,ROAD TRANSPORT & HIGHWAYS,2009-11,2003-12,,227.0,,227.0,,,238.7,2008-12,,2010-12,,,,0,0,,,,FR_NOV_2009.pdf,Sector-Wise analysis of projects,51,502
FR_200911_503,,240106293,503,BIJNI TO ASSAM /WB.BORDER (NH- 31.C)(2)(NHAI) -,NHAI,,ROAD TRANSPORT & HIGHWAYS,2009-11,2003-12,,237.8,,237.8,,,81.15,2008-06,,2010-12,,,,0,0,,,,FR_NOV_2009.pdf,Sector-Wise analysis of projects,51,503
FR_200911_504,,240106294,504,FORBESGANJ TO SIMRAHI (NH- 57)(NHAI) -,NHAI,,ROAD TRANSPORT & HIGHWAYS,2009-11,2003-12,,332.94,,332.94,,,124.4,2008-09,,2010-12,,,,0,0,,,,FR_NOV_2009.pdf,Sector-Wise analysis of projects,51,504
FR_200911_505,,240106301,505,"SAGAR BY PASS,KM 187 TO KM 211 , NH-26 (NHAI) -",NHAI,,ROAD TRANSPORT & HIGHWAYS,2009-11,2003-12,,151.3,,151.3,,,83.78,2008-10,,2010-12,,,,0,0,,,,FR_NOV_2009.pdf,Sector-Wise analysis of projects,51,505
FR_200911_506,,240106303,506,"SAGAR - RAJMARG CHORAHA,KM 211 TO KM 255, NH-26 (NHAI) -",NHAI,,ROAD TRANSPORT & HIGHWAYS,2009-11,2003-12,,203.43,,203.43,,,63.28,2008-10,,2010-12,,,,0,0,,,,FR_NOV_2009.pdf,Sector-Wise analysis of projects,51,506
FR_200911_507,,240106304,507,"RAJMARG CHORAHA TO LAKHNANDON,KM 297 TO KM 351, NH-26 (NHAI) -",NHAI,,ROAD TRANSPORT & HIGHWAYS,2009-11,2003-12,,251.03,,251.03,,,62.13,2008-10,,2010-12,,,,0,0,,,,FR_NOV_2009.pdf,Sector-Wise analysis of projects,51,507
FR_200911_508,,240106305,508,"RAJMARG CHORAHA TO LAKHNANDON,KM 351 TO KM 405.7, NH-26 (NHA -",,,ROAD TRANSPORT & HIGHWAYS,2009-11,2003-12,,229.91,49.0,229.91,,,29.18,2008-10,,2010-12,,,,0,0,,,,FR_NOV_2009.pdf,Sector-Wise analysis of projects,51,508
FR_200911_509,,N24000038,509,GUWHATI TO NALBARI (AS-4) -,AS-4,,ROAD TRANSPORT & HIGHWAYS,2009-11,2003-12,,175.96,,175.96,,,48.88,2008-04,,2010-12,,,,0,0,,,,FR_NOV_2009.pdf,Sector-Wise analysis of projects,52,509
FR_200911_510,,N24000042,510,NAGAON TO DHARAMTUL (AS-2) -,AS-2,,ROAD TRANSPORT & HIGHWAYS,2009-11,2003-12,,264.72,,264.72,,,75.54,2008-06,,2010-12,,,,0,0,,,,FR_NOV_2009.pdf,Sector-Wise analysis of projects,52,510
FR_200911_511,,N24000044,511,SONAPUR TO GUWAHTI (AS-3) -,AS-3,,ROAD TRANSPORT & HIGHWAYS,2009-11,2003-12,,245.0,,245.0,,,186.2,2008-03,,2010-12,,,,0,0,,,,FR_NOV_2009.pdf,Sector-Wise analysis of projects,52,511
FR_200911_512,,N24000046,512,GUWAHATI TO NALBARI (AS-5) -,AS-5,,ROAD TRANSPORT & HIGHWAYS,2009-11,2003-12,,198.16,,198.16,,,76.14,2008-04,,2010-12,,,,0,0,,,,FR_NOV_2009.pdf,Sector-Wise analysis of projects,52,512
FR_200911_513,,N24000047,513,NALBARI TO BIJNI (AS-6) -,AS-6,,ROAD TRANSPORT & HIGHWAYS,2009-11,2003-12,,225.0,,225.0,,,108.2,2008-06,,2010-12,,,,0,0,,,,FR_NOV_2009.pdf,Sector-Wise analysis of projects,52,513
FR_200911_514,,N24000048,514,NALBARI T BIJNI (AS-7) -,AS-7,,ROAD TRANSPORT & HIGHWAYS,2009-11,2003-12,,208.0,,208.0,,,59.45,2008-04,,2010-12,,,,0,0,,,,FR_NOV_2009.pdf,Sector-Wise analysis of projects,52,514
FR_200911_515,,N24000049,515,"DHARAMTUL TO SONAPUR,KM 205- 183 (AS-20) -",AS-20,,ROAD TRANSPORT & HIGHWAYS,2009-11,2003-12,,160.0,,160.0,,,51.6,2008-05,,2010-12,,,,0,0,,,,FR_NOV_2009.pdf,Sector-Wise analysis of projects,52,515
FR_200911_516,,N24000050,516,NALBARI TO BIJNI (AS-9) -,AS-9,,ROAD TRANSPORT & HIGHWAYS,2009-11,2003-12,,142.0,,142.0,,,105.9,2008-06,,2010-12,,,,0,0,,,,FR_NOV_2009.pdf,Sector-Wise analysis of projects,52,516
FR_200911_517,,N24000051,517,DHARAMTUL TO SONAPUR (AS-19) -,AS-19,,ROAD TRANSPORT & HIGHWAYS,2009-11,2003-12,,200.0,,200.0,,,78.52,2008-06,,2010-12,,,,0,0,,,,FR_NOV_2009.pdf,Sector-Wise analysis of projects,52,517
FR_200911_518,,N24000061,518,"HARANGAJO TO MAIBANG,km 164.08- 190.587 NH-54 -",,,ROAD TRANSPORT & HIGHWAYS,2009-11,2003-12,,212.0,,212.0,,,33.8,2007-09,,2010-12,,,,0,0,,,,FR_NOV_2009.pdf,Sector-Wise analysis of projects,52,518
FR_200911_519,,N24000062,519,"HARANGAJO TO MAIBANG, NH-54 -",,,ROAD TRANSPORT & HIGHWAYS,2009-11,2003-12,,196.0,,196.0,,,23.32,2009-07,,2010-12,,,,0,0,,,,FR_NOV_2009.pdf,Sector-Wise analysis of projects,52,519
FR_200911_520,,N24000063,520,"BRAHMPUTRA BRIDGE,NH NO-31 -",,,ROAD TRANSPORT & HIGHWAYS,2009-11,2003-12,,217.61,,217.61,,,60.8,2010-04,,2010-12,,,,0,0,,,,FR_NOV_2009.pdf,Sector-Wise analysis of projects,52,520
FR_200911_521,,N24000068,521,"CHAMBAL BRIDGE, NH-76 (RJ-5) -",RJ-5,,ROAD TRANSPORT & HIGHWAYS,2009-11,2003-12,,275.0,,281.31,,,165.7,2010-02,,2010-12,,,,0,0,,,,FR_NOV_2009.pdf,Sector-Wise analysis of projects,52,521
FR_200911_522,,N24000085,522,"GORAKHPUR BYPASS, NH-28, PHASE-II EAST-WEST CORRID -",,,ROAD TRANSPORT & HIGHWAYS,2009-11,2003-12,,600.24,,600.24,,,368.34,2009-10,,2010-12,,,,0,0,,,,FR_NOV_2009.pdf,Sector-Wise analysis of projects,52,522
FR_200911_523,,N24000089,523,"GWALIOR-JHANSI, NH-75 -",,,ROAD TRANSPORT & HIGHWAYS,2009-11,2003-12,,604.0,,604.0,,,188.3,2009-12,,2010-12,,,,0,0,,,,FR_NOV_2009.pdf,Sector-Wise analysis of projects,52,523
FR_200911_524,,N24000116,524,BALASORE BHADRAK (REVIVED) KM 136.5 - 199.14 NH-5 -,REVIVED,,ROAD TRANSPORT & HIGHWAYS,2009-11,2000-04,,228.7,,228.7,,,,2004-02,,2010-12,,,,0,0,,,,FR_NOV_2009.pdf,Sector-Wise analysis of projects,52,524
FR_200911_525,,N24000099,525,TRICHY - DINDIGUAL NH-45 -,,,ROAD TRANSPORT & HIGHWAYS,2009-11,2005-03,,576.0,,576.0,,,170.4,2010-07,,2011-01,,,,0,0,,,,FR_NOV_2009.pdf,Sector-Wise analysis of projects,52,525
FR_200911_526,,N24000102,526,SALEM - U / UNDRUPET(BOT -1/TN- 06) NH -68 -,BOT -1/TN- 06,,ROAD TRANSPORT & HIGHWAYS,2009-11,2005-03,,941.0,,941.0,,,266.6,2011-01,,2011-01,,,,0,0,,,,FR_NOV_2009.pdf,Sector-Wise analysis of projects,52,526
FR_200911_527,,N24000118,527,END OF DURG BYPASS- CHHATISGARH/MAHARASHTRA BORDER -,,,ROAD TRANSPORT & HIGHWAYS,2009-11,2008-01,,464.0,,464.0,,,169.3,2011-01,,2011-01,,,,0,0,,,,FR_NOV_2009.pdf,Sector-Wise analysis of projects,52,527
FR_200911_528,,N24000098,528,"AGRA-BYPASS(NS-1/UP-1),KM 176.8- 13.03 NH-2,3 -",NS-1/UP-1,,ROAD TRANSPORT & HIGHWAYS,2009-11,2003-12,,348.16,,348.16,,,102.1,2007-09,,2011-02,,,,0,0,,,,FR_NOV_2009.pdf,Sector-Wise analysis of projects,52,528
FR_200911_529,,240106223,529,"MEHSI TO KOTWA (LMNHP-II), PH.II, KM.480 TO KM.440, NH-28 -",LMNHP-II,,ROAD TRANSPORT & HIGHWAYS,2009-11,2003-12,,239.0,,239.0,,,179.1,2005-07,,2011-03,,,,0,0,,,,FR_NOV_2009.pdf,Sector-Wise analysis of projects,52,529
FR_200911_530,,240106224,530,"MUZZAFFARPUR TO MEHSI (LMNHP- 12), KM.520 TO 480, NH-28 -",LMNHP- 12,,ROAD TRANSPORT & HIGHWAYS,2009-11,2003-12,,275.0,,275.0,,,188.4,2005-07,,2011-03,,,,0,0,,,,FR_NOV_2009.pdf,Sector-Wise analysis of projects,52,530
FR_200911_531,,240106243,531,"KOTWA TO DEWAPUR(10 LMNHP),NH-28 PHASE-II, KM.440 TO KM.402 -",10 LMNHP,,ROAD TRANSPORT & HIGHWAYS,2009-11,2003-12,,240.0,50.0,240.0,,,139.7,2008-10,,2011-03,,,,0,0,,,,FR_NOV_2009.pdf,Sector-Wise analysis of projects,52,531
FR_200911_532,,N24000031,532,JHAJHARPUR TO DARBANGA (BR-7) -,BR-7,,ROAD TRANSPORT & HIGHWAYS,2009-11,2003-12,,340.0,,340.0,,,192.3,2008-09,,2011-03,,,,0,0,,,,FR_NOV_2009.pdf,Sector-Wise analysis of projects,53,532
FR_200911_533,,N24000108,533,DHOLPUR - MORENA SECTION (INCLUDING CHAMBOL BRIDGE -,,,ROAD TRANSPORT & HIGHWAYS,2009-11,2003-12,,232.45,,232.45,,,78.7,2010-09,,2011-03,,,,0,0,,,,FR_NOV_2009.pdf,Sector-Wise analysis of projects,53,533
FR_200911_534,,N24000119,534,KALGHAT-MP/MAHARASHTRA BORDER KM 16.6-84.70 -,,,ROAD TRANSPORT & HIGHWAYS,2009-11,2008-11,,549.0,,549.0,,,363.7,2010-05,,2011-05,,,,0,0,,,,FR_NOV_2009.pdf,Sector-Wise analysis of projects,53,534
FR_200911_535,,240106221,535,"GANGA BRIDGE TO RAMDEVI CROSSING PH.II NH-25, KM.75-80.06 -",,,ROAD TRANSPORT & HIGHWAYS,2009-11,2003-12,,155.0,,201.66,,,38.29,2008-09,,2011-06,,,,0,0,,,,FR_NOV_2009.pdf,Sector-Wise analysis of projects,53,535
FR_200911_536,,240106283,536,KELARPUR-PIMPALKATTI-KM 153 TO KM 175 -,,,ROAD TRANSPORT & HIGHWAYS,2009-11,2003-12,,117.4,,117.4,,,29.83,2008-11,,2011-06,,,,0,0,,,,FR_NOV_2009.pdf,Sector-Wise analysis of projects,53,536
FR_200911_537,,240101153,537,SUNAKHALA-GANJAM (GQ) KM.338- KM.284 (NH-5) -,NH-5,,ROAD TRANSPORT & HIGHWAYS,2009-11,2000-04,,225.0,,241.53,,,,2004-04,,2011-10,,,,0,0,,,,FR_NOV_2009.pdf,Sector-Wise analysis of projects,53,537
FR_200911_538,,N24000123,538,"PIMPALGAON-NASIK-GONDE, NH-3 (NHDP-PHASE-III) -",NHDP-PHASE-III,,ROAD TRANSPORT & HIGHWAYS,2009-11,2005-03,,940.0,,940.0,,,0.33,2012-07,,2012-07,,,,0,0,,,,FR_NOV_2009.pdf,Sector-Wise analysis of projects,53,538
FR_200911_539,,240106208,539,DEVDHARI-WADNER - Total,,,ROAD TRANSPORT & HIGHWAYS,2009-11,2003-12,,145.0,44015.85,145.0,,,24.71,2005-07,,,,,,0,0,,,,FR_NOV_2009.pdf,Sector-Wise analysis of projects,53,539
FR_200911_540,,N25000034,540,CONSTRUCTION OF CAR /CLEAN CARGO TERMINAL -,,,SHIPPING & PORTS,2009-11,2009-01,,100.0,,100.0,,,0.5,2010-01,,2010-01,,,,0,0,,,,FR_NOV_2009.pdf,Sector-Wise analysis of projects,53,540
FR_200911_541,,250100112,541,ESTABLISHMENT OF VESSEL TRAFFIC SERVICES IN GULF OF KUTCH -,,,SHIPPING & PORTS,2009-11,2002-01,,165.0,,165.0,,,65.6,2005-12,,2010-03,,,,0,0,,,,FR_NOV_2009.pdf,Sector-Wise analysis of projects,53,541
FR_200911_542,,N25000004,542,DEEPENING OF CHEENEL AT PARADIP PORT -,,,SHIPPING & PORTS,2009-11,2005-12,,154.84,,253.36,,,129.44,2007-06,2009-01,2010-03,,,,0,0,,,,FR_NOV_2009.pdf,Sector-Wise analysis of projects,53,542
FR_200911_543,,N25000013,543,ACQUISITION OF TWO NOS.OF 470000 DWT MR TANKERS -,,,SHIPPING & PORTS,2009-11,2006-12,,411.32,,411.32,,,342.92,2010-03,,2010-03,,,,0,0,,,,FR_NOV_2009.pdf,Sector-Wise analysis of projects,53,543
FR_200911_544,,N25000029,544,ACQUISITION OF 6 NOS. 60470 DWT LR-I PRODUCT TANKE -,,,SHIPPING & PORTS,2009-11,2006-10,,1658.59,,1658.59,,,368.23,2010-07,,2010-07,,,,0,0,,,,FR_NOV_2009.pdf,Sector-Wise analysis of projects,53,544
FR_200911_545,,250100175,545,SETHUSAMUDRAM SHIP CHANNEL PROJECT -,,,SHIPPING & PORTS,2009-11,2005-06,,2427.4,,2427.4,,,809.61,2008-10,,2010-11,,,,0,0,,,,FR_NOV_2009.pdf,Sector-Wise analysis of projects,53,545
FR_200911_546,,N25000015,546,RAIL CONNECTIVITY TO ICTT AT VALLARPADAM -,,,SHIPPING & PORTS,2009-11,2007-03,,245.67,,298.17,,,274.01,2009-04,,2010-11,,,,0,0,,,,FR_NOV_2009.pdf,Sector-Wise analysis of projects,53,546
FR_200911_547,,N25000030,547,ACQUISITION OF 2 NOS. OF 105000 DWT LR-II TANKERS -,,,SHIPPING & PORTS,2009-11,2007-08,,586.58,,586.58,,,241.64,2010-11,,2010-11,,,,0,0,,,,FR_NOV_2009.pdf,Sector-Wise analysis of projects,53,547
FR_200911_548,,N25000016,548,CONST. & DEV. OF 2 OFFSHORE CONTAINER BERTHS & TER -,,,SHIPPING & PORTS,2009-11,2007-11,,366.0,,366.0,,,1.43,2010-12,,2010-12,,,,0,0,,,,FR_NOV_2009.pdf,Sector-Wise analysis of projects,53,548
FR_200911_549,,N25000038,549,"OPERATION, MANAG. & MAINT. OF MULTI USER-JETTY FOR -",,,SHIPPING & PORTS,2009-11,2006-06,,230.0,,230.0,,,,2010-12,,2010-12,,,,0,0,,,,FR_NOV_2009.pdf,Sector-Wise analysis of projects,53,549
FR_200911_550,,N25000037,550,C/O IMPOUNDED DOCK AT TUNA FOR HANDELLING DRAFT VE -,,,SHIPPING & PORTS,2009-11,2005-04,,882.0,,882.0,,,0.16,2011-02,,2011-02,,,,0,0,,,,FR_NOV_2009.pdf,Sector-Wise analysis of projects,53,550
FR_200911_551,,N25000039,551,CONSTRUCTION OF 13 & 14 CARGO BERTH AT KANDLA -,,,SHIPPING & PORTS,2009-11,2005-12,,702.0,51.0,702.0,,,0.73,2011-03,,2011-03,,,,0,0,,,,FR_NOV_2009.pdf,Sector-Wise analysis of projects,53,551
FR_200911_552,,N25000014,552,ACQUISITION OF 4 NO. OF ANCHOR HANDLING CUM SUPPLY -,,,SHIPPING & PORTS,2009-11,2007-10,,359.44,,359.44,,,200.91,2011-04,,2011-04,,,,0,0,,,,FR_NOV_2009.pdf,Sector-Wise analysis of projects,54,552
FR_200911_553,,N25000032,553,ACQUISITION OF 4 NOS. OF 115000 DWT CRUDE OIL CARR -,,,SHIPPING & PORTS,2009-11,2008-08,,1108.12,,1168.42,,,341.48,2011-04,,2011-12,,,,0,0,,,,FR_NOV_2009.pdf,Sector-Wise analysis of projects,54,553
FR_200911_554,,N25000033,554,ACQUISITION OF 6 NOS. OF 57000 DWT HANDYMAX BULK C -,,,SHIPPING & PORTS,2009-11,2007-11,,1061.96,,1061.96,,,219.98,2012-03,,2012-01,,,,0,0,,,,FR_NOV_2009.pdf,Sector-Wise analysis of projects,54,554
FR_200911_555,,N25000031,555,ACQUISITION OF 4 NOS. OF 80655 DWT PANAMAX BULK CA -,,,SHIPPING & PORTS,2009-11,2008-08,,1066.91,,968.35,,,222.91,2012-09,,2012-08,,,,0,0,,,,FR_NOV_2009.pdf,Sector-Wise analysis of projects,54,555
FR_200911_556,,N25000003,556,DEEPENING AND WIDENING OF MAIN HARBOUR CHANNEL AND -,,,SHIPPING & PORTS,2009-11,2005-10,,800.0,,800.0,,,4.24,2008-10,,,,,,0,0,,,,FR_NOV_2009.pdf,Sector-Wise analysis of projects,54,556
FR_200911_557,,N25000035,557,"ENNORE MANALI EXPRESS WAY,F/O SPECIAL PURPOSE VEHI - Total",,,SHIPPING & PORTS,2009-11,2002-10,,150.0,12475.83,309.0,,,23.26,2005-09,,,,,,0,0,,,,FR_NOV_2009.pdf,Sector-Wise analysis of projects,54,557
FR_200911_558,,260100099,558,PROJ.III OF NIB-II OF MESSAGING STORAGE -,,,TELECOMMUNICATIONS,2009-11,2003-11,,250.0,,425.51,,,68.5,2005-12,,2009-10,,,,0,0,,,,FR_NOV_2009.pdf,Sector-Wise analysis of projects,54,558
FR_200911_559,,N26000028,559,COMMISSIONING OF GSM EQUIPMENT OF 650K LINES (PH- -,,,TELECOMMUNICATIONS,2009-11,2006-11,,364.52,,364.52,,,51.44,2006-12,,2009-10,,,,0,0,,,,FR_NOV_2009.pdf,Sector-Wise analysis of projects,54,559
FR_200911_560,,N26000037,560,NIB-II PROJECT RURAL BROADBAND -,,,TELECOMMUNICATIONS,2009-11,2007-12,,312.86,,353.0,,,119.28,2008-02,,2009-10,,,,0,0,,,,FR_NOV_2009.pdf,Sector-Wise analysis of projects,54,560
FR_200911_561,,N26000038,561,500K BROADBAND ACCESS H/W EQUIPMENT DELHI AND MUMB -,,,TELECOMMUNICATIONS,2009-11,2007-04,,134.25,,133.75,,,34.05,2008-06,,2009-10,,,,0,0,,,,FR_NOV_2009.pdf,Sector-Wise analysis of projects,54,561
FR_200911_562,,N26000049,562,EXPANSION OF 750K GSM LINES -,,,TELECOMMUNICATIONS,2009-11,2006-10,,278.16,,278.16,,,157.32,2008-12,,2009-10,,,,0,0,,,,FR_NOV_2009.pdf,Sector-Wise analysis of projects,54,562
FR_200911_563,,N26000011,563,CONVERGENT BILLING AND CRM- MTNL(DELHI) -,DELHI,,TELECOMMUNICATIONS,2009-11,2005-12,,249.0,,229.41,,,67.67,2007-02,,2009-11,,,,0,0,,,,FR_NOV_2009.pdf,Sector-Wise analysis of projects,54,563
FR_200911_564,,N26000062,564,"Assam Telecom Circle, Phase-V.I, 2G & 3G -",,,TELECOMMUNICATIONS,2009-11,2007-06,,336.81,,174.36,,,64.5,2009-01,,2009-11,,,,0,0,,,,FR_NOV_2009.pdf,Sector-Wise analysis of projects,54,564
FR_200911_565,,N26000016,565,CONVERGENT BILLING AND CRM(MUMBAI) -,MUMBAI,,TELECOMMUNICATIONS,2009-11,2006-01,,247.0,,247.0,,,119.5,2007-02,,2009-12,,,,0,0,,,,FR_NOV_2009.pdf,Sector-Wise analysis of projects,54,565
FR_200911_566,,N26000029,566,EXPANSION OF EXISTING 750K GSM NETWORK PE NO. 992 -,,,TELECOMMUNICATIONS,2009-11,2006-06,,231.38,,168.3,,,92.61,2007-10,,2009-12,,,,0,0,,,,FR_NOV_2009.pdf,Sector-Wise analysis of projects,54,566
FR_200911_567,,N26000034,567,GSM BASED NETWORK EXPANSION PLAN PH-4 -,,,TELECOMMUNICATIONS,2009-11,2007-02,,239.19,,239.19,,,104.48,2008-04,,2009-12,,,,0,0,,,,FR_NOV_2009.pdf,Sector-Wise analysis of projects,54,567
FR_200911_568,,N26000036,568,KOLKATA TELECOM DISTRICT PH-4 -,,,TELECOMMUNICATIONS,2009-11,2006-09,,208.5,,208.5,,,146.38,2008-09,,2009-12,,,,0,0,,,,FR_NOV_2009.pdf,Sector-Wise analysis of projects,54,568
FR_200911_569,,N26000039,569,GSM EQUIPMENT OF 900K LINES(2G) AND 300K LINES(3G) -,3G,,TELECOMMUNICATIONS,2009-11,2007-06,,601.49,,601.49,,,399.77,2008-12,,2009-12,,,,0,0,,,,FR_NOV_2009.pdf,Sector-Wise analysis of projects,54,569
FR_200911_570,,N26000040,570,GSM EQUIPMENT OF 216650 LINES(2G) PH-5.1 -,2G,,TELECOMMUNICATIONS,2009-11,2008-01,,192.48,,192.48,,,81.36,2009-03,,2009-12,,,,0,0,,,,FR_NOV_2009.pdf,Sector-Wise analysis of projects,54,570
FR_200911_571,,N26000041,571,GSM EQUIPMENT OF 390K LINES(2G) AND 130K LINES(3G) -,3G,,TELECOMMUNICATIONS,2009-11,2008-02,,373.94,52.0,373.94,,,155.56,2008-12,,2009-12,,,,0,0,,,,FR_NOV_2009.pdf,Sector-Wise analysis of projects,54,571
FR_200911_572,,N26000042,572,GSM EQUIPMENT OF 1006280 LINES IN TAMILNADU PH-4.5 -,,,TELECOMMUNICATIONS,2009-11,2008-06,,409.21,,483.54,,,470.24,2008-12,,2009-12,,,,0,0,,,,FR_NOV_2009.pdf,Sector-Wise analysis of projects,55,572
FR_200911_573,,N26000045,573,GSM EQUIPMENT OF 1162K LINES PH-4.5 -,,,TELECOMMUNICATIONS,2009-11,2008-03,,325.0,,325.0,,,233.23,2008-12,,2009-12,,,,0,0,,,,FR_NOV_2009.pdf,Sector-Wise analysis of projects,55,573
FR_200911_574,,N26000046,574,GSM EQUIPMENT OF 700K LINES(2G) AND 150K LINES(3G) -,3G,,TELECOMMUNICATIONS,2009-11,2007-11,,277.34,,277.34,,,177.49,2009-03,,2009-12,,,,0,0,,,,FR_NOV_2009.pdf,Sector-Wise analysis of projects,55,574
FR_200911_575,,N26000050,575,GSM EQUIPMENT-480K LINES(2G) & 220K LINES(3G) IN -,3G,,TELECOMMUNICATIONS,2009-11,2007-05,,335.91,,335.91,,,10.96,2009-03,,2009-12,,,,0,0,,,,FR_NOV_2009.pdf,Sector-Wise analysis of projects,55,575
FR_200911_576,,N26000052,576,DELHI EXP. OF 1250K LINES OF 2G/3G GSM LINES -,,,TELECOMMUNICATIONS,2009-11,2007-02,,463.61,,463.61,,,66.5,2009-12,,2009-12,,,,0,0,,,,FR_NOV_2009.pdf,Sector-Wise analysis of projects,55,576
FR_200911_577,,N26000058,577,UTTARANCHAL TELECOM CIRCLE PHASE-VI (2G & 3G) -,2G & 3G,,TELECOMMUNICATIONS,2009-11,2009-01,,149.15,,149.15,,,40.87,2009-06,,2009-12,,,,0,0,,,,FR_NOV_2009.pdf,Sector-Wise analysis of projects,55,577
FR_200911_578,,N26000060,578,"BIHAR TELECOM CIRCLE PHASE-V.1, 2G &3G -",,,TELECOMMUNICATIONS,2009-11,2007-04,,366.0,,366.0,,,,2009-09,,2009-12,,,,0,0,,,,FR_NOV_2009.pdf,Sector-Wise analysis of projects,55,578
FR_200911_579,,N26000061,579,EXPANSION OF EXISTING 2G&3G GSM N/W BY 750 KPE NO -,,,TELECOMMUNICATIONS,2009-11,2008-10,,180.53,,180.53,,,9.86,2009-12,,2009-12,,,,0,0,,,,FR_NOV_2009.pdf,Sector-Wise analysis of projects,55,579
FR_200911_580,,260100051,580,NATIONAL RADIO SPECTRUM MANAGEMENTand MONIT. SY. I -,,,TELECOMMUNICATIONS,2009-11,2000-08,,279.97,,172.04,,,136.16,2004-12,,2010-02,,,,0,0,,,,FR_NOV_2009.pdf,Sector-Wise analysis of projects,55,580
FR_200911_581,,N26000043,581,GSM EQUIPMENT OF 3125K LINES(2G) AND 625K LINES(3 -,2G,,TELECOMMUNICATIONS,2009-11,2008-09,,1799.94,,1799.94,,,29.32,2009-09,,2010-06,,,,0,0,,,,FR_NOV_2009.pdf,Sector-Wise analysis of projects,55,581
FR_200911_582,,N26000051,582,GSM EQUIPMENT OF 1625K LINES(2G) & 325K LINES IN M -,2G,,TELECOMMUNICATIONS,2009-11,2008-06,,908.3,,916.7,,,151.7,2009-08,,2010-06,,,,0,0,,,,FR_NOV_2009.pdf,Sector-Wise analysis of projects,55,582
FR_200911_583,,260100095,583,GSM EXPANSION PH.IV (B) (BSNL) MAHARASHTRA -,BSNL,,TELECOMMUNICATIONS,2009-11,2005-07,,1174.75,,1174.75,,,371.41,2006-03,,,,,,0,0,,,,FR_NOV_2009.pdf,Sector-Wise analysis of projects,55,583
FR_200911_584,,N26000015,584,IMPLEMENTATION AND EXECUTION OF NEW TECHNOLOGY -,,,TELECOMMUNICATIONS,2009-11,2004-10,,160.0,,135.0,,,94.77,2006-06,,,,,,0,0,,,,FR_NOV_2009.pdf,Sector-Wise analysis of projects,55,584
FR_200911_585,,N26000026,585,EXP. OF 750K GSM LINES OF 2.5 GSM AND VALIDATION EQU - Total,,,TELECOMMUNICATIONS,2009-11,2007-02,,741.77,11591.06,278.16,,,151.37,2007-10,,,,,,0,0,,,,FR_NOV_2009.pdf,Sector-Wise analysis of projects,55,585
FR_200911_586,,N28000016,586,C/O GENERAL POOL OFFICE COMPLEX AT INA -,,,URBAN DEVELOPMENT,2009-11,2004-10,,83.67,,135.03,,,,2010-02,,2010-02,,,,0,0,,,,FR_NOV_2009.pdf,Sector-Wise analysis of projects,55,586
FR_200911_587,,280100002,587,DELHI MRTS PHASE-II PROJECT -,,,URBAN DEVELOPMENT,2009-11,2005-08,,8118.0,8605.36,8676.0,,,11807.84,2010-06,,2010-10,,,,0,7,,,,FR_NOV_2009.pdf,Sector-Wise analysis of projects,55,587
FR_200911_588,,N28000008,588,BANGALORE METRO RAIL PROJECT - Total,,,URBAN DEVELOPMENT,2009-11,2006-05,,6395.0,8158.0,6395.0,,,1636.24,2011-12,2012-09,2011-12,,,,0,0,,,,FR_NOV_2009.pdf,Sector-Wise analysis of projects,55,588
FR_200911_589,,300100001,589,PAGLADIYA DAM PROJECT - Total,,,WATER RESOURCES,2009-11,2001-01,,542.9,542.9,1187.0,,,35.49,2007-12,,2012-12,,,,0,0,,,,FR_NOV_2009.pdf,Sector-Wise analysis of projects,55,589
