observation_id,project_id,project_code,serial_no,project_name,agency,state,sector,report_date,approval_date,approval_date_revised,original_cost_crore,revised_cost_crore,anticipated_cost_crore,cost_overrun_original_crore,cost_overrun_revised_crore,cumulative_expenditure_crore,original_completion_date,revised_completion_date,anticipated_completion_date,time_overrun_original_months,time_overrun_revised_months,additional_delay_months,milestones_achieved,milestones_total,physical_progress_pct,delay_reason,status,source.report,source.table,source.page,source.serial_no
FR_200806_001,,,1,NEW URANIUM ORE PROCESSING MILL,,,ATOMIC ENERGY,2008-06,2003-09,,343.26,,343.26,0.0,,314.53,2006-06,,2008-07,25.0,,,35,36,,,,MonthlyFR_june_2008.pdf,Sector-Wise analysis of projects,8,1
FR_200806_002,,,2,"KAIGA ATOM IC POWER PROJECT 3 & 4 UNITS, KAIGA",,,ATOMIC ENERGY,2008-06,2001-05,,4213.0,,3282.0,-931.0,,2234.0,2009-10,,2008-11,-11.0,,2.0,71,75,,,,MonthlyFR_june_2008.pdf,Sector-Wise analysis of projects,8,2
FR_200806_003,,,3,"RAJASTHAN ATOMIC POWER PROJECT 5 & 6, RAWAT BHATA",,,ATOMIC ENERGY,2008-06,2002-04,,3072.0,,3072.0,0.0,,1893.0,2008-02,,2009-03,13.0,,,55,75,,,,MonthlyFR_june_2008.pdf,Sector-Wise analysis of projects,8,3
FR_200806_004,,,4,KUDANKULAM APP (NPCIL),NPCIL,,ATOMIC ENERGY,2008-06,2001-12,,13171.0,,13171.0,0.0,,10592.0,2008-12,,2010-03,15.0,,,50,119,,,,MonthlyFR_june_2008.pdf,Sector-Wise analysis of projects,8,4
FR_200806_005,,,5,PROTOTYPE FAST BREEDER REACTOR,,,ATOMIC ENERGY,2008-06,2003-09,,3492.0,,3492.0,0.0,,1082.56,2010-09,,2010-09,0.0,,,11,76,,,,MonthlyFR_june_2008.pdf,Sector-Wise analysis of projects,8,5
FR_200806_006,,,6,Construction of New Internation Terminal Building,,,ATOMIC ENERGY,2008-06,2006-10,,245.58,,245.58,0.0,,69.1,2008-12,,2008-12,0.0,,,13,28,,,,MonthlyFR_june_2008.pdf,Sector-Wise analysis of projects,8,6
FR_200806_007,,,7,CONSTRUCTION OF NEW INTERNATIONAL TERMINAL BUILDING,,,ATOMIC ENERGY,2008-06,2007-02,,290.92,,290.92,0.0,,52.36,2009-02,,2009-02,0.0,,,8,24,,,,MonthlyFR_june_2008.pdf,Sector-Wise analysis of projects,8,7
FR_200806_008,,,8,BALRAM OCP EXTENSION (MCL),,,COAL,2008-06,2007-12,,172.08,,172.08,0.0,,70.0,2009-03,,2009-03,0.0,,,0,0,,,,MonthlyFR_june_2008.pdf,Sector-Wise analysis of projects,8,8
FR_200806_009,,,9,TPS-II EXPANSION (1470MW TO 1970MW) (NLC),NLC,,COAL,2008-06,2004-10,,2030.78,,2453.57,422.79,,1309.53,2009-06,,2009-06,0.0,,,6,24,,,,MonthlyFR_june_2008.pdf,Sector-Wise analysis of projects,8,9
FR_200806_010,,,10,BARSINGSAR TPS OF 250 MW,,,COAL,2008-06,2004-12,,1114.18,,1626.09,511.91,,841.27,2009-06,,2009-06,0.0,,,10,26,,,,MonthlyFR_june_2008.pdf,Sector-Wise analysis of projects,8,10
FR_200806_011,,,11,BARSINGSAR LIGNITE MINE,,,COAL,2008-06,2004-12,,254.07,,254.6,0.53,,159.15,2009-06,,2009-06,0.0,,,8,21,,,,MonthlyFR_june_2008.pdf,Sector-Wise analysis of projects,8,11
FR_200806_012,,,12,EXPANSION OF MINE-II,,,COAL,2008-06,2004-10,,2161.28,,2295.93,134.65,,1281.09,2009-06,,2009-06,0.0,,,12,23,,,,MonthlyFR_june_2008.pdf,Sector-Wise analysis of projects,8,12
FR_200806_013,,,13,KULDA OCP,,,COAL,2008-06,2005-01,,302.96,,302.96,0.0,,49.47,2010-03,,2010-03,0.0,,,0,4,,,,MonthlyFR_june_2008.pdf,Sector-Wise analysis of projects,8,13
FR_200806_014,,,14,KRISHNASHILA,,,COAL,2008-06,2006-05,,789.88,,,0.0,,124.87,2010-03,,,0.0,,,1,4,,,,MonthlyFR_june_2008.pdf,Sector-Wise analysis of projects,8,14
FR_200806_015,,,15,JHANJRA LONGWAL UG PHASE-II,,,COAL,2008-06,2006-11,,287.18,,287.17,-0.01,,,2009-11,,2010-03,4.0,,,0,1,,,,MonthlyFR_june_2008.pdf,Sector-Wise analysis of projects,9,15
FR_200806_016,,,16,DIPKA EXPANSION OCP,,,COAL,2008-06,2005-07,,1268.53,,1268.53,0.0,,536.69,2010-03,,2010-03,0.0,,,2,7,,,,MonthlyFR_june_2008.pdf,Sector-Wise analysis of projects,9,16
FR_200806_017,,,17,"GEVRA EXPANSION OCP, 25MTY (SECL)",,,COAL,2008-06,2005-07,,1667.55,,1667.55,0.0,,581.7,2010-03,,2010-03,0.0,,,5,12,,,,MonthlyFR_june_2008.pdf,Sector-Wise analysis of projects,9,17
FR_200806_018,,,18,BHARATPUR OC EXPANSION PHASE-III PROJECT,,,COAL,2008-06,2007-02,,131.39,,131.39,0.0,,21.0,2010-03,,2010-03,0.0,,,0,2,,,,MonthlyFR_june_2008.pdf,Sector-Wise analysis of projects,9,18
FR_200806_019,,,19,KUSMUNDA EXPANSION OCP,,,COAL,2008-06,2006-06,,737.65,,737.65,0.0,,477.57,2011-03,,2011-03,0.0,,,1,3,,,,MonthlyFR_june_2008.pdf,Sector-Wise analysis of projects,9,19
FR_200806_020,,,20,ASHOK OC EXPANSION,,,COAL,2008-06,2006-04,,471.66,341.63,471.66,0.0,130.03,99.77,2011-03,,2011-03,0.0,,,2,3,,,,MonthlyFR_june_2008.pdf,Sector-Wise analysis of projects,9,20
FR_200806_021,,,21,BLOCK-B OCP NCL (3.5 MTY),,,COAL,2008-06,2006-07,,746.04,,746.04,0.0,,96.79,2012-03,,2012-03,0.0,,,2,4,,,,MonthlyFR_june_2008.pdf,Sector-Wise analysis of projects,9,21
FR_200806_022,,,22,SHANTIKHANI LONGWALL PROJECTS,,,COAL,2008-06,2006-10,,249.03,,249.03,0.0,,23.16,2012-03,,2012-03,0.0,,,1,4,,,,MonthlyFR_june_2008.pdf,Sector-Wise analysis of projects,9,22
FR_200806_023,,,23,"NIGAHI OC EXPANSION PROJECT 10 MTY TO 15 MTY, SINGRAULI",,,COAL,2008-06,2007-10,,529.4,,259.4,-270.0,,,2012-03,,2012-03,0.0,,,0,0,,,,MonthlyFR_june_2008.pdf,Sector-Wise analysis of projects,9,23
FR_200806_024,,,24,KANIHA OCP,,,COAL,2008-06,2007-12,,457.77,,457.77,0.0,,34.99,2012-03,,2012-03,0.0,,,0,2,,,,MonthlyFR_june_2008.pdf,Sector-Wise analysis of projects,9,24
FR_200806_025,,,25,MAGADH OC (CCL),CCL,,COAL,2008-06,2006-07,,469.78,,469.78,0.0,,3.23,2012-07,,2012-07,0.0,,,0,3,,,,MonthlyFR_june_2008.pdf,Sector-Wise analysis of projects,9,25
FR_200806_026,,,26,GOPAL PRASAD OCP,,,COAL,2008-06,2008-02,,395.87,,395.87,0.0,,14.2,2013-03,,2013-03,0.0,,,0,0,,,,MonthlyFR_june_2008.pdf,Sector-Wise analysis of projects,9,26
FR_200806_027,,,27,JALLARAM SHAFT PROJECT UG,,,COAL,2008-06,2007-09,,467.78,,467.78,0.0,,9.64,2013-03,,2013-03,0.0,,,1,7,,,,MonthlyFR_june_2008.pdf,Sector-Wise analysis of projects,9,27
FR_200806_028,,,28,ADRIYALA SHAFT PROJECT,,,COAL,2008-06,2006-09,,212.34,,212.34,0.0,,8.39,2013-03,,2013-03,0.0,,,2,11,,,,MonthlyFR_june_2008.pdf,Sector-Wise analysis of projects,9,28
FR_200806_029,,,29,BHUBANESWARI OCP,,,COAL,2008-06,2007-12,,490.1,,490.1,0.0,,35.68,2014-03,,2014-03,0.0,,,0,0,,,,MonthlyFR_june_2008.pdf,Sector-Wise analysis of projects,9,29
FR_200806_030,,,30,BINA EXTENSION OC PROJECT,,,COAL,2008-06,2006-11,,168.97,,168.97,0.0,,36.07,2014-03,,2014-03,0.0,,,2,2,,,,MonthlyFR_june_2008.pdf,Sector-Wise analysis of projects,9,30
FR_200806_031,,,31,AMLOHRI EXPANSION PROJECT 4 TO 10 (6 MTY),,,COAL,2008-06,2006-05,,1352.04,,1352.04,0.0,,0.15,2014-03,,2014-03,0.0,,,2,4,,,,MonthlyFR_june_2008.pdf,Sector-Wise analysis of projects,9,31
FR_200806_032,,,32,TALABIRA OCP,,,COAL,2008-06,2008-03,,447.72,,,0.0,,,2015-03,,,0.0,,,0,0,,,,MonthlyFR_june_2008.pdf,Sector-Wise analysis of projects,9,32
FR_200806_033,,,33,POOTKI BALIHARI UG,,,COAL,2008-06,1983-12,1997-04,199.87,199.87,182.6,-17.27,-17.27,173.75,1994-03,2000-03,,,,,5,5,,,,MonthlyFR_june_2008.pdf,Sector-Wise analysis of projects,10,33
FR_200806_034,,,34,SECOND PHASE EXPANSION OF NALCO,,,MINES,2008-06,2004-10,,4091.51,,4091.51,0.0,,1309.15,2008-12,,2008-12,0.0,,,25,111,,,,MonthlyFR_june_2008.pdf,Sector-Wise analysis of projects,10,34
FR_200806_035,,,35,"COKE OVEN BATTERY No.4 RASHTRIYA ISPAT NIGAM LTD.,VIZAG",,,STEEL,2008-06,2003-12,,286.63,,355.21,68.58,,289.12,2006-12,,2008-08,20.0,,,0,21,,,,MonthlyFR_june_2008.pdf,Sector-Wise analysis of projects,10,35
FR_200806_036,,,36,REBUILDING OF COKE OVEN BATTERY No.5,,,STEEL,2008-06,2004-12,,219.04,,219.04,0.0,,129.16,2007-01,,2008-08,19.0,,1.0,4,10,,,,MonthlyFR_june_2008.pdf,Sector-Wise analysis of projects,10,36
FR_200806_037,,,37,"INSTALLATION OF SLAB CASTLER, RH DEGASSER AND LADLE FURNACE",,,STEEL,2008-06,2005-07,,520.76,,520.76,0.0,,383.48,2007-09,,2008-09,12.0,,2.0,6,7,,,,MonthlyFR_june_2008.pdf,Sector-Wise analysis of projects,10,37
FR_200806_038,,,38,INSTALLATION OF MSDS-V & TRANSMISSION NETWORK,,,STEEL,2008-06,2007-05,,143.02,,143.02,0.0,,49.59,2008-11,,2008-11,0.0,,,0,0,,,,MonthlyFR_june_2008.pdf,Sector-Wise analysis of projects,10,38
FR_200806_039,,,39,COAL DUST INJECTION SYSTEM IN BLAST FURNACE-2 & 3,,,STEEL,2008-06,2006-04,,132.73,,133.92,1.19,,53.52,2008-05,,2008-11,6.0,,,1,2,,,,MonthlyFR_june_2008.pdf,Sector-Wise analysis of projects,10,39
FR_200806_040,,,40,Coking Coal Storage Facilities in Coal Handling Plant,,,STEEL,2008-06,2006-09,,133.91,,134.32,0.41,,52.1,2008-03,,2008-11,8.0,,1.0,1,3,,,,MonthlyFR_june_2008.pdf,Sector-Wise analysis of projects,10,40
FR_200806_041,,,41,INSTALLATION OF 700 TONNES PER DAY OXYGEN PLANT,,,STEEL,2008-06,2007-07,,302.7,,302.7,0.0,,26.21,2009-06,,2009-06,0.0,,,0,0,,,,MonthlyFR_june_2008.pdf,Sector-Wise analysis of projects,10,41
FR_200806_042,,,42,INSTALLATION OF NEW COKE OVEN GAS HOLDER,,,STEEL,2008-06,2007-07,,123.22,,123.22,0.0,,33.7,2009-06,,2009-06,0.0,,,0,0,,,,MonthlyFR_june_2008.pdf,Sector-Wise analysis of projects,10,42
FR_200806_043,,,43,700 tpd Air Separation Unit-4 at Oxygen Plant-II,,,STEEL,2008-06,2007-07,,244.3,,244.3,0.0,,4.52,2009-07,,2009-07,0.0,,,0,0,,,,MonthlyFR_june_2008.pdf,Sector-Wise analysis of projects,10,43
FR_200806_044,,,44,Rebuilding of Blast Furnance No.2,,,STEEL,2008-06,2007-10,,892.32,,892.32,0.0,,50.99,2009-08,,2009-08,0.0,,,0,0,,,,MonthlyFR_june_2008.pdf,Sector-Wise analysis of projects,10,44
FR_200806_045,,,45,REBUILDING OF COKE OVEN BATTERY NO.4,,,STEEL,2008-06,2007-05,,248.94,,248.94,0.0,,31.84,2009-08,,2009-08,0.0,,,0,0,,,,MonthlyFR_june_2008.pdf,Sector-Wise analysis of projects,10,45
FR_200806_046,,,46,Installation of Turbo Blower - 8 in Turbo Blower Station,,,STEEL,2008-06,2007-10,,105.33,,105.33,0.0,,,2009-08,,2009-08,0.0,,,0,0,,,,MonthlyFR_june_2008.pdf,Sector-Wise analysis of projects,10,46
FR_200806_047,,,47,REBUILDING OF COKE,,,STEEL,2008-06,2007-03,,416.5,,,0.0,,44.51,2009-09,,,0.0,,,0,0,,,,MonthlyFR_june_2008.pdf,Sector-Wise analysis of projects,10,47
FR_200806_048,,,48,PULVERISED COAL INJECTION SYSTEM FOR BF-1 & 2,,,STEEL,2008-06,2007-11,,125.0,,133.0,8.0,,,2009-09,,2009-09,0.0,,,0,0,,,,MonthlyFR_june_2008.pdf,Sector-Wise analysis of projects,11,48
FR_200806_049,,,49,Development of Bailadila Iron Ore project Deposite- 11B,,,STEEL,2008-06,2003-01,,295.89,,468.0,172.11,,47.77,2009-10,,2009-10,0.0,,,2,20,,,,MonthlyFR_june_2008.pdf,Sector-Wise analysis of projects,11,49
FR_200806_050,,,50,SIMULTANEOUS BLOWING OF BOF CONVERTER OF SMS-II,,,STEEL,2008-06,2008-01,,197.66,,197.66,0.0,,,2009-10,,2009-10,0.0,,,0,0,,,,MonthlyFR_june_2008.pdf,Sector-Wise analysis of projects,11,50
FR_200806_051,,,51,Enhancement of Loading capacity at Bolani Iron Ore Mine,,,STEEL,2008-06,2008-06,,124.88,,124.88,0.0,,,2009-12,,2009-12,0.0,,,0,0,,,,MonthlyFR_june_2008.pdf,Sector-Wise analysis of projects,11,51
FR_200806_052,,,52,Rebuilding of Coke Oven Battery No.1 & 2,,,STEEL,2008-06,2007-10,,500.9,,500.9,0.0,,,2010-04,,2010-04,0.0,,,0,0,,,,MonthlyFR_june_2008.pdf,Sector-Wise analysis of projects,11,52
FR_200806_053,,,53,COKE OVEN BATTERY NO.4 PHASE-II,,,STEEL,2008-06,2007-08,,108.0,,119.0,11.0,,,2009-10,,2010-05,7.0,,,0,0,,,,MonthlyFR_june_2008.pdf,Sector-Wise analysis of projects,11,53
FR_200806_054,,,54,"POWER PLANT-I,",,,STEEL,2008-06,2007-09,,462.0,,465.0,3.0,,39.79,2009-12,,2010-06,6.0,,,0,0,,,,MonthlyFR_june_2008.pdf,Sector-Wise analysis of projects,11,54
FR_200806_055,,,55,EXPANSION OF RINL/VSP FROM 3 MTPY-6.3 MTPY OF LIQUID STEEL,,,STEEL,2008-06,2005-10,,8692.0,,12732.0,4040.0,,1773.0,2009-10,,2010-10,12.0,,,0,126,,,,MonthlyFR_june_2008.pdf,Sector-Wise analysis of projects,11,55
FR_200806_056,,,56,DABHOL-PANVEL PIPELINE PROJECT,,,PETROLEUM,2008-06,2006-01,,1143.54,,1100.0,-43.54,,790.51,2007-07,,2008-08,13.0,,2.0,6,13,,,,MonthlyFR_june_2008.pdf,Sector-Wise analysis of projects,11,56
FR_200806_057,,,57,GREEN FUELS & EMISSION CONTROL PROJECT AT MUMBAI REFINERY,,,PETROLEUM,2008-06,2002-10,,1152.0,,1731.01,579.01,,1311.1,2005-04,,2008-08,40.0,,,64,72,,,,MonthlyFR_june_2008.pdf,Sector-Wise analysis of projects,11,57
FR_200806_058,,,58,PANIPAT-JALANDHAR LPG PIPELINE,,,PETROLEUM,2008-06,2006-05,,186.72,,158.0,-28.72,,113.0,2008-08,,2008-08,0.0,,,0,0,,,,MonthlyFR_june_2008.pdf,Sector-Wise analysis of projects,11,58
FR_200806_059,,,59,KOYALI-RATLAM PRODUCT PIPLINE,,,PETROLEUM,2008-06,2004-12,,224.69,,194.28,-30.41,,169.32,2006-12,,2008-10,22.0,,,0,0,,,,MonthlyFR_june_2008.pdf,Sector-Wise analysis of projects,11,59
FR_200806_060,,,60,PROPYLENE RECOVERY UNIT AT MUMBAI REFINARY,,,PETROLEUM,2008-06,2006-10,,342.65,,342.65,0.0,,,2008-10,,2008-10,0.0,,,0,0,,,,MonthlyFR_june_2008.pdf,Sector-Wise analysis of projects,11,60
FR_200806_061,,,61,CLEAN FUELS PROJECT VIZAG REFINERY MODERNISATION,,,PETROLEUM,2008-06,2003-04,,1635.0,,2147.79,512.79,,2015.31,2006-05,,2008-12,31.0,,,14,45,,,,MonthlyFR_june_2008.pdf,Sector-Wise analysis of projects,11,61
FR_200806_062,,,62,AUGMENTATION OF MUNDRA-PANIPAT LINE,,,PETROLEUM,2008-06,2005-06,,205.0,,165.0,-40.0,,44.41,2008-03,,2008-12,9.0,,,0,0,,,,MonthlyFR_june_2008.pdf,Sector-Wise analysis of projects,11,62
FR_200806_063,,,63,C2-C3 & LPG,,,PETROLEUM,2008-06,2003-12,,900.92,,,592.57,,474.78,2006-06,,,30.0,,,0,0,,,,MonthlyFR_june_2008.pdf,Sector-Wise analysis of projects,11,63
FR_200806_064,,,64,DEVELOPMENT OF C- SERIES FIELDS,,,PETROLEUM,2008-06,2006-08,,3195.16,,1800.0,-1395.16,,540.55,2008-12,,2008-12,0.0,,,0,0,,,,MonthlyFR_june_2008.pdf,Sector-Wise analysis of projects,12,64
FR_200806_065,,,65,"DEVELOPMENT OF BASSEIN (VASAI) EAST, WESTERN OFFSHORE",,,PETROLEUM,2008-06,2003-04,,985.17,,1688.38,703.21,,910.46,2006-03,,2008-12,33.0,,,0,0,,,,MonthlyFR_june_2008.pdf,Sector-Wise analysis of projects,12,65
FR_200806_066,,,66,PARADIP-HALDIA CRUDE OIL PIPLINE SYSTEM,,,PETROLEUM,2008-06,2004-03,,1178.0,,1178.0,0.0,,1113.08,2006-03,2008-01,2008-12,33.0,11.0,6.0,0,0,,,,MonthlyFR_june_2008.pdf,Sector-Wise analysis of projects,12,66
FR_200806_067,,,67,DADRI PANIPAT LNG PIPLINE,,,PETROLEUM,2008-06,2005-06,,250.66,,298.0,47.34,,147.57,2008-06,,2009-01,7.0,,,0,0,,,,MonthlyFR_june_2008.pdf,Sector-Wise analysis of projects,12,67
FR_200806_068,,,68,DEVELOPMENT OF B-22 CLUSTER FIELDS,,,PETROLEUM,2008-06,2007-01,,1552.63,,1552.63,0.0,,4.73,2009-02,2010-09,2009-02,0.0,-19.0,,0,0,,,,MonthlyFR_june_2008.pdf,Sector-Wise analysis of projects,12,68
FR_200806_069,,,69,"IMPROVED OIL RECOVERY PROJECT, RUDRASAGAR",,,PETROLEUM,2008-06,2001-09,,113.9,,219.22,105.32,,127.12,2006-03,,2009-03,36.0,,,6,6,,,,MonthlyFR_june_2008.pdf,Sector-Wise analysis of projects,12,69
FR_200806_070,,,70,INTEGRATED DEVELOPMENT OF G1 & GS-15 FIELDS,,,PETROLEUM,2008-06,2003-04,,429.82,,1262.93,833.11,,1073.07,2005-03,,2009-04,49.0,,,0,0,,,,MonthlyFR_june_2008.pdf,Sector-Wise analysis of projects,12,70
FR_200806_071,,,71,Mumbai High South Redevelopment Phase-II,,,PETROLEUM,2008-06,2007-06,,1252.75,,1252.75,0.0,,,2009-06,,2009-06,0.0,,,0,0,,,,MonthlyFR_june_2008.pdf,Sector-Wise analysis of projects,12,71
FR_200806_072,,,72,CHENNAI-BANGLORE PIPLINE,,,PETROLEUM,2008-06,2007-07,,232.11,,232.11,0.0,,4.78,2009-07,,2009-07,0.0,,,0,0,,,,MonthlyFR_june_2008.pdf,Sector-Wise analysis of projects,12,72
FR_200806_073,,,73,"CRUDE OIL RECEIPT FACILITY, KOCHI REFINERY",,,PETROLEUM,2008-06,2006-04,,2591.8,,2591.8,0.0,,276.95,2009-09,,2009-09,0.0,,,0,0,,,,MonthlyFR_june_2008.pdf,Sector-Wise analysis of projects,12,73
FR_200806_074,,,74,DIESEL HYDROGEN TREATMENT PROJECT BONGAIGAON,,,PETROLEUM,2008-06,2006-05,,1431.91,,1646.39,214.48,,468.7,2009-09,,2009-10,1.0,,,0,69,,,,MonthlyFR_june_2008.pdf,Sector-Wise analysis of projects,12,74
FR_200806_075,,,75,PANIPAT-NAPHTA CRACKER PROJECT,,,PETROLEUM,2008-06,2006-04,,12138.0,,14439.0,2301.0,,4558.43,2009-09,,2009-11,2.0,,,0,0,,,,MonthlyFR_june_2008.pdf,Sector-Wise analysis of projects,12,75
FR_200806_076,,,76,MSQ UPGRADATION PROJECT AT PANIPAT REFINERY,,,PETROLEUM,2008-06,2008-01,,1131.0,,1131.0,0.0,,119.6,2009-12,,2009-12,0.0,,,0,0,,,,MonthlyFR_june_2008.pdf,Sector-Wise analysis of projects,12,76
FR_200806_077,,,77,INST. OF FCC GASOLINE DESULPHUN UNIT AT MATHURA REFINERY,,,PETROLEUM,2008-06,2008-01,,348.0,,348.0,0.0,,11.12,2009-12,,2009-12,0.0,,,0,0,,,,MonthlyFR_june_2008.pdf,Sector-Wise analysis of projects,12,77
FR_200806_078,,,78,EXPANSION OF PANIPAT REFINERY 15 MMTPA,,,PETROLEUM,2008-06,2005-06,,806.0,,1007.83,201.83,,199.05,2008-03,,2009-12,21.0,,,0,0,,,,MonthlyFR_june_2008.pdf,Sector-Wise analysis of projects,12,78
FR_200806_079,,,79,INST. OF FACILITIES FOR IMPROVEMENT IN DIESEL QUALITY (IOCL),,,PETROLEUM,2008-06,2005-11,,1876.0,,2869.0,993.0,,942.1,2009-04,,2009-12,8.0,,,1,1,,,,MonthlyFR_june_2008.pdf,Sector-Wise analysis of projects,12,79
FR_200806_080,,,80,RESIDUE UPGRADATION & MS/HSD QUANLITY,,,PETROLEUM,2008-06,2007-01,,5693.0,,5693.0,0.0,,533.22,2010-01,,2010-01,0.0,,,0,0,,,,MonthlyFR_june_2008.pdf,Sector-Wise analysis of projects,12,80
FR_200806_081,,,81,MSQ Upgradation project at Guwahati Refinery,,,PETROLEUM,2008-06,2008-04,,372.0,,372.0,0.0,,6.1,2010-02,,2010-02,0.0,,,0,0,,,,MonthlyFR_june_2008.pdf,Sector-Wise analysis of projects,13,81
FR_200806_082,,,82,MSQ Upgradation project at Digboi Refinery,,,PETROLEUM,2008-06,2008-04,,356.0,,356.0,0.0,,6.46,2010-02,,2010-02,0.0,,,0,0,,,,MonthlyFR_june_2008.pdf,Sector-Wise analysis of projects,13,82
FR_200806_083,,,83,OFFSHORE GRID INTER CONNECTIVITY PROJECT IN MUMBAI HIGH,,,PETROLEUM,2008-06,2007-01,,740.02,,740.02,0.0,,37.18,2010-03,2012-03,2010-03,0.0,-24.0,,0,0,,,,MonthlyFR_june_2008.pdf,Sector-Wise analysis of projects,13,83
FR_200806_084,,,84,MSQ Upgradation project at Barauni refinery,,,PETROLEUM,2008-06,2008-04,,1492.0,,1492.0,0.0,,19.39,2010-04,,2010-03,-1.0,,,0,0,,,,MonthlyFR_june_2008.pdf,Sector-Wise analysis of projects,13,84
FR_200806_085,,,85,DEVELOPMENT OF B- 193 CLUSTER FIELDS,,,PETROLEUM,2008-06,2007-06,,3248.78,,2710.1,-538.68,,,2010-03,,2010-03,0.0,,,0,0,,,,MonthlyFR_june_2008.pdf,Sector-Wise analysis of projects,13,85
FR_200806_086,,,86,IOR LAKWA- LAKHMANI,,,PETROLEUM,2008-06,2001-09,,345.1,,429.38,84.28,,382.92,2007-03,,2010-03,36.0,,,3,3,,,,MonthlyFR_june_2008.pdf,Sector-Wise analysis of projects,13,86
FR_200806_087,,,87,LUBE OIL BASE STOCK QUALITY UP GRADATION,,,PETROLEUM,2008-06,2006-10,,638.9,,1030.0,391.1,,35.31,2009-04,,2010-05,13.0,,,0,0,,,,MonthlyFR_june_2008.pdf,Sector-Wise analysis of projects,13,87
FR_200806_088,,,88,HEERA AND SOUTH HEERA REDEVELOPMENT PROJECT,,,PETROLEUM,2008-06,2006-09,,2305.3,,1339.25,-966.05,,470.84,2010-06,,2010-06,0.0,,,0,0,,,,MonthlyFR_june_2008.pdf,Sector-Wise analysis of projects,13,88
FR_200806_089,,,89,"IMPROVED OIL RECOVERY PROJECT, GELEKI",,,PETROLEUM,2008-06,2001-09,,390.09,,834.9,444.81,,589.66,2007-03,,2011-03,48.0,,,6,6,,,,MonthlyFR_june_2008.pdf,Sector-Wise analysis of projects,13,89
FR_200806_090,,,90,CONSTRUCTION OF NEW PROCESS COMPLEX MHN,,,PETROLEUM,2008-06,2007-01,,2853.29,,2853.29,0.0,,,2010-05,,2012-03,22.0,,,0,0,,,,MonthlyFR_june_2008.pdf,Sector-Wise analysis of projects,13,90
FR_200806_091,,,91,"BARGE BUMPER, BOAT LANDING AND RISER PROTECTORS PROJECT",,,PETROLEUM,2008-06,2006-09,,148.84,,148.84,0.0,,135.17,2008-02,,,,,,0,0,,,,MonthlyFR_june_2008.pdf,Sector-Wise analysis of projects,13,91
FR_200806_092,,,92,"SIPAT STPP STAGE-II, 2x500 MW",,,POWER,2008-06,2003-11,,4039.67,,4039.67,0.0,,3144.27,2007-12,,2008-07,7.0,,,37,40,,,,MonthlyFR_june_2008.pdf,Sector-Wise analysis of projects,13,92
FR_200806_093,,,93,WESTERN REGION SYSTEM STRENGTHENING SCHEME - 1(PR. GR.),,,POWER,2008-06,2004-08,,199.21,,242.54,43.33,,207.11,2007-11,,2008-07,8.0,,1.0,18,19,,,,MonthlyFR_june_2008.pdf,Sector-Wise analysis of projects,13,93
FR_200806_094,,,94,"KAHALGAON STPP STAGE-II, 3x500 MW",,,POWER,2008-06,2004-05,,5868.31,,5868.37,0.06,,4230.62,2007-05,,2008-09,16.0,,,50,57,,,,MonthlyFR_june_2008.pdf,Sector-Wise analysis of projects,13,94
FR_200806_095,,,95,KOLDAM - HEP TRANSMISSION SYSTEM (396 CKM),,,POWER,2008-06,2005-09,,464.91,,464.91,0.0,,118.41,2008-09,,2008-09,0.0,,,12,22,,,,MonthlyFR_june_2008.pdf,Sector-Wise analysis of projects,13,95
FR_200806_096,,,96,KUNADANKULAM-APP TRANSMISSION SYSTEM (1838 CKM),,,POWER,2008-06,2005-05,,1779.29,,1896.65,117.36,,1033.9,2008-11,,2008-11,0.0,,,15,38,,,,MonthlyFR_june_2008.pdf,Sector-Wise analysis of projects,14,96
FR_200806_097,,,97,SIPAT-II SUPPLEMENTARY TRANSMISSION SYSTEM (1167 CKM),,,POWER,2008-06,2005-06,,813.67,,820.45,6.78,,500.86,2008-06,,2008-12,6.0,,,5,22,,,,MonthlyFR_june_2008.pdf,Sector-Wise analysis of projects,14,97
FR_200806_098,,,98,KAHALGOAN STAGE-II (PHASE-II) TRANSMISSION SYSTEM (816 CKM),,,POWER,2008-06,2005-01,,464.02,,464.02,0.0,,461.32,2007-10,,2008-12,14.0,,,9,18,,,,MonthlyFR_june_2008.pdf,Sector-Wise analysis of projects,14,98
FR_200806_099,,,99,RAPP 5&6 TRANSMISSION SYSTEM (448 CKM),,,POWER,2008-06,2005-06,,499.45,,556.86,57.41,,504.93,2008-03,,2008-12,9.0,,,10,17,,,,MonthlyFR_june_2008.pdf,Sector-Wise analysis of projects,14,99
FR_200806_100,,,100,TRANSMISSION SYSTEM ASSOCIATED WITH NORTH-WEST TRANS.(PGCIL),,,POWER,2008-06,2006-01,,483.1,,483.1,0.0,,306.22,2009-01,,2009-01,0.0,,,1,1,,,,MonthlyFR_june_2008.pdf,Sector-Wise analysis of projects,14,100
FR_200806_101,,,101,SY.STR. IN SOUTH- WESTERN PART OF NORTHERN GRID (PART-A) SCH,,,POWER,2008-06,2006-10,,381.28,,381.28,0.0,,264.45,2009-04,,2009-04,0.0,,,6,19,,,,MonthlyFR_june_2008.pdf,Sector-Wise analysis of projects,14,101
FR_200806_102,,,102,SYSTEM STRENGTENING SCHEME IN ROORKEE AREA (PGCIL),,,POWER,2008-06,2005-12,,109.95,,109.95,0.0,,37.58,2009-05,,2009-05,0.0,,,3,20,,,,MonthlyFR_june_2008.pdf,Sector-Wise analysis of projects,14,102
FR_200806_103,,,103,SEWA-II HYDRO ELECTRIC PROJECT 3x40 MW,,,POWER,2008-06,2003-09,,665.46,,849.98,184.52,,667.84,2007-09,,2009-06,21.0,,,12,37,,,,MonthlyFR_june_2008.pdf,Sector-Wise analysis of projects,14,103
FR_200806_104,,,104,ENHANCEMENT OF TRANSMISSION CAPACITY IN EAST- WEST CORRIDOR,,,POWER,2008-06,2006-10,,103.8,,103.8,0.0,,8.16,2009-06,,2009-06,0.0,,,0,0,,,,MonthlyFR_june_2008.pdf,Sector-Wise analysis of projects,14,104
FR_200806_105,,,105,NORTHERN REGION SYSTEM STRENGTHENING SCHEME-V (1222 CKM),,,POWER,2008-06,2006-06,,721.25,,721.25,0.0,,389.93,2009-06,,2009-06,0.0,,,6,18,,,,MonthlyFR_june_2008.pdf,Sector-Wise analysis of projects,14,105
FR_200806_106,,,106,SYSTEM STRENGTHENING-VII OF SOUTHERN REGION (248 CKM),,,POWER,2008-06,2005-05,,279.3,,340.14,60.84,,194.57,2009-07,,2009-07,0.0,,,6,17,,,,MonthlyFR_june_2008.pdf,Sector-Wise analysis of projects,14,106
FR_200806_107,,,107,NORTHERN REGION SYSTEM STRENGTHENING SCHEME-VI (54 CKM),,,POWER,2008-06,2007-01,,186.95,,186.95,0.0,,19.39,2009-07,,2009-07,0.0,,,4,21,,,,MonthlyFR_june_2008.pdf,Sector-Wise analysis of projects,14,107
FR_200806_108,,,108,TRANSMISSION SY. ASSOCIATED WITH BARH GENER. PROJECT(P.GR.),,,POWER,2008-06,2005-12,,3779.46,,3779.46,0.0,,1876.7,2009-09,,2009-09,0.0,,,11,30,,,,MonthlyFR_june_2008.pdf,Sector-Wise analysis of projects,14,108
FR_200806_109,,,109,KOTESWAR TRANSMISSION SYSTEM (PGCIL),,,POWER,2008-06,2006-06,,260.34,,266.61,6.27,,104.01,2008-06,,2009-09,15.0,,,6,18,,,,MonthlyFR_june_2008.pdf,Sector-Wise analysis of projects,14,109
FR_200806_110,,,110,SY. STR. IN SOUTH- WESTERN PART OF NORTHERN GRID,,,POWER,2008-06,2006-10,,150.26,,153.54,3.28,,81.07,2009-10,,2009-10,0.0,,,10,21,,,,MonthlyFR_june_2008.pdf,Sector-Wise analysis of projects,14,110
FR_200806_111,,,111,EASTERN REGION STRENGTHENING SCHEME-I (1142 CKM),,,POWER,2008-06,2004-10,,975.96,,975.96,0.0,,85.47,2009-10,,2009-10,0.0,,,4,20,,,,MonthlyFR_june_2008.pdf,Sector-Wise analysis of projects,15,111
FR_200806_112,,,112,"NEYVELI TS-II TRANSIMISSION SYSTEM, 838 CKM",,,POWER,2008-06,2005-01,,691.83,,806.38,114.55,,548.17,2007-12,,2009-11,23.0,,9.0,10,20,,,,MonthlyFR_june_2008.pdf,Sector-Wise analysis of projects,15,112
FR_200806_113,,,113,"SIPAT STPP STAGE -I, 3x660 MW",,,POWER,2008-06,2003-12,,8323.39,,8323.39,0.0,,4739.97,2009-12,,2009-12,0.0,,,35,56,,,,MonthlyFR_june_2008.pdf,Sector-Wise analysis of projects,15,113
FR_200806_114,,,114,TESSTA LOW DAM HYDRO ELECTRIC PROJECT STAGE-III 4x33 MW,,,POWER,2008-06,2003-10,,768.92,,1073.29,304.37,,726.3,2007-03,,2009-12,33.0,,,2,25,,,,MonthlyFR_june_2008.pdf,Sector-Wise analysis of projects,15,114
FR_200806_115,,,115,NORTHERN REGION SYSTEM STRENGTHENING SCHEME-VIII (68 CKM),,,POWER,2008-06,2006-10,,220.69,,220.69,0.0,,40.64,2009-04,,2009-12,8.0,,,2,2,,,,MonthlyFR_june_2008.pdf,Sector-Wise analysis of projects,15,115
FR_200806_116,,,116,"TRANSMISSION SYSTEM ASSOCIATED WITH PARBATI-III HEP, 543 CKM",,,POWER,2008-06,2006-07,,557.24,,557.24,0.0,,11.58,2010-01,,2010-01,0.0,,,1,22,,,,MonthlyFR_june_2008.pdf,Sector-Wise analysis of projects,15,116
FR_200806_117,,,117,"KORBA STPP STAGE-III, 1x500 MW",,,POWER,2008-06,2006-08,,2448.5,,2448.49,-0.01,,881.78,2010-02,,2010-02,0.0,,,6,26,,,,MonthlyFR_june_2008.pdf,Sector-Wise analysis of projects,15,117
FR_200806_118,,,118,"KOLDAM HYDRO ELECTRIC PROJECT, 4x200 MW",,,POWER,2008-06,2002-10,,4527.15,,4527.15,0.0,,2156.17,2009-04,,2010-03,11.0,,,20,39,,,,MonthlyFR_june_2008.pdf,Sector-Wise analysis of projects,15,118
FR_200806_119,,,119,KAIGA 3&4 TRANSMISSION SYSTEM (759 CKM),,,POWER,2008-06,2005-03,,596.45,,1007.16,410.71,,559.52,2007-12,,2010-03,27.0,,,4,18,,,,MonthlyFR_june_2008.pdf,Sector-Wise analysis of projects,15,119
FR_200806_120,,,120,EAST-WEST TRANSNISSION CORRIDOR STRENGTHNING SCHEME,,,POWER,2008-06,2006-06,,803.7,,803.76,0.06,,19.63,2009-06,,2010-03,9.0,,,2,20,,,,MonthlyFR_june_2008.pdf,Sector-Wise analysis of projects,15,120
FR_200806_121,,,121,TUIRIAL HYDRO ELECTRIC PROJECT (2x30MW),,,POWER,2008-06,1998-07,,368.72,,689.81,321.09,,241.1,2006-07,,2010-03,44.0,,,2,5,,,,MonthlyFR_june_2008.pdf,Sector-Wise analysis of projects,15,121
FR_200806_122,,,122,Tr. System for start up Power to DVC & Maithon RB Gen.Proj.,,,POWER,2008-06,2008-04,,290.49,,290.49,0.0,,,2010-04,,2010-04,0.0,,,0,0,,,,MonthlyFR_june_2008.pdf,Sector-Wise analysis of projects,15,122
FR_200806_123,,,123,Eastern region strengthening Scheme-II,,,POWER,2008-06,2007-12,,227.52,,227.52,0.0,,,2010-06,,2010-06,0.0,,,2,2,,,,MonthlyFR_june_2008.pdf,Sector-Wise analysis of projects,15,123
FR_200806_124,,,124,WESTERN REGION SYSTEM STRENGTHENING SCHEME-II (7075 CKM),,,POWER,2008-06,2006-07,,5221.23,,5221.23,0.0,,199.89,2010-07,,2010-07,0.0,,,2,20,,,,MonthlyFR_june_2008.pdf,Sector-Wise analysis of projects,15,124
FR_200806_125,,,125,"FARAKKA STPP STAGE- III, 1x500 MW",,,POWER,2008-06,2006-07,,2570.44,,2570.44,0.0,,555.65,2010-08,,2010-08,0.0,,,12,26,,,,MonthlyFR_june_2008.pdf,Sector-Wise analysis of projects,15,125
FR_200806_126,,,126,"NIMOO BAZGO HYDRO ELECTRIC PROJECT, 3x15 MW",,,POWER,2008-06,2006-08,,611.01,,723.99,112.98,,157.54,2010-08,,2010-08,0.0,,,0,0,,,,MonthlyFR_june_2008.pdf,Sector-Wise analysis of projects,15,126
FR_200806_127,,,127,CHAMERA HYDRO ELECTRIC PROJECT STAGE-III 231 MW,,,POWER,2008-06,2005-08,,1405.63,,1532.52,126.89,,463.29,2010-08,,2010-08,0.0,,,2,2,,,,MonthlyFR_june_2008.pdf,Sector-Wise analysis of projects,16,127
FR_200806_128,,,128,URI H.E.P STAGE -II (NHPC),NHPC,,POWER,2008-06,2005-08,,1729.29,,1351.88,-377.41,,381.68,2009-11,,2010-08,9.0,,,2,2,,,,MonthlyFR_june_2008.pdf,Sector-Wise analysis of projects,16,128
FR_200806_129,,,129,TEESTA LOW DAM HYDRO ELECTRIC PROJECT STAGE-IV 4x40 MW,,,POWER,2008-06,2005-09,,1061.38,,1061.38,0.0,,262.36,2009-09,,2010-08,11.0,,,0,0,,,,MonthlyFR_june_2008.pdf,Sector-Wise analysis of projects,16,129
FR_200806_130,,,130,TRANSMISSION SYSTEM ASSOCIATED WITH PARBATI = II HEP,,,POWER,2008-06,2005-12,,358.42,,358.42,0.0,,6.09,2008-12,,2010-09,21.0,,,0,15,,,,MonthlyFR_june_2008.pdf,Sector-Wise analysis of projects,16,130
FR_200806_131,,,131,Est. of 400/220 KV GIS Pooling Station near Chamera-III HEP,,,POWER,2008-06,2007-09,,262.1,,262.1,0.0,,9.99,2010-09,,2010-09,0.0,,,0,0,,,,MonthlyFR_june_2008.pdf,Sector-Wise analysis of projects,16,131
FR_200806_132,,,132,Western Region Strengthening Scheme-V,,,POWER,2008-06,2007-12,,477.69,,477.69,0.0,,30.67,2010-09,,2010-09,0.0,,,0,0,,,,MonthlyFR_june_2008.pdf,Sector-Wise analysis of projects,16,132
FR_200806_133,,,133,"NATIONAL CAPITAL THERMAL POWER PROJECT STAGE-II, 2x490 MW",,,POWER,2008-06,2006-10,,5135.33,,5135.33,0.0,,1462.73,2010-10,,2010-10,0.0,,,12,39,,,,MonthlyFR_june_2008.pdf,Sector-Wise analysis of projects,16,133
FR_200806_134,,,134,Northern region System strenghtening Scheme-XII,,,POWER,2008-06,2008-02,,261.55,,261.55,0.0,,7.64,2010-11,,2010-11,0.0,,,0,0,,,,MonthlyFR_june_2008.pdf,Sector-Wise analysis of projects,16,134
FR_200806_135,,,135,Western Region Stregthening Scheme-VI,,,POWER,2008-06,2008-02,,340.72,,340.72,0.0,,8.0,2010-11,,2010-11,0.0,,,0,0,,,,MonthlyFR_june_2008.pdf,Sector-Wise analysis of projects,16,135
FR_200806_136,,,136,PARBATI HYDRO ELECTRIC PROJECT STAGE -III 4x130 MW,,,POWER,2008-06,2005-10,,2304.56,,2129.89,-174.67,,470.04,2010-10,,2010-11,1.0,,,0,0,,,,MonthlyFR_june_2008.pdf,Sector-Wise analysis of projects,16,136
FR_200806_137,,,137,"KOTESHWAR HYDRO ELECTRIC PROJECT, 4x100 MW",,,POWER,2008-06,2000-04,,1301.56,,1301.56,0.0,,829.79,2005-04,,2010-12,68.0,,,0,0,,,,MonthlyFR_june_2008.pdf,Sector-Wise analysis of projects,16,137
FR_200806_138,,,138,Northern region System Strengthening Scheme-X,,,POWER,2008-06,2007-12,,408.36,,408.36,0.0,,16.94,2010-12,,2010-12,0.0,,,2,2,,,,MonthlyFR_june_2008.pdf,Sector-Wise analysis of projects,16,138
FR_200806_139,,,139,Northern Region System strengthening Scheme-XI,,,POWER,2008-06,2007-12,,417.76,,417.76,0.0,,,2010-12,,2010-12,0.0,,,1,1,,,,MonthlyFR_june_2008.pdf,Sector-Wise analysis of projects,16,139
FR_200806_140,,,140,PARBATI HYDRO ELECTRIC PROJECT STAGE-II 4x200 MW,,,POWER,2008-06,2002-09,,3919.59,,3525.25,-394.34,,2154.98,2009-09,,2010-12,15.0,,,2,20,,,,MonthlyFR_june_2008.pdf,Sector-Wise analysis of projects,16,140
FR_200806_141,,,141,"CHUTAK HYDRO ELECTRIC PROJECT 4X11 MW, KARGIL",,,POWER,2008-06,2006-08,,621.26,,747.1,125.84,,146.93,2011-02,,2011-02,0.0,,,0,0,,,,MonthlyFR_june_2008.pdf,Sector-Wise analysis of projects,16,141
FR_200806_142,,,142,KAMENG HYDRO ELECTRIC PROJECT 4x150 MW,,,POWER,2008-06,2004-12,,2496.9,,2496.9,0.0,,742.97,2009-12,,2011-03,15.0,,,0,107,,,,MonthlyFR_june_2008.pdf,Sector-Wise analysis of projects,16,142
FR_200806_143,,,143,"Simhadri STPP Stage-II, 2*500 MW",,,POWER,2008-06,2007-08,,5103.39,,5103.39,0.0,,492.64,2011-05,,2011-05,0.0,,,1,1,,,,MonthlyFR_june_2008.pdf,Sector-Wise analysis of projects,16,143
FR_200806_144,,,144,Transmission System Associated with Uri-II HEP,,,POWER,2008-06,2006-10,,238.25,,,0.0,,17.5,,,,,,,0,0,,,,MonthlyFR_june_2008.pdf,Sector-Wise analysis of projects,16,144
FR_200806_145,,,145,"LOHARINAG PALA HYDRO ELECTRIC PROJECT, 4x150 MW",,,POWER,2008-06,2006-06,,2895.1,,2895.1,0.0,,326.38,2011-11,,2011-10,-1.0,,,6,34,,,,MonthlyFR_june_2008.pdf,Sector-Wise analysis of projects,17,145
FR_200806_146,,,146,LOWER SUBANSIRI HYDRO ELECTRIC PROJECT 8x250 MW,,,POWER,2008-06,2003-09,,6285.33,,7451.99,1166.66,,2211.43,2010-09,,2012-01,16.0,,,3,12,,,,MonthlyFR_june_2008.pdf,Sector-Wise analysis of projects,17,146
FR_200806_147,,,147,"BARH STPP, 3x660 MW",,,POWER,2008-06,2003-12,,8692.97,,8692.97,0.0,,2770.1,2010-11,,2012-01,14.0,,11.0,15,51,,,,MonthlyFR_june_2008.pdf,Sector-Wise analysis of projects,17,147
FR_200806_148,,,148,RAMPUR HYDRO ELECTRIC PROJECT 412 MW,,,POWER,2008-06,2007-01,,2047.03,,2047.03,0.0,,304.21,2012-01,,2012-01,0.0,,,3,8,,,,MonthlyFR_june_2008.pdf,Sector-Wise analysis of projects,17,148
FR_200806_149,,,149,"TAPOVAN-VISHNUGAD HYDRO ELECTRIC PROJECT, 4x130 MW",,,POWER,2008-06,2006-11,,2978.48,,2978.48,0.0,,243.69,2013-03,,2013-03,0.0,,,5,31,,,,MonthlyFR_june_2008.pdf,Sector-Wise analysis of projects,17,149
FR_200806_150,,,150,"TEHRI PUMPED STORAGE PLANT, 4x250 MW",,,POWER,2008-06,2006-07,,1657.0,,1657.6,0.6,,215.39,2010-07,,2013-04,33.0,,,0,0,,,,MonthlyFR_june_2008.pdf,Sector-Wise analysis of projects,17,150
FR_200806_151,,,151,KISHANGANGA HYDRO ELECTRIC PROJECT,,,POWER,2008-06,2007-07,,2238.67,,2238.67,0.0,,53.81,2014-07,,2014-07,0.0,,,0,0,,,,MonthlyFR_june_2008.pdf,Sector-Wise analysis of projects,17,151
FR_200806_152,,,152,LOKTAK DOWNSTREAM HYDRO ELECTRIC PROJECT 3x30/2x33 MW,,,POWER,2008-06,1999-12,,578.62,,578.62,0.0,,28.33,2006-06,,,,,,0,0,,,,MonthlyFR_june_2008.pdf,Sector-Wise analysis of projects,17,152
FR_200806_153,,,153,NORTH-EAST INDIRA GANDHI REGIONAL INSTITUTE OF H & MS,,,HEALTH & FW,2008-06,1986-05,2001-02,71.18,422.6,443.15,371.97,20.55,366.78,1999-03,2005-03,,,,,7,16,,,,MonthlyFR_june_2008.pdf,Sector-Wise analysis of projects,17,153
FR_200806_154,,,154,Obulavaripalle- Krishnapattnam,,,RAILWAYS,2008-06,2006-07,,743.0,,732.8,-10.2,,78.52,2008-03,2008-06,2008-06,3.0,0.0,,0,0,,,,MonthlyFR_june_2008.pdf,Sector-Wise analysis of projects,17,154
FR_200806_155,,,155,PATTABIRAM- TIRUVALLUR 3rd LINE & TIR.-ARAKKONAM- 4th LINE,,,RAILWAYS,2008-06,2002-04,,71.94,,124.0,52.06,,122.07,2004-03,2008-07,2008-08,53.0,1.0,,0,0,,,,MonthlyFR_june_2008.pdf,Sector-Wise analysis of projects,17,155
FR_200806_156,,,156,THANE-TURBHE- NERUL-VASHI,,,RAILWAYS,2008-06,1992-05,,403.39,,403.39,0.0,,393.03,2000-03,2002-03,2008-10,103.0,79.0,,0,0,,,,MonthlyFR_june_2008.pdf,Sector-Wise analysis of projects,17,156
FR_200806_157,,,157,CUTTACK-BARANG,,,RAILWAYS,2008-06,1995-04,,127.13,,135.0,7.87,,102.78,,,2008-11,,,,0,0,,,,MonthlyFR_june_2008.pdf,Sector-Wise analysis of projects,17,157
FR_200806_158,,,158,BANKURA-DAMODAR,,,RAILWAYS,2008-06,1998-03,,111.9,,111.9,0.0,,205.3,2005-03,2008-12,2008-12,45.0,0.0,,0,0,,,,MonthlyFR_june_2008.pdf,Sector-Wise analysis of projects,17,158
FR_200806_159,,,159,LANJHIGARH ROAD-,,,RAILWAYS,2008-06,1993-04,,100.0,,,42.98,,57.92,2002-03,,,81.0,,,0,0,,,,MonthlyFR_june_2008.pdf,Sector-Wise analysis of projects,17,159
FR_200806_160,,,160,TAHANJAVUR- VILLUPURAM,,,RAILWAYS,2008-06,2001-10,,223.0,,356.9,133.9,,400.03,,2008-11,2008-12,,1.0,,0,0,,,,MonthlyFR_june_2008.pdf,Sector-Wise analysis of projects,18,160
FR_200806_161,,,161,DEOGHAR-DUMKA NEW BROAD GAUGE LINE,,,RAILWAYS,2008-06,1999-02,,180.73,,320.66,139.93,,237.16,2006-12,2008-12,2008-12,24.0,0.0,,0,0,,,,MonthlyFR_june_2008.pdf,Sector-Wise analysis of projects,18,161
FR_200806_162,,,162,SETTING UP EAST COAST RAILWAY ZONE AT BHUBANESWAR,,,RAILWAYS,2008-06,1997-04,,41.67,,129.78,88.11,,89.86,,,2008-12,,,,0,0,,,,MonthlyFR_june_2008.pdf,Sector-Wise analysis of projects,18,162
FR_200806_163,,,163,DHARMAVARAM- PAKALA,,,RAILWAYS,2008-06,1997-04,,200.0,294.99,546.49,346.49,251.5,254.89,,2009-02,2009-02,,0.0,,0,0,,,,MonthlyFR_june_2008.pdf,Sector-Wise analysis of projects,18,163
FR_200806_164,,,164,JALANDHAR- PATHANKOT-JAMMU TAWI,,,RAILWAYS,2008-06,2002-03,,409.0,408.76,625.3,216.3,216.54,610.35,2007-06,,2009-02,20.0,,,0,0,,,,MonthlyFR_june_2008.pdf,Sector-Wise analysis of projects,18,164
FR_200806_165,,,165,RAJATGARH-BARANG,,,RAILWAYS,2008-06,1999-04,,166.16,,240.0,73.84,,131.63,,2009-02,2009-02,,0.0,,0,0,,,,MonthlyFR_june_2008.pdf,Sector-Wise analysis of projects,18,165
FR_200806_166,,,166,NANDYAL- YERRAGUNTLA,,,RAILWAYS,2008-06,1997-03,,155.74,164.36,432.09,276.35,267.73,98.78,2009-02,,2009-02,0.0,,,0,0,,,,MonthlyFR_june_2008.pdf,Sector-Wise analysis of projects,18,166
FR_200806_167,,,167,KHURDA ROAD- BARANG 3rd LINE,,,RAILWAYS,2008-06,2000-04,,133.41,207.0,207.0,73.59,0.0,72.38,,2009-03,2009-03,,0.0,,0,0,,,,MonthlyFR_june_2008.pdf,Sector-Wise analysis of projects,18,167
FR_200806_168,,,168,ABOHAR-FAZILKA,,,RAILWAYS,2008-06,2001-09,,86.44,,209.57,123.13,,61.43,2009-03,,2009-03,0.0,,,0,0,,,,MonthlyFR_june_2008.pdf,Sector-Wise analysis of projects,18,168
FR_200806_169,,,169,JAYANAGAR- DARBHANGA- NARKATIAGANJ,,,RAILWAYS,2008-06,1997-04,,233.0,335.77,329.17,96.17,-6.6,248.31,,,2009-03,,,,0,0,,,,MonthlyFR_june_2008.pdf,Sector-Wise analysis of projects,18,169
FR_200806_170,,,170,PRATAPNAGAR-CHOTA UDAIPUR,,,RAILWAYS,2008-06,2005-04,,148.61,,227.52,78.91,,1639.04,2008-03,2009-03,2009-03,12.0,0.0,,0,0,,,,MonthlyFR_june_2008.pdf,Sector-Wise analysis of projects,18,170
FR_200806_171,,,171,BILASPUR-URKURA,,,RAILWAYS,2008-06,1997-04,,151.52,,273.0,121.48,,189.08,,2009-03,2009-03,,0.0,,0,0,,,,MonthlyFR_june_2008.pdf,Sector-Wise analysis of projects,18,171
FR_200806_172,,,172,AJMER-PHULERA- RINGUS-REWARI,,,RAILWAYS,2008-06,2005-04,,352.0,,716.6,364.6,,438.14,2008-03,2009-03,2009-03,12.0,0.0,,0,0,,,,MonthlyFR_june_2008.pdf,Sector-Wise analysis of projects,18,172
FR_200806_173,,,173,BIDAR-GULBARGA,,,RAILWAYS,2008-06,1999-02,,242.42,369.7,369.7,127.28,0.0,92.7,,2009-05,2009-05,,0.0,,0,0,,,,MonthlyFR_june_2008.pdf,Sector-Wise analysis of projects,18,173
FR_200806_174,,,174,GOOTY-RENIGUNTA PATCH DOUBLING PHASE-II,,,RAILWAYS,2008-06,2002-05,,304.5,,305.95,1.45,,40.65,,2009-06,2009-06,,0.0,,0,0,,,,MonthlyFR_june_2008.pdf,Sector-Wise analysis of projects,18,174
FR_200806_175,,,175,Vallaparpadm-Idapally,,,RAILWAYS,2008-06,2006-07,,246.5,,246.5,0.0,,105.48,2009-03,2009-03,2009-06,3.0,3.0,,0,0,,,,MonthlyFR_june_2008.pdf,Sector-Wise analysis of projects,18,175
FR_200806_176,,,176,TOLLYGANJ-GARIA,,,RAILWAYS,2008-06,2000-03,,907.69,,1033.0,125.31,,576.21,2006-12,,2009-06,30.0,,,0,0,,,,MonthlyFR_june_2008.pdf,Sector-Wise analysis of projects,18,176
FR_200806_177,,,177,KOSI BRIDGE,,,RAILWAYS,2008-06,2002-04,,323.41,,,0.0,,48.16,,,,,,,0,0,,,,MonthlyFR_june_2008.pdf,Sector-Wise analysis of projects,18,177
FR_200806_178,,,178,RAJKOT-VERAVAL SOMNATH SECTION MATERIAL TO WANSJALIYA,,,RAILWAYS,2008-06,1992-04,,112.53,320.66,374.34,261.81,53.68,303.88,1996-03,2009-06,2009-06,159.0,0.0,,0,0,,,,MonthlyFR_june_2008.pdf,Sector-Wise analysis of projects,19,178
FR_200806_179,,,179,LALITPUR-SATNA- REWA-SINGRULI,,,RAILWAYS,2008-06,1998-09,,925.0,,925.0,0.0,,237.19,2008-05,,2009-06,13.0,,,0,0,,,,MonthlyFR_june_2008.pdf,Sector-Wise analysis of projects,19,179
FR_200806_180,,,180,HARIDASPUR- PARADEEP,,,RAILWAYS,2008-06,1996-04,,301.64,,721.0,419.36,,103.88,,2009-09,2009-09,,0.0,,0,0,,,,MonthlyFR_june_2008.pdf,Sector-Wise analysis of projects,19,180
FR_200806_181,,,181,BHILDI-SAMDARI,,,RAILWAYS,2008-06,1999-04,,244.74,479.0,479.0,234.26,0.0,219.44,,2009-03,2009-12,,9.0,,0,0,,,,MonthlyFR_june_2008.pdf,Sector-Wise analysis of projects,19,181
FR_200806_182,,,182,KURLA-BHANDUP 5th & 6th LINE PHASE-I,,,RAILWAYS,2008-06,1995-04,,49.84,,102.9,53.06,,93.63,2002-03,,2009-12,93.0,,,0,0,,,,MonthlyFR_june_2008.pdf,Sector-Wise analysis of projects,19,182
FR_200806_183,,,183,"ETAWAH-MAINPURI (NL),NCR",,,RAILWAYS,2008-06,2001-09,,129.7,,129.7,0.0,,69.99,2008-12,,2009-12,12.0,,,0,0,,,,MonthlyFR_june_2008.pdf,Sector-Wise analysis of projects,19,183
FR_200806_184,,,184,NEW JALPAIGURI - SILIGURI - NEW BONGAIGAON,,,RAILWAYS,2008-06,1998-11,,536.85,,960.48,423.63,,864.64,2003-03,,2009-12,81.0,,,0,0,,,,MonthlyFR_june_2008.pdf,Sector-Wise analysis of projects,19,184
FR_200806_185,,,185,TARAKESWAR- BISHNUPUR,,,RAILWAYS,2008-06,2000-04,,157.96,,567.0,409.04,,106.85,,2009-12,2009-12,,0.0,,0,0,,,,MonthlyFR_june_2008.pdf,Sector-Wise analysis of projects,19,185
FR_200806_186,,,186,ALIGARH-GAZIABAD 3rd LINE,,,RAILWAYS,2008-06,2003-04,,230.73,,399.5,168.77,,158.03,2009-03,2009-12,2009-12,9.0,0.0,,0,0,,,,MonthlyFR_june_2008.pdf,Sector-Wise analysis of projects,19,186
FR_200806_187,,,187,"RAIL-CUM-ROAD BRIDGE AT MUNGER (NL), ECR",,,RAILWAYS,2008-06,2002-04,,921.0,,921.0,0.0,,211.0,2009-03,,2009-12,9.0,,,0,0,,,,MonthlyFR_june_2008.pdf,Sector-Wise analysis of projects,19,187
FR_200806_188,,,188,PALWAL-BHUTESWAR 3rd LINE,,,RAILWAYS,2008-06,2005-04,,240.0,,330.0,90.0,,145.81,2009-03,2009-12,2009-12,9.0,0.0,,0,0,,,,MonthlyFR_june_2008.pdf,Sector-Wise analysis of projects,19,188
FR_200806_189,,,189,AGRA-ETAWAH NEW LINE via BAD,,,RAILWAYS,2008-06,1999-04,,108.0,,214.09,106.09,,92.85,2009-12,,2009-12,0.0,,,0,0,,,,MonthlyFR_june_2008.pdf,Sector-Wise analysis of projects,19,189
FR_200806_190,,,190,MIRAJ-LATUR ROAD,,,RAILWAYS,2008-06,1993-04,2002-04,225.0,323.0,816.4,591.4,493.4,446.13,2001-03,,2009-12,105.0,,,0,0,,,,MonthlyFR_june_2008.pdf,Sector-Wise analysis of projects,19,190
FR_200806_191,,,191,"MAYNAGURI TO JOGIGHOPA VIA CHANGRA (NL),NEFR",,,RAILWAYS,2008-06,2000-02,,733.0,,894.38,161.38,,224.13,2008-12,,2009-12,12.0,,,0,0,,,,MonthlyFR_june_2008.pdf,Sector-Wise analysis of projects,19,191
FR_200806_192,,,192,REWARI-ROHTAK,,,RAILWAYS,2008-06,2004-01,,149.38,,330.23,180.85,,167.04,2010-02,,2010-02,0.0,,,0,0,,,,MonthlyFR_june_2008.pdf,Sector-Wise analysis of projects,19,192
FR_200806_193,,,193,REINGUNTA- GUNTAKAL (RVNL),RVNL,,RAILWAYS,2008-06,2000-06,,168.34,,296.2,127.86,,59.51,2003-04,2010-03,2010-03,83.0,0.0,,0,0,,,,MonthlyFR_june_2008.pdf,Sector-Wise analysis of projects,19,193
FR_200806_194,,,194,Harnout-Seting up of Workshop to Undertake Periodical Over-,,,RAILWAYS,2008-06,2003-04,,98.74,,224.51,125.77,,35.68,,,2010-03,,,,0,0,,,,MonthlyFR_june_2008.pdf,Sector-Wise analysis of projects,19,194
FR_200806_195,,,195,VIRAMGAM-BHILDI,,,RAILWAYS,2008-06,1990-04,,155.66,,119.75,-35.91,,151.45,,2010-03,2010-03,,0.0,,0,0,,,,MonthlyFR_june_2008.pdf,Sector-Wise analysis of projects,20,195
FR_200806_196,,,196,EXTN. OF MRTS-II FROM VELACHERY TO ST.THOMAS MOUNT,,,RAILWAYS,2008-06,2006-04,,415.59,,495.74,80.15,,0.7,,,2010-03,,,,0,0,,,,MonthlyFR_june_2008.pdf,Sector-Wise analysis of projects,20,196
FR_200806_197,,,197,LUMDING-SILCHAR- MIGRENDISA- DITOKCHERRA,,,RAILWAYS,2008-06,1996-04,2002-05,648.0,1401.01,1676.31,1028.31,275.3,1223.01,2009-03,,2010-03,12.0,,,0,0,,,,MonthlyFR_june_2008.pdf,Sector-Wise analysis of projects,20,197
FR_200806_198,,,198,Conversion of 1500 V DC Traction System to 25 KV AC Traction,,,RAILWAYS,2008-06,1996-07,1998-08,273.67,654.51,648.76,375.09,-5.75,281.4,,2009-12,2010-03,,3.0,,0,0,,,,MonthlyFR_june_2008.pdf,Sector-Wise analysis of projects,20,198
FR_200806_199,,,199,RAICHUR-GUNTAKAL,,,RAILWAYS,2008-06,2003-04,,136.62,,221.9,85.28,,37.28,2007-12,2010-03,2010-03,27.0,0.0,,0,0,,,,MonthlyFR_june_2008.pdf,Sector-Wise analysis of projects,20,199
FR_200806_200,,,200,Chhapra - Setting up of Wheel Manufacturing Plant,,,RAILWAYS,2008-06,2005-03,,470.09,,881.19,411.1,,72.28,,,2010-03,,,,0,0,,,,MonthlyFR_june_2008.pdf,Sector-Wise analysis of projects,20,200
FR_200806_201,,,201,SUKINDA ROAD- ANGUL (RVNL),RVNL,,RAILWAYS,2008-06,1998-04,,183.23,,638.0,454.77,,0.31,2015-02,,2010-11,-51.0,,,0,0,,,,MonthlyFR_june_2008.pdf,Sector-Wise analysis of projects,20,201
FR_200806_202,,,202,MANDERHILL-DUMKA- RAMPURHAT,,,RAILWAYS,2008-06,1995-04,,184.0,,254.07,70.07,,184.76,,2010-12,2010-12,,0.0,,0,0,,,,MonthlyFR_june_2008.pdf,Sector-Wise analysis of projects,20,202
FR_200806_203,,,203,PATNA GANGA BRIDGE,,,RAILWAYS,2008-06,2001-04,,624.47,,624.47,0.0,,364.08,2007-10,,2010-12,38.0,,,0,0,,,,MonthlyFR_june_2008.pdf,Sector-Wise analysis of projects,20,203
FR_200806_204,,,204,DLW GM 4000/3000 HP DIESEL LOCOS,,,RAILWAYS,2008-06,1999-04,,155.54,,141.4,-14.14,,102.94,2003-03,,2011-03,96.0,,,0,0,,,,MonthlyFR_june_2008.pdf,Sector-Wise analysis of projects,20,204
FR_200806_205,,,205,JIRIBAM TO IMPHAL,,,RAILWAYS,2008-06,2003-04,,727.56,,2492.53,1764.97,,40.1,2011-03,,2011-03,0.0,,,0,0,,,,MonthlyFR_june_2008.pdf,Sector-Wise analysis of projects,20,205
FR_200806_206,,,206,"BRAHAMAPUTRA BRIDGE AT BOGIBIL WITH LINK LINES,NEFR",,,RAILWAYS,2008-06,1996-04,,1000.0,,1767.36,767.36,,950.22,2008-04,2011-12,2012-03,47.0,3.0,,0,0,,,,MonthlyFR_june_2008.pdf,Sector-Wise analysis of projects,20,206
FR_200806_207,,,207,DEOGHAR- SULTANGUNJ,,,RAILWAYS,2008-06,2000-04,,138.0,240.59,607.09,469.09,366.5,106.17,,2012-12,2012-12,,0.0,,0,0,,,,MonthlyFR_june_2008.pdf,Sector-Wise analysis of projects,20,207
FR_200806_208,,,208,UDHAMPUR- SRINAGAR- BARAMULLA,,,RAILWAYS,2008-06,1995-03,,2500.0,,11270.0,8770.0,,4736.3,2001-03,,2012-12,141.0,,,0,0,,,,MonthlyFR_june_2008.pdf,Sector-Wise analysis of projects,20,208
FR_200806_209,,,209,RANGIA- MURKONGSELEK,,,RAILWAYS,2008-06,2004-01,,912.7,,1556.23,643.53,,8.5,,,2013-03,,,,0,0,,,,MonthlyFR_june_2008.pdf,Sector-Wise analysis of projects,20,209
FR_200806_210,,,210,HASSAN-BANGALORE (VIA SHRAVANABELAGOLA),,,RAILWAYS,2008-06,1997-02,,295.0,,412.91,117.91,,258.62,,,,,,,0,0,,,,MonthlyFR_june_2008.pdf,Sector-Wise analysis of projects,20,210
FR_200806_211,,,211,GONDIA-JABALPUR (SECR),SECR,,RAILWAYS,2008-06,1997-02,,356.0,,524.88,168.88,,240.0,1998-03,,,,,,0,0,,,,MonthlyFR_june_2008.pdf,Sector-Wise analysis of projects,20,211
FR_200806_212,,,212,KARUR-SALEM via NAMAKKAL,,,RAILWAYS,2008-06,1997-02,,155.55,,613.11,457.56,,178.65,,,,,,,0,0,,,,MonthlyFR_june_2008.pdf,Sector-Wise analysis of projects,20,212
FR_200806_213,,,213,HUBLI-ANKOLA(NL),,,RAILWAYS,2008-06,1995-04,,227.0,,997.58,770.58,,43.59,,,,,,,0,0,,,,MonthlyFR_june_2008.pdf,Sector-Wise analysis of projects,21,213
FR_200806_214,,,214,MUNEERABAD- MAHABOOBNAGAR,,,RAILWAYS,2008-06,1996-04,,377.32,236.41,497.47,120.15,261.06,41.43,,,,,,,0,0,,,,MonthlyFR_june_2008.pdf,Sector-Wise analysis of projects,21,214
FR_200806_215,,,215,KANPUR-KASGANJ- MATHURA,,,RAILWAYS,2008-06,1997-03,,395.0,598.98,661.72,266.72,62.74,510.14,,,,,,,0,0,,,,MonthlyFR_june_2008.pdf,Sector-Wise analysis of projects,21,215
FR_200806_216,,,216,REWARI-SADULPUR- HISSAR,,,RAILWAYS,2008-06,1997-04,,198.96,,364.19,165.23,,77.05,,,,,,,0,0,,,,MonthlyFR_june_2008.pdf,Sector-Wise analysis of projects,21,216
FR_200806_217,,,217,DAUSA-GANGAPUR CITY,,,RAILWAYS,2008-06,1997-02,,151.84,,208.83,56.99,,30.98,,,,,,,0,0,,,,MonthlyFR_june_2008.pdf,Sector-Wise analysis of projects,21,217
FR_200806_218,,,218,AHMEDNAGAR-BEED- PARLI-VAIJNATH,,,RAILWAYS,2008-06,1997-02,,353.08,,462.67,109.59,,15.5,,,,,,,0,0,,,,MonthlyFR_june_2008.pdf,Sector-Wise analysis of projects,21,218
FR_200806_219,,,219,TIRUCHIRAPPALI- NAGORE-KARAIKKAL WITH EXTENSION NAGAPATTINAM,,,RAILWAYS,2008-06,1995-09,,100.0,,550.0,450.0,,279.09,,,,,,,0,0,,,,MonthlyFR_june_2008.pdf,Sector-Wise analysis of projects,21,219
FR_200806_220,,,220,QUILON-TIRUNELVELI- TIRUCHENDUR AND TENKASI- VIRUDHUNAGAR,,,RAILWAYS,2008-06,1998-03,,280.0,,900.0,620.0,,425.2,,,,,,,0,0,,,,MonthlyFR_june_2008.pdf,Sector-Wise analysis of projects,21,220
FR_200806_221,,,221,KOTIPALLI- NARASAPUR,,,RAILWAYS,2008-06,2001-12,,330.0,,695.0,365.0,,9.41,,,,,,,0,0,,,,MonthlyFR_june_2008.pdf,Sector-Wise analysis of projects,21,221
FR_200806_222,,,222,GUNA-ETAWAH via SHIVPURI-GWALIOR- BHIND,,,RAILWAYS,2008-06,1985-04,2001-01,158.77,274.56,400.0,241.23,125.44,394.19,1994-03,,,,,,0,0,,,,MonthlyFR_june_2008.pdf,Sector-Wise analysis of projects,21,222
FR_200806_223,,,223,GADWAL-RAICHUR,,,RAILWAYS,2008-06,1998-04,,92.63,,128.41,35.78,,66.53,,,,,,,0,0,,,,MonthlyFR_june_2008.pdf,Sector-Wise analysis of projects,21,223
FR_200806_224,,,224,BARAMATI - LONAND,,,RAILWAYS,2008-06,1998-03,,75.0,,138.48,63.48,,21.85,,,,,,,0,0,,,,MonthlyFR_june_2008.pdf,Sector-Wise analysis of projects,21,224
FR_200806_225,,,225,JIND-SONEPAT,,,RAILWAYS,2008-06,2004-01,,190.81,238.56,234.45,43.64,-4.11,0.55,,,,,,,0,0,,,,MonthlyFR_june_2008.pdf,Sector-Wise analysis of projects,21,225
FR_200806_226,,,226,SURAT-KOSAMBA,,,RAILWAYS,2008-06,2000-04,,133.0,,133.0,0.0,,,,,,,,,0,0,,,,MonthlyFR_june_2008.pdf,Sector-Wise analysis of projects,21,226
FR_200806_227,,,227,EKLAKHI-BALURGHAT INCLUDING GAZOLE- ITAHAR,,,RAILWAYS,2008-06,1986-01,1994-04,36.8,274.41,282.74,245.94,8.33,219.42,,,,,,,0,0,,,,MonthlyFR_june_2008.pdf,Sector-Wise analysis of projects,21,227
FR_200806_228,,,228,KHURDA ROAD- BOLANGIR,,,RAILWAYS,2008-06,1994-04,,355.38,,1000.0,644.62,,74.6,,,,,,,0,0,,,,MonthlyFR_june_2008.pdf,Sector-Wise analysis of projects,21,228
FR_200806_229,,,229,HOTGI-GADAG- SOLAPUR (via Hotgi),,,RAILWAYS,2008-06,1994-04,,180.0,,312.42,132.42,,454.82,1999-03,2003-03,,,,,0,0,,,,MonthlyFR_june_2008.pdf,Sector-Wise analysis of projects,21,229
FR_200806_230,,,230,DALLIRAJHARA- JAGDALPUR,,,RAILWAYS,2008-06,1995-04,,369.0,,,599.6,,,,,,,,,0,0,,,,MonthlyFR_june_2008.pdf,Sector-Wise analysis of projects,21,230
FR_200806_231,,,231,BIHARSHARIFF- BARBIGHA,,,RAILWAYS,2008-06,2001-04,,103.86,,103.86,0.0,,33.37,,,,,,,0,0,,,,MonthlyFR_june_2008.pdf,Sector-Wise analysis of projects,22,231
FR_200806_232,,,232,DANIAWAN- BIHARSHARIF,,,RAILWAYS,2008-06,2001-04,,104.79,,104.79,0.0,,34.29,,,,,,,0,0,,,,MonthlyFR_june_2008.pdf,Sector-Wise analysis of projects,22,232
FR_200806_233,,,233,RAJGIR-TILAIYA,,,RAILWAYS,2008-06,2001-04,,180.82,180.82,180.82,0.0,0.0,175.21,2006-03,,,,,,0,0,,,,MonthlyFR_june_2008.pdf,Sector-Wise analysis of projects,22,233
FR_200806_234,,,234,SRIGANGANAGAR- SARUPSAR,,,RAILWAYS,2008-06,1997-04,,143.92,,168.8,24.88,,4.77,,,,,,,0,0,,,,MonthlyFR_june_2008.pdf,Sector-Wise analysis of projects,22,234
FR_200806_235,,,235,RAMGANJMUNDI- BHOPAL,,,RAILWAYS,2008-06,2001-04,,727.13,727.13,726.05,-1.08,-1.08,77.2,,,,,,,0,0,,,,MonthlyFR_june_2008.pdf,Sector-Wise analysis of projects,22,235
FR_200806_236,,,236,BANGALORE- SATYAMANGALAM,,,RAILWAYS,2008-06,1999-02,,138.0,,901.62,763.62,,0.29,,,,,,,0,0,,,,MonthlyFR_june_2008.pdf,Sector-Wise analysis of projects,22,236
FR_200806_237,,,237,MAHARAJGANJ- MASRAKH,,,RAILWAYS,2008-06,2003-04,,104.1,,113.75,9.65,,40.35,,,,,,,0,0,,,,MonthlyFR_june_2008.pdf,Sector-Wise analysis of projects,22,237
FR_200806_238,,,238,KICHHA-KHATIMA,,,RAILWAYS,2008-06,2003-04,,165.67,,165.67,0.0,,0.15,,,,,,,0,0,,,,MonthlyFR_june_2008.pdf,Sector-Wise analysis of projects,22,238
FR_200806_239,,,239,SAMASTIPUR- KHAGARIA,,,RAILWAYS,2008-06,1996-04,,122.45,,122.45,0.0,,180.89,,,,,,,0,0,,,,MonthlyFR_june_2008.pdf,Sector-Wise analysis of projects,22,239
FR_200806_240,,,240,AMRAVATI-NARKHER NEW LINE PROJECT,,,RAILWAYS,2008-06,1994-06,1996-07,120.9,175.3,284.27,163.37,108.97,191.03,1999-06,,,,,,0,0,,,,MonthlyFR_june_2008.pdf,Sector-Wise analysis of projects,22,240
FR_200806_241,,,241,HATHUA-BHATNI,,,RAILWAYS,2008-06,2005-04,,200.73,,230.03,29.3,,45.76,,,,,,,0,0,,,,MonthlyFR_june_2008.pdf,Sector-Wise analysis of projects,22,241
FR_200806_242,,,242,RUPSA-BANGRIPOSI,,,RAILWAYS,2008-06,1996-02,,57.94,,137.57,79.63,,78.35,1998-03,2005-08,,,,,0,0,,,,MonthlyFR_june_2008.pdf,Sector-Wise analysis of projects,22,242
FR_200806_243,,,243,CHHINDWARA- NAGPUR,,,RAILWAYS,2008-06,2005-04,,383.79,,383.79,0.0,,13.38,,,,,,,0,0,,,,MonthlyFR_june_2008.pdf,Sector-Wise analysis of projects,22,243
FR_200806_244,,,244,TALCHER- BIMALAGARH,,,RAILWAYS,2008-06,2005-04,,726.96,,810.78,83.82,,14.03,,,,,,,0,0,,,,MonthlyFR_june_2008.pdf,Sector-Wise analysis of projects,22,244
FR_200806_245,,,245,GUNTUR-GUNTAKAL- KOLLURU- DHARMAVARAM,,,RAILWAYS,2008-06,1992-04,,458.45,,573.12,114.67,,555.49,,,,,,,0,0,,,,MonthlyFR_june_2008.pdf,Sector-Wise analysis of projects,22,245
FR_200806_246,,,246,KUMARGHAT- AGARTALA,,,RAILWAYS,2008-06,1996-04,,575.0,,879.99,304.99,,843.72,2007-03,,,,,,0,0,,,,MonthlyFR_june_2008.pdf,Sector-Wise analysis of projects,22,246
FR_200806_247,,,247,HAJIPUR-SUGAULI via VAISHALI,,,RAILWAYS,2008-06,2003-04,,324.66,,532.0,207.34,,59.21,,,,,,,0,0,,,,MonthlyFR_june_2008.pdf,Sector-Wise analysis of projects,22,247
FR_200806_248,,,248,BARBIGHA- SHEIKHPURA-NEORA-,,,RAILWAYS,2008-06,2002-04,,120.23,,,0.01,,20.58,,,,,,,0,0,,,,MonthlyFR_june_2008.pdf,Sector-Wise analysis of projects,22,248
FR_200806_249,,,249,PEDAPALLI- KARIMNAGAR- NIZAMABAD (NL),,,RAILWAYS,2008-06,1994-12,,124.43,408.43,517.63,393.2,109.2,253.12,,,,,,,0,0,,,,MonthlyFR_june_2008.pdf,Sector-Wise analysis of projects,23,249
FR_200806_250,,,250,KADUR-CHIKMAGLUR- SAKLESHPUR,,,RAILWAYS,2008-06,1996-04,,157.0,,274.29,117.29,,65.11,,,,,,,0,0,,,,MonthlyFR_june_2008.pdf,Sector-Wise analysis of projects,23,250
FR_200806_251,,,251,CHANDIGARH- LUDHIANA,,,RAILWAYS,2008-06,1997-07,,248.44,,576.27,327.83,,440.37,,,,,,,0,0,,,,MonthlyFR_june_2008.pdf,Sector-Wise analysis of projects,23,251
FR_200806_252,,,252,KATIHAR-JOGBANI,,,RAILWAYS,2008-06,2001-09,,100.0,,586.69,486.69,,572.52,,,,,,,0,0,,,,MonthlyFR_june_2008.pdf,Sector-Wise analysis of projects,23,252
FR_200806_253,,,253,HOWRAH-AMTA- CHAMPADANGA,,,RAILWAYS,2008-06,1974-04,2001-07,31.42,154.3,154.3,122.88,0.0,84.29,2007-03,2007-03,,,,,0,0,,,,MonthlyFR_june_2008.pdf,Sector-Wise analysis of projects,23,253
FR_200806_254,,,254,KOTTUR-HARIHAR,,,RAILWAYS,2008-06,1995-04,,65.94,,281.2,215.26,,79.62,,,,,,,0,0,,,,MonthlyFR_june_2008.pdf,Sector-Wise analysis of projects,23,254
FR_200806_255,,,255,ANGAMALI- SABARIMALA,,,RAILWAYS,2008-06,1998-10,,550.0,,550.0,0.0,,19.65,,,,,,,0,0,,,,MonthlyFR_june_2008.pdf,Sector-Wise analysis of projects,23,255
FR_200806_256,,,256,ARA-SASARAM,,,RAILWAYS,2008-06,1997-07,,120.0,,189.14,69.14,,187.23,2006-03,,,,,,0,0,,,,MonthlyFR_june_2008.pdf,Sector-Wise analysis of projects,23,256
FR_200806_257,,,257,KUTTIPURAM- CALICUT-SHORANUR,,,RAILWAYS,2008-06,2001-03,,178.76,178.71,219.94,41.18,41.23,185.4,,,,,,,0,0,,,,MonthlyFR_june_2008.pdf,Sector-Wise analysis of projects,23,257
FR_200806_258,,,258,TRICHY MANAMADURAI,,,RAILWAYS,2008-06,2000-02,,175.0,,347.48,172.48,,324.73,,,,,,,0,0,,,,MonthlyFR_june_2008.pdf,Sector-Wise analysis of projects,23,258
FR_200806_259,,,259,VILLUPURAM-KATPADI,,,RAILWAYS,2008-06,2000-02,,175.0,,330.25,155.25,,241.59,,,,,,,0,0,,,,MonthlyFR_june_2008.pdf,Sector-Wise analysis of projects,23,259
FR_200806_260,,,260,PURNA-AKOLA,,,RAILWAYS,2008-06,2000-02,,228.0,,497.63,269.63,,477.14,,,,,,,0,0,,,,MonthlyFR_june_2008.pdf,Sector-Wise analysis of projects,23,260
FR_200806_261,,,261,HAPUR-KANKATHER,,,RAILWAYS,2008-06,2003-04,,106.64,106.64,137.31,30.67,30.67,126.27,2007-03,,,,,,0,0,,,,MonthlyFR_june_2008.pdf,Sector-Wise analysis of projects,23,261
FR_200806_262,,,262,GONDA-GORAKHPUR LOOP WITH ANANDNAGAR- NAUTANWA,,,RAILWAYS,2008-06,2002-03,,383.15,,381.17,-1.98,,80.02,,,,,,,0,0,,,,MonthlyFR_june_2008.pdf,Sector-Wise analysis of projects,23,262
FR_200806_263,,,263,KAPTANGANJ-THAWE- SIWAN-CHHAPRA,,,RAILWAYS,2008-06,2001-09,,320.1,,320.1,0.0,,108.05,,,,,,,0,0,,,,MonthlyFR_june_2008.pdf,Sector-Wise analysis of projects,23,263
FR_200806_264,,,264,KHAGARIA- KUSHESHWAR ASTHAN,,,RAILWAYS,2008-06,1997-03,,78.23,,162.87,84.64,,37.88,,,,,,,0,0,,,,MonthlyFR_june_2008.pdf,Sector-Wise analysis of projects,23,264
FR_200806_265,,,265,UTRATIA- CHANDRAULI AND SULTANPUR- BANDHUAKALAN,,,RAILWAYS,2008-06,1998-04,,47.12,,101.82,54.7,,96.39,2004-12,2006-03,,,,,0,0,,,,MonthlyFR_june_2008.pdf,Sector-Wise analysis of projects,23,265
FR_200806_266,,,266,RANCHI-LOHARDAGA EXTENSION TO TORI,,,RAILWAYS,2008-06,1997-04,,193.78,,449.83,256.05,,212.58,2004-06,,,,,,0,0,,,,MonthlyFR_june_2008.pdf,Sector-Wise analysis of projects,24,266
FR_200806_267,,,267,KODERMA-TILAIYA,,,RAILWAYS,2008-06,2002-04,,459.91,,459.91,0.0,,33.1,,,,,,,0,0,,,,MonthlyFR_june_2008.pdf,Sector-Wise analysis of projects,24,267
FR_200806_268,,,268,MACHERLA- NALGONDA,,,RAILWAYS,2008-06,1998-07,,125.0,,321.8,196.8,,0.27,2008-07,,,,,,0,0,,,,MonthlyFR_june_2008.pdf,Sector-Wise analysis of projects,24,268
FR_200806_269,,,269,2ND BRIDGE ON BIRUPA & MAHANADI,,,RAILWAYS,2008-06,1997-04,,93.1,109.45,122.0,28.9,12.55,126.11,,,,,,,0,0,,,,MonthlyFR_june_2008.pdf,Sector-Wise analysis of projects,24,269
FR_200806_270,,,270,KODERMA-RANCHI VIA HAZARIBAGH AND BARKAKHANA,,,RAILWAYS,2008-06,1999-03,,491.19,,1033.0,541.81,,372.45,2005-07,,,,,,0,0,,,,MonthlyFR_june_2008.pdf,Sector-Wise analysis of projects,24,270
FR_200806_271,,,271,CALICUT-MANGALORE DOUBLING,,,RAILWAYS,2008-06,1996-02,,240.0,,572.51,332.51,,538.21,,,,,,,0,0,,,,MonthlyFR_june_2008.pdf,Sector-Wise analysis of projects,24,271
FR_200806_272,,,272,NANGALDAM- TALWARA NEW LINE PROJECT,,,RAILWAYS,2008-06,1981-03,1985-05,37.68,,730.0,692.32,,163.88,,,,,,,0,0,,,,MonthlyFR_june_2008.pdf,Sector-Wise analysis of projects,24,272
FR_200806_273,,,273,BHATNI-JIRADEI,,,RAILWAYS,2008-06,2006-04,,100.27,,100.27,0.0,,0.01,,,,,,,0,0,,,,MonthlyFR_june_2008.pdf,Sector-Wise analysis of projects,24,273
FR_200806_274,,,274,SURENDRANAGAR- BHAVANAGAR,,,RAILWAYS,2008-06,1997-03,,437.4,,528.49,91.09,,298.91,2004-03,2005-03,,,,,0,0,,,,MonthlyFR_june_2008.pdf,Sector-Wise analysis of projects,24,274
FR_200806_275,,,275,AMROHA-KANKATHER,,,RAILWAYS,2008-06,2000-04,,57.0,,107.3,50.3,,87.28,2005-03,2008-05,,,,,0,0,,,,MonthlyFR_june_2008.pdf,Sector-Wise analysis of projects,24,275
FR_200806_276,,,276,SHIMOGA-TALAGUPPA,,,RAILWAYS,2008-06,1992-12,,46.0,,158.95,112.95,,66.95,,,,,,,0,0,,,,MonthlyFR_june_2008.pdf,Sector-Wise analysis of projects,24,276
FR_200806_277,,,277,Madurai-Dindigul,,,RAILWAYS,2008-06,2003-04,,73.19,202.92,202.92,129.73,0.0,114.3,,,,,,,0,0,,,,MonthlyFR_june_2008.pdf,Sector-Wise analysis of projects,24,277
FR_200806_278,,,278,HOSPET-GUNTAKAL LINE DOUBLING,,,RAILWAYS,2008-06,1996-03,,105.22,,268.0,162.78,,250.73,1999-12,2008-03,,,,,0,0,,,,MonthlyFR_june_2008.pdf,Sector-Wise analysis of projects,24,278
FR_200806_279,,,279,MANSI-PURNIA (Material Modification of Mansi- Saharsa),,,RAILWAYS,2008-06,1996-04,,114.01,283.95,162.39,48.38,-121.56,151.63,,,,,,,0,0,,,,MonthlyFR_june_2008.pdf,Sector-Wise analysis of projects,24,279
FR_200806_280,,,280,KODERMA-GIRDHI,,,RAILWAYS,2008-06,1996-04,,371.36,,371.36,0.0,,164.9,,,,,,,0,0,,,,MonthlyFR_june_2008.pdf,Sector-Wise analysis of projects,24,280
FR_200806_281,,,281,Podapahar-Banspani,,,RAILWAYS,2008-06,2006-04,,129.74,,138.01,8.27,,35.43,2006-03,,,,,,0,0,,,,MonthlyFR_june_2008.pdf,Sector-Wise analysis of projects,24,281
FR_200806_282,,,282,AMBALA-MORADABAD,,,RAILWAYS,2008-06,1993-03,,152.21,157.76,222.96,70.75,65.2,245.53,1998-03,,,,,,0,0,,,,MonthlyFR_june_2008.pdf,Sector-Wise analysis of projects,24,282
FR_200806_283,,,283,FREIGHT OPERATIONS INFORMATION SYSTEM,,,RAILWAYS,2008-06,1984-03,1989-11,520.0,422.79,422.79,-97.21,0.0,383.29,1995-03,,,,,,0,0,,,,MonthlyFR_june_2008.pdf,Sector-Wise analysis of projects,24,283
FR_200806_284,,,284,Gaelkera-Manoharpur,,,RAILWAYS,2008-06,1998-03,,186.92,,283.1,96.18,,1.86,2006-02,,,,,,0,0,,,,MonthlyFR_june_2008.pdf,Sector-Wise analysis of projects,25,284
FR_200806_285,,,285,AJMER - UDAIPUR - CHITTORGARH,,,RAILWAYS,2008-06,1996-09,2002-01,262.0,433.39,456.0,194.0,22.61,470.63,,2000-03,,,,,0,0,,,,MonthlyFR_june_2008.pdf,Sector-Wise analysis of projects,25,285
FR_200806_286,,,286,Jafrabad-Utratia Phase-II,,,RAILWAYS,2008-06,2000-04,,64.2,,100.42,36.22,,93.77,2005-03,2006-03,,,,,0,0,,,,MonthlyFR_june_2008.pdf,Sector-Wise analysis of projects,25,286
FR_200806_287,,,287,MUZAFFARPUR- SITAMARHI,,,RAILWAYS,2008-06,1997-03,,100.0,,210.79,110.79,,140.97,,,,,,,0,0,,,,MonthlyFR_june_2008.pdf,Sector-Wise analysis of projects,25,287
FR_200806_288,,,288,BELAPUR-SEAWOOD- URAN ELECTRIFIED DOUBLE LINE,,,RAILWAYS,2008-06,1996-03,1997-07,401.81,,495.44,93.63,,105.49,2004-03,,,,,,0,0,,,,MonthlyFR_june_2008.pdf,Sector-Wise analysis of projects,25,288
FR_200806_289,,,289,MANOHARABAD- KOTAPALLI,,,RAILWAYS,2008-06,2006-04,,378.56,,670.0,291.44,,0.43,,,,,,,0,0,,,,MonthlyFR_june_2008.pdf,Sector-Wise analysis of projects,25,289
FR_200806_290,,,290,MUNDERWA-BABHNAN,,,RAILWAYS,2008-06,2006-04,,102.1,,102.1,0.0,,22.75,,,,,,,0,0,,,,MonthlyFR_june_2008.pdf,Sector-Wise analysis of projects,25,290
FR_200806_291,,,291,TANUR (KUTTIPURAM)- GURUVAYUR,,,RAILWAYS,2008-06,1995-04,,40.0,,137.71,97.71,,8.25,,,,,,,0,0,,,,MonthlyFR_june_2008.pdf,Sector-Wise analysis of projects,25,291
FR_200806_292,,,292,"JAWAHABLAL NEHRU PORT PHASE-II, KM.14.35, NH-54 (MH)",,,ROAD TRANSPORT & HIGHWAYS,2008-06,2000-04,,143.0,,143.0,0.0,,120.27,2007-05,,2008-06,13.0,,,0,0,,,,MonthlyFR_june_2008.pdf,Sector-Wise analysis of projects,25,292
FR_200806_293,,,293,"SHIKOHABAD- ETAWAH, KM.250.5- KM.307.5, NH-2 (U.P.)",,,ROAD TRANSPORT & HIGHWAYS,2008-06,2000-04,,261.22,,261.22,0.0,,311.85,2005-03,,2008-06,39.0,,,0,0,,,,MonthlyFR_june_2008.pdf,Sector-Wise analysis of projects,25,293
FR_200806_294,,,294,"HAPUR- GARHMUKTESWAR, KM.58-KM.93, NH-24 (U.P.)",,,ROAD TRANSPORT & HIGHWAYS,2008-06,2000-04,,220.0,,220.0,0.0,,73.17,2007-09,,2008-06,9.0,,,0,0,,,,MonthlyFR_june_2008.pdf,Sector-Wise analysis of projects,25,294
FR_200806_295,,,295,"RAJASTHAN/MP BORDER-KOTA, KM.579-KM.509, NH-76 (RAJASTHAN)",,,ROAD TRANSPORT & HIGHWAYS,2008-06,2003-12,,311.35,,349.59,38.24,,247.94,2008-03,,2008-06,3.0,,,0,0,,,,MonthlyFR_june_2008.pdf,Sector-Wise analysis of projects,25,295
FR_200806_296,,,296,"SHIVPURI BYPASS & UPTO MP/RJ BORDER, KM.53, NH-25 & 76, MP",,,ROAD TRANSPORT & HIGHWAYS,2008-06,2003-12,,360.34,,360.34,0.0,,294.84,2008-02,,2008-06,4.0,,,0,0,,,,MonthlyFR_june_2008.pdf,Sector-Wise analysis of projects,25,296
FR_200806_297,,,297,"BHUBANESWAR- KHURDA, KM.388- KM.418, NH-5 (ORISSA)",,,ROAD TRANSPORT & HIGHWAYS,2008-06,2000-04,,140.85,,140.85,0.0,,139.45,2004-01,,2008-06,53.0,,,0,0,,,,MonthlyFR_june_2008.pdf,Sector-Wise analysis of projects,25,297
FR_200806_298,,,298,"PARADIP PORT, KM.77, NH-5A (ORISSA)",,,ROAD TRANSPORT & HIGHWAYS,2008-06,2000-04,,428.0,,428.0,0.0,,358.41,2007-02,,2008-06,16.0,,,0,0,,,,MonthlyFR_june_2008.pdf,Sector-Wise analysis of projects,25,298
FR_200806_299,,,299,"VARANASI-MOHANIA, KM.317-KM.329, NH-2 (U.P.)",,,ROAD TRANSPORT & HIGHWAYS,2008-06,2000-04,,467.93,,467.93,0.0,,426.8,2005-03,,2008-06,39.0,,,0,0,,,,MonthlyFR_june_2008.pdf,Sector-Wise analysis of projects,25,299
FR_200806_300,,,300,"SASARAM-DEHRI-ON- SONE, KM.110-KM.140, NH-2 (BIHAR)",,,ROAD TRANSPORT & HIGHWAYS,2008-06,2000-04,,221.87,,221.87,0.0,,249.18,2005-03,,2008-06,39.0,,,0,0,,,,MonthlyFR_june_2008.pdf,Sector-Wise analysis of projects,26,300
FR_200806_301,,,301,"LUCKNOW-BYPASS, NH-25 & NH-28 (UTTAR PRADESH)",,,ROAD TRANSPORT & HIGHWAYS,2008-06,2000-04,,182.52,,185.52,3.0,,253.21,2004-06,,2008-06,48.0,,,0,0,,,,MonthlyFR_june_2008.pdf,Sector-Wise analysis of projects,26,301
FR_200806_302,,,302,"AGRA-SHIKOHABAD, KM.200-KM.250.50, NH-2 (U.P.)",,,ROAD TRANSPORT & HIGHWAYS,2008-06,2000-04,,367.49,,367.49,0.0,,400.62,2005-03,,2008-07,40.0,,,0,0,,,,MonthlyFR_june_2008.pdf,Sector-Wise analysis of projects,26,302
FR_200806_303,,,303,ELEVATED HIGHWAY FROM SILK BOARD JUNCTION TO ELECTRONIC CITY,,,ROAD TRANSPORT & HIGHWAYS,2008-06,2005-03,,450.0,,450.0,0.0,,622.9,2008-07,,2008-07,0.0,,,0,0,,,,MonthlyFR_june_2008.pdf,Sector-Wise analysis of projects,26,303
FR_200806_304,,,304,"SIX LANING OF BANGLORE-HOSUR, KM.18.75-KM.33.51, NH- 7 (KAR.)",,,ROAD TRANSPORT & HIGHWAYS,2008-06,2005-03,,110.0,,110.0,0.0,,48.61,2008-07,,2008-07,0.0,,,0,0,,,,MonthlyFR_june_2008.pdf,Sector-Wise analysis of projects,26,304
FR_200806_305,,,305,"NANDHI HILLS- DEVANHALLI, KM.556- KM.539, NH-7 (KARNATAKA)",,,ROAD TRANSPORT & HIGHWAYS,2008-06,2000-04,,172.06,,172.06,0.0,,188.4,2004-03,,2008-08,53.0,,,0,0,,,,MonthlyFR_june_2008.pdf,Sector-Wise analysis of projects,26,305
FR_200806_306,,,306,"GARAMORE- BAMANBORE, KM.254- KM.182.60, NH-8A (GUJARAT)",,,ROAD TRANSPORT & HIGHWAYS,2008-06,2003-12,,360.7,,380.7,20.0,,275.48,2007-11,,2008-09,10.0,,,0,0,,,,MonthlyFR_june_2008.pdf,Sector-Wise analysis of projects,26,306
FR_200806_307,,,307,"GOGUNDA-UDAIPUR, KM.104-KM.73, NH-76 (RAJASTHAN)",,,ROAD TRANSPORT & HIGHWAYS,2008-06,2003-12,,266.0,,288.06,22.06,,243.1,2007-08,,2008-09,13.0,,,0,0,,,,MonthlyFR_june_2008.pdf,Sector-Wise analysis of projects,26,307
FR_200806_308,,,308,"TIRUNELVEI- PANAGUDI, KM.160- KM.203, NH-7 (TAMIL NADU)",,,ROAD TRANSPORT & HIGHWAYS,2008-06,2003-12,,423.54,,423.54,0.0,,128.75,2008-03,,2008-09,6.0,,,0,0,,,,MonthlyFR_june_2008.pdf,Sector-Wise analysis of projects,26,308
FR_200806_309,,,309,"PURNEA-GOYAKOTA, KM.419-KM.447, NH-31 (BIHAR)",,,ROAD TRANSPORT & HIGHWAYS,2008-06,2000-04,,205.73,,205.73,0.0,,186.2,2004-07,,2008-09,50.0,,,0,0,,,,MonthlyFR_june_2008.pdf,Sector-Wise analysis of projects,26,309
FR_200806_310,,,310,"JETPUR-BHILADI, KM.117-KM.52.50, NH-8B (GUJARAT)",,,ROAD TRANSPORT & HIGHWAYS,2008-06,2003-12,,399.89,,508.5,108.61,,351.75,2007-11,,2008-09,10.0,,,0,0,,,,MonthlyFR_june_2008.pdf,Sector-Wise analysis of projects,26,310
FR_200806_311,,,311,"CHITRADURGA BY PASS, KM.207-KM.189 (NH-4)",,,ROAD TRANSPORT & HIGHWAYS,2008-06,2000-04,,104.0,,104.0,0.0,,104.23,2004-08,,2008-10,50.0,,,0,0,,,,MonthlyFR_june_2008.pdf,Sector-Wise analysis of projects,26,311
FR_200806_312,,,312,"MADURAI- TIRUNELVELI, KM.0- KM.42, NH-7 (TAMIL NADU)",,,ROAD TRANSPORT & HIGHWAYS,2008-06,2003-12,,567.38,,567.38,0.0,,215.8,2008-03,,2008-10,7.0,,,0,0,,,,MonthlyFR_june_2008.pdf,Sector-Wise analysis of projects,26,312
FR_200806_313,,,313,"MADURAI- KANYAKUMARI, KM.120-KM.160, NH-7 (TAMIL NADU)",,,ROAD TRANSPORT & HIGHWAYS,2008-06,2003-12,,507.49,,507.49,0.0,,188.34,2008-03,,2008-10,7.0,,,0,0,,,,MonthlyFR_june_2008.pdf,Sector-Wise analysis of projects,26,313
FR_200806_314,,,314,"MADURAI- KANYAKUMARI, KM.42-KM.80, NH-7 (TAMIL NADU)",,,ROAD TRANSPORT & HIGHWAYS,2008-06,2003-12,,474.21,,474.21,0.0,,145.5,2008-03,,2008-10,7.0,,,0,0,,,,MonthlyFR_june_2008.pdf,Sector-Wise analysis of projects,26,314
FR_200806_315,,,315,"CHENNAI BYPASS, KM.32, NH-4, 5, & 45",,,ROAD TRANSPORT & HIGHWAYS,2008-06,2003-12,,480.0,,,0.0,,543.34,2007-11,,,11.0,,,0,0,,,,MonthlyFR_june_2008.pdf,Sector-Wise analysis of projects,26,315
FR_200806_316,,,316,"SILIGURI-ISLAMPUR, KM.551-KM.526, NH-31 (WEST BENGAL)",,,ROAD TRANSPORT & HIGHWAYS,2008-06,2003-12,,155.0,,155.0,0.0,,176.3,2008-10,,2008-10,0.0,,,0,0,,,,MonthlyFR_june_2008.pdf,Sector-Wise analysis of projects,27,316
FR_200806_317,,,317,"SAGAR-RAJMARG CHORAHA, KM.255- KM.297, NH-26 (M.P.)",,,ROAD TRANSPORT & HIGHWAYS,2008-06,2003-12,,206.96,,206.96,0.0,,51.79,2008-10,,2008-10,0.0,,,0,0,,,,MonthlyFR_june_2008.pdf,Sector-Wise analysis of projects,27,317
FR_200806_318,,,318,"MADURAI - KANYAKUMARI, KM.80-KM.120, NH-7 (TAMIL NADU)",,,ROAD TRANSPORT & HIGHWAYS,2008-06,2003-12,,323.36,,323.36,0.0,,105.7,2008-03,,2008-10,7.0,,,0,0,,,,MonthlyFR_june_2008.pdf,Sector-Wise analysis of projects,27,318
FR_200806_319,,,319,"SALEM-KARUR, KM.258.645-KM.292.60, NH-7 (TAMIL NADU)",,,ROAD TRANSPORT & HIGHWAYS,2008-06,2003-12,,205.6,,205.6,0.0,,129.2,2008-08,,2008-11,3.0,,,0,0,,,,MonthlyFR_june_2008.pdf,Sector-Wise analysis of projects,27,319
FR_200806_320,,,320,"GANJAM- ICCHAPURAM, KM.233- KM.284, NH-5 (ORISSA)",,,ROAD TRANSPORT & HIGHWAYS,2008-06,2000-04,,263.27,,263.27,0.0,,150.8,2004-02,,2008-11,57.0,,,0,0,,,,MonthlyFR_june_2008.pdf,Sector-Wise analysis of projects,27,320
FR_200806_321,,,321,"AMBALA-ZIRAKPUR, KM.5/735-KM.39/961, NH-21 & 22, (HARYANA)",,,ROAD TRANSPORT & HIGHWAYS,2008-06,2005-03,,298.0,,298.0,0.0,,363.5,2008-11,,2008-11,0.0,,,0,0,,,,MonthlyFR_june_2008.pdf,Sector-Wise analysis of projects,27,321
FR_200806_322,,,322,"JALANDAR-AMRITSAR, KM.407-KM.456, NH-1, (PANJAB)",,,ROAD TRANSPORT & HIGHWAYS,2008-06,2005-03,,263.0,,263.0,0.0,,183.8,2009-02,,2008-11,-3.0,,,0,0,,,,MonthlyFR_june_2008.pdf,Sector-Wise analysis of projects,27,322
FR_200806_323,,,323,"JHANSI-SHIVPURI, KM.91-KM.50, NH-25 (MADHYA PRADESH)",,,ROAD TRANSPORT & HIGHWAYS,2008-06,2003-12,,220.31,,220.31,0.0,,106.0,2008-05,,2008-12,7.0,,,0,0,,,,MonthlyFR_june_2008.pdf,Sector-Wise analysis of projects,27,323
FR_200806_324,,,324,"TOVARAMKURCHI- MADURAI, KM.60.95- KM.124.84 (T.N.)",,,ROAD TRANSPORT & HIGHWAYS,2008-06,2003-12,,263.0,,263.0,0.0,,155.7,2008-08,,2008-12,4.0,,,0,0,,,,MonthlyFR_june_2008.pdf,Sector-Wise analysis of projects,27,324
FR_200806_325,,,325,"KOTA-CHITTORGARH, KM.316-KM.253, NH-76 (RAJASTHAN)",,,ROAD TRANSPORT & HIGHWAYS,2008-06,2003-12,,440.5,,503.66,63.16,,341.0,2008-04,,2008-12,8.0,,,0,0,,,,MonthlyFR_june_2008.pdf,Sector-Wise analysis of projects,27,325
FR_200806_326,,,326,"BALASORE-BHADRAK, KM.136.5-KM.199.14, NH-5 (ORISSA)",,,ROAD TRANSPORT & HIGHWAYS,2008-06,2000-04,,227.25,,227.25,0.0,,192.36,2004-02,,2008-12,58.0,,,0,0,,,,MonthlyFR_june_2008.pdf,Sector-Wise analysis of projects,27,326
FR_200806_327,,,327,"JHANSI-SIVPURI, KM.50-KM.15, NH-25 (M.P.)",,,ROAD TRANSPORT & HIGHWAYS,2008-06,2003-12,,213.69,,213.69,0.0,,137.9,2008-02,,2008-12,10.0,,,0,0,,,,MonthlyFR_june_2008.pdf,Sector-Wise analysis of projects,27,327
FR_200806_328,,,328,"SWAROOPGANJ- BAKARIA, KM.29-KM.0 & KM.264-KM.249.7, NH- 76&14",,,ROAD TRANSPORT & HIGHWAYS,2008-06,2003-12,,220.0,,243.11,23.11,,167.42,2008-04,,2008-12,8.0,,,0,0,,,,MonthlyFR_june_2008.pdf,Sector-Wise analysis of projects,27,328
FR_200806_329,,,329,"KARUR-MADURAI, KM.305.6-KM.373.28, NH-7 (TAMIL NADU)",,,ROAD TRANSPORT & HIGHWAYS,2008-06,2003-12,,327.2,,327.2,0.0,,169.5,2009-01,,2008-12,-1.0,,,0,0,,,,MonthlyFR_june_2008.pdf,Sector-Wise analysis of projects,27,329
FR_200806_330,,,330,"SALEM-KERALA BORDER, KM.203.96- KM.53, NH-47 (TAMIL NADU)",,,ROAD TRANSPORT & HIGHWAYS,2008-06,2003-12,,469.8,,469.8,0.0,,267.2,2008-12,,2008-12,0.0,,,0,0,,,,MonthlyFR_june_2008.pdf,Sector-Wise analysis of projects,27,330
FR_200806_331,,,331,"SALEM-KERALA BORDER, KM.53- KM.100, NH-97 (TAMIL NADU)",,,ROAD TRANSPORT & HIGHWAYS,2008-06,2003-12,,379.8,,379.8,0.0,,150.8,2008-12,,2008-12,0.0,,,0,0,,,,MonthlyFR_june_2008.pdf,Sector-Wise analysis of projects,27,331
FR_200806_332,,,332,"GORHAR-BARWA ADDA, KM.320-",,,ROAD TRANSPORT & HIGHWAYS,2008-06,2000-04,,399.75,,,0.0,,344.6,2005-03,,,45.0,,,0,0,,,,MonthlyFR_june_2008.pdf,Sector-Wise analysis of projects,27,332
FR_200806_333,,,333,"KUNJWANI-VIJAYPUR, KM.80-KM.97, NH-1A (JAMMU & KASHMIR)",,,ROAD TRANSPORT & HIGHWAYS,2008-06,2000-04,,110.0,,110.0,0.0,,117.9,2004-12,,2008-12,48.0,,,0,0,,,,MonthlyFR_june_2008.pdf,Sector-Wise analysis of projects,28,333
FR_200806_334,,,334,"KARUR-MADURAI, KM.373.275-KM.426.60, NH-7 (TAMIL NADU)",,,ROAD TRANSPORT & HIGHWAYS,2008-06,2003-12,,283.5,,283.5,0.0,,186.6,2008-12,,2008-12,0.0,,,0,0,,,,MonthlyFR_june_2008.pdf,Sector-Wise analysis of projects,28,334
FR_200806_335,,,335,"FATEHPUR-KHAGA, KM.38-KM.115, NH-2 (U.P.)",,,ROAD TRANSPORT & HIGHWAYS,2008-06,2000-04,,372.4,,372.4,0.0,,336.4,2004-07,,2008-12,53.0,,,0,0,,,,MonthlyFR_june_2008.pdf,Sector-Wise analysis of projects,28,335
FR_200806_336,,,336,"TINDIVANAM- UIUNDURPET, KM.121- KM.192.25, NH-45 (T.N.)",,,ROAD TRANSPORT & HIGHWAYS,2008-06,2003-12,,480.0,,480.0,0.0,,599.4,2009-03,,2008-12,-3.0,,,0,0,,,,MonthlyFR_june_2008.pdf,Sector-Wise analysis of projects,28,336
FR_200806_337,,,337,"DHULE-PIMPALGAON, KM.380-KM.265, NH-3 (MAHARASHTRA)",,,ROAD TRANSPORT & HIGHWAYS,2008-06,2005-03,,556.0,,556.0,0.0,,435.0,2009-03,,2008-12,-3.0,,,0,0,,,,MonthlyFR_june_2008.pdf,Sector-Wise analysis of projects,28,337
FR_200806_338,,,338,"PADALUR-TRICHY, KM.285-KM.325, NH-45 (T.N.I)",,,ROAD TRANSPORT & HIGHWAYS,2008-06,2003-12,,320.0,,320.0,0.0,,271.5,2009-05,,2008-12,-5.0,,,0,0,,,,MonthlyFR_june_2008.pdf,Sector-Wise analysis of projects,28,338
FR_200806_339,,,339,"UIUNDURPET- PADALUR, KM.192.25- KM.285, NH-45 (T.N.)",,,ROAD TRANSPORT & HIGHWAYS,2008-06,2003-12,,460.0,,460.0,0.0,,480.4,2009-06,,2008-12,-6.0,,,0,0,,,,MonthlyFR_june_2008.pdf,Sector-Wise analysis of projects,28,339
FR_200806_340,,,340,"KRISHNAGIRI- THOPURGHAT, KM.94- KM.156, NH-7 (TAMIL NADU)",,,ROAD TRANSPORT & HIGHWAYS,2008-06,2003-12,,372.7,,372.7,0.0,,351.93,2008-12,,2008-12,0.0,,,0,0,,,,MonthlyFR_june_2008.pdf,Sector-Wise analysis of projects,28,340
FR_200806_341,,,341,"NAGPUR-KONDHALI, KM.9.2-KM.50, NH-6 (MAHARASHTRA)",,,ROAD TRANSPORT & HIGHWAYS,2008-06,2005-03,,168.0,,168.0,0.0,,209.5,2008-12,,2008-12,0.0,,,0,0,,,,MonthlyFR_june_2008.pdf,Sector-Wise analysis of projects,28,341
FR_200806_342,,,342,"BAKARIA-GOGUNDA, KM.73-KM.29, NH-76 (RAJASTHAN)",,,ROAD TRANSPORT & HIGHWAYS,2008-06,2003-12,,457.0,,530.9,73.9,,348.6,2008-04,,2008-12,8.0,,,0,0,,,,MonthlyFR_june_2008.pdf,Sector-Wise analysis of projects,28,342
FR_200806_343,,,343,"CHITTORGARH BYPASS, KM.253- KM.213, NH-76 (RAJASTHAN)",,,ROAD TRANSPORT & HIGHWAYS,2008-06,2003-12,,384.25,,447.9,63.65,,282.6,2008-04,,2008-12,8.0,,,0,0,,,,MonthlyFR_june_2008.pdf,Sector-Wise analysis of projects,28,343
FR_200806_344,,,344,"KOTA-CHITTORGARH, KM.381-KM.316, NH-76 (RAJASTHAN)",,,ROAD TRANSPORT & HIGHWAYS,2008-06,2003-12,,446.4,,528.44,82.04,,307.5,2008-04,,2008-12,8.0,,,0,0,,,,MonthlyFR_june_2008.pdf,Sector-Wise analysis of projects,28,344
FR_200806_345,,,345,"ALLAHABAD BYPASS CONTRACT-III, KM.198- KM.242.71, NH-2 (U.P.)",,,ROAD TRANSPORT & HIGHWAYS,2008-06,2000-04,,534.39,,534.39,0.0,,492.84,2007-05,,2008-12,19.0,,,0,0,,,,MonthlyFR_june_2008.pdf,Sector-Wise analysis of projects,28,345
FR_200806_346,,,346,"ALLAHABAD BYPASS CONTRACT-II, KM.158- KM.198, NH-2 (U.P.)",,,ROAD TRANSPORT & HIGHWAYS,2008-06,2000-04,,440.93,,440.93,0.0,,473.25,2006-12,,2008-12,24.0,,,0,0,,,,MonthlyFR_june_2008.pdf,Sector-Wise analysis of projects,28,346
FR_200806_347,,,347,"BHARATPUR MAHUA, KM.63-KM.120, NH-11 (RAJASTHAN)",,,ROAD TRANSPORT & HIGHWAYS,2008-06,2005-03,,250.0,,250.0,0.0,,309.8,2009-01,,2009-01,0.0,,,0,0,,,,MonthlyFR_june_2008.pdf,Sector-Wise analysis of projects,28,347
FR_200806_348,,,348,"SALEM-KARUR, KM.207.05-KM.248.625, NH-7 (TAMIL NADU)",,,ROAD TRANSPORT & HIGHWAYS,2008-06,2003-12,,253.5,,253.5,0.0,,192.5,2009-01,,2009-01,0.0,,,0,0,,,,MonthlyFR_june_2008.pdf,Sector-Wise analysis of projects,28,348
FR_200806_349,,,349,"AURANG-RAIPUR, KM.232-KM.281, NH-6 (CHHATTISGARH)",,,ROAD TRANSPORT & HIGHWAYS,2008-06,2005-03,,190.0,,190.0,0.0,,97.39,2009-01,,2009-01,0.0,,,0,0,,,,MonthlyFR_june_2008.pdf,Sector-Wise analysis of projects,28,349
FR_200806_350,,,350,"FARUKHANAGAR- KOTAKOTTA, KM.80.05- KM.135.47, NH-7 (A.P.)",,,ROAD TRANSPORT & HIGHWAYS,2008-06,2003-12,,313.7,,302.0,-11.7,,290.5,2009-02,,2009-02,0.0,,,0,0,,,,MonthlyFR_june_2008.pdf,Sector-Wise analysis of projects,29,350
FR_200806_351,,,351,"FARUKHANAGAR- KOTTAKATA, KM.34.14- KM.80.08, NH-7 (A.P.)",,,ROAD TRANSPORT & HIGHWAYS,2008-06,2003-12,,267.2,,255.0,-12.2,,271.1,2009-02,,2009-02,0.0,,,0,0,,,,MonthlyFR_june_2008.pdf,Sector-Wise analysis of projects,29,351
FR_200806_352,,,352,"NEW MANGLORE PORT, KM.37, NH-17 & 48 (KARNATAKA)",,,ROAD TRANSPORT & HIGHWAYS,2008-06,2000-04,,196.5,,196.5,0.0,,62.98,2008-06,,2009-03,9.0,,,0,0,,,,MonthlyFR_june_2008.pdf,Sector-Wise analysis of projects,29,352
FR_200806_353,,,353,"GAGODHAR- GARAMORE, KM.245- KM.281.3 & KM.308- KM.254, NH-8A",,,ROAD TRANSPORT & HIGHWAYS,2008-06,2003-12,,412.78,,479.54,66.76,,318.7,2007-11,,2009-03,16.0,,,0,0,,,,MonthlyFR_june_2008.pdf,Sector-Wise analysis of projects,29,353
FR_200806_354,,,354,"MAHUA-JAIPUR, KM.120-KM.228, NH-11 (RAJASTHAN)",,,ROAD TRANSPORT & HIGHWAYS,2008-06,2005-03,,483.0,,483.0,0.0,,527.4,2009-03,,2009-03,0.0,,,0,0,,,,MonthlyFR_june_2008.pdf,Sector-Wise analysis of projects,29,354
FR_200806_355,,,355,"TRICHY BYPASS- TUVARAMKURCHI, KM.61, NH-45B (TAMIL NADU)",,,ROAD TRANSPORT & HIGHWAYS,2008-06,2003-12,,261.0,,261.0,0.0,,150.94,2008-08,,2009-03,7.0,,,0,0,,,,MonthlyFR_june_2008.pdf,Sector-Wise analysis of projects,29,355
FR_200806_356,,,356,"AGRA-BHARATPUR, KM.45, NH-11 (U.P.)",,,ROAD TRANSPORT & HIGHWAYS,2008-06,2005-03,,195.0,,195.0,0.0,,182.8,2009-03,,2009-03,0.0,,,0,0,,,,MonthlyFR_june_2008.pdf,Sector-Wise analysis of projects,29,356
FR_200806_357,,,357,"THRISSUR-ANGAMALI, KM.270.00-KM.316.70, NH-47 (KERALA)",,,ROAD TRANSPORT & HIGHWAYS,2008-06,2003-12,,312.5,,312.5,0.0,,265.82,2009-03,,2009-03,0.0,,,0,0,,,,MonthlyFR_june_2008.pdf,Sector-Wise analysis of projects,29,357
FR_200806_358,,,358,"MEERUT- MUZAFFARNAGAR, KM.52.25-KM.131.00, NH-58 (U.P.)",,,ROAD TRANSPORT & HIGHWAYS,2008-06,2005-03,,359.0,,359.0,0.0,,280.3,2009-03,,2009-03,0.0,,,0,0,,,,MonthlyFR_june_2008.pdf,Sector-Wise analysis of projects,29,358
FR_200806_359,,,359,"KADLOOR YELLAREDDY- POCHAMPALLI, KM.367-KM.447, NH-7 (A.P.)",,,ROAD TRANSPORT & HIGHWAYS,2008-06,2003-12,,546.15,,490.0,-56.15,,474.9,2009-04,,2009-03,-1.0,,,0,0,,,,MonthlyFR_june_2008.pdf,Sector-Wise analysis of projects,29,359
FR_200806_360,,,360,"HYDERABAD- BANGALORE, KM.135.47-KM.211, NH-7 (A.P.)",,,ROAD TRANSPORT & HIGHWAYS,2008-06,2003-12,,611.44,,592.0,-19.44,,550.3,2009-03,,2009-03,0.0,,,0,0,,,,MonthlyFR_june_2008.pdf,Sector-Wise analysis of projects,29,360
FR_200806_361,,,361,"LALITPUR-SAGAR (2), KM.132-KM.187, NH-26 (M.P.)",,,ROAD TRANSPORT & HIGHWAYS,2008-06,2003-12,,225.0,,225.0,0.0,,78.22,2008-10,,2009-03,5.0,,,0,0,,,,MonthlyFR_june_2008.pdf,Sector-Wise analysis of projects,29,361
FR_200806_362,,,362,"HAVERI-HARIHAR, KM.340-KM.284, NH-4 (KARNATAKA)",,,ROAD TRANSPORT & HIGHWAYS,2008-06,2000-04,,241.0,,241.0,0.0,,201.01,2004-08,,2009-03,55.0,,,0,0,,,,MonthlyFR_june_2008.pdf,Sector-Wise analysis of projects,29,362
FR_200806_363,,,363,"DEVDHARI-KELAPUR, KM.123-KM.153, NH-7 (MAHARASHTRA)",,,ROAD TRANSPORT & HIGHWAYS,2008-06,2003-12,,144.0,,144.0,0.0,,50.09,2005-07,,2009-03,44.0,,,0,0,,,,MonthlyFR_june_2008.pdf,Sector-Wise analysis of projects,29,363
FR_200806_364,,,364,"PANIPAT-PANCHI GUJARAN, KM.86- KM.66, (HARYANA)",,,ROAD TRANSPORT & HIGHWAYS,2008-06,2003-12,,109.0,,109.0,0.0,,46.62,2008-10,,2009-03,5.0,,,0,0,,,,MonthlyFR_june_2008.pdf,Sector-Wise analysis of projects,29,364
FR_200806_365,,,365,"JAM-WADNER, KM.64- KM.94, NH-7 (MAHARASHTRA)",,,ROAD TRANSPORT & HIGHWAYS,2008-06,2003-12,,145.0,,145.0,0.0,,40.98,2005-07,,2009-03,44.0,,,0,0,,,,MonthlyFR_june_2008.pdf,Sector-Wise analysis of projects,29,365
FR_200806_366,,,366,AP/ KARNATAKA,,,ROAD TRANSPORT & HIGHWAYS,2008-06,2003-12,,402.8,,,0.0,,248.0,2009-03,,,0.0,,,0,0,,,,MonthlyFR_june_2008.pdf,Sector-Wise analysis of projects,29,366
FR_200806_367,,,367,"BORKHEDI-JAM, KM.36.6-KM.64.0, NH-7 (MAHARASHTRA)",,,ROAD TRANSPORT & HIGHWAYS,2008-06,2003-12,,110.0,,110.0,0.0,,62.95,2005-06,,2009-03,45.0,,,0,0,,,,MonthlyFR_june_2008.pdf,Sector-Wise analysis of projects,30,367
FR_200806_368,,,368,"KONDHALI-TELEGAON, KM.50-KM.100, NH-6 (MAHARASHTRA)",,,ROAD TRANSPORT & HIGHWAYS,2008-06,2005-03,,212.0,,212.0,0.0,,323.3,2009-03,,2009-03,0.0,,,0,0,,,,MonthlyFR_june_2008.pdf,Sector-Wise analysis of projects,30,368
FR_200806_369,,,369,"GONDE-VADAPE (THANE), KM.440- KM.539.50, NH-3 (MAHARASHTRA)",,,ROAD TRANSPORT & HIGHWAYS,2008-06,2005-03,,579.0,,579.0,0.0,,355.0,2009-04,,2009-04,0.0,,,0,0,,,,MonthlyFR_june_2008.pdf,Sector-Wise analysis of projects,30,369
FR_200806_370,,,370,"PURNEA-FORBESGANJ, KM.309-KM.268, NH-57 (BIHAR)",,,ROAD TRANSPORT & HIGHWAYS,2008-06,2003-12,,276.0,,276.0,0.0,,178.4,2008-04,,2009-04,12.0,,,0,0,,,,MonthlyFR_june_2008.pdf,Sector-Wise analysis of projects,30,370
FR_200806_371,,,371,"PURNEA-FORBESGANJ, KM.268-KM.230, NH-57 (BIHAR)",,,ROAD TRANSPORT & HIGHWAYS,2008-06,2003-12,,310.0,,310.0,0.0,,184.3,2008-04,,2009-04,12.0,,,0,0,,,,MonthlyFR_june_2008.pdf,Sector-Wise analysis of projects,30,371
FR_200806_372,,,372,"KELAPUR- PIMPALKATTI, KM.153- KM.175, NH-7 (MAHARASHTRA)",,,ROAD TRANSPORT & HIGHWAYS,2008-06,2003-12,,117.4,,117.4,0.0,,21.39,2008-11,,2009-05,6.0,,,0,0,,,,MonthlyFR_june_2008.pdf,Sector-Wise analysis of projects,30,372
FR_200806_373,,,373,"DARBHANGA- MUZAFFARPUR, KM.70- KM.30, NH-57, (BIHAR)",,,ROAD TRANSPORT & HIGHWAYS,2008-06,2003-12,,305.0,,305.0,0.0,,144.5,2008-06,,2009-06,12.0,,,0,0,,,,MonthlyFR_june_2008.pdf,Sector-Wise analysis of projects,30,373
FR_200806_374,,,374,"BIJNI-ASSAM/WEST BENGAL BORDER, KM.30-KM.60, NH-31C",,,ROAD TRANSPORT & HIGHWAYS,2008-06,2003-12,,195.0,,195.0,0.0,,32.94,2008-06,,2009-06,12.0,,,0,0,,,,MonthlyFR_june_2008.pdf,Sector-Wise analysis of projects,30,374
FR_200806_375,,,375,"GANGA BRIDGE- RAMDEVI CROSSING, KM.75-KM.80.06, NH-25 (U.P.)",,,ROAD TRANSPORT & HIGHWAYS,2008-06,2003-12,,155.0,,201.66,46.66,,31.24,2008-09,,2009-06,9.0,,,0,0,,,,MonthlyFR_june_2008.pdf,Sector-Wise analysis of projects,30,375
FR_200806_376,,,376,"RAJASTHAN/MP BORDER-KOTA, KM.509-KM.449.15, NH- 76",,,ROAD TRANSPORT & HIGHWAYS,2008-06,2003-12,,378.22,,430.21,51.99,,235.21,2008-04,,2009-06,14.0,,,0,0,,,,MonthlyFR_june_2008.pdf,Sector-Wise analysis of projects,30,376
FR_200806_377,,,377,"AYODHYA-LUCKNOW, KM.45-KM.8.250, NH-28 (UTTAR PRADESH)",,,ROAD TRANSPORT & HIGHWAYS,2008-06,2003-12,,193.0,,193.0,0.0,,144.7,2008-10,,2009-06,8.0,,,0,0,,,,MonthlyFR_june_2008.pdf,Sector-Wise analysis of projects,30,377
FR_200806_378,,,378,"GORAKHPUR- AYODHYA, KM.251.70- KM.208.00, NH-28 (U.P.)",,,ROAD TRANSPORT & HIGHWAYS,2008-06,2003-12,,239.0,,239.0,0.0,,167.1,2008-10,,2009-06,8.0,,,0,0,,,,MonthlyFR_june_2008.pdf,Sector-Wise analysis of projects,30,378
FR_200806_379,,,379,"VIJAYAPUR- PATHANKOT KM.16.35- KM.50.00, NH-1A (J&K)",,,ROAD TRANSPORT & HIGHWAYS,2008-06,2003-12,,193.09,,193.09,0.0,,68.14,2008-03,,2009-06,15.0,,,0,0,,,,MonthlyFR_june_2008.pdf,Sector-Wise analysis of projects,30,379
FR_200806_380,,,380,"VIJAYAPUR- PATHANKOT, KM.50- KM.80, NH1A (JAMMU & KASHMIR)",,,ROAD TRANSPORT & HIGHWAYS,2008-06,2003-12,,166.27,,166.27,0.0,,46.03,2008-03,,2009-06,15.0,,,0,0,,,,MonthlyFR_june_2008.pdf,Sector-Wise analysis of projects,30,380
FR_200806_381,,,381,"KASIA-GORAKHPUR, KM.319.8-KM.279.8, NH- 28 (UTTAR PRADESH)",,,ROAD TRANSPORT & HIGHWAYS,2008-06,2003-12,,242.0,,242.0,0.0,,174.1,2008-12,,2009-06,6.0,,,0,0,,,,MonthlyFR_june_2008.pdf,Sector-Wise analysis of projects,30,381
FR_200806_382,,,382,"UP/BIHAR BORDER- KASIA, KM.360.915-",,,ROAD TRANSPORT & HIGHWAYS,2008-06,2003-12,,227.0,,,0.0,,134.8,2008-12,,,6.0,,,0,0,,,,MonthlyFR_june_2008.pdf,Sector-Wise analysis of projects,30,382
FR_200806_383,,,383,"GORAKHPUR- AYODHYA, KM.208- KM.164, NH-28 (UTTAR PRADESH)",,,ROAD TRANSPORT & HIGHWAYS,2008-06,2003-12,,227.0,,227.0,0.0,,90.63,2008-10,,2009-06,8.0,,,0,0,,,,MonthlyFR_june_2008.pdf,Sector-Wise analysis of projects,31,383
FR_200806_384,,,384,"GORAKHPUR- AYODHYA, KM.164- KM.135, NH-28 (U.P.)",,,ROAD TRANSPORT & HIGHWAYS,2008-06,2003-12,,205.0,,205.0,0.0,,157.9,2008-10,,2009-06,8.0,,,0,0,,,,MonthlyFR_june_2008.pdf,Sector-Wise analysis of projects,31,384
FR_200806_385,,,385,"DARBHANGA- MUZAFFARPUR, KM 30- KM 0, NH-57 (BIHAR)",,,ROAD TRANSPORT & HIGHWAYS,2008-06,2003-12,,291.8,,291.8,0.0,,184.49,2008-06,,2009-06,12.0,,,0,0,,,,MonthlyFR_june_2008.pdf,Sector-Wise analysis of projects,31,385
FR_200806_386,,,386,"NALBARI-BIJNI, KM.983-KM.961.5, NH-31 (ASSAM)",,,ROAD TRANSPORT & HIGHWAYS,2008-06,2003-12,,142.0,,142.0,0.0,,28.99,2008-06,,2009-06,12.0,,,0,0,,,,MonthlyFR_june_2008.pdf,Sector-Wise analysis of projects,31,386
FR_200806_387,,,387,"SITAPUR-LUCKNOW, KM.488.27-KM.413.20, NH-24 (U.P.)",,,ROAD TRANSPORT & HIGHWAYS,2008-06,2005-03,,322.0,,322.0,0.0,,67.77,2009-06,,2009-06,0.0,,,0,0,,,,MonthlyFR_june_2008.pdf,Sector-Wise analysis of projects,31,387
FR_200806_388,,,388,"AYODHYA-LUCKNOW, KM.135.000-KM.93.075, NH-28 (U.P.)",,,ROAD TRANSPORT & HIGHWAYS,2008-06,2003-12,,212.0,,212.0,0.0,,172.2,2008-10,,2009-06,8.0,,,0,0,,,,MonthlyFR_june_2008.pdf,Sector-Wise analysis of projects,31,388
FR_200806_389,,,389,"AYODHYA-LUCKNOW, KM.93.075-KM.45, NH-28 (UTTAR PRADESH)",,,ROAD TRANSPORT & HIGHWAYS,2008-06,2003-12,,217.0,,217.0,0.0,,167.1,2008-10,,2009-06,8.0,,,0,0,,,,MonthlyFR_june_2008.pdf,Sector-Wise analysis of projects,31,389
FR_200806_390,,,390,"BIJNI-ASSAM/WB BORDER, KM.30.0- KM.0.0, NH-31C (ASSAM)",,,ROAD TRANSPORT & HIGHWAYS,2008-06,2003-12,,230.0,,230.0,0.0,,59.21,2005-06,,2009-06,48.0,,,0,0,,,,MonthlyFR_june_2008.pdf,Sector-Wise analysis of projects,31,390
FR_200806_391,,,391,"GORAKHPUR BYPASS, KM.251.7-KM.279.8, NH- 28 (U.P.)",,,ROAD TRANSPORT & HIGHWAYS,2008-06,2003-12,,600.24,,600.24,0.0,,269.8,2009-10,,2009-06,-4.0,,,0,0,,,,MonthlyFR_june_2008.pdf,Sector-Wise analysis of projects,31,391
FR_200806_392,,,392,"JHAJHARPUR- DARBANGA, KM.110- KM.70, NH-57 (BIHAR)",,,ROAD TRANSPORT & HIGHWAYS,2008-06,2003-12,,340.0,,340.0,0.0,,95.02,2008-09,,2009-06,9.0,,,0,0,,,,MonthlyFR_june_2008.pdf,Sector-Wise analysis of projects,31,392
FR_200806_393,,,393,"SIMRAHI-RINGBUND, KM.190-KM.165, NH-57 (BIHAR)",,,ROAD TRANSPORT & HIGHWAYS,2008-06,2003-12,,100.5,,100.5,0.0,,86.84,2008-04,,2009-06,14.0,,,0,0,,,,MonthlyFR_june_2008.pdf,Sector-Wise analysis of projects,31,393
FR_200806_394,,,394,"NALBARI-BIJNI, KM.1013-KM.983, NH-31 (ASSAM)",,,ROAD TRANSPORT & HIGHWAYS,2008-06,2003-12,,200.0,,200.0,0.0,,47.25,2008-06,,2009-06,12.0,,,0,0,,,,MonthlyFR_june_2008.pdf,Sector-Wise analysis of projects,31,394
FR_200806_395,,,395,"SILIGURI-ISLAMPUR, KM.526-KM.500, NH- 31(WEST BENGAL)",,,ROAD TRANSPORT & HIGHWAYS,2008-06,2003-12,,225.0,,225.0,0.0,,72.07,2008-07,,2009-06,11.0,,,0,0,,,,MonthlyFR_june_2008.pdf,Sector-Wise analysis of projects,31,395
FR_200806_396,,,396,"THANJAVUR-TRICHY, KM.80-KM.135.75, NH-67 (T.N.)",,,ROAD TRANSPORT & HIGHWAYS,2008-06,2005-03,,280.0,,280.0,0.0,,164.8,2009-06,,2009-06,0.0,,,0,0,,,,MonthlyFR_june_2008.pdf,Sector-Wise analysis of projects,31,396
FR_200806_397,,,397,"ASSAM/WEST BENGAL BORDER-GAIRKATTA, KM.255-KM.223, NH-31",,,ROAD TRANSPORT & HIGHWAYS,2008-06,2003-12,,221.82,,221.82,0.0,,64.15,2008-11,,2009-06,7.0,,,0,0,,,,MonthlyFR_june_2008.pdf,Sector-Wise analysis of projects,31,397
FR_200806_398,,,398,"NALBARI-BIJNI, KM.1065-KM.1040.3, NH- 31 (ASSAM)",,,ROAD TRANSPORT & HIGHWAYS,2008-06,2003-12,,225.0,,225.0,0.0,,61.08,2008-06,,2009-06,12.0,,,0,0,,,,MonthlyFR_june_2008.pdf,Sector-Wise analysis of projects,31,398
FR_200806_399,,,399,"GUWAHATI-NALBARI, KM.1093-KM.1065, NH- 31 (ASSAM)",,,ROAD TRANSPORT & HIGHWAYS,2008-06,2003-12,,198.16,,198.16,0.0,,50.32,2008-04,,2009-06,14.0,,,0,0,,,,MonthlyFR_june_2008.pdf,Sector-Wise analysis of projects,31,399
FR_200806_400,,,400,"LANKA-DABOKA, KM.22-KM.24, NH-54 (ASSAM)",,,ROAD TRANSPORT & HIGHWAYS,2008-06,2003-12,,225.0,,225.0,0.0,,63.46,2008-06,,2009-06,12.0,,,0,0,,,,MonthlyFR_june_2008.pdf,Sector-Wise analysis of projects,32,400
FR_200806_401,,,401,"DAKOBA-NAGAON, KM.36-KM.5.5, NH-36 (ASSAM)",,,ROAD TRANSPORT & HIGHWAYS,2008-06,2003-12,,225.0,,225.0,0.0,,63.46,2008-06,,2009-06,12.0,,,0,0,,,,MonthlyFR_june_2008.pdf,Sector-Wise analysis of projects,32,401
FR_200806_402,,,402,"SILCHAR-UDARBAND, KM.309-KM.275, NH-54 (ASSAM)",,,ROAD TRANSPORT & HIGHWAYS,2008-06,2003-12,,157.47,,154.57,-2.9,,76.3,2007-09,,2009-06,21.0,,,0,0,,,,MonthlyFR_june_2008.pdf,Sector-Wise analysis of projects,32,402
FR_200806_403,,,403,"RINGBUNDS- JHANJHARPUR, KM.155- KM.110, NH-57 (BIHAR)",,,ROAD TRANSPORT & HIGHWAYS,2008-06,2003-12,,340.0,,340.0,0.0,,161.2,2008-06,,2009-06,12.0,,,0,0,,,,MonthlyFR_june_2008.pdf,Sector-Wise analysis of projects,32,403
FR_200806_404,,,404,"RAJMARG CHORAHA- LAKHNANDON, KM.351-KM.405.7, NH-26",,,ROAD TRANSPORT & HIGHWAYS,2008-06,2003-12,,229.91,,229.91,0.0,,10.21,2008-10,,2009-06,8.0,,,0,0,,,,MonthlyFR_june_2008.pdf,Sector-Wise analysis of projects,32,404
FR_200806_405,,,405,"NAGAON BYPASS, KM.5.5-KM.262.7, NH-36 (ASSAM)",,,ROAD TRANSPORT & HIGHWAYS,2008-06,2003-12,,230.0,,230.0,0.0,,119.2,2008-06,,2009-06,12.0,,,0,0,,,,MonthlyFR_june_2008.pdf,Sector-Wise analysis of projects,32,405
FR_200806_406,,,406,"NALBARI-BIJNI, KM.1040.3-KM.1013, NH- 31 (ASSAM)",,,ROAD TRANSPORT & HIGHWAYS,2008-06,2003-12,,208.0,,208.0,0.0,,22.35,2008-04,,2009-06,14.0,,,0,0,,,,MonthlyFR_june_2008.pdf,Sector-Wise analysis of projects,32,406
FR_200806_407,,,407,"PALANPUR- SWAROOPGANJ, KM.264-KM.340, NH-14 (RAJASTHAN)",,,ROAD TRANSPORT & HIGHWAYS,2008-06,2003-12,,498.0,,498.0,0.0,,79.31,2009-03,,2009-06,3.0,,,0,0,,,,MonthlyFR_june_2008.pdf,Sector-Wise analysis of projects,32,407
FR_200806_408,,,408,"DHARMATUL- SONAPUR, KM.230.50- KM.230.00, NH-31 (ASSAM)",,,ROAD TRANSPORT & HIGHWAYS,2008-06,2003-12,,200.0,,200.0,0.0,,45.77,2008-06,,2009-06,12.0,,,0,0,,,,MonthlyFR_june_2008.pdf,Sector-Wise analysis of projects,32,408
FR_200806_409,,,409,"DEVDHARI-WADNER, KM.94-KM.123, NH-7 (MAHARASHTRA)",,,ROAD TRANSPORT & HIGHWAYS,2008-06,2003-12,,145.0,,145.0,0.0,,24.29,2005-07,,2009-06,47.0,,,0,0,,,,MonthlyFR_june_2008.pdf,Sector-Wise analysis of projects,32,409
FR_200806_410,,,410,"RAJMARG CHORAHA- LAKHNANDON, KM.297-KM.351, NH-26 (M.P.)",,,ROAD TRANSPORT & HIGHWAYS,2008-06,2003-12,,251.03,,251.03,0.0,,51.15,2008-10,,2009-06,8.0,,,0,0,,,,MonthlyFR_june_2008.pdf,Sector-Wise analysis of projects,32,410
FR_200806_411,,,411,"RJ/MP BORDER-KOTA, KM.449.15-KM.406 NH- 76 (RAJASTHAN)",,,ROAD TRANSPORT & HIGHWAYS,2008-06,2003-12,,297.72,,359.43,61.71,,146.72,2008-04,,2009-06,14.0,,,0,0,,,,MonthlyFR_june_2008.pdf,Sector-Wise analysis of projects,32,411
FR_200806_412,,,412,"BIJNI-ASSAM /WEST BENGAL.BORDER, KM.93-KM.60, NH-31C",,,ROAD TRANSPORT & HIGHWAYS,2008-06,2003-12,,237.8,,237.8,0.0,,40.5,2008-06,,2009-06,12.0,,,0,0,,,,MonthlyFR_june_2008.pdf,Sector-Wise analysis of projects,32,412
FR_200806_413,,,413,"GUWAHATI-NALBARI, KM.1121-KM.1093, NH- 31 (ASSAM)",,,ROAD TRANSPORT & HIGHWAYS,2008-06,2003-12,,175.96,,175.96,0.0,,32.74,2008-04,,2009-06,14.0,,,0,0,,,,MonthlyFR_june_2008.pdf,Sector-Wise analysis of projects,32,413
FR_200806_414,,,414,"FORBESGANJ-SIMRAHI, KM.230-KM.190, NH-57 (BIHAR)",,,ROAD TRANSPORT & HIGHWAYS,2008-06,2003-12,,332.94,,332.94,0.0,,106.6,2008-09,,2009-06,9.0,,,0,0,,,,MonthlyFR_june_2008.pdf,Sector-Wise analysis of projects,32,414
FR_200806_415,,,415,BANGALORE- NEELAMANGALA (KARNATKA),,,ROAD TRANSPORT & HIGHWAYS,2008-06,2005-03,,445.0,,445.0,0.0,,174.7,2010-07,,2009-07,-12.0,,,0,0,,,,MonthlyFR_june_2008.pdf,Sector-Wise analysis of projects,32,415
FR_200806_416,,,416,"VADODARA-BHARUCH PACKAGE BOT-I, KM.108.7-KM.192, NH-8 (GUJ.)",,,ROAD TRANSPORT & HIGHWAYS,2008-06,2006-05,,660.0,,660.0,0.0,,406.1,2009-07,,2009-07,0.0,,,0,0,,,,MonthlyFR_june_2008.pdf,Sector-Wise analysis of projects,32,416
FR_200806_417,,,417,"BHARUCH-SURAT PACKAGE BOT-II, KM.65, (SIX-LANING) NH-8 (GU.)",,,ROAD TRANSPORT & HIGHWAYS,2008-06,2006-05,,492.0,,492.0,0.0,,363.5,2009-07,,2009-07,0.0,,,0,0,,,,MonthlyFR_june_2008.pdf,Sector-Wise analysis of projects,33,417
FR_200806_418,,,418,"Hyderabad-Banglore Section, Km.376-Km.418, NH-7 (A.P.)",,,ROAD TRANSPORT & HIGHWAYS,2008-06,2003-12,,205.92,,205.92,0.0,,71.06,2009-08,,2009-08,0.0,,,0,0,,,,MonthlyFR_june_2008.pdf,Sector-Wise analysis of projects,33,418
FR_200806_419,,,419,"Hyderabad-Banglore Section, Km.211- Km.251, NH-7 (A.P.)",,,ROAD TRANSPORT & HIGHWAYS,2008-06,2003-12,,194.8,,194.8,0.0,,53.35,2009-08,,2009-08,0.0,,,0,0,,,,MonthlyFR_june_2008.pdf,Sector-Wise analysis of projects,33,419
FR_200806_420,,,420,"Hyderabad-Banglore Section, Km.418- Km.463.16, NH-7 (A.P.)",,,ROAD TRANSPORT & HIGHWAYS,2008-06,2003-12,,243.64,,243.64,0.0,,75.6,2009-08,,2009-08,0.0,,,0,0,,,,MonthlyFR_june_2008.pdf,Sector-Wise analysis of projects,33,420
FR_200806_421,,,421,"Hyderabad-Banglore Section, Km.251-293.4, NH-7 (A.P.)",,,ROAD TRANSPORT & HIGHWAYS,2008-06,2003-12,,208.46,,208.46,0.0,,67.97,2009-08,,2009-08,0.0,,,0,0,,,,MonthlyFR_june_2008.pdf,Sector-Wise analysis of projects,33,421
FR_200806_422,,,422,"JHANSI-LALITPUR, KM.49.7-KM.99, NH-26 (U.P.)",,,ROAD TRANSPORT & HIGHWAYS,2008-06,2003-12,,276.09,,276.09,0.0,,106.4,2009-09,,2009-09,0.0,,,0,0,,,,MonthlyFR_june_2008.pdf,Sector-Wise analysis of projects,33,422
FR_200806_423,,,423,"MEHSI-KOTWA, KM.480-KM.440, NH-28 (BIHAR)",,,ROAD TRANSPORT & HIGHWAYS,2008-06,2003-12,,239.0,,239.0,0.0,,69.36,2005-07,,2009-09,50.0,,,0,0,,,,MonthlyFR_june_2008.pdf,Sector-Wise analysis of projects,33,423
FR_200806_424,,,424,"Hyderabad-Banglore Section, Km.336-km.376, NH-7 (A.P.)",,,ROAD TRANSPORT & HIGHWAYS,2008-06,2003-12,,243.38,,243.38,0.0,,29.98,2008-09,,2009-09,12.0,,,0,0,,,,MonthlyFR_june_2008.pdf,Sector-Wise analysis of projects,33,424
FR_200806_425,,,425,"MUZZAFFARPUR- MEHSI, KM.520-KM.480, NH-28 (BIHAR)",,,ROAD TRANSPORT & HIGHWAYS,2008-06,2003-12,,275.0,,275.0,0.0,,81.1,2005-07,,2009-09,50.0,,,0,0,,,,MonthlyFR_june_2008.pdf,Sector-Wise analysis of projects,33,425
FR_200806_426,,,426,"Hyderabad-Banglore Section, Km.293.4-336, NH-7 (A.P.)",,,ROAD TRANSPORT & HIGHWAYS,2008-06,2003-12,,239.19,,239.19,0.0,,41.06,2009-09,,2009-09,0.0,,,0,0,,,,MonthlyFR_june_2008.pdf,Sector-Wise analysis of projects,33,426
FR_200806_427,,,427,"LAKHNADON- MP/MAHARASHTRA BORDER, KM.547.4- KM.596.75, NH-7",,,ROAD TRANSPORT & HIGHWAYS,2008-06,2003-12,,263.17,,263.17,0.0,,138.7,2009-09,,2009-09,0.0,,,0,0,,,,MonthlyFR_june_2008.pdf,Sector-Wise analysis of projects,33,427
FR_200806_428,,,428,"JHANSI TO LALITPUR, NH-25,26 (NS, PH-II)",,,ROAD TRANSPORT & HIGHWAYS,2008-06,2003-12,,355.06,,355.06,0.0,,133.5,2009-09,,2009-09,0.0,,,0,0,,,,MonthlyFR_june_2008.pdf,Sector-Wise analysis of projects,33,428
FR_200806_429,,,429,"KOTWA-DEWAPUR, KM.440-KM.402, NH-28 (BIHAR)",,,ROAD TRANSPORT & HIGHWAYS,2008-06,2003-12,,240.0,,240.0,0.0,,66.1,2008-10,,2009-09,11.0,,,0,0,,,,MonthlyFR_june_2008.pdf,Sector-Wise analysis of projects,33,429
FR_200806_430,,,430,"INDORE-KALAGHAT, KM.80, NH-3 (M.P.)",,,ROAD TRANSPORT & HIGHWAYS,2008-06,2005-03,,472.0,,472.0,0.0,,305.0,2009-09,,2009-09,0.0,,,0,0,,,,MonthlyFR_june_2008.pdf,Sector-Wise analysis of projects,33,430
FR_200806_431,,,431,"DEEWAPUR-UP/BIHAR BORDER, KM.402- KM.360.915, NH-28 (BIHAR)",,,ROAD TRANSPORT & HIGHWAYS,2008-06,2003-12,,300.0,,300.0,0.0,,129.34,2008-10,,2009-09,11.0,,,0,0,,,,MonthlyFR_june_2008.pdf,Sector-Wise analysis of projects,33,431
FR_200806_432,,,432,"GWALIOR BYPASS, KM.0-KM.033, NH-75, 3 (M.P.)",,,ROAD TRANSPORT & HIGHWAYS,2008-06,2003-12,,300.93,,300.93,0.0,,47.03,2009-10,,2009-10,0.0,,,0,0,,,,MonthlyFR_june_2008.pdf,Sector-Wise analysis of projects,33,432
FR_200806_433,,,433,"LALITPUR-SAGAR (1), KM.94-KM.132, NH-26 (M.P.)",,,ROAD TRANSPORT & HIGHWAYS,2008-06,2003-12,,198.0,,198.0,0.0,,31.91,2008-11,,2009-11,12.0,,,0,0,,,,MonthlyFR_june_2008.pdf,Sector-Wise analysis of projects,33,433
FR_200806_434,,,434,"MAILBANG-LUNDING,",,,ROAD TRANSPORT & HIGHWAYS,2008-06,2003-12,,155.04,,,0.0,,12.76,2008-11,,,12.0,,,0,0,,,,MonthlyFR_june_2008.pdf,Sector-Wise analysis of projects,33,434
FR_200806_435,,,435,"KADAL-ARMUR, KM.278-KM.208, NH-7, (A.P.)",,,ROAD TRANSPORT & HIGHWAYS,2008-06,2003-12,,271.73,,271.73,0.0,,117.6,2009-11,,2009-11,0.0,,,0,0,,,,MonthlyFR_june_2008.pdf,Sector-Wise analysis of projects,34,435
FR_200806_436,,,436,"SAGAR-RAJMARG CHORAHA, KM.211- KM.255, NH-26 (M.P.)",,,ROAD TRANSPORT & HIGHWAYS,2008-06,2003-12,,203.43,,203.43,0.0,,40.38,2008-10,,2009-11,13.0,,,0,0,,,,MonthlyFR_june_2008.pdf,Sector-Wise analysis of projects,34,436
FR_200806_437,,,437,"SAGAR BY PASS, KM.187-KM.211, NH-26 (M.P.)",,,ROAD TRANSPORT & HIGHWAYS,2008-06,2003-12,,151.3,,151.3,0.0,,37.4,2008-10,,2009-11,13.0,,,0,0,,,,MonthlyFR_june_2008.pdf,Sector-Wise analysis of projects,34,437
FR_200806_438,,,438,"MAHARASHTRA/A.P. BORDER-ISLAM NAGAR KM.175-KM.230, NH-7",,,ROAD TRANSPORT & HIGHWAYS,2008-06,2003-12,,360.42,,360.42,0.0,,135.3,2009-11,,2009-11,0.0,,,0,0,,,,MonthlyFR_june_2008.pdf,Sector-Wise analysis of projects,34,438
FR_200806_439,,,439,"MAILBANG-LUNDING, KM.60.50-KM.83.40, NH- 54 (ASSAM)",,,ROAD TRANSPORT & HIGHWAYS,2008-06,2003-12,,167.64,,167.64,0.0,,13.13,2008-11,,2009-11,12.0,,,0,0,,,,MonthlyFR_june_2008.pdf,Sector-Wise analysis of projects,34,439
FR_200806_440,,,440,"HARANGAJO- MAIBANG, KM.140.70- KM.164.08, NH-54 (ASSAM)",,,ROAD TRANSPORT & HIGHWAYS,2008-06,2003-12,,196.0,,196.0,0.0,,23.17,2009-07,,2009-12,5.0,,,0,0,,,,MonthlyFR_june_2008.pdf,Sector-Wise analysis of projects,34,440
FR_200806_441,,,441,"PATHANKOT-BHOGPUR , KM.70-KM.110, NH-1A (PUNJAB)",,,ROAD TRANSPORT & HIGHWAYS,2008-06,2003-12,,229.0,,229.0,0.0,,79.96,2008-05,,2009-12,19.0,,,0,0,,,,MonthlyFR_june_2008.pdf,Sector-Wise analysis of projects,34,441
FR_200806_442,,,442,"ORAI-JHANSI, KM.170.0- KM.104.0, NH-25 (U.P.)",,,ROAD TRANSPORT & HIGHWAYS,2008-06,2003-12,,451.97,,451.97,0.0,,202.4,2008-04,,2009-12,20.0,,,0,0,,,,MonthlyFR_june_2008.pdf,Sector-Wise analysis of projects,34,442
FR_200806_443,,,443,"ORAI-JHANSI, KM.220- KM.170, N H-25 (U.P.)",,,ROAD TRANSPORT & HIGHWAYS,2008-06,2003-12,,340.68,,340.68,0.0,,83.59,2008-03,,2009-12,21.0,,,0,0,,,,MonthlyFR_june_2008.pdf,Sector-Wise analysis of projects,34,443
FR_200806_444,,,444,"SUNAKHALA-GANJAM, KM.338-KM.284, NH-5 (ORISSA)",,,ROAD TRANSPORT & HIGHWAYS,2008-06,2000-04,,225.0,,225.0,0.0,,145.54,2004-04,,2009-12,68.0,,,0,0,,,,MonthlyFR_june_2008.pdf,Sector-Wise analysis of projects,34,444
FR_200806_445,,,445,"BARA-ORAI, KM.449- KM.422 & KM.255- KM.220, NH -2 & 25, (U.P.)",,,ROAD TRANSPORT & HIGHWAYS,2008-06,2003-12,,465.0,,465.0,0.0,,19.06,2009-04,,2009-12,8.0,,,0,0,,,,MonthlyFR_june_2008.pdf,Sector-Wise analysis of projects,34,445
FR_200806_446,,,446,"SONAPUR-GUWAHATI, KM.183-KM.163.895, NH- 37 (ASSAM)",,,ROAD TRANSPORT & HIGHWAYS,2008-06,2003-12,,245.0,,245.0,0.0,,154.0,2008-03,,2009-12,21.0,,,0,0,,,,MonthlyFR_june_2008.pdf,Sector-Wise analysis of projects,34,446
FR_200806_447,,,447,"MAILBANG-LUNDING, KM.83.40-KM.111.00, NH-54 (ASSAM)",,,ROAD TRANSPORT & HIGHWAYS,2008-06,2003-12,,199.81,,199.81,0.0,,4.18,2009-04,,2009-12,8.0,,,0,0,,,,MonthlyFR_june_2008.pdf,Sector-Wise analysis of projects,34,447
FR_200806_448,,,448,"NAGAON-DHARAMTUL KM.255-KM.230, NH-37 (ASSAM)",,,ROAD TRANSPORT & HIGHWAYS,2008-06,2003-12,,264.72,,264.72,0.0,,35.55,2008-06,,2009-12,18.0,,,0,0,,,,MonthlyFR_june_2008.pdf,Sector-Wise analysis of projects,34,448
FR_200806_449,,,449,"GWALIOR-JHANSI, KM.96.13, NH-75 (M.P.)",,,ROAD TRANSPORT & HIGHWAYS,2008-06,2003-12,,604.0,,604.0,0.0,,87.62,2009-12,,2009-12,0.0,,,0,0,,,,MonthlyFR_june_2008.pdf,Sector-Wise analysis of projects,34,449
FR_200806_450,,,450,"TUTICORIN PORT, KM.47.2, NH-7A (T.N.)",,,ROAD TRANSPORT & HIGHWAYS,2008-06,2000-04,,231.2,,231.2,0.0,,71.02,2006-08,,2009-12,40.0,,,0,0,,,,MonthlyFR_june_2008.pdf,Sector-Wise analysis of projects,34,450
FR_200806_451,,,451,"MAILBANG-LUNDING, KM.40.000-KM.60.500,",,,ROAD TRANSPORT & HIGHWAYS,2008-06,2003-12,,200.0,,,0.0,,14.1,2009-04,,,8.0,,,0,0,,,,MonthlyFR_june_2008.pdf,Sector-Wise analysis of projects,34,451
FR_200806_452,,,452,"KOTA BYPASS, KM.406- KM.381, NH-76 (RAJASTHAN)",,,ROAD TRANSPORT & HIGHWAYS,2008-06,2003-12,,275.0,,250.39,-24.61,,48.59,2008-10,,2009-12,14.0,,,0,0,,,,MonthlyFR_june_2008.pdf,Sector-Wise analysis of projects,35,452
FR_200806_453,,,453,"DHARAMTUL- SONAPUR, KM.205- KM.183, NH-31 (ASSAM)",,,ROAD TRANSPORT & HIGHWAYS,2008-06,2003-12,,160.0,,160.0,0.0,,40.81,2008-05,,2009-12,19.0,,,0,0,,,,MonthlyFR_june_2008.pdf,Sector-Wise analysis of projects,35,453
FR_200806_454,,,454,"JHANSI BYPASS, KM.104-KM.91, NH-25 (UTTAR PRADESH)",,,ROAD TRANSPORT & HIGHWAYS,2008-06,2003-12,,158.06,,158.06,0.0,,71.53,2005-08,,2009-12,52.0,,,0,0,,,,MonthlyFR_june_2008.pdf,Sector-Wise analysis of projects,35,454
FR_200806_455,,,455,"HARANGAJO- MAILBANG, KM.126.45- KM.140.70, NH-54 (ASSAM)",,,ROAD TRANSPORT & HIGHWAYS,2008-06,2003-12,,280.0,,280.0,0.0,,69.04,2009-02,,2009-12,10.0,,,0,0,,,,MonthlyFR_june_2008.pdf,Sector-Wise analysis of projects,35,455
FR_200806_456,,,456,"PATHANKOT- BHOGPUR, KM.26- KM.70, NH-1A (PUNJAB)",,,ROAD TRANSPORT & HIGHWAYS,2008-06,2003-12,,284.0,,284.0,0.0,,161.0,2008-05,,2009-12,19.0,,,0,0,,,,MonthlyFR_june_2008.pdf,Sector-Wise analysis of projects,35,456
FR_200806_457,,,457,"HARANGAJO- MAIBANG, KM.164.08- KM.190.587, NH-54 (ASSAM)",,,ROAD TRANSPORT & HIGHWAYS,2008-06,2003-12,,212.0,,212.0,0.0,,28.66,2007-09,,2009-12,27.0,,,0,0,,,,MonthlyFR_june_2008.pdf,Sector-Wise analysis of projects,35,457
FR_200806_458,,,458,"MADURAI-TUTICORIN, KM.138.8 TO KM.264.5, NH-45B (T.N.)",,,ROAD TRANSPORT & HIGHWAYS,2008-06,2005-03,,629.0,,629.0,0.0,,205.0,2010-11,,2010-01,-10.0,,,0,0,,,,MonthlyFR_june_2008.pdf,Sector-Wise analysis of projects,35,458
FR_200806_459,,,459,"NH CONNECTIVITY TO JCTT VALLARAPADAM, SH, (KERALA)",,,ROAD TRANSPORT & HIGHWAYS,2008-06,2007-04,,557.0,,557.0,0.0,,153.34,2010-02,,2010-02,0.0,,,0,0,,,,MonthlyFR_june_2008.pdf,Sector-Wise analysis of projects,35,459
FR_200806_460,,,460,"KOSI BRIDGE INCLUDING APPROCHES, KM.155- KM.165, NH-57",,,ROAD TRANSPORT & HIGHWAYS,2008-06,2003-12,,418.04,,418.04,0.0,,112.4,2010-03,,2010-03,0.0,,,0,0,,,,MonthlyFR_june_2008.pdf,Sector-Wise analysis of projects,35,460
FR_200806_461,,,461,ISLAM NAGAR TO KADTAL,,,ROAD TRANSPORT & HIGHWAYS,2008-06,2003-12,,546.83,,546.83,0.0,,83.92,2010-03,,2010-03,0.0,,,0,0,,,,MonthlyFR_june_2008.pdf,Sector-Wise analysis of projects,35,461
FR_200806_462,,,462,"BRAHMPUTRA BRIDGE, KM.1126-KM.1121, NH- 31 (ASSAM)",,,ROAD TRANSPORT & HIGHWAYS,2008-06,2003-12,,217.61,,217.61,0.0,,23.95,2010-04,,2010-04,0.0,,,0,0,,,,MonthlyFR_june_2008.pdf,Sector-Wise analysis of projects,35,462
FR_200806_463,,,463,"KURALI-KIRATPUR, NH-21 (PUNJAB)",,,ROAD TRANSPORT & HIGHWAYS,2008-06,2005-03,,309.0,,309.0,0.0,,63.57,2010-06,,2010-06,0.0,,,0,0,,,,MonthlyFR_june_2008.pdf,Sector-Wise analysis of projects,35,463
FR_200806_464,,,464,"LAKHNADON- MP/MAHARSHTRA BORDER, KM.596.75- KM.653.22, NH-7",,,ROAD TRANSPORT & HIGHWAYS,2008-06,2003-12,,407.6,,407.6,0.0,,81.15,2010-06,,2010-06,0.0,,,0,0,,,,MonthlyFR_june_2008.pdf,Sector-Wise analysis of projects,35,464
FR_200806_465,,,465,"BANGALORE- HOSKOTE-MUDBAGAL SECTION, KM.237.7- KM.318 (KAR.)",,,ROAD TRANSPORT & HIGHWAYS,2008-06,2005-03,,565.0,,565.0,0.0,,72.87,2010-07,,2010-07,0.0,,,0,0,,,,MonthlyFR_june_2008.pdf,Sector-Wise analysis of projects,35,465
FR_200806_466,,,466,TRICHY-DINDIGUAL (TAMIL NADU),,,ROAD TRANSPORT & HIGHWAYS,2008-06,2005-03,,576.0,,576.0,0.0,,0.93,2010-07,,2010-07,0.0,,,0,0,,,,MonthlyFR_june_2008.pdf,Sector-Wise analysis of projects,35,466
FR_200806_467,,,467,PONDICHERY- TINDIVANAM (TAMIL NADU),,,ROAD TRANSPORT & HIGHWAYS,2008-06,2005-03,,285.0,,285.0,0.0,,0.54,2010-07,,2010-07,0.0,,,0,0,,,,MonthlyFR_june_2008.pdf,Sector-Wise analysis of projects,35,467
FR_200806_468,,,468,NEELAMANGALA,,,ROAD TRANSPORT & HIGHWAYS,2008-06,2005-03,,441.0,,,0.0,,54.71,2010-07,,,0.0,,,0,0,,,,MonthlyFR_june_2008.pdf,Sector-Wise analysis of projects,35,468
FR_200806_469,,,469,TRICHY-KARUR (TAMIL NADU),,,ROAD TRANSPORT & HIGHWAYS,2008-06,2005-03,,516.0,,516.0,0.0,,,2010-07,,2010-07,0.0,,,0,0,,,,MonthlyFR_june_2008.pdf,Sector-Wise analysis of projects,36,469
FR_200806_470,,,470,"CHAMBAL BRIDGE, NH- 76 (RAJASTHAN)",,,ROAD TRANSPORT & HIGHWAYS,2008-06,2003-12,,275.0,,281.31,6.31,,56.0,2010-02,,2010-09,7.0,,,0,0,,,,MonthlyFR_june_2008.pdf,Sector-Wise analysis of projects,36,470
FR_200806_471,,,471,LUMDING TO DABOKA,,,ROAD TRANSPORT & HIGHWAYS,2008-06,2003-12,,130.0,,130.0,0.0,,11.08,2010-08,,2010-09,1.0,,,0,0,,,,MonthlyFR_june_2008.pdf,Sector-Wise analysis of projects,36,471
FR_200806_472,,,472,"DHOLPUR-MORENA SECTION, KM.51-KM.61, NH-3 (MADHYA PRADESH)",,,ROAD TRANSPORT & HIGHWAYS,2008-06,2003-12,,232.45,,232.45,0.0,,,2010-09,,2010-09,0.0,,,0,0,,,,MonthlyFR_june_2008.pdf,Sector-Wise analysis of projects,36,472
FR_200806_473,,,473,"AGRA-BYPASS, KM/176.8-KM.13.03, NH- 3 (U.P.)",,,ROAD TRANSPORT & HIGHWAYS,2008-06,2003-12,,348.16,,348.16,0.0,,25.82,2007-09,,2010-10,37.0,,,0,0,,,,MonthlyFR_june_2008.pdf,Sector-Wise analysis of projects,36,473
FR_200806_474,,,474,"SALEM-ULUNDRUPET, KM.0.313-KM.136.67, NH-68",,,ROAD TRANSPORT & HIGHWAYS,2008-06,2005-03,,941.0,,941.0,0.0,,3.07,2011-01,,2011-01,0.0,,,0,0,,,,MonthlyFR_june_2008.pdf,Sector-Wise analysis of projects,36,474
FR_200806_475,,,475,"HALDIA PORT, KM.53, NH-41 (WEST BENGAL)",,,ROAD TRANSPORT & HIGHWAYS,2008-06,2000-04,,273.0,,273.0,0.0,,139.73,2005-03,,,,,,0,0,,,,MonthlyFR_june_2008.pdf,Sector-Wise analysis of projects,36,475
FR_200806_476,,,476,"HARIHAR- CHITRADURGA, KM.284-KM.207 (GQ) NH-4 (KARNATAKA)",,,ROAD TRANSPORT & HIGHWAYS,2008-06,2000-04,,318.0,,318.0,0.0,,262.28,2004-08,,,,,,0,0,,,,MonthlyFR_june_2008.pdf,Sector-Wise analysis of projects,36,476
FR_200806_477,,,477,"COCHIN PORT, KM.10, NH-47 (KERALA)",,,ROAD TRANSPORT & HIGHWAYS,2008-06,2000-04,,106.0,,106.0,0.0,,44.59,2006-08,,,,,,0,0,,,,MonthlyFR_june_2008.pdf,Sector-Wise analysis of projects,36,477
FR_200806_478,,,478,"GARHMUKTESHWAR- MURADABAD, KM.93- 149.25, NH-24 (U.P.)",,,ROAD TRANSPORT & HIGHWAYS,2008-06,2000-04,,275.0,,275.0,0.0,,174.08,2007-09,,,,,,0,0,,,,MonthlyFR_june_2008.pdf,Sector-Wise analysis of projects,36,478
FR_200806_479,,,479,"DEESA-RADHANPUR, KM.372.6-KM.458.0, NH- 14 (GUJARAT)",,,ROAD TRANSPORT & HIGHWAYS,2008-06,2003-12,,399.89,,479.74,79.85,,399.84,2005-02,,,,,,0,0,,,,MonthlyFR_june_2008.pdf,Sector-Wise analysis of projects,36,479
FR_200806_480,,,480,"CHITTORGARH BYPASS(RJ-6) NH-76 KM.159- 213, NH-79,76",,,ROAD TRANSPORT & HIGHWAYS,2008-06,2005-03,,133.03,,133.03,0.0,,193.2,2005-08,,,,,,0,0,,,,MonthlyFR_june_2008.pdf,Sector-Wise analysis of projects,36,480
FR_200806_481,,,481,"KANYAKUMARI- PANAGUDI, Km.233.6- Km.203, NH-7 (TAMIL NADU)",,,ROAD TRANSPORT & HIGHWAYS,2008-06,2003-12,,120.0,,120.0,0.0,,32.28,2006-09,,,,,,0,0,,,,MonthlyFR_june_2008.pdf,Sector-Wise analysis of projects,36,481
FR_200806_482,,,482,"IMPROVEMENT OF ACCESS OF GQ WITHIN CHENNAI CITY, KM.4, NH-4,",,,ROAD TRANSPORT & HIGHWAYS,2008-06,2005-01,,210.0,,210.0,0.0,,438.8,2007-04,,,,,,0,0,,,,MonthlyFR_june_2008.pdf,Sector-Wise analysis of projects,36,482
FR_200806_483,,,483,ESTABLISH OF VTS IN,,,SHIPPING & PORTS,2008-06,2002-01,,165.0,,,0.0,,24.27,2005-12,,,34.0,,,0,0,,,,MonthlyFR_june_2008.pdf,Sector-Wise analysis of projects,36,483
FR_200806_484,,,484,DEEPENING OF CHANNEL AT PARADIP PORT,,,SHIPPING & PORTS,2008-06,2005-12,,154.84,,253.36,98.52,,6.83,2007-06,2009-01,2009-01,19.0,0.0,,0,0,,,,MonthlyFR_june_2008.pdf,Sector-Wise analysis of projects,37,484
FR_200806_485,,,485,DEEPENING & WIDENING OF MAIN HARBOUR (MAHARASHTRA),,,SHIPPING & PORTS,2008-06,2005-10,,800.0,,800.0,0.0,,3.06,2008-10,,2009-02,4.0,,,0,0,,,,MonthlyFR_june_2008.pdf,Sector-Wise analysis of projects,37,485
FR_200806_486,,,486,ACQUISION OF 2-300000 DWT VERY LARGE CRUDE CARRIERS (VLCC),,,SHIPPING & PORTS,2008-06,2005-10,,1136.08,,1136.08,0.0,,405.15,2009-09,,2009-09,0.0,,,0,0,,,,MonthlyFR_june_2008.pdf,Sector-Wise analysis of projects,37,486
FR_200806_487,,,487,"Acquisition of Two Nos. of 47,000 DWT MR Tankers",,,SHIPPING & PORTS,2008-06,2006-12,,411.32,,411.32,0.0,,188.48,2010-03,,2010-03,0.0,,,0,0,,,,MonthlyFR_june_2008.pdf,Sector-Wise analysis of projects,37,487
FR_200806_488,,,488,Acquisition of 4 No. of Anchor Handling cum Supply vessels,,,SHIPPING & PORTS,2008-06,2007-10,,359.44,,359.44,0.0,,70.79,2011-04,,2011-04,0.0,,,0,0,,,,MonthlyFR_june_2008.pdf,Sector-Wise analysis of projects,37,488
FR_200806_489,,,489,SETHUSAMUDRAM SHIP CHANNEL PROJECT,,,SHIPPING & PORTS,2008-06,2005-06,,2427.4,,2427.4,0.0,,489.76,2008-10,,,,,,0,0,,,,MonthlyFR_june_2008.pdf,Sector-Wise analysis of projects,37,489
FR_200806_490,,,490,"GSM NETWORK EXPANSION, PH-IV, CHENNAI TELECOM DISTT. (T.N.)",,,SHIPPING & PORTS,2008-06,2005-02,,170.88,,170.88,0.0,,89.33,2005-06,,2008-06,36.0,,,0,0,,,,MonthlyFR_june_2008.pdf,Sector-Wise analysis of projects,37,490
FR_200806_491,,,491,"GSM NETWORK EXPANSION, PH-IV (KERALA)",,,SHIPPING & PORTS,2008-06,2004-10,,453.85,,453.85,0.0,,262.13,2005-06,,2008-06,36.0,,,0,0,,,,MonthlyFR_june_2008.pdf,Sector-Wise analysis of projects,37,491
FR_200806_492,,,492,"GSM NETWORK EXPANSION, PH-IV (WEST BENGAL)",,,SHIPPING & PORTS,2008-06,2004-09,,428.0,,428.0,0.0,,175.08,2005-06,,2008-06,36.0,,,0,0,,,,MonthlyFR_june_2008.pdf,Sector-Wise analysis of projects,37,492
FR_200806_493,,,493,"GSM NETWORK EXPANSION, PH-IV (ORISSA)",,,SHIPPING & PORTS,2008-06,2004-12,,164.06,,164.06,0.0,,89.29,2005-12,,2008-06,30.0,,,0,0,,,,MonthlyFR_june_2008.pdf,Sector-Wise analysis of projects,37,493
FR_200806_494,,,494,"KARNATAKA CMTS, PHASE-IV",,,SHIPPING & PORTS,2008-06,2004-01,,373.46,,260.0,-113.46,,240.47,2005-06,,2008-06,36.0,,,0,0,,,,MonthlyFR_june_2008.pdf,Sector-Wise analysis of projects,37,494
FR_200806_495,,,495,"PROJECT 2.2 OF NIB-II, IMPLEMENTATION AND EXECUTION OF",,,SHIPPING & PORTS,2008-06,2003-11,,350.0,,520.85,170.85,,249.15,2006-05,,2008-07,26.0,,1.0,0,0,,,,MonthlyFR_june_2008.pdf,Sector-Wise analysis of projects,37,495
FR_200806_496,,,496,"PROJECT-1 OF NIB-II, IMPLEMENTATION AND EXECUTION OF IP INF.",,,SHIPPING & PORTS,2008-06,2003-11,,250.0,,275.0,25.0,,257.89,2006-05,,2008-07,26.0,,1.0,0,0,,,,MonthlyFR_june_2008.pdf,Sector-Wise analysis of projects,37,496
FR_200806_497,,,497,"500K Broadband access H/W equipment, Delhi & Mumbai(Ph-1&II)",,,SHIPPING & PORTS,2008-06,2007-04,,134.25,,134.25,0.0,,19.07,2008-06,,2008-07,1.0,,,0,0,,,,MonthlyFR_june_2008.pdf,Sector-Wise analysis of projects,37,497
FR_200806_498,,,498,"PROJECT-3 OF NIB-II, IMPLEMENTATION",,,SHIPPING & PORTS,2008-06,2003-11,,250.0,,,50.0,,49.96,2005-12,,,31.0,,,0,0,,,,MonthlyFR_june_2008.pdf,Sector-Wise analysis of projects,37,498
FR_200806_499,,,499,Expansion of 750 K Existing GSM N/W (Mumbai),,,SHIPPING & PORTS,2008-06,2006-06,,231.38,,231.38,0.0,,89.17,2007-10,,2008-08,10.0,,2.0,0,0,,,,MonthlyFR_june_2008.pdf,Sector-Wise analysis of projects,38,499
FR_200806_500,,,500,"GSM NETWORK EXPANSION, PH-IV (PUNJAB)",,,SHIPPING & PORTS,2008-06,2004-05,,508.63,,508.63,0.0,,365.16,2005-06,,2008-08,38.0,,,0,0,,,,MonthlyFR_june_2008.pdf,Sector-Wise analysis of projects,38,500
FR_200806_501,,,501,NIB-II Project Rural Broadband,,,SHIPPING & PORTS,2008-06,2007-12,,312.86,,312.86,0.0,,13.52,2008-02,,2008-08,6.0,,,0,0,,,,MonthlyFR_june_2008.pdf,Sector-Wise analysis of projects,38,501
FR_200806_502,,,502,EXPANSION OF 750K GSM LINES OF 2.5 GSM AND VALIDATION EQUIP,,,SHIPPING & PORTS,2008-06,2007-02,,741.77,,278.16,-463.61,,109.95,2007-10,,2008-08,10.0,,,0,0,,,,MonthlyFR_june_2008.pdf,Sector-Wise analysis of projects,38,502
FR_200806_503,,,503,"Comm. of GSM Equipment of 650 K Lines, Ph. IV++ (Rajasthan)",,,SHIPPING & PORTS,2008-06,2006-02,,357.67,,357.67,0.0,,73.31,2007-06,,2008-09,15.0,,1.0,0,0,,,,MonthlyFR_june_2008.pdf,Sector-Wise analysis of projects,38,503
FR_200806_504,,,504,"Orissa Telecom Circle, Phase-IV",,,SHIPPING & PORTS,2008-06,2007-10,,126.36,,126.36,0.0,,59.06,2008-09,,2008-09,0.0,,,0,0,,,,MonthlyFR_june_2008.pdf,Sector-Wise analysis of projects,38,504
FR_200806_505,,,505,"GSM EXPANSION, PH-IV (B) (MAHARASHTRA)",,,SHIPPING & PORTS,2008-06,2005-07,,1174.75,,1174.75,0.0,,357.46,2006-03,,2008-09,30.0,,1.0,0,0,,,,MonthlyFR_june_2008.pdf,Sector-Wise analysis of projects,38,505
FR_200806_506,,,506,"Kolkata Telecom District, Phase-IV",,,SHIPPING & PORTS,2008-06,2006-09,,208.5,,208.5,0.0,,146.38,2008-09,,2008-09,0.0,,,0,0,,,,MonthlyFR_june_2008.pdf,Sector-Wise analysis of projects,38,506
FR_200806_507,,,507,"GSM NETWORK EXPANSION, PH-IV (RAJASTHAN)",,,SHIPPING & PORTS,2008-06,2004-09,,448.91,,448.91,0.0,,154.52,2005-06,,2008-09,39.0,,1.0,0,0,,,,MonthlyFR_june_2008.pdf,Sector-Wise analysis of projects,38,507
FR_200806_508,,,508,"GSM NETWORK EXPANSION, PH-IV, UP (W), (UTTAR PRADESH)",,,SHIPPING & PORTS,2008-06,2004-08,,359.07,,167.61,-191.46,,36.19,2005-06,,2008-09,39.0,,1.0,0,0,,,,MonthlyFR_june_2008.pdf,Sector-Wise analysis of projects,38,508
FR_200806_509,,,509,Commissioning of GSM equipment of 600K lines (Ph-IV),,,SHIPPING & PORTS,2008-06,2006-08,,214.0,,214.0,0.0,,112.43,2007-01,,2008-12,23.0,,,0,0,,,,MonthlyFR_june_2008.pdf,Sector-Wise analysis of projects,38,509
FR_200806_510,,,510,"Comm. of GSM Equipment of 650 K Lines, PH-IV++ (Maharashtra)",,,SHIPPING & PORTS,2008-06,2006-11,,364.52,,364.52,0.0,,7.19,2006-12,,2008-12,24.0,,3.0,0,0,,,,MonthlyFR_june_2008.pdf,Sector-Wise analysis of projects,38,510
FR_200806_511,,,511,CONVERGENT BILLING AND CRM FOR MTNL (DELHI),,,SHIPPING & PORTS,2008-06,2005-12,,249.0,,249.0,0.0,,67.65,2007-02,,2008-12,22.0,,,0,0,,,,MonthlyFR_june_2008.pdf,Sector-Wise analysis of projects,38,511
FR_200806_512,,,512,CONVERGENT BILLING AND CRM MTNL (MUMBAI),,,SHIPPING & PORTS,2008-06,2006-01,,247.0,,247.0,0.0,,119.5,2007-02,,2008-12,22.0,,,0,0,,,,MonthlyFR_june_2008.pdf,Sector-Wise analysis of projects,38,512
FR_200806_513,,,513,"GSM based network Expansion Plan, Ph-IV",,,SHIPPING & PORTS,2008-06,2007-02,,239.19,,239.19,0.0,,104.48,2008-04,,2008-12,8.0,,,0,0,,,,MonthlyFR_june_2008.pdf,Sector-Wise analysis of projects,38,513
FR_200806_514,,,514,"GSM based Network, Phase-IV",,,SHIPPING & PORTS,2008-06,2007-11,,174.36,,174.36,0.0,,68.69,2007-11,,2008-12,13.0,,,0,0,,,,MonthlyFR_june_2008.pdf,Sector-Wise analysis of projects,38,514
FR_200806_515,,,515,NATIONAL RADIO SPECTRUM MANAGEMENT& MONITORING SYSTEM,,,SHIPPING & PORTS,2008-06,2000-08,,279.97,,172.04,-107.93,,133.26,2004-12,,2009-03,51.0,,,0,0,,,,MonthlyFR_june_2008.pdf,Sector-Wise analysis of projects,38,515
FR_200806_516,,,516,IMPLEMENTATION AND EXECUTION OF NEW TECHNOLOGY INTELLINGENT,,,SHIPPING & PORTS,2008-06,2004-10,,160.0,,135.0,-25.0,,90.68,2006-06,,,,,,0,0,,,,MonthlyFR_june_2008.pdf,Sector-Wise analysis of projects,39,516
FR_200806_517,,,517,EXPANSION OF GSM NETWORK (MUMBAI),,,SHIPPING & PORTS,2008-06,2004-01,,216.37,,216.37,0.0,,110.96,2005-01,,,,,,0,0,,,,MonthlyFR_june_2008.pdf,Sector-Wise analysis of projects,39,517
FR_200806_518,,,518,CDMA 2000 WLL (DELHI),,,SHIPPING & PORTS,2008-06,2004-06,,460.28,,460.28,0.0,,84.79,2004-10,,,,,,0,0,,,,MonthlyFR_june_2008.pdf,Sector-Wise analysis of projects,39,518
FR_200806_519,,,519,EXPANSION OF 400000 GSM (NEW DELHI),,,SHIPPING & PORTS,2008-06,2004-01,,227.42,,227.42,0.0,,200.81,2005-01,,,,,,0,0,,,,MonthlyFR_june_2008.pdf,Sector-Wise analysis of projects,39,519
FR_200806_520,,,520,CDMA WLL EQUIPMENT-1 (MUMBAI),,,SHIPPING & PORTS,2008-06,2003-08,,128.3,,128.3,0.0,,76.3,2004-02,,,,,,0,0,,,,MonthlyFR_june_2008.pdf,Sector-Wise analysis of projects,39,520
FR_200806_521,,,521,CDMA WLL EQUIPMENT-2 (MUMBAI),,,SHIPPING & PORTS,2008-06,2004-07,,362.26,,122.91,-239.35,,60.37,2004-12,,,,,,0,0,,,,MonthlyFR_june_2008.pdf,Sector-Wise analysis of projects,39,521
FR_200806_522,,,522,"DELHI METRO RAPID TRANSIT SYSTEM, PHASE-II",,,URBAN DEVELOPMENT,2008-06,2005-08,,8118.0,8605.36,8676.0,558.0,70.64,4222.43,2010-06,,2010-09,3.0,,,0,0,,,,MonthlyFR_june_2008.pdf,Sector-Wise analysis of projects,39,522
FR_200806_523,,,523,Bangalore Metro Rail Project,,,URBAN DEVELOPMENT,2008-06,2006-05,,6395.0,,6395.0,0.0,,,2011-12,,2011-12,0.0,,,0,7,,,,MonthlyFR_june_2008.pdf,Sector-Wise analysis of projects,39,523
FR_200806_524,,,524,PAGLADIYA DAM PROJECT,,,URBAN DEVELOPMENT,2008-06,2001-01,,542.9,,1187.0,644.1,,34.37,2007-12,,2012-12,60.0,,,0,0,,,,MonthlyFR_june_2008.pdf,Sector-Wise analysis of projects,39,524
