observation_id,project_id,project_code,serial_no,project_name,agency,state,sector,report_date,approval_date,approval_date_revised,original_cost_crore,revised_cost_crore,anticipated_cost_crore,cost_overrun_original_crore,cost_overrun_revised_crore,cumulative_expenditure_crore,original_completion_date,revised_completion_date,anticipated_completion_date,time_overrun_original_months,time_overrun_revised_months,additional_delay_months,milestones_achieved,milestones_total,physical_progress_pct,delay_reason,status,source.report,source.table,source.page,source.serial_no
FR_201104_001,,020100044,1,"PROTOTYPE FAST BREEDER REACTOR (BHAVINI, 500 MWE) - BHAVNI,Tamil Nadu","BHAVINI, 500 MWE",,ATOMIC ENERGY,2011-04,2003-09,,3492.0,,5677.0,,,2976.38,2010-09,,2012-01,,,,8,80,,,,FR_APR_2011.pdf,Sector-Wise analysis of projects,30,1
FR_201104_002,,020100040,2,"KUDANKULAM APP (NPCIL) - NPCIL,Tamil Nadu",NPCIL,,ATOMIC ENERGY,2011-04,2001-12,,13171.0,,15824.0,,,13781.0,2008-12,,2012-03,,,,61,119,,,,FR_APR_2011.pdf,Sector-Wise analysis of projects,30,2
FR_201104_003,,N02000007,3,"URANIUM ORE MINE & PROCESSING PLANT AT TUMMALAPALL - UCIL,Andhra Pradesh Total",,,ATOMIC ENERGY,2011-04,2007-09,,1106.29,17769.29,1106.29,,,965.76,2011-04,,2012-04,,,,0,1,,,,FR_APR_2011.pdf,Sector-Wise analysis of projects,30,3
FR_201104_004,,N04000068,4,"CONSTRACTION OF RCC/PRE STRESSD CONCRETE BRIDGE K3 - AAI,Tamil Nadu",,,CIVIL AVIATION,2011-04,2009-06,,213.35,,213.35,,,60.89,2010-09,,2011-03,,,,0,0,,,,FR_APR_2011.pdf,Sector-Wise analysis of projects,30,4
FR_201104_005,,N04000037,5,"C/O INTEGRATED PASSENGER TER. BULD. NSCBI AIRPORT - AAI,West Bengal",,,CIVIL AVIATION,2011-04,2008-08,,1942.51,,1942.51,,,1133.06,2011-05,,2011-08,,,,0,0,,,,FR_APR_2011.pdf,Sector-Wise analysis of projects,30,5
FR_201104_006,,N04000038,6,"D/O KAMARAJ DOMESTIC TER-PH-II & EXP. ANNA INT. TE(K1) - AAI,Tamil Nadu",K1,,CIVIL AVIATION,2011-04,2008-08,,1273.0,,1273.0,,,797.2,2011-01,,2011-10,,,,0,0,,,,FR_APR_2011.pdf,Sector-Wise analysis of projects,30,6
FR_201104_007,,N04000069,7,"Construction of New International Terminal Building - AAI,Goa",,,CIVIL AVIATION,2011-04,2010-05,,204.73,,204.73,,,32.5,2012-05,,2012-05,,,,0,0,,,,FR_APR_2011.pdf,Sector-Wise analysis of projects,30,7
FR_201104_008,,N04000050,8,"C/o new Airport at Pakyong(Sikkim) Airport - AAI,Sikkim",Sikkim,,CIVIL AVIATION,2011-04,2009-01,,264.29,,264.29,,,136.56,2011-01,,2012-06,,,,0,0,,,,FR_APR_2011.pdf,Sector-Wise analysis of projects,30,8
FR_201104_009,,N04000065,9,"GAGAN PROJECT - AAI,Multi State",,,CIVIL AVIATION,2011-04,2008-09,,393.6,,393.6,,,160.29,2013-06,,2013-06,,,,0,0,,,,FR_APR_2011.pdf,Sector-Wise analysis of projects,30,9
FR_201104_010,,N04000040,10,"D/O OF TERMINAL BLDG. AND PAVEMENT WORKS AT CHENNA - AAI,Tamil Nadu Total",,,CIVIL AVIATION,2011-04,2008-01,,535.0,4826.48,535.0,,,143.97,2010-06,,,,,,0,0,,,,FR_APR_2011.pdf,Sector-Wise analysis of projects,30,10
FR_201104_011,,060100089,11,"BARSINGSAR TPS (2X125MW) (NLC) - NLC,Rajasthan",NLC,,COAL,2011-04,2004-12,,1114.18,1626.09,1626.09,,,1587.8,2009-06,,2011-06,,,,59,26,,,,FR_APR_2011.pdf,Sector-Wise analysis of projects,30,11
FR_201104_012,,060100087,12,"TPS-II EXPANSION (1470MW TO 1970MW) (NLC) - NLC,Tamil Nadu",NLC,,COAL,2011-04,2004-10,,2030.78,2453.57,2453.57,,,2171.59,2009-06,,2012-03,,,,60,24,,,,FR_APR_2011.pdf,Sector-Wise analysis of projects,30,12
FR_201104_013,,060100092,13,"KULDA OCP (MAHANADI COALFIELDS LTD.) - MCL,Orissa",MAHANADI COALFIELDS LTD.,,COAL,2011-04,2005-01,,302.96,,302.96,,,76.47,2010-03,2012-03,2012-03,,,,0,4,,,,FR_APR_2011.pdf,Sector-Wise analysis of projects,30,13
FR_201104_014,,N06000033,14,"NIGAHI OC EXPANSION PROJECT 10 MTY TO 15 MTY, SINGRAULI - NCL,Madhya pradesh",,,COAL,2011-04,2007-10,,259.4,,259.4,,,1.49,2012-03,,2012-03,,,,0,1,,,,FR_APR_2011.pdf,Sector-Wise analysis of projects,30,14
FR_201104_015,,N06000044,15,"BALRAM OCP EXTENSION - MCL,Orissa",,,COAL,2011-04,2007-12,,172.08,,172.08,,,,2009-03,2010-03,2012-03,,,,0,2,,,,FR_APR_2011.pdf,Sector-Wise analysis of projects,30,15
FR_201104_016,,N06000067,16,"ANANTA OC EXPANSION PH-III - MCL,Orissa",,,COAL,2011-04,2008-08,,207.28,,207.28,,,60.77,2012-03,,2012-03,,,,0,0,,,,FR_APR_2011.pdf,Sector-Wise analysis of projects,30,16
FR_201104_017,,N06000078,17,"RAMAGUNDAM OC-II EXTENSION - SCCL,Andhra Pradesh",,,COAL,2011-04,2009-12,,418.97,,418.97,,,71.74,2012-03,,2012-03,,,,28,27,,,,FR_APR_2011.pdf,Sector-Wise analysis of projects,31,17
FR_201104_018,,N06000080,18,"MANUGURU OC-II EXTENSION PHASE-II - SCCL,Andhra Pradesh",,,COAL,2011-04,2010-03,,181.19,,181.19,,,0.91,2012-03,,2012-03,,,,7,34,,,,FR_APR_2011.pdf,Sector-Wise analysis of projects,31,18
FR_201104_019,,N06000047,19,"TUTICORIN THERMAL POWER PROJECT - NLC,Tamil Nadu",,,COAL,2011-04,2008-05,,4909.54,4909.54,4909.54,,,1642.72,2012-08,,2012-10,,,,0,3,,,,FR_APR_2011.pdf,Sector-Wise analysis of projects,31,19
FR_201104_020,,060100096,20,"ASHOK EXPN.OCP -CCL (5 MTY) - CCL,Jharkhandd",5 MTY,,COAL,2011-04,2006-04,,471.66,341.63,341.63,,,98.32,2011-03,2013-03,2013-03,,,,0,2,,,,FR_APR_2011.pdf,Sector-Wise analysis of projects,31,20
FR_201104_021,,N06000007,21,"KRISHNASHILA (NCL) (4MTY) - NCL,Madhya pradesh",4MTY,,COAL,2011-04,2006-05,,789.88,741.56,741.56,,,137.37,2010-03,,2013-03,,,,0,2,,,,FR_APR_2011.pdf,Sector-Wise analysis of projects,31,21
FR_201104_022,,N06000008,22,"KUSMUNDA EXPN.OCP(SECL)(10MTY) - SECL,Chhatisgarh",10MTY,,COAL,2011-04,2006-06,,737.65,1188.31,1188.31,,,576.97,2013-03,,2013-03,,,,0,3,,,,FR_APR_2011.pdf,Sector-Wise analysis of projects,31,22
FR_201104_023,,N06000035,23,"KANIHA OCP - MCL,Multi State",,,COAL,2011-04,2007-12,,457.77,,457.77,,,69.13,2013-03,,2013-03,,,,0,2,,,,FR_APR_2011.pdf,Sector-Wise analysis of projects,31,23
FR_201104_024,,N06000068,24,"HINGULA OC-II EXP. PH-II (15 MTY) - MCL,Orissa",15 MTY,,COAL,2011-04,2008-11,,479.53,,479.53,,,205.76,2013-03,,2013-03,,,,0,2,,,,FR_APR_2011.pdf,Sector-Wise analysis of projects,31,24
FR_201104_025,,N06000085,25,"Purnadih OCP - CCL,Jharkhandd",,,COAL,2011-04,2008-07,,210.98,,210.98,,,19.88,2013-03,,2013-03,,,,0,2,,,,FR_APR_2011.pdf,Sector-Wise analysis of projects,31,25
FR_201104_026,,N06000016,26,"ADRIYALA SHAFT PROJECT - SCCL,Andhra Pradesh",,,COAL,2011-04,2006-09,,212.34,779.26,779.26,,,154.7,2013-03,2012-09,2013-06,,,,2,22,,,,FR_APR_2011.pdf,Sector-Wise analysis of projects,31,26
FR_201104_027,,060100093,27,"GEVRA EXPANSION OCP (SECL) (25 MTY) - SECL,Chhatisgarh",25 MTY,,COAL,2011-04,2005-07,,1667.55,2675.67,2675.67,,,1089.83,2010-03,2014-03,2014-03,,,,3,2,,,,FR_APR_2011.pdf,Sector-Wise analysis of projects,31,27
FR_201104_028,,060100094,28,"DIPKA EXPANSION OCP (SECL) (20 MTY) - SECL,Chhatisgarh",20 MTY,,COAL,2011-04,2005-07,,1268.53,1943.66,1943.66,,,1019.45,2010-03,2014-03,2014-03,,,,2,3,,,,FR_APR_2011.pdf,Sector-Wise analysis of projects,31,28
FR_201104_029,,N06000019,29,"BINA EXTN. PROJ - NCL,Multi State",,,COAL,2011-04,2006-11,,168.97,,168.97,,,137.37,2014-03,,2014-03,,,,1,2,,,,FR_APR_2011.pdf,Sector-Wise analysis of projects,31,29
FR_201104_030,,N06000046,30,"CHURCHA UG - SECL,Chhatisgarh",,,COAL,2011-04,2008-06,,462.35,,462.35,,,255.9,2014-03,,2014-03,,,,0,2,,,,FR_APR_2011.pdf,Sector-Wise analysis of projects,31,30
FR_201104_031,,N06000056,31,"RAJMAHAL OC EXP. - ECL,Multi State",,,COAL,2011-04,2006-02,,50.08,153.82,153.82,,,17.12,2011-03,,2014-03,,,,0,3,,,,FR_APR_2011.pdf,Sector-Wise analysis of projects,31,31
FR_201104_032,,N06000066,32,"PENGANGA OC - WCL,Andhra Pradesh",,,COAL,2011-04,2008-10,,339.77,,339.77,,,,2014-03,,2014-03,,,,1,2,,,,FR_APR_2011.pdf,Sector-Wise analysis of projects,31,32
FR_201104_033,,N06000076,33,"KARTALI (EAST) OC - SECL,Chhatisgarh",EAST,,COAL,2011-04,2008-07,,178.44,,178.44,,,,2014-03,,2014-03,,,,0,1,,,,FR_APR_2011.pdf,Sector-Wise analysis of projects,31,33
FR_201104_034,,N06000081,34,"MANIKPUR OC EXPANTION - SECL,Chhatisgarh",,,COAL,2011-04,2009-11,,321.5,,321.5,,,213.92,2014-03,,2014-03,,,,0,1,,,,FR_APR_2011.pdf,Sector-Wise analysis of projects,31,34
FR_201104_035,,N06000083,35,"Churi Benti UG - CCL,Jharkhandd",,,COAL,2011-04,2007-06,,163.51,,163.51,,,33.44,2011-03,2012-03,2014-03,,,,0,2,,,,FR_APR_2011.pdf,Sector-Wise analysis of projects,31,35
FR_201104_036,,N06000084,36,"North Urimari OCP - CCL,Jharkhandd",,,COAL,2011-04,2007-12,,179.87,,179.87,,,62.99,2012-03,,2014-03,,,,0,2,,,,FR_APR_2011.pdf,Sector-Wise analysis of projects,31,36
FR_201104_037,,N06000086,37,"Tapin OCP - CCL,Jharkhandd",,,COAL,2011-04,2008-08,,264.68,,264.68,,,59.68,2012-03,2013-03,2014-03,,,,0,2,,,,FR_APR_2011.pdf,Sector-Wise analysis of projects,31,37
FR_201104_038,,N06000088,38,"KARMA OCP - CCL,Jharkhandd",,,COAL,2011-04,2009-06,,162.46,,162.46,,,,2014-03,,2014-03,,,,0,0,,,,FR_APR_2011.pdf,Sector-Wise analysis of projects,31,38
FR_201104_039,,N06000009,39,"BLOCK-B OCP NCL (3.5 MTY) - NCL,Madhya pradesh",3.5 MTY,,COAL,2011-04,2006-06,,746.04,437.34,437.34,,,137.91,2012-03,2015-03,2015-03,,,,0,2,,,,FR_APR_2011.pdf,Sector-Wise analysis of projects,31,39
FR_201104_040,,N06000020,40,"JHANJRA LONGWAL UG PHASE II - ECL,West Bengal",,,COAL,2011-04,2006-11,,287.18,,287.17,,,,2011-03,2015-03,2015-03,,,,1,5,,,,FR_APR_2011.pdf,Sector-Wise analysis of projects,31,40
FR_201104_041,,N06000042,41,"GOPAL PRASAD OCP - MCL,Orissa",,,COAL,2011-04,2008-02,,395.87,,395.87,,,23.97,2013-03,2015-03,2015-03,,,,0,3,,,,FR_APR_2011.pdf,Sector-Wise analysis of projects,32,41
FR_201104_042,,N06000045,42,"PELMA OC - SECL,Chhatisgarh",,,COAL,2011-04,2008-07,,448.32,,448.32,,,,2015-03,,2015-03,,,,0,1,,,,FR_APR_2011.pdf,Sector-Wise analysis of projects,32,42
FR_201104_043,,N06000048,43,"KAKATIYA LAONGWALL - SCCL,Multi State",,,COAL,2011-04,2008-12,,453.63,,453.63,,,61.32,2012-12,,2015-03,,,,11,44,,,,FR_APR_2011.pdf,Sector-Wise analysis of projects,32,43
FR_201104_044,,N06000049,44,"Batura OC - SECL,Madhya pradesh",,,COAL,2011-04,2008-09,,203.82,,203.82,,,,2015-03,,2015-03,,,,0,1,,,,FR_APR_2011.pdf,Sector-Wise analysis of projects,32,44
FR_201104_045,,N06000075,45,"JAGANNATHPOR OC - SECL,Chhatisgarh",,,COAL,2011-04,2008-09,,152.43,,152.43,,,,2015-03,,2015-03,,,,0,1,,,,FR_APR_2011.pdf,Sector-Wise analysis of projects,32,45
FR_201104_046,,N06000089,46,"Kistaram OCP - SCCL,Andhra Pradesh",,,COAL,2011-04,2010-11,,242.29,,242.29,,,,2015-03,,2015-03,,,,0,28,,,,FR_APR_2011.pdf,Sector-Wise analysis of projects,32,46
FR_201104_047,,N06000010,47,"AMLOHRI EPR (NCL) (6 MTY) - NCL,Madhya pradesh",6 MTY,,COAL,2011-04,2006-05,,1352.04,1143.54,1143.54,,,66.62,2014-03,2016-03,2016-03,,,,1,2,,,,FR_APR_2011.pdf,Sector-Wise analysis of projects,32,47
FR_201104_048,,N06000015,48,"MAGADH OC (CCL) - CCL,Jharkhandd",CCL,,COAL,2011-04,2006-07,,469.78,706.4,706.4,,,16.13,2012-07,2014-03,2016-03,,,,0,2,,,,FR_APR_2011.pdf,Sector-Wise analysis of projects,32,48
FR_201104_049,,N06000043,49,"TALABIRA OCP - MCL,Orissa",,,COAL,2011-04,2008-03,,447.72,,447.72,,,35.2,2015-03,2016-03,2016-03,,,,0,2,,,,FR_APR_2011.pdf,Sector-Wise analysis of projects,32,49
FR_201104_050,,N06000082,50,"AMLAI OC EXPANSION SECTOR 'B' (1.50 MTY) - SECL,Chhatisgarh",1.50 MTY,,COAL,2011-04,2009-11,,198.59,,198.59,,,108.57,2016-03,,2016-03,,,,0,1,,,,FR_APR_2011.pdf,Sector-Wise analysis of projects,32,50
FR_201104_051,,N06000087,51,"Rajrappa RCE OCP - CCL,Jharkhandd",,,COAL,2011-04,2009-12,,510.85,,510.85,,,284.97,2016-03,,2016-03,,,,0,2,,,,FR_APR_2011.pdf,Sector-Wise analysis of projects,32,51
FR_201104_052,,N06000034,52,"BHUBANESWARI OCP - MCL,Orissa",,,COAL,2011-04,2007-12,,490.1,,490.1,,,75.16,2017-03,,2017-03,,,,0,1,,,,FR_APR_2011.pdf,Sector-Wise analysis of projects,32,52
FR_201104_053,,N06000079,53,"RKP OCP PHASE-I - SCCL,Uttaranchal",,,COAL,2011-04,2010-03,,209.78,,209.78,,,15.88,2015-03,,2018-03,,,,4,31,,,,FR_APR_2011.pdf,Sector-Wise analysis of projects,32,53
FR_201104_054,,N06000017,54,"SHANTIKHANI LONGWALL PROJ- SCCL - SCCL,Andhra Pradesh",,,COAL,2011-04,2006-10,,249.03,,249.03,,,38.37,2012-03,,2012-03,,,,13,42,,,,FR_APR_2011.pdf,Sector-Wise analysis of projects,32,54
FR_201104_055,,N06000025,55,"JALLARAM SHAFT PROJECT - SCCL,Andhra Pradesh Total",,,COAL,2011-04,2013-03,,467.78,25509.15,467.78,,,11.86,2013-03,,2013-03,,,,0,83,,,,FR_APR_2011.pdf,Sector-Wise analysis of projects,32,55
FR_201104_056,,N08000007,56,"CAPACITY ENHANCEMENT OF VIJAIPUR-I PLANTS - NFL,Madhya pradesh",,,FERTILISERS,2011-04,2008-09,,325.0,,325.0,,,,2011-07,,2011-07,,,,0,0,,,,FR_APR_2011.pdf,Sector-Wise analysis of projects,32,56
FR_201104_057,,N08000008,57,"CAPACITY ENHANCEMENT OF AMMONIA AND UREA PLANT VIJ - NFL,Madhya pradesh",,,FERTILISERS,2011-04,2008-09,,438.0,,438.0,,,,2011-07,,2011-07,,,,0,0,,,,FR_APR_2011.pdf,Sector-Wise analysis of projects,32,57
FR_201104_058,,N08000003,58,"THAL AMMONIA REVAMP PROJECT - RCF,Haryana",,,FERTILISERS,2011-04,2009-01,,488.75,,488.75,,,68.81,2011-11,,2011-11,,,,2,22,,,,FR_APR_2011.pdf,Sector-Wise analysis of projects,32,58
FR_201104_059,,N08000004,59,"PANIPAT - AMMONIA PLANT FEEDSTOCK CHANGEOVER PROJE - NFL,Haryana",,,FERTILISERS,2011-04,2010-01,,1292.84,,1292.84,,,120.91,2013-01,,2013-01,,,,0,5,,,,FR_APR_2011.pdf,Sector-Wise analysis of projects,32,59
FR_201104_060,,N08000005,60,"BATHINDA - AMMONIA PLANT FEEDSTOCK CHANGEOVER PROJ - NFL,Punjab",,,FERTILISERS,2011-04,2010-01,,1294.19,,1294.19,,,112.31,2013-01,,2013-01,,,,0,5,,,,FR_APR_2011.pdf,Sector-Wise analysis of projects,32,60
FR_201104_061,,N08000006,61,"NANGAL - AMMONIA PLANT FEEDSTOCK PROJECT - NFL,Punjab Total",,,FERTILISERS,2011-04,2010-01,,1478.63,5317.41,1478.63,,,113.16,2012-12,,2013-01,,,,0,8,,,,FR_APR_2011.pdf,Sector-Wise analysis of projects,33,61
FR_201104_062,,100100054,62,"SECOND PHASE EXPANSION OF CAPTIVE ALUMINIUM,SMELTER AND POWE - NALCO,Orissa Total",,,MINES,2011-04,2004-10,,4091.51,4401.76,4401.76,,,3648.2,2008-12,2011-01,2011-05,,,,117,110,,,,FR_APR_2011.pdf,Sector-Wise analysis of projects,33,62
FR_201104_063,,N12000023,63,"700TPD ARI SEPARATION UNIT-4 AT OXYGEN PLANT-II, BHILLAI - SAIL,Chhatisgarh",,,STEEL,2011-04,2007-07,,111.28,232.93,232.93,,,135.0,,,2011-07,,,,0,1,,,,FR_APR_2011.pdf,Sector-Wise analysis of projects,33,63
FR_201104_064,,N12000054,64,"REBUILDING OF COKE OVEN BATTERY NO-6 (BSP) - SAIL,Jharkhandd",BSP,,STEEL,2011-04,2008-07,,172.78,,172.78,,,127.0,2010-01,,2011-07,,,,0,1,,,,FR_APR_2011.pdf,Sector-Wise analysis of projects,33,64
FR_201104_065,,N12000033,65,"Rebuilding of coke oven battery No.1 & 2 (Bokaro S - SAIL,Jharkhandd",,,STEEL,2011-04,2007-10,,500.9,,500.9,,,174.51,2010-04,,2011-09,,,,0,2,,,,FR_APR_2011.pdf,Sector-Wise analysis of projects,33,65
FR_201104_066,,N12000068,66,"67.5 MW TG-5 AUX. S'TEM EMERGENCY POWER REQUIREM - RINL,",,,STEEL,2011-04,2007-07,,230.0,,343.58,,,219.75,,,2011-09,,,,0,3,,,,FR_APR_2011.pdf,Sector-Wise analysis of projects,33,66
FR_201104_067,,N12000069,67,"330 TPH BOILER-6 AND AUXILIARY SYSTEM - RINL,",,,STEEL,2011-04,2007-07,,260.0,,350.0,,,214.8,,,2011-09,,,,0,2,,,,FR_APR_2011.pdf,Sector-Wise analysis of projects,33,67
FR_201104_068,,N12000018,68,"Deve. of Bailadila Iron Ore Deposit- II(B)(NMDC) - NMDC,Chhatisgarh",NMDC,,STEEL,2011-04,2003-01,,295.89,,607.17,,,264.84,,,2011-10,,,,2,21,,,,FR_APR_2011.pdf,Sector-Wise analysis of projects,33,68
FR_201104_069,,N12000051,69,"EXPANSION OF IISCO STEEL PLANT - SAIL,West Bengal",,,STEEL,2011-04,2008-02,,14443.0,,14443.0,,,10747.99,2010-09,2011-12,2011-12,,,,0,6,,,,FR_APR_2011.pdf,Sector-Wise analysis of projects,33,69
FR_201104_070,,N12000055,70,"EXPANSION OF BOKARO STEEL PLANT - SAIL,Jharkhandd",,,STEEL,2011-04,2008-01,,3316.0,6325.0,6325.0,,,1904.73,2011-12,,2011-12,,,,0,7,,,,FR_APR_2011.pdf,Sector-Wise analysis of projects,33,70
FR_201104_071,,120100067,71,"EXPANSION OF RINL/VSP FROM 3 MTPY-6.3 MTPY OF LIQUID STEEL - RINL,Andhra Pradesh",,,STEEL,2011-04,2005-10,,8692.0,,12291.0,,,8276.0,2009-10,,2012-03,,,,7,58,,,,FR_APR_2011.pdf,Sector-Wise analysis of projects,33,71
FR_201104_072,,N12000053,72,"Augmentation of Iron Ore Storage in RMHP - RINL,",,,STEEL,2011-04,2008-05,,480.0,,480.84,,,83.29,2012-05,,2012-05,,,,1,2,,,,FR_APR_2011.pdf,Sector-Wise analysis of projects,33,72
FR_201104_073,,N12000038,73,"COKE OVEN BATTERY NO. 4 PHASE- II - RINL,",,,STEEL,2011-04,2007-08,,108.0,,216.68,,,35.39,2012-10,,2012-10,,,,0,4,,,,FR_APR_2011.pdf,Sector-Wise analysis of projects,33,73
FR_201104_074,,N12000056,74,"EXPENSION OF ROURKELA STEEL PLANT - SAIL,Orissa",,,STEEL,2011-04,2008-09,,6133.0,,11812.0,,,,2011-02,,2013-03,,,,0,0,,,,FR_APR_2011.pdf,Sector-Wise analysis of projects,33,74
FR_201104_075,,N12000057,75,"EXPANSION OF BHILAI STEEL PLANT - SAIL,Chhatisgarh Total",,,STEEL,2011-04,2008-09,,5185.0,17265.0,17265.0,,,2500.36,2013-03,,2013-03,,,,0,8,,,,FR_APR_2011.pdf,Sector-Wise analysis of projects,33,75
FR_201104_076,,N16000080,76,"CAPACITY EXP. CUM MODERNISATION PH-II - BPCL,Kerala",,,PETROLEUM,2011-04,2009-09,,2591.8,3941.41,3941.41,,,3249.54,2009-12,,2010-12,,,,0,0,,,,FR_APR_2011.pdf,Sector-Wise analysis of projects,34,76
FR_201104_077,,160100168,77,"C2-C3 AND LPG RECOVERY FROM LNG, DAHEJ (ONGC) - ONGC,Gujarat",ONGC,,PETROLEUM,2011-04,2003-12,,900.92,1493.49,976.08,,,770.48,2008-05,2010-07,2011-04,,,,0,2,,,,FR_APR_2011.pdf,Sector-Wise analysis of projects,34,77
FR_201104_078,,160100231,78,"INTEGRATED DEV OF G1 and GS-15 (ONGCL) - ONGC,Multi State",ONGCL,,PETROLEUM,2011-04,2003-04,,429.82,2218.01,2218.01,,,1237.61,2006-04,2011-05,2011-05,,,,0,0,,,,FR_APR_2011.pdf,Sector-Wise analysis of projects,34,78
FR_201104_079,,N16000045,79,"MNW-NF BRIDGE PROJECT - ONGC,Maharashtra",,,PETROLEUM,2011-04,2008-05,,175.21,,175.21,,,58.26,2009-03,,2011-05,,,,0,0,,,,FR_APR_2011.pdf,Sector-Wise analysis of projects,34,79
FR_201104_080,,N16000096,80,"North Tapti Gas Field Development - ONGC,Multi State",,,PETROLEUM,2011-04,2008-07,,589.7,755.76,755.76,,,398.59,2011-03,2011-05,2011-05,,,,0,0,,,,FR_APR_2011.pdf,Sector-Wise analysis of projects,34,80
FR_201104_081,,N16000111,81,"Pipeline Replacement project-2 - ONGC,Multi State",,,PETROLEUM,2011-04,2007-12,,2553.28,3796.21,3796.21,,,3579.42,2011-05,,2011-05,,,,0,0,,,,FR_APR_2011.pdf,Sector-Wise analysis of projects,34,81
FR_201104_082,,N16000009,82,"DIESEL HYDRO TREATMENT PROJECT,BRPL DHALIGAON - BRPL,Assam",,,PETROLEUM,2011-04,2006-06,,1431.91,1646.39,1690.13,,,1573.04,2009-09,,2011-06,,,,0,0,,,,FR_APR_2011.pdf,Sector-Wise analysis of projects,34,82
FR_201104_083,,N16000062,83,"HEERA RECONSTRUCTION - ONGC,Maharashtra",,,PETROLEUM,2011-04,2008-05,,706.7,,706.7,,,567.05,2010-04,,2011-06,,,,0,0,,,,FR_APR_2011.pdf,Sector-Wise analysis of projects,34,83
FR_201104_084,,N16000063,84,"NEELAM RECONSTRUCTION - ONGC,Maharashtra",,,PETROLEUM,2011-04,2008-05,,305.08,,305.08,,,220.26,2011-04,,2011-06,,,,0,0,,,,FR_APR_2011.pdf,Sector-Wise analysis of projects,34,84
FR_201104_085,,N16000070,85,"KARANPUR MORADABAD-KASHIPUR- RUDRAPUR PIPELINE PROJECT PHASE- - GAIL,Multi State",,,PETROLEUM,2011-04,2009-07,,238.68,196.25,200.0,,,76.55,2011-06,,2011-06,,,,1,8,,,,FR_APR_2011.pdf,Sector-Wise analysis of projects,34,85
FR_201104_086,,N16000083,86,"REFRIGERATED LPG STORAGE AT JNPT - BPCL,Maharashtra",,,PETROLEUM,2011-04,2008-06,,304.4,,304.4,,,227.2,2010-12,,2011-06,,,,0,0,,,,FR_APR_2011.pdf,Sector-Wise analysis of projects,34,86
FR_201104_087,,N16000102,87,"Integrated Sugar, Ethanol, Cogen Power Plant at Sugauli - HPCL,Bihar",,,PETROLEUM,2011-04,2009-06,,613.54,,727.88,,,164.16,2010-12,,2011-06,,,,0,0,,,,FR_APR_2011.pdf,Sector-Wise analysis of projects,34,87
FR_201104_088,,N16000040,88,"MSQ QUALITY UP GRADATION PROJECT AT BONGAIGAON REF - IOCL,Assam",,,PETROLEUM,2011-04,2008-04,,293.6,,294.0,,,218.62,2009-12,,2011-07,,,,0,0,,,,FR_APR_2011.pdf,Sector-Wise analysis of projects,34,88
FR_201104_089,,N16000066,89,"CONSTRUCTION OF NEW TERMINAL AT ENNORE CHENNAI - HPCL,Tamil Nadu",,,PETROLEUM,2011-04,2008-01,,224.0,,299.0,,,190.0,2010-12,2011-02,2011-08,,,,0,0,,,,FR_APR_2011.pdf,Sector-Wise analysis of projects,34,89
FR_201104_090,,N16000052,90,"DAHEJ-VIJAYPUR PIPE LINE PROJECT(PHASE-II) - GAIL,Multi State",PHASE-II,,PETROLEUM,2011-04,2007-11,,4403.26,4403.26,2500.0,,,2094.64,2011-10,2011-09,2011-09,,,,0,2,,,,FR_APR_2011.pdf,Sector-Wise analysis of projects,34,90
FR_201104_091,,N16000057,91,"RESITEMENT OF MARKETING INSTALATION AT VISAKHAPATT - HPCL,Andhra Pradesh",,,PETROLEUM,2011-04,2009-01,,756.0,,756.0,,,623.23,2011-12,,2011-09,,,,0,0,,,,FR_APR_2011.pdf,Sector-Wise analysis of projects,34,91
FR_201104_092,,N16000069,92,"DIESEL HYDROTREATOR PROJECT AT MUMBAI REFINERY - HPCL,Maharashtra",,,PETROLEUM,2011-04,2009-03,,3284.0,,3284.0,,,,2011-09,,2011-09,,,,0,0,,,,FR_APR_2011.pdf,Sector-Wise analysis of projects,34,92
FR_201104_093,,N16000024,93,"HEERA AND SOUTH HEERA RE- DEVELOPMENT PROJECT - ONGC,Maharashtra",,,PETROLEUM,2011-04,2006-09,,2305.3,700.0,3005.3,,,2416.96,2010-06,2010-06,2011-10,,,,0,0,,,,FR_APR_2011.pdf,Sector-Wise analysis of projects,34,93
FR_201104_094,,N16000115,94,"Construction of tanks and blending facility at vadinar - IOCL,Gujarat",,,PETROLEUM,2011-04,2009-02,,267.0,,267.0,,,159.28,2012-09,,2011-10,,,,0,0,,,,FR_APR_2011.pdf,Sector-Wise analysis of projects,34,94
FR_201104_095,,N16000023,95,"DEVELOPMENT OF C-SERIES FIELDS - ONGC,Maharashtra",,,PETROLEUM,2011-04,2006-08,,3195.16,,3195.16,,,2520.91,2008-12,2008-12,2011-11,,,,0,0,,,,FR_APR_2011.pdf,Sector-Wise analysis of projects,34,95
FR_201104_096,,N16000050,96,"BAWANA NANGAL PIPE LINE PROJECT - GAIL,Multi State",,,PETROLEUM,2011-04,2007-11,,1816.07,1816.07,1400.0,,,777.1,2011-12,,2011-12,,,,0,1,,,,FR_APR_2011.pdf,Sector-Wise analysis of projects,35,96
FR_201104_097,,N16000053,97,"COMPRESSOR STATIONS (VIJAYPUR AND JHABUA) PHASE-I - GAIL,Madhya pradesh",VIJAYPUR AND JHABUA,,PETROLEUM,2011-04,2007-11,,1512.0,1434.0,982.0,,,831.88,2011-04,2011-12,2011-12,,,,0,3,,,,FR_APR_2011.pdf,Sector-Wise analysis of projects,35,97
FR_201104_098,,N16000054,98,"COMPRESSOR STATIONS (KAILARAS &CHAINSA) - GAIL,Multi State",KAILARAS &CHAINSA,,PETROLEUM,2011-04,2007-11,,1167.0,1167.0,810.0,,,350.39,2011-04,2011-12,2011-12,,,,0,2,,,,FR_APR_2011.pdf,Sector-Wise analysis of projects,35,98
FR_201104_099,,N16000059,99,"BRANCH PIPELINE FROM KSPL VIRAMGAON TO KANDLA - IOCL,Gujarat",,,PETROLEUM,2011-04,2009-02,,250.0,349.0,250.0,,,164.46,2013-03,,2011-12,,,,0,0,,,,FR_APR_2011.pdf,Sector-Wise analysis of projects,35,99
FR_201104_100,,N16000084,100,"CONSTRUCTION OF 12 OFFSHORE SUPPLY VESSELS(OSV) - ONGC,Multi State",OSV,,PETROLEUM,2011-04,2007-06,,736.65,,736.65,,,210.29,2011-09,,2011-12,,,,0,0,,,,FR_APR_2011.pdf,Sector-Wise analysis of projects,35,100
FR_201104_101,,N16000109,101,"EURO-IV DHDT - CPCL,Tamil Nadu",,,PETROLEUM,2011-04,2008-09,,2615.69,,2615.69,,,1510.82,2011-05,,2011-12,,,,0,116,,,,FR_APR_2011.pdf,Sector-Wise analysis of projects,35,101
FR_201104_102,,N16000081,102,"HYDROCRACKER REVAMP & SETTING UP A NEW CCR AT MUMB - BPCL,Maharashtra",,,PETROLEUM,2011-04,2008-02,,825.0,,825.0,,,103.89,2011-12,,2012-01,,,,0,203,,,,FR_APR_2011.pdf,Sector-Wise analysis of projects,35,102
FR_201104_103,,N16000114,103,"MRPL Phase-III Expansion - Mangalore Refin,Karnataka",,,PETROLEUM,2011-04,2008-08,,12412.0,,12160.0,,,5578.0,2012-01,,2012-01,,,,0,0,,,,FR_APR_2011.pdf,Sector-Wise analysis of projects,35,103
FR_201104_104,,N16000031,104,"OFFSHORE GRID INTERCONNECTIVITY PROJECT IN MUMBAI HIGH - ONGC,Maharashtra",,,PETROLEUM,2011-04,2007-01,,740.02,,740.02,,,412.78,2010-03,2012-03,2012-03,,,,0,0,,,,FR_APR_2011.pdf,Sector-Wise analysis of projects,35,104
FR_201104_105,,N16000068,105,"DIESEL HYDROTREATOR PROJECT AT VISAKH REFINERY - HPCL,Andhra Pradesh",,,PETROLEUM,2011-04,2009-03,,3597.0,2730.0,2730.0,,,432.33,2011-09,2012-03,2012-03,,,,0,0,,,,FR_APR_2011.pdf,Sector-Wise analysis of projects,35,105
FR_201104_106,,N16000093,106,"VKPL UPGRADATION AND LAYING OF SPURLINE (TO BHILWARA AND CHI - GAIL,Multi State",,,PETROLEUM,2011-04,2009-12,,463.32,,340.0,,,62.22,2011-06,2012-03,2012-03,,,,3,9,,,,FR_APR_2011.pdf,Sector-Wise analysis of projects,35,106
FR_201104_107,,N16000032,107,"DEVELOPMENT OF B-22 CLUSTER FIELDS - ONGC,Maharashtra",,,PETROLEUM,2011-04,2007-01,,2323.4,2920.82,2920.82,,,1093.65,2010-09,2012-03,2012-04,,,,0,0,,,,FR_APR_2011.pdf,Sector-Wise analysis of projects,35,107
FR_201104_108,,N16000106,108,"Assam gas Cracker project - BCPL,Assam",,,PETROLEUM,2011-04,2006-04,,5460.61,,5460.61,,,2206.65,,,2012-04,,,,0,30,,,,FR_APR_2011.pdf,Sector-Wise analysis of projects,35,108
FR_201104_109,,N16000030,109,"CONSTRUCTION OF NEW PROCESS COMPLEX MHN - ONGC,Maharashtra",,,PETROLEUM,2011-04,2007-01,,2853.29,6326.4,6326.4,,,2912.73,2010-05,2012-05,2012-05,,,,0,0,,,,FR_APR_2011.pdf,Sector-Wise analysis of projects,35,109
FR_201104_110,,N16000044,110,"REVAMPING OF WIN PLATFORM AT MH ASSET - ONGC,Maharashtra",,,PETROLEUM,2011-04,2008-05,,333.4,837.54,656.51,,,3.52,2010-05,2012-04,2012-05,,,,0,0,,,,FR_APR_2011.pdf,Sector-Wise analysis of projects,35,110
FR_201104_111,,N16000046,111,"DEVELOPMENT OF B-46 CLUSTER FIELD - ONGC,Maharashtra",,,PETROLEUM,2011-04,2007-06,,1436.21,1456.96,1456.96,,,52.56,2010-07,2012-05,2012-05,,,,0,0,,,,FR_APR_2011.pdf,Sector-Wise analysis of projects,35,111
FR_201104_112,,N16000110,112,"CDU/VDU-II - CPCL,Tamil Nadu",,,PETROLEUM,2011-04,2010-03,,333.99,,333.99,,,29.43,2012-05,2010-08,2012-05,,,,5,36,,,,FR_APR_2011.pdf,Sector-Wise analysis of projects,35,112
FR_201104_113,,N16000033,113,"DEVELOPMENT OF B-193 CLUSTER FIELDS - ONGC,Maharashtra",,,PETROLEUM,2011-04,2007-06,,3248.78,5633.44,5633.44,,,1113.85,2010-08,2012-03,2012-06,,,,0,0,,,,FR_APR_2011.pdf,Sector-Wise analysis of projects,35,113
FR_201104_114,,N16000086,114,"ADDITIONAL DEV. OF D-1 FIELD - ONGC,Multi State",,,PETROLEUM,2011-04,2010-01,,2163.64,,2163.64,,,491.77,2012-06,,2012-06,,,,0,0,,,,FR_APR_2011.pdf,Sector-Wise analysis of projects,35,114
FR_201104_115,,N16000090,115,"INTEGRATED OFFSHORE CRUDE OIL HANDLING FACILITIES - IOCL,Orissa",,,PETROLEUM,2011-04,2009-12,,1492.33,,1492.33,,,614.18,,,2012-06,,,,6,9,,,,FR_APR_2011.pdf,Sector-Wise analysis of projects,36,115
FR_201104_116,,N16000119,116,"Wind Power Project - ONGC,Gujarat",,,PETROLEUM,2011-04,2010-07,,1106.0,,1106.0,,,,2012-06,,2012-06,,,,0,0,,,,FR_APR_2011.pdf,Sector-Wise analysis of projects,36,116
FR_201104_117,,N16000065,117,"ADDITIONAL GAS PROCESSING FACILITI AT HAZIRA - ONGC,Gujarat",,,PETROLEUM,2011-04,2008-02,,370.11,,370.11,,,46.0,2011-04,,2012-07,,,,0,0,,,,FR_APR_2011.pdf,Sector-Wise analysis of projects,36,117
FR_201104_118,,N16000094,118,"BNPL SPURLINE (UTTRANCHAL & PUNJAB) - GAIL,Multi State",UTTRANCHAL & PUNJAB,,PETROLEUM,2011-04,2009-12,,540.92,,400.0,,,23.64,2011-06,2012-07,2012-07,,,,7,9,,,,FR_APR_2011.pdf,Sector-Wise analysis of projects,36,118
FR_201104_119,,N16000113,119,"Polypropylene unit - Mangalore Refin,Karnataka",,,PETROLEUM,2011-04,2009-05,,1803.78,,1803.78,,,180.13,2012-07,,2012-07,,,,0,0,,,,FR_APR_2011.pdf,Sector-Wise analysis of projects,36,119
FR_201104_120,,N16000073,120,"DHABOL-BANGALORE PIPELINE PROJECT PHASE-I - GAIL,Multi State",,,PETROLEUM,2011-04,2009-06,,4543.43,4508.38,2500.0,,,417.04,2012-03,2012-08,2012-08,,,,11,10,,,,FR_APR_2011.pdf,Sector-Wise analysis of projects,36,120
FR_201104_121,,N16000098,121,"Up-gradation of Konaban GGS and Pipeline Grid Project - ONGC,Tripura",,,PETROLEUM,2011-04,2008-07,,288.04,288.04,253.66,,,45.06,2012-08,,2012-08,,,,0,0,,,,FR_APR_2011.pdf,Sector-Wise analysis of projects,36,121
FR_201104_122,,N16000060,122,"MUMBAI HIGH NORTH DEVELOPMENT PHASE-II - ONGC,Maharashtra",,,PETROLEUM,2011-04,2009-01,,7133.39,,7133.39,,,1973.46,2012-09,,2012-09,,,,0,0,,,,FR_APR_2011.pdf,Sector-Wise analysis of projects,36,122
FR_201104_123,,N16000088,123,"PARADIP-RAIPUR-SAMBALPUR- RANCHI PIPELINE - IOCL,Multi State",,,PETROLEUM,2011-04,2009-08,,1793.0,,1400.0,,,286.94,,,2012-09,,,,0,15,,,,FR_APR_2011.pdf,Sector-Wise analysis of projects,36,123
FR_201104_124,,N16000099,124,"Construction of six Effluent Treatment Plants (ETP) - ONGC,Gujarat",ETP,,PETROLEUM,2011-04,2009-03,,234.78,234.78,234.78,,,,2012-09,,2012-09,,,,0,0,,,,FR_APR_2011.pdf,Sector-Wise analysis of projects,36,124
FR_201104_125,,N16000117,125,"Construction of 6 ETPs - ONGC,Gujarat",,,PETROLEUM,2011-04,2009-03,,302.26,,302.26,,,15.78,2012-09,,2012-09,,,,0,0,,,,FR_APR_2011.pdf,Sector-Wise analysis of projects,36,125
FR_201104_126,,N16000058,126,"PARADIP REFINERY PROJECT - IOCL,Orissa",,,PETROLEUM,2011-04,2009-02,,29777.0,,29777.0,,,6657.79,,,2012-11,,,,107,103,,,,FR_APR_2011.pdf,Sector-Wise analysis of projects,36,126
FR_201104_127,,N16000071,127,"KOCHI-KANJIRKOD BANGALORE- MANGALORE PIPELINE PROJECT PHASE-I - GAIL,Multi State",,,PETROLEUM,2011-04,2009-06,,348.0,348.0,260.0,,,107.77,2012-03,2012-12,2012-12,,,,6,12,,,,FR_APR_2011.pdf,Sector-Wise analysis of projects,36,127
FR_201104_128,,N16000064,128,"ADDITIONAL GAS PROCESSING UNITS AT URAN - ONGC,Maharashtra",,,PETROLEUM,2011-04,2008-10,,1797.35,,890.37,,,49.86,2011-12,,2013-01,,,,0,0,,,,FR_APR_2011.pdf,Sector-Wise analysis of projects,36,128
FR_201104_129,,N16000107,129,"Fluidized catalytic cracking unit(FCCU) revamp - IOCL,Uttar Pradesh",FCCU,,PETROLEUM,2011-04,2010-07,,1000.0,,1000.0,,,8.95,,,2013-01,,,,11,18,,,,FR_APR_2011.pdf,Sector-Wise analysis of projects,36,129
FR_201104_130,,N16000116,130,"Development of SB-14 field - ONGC,Multi State",,,PETROLEUM,2011-04,2011-01,,410.44,,410.44,,,,2013-01,,2013-01,,,,0,0,,,,FR_APR_2011.pdf,Sector-Wise analysis of projects,36,130
FR_201104_131,,N16000108,131,"BUTADIENE EXTRACTION UNIT (BDEU) AT PANIPAT - IOCL,Haryana",BDEU,,PETROLEUM,2011-04,2009-11,,341.5,,341.5,,,3.81,,,2013-02,,,,11,42,,,,FR_APR_2011.pdf,Sector-Wise analysis of projects,36,131
FR_201104_132,,160100217,132,"IOR, RUDRASAGAR (ONGCL) - ONGC,Assam",ONGCL,,PETROLEUM,2011-04,2001-09,,113.9,438.85,438.85,,,218.08,2006-03,2013-03,2013-03,,,,6,6,,,,FR_APR_2011.pdf,Sector-Wise analysis of projects,36,132
FR_201104_133,,N16000039,133,"MUMBAI HIGH SOUTH REDEVELOPMENT PH-2 - ONGC,Maharashtra",,,PETROLEUM,2011-04,2007-10,,5713.03,,8813.41,,,6641.54,2010-05,2013-03,2013-03,,,,0,0,,,,FR_APR_2011.pdf,Sector-Wise analysis of projects,36,133
FR_201104_134,,N16000061,134,"ASSAM RENEWAL PROJECT FOR GROUP A - ONGC,Assam",,,PETROLEUM,2011-04,2009-03,,2465.15,,2378.86,,,281.62,2013-03,,2013-03,,,,0,0,,,,FR_APR_2011.pdf,Sector-Wise analysis of projects,36,134
FR_201104_135,,N16000103,135,"Construction of one Multipurpose Support Vessel - ONGC,Multi State",,,PETROLEUM,2011-04,2010-01,,723.64,,723.64,,,,2013-03,,2013-03,,,,0,0,,,,FR_APR_2011.pdf,Sector-Wise analysis of projects,37,135
FR_201104_136,,N16000104,136,"Development of Cluster-7 Fields - ONGC,Multi State",,,PETROLEUM,2011-04,2010-03,,3241.03,,3241.03,,,,2013-03,,2013-03,,,,0,0,,,,FR_APR_2011.pdf,Sector-Wise analysis of projects,37,136
FR_201104_137,,N16000118,137,"Development of BHE and BH-35 Area. - ONGC,Multi State",,,PETROLEUM,2011-04,2010-08,,372.11,,372.11,,,,2013-03,,2013-03,,,,0,0,,,,FR_APR_2011.pdf,Sector-Wise analysis of projects,37,137
FR_201104_138,,N16000123,138,"Construction of 23 Immediate Supply Vessels (ISV) - ONGC,Multi State",ISV,,PETROLEUM,2011-04,2010-11,,331.2,,331.2,,,,2013-08,,2013-03,,,,0,0,,,,FR_APR_2011.pdf,Sector-Wise analysis of projects,37,138
FR_201104_139,,N16000089,139,"DE-BOTTLENECKING OF SMPL (Salaya-Mathura crude pip - IOCL,Maharashtra",,,PETROLEUM,2011-04,2009-12,,1584.0,,1584.0,,,1.69,,,2013-08,,,,0,0,,,,FR_APR_2011.pdf,Sector-Wise analysis of projects,37,139
FR_201104_140,,N16000105,140,"Development of WO-16 Cluster Fields - ONGC,Multi State",,,PETROLEUM,2011-04,2010-06,,2523.0,,2523.0,,,,2014-01,,2014-01,,,,0,0,,,,FR_APR_2011.pdf,Sector-Wise analysis of projects,37,140
FR_201104_141,,N16000101,141,"Wax Project - NRL,Assam",,,PETROLEUM,2011-04,2010-08,,576.6,,576.6,,,6.48,2014-02,,2014-02,,,,0,0,,,,FR_APR_2011.pdf,Sector-Wise analysis of projects,37,141
FR_201104_142,,N16000112,142,"Petrochemical Complex-II - GAIL,Multi State",,,PETROLEUM,2011-04,2010-08,,8140.0,,8140.0,,,65.17,2014-02,,2014-02,,,,0,0,,,,FR_APR_2011.pdf,Sector-Wise analysis of projects,37,142
FR_201104_143,,160100215,143,"IOR LAKWA - LAKHMANI (ONGCL) - ONGC,Assam",ONGCL,,PETROLEUM,2011-04,2001-09,,345.1,663.69,663.69,,,559.61,2007-03,2014-03,2014-03,,,,3,3,,,,FR_APR_2011.pdf,Sector-Wise analysis of projects,37,143
FR_201104_144,,N16000120,144,"Ahmedabad Redevelopment - ONGC,Gujarat",,,PETROLEUM,2011-04,2010-11,,1916.1,,1916.1,,,,2014-12,,2014-12,,,,0,0,,,,FR_APR_2011.pdf,Sector-Wise analysis of projects,37,144
FR_201104_145,,N16000122,145,"Ankleswar Redevelopment - ONGC,Gujarat",,,PETROLEUM,2011-04,2010-11,,2189.63,,2189.63,,,,2014-12,,2014-12,,,,0,0,,,,FR_APR_2011.pdf,Sector-Wise analysis of projects,37,145
FR_201104_146,,N16000121,146,"Mehesana Redevelopment - ONGC,Gujarat",,,PETROLEUM,2011-04,2010-11,,3823.0,,3823.0,,,,2015-04,,2015-04,,,,0,0,,,,FR_APR_2011.pdf,Sector-Wise analysis of projects,37,146
FR_201104_147,,160100216,147,"IOR GELEKI (ONGCL) - ONGC,Assam",ONGCL,,PETROLEUM,2011-04,2001-09,,390.09,1674.11,1674.11,,,1209.98,2007-03,2017-03,2017-03,,,,6,6,,,,FR_APR_2011.pdf,Sector-Wise analysis of projects,37,147
FR_201104_148,,N16000051,148,"JHAJJAR HISSAR PIPE LINE PROJECT - GAIL,Haryana Total",,,PETROLEUM,2011-04,2007-11,,281.07,157868.41,281.07,,,3.29,2010-10,,,,,,0,0,,,,FR_APR_2011.pdf,Sector-Wise analysis of projects,37,148
FR_201104_149,,N18000037,149,"TR. SYSTEM FOR STARTUP POWER TO DVC & MAITHON RB G - PGCIL,Haryana",,,POWER,2011-04,2008-04,,290.49,,299.08,,,345.81,2010-04,,2011-05,,,,0,0,,,,FR_APR_2011.pdf,Sector-Wise analysis of projects,37,149
FR_201104_150,,180100256,150,"KOTESWAR TRANSMISSION SYSTEM (PGCIL) - PGCIL,Uttaranchal",PGCIL,,POWER,2011-04,2006-06,,260.34,,241.27,,,182.44,2008-06,,2011-06,,,,9,20,,,,FR_APR_2011.pdf,Sector-Wise analysis of projects,37,150
FR_201104_151,,260100100,151,"EAST-WEST TRANSNISSION CORRIDOR STRENGTHNING SCHEME - PGCIL,Multi State",,,POWER,2011-04,2006-06,,803.7,,803.76,,,664.23,2009-06,,2011-06,,,,1,20,,,,FR_APR_2011.pdf,Sector-Wise analysis of projects,37,151
FR_201104_152,,N18000004,152,"EASTERN REGION STRENGTHENING SCHEME-I - PGCIL,Multi State",,,POWER,2011-04,2006-10,,975.96,,894.26,,,676.27,2009-10,,2011-06,,,,2,20,,,,FR_APR_2011.pdf,Sector-Wise analysis of projects,37,152
FR_201104_153,,N18000033,153,"EASTERN REGION STRENGTHENING SCHEME-II - PGCIL,Multi State",,,POWER,2011-04,2007-12,,227.52,,227.52,,,131.46,2010-06,,2011-06,,,,0,0,,,,FR_APR_2011.pdf,Sector-Wise analysis of projects,37,153
FR_201104_154,,N18000043,154,"TRANSMISSION SYSTEM ASSOCIATED WITH FARAKKA-III - PGCIL,Multi State",,,POWER,2011-04,2008-12,,204.07,,204.07,,,107.73,2011-06,,2011-06,,,,0,0,,,,FR_APR_2011.pdf,Sector-Wise analysis of projects,38,154
FR_201104_155,,N18000050,155,"WESTERN REGION STRENGHTENING SCHEME-IX - PGCIL,Multi State",,,POWER,2011-04,2008-04,,230.89,,230.89,,,75.44,2011-01,,2011-06,,,,0,1,,,,FR_APR_2011.pdf,Sector-Wise analysis of projects,38,155
FR_201104_156,,N18000059,156,"TRANSMISSION SYSTEM ASSOCIATED WITH KORBA III GENE - PGCIL,Madhya pradesh",,,POWER,2011-04,2009-02,,276.61,,276.61,,,197.09,2011-06,,2011-06,,,,0,0,,,,FR_APR_2011.pdf,Sector-Wise analysis of projects,38,156
FR_201104_157,,N18000023,157,"TRANSMISSION SYSTEM ASSOCIATED WITH URI-II - PGCIL,J & K",,,POWER,2011-04,2006-10,,238.25,,227.03,,,209.65,2011-05,2011-05,2011-07,,,,0,0,,,,FR_APR_2011.pdf,Sector-Wise analysis of projects,38,157
FR_201104_158,,N18000064,158,"TR. SYSTEM ASSOCIATED WITH CHAMERA III HEP - PGCIL,Multi State",,,POWER,2011-04,2008-04,,297.37,,297.37,,,287.91,2011-07,,2011-07,,,,0,0,,,,FR_APR_2011.pdf,Sector-Wise analysis of projects,38,158
FR_201104_159,,180100241,159,"CHAMERA,STAGE-III (NHPC) - NHPC,Himachal Pr.",NHPC,,POWER,2011-04,2005-08,,1405.63,,1405.63,,,1585.4,2010-08,,2011-08,,,,0,0,,,,FR_APR_2011.pdf,Sector-Wise analysis of projects,38,159
FR_201104_160,,N18000007,160,"CHUTAK HYDRO-ELECTRIC PROJECT (NHPC) - NHPC,J & K",NHPC,,POWER,2011-04,2006-08,,621.28,,621.28,,,634.74,2011-02,,2011-08,,,,0,1,,,,FR_APR_2011.pdf,Sector-Wise analysis of projects,38,160
FR_201104_161,,N18000040,161,"EST. OF 400/220 KV GIS POOLING STATION NEAR CHAMER - PGCIL,Himachal Pr.",,,POWER,2011-04,2007-09,,262.1,,262.1,,,163.6,2010-09,,2011-08,,,,0,0,,,,FR_APR_2011.pdf,Sector-Wise analysis of projects,38,161
FR_201104_162,,180100260,162,"TRANSMISSION SY. ASSOCIATED WITH BARH GENER. PROJECT(P.GR.) - PGCIL,Bihar",P.GR.,,POWER,2011-04,2005-12,,3779.46,,3725.13,,,3476.02,2009-09,,2011-10,,,,15,30,,,,FR_APR_2011.pdf,Sector-Wise analysis of projects,38,162
FR_201104_163,,180100251,163,"URI H.E.P STAGE -II (NHPC) - NHPC,J & K",NHPC,,POWER,2011-04,2005-08,,1724.79,,1724.79,,,1432.09,2009-11,,2011-11,,,,0,0,,,,FR_APR_2011.pdf,Sector-Wise analysis of projects,38,163
FR_201104_164,,N18000018,164,"TRANSMISSION SYSTEM ASSOCIATED WITH PARBATI-III HE - PGCIL,Himachal Pr.",,,POWER,2011-04,2006-07,,557.24,,639.52,,,435.95,2010-01,,2011-11,,,,0,22,,,,FR_APR_2011.pdf,Sector-Wise analysis of projects,38,164
FR_201104_165,,N18000053,165,"NORTHERN REGION SYSTEM STRENGHTENING SCHEME-XVIII - PGCIL,Multi State",,,POWER,2011-04,2009-02,,509.66,,509.66,,,230.37,2011-11,,2011-11,,,,0,0,,,,FR_APR_2011.pdf,Sector-Wise analysis of projects,38,165
FR_201104_166,,N18000054,166,"NORTHERN REGION SYSTEM STRENGHTENING SCHEME-XIII - PGCIL,Multi State",,,POWER,2011-04,2009-02,,317.69,,317.69,,,49.79,2011-11,,2011-11,,,,0,0,,,,FR_APR_2011.pdf,Sector-Wise analysis of projects,38,166
FR_201104_167,,N18000063,167,"TRANSMISSION SYSTEM ASSOCIATED WITH RAMPUR HEP - PGCIL,Multi State",,,POWER,2011-04,2009-02,,184.19,,184.19,,,123.06,2011-11,,2011-11,,,,0,0,,,,FR_APR_2011.pdf,Sector-Wise analysis of projects,38,167
FR_201104_168,,180100250,168,"PARBATI H.E.P. STAGE -III (NHPC) - NHPC,Himachal Pr.",NHPC,,POWER,2011-04,2005-10,,2304.52,,2304.52,,,1431.24,2010-10,,2011-12,,,,0,0,,,,FR_APR_2011.pdf,Sector-Wise analysis of projects,38,168
FR_201104_169,,N18000022,169,"WESTERN REGION STRENGTHENING SCHEME-II - PGCIL,Rajasthan",,,POWER,2011-04,2006-07,,5221.23,,4978.56,,,2875.64,2010-07,,2011-12,,,,3,20,,,,FR_APR_2011.pdf,Sector-Wise analysis of projects,38,169
FR_201104_170,,N18000032,170,"SIMHADRI STPP STAGE -II (NTPC) - NTPC,Andhra Pradesh",NTPC,,POWER,2011-04,2007-08,,5103.39,,5038.53,,,3870.0,2011-05,,2011-12,,,,0,0,,,,FR_APR_2011.pdf,Sector-Wise analysis of projects,38,170
FR_201104_171,,N18000049,171,"WESTERN REGION STRENGHTENING SCHEME-X - PGCIL,Multi State",,,POWER,2011-04,2009-02,,664.96,,664.96,,,228.63,2012-02,,2012-02,,,,0,0,,,,FR_APR_2011.pdf,Sector-Wise analysis of projects,38,171
FR_201104_172,,N18000051,172,"WESTERN REGION SYSTEM STRENGHTENING SCHEME-XI - PGCIL,Multi State",,,POWER,2011-04,2009-02,,409.5,,409.5,,,31.33,2012-02,,2012-02,,,,0,0,,,,FR_APR_2011.pdf,Sector-Wise analysis of projects,38,172
FR_201104_173,,N18000052,173,"NORTHERN REGION SYSTEM STRENGHTENING SCHEME-XV - PGCIL,Multi State",,,POWER,2011-04,2009-02,,520.48,,520.48,,,239.43,2011-11,,2012-02,,,,0,0,,,,FR_APR_2011.pdf,Sector-Wise analysis of projects,39,173
FR_201104_174,,N18000056,174,"NORTHERN REGION SYSTEM STRENGHTENING SCHEME-XIX - PGCIL,Multi State",,,POWER,2011-04,2009-02,,410.29,,410.29,,,115.29,2012-02,,2012-02,,,,0,0,,,,FR_APR_2011.pdf,Sector-Wise analysis of projects,39,174
FR_201104_175,,N18000058,175,"NORTHERN REGION SYSTEM STRENGHTENING SCHEME-XVII - PGCIL,Rajasthan",,,POWER,2011-04,2009-02,,210.79,,210.79,,,143.06,2011-08,,2012-02,,,,0,0,,,,FR_APR_2011.pdf,Sector-Wise analysis of projects,39,175
FR_201104_176,,N18000062,176,"TR. SYSTEM ASSOCIATED WITH TUTICORIN JV TPS - PGCIL,Multi State",,,POWER,2011-04,2009-02,,353.57,,353.57,,,204.48,2010-07,2012-02,2012-02,,,,0,0,,,,FR_APR_2011.pdf,Sector-Wise analysis of projects,39,176
FR_201104_177,,N18000067,177,"SYSTEM STRENGHTENING -XI IN SOUTHERN REGION - PGCIL,Multi State",,,POWER,2011-04,2009-03,,196.1,,196.1,,,56.59,2011-07,,2012-02,,,,0,0,,,,FR_APR_2011.pdf,Sector-Wise analysis of projects,39,177
FR_201104_178,,N18000068,178,"765 KV SYSTEM FOR CENTRAL PART OF NORTHERN GRID PA - PGCIL,Multi State",,,POWER,2011-04,2009-02,,1347.32,,1347.32,,,783.35,2012-02,,2012-02,,,,0,0,,,,FR_APR_2011.pdf,Sector-Wise analysis of projects,39,178
FR_201104_179,,180100184,179,"KOTESHWAR HEP(THDC) - THDCL,Uttaranchal",THDC,,POWER,2011-04,2000-04,,1301.56,,2398.39,,,2348.18,2005-04,,2012-03,,,,2,12,,,,FR_APR_2011.pdf,Sector-Wise analysis of projects,39,179
FR_201104_180,,180100229,180,"SIPAT STPP STAGE - I (NTPC) - NTPC,Chhatisgarh",NTPC,,POWER,2011-04,2003-12,,8323.39,,8323.39,,,7091.0,2009-12,,2012-03,,,,33,56,,,,FR_APR_2011.pdf,Sector-Wise analysis of projects,39,180
FR_201104_181,,180100258,181,"KUDANKULAM-APP TRANS. SYSTEM (PGCIL) - PGCIL,Tamil Nadu",PGCIL,,POWER,2011-04,2005-05,,1779.29,,1946.85,,,1706.35,2008-11,,2012-03,,,,25,38,,,,FR_APR_2011.pdf,Sector-Wise analysis of projects,39,181
FR_201104_182,,N18000086,182,"System Strengthening -X of SR - PGCIL,Multi State",,,POWER,2011-04,2009-12,,276.61,,276.61,,,64.84,2012-04,,2012-03,,,,0,0,,,,FR_APR_2011.pdf,Sector-Wise analysis of projects,39,182
FR_201104_183,,180100222,183,"TESSTA LOW DAM - III HYDROELECTRIC POWER PROJECT - NHPC,West Bengal",,,POWER,2011-04,2003-10,,768.92,,768.92,,,1301.88,2007-03,,2012-05,,,,1,25,,,,FR_APR_2011.pdf,Sector-Wise analysis of projects,39,183
FR_201104_184,,N18000079,184,"765KV SYSTEM FOR CENTRAL PART OF NORTHERN GRID PAR - PGCIL,Multi State",,,POWER,2011-04,2009-11,,1075.12,,1075.12,,,213.51,2012-05,,2012-05,,,,0,0,,,,FR_APR_2011.pdf,Sector-Wise analysis of projects,39,184
FR_201104_185,,N18000006,185,"NIMOO BAZGO HYDROELECTRIC PROJECT (NHPC) - NHPC,J & K",NHPC,,POWER,2011-04,2006-08,,611.02,,611.02,,,628.64,2010-08,,2012-06,,,,0,0,,,,FR_APR_2011.pdf,Sector-Wise analysis of projects,39,185
FR_201104_186,,N18000078,186,"765KV SYSTEM FOR CENTRAL PART OF NORTHERN REGION G - PGCIL,Multi State",,,POWER,2011-04,2009-07,,1736.36,,1736.36,,,268.2,2012-06,,2012-06,,,,0,0,,,,FR_APR_2011.pdf,Sector-Wise analysis of projects,39,186
FR_201104_187,,N18000082,187,"IMMEDIATE EVACUATION SYSTEM FOR NABINAGAR TPS - PGCIL,Bihar",,,POWER,2011-04,2010-02,,215.86,,215.86,,,100.8,2012-06,,2012-06,,,,0,0,,,,FR_APR_2011.pdf,Sector-Wise analysis of projects,39,187
FR_201104_188,,N18000085,188,"System Strengthening -XII of SR - PGCIL,Multi State",,,POWER,2011-04,2010-02,,232.34,,232.34,,,6.78,2012-06,,2012-06,,,,0,0,,,,FR_APR_2011.pdf,Sector-Wise analysis of projects,39,188
FR_201104_189,,N18000065,189,"SUPPLIMENTARY TRANSMISSION ASSOCIATED WITH DVC AND - PGCIL,Multi State",,,POWER,2011-04,2008-08,,2360.95,,2360.95,,,1620.54,2012-08,,2012-08,,,,0,0,,,,FR_APR_2011.pdf,Sector-Wise analysis of projects,39,189
FR_201104_190,,N18000069,190,"765 KV POOLING STATION & NETWORK WITH DVC AND MAIT - PGCIL,Multi State",,,POWER,2011-04,2008-08,,7075.33,,7075.33,,,3704.9,2012-08,,2012-08,,,,0,0,,,,FR_APR_2011.pdf,Sector-Wise analysis of projects,39,190
FR_201104_191,,N18000081,191,"System Strengthening in NR for SASAN & MUNDRA (UMPP) - PGCIL,Multi State",UMPP,,POWER,2011-04,2009-12,,1216.83,,1216.83,,,262.82,2012-08,,2012-08,,,,0,0,,,,FR_APR_2011.pdf,Sector-Wise analysis of projects,39,191
FR_201104_192,,N18000061,192,"TRANSMISSION SYSTEM ASSOCIATED WITH MUNDRA ULTRA M - PGCIL,Multi State",,,POWER,2011-04,2008-10,,4824.12,,4824.12,,,1084.73,2012-10,,2012-10,,,,0,0,,,,FR_APR_2011.pdf,Sector-Wise analysis of projects,40,192
FR_201104_193,,N18000084,193,"MAUDA TRANSMISSION SYSTEM - PGCIL,Maharashtra",,,POWER,2011-04,2010-02,,469.38,,469.38,,,92.07,2012-10,,2012-10,,,,0,0,,,,FR_APR_2011.pdf,Sector-Wise analysis of projects,40,193
FR_201104_194,,N18000089,194,"INTERCONNECTION BETWEEN ELECTTRICAL GRIDS OF I - PGCIL,Multi State",,,POWER,2011-04,2010-10,,160.32,,160.32,,,11.23,2012-10,,2012-10,,,,0,0,,,,FR_APR_2011.pdf,Sector-Wise analysis of projects,40,194
FR_201104_195,,N18000048,195,"MOUDA STPP (NTPC) - NTPC,Maharashtra",NTPC,,POWER,2011-04,2007-11,,5459.28,,6010.89,,,2392.0,2012-08,,2012-11,,,,0,0,,,,FR_APR_2011.pdf,Sector-Wise analysis of projects,40,195
FR_201104_196,,N18000076,196,"TRANSMISSION SYSTEM OF VINDHYACHAL-IV AND RIHAND-I - PGCIL,Multi State",,,POWER,2011-04,2010-03,,4672.99,,4672.99,,,261.44,2012-11,,2012-11,,,,0,0,,,,FR_APR_2011.pdf,Sector-Wise analysis of projects,40,196
FR_201104_197,,N18000083,197,"NORTHERN REGION TRANSMISSION STRENGTHENING SCHEME - PGCIL,Multi State",,,POWER,2011-04,2010-03,,965.58,,965.58,,,171.89,2012-11,,2012-11,,,,0,0,,,,FR_APR_2011.pdf,Sector-Wise analysis of projects,40,197
FR_201104_198,,N18000100,198,"EASTERN REGION TRANSMISSION SYSTEM-III - PGCIL,Multi State",,,POWER,2011-04,2010-07,,1272.8,,1272.8,,,85.21,2012-11,,2012-11,,,,0,0,,,,FR_APR_2011.pdf,Sector-Wise analysis of projects,40,198
FR_201104_199,,180100243,199,"TEESTA LOW DAM HEP, STAGE-IV (NHPC) - NHPC,West Bengal",NHPC,,POWER,2011-04,2005-09,,1061.38,,1061.38,,,940.15,2009-09,,2012-12,,,,0,0,,,,FR_APR_2011.pdf,Sector-Wise analysis of projects,40,199
FR_201104_200,,N18000046,200,"TRANSMISSION SYSTEM ASSOCIATED WITH SASAN ULTRA ME - PGCIL,Multi State",,,POWER,2011-04,2008-12,,7031.88,,7031.88,,,2185.46,2012-12,,2012-12,,,,0,0,,,,FR_APR_2011.pdf,Sector-Wise analysis of projects,40,200
FR_201104_201,,N18000072,201,"VINDHYACHAL STTP STAGE-IV (NTPC) - NTPC,Madhya pradesh",NTPC,,POWER,2011-04,2009-01,,5915.0,,5915.0,,,1877.0,2012-10,,2012-12,,,,0,0,,,,FR_APR_2011.pdf,Sector-Wise analysis of projects,40,201
FR_201104_202,,N18000073,202,"RIHAND STTP STAGE-III (2X500MW) (NTPC) - NTPC,Uttar Pradesh",NTPC,,POWER,2011-04,2009-01,,6230.81,,6230.81,,,1727.0,2012-10,,2012-12,,,,0,0,,,,FR_APR_2011.pdf,Sector-Wise analysis of projects,40,202
FR_201104_203,,N18000080,203,"Trans. System associated with PALLATANA GBPP & BPT - PGCIL,Multi State",,,POWER,2011-04,2010-02,,2144.0,,2144.0,,,186.94,2012-12,,2012-12,,,,0,0,,,,FR_APR_2011.pdf,Sector-Wise analysis of projects,40,203
FR_201104_204,,N18000088,204,"NORTHERN REGION SYSTEM STRENGHTENING SCHEME-XX - PGCIL,Multi State",,,POWER,2011-04,2010-10,,182.68,,182.68,,,25.54,2013-01,,2013-01,,,,0,0,,,,FR_APR_2011.pdf,Sector-Wise analysis of projects,40,204
FR_201104_205,,N18000098,205,"Transmission system for transfer of power from Gen. - PGCIL,Multi State",,,POWER,2011-04,2010-05,,250.03,,250.03,,,17.35,2013-01,,2013-01,,,,0,0,,,,FR_APR_2011.pdf,Sector-Wise analysis of projects,40,205
FR_201104_206,,180100211,206,"KOLDAM HEP (NTPC) - NTPC,Himachal Pr.",NTPC,,POWER,2011-04,2002-10,,4527.15,,4527.15,,,3639.0,2009-04,,2013-03,,,,19,41,,,,FR_APR_2011.pdf,Sector-Wise analysis of projects,40,206
FR_201104_207,,N18000035,207,"WESTERN REGION STRENGTHENING SCHEME-V - PGCIL,Maharashtra",,,POWER,2011-04,2007-12,,477.69,,477.69,,,337.21,2010-09,,2013-03,,,,0,0,,,,FR_APR_2011.pdf,Sector-Wise analysis of projects,40,207
FR_201104_208,,N18000087,208,"TRANSMISSION SYSTEM FOR PHASE-I GEN PROJECT IN ORI - PGCIL,Orissa",,,POWER,2011-04,2010-09,,2074.86,,2074.86,,,99.43,2013-03,,2013-03,,,,0,0,,,,FR_APR_2011.pdf,Sector-Wise analysis of projects,40,208
FR_201104_209,,N18000095,209,"NORTHERN REGION SYSTEM STRENGTHENING SCHEME- XXI - PGCIL,Multi State",,,POWER,2011-04,2010-08,,1677.57,,1677.57,,,62.92,2013-04,,2013-04,,,,0,0,,,,FR_APR_2011.pdf,Sector-Wise analysis of projects,40,209
FR_201104_210,,N18000097,210,"SUPPLEMENTARY TRANSMISSION ASSOCIATED WITH VELLUR - PGCIL,Multi State",,,POWER,2011-04,2010-08,,170.36,,170.36,,,8.7,2013-04,,2013-04,,,,0,0,,,,FR_APR_2011.pdf,Sector-Wise analysis of projects,40,210
FR_201104_211,,N18000090,211,"TRANSMISSION SYSTEM ASSOCIATED WITH KRISHNAPATNAM - PGCIL,Andhra Pradesh",,,POWER,2011-04,2010-12,,779.21,,779.21,,,54.88,2013-08,,2013-05,,,,0,0,,,,FR_APR_2011.pdf,Sector-Wise analysis of projects,41,211
FR_201104_212,,N18000071,212,"TRIPURA GAS BASED POWER PROJECT - NEEPCO,Tripura",,,POWER,2011-04,2009-07,,421.01,,623.44,,,64.92,2012-01,,2013-07,,,,0,0,,,,FR_APR_2011.pdf,Sector-Wise analysis of projects,41,212
FR_201104_213,,N18000094,213,"NORTHERN REGION SYSTEM STRENGTHENING SCHEME XVI - PGCIL,Multi State",,,POWER,2011-04,2010-07,,752.64,,752.64,,,33.0,2013-07,,2013-07,,,,0,0,,,,FR_APR_2011.pdf,Sector-Wise analysis of projects,41,213
FR_201104_214,,N18000045,214,"PARE HYDRO ELECTRIC PROJECT(110 MW) - NEEPCO,Arunachal Pr.",110 MW,,POWER,2011-04,2008-12,,573.99,,573.99,,,185.69,2013-08,2013-08,2013-08,,,,8,17,,,,FR_APR_2011.pdf,Sector-Wise analysis of projects,41,214
FR_201104_215,,N18000066,215,"NORTH- EAST NORTH WESTERN INTERCONNECTOR I PROJECT - PGCIL,Multi State",,,POWER,2011-04,2009-02,,11130.19,,11130.19,,,2366.21,2013-08,,2013-08,,,,0,0,,,,FR_APR_2011.pdf,Sector-Wise analysis of projects,41,215
FR_201104_216,,N18000091,216,"NORTHERN REGION SYSTEM STRENGTHENING SCHEME-XXII - PGCIL,Multi State",,,POWER,2011-04,2010-12,,209.78,,209.78,,,15.15,2013-08,,2013-08,,,,0,0,,,,FR_APR_2011.pdf,Sector-Wise analysis of projects,41,216
FR_201104_217,,N18000092,217,"ESTABLISHMENT OF POOLING STATION AT RAIGHAR AND RA - PGCIL,Chhatisgarh",,,POWER,2011-04,2010-12,,1719.52,,1719.52,,,122.97,2013-08,,2013-08,,,,0,0,,,,FR_APR_2011.pdf,Sector-Wise analysis of projects,41,217
FR_201104_218,,N18000024,218,"RAMPUR HEP(412 MW) - SJVNL,Himachal Pr.",412 MW,,POWER,2011-04,2007-01,,2047.03,,2047.03,,,1153.21,2012-01,,2013-09,,,,2,10,,,,FR_APR_2011.pdf,Sector-Wise analysis of projects,41,218
FR_201104_219,,N18000041,219,"BONGAIGAON THERMAL POWER PROJECT (NTPC) - NTPC,Assam",NTPC,,POWER,2011-04,2008-01,,4375.35,,4375.35,,,2173.0,2011-07,,2013-10,,,,0,0,,,,FR_APR_2011.pdf,Sector-Wise analysis of projects,41,219
FR_201104_220,,N18000047,220,"BARH STPP STAGE -II (NTPC) - NTPC,Bihar",NTPC,,POWER,2011-04,2008-02,,7341.04,,7341.04,,,2173.0,2013-08,,2013-10,,,,0,0,,,,FR_APR_2011.pdf,Sector-Wise analysis of projects,41,220
FR_201104_221,,N18000099,221,"Transmission system for transfer of power from Gen-PART B - PGCIL,Multi State",,,POWER,2011-04,2011-03,,1585.12,,1585.12,,,55.83,2013-11,,2013-11,,,,0,0,,,,FR_APR_2011.pdf,Sector-Wise analysis of projects,41,221
FR_201104_222,,180100221,222,"LOWER SUBANSIRI H.E.P (NHPC) - NHPC,Arunachal Pr.",NHPC,,POWER,2011-04,2003-09,,6285.33,,6285.33,,,4904.4,2010-09,,2013-12,,,,2,11,,,,FR_APR_2011.pdf,Sector-Wise analysis of projects,41,222
FR_201104_223,,N18000093,223,"TRANSMISSION SYSTEM FOR PHASE-I GEN. PROJECT IN OR - PGCIL,Orissa",,,POWER,2011-04,2010-12,,2743.19,,2743.19,,,210.01,2013-12,,2013-12,,,,0,0,,,,FR_APR_2011.pdf,Sector-Wise analysis of projects,41,223
FR_201104_224,,180100165,224,"TUIRIAL HE PROJECT(NEEPCO) - NEEPCO,Mizoram",NEEPCO,,POWER,2011-04,1998-07,,368.72,913.63,913.63,,,227.58,2006-07,2014-01,2014-01,,,,2,5,,,,FR_APR_2011.pdf,Sector-Wise analysis of projects,41,224
FR_201104_225,,N18000014,225,"TAPOVAN-VISHNUGAD HEP (4x130MW) (NTPC) - NTPC,Uttaranchal",NTPC,,POWER,2011-04,2006-11,,2978.48,,2978.48,,,1109.0,2013-03,,2014-02,,,,5,31,,,,FR_APR_2011.pdf,Sector-Wise analysis of projects,41,225
FR_201104_226,,N18000096,226,"TRANS SYSTEM FOR PHASE-I GEN PROJECT IN ORISSA-C - PGCIL,Multi State",,,POWER,2011-04,2011-03,,2569.25,,2569.25,,,,2014-03,,2014-03,,,,0,0,,,,FR_APR_2011.pdf,Sector-Wise analysis of projects,41,226
FR_201104_227,,180100210,227,"PARBATI HEP (NHPC) II - NHPC,Himachal Pr.",NHPC,,POWER,2011-04,2002-09,,3919.59,,3919.59,,,3137.19,2009-09,,2014-07,,,,1,20,,,,FR_APR_2011.pdf,Sector-Wise analysis of projects,41,227
FR_201104_228,,180100242,228,"BARH STPP STAGE-I (3X660MW) NTPC - NTPC,Bihar",3X660MW,,POWER,2011-04,2003-12,,8693.0,,8692.97,,,5688.0,2010-11,,2014-09,,,,15,51,,,,FR_APR_2011.pdf,Sector-Wise analysis of projects,41,228
FR_201104_229,,N18000077,229,"Transm System for development of Pooling stn. in N - PGCIL,West Bengal",,,POWER,2011-04,2010-04,,4404.57,,4404.57,,,,2015-01,,2015-01,,,,0,0,,,,FR_APR_2011.pdf,Sector-Wise analysis of projects,41,229
FR_201104_230,,N18000010,230,"TEHRI PUMPED STORAGE PLANT(1000MW) - THDCL,",1000MW,,POWER,2011-04,2006-07,,1657.0,,2978.86,,,258.47,2010-07,,2015-03,,,,0,1,,,,FR_APR_2011.pdf,Sector-Wise analysis of projects,41,230
FR_201104_231,,N18000031,231,"KISHANGANGA HEP - NHPC,J & K",,,POWER,2011-04,2007-07,,2238.67,,3642.04,,,707.1,2014-07,,2016-01,,,,0,0,,,,FR_APR_2011.pdf,Sector-Wise analysis of projects,42,231
FR_201104_232,,N18000042,232,"VISHNUGAD PIPALKOTI HYDRO ELECTRIC PROJECT - THDCL,Uttaranchal",,,POWER,2011-04,2008-08,,2221.31,,2491.58,,,149.13,2014-07,,2016-03,,,,0,8,,,,FR_APR_2011.pdf,Sector-Wise analysis of projects,42,232
FR_201104_233,,180100239,233,"KAMENG HYDROELECTRIC PROJECT (NEEPCO) - NEEPCO,Arunachal Pr.",NEEPCO,,POWER,2011-04,2004-12,,2496.9,,2496.9,,,1438.5,2009-12,2016-06,2016-06,,,,78,21,,,,FR_APR_2011.pdf,Sector-Wise analysis of projects,42,233
FR_201104_234,,180100246,234,"KAIGA 3&4 TRANSMISSION SYSTEM (PGCIL) - PGCIL,Karnataka Total",PGCIL,,POWER,2011-04,2005-03,,596.45,1007.16,947.96,,,756.41,2007-12,2009-12,,,,,14,18,,,,FR_APR_2011.pdf,Sector-Wise analysis of projects,42,234
FR_201104_235,,220100149,235,"DALLIRAJDHARA - RAOGHAT(PART OF DALLIRAJHARA- JAGDALPUR),NL,R - RVNL,Chhatisgarh",PART OF DALLIRAJHARA- JAGDALPUR,,RAILWAYS,2011-04,1995-04,,304.0,,968.6,,,,2012-12,,2012-12,,,,0,0,,,,FR_APR_2011.pdf,Sector-Wise analysis of projects,42,235
FR_201104_236,,220100286,236,"RAJATGARH-BARANG(LD),ECOR - RVNL,Orissa",LD,,RAILWAYS,2011-04,1999-04,,166.16,,243.4,,,,2009-02,,2010-12,,,,0,0,,,,FR_APR_2011.pdf,Sector-Wise analysis of projects,42,236
FR_201104_237,,220100327,237,"KHURDA ROAD - BARANG 3RD LINE (DL) (ECOR) - RVNL,Orissa",ECOR,,RAILWAYS,2011-04,2000-04,,133.41,207.0,211.9,,,,2009-03,,2010-12,,,,0,0,,,,FR_APR_2011.pdf,Sector-Wise analysis of projects,42,237
FR_201104_238,,220100329,238,"RAICHUR-GUNTAKAL(DL)(SCR) - RVNL,Andhra Pradesh",SCR,,RAILWAYS,2011-04,2003-04,,136.62,,221.9,,,,2007-12,2010-03,2010-12,,,,0,0,,,,FR_APR_2011.pdf,Sector-Wise analysis of projects,42,238
FR_201104_239,,N22000034,239,"ALIGARH-GAZIABAD 3RD LINE DOUBLING (RVNL) - RVNL,Uttar Pradesh",RVNL,,RAILWAYS,2011-04,2003-04,,230.73,399.73,399.5,,,,2009-03,2008-12,2010-12,,,,0,0,,,,FR_APR_2011.pdf,Sector-Wise analysis of projects,42,239
FR_201104_240,,N22000081,240,"BHARUCH-SAMNI-DAHEJ GAUGE CONVERSIN - RVNL,Gujarat",,,RAILWAYS,2011-04,2005-09,,200.8,,200.8,,,,,,2010-12,,,,0,0,,,,FR_APR_2011.pdf,Sector-Wise analysis of projects,42,240
FR_201104_241,,220100321,241,"BILASPUR-URKURA (DL) - RVNL,Chhatisgarh",DL,,RAILWAYS,2011-04,1997-04,,151.52,,273.0,,,,2009-03,,2011-03,,,,0,0,,,,FR_APR_2011.pdf,Sector-Wise analysis of projects,42,241
FR_201104_242,,N22000027,242,"PALWAL-BHUTESWAR 3RD LINE DOUBLING(NCR)(RVNL) - RVNL,Multi State",RVNL,,RAILWAYS,2011-04,2005-04,,240.0,,329.7,,,,2009-03,2009-12,2011-03,,,,0,0,,,,FR_APR_2011.pdf,Sector-Wise analysis of projects,42,242
FR_201104_243,,N22000082,243,"ALUABARI ROAD SILIGURI JANCTION VIA GALGALIA, NEFR - NEFR,Multi State",,,RAILWAYS,2011-04,2006-12,,170.0,170.0,415.5,,,352.97,,,2011-03,,,,0,0,,,,FR_APR_2011.pdf,Sector-Wise analysis of projects,42,243
FR_201104_244,,N22000093,244,"MUMBAI URBAN TRANSPORT PROJECT PHASE-I, MTP - MRTP,Maharashtra",,,RAILWAYS,2011-04,2003-04,,3125.2,4174.4,4501.8,,,4145.31,2010-12,,2011-06,,,,0,1,,,,FR_APR_2011.pdf,Sector-Wise analysis of projects,42,244
FR_201104_245,,N22000097,245,"TAMLUK DIGHA,LINE DOUBLING (SER) - SER,West Bengal",SER,,RAILWAYS,2011-04,1984-03,,293.97,,723.27,,,371.15,2005-06,2011-07,2011-07,,,,0,0,,,,FR_APR_2011.pdf,Sector-Wise analysis of projects,42,245
FR_201104_246,,220100284,246,"KHURDA ROAD-BOLANGIR(NL)ECOR - ECOR,Orissa",NL,,RAILWAYS,2011-04,1994-04,,355.38,470.21,700.0,,,144.72,,,2011-08,,,,0,0,,,,FR_APR_2011.pdf,Sector-Wise analysis of projects,42,246
FR_201104_247,,220100148,247,"LANJHIGARH-JUNAGARH NL(ECOR) - ECOR,Orissa",ECOR,,RAILWAYS,2011-04,1993-04,,100.0,142.9,170.0,,,179.17,2002-03,,2011-09,,,,0,0,,,,FR_APR_2011.pdf,Sector-Wise analysis of projects,42,247
FR_201104_248,,N22000076,248,"PANSPURA-KHARAGPUR 3D LINE - RVNL,West Bengal",,,RAILWAYS,2011-04,2007-09,,252.5,,252.5,,,,2010-02,,2011-11,,,,0,0,,,,FR_APR_2011.pdf,Sector-Wise analysis of projects,42,248
FR_201104_249,,220100007,249,"GUNA-ETAWAH(NCR), NL - NCR,Multi State",NCR,,RAILWAYS,2011-04,1985-04,,158.77,432.46,540.96,,,538.15,1994-03,,2011-12,,,,0,0,,,,FR_APR_2011.pdf,Sector-Wise analysis of projects,42,249
FR_201104_250,,220100192,250,"NANDYAL-YERRAGUNTLA(NL),SCR - SCR,Andhra Pradesh",NL,,RAILWAYS,2011-04,1996-03,,155.74,164.36,429.49,,,425.27,2009-02,,2011-12,,,,0,0,,,,FR_APR_2011.pdf,Sector-Wise analysis of projects,42,250
FR_201104_251,,220100285,251,"HARIDASPUR-PARADEEP(NL) - RVNL,Orissa",NL,,RAILWAYS,2011-04,1996-04,,301.64,,735.1,,,,2009-09,,2011-12,,,,0,0,,,,FR_APR_2011.pdf,Sector-Wise analysis of projects,43,251
FR_201104_252,,220100328,252,"TALCHER-BIMALAGARH(NL)(ECOR) - ECOR,Orissa",ECOR,,RAILWAYS,2011-04,2005-04,,726.96,810.78,810.78,,,72.76,,,2011-12,,,,0,0,,,,FR_APR_2011.pdf,Sector-Wise analysis of projects,43,252
FR_201104_253,,N22000107,253,"Ramanagram-Mysore doubling with electrification of - SWR,Karnataka",,,RAILWAYS,2011-04,2007-04,,482.0,,482.0,,,177.86,2013-03,,2011-12,,,,0,0,,,,FR_APR_2011.pdf,Sector-Wise analysis of projects,43,253
FR_201104_254,,220100197,254,"KANPUR-KASGANJ- MATHURA(GC),NER - NER,Uttar Pradesh",GC,,RAILWAYS,2011-04,1997-03,,395.0,1062.36,1577.46,,,1058.17,,,2012-02,,,,0,0,,,,FR_APR_2011.pdf,Sector-Wise analysis of projects,43,254
FR_201104_255,,N22000117,255,"Ghutiarisharif-Canning (ER) - ER,West Bengal",ER,,RAILWAYS,2011-04,2009-04,,189.97,,189.97,,,43.97,2011-12,,2012-02,,,,0,0,,,,FR_APR_2011.pdf,Sector-Wise analysis of projects,43,255
FR_201104_256,,220100106,256,"PEDAPALLI-KARIMNAGAR- NIZAMABAD NL(SCR) - SCR,Andhra Pradesh",SCR,,RAILWAYS,2011-04,1994-12,,124.43,407.78,617.63,,,469.21,,,2012-03,,,,0,0,,,,FR_APR_2011.pdf,Sector-Wise analysis of projects,43,256
FR_201104_257,,220100190,257,"KADUR-CHIKMAGALUR- SAKLESHPUR (NL),(SWR) - SWR,Karnataka",SWR,,RAILWAYS,2011-04,1996-04,,157.0,262.82,262.82,,,181.02,2012-03,,2012-03,,,,0,0,,,,FR_APR_2011.pdf,Sector-Wise analysis of projects,43,257
FR_201104_258,,220100194,258,"MUZAFFARPUR-SITAMARHI(NL),ECR - ECR,Bihar",NL,,RAILWAYS,2011-04,1997-04,,100.0,322.29,411.22,,,396.55,,,2012-03,,,,0,0,,,,FR_APR_2011.pdf,Sector-Wise analysis of projects,43,258
FR_201104_259,,220100240,259,"JAYANAGAR-DARBHANGA-NARKATIA GANJ(GC),ECR - ECR,Bihar",GC,,RAILWAYS,2011-04,1997-04,,233.0,335.77,903.56,,,517.88,,,2012-03,,,,0,0,,,,FR_APR_2011.pdf,Sector-Wise analysis of projects,43,259
FR_201104_260,,N22000002,260,"MANSI-PURNIA (EXTENSION OF MANSI-SAHARSA) GAN ECR - ECR,Bihar",EXTENSION OF MANSI-SAHARSA,,RAILWAYS,2011-04,1996-04,,114.01,283.95,427.89,,,331.59,2011-03,,2012-03,,,,0,0,,,,FR_APR_2011.pdf,Sector-Wise analysis of projects,43,260
FR_201104_261,,N22000052,261,"HARNOUT -SET.UP OF W/S TO UND. POH OF UP TO50 COAC - WS&PU,Bihar",,,RAILWAYS,2011-04,2003-04,,98.74,224.51,337.3,,,175.15,,,2012-03,,,,0,0,,,,FR_APR_2011.pdf,Sector-Wise analysis of projects,43,261
FR_201104_262,,N22000053,262,"CHHAPRA-SETTING UP OF WHEEL MANUFACTURING PLANT - WS&PU,Bihar",,,RAILWAYS,2011-04,2005-03,,470.09,1417.97,1417.97,,,813.57,,,2012-03,,,,0,0,,,,FR_APR_2011.pdf,Sector-Wise analysis of projects,43,262
FR_201104_263,,N22000075,263,"SALKA ROAD -ANUPNAGAR LINE DOUBLING - RVNL,Chhatisgarh",,,RAILWAYS,2011-04,2006-09,,324.9,,324.9,,,,2010-03,,2012-03,,,,0,0,,,,FR_APR_2011.pdf,Sector-Wise analysis of projects,43,263
FR_201104_264,,N22000083,264,"CONSTRUCTION OF NEW LINE FROM HARMATI-ITANAGAR/NAR - NEFR,Arunachal Pr.",,,RAILWAYS,2011-04,1996-09,,156.0,,254.29,,,160.86,,,2012-03,,,,0,0,,,,FR_APR_2011.pdf,Sector-Wise analysis of projects,43,264
FR_201104_265,,N22000094,265,"ELECTRIFICATION OF KHURJA- MEERUT-SAHARANPUR & G'BA - RE,Uttar Pradesh",,,RAILWAYS,2011-04,2008-02,,171.1,,171.1,,,74.98,2012-03,,2012-03,,,,0,0,,,,FR_APR_2011.pdf,Sector-Wise analysis of projects,43,265
FR_201104_266,,N22000095,266,"ELECTRIFICATION OF MORADABAD- ROZA - RE,Uttar Pradesh",,,RAILWAYS,2011-04,2004-12,,129.17,,220.0,,,165.75,2011-03,,2012-03,,,,0,0,,,,FR_APR_2011.pdf,Sector-Wise analysis of projects,43,266
FR_201104_267,,N22000106,267,"Sadulpur-Bikaner and Ratangarh- Degana Gauge Canves - NWR,Rajasthan",,,RAILWAYS,2011-04,2007-04,,643.36,,803.39,,,724.4,2011-03,,2012-03,,,,0,0,,,,FR_APR_2011.pdf,Sector-Wise analysis of projects,43,267
FR_201104_268,,N22000115,268,"Tinpahar - Sahibganj (ER) - ER,Jharkhandd",ER,,RAILWAYS,2011-04,2008-04,,167.73,,167.73,,,34.3,2012-03,,2012-03,,,,0,0,,,,FR_APR_2011.pdf,Sector-Wise analysis of projects,43,268
FR_201104_269,,N22000120,269,"Rattam-Mhow-Khandwa-Akola (GC) - WR,Madhya pradesh",GC,,RAILWAYS,2011-04,2008-04,,603.04,,603.04,,,27.61,2012-03,,2012-03,,,,0,0,,,,FR_APR_2011.pdf,Sector-Wise analysis of projects,43,269
FR_201104_270,,N22000123,270,"Bhuj-Naliya(GC) with extension from naliyate vayor - WR,Gujarat",GC,,RAILWAYS,2011-04,2008-04,,318.24,,318.24,,,0.13,2012-03,,2012-03,,,,0,0,,,,FR_APR_2011.pdf,Sector-Wise analysis of projects,43,270
FR_201104_271,,220100188,271,"NANGALDAM-TALWARA(NL),NR - (NR),Multi State",NR,,RAILWAYS,2011-04,1981-03,,37.68,450.0,730.0,,,316.65,2012-07,,2012-07,,,,0,0,,,,FR_APR_2011.pdf,Sector-Wise analysis of projects,44,271
FR_201104_272,,220100233,272,"CONV.OF 1500V DC TRACTION TO 25 KV AC,WR - RE,Maharashtra",,,RAILWAYS,2011-04,1996-07,,273.67,1160.52,1404.0,,,548.07,,,2012-12,,,,0,0,,,,FR_APR_2011.pdf,Sector-Wise analysis of projects,44,272
FR_201104_273,,220100241,273,"CHANDIGARH-LUDHIANA(NEW BG LINE),NR - (NR),Punjab",NR,,RAILWAYS,2011-04,1998-07,,248.44,576.27,1104.4,,,529.95,2012-12,,2012-12,,,,0,0,,,,FR_APR_2011.pdf,Sector-Wise analysis of projects,44,273
FR_201104_274,,220100277,274,"BANKURA - DAMODAR (GC) (SER) - SER,West Bengal",SER,,RAILWAYS,2011-04,1998-03,,111.9,,1211.22,,,377.28,2005-03,2008-12,2012-12,,,,0,0,,,,FR_APR_2011.pdf,Sector-Wise analysis of projects,44,274
FR_201104_275,,220100280,275,"JIND-SONEPAT (NL),NR - (NR),Haryana",NR,,RAILWAYS,2011-04,2004-01,,190.81,238.56,401.83,,,218.1,2012-03,,2012-12,,,,0,0,,,,FR_APR_2011.pdf,Sector-Wise analysis of projects,44,275
FR_201104_276,,220100304,276,"KOSI BRIDGE (NL), ECR - ECR,Bihar",NL,,RAILWAYS,2011-04,2002-04,,323.41,,341.41,,,205.61,,,2012-12,,,,0,0,,,,FR_APR_2011.pdf,Sector-Wise analysis of projects,44,276
FR_201104_277,,220100307,277,"RAIL-CUM-ROAD BRIDGE AT MUNGER (NL), ECR - ECR,Bihar",NL,,RAILWAYS,2011-04,2002-04,,921.0,,981.0,,,443.67,2009-03,,2012-12,,,,0,0,,,,FR_APR_2011.pdf,Sector-Wise analysis of projects,44,277
FR_201104_278,,220100308,278,"PATNA GANGA BRIDGE (NL), ECR - ECR,Bihar",NL,,RAILWAYS,2011-04,2001-04,,624.47,,1389.0,,,901.38,2007-10,,2012-12,,,,0,0,,,,FR_APR_2011.pdf,Sector-Wise analysis of projects,44,278
FR_201104_279,,N22000077,279,"BHOPAL BINA 3D LINE DOUBLING - RVNL,Madhya pradesh",,,RAILWAYS,2011-04,2007-09,,687.2,,687.2,,,,2010-03,,2012-12,,,,0,0,,,,FR_APR_2011.pdf,Sector-Wise analysis of projects,44,279
FR_201104_280,,N22000119,280,"Bandel-Naihati new rail bridge in replacement of j - ER,West Bengal",,,RAILWAYS,2011-04,1999-04,,207.52,,207.52,,,97.17,2012-12,,2012-12,,,,0,0,,,,FR_APR_2011.pdf,Sector-Wise analysis of projects,44,280
FR_201104_281,,220100062,281,"VIRAMGAM-BHILDI(WR),GC - WR,Multi State",WR,,RAILWAYS,2011-04,1990-04,,155.66,356.87,356.87,,,140.11,2013-03,,2013-03,,,,0,0,,,,FR_APR_2011.pdf,Sector-Wise analysis of projects,44,281
FR_201104_282,,220100184,282,"DAUSA-GANGAPUR CITY(NL),NWR - NWR,Rajasthan",NL,,RAILWAYS,2011-04,1997-02,,151.84,410.08,410.08,,,139.03,,,2013-03,,,,0,0,,,,FR_APR_2011.pdf,Sector-Wise analysis of projects,44,282
FR_201104_283,,220100315,283,"RANGIA-MURKONGSELEK, (GC) NEFR - NEFR,Multi State",GC,,RAILWAYS,2011-04,2004-01,,915.7,912.7,1556.23,,,572.8,,,2013-03,,,,0,0,,,,FR_APR_2011.pdf,Sector-Wise analysis of projects,44,283
FR_201104_284,,N22000121,284,"Ahmedabad-Himmatnagar-Udaipur (WR) - WR,Gujarat",WR,,RAILWAYS,2011-04,2008-04,,394.13,,350.81,,,,2013-03,,2013-03,,,,0,0,,,,FR_APR_2011.pdf,Sector-Wise analysis of projects,44,284
FR_201104_285,,N22000028,285,"EXT. OF MRTS FROM VELACHERY TO STN. THOMAS, MTP - MRTP,Tamil Nadu",,,RAILWAYS,2011-04,2006-04,,495.74,495.74,495.74,,,108.5,2013-06,,2013-06,,,,0,0,,,,FR_APR_2011.pdf,Sector-Wise analysis of projects,44,285
FR_201104_286,,N22000116,286,"Dakshin-barasat-lakshmikantapur (ER) - ER,West Bengal",ER,,RAILWAYS,2011-04,2009-04,,259.51,,259.51,,,50.71,2011-12,,2013-11,,,,0,0,,,,FR_APR_2011.pdf,Sector-Wise analysis of projects,44,286
FR_201104_287,,220100324,287,"CHHINDWARA - NAGPUR (GC)(SECR) - SECR,Madhya pradesh",SECR,,RAILWAYS,2011-04,2005-04,,383.79,,585.93,,,159.94,,,2013-12,,,,0,0,,,,FR_APR_2011.pdf,Sector-Wise analysis of projects,44,287
FR_201104_288,,N22000126,288,"Katakhal to Bhairabi - NEFR,Assam",,,RAILWAYS,2011-04,1998-04,,227.9,,227.9,,,80.73,2012-12,,2013-12,,,,0,0,,,,FR_APR_2011.pdf,Sector-Wise analysis of projects,44,288
FR_201104_289,,N22000127,289,"Lumding-silchar jiribam, badarpur- baraigram kumarghat - NEFR,Multi State",,,RAILWAYS,2011-04,1996-04,,1676.31,,4184.84,,,2634.72,2009-03,,2013-12,,,,0,0,,,,FR_APR_2011.pdf,Sector-Wise analysis of projects,44,289
FR_201104_290,,220100201,290,"RAIL-CUM-ROAD BRIDGE OVER RIVER BRAHAMAPUTRA BRIDG - NEFR,Assam",,,RAILWAYS,2011-04,1997-09,,1000.0,1500.0,3230.01,,,2171.12,2008-04,2014-03,2014-03,,,,0,0,,,,FR_APR_2011.pdf,Sector-Wise analysis of projects,44,290
FR_201104_291,,220100266,291,"NEW MAYNAGURI TO JOGIGHOPA VIA CHANGRABANDHA (NL), - NEFR,Multi State",NL,,RAILWAYS,2011-04,2000-04,,733.0,,1655.8,,,698.96,2008-12,,2014-03,,,,0,0,,,,FR_APR_2011.pdf,Sector-Wise analysis of projects,44,291
FR_201104_292,,N22000099,292,"AGARTALA SABROOM, NL, NEFR - NEFR,Tripura",,,RAILWAYS,2011-04,2008-04,,813.34,,1141.76,,,167.04,2014-03,,2014-03,,,,0,0,,,,FR_APR_2011.pdf,Sector-Wise analysis of projects,44,292
FR_201104_293,,N22000100,293,"BHAIRABI SAIRONG, NEFR - NEFR,Mizoram",,,RAILWAYS,2011-04,2008-04,,619.34,,2429.41,,,2.9,2014-04,,2014-03,,,,0,0,,,,FR_APR_2011.pdf,Sector-Wise analysis of projects,44,293
FR_201104_294,,N22000109,294,"New Work for Construction of Metro railway from Ba - RVNL,West Bengal",,,RAILWAYS,2011-04,2010-04,,2069.6,,2069.6,,,0.21,2014-03,,2014-03,,,,0,0,,,,FR_APR_2011.pdf,Sector-Wise analysis of projects,45,294
FR_201104_295,,N22000113,295,"Jaipur - Ringus - Churu and Sikar - Lohatu Guage C - NWR,Rajasthan",,,RAILWAYS,2011-04,2008-04,,653.19,,653.19,,,3.25,2014-03,,2014-03,,,,0,0,,,,FR_APR_2011.pdf,Sector-Wise analysis of projects,45,295
FR_201104_296,,N22000114,296,"Suratpura - Hanumangarh - Sriganganagar Guage Canv - NWR,Rajasthan",,,RAILWAYS,2011-04,2008-04,,516.23,,516.23,,,3.29,2014-03,,2014-03,,,,0,0,,,,FR_APR_2011.pdf,Sector-Wise analysis of projects,45,296
FR_201104_297,,N22000122,297,"Udhna-Jalgaon with electrification(doubling) (WR) - WR,Gujarat",WR,,RAILWAYS,2011-04,2008-04,,1389.62,,1389.62,,,137.87,2014-03,,2014-03,,,,0,0,,,,FR_APR_2011.pdf,Sector-Wise analysis of projects,45,297
FR_201104_298,,N22000088,298,"UTRATIA-ZAFRABAD, NR (LINE DOUBLING) - (NR),Uttar Pradesh",NR,,RAILWAYS,2011-04,2006-04,,325.0,,369.9,,,92.88,2010-03,2014-06,2014-06,,,,0,0,,,,FR_APR_2011.pdf,Sector-Wise analysis of projects,45,298
FR_201104_299,,220100303,299,"HAJIPUR-SUGAULI VIA VAISHALI (NL), ECR - ECR,Bihar",NL,,RAILWAYS,2011-04,2003-04,,324.66,,324.66,,,156.52,,,2015-03,,,,0,0,,,,FR_APR_2011.pdf,Sector-Wise analysis of projects,45,299
FR_201104_300,,N22000092,300,"MUMBAI URBAN TRANSPORT PROJECT PHASE-II, MTP - MRTP,Maharashtra",,,RAILWAYS,2011-04,2008-04,,5300.0,,5300.0,,,206.42,2014-03,,2015-03,,,,0,0,,,,FR_APR_2011.pdf,Sector-Wise analysis of projects,45,300
FR_201104_301,,N22000102,301,"SEVOK RANGPO, NEFR - NEFR,Sikkim",,,RAILWAYS,2011-04,2008-04,,1339.48,,3380.57,,,53.01,2015-12,,2015-03,,,,0,0,,,,FR_APR_2011.pdf,Sector-Wise analysis of projects,45,301
FR_201104_302,,N22000112,302,"Himmatnagar - Udaipur Gauge Canvession (NWR) - NWR,Rajasthan",NWR,,RAILWAYS,2011-04,2008-04,,829.74,,829.74,,,,2015-03,,2015-03,,,,0,0,,,,FR_APR_2011.pdf,Sector-Wise analysis of projects,45,302
FR_201104_303,,N22000124,303,"New Line from Dimapur to Zubza(Kohima) national pr - NEFR,Nagaland",Kohima,,RAILWAYS,2011-04,2006-04,,850.0,,850.0,,,7.98,2015-03,,2015-03,,,,0,0,,,,FR_APR_2011.pdf,Sector-Wise analysis of projects,45,303
FR_201104_304,,220100288,304,"JIRIBAM TO IMPHAL (TUPUI)(NL)(NEFR) - NEFR,Multi State",NEFR,,RAILWAYS,2011-04,2003-04,,727.56,727.53,3056.85,,,399.71,2011-03,2014-03,2016-03,,,,0,0,,,,FR_APR_2011.pdf,Sector-Wise analysis of projects,45,304
FR_201104_305,,N22000108,305,"New Work for Construction of Metro railway from No - RVNL,West Bengal",,,RAILWAYS,2011-04,2010-04,,2397.72,,2397.72,,,,2016-03,,2016-03,,,,0,0,,,,FR_APR_2011.pdf,Sector-Wise analysis of projects,45,305
FR_201104_306,,N22000110,306,"New Work for Construction of Metro railway from NS - RVNL,West Bengal",,,RAILWAYS,2011-04,2010-04,,3951.98,,3951.98,,,1.42,2016-03,,2016-03,,,,0,0,,,,FR_APR_2011.pdf,Sector-Wise analysis of projects,45,306
FR_201104_307,,N22000111,307,"New Work for Construction of Metro railway - RVNL,West Bengal",,,RAILWAYS,2011-04,2010-04,,2619.02,,2619.02,,,19.73,2016-03,,2016-03,,,,0,0,,,,FR_APR_2011.pdf,Sector-Wise analysis of projects,45,307
FR_201104_308,,220100133,308,"UDHAMPUR-SRINAGAR-BARAMULLA (NL),NR - (NR),J & K",NR,,RAILWAYS,2011-04,1995-03,,2500.0,8000.0,11270.0,,,7168.53,2001-03,,2017-12,,,,0,0,,,,FR_APR_2011.pdf,Sector-Wise analysis of projects,45,308
FR_201104_309,,220100009,309,"FREIGHT OPERATIONS INFORMATION SYSTEM (FOIS) - FOIS,Multi State",FOIS,,RAILWAYS,2011-04,1984-03,,520.0,422.79,634.13,,,480.19,1995-03,,,,,,0,0,,,,FR_APR_2011.pdf,Sector-Wise analysis of projects,45,309
FR_201104_310,,220100116,310,"RAJKOT-VERAVAL (GC) AND WANSJALIYA-JETALSAR GC AN - WR,Gujarat",GC,,RAILWAYS,2011-04,1992-04,,112.53,320.66,464.5,,,507.1,1996-03,2009-08,,,,,0,0,,,,FR_APR_2011.pdf,Sector-Wise analysis of projects,45,310
FR_201104_311,,220100135,311,"New BG line Rly line from Eklakhi- Balurghat includ - NEFR,West Bengal",,,RAILWAYS,2011-04,1983-04,,36.8,274.41,415.23,,,233.02,,,,,,,0,0,,,,FR_APR_2011.pdf,Sector-Wise analysis of projects,45,311
FR_201104_312,,220100151,312,"CALICUT-MANGALORE (DL) (SR) - SR,Multi State",SR,,RAILWAYS,2011-04,1996-02,,240.0,,579.37,,,590.76,,,,,,,0,0,,,,FR_APR_2011.pdf,Sector-Wise analysis of projects,45,312
FR_201104_313,,220100181,313,"AHMEDNAGAR-PARLI VAIJNATH(NL) CR - CR,Maharashtra",NL,,RAILWAYS,2011-04,1997-02,,353.08,462.67,1010.0,,,77.59,,,,,,,0,0,,,,FR_APR_2011.pdf,Sector-Wise analysis of projects,46,313
FR_201104_314,,220100183,314,"HASSAN-BANGALORE VIA SHRAVANA-BELGOLA(NL),SWR - SWR,Karnataka",NL,,RAILWAYS,2011-04,1997-02,,295.0,,412.91,,,453.52,,,,,,,0,0,,,,FR_APR_2011.pdf,Sector-Wise analysis of projects,46,314
FR_201104_315,,220100186,315,"GONDIA-JABALPUR(GC),(SECR) - SECR,Multi State",SECR,,RAILWAYS,2011-04,1997-02,,386.3,,1038.0,,,524.23,1998-03,,,,,,0,0,,,,FR_APR_2011.pdf,Sector-Wise analysis of projects,46,315
FR_201104_316,,220100191,316,"KARUR-SALEM(NL),SR - SR,Tamil Nadu",NL,,RAILWAYS,2011-04,1997-02,,155.55,,712.0,,,529.51,,,,,,,0,0,,,,FR_APR_2011.pdf,Sector-Wise analysis of projects,46,316
FR_201104_317,,220100193,317,"HUBLI-ANKOLA(NL),SWR - SWR,Karnataka",NL,,RAILWAYS,2011-04,1995-04,,227.0,,997.58,,,63.54,,,,,,,0,0,,,,FR_APR_2011.pdf,Sector-Wise analysis of projects,46,317
FR_201104_318,,220100205,318,"MUNEERABAD- MAHABOOBNAGAR(NL),SCR - SCR,Multi State",NL,,RAILWAYS,2011-04,1997-04,,218.24,377.32,497.47,,,81.02,,,,,,,0,0,,,,FR_APR_2011.pdf,Sector-Wise analysis of projects,46,318
FR_201104_319,,220100208,319,"HOWRAH-AMTA-CHAMPADANGA NL (SER) - SER,West Bengal",SER,,RAILWAYS,2011-04,1974-04,,31.42,154.3,499.16,,,130.92,2007-03,2007-03,,,,,0,0,,,,FR_APR_2011.pdf,Sector-Wise analysis of projects,46,319
FR_201104_320,,220100220,320,"MACHERLA-NALGONDA(NL)(SCR) - SCR,Andhra Pradesh",SCR,,RAILWAYS,2011-04,1998-07,,125.0,,363.26,,,0.27,2008-07,,,,,,0,0,,,,FR_APR_2011.pdf,Sector-Wise analysis of projects,46,320
FR_201104_321,,220100222,321,"KODERMA-RANCHI VIA BARKAKHANA (NL),ECR - ECR,Jharkhandd",NL,,RAILWAYS,2011-04,1999-03,,491.19,1099.2,1099.2,,,1001.04,2005-07,,,,,,0,0,,,,FR_APR_2011.pdf,Sector-Wise analysis of projects,46,321
FR_201104_322,,220100251,322,"VILLUPURAM-KATPADI (GC)(SR) - SR,Tamil Nadu",SR,,RAILWAYS,2011-04,2000-02,,175.0,,513.16,,,537.51,,,,,,,0,0,,,,FR_APR_2011.pdf,Sector-Wise analysis of projects,46,322
FR_201104_323,,220100252,323,"ANGAMALI-SABARIMALA (N.L.)(SR) - SR,Kerala",SR,,RAILWAYS,2011-04,1998-10,,550.0,,550.0,,,68.19,,,,,,,0,0,,,,FR_APR_2011.pdf,Sector-Wise analysis of projects,46,323
FR_201104_324,,220100257,324,"KHAGARIA-KUSHESHWAR ASTHAN (NL) (ECR) - ECR,Bihar",ECR,,RAILWAYS,2011-04,1997-04,,78.23,,162.87,,,86.25,,,,,,,0,0,,,,FR_APR_2011.pdf,Sector-Wise analysis of projects,46,324
FR_201104_325,,220100258,325,"JALANDHAR-PATHANKOT-JAMMU- TAWI (LD),NR - (NR),Multi State",NR,,RAILWAYS,2011-04,2002-03,,409.0,625.3,847.76,,,808.28,2007-06,,,,,,0,0,,,,FR_APR_2011.pdf,Sector-Wise analysis of projects,46,325
FR_201104_326,,220100260,326,"REINGUNTA-GUNTAKAL(RE) - RVNL,Andhra Pradesh",RE,,RAILWAYS,2011-04,2000-06,,168.34,,296.2,,,,2003-04,2010-03,,,,,0,0,,,,FR_APR_2011.pdf,Sector-Wise analysis of projects,46,326
FR_201104_327,,220100262,327,"TIRUCHIRAPPALI-NAGORE- KARAIKKAL(SR)(GC) - SR,Tamil Nadu",GC,,RAILWAYS,2011-04,1995-09,,100.0,,548.96,,,456.05,,,,,,,0,0,,,,FR_APR_2011.pdf,Sector-Wise analysis of projects,46,327
FR_201104_328,,220100265,328,"KOTLPALLI-NARASAPUR (NL) (SCR) - SCR,Andhra Pradesh",SCR,,RAILWAYS,2011-04,2001-12,,330.0,,695.0,,,9.44,,,,,,,0,0,,,,FR_APR_2011.pdf,Sector-Wise analysis of projects,46,328
FR_201104_329,,220100273,329,"DEOGHAR - SULTANGANJ (INL), ER - ER,Multi State",INL,,RAILWAYS,2011-04,2000-04,,138.0,519.67,607.09,,,293.52,2012-12,,,,,,0,0,,,,FR_APR_2011.pdf,Sector-Wise analysis of projects,46,329
FR_201104_330,,220100274,330,"BANGLORE - SATYAMANGALAM (NL)(SWR) - SWR,Karnataka",SWR,,RAILWAYS,2011-04,1999-02,,138.0,,901.62,,,0.29,,,,,,,0,0,,,,FR_APR_2011.pdf,Sector-Wise analysis of projects,46,330
FR_201104_331,,220100278,331,"HAPUR-KANKATHER (LD),NR - (NR),Uttar Pradesh",NR,,RAILWAYS,2011-04,2003-04,,106.64,106.64,166.61,,,147.21,2007-03,2008-05,,,,,0,0,,,,FR_APR_2011.pdf,Sector-Wise analysis of projects,46,331
FR_201104_332,,220100305,332,"KODERMA-TILAIYA (NL), ECR - ECR,Jharkhandd",NL,,RAILWAYS,2011-04,2002-04,,459.91,,418.17,,,69.85,,,,,,,0,0,,,,FR_APR_2011.pdf,Sector-Wise analysis of projects,46,332
FR_201104_333,,220100314,333,"RAMGANJMUNDI-BHOPAL (NL),WCR - WCR,Madhya pradesh",NL,,RAILWAYS,2011-04,2001-04,,727.13,727.13,1225.0,,,203.92,,,,,,,0,0,,,,FR_APR_2011.pdf,Sector-Wise analysis of projects,46,333
FR_201104_334,,220100323,334,"RUPSA-BANGRIPOSI (GC)(SER) - SER,Orissa",SER,,RAILWAYS,2011-04,1996-02,,57.94,,173.49,,,169.83,1998-03,2005-08,,,,,0,0,,,,FR_APR_2011.pdf,Sector-Wise analysis of projects,46,334
FR_201104_335,,220100325,335,"SUKINDA ROAD - ANGUL (NL)(ECOR) - RVNL,Orissa",ECOR,,RAILWAYS,2011-04,1998-04,,183.23,,638.0,,,,2015-02,,,,,,0,0,,,,FR_APR_2011.pdf,Sector-Wise analysis of projects,46,335
FR_201104_336,,N22000032,336,"MANOHARABAD-KOTHPALL NEW LINE(SCR) - SCR,Andhra Pradesh",SCR,,RAILWAYS,2011-04,2006-04,,378.56,671.82,791.6,,,0.74,,,,,,,0,0,,,,FR_APR_2011.pdf,Sector-Wise analysis of projects,47,336
FR_201104_337,,N22000045,337,"GOELKERA-MANOHARPUR,(LD)(SER) - SER,Jharkhandd",SER,,RAILWAYS,2011-04,1997-03,,186.92,,261.7,,,,2006-02,,,,,,0,0,,,,FR_APR_2011.pdf,Sector-Wise analysis of projects,47,337
FR_201104_338,,N22000049,338,"OBULAVARIPALLE- KRISHNAPATNAM(RVNL) - RVNL,Andhra Pradesh",RVNL,,RAILWAYS,2011-04,2006-07,,743.0,,732.8,,,,2008-03,2008-06,,,,,0,0,,,,FR_APR_2011.pdf,Sector-Wise analysis of projects,47,338
FR_201104_339,,N22000079,339,"MAYLADUTHURAI-THIRUVARUR- KARAIKUDI-THIRU 'PONDI'-A - SR,Tamil Nadu",,,RAILWAYS,2011-04,2007-09,,404.19,,900.0,,,150.81,,,,,,,0,0,,,,FR_APR_2011.pdf,Sector-Wise analysis of projects,47,339
FR_201104_340,,N22000080,340,"DINDIGUL-POLLACHI-PALGHAT- POLLACHI AND COIMBATORE - SR,Tamil Nadu",,,RAILWAYS,2011-04,2006-09,,343.17,,900.0,,,364.5,,,,,,,0,0,,,,FR_APR_2011.pdf,Sector-Wise analysis of projects,47,340
FR_201104_341,,N22000084,341,"TINDIVANAM-GINGEE- TIRUVANNAMALAI (NL) - SR,Tamil Nadu",NL,,RAILWAYS,2011-04,2006-09,,125.0,,227.4,,,20.4,,,,,,,0,0,,,,FR_APR_2011.pdf,Sector-Wise analysis of projects,47,341
FR_201104_342,,N22000085,342,"TIDIVANAM-NAGARI (NL) - SR,Tamil Nadu",NL,,RAILWAYS,2011-04,2006-09,,456.0,,582.83,,,73.17,,,,,,,0,0,,,,FR_APR_2011.pdf,Sector-Wise analysis of projects,47,342
FR_201104_343,,N22000087,343,"NEW B.G. LINE FROM ARARIA TO GALGALIA (THAKURGUNG) - NEFR,Bihar",THAKURGUNG,,RAILWAYS,2011-04,2006-09,,300.0,300.0,529.88,,,34.3,,,,,,,0,0,,,,FR_APR_2011.pdf,Sector-Wise analysis of projects,47,343
FR_201104_344,,N22000101,344,"KISHANGANJ JALALGARH, NEFR - NEFR,Bihar",,,RAILWAYS,2011-04,2008-04,,282.92,,359.86,,,0.71,,,,,,,0,0,,,,FR_APR_2011.pdf,Sector-Wise analysis of projects,47,344
FR_201104_345,,220100118,345,"AMRAVATI-NARKHER NL(CR) - CR,Maharashtra",CR,,RAILWAYS,2011-04,1994-06,,120.9,284.27,488.76,,,428.94,1999-06,2011-03,,,,,0,0,,,,FR_APR_2011.pdf,Sector-Wise analysis of projects,47,345
FR_201104_346,,220100164,346,"BELAPUR-SEAWOOD-URAN ELECTRIF-IED DOUBLE LINE(MTP) - MRTP,Maharashtra",MTP,,RAILWAYS,2011-04,1996-03,,401.81,495.44,495.44,,,163.2,2004-03,,,,,,0,0,,,,FR_APR_2011.pdf,Sector-Wise analysis of projects,47,346
FR_201104_347,,220100168,347,"MANDARHILL-DUMKA-RAMPURHAT (NL),ER - ER,Jharkhandd",NL,,RAILWAYS,2011-04,1995-04,,184.0,254.07,675.0,,,409.17,2011-12,,,,,,0,0,,,,FR_APR_2011.pdf,Sector-Wise analysis of projects,47,347
FR_201104_348,,220100185,348,"AJMER-UDAIPUR-CHITTAURGARH (GC),NWR - NWR,Rajasthan",GC,,RAILWAYS,2011-04,1996-09,,262.0,456.0,567.23,,,546.68,2010-11,,,,,,0,0,,,,FR_APR_2011.pdf,Sector-Wise analysis of projects,47,348
FR_201104_349,,220100187,349,"SURENDRANAGAR- BHAVNAGAR(GC),WR - WR,Gujarat",GC,,RAILWAYS,2011-04,1997-03,,437.4,589.86,563.25,,,544.24,2004-03,2010-03,,,,,0,0,,,,FR_APR_2011.pdf,Sector-Wise analysis of projects,47,349
FR_201104_350,,220100212,350,"KOTTUR-HARIHAR(NL),(SWR) - SWR,Karnataka",SWR,,RAILWAYS,2011-04,1995-04,,65.94,281.2,281.2,,,325.54,2011-03,,,,,,0,0,,,,FR_APR_2011.pdf,Sector-Wise analysis of projects,47,350
FR_201104_351,,220100214,351,"RANCHI-LOHARDAGA(GC),SER - SER,Jharkhandd",GC,,RAILWAYS,2011-04,1997-04,,194.07,,456.45,,,263.34,2004-06,2005-04,,,,,0,0,,,,FR_APR_2011.pdf,Sector-Wise analysis of projects,47,351
FR_201104_352,,220100232,352,"LALITPUR-SATNA-REWA-SINGRULI NL, (NCR) - NCR,Multi State",NCR,,RAILWAYS,2011-04,1998-09,,925.0,,925.0,,,492.1,2008-05,2011-03,2011-03,,,,0,0,,,,FR_APR_2011.pdf,Sector-Wise analysis of projects,47,352
FR_201104_353,,220100243,353,"AGRA-ETAWAH VIA FATEBAD & BAD (NL),NCR - NCR,Uttar Pradesh",NL,,RAILWAYS,2011-04,1999-04,,108.0,214.09,227.08,,,214.15,2009-12,2011-03,,,,,0,0,,,,FR_APR_2011.pdf,Sector-Wise analysis of projects,47,353
FR_201104_354,,220100247,354,"KATIHAR - JOGBANI (GC)(NEFR) - NEFR,Multi State",NEFR,,RAILWAYS,2011-04,2001-09,,100.0,492.98,744.69,,,708.53,2010-12,,,,,,0,0,,,,FR_APR_2011.pdf,Sector-Wise analysis of projects,47,354
FR_201104_355,,220100255,355,"GONDA-GORAKHPUR LOOP WITH ANAND NAGAR-NAUTANWA GC (NER) - NER,Uttar Pradesh",NER,,RAILWAYS,2011-04,2002-03,,381.17,863.23,863.23,,,287.38,,,,,,,0,0,,,,FR_APR_2011.pdf,Sector-Wise analysis of projects,47,355
FR_201104_356,,220100256,356,"KAPTANGANJ-THAWE-SIWAN- CHHAPRA GC (NER) - NER,Multi State",NER,,RAILWAYS,2011-04,1999-04,,323.4,,522.56,,,239.95,,,,,,,0,1,,,,FR_APR_2011.pdf,Sector-Wise analysis of projects,48,356
FR_201104_357,,220100263,357,"QUILON-TIRUNELVELI-TENKASI- VIRUDHUNAGAR(SR)(GC) - SR,Multi State",GC,,RAILWAYS,2011-04,1998-03,,280.0,,1029.0,,,657.58,,,2013-03,,,,0,0,,,,FR_APR_2011.pdf,Sector-Wise analysis of projects,48,357
FR_201104_358,,220100264,358,"DEOGHAR-DUMKA NEW BG LINE (DOUBL.)(ER) - ER,Jharkhandd",ER,,RAILWAYS,2011-04,1999-02,,180.73,,358.0,,,347.43,2006-12,2011-02,,,,,0,0,,,,FR_APR_2011.pdf,Sector-Wise analysis of projects,48,358
FR_201104_359,,220100268,359,"TOLLYGANJ-GARIA with extension to Dum Dum-Naopara - MRTP,West Bengal",,,RAILWAYS,2011-04,2000-03,,907.69,1032.76,2812.07,,,2708.44,2006-12,2010-08,,,,,0,0,,,,FR_APR_2011.pdf,Sector-Wise analysis of projects,48,359
FR_201104_360,,220100270,360,"GADWAL - RAICHUR (NL), SCR - SCR,Multi State",NL,,RAILWAYS,2011-04,1998-04,,92.63,108.91,228.09,,,224.82,2011-02,,,,,,0,0,,,,FR_APR_2011.pdf,Sector-Wise analysis of projects,48,360
FR_201104_361,,220100272,361,"TARAKESWAR - BISHNUPUR NEW BG LINE (NL), ER - ER,West Bengal",NL,,RAILWAYS,2011-04,2000-04,,157.96,762.33,762.33,,,358.14,2009-12,,,,,,0,0,,,,FR_APR_2011.pdf,Sector-Wise analysis of projects,48,361
FR_201104_362,,220100279,362,"REWARI-ROHTAK (NL),NR - (NR),Haryana",NR,,RAILWAYS,2011-04,2004-01,,149.38,330.23,475.28,,,450.62,2010-02,2011-02,,,,,0,0,,,,FR_APR_2011.pdf,Sector-Wise analysis of projects,48,362
FR_201104_363,,220100306,363,"KODERMA GIRIDH (NL), ECR - ECR,Jharkhandd",NL,,RAILWAYS,2011-04,1996-04,,371.36,,452.35,,,342.1,,,,,,,0,0,,,,FR_APR_2011.pdf,Sector-Wise analysis of projects,48,363
FR_201104_364,,220100313,364,"SRIGANGANAGAR-SARUPSAR (GC), NWR - NWR,Rajasthan",GC,,RAILWAYS,2011-04,2001-04,,143.92,258.6,258.6,,,93.38,2011-03,,,,,,0,0,,,,FR_APR_2011.pdf,Sector-Wise analysis of projects,48,364
FR_201104_365,,220100316,365,"MAHARAJGANJ-MASRAKH (NL) - NER - NER,Bihar",NL,,RAILWAYS,2011-04,2003-04,,218.19,,218.19,,,63.42,,,,,,,0,0,,,,FR_APR_2011.pdf,Sector-Wise analysis of projects,48,365
FR_201104_366,,220100319,366,"HATHUA-BHATNI (N L) (NER) - NER,Multi State",NER,,RAILWAYS,2011-04,2005-04,,230.03,,230.03,,,126.8,,,,,,,0,0,,,,FR_APR_2011.pdf,Sector-Wise analysis of projects,48,366
FR_201104_367,,220100322,367,"PRATAPNAGAR-CHOTA UDAIPUR (GC) (WR) - WR,Gujarat",WR,,RAILWAYS,2011-04,2005-04,,148.61,,227.52,,,256.07,2008-03,2010-10,,,,,0,0,,,,FR_APR_2011.pdf,Sector-Wise analysis of projects,48,367
FR_201104_368,,N22000056,368,"SHIMOGA-TALAGUPPA (SWR), GC - SWR,Karnataka",SWR,,RAILWAYS,2011-04,1992-12,,46.0,218.0,218.0,,,247.31,2011-02,,,,,,0,0,,,,FR_APR_2011.pdf,Sector-Wise analysis of projects,48,368
FR_201104_369,,N22000086,369,"NEW B.G. LINE FROM TETELIA TO BYRNIHAT (NATIONAL P - NEFR,Assam",,,RAILWAYS,2011-04,2006-09,,200.0,,384.04,,,46.05,,,,,,,0,0,,,,FR_APR_2011.pdf,Sector-Wise analysis of projects,48,369
FR_201104_370,,N22000091,370,"BARDHAMAN-KATWA, ER (GC) - ER,West Bengal",GC,,RAILWAYS,2011-04,2007-04,,245.15,,245.15,,,130.15,2010-12,2011-03,,,,,0,0,,,,FR_APR_2011.pdf,Sector-Wise analysis of projects,48,370
FR_201104_371,,N22000096,371,"RAJPIPLA-ANKELASHWAR, WR (GC) - WR,Gujarat",GC,,RAILWAYS,2011-04,2006-04,,196.97,,196.97,,,142.15,2011-03,,,,,,0,0,,,,FR_APR_2011.pdf,Sector-Wise analysis of projects,48,371
FR_201104_372,,N22000118,372,"Pandabeswar-Chinpai doubling (ER) - ER,West Bengal",ER,,RAILWAYS,2011-04,2004-04,,225.68,,225.68,,,121.84,2010-12,,,,,,0,0,,,,FR_APR_2011.pdf,Sector-Wise analysis of projects,48,372
FR_201104_373,,N22000125,373,"Bhavnagar-workshop facilities for 50 BG coaches PO - WR,Gujarat Total",,,RAILWAYS,2011-04,2006-04,,117.36,196.95,196.95,,,166.1,2011-03,2011-03,2011-03,,,,0,0,,,,FR_APR_2011.pdf,Sector-Wise analysis of projects,48,373
FR_201104_374,,240106223,374,"MEHSI TO KOTWA (LMNHP-II), PH.II, KM.480 TO KM.440, NH-28 - NHAI,Bihar",LMNHP-II,,ROAD TRANSPORT & HIGHWAYS,2011-04,2003-12,,239.0,,239.0,,,317.6,2005-07,,2011-04,,,,0,0,,,,FR_APR_2011.pdf,Sector-Wise analysis of projects,48,374
FR_201104_375,,240103191,375,"PURNEA-GOYAKOTA SEC.(EW) (NS & EW-PH-I) KM.419-KM.447, NH-31 - NHAI,Bihar",NS & EW-PH-I,,ROAD TRANSPORT & HIGHWAYS,2011-04,2000-04,,205.73,,205.73,,,247.7,2004-07,,2011-05,,,,0,0,,,,FR_APR_2011.pdf,Sector-Wise analysis of projects,48,375
FR_201104_376,,240106203,376,"IMPROVEMENT OF ACCESS OF GQ WITHIN CHENNAI CITY(NHAI) OTHERS - NHAI,Tamil Nadu",NHAI,,ROAD TRANSPORT & HIGHWAYS,2011-04,2003-12,,210.0,,210.0,,,672.3,2007-04,,2011-05,,,,0,0,,,,FR_APR_2011.pdf,Sector-Wise analysis of projects,49,376
FR_201104_377,,240106262,377,"GONDE-VADAPE(THANE), NH-3, KM.440/000 TO KM.539/500 - NHAI,Maharashtra",THANE,,ROAD TRANSPORT & HIGHWAYS,2011-04,2005-03,,579.0,,579.0,,,765.9,2009-04,,2011-05,,,,0,0,,,,FR_APR_2011.pdf,Sector-Wise analysis of projects,49,377
FR_201104_378,,240106276,378,"MADURAI-ARUPKOTTAI-TUTICORIN, KM.138.8 TO KM.264.5, NH-45 B - NHAI,Tamil Nadu",,,ROAD TRANSPORT & HIGHWAYS,2011-04,2005-03,,629.0,,629.0,,,910.0,2010-11,,2011-05,,,,0,0,,,,FR_APR_2011.pdf,Sector-Wise analysis of projects,49,378
FR_201104_379,,240106289,379,"NAGAON BYPASS (NH-37)(NHAI) - NHAI,Assam",NHAI,,ROAD TRANSPORT & HIGHWAYS,2011-04,2003-12,,230.0,,230.0,,,312.0,2008-06,,2011-05,,,,0,0,,,,FR_APR_2011.pdf,Sector-Wise analysis of projects,49,379
FR_201104_380,,240106291,380,"KASIA TO GORAKHPUR (NH- 28)(NHAI) - NHAI,Uttar Pradesh",NHAI,,ROAD TRANSPORT & HIGHWAYS,2011-04,2003-12,,242.0,,242.0,,,362.7,2008-12,,2011-05,,,,0,0,,,,FR_APR_2011.pdf,Sector-Wise analysis of projects,49,380
FR_201104_381,,240106297,381,"KOTA BYPASS,RJ-4, NH-76 (NHAI) - NHAI,Rajasthan",NHAI,,ROAD TRANSPORT & HIGHWAYS,2011-04,2003-12,,275.0,,250.39,,,275.3,2008-10,,2011-05,,,,0,0,,,,FR_APR_2011.pdf,Sector-Wise analysis of projects,49,381
FR_201104_382,,N24000037,382,"THRISSUR TO ANGAMALI (NH-47) - NHAI,Kerala",NH-47,,ROAD TRANSPORT & HIGHWAYS,2011-04,2003-12,,312.5,,312.5,,,592.1,2009-03,,2011-05,,,,0,0,,,,FR_APR_2011.pdf,Sector-Wise analysis of projects,49,382
FR_201104_383,,N24000097,383,"JHANSI TO LALITPUR, NH-26 - NHAI,Uttar Pradesh",,,ROAD TRANSPORT & HIGHWAYS,2011-04,2003-12,,276.09,,276.09,,,294.9,2009-09,,2011-05,,,,0,0,,,,FR_APR_2011.pdf,Sector-Wise analysis of projects,49,383
FR_201104_384,,N24000099,384,"TRICHY - DINDIGUAL NH-45 - NHAI,Tamil Nadu",,,ROAD TRANSPORT & HIGHWAYS,2011-04,2005-03,,576.0,,576.0,,,614.0,2010-07,,2011-05,,,,0,0,,,,FR_APR_2011.pdf,Sector-Wise analysis of projects,49,384
FR_201104_385,,N24000100,385,"PONDICHERY - TINDIVANAU NH-66 - NHAI,Tamil Nadu",,,ROAD TRANSPORT & HIGHWAYS,2011-04,2005-03,,285.0,,285.0,,,355.8,2010-07,,2011-05,,,,0,0,,,,FR_APR_2011.pdf,Sector-Wise analysis of projects,49,385
FR_201104_386,,N24000117,386,"ZIRAKPUR(HARYANA) - PARWANOO(HIMACHAL PRADESH) - NHAI,Multi State",HIMACHAL PRADESH,,ROAD TRANSPORT & HIGHWAYS,2011-04,2008-02,,295.0,,295.0,,,622.9,2010-08,,2011-05,,,,0,0,,,,FR_APR_2011.pdf,Sector-Wise analysis of projects,49,386
FR_201104_387,,N24000119,387,"KALGHAT-MP/MAHARASHTRA BORDER KM 16.6-84.70 - NHAI,Madhya pradesh",,,ROAD TRANSPORT & HIGHWAYS,2011-04,2008-11,,549.0,,549.0,,,815.0,2010-05,,2011-05,,,,0,0,,,,FR_APR_2011.pdf,Sector-Wise analysis of projects,49,387
FR_201104_388,,N24000122,388,"DELHI/ HARYANA BORDER TO ROHTAK - NHAI,Haryana",,,ROAD TRANSPORT & HIGHWAYS,2011-04,2007-04,,486.0,,486.0,,,508.9,2010-05,,2011-05,,,,0,0,,,,FR_APR_2011.pdf,Sector-Wise analysis of projects,49,388
FR_201104_389,,240101132,389,"HAVERI-HARIHAR (GQ) KM.340- KM.284 (NH-4) - NHAI,Karnataka",NH-4,,ROAD TRANSPORT & HIGHWAYS,2011-04,2000-04,,241.0,,196.65,,,135.4,2004-08,,2011-06,,,,0,0,,,,FR_APR_2011.pdf,Sector-Wise analysis of projects,49,389
FR_201104_390,,240101133,390,"HARIHAR-CHITRADURGA (GQ) KM.284-KM.207 (NH-4) - NHAI,Karnataka",NH-4,,ROAD TRANSPORT & HIGHWAYS,2011-04,2000-04,,318.0,,207.56,,,145.22,2004-08,,2011-06,,,,0,0,,,,FR_APR_2011.pdf,Sector-Wise analysis of projects,49,390
FR_201104_391,,240104196,391,"HALDIA PORT (PORT CONNECTIVITY) (NH-41) - NHAI,West Bengal",NH-41,,ROAD TRANSPORT & HIGHWAYS,2011-04,2000-04,,273.0,,522.0,,,465.7,2005-03,,2011-06,,,,0,0,,,,FR_APR_2011.pdf,Sector-Wise analysis of projects,49,391
FR_201104_392,,240106204,392,"GARHMUKTESHWAR-MURADABAD (NHAI) OTHERS KM.93-149.25, NH-24 - NHAI,Uttar Pradesh",NHAI,,ROAD TRANSPORT & HIGHWAYS,2011-04,2003-12,,275.0,,275.0,,,288.0,2007-09,,2011-06,,,,0,0,,,,FR_APR_2011.pdf,Sector-Wise analysis of projects,49,392
FR_201104_393,,240106205,393,"HAPUR-GARHMUKTESWAR (OTHERS) KM.58-93, NH-24 - NHAI,Uttar Pradesh",OTHERS,,ROAD TRANSPORT & HIGHWAYS,2011-04,2005-03,,220.0,,220.0,,,208.3,2007-09,,2011-06,,,,0,0,,,,FR_APR_2011.pdf,Sector-Wise analysis of projects,49,393
FR_201104_394,,240106216,394,"GAGODHAR-GARAMORE(PK-IV,NH15) KM 245 TO 281.3 AND 308 TO 254 - NHAI,Gujarat","PK-IV,NH15",,ROAD TRANSPORT & HIGHWAYS,2011-04,2003-12,,412.78,,479.54,,,435.8,2007-11,,2011-06,,,,0,0,,,,FR_APR_2011.pdf,Sector-Wise analysis of projects,49,394
FR_201104_395,,240106222,395,"AYODHYA - LUCKNOW (LMNHP-I) NH- 28, KM.45 TO KM.8.2 - NHAI,Uttar Pradesh",LMNHP-I,,ROAD TRANSPORT & HIGHWAYS,2011-04,2003-12,,193.0,,193.0,,,321.1,2008-10,,2011-06,,,,0,0,,,,FR_APR_2011.pdf,Sector-Wise analysis of projects,49,395
FR_201104_396,,240106225,396,"AYODHYA - LUCKNOW (LMNHP-II) KM.93.075 TO KM.45, NH-28 - NHAI,Uttar Pradesh",LMNHP-II,,ROAD TRANSPORT & HIGHWAYS,2011-04,2003-12,,217.0,,217.0,,,345.4,2008-10,,2011-06,,,,0,0,,,,FR_APR_2011.pdf,Sector-Wise analysis of projects,50,396
FR_201104_397,,240106235,397,"VIJAYAPUR TO PATHANKOT (J&K) NH-1A KM.16.35 TO KM.50.00 - NHAI,J & K",J&K,,ROAD TRANSPORT & HIGHWAYS,2011-04,2003-12,,193.09,,166.3,,,167.6,2008-03,,2011-06,,,,0,0,,,,FR_APR_2011.pdf,Sector-Wise analysis of projects,50,397
FR_201104_398,,240106236,398,"VIJAYAPUR TO PATHANKOT (NS- 35/J&K) NH-1A KM.50 TO KM.80 - NHAI,J & K",NS- 35/J&K,,ROAD TRANSPORT & HIGHWAYS,2011-04,2003-12,,166.27,,193.1,,,136.9,2008-03,,2011-06,,,,0,0,,,,FR_APR_2011.pdf,Sector-Wise analysis of projects,50,398
FR_201104_399,,240106243,399,"KOTWA TO DEWAPUR(10 LMNHP),NH-28 PHASE-II, KM.440 TO KM.402 - NHAI,Bihar",10 LMNHP,,ROAD TRANSPORT & HIGHWAYS,2011-04,2003-12,,240.0,,240.0,,,240.9,2008-10,,2011-06,,,,0,0,,,,FR_APR_2011.pdf,Sector-Wise analysis of projects,50,399
FR_201104_400,,240106246,400,"GORAKHPUR-AYODHYA (LMNHP- 5),NH-28, KM.208.00 TO KM.164.00 - NHAI,Uttar Pradesh",LMNHP- 5,,ROAD TRANSPORT & HIGHWAYS,2011-04,2003-12,,227.0,,227.0,,,352.9,2008-10,,2011-06,,,,0,0,,,,FR_APR_2011.pdf,Sector-Wise analysis of projects,50,400
FR_201104_401,,240106250,401,"ORAI TO JHANSI (UP-5),NH-25, KM.220.0 TO KM.170.0 - NHAI,Uttar Pradesh",UP-5,,ROAD TRANSPORT & HIGHWAYS,2011-04,2003-12,,340.68,,340.68,,,336.8,2008-03,,2011-06,,,,0,0,,,,FR_APR_2011.pdf,Sector-Wise analysis of projects,50,401
FR_201104_402,,240106256,402,"MEERUT-MUZAFFARNAGAR, NH-58 PHASE-III, KM.52.25 TO KM.131.00 - NHAI,Uttar Pradesh",,,ROAD TRANSPORT & HIGHWAYS,2011-04,2005-03,,359.0,,359.0,,,772.8,2009-03,,2011-06,,,,0,0,,,,FR_APR_2011.pdf,Sector-Wise analysis of projects,50,402
FR_201104_403,,240106260,403,"AURANG-RAIPUR, NH-6, KM.232 TO KM.281 - NHAI,Chhatisgarh",,,ROAD TRANSPORT & HIGHWAYS,2011-04,2005-03,,190.0,,190.0,,,227.0,2009-01,,2011-06,,,,0,0,,,,FR_APR_2011.pdf,Sector-Wise analysis of projects,50,403
FR_201104_404,,240106292,404,"UP/BIHAR BORDER TO KASIA (NH- 28)(NHAI) - NHAI,Uttar Pradesh",NHAI,,ROAD TRANSPORT & HIGHWAYS,2011-04,2003-12,,227.0,,227.0,,,350.7,2008-12,,2011-06,,,,0,0,,,,FR_APR_2011.pdf,Sector-Wise analysis of projects,50,404
FR_201104_405,,240106294,405,"FORBESGANJ TO SIMRAHI (NH- 57)(NHAI) - NHAI,Bihar",NHAI,,ROAD TRANSPORT & HIGHWAYS,2011-04,2003-12,,332.94,,332.94,,,248.8,2008-09,,2011-06,,,,0,0,,,,FR_APR_2011.pdf,Sector-Wise analysis of projects,50,405
FR_201104_406,,240106299,406,"LALITPUR TO SAGAR, NH-26 (NHAI) - NHAI,Madhya pradesh",NHAI,,ROAD TRANSPORT & HIGHWAYS,2011-04,2003-12,,198.0,,198.0,,,170.1,2008-11,,2011-06,,,,0,0,,,,FR_APR_2011.pdf,Sector-Wise analysis of projects,50,406
FR_201104_407,,240106304,407,"RAJMARG CHORAHA TO LAKHNANDON,KM 297 TO KM 351, NH-26 (NHAI) - NHAI,Madhya pradesh",NHAI,,ROAD TRANSPORT & HIGHWAYS,2011-04,2003-12,,251.03,,251.03,,,247.2,2008-10,,2011-06,,,,0,0,,,,FR_APR_2011.pdf,Sector-Wise analysis of projects,50,407
FR_201104_408,,240106305,408,"RAJMARG CHORAHA TO LAKHNANDON,KM 351 TO KM 405.7, NH-26 (NHA - NHAI,Madhya pradesh",,,ROAD TRANSPORT & HIGHWAYS,2011-04,2003-12,,229.91,,229.91,,,197.6,2008-10,,2011-06,,,,0,0,,,,FR_APR_2011.pdf,Sector-Wise analysis of projects,50,408
FR_201104_409,,N24000030,409,"RINGBUNDS TO JHAJHANPUR (BR-6) - NHAI,Bihar",BR-6,,ROAD TRANSPORT & HIGHWAYS,2011-04,2003-12,,340.0,,340.0,,,535.1,2008-06,,2011-06,,,,0,0,,,,FR_APR_2011.pdf,Sector-Wise analysis of projects,50,409
FR_201104_410,,N24000036,410,"SITAPUR-LUCKNOW - NHAI,Uttar Pradesh",,,ROAD TRANSPORT & HIGHWAYS,2011-04,2005-03,,322.0,,322.0,,,553.7,2009-06,,2011-06,,,,0,0,,,,FR_APR_2011.pdf,Sector-Wise analysis of projects,50,410
FR_201104_411,,N24000057,411,"GANJAM-ICCHAPURUM,NH-5(NHAI) - NHAI,Orissa",NHAI,,ROAD TRANSPORT & HIGHWAYS,2011-04,2000-04,,263.27,,263.27,,,242.3,2004-02,,2011-06,,,,0,0,,,,FR_APR_2011.pdf,Sector-Wise analysis of projects,50,411
FR_201104_412,,N24000085,412,"GORAKHPUR BYPASS, NH-28, PHASE-II EAST-WEST CORRID - NHAI,Uttar Pradesh",,,ROAD TRANSPORT & HIGHWAYS,2011-04,2003-12,,600.24,,600.24,,,645.9,2009-10,,2011-06,,,,0,0,,,,FR_APR_2011.pdf,Sector-Wise analysis of projects,50,412
FR_201104_413,,N24000087,413,"KURALI-KIRATPUR, NH-21 - NHAI,Punjab",,,ROAD TRANSPORT & HIGHWAYS,2011-04,2005-03,,309.0,,309.0,,,553.6,2010-06,,2011-06,,,,0,0,,,,FR_APR_2011.pdf,Sector-Wise analysis of projects,50,413
FR_201104_414,,N24000089,414,"GWALIOR-JHANSI, NH-75 - NHAI,Multi State",,,ROAD TRANSPORT & HIGHWAYS,2011-04,2003-12,,604.0,,604.0,,,411.9,2009-12,,2011-06,,,,0,0,,,,FR_APR_2011.pdf,Sector-Wise analysis of projects,50,414
FR_201104_415,,N24000096,415,"JHANSI TO LALITPUR, NH-25,26 - NHAI,Uttar Pradesh",,,ROAD TRANSPORT & HIGHWAYS,2011-04,2003-12,,355.06,,355.06,,,294.4,2009-09,,2011-06,,,,0,0,,,,FR_APR_2011.pdf,Sector-Wise analysis of projects,50,415
FR_201104_416,,N24000101,416,"TRICHY - KORUR NH-67 - NHAI,Tamil Nadu",,,ROAD TRANSPORT & HIGHWAYS,2011-04,2005-03,,516.0,,516.0,,,548.7,2010-07,,2011-06,,,,0,0,,,,FR_APR_2011.pdf,Sector-Wise analysis of projects,51,416
FR_201104_417,,N24000102,417,"SALEM - U / UNDRUPET(BOT -1/TN- 06) NH -68 - NHAI,Tamil Nadu",BOT -1/TN- 06,,ROAD TRANSPORT & HIGHWAYS,2011-04,2005-03,,941.0,,941.0,,,1803.0,2011-01,,2011-06,,,,0,0,,,,FR_APR_2011.pdf,Sector-Wise analysis of projects,51,417
FR_201104_418,,N24000103,418,"NEELAMANGALAR JUNCTION ON NH- 4 SMITH NH-48 TO DEVI - NHAI,Karnataka",,,ROAD TRANSPORT & HIGHWAYS,2011-04,2005-03,,441.0,,441.0,,,802.7,2010-07,,2011-06,,,,0,0,,,,FR_APR_2011.pdf,Sector-Wise analysis of projects,51,418
FR_201104_419,,N24000106,419,"BANGLORE - HOSKOTE MUDBOGAL SECTION NH-4 - NHAI,Karnataka",,,ROAD TRANSPORT & HIGHWAYS,2011-04,2005-03,,565.0,,565.0,,,1060.0,2010-07,,2011-06,,,,0,0,,,,FR_APR_2011.pdf,Sector-Wise analysis of projects,51,419
FR_201104_420,,N24000116,420,"BALASORE BHADRAK (REVIVED) KM 136.5 - 199.14 NH-5 - NHAI,Orissa",REVIVED,,ROAD TRANSPORT & HIGHWAYS,2011-04,2000-04,,228.7,,228.7,,,132.29,2004-02,,2011-06,,,,0,0,,,,FR_APR_2011.pdf,Sector-Wise analysis of projects,51,420
FR_201104_421,,N24000118,421,"END OF DURG BYPASS- CHHATISGARH/MAHARASHTRA BORDER - NHAI,Chhatisgarh",,,ROAD TRANSPORT & HIGHWAYS,2011-04,2008-01,,464.0,,464.0,,,419.9,2011-01,,2011-06,,,,0,0,,,,FR_APR_2011.pdf,Sector-Wise analysis of projects,51,421
FR_201104_422,,240106300,422,"LALITPUR TO SAGAR KM 132 TO KM 187, NH-26 (NHAI) - NHAI,Madhya pradesh",NHAI,,ROAD TRANSPORT & HIGHWAYS,2011-04,2003-12,,225.0,,225.0,,,236.4,2008-10,,2011-07,,,,0,0,,,,FR_APR_2011.pdf,Sector-Wise analysis of projects,51,422
FR_201104_423,,N24000040,423,"NEW MANGALORE PORT NH-17 AND 48 - NHAI,Karnataka",,,ROAD TRANSPORT & HIGHWAYS,2011-04,2000-04,,196.5,,196.5,,,221.2,2008-06,,2011-07,,,,0,0,,,,FR_APR_2011.pdf,Sector-Wise analysis of projects,51,423
FR_201104_424,,N24000055,424,"NAGPUR-KONDHALI,NH-6(NHAI) - NHAI,Maharashtra",NHAI,,ROAD TRANSPORT & HIGHWAYS,2011-04,2005-03,,168.0,,168.0,,,385.3,2008-12,,2011-08,,,,0,0,,,,FR_APR_2011.pdf,Sector-Wise analysis of projects,51,424
FR_201104_425,,N24000131,425,"Surat- Dahisar(Six Lane) Km 263 to Km 502 - NHAI,Multi State",Six Lane,,ROAD TRANSPORT & HIGHWAYS,2011-04,2009-02,,1693.75,,1693.75,,,2258.0,2011-08,,2011-08,,,,0,0,,,,FR_APR_2011.pdf,Sector-Wise analysis of projects,51,425
FR_201104_426,,N24000045,426,"ASSAM/WB BORDER TO GAIRKATTA (WB-1) - NHAI,West Bengal",WB-1,,ROAD TRANSPORT & HIGHWAYS,2011-04,2003-12,,221.82,,221.82,,,212.7,2008-11,,2011-09,,,,0,0,,,,FR_APR_2011.pdf,Sector-Wise analysis of projects,51,426
FR_201104_427,,240101153,427,"SUNAKHALA-GANJAM (GQ) KM.338- KM.284 (NH-5) - NHAI,Orissa",NH-5,,ROAD TRANSPORT & HIGHWAYS,2011-04,2000-04,,225.0,,241.53,,,60.78,2004-04,,2011-10,,,,0,0,,,,FR_APR_2011.pdf,Sector-Wise analysis of projects,51,427
FR_201104_428,,240106288,428,"DAKOBA TO NAGAON (NH-36)(NHAI) - NHAI,Assam",NHAI,,ROAD TRANSPORT & HIGHWAYS,2011-04,2003-12,,225.0,,225.0,,,238.9,2008-06,,2011-10,,,,0,0,,,,FR_APR_2011.pdf,Sector-Wise analysis of projects,51,428
FR_201104_429,,N24000129,429,"Chennai-Tada(Six lane) - NHAI,Tamil Nadu",Six lane,,ROAD TRANSPORT & HIGHWAYS,2011-04,2009-04,,353.37,,353.37,,,171.5,2011-10,,2011-10,,,,0,0,,,,FR_APR_2011.pdf,Sector-Wise analysis of projects,51,429
FR_201104_430,,N24000132,430,"Chilkaluripet-Vijaywada 6 lane (km 355 to Km 434.1) - NHAI,Andhra Pradesh",km 355 to Km 434.1,,ROAD TRANSPORT & HIGHWAYS,2011-04,2009-05,,572.3,,572.3,,,498.3,2011-10,,2011-10,,,,0,0,,,,FR_APR_2011.pdf,Sector-Wise analysis of projects,51,430
FR_201104_431,,240106301,431,"SAGAR BY PASS,KM 187 TO KM 211 , NH-26 (NHAI) - NHAI,Uttar Pradesh",NHAI,,ROAD TRANSPORT & HIGHWAYS,2011-04,2003-12,,151.3,,151.3,,,158.5,2008-10,,2011-11,,,,0,0,,,,FR_APR_2011.pdf,Sector-Wise analysis of projects,51,431
FR_201104_432,,N24000133,432,"Panipat-Jalandhar 6 lane(Km 96 to 387.1 km) - NHAI,Haryana",Km 96 to 387.1 km,,ROAD TRANSPORT & HIGHWAYS,2011-04,2009-05,,1108.0,,2288.0,,,2233.0,2011-11,,2011-11,,,,0,0,,,,FR_APR_2011.pdf,Sector-Wise analysis of projects,51,432
FR_201104_433,,240101173,433,"AGRA-SHIKOHABAD (GQ) KM.199.66- KM.250.50 (NH-2) - NHAI,Uttar Pradesh",NH-2,,ROAD TRANSPORT & HIGHWAYS,2011-04,2000-04,,367.49,,367.49,,,453.68,2005-03,,2011-12,,,,0,0,,,,FR_APR_2011.pdf,Sector-Wise analysis of projects,51,433
FR_201104_434,,240106221,434,"GANGA BRIDGE TO RAMDEVI CROSSING PH.II NH-25, KM.75-80.06 - NHAI,Uttar Pradesh",,,ROAD TRANSPORT & HIGHWAYS,2011-04,2003-12,,155.0,,201.66,,,76.56,2008-09,,2011-12,,,,0,0,,,,FR_APR_2011.pdf,Sector-Wise analysis of projects,51,434
FR_201104_435,,240106226,435,"BIJNI TO ASSAM/WB BORDER PH.II, KM.30.00 TO 0.00, NH-31 C - NHAI,Assam",,,ROAD TRANSPORT & HIGHWAYS,2011-04,2003-12,,230.0,,230.0,,,193.7,2005-06,,2011-12,,,,0,0,,,,FR_APR_2011.pdf,Sector-Wise analysis of projects,51,435
FR_201104_436,,240106277,436,"HARANGAJO TO MAIBANG (AS-23), KM.126.450 TO KM.140.700 - NHAI,Assam",AS-23,,ROAD TRANSPORT & HIGHWAYS,2011-04,2003-12,,280.0,,280.0,,,212.8,2009-02,,2011-12,,,,0,0,,,,FR_APR_2011.pdf,Sector-Wise analysis of projects,52,436
FR_201104_437,,240106281,437,"MAIBANG TO LUNDING (AS-27), KM.40.000 TO KM.60.500 - NHAI,Assam",AS-27,,ROAD TRANSPORT & HIGHWAYS,2011-04,2003-12,,200.0,,200.0,,,73.55,2009-04,,2011-12,,,,0,0,,,,FR_APR_2011.pdf,Sector-Wise analysis of projects,52,437
FR_201104_438,,240106290,438,"BIJNI TO ASSAM WB BORDER (NH- 31.C)(1)(NHAI) - NHAI,Assam",NHAI,,ROAD TRANSPORT & HIGHWAYS,2011-04,2003-12,,195.0,,195.0,,,160.9,2008-06,,2011-12,,,,0,0,,,,FR_APR_2011.pdf,Sector-Wise analysis of projects,52,438
FR_201104_439,,240106293,439,"BIJNI TO ASSAM /WB.BORDER (NH- 31.C)(2)(NHAI) - NHAI,Assam",NHAI,,ROAD TRANSPORT & HIGHWAYS,2011-04,2003-12,,237.8,,237.8,,,185.5,2008-06,,2011-12,,,,0,0,,,,FR_APR_2011.pdf,Sector-Wise analysis of projects,52,439
FR_201104_440,,240106303,440,"SAGAR - RAJMARG CHORAHA,KM 211 TO KM 255, NH-26 (NHAI) - NHAI,Madhya pradesh",NHAI,,ROAD TRANSPORT & HIGHWAYS,2011-04,2003-12,,203.43,,203.43,,,181.4,2008-10,,2011-12,,,,0,0,,,,FR_APR_2011.pdf,Sector-Wise analysis of projects,52,440
FR_201104_441,,N24000031,441,"JHAJHARPUR TO DARBANGA (BR-7) - NHAI,Bihar",BR-7,,ROAD TRANSPORT & HIGHWAYS,2011-04,2003-12,,340.0,,340.0,,,410.8,2008-09,,2011-12,,,,0,0,,,,FR_APR_2011.pdf,Sector-Wise analysis of projects,52,441
FR_201104_442,,N24000035,442,"NALBARI TO BIJNI (AS-8) - NHAI,Assam",AS-8,,ROAD TRANSPORT & HIGHWAYS,2011-04,2003-12,,200.0,,200.0,,,245.1,2008-06,,2011-12,,,,0,0,,,,FR_APR_2011.pdf,Sector-Wise analysis of projects,52,442
FR_201104_443,,N24000042,443,"NAGAON TO DHARAMTUL (AS-2) - NHAI,Assam",AS-2,,ROAD TRANSPORT & HIGHWAYS,2011-04,2003-12,,264.72,,264.72,,,229.4,2008-06,,2011-12,,,,0,0,,,,FR_APR_2011.pdf,Sector-Wise analysis of projects,52,443
FR_201104_444,,N24000044,444,"SONAPUR TO GUWAHTI (AS-3) - NHAI,Assam",AS-3,,ROAD TRANSPORT & HIGHWAYS,2011-04,2003-12,,245.0,,245.0,,,458.6,2008-03,,2011-12,,,,0,0,,,,FR_APR_2011.pdf,Sector-Wise analysis of projects,52,444
FR_201104_445,,N24000047,445,"NALBARI TO BIJNI (AS-6) - NHAI,Assam",AS-6,,ROAD TRANSPORT & HIGHWAYS,2011-04,2003-12,,225.0,,225.0,,,160.9,2008-06,,2011-12,,,,0,0,,,,FR_APR_2011.pdf,Sector-Wise analysis of projects,52,445
FR_201104_446,,N24000048,446,"NALBARI T BIJNI (AS-7) - NHAI,Assam",AS-7,,ROAD TRANSPORT & HIGHWAYS,2011-04,2003-12,,208.0,,208.0,,,192.4,2008-04,,2011-12,,,,0,0,,,,FR_APR_2011.pdf,Sector-Wise analysis of projects,52,446
FR_201104_447,,N24000049,447,"DHARAMTUL TO SONAPUR,KM 205- 183 (AS-20) - NHAI,Assam",AS-20,,ROAD TRANSPORT & HIGHWAYS,2011-04,2003-12,,160.0,,160.0,,,108.5,2008-05,,2011-12,,,,0,0,,,,FR_APR_2011.pdf,Sector-Wise analysis of projects,52,447
FR_201104_448,,N24000051,448,"DHARAMTUL TO SONAPUR (AS-19) - NHAI,Assam",AS-19,,ROAD TRANSPORT & HIGHWAYS,2011-04,2003-12,,200.0,,200.0,,,175.3,2008-06,,2011-12,,,,0,0,,,,FR_APR_2011.pdf,Sector-Wise analysis of projects,52,448
FR_201104_449,,N24000056,449,"THANJAUR-TRICHY,NH-67(NHAI) - NHAI,Tamil Nadu",NHAI,,ROAD TRANSPORT & HIGHWAYS,2011-04,2005-03,,280.0,,280.0,,,579.3,2009-06,,2011-12,,,,0,0,,,,FR_APR_2011.pdf,Sector-Wise analysis of projects,52,449
FR_201104_450,,N24000090,450,"KOSI BRIDGE INCLUDING APPROACHES AND GUIDE BOND AN - NHAI,Bihar",,,ROAD TRANSPORT & HIGHWAYS,2011-04,2003-12,,418.04,,418.04,,,290.6,2010-03,,2011-12,,,,0,0,,,,FR_APR_2011.pdf,Sector-Wise analysis of projects,52,450
FR_201104_451,,N24000143,451,"Armur to kadloor yellareddy - NHAI,Andhra Pradesh",,,ROAD TRANSPORT & HIGHWAYS,2011-04,2010-02,,390.56,,390.56,,,278.2,2012-02,,2012-02,,,,0,0,,,,FR_APR_2011.pdf,Sector-Wise analysis of projects,52,451
FR_201104_452,,240100207,452,"SILCHAR-UDARBAND (PH.II) HN-54, KM.309 TO KM.275 - NHAI,Assam",PH.II,,ROAD TRANSPORT & HIGHWAYS,2011-04,2003-12,,157.47,,154.57,,,167.9,2007-09,,2012-03,,,,0,0,,,,FR_APR_2011.pdf,Sector-Wise analysis of projects,52,452
FR_201104_453,,N24000038,453,"GUWHATI TO NALBARI (AS-4) - NHAI,Assam",AS-4,,ROAD TRANSPORT & HIGHWAYS,2011-04,2003-12,,175.96,,175.96,,,106.2,2008-04,,2012-03,,,,0,0,,,,FR_APR_2011.pdf,Sector-Wise analysis of projects,52,453
FR_201104_454,,N24000046,454,"GUWAHATI TO NALBARI (AS-5) - NHAI,Assam",AS-5,,ROAD TRANSPORT & HIGHWAYS,2011-04,2003-12,,198.16,,198.16,,,165.6,2008-04,,2012-03,,,,0,0,,,,FR_APR_2011.pdf,Sector-Wise analysis of projects,52,454
FR_201104_455,,N24000063,455,"BRAHMPUTRA BRIDGE,NH NO-31 - NHAI,Assam",,,ROAD TRANSPORT & HIGHWAYS,2011-04,2003-12,,217.61,,217.61,,,118.7,2010-04,,2012-03,,,,0,0,,,,FR_APR_2011.pdf,Sector-Wise analysis of projects,52,455
FR_201104_456,,N24000068,456,"CHAMBAL BRIDGE, NH-76 (RJ-5) - NHAI,Rajasthan",RJ-5,,ROAD TRANSPORT & HIGHWAYS,2011-04,2003-12,,275.0,,281.31,,,178.5,2010-02,,2012-03,,,,0,0,,,,FR_APR_2011.pdf,Sector-Wise analysis of projects,52,456
FR_201104_457,,N24000107,457,"NH CONNECTIVITY TO ICTT VALLARPADAEU NH - SH - NHAI,Kerala",,,ROAD TRANSPORT & HIGHWAYS,2011-04,2005-03,,557.0,,557.0,,,930.9,2010-02,,2012-05,,,,0,0,,,,FR_APR_2011.pdf,Sector-Wise analysis of projects,52,457
FR_201104_458,,N24000127,458,"Pune-sholapur,pkg1 - NHAI,Maharashtra",,,ROAD TRANSPORT & HIGHWAYS,2011-04,2009-11,,1110.0,,1110.0,,,501.8,2012-05,,2012-05,,,,0,0,,,,FR_APR_2011.pdf,Sector-Wise analysis of projects,53,458
FR_201104_459,,N24000128,459,"Kishangarh-Ajmer-Beawer - NHAI,Rajasthan",,,ROAD TRANSPORT & HIGHWAYS,2011-04,2009-11,,795.0,,795.0,,,559.4,2012-05,,2012-05,,,,0,0,,,,FR_APR_2011.pdf,Sector-Wise analysis of projects,53,459
FR_201104_460,,N24000142,460,"Hyderabad-yadgiri N.H no-202 - NHAI,Andhra Pradesh",,,ROAD TRANSPORT & HIGHWAYS,2011-04,2010-08,,388.0,,388.0,,,246.6,2012-05,,2012-05,,,,0,0,,,,FR_APR_2011.pdf,Sector-Wise analysis of projects,53,460
FR_201104_461,,240106244,461,"DEEWAPUR TO UP/BIHAR BORDER (LMNHP-9)-NH-28, KM.402-360.915 - NHAI,Bihar",LMNHP-9,,ROAD TRANSPORT & HIGHWAYS,2011-04,2003-12,,300.0,,300.0,,,151.1,2008-10,,2012-06,,,,0,0,,,,FR_APR_2011.pdf,Sector-Wise analysis of projects,53,461
FR_201104_462,,N24000088,462,"GWALIOR BYPSS, NH-75,3 - NHAI,Madhya pradesh",,,ROAD TRANSPORT & HIGHWAYS,2011-04,2003-12,,300.93,,300.93,,,293.9,2009-10,,2012-06,,,,0,0,,,,FR_APR_2011.pdf,Sector-Wise analysis of projects,53,462
FR_201104_463,,N24000108,463,"DHOLPUR - MORENA SECTION (INCLUDING CHAMBOL BRIDGE - NHAI,Multi State",,,ROAD TRANSPORT & HIGHWAYS,2011-04,2003-12,,232.45,,232.45,,,157.0,2010-09,,2012-06,,,,0,0,,,,FR_APR_2011.pdf,Sector-Wise analysis of projects,53,463
FR_201104_464,,N24000115,464,"PATHANKOT BHOGPUR NH-1A - NHAI,Punjab",,,ROAD TRANSPORT & HIGHWAYS,2011-04,2003-12,,229.0,,284.0,,,322.0,2010-05,,2012-06,,,,0,0,,,,FR_APR_2011.pdf,Sector-Wise analysis of projects,53,464
FR_201104_465,,N24000126,465,"MP/Maharashtra Border-Dhula - NHAI,Maharashtra",,,ROAD TRANSPORT & HIGHWAYS,2011-04,2009-12,,835.0,,835.0,,,289.9,2012-06,,2012-06,,,,0,0,,,,FR_APR_2011.pdf,Sector-Wise analysis of projects,53,465
FR_201104_466,,N24000130,466,"Gurgaon-Kotputli Km 42.70 to 54.4 Km - NHAI,Multi State",,,ROAD TRANSPORT & HIGHWAYS,2011-04,2009-04,,1673.7,,1673.7,,,1478.0,2011-10,,2012-06,,,,0,0,,,,FR_APR_2011.pdf,Sector-Wise analysis of projects,53,466
FR_201104_467,,N24000123,467,"PIMPALGAON-NASIK-GONDE, NH-3 (NHDP-PHASE-III) - NHAI,Maharashtra",NHDP-PHASE-III,,ROAD TRANSPORT & HIGHWAYS,2011-04,2005-03,,940.0,,940.0,,,298.6,2012-07,,2012-07,,,,0,0,,,,FR_APR_2011.pdf,Sector-Wise analysis of projects,53,467
FR_201104_468,,240106237,468,"PATHANKOT- BHOGPUR, KM.26- KM.70, NH-1A - NHAI,Punjab",,,ROAD TRANSPORT & HIGHWAYS,2011-04,2003-12,,284.0,,359.0,,,101.4,2008-05,,2012-08,,,,0,0,,,,FR_APR_2011.pdf,Sector-Wise analysis of projects,53,468
FR_201104_469,,N24000094,469,"LAKHNAADON TO MP/MH BORDER,KM 596.75-653 (NS- 1/BOT/MP-2),NH7 - NHAI,Madhya pradesh",NS- 1/BOT/MP-2,,ROAD TRANSPORT & HIGHWAYS,2011-04,2003-12,,407.6,,407.6,,,183.3,2010-06,,2012-10,,,,0,0,,,,FR_APR_2011.pdf,Sector-Wise analysis of projects,53,469
FR_201104_470,,N24000095,470,"LAKHNADON TO MP/MH BORDER (NS-1/BOT/MP-2), NH-7 - NHAI,Madhya pradesh",NS-1/BOT/MP-2,,ROAD TRANSPORT & HIGHWAYS,2011-04,2003-12,,263.17,,263.17,,,232.7,2009-09,,2012-10,,,,0,0,,,,FR_APR_2011.pdf,Sector-Wise analysis of projects,53,470
FR_201104_471,,N24000124,471,"Four Lanning from MP/Maharashtra Border to nagpur - NHAI,Maharashtra",,,ROAD TRANSPORT & HIGHWAYS,2011-04,2010-04,,1170.52,,1170.52,,,4.41,2011-06,,2012-10,,,,0,0,,,,FR_APR_2011.pdf,Sector-Wise analysis of projects,53,471
FR_201104_472,,N24000125,472,"Gujarat/Maharashtra BorderSurat-Hazira Port Section - NHAI,Gujarat",,,ROAD TRANSPORT & HIGHWAYS,2011-04,2010-03,,1509.1,,1509.1,,,670.9,2012-09,,2012-10,,,,0,0,,,,FR_APR_2011.pdf,Sector-Wise analysis of projects,53,472
FR_201104_473,,N24000134,473,"Hyderabad-Vijaywada Km. 40 to 221.50 Km - NHAI,Andhra Pradesh",,,ROAD TRANSPORT & HIGHWAYS,2011-04,2010-04,,1740.0,,1740.0,,,527.0,2012-10,,2012-10,,,,0,0,,,,FR_APR_2011.pdf,Sector-Wise analysis of projects,53,473
FR_201104_474,,N24000147,474,"AMRITSAR-PATHANKOT - NHAI,Punjab",,,ROAD TRANSPORT & HIGHWAYS,2011-04,2010-05,,705.0,,705.0,,,578.0,2012-11,,2012-11,,,,0,0,,,,FR_APR_2011.pdf,Sector-Wise analysis of projects,53,474
FR_201104_475,,N24000028,475,"SILIGURI TO ISLAMPUR (WB-7) - NHAI,West Bengal",WB-7,,ROAD TRANSPORT & HIGHWAYS,2011-04,2003-12,,225.0,,225.0,,,173.0,2008-07,,2012-12,,,,0,0,,,,FR_APR_2011.pdf,Sector-Wise analysis of projects,53,475
FR_201104_476,,N24000135,476,"Jaipur-Tonk-Deoli - NHAI,Rajasthan",,,ROAD TRANSPORT & HIGHWAYS,2011-04,2010-06,,792.06,,792.06,,,355.1,2012-12,,2012-12,,,,0,0,,,,FR_APR_2011.pdf,Sector-Wise analysis of projects,53,476
FR_201104_477,,N24000141,477,"Hazaribagh-Ranchi - NHAI,Jharkhandd",,,ROAD TRANSPORT & HIGHWAYS,2011-04,2010-08,,625.07,,625.07,,,528.9,2013-01,,2013-01,,,,0,0,,,,FR_APR_2011.pdf,Sector-Wise analysis of projects,53,477
FR_201104_478,,N24000137,478,"Bijapur-Hungund Section - NHAI,Karnataka",,,ROAD TRANSPORT & HIGHWAYS,2011-04,2010-09,,748.0,,748.0,,,620.6,2010-09,,2013-03,,,,0,0,,,,FR_APR_2011.pdf,Sector-Wise analysis of projects,53,478
FR_201104_479,,N24000138,479,"Hungund-Surathkal and Mangalore- Knt/Kerala Border - NHAI,Karnataka",,,ROAD TRANSPORT & HIGHWAYS,2011-04,2010-09,,946.0,,946.0,,,,2013-03,,2013-03,,,,0,0,,,,FR_APR_2011.pdf,Sector-Wise analysis of projects,53,479
FR_201104_480,,N24000144,480,"CHENGAPALLI TO COIMBATORE BYPASS KM-102.035-144.740 KM - NHAI,Tamil Nadu",,,ROAD TRANSPORT & HIGHWAYS,2011-04,2010-09,,852.0,,852.0,,,29.53,2013-03,,2013-03,,,,0,0,,,,FR_APR_2011.pdf,Sector-Wise analysis of projects,54,480
FR_201104_481,,N24000146,481,"KUNDUPUR-SURATHKAL & MANGLORE - NHAI,Karnataka",,,ROAD TRANSPORT & HIGHWAYS,2011-04,2010-09,,671.0,,671.0,,,173.2,2013-03,,2013-03,,,,0,0,,,,FR_APR_2011.pdf,Sector-Wise analysis of projects,54,481
FR_201104_482,,N24000136,482,"Indore-Jhabua-Gujrat/MP - NHAI,Madhya pradesh",,,ROAD TRANSPORT & HIGHWAYS,2011-04,2010-10,,1175.0,,1175.0,,,138.7,2013-04,,2013-04,,,,0,0,,,,FR_APR_2011.pdf,Sector-Wise analysis of projects,54,482
FR_201104_483,,N24000145,483,"CUDDAPAH-MYDUKUR-KURNOOL KM-167.750-356.502 KM - NHAI,Andhra Pradesh",,,ROAD TRANSPORT & HIGHWAYS,2011-04,2010-11,,1585.0,,1585.0,,,112.5,2013-05,,2013-05,,,,0,0,,,,FR_APR_2011.pdf,Sector-Wise analysis of projects,54,483
FR_201104_484,,N24000098,484,"AGRA-BYPASS(NS-1/UP-1),KM 176.8- 13.03 NH-2,3 - NHAI,Uttar Pradesh",NS-1/UP-1,,ROAD TRANSPORT & HIGHWAYS,2011-04,2003-12,,348.16,,348.16,,,110.8,2007-09,,2013-06,,,,0,0,,,,FR_APR_2011.pdf,Sector-Wise analysis of projects,54,484
FR_201104_485,,240106278,485,"MAIBANG TO LUNDING (AS-25), KM.83.400 TO KM.111.000 - NHAI,Assam",AS-25,,ROAD TRANSPORT & HIGHWAYS,2011-04,2003-12,,199.81,,385.13,,,29.6,2009-04,,2013-07,,,,0,0,,,,FR_APR_2011.pdf,Sector-Wise analysis of projects,54,485
FR_201104_486,,240106280,486,"MAIBANG TO LUNDING (AS-24), KM.111.000 TO KM.126.450 - NHAI,Assam",AS-24,,ROAD TRANSPORT & HIGHWAYS,2011-04,2003-12,,155.04,,280.13,,,39.26,2008-11,,2013-07,,,,0,0,,,,FR_APR_2011.pdf,Sector-Wise analysis of projects,54,486
FR_201104_487,,N24000148,487,"DEOLI-KOTA - NHAI,Rajasthan",,,ROAD TRANSPORT & HIGHWAYS,2011-04,2011-01,,953.0,,593.0,,,1.43,2013-07,,2013-07,,,,0,0,,,,FR_APR_2011.pdf,Sector-Wise analysis of projects,54,487
FR_201104_488,,N24000139,488,"New 4 Lane elevated road from chennai airport - NHAI,Tamil Nadu",,,ROAD TRANSPORT & HIGHWAYS,2011-04,2010-09,,1655.0,,1655.0,,,0.18,2013-09,,2013-09,,,,0,0,,,,FR_APR_2011.pdf,Sector-Wise analysis of projects,54,488
FR_201104_489,,N24000140,489,"Talegaon-amravati - NHAI,Maharashtra",,,ROAD TRANSPORT & HIGHWAYS,2011-04,2009-11,,567.0,,567.0,,,10.04,2013-11,,2013-11,,,,0,0,,,,FR_APR_2011.pdf,Sector-Wise analysis of projects,54,489
FR_201104_490,,240106279,490,"MAIBANG TO LUNDING (AS-26), KM.60.500 TO KM.83.400, NH-54 - NHAI,Assam",AS-26,,ROAD TRANSPORT & HIGHWAYS,2011-04,2003-12,,167.64,,167.64,,,40.71,2008-11,,2013-12,,,,0,0,,,,FR_APR_2011.pdf,Sector-Wise analysis of projects,54,490
FR_201104_491,,N24000061,491,"HARANGAJO TO MAIBANG,km 164.08- 190.587 NH-54 - NHAI,Assam",,,ROAD TRANSPORT & HIGHWAYS,2011-04,2003-12,,212.0,,212.0,,,38.59,2007-09,,2013-12,,,,0,0,,,,FR_APR_2011.pdf,Sector-Wise analysis of projects,54,491
FR_201104_492,,N24000062,492,"HARANGAJO TO MAIBANG, NH-54 - NHAI,Assam Total",,,ROAD TRANSPORT & HIGHWAYS,2011-04,2003-12,,196.0,52920.82,196.0,,,27.64,2009-07,,2013-12,,,,0,0,,,,FR_APR_2011.pdf,Sector-Wise analysis of projects,54,492
FR_201104_493,,250100175,493,"SETHUSAMUDRAM SHIP CHANNEL PROJECT - PORT TRUST,Tamil Nadu",,,SHIPPING & PORTS,2011-04,2005-06,,2427.4,,2427.4,,,820.72,2008-10,,2010-11,,,,0,0,,,,FR_APR_2011.pdf,Sector-Wise analysis of projects,54,493
FR_201104_494,,N25000055,494,"DEVELOPMENT OF COAL TERMINAL - ENNORE PORT LTD,Tamil Nadu",,,SHIPPING & PORTS,2011-04,2006-09,,399.13,,399.13,,,,2010-08,,2011-03,,,,0,0,,,,FR_APR_2011.pdf,Sector-Wise analysis of projects,54,494
FR_201104_495,,N25000056,495,"DEVELOPMENT OF IRON ORE TERMINAL - ENNORE PORT LTD,Tamil Nadu",,,SHIPPING & PORTS,2011-04,2006-09,,370.0,,370.0,,,,2010-08,,2011-04,,,,0,0,,,,FR_APR_2011.pdf,Sector-Wise analysis of projects,54,495
FR_201104_496,,N25000004,496,"DEEPENING OF CHANNEL AT PARADIP PORT - PORT TRUST,Orissa",,,SHIPPING & PORTS,2011-04,2005-12,,154.84,253.36,253.36,,,223.6,2007-12,2009-07,2011-06,,,,0,0,,,,FR_APR_2011.pdf,Sector-Wise analysis of projects,54,496
FR_201104_497,,N25000014,497,"ACQUISITION OF 4 NO. OF ANCHOR HANDLING CUM SUPPLY - SHIPP.,Maharashtra",,,SHIPPING & PORTS,2011-04,2007-10,,359.44,,359.44,,,354.81,2011-04,2011-06,2011-06,,,,0,0,,,,FR_APR_2011.pdf,Sector-Wise analysis of projects,54,497
FR_201104_498,,N25000038,498,"Construction & License out the OPERATION, MANAG. & - PORT TRUST,Karnataka",,,SHIPPING & PORTS,2011-04,2006-06,,230.0,,272.5,,,219.0,2010-12,,2011-06,,,,0,0,,,,FR_APR_2011.pdf,Sector-Wise analysis of projects,55,498
FR_201104_499,,N25000054,499,"MARINE LIQUID TERMINALS - ENNORE TANK,Tamil Nadu",,,SHIPPING & PORTS,2011-04,2004-10,,196.25,,196.25,,,,2006-06,2011-09,2011-09,,,,0,0,,,,FR_APR_2011.pdf,Sector-Wise analysis of projects,55,499
FR_201104_500,,250100112,500,"ESTABLISHMENT OF VESSEL TRAFFIC SERVICES IN GULF OF KUTCH - SHIPP.,Gujarat",,,SHIPPING & PORTS,2011-04,2002-01,,165.0,,165.0,,,90.1,2005-12,2008-01,2011-10,,,,0,0,,,,FR_APR_2011.pdf,Sector-Wise analysis of projects,55,500
FR_201104_501,,N25000042,501,"Acquisition of two nos. of 120 B.P - PORT TRUST,Maharashtra",,,SHIPPING & PORTS,2011-04,2009-04,,290.85,,290.85,,,86.46,2011-06,2012-01,2012-01,,,,0,0,,,,FR_APR_2011.pdf,Sector-Wise analysis of projects,55,501
FR_201104_502,,N25000033,502,"ACQUISITION OF 6 NOS. OF 57000 DWT HANDYMAX BULK C - SHIPP.,Maharashtra",,,SHIPPING & PORTS,2011-04,2007-11,,1061.96,,1061.96,,,240.52,2012-03,,2012-03,,,,0,0,,,,FR_APR_2011.pdf,Sector-Wise analysis of projects,55,502
FR_201104_503,,N25000035,503,"ENNORE MANALI EXPRESS WAY,F/O SPECIAL PURPOSE VEHI - SHIPP.,Tamil Nadu",,,SHIPPING & PORTS,2011-04,2002-10,,150.0,600.0,600.0,,,38.0,2006-03,,2012-03,,,,0,0,,,,FR_APR_2011.pdf,Sector-Wise analysis of projects,55,503
FR_201104_504,,N25000050,504,"Modification & Strengthening of Existing Berth No. 1 to 6 - PORT TRUST,Gujarat",,,SHIPPING & PORTS,2011-04,2010-06,,277.0,,277.0,,,0.04,2012-03,,2012-03,,,,0,0,,,,FR_APR_2011.pdf,Sector-Wise analysis of projects,55,504
FR_201104_505,,N25000043,505,"Acquisition of Two nos. of 3060 DWT - PORT TRUST,Maharashtra",,,SHIPPING & PORTS,2011-04,2009-04,,277.03,,277.03,,,55.41,2011-12,2012-05,2012-05,,,,0,0,,,,FR_APR_2011.pdf,Sector-Wise analysis of projects,55,505
FR_201104_506,,N25000016,506,"CONST. & DEV. OF 2 OFFSHORE CONTAINER BERTHS & TER - MUMBAI PORT TRU,Maharashtra",,,SHIPPING & PORTS,2011-04,2007-11,,1228.0,1460.0,1460.0,,,269.69,2010-12,2012-09,2012-09,,,,0,0,,,,FR_APR_2011.pdf,Sector-Wise analysis of projects,55,506
FR_201104_507,,N25000031,507,"ACQUISITION OF 4 NOS. OF 80655 DWT PANAMAX BULK CA - SHIPP.,Maharashtra",,,SHIPPING & PORTS,2011-04,2008-08,,1066.91,,968.35,,,222.91,2012-09,,2012-09,,,,0,0,,,,FR_APR_2011.pdf,Sector-Wise analysis of projects,55,507
FR_201104_508,,N25000049,508,"Mechanization of coal handling facilities to 200 - PORT TRUST,Andhra Pradesh",,,SHIPPING & PORTS,2011-04,2010-02,,444.1,,444.1,,,,2010-06,,2012-11,,,,0,0,,,,FR_APR_2011.pdf,Sector-Wise analysis of projects,55,508
FR_201104_509,,N25000051,509,"Acquisition of 4 nos of 82000 DWT kamsavmax Bulk carriers - SHIPP.,Maharashtra",,,SHIPPING & PORTS,2011-04,2010-08,,612.72,,612.72,,,61.31,2012-12,,2012-12,,,,0,0,,,,FR_APR_2011.pdf,Sector-Wise analysis of projects,55,509
FR_201104_510,,N25000037,510,"C/O Berthing and Allied Facilities off tekra near - PORT TRUST,Gujarat",,,SHIPPING & PORTS,2011-04,2005-04,,882.0,,1060.0,,,0.16,2011-02,,2013-03,,,,0,0,,,,FR_APR_2011.pdf,Sector-Wise analysis of projects,55,510
FR_201104_511,,N25000039,511,"CONSTRUCTION OF 13 & 14 CARGO BERTH AT KANDLA - PORT TRUST,Gujarat",,,SHIPPING & PORTS,2011-04,2005-12,,702.0,,755.5,,,0.73,2011-03,,2013-03,,,,0,0,,,,FR_APR_2011.pdf,Sector-Wise analysis of projects,55,511
FR_201104_512,,N25000047,512,"SETTING UP OF AN INTERNATIONAL CRUISE TERMINAL AT - PORT TRUST,Kerala",,,SHIPPING & PORTS,2011-04,2008-03,,375.0,272.5,272.5,,,,2009-01,,2013-05,,,,0,0,,,,FR_APR_2011.pdf,Sector-Wise analysis of projects,55,512
FR_201104_513,,N25000052,513,"Acquistion of three(3) nos of 6500TEU Cellular container - SHIPP.,Maharashtra",3,,SHIPPING & PORTS,2011-04,2010-10,,1028.1,,1028.1,,,202.04,2013-12,,2013-12,,,,0,0,,,,FR_APR_2011.pdf,Sector-Wise analysis of projects,55,513
FR_201104_514,,N25000053,514,"Acquisition of two(2) Nos. of 317000 DWT very large crude - SHIPP.,Maharashtra",2,,SHIPPING & PORTS,2011-04,2010-10,,966.46,,966.46,,,189.92,2014-02,,2014-02,,,,0,0,,,,FR_APR_2011.pdf,Sector-Wise analysis of projects,55,514
FR_201104_515,,N25000003,515,"DEEPENING AND WIDENING OF MUMBAI HARBOUR CHANNEL A - PORT TRUST,Maharashtra",,,SHIPPING & PORTS,2011-04,2005-10,,800.0,,800.0,,,4.63,2008-10,,,,,,0,0,,,,FR_APR_2011.pdf,Sector-Wise analysis of projects,55,515
FR_201104_516,,N26000043,516,"GSM EQUIPMENT OF 3125K LINES(2G) AND 625K LINES(3 - BSNL,Maharashtra",2G,,TELECOMMUNICATIONS,2011-04,2008-09,,1799.94,,1799.94,,,50.11,2009-09,,2010-02,,,,0,0,,,,FR_APR_2011.pdf,Sector-Wise analysis of projects,56,516
FR_201104_517,,260100099,517,"PROJ.III OF NIB-II OF MESSAGING STORAGE - BSNL,Multi State",,,TELECOMMUNICATIONS,2011-04,2003-11,,250.0,,425.51,,,102.34,2005-12,,2010-10,,,,0,0,,,,FR_APR_2011.pdf,Sector-Wise analysis of projects,56,517
FR_201104_518,,N26000072,518,"Implementation of FTTH, the state of the art access ,gpon eq - BSNL,Multi State",,,TELECOMMUNICATIONS,2011-04,2007-12,,952.88,,952.88,,,,2010-03,,2010-10,,,,0,0,,,,FR_APR_2011.pdf,Sector-Wise analysis of projects,56,518
FR_201104_519,,N26000073,519,"Implementation of FTTH, the state of the art Acces - BSNL,Multi State",,,TELECOMMUNICATIONS,2011-04,2007-12,,152.65,,152.65,,,,2010-03,,2010-10,,,,0,0,,,,FR_APR_2011.pdf,Sector-Wise analysis of projects,56,519
FR_201104_520,,N26000074,520,"Procurement of DXC equipment - BSNL,Multi State",,,TELECOMMUNICATIONS,2011-04,2008-02,,229.0,,229.0,,,,2010-03,,2010-11,,,,0,0,,,,FR_APR_2011.pdf,Sector-Wise analysis of projects,56,520
FR_201104_521,,N26000037,521,"NIB-II PROJECT RURAL BROADBAND - BSNL,Multi State",,,TELECOMMUNICATIONS,2011-04,2007-12,,312.86,234.24,353.0,,,210.69,2008-02,,2010-12,,,,0,0,,,,FR_APR_2011.pdf,Sector-Wise analysis of projects,56,521
FR_201104_522,,N26000066,522,"Procurement of 2.5G DWDM equipment - BSNL,Multi State",,,TELECOMMUNICATIONS,2011-04,2006-08,,424.0,,424.0,,,,2009-03,,2010-12,,,,0,0,,,,FR_APR_2011.pdf,Sector-Wise analysis of projects,56,522
FR_201104_523,,N26000068,523,"Procurement of 10G 40 CHL (12 chi equipped) DWDM - BSNL,Multi State",12 chi equipped,,TELECOMMUNICATIONS,2011-04,2007-12,,545.5,,545.5,,,,2010-03,,2010-12,,,,0,0,,,,FR_APR_2011.pdf,Sector-Wise analysis of projects,56,523
FR_201104_524,,N26000069,524,"Procurement of STM-1 SDH equipment - BSNL,Multi State",,,TELECOMMUNICATIONS,2011-04,2007-02,,154.03,,154.03,,,,2010-03,,2010-12,,,,0,0,,,,FR_APR_2011.pdf,Sector-Wise analysis of projects,56,524
FR_201104_525,,N26000070,525,"Procurement of STM-16 MADM equipment - BSNL,Multi State",,,TELECOMMUNICATIONS,2011-04,2008-03,,355.92,,355.92,,,,2010-03,,2010-12,,,,0,0,,,,FR_APR_2011.pdf,Sector-Wise analysis of projects,56,525
FR_201104_526,,N26000071,526,"Procurement of STM-16 ADM equipment - BSNL,Multi State",,,TELECOMMUNICATIONS,2011-04,2007-02,,477.0,,477.0,,,,2010-03,,2010-12,,,,0,0,,,,FR_APR_2011.pdf,Sector-Wise analysis of projects,56,526
FR_201104_527,,N26000085,527,"GSM equipment of 375000Lines (2G) 75000lines 3(G) - BSNL,West Bengal",G,,TELECOMMUNICATIONS,2011-04,2008-06,,170.23,,170.23,,,127.26,2009-06,,2011-01,,,,0,0,,,,FR_APR_2011.pdf,Sector-Wise analysis of projects,56,527
FR_201104_528,,N26000040,528,"GSM EQUIPMENT OF 216650 LINES(2G) PH-5.1 - BSNL,Haryana",2G,,TELECOMMUNICATIONS,2011-04,2008-01,,192.48,,192.48,,,110.82,2009-03,,2011-02,,,,0,0,,,,FR_APR_2011.pdf,Sector-Wise analysis of projects,56,528
FR_201104_529,,N26000041,529,"GSM EQUIPMENT OF 390K LINES(2G) AND 130K LINES(3G) - BSNL,Punjab",3G,,TELECOMMUNICATIONS,2011-04,2008-02,,373.94,,373.94,,,171.01,2008-12,,2011-02,,,,0,0,,,,FR_APR_2011.pdf,Sector-Wise analysis of projects,56,529
FR_201104_530,,N26000046,530,"GSM EQUIPMENT OF 700K LINES(2G) AND 150K LINES(3G) - BSNL,Orissa",3G,,TELECOMMUNICATIONS,2011-04,2007-11,,277.34,,377.54,,,128.29,2009-03,,2011-02,,,,0,0,,,,FR_APR_2011.pdf,Sector-Wise analysis of projects,56,530
FR_201104_531,,N26000058,531,"UTTARANCHAL TELECOM CIRCLE PHASE-VI (2G & 3G) - BSNL,Uttaranchal",2G & 3G,,TELECOMMUNICATIONS,2011-04,2009-01,,149.15,158.72,158.72,,,25.67,2009-06,,2011-02,,,,0,0,,,,FR_APR_2011.pdf,Sector-Wise analysis of projects,56,531
FR_201104_532,,N26000062,532,"Assam Telecom Circle, Phase-V.I, 2G & 3G - BSNL,Assam",,,TELECOMMUNICATIONS,2011-04,2007-06,,336.81,,336.81,,,105.16,2009-01,,2011-02,,,,0,0,,,,FR_APR_2011.pdf,Sector-Wise analysis of projects,56,532
FR_201104_533,,N26000083,533,"GSM equipment of 975000Lines (2G) 325000 lines 3(G - BSNL,Uttar Pradesh",2G,,TELECOMMUNICATIONS,2011-04,2009-02,,625.53,,625.53,,,19.52,2010-02,,2011-02,,,,0,0,,,,FR_APR_2011.pdf,Sector-Wise analysis of projects,56,533
FR_201104_534,,N26000086,534,"GSM equipment of 945000Lines (2G) 225000lines 3(G) - BSNL,Bihar",G,,TELECOMMUNICATIONS,2011-04,2007-10,,366.0,,529.32,,,112.89,2008-10,,2011-02,,,,0,0,,,,FR_APR_2011.pdf,Sector-Wise analysis of projects,57,534
FR_201104_535,,N26000091,535,"GSM equipment of 1900000Lines (2G) 401700 lines 3( - BSNL,Tamil Nadu",2G,,TELECOMMUNICATIONS,2011-04,2009-01,,760.2,,1312.52,,,579.17,2011-03,,2011-02,,,,0,1,,,,FR_APR_2011.pdf,Sector-Wise analysis of projects,57,535
FR_201104_536,,N26000093,536,"GSM equipment of 1500000Lines (2G) 264700lines 3(G - BSNL,Andhra Pradesh",2G,,TELECOMMUNICATIONS,2011-04,2009-01,,922.91,,922.91,,,161.71,2010-01,,2011-02,,,,0,0,,,,FR_APR_2011.pdf,Sector-Wise analysis of projects,57,536
FR_201104_537,,N26000094,537,"GSM equipment of 1900000Lines (2G) 335500lines 3(G - BSNL,Kerala",2G,,TELECOMMUNICATIONS,2011-04,2009-01,,848.7,,848.7,,,399.04,2010-01,,2011-02,,,,0,0,,,,FR_APR_2011.pdf,Sector-Wise analysis of projects,57,537
FR_201104_538,,N26000095,538,"GSM equipment of 614000Lines (2G) 150000lines 3(G) - BSNL,Tamil Nadu",G,,TELECOMMUNICATIONS,2011-04,2009-01,,315.19,,315.19,,,68.99,2010-01,,2011-02,,,,0,0,,,,FR_APR_2011.pdf,Sector-Wise analysis of projects,57,538
FR_201104_539,,N26000039,539,"GSM EQUIPMENT OF 900K LINES(2G) AND 300K LINES(3G) - BSNL,Rajasthan",3G,,TELECOMMUNICATIONS,2011-04,2007-06,,601.49,,601.49,,,438.0,2008-12,,2011-03,,,,0,0,,,,FR_APR_2011.pdf,Sector-Wise analysis of projects,57,539
FR_201104_540,,N26000050,540,"GSM EQUIPMENT-480K LINES(2G) & 220K LINES(3G) IN - BSNL,Uttar Pradesh",3G,,TELECOMMUNICATIONS,2011-04,2007-05,,335.91,,335.91,,,140.73,2009-03,,2011-03,,,,0,0,,,,FR_APR_2011.pdf,Sector-Wise analysis of projects,57,540
FR_201104_541,,N26000081,541,"GSM equipment of 900000Lines (2G) PunjabPhase V.2 - BSNL,Punjab",2G,,TELECOMMUNICATIONS,2011-04,2008-09,,241.49,,601.49,,,480.57,2009-09,,2011-03,,,,0,0,,,,FR_APR_2011.pdf,Sector-Wise analysis of projects,57,541
FR_201104_542,,N26000082,542,"GSM equipment of 200000Lines (2G) UP(West)Phase V. - BSNL,Uttar Pradesh",West,,TELECOMMUNICATIONS,2011-04,2008-10,,336.84,,336.84,,,22.06,2009-10,,2011-03,,,,0,0,,,,FR_APR_2011.pdf,Sector-Wise analysis of projects,57,542
FR_201104_543,,N26000084,543,"GSM equipment of 1100000Lines (2G) UP East Phase - BSNL,Uttar Pradesh",2G,,TELECOMMUNICATIONS,2011-04,2009-09,,624.75,,624.75,,,11.21,2010-09,,2011-03,,,,0,0,,,,FR_APR_2011.pdf,Sector-Wise analysis of projects,57,543
FR_201104_544,,N26000087,544,"GSM equipment of 849862Lines (2G) 150138 lines 3(G - BSNL,West Bengal",2G,,TELECOMMUNICATIONS,2011-04,2008-02,,584.33,,584.33,,,171.99,2009-02,,2011-03,,,,0,0,,,,FR_APR_2011.pdf,Sector-Wise analysis of projects,57,544
FR_201104_545,,N26000089,545,"GSM equipment of 1867000Lines (2G) 383000 lines 3( - BSNL,Gujarat",2G,,TELECOMMUNICATIONS,2011-04,2008-08,,868.0,,868.0,,,191.48,2009-08,,2011-03,,,,0,0,,,,FR_APR_2011.pdf,Sector-Wise analysis of projects,57,545
FR_201104_546,,N26000090,546,"GSM equipment of 1625000Lines (2G) 325000 lines 3( - BSNL,Madhya pradesh",2G,,TELECOMMUNICATIONS,2011-04,2009-11,,916.7,,916.7,,,151.7,2010-11,,2011-03,,,,0,0,,,,FR_APR_2011.pdf,Sector-Wise analysis of projects,57,546
FR_201104_547,,N26000092,547,"GSM equipment of 1700000Lines (2G) 234100 lines 3( - BSNL,Karnataka",2G,,TELECOMMUNICATIONS,2011-04,2008-10,,677.75,719.9,719.9,,,238.44,2009-10,,2011-03,,,,0,0,,,,FR_APR_2011.pdf,Sector-Wise analysis of projects,57,547
FR_201104_548,,N26000096,548,"ERP implementation in BSNL on Turnkey basis - BSNL,Multi State",,,TELECOMMUNICATIONS,2011-04,2009-10,,384.0,,384.0,,,12.01,2010-10,,2011-04,,,,0,0,,,,FR_APR_2011.pdf,Sector-Wise analysis of projects,57,548
FR_201104_549,,N26000011,549,"CONVERGENT BILLING AND CRM- MTNL(DELHI) - MTNL,Delhi",DELHI,,TELECOMMUNICATIONS,2011-04,2005-12,,249.0,229.41,229.41,,,66.2,2007-02,,2011-08,,,,0,0,,,,FR_APR_2011.pdf,Sector-Wise analysis of projects,57,549
FR_201104_550,,N26000016,550,"CONVERGENT BILLING AND CRM(MUMBAI) - MTNL,Maharashtra",MUMBAI,,TELECOMMUNICATIONS,2011-04,2006-01,,247.0,,247.0,,,75.89,2007-02,,2011-08,,,,0,0,,,,FR_APR_2011.pdf,Sector-Wise analysis of projects,57,550
FR_201104_551,,N26000078,551,"FTTH BO-3474 /08-09 in Mumbai - MTNL,Maharashtra",,,TELECOMMUNICATIONS,2011-04,2010-04,,389.86,,389.86,,,3.06,2011-09,,2011-09,,,,0,0,,,,FR_APR_2011.pdf,Sector-Wise analysis of projects,57,551
FR_201104_552,,N26000029,552,"EXPANSION OF EXISTING 750K GSM NETWORK PE NO. 992 - BSNL,Maharashtra",,,TELECOMMUNICATIONS,2011-04,2006-06,,231.38,,168.3,,,94.13,2007-10,,,,,,0,0,,,,FR_APR_2011.pdf,Sector-Wise analysis of projects,58,552
FR_201104_553,,N26000063,553,"MANAGED LEASED LINE NETWORK PH-VI - BSNL,Multi State",,,TELECOMMUNICATIONS,2011-04,2008-11,,350.0,,350.0,,,,,,,,,,0,0,,,,FR_APR_2011.pdf,Sector-Wise analysis of projects,58,553
FR_201104_554,,N26000065,554,"Execution of telecom network requirement of defence - BSNL,Multi State",,,TELECOMMUNICATIONS,2011-04,2006-05,,1077.0,,1077.0,,,841.0,2009-03,,,,,,0,0,,,,FR_APR_2011.pdf,Sector-Wise analysis of projects,58,554
FR_201104_555,,N26000067,555,"Procurement of 10G (40 chl) DWDM equipment - BSNL,Multi State",40 chl,,TELECOMMUNICATIONS,2011-04,2006-08,,590.1,,590.1,,,,2009-03,,,,,,0,0,,,,FR_APR_2011.pdf,Sector-Wise analysis of projects,58,555
FR_201104_556,,N26000088,556,"GSM equipment of 799000Lines (2G) 101000 lines 3(G - BSNL,Jharkhandd Total",2G,,TELECOMMUNICATIONS,2011-04,2008-03,,328.13,20025.99,392.44,,,5311.14,2009-03,,,,,,0,0,,,,FR_APR_2011.pdf,Sector-Wise analysis of projects,58,556
FR_201104_557,,N28000048,557,"C/o office building for IDBI at bandra Kurla Compl - CPWD,Maharashtra",,,URBAN DEVELOPMENT,2011-04,2006-11,,114.18,173.08,181.3,,,79.96,2009-04,,2011-01,,,,0,0,,,,FR_APR_2011.pdf,Sector-Wise analysis of projects,58,557
FR_201104_558,,280100002,558,"DELHI MRTS PHASE-II PROJECT - DMRC,Delhi",,,URBAN DEVELOPMENT,2011-04,2005-08,,8676.0,8605.36,18894.36,,,17548.44,2010-06,,2011-06,,,,0,10,,,,FR_APR_2011.pdf,Sector-Wise analysis of projects,58,558
FR_201104_559,,N28000008,559,"BANGALORE METRO RAIL PROJECT - MRTP,Karnataka Total",,,URBAN DEVELOPMENT,2011-04,2006-05,,6395.0,15185.18,11609.0,,,2267.57,2011-12,,2013-03,,,,6,6,,,,FR_APR_2011.pdf,Sector-Wise analysis of projects,58,559
FR_201104_560,,300100001,560,"PAGLADIYA DAM PROJECT - MoWR,Assam Total Grand Total",,,WATER RESOURCES,2011-04,2001-01,,542.9,542.9,1187.0,,,35.49,2007-12,,2012-12,,,,0,0,,,,FR_APR_2011.pdf,Sector-Wise analysis of projects,58,560
