observation_id,project_id,project_code,serial_no,project_name,agency,state,sector,report_date,approval_date,approval_date_revised,original_cost_crore,revised_cost_crore,anticipated_cost_crore,cost_overrun_original_crore,cost_overrun_revised_crore,cumulative_expenditure_crore,original_completion_date,revised_completion_date,anticipated_completion_date,time_overrun_original_months,time_overrun_revised_months,additional_delay_months,milestones_achieved,milestones_total,physical_progress_pct,delay_reason,status,source.report,source.table,source.page,source.serial_no
FR_200710_001,,,1,NEW URANIUM ORE PROCESSING MILL,,,ATOMIC ENERGY,2007-10,2003-09,,343.26,,343.26,0.0,,281.87,2006-06,,2008-03,21.0,,5.0,35,36,,,,FR_OCT_2007.pdf,Sector-Wise analysis of projects,9,1
FR_200710_002,,,2,"KAIGA ATOM IC POWER PROJECT 3 & 4 UNITS, KAIGA",,,ATOMIC ENERGY,2007-10,2001-05,,4213.0,,3282.0,-931.0,,2103.0,2009-10,,2008-03,-19.0,,,66,75,,,,FR_OCT_2007.pdf,Sector-Wise analysis of projects,9,2
FR_200710_003,,,3,KUDANKULAM APP (NPCIL),NPCIL,,ATOMIC ENERGY,2007-10,2001-12,,13171.0,,13171.0,0.0,,9777.0,2008-12,,2008-12,0.0,,,48,119,,,,FR_OCT_2007.pdf,Sector-Wise analysis of projects,9,3
FR_200710_004,,,4,"RAJASTHAN ATOMIC POWER PROJECT 5 & 6, RAWAT BHATA",,,ATOMIC ENERGY,2007-10,2002-04,,3072.0,,3072.0,0.0,,1940.0,2008-02,,2008-12,10.0,,2.0,52,75,,,,FR_OCT_2007.pdf,Sector-Wise analysis of projects,9,4
FR_200710_005,,,5,PROTOTYPE FAST BREEDER REACTOR,,,ATOMIC ENERGY,2007-10,2003-09,,3492.0,,3492.0,0.0,,708.45,2010-09,,2010-09,0.0,,,9,76,,,,FR_OCT_2007.pdf,Sector-Wise analysis of projects,9,5
FR_200710_006,,,6,Construction of New Internation Terminal Building,,,ATOMIC ENERGY,2007-10,2006-10,,245.58,,245.58,0.0,,26.69,2008-12,,2008-12,0.0,,,10,28,,,,FR_OCT_2007.pdf,Sector-Wise analysis of projects,9,6
FR_200710_007,,,7,CONSTRUCTION OF NEW INTERNATIONAL TERMINAL BUILDING,,,ATOMIC ENERGY,2007-10,2007-02,,290.92,,290.92,0.0,,20.71,2009-02,,2009-02,0.0,,,8,24,,,,FR_OCT_2007.pdf,Sector-Wise analysis of projects,9,7
FR_200710_008,,,8,POOTKI BALIHARI UG,,,COAL,2007-10,1983-12,1997-04,199.87,199.87,182.6,-17.27,-17.27,172.02,1994-03,2000-03,2007-09,162.0,90.0,,5,5,,,,FR_OCT_2007.pdf,Sector-Wise analysis of projects,9,8
FR_200710_009,,,9,BASUNDHRA(WEST)O.C.P (MCL) (2.40 MTY),,,COAL,2007-10,2003-10,,176.55,,176.55,0.0,,71.99,2008-03,,2008-03,0.0,,,3,4,,,,FR_OCT_2007.pdf,Sector-Wise analysis of projects,9,9
FR_200710_010,,,10,RAJMAHAL EXPANSION OC PROJECT,,,COAL,2007-10,2006-01,,650.06,,650.06,0.0,,,2009-03,,2009-03,0.0,,,0,0,,,,FR_OCT_2007.pdf,Sector-Wise analysis of projects,9,10
FR_200710_011,,,11,BARSINGSAR TPS OF 250 MW,,,COAL,2007-10,2004-12,,1114.18,,1626.09,511.91,,522.92,2009-06,,2009-06,0.0,,,10,26,,,,FR_OCT_2007.pdf,Sector-Wise analysis of projects,9,11
FR_200710_012,,,12,BARSINGSAR LIGNITE MINE,,,COAL,2007-10,2004-12,,254.07,,254.6,0.53,,120.29,2009-06,,2009-06,0.0,,,8,21,,,,FR_OCT_2007.pdf,Sector-Wise analysis of projects,9,12
FR_200710_013,,,13,TPS-II EXPANSION (1470MW TO 1970MW) (NLC),NLC,,COAL,2007-10,2004-10,,2030.78,,2453.57,422.79,,729.32,2009-06,,2009-06,0.0,,,6,24,,,,FR_OCT_2007.pdf,Sector-Wise analysis of projects,9,13
FR_200710_014,,,14,EXPANSION OF MINE-II,,,COAL,2007-10,2004-10,,2161.28,,,134.65,,1033.68,2009-06,,,0.0,,,12,23,,,,FR_OCT_2007.pdf,Sector-Wise analysis of projects,9,14
FR_200710_015,,,15,KRISHNASHILA,,,COAL,2007-10,2006-05,,789.88,,789.88,0.0,,69.26,2010-03,,2010-03,0.0,,,0,3,,,,FR_OCT_2007.pdf,Sector-Wise analysis of projects,10,15
FR_200710_016,,,16,JHANJRA LONGWAL UG PHASE-II,,,COAL,2007-10,2006-11,,287.18,,287.18,0.0,,,2009-11,,2010-03,4.0,,,0,1,,,,FR_OCT_2007.pdf,Sector-Wise analysis of projects,10,16
FR_200710_017,,,17,KULDA OCP,,,COAL,2007-10,2005-01,,302.96,,302.96,0.0,,42.48,2010-03,,2010-03,0.0,,,0,4,,,,FR_OCT_2007.pdf,Sector-Wise analysis of projects,10,17
FR_200710_018,,,18,"GEVRA EXPANSION OCP, 25MTY (SECL)",,,COAL,2007-10,2005-07,,1667.55,,1667.55,0.0,,487.3,2010-03,,2010-03,0.0,,,2,12,,,,FR_OCT_2007.pdf,Sector-Wise analysis of projects,10,18
FR_200710_019,,,19,DIPKA EXPANSION OCP,,,COAL,2007-10,2005-07,,1268.53,,1268.53,0.0,,473.53,2010-03,,2010-03,0.0,,,0,11,,,,FR_OCT_2007.pdf,Sector-Wise analysis of projects,10,19
FR_200710_020,,,20,BHARATPUR OC EXPANSION PHASE-III PROJECT,,,COAL,2007-10,2007-02,,131.39,,131.39,0.0,,,2010-03,,2010-03,0.0,,,0,0,,,,FR_OCT_2007.pdf,Sector-Wise analysis of projects,10,20
FR_200710_021,,,21,ASHOK OC EXPANSION,,,COAL,2007-10,2006-04,,471.66,,471.66,0.0,,85.2,2011-03,,2011-03,0.0,,,0,2,,,,FR_OCT_2007.pdf,Sector-Wise analysis of projects,10,21
FR_200710_022,,,22,KUSMUNDA EXPANSION OCP,,,COAL,2007-10,2006-06,,737.65,,737.65,0.0,,439.51,2011-03,,2011-03,0.0,,,0,4,,,,FR_OCT_2007.pdf,Sector-Wise analysis of projects,10,22
FR_200710_023,,,23,BLOCK-B OCP NCL (3.5 MTY),,,COAL,2007-10,2006-07,,746.04,,746.04,0.0,,25.33,2012-03,,2011-06,-9.0,,,0,4,,,,FR_OCT_2007.pdf,Sector-Wise analysis of projects,10,23
FR_200710_024,,,24,SHANTIKHANI LONGWALL PROJECTS,,,COAL,2007-10,2006-10,,249.03,,249.03,0.0,,11.14,2012-03,,2012-03,0.0,,,1,4,,,,FR_OCT_2007.pdf,Sector-Wise analysis of projects,10,24
FR_200710_025,,,25,"NIGAHI OC EXPANSION PROJECT 10 MTY TO 15 MTY, SINGRAULI",,,COAL,2007-10,2007-10,,529.4,,259.4,-270.0,,,2012-03,,2012-03,0.0,,,0,0,,,,FR_OCT_2007.pdf,Sector-Wise analysis of projects,10,25
FR_200710_026,,,26,BHUBANESHWARI OCP (MAHANADI COALFIELDS LTD.) (10 MTY),,,COAL,2007-10,2005-01,,336.68,,336.68,0.0,,17.62,2012-03,,2012-03,0.0,,,0,5,,,,FR_OCT_2007.pdf,Sector-Wise analysis of projects,10,26
FR_200710_027,,,27,MAGADH OC (CCL),CCL,,COAL,2007-10,2006-07,,469.78,,469.78,0.0,,2.61,2012-07,,2012-07,0.0,,,0,3,,,,FR_OCT_2007.pdf,Sector-Wise analysis of projects,10,27
FR_200710_028,,,28,JALLARAM SHAFT PROJECT UG,,,COAL,2007-10,2007-09,,467.78,,467.78,0.0,,9.64,2013-03,,2013-03,0.0,,,0,7,,,,FR_OCT_2007.pdf,Sector-Wise analysis of projects,10,28
FR_200710_029,,,29,ADRIYALA SHAFT PROJECT,,,COAL,2007-10,2006-09,,212.34,,212.34,0.0,,8.08,2013-03,,2013-03,0.0,,,2,11,,,,FR_OCT_2007.pdf,Sector-Wise analysis of projects,10,29
FR_200710_030,,,30,BINA EXTENSION OC PROJECT,,,COAL,2007-10,2006-11,,168.97,,168.97,0.0,,2.73,2014-03,,2014-03,0.0,,,1,1,,,,FR_OCT_2007.pdf,Sector-Wise analysis of projects,10,30
FR_200710_031,,,31,AMLOHRI EXPANSION PROJECT 4 TO 10 (6 MTY),,,COAL,2007-10,2006-05,,1352.04,,1352.04,0.0,,,2014-03,,2014-03,0.0,,,2,4,,,,FR_OCT_2007.pdf,Sector-Wise analysis of projects,10,31
FR_200710_032,,,32,SECOND PHASE EXPANSION OF NALCO,,,MINES,2007-10,2004-10,,4091.51,,4091.51,0.0,,1150.37,2008-12,,2008-12,0.0,,,25,111,,,,FR_OCT_2007.pdf,Sector-Wise analysis of projects,11,32
FR_200710_033,,,33,REBUILDING OF BLAST FURNACE No. 2,,,STEEL,2007-10,2006-03,,103.93,,103.93,0.0,,74.07,2007-09,,2007-11,2.0,,1.0,3,3,,,,FR_OCT_2007.pdf,Sector-Wise analysis of projects,11,33
FR_200710_034,,,34,"COKE OVEN BATTERY No.4 RASHTRIYA ISPAT NIGAM LTD.,VIZAG",,,STEEL,2007-10,2003-12,,286.63,,355.21,68.58,,269.3,2006-12,,2007-12,12.0,,,0,21,,,,FR_OCT_2007.pdf,Sector-Wise analysis of projects,11,34
FR_200710_035,,,35,"INSTALLATION OF SLAB CASTLER, RH DEGASSER AND LADLE FURNACE",,,STEEL,2007-10,2005-07,,520.76,,520.76,0.0,,302.44,2007-09,,2008-03,6.0,,,6,6,,,,FR_OCT_2007.pdf,Sector-Wise analysis of projects,11,35
FR_200710_036,,,36,REBUILDING OF COKE OVEN BATTERY No.5,,,STEEL,2007-10,2004-12,,219.04,,219.04,0.0,,90.88,2007-01,,2008-03,14.0,,,4,8,,,,FR_OCT_2007.pdf,Sector-Wise analysis of projects,11,36
FR_200710_037,,,37,COAL DUST INJECTION SYSTEM IN BLAST FURNACE-2 & 3,,,STEEL,2007-10,2006-04,,132.73,,133.92,1.19,,24.81,2008-05,,2008-07,2.0,,2.0,0,2,,,,FR_OCT_2007.pdf,Sector-Wise analysis of projects,11,37
FR_200710_038,,,38,Coking Coal Storage Facilities in Coal Handling Plant,,,STEEL,2007-10,2006-09,,133.91,,134.32,0.41,,16.35,2008-03,,2008-09,6.0,,6.0,1,3,,,,FR_OCT_2007.pdf,Sector-Wise analysis of projects,11,38
FR_200710_039,,,39,INSTALLATION OF MSDS-V & TRANSMISSION NETWORK,,,STEEL,2007-10,2007-05,,143.02,,143.02,0.0,,11.18,2008-11,,2008-11,0.0,,,0,0,,,,FR_OCT_2007.pdf,Sector-Wise analysis of projects,11,39
FR_200710_040,,,40,INSTALLATION OF NEW COKE OVEN GAS HOLDER,,,STEEL,2007-10,2007-07,,123.22,,123.22,0.0,,0.01,2009-06,,2009-06,0.0,,,0,0,,,,FR_OCT_2007.pdf,Sector-Wise analysis of projects,11,40
FR_200710_041,,,41,INSTALLATION OF 700 TONNES PER DAY OXYGEN PLANT,,,STEEL,2007-10,2007-07,,302.7,,302.7,0.0,,0.08,2009-06,,2009-06,0.0,,,0,0,,,,FR_OCT_2007.pdf,Sector-Wise analysis of projects,11,41
FR_200710_042,,,42,700 tpd Air Separation Unit-4 at Oxygen Plant-II,,,STEEL,2007-10,2007-07,,244.3,,244.3,0.0,,,2009-07,,2009-07,0.0,,,0,0,,,,FR_OCT_2007.pdf,Sector-Wise analysis of projects,11,42
FR_200710_043,,,43,REBUILDING OF COKE OVEN BATTERY NO.4,,,STEEL,2007-10,2007-05,,248.94,,248.94,0.0,,2.34,2009-08,,2009-08,0.0,,,0,0,,,,FR_OCT_2007.pdf,Sector-Wise analysis of projects,11,43
FR_200710_044,,,44,REBUILDING OF COKE OVEN BATTERY NO.10,,,STEEL,2007-10,2007-03,,416.5,,416.5,0.0,,7.78,2009-09,,2009-09,0.0,,,0,0,,,,FR_OCT_2007.pdf,Sector-Wise analysis of projects,11,44
FR_200710_045,,,45,Development of Bailadila Iron Ore project Deposite-11B,,,STEEL,2007-10,2003-01,,295.89,,295.89,0.0,,20.17,2009-10,,2009-10,0.0,,,2,20,,,,FR_OCT_2007.pdf,Sector-Wise analysis of projects,11,45
FR_200710_046,,,46,EXPANSION OF RINL/VSP FROM 3 MTPY-6.3 MTPY OF LIQUID STEEL,,,STEEL,2007-10,2005-10,,8692.0,,8692.0,0.0,,508.0,2009-10,,2010-02,4.0,,,0,126,,,,FR_OCT_2007.pdf,Sector-Wise analysis of projects,11,46
FR_200710_047,,,47,"DEVELOPMENT OF SB-11, BASSEIN FIELD",,,PETROLEUM,2007-10,2005-03,,245.33,,140.04,-105.29,,132.47,2007-05,,2007-11,6.0,,2.0,0,0,,,,FR_OCT_2007.pdf,Sector-Wise analysis of projects,12,47
FR_200710_048,,,48,"DAHEJ-HAZIRA-URAN GAS PIPELINE, MULTISTATE",,,PETROLEUM,2007-10,2002-12,,1416.0,,1521.23,105.23,,978.95,2005-07,,2007-12,29.0,,,9,10,,,,FR_OCT_2007.pdf,Sector-Wise analysis of projects,12,48
FR_200710_049,,,49,ADDITIONAL DEVELOPMENT OF A-1 LAYER,,,PETROLEUM,2007-10,2005-04,,910.53,,910.53,0.0,,734.67,2006-12,,2007-12,12.0,,,0,0,,,,FR_OCT_2007.pdf,Sector-Wise analysis of projects,12,49
FR_200710_050,,,50,CRUDE OIL RECEIPT FACLITIES (KOCHI REFINERIES LTD) (BPCL),BPCL,,PETROLEUM,2007-10,2004-03,,622.82,,821.0,198.18,,540.62,2007-05,,2007-12,7.0,,,0,0,,,,FR_OCT_2007.pdf,Sector-Wise analysis of projects,12,50
FR_200710_051,,,51,PARADIP-HALDIA CRUDE OIL PIPLINE SYSTEM,,,PETROLEUM,2007-10,2004-03,,1178.0,,1170.0,-8.0,,1056.9,2006-03,,2007-12,21.0,,,0,0,,,,FR_OCT_2007.pdf,Sector-Wise analysis of projects,12,51
FR_200710_052,,,52,"BARGE BUMPER, BOAT LANDING AND RISER PROTECTORS PROJECT",,,PETROLEUM,2007-10,2006-09,,148.84,,148.84,0.0,,61.25,2008-02,,2008-02,0.0,,,0,0,,,,FR_OCT_2007.pdf,Sector-Wise analysis of projects,12,52
FR_200710_053,,,53,GREEN FUELS & EMISSION CONTROL PROJECT AT MUMBAI REFINERY,,,PETROLEUM,2007-10,2002-10,,1152.0,,1731.01,579.01,,1188.56,2005-04,,2008-02,34.0,,,64,72,,,,FR_OCT_2007.pdf,Sector-Wise analysis of projects,12,53
FR_200710_054,,,54,CLEAN FUELS PROJECT VIZAG REFINERY MODERNISATION,,,PETROLEUM,2007-10,2003-04,,1635.0,,2147.79,512.79,,1817.08,2006-05,,2008-03,22.0,,,12,45,,,,FR_OCT_2007.pdf,Sector-Wise analysis of projects,12,54
FR_200710_055,,,55,ADDITIONAL DEVELOPMENT OF BASIN FIELD AND 2nd STAGE BOOSTER,,,PETROLEUM,2007-10,2004-03,,1770.69,,2937.01,1166.32,,1761.7,2008-01,,2008-03,2.0,,,0,0,,,,FR_OCT_2007.pdf,Sector-Wise analysis of projects,12,55
FR_200710_056,,,56,"ADDITIONAL DEVELOPMENT HEERA, PART-II",,,PETROLEUM,2007-10,2005-01,,569.07,,569.07,0.0,,305.57,2007-04,,2008-03,11.0,,6.0,0,0,,,,FR_OCT_2007.pdf,Sector-Wise analysis of projects,12,56
FR_200710_057,,,57,"DEVELOPMENT OF BASSEIN (VASAI) EAST, WESTERN OFFSHORE",,,PETROLEUM,2007-10,2003-04,,985.17,,1688.38,703.21,,708.93,2006-03,,2008-04,25.0,,,0,0,,,,FR_OCT_2007.pdf,Sector-Wise analysis of projects,12,57
FR_200710_058,,,58,DABHOL-PANVEL PIPELINE PROJECT,,,PETROLEUM,2007-10,2006-01,,1143.54,,1326.52,182.98,,471.14,2007-07,,2008-04,9.0,,,6,13,,,,FR_OCT_2007.pdf,Sector-Wise analysis of projects,12,58
FR_200710_059,,,59,INTEGRATED DEVELOPMENT OF G1 & GS- 15 FIELDS,,,PETROLEUM,2007-10,2003-04,,429.82,,1262.93,833.11,,854.5,2005-03,,2008-04,37.0,,,0,0,,,,FR_OCT_2007.pdf,Sector-Wise analysis of projects,12,59
FR_200710_060,,,60,C2-C3 & LPG RECOVERY FROM LNG AT DAHEJ,,,PETROLEUM,2007-10,2003-12,,900.92,,1493.49,592.57,,184.14,2006-06,,2008-05,23.0,,,0,0,,,,FR_OCT_2007.pdf,Sector-Wise analysis of projects,12,60
FR_200710_061,,,61,PANIPAT-JALANDHAR LPG PIPELINE,,,PETROLEUM,2007-10,2006-05,,186.72,,186.72,0.0,,60.5,2008-08,,2008-08,0.0,,,0,0,,,,FR_OCT_2007.pdf,Sector-Wise analysis of projects,12,61
FR_200710_062,,,62,PROPYLENE RECOVERY UNIT AT MUMBAI REFINARY,,,PETROLEUM,2007-10,2006-10,,342.65,,342.65,0.0,,,2008-10,,2008-10,0.0,,,0,0,,,,FR_OCT_2007.pdf,Sector-Wise analysis of projects,12,62
FR_200710_063,,,63,KOYALI-RATLAM PRODUCT PIPLINE,,,PETROLEUM,2007-10,2004-12,,224.69,,194.28,-30.41,,148.24,2006-12,,2008-10,22.0,,,0,0,,,,FR_OCT_2007.pdf,Sector-Wise analysis of projects,12,63
FR_200710_064,,,64,DEVELOPMENT OF C-SERIES FIELDS,,,PETROLEUM,2007-10,2006-08,,3195.16,,,-1395.16,,169.54,2008-12,,,0.0,,,0,0,,,,FR_OCT_2007.pdf,Sector-Wise analysis of projects,12,64
FR_200710_065,,,65,AUGMENTATION OF MUNDRA-PANIPAT LINE,,,PETROLEUM,2007-10,2005-06,,205.0,,205.0,0.0,,19.13,2008-03,,2008-12,9.0,,,0,0,,,,FR_OCT_2007.pdf,Sector-Wise analysis of projects,13,65
FR_200710_066,,,66,EXPANSION OF PANIPAT REFINERY 15 MMTPA,,,PETROLEUM,2007-10,2005-06,,806.0,,806.0,0.0,,115.09,2008-03,,2008-12,9.0,,,0,0,,,,FR_OCT_2007.pdf,Sector-Wise analysis of projects,13,66
FR_200710_067,,,67,DADRI PANIPAT LNG PIPLINE,,,PETROLEUM,2007-10,2005-06,,250.66,,250.66,0.0,,1.52,2008-06,,2009-01,7.0,,,0,0,,,,FR_OCT_2007.pdf,Sector-Wise analysis of projects,13,67
FR_200710_068,,,68,DEVELOPMENT OF B-22 CLUSTER FIELDS,,,PETROLEUM,2007-10,2007-01,,1552.63,,1552.63,0.0,,,2009-02,,2009-02,0.0,,,0,0,,,,FR_OCT_2007.pdf,Sector-Wise analysis of projects,13,68
FR_200710_069,,,69,"IMPROVED OIL RECOVERY PROJECT, RUDRASAGAR",,,PETROLEUM,2007-10,2001-09,,113.9,,219.22,105.32,,127.12,2006-03,,2009-03,36.0,,,6,6,,,,FR_OCT_2007.pdf,Sector-Wise analysis of projects,13,69
FR_200710_070,,,70,LUBE OIL BASE STOCK QUALITY UP GRADATION,,,PETROLEUM,2007-10,2006-10,,638.9,,638.9,0.0,,11.3,2009-04,,2009-04,0.0,,,0,0,,,,FR_OCT_2007.pdf,Sector-Wise analysis of projects,13,70
FR_200710_071,,,71,CHENNAI-BANGLORE PIPLINE,,,PETROLEUM,2007-10,2007-07,,232.11,,232.11,0.0,,1.12,2009-07,,2009-07,0.0,,,0,0,,,,FR_OCT_2007.pdf,Sector-Wise analysis of projects,13,71
FR_200710_072,,,72,"CRUDE OIL RECEIPT FACILITY, KOCHI REFINERY",,,PETROLEUM,2007-10,2006-04,,2591.8,,2591.8,0.0,,25.83,2009-09,,2009-09,0.0,,,0,0,,,,FR_OCT_2007.pdf,Sector-Wise analysis of projects,13,72
FR_200710_073,,,73,DIESEL HYDROGEN TREATMENT PROJECT BONGAIGAON,,,PETROLEUM,2007-10,2006-05,,1431.91,,1431.91,0.0,,186.13,2009-09,,2009-10,1.0,,,0,69,,,,FR_OCT_2007.pdf,Sector-Wise analysis of projects,13,73
FR_200710_074,,,74,PANIPAT-NAPHTA CRACKER PROJECT,,,PETROLEUM,2007-10,2006-04,,12138.0,,14439.0,2301.0,,2144.16,2009-09,,2009-11,2.0,,,0,0,,,,FR_OCT_2007.pdf,Sector-Wise analysis of projects,13,74
FR_200710_075,,,75,INST. OF FACILITIES FOR IMPROVEMENT IN DIESEL QUALITY (IOCL),,,PETROLEUM,2007-10,2005-11,,1876.0,,2869.0,993.0,,379.32,2009-04,,2009-12,8.0,,,0,0,,,,FR_OCT_2007.pdf,Sector-Wise analysis of projects,13,75
FR_200710_076,,,76,RESIDUE UPGRADATION & MS/HSD QUANLITY IMPROVEMENT PROJECT,,,PETROLEUM,2007-10,2007-01,,5693.0,,5693.0,0.0,,182.25,2010-01,,2010-01,0.0,,,0,0,,,,FR_OCT_2007.pdf,Sector-Wise analysis of projects,13,76
FR_200710_077,,,77,OFFSHORE GRID INTER CONNECTIVITY PROJECT IN MUMBAI HIGH,,,PETROLEUM,2007-10,2007-01,,740.02,,740.02,0.0,,,2010-03,,2010-03,0.0,,,0,0,,,,FR_OCT_2007.pdf,Sector-Wise analysis of projects,13,77
FR_200710_078,,,78,DEVELOPMENT OF B-193 CLUSTER FIELDS,,,PETROLEUM,2007-10,2007-06,,3248.78,,3248.78,0.0,,,2010-03,,2010-03,0.0,,,0,0,,,,FR_OCT_2007.pdf,Sector-Wise analysis of projects,13,78
FR_200710_079,,,79,IOR LAKWA-LAKHMANI,,,PETROLEUM,2007-10,2001-09,,345.1,,429.38,84.28,,323.5,2007-03,,2010-03,36.0,,,3,3,,,,FR_OCT_2007.pdf,Sector-Wise analysis of projects,13,79
FR_200710_080,,,80,CONSTRUCTION OF NEW PROCESS COMPLEX MHN,,,PETROLEUM,2007-10,2007-01,,2853.29,,2853.29,0.0,,,2010-05,,2010-04,-1.0,,,0,0,,,,FR_OCT_2007.pdf,Sector-Wise analysis of projects,13,80
FR_200710_081,,,81,HEERA AND SOUTH HEERA REDEVELOPMENT PROJECT,,,PETROLEUM,2007-10,2006-09,,2305.3,,1339.25,-966.05,,124.98,2010-06,,2010-06,0.0,,,0,0,,,,FR_OCT_2007.pdf,Sector-Wise analysis of projects,13,81
FR_200710_082,,,82,"IMPROVED OIL RECOVERY PROJECT, GELEKI",,,PETROLEUM,2007-10,2001-09,,390.09,,,444.81,,458.67,2007-03,,,48.0,,,6,6,,,,FR_OCT_2007.pdf,Sector-Wise analysis of projects,13,82
FR_200710_083,,,83,MDPL PROJECT(HPCL),HPCL,,PETROLEUM,2007-10,2004-04,,1623.84,,1756.93,133.09,,1336.18,2007-08,,,,,,9,10,,,,FR_OCT_2007.pdf,Sector-Wise analysis of projects,14,83
FR_200710_084,,,84,TRANSMISSION SYSTEM ASSOCIATED WITH TALA HYDRO ELECTRIC PROJ,,,POWER,2007-10,2003-06,,1980.7,,2483.88,503.18,,396.7,2006-06,,2007-08,14.0,,,29,37,,,,FR_OCT_2007.pdf,Sector-Wise analysis of projects,14,84
FR_200710_085,,,85,VINDHYACHAL STAGE -III TRANSMISSION SYSTEM (P.GR.),,,POWER,2007-10,2004-07,,596.47,,692.41,95.94,,577.31,2007-07,,2007-11,4.0,,1.0,9,11,,,,FR_OCT_2007.pdf,Sector-Wise analysis of projects,14,85
FR_200710_086,,,86,TRANSMISSION SYSTEM - TEESTA-V HEP(3*170) (P.GRID),P.GRID,,POWER,2007-10,2004-12,,208.75,,251.57,42.82,,191.4,2008-05,,2007-12,-5.0,,1.0,11,23,,,,FR_OCT_2007.pdf,Sector-Wise analysis of projects,14,86
FR_200710_087,,,87,NORTHERN REGION SYSTEM STRENGTHENING SCHEME-I (336 CKM),,,POWER,2007-10,2004-01,,271.8,,281.38,9.58,,271.88,2006-07,,2007-12,17.0,,1.0,7,13,,,,FR_OCT_2007.pdf,Sector-Wise analysis of projects,14,87
FR_200710_088,,,88,UPGR. OF TRANSFER CAPACITY OF TALCHER KOLAR HVDC BIPO(PGCIL),,,POWER,2007-10,2005-07,,118.33,,118.33,0.0,,73.77,2008-04,,2007-12,-4.0,,2.0,5,5,,,,FR_OCT_2007.pdf,Sector-Wise analysis of projects,14,88
FR_200710_089,,,89,SIPAT TRANSMISSION SYSTEM STAGE-I (3x660 MW) (2104 CKM),,,POWER,2007-10,2003-12,,1454.79,,1997.75,542.96,,2018.69,2007-02,,2007-12,10.0,,,19,23,,,,FR_OCT_2007.pdf,Sector-Wise analysis of projects,14,89
FR_200710_090,,,90,KAIGA 3&4 TRANSMISSION SYSTEM (759 CKM),,,POWER,2007-10,2005-03,,596.45,,588.25,-8.2,,446.76,2007-12,,2007-12,0.0,,,3,18,,,,FR_OCT_2007.pdf,Sector-Wise analysis of projects,14,90
FR_200710_091,,,91,SYSTEM STRENGTHENING SCHEME-VI OF SOUTHERN REGION (156 CKM),,,POWER,2007-10,2005-03,,113.73,,113.73,0.0,,91.97,2007-12,,2007-12,0.0,,,13,20,,,,FR_OCT_2007.pdf,Sector-Wise analysis of projects,14,91
FR_200710_092,,,92,"NEYVELI TS-II TRANSIMISSION SYSTEM, 838 CKM",,,POWER,2007-10,2005-01,,691.83,,778.05,86.22,,376.53,2007-12,,2007-12,0.0,,,10,20,,,,FR_OCT_2007.pdf,Sector-Wise analysis of projects,14,92
FR_200710_093,,,93,SIPAT STAGE-II TRANSMISSION SYSTEM (2x500 MW) (680 CKM),,,POWER,2007-10,2004-08,,601.9,,635.0,33.1,,611.53,2007-08,,2007-12,4.0,,,4,13,,,,FR_OCT_2007.pdf,Sector-Wise analysis of projects,14,93
FR_200710_094,,,94,WESTERN REGION SYSTEM STRENGTHENING SCHEME - 1(PR. GR.),,,POWER,2007-10,2004-08,,199.21,,206.53,7.32,,165.45,2007-11,,2008-01,2.0,,2.0,11,19,,,,FR_OCT_2007.pdf,Sector-Wise analysis of projects,14,94
FR_200710_095,,,95,"SIPAT STPP STAGE-II, 2x500 MW",,,POWER,2007-10,2003-11,,4039.67,,4039.67,0.0,,2693.55,2007-12,,2008-01,1.0,,1.0,34,40,,,,FR_OCT_2007.pdf,Sector-Wise analysis of projects,14,95
FR_200710_096,,,96,"KAHALGAON STPP STAGE-II, 3x500 MW",,,POWER,2007-10,2004-05,,5868.31,,5868.37,0.06,,3819.36,2007-05,,2008-02,9.0,,2.0,49,57,,,,FR_OCT_2007.pdf,Sector-Wise analysis of projects,14,96
FR_200710_097,,,97,RAPP 5&6 TRANSMISSION SYSTEM (448 CKM),,,POWER,2007-10,2005-06,,499.45,,509.79,10.34,,400.23,2008-03,,2008-03,0.0,,,5,18,,,,FR_OCT_2007.pdf,Sector-Wise analysis of projects,14,97
FR_200710_098,,,98,NORTHERN REGION SYSTEM STRENGTHING SCHEME-III (180 CKM),,,POWER,2007-10,2004-07,,230.52,,265.74,35.22,,190.57,2008-03,,2008-03,0.0,,,5,14,,,,FR_OCT_2007.pdf,Sector-Wise analysis of projects,14,98
FR_200710_099,,,99,TEESTA HYDRO ELECTRIC,,,POWER,2007-10,2000-02,,2198.04,,,0.0,,2369.45,2007-02,,,13.0,,,26,41,,,,FR_OCT_2007.pdf,Sector-Wise analysis of projects,14,99
FR_200710_100,,,100,KAHALGOAN STAGE-II (PHASE-II) TRANSMISSION SYSTEM (816 CKM),,,POWER,2007-10,2005-01,,464.02,,464.02,0.0,,403.8,2007-10,,2008-03,5.0,,3.0,9,18,,,,FR_OCT_2007.pdf,Sector-Wise analysis of projects,15,100
FR_200710_101,,,101,SIPAT-II SUPPLEMENTARY TRANSMISSION SYSTEM (1167 CKM),,,POWER,2007-10,2005-06,,813.67,,831.47,17.8,,197.07,2008-06,,2008-06,0.0,,,2,22,,,,FR_OCT_2007.pdf,Sector-Wise analysis of projects,15,101
FR_200710_102,,,102,KOLDAM - HEP TRANSMISSION SYSTEM (396 CKM),,,POWER,2007-10,2005-09,,464.91,,464.91,0.0,,39.24,2008-09,,2008-10,1.0,,1.0,9,22,,,,FR_OCT_2007.pdf,Sector-Wise analysis of projects,15,102
FR_200710_103,,,103,KUNADANKULAM-APP TRANSMISSION SYSTEM (1838 CKM),,,POWER,2007-10,2005-05,,1779.29,,1779.29,0.0,,809.19,2008-11,,2008-11,0.0,,,15,38,,,,FR_OCT_2007.pdf,Sector-Wise analysis of projects,15,103
FR_200710_104,,,104,TRANSMISSION SYSTEM ASSOCIATED WITH NORTH- WEST TRANS.(PGCIL),,,POWER,2007-10,2006-01,,483.1,,483.1,0.0,,94.38,2009-01,,2009-01,0.0,,,0,0,,,,FR_OCT_2007.pdf,Sector-Wise analysis of projects,15,104
FR_200710_105,,,105,SY.STR. IN SOUTH-WESTERN PART OF NORTHERN GRID (PART-A) SCH,,,POWER,2007-10,2006-10,,381.28,,381.28,0.0,,63.12,2009-04,,2009-04,0.0,,,1,19,,,,FR_OCT_2007.pdf,Sector-Wise analysis of projects,15,105
FR_200710_106,,,106,"KOLDAM HYDRO ELECTRIC PROJECT, 4x200 MW",,,POWER,2007-10,2002-10,,4527.15,,4527.15,0.0,,1796.54,2009-04,,2009-04,0.0,,,19,41,,,,FR_OCT_2007.pdf,Sector-Wise analysis of projects,15,106
FR_200710_107,,,107,SYSTEM STRENGTENING SCHEME IN ROORKEE AREA (PGCIL),,,POWER,2007-10,2005-12,,109.95,,109.95,0.0,,14.69,2009-05,,2009-05,0.0,,,2,20,,,,FR_OCT_2007.pdf,Sector-Wise analysis of projects,15,107
FR_200710_108,,,108,NORTHERN REGION SYSTEM STRENGTHENING SCHEME-V (1222 CKM),,,POWER,2007-10,2006-06,,721.25,,721.25,0.0,,155.78,2009-06,,2009-06,0.0,,,3,19,,,,FR_OCT_2007.pdf,Sector-Wise analysis of projects,15,108
FR_200710_109,,,109,SEWA-II HYDRO ELECTRIC PROJECT 3x40 MW,,,POWER,2007-10,2003-09,,665.46,,665.46,0.0,,541.72,2007-09,,2009-06,21.0,,6.0,10,36,,,,FR_OCT_2007.pdf,Sector-Wise analysis of projects,15,109
FR_200710_110,,,110,EAST-WEST TRANSNISSION CORRIDOR STRENGTHNING SCHEME,,,POWER,2007-10,2006-06,,803.7,,803.7,0.0,,0.12,2009-06,,2009-06,0.0,,,0,20,,,,FR_OCT_2007.pdf,Sector-Wise analysis of projects,15,110
FR_200710_111,,,111,ENHANCEMENT OF TRANSMISSION CAPACITY IN EAST-WEST CORRIDOR,,,POWER,2007-10,2006-10,,103.8,,103.8,0.0,,,2009-06,,2009-06,0.0,,,0,0,,,,FR_OCT_2007.pdf,Sector-Wise analysis of projects,15,111
FR_200710_112,,,112,NORTHERN REGION SYSTEM STRENGTHENING SCHEME- VI (54 CKM),,,POWER,2007-10,2007-01,,186.95,,186.95,0.0,,,2009-07,,2009-07,0.0,,,2,21,,,,FR_OCT_2007.pdf,Sector-Wise analysis of projects,15,112
FR_200710_113,,,113,SYSTEM STRENGTHENING- VII OF SOUTHERN REGION (248 CKM),,,POWER,2007-10,2005-05,,279.3,,291.21,11.91,,110.6,2009-07,,2009-07,0.0,,,5,18,,,,FR_OCT_2007.pdf,Sector-Wise analysis of projects,15,113
FR_200710_114,,,114,TRANSMISSION SY. ASSOCIATED WITH BARH GENER. PROJECT(P.GR.),,,POWER,2007-10,2005-12,,3779.46,,3779.46,0.0,,969.21,2009-09,,2009-09,0.0,,,9,30,,,,FR_OCT_2007.pdf,Sector-Wise analysis of projects,15,114
FR_200710_115,,,115,KOTESWAR TRANSMISSION SYSTEM (PGCIL),,,POWER,2007-10,2006-06,,260.34,,260.34,0.0,,80.67,2008-06,,2009-09,15.0,,3.0,5,20,,,,FR_OCT_2007.pdf,Sector-Wise analysis of projects,15,115
FR_200710_116,,,116,SY. STR. IN SOUTH-WESTERN PART OF NORTHERN GRID (PART-B),,,POWER,2007-10,2006-10,,150.26,,150.26,0.0,,37.66,2009-10,,2009-10,0.0,,,5,20,,,,FR_OCT_2007.pdf,Sector-Wise analysis of projects,15,116
FR_200710_117,,,117,EASTERN REGION,,,POWER,2007-10,2004-10,,975.96,,,0.0,,33.17,2009-10,,,0.0,,,2,20,,,,FR_OCT_2007.pdf,Sector-Wise analysis of projects,15,117
FR_200710_118,,,118,"SIPAT STPP STAGE -I, 3x660 MW",,,POWER,2007-10,2003-12,,8323.39,,8323.39,0.0,,4163.17,2009-12,,2009-12,0.0,,,33,56,,,,FR_OCT_2007.pdf,Sector-Wise analysis of projects,16,118
FR_200710_119,,,119,TESSTA LOW DAM HYDRO ELECTRIC PROJECT STAGE- III 4x33 MW,,,POWER,2007-10,2003-10,,768.92,,768.92,0.0,,524.81,2007-03,,2009-12,33.0,,6.0,2,25,,,,FR_OCT_2007.pdf,Sector-Wise analysis of projects,16,119
FR_200710_120,,,120,NORTHERN REGION SYSTEM STRENGTHENING SCHEME- VIII (68 CKM),,,POWER,2007-10,2006-10,,220.69,,220.69,0.0,,,2009-04,,2009-12,8.0,,,0,0,,,,FR_OCT_2007.pdf,Sector-Wise analysis of projects,16,120
FR_200710_121,,,121,"TRANSMISSION SYSTEM ASSOCIATED WITH PARBATI-III HEP, 543 CKM",,,POWER,2007-10,2006-07,,557.24,,557.24,0.0,,1.14,2010-01,,2010-01,0.0,,,0,22,,,,FR_OCT_2007.pdf,Sector-Wise analysis of projects,16,121
FR_200710_122,,,122,"KORBA STPP STAGE-III, 1x500 MW",,,POWER,2007-10,2006-08,,2448.5,,2448.49,-0.01,,461.26,2010-02,,2010-02,0.0,,,5,26,,,,FR_OCT_2007.pdf,Sector-Wise analysis of projects,16,122
FR_200710_123,,,123,TUIRIAL HYDRO ELECTRIC PROJECT (2x30MW),,,POWER,2007-10,1998-07,,368.72,,689.81,321.09,,234.61,2006-07,,2010-03,44.0,,,2,5,,,,FR_OCT_2007.pdf,Sector-Wise analysis of projects,16,123
FR_200710_124,,,124,"KOTESHWAR HYDRO ELECTRIC PROJECT, 4x100 MW",,,POWER,2007-10,2000-04,,1301.56,,1301.56,0.0,,601.1,2005-04,,2010-06,62.0,,,0,0,,,,FR_OCT_2007.pdf,Sector-Wise analysis of projects,16,124
FR_200710_125,,,125,WESTERN REGION SYSTEM STRENGTHENING SCHEME-II (7075 CKM),,,POWER,2007-10,2006-07,,5221.23,,5221.23,0.0,,49.94,2010-07,,2010-07,0.0,,,1,20,,,,FR_OCT_2007.pdf,Sector-Wise analysis of projects,16,125
FR_200710_126,,,126,TEESTA LOW DAM HYDRO ELECTRIC PROJECT STAGE- IV 4x40 MW,,,POWER,2007-10,2005-09,,1061.38,,1061.38,0.0,,174.0,2009-09,,2010-08,11.0,,3.0,0,0,,,,FR_OCT_2007.pdf,Sector-Wise analysis of projects,16,126
FR_200710_127,,,127,"FARAKKA STPP STAGE-III, 1x500 MW",,,POWER,2007-10,2006-07,,2570.44,,2570.44,0.0,,253.96,2010-08,,2010-08,0.0,,,11,26,,,,FR_OCT_2007.pdf,Sector-Wise analysis of projects,16,127
FR_200710_128,,,128,CHAMERA HYDRO ELECTRIC PROJECT STAGE-III 231 MW,,,POWER,2007-10,2005-08,,1405.63,,1405.63,0.0,,312.26,2010-08,,2010-08,0.0,,,0,0,,,,FR_OCT_2007.pdf,Sector-Wise analysis of projects,16,128
FR_200710_129,,,129,"NIMOO BAZGO HYDRO ELECTRIC PROJECT, 3x15 MW",,,POWER,2007-10,2006-08,,611.01,,611.01,0.0,,110.63,2010-08,,2010-08,0.0,,,0,0,,,,FR_OCT_2007.pdf,Sector-Wise analysis of projects,16,129
FR_200710_130,,,130,URI H.E.P STAGE -II (NHPC),NHPC,,POWER,2007-10,2005-08,,1729.29,,1724.79,-4.5,,238.42,2009-11,,2010-08,9.0,,5.0,0,0,,,,FR_OCT_2007.pdf,Sector-Wise analysis of projects,16,130
FR_200710_131,,,131,TRANSMISSION SYSTEM ASSOCIATED WITH PARBATI = II HEP,,,POWER,2007-10,2005-12,,358.42,,358.42,0.0,,3.89,2008-12,,2010-09,21.0,,,0,15,,,,FR_OCT_2007.pdf,Sector-Wise analysis of projects,16,131
FR_200710_132,,,132,"NATIONAL CAPITAL THERMAL POWER PROJECT STAGE-II, 2x490 MW",,,POWER,2007-10,2006-10,,5135.33,,5135.33,0.0,,531.39,2010-10,,2010-10,0.0,,,8,40,,,,FR_OCT_2007.pdf,Sector-Wise analysis of projects,16,132
FR_200710_133,,,133,PARBATI HYDRO ELECTRIC PROJECT STAGE -III 4x130 MW,,,POWER,2007-10,2005-10,,2304.56,,2304.56,0.0,,313.01,2010-10,,2010-11,1.0,,,0,0,,,,FR_OCT_2007.pdf,Sector-Wise analysis of projects,16,133
FR_200710_134,,,134,PARBATI HYDRO ELECTRIC PROJECT STAGE-II 4x200 MW,,,POWER,2007-10,2002-09,,3919.59,,3919.59,0.0,,1953.78,2009-09,,2010-12,15.0,,,2,20,,,,FR_OCT_2007.pdf,Sector-Wise analysis of projects,16,134
FR_200710_135,,,135,"BARH STPP, 3x660 MW",,,POWER,2007-10,2003-12,,8692.97,,,0.0,,1777.33,2010-11,,,3.0,,,14,51,,,,FR_OCT_2007.pdf,Sector-Wise analysis of projects,16,135
FR_200710_136,,,136,"CHUTAK HYDRO ELECTRIC PROJECT 4X11 MW, KARGIL",,,POWER,2007-10,2006-08,,621.26,,621.26,0.0,,91.75,2011-02,,2011-02,0.0,,,0,0,,,,FR_OCT_2007.pdf,Sector-Wise analysis of projects,17,136
FR_200710_137,,,137,KAMENG HYDRO ELECTRIC PROJECT 4x150 MW,,,POWER,2007-10,2004-12,,2496.9,,2496.9,0.0,,606.26,2009-12,,2011-03,15.0,,,0,107,,,,FR_OCT_2007.pdf,Sector-Wise analysis of projects,17,137
FR_200710_138,,,138,Transmission System Associated with Uri-II HEP (114 CKM),,,POWER,2007-10,2006-10,,238.25,,238.25,0.0,,,,,2011-05,,,,0,0,,,,FR_OCT_2007.pdf,Sector-Wise analysis of projects,17,138
FR_200710_139,,,139,"LOHARINAG PALA HYDRO ELECTRIC PROJECT, 4x150 MW",,,POWER,2007-10,2006-06,,2895.1,,2895.1,0.0,,182.4,2011-11,,2011-10,-1.0,,,6,34,,,,FR_OCT_2007.pdf,Sector-Wise analysis of projects,17,139
FR_200710_140,,,140,"TEHRI PUMPED STORAGE PLANT, 4x250 MW",,,POWER,2007-10,2006-07,,1657.0,,1657.6,0.6,,203.16,2010-07,,2011-12,17.0,,6.0,0,0,,,,FR_OCT_2007.pdf,Sector-Wise analysis of projects,17,140
FR_200710_141,,,141,LOWER SUBANSIRI HYDRO ELECTRIC PROJECT 8x250 MW,,,POWER,2007-10,2003-09,,6285.33,,6285.33,0.0,,1714.4,2010-09,,2012-01,16.0,,,2,11,,,,FR_OCT_2007.pdf,Sector-Wise analysis of projects,17,141
FR_200710_142,,,142,RAMPUR HYDRO ELECTRIC PROJECT 412 MW,,,POWER,2007-10,2007-01,,2047.03,,2047.03,0.0,,149.53,2012-01,,2012-01,0.0,,,2,10,,,,FR_OCT_2007.pdf,Sector-Wise analysis of projects,17,142
FR_200710_143,,,143,"TAPOVAN-VISHNUGAD HYDRO ELECTRIC PROJECT, 4x130 MW",,,POWER,2007-10,2006-11,,2978.48,,2978.48,0.0,,147.21,2013-03,,2013-03,0.0,,,4,31,,,,FR_OCT_2007.pdf,Sector-Wise analysis of projects,17,143
FR_200710_144,,,144,KISHANGANGA HYDRO ELECTRIC PROJECT,,,POWER,2007-10,2007-07,,2238.67,,2238.67,0.0,,,2014-07,,2014-07,0.0,,,0,0,,,,FR_OCT_2007.pdf,Sector-Wise analysis of projects,17,144
FR_200710_145,,,145,SYSTEM STRENGTHNING SCHEME-V OF SOUTH REGION,,,POWER,2007-10,2004-06,,92.12,,105.86,13.74,,32.71,2007-06,,,,,,0,0,,,,FR_OCT_2007.pdf,Sector-Wise analysis of projects,17,145
FR_200710_146,,,146,LOKTAK DOWNSTREAM HYDRO ELECTRIC PROJECT 3x30/2x33 MW,,,POWER,2007-10,1999-12,,578.62,,578.62,0.0,,28.33,2006-06,,,,,,0,0,,,,FR_OCT_2007.pdf,Sector-Wise analysis of projects,17,146
FR_200710_147,,,147,NORTH-EAST INDIRA GANDHI REGIONAL INSTITUTE OF H & MS,,,HEALTH & FW,2007-10,1986-05,2001-02,71.18,422.6,443.15,371.97,20.55,333.22,1999-03,2005-03,2007-11,104.0,32.0,,7,16,,,,FR_OCT_2007.pdf,Sector-Wise analysis of projects,17,147
FR_200710_148,,,148,SAMASTIPUR-KHAGARIA,,,RAILWAYS,2007-10,1996-04,,122.45,,122.45,0.0,,170.93,,,2007-09,,,,0,0,,,,FR_OCT_2007.pdf,Sector-Wise analysis of projects,17,148
FR_200710_149,,,149,DELHI-REWARI (GC) (NWR)(RVNL),RVNL,,RAILWAYS,2007-10,1995-04,,42.27,,212.3,170.03,,150.41,2007-03,,2007-09,6.0,,,0,0,,,,FR_OCT_2007.pdf,Sector-Wise analysis of projects,17,149
FR_200710_150,,,150,KATPADI-PAKALA- TIRUPATI(GC)ELECTRIFICAT.,,,RAILWAYS,2007-10,1992-04,,130.0,,,80.81,,205.23,2007-03,,,6.0,,,0,0,,,,FR_OCT_2007.pdf,Sector-Wise analysis of projects,17,150
FR_200710_151,,,151,RAJGIR-TILAIYA,,,RAILWAYS,2007-10,2001-04,,180.82,180.82,180.82,0.0,0.0,161.87,2006-03,,2007-12,21.0,,,0,0,,,,FR_OCT_2007.pdf,Sector-Wise analysis of projects,18,151
FR_200710_152,,,152,ARA-SASARAM,,,RAILWAYS,2007-10,1997-07,,120.0,,189.14,69.14,,213.49,2006-03,,2007-12,21.0,,,0,0,,,,FR_OCT_2007.pdf,Sector-Wise analysis of projects,18,152
FR_200710_153,,,153,HOSPET-GUNTAKAL LINE DOUBLING,,,RAILWAYS,2007-10,1996-03,,105.22,,268.0,162.78,,173.73,1999-12,,2007-12,96.0,,2.0,0,0,,,,FR_OCT_2007.pdf,Sector-Wise analysis of projects,18,153
FR_200710_154,,,154,THANE-TURBHE-NERUL- VASHI,,,RAILWAYS,2007-10,1992-05,,403.39,,403.39,0.0,,384.02,2000-03,,2007-12,93.0,,,0,0,,,,FR_OCT_2007.pdf,Sector-Wise analysis of projects,18,154
FR_200710_155,,,155,KODERMA-GIRDHI,,,RAILWAYS,2007-10,1996-04,,371.36,,371.36,0.0,,135.86,,,2007-12,,,,0,0,,,,FR_OCT_2007.pdf,Sector-Wise analysis of projects,18,155
FR_200710_156,,,156,KHURDA ROAD-BOLANGIR,,,RAILWAYS,2007-10,1994-04,,355.38,,1000.0,644.62,,43.98,,,2007-12,,,,0,0,,,,FR_OCT_2007.pdf,Sector-Wise analysis of projects,18,156
FR_200710_157,,,157,MUZAFFARPUR-SITAMARHI,,,RAILWAYS,2007-10,1997-03,,100.0,,210.79,110.79,,137.63,,,2008-01,,,,0,0,,,,FR_OCT_2007.pdf,Sector-Wise analysis of projects,18,157
FR_200710_158,,,158,TAHANJAVUR-VILLUPURAM,,,RAILWAYS,2007-10,2001-10,,223.0,,356.88,133.88,,249.88,,,2008-02,,,,0,0,,,,FR_OCT_2007.pdf,Sector-Wise analysis of projects,18,158
FR_200710_159,,,159,PURNA-AKOLA,,,RAILWAYS,2007-10,2000-02,,228.0,,413.82,185.82,,344.4,,,2008-02,,,,0,0,,,,FR_OCT_2007.pdf,Sector-Wise analysis of projects,18,159
FR_200710_160,,,160,KAPTANGANJ-THAWE- SIWAN-CHHAPRA,,,RAILWAYS,2007-10,2001-09,,320.1,,320.1,0.0,,108.05,,,2008-02,,,,0,0,,,,FR_OCT_2007.pdf,Sector-Wise analysis of projects,18,160
FR_200710_161,,,161,MIRAJ-LATUR ROAD,,,RAILWAYS,2007-10,1993-04,2002-04,225.0,323.0,515.57,290.57,192.57,378.91,2001-03,,2008-02,83.0,,,0,0,,,,FR_OCT_2007.pdf,Sector-Wise analysis of projects,18,161
FR_200710_162,,,162,DHARMAVARAM-PAKALA,,,RAILWAYS,2007-10,1997-04,,200.0,294.99,294.99,94.99,0.0,49.99,,,2008-02,,,,0,0,,,,FR_OCT_2007.pdf,Sector-Wise analysis of projects,18,162
FR_200710_163,,,163,DANIAWAN-BIHARSHARIF,,,RAILWAYS,2007-10,2001-04,,104.79,,104.79,0.0,,41.63,,,2008-03,,,,0,0,,,,FR_OCT_2007.pdf,Sector-Wise analysis of projects,18,163
FR_200710_164,,,164,BELAPUR-SEAWOOD-URAN ELECTRIFIED DOUBLE LINE,,,RAILWAYS,2007-10,1996-03,1997-07,401.81,,495.44,93.63,,98.33,2004-03,,2008-03,48.0,,,0,0,,,,FR_OCT_2007.pdf,Sector-Wise analysis of projects,18,164
FR_200710_165,,,165,"BRAHAMAPUTRA BRIDGE AT BOGIBIL WITH LINK LINES,NEFR",,,RAILWAYS,2007-10,1996-04,,1000.0,,1767.36,767.36,,792.23,2008-04,,2008-03,-1.0,,,0,0,,,,FR_OCT_2007.pdf,Sector-Wise analysis of projects,18,165
FR_200710_166,,,166,2ND BRIDGE ON BIRUPA & MAHANADI,,,RAILWAYS,2007-10,1997-04,,93.1,109.45,122.0,28.9,12.55,99.02,,,2008-03,,,,0,0,,,,FR_OCT_2007.pdf,Sector-Wise analysis of projects,18,166
FR_200710_167,,,167,KATIHAR-JOGBANI,,,RAILWAYS,2007-10,2001-09,,100.0,,492.98,392.98,,469.29,,,2008-03,,,,0,0,,,,FR_OCT_2007.pdf,Sector-Wise analysis of projects,18,167
FR_200710_168,,,168,FREIGHT OPERATIONS INFORMATION SYSTEM,,,RAILWAYS,2007-10,1984-03,1989-11,520.0,422.79,,-97.21,0.0,377.68,1995-03,,,156.0,,,0,0,,,,FR_OCT_2007.pdf,Sector-Wise analysis of projects,18,168
FR_200710_169,,,169,HAPUR-KANKATHER,,,RAILWAYS,2007-10,2003-04,,106.64,106.64,106.64,0.0,0.0,109.87,2007-03,,2008-03,12.0,,,0,0,,,,FR_OCT_2007.pdf,Sector-Wise analysis of projects,19,169
FR_200710_170,,,170,VIRAMGAM-BHILDI,,,RAILWAYS,2007-10,1990-04,,155.66,,119.75,-35.91,,125.29,,,2008-03,,,,0,0,,,,FR_OCT_2007.pdf,Sector-Wise analysis of projects,19,170
FR_200710_171,,,171,NANGALDAM-TALWARA NEW LINE PROJECT,,,RAILWAYS,2007-10,1981-03,1985-05,37.68,,300.0,262.32,,139.92,,,2008-03,,,,0,0,,,,FR_OCT_2007.pdf,Sector-Wise analysis of projects,19,171
FR_200710_172,,,172,KUMARGHAT-AGARTALA,,,RAILWAYS,2007-10,1996-04,,575.0,,750.0,175.0,,725.91,2007-03,,2008-03,12.0,,,0,0,,,,FR_OCT_2007.pdf,Sector-Wise analysis of projects,19,172
FR_200710_173,,,173,GUNTUR-GUNTAKAL- KOLLURU-DHARMAVARAM,,,RAILWAYS,2007-10,1992-04,,458.45,,539.72,81.27,,501.6,,,2008-03,1.0,,1.0,0,0,,,,FR_OCT_2007.pdf,Sector-Wise analysis of projects,19,173
FR_200710_174,,,174,JALANDHAR-PATHANKOT- JAMMU TAWI,,,RAILWAYS,2007-10,2002-03,,409.0,408.76,630.0,221.0,221.24,525.28,2007-06,,2008-03,9.0,,,0,0,,,,FR_OCT_2007.pdf,Sector-Wise analysis of projects,19,174
FR_200710_175,,,175,TOLLYGANJ-GARIA,,,RAILWAYS,2007-10,2000-03,,907.69,,907.69,0.0,,603.1,2006-12,,2008-06,18.0,,,0,0,,,,FR_OCT_2007.pdf,Sector-Wise analysis of projects,19,175
FR_200710_176,,,176,KHURDA ROAD-BARANG 3rd LINE,,,RAILWAYS,2007-10,2000-04,,133.41,,207.0,73.59,,32.02,,,2008-06,,,,0,0,,,,FR_OCT_2007.pdf,Sector-Wise analysis of projects,19,176
FR_200710_177,,,177,MACHERLA-NALGONDA,,,RAILWAYS,2007-10,1998-07,,125.0,,250.38,125.38,,0.27,2008-07,,2008-07,0.0,,,0,0,,,,FR_OCT_2007.pdf,Sector-Wise analysis of projects,19,177
FR_200710_178,,,178,AJMER-PHULERA-RINGUS- REWARI,,,RAILWAYS,2007-10,2005-04,,352.0,,716.64,364.64,,341.17,2008-03,,2008-08,5.0,,,0,0,,,,FR_OCT_2007.pdf,Sector-Wise analysis of projects,19,178
FR_200710_179,,,179,GOOTY-RENIGUNTA PATCH DOUBLING PHASE-II,,,RAILWAYS,2007-10,2002-05,,304.5,,306.0,1.5,,111.55,,,2008-09,,,,0,0,,,,FR_OCT_2007.pdf,Sector-Wise analysis of projects,19,179
FR_200710_180,,,180,BHILDI-SAMDARI,,,RAILWAYS,2007-10,1999-04,,244.74,,244.74,0.0,,143.57,,,2008-09,,,,0,0,,,,FR_OCT_2007.pdf,Sector-Wise analysis of projects,19,180
FR_200710_181,,,181,CHANDIGARH-LUDHIANA,,,RAILWAYS,2007-10,1997-07,,248.44,,577.03,328.59,,291.25,,,2008-09,,,,0,0,,,,FR_OCT_2007.pdf,Sector-Wise analysis of projects,19,181
FR_200710_182,,,182,NANDYAL-YERRAGUNTLA,,,RAILWAYS,2007-10,1997-03,,155.74,164.36,224.01,68.27,59.65,51.16,2009-02,,2008-10,-4.0,,,0,0,,,,FR_OCT_2007.pdf,Sector-Wise analysis of projects,19,182
FR_200710_183,,,183,RAJATGARH-BARANG,,,RAILWAYS,2007-10,1999-04,,166.16,,240.0,73.84,,84.5,,,2008-10,,,,0,0,,,,FR_OCT_2007.pdf,Sector-Wise analysis of projects,19,183
FR_200710_184,,,184,CUTTACK-BARANG,,,RAILWAYS,2007-10,1995-04,,127.13,,135.0,7.87,,66.53,,,2008-11,,,,0,0,,,,FR_OCT_2007.pdf,Sector-Wise analysis of projects,19,184
FR_200710_185,,,185,PALWAL-BHUTESWAR 3rd LINE,,,RAILWAYS,2007-10,2005-04,,240.0,,330.0,90.0,,37.01,2009-03,,2008-12,-3.0,,,0,0,,,,FR_OCT_2007.pdf,Sector-Wise analysis of projects,19,185
FR_200710_186,,,186,LANJHIGARH ROAD- JUNAGARH,,,RAILWAYS,2007-10,1993-04,,100.0,119.29,,19.29,0.0,26.45,2002-03,,,81.0,,,0,0,,,,FR_OCT_2007.pdf,Sector-Wise analysis of projects,19,186
FR_200710_187,,,187,PRATAPNAGAR-CHOTA UDAIPUR,,,RAILWAYS,2007-10,2005-04,,148.61,,227.52,78.91,,41.87,2008-03,,2008-12,9.0,,,0,0,,,,FR_OCT_2007.pdf,Sector-Wise analysis of projects,20,187
FR_200710_188,,,188,NEW JALPAIGURI - SILIGURI - NEW BONGAIGAON,,,RAILWAYS,2007-10,1998-11,,536.85,,890.83,353.98,,843.59,2003-03,,2008-12,69.0,,,0,0,,,,FR_OCT_2007.pdf,Sector-Wise analysis of projects,20,188
FR_200710_189,,,189,DEOGHAR-DUMKA NEW BROAD GAUGE LINE,,,RAILWAYS,2007-10,1999-02,,180.73,,180.73,0.0,,188.55,2006-12,,2008-12,24.0,,,0,0,,,,FR_OCT_2007.pdf,Sector-Wise analysis of projects,20,189
FR_200710_190,,,190,ALIGARH-GAZIABAD 3rd LINE,,,RAILWAYS,2007-10,2003-04,,230.73,,399.74,169.01,,64.58,2009-03,,2008-12,-3.0,,,0,0,,,,FR_OCT_2007.pdf,Sector-Wise analysis of projects,20,190
FR_200710_191,,,191,RAJKOT-VERAVAL SOMNATH SECTION MATERIAL TO WANSJALIYA,,,RAILWAYS,2007-10,1992-04,,112.53,320.66,374.34,261.81,53.68,288.29,1996-03,,2009-02,155.0,,,0,0,,,,FR_OCT_2007.pdf,Sector-Wise analysis of projects,20,191
FR_200710_192,,,192,TARAKESWAR-BISHNUPUR,,,RAILWAYS,2007-10,2000-04,,157.96,,567.0,409.04,,82.94,,,2009-03,,,,0,0,,,,FR_OCT_2007.pdf,Sector-Wise analysis of projects,20,192
FR_200710_193,,,193,RANGIA-MURKONGSELEK,,,RAILWAYS,2007-10,2004-01,,912.7,915.7,912.7,0.0,-3.0,4.01,,,2009-03,,,,0,0,,,,FR_OCT_2007.pdf,Sector-Wise analysis of projects,20,193
FR_200710_194,,,194,REINGUNTA-GUNTAKAL (RVNL),RVNL,,RAILWAYS,2007-10,2000-06,,168.34,,296.2,127.86,,54.0,2003-04,,2009-03,71.0,,,0,0,,,,FR_OCT_2007.pdf,Sector-Wise analysis of projects,20,194
FR_200710_195,,,195,RAICHUR-GUNTAKAL,,,RAILWAYS,2007-10,2003-04,,136.62,,221.9,85.28,,2.7,2007-12,,2009-03,15.0,,,0,0,,,,FR_OCT_2007.pdf,Sector-Wise analysis of projects,20,195
FR_200710_196,,,196,"MAYNAGURI TO JOGIGHOPA VIA CHANGRA (NL),NEFR",,,RAILWAYS,2007-10,2000-02,,733.0,,894.38,161.38,,168.56,2008-12,,2009-03,3.0,,,0,0,,,,FR_OCT_2007.pdf,Sector-Wise analysis of projects,20,196
FR_200710_197,,,197,JAYANAGAR-DARBHANGA- NARKATIAGANJ,,,RAILWAYS,2007-10,1997-04,,233.0,335.77,329.17,96.17,-6.6,192.26,,,2009-03,,,,0,0,,,,FR_OCT_2007.pdf,Sector-Wise analysis of projects,20,197
FR_200710_198,,,198,BILASPUR-URKURA,,,RAILWAYS,2007-10,1997-04,,151.52,,273.0,121.48,,198.99,,,2009-03,,,,0,0,,,,FR_OCT_2007.pdf,Sector-Wise analysis of projects,20,198
FR_200710_199,,,199,RANCHI-LOHARDAGA EXTENSION TO TORI,,,RAILWAYS,2007-10,1997-04,,193.78,,426.0,232.22,,201.25,2004-06,,2009-03,57.0,,,0,0,,,,FR_OCT_2007.pdf,Sector-Wise analysis of projects,20,199
FR_200710_200,,,200,BIDAR-GULBARGA,,,RAILWAYS,2007-10,1999-02,,242.42,369.7,369.7,127.28,0.0,65.72,,,2009-05,,,,0,0,,,,FR_OCT_2007.pdf,Sector-Wise analysis of projects,20,200
FR_200710_201,,,201,KOSI BRIDGE,,,RAILWAYS,2007-10,2002-04,,323.41,,323.41,0.0,,21.45,,,2009-06,,,,0,0,,,,FR_OCT_2007.pdf,Sector-Wise analysis of projects,20,201
FR_200710_202,,,202,HARIDASPUR-PARADEEP,,,RAILWAYS,2007-10,1996-04,,301.64,,499.4,197.76,,91.06,,,2009-09,,,,0,0,,,,FR_OCT_2007.pdf,Sector-Wise analysis of projects,20,202
FR_200710_203,,,203,DEOGHAR-SULTANGUNJ,,,RAILWAYS,2007-10,2000-04,,138.0,,607.0,469.0,,94.6,,,2009-12,,,,0,0,,,,FR_OCT_2007.pdf,Sector-Wise analysis of projects,20,203
FR_200710_204,,,204,Conversion of 1500 V DC Traction System to 25 KV AC,,,RAILWAYS,2007-10,1996-07,1998-08,273.67,654.51,,375.09,-5.75,240.07,,,,,,,0,0,,,,FR_OCT_2007.pdf,Sector-Wise analysis of projects,20,204
FR_200710_205,,,205,MANDERHILL-DUMKA- RAMPURHAT,,,RAILWAYS,2007-10,1995-04,,184.0,,254.07,70.07,,135.97,,,2009-12,,,,0,0,,,,FR_OCT_2007.pdf,Sector-Wise analysis of projects,21,205
FR_200710_206,,,206,"RAIL-CUM-ROAD BRIDGE AT MUNGER (NL), ECR",,,RAILWAYS,2007-10,2002-04,,921.0,,921.0,0.0,,198.12,2009-03,,2009-12,9.0,,,0,0,,,,FR_OCT_2007.pdf,Sector-Wise analysis of projects,21,206
FR_200710_207,,,207,SUKINDA ROAD-ANGUL (RVNL),RVNL,,RAILWAYS,2007-10,1998-04,,183.23,,638.0,454.77,,0.11,2015-02,,2010-01,-61.0,,,0,0,,,,FR_OCT_2007.pdf,Sector-Wise analysis of projects,21,207
FR_200710_208,,,208,LUMDING-SILCHAR- MIGRENDISA-DITOKCHERRA,,,RAILWAYS,2007-10,1996-04,2002-05,648.0,1401.01,1676.31,1028.31,275.3,974.2,2009-03,,2010-03,12.0,,,0,0,,,,FR_OCT_2007.pdf,Sector-Wise analysis of projects,21,208
FR_200710_209,,,209,PATNA GANGA BRIDGE,,,RAILWAYS,2007-10,2001-04,,624.47,,624.47,0.0,,326.2,2007-10,,2010-12,38.0,,,0,0,,,,FR_OCT_2007.pdf,Sector-Wise analysis of projects,21,209
FR_200710_210,,,210,JIRIBAM TO IMPHAL,,,RAILWAYS,2007-10,2003-04,,727.56,,2000.0,1272.44,,11.85,2011-03,,2011-03,0.0,,,0,0,,,,FR_OCT_2007.pdf,Sector-Wise analysis of projects,21,210
FR_200710_211,,,211,UDHAMPUR-SRINAGAR- BARAMULLA,,,RAILWAYS,2007-10,1995-03,,2500.0,,11270.0,8770.0,,4026.52,2001-03,,2011-12,129.0,,,0,0,,,,FR_OCT_2007.pdf,Sector-Wise analysis of projects,21,211
FR_200710_212,,,212,BANGALORE- SATYAMANGALAM,,,RAILWAYS,2007-10,1999-02,,138.0,,225.0,87.0,,0.28,,,,,,,0,0,,,,FR_OCT_2007.pdf,Sector-Wise analysis of projects,21,212
FR_200710_213,,,213,AJMER - UDAIPUR - CHITTORGARH,,,RAILWAYS,2007-10,1996-09,2002-01,262.0,433.39,456.0,194.0,22.61,470.63,,2000-03,,,,,0,0,,,,FR_OCT_2007.pdf,Sector-Wise analysis of projects,21,213
FR_200710_214,,,214,TANUR (KUTTIPURAM)- GURUVAYUR,,,RAILWAYS,2007-10,1995-04,,40.0,,137.71,97.71,,8.13,,,,,,,0,0,,,,FR_OCT_2007.pdf,Sector-Wise analysis of projects,21,214
FR_200710_215,,,215,BIHARSHARIFF-BARBIGHA,,,RAILWAYS,2007-10,2001-04,,103.86,,103.86,0.0,,8.21,,,,,,,0,0,,,,FR_OCT_2007.pdf,Sector-Wise analysis of projects,21,215
FR_200710_216,,,216,CUDDLORE - SALEM VIA VRIDHACHALAM (GC) (SR) (RVNL),RVNL,,RAILWAYS,2007-10,1999-04,,198.68,,261.1,62.42,,263.29,,,,,,,0,0,,,,FR_OCT_2007.pdf,Sector-Wise analysis of projects,21,216
FR_200710_217,,,217,HASSAN-BANGALORE (VIA SHRAVANABELAGOLA),,,RAILWAYS,2007-10,1997-02,,295.0,,412.91,117.91,,220.88,,,,,,,0,0,,,,FR_OCT_2007.pdf,Sector-Wise analysis of projects,21,217
FR_200710_218,,,218,GONDIA-JABALPUR (SECR),SECR,,RAILWAYS,2007-10,1997-02,,356.0,,511.86,155.86,,167.2,1998-03,,,,,,0,0,,,,FR_OCT_2007.pdf,Sector-Wise analysis of projects,21,218
FR_200710_219,,,219,KARUR-SALEM via NAMAKKAL,,,RAILWAYS,2007-10,1997-02,,155.55,,229.88,74.33,,138.23,,,,,,,0,0,,,,FR_OCT_2007.pdf,Sector-Wise analysis of projects,21,219
FR_200710_220,,,220,HUBLI-ANKOLA(NL),,,RAILWAYS,2007-10,1995-04,,227.0,,997.58,770.58,,70.48,,,,,,,0,0,,,,FR_OCT_2007.pdf,Sector-Wise analysis of projects,21,220
FR_200710_221,,,221,MUNEERABAD- MAHABOOBNAGAR,,,RAILWAYS,2007-10,1996-04,,377.32,236.41,497.47,120.15,261.06,37.11,,,,,,,0,0,,,,FR_OCT_2007.pdf,Sector-Wise analysis of projects,21,221
FR_200710_222,,,222,KANPUR-KASGANJ- MATHURA,,,RAILWAYS,2007-10,1997-03,,395.0,598.98,,266.72,62.74,510.14,,,,,,,0,0,,,,FR_OCT_2007.pdf,Sector-Wise analysis of projects,21,222
FR_200710_223,,,223,TIRUMALAI - VELLACHERI EXTN. OF MRTS (MTP),MTP,,RAILWAYS,2007-10,1996-04,,605.7,,733.39,127.69,,730.07,2002-03,,,,,,0,0,,,,FR_OCT_2007.pdf,Sector-Wise analysis of projects,22,223
FR_200710_224,,,224,KURLA-BHANDUP 5th & 6th LINE PHASE-I,,,RAILWAYS,2007-10,1995-04,,49.84,,102.9,53.06,,89.63,2002-03,,,,,,0,0,,,,FR_OCT_2007.pdf,Sector-Wise analysis of projects,22,224
FR_200710_225,,,225,BANKURA-DAMODAR,,,RAILWAYS,2007-10,1998-03,,111.9,,325.17,213.27,,181.36,2005-03,,,,,,0,0,,,,FR_OCT_2007.pdf,Sector-Wise analysis of projects,22,225
FR_200710_226,,,226,AMRAVATI-NARKHER NEW LINE PROJECT,,,RAILWAYS,2007-10,1994-06,1996-07,120.9,175.3,284.27,163.37,108.97,173.61,1999-06,,,,,,0,0,,,,FR_OCT_2007.pdf,Sector-Wise analysis of projects,22,226
FR_200710_227,,,227,HATHUA-BHATNI,,,RAILWAYS,2007-10,2005-04,,200.73,,230.03,29.3,,45.76,,,,,,,0,0,,,,FR_OCT_2007.pdf,Sector-Wise analysis of projects,22,227
FR_200710_228,,,228,SRIGANGANAGAR- SARUPSAR,,,RAILWAYS,2007-10,1997-04,,143.92,,168.8,24.88,,4.77,,,,,,,0,0,,,,FR_OCT_2007.pdf,Sector-Wise analysis of projects,22,228
FR_200710_229,,,229,RAMGANJMUNDI-BHOPAL,,,RAILWAYS,2007-10,2001-04,,727.13,727.13,726.05,-1.08,-1.08,76.29,,,,,,,0,0,,,,FR_OCT_2007.pdf,Sector-Wise analysis of projects,22,229
FR_200710_230,,,230,TIRUCHIRAPPALI-NAGORE- KARAIKKAL WITH EXTENSION NAGAPATTINAM,,,RAILWAYS,2007-10,1995-09,,100.0,,391.12,291.12,,250.47,,,,,,,0,0,,,,FR_OCT_2007.pdf,Sector-Wise analysis of projects,22,230
FR_200710_231,,,231,QUILON-TIRUNELVELI- TIRUCHENDUR AND TENKASI-VIRUDHUNAGAR,,,RAILWAYS,2007-10,1998-03,,280.0,,702.39,422.39,,353.22,,,,,,,0,0,,,,FR_OCT_2007.pdf,Sector-Wise analysis of projects,22,231
FR_200710_232,,,232,KOTIPALLI-NARASAPUR,,,RAILWAYS,2007-10,2001-12,,330.0,,695.0,365.0,,9.41,,,,,,,0,0,,,,FR_OCT_2007.pdf,Sector-Wise analysis of projects,22,232
FR_200710_233,,,233,REWARI-ROHTAK,,,RAILWAYS,2007-10,2004-01,,149.38,,330.23,180.85,,73.72,2010-02,,,,,,0,0,,,,FR_OCT_2007.pdf,Sector-Wise analysis of projects,22,233
FR_200710_234,,,234,GADWAL-RAICHUR,,,RAILWAYS,2007-10,1998-04,,92.63,,108.91,16.28,,55.5,,,,,,,0,0,,,,FR_OCT_2007.pdf,Sector-Wise analysis of projects,22,234
FR_200710_235,,,235,BARAMATI - LONAND,,,RAILWAYS,2007-10,1998-03,,75.0,,138.48,63.48,,19.33,,,,,,,0,0,,,,FR_OCT_2007.pdf,Sector-Wise analysis of projects,22,235
FR_200710_236,,,236,MAHARAJGANJ-MASRAKH,,,RAILWAYS,2007-10,2003-04,,104.1,,113.75,9.65,,40.35,,,,,,,0,0,,,,FR_OCT_2007.pdf,Sector-Wise analysis of projects,22,236
FR_200710_237,,,237,LALITPUR-SATNA-REWA- SINGRULI,,,RAILWAYS,2007-10,1998-09,,925.0,,925.0,0.0,,203.79,2008-05,,,,,,0,0,,,,FR_OCT_2007.pdf,Sector-Wise analysis of projects,22,237
FR_200710_238,,,238,KICHHA-KHATIMA,,,RAILWAYS,2007-10,2003-04,,165.67,,165.67,0.0,,0.15,,,,,,,0,0,,,,FR_OCT_2007.pdf,Sector-Wise analysis of projects,22,238
FR_200710_239,,,239,"ETAWAH-MAINPURI (NL),NCR",,,RAILWAYS,2007-10,2001-09,,129.7,,129.7,0.0,,57.72,2008-12,,,,,,0,0,,,,FR_OCT_2007.pdf,Sector-Wise analysis of projects,22,239
FR_200710_240,,,240,KODERMA-RANCHI VIA,,,RAILWAYS,2007-10,1999-03,,491.19,,,541.81,,346.89,2005-07,,,,,,0,0,,,,FR_OCT_2007.pdf,Sector-Wise analysis of projects,22,240
FR_200710_241,,,241,MADURAI- RAMESWARAM(GC).SR,,,RAILWAYS,2007-10,1998-07,,193.18,,246.97,53.79,,295.89,2006-07,,,,,,0,0,,,,FR_OCT_2007.pdf,Sector-Wise analysis of projects,23,241
FR_200710_242,,,242,HAJIPUR-SUGAULI via VAISHALI,,,RAILWAYS,2007-10,2003-04,,324.66,,324.66,0.0,,58.23,,,,,,,0,0,,,,FR_OCT_2007.pdf,Sector-Wise analysis of projects,23,242
FR_200710_243,,,243,DLW GM 4000/3000 HP DIESEL LOCOS,,,RAILWAYS,2007-10,1999-04,,155.54,,141.22,-14.32,,101.71,2003-03,,,,,,0,0,,,,FR_OCT_2007.pdf,Sector-Wise analysis of projects,23,243
FR_200710_244,,,244,AGRA-ETAWAH NEW LINE via BAD,,,RAILWAYS,2007-10,1999-04,,108.0,,214.09,106.09,,85.23,2009-12,,,,,,0,0,,,,FR_OCT_2007.pdf,Sector-Wise analysis of projects,23,244
FR_200710_245,,,245,EXTN. OF MRTS-II FROM VELACHERY TO ST.THOMAS MOUNT,,,RAILWAYS,2007-10,2006-04,,415.59,,415.59,0.0,,,,,,,,,0,0,,,,FR_OCT_2007.pdf,Sector-Wise analysis of projects,23,245
FR_200710_246,,,246,HOWRAH-AMTA- CHAMPADANGA,,,RAILWAYS,2007-10,1974-04,2001-07,31.42,154.3,154.3,122.88,0.0,83.5,2007-03,,,,,,0,0,,,,FR_OCT_2007.pdf,Sector-Wise analysis of projects,23,246
FR_200710_247,,,247,KOTTUR-HARIHAR,,,RAILWAYS,2007-10,1995-04,,65.94,,124.13,58.19,,45.83,,,,,,,0,0,,,,FR_OCT_2007.pdf,Sector-Wise analysis of projects,23,247
FR_200710_248,,,248,ANGAMALI-SABARIMALA,,,RAILWAYS,2007-10,1998-10,,550.0,,550.0,0.0,,13.75,,,,,,,0,0,,,,FR_OCT_2007.pdf,Sector-Wise analysis of projects,23,248
FR_200710_249,,,249,JIND-SONEPAT,,,RAILWAYS,2007-10,2004-01,,190.81,,265.75,74.94,,0.47,,,,,,,0,0,,,,FR_OCT_2007.pdf,Sector-Wise analysis of projects,23,249
FR_200710_250,,,250,KUTTIPURAM-CALICUT- SHORANUR,,,RAILWAYS,2007-10,2001-03,,178.76,177.34,188.13,9.37,10.79,177.32,,,,,,,0,0,,,,FR_OCT_2007.pdf,Sector-Wise analysis of projects,23,250
FR_200710_251,,,251,TRICHY MANAMADURAI,,,RAILWAYS,2007-10,2000-02,,175.0,,270.36,95.36,,276.34,,,,,,,0,0,,,,FR_OCT_2007.pdf,Sector-Wise analysis of projects,23,251
FR_200710_252,,,252,VILLUPURAM-KATPADI,,,RAILWAYS,2007-10,2000-02,,175.0,,235.69,60.69,,91.78,,,,,,,0,0,,,,FR_OCT_2007.pdf,Sector-Wise analysis of projects,23,252
FR_200710_253,,,253,HOTGI-GADAG-SOLAPUR (via Hotgi),,,RAILWAYS,2007-10,1994-04,,180.0,,318.66,138.66,,333.12,1999-03,2003-03,,,,,0,0,,,,FR_OCT_2007.pdf,Sector-Wise analysis of projects,23,253
FR_200710_254,,,254,EKLAKHI-BALURGHAT INCLUDING GAZOLE- ITAHAR,,,RAILWAYS,2007-10,1986-01,1994-04,36.8,274.41,282.74,245.94,8.33,219.25,,,,,,,0,0,,,,FR_OCT_2007.pdf,Sector-Wise analysis of projects,23,254
FR_200710_255,,,255,GONDA-GORAKHPUR LOOP WITH ANANDNAGAR- NAUTANWA,,,RAILWAYS,2007-10,2002-03,,383.15,,381.17,-1.98,,80.02,,,,,,,0,0,,,,FR_OCT_2007.pdf,Sector-Wise analysis of projects,23,255
FR_200710_256,,,256,DALLIRAJHARA-JAGDALPUR,,,RAILWAYS,2007-10,1995-04,,369.0,,216.38,-152.62,,0.43,,,,,,,0,0,,,,FR_OCT_2007.pdf,Sector-Wise analysis of projects,23,256
FR_200710_257,,,257,KHAGARIA-KUSHESHWAR ASTHAN,,,RAILWAYS,2007-10,1997-03,,78.23,,162.87,84.64,,34.63,,,,,,,0,0,,,,FR_OCT_2007.pdf,Sector-Wise analysis of projects,23,257
FR_200710_258,,,258,"NIMACH-RATLAM(GC),WR",,,RAILWAYS,2007-10,1993-04,,65.0,,,106.73,,195.6,1996-03,,,,,,0,0,,,,FR_OCT_2007.pdf,Sector-Wise analysis of projects,23,258
FR_200710_259,,,259,KODERMA-TILAIYA,,,RAILWAYS,2007-10,2002-04,,459.91,,459.91,0.0,,33.1,,,,,,,0,0,,,,FR_OCT_2007.pdf,Sector-Wise analysis of projects,24,259
FR_200710_260,,,260,SURAT-KOSAMBA,,,RAILWAYS,2007-10,2000-04,,133.0,,133.0,0.0,,,,,,,,,0,0,,,,FR_OCT_2007.pdf,Sector-Wise analysis of projects,24,260
FR_200710_261,,,261,BARBIGHA-SHEIKHPURA- NEORA-DANIAWAN,,,RAILWAYS,2007-10,2002-04,,120.23,,120.23,0.0,,20.24,,,,,,,0,0,,,,FR_OCT_2007.pdf,Sector-Wise analysis of projects,24,261
FR_200710_262,,,262,BHATNI-JIRADEI,,,RAILWAYS,2007-10,2006-04,,100.27,,100.27,0.0,,0.01,,,,,,,0,0,,,,FR_OCT_2007.pdf,Sector-Wise analysis of projects,24,262
FR_200710_263,,,263,PEDAPALLI-KARIMNAGAR- NIZAMABAD (NL),,,RAILWAYS,2007-10,1994-12,,124.43,407.78,517.63,393.2,109.85,236.05,,,,,,,0,0,,,,FR_OCT_2007.pdf,Sector-Wise analysis of projects,24,263
FR_200710_264,,,264,MANOHARABAD- KOTAPALLI,,,RAILWAYS,2007-10,2006-04,,378.56,,378.56,0.0,,0.43,,,,,,,0,0,,,,FR_OCT_2007.pdf,Sector-Wise analysis of projects,24,264
FR_200710_265,,,265,MUNDERWA-BABHNAN,,,RAILWAYS,2007-10,2006-04,,102.1,,102.1,0.0,,22.75,,,,,,,0,0,,,,FR_OCT_2007.pdf,Sector-Wise analysis of projects,24,265
FR_200710_266,,,266,KADUR-CHIKMAGLUR- SAKLESHPUR,,,RAILWAYS,2007-10,1996-04,,157.0,,283.34,126.34,,53.96,,,,,,,0,0,,,,FR_OCT_2007.pdf,Sector-Wise analysis of projects,24,266
FR_200710_267,,,267,RUPSA-BANGRIPOSI,,,RAILWAYS,2007-10,1996-02,,57.94,,137.57,79.63,,72.37,1998-03,,,,,,0,0,,,,FR_OCT_2007.pdf,Sector-Wise analysis of projects,24,267
FR_200710_268,,,268,CHHINDWARA-NAGPUR,,,RAILWAYS,2007-10,2005-04,,383.79,,383.79,0.0,,1.22,,,,,,,0,0,,,,FR_OCT_2007.pdf,Sector-Wise analysis of projects,24,268
FR_200710_269,,,269,TALCHER-BIMALAGARH,,,RAILWAYS,2007-10,2005-04,,726.96,,809.58,82.62,,0.41,,,,,,,0,0,,,,FR_OCT_2007.pdf,Sector-Wise analysis of projects,24,269
FR_200710_270,,,270,GUNA-ETAWAH via SHIVPURI-GWALIOR-BHIND,,,RAILWAYS,2007-10,1985-04,2001-01,158.77,274.56,400.0,241.23,125.44,390.2,1994-03,,,,,,0,0,,,,FR_OCT_2007.pdf,Sector-Wise analysis of projects,24,270
FR_200710_271,,,271,DAUSA-GANGAPUR CITY,,,RAILWAYS,2007-10,1997-02,,151.84,,208.83,56.99,,30.98,,,,,,,0,0,,,,FR_OCT_2007.pdf,Sector-Wise analysis of projects,24,271
FR_200710_272,,,272,CALICUT-MANGALORE DOUBLING,,,RAILWAYS,2007-10,1996-02,,240.0,,572.51,332.51,,527.84,,,,,,,0,0,,,,FR_OCT_2007.pdf,Sector-Wise analysis of projects,24,272
FR_200710_273,,,273,REWARI-SADULPUR-HISSAR,,,RAILWAYS,2007-10,1997-04,,198.96,,364.19,165.23,,77.05,,,,,,,0,0,,,,FR_OCT_2007.pdf,Sector-Wise analysis of projects,24,273
FR_200710_274,,,274,SURENDRANAGAR- BHAVANAGAR,,,RAILWAYS,2007-10,1997-03,,437.4,,528.49,91.09,,339.41,2004-03,,,,,,0,0,,,,FR_OCT_2007.pdf,Sector-Wise analysis of projects,24,274
FR_200710_275,,,275,AHMEDNAGAR-BEED-PARLI- VAIJNATH,,,RAILWAYS,2007-10,1997-02,,353.08,,462.67,109.59,,15.4,,,,,,,0,0,,,,FR_OCT_2007.pdf,Sector-Wise analysis of projects,24,275
FR_200710_276,,,276,TITLAGARH-LANJIGARH,,,RAILWAYS,2007-10,1997-04,,66.61,,,68.13,,113.98,,,,,,,0,0,,,,FR_OCT_2007.pdf,Sector-Wise analysis of projects,24,276
FR_200710_277,,,277,AMBALA-MORADABAD,,,RAILWAYS,2007-10,1993-03,,152.21,157.76,222.96,70.75,65.2,245.53,1998-03,,,,,,0,0,,,,FR_OCT_2007.pdf,Sector-Wise analysis of projects,25,277
FR_200710_278,,,278,MANSI-PURNIA (Material Modification of Mansi-Saharsa),,,RAILWAYS,2007-10,1996-04,,114.01,283.95,162.39,48.38,-121.56,135.11,,,,,,,0,0,,,,FR_OCT_2007.pdf,Sector-Wise analysis of projects,25,278
FR_200710_279,,,279,"RADHANPUR-GAGODHAR-V, KM.138.8-KM.245.0, NH-15 (GUJARAT)",,,ROAD TRANSPORT & HIGHWAYS,2007-10,2003-12,,429.4,,410.24,-19.16,,303.7,2005-02,,2007-11,33.0,,,0,0,,,,FR_OCT_2007.pdf,Sector-Wise analysis of projects,25,279
FR_200710_280,,,280,"NANDHI HILLS- DEVANHALLI, KM.556- KM.539, NH-7 (KARNATAKA)",,,ROAD TRANSPORT & HIGHWAYS,2007-10,2000-04,,172.06,,172.06,0.0,,188.4,2004-03,,2007-11,44.0,,,0,0,,,,FR_OCT_2007.pdf,Sector-Wise analysis of projects,25,280
FR_200710_281,,,281,"ETAWAH-RAJPUR, KM.321.1- KM.393, NH-2 (U.P.)",,,ROAD TRANSPORT & HIGHWAYS,2007-10,2000-04,,348.44,,348.44,0.0,,377.73,2005-03,,2007-12,33.0,,,0,0,,,,FR_OCT_2007.pdf,Sector-Wise analysis of projects,25,281
FR_200710_282,,,282,"CHITRADURGA-SIRA, KM.189-KM.122.3, NH-4 (KARNATAKA)",,,ROAD TRANSPORT & HIGHWAYS,2007-10,2000-04,,304.0,,304.0,0.0,,324.55,2004-08,,2007-12,40.0,,2.0,0,0,,,,FR_OCT_2007.pdf,Sector-Wise analysis of projects,25,282
FR_200710_283,,,283,"HUBLI-HAVERI KM.404- KM.340, NH-4 (KARNATAKA)",,,ROAD TRANSPORT & HIGHWAYS,2007-10,2000-04,,260.93,,260.93,0.0,,280.19,2003-12,,2007-12,48.0,,1.0,0,0,,,,FR_OCT_2007.pdf,Sector-Wise analysis of projects,25,283
FR_200710_284,,,284,"BHUBANESWAR-KHURDA, KM.388-KM.418, NH-5 (ORISSA)",,,ROAD TRANSPORT & HIGHWAYS,2007-10,2000-04,,140.85,,140.85,0.0,,135.07,2004-01,,2007-12,47.0,,,0,0,,,,FR_OCT_2007.pdf,Sector-Wise analysis of projects,25,284
FR_200710_285,,,285,"BRIDGES BALASORE- CHANDIKHOLE, KM.61- KM.199, NH-5 (ORISSA)",,,ROAD TRANSPORT & HIGHWAYS,2007-10,2000-04,,155.0,,155.0,0.0,,142.61,2004-05,,2007-12,43.0,,,0,0,,,,FR_OCT_2007.pdf,Sector-Wise analysis of projects,25,285
FR_200710_286,,,286,"HANDIA-VARANASI, KM.245- KM.317, NH-2 (U.P.)",,,ROAD TRANSPORT & HIGHWAYS,2007-10,2000-04,,286.0,,286.0,0.0,,307.14,2004-07,,2007-12,41.0,,,0,0,,,,FR_OCT_2007.pdf,Sector-Wise analysis of projects,25,286
FR_200710_287,,,287,"SASARAM-DEHRI-ON-SONE, KM.110-KM.140, NH-2 (BIHAR)",,,ROAD TRANSPORT & HIGHWAYS,2007-10,2000-04,,221.87,,221.87,0.0,,219.59,2005-03,,2007-12,33.0,,,0,0,,,,FR_OCT_2007.pdf,Sector-Wise analysis of projects,25,287
FR_200710_288,,,288,"JAWAHABLAL NEHRU PORT PHASE-II, KM.14.35, NH-54 (MH)",,,ROAD TRANSPORT & HIGHWAYS,2007-10,2000-04,,143.0,,143.0,0.0,,120.3,2007-05,,2007-12,7.0,,,0,0,,,,FR_OCT_2007.pdf,Sector-Wise analysis of projects,25,288
FR_200710_289,,,289,"HALDIA PORT, KM.53, NH-41 (WEST BENGAL)",,,ROAD TRANSPORT & HIGHWAYS,2007-10,2000-04,,273.0,,273.0,0.0,,139.7,2005-03,,2007-12,33.0,,,0,0,,,,FR_OCT_2007.pdf,Sector-Wise analysis of projects,25,289
FR_200710_290,,,290,"DELHI-GURGAON ACCESS CONTROLLED EXPRESSWAY, KM143-KM.42 NH-8",,,ROAD TRANSPORT & HIGHWAYS,2007-10,2000-04,,555.0,,710.0,155.0,,658.4,2005-07,,2007-12,29.0,,,0,0,,,,FR_OCT_2007.pdf,Sector-Wise analysis of projects,25,290
FR_200710_291,,,291,"LUCKNOW-BYPASS, NH-25 & NH-28 (UTTAR PRADESH)",,,ROAD TRANSPORT & HIGHWAYS,2007-10,2000-04,,182.52,,185.52,3.0,,251.7,2004-06,,2007-12,42.0,,,0,0,,,,FR_OCT_2007.pdf,Sector-Wise analysis of projects,25,291
FR_200710_292,,,292,"TUTICORIN PORT, KM.47.2, NH-7A (T.N.)",,,ROAD TRANSPORT & HIGHWAYS,2007-10,2000-04,,231.2,,231.2,0.0,,71.02,2006-08,,2007-12,16.0,,,0,0,,,,FR_OCT_2007.pdf,Sector-Wise analysis of projects,25,292
FR_200710_293,,,293,"SHIKOHABAD-ETAWAH, KM.250.5-KM.307.5, NH-2 (U.P.)",,,ROAD TRANSPORT & HIGHWAYS,2007-10,2000-04,,261.22,,261.22,0.0,,270.7,2005-03,,2008-01,34.0,,1.0,0,0,,,,FR_OCT_2007.pdf,Sector-Wise analysis of projects,26,293
FR_200710_294,,,294,"PARADIP PORT, KM.77, NH- 5A (ORISSA)",,,ROAD TRANSPORT & HIGHWAYS,2007-10,2000-04,,428.0,,428.0,0.0,,319.7,2007-02,,2008-01,11.0,,,0,0,,,,FR_OCT_2007.pdf,Sector-Wise analysis of projects,26,294
FR_200710_295,,,295,"AGRA-SHIKOHABAD, KM.200-KM.250.50, NH-2 (U.P.)",,,ROAD TRANSPORT & HIGHWAYS,2007-10,2000-04,,367.49,,367.49,0.0,,393.91,2005-03,,2008-01,34.0,,1.0,0,0,,,,FR_OCT_2007.pdf,Sector-Wise analysis of projects,26,295
FR_200710_296,,,296,"SHIVPURI BYPASS & UPTO MP/RJ BORDER, KM.53, NH-25 & 76, MP",,,ROAD TRANSPORT & HIGHWAYS,2007-10,2003-12,,360.34,,360.34,0.0,,236.9,2008-02,,2008-02,0.0,,,0,0,,,,FR_OCT_2007.pdf,Sector-Wise analysis of projects,26,296
FR_200710_297,,,297,"ETAWAH BYPASS, KM.307.5- KM.321.1, NH-2 (U.P.)",,,ROAD TRANSPORT & HIGHWAYS,2007-10,2000-04,,89.5,,132.18,42.68,,137.64,2003-10,,2008-02,52.0,,,0,0,,,,FR_OCT_2007.pdf,Sector-Wise analysis of projects,26,297
FR_200710_298,,,298,"DEESA-RADHANPUR, KM.372.6-KM.458.0, NH-14 (GUJARAT)",,,ROAD TRANSPORT & HIGHWAYS,2007-10,2003-12,,399.89,,479.74,79.85,,319.1,2005-02,,2008-03,37.0,,,0,0,,,,FR_OCT_2007.pdf,Sector-Wise analysis of projects,26,298
FR_200710_299,,,299,"PURNEA-GOYAKOTA, KM.419-KM.447, NH-31 (BIHAR)",,,ROAD TRANSPORT & HIGHWAYS,2007-10,2000-04,,205.73,,205.73,0.0,,160.5,2004-07,,2008-03,44.0,,,0,0,,,,FR_OCT_2007.pdf,Sector-Wise analysis of projects,26,299
FR_200710_300,,,300,"RAJASTHAN/MP BORDER- KOTA, KM.579-KM.509, NH-76 (RAJASTHAN)",,,ROAD TRANSPORT & HIGHWAYS,2007-10,2003-12,,311.35,,349.59,38.24,,194.4,2008-03,,2008-03,0.0,,,0,0,,,,FR_OCT_2007.pdf,Sector-Wise analysis of projects,26,300
FR_200710_301,,,301,"RAJKOT BYPASS-GONDAL JETPUR, KM.185-KM.175, NH- 36 (GUJARAT)",,,ROAD TRANSPORT & HIGHWAYS,2007-10,2003-12,,265.0,,388.09,123.09,,322.4,2008-03,,2008-03,0.0,,,0,0,,,,FR_OCT_2007.pdf,Sector-Wise analysis of projects,26,301
FR_200710_302,,,302,"VARANASI-MOHANIA, KM.317-KM.329, NH-2 (U.P.)",,,ROAD TRANSPORT & HIGHWAYS,2007-10,2000-04,,467.93,,467.93,0.0,,424.53,2005-03,,2008-03,36.0,,,0,0,,,,FR_OCT_2007.pdf,Sector-Wise analysis of projects,26,302
FR_200710_303,,,303,"IMPROVEMENT OF ACCESS OF GQ WITHIN CHENNAI CITY, KM.4, NH-4,",,,ROAD TRANSPORT & HIGHWAYS,2007-10,2005-01,,210.0,,210.0,0.0,,372.3,2007-04,,2008-03,11.0,,,0,0,,,,FR_OCT_2007.pdf,Sector-Wise analysis of projects,26,303
FR_200710_304,,,304,"KANPUR-FATEHPUR, KM.470- KM.483, NH-2 (U.P.)",,,ROAD TRANSPORT & HIGHWAYS,2007-10,2000-04,,495.35,,495.35,0.0,,605.12,2005-03,,2008-03,36.0,,5.0,0,0,,,,FR_OCT_2007.pdf,Sector-Wise analysis of projects,26,304
FR_200710_305,,,305,"GORHAR-BARWA ADDA, KM.320-KM.398.75, NH-2 (JHARKHAND)",,,ROAD TRANSPORT & HIGHWAYS,2007-10,2000-04,,399.75,,399.75,0.0,,312.49,2005-03,,2008-03,36.0,,,0,0,,,,FR_OCT_2007.pdf,Sector-Wise analysis of projects,26,305
FR_200710_306,,,306,"ALLAHABAD BYPASS CONTRACT-II, KM.158- KM.198, NH-2 (U.P.)",,,ROAD TRANSPORT & HIGHWAYS,2007-10,2000-04,,440.93,,440.93,0.0,,405.62,2006-12,,2008-03,15.0,,3.0,0,0,,,,FR_OCT_2007.pdf,Sector-Wise analysis of projects,26,306
FR_200710_307,,,307,"BAKARIA-GOGUNDA, KM.73- KM.29, NH-76 (RAJASTHAN)",,,ROAD TRANSPORT & HIGHWAYS,2007-10,2003-12,,457.0,,530.9,73.9,,249.7,2008-04,,2008-05,1.0,,,0,0,,,,FR_OCT_2007.pdf,Sector-Wise analysis of projects,26,307
FR_200710_308,,,308,"SWAROOPGANJ-BAKARIA, KM.29-KM.0 & KM.264- KM.249.7, NH-76&14",,,ROAD TRANSPORT & HIGHWAYS,2007-10,2003-12,,220.0,,243.11,23.11,,108.9,2008-04,,2008-06,2.0,,,0,0,,,,FR_OCT_2007.pdf,Sector-Wise analysis of projects,26,308
FR_200710_309,,,309,"CHITTORGARH BYPASS(RJ-6) NH-76 KM.159- 213, NH-79,76",,,ROAD TRANSPORT & HIGHWAYS,2007-10,2005-03,,133.03,,133.03,0.0,,136.5,2005-08,,2008-06,34.0,,,0,0,,,,FR_OCT_2007.pdf,Sector-Wise analysis of projects,26,309
FR_200710_310,,,310,"MADURAI-KANYAKUMARI, KM.120-KM.160, NH-7 (TAMIL NADU)",,,ROAD TRANSPORT & HIGHWAYS,2007-10,2003-12,,507.49,,507.49,0.0,,148.7,2008-03,,2008-06,3.0,,,0,0,,,,FR_OCT_2007.pdf,Sector-Wise analysis of projects,26,310
FR_200710_311,,,311,"NEW MANGLORE PORT, KM.37, NH-17 & 48 (KARNATAKA)",,,ROAD TRANSPORT & HIGHWAYS,2007-10,2000-04,,196.5,,196.5,0.0,,29.25,2008-06,,2008-06,0.0,,,0,0,,,,FR_OCT_2007.pdf,Sector-Wise analysis of projects,27,311
FR_200710_312,,,312,"JAM-WADNER, KM.64-KM.94, NH-7 (MAHARASHTRA)",,,ROAD TRANSPORT & HIGHWAYS,2007-10,2003-12,,145.0,,145.0,0.0,,28.68,2005-07,,2008-06,35.0,,,0,0,,,,FR_OCT_2007.pdf,Sector-Wise analysis of projects,27,312
FR_200710_313,,,313,"KUNJWANI-VIJAYPUR, KM.80-KM.97, NH-1A (JAMMU & KASHMIR)",,,ROAD TRANSPORT & HIGHWAYS,2007-10,2000-04,,110.0,,110.0,0.0,,104.9,2004-12,,2008-06,42.0,,,0,0,,,,FR_OCT_2007.pdf,Sector-Wise analysis of projects,27,313
FR_200710_314,,,314,"FATEHPUR-KHAGA, KM.38- KM.115, NH-2 (U.P.)",,,ROAD TRANSPORT & HIGHWAYS,2007-10,2000-04,,372.4,,372.4,0.0,,308.3,2004-07,,2008-06,47.0,,,0,0,,,,FR_OCT_2007.pdf,Sector-Wise analysis of projects,27,314
FR_200710_315,,,315,"BORKHEDI-JAM, KM.36.6- KM.64.0, NH-7 (MAHARASHTRA)",,,ROAD TRANSPORT & HIGHWAYS,2007-10,2003-12,,110.0,,110.0,0.0,,36.48,2005-06,,2008-06,36.0,,,0,0,,,,FR_OCT_2007.pdf,Sector-Wise analysis of projects,27,315
FR_200710_316,,,316,"JETPUR-BHILADI, KM.117- KM.52.50, NH-8B (GUJARAT)",,,ROAD TRANSPORT & HIGHWAYS,2007-10,2003-12,,399.89,,508.5,108.61,,227.3,2007-11,,2008-06,7.0,,,0,0,,,,FR_OCT_2007.pdf,Sector-Wise analysis of projects,27,316
FR_200710_317,,,317,"JHANSI-SIVPURI, KM.50- KM.15, NH-25 (M.P.)",,,ROAD TRANSPORT & HIGHWAYS,2007-10,2003-12,,213.69,,213.69,0.0,,95.2,2008-02,,2008-06,4.0,,,0,0,,,,FR_OCT_2007.pdf,Sector-Wise analysis of projects,27,317
FR_200710_318,,,318,"GARAMORE-BAMANBORE, KM.254-KM.182.60, NH-8A (GUJARAT)",,,ROAD TRANSPORT & HIGHWAYS,2007-10,2003-12,,360.7,,380.7,20.0,,224.1,2007-11,,2008-06,7.0,,,0,0,,,,FR_OCT_2007.pdf,Sector-Wise analysis of projects,27,318
FR_200710_319,,,319,"GARHMUKTESHWAR- MURADABAD, KM.93-149.25, NH-24 (U.P.)",,,ROAD TRANSPORT & HIGHWAYS,2007-10,2000-04,,275.0,,275.0,0.0,,149.5,2007-09,,2008-06,9.0,,,0,0,,,,FR_OCT_2007.pdf,Sector-Wise analysis of projects,27,319
FR_200710_320,,,320,"JHANSI-SHIVPURI, KM.91- KM.50, NH-25 (MADHYA PRADESH)",,,ROAD TRANSPORT & HIGHWAYS,2007-10,2003-12,,220.31,,220.31,0.0,,79.64,2008-05,,2008-06,1.0,,,0,0,,,,FR_OCT_2007.pdf,Sector-Wise analysis of projects,27,320
FR_200710_321,,,321,"CHITTORGARH BYPASS, KM.253-KM.213, NH-76 (RAJASTHAN)",,,ROAD TRANSPORT & HIGHWAYS,2007-10,2003-12,,384.25,,447.9,63.65,,170.8,2008-04,,2008-06,2.0,,,0,0,,,,FR_OCT_2007.pdf,Sector-Wise analysis of projects,27,321
FR_200710_322,,,322,"KOTA-CHITTORGARH, KM.316-KM.253, NH-76 (RAJASTHAN)",,,ROAD TRANSPORT & HIGHWAYS,2007-10,2003-12,,440.5,,503.66,63.16,,187.2,2008-04,,2008-06,2.0,,,0,0,,,,FR_OCT_2007.pdf,Sector-Wise analysis of projects,27,322
FR_200710_323,,,323,"ALLAHABAD BYPASS CONTRACT-III, KM.198- KM.242.71, NH-2 (U.P.)",,,ROAD TRANSPORT & HIGHWAYS,2007-10,2000-04,,534.39,,534.39,0.0,,393.19,2007-05,,2008-06,13.0,,,0,0,,,,FR_OCT_2007.pdf,Sector-Wise analysis of projects,27,323
FR_200710_324,,,324,"GAGODHAR-GARAMORE, KM.245-KM.281.3 & KM.308- KM.254, NH-8A",,,ROAD TRANSPORT & HIGHWAYS,2007-10,2003-12,,412.78,,479.54,66.76,,253.0,2007-11,,2008-06,7.0,,,0,0,,,,FR_OCT_2007.pdf,Sector-Wise analysis of projects,27,324
FR_200710_325,,,325,"CHENNAI BYPASS, KM.32, NH-4, 5, & 45 (TAMIL NADU)",,,ROAD TRANSPORT & HIGHWAYS,2007-10,2003-12,,480.0,,480.0,0.0,,471.0,2007-11,,2008-07,8.0,,,0,0,,,,FR_OCT_2007.pdf,Sector-Wise analysis of projects,27,325
FR_200710_326,,,326,"GOGUNDA-UDAIPUR, KM.104-KM.73, NH-76 (RAJASTHAN)",,,ROAD TRANSPORT & HIGHWAYS,2007-10,2003-12,,266.0,,288.06,22.06,,177.5,2007-08,,2008-07,11.0,,,0,0,,,,FR_OCT_2007.pdf,Sector-Wise analysis of projects,27,326
FR_200710_327,,,327,ELEVATED HIGHWAY FROM SILK BOARD JUNCTION TO ELECTRONIC CITY,,,ROAD TRANSPORT & HIGHWAYS,2007-10,2005-03,,450.0,,450.0,0.0,,412.4,2008-07,,2008-07,0.0,,,0,0,,,,FR_OCT_2007.pdf,Sector-Wise analysis of projects,27,327
FR_200710_328,,,328,"SIX LANING OF BANGLORE- HOSUR, KM.18.75-KM.33.51, NH-7 (KAR.)",,,ROAD TRANSPORT & HIGHWAYS,2007-10,2005-03,,110.0,,110.0,0.0,,12.57,2008-07,,2008-07,0.0,,,0,0,,,,FR_OCT_2007.pdf,Sector-Wise analysis of projects,27,328
FR_200710_329,,,329,"PURNEA-FORBESGANJ, KM.309-KM.268, NH-57 (BIHAR)",,,ROAD TRANSPORT & HIGHWAYS,2007-10,2003-12,,276.0,,276.0,0.0,,123.5,2008-04,,2008-08,4.0,,,0,0,,,,FR_OCT_2007.pdf,Sector-Wise analysis of projects,28,329
FR_200710_330,,,330,"PURNEA-FORBESGANJ, KM.268-KM.230, NH-57 (BIHAR)",,,ROAD TRANSPORT & HIGHWAYS,2007-10,2003-12,,310.0,,310.0,0.0,,120.2,2008-04,,2008-08,4.0,,,0,0,,,,FR_OCT_2007.pdf,Sector-Wise analysis of projects,28,330
FR_200710_331,,,331,"PANIPAT ELEVATED HIGHWAY, KM.96-KM.86 (HARYANA)",,,ROAD TRANSPORT & HIGHWAYS,2007-10,2003-12,,270.0,,270.0,0.0,,261.4,2009-01,,2008-09,-4.0,,,0,0,,,,FR_OCT_2007.pdf,Sector-Wise analysis of projects,28,331
FR_200710_332,,,332,"TIRUNELVEI-PANAGUDI, KM.160-KM.203, NH-7 (TAMIL NADU)",,,ROAD TRANSPORT & HIGHWAYS,2007-10,2003-12,,423.54,,423.54,0.0,,77.31,2008-03,,2008-09,6.0,,,0,0,,,,FR_OCT_2007.pdf,Sector-Wise analysis of projects,28,332
FR_200710_333,,,333,"GANGA BRIDGE-RAMDEVI CROSSING, KM.75-KM.80.06, NH-25 (U.P.)",,,ROAD TRANSPORT & HIGHWAYS,2007-10,2003-12,,155.0,,201.66,46.66,,24.22,2008-09,,2008-09,0.0,,,0,0,,,,FR_OCT_2007.pdf,Sector-Wise analysis of projects,28,333
FR_200710_334,,,334,"GORAKHPUR-AYODHYA, KM.208-KM.164, NH-28 (UTTAR PRADESH)",,,ROAD TRANSPORT & HIGHWAYS,2007-10,2003-12,,227.0,,227.0,0.0,,71.74,2008-10,,2008-10,0.0,,,0,0,,,,FR_OCT_2007.pdf,Sector-Wise analysis of projects,28,334
FR_200710_335,,,335,"AYODHYA-LUCKNOW, KM.45-KM.8.250, NH-28 (UTTAR PRADESH)",,,ROAD TRANSPORT & HIGHWAYS,2007-10,2003-12,,193.0,,193.0,0.0,,95.26,2008-10,,2008-10,0.0,,,0,0,,,,FR_OCT_2007.pdf,Sector-Wise analysis of projects,28,335
FR_200710_336,,,336,"CHITRADURGA BY PASS, KM.207-KM.189 (NH-4)",,,ROAD TRANSPORT & HIGHWAYS,2007-10,2000-04,,104.0,,104.0,0.0,,82.98,2004-08,,2008-10,50.0,,,0,0,,,,FR_OCT_2007.pdf,Sector-Wise analysis of projects,28,336
FR_200710_337,,,337,"PANIPAT-PANCHI GUJARAN, KM.86-KM.66, (HARYANA)",,,ROAD TRANSPORT & HIGHWAYS,2007-10,2003-12,,109.0,,109.0,0.0,,16.45,2008-10,,2008-10,0.0,,,0,0,,,,FR_OCT_2007.pdf,Sector-Wise analysis of projects,28,337
FR_200710_338,,,338,"LALITPUR-SAGAR (2), KM.132-KM.187, NH-26 (M.P.)",,,ROAD TRANSPORT & HIGHWAYS,2007-10,2003-12,,225.0,,225.0,0.0,,52.36,2008-10,,2008-10,0.0,,,0,0,,,,FR_OCT_2007.pdf,Sector-Wise analysis of projects,28,338
FR_200710_339,,,339,"SAGAR-RAJMARG CHORAHA, KM.255-KM.297, NH-26 (M.P.)",,,ROAD TRANSPORT & HIGHWAYS,2007-10,2003-12,,206.96,,206.96,0.0,,101.0,2008-10,,2008-10,0.0,,,0,0,,,,FR_OCT_2007.pdf,Sector-Wise analysis of projects,28,339
FR_200710_340,,,340,"SAGAR-RAJMARG CHORAHA, KM.211-KM.255, NH-26 (M.P.)",,,ROAD TRANSPORT & HIGHWAYS,2007-10,2003-12,,203.43,,203.43,0.0,,18.37,2008-10,,2008-10,0.0,,,0,0,,,,FR_OCT_2007.pdf,Sector-Wise analysis of projects,28,340
FR_200710_341,,,341,"MADURAI -KANYAKUMARI, KM.80-KM.120, NH-7 (TAMIL NADU)",,,ROAD TRANSPORT & HIGHWAYS,2007-10,2003-12,,323.36,,323.36,0.0,,72.74,2008-03,,2008-10,7.0,,,0,0,,,,FR_OCT_2007.pdf,Sector-Wise analysis of projects,28,341
FR_200710_342,,,342,"RAJMARG CHORAHA- LAKHNANDON, KM.297- KM.351, NH-26 (M.P.)",,,ROAD TRANSPORT & HIGHWAYS,2007-10,2003-12,,251.03,,251.03,0.0,,35.04,2008-10,,2008-10,0.0,,,0,0,,,,FR_OCT_2007.pdf,Sector-Wise analysis of projects,28,342
FR_200710_343,,,343,"RAJMARG CHORAHA- LAKHNANDON, KM.351- KM.405.7, NH-26",,,ROAD TRANSPORT & HIGHWAYS,2007-10,2003-12,,229.91,,229.91,0.0,,18.81,2008-10,,2008-10,0.0,,,0,0,,,,FR_OCT_2007.pdf,Sector-Wise analysis of projects,28,343
FR_200710_344,,,344,"AYODHYA-LUCKNOW, KM.93.075-KM.45, NH-28 (UTTAR PRADESH)",,,ROAD TRANSPORT & HIGHWAYS,2007-10,2003-12,,217.0,,217.0,0.0,,109.6,2008-10,,2008-10,0.0,,,0,0,,,,FR_OCT_2007.pdf,Sector-Wise analysis of projects,28,344
FR_200710_345,,,345,"MADURAI-KANYAKUMARI, KM.42-KM.80, NH-7 (TAMIL NADU)",,,ROAD TRANSPORT & HIGHWAYS,2007-10,2003-12,,474.21,,474.21,0.0,,108.9,2008-03,,2008-10,7.0,,,0,0,,,,FR_OCT_2007.pdf,Sector-Wise analysis of projects,28,345
FR_200710_346,,,346,"MADURAI-TIRUNELVELI, KM.0-KM.42, NH-7 (TAMIL NADU)",,,ROAD TRANSPORT & HIGHWAYS,2007-10,2003-12,,567.38,,567.38,0.0,,136.6,2008-03,,2008-10,7.0,,,0,0,,,,FR_OCT_2007.pdf,Sector-Wise analysis of projects,28,346
FR_200710_347,,,347,"GORAKHPUR-AYODHYA, KM.251.70-KM.208.00, NH-28 (U.P.)",,,ROAD TRANSPORT & HIGHWAYS,2007-10,2003-12,,239.0,,239.0,0.0,,95.99,2008-10,,2008-10,0.0,,,0,0,,,,FR_OCT_2007.pdf,Sector-Wise analysis of projects,29,347
FR_200710_348,,,348,"SAGAR BY PASS, KM.187- KM.211, NH-26 (M.P.)",,,ROAD TRANSPORT & HIGHWAYS,2007-10,2003-12,,151.3,,151.3,0.0,,19.04,2008-10,,2008-10,0.0,,,0,0,,,,FR_OCT_2007.pdf,Sector-Wise analysis of projects,29,348
FR_200710_349,,,349,"SILIGURI-ISLAMPUR, KM.551-KM.526, NH-31 (WEST BENGAL)",,,ROAD TRANSPORT & HIGHWAYS,2007-10,2003-12,,155.0,,155.0,0.0,,106.1,2008-10,,2008-10,0.0,,,0,0,,,,FR_OCT_2007.pdf,Sector-Wise analysis of projects,29,349
FR_200710_350,,,350,"KELAPUR-PIMPALKATTI, KM.153-KM.175, NH-7 (MAHARASHTRA)",,,ROAD TRANSPORT & HIGHWAYS,2007-10,2003-12,,117.4,,117.4,0.0,,12.83,2008-11,,2008-11,0.0,,,0,0,,,,FR_OCT_2007.pdf,Sector-Wise analysis of projects,29,350
FR_200710_351,,,351,"GANJAM-ICCHAPURAM, KM.233-KM.284, NH-5 (ORISSA)",,,ROAD TRANSPORT & HIGHWAYS,2007-10,2000-04,,263.27,,263.27,0.0,,124.89,2004-02,,2008-11,57.0,,,0,0,,,,FR_OCT_2007.pdf,Sector-Wise analysis of projects,29,351
FR_200710_352,,,352,"MAILBANG-LUNDING, KM.111.00-KM.126.45, NH-54 (ASSAM)",,,ROAD TRANSPORT & HIGHWAYS,2007-10,2003-12,,155.04,,155.04,0.0,,12.76,2008-11,,2008-11,0.0,,,0,0,,,,FR_OCT_2007.pdf,Sector-Wise analysis of projects,29,352
FR_200710_353,,,353,"AMBALA-ZIRAKPUR, KM.5/735-KM.39/961, NH-21 & 22, (HARYANA)",,,ROAD TRANSPORT & HIGHWAYS,2007-10,2005-03,,298.0,,298.0,0.0,,333.0,2008-11,,2008-11,0.0,,,0,0,,,,FR_OCT_2007.pdf,Sector-Wise analysis of projects,29,353
FR_200710_354,,,354,"GORAKHPUR-AYODHYA, KM.164-KM.135, NH-28 (U.P.)",,,ROAD TRANSPORT & HIGHWAYS,2007-10,2003-12,,205.0,,205.0,0.0,,122.6,2008-10,,2008-11,1.0,,,0,0,,,,FR_OCT_2007.pdf,Sector-Wise analysis of projects,29,354
FR_200710_355,,,355,"ASSAM/WEST BENGAL BORDER-GAIRKATTA, KM.255-KM.223, NH-31",,,ROAD TRANSPORT & HIGHWAYS,2007-10,2003-12,,221.82,,221.82,0.0,,26.95,2008-11,,2008-11,0.0,,,0,0,,,,FR_OCT_2007.pdf,Sector-Wise analysis of projects,29,355
FR_200710_356,,,356,"LALITPUR-SAGAR (1), KM.94- KM.132, NH-26 (M.P.)",,,ROAD TRANSPORT & HIGHWAYS,2007-10,2003-12,,198.0,,198.0,0.0,,10.84,2008-11,,2008-11,0.0,,,0,0,,,,FR_OCT_2007.pdf,Sector-Wise analysis of projects,29,356
FR_200710_357,,,357,"AYODHYA-LUCKNOW, KM.135.000-KM.93.075, NH-28 (U.P.)",,,ROAD TRANSPORT & HIGHWAYS,2007-10,2003-12,,212.0,,212.0,0.0,,109.9,2008-10,,2008-11,1.0,,,0,0,,,,FR_OCT_2007.pdf,Sector-Wise analysis of projects,29,357
FR_200710_358,,,358,"MAILBANG-LUNDING, KM.60.50-KM.83.40, NH-54 (ASSAM)",,,ROAD TRANSPORT & HIGHWAYS,2007-10,2003-12,,167.64,,167.64,0.0,,13.13,2008-11,,2008-11,0.0,,,0,0,,,,FR_OCT_2007.pdf,Sector-Wise analysis of projects,29,358
FR_200710_359,,,359,"SALEM-KARUR, KM.258.645- KM.292.60, NH-7 (TAMIL NADU)",,,ROAD TRANSPORT & HIGHWAYS,2007-10,2003-12,,205.6,,205.6,0.0,,59.48,2008-08,,2008-11,3.0,,,0,0,,,,FR_OCT_2007.pdf,Sector-Wise analysis of projects,29,359
FR_200710_360,,,360,"GUWAHATI-NALBARI, KM.1093-KM.1065, NH-31 (ASSAM)",,,ROAD TRANSPORT & HIGHWAYS,2007-10,2003-12,,198.16,,198.16,0.0,,20.98,2008-04,,2008-12,8.0,,,0,0,,,,FR_OCT_2007.pdf,Sector-Wise analysis of projects,29,360
FR_200710_361,,,361,"VIJAYAPUR-PATHANKOT, KM.50-KM.80, NH1A (JAMMU & KASHMIR)",,,ROAD TRANSPORT & HIGHWAYS,2007-10,2003-12,,166.27,,166.27,0.0,,38.7,2008-03,,2008-12,9.0,,,0,0,,,,FR_OCT_2007.pdf,Sector-Wise analysis of projects,29,361
FR_200710_362,,,362,"DEVDHARI-KELAPUR, KM.123-KM.153, NH-7 (MAHARASHTRA)",,,ROAD TRANSPORT & HIGHWAYS,2007-10,2003-12,,144.0,,144.0,0.0,,34.86,2005-07,,2008-12,41.0,,,0,0,,,,FR_OCT_2007.pdf,Sector-Wise analysis of projects,29,362
FR_200710_363,,,363,"RAJASTHAN/MP BORDER- KOTA, KM.509-KM.449.15, NH-76",,,ROAD TRANSPORT & HIGHWAYS,2007-10,2003-12,,378.22,,430.21,51.99,,189.0,2008-04,,2008-12,8.0,,,0,0,,,,FR_OCT_2007.pdf,Sector-Wise analysis of projects,29,363
FR_200710_364,,,364,"KASIA-GORAKHPUR, KM.319.8-KM.279.8, NH-28 (UTTAR PRADESH)",,,ROAD TRANSPORT & HIGHWAYS,2007-10,2003-12,,242.0,,242.0,0.0,,128.6,2008-12,,2008-12,0.0,,,0,0,,,,FR_OCT_2007.pdf,Sector-Wise analysis of projects,29,364
FR_200710_365,,,365,"KRISHNAGIRI- THOPURGHAT, KM.94- KM.156, NH-7 (TAMIL NADU)",,,ROAD TRANSPORT & HIGHWAYS,2007-10,2003-12,,372.7,,372.7,0.0,,203.0,2008-12,,2008-12,0.0,,,0,0,,,,FR_OCT_2007.pdf,Sector-Wise analysis of projects,30,365
FR_200710_366,,,366,"DARBHANGA- MUZAFFARPUR, KM 30-KM 0, NH-57 (BIHAR)",,,ROAD TRANSPORT & HIGHWAYS,2007-10,2003-12,,291.8,,291.8,0.0,,93.44,2008-06,,2008-12,6.0,,,0,0,,,,FR_OCT_2007.pdf,Sector-Wise analysis of projects,30,366
FR_200710_367,,,367,"NALBARI-BIJNI, KM.983- KM.961.5, NH-31 (ASSAM)",,,ROAD TRANSPORT & HIGHWAYS,2007-10,2003-12,,142.0,,142.0,0.0,,17.41,2008-06,,2008-12,6.0,,,0,0,,,,FR_OCT_2007.pdf,Sector-Wise analysis of projects,30,367
FR_200710_368,,,368,"NALBARI-BIJNI, KM.1040.3- KM.1013, NH-31 (ASSAM)",,,ROAD TRANSPORT & HIGHWAYS,2007-10,2003-12,,208.0,,208.0,0.0,,13.77,2008-04,,2008-12,8.0,,,0,0,,,,FR_OCT_2007.pdf,Sector-Wise analysis of projects,30,368
FR_200710_369,,,369,"BIJNI-ASSAM /WEST BENGAL.BORDER, KM.93- KM.60, NH-31C",,,ROAD TRANSPORT & HIGHWAYS,2007-10,2003-12,,237.8,,237.8,0.0,,32.43,2008-06,,2008-12,6.0,,,0,0,,,,FR_OCT_2007.pdf,Sector-Wise analysis of projects,30,369
FR_200710_370,,,370,"FORBESGANJ-SIMRAHI, KM.230-KM.190, NH-57 (BIHAR)",,,ROAD TRANSPORT & HIGHWAYS,2007-10,2003-12,,332.94,,332.94,0.0,,68.19,2008-09,,2008-12,3.0,,,0,0,,,,FR_OCT_2007.pdf,Sector-Wise analysis of projects,30,370
FR_200710_371,,,371,"DHARAMTUL-SONAPUR, KM.205-KM.183, NH-31 (ASSAM)",,,ROAD TRANSPORT & HIGHWAYS,2007-10,2003-12,,160.0,,160.0,0.0,,19.67,2008-05,,2008-12,7.0,,,0,0,,,,FR_OCT_2007.pdf,Sector-Wise analysis of projects,30,371
FR_200710_372,,,372,"DARBHANGA- MUZAFFARPUR, KM.70- KM.30, NH-57, (BIHAR)",,,ROAD TRANSPORT & HIGHWAYS,2007-10,2003-12,,305.0,,305.0,0.0,,21.78,2008-06,,2008-12,6.0,,,0,0,,,,FR_OCT_2007.pdf,Sector-Wise analysis of projects,30,372
FR_200710_373,,,373,"RINGBUNDS-JHANJHARPUR, KM.155-KM.110, NH-57 (BIHAR)",,,ROAD TRANSPORT & HIGHWAYS,2007-10,2003-12,,340.0,,340.0,0.0,,41.47,2008-06,,2008-12,6.0,,,0,0,,,,FR_OCT_2007.pdf,Sector-Wise analysis of projects,30,373
FR_200710_374,,,374,"UP/BIHAR BORDER-KASIA, KM.360.915-KM.319.8, NH-28, (U.P.)",,,ROAD TRANSPORT & HIGHWAYS,2007-10,2003-12,,227.0,,227.0,0.0,,90.88,2008-12,,2008-12,0.0,,,0,0,,,,FR_OCT_2007.pdf,Sector-Wise analysis of projects,30,374
FR_200710_375,,,375,"HAPUR-GARHMUKTESWAR, KM.58-KM.93, NH-24 (U.P.)",,,ROAD TRANSPORT & HIGHWAYS,2007-10,2000-04,,220.0,,220.0,0.0,,46.68,2007-09,,2008-12,15.0,,,0,0,,,,FR_OCT_2007.pdf,Sector-Wise analysis of projects,30,375
FR_200710_376,,,376,"BALASORE-BHADRAK, KM.136.5-KM.199.14, NH-5 (ORISSA)",,,ROAD TRANSPORT & HIGHWAYS,2007-10,2000-04,,227.25,,227.25,0.0,,192.1,2004-02,,2008-12,58.0,,,0,0,,,,FR_OCT_2007.pdf,Sector-Wise analysis of projects,30,376
FR_200710_377,,,377,"SUNAKHALA-GANJAM, KM.338-KM.284, NH-5 (ORISSA)",,,ROAD TRANSPORT & HIGHWAYS,2007-10,2000-04,,225.0,,225.0,0.0,,144.93,2004-04,,2008-12,56.0,,,0,0,,,,FR_OCT_2007.pdf,Sector-Wise analysis of projects,30,377
FR_200710_378,,,378,"JHANSI BYPASS, KM.104- KM.91, NH-25 (UTTAR PRADESH)",,,ROAD TRANSPORT & HIGHWAYS,2007-10,2003-12,,158.06,,158.06,0.0,,47.26,2005-08,,2008-12,40.0,,,0,0,,,,FR_OCT_2007.pdf,Sector-Wise analysis of projects,30,378
FR_200710_379,,,379,"PATHANKOT-BHOGPUR, KM.26-KM.70, NH-1A (PUNJAB)",,,ROAD TRANSPORT & HIGHWAYS,2007-10,2003-12,,284.0,,284.0,0.0,,111.4,2008-05,,2008-12,7.0,,,0,0,,,,FR_OCT_2007.pdf,Sector-Wise analysis of projects,30,379
FR_200710_380,,,380,"TINDIVANAM-UIUNDURPET, KM.121-KM.192.25, NH-45 (T.N.)",,,ROAD TRANSPORT & HIGHWAYS,2007-10,2003-12,,480.0,,480.0,0.0,,266.4,2009-03,,2008-12,-3.0,,,0,0,,,,FR_OCT_2007.pdf,Sector-Wise analysis of projects,30,380
FR_200710_381,,,381,"PATHANKOT-BHOGPUR , KM.70-KM.110, NH-1A (PUNJAB)",,,ROAD TRANSPORT & HIGHWAYS,2007-10,2003-12,,229.0,,229.0,0.0,,57.98,2008-05,,2008-12,7.0,,,0,0,,,,FR_OCT_2007.pdf,Sector-Wise analysis of projects,30,381
FR_200710_382,,,382,"TOVARAMKURCHI- MADURAI, KM.60.95- KM.124.84 (T.N.)",,,ROAD TRANSPORT & HIGHWAYS,2007-10,2003-12,,263.0,,263.0,0.0,,119.4,2008-08,,2008-12,4.0,,,0,0,,,,FR_OCT_2007.pdf,Sector-Wise analysis of projects,30,382
FR_200710_383,,,383,"ORAI-JHANSI, KM.170.0- KM.104.0, NH-25 (U.P.)",,,ROAD TRANSPORT & HIGHWAYS,2007-10,2003-12,,451.97,,451.97,0.0,,168.3,2008-04,,2008-12,8.0,,,0,0,,,,FR_OCT_2007.pdf,Sector-Wise analysis of projects,31,383
FR_200710_384,,,384,"ORAI-JHANSI, KM.220- KM.170, N H-25 (U.P.)",,,ROAD TRANSPORT & HIGHWAYS,2007-10,2003-12,,340.68,,340.68,0.0,,41.1,2008-03,,2008-12,9.0,,,0,0,,,,FR_OCT_2007.pdf,Sector-Wise analysis of projects,31,384
FR_200710_385,,,385,"NAGPUR-KONDHALI, KM.9.2- KM.50, NH-6 (MAHARASHTRA)",,,ROAD TRANSPORT & HIGHWAYS,2007-10,2005-03,,168.0,,168.0,0.0,,107.1,2008-12,,2008-12,0.0,,,0,0,,,,FR_OCT_2007.pdf,Sector-Wise analysis of projects,31,385
FR_200710_386,,,386,"KARUR-MADURAI, KM.305.6- KM.373.28, NH-7 (TAMIL NADU)",,,ROAD TRANSPORT & HIGHWAYS,2007-10,2003-12,,327.2,,327.2,0.0,,84.61,2009-01,,2008-12,-1.0,,,0,0,,,,FR_OCT_2007.pdf,Sector-Wise analysis of projects,31,386
FR_200710_387,,,387,"SALEM-KERALA BORDER, KM.203.96-KM.53, NH-47 (TAMIL NADU)",,,ROAD TRANSPORT & HIGHWAYS,2007-10,2003-12,,469.8,,469.8,0.0,,62.15,2008-12,,2008-12,0.0,,,0,0,,,,FR_OCT_2007.pdf,Sector-Wise analysis of projects,31,387
FR_200710_388,,,388,"SALEM-KERALA BORDER, KM.53-KM.100, NH-97 (TAMIL NADU)",,,ROAD TRANSPORT & HIGHWAYS,2007-10,2003-12,,379.8,,379.8,0.0,,58.84,2008-12,,2008-12,0.0,,,0,0,,,,FR_OCT_2007.pdf,Sector-Wise analysis of projects,31,388
FR_200710_389,,,389,"KARUR-MADURAI, KM.373.275-KM.426.60, NH-7 (TAMIL NADU)",,,ROAD TRANSPORT & HIGHWAYS,2007-10,2003-12,,283.5,,283.5,0.0,,79.47,2008-12,,2008-12,0.0,,,0,0,,,,FR_OCT_2007.pdf,Sector-Wise analysis of projects,31,389
FR_200710_390,,,390,"BIJNI-ASSAM/WEST BENGAL BORDER, KM.30-KM.60, NH- 31C",,,ROAD TRANSPORT & HIGHWAYS,2007-10,2003-12,,195.0,,195.0,0.0,,26.68,2008-06,,2008-12,6.0,,,0,0,,,,FR_OCT_2007.pdf,Sector-Wise analysis of projects,31,390
FR_200710_391,,,391,"PADALUR-TRICHY, KM.285- KM.325, NH-45 (T.N.I)",,,ROAD TRANSPORT & HIGHWAYS,2007-10,2003-12,,320.0,,320.0,0.0,,138.5,2009-05,,2008-12,-5.0,,,0,0,,,,FR_OCT_2007.pdf,Sector-Wise analysis of projects,31,391
FR_200710_392,,,392,"UIUNDURPET-PADALUR, KM.192.25-KM.285, NH-45 (T.N.)",,,ROAD TRANSPORT & HIGHWAYS,2007-10,2003-12,,460.0,,460.0,0.0,,287.6,2009-06,,2008-12,-6.0,,,0,0,,,,FR_OCT_2007.pdf,Sector-Wise analysis of projects,31,392
FR_200710_393,,,393,"SONAPUR-GUWAHATI, KM.183-KM.163.895, NH-37 (ASSAM)",,,ROAD TRANSPORT & HIGHWAYS,2007-10,2003-12,,245.0,,245.0,0.0,,76.78,2008-03,,2008-12,9.0,,,0,0,,,,FR_OCT_2007.pdf,Sector-Wise analysis of projects,31,393
FR_200710_394,,,394,"NAGAON-DHARAMTUL KM.255-KM.230, NH-37 (ASSAM)",,,ROAD TRANSPORT & HIGHWAYS,2007-10,2003-12,,264.72,,264.72,0.0,,9.83,2008-06,,2008-12,6.0,,,0,0,,,,FR_OCT_2007.pdf,Sector-Wise analysis of projects,31,394
FR_200710_395,,,395,"RJ/MP BORDER-KOTA, KM.449.15-KM.406 NH-76 (RAJASTHAN)",,,ROAD TRANSPORT & HIGHWAYS,2007-10,2003-12,,297.72,,359.43,61.71,,107.2,2008-04,,2008-12,8.0,,,0,0,,,,FR_OCT_2007.pdf,Sector-Wise analysis of projects,31,395
FR_200710_396,,,396,"DHULE-PIMPALGAON, KM.380-KM.265, NH-3 (MAHARASHTRA)",,,ROAD TRANSPORT & HIGHWAYS,2007-10,2005-03,,556.0,,556.0,0.0,,360.5,2009-03,,2008-12,-3.0,,,0,0,,,,FR_OCT_2007.pdf,Sector-Wise analysis of projects,31,396
FR_200710_397,,,397,"KOTA-CHITTORGARH, KM.381-KM.316, NH-76 (RAJASTHAN)",,,ROAD TRANSPORT & HIGHWAYS,2007-10,2003-12,,446.4,,528.44,82.04,,162.6,2008-04,,2008-12,8.0,,,0,0,,,,FR_OCT_2007.pdf,Sector-Wise analysis of projects,31,397
FR_200710_398,,,398,"JHAJHARPUR-DARBANGA, KM.110-KM.70, NH-57 (BIHAR)",,,ROAD TRANSPORT & HIGHWAYS,2007-10,2003-12,,340.0,,340.0,0.0,,19.67,2008-09,,2008-12,3.0,,,0,0,,,,FR_OCT_2007.pdf,Sector-Wise analysis of projects,31,398
FR_200710_399,,,399,"DHARMATUL-SONAPUR, KM.230.50-KM.230.00, NH-31 (ASSAM)",,,ROAD TRANSPORT & HIGHWAYS,2007-10,2003-12,,200.0,,200.0,0.0,,31.88,2008-06,,2008-12,6.0,,,0,0,,,,FR_OCT_2007.pdf,Sector-Wise analysis of projects,31,399
FR_200710_400,,,400,"SIMRAHI-RINGBUND, KM.190-KM.165, NH-57 (BIHAR)",,,ROAD TRANSPORT & HIGHWAYS,2007-10,2003-12,,100.5,,100.5,0.0,,37.37,2008-04,,2008-12,8.0,,,0,0,,,,FR_OCT_2007.pdf,Sector-Wise analysis of projects,31,400
FR_200710_401,,,401,"LANKA-DABOKA, KM.22- KM.24, NH-54 (ASSAM)",,,ROAD TRANSPORT & HIGHWAYS,2007-10,2003-12,,225.0,,225.0,0.0,,20.24,2008-06,,2008-12,6.0,,,0,0,,,,FR_OCT_2007.pdf,Sector-Wise analysis of projects,32,401
FR_200710_402,,,402,"DAKOBA-NAGAON, KM.36- KM.5.5, NH-36 (ASSAM)",,,ROAD TRANSPORT & HIGHWAYS,2007-10,2003-12,,225.0,,225.0,0.0,,21.47,2008-06,,2008-12,6.0,,,0,0,,,,FR_OCT_2007.pdf,Sector-Wise analysis of projects,32,402
FR_200710_403,,,403,"SILCHAR-UDARBAND, KM.309-KM.275, NH-54 (ASSAM)",,,ROAD TRANSPORT & HIGHWAYS,2007-10,2003-12,,157.47,,154.57,-2.9,,47.19,2007-09,,2008-12,15.0,,,0,0,,,,FR_OCT_2007.pdf,Sector-Wise analysis of projects,32,403
FR_200710_404,,,404,"NAGAON BYPASS, KM.5.5- KM.262.7, NH-36 (ASSAM)",,,ROAD TRANSPORT & HIGHWAYS,2007-10,2003-12,,230.0,,230.0,0.0,,63.08,2008-06,,2008-12,6.0,,,0,0,,,,FR_OCT_2007.pdf,Sector-Wise analysis of projects,32,404
FR_200710_405,,,405,"NALBARI-BIJNI, KM.1013- KM.983, NH-31 (ASSAM)",,,ROAD TRANSPORT & HIGHWAYS,2007-10,2003-12,,200.0,,200.0,0.0,,25.75,2008-06,,2008-12,6.0,,,0,0,,,,FR_OCT_2007.pdf,Sector-Wise analysis of projects,32,405
FR_200710_406,,,406,"SILIGURI-ISLAMPUR, KM.526-KM.500, NH-31(WEST BENGAL)",,,ROAD TRANSPORT & HIGHWAYS,2007-10,2003-12,,225.0,,225.0,0.0,,34.08,2008-07,,2008-12,5.0,,,0,0,,,,FR_OCT_2007.pdf,Sector-Wise analysis of projects,32,406
FR_200710_407,,,407,"BIJNI-ASSAM/WB BORDER, KM.30.0-KM.0.0, NH-31C (ASSAM)",,,ROAD TRANSPORT & HIGHWAYS,2007-10,2003-12,,230.0,,230.0,0.0,,33.79,2005-06,,2008-12,42.0,,,0,0,,,,FR_OCT_2007.pdf,Sector-Wise analysis of projects,32,407
FR_200710_408,,,408,"GUWAHATI-NALBARI, KM.1121-KM.1093, NH-31 (ASSAM)",,,ROAD TRANSPORT & HIGHWAYS,2007-10,2003-12,,175.96,,175.96,0.0,,22.31,2008-04,,2008-12,8.0,,,0,0,,,,FR_OCT_2007.pdf,Sector-Wise analysis of projects,32,408
FR_200710_409,,,409,"VIJAYAPUR-PATHANKOT KM.16.35-KM.50.00, NH-1A (J&K)",,,ROAD TRANSPORT & HIGHWAYS,2007-10,2003-12,,193.09,,193.09,0.0,,48.3,2008-03,,2008-12,9.0,,,0,0,,,,FR_OCT_2007.pdf,Sector-Wise analysis of projects,32,409
FR_200710_410,,,410,"NALBARI-BIJNI, KM.1065- KM.1040.3, NH-31 (ASSAM)",,,ROAD TRANSPORT & HIGHWAYS,2007-10,2003-12,,225.0,,225.0,0.0,,38.97,2008-06,,2008-12,6.0,,,0,0,,,,FR_OCT_2007.pdf,Sector-Wise analysis of projects,32,410
FR_200710_411,,,411,"SALEM-KARUR, KM.207.05- KM.248.625, NH-7 (TAMIL NADU)",,,ROAD TRANSPORT & HIGHWAYS,2007-10,2003-12,,253.5,,253.5,0.0,,93.56,2009-01,,2009-01,0.0,,,0,0,,,,FR_OCT_2007.pdf,Sector-Wise analysis of projects,32,411
FR_200710_412,,,412,"AURANG-RAIPUR, KM.232- KM.281, NH-6 (CHHATTISGARH)",,,ROAD TRANSPORT & HIGHWAYS,2007-10,2005-03,,190.0,,190.0,0.0,,77.0,2009-01,,2009-01,0.0,,,0,0,,,,FR_OCT_2007.pdf,Sector-Wise analysis of projects,32,412
FR_200710_413,,,413,"BHARATPUR MAHUA, KM.63- KM.120, NH-11 (RAJASTHAN)",,,ROAD TRANSPORT & HIGHWAYS,2007-10,2005-03,,250.0,,250.0,0.0,,228.5,2009-01,,2009-01,0.0,,,0,0,,,,FR_OCT_2007.pdf,Sector-Wise analysis of projects,32,413
FR_200710_414,,,414,"HARANGAJO-MAILBANG, KM.126.45-KM.140.70, NH-54 (ASSAM)",,,ROAD TRANSPORT & HIGHWAYS,2007-10,2003-12,,280.0,,280.0,0.0,,49.02,2009-02,,2009-02,0.0,,,0,0,,,,FR_OCT_2007.pdf,Sector-Wise analysis of projects,32,414
FR_200710_415,,,415,"FARUKHANAGAR- KOTTAKATA, KM.34.14- KM.80.08, NH-7 (A.P.)",,,ROAD TRANSPORT & HIGHWAYS,2007-10,2003-12,,267.2,,255.0,-12.2,,164.7,2009-02,,2009-02,0.0,,,0,0,,,,FR_OCT_2007.pdf,Sector-Wise analysis of projects,32,415
FR_200710_416,,,416,"FARUKHANAGAR- KOTAKOTTA, KM.80.05- KM.135.47, NH-7 (A.P.)",,,ROAD TRANSPORT & HIGHWAYS,2007-10,2003-12,,313.7,,302.0,-11.7,,128.8,2009-02,,2009-02,0.0,,,0,0,,,,FR_OCT_2007.pdf,Sector-Wise analysis of projects,32,416
FR_200710_417,,,417,"HAVERI-HARIHAR, KM.340- KM.284, NH-4 (KARNATAKA)",,,ROAD TRANSPORT & HIGHWAYS,2007-10,2000-04,,241.0,,241.0,0.0,,201.01,2004-08,,2009-03,55.0,,,0,0,,,,FR_OCT_2007.pdf,Sector-Wise analysis of projects,32,417
FR_200710_418,,,418,"KADLOOR YELLAREDDY- POCHAMPALLI, KM.367- KM.447, NH-7 (A.P.)",,,ROAD TRANSPORT & HIGHWAYS,2007-10,2003-12,,546.15,,490.0,-56.15,,144.9,2009-04,,2009-03,-1.0,,,0,0,,,,FR_OCT_2007.pdf,Sector-Wise analysis of projects,32,418
FR_200710_419,,,419,AP/ KARNATAKA BORDER NANDI HILL CROSSING KM.464.6-KM.527,,,ROAD TRANSPORT & HIGHWAYS,2007-10,2003-12,,402.8,,402.8,0.0,,48.02,2009-03,,2009-03,0.0,,,0,0,,,,FR_OCT_2007.pdf,Sector-Wise analysis of projects,33,419
FR_200710_420,,,420,"MEHSI-KOTWA, KM.480- KM.440, NH-28 (BIHAR)",,,ROAD TRANSPORT & HIGHWAYS,2007-10,2003-12,,239.0,,239.0,0.0,,54.0,2005-07,,2009-03,44.0,,12.0,0,0,,,,FR_OCT_2007.pdf,Sector-Wise analysis of projects,33,420
FR_200710_421,,,421,"DEEWAPUR-UP/BIHAR BORDER, KM.402-KM.360.915, NH-28 (BIHAR)",,,ROAD TRANSPORT & HIGHWAYS,2007-10,2003-12,,300.0,,300.0,0.0,,83.66,2008-10,,2009-03,5.0,,,0,0,,,,FR_OCT_2007.pdf,Sector-Wise analysis of projects,33,421
FR_200710_422,,,422,"PALANPUR-SWAROOPGANJ, KM.264-KM.340, NH-14 (RAJASTHAN)",,,ROAD TRANSPORT & HIGHWAYS,2007-10,2003-12,,498.0,,498.0,0.0,,75.16,2009-03,,2009-03,0.0,,,0,0,,,,FR_OCT_2007.pdf,Sector-Wise analysis of projects,33,422
FR_200710_423,,,423,"KONDHALI-TELEGAON, KM.50-KM.100, NH-6 (MAHARASHTRA)",,,ROAD TRANSPORT & HIGHWAYS,2007-10,2005-03,,212.0,,212.0,0.0,,170.2,2009-03,,2009-03,0.0,,,0,0,,,,FR_OCT_2007.pdf,Sector-Wise analysis of projects,33,423
FR_200710_424,,,424,"TRICHY BYPASS- TUVARAMKURCHI, KM.61, NH-45B (TAMIL NADU)",,,ROAD TRANSPORT & HIGHWAYS,2007-10,2003-12,,261.0,,261.0,0.0,,114.7,2008-08,,2009-03,7.0,,,0,0,,,,FR_OCT_2007.pdf,Sector-Wise analysis of projects,33,424
FR_200710_425,,,425,"MEERUT-MUZAFFARNAGAR, KM.52.25-KM.131.00, NH-58 (U.P.)",,,ROAD TRANSPORT & HIGHWAYS,2007-10,2005-03,,359.0,,359.0,0.0,,92.1,2009-03,,2009-03,0.0,,,0,0,,,,FR_OCT_2007.pdf,Sector-Wise analysis of projects,33,425
FR_200710_426,,,426,"HYDERABAD-BANGALORE, KM.135.47-KM.211, NH-7 (A.P.)",,,ROAD TRANSPORT & HIGHWAYS,2007-10,2003-12,,611.44,,592.0,-19.44,,322.3,2009-03,,2009-03,0.0,,,0,0,,,,FR_OCT_2007.pdf,Sector-Wise analysis of projects,33,426
FR_200710_427,,,427,"MAHUA-JAIPUR, KM.120- KM.228, NH-11 (RAJASTHAN)",,,ROAD TRANSPORT & HIGHWAYS,2007-10,2005-03,,483.0,,483.0,0.0,,436.8,2009-03,,2009-03,0.0,,,0,0,,,,FR_OCT_2007.pdf,Sector-Wise analysis of projects,33,427
FR_200710_428,,,428,"AGRA-BHARATPUR, KM.45, NH-11 (U.P.)",,,ROAD TRANSPORT & HIGHWAYS,2007-10,2005-03,,195.0,,195.0,0.0,,168.6,2009-03,,2009-03,0.0,,,0,0,,,,FR_OCT_2007.pdf,Sector-Wise analysis of projects,33,428
FR_200710_429,,,429,"MUZZAFFARPUR-MEHSI, KM.520-KM.480, NH-28 (BIHAR)",,,ROAD TRANSPORT & HIGHWAYS,2007-10,2003-12,,275.0,,275.0,0.0,,56.95,2005-07,,2009-03,44.0,,,0,0,,,,FR_OCT_2007.pdf,Sector-Wise analysis of projects,33,429
FR_200710_430,,,430,"THRISSUR-ANGAMALI, KM.270.00-KM.316.70, NH-47 (KERALA)",,,ROAD TRANSPORT & HIGHWAYS,2007-10,2003-12,,312.5,,312.5,0.0,,83.49,2009-03,,2009-03,0.0,,,0,0,,,,FR_OCT_2007.pdf,Sector-Wise analysis of projects,33,430
FR_200710_431,,,431,"KOTWA-DEWAPUR, KM.440- KM.402, NH-28 (BIHAR)",,,ROAD TRANSPORT & HIGHWAYS,2007-10,2003-12,,240.0,,240.0,0.0,,49.87,2008-10,,2009-03,5.0,,,0,0,,,,FR_OCT_2007.pdf,Sector-Wise analysis of projects,33,431
FR_200710_432,,,432,"MAILBANG-LUNDING, KM.40.000-KM.60.500, NH-54 (ASSAM)",,,ROAD TRANSPORT & HIGHWAYS,2007-10,2003-12,,200.0,,200.0,0.0,,14.01,2009-04,,2009-04,0.0,,,0,0,,,,FR_OCT_2007.pdf,Sector-Wise analysis of projects,33,432
FR_200710_433,,,433,"GONDE-VADAPE (THANE), KM.440-KM.539.50, NH-3 (MAHARASHTRA)",,,ROAD TRANSPORT & HIGHWAYS,2007-10,2005-03,,579.0,,579.0,0.0,,292.7,2009-04,,2009-04,0.0,,,0,0,,,,FR_OCT_2007.pdf,Sector-Wise analysis of projects,33,433
FR_200710_434,,,434,"MAILBANG-LUNDING, KM.83.40-KM.111.00, NH-54 (ASSAM)",,,ROAD TRANSPORT & HIGHWAYS,2007-10,2003-12,,199.81,,199.81,0.0,,4.18,2009-04,,2009-04,0.0,,,0,0,,,,FR_OCT_2007.pdf,Sector-Wise analysis of projects,33,434
FR_200710_435,,,435,"DEVDHARI-WADNER, KM.94- KM.123, NH-7 (MAHARASHTRA)",,,ROAD TRANSPORT & HIGHWAYS,2007-10,2003-12,,145.0,,145.0,0.0,,16.2,2005-07,,2009-04,45.0,,,0,0,,,,FR_OCT_2007.pdf,Sector-Wise analysis of projects,33,435
FR_200710_436,,,436,"BARA-ORAI, KM.449-KM.422 & KM.255-KM.220, NH -2 & 25, (U.P.)",,,ROAD TRANSPORT & HIGHWAYS,2007-10,2003-12,,465.0,,465.0,0.0,,15.79,2009-04,,2009-04,0.0,,,0,0,,,,FR_OCT_2007.pdf,Sector-Wise analysis of projects,33,436
FR_200710_437,,,437,"COCHIN PORT, KM.10, NH-47 (KERALA)",,,ROAD TRANSPORT & HIGHWAYS,2007-10,2000-04,,106.0,,106.0,0.0,,43.8,2006-08,,2009-06,34.0,,,0,0,,,,FR_OCT_2007.pdf,Sector-Wise analysis of projects,34,437
FR_200710_438,,,438,"THANJAVUR-TRICHY, KM.80- KM.135.75, NH-67 (T.N.)",,,ROAD TRANSPORT & HIGHWAYS,2007-10,2005-03,,280.0,,280.0,0.0,,87.24,2009-06,,2009-06,0.0,,,0,0,,,,FR_OCT_2007.pdf,Sector-Wise analysis of projects,34,438
FR_200710_439,,,439,"KOTA BYPASS, KM.406- KM.381, NH-76 (RAJASTHAN)",,,ROAD TRANSPORT & HIGHWAYS,2007-10,2003-12,,275.0,,250.39,-24.61,,35.24,2008-10,,2009-06,8.0,,,0,0,,,,FR_OCT_2007.pdf,Sector-Wise analysis of projects,34,439
FR_200710_440,,,440,"SITAPUR-LUCKNOW, KM.488.27-KM.413.20, NH-24 (U.P.)",,,ROAD TRANSPORT & HIGHWAYS,2007-10,2005-03,,322.0,,322.0,0.0,,66.0,2009-06,,2009-06,0.0,,,0,0,,,,FR_OCT_2007.pdf,Sector-Wise analysis of projects,34,440
FR_200710_441,,,441,"HARANGAJO-MAIBANG, KM.164.08-KM.190.587, NH-54 (ASSAM)",,,ROAD TRANSPORT & HIGHWAYS,2007-10,2003-12,,212.0,,212.0,0.0,,22.34,2007-09,,2009-07,22.0,,5.0,0,0,,,,FR_OCT_2007.pdf,Sector-Wise analysis of projects,34,441
FR_200710_442,,,442,"HARANGAJO-MAIBANG, KM.140.70-KM.164.08, NH-54 (ASSAM)",,,ROAD TRANSPORT & HIGHWAYS,2007-10,2003-12,,196.0,,196.0,0.0,,19.99,2009-07,,2009-07,0.0,,,0,0,,,,FR_OCT_2007.pdf,Sector-Wise analysis of projects,34,442
FR_200710_443,,,443,"VADODARA-BHARUCH PACKAGE BOT-I, KM.108.7- KM.192, NH-8 (GUJ.)",,,ROAD TRANSPORT & HIGHWAYS,2007-10,2006-05,,660.0,,660.0,0.0,,104.2,2009-07,,2009-07,0.0,,,0,0,,,,FR_OCT_2007.pdf,Sector-Wise analysis of projects,34,443
FR_200710_444,,,444,"BHARUCH-SURAT PACKAGE BOT-II, KM.65, (SIX-LANING) NH-8 (GU.)",,,ROAD TRANSPORT & HIGHWAYS,2007-10,2006-05,,492.0,,492.0,0.0,,65.88,2009-07,,2009-07,0.0,,,0,0,,,,FR_OCT_2007.pdf,Sector-Wise analysis of projects,34,444
FR_200710_445,,,445,"Hyderabad-Banglore Section, Km.251-293.4, NH-7 (A.P.)",,,ROAD TRANSPORT & HIGHWAYS,2007-10,2003-12,,208.46,,208.46,0.0,,25.27,2009-08,,2009-08,0.0,,,0,0,,,,FR_OCT_2007.pdf,Sector-Wise analysis of projects,34,445
FR_200710_446,,,446,"Hyderabad-Banglore Section, Km.211- Km.251, NH-7 (A.P.)",,,ROAD TRANSPORT & HIGHWAYS,2007-10,2003-12,,194.8,,194.8,0.0,,20.04,2009-08,,2009-08,0.0,,,0,0,,,,FR_OCT_2007.pdf,Sector-Wise analysis of projects,34,446
FR_200710_447,,,447,"Hyderabad-Banglore Section, Km.376-Km.418, NH-7 (A.P.)",,,ROAD TRANSPORT & HIGHWAYS,2007-10,2003-12,,205.92,,205.92,0.0,,21.99,2009-08,,2009-08,0.0,,,0,0,,,,FR_OCT_2007.pdf,Sector-Wise analysis of projects,34,447
FR_200710_448,,,448,"Hyderabad-Banglore Section, Km.418-Km.463.16, NH-7 (A.P.)",,,ROAD TRANSPORT & HIGHWAYS,2007-10,2003-12,,243.64,,243.64,0.0,,23.44,2009-08,,2009-08,0.0,,,0,0,,,,FR_OCT_2007.pdf,Sector-Wise analysis of projects,34,448
FR_200710_449,,,449,"JHANSI TO LALITPUR, NH- 25,26 (NS, PH-II)",,,ROAD TRANSPORT & HIGHWAYS,2007-10,2003-12,,355.06,,355.06,0.0,,43.0,2009-09,,2009-09,0.0,,,0,0,,,,FR_OCT_2007.pdf,Sector-Wise analysis of projects,34,449
FR_200710_450,,,450,"Hyderabad-Banglore Section, Km.336-km.376, NH-7 (A.P.)",,,ROAD TRANSPORT & HIGHWAYS,2007-10,2003-12,,243.38,,243.38,0.0,,8.14,2008-09,,2009-09,12.0,,,0,0,,,,FR_OCT_2007.pdf,Sector-Wise analysis of projects,34,450
FR_200710_451,,,451,"Hyderabad-Banglore Section, Km.293.4-336, NH-7 (A.P.)",,,ROAD TRANSPORT & HIGHWAYS,2007-10,2003-12,,239.19,,239.19,0.0,,10.64,2009-09,,2009-09,0.0,,,0,0,,,,FR_OCT_2007.pdf,Sector-Wise analysis of projects,34,451
FR_200710_452,,,452,"JHANSI-LALITPUR, KM.49.7- KM.99, NH-26 (U.P.)",,,ROAD TRANSPORT & HIGHWAYS,2007-10,2003-12,,276.09,,276.09,0.0,,35.0,2009-09,,2009-09,0.0,,,0,0,,,,FR_OCT_2007.pdf,Sector-Wise analysis of projects,34,452
FR_200710_453,,,453,"INDORE-KALAGHAT, KM.80, NH-3 (M.P.)",,,ROAD TRANSPORT & HIGHWAYS,2007-10,2005-03,,472.0,,472.0,0.0,,168.0,2009-09,,2009-09,0.0,,,0,0,,,,FR_OCT_2007.pdf,Sector-Wise analysis of projects,34,453
FR_200710_454,,,454,"LAKHNADON- MP/MAHARASHTRA BORDER, KM.547.4- KM.596.75, NH-7",,,ROAD TRANSPORT & HIGHWAYS,2007-10,2003-12,,263.17,,263.17,0.0,,34.29,2009-09,,2009-09,0.0,,,0,0,,,,FR_OCT_2007.pdf,Sector-Wise analysis of projects,34,454
FR_200710_455,,,455,"GWALIOR BYPASS, KM.0- KM.033, NH-75, 3 (M.P.)",,,ROAD TRANSPORT & HIGHWAYS,2007-10,2003-12,,300.93,,300.93,0.0,,5.72,2009-10,,2009-10,0.0,,,0,0,,,,FR_OCT_2007.pdf,Sector-Wise analysis of projects,35,455
FR_200710_456,,,456,"GORAKHPUR BYPASS, KM.251.7-KM.279.8, NH-28 (U.P.)",,,ROAD TRANSPORT & HIGHWAYS,2007-10,2003-12,,600.24,,600.24,0.0,,92.08,2009-10,,2009-10,0.0,,,0,0,,,,FR_OCT_2007.pdf,Sector-Wise analysis of projects,35,456
FR_200710_457,,,457,"KADAL-ARMUR, KM.278- KM.208, NH-7, (A.P.)",,,ROAD TRANSPORT & HIGHWAYS,2007-10,2003-12,,271.73,,271.73,0.0,,0.13,2009-11,,2009-11,0.0,,,0,0,,,,FR_OCT_2007.pdf,Sector-Wise analysis of projects,35,457
FR_200710_458,,,458,"MAHARASHTRA/A.P. BORDER-ISLAM NAGAR KM.175-KM.230, NH-7",,,ROAD TRANSPORT & HIGHWAYS,2007-10,2003-12,,360.42,,360.42,0.0,,0.32,2009-11,,2009-11,0.0,,,0,0,,,,FR_OCT_2007.pdf,Sector-Wise analysis of projects,35,458
FR_200710_459,,,459,"JALANDAR-AMRITSAR, KM.407-KM.456, NH-1, (PANJAB)",,,ROAD TRANSPORT & HIGHWAYS,2007-10,2005-03,,263.0,,263.0,0.0,,134.0,2009-02,,2009-11,9.0,,,0,0,,,,FR_OCT_2007.pdf,Sector-Wise analysis of projects,35,459
FR_200710_460,,,460,"GWALIOR-JHANSI, KM.96.13, NH-75 (M.P.)",,,ROAD TRANSPORT & HIGHWAYS,2007-10,2003-12,,604.0,,604.0,0.0,,80.25,2009-12,,2009-12,0.0,,,0,0,,,,FR_OCT_2007.pdf,Sector-Wise analysis of projects,35,460
FR_200710_461,,,461,"MADURAI-TUTICORIN, KM.138.8 TO KM.264.5, NH- 45B (T.N.)",,,ROAD TRANSPORT & HIGHWAYS,2007-10,2005-03,,629.0,,629.0,0.0,,108.8,2010-11,,2010-01,-10.0,,,0,0,,,,FR_OCT_2007.pdf,Sector-Wise analysis of projects,35,461
FR_200710_462,,,462,"CHAMBAL BRIDGE, NH-76 (RAJASTHAN)",,,ROAD TRANSPORT & HIGHWAYS,2007-10,2003-12,,275.0,,281.31,6.31,,33.74,2010-02,,2010-02,0.0,,,0,0,,,,FR_OCT_2007.pdf,Sector-Wise analysis of projects,35,462
FR_200710_463,,,463,"NH CONNECTIVITY TO JCTT VALLARAPADAM, SH, (KERALA)",,,ROAD TRANSPORT & HIGHWAYS,2007-10,2007-04,,557.0,,557.0,0.0,,,2010-02,,2010-02,0.0,,,0,0,,,,FR_OCT_2007.pdf,Sector-Wise analysis of projects,35,463
FR_200710_464,,,464,"KOSI BRIDGE INCLUDING APPROCHES, KM.155-KM.165, NH-57",,,ROAD TRANSPORT & HIGHWAYS,2007-10,2003-12,,418.04,,418.04,0.0,,81.78,2010-03,,2010-03,0.0,,,0,0,,,,FR_OCT_2007.pdf,Sector-Wise analysis of projects,35,464
FR_200710_465,,,465,"BRAHMPUTRA BRIDGE, KM.1126-KM.1121, NH-31 (ASSAM)",,,ROAD TRANSPORT & HIGHWAYS,2007-10,2003-12,,217.61,,217.61,0.0,,12.84,2010-04,,2010-04,0.0,,,0,0,,,,FR_OCT_2007.pdf,Sector-Wise analysis of projects,35,465
FR_200710_466,,,466,"KURALI-KIRATPUR, NH-21 (PUNJAB)",,,ROAD TRANSPORT & HIGHWAYS,2007-10,2005-03,,309.0,,309.0,0.0,,8.71,2010-06,,2010-06,0.0,,,0,0,,,,FR_OCT_2007.pdf,Sector-Wise analysis of projects,35,466
FR_200710_467,,,467,"LAKHNADON- MP/MAHARSHTRA BORDER, KM.596.75-KM.653.22, NH-7",,,ROAD TRANSPORT & HIGHWAYS,2007-10,2003-12,,407.6,,407.6,0.0,,6.24,2010-06,,2010-06,0.0,,,0,0,,,,FR_OCT_2007.pdf,Sector-Wise analysis of projects,35,467
FR_200710_468,,,468,PONDICHERY-TINDIVANAM (TAMIL NADU),,,ROAD TRANSPORT & HIGHWAYS,2007-10,2005-03,,285.0,,285.0,0.0,,,2010-07,,2010-07,0.0,,,0,0,,,,FR_OCT_2007.pdf,Sector-Wise analysis of projects,35,468
FR_200710_469,,,469,NEELAMANGALA JUNCTION ON NH-4 WITH NH-48 TO DEVIHALLI (KAR.),,,ROAD TRANSPORT & HIGHWAYS,2007-10,2005-03,,441.0,,441.0,0.0,,,2010-07,,2010-07,0.0,,,0,0,,,,FR_OCT_2007.pdf,Sector-Wise analysis of projects,35,469
FR_200710_470,,,470,BANGALORE- NEELAMANGALA (KARNATKA),,,ROAD TRANSPORT & HIGHWAYS,2007-10,2005-03,,445.0,,445.0,0.0,,1.49,2010-07,,2010-07,0.0,,,0,0,,,,FR_OCT_2007.pdf,Sector-Wise analysis of projects,35,470
FR_200710_471,,,471,"BANGALORE-HOSKOTE- MUDBAGAL SECTION, KM.237.7-KM.318 (KAR.)",,,ROAD TRANSPORT & HIGHWAYS,2007-10,2005-03,,565.0,,565.0,0.0,,1.84,2010-07,,2010-07,0.0,,,0,0,,,,FR_OCT_2007.pdf,Sector-Wise analysis of projects,35,471
FR_200710_472,,,472,TRICHY-KARUR (TAMIL NADU),,,ROAD TRANSPORT & HIGHWAYS,2007-10,2005-03,,516.0,,516.0,0.0,,,2010-07,,2010-07,0.0,,,0,0,,,,FR_OCT_2007.pdf,Sector-Wise analysis of projects,35,472
FR_200710_473,,,473,TRICHY-DINDIGUAL (TAMIL NADU),,,ROAD TRANSPORT & HIGHWAYS,2007-10,2005-03,,576.0,,576.0,0.0,,,2010-07,,2010-07,0.0,,,0,0,,,,FR_OCT_2007.pdf,Sector-Wise analysis of projects,36,473
FR_200710_474,,,474,"DHOLPUR-MORENA SECTION, KM.51-KM.61, NH-3 (MADHYA PRADESH)",,,ROAD TRANSPORT & HIGHWAYS,2007-10,2003-12,,232.45,,232.45,0.0,,,2010-09,,2010-09,0.0,,,0,0,,,,FR_OCT_2007.pdf,Sector-Wise analysis of projects,36,474
FR_200710_475,,,475,"AGRA-BYPASS, KM/176.8- KM.13.03, NH-3 (U.P.)",,,ROAD TRANSPORT & HIGHWAYS,2007-10,2003-12,,348.16,,348.16,0.0,,,2007-09,,2010-09,36.0,,36.0,0,0,,,,FR_OCT_2007.pdf,Sector-Wise analysis of projects,36,475
FR_200710_476,,,476,"SALEM-ULUNDRUPET, KM.0.313-KM.136.67, NH-68",,,ROAD TRANSPORT & HIGHWAYS,2007-10,2005-03,,941.0,,941.0,0.0,,,2011-01,,2011-01,0.0,,,0,0,,,,FR_OCT_2007.pdf,Sector-Wise analysis of projects,36,476
FR_200710_477,,,477,"HARIHAR-CHITRADURGA, KM.284-KM.207 (GQ) NH-4 (KARNATAKA)",,,ROAD TRANSPORT & HIGHWAYS,2007-10,2000-04,,318.0,,318.0,0.0,,262.28,2004-08,,,,,,0,0,,,,FR_OCT_2007.pdf,Sector-Wise analysis of projects,36,477
FR_200710_478,,,478,"KANYAKUMARI-PANAGUDI, Km.233.6-Km.203, NH-7 (TAMIL NADU)",,,ROAD TRANSPORT & HIGHWAYS,2007-10,2003-12,,120.0,,120.0,0.0,,32.22,2006-09,,,,,,0,0,,,,FR_OCT_2007.pdf,Sector-Wise analysis of projects,36,478
FR_200710_479,,,479,ACQUISITION OF 700 PASSENGER CUM 160 MT CARGO VESSEL,,,SHIPPING & PORTS,2007-10,2000-06,,129.62,,139.5,9.88,,129.62,2004-02,,2007-09,43.0,,,0,0,,,,FR_OCT_2007.pdf,Sector-Wise analysis of projects,36,479
FR_200710_480,,,480,DEEPENING OF CHANNEL AT PARADIP PORT,,,SHIPPING & PORTS,2007-10,2005-12,,154.84,,253.36,98.52,,5.05,2007-06,,2008-08,14.0,,,0,0,,,,FR_OCT_2007.pdf,Sector-Wise analysis of projects,36,480
FR_200710_481,,,481,"ESTABLISH OF VTS IN GULF, KUTCH",,,SHIPPING & PORTS,2007-10,2002-01,,165.0,,165.0,0.0,,17.22,2005-12,,2008-10,34.0,,,0,0,,,,FR_OCT_2007.pdf,Sector-Wise analysis of projects,36,481
FR_200710_482,,,482,SETHUSAMUDRAM SHIP CHANNEL PROJECT,,,SHIPPING & PORTS,2007-10,2005-06,,2427.4,,2427.4,0.0,,253.23,2008-10,,2008-11,1.0,,,0,0,,,,FR_OCT_2007.pdf,Sector-Wise analysis of projects,36,482
FR_200710_483,,,483,ACQUISION OF 2-300000 DWT VERY LARGE CRUDE CARRIERS (VLCC),,,SHIPPING & PORTS,2007-10,2005-10,,1136.08,,1136.08,0.0,,353.49,2009-09,,2009-09,0.0,,,0,0,,,,FR_OCT_2007.pdf,Sector-Wise analysis of projects,36,483
FR_200710_484,,,484,DEEPENING & WIDENING OF MAIN HARBOUR (MAHARASHTRA),,,SHIPPING & PORTS,2007-10,2005-10,,800.0,,800.0,0.0,,2.78,2008-10,,2010-01,15.0,,,0,0,,,,FR_OCT_2007.pdf,Sector-Wise analysis of projects,36,484
FR_200710_485,,,485,UPGRADATION AND MODERNIZATION OF IRON ORE HANDLING FACLITY,,,SHIPPING & PORTS,2007-10,2007-11,,185.15,,185.15,0.0,,,,,,,,,0,0,,,,FR_OCT_2007.pdf,Sector-Wise analysis of projects,36,485
FR_200710_486,,,486,GSM EXPANSION Ph.IV (B) (BSNL) (WEST ZONE-MP),,,SHIPPING & PORTS,2007-10,2005-07,,174.0,,174.0,0.0,,93.6,2006-03,,2007-10,19.0,,,0,0,,,,FR_OCT_2007.pdf,Sector-Wise analysis of projects,36,486
FR_200710_487,,,487,"GSM EXPANSION, PH-IV (B) (MAHARASHTRA)",,,SHIPPING & PORTS,2007-10,2005-07,,1174.75,,1174.75,0.0,,348.58,2006-03,,2007-10,19.0,,,0,0,,,,FR_OCT_2007.pdf,Sector-Wise analysis of projects,36,487
FR_200710_488,,,488,GSM BASED NETWORK,,,SHIPPING & PORTS,2007-10,2004-08,,647.69,,,-297.69,,188.45,2005-06,,,28.0,,,0,0,,,,FR_OCT_2007.pdf,Sector-Wise analysis of projects,36,488
FR_200710_489,,,489,"GSM NETWORK EXPANSION, PH-IV (WEST BENGAL)",,,SHIPPING & PORTS,2007-10,2004-09,,428.0,,428.0,0.0,,102.35,2005-06,,2007-10,28.0,,,0,0,,,,FR_OCT_2007.pdf,Sector-Wise analysis of projects,37,489
FR_200710_490,,,490,"GSM NETWORK EXPANSION, PH-IV (ORISSA)",,,SHIPPING & PORTS,2007-10,2004-12,,164.06,,164.06,0.0,,70.56,2005-12,,2007-10,22.0,,,0,0,,,,FR_OCT_2007.pdf,Sector-Wise analysis of projects,37,490
FR_200710_491,,,491,"GSM NETWORK EXPANSION, PH-IV, CHENNAI TELECOM DISTT. (T.N.)",,,SHIPPING & PORTS,2007-10,2005-02,,170.88,,170.88,0.0,,66.63,2005-06,,2007-10,28.0,,,0,0,,,,FR_OCT_2007.pdf,Sector-Wise analysis of projects,37,491
FR_200710_492,,,492,"GSM NETWORK EXPANSION, PH-IV (KERALA)",,,SHIPPING & PORTS,2007-10,2004-10,,453.85,,453.85,0.0,,259.7,2005-06,,2007-10,28.0,,,0,0,,,,FR_OCT_2007.pdf,Sector-Wise analysis of projects,37,492
FR_200710_493,,,493,"GSM NETWORK EXPANSION, PH-IV (PUNJAB)",,,SHIPPING & PORTS,2007-10,2004-05,,508.63,,508.63,0.0,,262.04,2005-06,,2007-10,28.0,,,0,0,,,,FR_OCT_2007.pdf,Sector-Wise analysis of projects,37,493
FR_200710_494,,,494,"GSM NETWORK EXPANSION, PH-IV (RAJASTHAN)",,,SHIPPING & PORTS,2007-10,2004-09,,448.91,,448.91,0.0,,154.5,2005-06,,2007-10,28.0,,,0,0,,,,FR_OCT_2007.pdf,Sector-Wise analysis of projects,37,494
FR_200710_495,,,495,EXPANSION OF 750K GSM LINES OF 2.5 GSM AND VALIDATION EQUIP,,,SHIPPING & PORTS,2007-10,2007-02,,741.77,,741.77,0.0,,63.49,2007-10,,2007-10,0.0,,,0,0,,,,FR_OCT_2007.pdf,Sector-Wise analysis of projects,37,495
FR_200710_496,,,496,GSM BASED NETWORK EXPANSION PH.-IV TN,,,SHIPPING & PORTS,2007-10,2005-02,,650.42,,650.42,0.0,,298.03,2006-06,,2007-10,16.0,,,0,0,,,,FR_OCT_2007.pdf,Sector-Wise analysis of projects,37,496
FR_200710_497,,,497,"JHARKHAND CMTS, PHASE- IV",,,SHIPPING & PORTS,2007-10,2004-09,,134.85,,134.85,0.0,,47.41,2005-11,,2007-10,23.0,,,0,0,,,,FR_OCT_2007.pdf,Sector-Wise analysis of projects,37,497
FR_200710_498,,,498,"KARNATAKA CMTS, PHASE- IV",,,SHIPPING & PORTS,2007-10,2004-01,,373.46,,260.0,-113.46,,139.09,2005-06,,2007-10,28.0,,,0,0,,,,FR_OCT_2007.pdf,Sector-Wise analysis of projects,37,498
FR_200710_499,,,499,"GSM NETWORK EXPANSION, PH-IV, UP (W), (UTTAR PRADESH)",,,SHIPPING & PORTS,2007-10,2004-08,,359.07,,359.07,0.0,,92.51,2005-06,,2007-10,28.0,,,0,0,,,,FR_OCT_2007.pdf,Sector-Wise analysis of projects,37,499
FR_200710_500,,,500,CONVERGENT BILLING AND CRM MTNL (MUMBAI),,,SHIPPING & PORTS,2007-10,2006-01,,247.0,,247.0,0.0,,115.21,2007-02,,2007-12,10.0,,,0,0,,,,FR_OCT_2007.pdf,Sector-Wise analysis of projects,37,500
FR_200710_501,,,501,IMPLEMENTATION AND EXECUTION OF NEW TECHNOLOGY INTELLINGENT,,,SHIPPING & PORTS,2007-10,2004-10,,160.0,,135.0,-25.0,,90.68,2006-06,,2007-12,18.0,,,0,0,,,,FR_OCT_2007.pdf,Sector-Wise analysis of projects,37,501
FR_200710_502,,,502,NATIONAL RADIO SPECTRUM MANAGEMENT& MONITORING SYSTEM (NRSMM,,,SHIPPING & PORTS,2007-10,2000-08,,279.97,,172.04,-107.93,,126.37,2004-12,,2008-03,39.0,,,0,0,,,,FR_OCT_2007.pdf,Sector-Wise analysis of projects,37,502
FR_200710_503,,,503,"PROJECT 2.2 OF NIB-II, IMPLEMENTATION AND EXECUTION OF",,,SHIPPING & PORTS,2007-10,2003-11,,350.0,,300.0,-50.0,,157.56,2006-05,,,,,,0,0,,,,FR_OCT_2007.pdf,Sector-Wise analysis of projects,37,503
FR_200710_504,,,504,"PROJECT-1 OF NIB-II, IMPLEMENTATION AND EXECUTION OF IP INF.",,,SHIPPING & PORTS,2007-10,2003-11,,250.0,,250.0,0.0,,227.19,2006-05,,,,,,0,0,,,,FR_OCT_2007.pdf,Sector-Wise analysis of projects,37,504
FR_200710_505,,,505,CDMA WLL EQUIPMENT-1 (MUMBAI),,,SHIPPING & PORTS,2007-10,2003-08,,128.3,,128.3,0.0,,76.3,2004-02,,,,,,0,0,,,,FR_OCT_2007.pdf,Sector-Wise analysis of projects,37,505
FR_200710_506,,,506,CDMA WLL EQUIPMENT-2 (MUMBAI),,,SHIPPING & PORTS,2007-10,2004-07,,362.26,,122.91,-239.35,,60.37,2004-12,,,,,,0,0,,,,FR_OCT_2007.pdf,Sector-Wise analysis of projects,38,506
FR_200710_507,,,507,CDMA 2000 WLL (DELHI),,,SHIPPING & PORTS,2007-10,2004-06,,460.28,,460.28,0.0,,84.79,2004-10,,,,,,0,0,,,,FR_OCT_2007.pdf,Sector-Wise analysis of projects,38,507
FR_200710_508,,,508,EXPANSION OF 400000 GSM (NEW DELHI),,,SHIPPING & PORTS,2007-10,2004-01,,227.42,,227.42,0.0,,200.81,2005-01,,,,,,0,0,,,,FR_OCT_2007.pdf,Sector-Wise analysis of projects,38,508
FR_200710_509,,,509,CONVERGENT BILLING AND CRM FOR MTNL (DELHI),,,SHIPPING & PORTS,2007-10,2005-12,,249.0,,249.0,0.0,,,2007-02,,,,,,0,0,,,,FR_OCT_2007.pdf,Sector-Wise analysis of projects,38,509
FR_200710_510,,,510,"PROJECT-3 OF NIB-II, IMPLEMENTATION AND EXECUTION OF MESS.",,,SHIPPING & PORTS,2007-10,2003-11,,250.0,,250.0,0.0,,30.0,2005-12,,,,,,0,0,,,,FR_OCT_2007.pdf,Sector-Wise analysis of projects,38,510
FR_200710_511,,,511,EXPANSION OF GSM NETWORK (MUMBAI),,,SHIPPING & PORTS,2007-10,2004-01,,216.37,,216.37,0.0,,110.96,2005-01,,,,,,0,0,,,,FR_OCT_2007.pdf,Sector-Wise analysis of projects,38,511
FR_200710_512,,,512,CHENNAI PHASE-III CMTS (BSNL),,,SHIPPING & PORTS,2007-10,2003-05,,233.21,,233.21,0.0,,72.3,2004-03,,,,,,0,0,,,,FR_OCT_2007.pdf,Sector-Wise analysis of projects,38,512
FR_200710_513,,,513,"DELHI METRO RAPID TRANSIT SYSTEM, PHASE-II",,,URBAN DEVELOPMENT,2007-10,2005-08,,8118.0,,8676.0,558.0,,1767.11,2010-06,,2010-09,3.0,,1.0,0,0,,,,FR_OCT_2007.pdf,Sector-Wise analysis of projects,38,513
FR_200710_514,,,514,PAGLADIYA DAM PROJECT,,,URBAN DEVELOPMENT,2007-10,2001-01,,542.9,,1069.4,526.5,,34.06,2007-12,,2008-03,3.0,,,0,0,,,,FR_OCT_2007.pdf,Sector-Wise analysis of projects,38,514
