observation_id,project_id,project_code,serial_no,project_name,agency,state,sector,report_date,approval_date,approval_date_revised,original_cost_crore,revised_cost_crore,anticipated_cost_crore,cost_overrun_original_crore,cost_overrun_revised_crore,cumulative_expenditure_crore,original_completion_date,revised_completion_date,anticipated_completion_date,time_overrun_original_months,time_overrun_revised_months,additional_delay_months,milestones_achieved,milestones_total,physical_progress_pct,delay_reason,status,source.report,source.table,source.page,source.serial_no
FR_200707_001,,,1,NEW URANIUM ORE PROCESSING MILL,,,ATOMIC ENERGY,2007-07,2003-09,,343.26,,343.26,0.0,,275.83,2006-06,,2007-08,14.0,,2.0,34,36,,,,MonthlyFR_july_2007.pdf,Sector-Wise analysis of projects,11,1
FR_200707_002,,,2,"KAIGA ATOM IC POWER PROJECT 3 & 4 UNITS, KAIGA",,,ATOMIC ENERGY,2007-07,2001-05,,4213.0,,3282.0,-931.0,,2058.0,2009-10,,2008-03,-19.0,,,63,75,,,,MonthlyFR_july_2007.pdf,Sector-Wise analysis of projects,11,2
FR_200707_003,,,3,"RAJASTHAN ATOMIC POWER PROJECT 5 & 6, RAWAT BHATA",,,ATOMIC ENERGY,2007-07,2002-04,,3072.0,,3072.0,0.0,,1694.0,2008-02,,2008-10,8.0,,,50,75,,,,MonthlyFR_july_2007.pdf,Sector-Wise analysis of projects,11,3
FR_200707_004,,,4,KUDANKULAM APP (NPCIL),NPCIL,,ATOMIC ENERGY,2007-07,2001-12,,13171.0,,13171.0,0.0,,9605.0,2008-12,,2008-12,0.0,,,46,119,,,,MonthlyFR_july_2007.pdf,Sector-Wise analysis of projects,11,4
FR_200707_005,,,5,PROTOTYPE FAST BREEDER REACTOR,,,ATOMIC ENERGY,2007-07,2003-09,,3492.0,,3492.0,0.0,,592.31,2010-09,,2010-09,0.0,,,8,76,,,,MonthlyFR_july_2007.pdf,Sector-Wise analysis of projects,11,5
FR_200707_006,,,6,Construction of New Internation Terminal Building,,,ATOMIC ENERGY,2007-07,2006-10,,245.58,,245.58,0.0,,18.99,2008-12,,2008-12,0.0,,,9,28,,,,MonthlyFR_july_2007.pdf,Sector-Wise analysis of projects,11,6
FR_200707_007,,,7,CONSTRUCTION OF NEW INTERNATIONAL TERMINAL BUILDING,,,ATOMIC ENERGY,2007-07,2007-02,,290.92,,290.92,0.0,,14.44,2009-02,,2009-02,0.0,,,8,24,,,,MonthlyFR_july_2007.pdf,Sector-Wise analysis of projects,11,7
FR_200707_008,,,8,POOTKI BALIHARI UG,,,COAL,2007-07,1983-12,1997-04,199.87,199.87,182.6,-17.27,-17.27,181.39,1994-03,2000-03,2007-09,162.0,90.0,,5,5,,,,MonthlyFR_july_2007.pdf,Sector-Wise analysis of projects,11,8
FR_200707_009,,,9,BASUNDHRA(WEST)O.C.P (MCL) (2.40 MTY),,,COAL,2007-07,2003-10,,176.55,,176.55,0.0,,71.99,2008-03,,2008-03,0.0,,,3,4,,,,MonthlyFR_july_2007.pdf,Sector-Wise analysis of projects,11,9
FR_200707_010,,,10,RAJMAHAL EXPANSION OC PROJECT,,,COAL,2007-07,2006-01,,650.06,,650.06,0.0,,,2009-03,,2009-03,0.0,,,0,0,,,,MonthlyFR_july_2007.pdf,Sector-Wise analysis of projects,11,10
FR_200707_011,,,11,EXPANSION OF MINE-II,,,COAL,2007-07,2004-10,,2161.28,,2161.28,0.0,,887.29,2009-06,,2009-06,0.0,,,12,23,,,,MonthlyFR_july_2007.pdf,Sector-Wise analysis of projects,11,11
FR_200707_012,,,12,BARSINGSAR TPS OF 250 MW,,,COAL,2007-07,2004-12,,1114.18,,1114.18,0.0,,407.6,2009-06,,2009-06,0.0,,,10,26,,,,MonthlyFR_july_2007.pdf,Sector-Wise analysis of projects,11,12
FR_200707_013,,,13,BARSINGSAR LIGNITE MINE,,,COAL,2007-07,2004-12,,254.07,,254.07,0.0,,103.04,2009-06,,2009-06,0.0,,,8,21,,,,MonthlyFR_july_2007.pdf,Sector-Wise analysis of projects,11,13
FR_200707_014,,,14,TPS-II EXPANSION (1470MW TO 1970MW) (NLC),NLC,,COAL,2007-07,2004-10,,2030.78,,,0.0,,566.95,2009-06,,,0.0,,,6,24,,,,MonthlyFR_july_2007.pdf,Sector-Wise analysis of projects,11,14
FR_200707_015,,,15,KULDA OCP,,,COAL,2007-07,2005-01,,302.96,,302.96,0.0,,42.48,2010-03,,2010-03,0.0,,,0,4,,,,MonthlyFR_july_2007.pdf,Sector-Wise analysis of projects,12,15
FR_200707_016,,,16,KRISHNASHILA,,,COAL,2007-07,2006-05,,789.88,,789.88,0.0,,38.88,2010-03,,2010-03,0.0,,,0,3,,,,MonthlyFR_july_2007.pdf,Sector-Wise analysis of projects,12,16
FR_200707_017,,,17,JHANJRA LONGWAL UG PHASE-II,,,COAL,2007-07,2006-11,,287.18,,287.18,0.0,,,2009-11,,2010-03,4.0,,,0,1,,,,MonthlyFR_july_2007.pdf,Sector-Wise analysis of projects,12,17
FR_200707_018,,,18,"GEVRA EXPANSION OCP, 25MTY (SECL)",,,COAL,2007-07,2005-07,,1667.55,,1667.55,0.0,,474.75,2010-03,,2010-03,0.0,,,2,12,,,,MonthlyFR_july_2007.pdf,Sector-Wise analysis of projects,12,18
FR_200707_019,,,19,DIPKA EXPANSION OCP,,,COAL,2007-07,2005-07,,1268.53,,1268.53,0.0,,449.74,2010-03,,2010-03,0.0,,,0,11,,,,MonthlyFR_july_2007.pdf,Sector-Wise analysis of projects,12,19
FR_200707_020,,,20,ASHOK OC EXPANSION,,,COAL,2007-07,2006-04,,471.66,,471.66,0.0,,79.24,2011-03,,2011-03,0.0,,,0,2,,,,MonthlyFR_july_2007.pdf,Sector-Wise analysis of projects,12,20
FR_200707_021,,,21,KUSMUNDA EXPANSION OCP,,,COAL,2007-07,2006-06,,737.65,,737.65,0.0,,446.67,2011-03,,2011-03,0.0,,,0,4,,,,MonthlyFR_july_2007.pdf,Sector-Wise analysis of projects,12,21
FR_200707_022,,,22,BLOCK-B OCP NCL (3.5 MTY),,,COAL,2007-07,2006-07,,746.04,,746.04,0.0,,24.32,2012-03,,2011-06,-9.0,,,0,4,,,,MonthlyFR_july_2007.pdf,Sector-Wise analysis of projects,12,22
FR_200707_023,,,23,BHUBANESHWARI OCP (MAHANADI COALFIELDS LTD.) (10 MTY),,,COAL,2007-07,2005-01,,336.68,,336.68,0.0,,17.62,2012-03,,2012-03,0.0,,,0,5,,,,MonthlyFR_july_2007.pdf,Sector-Wise analysis of projects,12,23
FR_200707_024,,,24,SHANTIKHANI LONGWALL PROJECTS,,,COAL,2007-07,2006-10,,249.03,,249.03,0.0,,11.14,2012-03,,2012-03,0.0,,,0,4,,,,MonthlyFR_july_2007.pdf,Sector-Wise analysis of projects,12,24
FR_200707_025,,,25,MAGADH OC (CCL),CCL,,COAL,2007-07,2006-07,,469.78,,469.78,0.0,,2.02,2012-07,,2012-07,0.0,,,0,3,,,,MonthlyFR_july_2007.pdf,Sector-Wise analysis of projects,12,25
FR_200707_026,,,26,ADRIYALA SHAFT PROJECT,,,COAL,2007-07,2006-09,,212.34,,212.34,0.0,,5.71,2013-03,,2013-03,0.0,,,0,11,,,,MonthlyFR_july_2007.pdf,Sector-Wise analysis of projects,12,26
FR_200707_027,,,27,AMLOHRI EXPANSION PROJECT 4 TO 10 (6 MTY),,,COAL,2007-07,2006-05,,1352.04,,1352.04,0.0,,,2014-03,,2014-03,0.0,,,1,4,,,,MonthlyFR_july_2007.pdf,Sector-Wise analysis of projects,12,27
FR_200707_028,,,28,BINA EXTENSION OC PROJECT,,,COAL,2007-07,2006-11,,168.97,,168.97,0.0,,2.32,2014-03,,2014-03,0.0,,,0,1,,,,MonthlyFR_july_2007.pdf,Sector-Wise analysis of projects,12,28
FR_200707_029,,,29,SECOND PHASE EXPANSION OF NALCO,,,MINES,2007-07,2004-10,,4091.51,,4091.51,0.0,,860.85,2008-12,,2008-12,0.0,,,18,111,,,,MonthlyFR_july_2007.pdf,Sector-Wise analysis of projects,12,29
FR_200707_030,,,30,REBUILDING OF COKE OVEN BATTERY No. 5 BOKARO (SAIL),,,STEEL,2007-07,2004-12,,198.84,,198.84,0.0,,135.97,2007-01,,2007-08,7.0,,,6,8,,,,MonthlyFR_july_2007.pdf,Sector-Wise analysis of projects,13,30
FR_200707_031,,,31,BLOOM CASTER(SAIL),,,STEEL,2007-07,2004-05,,271.41,,271.41,0.0,,205.4,2006-05,,2007-08,15.0,,1.0,10,10,,,,MonthlyFR_july_2007.pdf,Sector-Wise analysis of projects,13,31
FR_200707_032,,,32,REBUILDING OF BLAST FURNACE No. 2,,,STEEL,2007-07,2006-03,,103.93,,103.93,0.0,,59.48,2007-09,,2007-09,0.0,,,2,2,,,,MonthlyFR_july_2007.pdf,Sector-Wise analysis of projects,13,32
FR_200707_033,,,33,"COKE OVEN BATTERY No.4 RASHTRIYA ISPAT NIGAM LTD.,VIZAG",,,STEEL,2007-07,2003-12,,286.63,,355.21,68.58,,262.0,2006-12,,2007-12,12.0,,,0,21,,,,MonthlyFR_july_2007.pdf,Sector-Wise analysis of projects,13,33
FR_200707_034,,,34,"INSTALLATION OF SLAB CASTLER, RH DEGASSER AND LADLE FURNACE",,,STEEL,2007-07,2005-07,,520.76,,520.76,0.0,,210.12,2007-09,,2008-03,6.0,,3.0,5,5,,,,MonthlyFR_july_2007.pdf,Sector-Wise analysis of projects,13,34
FR_200707_035,,,35,REBUILDING OF COKE OVEN BATTERY No.5,,,STEEL,2007-07,2004-12,,219.04,,219.04,0.0,,82.47,2007-01,,2008-03,14.0,,3.0,4,8,,,,MonthlyFR_july_2007.pdf,Sector-Wise analysis of projects,13,35
FR_200707_036,,,36,Coking Coal Storage Facilities in Coal Handling Plant,,,STEEL,2007-07,2006-09,,133.91,,134.32,0.41,,4.54,2008-03,,2008-03,0.0,,,0,0,,,,MonthlyFR_july_2007.pdf,Sector-Wise analysis of projects,13,36
FR_200707_037,,,37,COAL DUST INJECTION SYSTEM IN BLAST FURNACE-2 & 3,,,STEEL,2007-07,2006-04,,132.73,,133.92,1.19,,7.76,2008-05,,2008-05,0.0,,,0,0,,,,MonthlyFR_july_2007.pdf,Sector-Wise analysis of projects,13,37
FR_200707_038,,,38,INSTALLATION OF MSDS-V & TRANSMISSION NETWORK,,,STEEL,2007-07,2007-05,,143.02,,143.02,0.0,,,2008-11,,2008-11,0.0,,,0,0,,,,MonthlyFR_july_2007.pdf,Sector-Wise analysis of projects,13,38
FR_200707_039,,,39,INSTALLATION OF NEW COKE OVEN GAS HOLDER,,,STEEL,2007-07,2007-07,,123.22,,123.22,0.0,,,2009-06,,2009-06,0.0,,,0,0,,,,MonthlyFR_july_2007.pdf,Sector-Wise analysis of projects,13,39
FR_200707_040,,,40,INSTALLATION OF 700 TONNES PER DAY OXYGEN PLANT,,,STEEL,2007-07,2007-07,,302.7,,302.7,0.0,,,2009-06,,2009-06,0.0,,,0,0,,,,MonthlyFR_july_2007.pdf,Sector-Wise analysis of projects,13,40
FR_200707_041,,,41,700 tpd Air Separation Unit-4 at Oxygen Plant-II,,,STEEL,2007-07,2007-07,,244.3,,244.3,0.0,,,2009-07,,2009-07,0.0,,,0,0,,,,MonthlyFR_july_2007.pdf,Sector-Wise analysis of projects,13,41
FR_200707_042,,,42,REBUILDING OF COKE OVEN BATTERY NO.4,,,STEEL,2007-07,2007-05,,248.94,,248.94,0.0,,,2009-08,,2009-08,0.0,,,0,0,,,,MonthlyFR_july_2007.pdf,Sector-Wise analysis of projects,13,42
FR_200707_043,,,43,REBUILDING OF COKE OVEN BATTERY NO.10,,,STEEL,2007-07,2007-03,,416.5,,416.5,0.0,,,2009-09,,2009-09,0.0,,,0,0,,,,MonthlyFR_july_2007.pdf,Sector-Wise analysis of projects,13,43
FR_200707_044,,,44,Development of Bailadila Iron Ore project Deposite-11B,,,STEEL,2007-07,2003-01,,295.89,,295.89,0.0,,18.57,2009-10,,2009-10,0.0,,,1,20,,,,MonthlyFR_july_2007.pdf,Sector-Wise analysis of projects,13,44
FR_200707_045,,,45,EXPANSION OF RINL/VSP FROM 3 MTPY-6.3 MTPY OF LIQUID STEEL,,,STEEL,2007-07,2005-10,,8692.0,,8692.0,0.0,,508.0,2009-10,,2010-02,4.0,,4.0,0,126,,,,MonthlyFR_july_2007.pdf,Sector-Wise analysis of projects,13,45
FR_200707_046,,,46,"DEVELOPMENT OF SB-11, BASSEIN FIELD",,,PETROLEUM,2007-07,2005-03,,245.33,,,0.0,,126.28,2007-05,,,4.0,,,0,0,,,,MonthlyFR_july_2007.pdf,Sector-Wise analysis of projects,13,46
FR_200707_047,,,47,"ADDITIONAL DEVELOPMENT HEERA, PART-II",,,PETROLEUM,2007-07,2005-01,,569.07,,569.07,0.0,,291.27,2007-04,,2007-09,5.0,,,0,0,,,,MonthlyFR_july_2007.pdf,Sector-Wise analysis of projects,14,47
FR_200707_048,,,48,PARADIP-HALDIA CRUDE OIL PIPLINE SYSTEM,,,PETROLEUM,2007-07,2004-03,,1178.0,,1160.0,-18.0,,1037.76,2006-03,,2007-11,20.0,,,0,0,,,,MonthlyFR_july_2007.pdf,Sector-Wise analysis of projects,14,48
FR_200707_049,,,49,KOYALI-RATLAM PRODUCT PIPLINE,,,PETROLEUM,2007-07,2004-12,,224.69,,194.28,-30.41,,131.6,2006-12,,2007-11,11.0,,,0,0,,,,MonthlyFR_july_2007.pdf,Sector-Wise analysis of projects,14,49
FR_200707_050,,,50,ADDITIONAL DEVELOPMENT OF A-1 LAYER,,,PETROLEUM,2007-07,2005-04,,910.53,,910.53,0.0,,544.44,2006-12,,2007-12,12.0,,,0,0,,,,MonthlyFR_july_2007.pdf,Sector-Wise analysis of projects,14,50
FR_200707_051,,,51,CRUDE OIL RECEIPT FACLITIES (KOCHI REFINERIES LTD) (BPCL),BPCL,,PETROLEUM,2007-07,2004-03,,622.82,,821.0,198.18,,540.62,2007-05,,2007-12,7.0,,,0,0,,,,MonthlyFR_july_2007.pdf,Sector-Wise analysis of projects,14,51
FR_200707_052,,,52,"DAHEJ-HAZIRA-URAN GAS PIPELINE, MULTISTATE",,,PETROLEUM,2007-07,2002-12,,1416.0,,1521.23,105.23,,922.64,2005-07,,2007-12,29.0,,,9,10,,,,MonthlyFR_july_2007.pdf,Sector-Wise analysis of projects,14,52
FR_200707_053,,,53,"BARGE BUMPER, BOAT LANDING AND RISER PROTECTORS PROJECT",,,PETROLEUM,2007-07,2006-09,,148.84,,148.84,0.0,,60.62,2008-02,,2008-02,0.0,,,0,0,,,,MonthlyFR_july_2007.pdf,Sector-Wise analysis of projects,14,53
FR_200707_054,,,54,CLEAN FUELS PROJECT VIZAG REFINERY MODERNISATION,,,PETROLEUM,2007-07,2003-04,,1635.0,,2147.79,512.79,,1699.59,2006-05,,2008-03,22.0,,,12,45,,,,MonthlyFR_july_2007.pdf,Sector-Wise analysis of projects,14,54
FR_200707_055,,,55,"DEVELOPMENT OF BASSEIN (VASAI) EAST, WESTERN OFFSHORE",,,PETROLEUM,2007-07,2003-04,,985.17,,1688.38,703.21,,641.53,2006-03,,2008-04,25.0,,,0,0,,,,MonthlyFR_july_2007.pdf,Sector-Wise analysis of projects,14,55
FR_200707_056,,,56,INTEGRATED DEVELOPMENT OF G1 & GS- 15 FIELDS,,,PETROLEUM,2007-07,2003-04,,429.82,,1262.93,833.11,,854.5,2005-03,,2008-04,37.0,,,0,0,,,,MonthlyFR_july_2007.pdf,Sector-Wise analysis of projects,14,56
FR_200707_057,,,57,DABHOL-PANVEL PIPELINE PROJECT,,,PETROLEUM,2007-07,2006-01,,1143.54,,1326.52,182.98,,402.4,2007-07,,2008-04,9.0,,,6,13,,,,MonthlyFR_july_2007.pdf,Sector-Wise analysis of projects,14,57
FR_200707_058,,,58,ADDITIONAL DEVELOPMENT OF BASIN FIELD AND 2nd STAGE BOOSTER,,,PETROLEUM,2007-07,2004-03,,1770.69,,2937.01,1166.32,,1615.5,2008-01,,2008-04,3.0,,,0,0,,,,MonthlyFR_july_2007.pdf,Sector-Wise analysis of projects,14,58
FR_200707_059,,,59,C2-C3 & LPG RECOVERY FROM LNG AT DAHEJ,,,PETROLEUM,2007-07,2003-12,,900.92,,1493.49,592.57,,129.17,2006-06,,2008-05,23.0,,,0,0,,,,MonthlyFR_july_2007.pdf,Sector-Wise analysis of projects,14,59
FR_200707_060,,,60,PANIPAT-JALANDHAR LPG PIPELINE,,,PETROLEUM,2007-07,2006-05,,186.72,,186.72,0.0,,2.2,2008-08,,2008-08,0.0,,,0,0,,,,MonthlyFR_july_2007.pdf,Sector-Wise analysis of projects,14,60
FR_200707_061,,,61,PROPYLENE RECOVERY UNIT AT MUMBAI REFINARY,,,PETROLEUM,2007-07,2006-10,,342.65,,342.65,0.0,,,2008-10,,2008-10,0.0,,,0,0,,,,MonthlyFR_july_2007.pdf,Sector-Wise analysis of projects,14,61
FR_200707_062,,,62,AUGMENTATION OF MUNDRA-PANIPAT LINE,,,PETROLEUM,2007-07,2005-06,,205.0,,205.0,0.0,,15.09,2008-03,,2008-12,9.0,,,0,0,,,,MonthlyFR_july_2007.pdf,Sector-Wise analysis of projects,14,62
FR_200707_063,,,63,DEVELOPMENT OF C-SERIES FIELDS,,,PETROLEUM,2007-07,2006-08,,3195.16,,3195.16,0.0,,97.49,2008-12,,2008-12,0.0,,,0,0,,,,MonthlyFR_july_2007.pdf,Sector-Wise analysis of projects,14,63
FR_200707_064,,,64,GREEN FUELS & EMISSION CONTROL PROJECT AT,,,PETROLEUM,2007-07,2002-10,,1152.0,,,579.01,,1349.95,2005-04,,,44.0,,,63,72,,,,MonthlyFR_july_2007.pdf,Sector-Wise analysis of projects,14,64
FR_200707_065,,,65,EXPANSION OF PANIPAT REFINERY 15 MMTPA,,,PETROLEUM,2007-07,2005-06,,806.0,,806.0,0.0,,78.32,2008-03,,2008-12,9.0,,,0,0,,,,MonthlyFR_july_2007.pdf,Sector-Wise analysis of projects,15,65
FR_200707_066,,,66,DADRI PANIPAT LNG PIPLINE,,,PETROLEUM,2007-07,2005-06,,250.66,,250.66,0.0,,1.26,2008-06,,2009-01,7.0,,,0,0,,,,MonthlyFR_july_2007.pdf,Sector-Wise analysis of projects,15,66
FR_200707_067,,,67,"IMPROVED OIL RECOVERY PROJECT, RUDRASAGAR",,,PETROLEUM,2007-07,2001-09,,113.9,,219.22,105.32,,127.12,2006-03,,2009-03,36.0,,,6,6,,,,MonthlyFR_july_2007.pdf,Sector-Wise analysis of projects,15,67
FR_200707_068,,,68,LUBE OIL BASE STOCK QUALITY UP GRADATION,,,PETROLEUM,2007-07,2006-10,,638.9,,638.9,0.0,,2.57,2009-04,,2009-04,0.0,,,0,0,,,,MonthlyFR_july_2007.pdf,Sector-Wise analysis of projects,15,68
FR_200707_069,,,69,"CRUDE OIL RECEIPT FACILITY, KOCHI REFINERY",,,PETROLEUM,2007-07,2006-04,,2591.8,,2591.8,0.0,,25.83,2009-09,,2009-09,0.0,,,0,0,,,,MonthlyFR_july_2007.pdf,Sector-Wise analysis of projects,15,69
FR_200707_070,,,70,DIESEL HYDROGEN TREATMENT PROJECT BONGAIGAON,,,PETROLEUM,2007-07,2006-05,,1431.91,,1431.91,0.0,,139.56,2009-09,,2009-10,1.0,,,0,0,,,,MonthlyFR_july_2007.pdf,Sector-Wise analysis of projects,15,70
FR_200707_071,,,71,PANIPAT-NAPHTA CRACKER PROJECT,,,PETROLEUM,2007-07,2006-04,,12138.0,,14438.96,2300.96,,1663.52,2009-09,,2009-11,2.0,,,0,0,,,,MonthlyFR_july_2007.pdf,Sector-Wise analysis of projects,15,71
FR_200707_072,,,72,INST. OF FACILITIES FOR IMPROVEMENT IN DIESEL QUALITY (IOCL),,,PETROLEUM,2007-07,2005-11,,1876.0,,2869.0,993.0,,268.37,2009-04,,2009-12,8.0,,,0,0,,,,MonthlyFR_july_2007.pdf,Sector-Wise analysis of projects,15,72
FR_200707_073,,,73,RESIDUE UPGRADATION & MS/HSD QUANLITY IMPROVEMENT PROJECT,,,PETROLEUM,2007-07,2007-01,,5693.0,,5693.0,0.0,,67.09,2010-01,,2010-01,0.0,,,0,0,,,,MonthlyFR_july_2007.pdf,Sector-Wise analysis of projects,15,73
FR_200707_074,,,74,IOR LAKWA-LAKHMANI,,,PETROLEUM,2007-07,2001-09,,345.1,,429.38,84.28,,282.26,2007-03,,2010-03,36.0,,,3,3,,,,MonthlyFR_july_2007.pdf,Sector-Wise analysis of projects,15,74
FR_200707_075,,,75,HEERA AND SOUTH HEERA REDEVELOPMENT PROJECT,,,PETROLEUM,2007-07,2006-09,,2305.3,,1339.25,-966.05,,81.47,2010-06,,2010-06,0.0,,,0,0,,,,MonthlyFR_july_2007.pdf,Sector-Wise analysis of projects,15,75
FR_200707_076,,,76,"IMPROVED OIL RECOVERY PROJECT, GELEKI",,,PETROLEUM,2007-07,2001-09,,390.09,,834.9,444.81,,422.56,2007-03,,2011-03,48.0,,,6,6,,,,MonthlyFR_july_2007.pdf,Sector-Wise analysis of projects,15,76
FR_200707_077,,,77,MDPL PROJECT(HPCL),HPCL,,PETROLEUM,2007-07,2004-04,,1623.84,,1756.93,133.09,,1287.0,2007-08,,,,,,9,10,,,,MonthlyFR_july_2007.pdf,Sector-Wise analysis of projects,15,77
FR_200707_078,,,78,TRANSMISSION SYSTEM ASSOCIATED WITH TALA HYDRO ELECTRIC PROJ,,,POWER,2007-07,2003-06,,1980.7,,2483.88,503.18,,689.72,2006-06,,2007-08,14.0,,2.0,27,37,,,,MonthlyFR_july_2007.pdf,Sector-Wise analysis of projects,15,78
FR_200707_079,,,79,VINDHYACHAL STAGE -III TRANSMISSION SYSTEM (P.GR.),,,POWER,2007-07,2004-07,,596.47,,692.41,95.94,,569.09,2007-07,,2007-08,1.0,,1.0,8,11,,,,MonthlyFR_july_2007.pdf,Sector-Wise analysis of projects,15,79
FR_200707_080,,,80,NORTHERN REGION SYSTEM STRENGTHENING SCHEME-I (336 CKM),,,POWER,2007-07,2004-01,,271.8,,281.38,9.58,,263.04,2006-07,,2007-09,14.0,,1.0,6,13,,,,MonthlyFR_july_2007.pdf,Sector-Wise analysis of projects,15,80
FR_200707_081,,,81,KAHALGAON-II(PHASE-I),,,POWER,2007-07,2004-10,,1771.93,,,1195.92,,2335.32,2007-10,,,-1.0,,,16,19,,,,MonthlyFR_july_2007.pdf,Sector-Wise analysis of projects,15,81
FR_200707_082,,,82,UPGR. OF TRANSFER CAPACITY OF TALCHER KOLAR HVDC BIPO(PGCIL),,,POWER,2007-07,2005-07,,118.33,,118.33,0.0,,52.72,2008-04,,2007-10,-6.0,,,5,5,,,,MonthlyFR_july_2007.pdf,Sector-Wise analysis of projects,16,82
FR_200707_083,,,83,BINA-NAGDA TRANSMISSION SYSTEM (P.GR.),,,POWER,2007-07,2004-07,,266.93,,294.25,27.32,,292.16,2008-03,,2007-10,-5.0,,,3,14,,,,MonthlyFR_july_2007.pdf,Sector-Wise analysis of projects,16,83
FR_200707_084,,,84,WESTERN REGION SYSTEM STRENGTHENING SCHEME - 1(PR. GR.),,,POWER,2007-07,2004-08,,199.21,,206.53,7.32,,133.13,2007-11,,2007-11,0.0,,,8,19,,,,MonthlyFR_july_2007.pdf,Sector-Wise analysis of projects,16,84
FR_200707_085,,,85,TRANSMISSION SYSTEM - TEESTA-V HEP(3*170) (P.GRID),P.GRID,,POWER,2007-07,2004-12,,208.75,,251.57,42.82,,165.68,2008-05,,2007-11,-6.0,,,11,23,,,,MonthlyFR_july_2007.pdf,Sector-Wise analysis of projects,16,85
FR_200707_086,,,86,"KAHALGAON STPP STAGE-II, 3x500 MW",,,POWER,2007-07,2004-05,,5868.31,,5868.37,0.06,,3682.23,2007-05,,2007-12,7.0,,,48,57,,,,MonthlyFR_july_2007.pdf,Sector-Wise analysis of projects,16,86
FR_200707_087,,,87,"SIPAT STPP STAGE-II, 2x500 MW",,,POWER,2007-07,2003-11,,4039.67,,4039.67,0.0,,2577.21,2007-12,,2007-12,0.0,,,34,40,,,,MonthlyFR_july_2007.pdf,Sector-Wise analysis of projects,16,87
FR_200707_088,,,88,SIPAT TRANSMISSION SYSTEM STAGE-I (3x660 MW) (2104 CKM),,,POWER,2007-07,2003-12,,1454.79,,1997.75,542.96,,1928.39,2007-02,,2007-12,10.0,,,19,23,,,,MonthlyFR_july_2007.pdf,Sector-Wise analysis of projects,16,88
FR_200707_089,,,89,"NEYVELI TS-II TRANSIMISSION SYSTEM, 838 CKM",,,POWER,2007-07,2005-01,,691.83,,778.05,86.22,,297.65,2007-12,,2007-12,0.0,,,7,20,,,,MonthlyFR_july_2007.pdf,Sector-Wise analysis of projects,16,89
FR_200707_090,,,90,SIPAT STAGE-II TRANSMISSION SYSTEM (2x500 MW) (680 CKM),,,POWER,2007-07,2004-08,,601.9,,635.0,33.1,,586.23,2007-08,,2007-12,4.0,,,4,13,,,,MonthlyFR_july_2007.pdf,Sector-Wise analysis of projects,16,90
FR_200707_091,,,91,KAHALGOAN STAGE-II (PHASE-II) TRANSMISSION SYSTEM (816 CKM),,,POWER,2007-07,2005-01,,464.02,,464.02,0.0,,379.93,2007-10,,2007-12,2.0,,2.0,3,18,,,,MonthlyFR_july_2007.pdf,Sector-Wise analysis of projects,16,91
FR_200707_092,,,92,SYSTEM STRENGTHENING SCHEME-VI OF SOUTHERN REGION (156 CKM),,,POWER,2007-07,2005-03,,113.73,,113.73,0.0,,74.73,2007-12,,2007-12,0.0,,,9,20,,,,MonthlyFR_july_2007.pdf,Sector-Wise analysis of projects,16,92
FR_200707_093,,,93,KAIGA 3&4 TRANSMISSION SYSTEM (759 CKM),,,POWER,2007-07,2005-03,,596.45,,588.25,-8.2,,328.4,2007-12,,2007-12,0.0,,,3,18,,,,MonthlyFR_july_2007.pdf,Sector-Wise analysis of projects,16,93
FR_200707_094,,,94,TEESTA HYDRO ELECTRIC PROJECT STAGE-V 3x170 MW,,,POWER,2007-07,2000-02,,2198.04,,2198.04,0.0,,2273.15,2007-02,,2008-01,11.0,,,25,41,,,,MonthlyFR_july_2007.pdf,Sector-Wise analysis of projects,16,94
FR_200707_095,,,95,RAPP 5&6 TRANSMISSION SYSTEM (448 CKM),,,POWER,2007-07,2005-06,,499.45,,509.79,10.34,,350.58,2008-03,,2008-03,0.0,,,5,18,,,,MonthlyFR_july_2007.pdf,Sector-Wise analysis of projects,16,95
FR_200707_096,,,96,NORTHERN REGION SYSTEM STRENGTHING SCHEME-III (180 CKM),,,POWER,2007-07,2004-07,,230.52,,265.74,35.22,,176.13,2008-03,,2008-03,0.0,,,2,14,,,,MonthlyFR_july_2007.pdf,Sector-Wise analysis of projects,16,96
FR_200707_097,,,97,SIPAT-II SUPPLEMENTARY TRANSMISSION SYSTEM (1167 CKM),,,POWER,2007-07,2005-06,,813.67,,831.47,17.8,,140.31,2008-06,,2008-06,0.0,,,0,22,,,,MonthlyFR_july_2007.pdf,Sector-Wise analysis of projects,16,97
FR_200707_098,,,98,KOTESWAR TRANSMISSION SYSTEM (PGCIL),,,POWER,2007-07,2006-06,,260.34,,260.34,0.0,,35.84,2008-06,,2008-06,0.0,,,3,20,,,,MonthlyFR_july_2007.pdf,Sector-Wise analysis of projects,16,98
FR_200707_099,,,99,KOLDAM - HEP,,,POWER,2007-07,2005-09,,464.91,,,0.0,,12.01,2008-09,,,0.0,,,6,22,,,,MonthlyFR_july_2007.pdf,Sector-Wise analysis of projects,16,99
FR_200707_100,,,100,TESSTA LOW DAM HYDRO ELECTRIC PROJECT STAGE- III 4x33 MW,,,POWER,2007-07,2003-10,,768.92,,768.92,0.0,,477.33,2007-03,,2008-09,18.0,,,2,25,,,,MonthlyFR_july_2007.pdf,Sector-Wise analysis of projects,17,100
FR_200707_101,,,101,KUNADANKULAM-APP TRANSMISSION SYSTEM (1838 CKM),,,POWER,2007-07,2005-05,,1779.29,,1779.29,0.0,,720.8,2008-11,,2008-11,0.0,,,15,38,,,,MonthlyFR_july_2007.pdf,Sector-Wise analysis of projects,17,101
FR_200707_102,,,102,SEWA-II HYDRO ELECTRIC PROJECT 3x40 MW,,,POWER,2007-07,2003-09,,665.46,,665.46,0.0,,492.22,2007-09,,2008-12,15.0,,,10,36,,,,MonthlyFR_july_2007.pdf,Sector-Wise analysis of projects,17,102
FR_200707_103,,,103,TRANSMISSION SYSTEM ASSOCIATED WITH NORTH- WEST TRANS.(PGCIL),,,POWER,2007-07,2006-01,,483.1,,483.1,0.0,,71.39,2009-01,,2009-01,0.0,,,0,0,,,,MonthlyFR_july_2007.pdf,Sector-Wise analysis of projects,17,103
FR_200707_104,,,104,SY.STR. IN SOUTH-WESTERN PART OF NORTHERN GRID (PART-A) SCH,,,POWER,2007-07,2006-10,,381.28,,381.28,0.0,,26.51,2009-04,,2009-04,0.0,,,0,19,,,,MonthlyFR_july_2007.pdf,Sector-Wise analysis of projects,17,104
FR_200707_105,,,105,"KOLDAM HYDRO ELECTRIC PROJECT, 4x200 MW",,,POWER,2007-07,2002-10,,4527.15,,4527.15,0.0,,1725.38,2009-04,,2009-04,0.0,,,17,41,,,,MonthlyFR_july_2007.pdf,Sector-Wise analysis of projects,17,105
FR_200707_106,,,106,NORTHERN REGION SYSTEM STRENGTHENING SCHEME- VIII (68 CKM),,,POWER,2007-07,2006-10,,220.69,,220.69,0.0,,,2009-04,,2009-04,0.0,,,0,0,,,,MonthlyFR_july_2007.pdf,Sector-Wise analysis of projects,17,106
FR_200707_107,,,107,SYSTEM STRENGTENING SCHEME IN ROORKEE AREA (PGCIL),,,POWER,2007-07,2005-12,,109.95,,109.95,0.0,,13.85,2009-05,,2009-05,0.0,,,0,20,,,,MonthlyFR_july_2007.pdf,Sector-Wise analysis of projects,17,107
FR_200707_108,,,108,NORTHERN REGION SYSTEM STRENGTHENING SCHEME-V (1222 CKM),,,POWER,2007-07,2006-06,,721.25,,721.25,0.0,,78.57,2009-06,,2009-06,0.0,,,2,19,,,,MonthlyFR_july_2007.pdf,Sector-Wise analysis of projects,17,108
FR_200707_109,,,109,EAST-WEST TRANSNISSION CORRIDOR STRENGTHNING SCHEME,,,POWER,2007-07,2006-06,,803.7,,803.7,0.0,,0.12,2009-06,,2009-06,0.0,,,0,20,,,,MonthlyFR_july_2007.pdf,Sector-Wise analysis of projects,17,109
FR_200707_110,,,110,ENHANCEMENT OF TRANSMISSION CAPACITY IN EAST-WEST CORRIDOR,,,POWER,2007-07,2006-10,,103.8,,103.8,0.0,,,2009-06,,2009-06,0.0,,,0,0,,,,MonthlyFR_july_2007.pdf,Sector-Wise analysis of projects,17,110
FR_200707_111,,,111,SYSTEM STRENGTHENING- VII OF SOUTHERN REGION (248 CKM),,,POWER,2007-07,2005-05,,279.3,,291.21,11.91,,80.79,2009-07,,2009-07,0.0,,,5,18,,,,MonthlyFR_july_2007.pdf,Sector-Wise analysis of projects,17,111
FR_200707_112,,,112,NORTHERN REGION SYSTEM STRENGTHENING SCHEME- VI (54 CKM),,,POWER,2007-07,2007-01,,186.95,,186.95,0.0,,,2009-07,,2009-07,0.0,,,2,21,,,,MonthlyFR_july_2007.pdf,Sector-Wise analysis of projects,17,112
FR_200707_113,,,113,TRANSMISSION SY. ASSOCIATED WITH BARH GENER. PROJECT(P.GR.),,,POWER,2007-07,2005-12,,3779.46,,3779.46,0.0,,744.12,2009-09,,2009-09,0.0,,,7,30,,,,MonthlyFR_july_2007.pdf,Sector-Wise analysis of projects,17,113
FR_200707_114,,,114,SY. STR. IN SOUTH-WESTERN PART OF NORTHERN GRID (PART-B),,,POWER,2007-07,2006-10,,150.26,,150.26,0.0,,24.37,2009-10,,2009-10,0.0,,,2,20,,,,MonthlyFR_july_2007.pdf,Sector-Wise analysis of projects,17,114
FR_200707_115,,,115,EASTERN REGION STRENGTHENING SCHEME-I (1142 CKM),,,POWER,2007-07,2004-10,,975.96,,975.96,0.0,,8.45,2009-10,,2009-10,0.0,,,2,20,,,,MonthlyFR_july_2007.pdf,Sector-Wise analysis of projects,17,115
FR_200707_116,,,116,"SIPAT STPP STAGE -I, 3x660 MW",,,POWER,2007-07,2003-12,,8323.39,,8323.39,0.0,,3838.06,2009-12,,2009-12,0.0,,,33,56,,,,MonthlyFR_july_2007.pdf,Sector-Wise analysis of projects,17,116
FR_200707_117,,,117,TRANSMISSION SYSTEM,,,POWER,2007-07,2006-07,,557.24,,,0.0,,0.53,2010-01,,,0.0,,,0,22,,,,MonthlyFR_july_2007.pdf,Sector-Wise analysis of projects,17,117
FR_200707_118,,,118,"KORBA STPP STAGE-III, 1x500 MW",,,POWER,2007-07,2006-08,,2448.5,,2448.49,-0.01,,364.23,2010-02,,2010-02,0.0,,,5,26,,,,MonthlyFR_july_2007.pdf,Sector-Wise analysis of projects,18,118
FR_200707_119,,,119,URI H.E.P STAGE -II (NHPC),NHPC,,POWER,2007-07,2005-08,,1729.29,,1724.79,-4.5,,199.37,2009-11,,2010-03,4.0,,,0,0,,,,MonthlyFR_july_2007.pdf,Sector-Wise analysis of projects,18,119
FR_200707_120,,,120,TUIRIAL HYDRO ELECTRIC PROJECT (2x30MW),,,POWER,2007-07,1998-07,,368.72,,687.8,319.08,,228.57,2006-07,,2010-03,44.0,,,2,5,,,,MonthlyFR_july_2007.pdf,Sector-Wise analysis of projects,18,120
FR_200707_121,,,121,TEESTA LOW DAM HYDRO ELECTRIC PROJECT STAGE- IV 4x40 MW,,,POWER,2007-07,2005-09,,1061.38,,1061.38,0.0,,157.15,2009-09,,2010-05,8.0,,,0,0,,,,MonthlyFR_july_2007.pdf,Sector-Wise analysis of projects,18,121
FR_200707_122,,,122,"KOTESHWAR HYDRO ELECTRIC PROJECT, 4x100 MW",,,POWER,2007-07,2000-04,,1301.56,,1301.56,0.0,,523.11,2005-04,,2010-06,62.0,,,0,0,,,,MonthlyFR_july_2007.pdf,Sector-Wise analysis of projects,18,122
FR_200707_123,,,123,WESTERN REGION SYSTEM STRENGTHENING SCHEME-II (7075 CKM),,,POWER,2007-07,2006-07,,5221.23,,5221.23,0.0,,27.13,2010-07,,2010-07,0.0,,,0,20,,,,MonthlyFR_july_2007.pdf,Sector-Wise analysis of projects,18,123
FR_200707_124,,,124,"NIMOO BAZGO HYDRO ELECTRIC PROJECT, 3x15 MW",,,POWER,2007-07,2006-08,,611.01,,611.01,0.0,,61.66,2010-08,,2010-08,0.0,,,0,0,,,,MonthlyFR_july_2007.pdf,Sector-Wise analysis of projects,18,124
FR_200707_125,,,125,"FARAKKA STPP STAGE-III, 1x500 MW",,,POWER,2007-07,2006-07,,2570.44,,2570.44,0.0,,164.66,2010-08,,2010-08,0.0,,,8,26,,,,MonthlyFR_july_2007.pdf,Sector-Wise analysis of projects,18,125
FR_200707_126,,,126,CHAMERA HYDRO ELECTRIC PROJECT STAGE-III 231 MW,,,POWER,2007-07,2005-08,,1405.63,,1405.63,0.0,,258.69,2010-08,,2010-08,0.0,,,0,0,,,,MonthlyFR_july_2007.pdf,Sector-Wise analysis of projects,18,126
FR_200707_127,,,127,TRANSMISSION SYSTEM ASSOCIATED WITH PARBATI = II HEP,,,POWER,2007-07,2005-12,,358.42,,358.42,0.0,,3.29,2008-12,,2010-09,21.0,,21.0,0,15,,,,MonthlyFR_july_2007.pdf,Sector-Wise analysis of projects,18,127
FR_200707_128,,,128,"NATIONAL CAPITAL THERMAL POWER PROJECT STAGE-II, 2x490 MW",,,POWER,2007-07,2006-10,,5135.33,,5135.33,0.0,,358.17,2010-10,,2010-10,0.0,,,4,40,,,,MonthlyFR_july_2007.pdf,Sector-Wise analysis of projects,18,128
FR_200707_129,,,129,PARBATI HYDRO ELECTRIC PROJECT STAGE -III 4x130 MW,,,POWER,2007-07,2005-10,,2304.56,,2304.56,0.0,,284.9,2010-10,,2010-11,1.0,,,0,0,,,,MonthlyFR_july_2007.pdf,Sector-Wise analysis of projects,18,129
FR_200707_130,,,130,"BARH STPP, 3x660 MW",,,POWER,2007-07,2003-12,,8692.97,,8692.97,0.0,,1499.25,2010-11,,2010-11,0.0,,,12,51,,,,MonthlyFR_july_2007.pdf,Sector-Wise analysis of projects,18,130
FR_200707_131,,,131,PARBATI HYDRO ELECTRIC PROJECT STAGE-II 4x200 MW,,,POWER,2007-07,2002-09,,3919.59,,3919.59,0.0,,1879.46,2009-09,,2010-12,15.0,,,2,20,,,,MonthlyFR_july_2007.pdf,Sector-Wise analysis of projects,18,131
FR_200707_132,,,132,"CHUTAK HYDRO ELECTRIC PROJECT 4X11 MW, KARGIL",,,POWER,2007-07,2006-08,,621.26,,621.26,0.0,,48.41,2011-02,,2011-02,0.0,,,0,0,,,,MonthlyFR_july_2007.pdf,Sector-Wise analysis of projects,18,132
FR_200707_133,,,133,KAMENG HYDRO ELECTRIC PROJECT 4x150 MW,,,POWER,2007-07,2004-12,,2496.9,,2496.9,0.0,,557.35,2009-12,,2011-03,15.0,,,0,107,,,,MonthlyFR_july_2007.pdf,Sector-Wise analysis of projects,18,133
FR_200707_134,,,134,"TEHRI PUMPED STORAGE PLANT, 4x250 MW",,,POWER,2007-07,2006-07,,1657.0,,1657.6,0.6,,193.37,2010-07,,2011-06,11.0,,,0,0,,,,MonthlyFR_july_2007.pdf,Sector-Wise analysis of projects,18,134
FR_200707_135,,,135,LOHARINAG PALA HYDRO,,,POWER,2007-07,2006-06,,2895.1,,,0.0,,159.63,2011-11,,,-1.0,,,5,34,,,,MonthlyFR_july_2007.pdf,Sector-Wise analysis of projects,18,135
FR_200707_136,,,136,RAMPUR HYDRO ELECTRIC PROJECT 412 MW,,,POWER,2007-07,2007-01,,2047.03,,2047.03,0.0,,134.9,2012-01,,2012-01,0.0,,,0,10,,,,MonthlyFR_july_2007.pdf,Sector-Wise analysis of projects,19,136
FR_200707_137,,,137,LOWER SUBANSIRI HYDRO ELECTRIC PROJECT 8x250 MW,,,POWER,2007-07,2003-09,,6285.33,,6285.33,0.0,,1587.09,2010-09,,2012-01,16.0,,,0,11,,,,MonthlyFR_july_2007.pdf,Sector-Wise analysis of projects,19,137
FR_200707_138,,,138,"TAPOVAN-VISHNUGAD HYDRO ELECTRIC PROJECT, 4x130 MW",,,POWER,2007-07,2006-11,,2978.48,,2978.48,0.0,,120.89,2013-03,,2013-03,0.0,,,3,31,,,,MonthlyFR_july_2007.pdf,Sector-Wise analysis of projects,19,138
FR_200707_139,,,139,Transmission System Associated with Uri-II HEP (114 CKM),,,POWER,2007-07,2006-10,,238.25,,238.25,0.0,,,,,,,,,0,0,,,,MonthlyFR_july_2007.pdf,Sector-Wise analysis of projects,19,139
FR_200707_140,,,140,SYSTEM STRENGTHNING SCHEME-V OF SOUTH REGION,,,POWER,2007-07,2004-06,,92.12,,105.86,13.74,,32.71,2007-06,,,,,,0,0,,,,MonthlyFR_july_2007.pdf,Sector-Wise analysis of projects,19,140
FR_200707_141,,,141,LOKTAK DOWNSTREAM HYDRO ELECTRIC PROJECT 3x30/2x33 MW,,,POWER,2007-07,1999-12,,578.62,,578.62,0.0,,28.33,2006-06,,,,,,0,0,,,,MonthlyFR_july_2007.pdf,Sector-Wise analysis of projects,19,141
FR_200707_142,,,142,NORTH-EAST INDIRA GANDHI REGIONAL INSTITUTE OF H & MS,,,HEALTH & FW,2007-07,1986-05,2001-02,71.18,422.6,443.15,371.97,20.55,311.89,1999-03,2005-03,2007-11,104.0,32.0,,7,16,,,,MonthlyFR_july_2007.pdf,Sector-Wise analysis of projects,19,142
FR_200707_143,,,143,AMBALA-MORADABAD,,,RAILWAYS,2007-07,1993-03,,152.21,157.76,222.96,70.75,65.2,249.32,1998-03,,2007-07,112.0,,,0,0,,,,MonthlyFR_july_2007.pdf,Sector-Wise analysis of projects,19,143
FR_200707_144,,,144,2ND BRIDGE ON BIRUPA & MAHANADI,,,RAILWAYS,2007-07,1997-04,,93.1,109.45,122.0,28.9,12.55,63.3,,,2007-07,,,,0,0,,,,MonthlyFR_july_2007.pdf,Sector-Wise analysis of projects,19,144
FR_200707_145,,,145,DELHI-REWARI (GC) (NWR)(RVNL),RVNL,,RAILWAYS,2007-07,1995-04,,42.27,,192.0,149.73,,147.41,2007-03,,2007-09,6.0,,,0,0,,,,MonthlyFR_july_2007.pdf,Sector-Wise analysis of projects,19,145
FR_200707_146,,,146,SAMASTIPUR-KHAGARIA,,,RAILWAYS,2007-07,1996-04,,122.45,,122.45,0.0,,168.31,,,2007-09,,,,0,0,,,,MonthlyFR_july_2007.pdf,Sector-Wise analysis of projects,19,146
FR_200707_147,,,147,KATPADI-PAKALA- TIRUPATI(GC)ELECTRIFICAT. AS PART OF GC (SCR),SCR,,RAILWAYS,2007-07,1992-04,,130.0,,210.81,80.81,,178.11,2007-03,,2007-09,6.0,,,0,0,,,,MonthlyFR_july_2007.pdf,Sector-Wise analysis of projects,19,147
FR_200707_148,,,148,HOSPET-GUNTAKAL LINE DOUBLING,,,RAILWAYS,2007-07,1996-03,,105.22,,268.08,162.86,,173.73,1999-12,,2007-10,94.0,,,0,0,,,,MonthlyFR_july_2007.pdf,Sector-Wise analysis of projects,19,148
FR_200707_149,,,149,KUMARGHAT-AGARTALA,,,RAILWAYS,2007-07,1996-04,,575.0,,879.99,304.99,,691.51,2007-03,,2007-12,9.0,,,0,0,,,,MonthlyFR_july_2007.pdf,Sector-Wise analysis of projects,19,149
FR_200707_150,,,150,"BORIVILI-VIRAR QUADRUPLING,WR (MTP)",MTP,,RAILWAYS,2007-07,1995-04,,325.47,,,178.75,,410.57,2004-03,2000-06,,45.0,90.0,,0,0,,,,MonthlyFR_july_2007.pdf,Sector-Wise analysis of projects,19,150
FR_200707_151,,,151,KODERMA-GIRDHI,,,RAILWAYS,2007-07,1996-04,,371.36,,371.36,0.0,,132.01,,,2007-12,,,,0,0,,,,MonthlyFR_july_2007.pdf,Sector-Wise analysis of projects,20,151
FR_200707_152,,,152,THANE-TURBHE-NERUL- VASHI,,,RAILWAYS,2007-07,1992-05,,403.39,,403.39,0.0,,381.09,2000-03,,2007-12,93.0,,,0,0,,,,MonthlyFR_july_2007.pdf,Sector-Wise analysis of projects,20,152
FR_200707_153,,,153,KHURDA ROAD-BOLANGIR,,,RAILWAYS,2007-07,1994-04,,355.38,,1000.0,644.62,,43.98,,,2007-12,,,,0,0,,,,MonthlyFR_july_2007.pdf,Sector-Wise analysis of projects,20,153
FR_200707_154,,,154,RAJGIR-TILAIYA,,,RAILWAYS,2007-07,2001-04,,180.82,180.82,180.82,0.0,0.0,160.84,2006-03,,2007-12,21.0,,,0,0,,,,MonthlyFR_july_2007.pdf,Sector-Wise analysis of projects,20,154
FR_200707_155,,,155,ARA-SASARAM,,,RAILWAYS,2007-07,1997-07,,120.0,,189.14,69.14,,211.78,2006-03,,2007-12,21.0,,,0,0,,,,MonthlyFR_july_2007.pdf,Sector-Wise analysis of projects,20,155
FR_200707_156,,,156,MUZAFFARPUR-SITAMARHI,,,RAILWAYS,2007-07,1997-03,,100.0,,210.79,110.79,,130.42,,,2008-01,,,,0,0,,,,MonthlyFR_july_2007.pdf,Sector-Wise analysis of projects,20,156
FR_200707_157,,,157,MIRAJ-LATUR ROAD,,,RAILWAYS,2007-07,1993-04,2002-04,225.0,323.0,515.57,290.57,192.57,340.62,2001-03,,2008-02,83.0,,,0,0,,,,MonthlyFR_july_2007.pdf,Sector-Wise analysis of projects,20,157
FR_200707_158,,,158,KAPTANGANJ-THAWE- SIWAN-CHHAPRA,,,RAILWAYS,2007-07,2001-09,,320.1,,320.1,0.0,,105.58,,,2008-02,,,,0,0,,,,MonthlyFR_july_2007.pdf,Sector-Wise analysis of projects,20,158
FR_200707_159,,,159,GUNTUR-GUNTAKAL- KOLLURU-DHARMAVARAM,,,RAILWAYS,2007-07,1992-04,,458.45,,539.72,81.27,,487.85,,,2008-02,,,,0,0,,,,MonthlyFR_july_2007.pdf,Sector-Wise analysis of projects,20,159
FR_200707_160,,,160,DHARMAVARAM-PAKALA,,,RAILWAYS,2007-07,1997-04,,200.0,294.99,294.99,94.99,0.0,35.7,,,2008-02,,,,0,0,,,,MonthlyFR_july_2007.pdf,Sector-Wise analysis of projects,20,160
FR_200707_161,,,161,"BRAHAMAPUTRA BRIDGE AT BOGIBIL WITH LINK LINES,NEFR",,,RAILWAYS,2007-07,1996-04,,1000.0,,1767.36,767.36,,766.47,2008-04,,2008-03,-1.0,,,0,0,,,,MonthlyFR_july_2007.pdf,Sector-Wise analysis of projects,20,161
FR_200707_162,,,162,HAPUR-KANKATHER,,,RAILWAYS,2007-07,2003-04,,106.64,106.64,106.64,0.0,0.0,97.25,2007-03,,2008-03,12.0,,,0,0,,,,MonthlyFR_july_2007.pdf,Sector-Wise analysis of projects,20,162
FR_200707_163,,,163,DANIAWAN-BIHARSHARIF,,,RAILWAYS,2007-07,2001-04,,104.79,,104.79,0.0,,41.63,,,2008-03,,,,0,0,,,,MonthlyFR_july_2007.pdf,Sector-Wise analysis of projects,20,163
FR_200707_164,,,164,KATIHAR-JOGBANI,,,RAILWAYS,2007-07,2001-09,,100.0,,492.98,392.98,,450.84,,,2008-03,,,,0,0,,,,MonthlyFR_july_2007.pdf,Sector-Wise analysis of projects,20,164
FR_200707_165,,,165,PURNA-AKOLA,,,RAILWAYS,2007-07,2000-02,,228.0,,264.8,36.8,,220.14,,,2008-03,,,,0,0,,,,MonthlyFR_july_2007.pdf,Sector-Wise analysis of projects,20,165
FR_200707_166,,,166,VIRAMGAM-BHILDI,,,RAILWAYS,2007-07,1990-04,,155.66,,119.75,-35.91,,123.05,,,2008-03,,,,0,0,,,,MonthlyFR_july_2007.pdf,Sector-Wise analysis of projects,20,166
FR_200707_167,,,167,NANGALDAM-TALWARA NEW LINE PROJECT,,,RAILWAYS,2007-07,1981-03,1985-05,37.68,,300.0,262.32,,130.4,,,2008-03,,,,0,0,,,,MonthlyFR_july_2007.pdf,Sector-Wise analysis of projects,20,167
FR_200707_168,,,168,JALANDHAR-PATHANKOT- JAMMU TAWI,,,RAILWAYS,2007-07,2002-03,,409.0,408.76,,221.0,221.24,468.9,2007-06,,,9.0,,,0,0,,,,MonthlyFR_july_2007.pdf,Sector-Wise analysis of projects,20,168
FR_200707_169,,,169,BELAPUR-SEAWOOD-URAN ELECTRIFIED DOUBLE LINE,,,RAILWAYS,2007-07,1996-03,1997-07,401.81,,495.44,93.63,,97.12,2004-03,,2008-03,48.0,,,0,0,,,,MonthlyFR_july_2007.pdf,Sector-Wise analysis of projects,21,169
FR_200707_170,,,170,KHURDA ROAD-BARANG 3rd LINE,,,RAILWAYS,2007-07,2000-04,,133.41,,207.0,73.59,,30.59,,,2008-06,,,,0,0,,,,MonthlyFR_july_2007.pdf,Sector-Wise analysis of projects,21,170
FR_200707_171,,,171,TOLLYGANJ-GARIA,,,RAILWAYS,2007-07,2000-03,,907.69,,907.69,0.0,,554.31,2006-12,,2008-06,18.0,,,0,0,,,,MonthlyFR_july_2007.pdf,Sector-Wise analysis of projects,21,171
FR_200707_172,,,172,MACHERLA-NALGONDA,,,RAILWAYS,2007-07,1998-07,,125.0,,250.38,125.38,,0.27,2008-07,,2008-07,0.0,,,0,0,,,,MonthlyFR_july_2007.pdf,Sector-Wise analysis of projects,21,172
FR_200707_173,,,173,BILASPUR-URKURA,,,RAILWAYS,2007-07,1997-04,,151.52,,264.51,112.99,,163.63,,,2008-09,,,,0,0,,,,MonthlyFR_july_2007.pdf,Sector-Wise analysis of projects,21,173
FR_200707_174,,,174,CHANDIGARH-LUDHIANA,,,RAILWAYS,2007-07,1997-07,,248.44,,577.03,328.59,,288.49,,,2008-09,,,,0,0,,,,MonthlyFR_july_2007.pdf,Sector-Wise analysis of projects,21,174
FR_200707_175,,,175,RAJATGARH-BARANG,,,RAILWAYS,2007-07,1999-04,,166.16,,240.0,73.84,,68.43,,,2008-10,,,,0,0,,,,MonthlyFR_july_2007.pdf,Sector-Wise analysis of projects,21,175
FR_200707_176,,,176,CUTTACK-BARANG,,,RAILWAYS,2007-07,1995-04,,127.13,,135.0,7.87,,58.09,,,2008-11,,,,0,0,,,,MonthlyFR_july_2007.pdf,Sector-Wise analysis of projects,21,176
FR_200707_177,,,177,DEOGHAR-DUMKA NEW BROAD GAUGE LINE,,,RAILWAYS,2007-07,1999-02,,180.73,,180.73,0.0,,180.58,2006-12,,2008-12,24.0,,6.0,0,0,,,,MonthlyFR_july_2007.pdf,Sector-Wise analysis of projects,21,177
FR_200707_178,,,178,PRATAPNAGAR-CHOTA UDAIPUR,,,RAILWAYS,2007-07,2005-04,,148.61,,227.52,78.91,,39.05,2008-03,,2008-12,9.0,,,0,0,,,,MonthlyFR_july_2007.pdf,Sector-Wise analysis of projects,21,178
FR_200707_179,,,179,NEW JALPAIGURI - SILIGURI - NEW BONGAIGAON,,,RAILWAYS,2007-07,1998-11,,536.85,,890.83,353.98,,836.59,2003-03,,2008-12,69.0,,,0,0,,,,MonthlyFR_july_2007.pdf,Sector-Wise analysis of projects,21,179
FR_200707_180,,,180,PALWAL-BHUTESWAR 3rd LINE,,,RAILWAYS,2007-07,2005-04,,240.0,,330.0,90.0,,36.41,2009-03,,2008-12,-3.0,,,0,0,,,,MonthlyFR_july_2007.pdf,Sector-Wise analysis of projects,21,180
FR_200707_181,,,181,BHILDI-SAMDARI,,,RAILWAYS,2007-07,1999-04,,244.74,,244.74,0.0,,105.25,,,2008-12,,,,0,0,,,,MonthlyFR_july_2007.pdf,Sector-Wise analysis of projects,21,181
FR_200707_182,,,182,LANJHIGARH ROAD- JUNAGARH,,,RAILWAYS,2007-07,1993-04,,100.0,119.29,119.29,19.29,0.0,26.45,2002-03,,2008-12,81.0,,,0,0,,,,MonthlyFR_july_2007.pdf,Sector-Wise analysis of projects,21,182
FR_200707_183,,,183,AJMER-PHULERA-RINGUS- REWARI,,,RAILWAYS,2007-07,2005-04,,352.0,,716.64,364.64,,298.88,2008-03,,2008-12,9.0,,,0,0,,,,MonthlyFR_july_2007.pdf,Sector-Wise analysis of projects,21,183
FR_200707_184,,,184,ALIGARH-GAZIABAD 3rd LINE,,,RAILWAYS,2007-07,2003-04,,230.73,,399.47,168.74,,48.54,2009-03,,2008-12,-3.0,,,0,0,,,,MonthlyFR_july_2007.pdf,Sector-Wise analysis of projects,21,184
FR_200707_185,,,185,RAJKOT-VERAVAL SOMNATH SECTION MATERIAL TO WANSJALIYA,,,RAILWAYS,2007-07,1992-04,,112.53,320.66,374.34,261.81,53.68,281.04,1996-03,,2009-02,155.0,,,0,0,,,,MonthlyFR_july_2007.pdf,Sector-Wise analysis of projects,21,185
FR_200707_186,,,186,JAYANAGAR-DARBHANGA- NARKATIAGANJ,,,RAILWAYS,2007-07,1997-04,,233.0,335.77,,96.17,-6.6,189.35,,,,,,,0,0,,,,MonthlyFR_july_2007.pdf,Sector-Wise analysis of projects,21,186
FR_200707_187,,,187,"MAYNAGURI TO JOGIGHOPA VIA CHANGRA (NL),NEFR",,,RAILWAYS,2007-07,2000-02,,733.0,,894.38,161.38,,166.6,2008-12,,2009-03,3.0,,,0,0,,,,MonthlyFR_july_2007.pdf,Sector-Wise analysis of projects,22,187
FR_200707_188,,,188,RANCHI-LOHARDAGA EXTENSION TO TORI,,,RAILWAYS,2007-07,1997-04,,193.78,,426.0,232.22,,198.55,2004-06,,2009-03,57.0,,,0,0,,,,MonthlyFR_july_2007.pdf,Sector-Wise analysis of projects,22,188
FR_200707_189,,,189,RANGIA-MURKONGSELEK,,,RAILWAYS,2007-07,2004-01,,912.7,915.7,912.7,0.0,-3.0,3.28,,,2009-03,,,,0,0,,,,MonthlyFR_july_2007.pdf,Sector-Wise analysis of projects,22,189
FR_200707_190,,,190,KOSI BRIDGE,,,RAILWAYS,2007-07,2002-04,,323.41,,323.41,0.0,,20.61,,,2009-06,,,,0,0,,,,MonthlyFR_july_2007.pdf,Sector-Wise analysis of projects,22,190
FR_200707_191,,,191,HARIDASPUR-PARADEEP,,,RAILWAYS,2007-07,1996-04,,301.64,,499.38,197.74,,59.01,,,2009-07,7.0,,7.0,0,0,,,,MonthlyFR_july_2007.pdf,Sector-Wise analysis of projects,22,191
FR_200707_192,,,192,RAICHUR-GUNTAKAL,,,RAILWAYS,2007-07,2003-04,,136.62,,221.93,85.31,,2.12,2007-12,,2009-08,20.0,,,0,0,,,,MonthlyFR_july_2007.pdf,Sector-Wise analysis of projects,22,192
FR_200707_193,,,193,GOOTY-RENIGUNTA PATCH DOUBLING PHASE-II,,,RAILWAYS,2007-07,2002-05,,304.5,,305.95,1.45,,39.53,,,2009-10,,,,0,0,,,,MonthlyFR_july_2007.pdf,Sector-Wise analysis of projects,22,193
FR_200707_194,,,194,UDHAMPUR-SRINAGAR- BARAMULLA,,,RAILWAYS,2007-07,1995-03,,2500.0,,11270.0,8770.0,,3838.87,2001-03,,2009-10,103.0,,,0,0,,,,MonthlyFR_july_2007.pdf,Sector-Wise analysis of projects,22,194
FR_200707_195,,,195,"RAIL-CUM-ROAD BRIDGE AT MUNGER (NL), ECR",,,RAILWAYS,2007-07,2002-04,,921.0,,921.0,0.0,,195.74,2009-03,,2009-12,9.0,,,0,0,,,,MonthlyFR_july_2007.pdf,Sector-Wise analysis of projects,22,195
FR_200707_196,,,196,MANDERHILL-DUMKA- RAMPURHAT,,,RAILWAYS,2007-07,1995-04,,184.0,,254.07,70.07,,135.14,,,2009-12,,,,0,0,,,,MonthlyFR_july_2007.pdf,Sector-Wise analysis of projects,22,196
FR_200707_197,,,197,Conversion of 1500 V DC Traction System to 25 KV AC Traction,,,RAILWAYS,2007-07,1996-07,1998-08,273.67,654.51,648.76,375.09,-5.75,227.48,,,2009-12,,,,0,0,,,,MonthlyFR_july_2007.pdf,Sector-Wise analysis of projects,22,197
FR_200707_198,,,198,DEOGHAR-SULTANGUNJ,,,RAILWAYS,2007-07,2000-04,,138.0,,607.0,469.0,,94.9,,,2009-12,,,,0,0,,,,MonthlyFR_july_2007.pdf,Sector-Wise analysis of projects,22,198
FR_200707_199,,,199,SUKINDA ROAD-ANGUL (RVNL),RVNL,,RAILWAYS,2007-07,1998-04,,183.23,,638.0,454.77,,0.11,2015-02,,2010-01,-61.0,,,0,0,,,,MonthlyFR_july_2007.pdf,Sector-Wise analysis of projects,22,199
FR_200707_200,,,200,REINGUNTA-GUNTAKAL (RVNL),RVNL,,RAILWAYS,2007-07,2000-06,,168.34,,266.1,97.76,,53.88,2003-04,,2010-03,83.0,,,0,0,,,,MonthlyFR_july_2007.pdf,Sector-Wise analysis of projects,22,200
FR_200707_201,,,201,TARAKESWAR-BISHNUPUR,,,RAILWAYS,2007-07,2000-04,,157.96,,567.0,409.04,,80.91,,,2010-03,,,,0,0,,,,MonthlyFR_july_2007.pdf,Sector-Wise analysis of projects,22,201
FR_200707_202,,,202,LUMDING-SILCHAR- MIGRENDISA-DITOKCHERRA,,,RAILWAYS,2007-07,1996-04,2002-05,648.0,1401.01,1676.31,1028.31,275.3,929.02,2009-03,,2010-03,12.0,,,0,0,,,,MonthlyFR_july_2007.pdf,Sector-Wise analysis of projects,22,202
FR_200707_203,,,203,PATNA GANGA BRIDGE,,,RAILWAYS,2007-07,2001-04,,624.47,,624.47,0.0,,321.3,2007-10,,2010-12,38.0,,,0,0,,,,MonthlyFR_july_2007.pdf,Sector-Wise analysis of projects,22,203
FR_200707_204,,,204,JIRIBAM TO IMPHAL,,,RAILWAYS,2007-07,2003-04,,727.56,,,1272.44,,6.81,2011-03,,,0.0,,,0,0,,,,MonthlyFR_july_2007.pdf,Sector-Wise analysis of projects,22,204
FR_200707_205,,,205,SURAT-KOSAMBA,,,RAILWAYS,2007-07,2000-04,,133.0,,133.0,0.0,,,,,,,,,0,0,,,,MonthlyFR_july_2007.pdf,Sector-Wise analysis of projects,23,205
FR_200707_206,,,206,NANDYAL-YERRAGUNTLA,,,RAILWAYS,2007-07,1997-03,,155.74,164.36,170.85,15.11,6.49,44.39,2009-02,,,,,,0,0,,,,MonthlyFR_july_2007.pdf,Sector-Wise analysis of projects,23,206
FR_200707_207,,,207,AJMER - UDAIPUR - CHITTORGARH,,,RAILWAYS,2007-07,1996-09,2002-01,262.0,433.39,456.0,194.0,22.61,448.74,,2000-03,,,,,0,0,,,,MonthlyFR_july_2007.pdf,Sector-Wise analysis of projects,23,207
FR_200707_208,,,208,TITLAGARH-LANJIGARH (DL) ECoR,,,RAILWAYS,2007-07,1997-04,,66.61,,134.74,68.13,,113.98,,,,,,,0,0,,,,MonthlyFR_july_2007.pdf,Sector-Wise analysis of projects,23,208
FR_200707_209,,,209,DAUSA-GANGAPUR CITY,,,RAILWAYS,2007-07,1997-02,,151.84,,208.83,56.99,,30.69,,,,,,,0,0,,,,MonthlyFR_july_2007.pdf,Sector-Wise analysis of projects,23,209
FR_200707_210,,,210,TANUR (KUTTIPURAM)- GURUVAYUR,,,RAILWAYS,2007-07,1995-04,,40.0,,137.71,97.71,,7.57,,,,,,,0,0,,,,MonthlyFR_july_2007.pdf,Sector-Wise analysis of projects,23,210
FR_200707_211,,,211,HASSAN-BANGALORE (VIA SHRAVANABELAGOLA),,,RAILWAYS,2007-07,1997-02,,295.0,,412.91,117.91,,220.88,,,,,,,0,0,,,,MonthlyFR_july_2007.pdf,Sector-Wise analysis of projects,23,211
FR_200707_212,,,212,GONDIA-JABALPUR (SECR),SECR,,RAILWAYS,2007-07,1997-02,,356.0,,511.86,155.86,,167.2,1998-03,,,,,,0,0,,,,MonthlyFR_july_2007.pdf,Sector-Wise analysis of projects,23,212
FR_200707_213,,,213,KARUR-SALEM via NAMAKKAL,,,RAILWAYS,2007-07,1997-02,,155.55,,229.88,74.33,,128.11,,,,,,,0,0,,,,MonthlyFR_july_2007.pdf,Sector-Wise analysis of projects,23,213
FR_200707_214,,,214,HUBLI-ANKOLA(NL),,,RAILWAYS,2007-07,1995-04,,227.0,,997.58,770.58,,70.48,,,,,,,0,0,,,,MonthlyFR_july_2007.pdf,Sector-Wise analysis of projects,23,214
FR_200707_215,,,215,MUNEERABAD- MAHABOOBNAGAR,,,RAILWAYS,2007-07,1996-04,,377.32,236.41,497.47,120.15,261.06,36.24,,,,,,,0,0,,,,MonthlyFR_july_2007.pdf,Sector-Wise analysis of projects,23,215
FR_200707_216,,,216,KANPUR-KASGANJ- MATHURA,,,RAILWAYS,2007-07,1997-03,,395.0,598.98,661.72,266.72,62.74,496.35,,,,,,,0,0,,,,MonthlyFR_july_2007.pdf,Sector-Wise analysis of projects,23,216
FR_200707_217,,,217,TIRUMALAI - VELLACHERI EXTN. OF MRTS (MTP),MTP,,RAILWAYS,2007-07,1996-04,,605.7,,733.39,127.69,,685.22,2002-03,,,,,,0,0,,,,MonthlyFR_july_2007.pdf,Sector-Wise analysis of projects,23,217
FR_200707_218,,,218,BIHARSHARIFF-BARBIGHA,,,RAILWAYS,2007-07,2001-04,,103.86,,103.86,0.0,,8.21,,,,,,,0,0,,,,MonthlyFR_july_2007.pdf,Sector-Wise analysis of projects,23,218
FR_200707_219,,,219,BARBIGHA-SHEIKHPURA- NEORA-DANIAWAN,,,RAILWAYS,2007-07,2002-04,,120.23,,120.23,0.0,,20.24,,,,,,,0,0,,,,MonthlyFR_july_2007.pdf,Sector-Wise analysis of projects,23,219
FR_200707_220,,,220,PEDAPALLI-KARIMNAGAR- NIZAMABAD (NL),,,RAILWAYS,2007-07,1994-12,,124.43,407.78,517.63,393.2,109.85,211.94,,,,,,,0,0,,,,MonthlyFR_july_2007.pdf,Sector-Wise analysis of projects,23,220
FR_200707_221,,,221,KADUR-CHIKMAGLUR- SAKLESHPUR,,,RAILWAYS,2007-07,1996-04,,157.0,,283.34,126.34,,53.96,,,,,,,0,0,,,,MonthlyFR_july_2007.pdf,Sector-Wise analysis of projects,23,221
FR_200707_222,,,222,"RAIL COACH FACTORY,KAPURTHALA PH -",,,RAILWAYS,2007-07,1985-08,1989-02,180.0,314.57,,283.68,149.11,463.06,1992-03,,,,,,0,0,,,,MonthlyFR_july_2007.pdf,Sector-Wise analysis of projects,23,222
FR_200707_223,,,223,AHMEDNAGAR-BEED-PARLI- VAIJNATH,,,RAILWAYS,2007-07,1997-02,,353.08,,462.67,109.59,,15.38,,,,,,,0,0,,,,MonthlyFR_july_2007.pdf,Sector-Wise analysis of projects,24,223
FR_200707_224,,,224,SRIGANGANAGAR- SARUPSAR,,,RAILWAYS,2007-07,1997-04,,143.92,,168.8,24.88,,4.55,,,,,,,0,0,,,,MonthlyFR_july_2007.pdf,Sector-Wise analysis of projects,24,224
FR_200707_225,,,225,RAMGANJMUNDI-BHOPAL,,,RAILWAYS,2007-07,2001-04,,727.13,727.13,726.05,-1.08,-1.08,69.6,,,,,,,0,0,,,,MonthlyFR_july_2007.pdf,Sector-Wise analysis of projects,24,225
FR_200707_226,,,226,TIRUCHIRAPPALI-NAGORE- KARAIKKAL WITH EXTENSION NAGAPATTINAM,,,RAILWAYS,2007-07,1995-09,,100.0,,391.12,291.12,,223.17,,,,,,,0,0,,,,MonthlyFR_july_2007.pdf,Sector-Wise analysis of projects,24,226
FR_200707_227,,,227,QUILON-TIRUNELVELI- TIRUCHENDUR AND TENKASI-VIRUDHUNAGAR,,,RAILWAYS,2007-07,1998-03,,280.0,,702.39,422.39,,334.36,,,,,,,0,0,,,,MonthlyFR_july_2007.pdf,Sector-Wise analysis of projects,24,227
FR_200707_228,,,228,KOTIPALLI-NARASAPUR,,,RAILWAYS,2007-07,2001-12,,330.0,,695.0,365.0,,9.41,,,,,,,0,0,,,,MonthlyFR_july_2007.pdf,Sector-Wise analysis of projects,24,228
FR_200707_229,,,229,BANGALORE- SATYAMANGALAM,,,RAILWAYS,2007-07,1999-02,,138.0,,225.0,87.0,,0.28,,,,,,,0,0,,,,MonthlyFR_july_2007.pdf,Sector-Wise analysis of projects,24,229
FR_200707_230,,,230,GADWAL-RAICHUR,,,RAILWAYS,2007-07,1998-04,,92.63,,108.91,16.28,,135.73,,,,,,,0,0,,,,MonthlyFR_july_2007.pdf,Sector-Wise analysis of projects,24,230
FR_200707_231,,,231,BARAMATI - LONAND,,,RAILWAYS,2007-07,1998-03,,75.0,,138.48,63.48,,18.94,,,,,,,0,0,,,,MonthlyFR_july_2007.pdf,Sector-Wise analysis of projects,24,231
FR_200707_232,,,232,BANKURA-DAMODAR,,,RAILWAYS,2007-07,1998-03,,111.9,,325.17,213.27,,172.05,2005-03,,,,,,0,0,,,,MonthlyFR_july_2007.pdf,Sector-Wise analysis of projects,24,232
FR_200707_233,,,233,AMRAVATI-NARKHER NEW LINE PROJECT,,,RAILWAYS,2007-07,1994-06,1996-07,120.9,175.3,284.27,163.37,108.97,173.25,1999-06,,,,,,0,0,,,,MonthlyFR_july_2007.pdf,Sector-Wise analysis of projects,24,233
FR_200707_234,,,234,HATHUA-BHATNI,,,RAILWAYS,2007-07,2005-04,,200.73,,230.03,29.3,,35.71,,,,,,,0,0,,,,MonthlyFR_july_2007.pdf,Sector-Wise analysis of projects,24,234
FR_200707_235,,,235,MAHARAJGANJ-MASRAKH,,,RAILWAYS,2007-07,2003-04,,104.1,,113.75,9.65,,40.35,,,,,,,0,0,,,,MonthlyFR_july_2007.pdf,Sector-Wise analysis of projects,24,235
FR_200707_236,,,236,KICHHA-KHATIMA,,,RAILWAYS,2007-07,2003-04,,165.67,,165.67,0.0,,0.15,,,,,,,0,0,,,,MonthlyFR_july_2007.pdf,Sector-Wise analysis of projects,24,236
FR_200707_237,,,237,"ETAWAH-MAINPURI (NL),NCR",,,RAILWAYS,2007-07,2001-09,,129.7,,129.7,0.0,,56.27,2008-12,,,,,,0,0,,,,MonthlyFR_july_2007.pdf,Sector-Wise analysis of projects,24,237
FR_200707_238,,,238,LALITPUR-SATNA-REWA- SINGRULI,,,RAILWAYS,2007-07,1998-09,,925.0,,925.0,0.0,,190.43,2008-05,,,,,,0,0,,,,MonthlyFR_july_2007.pdf,Sector-Wise analysis of projects,24,238
FR_200707_239,,,239,HOTGI-GADAG-SOLAPUR (via Hotgi),,,RAILWAYS,2007-07,1994-04,,180.0,,318.66,138.66,,333.12,1999-03,2003-03,,,,,0,0,,,,MonthlyFR_july_2007.pdf,Sector-Wise analysis of projects,24,239
FR_200707_240,,,240,EKLAKHI-BALURGHAT,,,RAILWAYS,2007-07,1986-01,,36.8,,,245.94,,218.8,,,,,,,0,0,,,,MonthlyFR_july_2007.pdf,Sector-Wise analysis of projects,24,240
FR_200707_241,,,241,KODERMA-RANCHI VIA HAZARIBAGH AND BARKAKHANA,,,RAILWAYS,2007-07,1999-03,,491.19,,1033.0,541.81,,344.2,2005-07,,,,,,0,0,,,,MonthlyFR_july_2007.pdf,Sector-Wise analysis of projects,25,241
FR_200707_242,,,242,MADURAI- RAMESWARAM(GC).SR,,,RAILWAYS,2007-07,1998-07,,193.18,,246.97,53.79,,289.14,2006-07,,,,,,0,0,,,,MonthlyFR_july_2007.pdf,Sector-Wise analysis of projects,25,242
FR_200707_243,,,243,DALLIRAJHARA-JAGDALPUR,,,RAILWAYS,2007-07,1995-04,,369.0,,216.38,-152.62,,0.43,,,,,,,0,0,,,,MonthlyFR_july_2007.pdf,Sector-Wise analysis of projects,25,243
FR_200707_244,,,244,DLW GM 4000/3000 HP DIESEL LOCOS,,,RAILWAYS,2007-07,1999-04,,155.54,,141.22,-14.32,,100.47,2003-03,,,,,,0,0,,,,MonthlyFR_july_2007.pdf,Sector-Wise analysis of projects,25,244
FR_200707_245,,,245,AGRA-ETAWAH NEW LINE via BAD,,,RAILWAYS,2007-07,1999-04,,108.0,,214.09,106.09,,81.91,2009-12,,,,,,0,0,,,,MonthlyFR_july_2007.pdf,Sector-Wise analysis of projects,25,245
FR_200707_246,,,246,"NIMACH-RATLAM(GC),WR",,,RAILWAYS,2007-07,1993-04,,65.0,,171.73,106.73,,192.25,1996-03,,,,,,0,0,,,,MonthlyFR_july_2007.pdf,Sector-Wise analysis of projects,25,246
FR_200707_247,,,247,GUNA-ETAWAH via SHIVPURI-GWALIOR-BHIND,,,RAILWAYS,2007-07,1985-04,2001-01,158.77,274.56,400.0,241.23,125.44,389.43,1994-03,,,,,,0,0,,,,MonthlyFR_july_2007.pdf,Sector-Wise analysis of projects,25,247
FR_200707_248,,,248,KURLA-BHANDUP 5th & 6th LINE PHASE-I,,,RAILWAYS,2007-07,1995-04,,49.84,,102.9,53.06,,89.65,2002-03,,,,,,0,0,,,,MonthlyFR_july_2007.pdf,Sector-Wise analysis of projects,25,248
FR_200707_249,,,249,ANGAMALI-SABARIMALA,,,RAILWAYS,2007-07,1998-10,,550.0,,550.0,0.0,,8.57,,,,,,,0,0,,,,MonthlyFR_july_2007.pdf,Sector-Wise analysis of projects,25,249
FR_200707_250,,,250,TAHANJAVUR-VILLUPURAM,,,RAILWAYS,2007-07,2001-10,,223.0,,356.88,133.88,,115.57,,,,,,,0,0,,,,MonthlyFR_july_2007.pdf,Sector-Wise analysis of projects,25,250
FR_200707_251,,,251,KUTTIPURAM-CALICUT- SHORANUR,,,RAILWAYS,2007-07,2001-03,,178.76,177.34,188.13,9.37,10.79,175.77,,,,,,,0,0,,,,MonthlyFR_july_2007.pdf,Sector-Wise analysis of projects,25,251
FR_200707_252,,,252,TRICHY MANAMADURAI,,,RAILWAYS,2007-07,2000-02,,175.0,,270.36,95.36,,238.18,,,,,,,0,0,,,,MonthlyFR_july_2007.pdf,Sector-Wise analysis of projects,25,252
FR_200707_253,,,253,VILLUPURAM-KATPADI,,,RAILWAYS,2007-07,2000-02,,175.0,,235.69,60.69,,79.83,,,,,,,0,0,,,,MonthlyFR_july_2007.pdf,Sector-Wise analysis of projects,25,253
FR_200707_254,,,254,REWARI-SADULPUR-HISSAR,,,RAILWAYS,2007-07,1997-04,,198.96,,364.19,165.23,,50.56,,,,,,,0,0,,,,MonthlyFR_july_2007.pdf,Sector-Wise analysis of projects,25,254
FR_200707_255,,,255,BIDAR-GULBARGA,,,RAILWAYS,2007-07,1999-02,,242.42,369.7,369.7,127.28,0.0,62.05,,,,,,,0,0,,,,MonthlyFR_july_2007.pdf,Sector-Wise analysis of projects,25,255
FR_200707_256,,,256,GONDA-GORAKHPUR LOOP WITH ANANDNAGAR- NAUTANWA,,,RAILWAYS,2007-07,2002-03,,383.15,,381.17,-1.98,,76.29,,,,,,,0,0,,,,MonthlyFR_july_2007.pdf,Sector-Wise analysis of projects,25,256
FR_200707_257,,,257,EXTN. OF MRTS-II FROM VELACHERY TO ST.THOMAS MOUNT,,,RAILWAYS,2007-07,2006-04,,415.59,,415.59,0.0,,,,,,,,,0,0,,,,MonthlyFR_july_2007.pdf,Sector-Wise analysis of projects,25,257
FR_200707_258,,,258,KHAGARIA-KUSHESHWAR,,,RAILWAYS,2007-07,1997-03,,78.23,,,84.64,,34.63,,,,,,,0,0,,,,MonthlyFR_july_2007.pdf,Sector-Wise analysis of projects,25,258
FR_200707_259,,,259,HOWRAH-AMTA- CHAMPADANGA,,,RAILWAYS,2007-07,1974-04,2001-07,31.42,154.3,154.3,122.88,0.0,83.36,2007-03,,,,,,0,0,,,,MonthlyFR_july_2007.pdf,Sector-Wise analysis of projects,26,259
FR_200707_260,,,260,MANSI-PURNIA (Material Modification of Mansi-Saharsa),,,RAILWAYS,2007-07,1996-04,,114.01,283.95,162.39,48.38,-121.56,135.11,,,,,,,0,0,,,,MonthlyFR_july_2007.pdf,Sector-Wise analysis of projects,26,260
FR_200707_261,,,261,RUPSA-BANGRIPOSI,,,RAILWAYS,2007-07,1996-02,,57.94,,137.57,79.63,,68.6,1998-03,,,,,,0,0,,,,MonthlyFR_july_2007.pdf,Sector-Wise analysis of projects,26,261
FR_200707_262,,,262,CHHINDWARA-NAGPUR,,,RAILWAYS,2007-07,2005-04,,383.79,,383.79,0.0,,1.22,,,,,,,0,0,,,,MonthlyFR_july_2007.pdf,Sector-Wise analysis of projects,26,262
FR_200707_263,,,263,TALCHER-BIMALAGARH,,,RAILWAYS,2007-07,2005-04,,726.96,,809.58,82.62,,0.41,,,,,,,0,0,,,,MonthlyFR_july_2007.pdf,Sector-Wise analysis of projects,26,263
FR_200707_264,,,264,KOTTUR-HARIHAR,,,RAILWAYS,2007-07,1995-04,,65.94,,124.13,58.19,,45.83,,,,,,,0,0,,,,MonthlyFR_july_2007.pdf,Sector-Wise analysis of projects,26,264
FR_200707_265,,,265,HAJIPUR-SUGAULI via VAISHALI,,,RAILWAYS,2007-07,2003-04,,324.66,,324.66,0.0,,58.21,,,,,,,0,0,,,,MonthlyFR_july_2007.pdf,Sector-Wise analysis of projects,26,265
FR_200707_266,,,266,DAITARI-KEONJHAR- BANSPANI NEW LINE(ECOR) (RVNL),RVNL,,RAILWAYS,2007-07,1993-03,2000-11,242.5,537.74,910.0,667.5,372.26,837.29,1997-12,,,,,,0,0,,,,MonthlyFR_july_2007.pdf,Sector-Wise analysis of projects,26,266
FR_200707_267,,,267,FREIGHT OPERATIONS INFORMATION SYSTEM,,,RAILWAYS,2007-07,1984-03,1989-11,520.0,422.79,422.79,-97.21,0.0,371.15,1995-03,,,,,,0,0,,,,MonthlyFR_july_2007.pdf,Sector-Wise analysis of projects,26,267
FR_200707_268,,,268,CALICUT-MANGALORE DOUBLING,,,RAILWAYS,2007-07,1996-02,,240.0,,572.51,332.51,,526.42,,,,,,,0,0,,,,MonthlyFR_july_2007.pdf,Sector-Wise analysis of projects,26,268
FR_200707_269,,,269,KODERMA-TILAIYA,,,RAILWAYS,2007-07,2002-04,,459.91,,459.91,0.0,,36.57,,,,,,,0,0,,,,MonthlyFR_july_2007.pdf,Sector-Wise analysis of projects,26,269
FR_200707_270,,,270,SURENDRANAGAR- BHAVANAGAR,,,RAILWAYS,2007-07,1997-03,,437.4,,528.49,91.09,,330.42,2004-03,,,,,,0,0,,,,MonthlyFR_july_2007.pdf,Sector-Wise analysis of projects,26,270
FR_200707_271,,,271,CUDDLORE - SALEM VIA VRIDHACHALAM (GC) (SR) (RVNL),RVNL,,RAILWAYS,2007-07,1999-04,,198.68,,298.23,99.55,,220.24,,,,,,,0,0,,,,MonthlyFR_july_2007.pdf,Sector-Wise analysis of projects,26,271
FR_200707_272,,,272,BHATNI-JIRADEI,,,RAILWAYS,2007-07,2006-04,,100.27,,100.27,0.0,,0.01,,,,,,,0,0,,,,MonthlyFR_july_2007.pdf,Sector-Wise analysis of projects,26,272
FR_200707_273,,,273,REWARI-ROHTAK,,,RAILWAYS,2007-07,2004-01,,149.38,,194.83,45.45,,72.88,2010-02,,,,,,0,0,,,,MonthlyFR_july_2007.pdf,Sector-Wise analysis of projects,26,273
FR_200707_274,,,274,MANOHARABAD- KOTAPALLI,,,RAILWAYS,2007-07,2006-04,,378.56,,378.56,0.0,,0.34,,,,,,,0,0,,,,MonthlyFR_july_2007.pdf,Sector-Wise analysis of projects,26,274
FR_200707_275,,,275,MUNDERWA-BABHNAN,,,RAILWAYS,2007-07,2006-04,,102.1,,102.1,0.0,,20.9,,,,,,,0,0,,,,MonthlyFR_july_2007.pdf,Sector-Wise analysis of projects,26,275
FR_200707_276,,,276,JIND-SONEPAT,,,RAILWAYS,2007-07,2004-01,,190.81,,,74.94,,0.44,,,,,,,0,0,,,,MonthlyFR_july_2007.pdf,Sector-Wise analysis of projects,26,276
FR_200707_277,,,277,"HUBLI-HAVERI KM.404- KM.340, NH-4 (KARNATAKA)",,,ROAD TRANSPORT & HIGHWAYS,2007-07,2000-04,,260.93,,260.93,0.0,,267.81,2003-12,,2007-07,43.0,,,0,0,,,,MonthlyFR_july_2007.pdf,Sector-Wise analysis of projects,27,277
FR_200707_278,,,278,"ETAWAH-RAJPUR, KM.321.1- KM.393, NH-2 (U.P.)",,,ROAD TRANSPORT & HIGHWAYS,2007-07,2000-04,,348.44,,348.44,0.0,,366.72,2005-03,,2007-09,30.0,,2.0,0,0,,,,MonthlyFR_july_2007.pdf,Sector-Wise analysis of projects,27,278
FR_200707_279,,,279,"HANDIA-VARANASI, KM.245- KM.317, NH-2 (U.P.)",,,ROAD TRANSPORT & HIGHWAYS,2007-07,2000-04,,286.0,,286.0,0.0,,304.26,2004-07,,2007-09,38.0,,2.0,0,0,,,,MonthlyFR_july_2007.pdf,Sector-Wise analysis of projects,27,279
FR_200707_280,,,280,"KANPUR-FATEHPUR, KM.470- KM.483, NH-2 (U.P.)",,,ROAD TRANSPORT & HIGHWAYS,2007-07,2000-04,,495.35,,495.35,0.0,,601.05,2005-03,,2007-10,31.0,,,0,0,,,,MonthlyFR_july_2007.pdf,Sector-Wise analysis of projects,27,280
FR_200707_281,,,281,"CHITRADURGA-SIRA, KM.189-KM.122.3, NH-4 (KARNATAKA)",,,ROAD TRANSPORT & HIGHWAYS,2007-07,2000-04,,304.0,,304.0,0.0,,319.99,2004-08,,2007-10,38.0,,,0,0,,,,MonthlyFR_july_2007.pdf,Sector-Wise analysis of projects,27,281
FR_200707_282,,,282,"RADHANPUR-GAGODHAR-V, KM.138.8-KM.245.0, NH-15 (GUJARAT)",,,ROAD TRANSPORT & HIGHWAYS,2007-07,2003-12,,429.4,,410.24,-19.16,,275.3,2005-02,,2007-11,33.0,,,0,0,,,,MonthlyFR_july_2007.pdf,Sector-Wise analysis of projects,27,282
FR_200707_283,,,283,"NANDHI HILLS- DEVANHALLI, KM.556- KM.539, NH-7 (KARNATAKA)",,,ROAD TRANSPORT & HIGHWAYS,2007-07,2000-04,,172.06,,172.06,0.0,,188.4,2004-03,,2007-11,44.0,,,0,0,,,,MonthlyFR_july_2007.pdf,Sector-Wise analysis of projects,27,283
FR_200707_284,,,284,"SHIKOHABAD-ETAWAH, KM.250.5-KM.307.5, NH-2 (U.P.)",,,ROAD TRANSPORT & HIGHWAYS,2007-07,2000-04,,261.22,,261.22,0.0,,251.68,2005-03,,2007-12,33.0,,3.0,0,0,,,,MonthlyFR_july_2007.pdf,Sector-Wise analysis of projects,27,284
FR_200707_285,,,285,"BHUBANESWAR-KHURDA, KM.388-KM.418, NH-5 (ORISSA)",,,ROAD TRANSPORT & HIGHWAYS,2007-07,2000-04,,140.85,,140.85,0.0,,133.37,2004-01,,2007-12,47.0,,,0,0,,,,MonthlyFR_july_2007.pdf,Sector-Wise analysis of projects,27,285
FR_200707_286,,,286,"BRIDGES BALASORE- CHANDIKHOLE, KM.61- KM.199, NH-5 (ORISSA)",,,ROAD TRANSPORT & HIGHWAYS,2007-07,2000-04,,155.0,,155.0,0.0,,138.99,2004-05,,2007-12,43.0,,,0,0,,,,MonthlyFR_july_2007.pdf,Sector-Wise analysis of projects,27,286
FR_200707_287,,,287,"JAWAHABLAL NEHRU PORT PHASE-II, KM.14.35, NH-54 (MH)",,,ROAD TRANSPORT & HIGHWAYS,2007-07,2000-04,,143.0,,143.0,0.0,,120.3,2007-05,,2007-12,7.0,,,0,0,,,,MonthlyFR_july_2007.pdf,Sector-Wise analysis of projects,27,287
FR_200707_288,,,288,"SASARAM-DEHRI-ON-SONE, KM.110-KM.140, NH-2 (BIHAR)",,,ROAD TRANSPORT & HIGHWAYS,2007-07,2000-04,,221.87,,221.87,0.0,,209.43,2005-03,,2007-12,33.0,,5.0,0,0,,,,MonthlyFR_july_2007.pdf,Sector-Wise analysis of projects,27,288
FR_200707_289,,,289,"AGRA-SHIKOHABAD, KM.200-KM.250.50, NH-2 (U.P.)",,,ROAD TRANSPORT & HIGHWAYS,2007-07,2000-04,,367.49,,367.49,0.0,,390.13,2005-03,,2007-12,33.0,,5.0,0,0,,,,MonthlyFR_july_2007.pdf,Sector-Wise analysis of projects,27,289
FR_200707_290,,,290,"HALDIA PORT, KM.53, NH-41 (WEST BENGAL)",,,ROAD TRANSPORT & HIGHWAYS,2007-07,2000-04,,273.0,,273.0,0.0,,139.7,2005-03,,2007-12,33.0,,,0,0,,,,MonthlyFR_july_2007.pdf,Sector-Wise analysis of projects,27,290
FR_200707_291,,,291,"DELHI-GURGAON ACCESS CONTROLLED EXPRESSWAY, KM143-KM.42 NH-8",,,ROAD TRANSPORT & HIGHWAYS,2007-07,2000-04,,555.0,,710.0,155.0,,642.0,2005-07,,2007-12,29.0,,3.0,0,0,,,,MonthlyFR_july_2007.pdf,Sector-Wise analysis of projects,27,291
FR_200707_292,,,292,"LUCKNOW-BYPASS, NH-25 & NH-28 (UTTAR PRADESH)",,,ROAD TRANSPORT & HIGHWAYS,2007-07,2000-04,,182.52,,185.52,3.0,,249.0,2004-06,,2007-12,42.0,,,0,0,,,,MonthlyFR_july_2007.pdf,Sector-Wise analysis of projects,27,292
FR_200707_293,,,293,"TUTICORIN PORT, KM.47.2, NH-7A (T.N.)",,,ROAD TRANSPORT & HIGHWAYS,2007-07,2000-04,,231.2,,231.2,0.0,,71.02,2006-08,,2007-12,16.0,,,0,0,,,,MonthlyFR_july_2007.pdf,Sector-Wise analysis of projects,28,293
FR_200707_294,,,294,"PARADIP PORT, KM.77, NH- 5A (ORISSA)",,,ROAD TRANSPORT & HIGHWAYS,2007-07,2000-04,,428.0,,428.0,0.0,,301.1,2007-02,,2008-01,11.0,,1.0,0,0,,,,MonthlyFR_july_2007.pdf,Sector-Wise analysis of projects,28,294
FR_200707_295,,,295,"ETAWAH BYPASS, KM.307.5- KM.321.1, NH-2 (U.P.)",,,ROAD TRANSPORT & HIGHWAYS,2007-07,2000-04,,89.5,,132.18,42.68,,129.13,2003-10,,2008-02,52.0,,,0,0,,,,MonthlyFR_july_2007.pdf,Sector-Wise analysis of projects,28,295
FR_200707_296,,,296,"SHIVPURI BYPASS & UPTO MP/RJ BORDER, KM.53, NH-25 & 76, MP",,,ROAD TRANSPORT & HIGHWAYS,2007-07,2003-12,,360.34,,360.34,0.0,,218.1,2008-02,,2008-02,0.0,,,0,0,,,,MonthlyFR_july_2007.pdf,Sector-Wise analysis of projects,28,296
FR_200707_297,,,297,"VARANASI-MOHANIA, KM.317-KM.329, NH-2 (U.P.)",,,ROAD TRANSPORT & HIGHWAYS,2007-07,2000-04,,467.93,,467.93,0.0,,424.53,2005-03,,2008-03,36.0,,3.0,0,0,,,,MonthlyFR_july_2007.pdf,Sector-Wise analysis of projects,28,297
FR_200707_298,,,298,"RAJKOT BYPASS-GONDAL JETPUR, KM.185-KM.175, NH- 36 (GUJARAT)",,,ROAD TRANSPORT & HIGHWAYS,2007-07,2003-12,,265.0,,388.09,123.09,,32.0,2008-03,,2008-03,0.0,,,0,0,,,,MonthlyFR_july_2007.pdf,Sector-Wise analysis of projects,28,298
FR_200707_299,,,299,"GORHAR-BARWA ADDA, KM.320-KM.398.75, NH-2 (JHARKHAND)",,,ROAD TRANSPORT & HIGHWAYS,2007-07,2000-04,,399.75,,399.75,0.0,,307.61,2005-03,,2008-03,36.0,,4.0,0,0,,,,MonthlyFR_july_2007.pdf,Sector-Wise analysis of projects,28,299
FR_200707_300,,,300,"RAJASTHAN/MP BORDER- KOTA, KM.579-KM.509, NH-76 (RAJASTHAN)",,,ROAD TRANSPORT & HIGHWAYS,2007-07,2003-12,,311.35,,349.59,38.24,,143.4,2008-03,,2008-03,0.0,,,0,0,,,,MonthlyFR_july_2007.pdf,Sector-Wise analysis of projects,28,300
FR_200707_301,,,301,"IMPROVEMENT OF ACCESS OF GQ WITHIN CHENNAI CITY, KM.4, NH-4,",,,ROAD TRANSPORT & HIGHWAYS,2007-07,2005-01,,210.0,,210.0,0.0,,342.3,2007-04,,2008-03,11.0,,,0,0,,,,MonthlyFR_july_2007.pdf,Sector-Wise analysis of projects,28,301
FR_200707_302,,,302,"PURNEA-GOYAKOTA, KM.419-KM.447, NH-31 (BIHAR)",,,ROAD TRANSPORT & HIGHWAYS,2007-07,2000-04,,205.73,,205.73,0.0,,151.3,2004-07,,2008-03,44.0,,3.0,0,0,,,,MonthlyFR_july_2007.pdf,Sector-Wise analysis of projects,28,302
FR_200707_303,,,303,"ALLAHABAD BYPASS CONTRACT-II, KM.158- KM.198, NH-2 (U.P.)",,,ROAD TRANSPORT & HIGHWAYS,2007-07,2000-04,,440.93,,440.93,0.0,,389.32,2006-12,,2008-03,15.0,,3.0,0,0,,,,MonthlyFR_july_2007.pdf,Sector-Wise analysis of projects,28,303
FR_200707_304,,,304,"BAKARIA-GOGUNDA, KM.73- KM.29, NH-76 (RAJASTHAN)",,,ROAD TRANSPORT & HIGHWAYS,2007-07,2003-12,,457.0,,530.9,73.9,,224.1,2008-04,,2008-05,1.0,,,0,0,,,,MonthlyFR_july_2007.pdf,Sector-Wise analysis of projects,28,304
FR_200707_305,,,305,"FATEHPUR-KHAGA, KM.38- KM.115, NH-2 (U.P.)",,,ROAD TRANSPORT & HIGHWAYS,2007-07,2000-04,,372.4,,372.4,0.0,,293.16,2004-07,,2008-06,47.0,,3.0,0,0,,,,MonthlyFR_july_2007.pdf,Sector-Wise analysis of projects,28,305
FR_200707_306,,,306,"JAM-WADNER, KM.64-KM.94, NH-7 (MAHARASHTRA)",,,ROAD TRANSPORT & HIGHWAYS,2007-07,2003-12,,145.0,,145.0,0.0,,25.09,2005-07,,2008-06,35.0,,2.0,0,0,,,,MonthlyFR_july_2007.pdf,Sector-Wise analysis of projects,28,306
FR_200707_307,,,307,"BORKHEDI-JAM, KM.36.6- KM.64.0, NH-7 (MAHARASHTRA)",,,ROAD TRANSPORT & HIGHWAYS,2007-07,2003-12,,110.0,,110.0,0.0,,31.46,2005-06,,2008-06,36.0,,6.0,0,0,,,,MonthlyFR_july_2007.pdf,Sector-Wise analysis of projects,28,307
FR_200707_308,,,308,"JETPUR-BHILADI, KM.117- KM.52.50, NH-8B (GUJARAT)",,,ROAD TRANSPORT & HIGHWAYS,2007-07,2003-12,,399.89,,508.5,108.61,,164.9,2007-11,,2008-06,7.0,,,0,0,,,,MonthlyFR_july_2007.pdf,Sector-Wise analysis of projects,28,308
FR_200707_309,,,309,"GARAMORE-BAMANBORE, KM.254-KM.182.60, NH-8A (GUJARAT)",,,ROAD TRANSPORT & HIGHWAYS,2007-07,2003-12,,360.7,,380.7,20.0,,209.5,2007-11,,2008-06,7.0,,,0,0,,,,MonthlyFR_july_2007.pdf,Sector-Wise analysis of projects,28,309
FR_200707_310,,,310,"KUNJWANI-VIJAYPUR, KM.80-KM.97, NH-1A (JAMMU & KASHMIR)",,,ROAD TRANSPORT & HIGHWAYS,2007-07,2000-04,,110.0,,110.0,0.0,,104.9,2004-12,,2008-06,42.0,,6.0,0,0,,,,MonthlyFR_july_2007.pdf,Sector-Wise analysis of projects,28,310
FR_200707_311,,,311,"JHANSI-SIVPURI, KM.50- KM.15, NH-25 (M.P.)",,,ROAD TRANSPORT & HIGHWAYS,2007-07,2003-12,,213.69,,213.69,0.0,,81.03,2008-02,,2008-06,4.0,,4.0,0,0,,,,MonthlyFR_july_2007.pdf,Sector-Wise analysis of projects,29,311
FR_200707_312,,,312,"GAGODHAR-GARAMORE, KM.245-KM.281.3 & KM.308- KM.254, NH-8A",,,ROAD TRANSPORT & HIGHWAYS,2007-07,2003-12,,412.78,,479.54,66.76,,239.8,2007-11,,2008-06,7.0,,,0,0,,,,MonthlyFR_july_2007.pdf,Sector-Wise analysis of projects,29,312
FR_200707_313,,,313,"JHANSI-SHIVPURI, KM.91- KM.50, NH-25 (MADHYA PRADESH)",,,ROAD TRANSPORT & HIGHWAYS,2007-07,2003-12,,220.31,,220.31,0.0,,67.84,2008-05,,2008-06,1.0,,2.0,0,0,,,,MonthlyFR_july_2007.pdf,Sector-Wise analysis of projects,29,313
FR_200707_314,,,314,"NEW MANGLORE PORT, KM.37, NH-17 & 48 (KARNATAKA)",,,ROAD TRANSPORT & HIGHWAYS,2007-07,2000-04,,196.5,,196.5,0.0,,27.35,2008-06,,2008-06,0.0,,,0,0,,,,MonthlyFR_july_2007.pdf,Sector-Wise analysis of projects,29,314
FR_200707_315,,,315,"KOTA-CHITTORGARH, KM.316-KM.253, NH-76 (RAJASTHAN)",,,ROAD TRANSPORT & HIGHWAYS,2007-07,2003-12,,440.5,,503.66,63.16,,163.8,2008-04,,2008-06,2.0,,2.0,0,0,,,,MonthlyFR_july_2007.pdf,Sector-Wise analysis of projects,29,315
FR_200707_316,,,316,"GARHMUKTESHWAR- MURADABAD, KM.93-149.25, NH-24 (U.P.)",,,ROAD TRANSPORT & HIGHWAYS,2007-07,2000-04,,275.0,,275.0,0.0,,149.5,2007-09,,2008-06,9.0,,9.0,0,0,,,,MonthlyFR_july_2007.pdf,Sector-Wise analysis of projects,29,316
FR_200707_317,,,317,"SWAROOPGANJ-BAKARIA, KM.29-KM.0 & KM.264- KM.249.7, NH-76&14",,,ROAD TRANSPORT & HIGHWAYS,2007-07,2003-12,,220.0,,243.11,23.11,,96.03,2008-04,,2008-06,2.0,,,0,0,,,,MonthlyFR_july_2007.pdf,Sector-Wise analysis of projects,29,317
FR_200707_318,,,318,"CHITTORGARH BYPASS, KM.253-KM.213, NH-76 (RAJASTHAN)",,,ROAD TRANSPORT & HIGHWAYS,2007-07,2003-12,,384.25,,447.9,63.65,,156.8,2008-04,,2008-06,2.0,,2.0,0,0,,,,MonthlyFR_july_2007.pdf,Sector-Wise analysis of projects,29,318
FR_200707_319,,,319,"CHITTORGARH BYPASS(RJ-6) NH-76 KM.159- 213, NH-79,76",,,ROAD TRANSPORT & HIGHWAYS,2007-07,2005-03,,133.03,,133.03,0.0,,130.2,2005-08,,2008-06,34.0,,,0,0,,,,MonthlyFR_july_2007.pdf,Sector-Wise analysis of projects,29,319
FR_200707_320,,,320,"ALLAHABAD BYPASS CONTRACT-III, KM.198- KM.242.71, NH-2 (U.P.)",,,ROAD TRANSPORT & HIGHWAYS,2007-07,2000-04,,534.39,,534.39,0.0,,368.95,2007-05,,2008-06,13.0,,6.0,0,0,,,,MonthlyFR_july_2007.pdf,Sector-Wise analysis of projects,29,320
FR_200707_321,,,321,"MADURAI-KANYAKUMARI, KM.120-KM.160, NH-7 (TAMIL NADU)",,,ROAD TRANSPORT & HIGHWAYS,2007-07,2003-12,,507.49,,507.49,0.0,,124.6,2008-03,,2008-06,3.0,,3.0,0,0,,,,MonthlyFR_july_2007.pdf,Sector-Wise analysis of projects,29,321
FR_200707_322,,,322,"SIX LANING OF BANGLORE- HOSUR, KM.18.75-KM.33.51, NH-7 (KAR.)",,,ROAD TRANSPORT & HIGHWAYS,2007-07,2005-03,,110.0,,110.0,0.0,,,2008-07,,2008-07,0.0,,,0,0,,,,MonthlyFR_july_2007.pdf,Sector-Wise analysis of projects,29,322
FR_200707_323,,,323,"CHENNAI BYPASS, KM.32, NH-4, 5, & 45 (TAMIL NADU)",,,ROAD TRANSPORT & HIGHWAYS,2007-07,2003-12,,480.0,,480.0,0.0,,402.2,2007-11,,2008-07,8.0,,6.0,0,0,,,,MonthlyFR_july_2007.pdf,Sector-Wise analysis of projects,29,323
FR_200707_324,,,324,"GOGUNDA-UDAIPUR, KM.104-KM.73, NH-76 (RAJASTHAN)",,,ROAD TRANSPORT & HIGHWAYS,2007-07,2003-12,,266.0,,288.06,22.06,,153.9,2007-08,,2008-07,11.0,,,0,0,,,,MonthlyFR_july_2007.pdf,Sector-Wise analysis of projects,29,324
FR_200707_325,,,325,"PURNEA-FORBESGANJ, KM.268-KM.230, NH-57 (BIHAR)",,,ROAD TRANSPORT & HIGHWAYS,2007-07,2003-12,,310.0,,310.0,0.0,,112.3,2008-04,,2008-08,4.0,,4.0,0,0,,,,MonthlyFR_july_2007.pdf,Sector-Wise analysis of projects,29,325
FR_200707_326,,,326,"TOVARAMKURCHI- MADURAI, KM.60.95- KM.124.84 (T.N.)",,,ROAD TRANSPORT & HIGHWAYS,2007-07,2003-12,,263.0,,263.0,0.0,,80.78,2008-08,,2008-08,0.0,,,0,0,,,,MonthlyFR_july_2007.pdf,Sector-Wise analysis of projects,29,326
FR_200707_327,,,327,"PURNEA-FORBESGANJ, KM.309-KM.268, NH-57 (BIHAR)",,,ROAD TRANSPORT & HIGHWAYS,2007-07,2003-12,,276.0,,276.0,0.0,,123.5,2008-04,,2008-08,4.0,,4.0,0,0,,,,MonthlyFR_july_2007.pdf,Sector-Wise analysis of projects,29,327
FR_200707_328,,,328,"TIRUNELVEI-PANAGUDI, KM.160-KM.203, NH-7 (TAMIL NADU)",,,ROAD TRANSPORT & HIGHWAYS,2007-07,2003-12,,423.54,,423.54,0.0,,56.33,2008-03,,2008-09,6.0,,6.0,0,0,,,,MonthlyFR_july_2007.pdf,Sector-Wise analysis of projects,29,328
FR_200707_329,,,329,"GANGA BRIDGE-RAMDEVI CROSSING, KM.75-KM.80.06, NH-25 (U.P.)",,,ROAD TRANSPORT & HIGHWAYS,2007-07,2003-12,,155.0,,201.66,46.66,,21.54,2008-09,,2008-09,0.0,,,0,0,,,,MonthlyFR_july_2007.pdf,Sector-Wise analysis of projects,30,329
FR_200707_330,,,330,"MEHSI-KOTWA, KM.480- KM.440, NH-28 (BIHAR)",,,ROAD TRANSPORT & HIGHWAYS,2007-07,2003-12,,239.0,,239.0,0.0,,53.88,2005-07,,2008-09,38.0,,,0,0,,,,MonthlyFR_july_2007.pdf,Sector-Wise analysis of projects,30,330
FR_200707_331,,,331,"PANIPAT ELEVATED HIGHWAY, KM.96-KM.86 (HARYANA)",,,ROAD TRANSPORT & HIGHWAYS,2007-07,2003-12,,270.0,,270.0,0.0,,216.9,2009-01,,2008-09,-4.0,,,0,0,,,,MonthlyFR_july_2007.pdf,Sector-Wise analysis of projects,30,331
FR_200707_332,,,332,"AYODHYA-LUCKNOW, KM.45-KM.8.250, NH-28 (UTTAR PRADESH)",,,ROAD TRANSPORT & HIGHWAYS,2007-07,2003-12,,193.0,,193.0,0.0,,84.81,2008-10,,2008-10,0.0,,,0,0,,,,MonthlyFR_july_2007.pdf,Sector-Wise analysis of projects,30,332
FR_200707_333,,,333,"AYODHYA-LUCKNOW, KM.93.075-KM.45, NH-28 (UTTAR PRADESH)",,,ROAD TRANSPORT & HIGHWAYS,2007-07,2003-12,,217.0,,217.0,0.0,,101.9,2008-10,,2008-10,0.0,,,0,0,,,,MonthlyFR_july_2007.pdf,Sector-Wise analysis of projects,30,333
FR_200707_334,,,334,"PANIPAT-PANCHI GUJARAN, KM.86-KM.66, (HARYANA)",,,ROAD TRANSPORT & HIGHWAYS,2007-07,2003-12,,109.0,,109.0,0.0,,10.11,2008-10,,2008-10,0.0,,,0,0,,,,MonthlyFR_july_2007.pdf,Sector-Wise analysis of projects,30,334
FR_200707_335,,,335,"LALITPUR-SAGAR (2), KM.132-KM.187, NH-26 (M.P.)",,,ROAD TRANSPORT & HIGHWAYS,2007-07,2003-12,,225.0,,225.0,0.0,,41.64,2008-10,,2008-10,0.0,,,0,0,,,,MonthlyFR_july_2007.pdf,Sector-Wise analysis of projects,30,335
FR_200707_336,,,336,"SAGAR-RAJMARG CHORAHA, KM.255-KM.297, NH-26 (M.P.)",,,ROAD TRANSPORT & HIGHWAYS,2007-07,2003-12,,206.96,,206.96,0.0,,38.66,2008-10,,2008-10,0.0,,,0,0,,,,MonthlyFR_july_2007.pdf,Sector-Wise analysis of projects,30,336
FR_200707_337,,,337,"SAGAR-RAJMARG CHORAHA, KM.211-KM.255, NH-26 (M.P.)",,,ROAD TRANSPORT & HIGHWAYS,2007-07,2003-12,,203.43,,203.43,0.0,,29.7,2008-10,,2008-10,0.0,,,0,0,,,,MonthlyFR_july_2007.pdf,Sector-Wise analysis of projects,30,337
FR_200707_338,,,338,"RAJMARG CHORAHA- LAKHNANDON, KM.351- KM.405.7, NH-26",,,ROAD TRANSPORT & HIGHWAYS,2007-07,2003-12,,229.91,,229.91,0.0,,10.21,2008-10,,2008-10,0.0,,,0,0,,,,MonthlyFR_july_2007.pdf,Sector-Wise analysis of projects,30,338
FR_200707_339,,,339,"MADURAI -KANYAKUMARI, KM.80-KM.120, NH-7 (TAMIL NADU)",,,ROAD TRANSPORT & HIGHWAYS,2007-07,2003-12,,323.36,,323.36,0.0,,36.21,2008-03,,2008-10,7.0,,7.0,0,0,,,,MonthlyFR_july_2007.pdf,Sector-Wise analysis of projects,30,339
FR_200707_340,,,340,"RAJMARG CHORAHA- LAKHNANDON, KM.297- KM.351, NH-26 (M.P.)",,,ROAD TRANSPORT & HIGHWAYS,2007-07,2003-12,,251.03,,251.03,0.0,,11.0,2008-10,,2008-10,0.0,,,0,0,,,,MonthlyFR_july_2007.pdf,Sector-Wise analysis of projects,30,340
FR_200707_341,,,341,"SILIGURI-ISLAMPUR, KM.551-KM.526, NH-31 (WEST BENGAL)",,,ROAD TRANSPORT & HIGHWAYS,2007-07,2003-12,,155.0,,155.0,0.0,,74.1,2008-10,,2008-10,0.0,,,0,0,,,,MonthlyFR_july_2007.pdf,Sector-Wise analysis of projects,30,341
FR_200707_342,,,342,"MADURAI-KANYAKUMARI, KM.42-KM.80, NH-7 (TAMIL NADU)",,,ROAD TRANSPORT & HIGHWAYS,2007-07,2003-12,,474.21,,474.21,0.0,,55.61,2008-03,,2008-10,7.0,,7.0,0,0,,,,MonthlyFR_july_2007.pdf,Sector-Wise analysis of projects,30,342
FR_200707_343,,,343,"GORAKHPUR-AYODHYA, KM.251.70-KM.208.00, NH-28 (U.P.)",,,ROAD TRANSPORT & HIGHWAYS,2007-07,2003-12,,239.0,,239.0,0.0,,80.11,2008-10,,2008-10,0.0,,,0,0,,,,MonthlyFR_july_2007.pdf,Sector-Wise analysis of projects,30,343
FR_200707_344,,,344,"SAGAR BY PASS, KM.187- KM.211, NH-26 (M.P.)",,,ROAD TRANSPORT & HIGHWAYS,2007-07,2003-12,,151.3,,151.3,0.0,,26.86,2008-10,,2008-10,0.0,,,0,0,,,,MonthlyFR_july_2007.pdf,Sector-Wise analysis of projects,30,344
FR_200707_345,,,345,"GORAKHPUR-AYODHYA, KM.208-KM.164, NH-28 (UTTAR PRADESH)",,,ROAD TRANSPORT & HIGHWAYS,2007-07,2003-12,,227.0,,227.0,0.0,,63.37,2008-10,,2008-10,0.0,,,0,0,,,,MonthlyFR_july_2007.pdf,Sector-Wise analysis of projects,30,345
FR_200707_346,,,346,"MADURAI-TIRUNELVELI, KM.0-KM.42, NH-7 (TAMIL NADU)",,,ROAD TRANSPORT & HIGHWAYS,2007-07,2003-12,,567.38,,567.38,0.0,,76.15,2008-03,,2008-10,7.0,,7.0,0,0,,,,MonthlyFR_july_2007.pdf,Sector-Wise analysis of projects,30,346
FR_200707_347,,,347,"CHITRADURGA BY PASS, KM.207-KM.189 (NH-4)",,,ROAD TRANSPORT & HIGHWAYS,2007-07,2000-04,,104.0,,104.0,0.0,,82.98,2004-08,,2008-10,50.0,,1.0,0,0,,,,MonthlyFR_july_2007.pdf,Sector-Wise analysis of projects,31,347
FR_200707_348,,,348,"AMBALA-ZIRAKPUR, KM.5/735-KM.39/961, NH-21 & 22, (HARYANA)",,,ROAD TRANSPORT & HIGHWAYS,2007-07,2005-03,,298.0,,298.0,0.0,,199.0,2008-11,,2008-11,0.0,,,0,0,,,,MonthlyFR_july_2007.pdf,Sector-Wise analysis of projects,31,348
FR_200707_349,,,349,"MAILBANG-LUNDING, KM.60.50-KM.83.40, NH-54 (ASSAM)",,,ROAD TRANSPORT & HIGHWAYS,2007-07,2003-12,,167.64,,167.64,0.0,,13.13,2008-11,,2008-11,0.0,,,0,0,,,,MonthlyFR_july_2007.pdf,Sector-Wise analysis of projects,31,349
FR_200707_350,,,350,"MAILBANG-LUNDING, KM.111.00-KM.126.45, NH-54 (ASSAM)",,,ROAD TRANSPORT & HIGHWAYS,2007-07,2003-12,,155.04,,155.04,0.0,,12.76,2008-11,,2008-11,0.0,,,0,0,,,,MonthlyFR_july_2007.pdf,Sector-Wise analysis of projects,31,350
FR_200707_351,,,351,"GORAKHPUR-AYODHYA, KM.164-KM.135, NH-28 (U.P.)",,,ROAD TRANSPORT & HIGHWAYS,2007-07,2003-12,,205.0,,205.0,0.0,,121.2,2008-10,,2008-11,1.0,,,0,0,,,,MonthlyFR_july_2007.pdf,Sector-Wise analysis of projects,31,351
FR_200707_352,,,352,"AYODHYA-LUCKNOW, KM.135.000-KM.93.075, NH-28 (U.P.)",,,ROAD TRANSPORT & HIGHWAYS,2007-07,2003-12,,212.0,,212.0,0.0,,83.19,2008-10,,2008-11,1.0,,,0,0,,,,MonthlyFR_july_2007.pdf,Sector-Wise analysis of projects,31,352
FR_200707_353,,,353,"ASSAM/WEST BENGAL BORDER-GAIRKATTA, KM.255-KM.223, NH-31",,,ROAD TRANSPORT & HIGHWAYS,2007-07,2003-12,,221.82,,221.82,0.0,,26.95,2008-11,,2008-11,0.0,,,0,0,,,,MonthlyFR_july_2007.pdf,Sector-Wise analysis of projects,31,353
FR_200707_354,,,354,"LALITPUR-SAGAR (1), KM.94- KM.132, NH-26 (M.P.)",,,ROAD TRANSPORT & HIGHWAYS,2007-07,2003-12,,198.0,,198.0,0.0,,10.98,2008-11,,2008-11,0.0,,,0,0,,,,MonthlyFR_july_2007.pdf,Sector-Wise analysis of projects,31,354
FR_200707_355,,,355,"GANJAM-ICCHAPURAM, KM.233-KM.284, NH-5 (ORISSA)",,,ROAD TRANSPORT & HIGHWAYS,2007-07,2000-04,,263.27,,263.27,0.0,,124.89,2004-02,,2008-11,57.0,,,0,0,,,,MonthlyFR_july_2007.pdf,Sector-Wise analysis of projects,31,355
FR_200707_356,,,356,"KELAPUR-PIMPALKATTI, KM.153-KM.175, NH-7 (MAHARASHTRA)",,,ROAD TRANSPORT & HIGHWAYS,2007-07,2003-12,,117.4,,117.4,0.0,,11.77,2008-11,,2008-11,0.0,,,0,0,,,,MonthlyFR_july_2007.pdf,Sector-Wise analysis of projects,31,356
FR_200707_357,,,357,"SALEM-KARUR, KM.258.645- KM.292.60, NH-7 (TAMIL NADU)",,,ROAD TRANSPORT & HIGHWAYS,2007-07,2003-12,,205.6,,205.6,0.0,,59.48,2008-08,,2008-11,3.0,,,0,0,,,,MonthlyFR_july_2007.pdf,Sector-Wise analysis of projects,31,357
FR_200707_358,,,358,"DHARAMTUL-SONAPUR, KM.205-KM.183, NH-31 (ASSAM)",,,ROAD TRANSPORT & HIGHWAYS,2007-07,2003-12,,160.0,,160.0,0.0,,17.0,2008-05,,2008-12,7.0,,7.0,0,0,,,,MonthlyFR_july_2007.pdf,Sector-Wise analysis of projects,31,358
FR_200707_359,,,359,"DEVDHARI-KELAPUR, KM.123-KM.153, NH-7 (MAHARASHTRA)",,,ROAD TRANSPORT & HIGHWAYS,2007-07,2003-12,,144.0,,144.0,0.0,,31.33,2005-07,,2008-12,41.0,,,0,0,,,,MonthlyFR_july_2007.pdf,Sector-Wise analysis of projects,31,359
FR_200707_360,,,360,"RINGBUNDS-JHANJHARPUR, KM.155-KM.110, NH-57 (BIHAR)",,,ROAD TRANSPORT & HIGHWAYS,2007-07,2003-12,,340.0,,340.0,0.0,,38.6,2008-06,,2008-12,6.0,,6.0,0,0,,,,MonthlyFR_july_2007.pdf,Sector-Wise analysis of projects,31,360
FR_200707_361,,,361,"PATHANKOT-BHOGPUR, KM.26-KM.70, NH-1A (PUNJAB)",,,ROAD TRANSPORT & HIGHWAYS,2007-07,2003-12,,284.0,,284.0,0.0,,96.91,2008-05,,2008-12,7.0,,7.0,0,0,,,,MonthlyFR_july_2007.pdf,Sector-Wise analysis of projects,31,361
FR_200707_362,,,362,"JHAJHARPUR-DARBANGA, KM.110-KM.70, NH-57 (BIHAR)",,,ROAD TRANSPORT & HIGHWAYS,2007-07,2003-12,,340.0,,340.0,0.0,,19.67,2008-09,,2008-12,3.0,,3.0,0,0,,,,MonthlyFR_july_2007.pdf,Sector-Wise analysis of projects,31,362
FR_200707_363,,,363,"SIMRAHI-RINGBUND, KM.190-KM.165, NH-57 (BIHAR)",,,ROAD TRANSPORT & HIGHWAYS,2007-07,2003-12,,100.5,,100.5,0.0,,37.37,2008-04,,2008-12,8.0,,8.0,0,0,,,,MonthlyFR_july_2007.pdf,Sector-Wise analysis of projects,31,363
FR_200707_364,,,364,"NALBARI-BIJNI, KM.1013- KM.983, NH-31 (ASSAM)",,,ROAD TRANSPORT & HIGHWAYS,2007-07,2003-12,,200.0,,200.0,0.0,,23.68,2008-06,,2008-12,6.0,,6.0,0,0,,,,MonthlyFR_july_2007.pdf,Sector-Wise analysis of projects,31,364
FR_200707_365,,,365,"SILIGURI-ISLAMPUR, KM.526-KM.500, NH-31(WEST BENGAL)",,,ROAD TRANSPORT & HIGHWAYS,2007-07,2003-12,,225.0,,225.0,0.0,,30.56,2008-07,,2008-12,5.0,,5.0,0,0,,,,MonthlyFR_july_2007.pdf,Sector-Wise analysis of projects,32,365
FR_200707_366,,,366,"SALEM-KERALA BORDER, KM.203.96-KM.53, NH-47 (TAMIL NADU)",,,ROAD TRANSPORT & HIGHWAYS,2007-07,2003-12,,469.8,,469.8,0.0,,27.16,2008-12,,2008-12,0.0,,,0,0,,,,MonthlyFR_july_2007.pdf,Sector-Wise analysis of projects,32,366
FR_200707_367,,,367,"SALEM-KERALA BORDER, KM.53-KM.100, NH-97 (TAMIL NADU)",,,ROAD TRANSPORT & HIGHWAYS,2007-07,2003-12,,379.8,,379.8,0.0,,28.03,2008-12,,2008-12,0.0,,,0,0,,,,MonthlyFR_july_2007.pdf,Sector-Wise analysis of projects,32,367
FR_200707_368,,,368,"NALBARI-BIJNI, KM.1065- KM.1040.3, NH-31 (ASSAM)",,,ROAD TRANSPORT & HIGHWAYS,2007-07,2003-12,,225.0,,225.0,0.0,,28.42,2008-06,,2008-12,6.0,,6.0,0,0,,,,MonthlyFR_july_2007.pdf,Sector-Wise analysis of projects,32,368
FR_200707_369,,,369,"GUWAHATI-NALBARI, KM.1093-KM.1065, NH-31 (ASSAM)",,,ROAD TRANSPORT & HIGHWAYS,2007-07,2003-12,,198.16,,198.16,0.0,,18.03,2008-04,,2008-12,8.0,,8.0,0,0,,,,MonthlyFR_july_2007.pdf,Sector-Wise analysis of projects,32,369
FR_200707_370,,,370,"LANKA-DABOKA, KM.22- KM.24, NH-54 (ASSAM)",,,ROAD TRANSPORT & HIGHWAYS,2007-07,2003-12,,225.0,,225.0,0.0,,20.24,2008-06,,2008-12,6.0,,6.0,0,0,,,,MonthlyFR_july_2007.pdf,Sector-Wise analysis of projects,32,370
FR_200707_371,,,371,"DAKOBA-NAGAON, KM.36- KM.5.5, NH-36 (ASSAM)",,,ROAD TRANSPORT & HIGHWAYS,2007-07,2003-12,,225.0,,225.0,0.0,,21.47,2008-06,,2008-12,6.0,,6.0,0,0,,,,MonthlyFR_july_2007.pdf,Sector-Wise analysis of projects,32,371
FR_200707_372,,,372,"SILCHAR-UDARBAND, KM.309-KM.275, NH-54 (ASSAM)",,,ROAD TRANSPORT & HIGHWAYS,2007-07,2003-12,,157.47,,154.57,-2.9,,45.22,2007-09,,2008-12,15.0,,8.0,0,0,,,,MonthlyFR_july_2007.pdf,Sector-Wise analysis of projects,32,372
FR_200707_373,,,373,"NAGAON BYPASS, KM.5.5- KM.262.7, NH-36 (ASSAM)",,,ROAD TRANSPORT & HIGHWAYS,2007-07,2003-12,,230.0,,230.0,0.0,,63.08,2008-06,,2008-12,6.0,,6.0,0,0,,,,MonthlyFR_july_2007.pdf,Sector-Wise analysis of projects,32,373
FR_200707_374,,,374,"KARUR-MADURAI, KM.373.275-KM.426.60, NH-7 (TAMIL NADU)",,,ROAD TRANSPORT & HIGHWAYS,2007-07,2003-12,,283.5,,283.5,0.0,,67.44,2008-12,,2008-12,0.0,,,0,0,,,,MonthlyFR_july_2007.pdf,Sector-Wise analysis of projects,32,374
FR_200707_375,,,375,"BALASORE-BHADRAK, KM.136.5-KM.199.14, NH-5 (ORISSA)",,,ROAD TRANSPORT & HIGHWAYS,2007-07,2000-04,,227.25,,227.25,0.0,,191.78,2004-02,,2008-12,58.0,,12.0,0,0,,,,MonthlyFR_july_2007.pdf,Sector-Wise analysis of projects,32,375
FR_200707_376,,,376,"SUNAKHALA-GANJAM, KM.338-KM.284, NH-5 (ORISSA)",,,ROAD TRANSPORT & HIGHWAYS,2007-07,2000-04,,225.0,,225.0,0.0,,144.64,2004-04,,2008-12,56.0,,12.0,0,0,,,,MonthlyFR_july_2007.pdf,Sector-Wise analysis of projects,32,376
FR_200707_377,,,377,"DEESA-RADHANPUR, KM.372.6-KM.458.0, NH-14 (GUJARAT)",,,ROAD TRANSPORT & HIGHWAYS,2007-07,2003-12,,399.89,,479.74,79.85,,294.9,2005-02,,2008-12,46.0,,13.0,0,0,,,,MonthlyFR_july_2007.pdf,Sector-Wise analysis of projects,32,377
FR_200707_378,,,378,"JHANSI BYPASS, KM.104- KM.91, NH-25 (UTTAR PRADESH)",,,ROAD TRANSPORT & HIGHWAYS,2007-07,2003-12,,158.06,,158.06,0.0,,38.47,2005-08,,2008-12,40.0,,7.0,0,0,,,,MonthlyFR_july_2007.pdf,Sector-Wise analysis of projects,32,378
FR_200707_379,,,379,"RJ/MP BORDER-KOTA, KM.449.15-KM.406 NH-76 (RAJASTHAN)",,,ROAD TRANSPORT & HIGHWAYS,2007-07,2003-12,,297.72,,359.43,61.71,,82.69,2008-04,,2008-12,8.0,,8.0,0,0,,,,MonthlyFR_july_2007.pdf,Sector-Wise analysis of projects,32,379
FR_200707_380,,,380,"KOTA-CHITTORGARH, KM.381-KM.316, NH-76 (RAJASTHAN)",,,ROAD TRANSPORT & HIGHWAYS,2007-07,2003-12,,446.4,,528.44,82.04,,131.7,2008-04,,2008-12,8.0,,8.0,0,0,,,,MonthlyFR_july_2007.pdf,Sector-Wise analysis of projects,32,380
FR_200707_381,,,381,"VIJAYAPUR-PATHANKOT KM.16.35-KM.50.00, NH-1A (J&K)",,,ROAD TRANSPORT & HIGHWAYS,2007-07,2003-12,,193.09,,193.09,0.0,,48.3,2008-03,,2008-12,9.0,,6.0,0,0,,,,MonthlyFR_july_2007.pdf,Sector-Wise analysis of projects,32,381
FR_200707_382,,,382,"VIJAYAPUR-PATHANKOT, KM.50-KM.80, NH1A (JAMMU & KASHMIR)",,,ROAD TRANSPORT & HIGHWAYS,2007-07,2003-12,,166.27,,166.27,0.0,,34.92,2008-03,,2008-12,9.0,,6.0,0,0,,,,MonthlyFR_july_2007.pdf,Sector-Wise analysis of projects,32,382
FR_200707_383,,,383,"BIJNI-ASSAM /WEST BENGAL.BORDER, KM.93- KM.60, NH-31C",,,ROAD TRANSPORT & HIGHWAYS,2007-07,2003-12,,237.8,,237.8,0.0,,31.12,2008-06,,2008-12,6.0,,6.0,0,0,,,,MonthlyFR_july_2007.pdf,Sector-Wise analysis of projects,33,383
FR_200707_384,,,384,"BIJNI-ASSAM/WB BORDER, KM.30.0-KM.0.0, NH-31C (ASSAM)",,,ROAD TRANSPORT & HIGHWAYS,2007-07,2003-12,,230.0,,230.0,0.0,,33.79,2005-06,,2008-12,42.0,,,0,0,,,,MonthlyFR_july_2007.pdf,Sector-Wise analysis of projects,33,384
FR_200707_385,,,385,"FORBESGANJ-SIMRAHI, KM.230-KM.190, NH-57 (BIHAR)",,,ROAD TRANSPORT & HIGHWAYS,2007-07,2003-12,,332.94,,332.94,0.0,,68.19,2008-09,,2008-12,3.0,,3.0,0,0,,,,MonthlyFR_july_2007.pdf,Sector-Wise analysis of projects,33,385
FR_200707_386,,,386,"DARBHANGA- MUZAFFARPUR, KM.70- KM.30, NH-57, (BIHAR)",,,ROAD TRANSPORT & HIGHWAYS,2007-07,2003-12,,305.0,,305.0,0.0,,18.69,2008-06,,2008-12,6.0,,6.0,0,0,,,,MonthlyFR_july_2007.pdf,Sector-Wise analysis of projects,33,386
FR_200707_387,,,387,"KASIA-GORAKHPUR, KM.319.8-KM.279.8, NH-28 (UTTAR PRADESH)",,,ROAD TRANSPORT & HIGHWAYS,2007-07,2003-12,,242.0,,242.0,0.0,,128.6,2008-12,,2008-12,0.0,,,0,0,,,,MonthlyFR_july_2007.pdf,Sector-Wise analysis of projects,33,387
FR_200707_388,,,388,"TINDIVANAM-UIUNDURPET, KM.121-KM.192.25, NH-45 (T.N.)",,,ROAD TRANSPORT & HIGHWAYS,2007-07,2003-12,,480.0,,480.0,0.0,,193.9,2009-03,,2008-12,-3.0,,,0,0,,,,MonthlyFR_july_2007.pdf,Sector-Wise analysis of projects,33,388
FR_200707_389,,,389,"KRISHNAGIRI- THOPURGHAT, KM.94- KM.156, NH-7 (TAMIL NADU)",,,ROAD TRANSPORT & HIGHWAYS,2007-07,2003-12,,372.7,,372.7,0.0,,82.7,2008-12,,2008-12,0.0,,,0,0,,,,MonthlyFR_july_2007.pdf,Sector-Wise analysis of projects,33,389
FR_200707_390,,,390,"DARBHANGA- MUZAFFARPUR, KM 30-KM 0, NH-57 (BIHAR)",,,ROAD TRANSPORT & HIGHWAYS,2007-07,2003-12,,291.8,,291.8,0.0,,90.87,2008-06,,2008-12,6.0,,6.0,0,0,,,,MonthlyFR_july_2007.pdf,Sector-Wise analysis of projects,33,390
FR_200707_391,,,391,"NALBARI-BIJNI, KM.983- KM.961.5, NH-31 (ASSAM)",,,ROAD TRANSPORT & HIGHWAYS,2007-07,2003-12,,142.0,,142.0,0.0,,16.2,2008-06,,2008-12,6.0,,6.0,0,0,,,,MonthlyFR_july_2007.pdf,Sector-Wise analysis of projects,33,391
FR_200707_392,,,392,"NAGPUR-KONDHALI, KM.9.2- KM.50, NH-6 (MAHARASHTRA)",,,ROAD TRANSPORT & HIGHWAYS,2007-07,2005-03,,168.0,,168.0,0.0,,23.0,2008-12,,2008-12,0.0,,,0,0,,,,MonthlyFR_july_2007.pdf,Sector-Wise analysis of projects,33,392
FR_200707_393,,,393,"PADALUR-TRICHY, KM.285- KM.325, NH-45 (T.N.I)",,,ROAD TRANSPORT & HIGHWAYS,2007-07,2003-12,,320.0,,320.0,0.0,,53.78,2009-05,,2008-12,-5.0,,,0,0,,,,MonthlyFR_july_2007.pdf,Sector-Wise analysis of projects,33,393
FR_200707_394,,,394,"UIUNDURPET-PADALUR, KM.192.25-KM.285, NH-45 (T.N.)",,,ROAD TRANSPORT & HIGHWAYS,2007-07,2003-12,,460.0,,460.0,0.0,,160.6,2009-06,,2008-12,-6.0,,,0,0,,,,MonthlyFR_july_2007.pdf,Sector-Wise analysis of projects,33,394
FR_200707_395,,,395,"NAGAON-DHARAMTUL KM.255-KM.230, NH-37 (ASSAM)",,,ROAD TRANSPORT & HIGHWAYS,2007-07,2003-12,,264.72,,264.72,0.0,,9.83,2008-06,,2008-12,6.0,,6.0,0,0,,,,MonthlyFR_july_2007.pdf,Sector-Wise analysis of projects,33,395
FR_200707_396,,,396,"UP/BIHAR BORDER-KASIA, KM.360.915-KM.319.8, NH-28, (U.P.)",,,ROAD TRANSPORT & HIGHWAYS,2007-07,2003-12,,227.0,,227.0,0.0,,90.88,2008-12,,2008-12,0.0,,,0,0,,,,MonthlyFR_july_2007.pdf,Sector-Wise analysis of projects,33,396
FR_200707_397,,,397,"HAPUR-GARHMUKTESWAR, KM.58-KM.93, NH-24 (U.P.)",,,ROAD TRANSPORT & HIGHWAYS,2007-07,2000-04,,220.0,,220.0,0.0,,46.68,2007-09,,2008-12,15.0,,15.0,0,0,,,,MonthlyFR_july_2007.pdf,Sector-Wise analysis of projects,33,397
FR_200707_398,,,398,"ORAI-JHANSI, KM.170.0- KM.104.0, NH-25 (U.P.)",,,ROAD TRANSPORT & HIGHWAYS,2007-07,2003-12,,451.97,,451.97,0.0,,154.0,2008-04,,2008-12,8.0,,8.0,0,0,,,,MonthlyFR_july_2007.pdf,Sector-Wise analysis of projects,33,398
FR_200707_399,,,399,"SONAPUR-GUWAHATI, KM.183-KM.163.895, NH-37 (ASSAM)",,,ROAD TRANSPORT & HIGHWAYS,2007-07,2003-12,,245.0,,245.0,0.0,,73.44,2008-03,,2008-12,9.0,,6.0,0,0,,,,MonthlyFR_july_2007.pdf,Sector-Wise analysis of projects,33,399
FR_200707_400,,,400,"DHARMATUL-SONAPUR, KM.230.50-KM.230.00, NH-31 (ASSAM)",,,ROAD TRANSPORT & HIGHWAYS,2007-07,2003-12,,200.0,,200.0,0.0,,31.88,2008-06,,2008-12,6.0,,6.0,0,0,,,,MonthlyFR_july_2007.pdf,Sector-Wise analysis of projects,33,400
FR_200707_401,,,401,"ORAI-JHANSI, KM.220- KM.170, N H-25 (U.P.)",,,ROAD TRANSPORT & HIGHWAYS,2007-07,2003-12,,340.68,,340.68,0.0,,34.22,2008-03,,2008-12,9.0,,,0,0,,,,MonthlyFR_july_2007.pdf,Sector-Wise analysis of projects,34,401
FR_200707_402,,,402,"PATHANKOT-BHOGPUR , KM.70-KM.110, NH-1A (PUNJAB)",,,ROAD TRANSPORT & HIGHWAYS,2007-07,2003-12,,229.0,,229.0,0.0,,49.56,2008-05,,2008-12,7.0,,7.0,0,0,,,,MonthlyFR_july_2007.pdf,Sector-Wise analysis of projects,34,402
FR_200707_403,,,403,"DHULE-PIMPALGAON, KM.380-KM.265, NH-3 (MAHARASHTRA)",,,ROAD TRANSPORT & HIGHWAYS,2007-07,2005-03,,556.0,,556.0,0.0,,240.0,2009-03,,2008-12,-3.0,,,0,0,,,,MonthlyFR_july_2007.pdf,Sector-Wise analysis of projects,34,403
FR_200707_404,,,404,"RAJASTHAN/MP BORDER- KOTA, KM.509-KM.449.15, NH-76",,,ROAD TRANSPORT & HIGHWAYS,2007-07,2003-12,,378.22,,430.21,51.99,,155.2,2008-04,,2008-12,8.0,,8.0,0,0,,,,MonthlyFR_july_2007.pdf,Sector-Wise analysis of projects,34,404
FR_200707_405,,,405,"NALBARI-BIJNI, KM.1040.3- KM.1013, NH-31 (ASSAM)",,,ROAD TRANSPORT & HIGHWAYS,2007-07,2003-12,,208.0,,208.0,0.0,,12.91,2008-04,,2008-12,8.0,,8.0,0,0,,,,MonthlyFR_july_2007.pdf,Sector-Wise analysis of projects,34,405
FR_200707_406,,,406,"GUWAHATI-NALBARI, KM.1121-KM.1093, NH-31 (ASSAM)",,,ROAD TRANSPORT & HIGHWAYS,2007-07,2003-12,,175.96,,175.96,0.0,,21.66,2008-04,,2008-12,8.0,,8.0,0,0,,,,MonthlyFR_july_2007.pdf,Sector-Wise analysis of projects,34,406
FR_200707_407,,,407,"KARUR-MADURAI, KM.305.6- KM.373.28, NH-7 (TAMIL NADU)",,,ROAD TRANSPORT & HIGHWAYS,2007-07,2003-12,,327.2,,327.2,0.0,,83.32,2009-01,,2008-12,-1.0,,,0,0,,,,MonthlyFR_july_2007.pdf,Sector-Wise analysis of projects,34,407
FR_200707_408,,,408,"BIJNI-ASSAM/WEST BENGAL BORDER, KM.30-KM.60, NH- 31C",,,ROAD TRANSPORT & HIGHWAYS,2007-07,2003-12,,195.0,,195.0,0.0,,26.68,2008-06,,2008-12,6.0,,6.0,0,0,,,,MonthlyFR_july_2007.pdf,Sector-Wise analysis of projects,34,408
FR_200707_409,,,409,"BHARATPUR MAHUA, KM.63- KM.120, NH-11 (RAJASTHAN)",,,ROAD TRANSPORT & HIGHWAYS,2007-07,2005-03,,250.0,,250.0,0.0,,202.8,2009-01,,2009-01,0.0,,,0,0,,,,MonthlyFR_july_2007.pdf,Sector-Wise analysis of projects,34,409
FR_200707_410,,,410,"SALEM-KARUR, KM.207.05- KM.248.625, NH-7 (TAMIL NADU)",,,ROAD TRANSPORT & HIGHWAYS,2007-07,2003-12,,253.5,,253.5,0.0,,34.98,2009-01,,2009-01,0.0,,,0,0,,,,MonthlyFR_july_2007.pdf,Sector-Wise analysis of projects,34,410
FR_200707_411,,,411,"AURANG-RAIPUR, KM.232- KM.281, NH-6 (CHHATTISGARH)",,,ROAD TRANSPORT & HIGHWAYS,2007-07,2005-03,,190.0,,190.0,0.0,,29.59,2009-01,,2009-01,0.0,,,0,0,,,,MonthlyFR_july_2007.pdf,Sector-Wise analysis of projects,34,411
FR_200707_412,,,412,"FARUKHANAGAR- KOTAKOTTA, KM.80.05- KM.135.47, NH-7 (A.P.)",,,ROAD TRANSPORT & HIGHWAYS,2007-07,2003-12,,313.7,,302.0,-11.7,,91.16,2009-02,,2009-02,0.0,,,0,0,,,,MonthlyFR_july_2007.pdf,Sector-Wise analysis of projects,34,412
FR_200707_413,,,413,"HARANGAJO-MAILBANG, KM.126.45-KM.140.70, NH-54 (ASSAM)",,,ROAD TRANSPORT & HIGHWAYS,2007-07,2003-12,,280.0,,280.0,0.0,,49.02,2009-02,,2009-02,0.0,,,0,0,,,,MonthlyFR_july_2007.pdf,Sector-Wise analysis of projects,34,413
FR_200707_414,,,414,"FARUKHANAGAR- KOTTAKATA, KM.34.14- KM.80.08, NH-7 (A.P.)",,,ROAD TRANSPORT & HIGHWAYS,2007-07,2003-12,,267.2,,255.0,-12.2,,58.72,2009-02,,2009-02,0.0,,,0,0,,,,MonthlyFR_july_2007.pdf,Sector-Wise analysis of projects,34,414
FR_200707_415,,,415,"AGRA-BHARATPUR, KM.45, NH-11 (U.P.)",,,ROAD TRANSPORT & HIGHWAYS,2007-07,2005-03,,195.0,,195.0,0.0,,122.3,2009-03,,2009-03,0.0,,,0,0,,,,MonthlyFR_july_2007.pdf,Sector-Wise analysis of projects,34,415
FR_200707_416,,,416,"THRISSUR-ANGAMALI, KM.270.00-KM.316.70, NH-47 (KERALA)",,,ROAD TRANSPORT & HIGHWAYS,2007-07,2003-12,,312.5,,312.5,0.0,,37.52,2009-03,,2009-03,0.0,,,0,0,,,,MonthlyFR_july_2007.pdf,Sector-Wise analysis of projects,34,416
FR_200707_417,,,417,"MAHUA-JAIPUR, KM.120- KM.228, NH-11 (RAJASTHAN)",,,ROAD TRANSPORT & HIGHWAYS,2007-07,2005-03,,483.0,,483.0,0.0,,371.0,2009-03,,2009-03,0.0,,,0,0,,,,MonthlyFR_july_2007.pdf,Sector-Wise analysis of projects,34,417
FR_200707_418,,,418,"TRICHY BYPASS- TUVARAMKURCHI, KM.61, NH-45B (TAMIL NADU)",,,ROAD TRANSPORT & HIGHWAYS,2007-07,2003-12,,261.0,,261.0,0.0,,76.67,2008-08,,2009-03,7.0,,7.0,0,0,,,,MonthlyFR_july_2007.pdf,Sector-Wise analysis of projects,34,418
FR_200707_419,,,419,AP/ KARNATAKA BORDER NANDI HILL CROSSING KM.464.6-KM.527,,,ROAD TRANSPORT & HIGHWAYS,2007-07,2003-12,,402.8,,402.8,0.0,,1.46,2009-03,,2009-03,0.0,,,0,0,,,,MonthlyFR_july_2007.pdf,Sector-Wise analysis of projects,35,419
FR_200707_420,,,420,"KADLOOR YELLAREDDY- POCHAMPALLI, KM.367- KM.447, NH-7 (A.P.)",,,ROAD TRANSPORT & HIGHWAYS,2007-07,2003-12,,546.15,,490.0,-56.15,,119.3,2009-04,,2009-03,-1.0,,,0,0,,,,MonthlyFR_july_2007.pdf,Sector-Wise analysis of projects,35,420
FR_200707_421,,,421,"KOTWA-DEWAPUR, KM.440- KM.402, NH-28 (BIHAR)",,,ROAD TRANSPORT & HIGHWAYS,2007-07,2003-12,,240.0,,240.0,0.0,,46.71,2008-10,,2009-03,5.0,,4.0,0,0,,,,MonthlyFR_july_2007.pdf,Sector-Wise analysis of projects,35,421
FR_200707_422,,,422,"DEEWAPUR-UP/BIHAR BORDER, KM.402-KM.360.915, NH-28 (BIHAR)",,,ROAD TRANSPORT & HIGHWAYS,2007-07,2003-12,,300.0,,300.0,0.0,,63.13,2008-10,,2009-03,5.0,,4.0,0,0,,,,MonthlyFR_july_2007.pdf,Sector-Wise analysis of projects,35,422
FR_200707_423,,,423,"MEERUT-MUZAFFARNAGAR, KM.52.25-KM.131.00, NH-58 (U.P.)",,,ROAD TRANSPORT & HIGHWAYS,2007-07,2005-03,,359.0,,359.0,0.0,,43.9,2009-03,,2009-03,0.0,,,0,0,,,,MonthlyFR_july_2007.pdf,Sector-Wise analysis of projects,35,423
FR_200707_424,,,424,"KONDHALI-TELEGAON, KM.50-KM.100, NH-6 (MAHARASHTRA)",,,ROAD TRANSPORT & HIGHWAYS,2007-07,2005-03,,212.0,,212.0,0.0,,100.0,2009-03,,2009-03,0.0,,,0,0,,,,MonthlyFR_july_2007.pdf,Sector-Wise analysis of projects,35,424
FR_200707_425,,,425,"HYDERABAD-BANGALORE, KM.135.47-KM.211, NH-7 (A.P.)",,,ROAD TRANSPORT & HIGHWAYS,2007-07,2003-12,,611.44,,592.0,-19.44,,252.3,2009-03,,2009-03,0.0,,,0,0,,,,MonthlyFR_july_2007.pdf,Sector-Wise analysis of projects,35,425
FR_200707_426,,,426,"PALANPUR-SWAROOPGANJ, KM.264-KM.340, NH-14 (RAJASTHAN)",,,ROAD TRANSPORT & HIGHWAYS,2007-07,2003-12,,498.0,,498.0,0.0,,42.95,2009-03,,2009-03,0.0,,,0,0,,,,MonthlyFR_july_2007.pdf,Sector-Wise analysis of projects,35,426
FR_200707_427,,,427,"MUZZAFFARPUR-MEHSI, KM.520-KM.480, NH-28 (BIHAR)",,,ROAD TRANSPORT & HIGHWAYS,2007-07,2003-12,,275.0,,275.0,0.0,,53.54,2005-07,,2009-03,44.0,,6.0,0,0,,,,MonthlyFR_july_2007.pdf,Sector-Wise analysis of projects,35,427
FR_200707_428,,,428,"DEVDHARI-WADNER, KM.94- KM.123, NH-7 (MAHARASHTRA)",,,ROAD TRANSPORT & HIGHWAYS,2007-07,2003-12,,145.0,,145.0,0.0,,13.69,2005-07,,2009-04,45.0,,12.0,0,0,,,,MonthlyFR_july_2007.pdf,Sector-Wise analysis of projects,35,428
FR_200707_429,,,429,"MAILBANG-LUNDING, KM.83.40-KM.111.00, NH-54 (ASSAM)",,,ROAD TRANSPORT & HIGHWAYS,2007-07,2003-12,,199.81,,199.81,0.0,,4.18,2009-04,,2009-04,0.0,,,0,0,,,,MonthlyFR_july_2007.pdf,Sector-Wise analysis of projects,35,429
FR_200707_430,,,430,"BARA-ORAI, KM.449-KM.422 & KM.255-KM.220, NH -2 & 25, (U.P.)",,,ROAD TRANSPORT & HIGHWAYS,2007-07,2003-12,,465.0,,465.0,0.0,,13.68,2009-04,,2009-04,0.0,,,0,0,,,,MonthlyFR_july_2007.pdf,Sector-Wise analysis of projects,35,430
FR_200707_431,,,431,"MAILBANG-LUNDING, KM.40.000-KM.60.500, NH-54 (ASSAM)",,,ROAD TRANSPORT & HIGHWAYS,2007-07,2003-12,,200.0,,200.0,0.0,,14.01,2009-04,,2009-04,0.0,,,0,0,,,,MonthlyFR_july_2007.pdf,Sector-Wise analysis of projects,35,431
FR_200707_432,,,432,"GONDE-VADAPE (THANE), KM.440-KM.539.50, NH-3 (MAHARASHTRA)",,,ROAD TRANSPORT & HIGHWAYS,2007-07,2005-03,,579.0,,579.0,0.0,,210.0,2009-04,,2009-04,0.0,,,0,0,,,,MonthlyFR_july_2007.pdf,Sector-Wise analysis of projects,35,432
FR_200707_433,,,433,"COCHIN PORT, KM.10, NH-47 (KERALA)",,,ROAD TRANSPORT & HIGHWAYS,2007-07,2000-04,,106.0,,106.0,0.0,,43.8,2006-08,,2009-06,34.0,,6.0,0,0,,,,MonthlyFR_july_2007.pdf,Sector-Wise analysis of projects,35,433
FR_200707_434,,,434,"THANJAVUR-TRICHY, KM.80- KM.135.75, NH-67 (T.N.)",,,ROAD TRANSPORT & HIGHWAYS,2007-07,2005-03,,280.0,,280.0,0.0,,30.0,2009-06,,2009-06,0.0,,,0,0,,,,MonthlyFR_july_2007.pdf,Sector-Wise analysis of projects,35,434
FR_200707_435,,,435,"SITAPUR-LUCKNOW, KM.488.27-KM.413.20, NH-24 (U.P.)",,,ROAD TRANSPORT & HIGHWAYS,2007-07,2005-03,,322.0,,322.0,0.0,,46.0,2009-06,,2009-06,0.0,,,0,0,,,,MonthlyFR_july_2007.pdf,Sector-Wise analysis of projects,35,435
FR_200707_436,,,436,"KOTA BYPASS, KM.406- KM.381, NH-76 (RAJASTHAN)",,,ROAD TRANSPORT & HIGHWAYS,2007-07,2003-12,,275.0,,250.39,-24.61,,19.72,2008-10,,2009-06,8.0,,7.0,0,0,,,,MonthlyFR_july_2007.pdf,Sector-Wise analysis of projects,35,436
FR_200707_437,,,437,"HARANGAJO-MAIBANG, KM.140.70-KM.164.08, NH-54 (ASSAM)",,,ROAD TRANSPORT & HIGHWAYS,2007-07,2003-12,,196.0,,196.0,0.0,,19.59,2009-07,,2009-07,0.0,,,0,0,,,,MonthlyFR_july_2007.pdf,Sector-Wise analysis of projects,36,437
FR_200707_438,,,438,"BHARUCH-SURAT PACKAGE BOT-II, KM.65, (SIX-LANING) NH-8 (GU.)",,,ROAD TRANSPORT & HIGHWAYS,2007-07,2006-05,,492.0,,492.0,0.0,,,2009-07,,2009-07,0.0,,,0,0,,,,MonthlyFR_july_2007.pdf,Sector-Wise analysis of projects,36,438
FR_200707_439,,,439,"HARANGAJO-MAIBANG, KM.164.08-KM.190.587, NH-54 (ASSAM)",,,ROAD TRANSPORT & HIGHWAYS,2007-07,2003-12,,212.0,,212.0,0.0,,14.92,2007-09,,2009-07,22.0,,,0,0,,,,MonthlyFR_july_2007.pdf,Sector-Wise analysis of projects,36,439
FR_200707_440,,,440,"VADODARA-BHARUCH PACKAGE BOT-I, KM.108.7- KM.192, NH-8 (GUJ.)",,,ROAD TRANSPORT & HIGHWAYS,2007-07,2006-05,,660.0,,660.0,0.0,,,2009-07,,2009-07,0.0,,,0,0,,,,MonthlyFR_july_2007.pdf,Sector-Wise analysis of projects,36,440
FR_200707_441,,,441,"Hyderabad-Banglore Section, Km.418-Km.463.16, NH-7 (A.P.)",,,ROAD TRANSPORT & HIGHWAYS,2007-07,2003-12,,243.64,,243.64,0.0,,18.79,2009-08,,2009-08,0.0,,,0,0,,,,MonthlyFR_july_2007.pdf,Sector-Wise analysis of projects,36,441
FR_200707_442,,,442,"Hyderabad-Banglore Section, Km.251-293.4, NH-7 (A.P.)",,,ROAD TRANSPORT & HIGHWAYS,2007-07,2003-12,,208.46,,208.46,0.0,,20.33,2009-08,,2009-08,0.0,,,0,0,,,,MonthlyFR_july_2007.pdf,Sector-Wise analysis of projects,36,442
FR_200707_443,,,443,"Hyderabad-Banglore Section, Km.376-Km.418, NH-7 (A.P.)",,,ROAD TRANSPORT & HIGHWAYS,2007-07,2003-12,,205.92,,205.92,0.0,,16.47,2009-08,,2009-08,0.0,,,0,0,,,,MonthlyFR_july_2007.pdf,Sector-Wise analysis of projects,36,443
FR_200707_444,,,444,"Hyderabad-Banglore Section, Km.211- Km.251, NH-7 (A.P.)",,,ROAD TRANSPORT & HIGHWAYS,2007-07,2003-12,,194.8,,194.8,0.0,,15.54,2009-08,,2009-08,0.0,,,0,0,,,,MonthlyFR_july_2007.pdf,Sector-Wise analysis of projects,36,444
FR_200707_445,,,445,"Hyderabad-Banglore Section, Km.336-km.376, NH-7 (A.P.)",,,ROAD TRANSPORT & HIGHWAYS,2007-07,2003-12,,243.38,,243.38,0.0,,4.89,2008-09,,2009-09,12.0,,,0,0,,,,MonthlyFR_july_2007.pdf,Sector-Wise analysis of projects,36,445
FR_200707_446,,,446,"Hyderabad-Banglore Section, Km.293.4-336, NH-7 (A.P.)",,,ROAD TRANSPORT & HIGHWAYS,2007-07,2003-12,,239.19,,239.19,0.0,,6.45,2009-09,,2009-09,0.0,,,0,0,,,,MonthlyFR_july_2007.pdf,Sector-Wise analysis of projects,36,446
FR_200707_447,,,447,"INDORE-KALAGHAT, KM.80, NH-3 (M.P.)",,,ROAD TRANSPORT & HIGHWAYS,2007-07,2005-03,,472.0,,472.0,0.0,,91.8,2009-09,,2009-09,0.0,,,0,0,,,,MonthlyFR_july_2007.pdf,Sector-Wise analysis of projects,36,447
FR_200707_448,,,448,"GORAKHPUR BYPASS, KM.251.7-KM.279.8, NH-28 (U.P.)",,,ROAD TRANSPORT & HIGHWAYS,2007-07,2003-12,,600.24,,600.24,0.0,,46.5,2009-10,,2009-10,0.0,,,0,0,,,,MonthlyFR_july_2007.pdf,Sector-Wise analysis of projects,36,448
FR_200707_449,,,449,"GWALIOR BYPASS, KM.0- KM.033, NH-75, 3 (M.P.)",,,ROAD TRANSPORT & HIGHWAYS,2007-07,2003-12,,300.93,,300.93,0.0,,6.81,2009-10,,2009-10,0.0,,,0,0,,,,MonthlyFR_july_2007.pdf,Sector-Wise analysis of projects,36,449
FR_200707_450,,,450,"JALANDAR-AMRITSAR, KM.407-KM.456, NH-1, (PANJAB)",,,ROAD TRANSPORT & HIGHWAYS,2007-07,2005-03,,263.0,,263.0,0.0,,105.0,2009-02,,2009-11,9.0,,,0,0,,,,MonthlyFR_july_2007.pdf,Sector-Wise analysis of projects,36,450
FR_200707_451,,,451,"GWALIOR-JHANSI, KM.96.13, NH-75 (M.P.)",,,ROAD TRANSPORT & HIGHWAYS,2007-07,2003-12,,604.0,,604.0,0.0,,40.24,2009-12,,2009-12,0.0,,,0,0,,,,MonthlyFR_july_2007.pdf,Sector-Wise analysis of projects,36,451
FR_200707_452,,,452,"MADURAI-TUTICORIN, KM.138.8 TO KM.264.5, NH- 45B (T.N.)",,,ROAD TRANSPORT & HIGHWAYS,2007-07,2005-03,,629.0,,629.0,0.0,,53.0,2010-11,,2010-01,-10.0,,,0,0,,,,MonthlyFR_july_2007.pdf,Sector-Wise analysis of projects,36,452
FR_200707_453,,,453,"CHAMBAL BRIDGE, NH-76 (RAJASTHAN)",,,ROAD TRANSPORT & HIGHWAYS,2007-07,2003-12,,275.0,,281.31,6.31,,10.74,2010-02,,2010-02,0.0,,,0,0,,,,MonthlyFR_july_2007.pdf,Sector-Wise analysis of projects,36,453
FR_200707_454,,,454,"KOSI BRIDGE INCLUDING APPROCHES, KM.155-KM.165, NH-57",,,ROAD TRANSPORT & HIGHWAYS,2007-07,2003-12,,418.04,,418.04,0.0,,0.4,2010-03,,2010-03,0.0,,,0,0,,,,MonthlyFR_july_2007.pdf,Sector-Wise analysis of projects,36,454
FR_200707_455,,,455,"BRAHMPUTRA BRIDGE, KM.1126-KM.1121, NH-31 (ASSAM)",,,ROAD TRANSPORT & HIGHWAYS,2007-07,2003-12,,217.61,,217.61,0.0,,12.28,2010-04,,2010-04,0.0,,,0,0,,,,MonthlyFR_july_2007.pdf,Sector-Wise analysis of projects,37,455
FR_200707_456,,,456,"KURALI-KIRATPUR, NH-21 (PUNJAB)",,,ROAD TRANSPORT & HIGHWAYS,2007-07,2005-03,,309.0,,309.0,0.0,,0.02,2010-06,,2010-06,0.0,,,0,0,,,,MonthlyFR_july_2007.pdf,Sector-Wise analysis of projects,37,456
FR_200707_457,,,457,"HARIHAR-CHITRADURGA, KM.284-KM.207 (GQ) NH-4 (KARNATAKA)",,,ROAD TRANSPORT & HIGHWAYS,2007-07,2000-04,,318.0,,318.0,0.0,,262.28,2004-08,,,,,,0,0,,,,MonthlyFR_july_2007.pdf,Sector-Wise analysis of projects,37,457
FR_200707_458,,,458,"HAVERI-HARIHAR, KM.340- KM.284, NH-4 (KARNATAKA)",,,ROAD TRANSPORT & HIGHWAYS,2007-07,2000-04,,241.0,,241.0,0.0,,201.01,2004-08,,,,,,0,0,,,,MonthlyFR_july_2007.pdf,Sector-Wise analysis of projects,37,458
FR_200707_459,,,459,"KANYAKUMARI-PANAGUDI, Km.233.6-Km.203, NH-7 (TAMIL NADU)",,,ROAD TRANSPORT & HIGHWAYS,2007-07,2003-12,,120.0,,120.0,0.0,,32.22,2006-09,,,,,,0,0,,,,MonthlyFR_july_2007.pdf,Sector-Wise analysis of projects,37,459
FR_200707_460,,,460,ACQUISITION OF 700 PASSENGER CUM 160 MT CARGO VESSEL,,,SHIPPING & PORTS,2007-07,2000-06,,129.62,,139.5,9.88,,121.12,2004-02,,2007-09,43.0,,,0,0,,,,MonthlyFR_july_2007.pdf,Sector-Wise analysis of projects,37,460
FR_200707_461,,,461,DEEPENING OF CHANNEL AT PARADIP PORT,,,SHIPPING & PORTS,2007-07,2005-12,,154.84,,253.36,98.52,,5.05,2007-06,,2008-08,14.0,,,0,0,,,,MonthlyFR_july_2007.pdf,Sector-Wise analysis of projects,37,461
FR_200707_462,,,462,"ESTABLISH OF VTS IN GULF, KUTCH",,,SHIPPING & PORTS,2007-07,2002-01,,165.0,,165.0,0.0,,15.21,2005-12,,2008-10,34.0,,,0,0,,,,MonthlyFR_july_2007.pdf,Sector-Wise analysis of projects,37,462
FR_200707_463,,,463,SETHUSAMUDRAM SHIP CHANNEL PROJECT,,,SHIPPING & PORTS,2007-07,2005-06,,2427.4,,2427.4,0.0,,253.23,2008-10,,2008-11,1.0,,,0,0,,,,MonthlyFR_july_2007.pdf,Sector-Wise analysis of projects,37,463
FR_200707_464,,,464,ACQUISION OF 2-300000 DWT VERY LARGE CRUDE CARRIERS (VLCC),,,SHIPPING & PORTS,2007-07,2005-10,,1136.08,,1136.08,0.0,,353.49,2009-09,,2009-09,0.0,,,0,0,,,,MonthlyFR_july_2007.pdf,Sector-Wise analysis of projects,37,464
FR_200707_465,,,465,DEEPENING & WIDENING OF MAIN HARBOUR (MAHARASHTRA),,,SHIPPING & PORTS,2007-07,2005-10,,800.0,,800.0,0.0,,2.78,2008-10,,2010-01,15.0,,,0,0,,,,MonthlyFR_july_2007.pdf,Sector-Wise analysis of projects,37,465
FR_200707_466,,,466,"PROJECT-3 OF NIB-II, IMPLEMENTATION AND EXECUTION OF MESS.",,,SHIPPING & PORTS,2007-07,2003-11,,250.0,,250.0,0.0,,30.0,2005-12,,2007-07,19.0,,,0,0,,,,MonthlyFR_july_2007.pdf,Sector-Wise analysis of projects,37,466
FR_200707_467,,,467,"PROJECT 2.2 OF NIB-II, IMPLEMENTATION AND EXECUTION OF",,,SHIPPING & PORTS,2007-07,2003-11,,350.0,,300.0,-50.0,,143.58,2006-05,,2007-07,14.0,,,0,0,,,,MonthlyFR_july_2007.pdf,Sector-Wise analysis of projects,37,467
FR_200707_468,,,468,"PROJECT-1 OF NIB-II, IMPLEMENTATION AND EXECUTION OF IP INF.",,,SHIPPING & PORTS,2007-07,2003-11,,250.0,,250.0,0.0,,227.19,2006-05,,2007-07,14.0,,,0,0,,,,MonthlyFR_july_2007.pdf,Sector-Wise analysis of projects,37,468
FR_200707_469,,,469,CONVERGENT BILLING AND CRM FOR MTNL (DELHI),,,SHIPPING & PORTS,2007-07,2005-12,,249.0,,249.0,0.0,,,2007-02,,2007-08,6.0,,,0,0,,,,MonthlyFR_july_2007.pdf,Sector-Wise analysis of projects,37,469
FR_200707_470,,,470,"GSM NETWORK EXPANSION,",,,SHIPPING & PORTS,2007-07,2004-10,,453.85,,,0.0,,259.42,2005-06,,,28.0,,,0,0,,,,MonthlyFR_july_2007.pdf,Sector-Wise analysis of projects,37,470
FR_200707_471,,,471,"GSM NETWORK EXPANSION, PH-IV (PUNJAB)",,,SHIPPING & PORTS,2007-07,2004-05,,508.63,,508.63,0.0,,261.45,2005-06,,2007-10,28.0,,,0,0,,,,MonthlyFR_july_2007.pdf,Sector-Wise analysis of projects,38,471
FR_200707_472,,,472,"GSM NETWORK EXPANSION, PH-IV (RAJASTHAN)",,,SHIPPING & PORTS,2007-07,2004-09,,448.91,,448.91,0.0,,154.5,2005-06,,2007-10,28.0,,,0,0,,,,MonthlyFR_july_2007.pdf,Sector-Wise analysis of projects,38,472
FR_200707_473,,,473,"GSM NETWORK EXPANSION, PH-IV (WEST BENGAL)",,,SHIPPING & PORTS,2007-07,2004-09,,428.0,,428.0,0.0,,102.35,2005-06,,2007-10,28.0,,,0,0,,,,MonthlyFR_july_2007.pdf,Sector-Wise analysis of projects,38,473
FR_200707_474,,,474,"GSM EXPANSION, PH-IV (B) (MAHARASHTRA)",,,SHIPPING & PORTS,2007-07,2005-07,,1174.75,,1174.75,0.0,,316.28,2006-03,,2007-10,19.0,,,0,0,,,,MonthlyFR_july_2007.pdf,Sector-Wise analysis of projects,38,474
FR_200707_475,,,475,"GSM NETWORK EXPANSION, PH-IV (ORISSA)",,,SHIPPING & PORTS,2007-07,2004-12,,164.06,,164.06,0.0,,70.56,2005-12,,2007-10,22.0,,,0,0,,,,MonthlyFR_july_2007.pdf,Sector-Wise analysis of projects,38,475
FR_200707_476,,,476,EXPANSION OF 750K GSM LINES OF 2.5 GSM AND VALIDATION EQUIP,,,SHIPPING & PORTS,2007-07,2007-02,,741.77,,741.77,0.0,,6.83,2007-10,,2007-10,0.0,,,0,0,,,,MonthlyFR_july_2007.pdf,Sector-Wise analysis of projects,38,476
FR_200707_477,,,477,GSM EXPANSION Ph.IV (B) (BSNL) (WEST ZONE-MP),,,SHIPPING & PORTS,2007-07,2005-07,,174.0,,174.0,0.0,,93.6,2006-03,,2007-10,19.0,,,0,0,,,,MonthlyFR_july_2007.pdf,Sector-Wise analysis of projects,38,477
FR_200707_478,,,478,GSM BASED NETWORK EXPANSION PH.-IV TN,,,SHIPPING & PORTS,2007-07,2005-02,,650.42,,650.42,0.0,,298.03,2006-06,,2007-10,16.0,,,0,0,,,,MonthlyFR_july_2007.pdf,Sector-Wise analysis of projects,38,478
FR_200707_479,,,479,GSM BASED NETWORK EXPANSION Ph-IV (BSNL)(A.P),,,SHIPPING & PORTS,2007-07,2004-08,,647.69,,350.0,-297.69,,187.16,2005-06,,2007-10,28.0,,,0,0,,,,MonthlyFR_july_2007.pdf,Sector-Wise analysis of projects,38,479
FR_200707_480,,,480,"GSM NETWORK EXPANSION, PH-IV, CHENNAI TELECOM DISTT. (T.N.)",,,SHIPPING & PORTS,2007-07,2005-02,,170.88,,170.88,0.0,,66.63,2005-06,,2007-10,28.0,,,0,0,,,,MonthlyFR_july_2007.pdf,Sector-Wise analysis of projects,38,480
FR_200707_481,,,481,"GSM NETWORK EXPANSION, PH-IV, UP (W), (UTTAR PRADESH)",,,SHIPPING & PORTS,2007-07,2004-08,,359.07,,359.07,0.0,,92.51,2005-06,,2007-10,28.0,,,0,0,,,,MonthlyFR_july_2007.pdf,Sector-Wise analysis of projects,38,481
FR_200707_482,,,482,"JHARKHAND CMTS, PHASE- IV",,,SHIPPING & PORTS,2007-07,2004-09,,134.85,,134.85,0.0,,47.41,2005-11,,2007-10,23.0,,,0,0,,,,MonthlyFR_july_2007.pdf,Sector-Wise analysis of projects,38,482
FR_200707_483,,,483,"KARNATAKA CMTS, PHASE- IV",,,SHIPPING & PORTS,2007-07,2004-01,,373.46,,260.0,-113.46,,139.04,2005-06,,2007-10,28.0,,,0,0,,,,MonthlyFR_july_2007.pdf,Sector-Wise analysis of projects,38,483
FR_200707_484,,,484,CONVERGENT BILLING AND CRM MTNL (MUMBAI),,,SHIPPING & PORTS,2007-07,2006-01,,247.0,,247.0,0.0,,115.21,2007-02,,2007-12,10.0,,,0,0,,,,MonthlyFR_july_2007.pdf,Sector-Wise analysis of projects,38,484
FR_200707_485,,,485,NATIONAL RADIO SPECTRUM MANAGEMENT& MONITORING SYSTEM (NRSMM,,,SHIPPING & PORTS,2007-07,2000-08,,279.97,,172.04,-107.93,,125.69,2004-12,,2008-03,39.0,,,0,0,,,,MonthlyFR_july_2007.pdf,Sector-Wise analysis of projects,38,485
FR_200707_486,,,486,CDMA WLL EQUIPMENT-1 (MUMBAI),,,SHIPPING & PORTS,2007-07,2003-08,,128.3,,128.3,0.0,,76.3,2004-02,,,,,,0,0,,,,MonthlyFR_july_2007.pdf,Sector-Wise analysis of projects,38,486
FR_200707_487,,,487,CDMA WLL EQUIPMENT-2 (MUMBAI),,,SHIPPING & PORTS,2007-07,2004-07,,362.26,,122.91,-239.35,,60.37,2004-12,,,,,,0,0,,,,MonthlyFR_july_2007.pdf,Sector-Wise analysis of projects,38,487
FR_200707_488,,,488,EXPANSION OF GSM NETWORK (MUMBAI),,,SHIPPING & PORTS,2007-07,2004-01,,216.37,,216.37,0.0,,110.96,2005-01,,,,,,0,0,,,,MonthlyFR_july_2007.pdf,Sector-Wise analysis of projects,39,488
FR_200707_489,,,489,GSM BASED NETWORK EXPANSION Ph-IV (BSNL)(GUJARAT),,,SHIPPING & PORTS,2007-07,2003-03,,202.33,,202.33,0.0,,89.09,2005-01,,,,,,0,0,,,,MonthlyFR_july_2007.pdf,Sector-Wise analysis of projects,39,489
FR_200707_490,,,490,IMPLEMENTATION AND EXECUTION OF NEW TECHNOLOGY INTELLINGENT,,,SHIPPING & PORTS,2007-07,2004-10,,160.0,,135.0,-25.0,,90.68,2006-06,,,,,,0,0,,,,MonthlyFR_july_2007.pdf,Sector-Wise analysis of projects,39,490
FR_200707_491,,,491,CDMA 2000 WLL (DELHI),,,SHIPPING & PORTS,2007-07,2004-06,,460.28,,460.28,0.0,,84.79,2004-10,,,,,,0,0,,,,MonthlyFR_july_2007.pdf,Sector-Wise analysis of projects,39,491
FR_200707_492,,,492,CMTS - PHASE - III (BSNL) (RAJASTHAN),,,SHIPPING & PORTS,2007-07,2003-05,,119.43,,119.43,0.0,,,2004-08,,,,,,0,0,,,,MonthlyFR_july_2007.pdf,Sector-Wise analysis of projects,39,492
FR_200707_493,,,493,EXPANSION OF 400000 GSM (NEW DELHI),,,SHIPPING & PORTS,2007-07,2004-01,,227.42,,227.42,0.0,,200.81,2005-01,,,,,,0,0,,,,MonthlyFR_july_2007.pdf,Sector-Wise analysis of projects,39,493
FR_200707_494,,,494,CHENNAI PHASE-III CMTS (BSNL),,,SHIPPING & PORTS,2007-07,2003-05,,233.21,,233.21,0.0,,72.3,2004-03,,,,,,0,0,,,,MonthlyFR_july_2007.pdf,Sector-Wise analysis of projects,39,494
FR_200707_495,,,495,"DELHI METRO RAPID TRANSIT SYSTEM, PHASE-II",,,URBAN DEVELOPMENT,2007-07,2005-08,,8118.0,,8676.0,558.0,,1282.17,2010-06,,2010-08,2.0,,,0,0,,,,MonthlyFR_july_2007.pdf,Sector-Wise analysis of projects,39,495
FR_200707_496,,,496,PAGLADIYA DAM PROJECT,,,URBAN DEVELOPMENT,2007-07,2001-01,,542.9,,1069.4,526.5,,33.69,2007-12,,2008-03,3.0,,,0,0,,,,MonthlyFR_july_2007.pdf,Sector-Wise analysis of projects,39,496
