observation_id,project_id,project_code,serial_no,project_name,agency,state,sector,report_date,approval_date,approval_date_revised,original_cost_crore,revised_cost_crore,anticipated_cost_crore,cost_overrun_original_crore,cost_overrun_revised_crore,cumulative_expenditure_crore,original_completion_date,revised_completion_date,anticipated_completion_date,time_overrun_original_months,time_overrun_revised_months,additional_delay_months,milestones_achieved,milestones_total,physical_progress_pct,delay_reason,status,source.report,source.table,source.page,source.serial_no
FR_201002_001,,020100042,1,RAJASTHAN ATOMIC POWER PROJECT 5 and 6 (NPCIL) -,NPCIL,,ATOMIC ENERGY,2010-02,2002-04,,3072.0,,3072.0,,,2133.0,2008-02,,2010-03,,,,73,75,,,,FR_FEB_2010.pdf,Sector-Wise analysis of projects,33,1
FR_201002_002,,020100041,2,KAIGA 3 and 4 UNITS (NPCIL) -,NPCIL,,ATOMIC ENERGY,2010-02,2001-05,,4213.0,,3282.0,,,2515.0,2009-10,2007-09,2010-05,,,,71,75,,,,FR_FEB_2010.pdf,Sector-Wise analysis of projects,33,2
FR_201002_003,,020100040,3,KUDANKULAM APP (NPCIL) -,NPCIL,,ATOMIC ENERGY,2010-02,2001-12,,13171.0,,13171.0,,,12614.0,2008-12,,2011-03,,,,61,119,,,,FR_FEB_2010.pdf,Sector-Wise analysis of projects,33,3
FR_201002_004,,N02000007,4,URANIUM ORE MINE & PROCESSING PLANT AT TUMMALAPALL -,,,ATOMIC ENERGY,2010-02,2007-09,,1106.29,,1106.29,,,486.37,2011-04,,2011-04,,,,0,0,,,,FR_FEB_2010.pdf,Sector-Wise analysis of projects,33,4
FR_201002_005,,020100044,5,"PROTOTYPE FAST BREEDER REACTOR (BHAVINI, 500 MWE) - Total","BHAVINI, 500 MWE",,ATOMIC ENERGY,2010-02,2003-09,,3492.0,25054.29,5677.0,,,2288.38,2010-09,,2011-09,,,,8,80,,,,FR_FEB_2010.pdf,Sector-Wise analysis of projects,33,5
FR_201002_006,,N04000034,6,C/O NEW EXPANDABLE MODULAR INTEGRATED BLDG. RAIPUR -,,,CIVIL AVIATION,2010-02,2008-03,,129.65,135.72,129.65,,,35.92,2009-09,2010-03,2010-03,,,,0,0,,,,FR_FEB_2010.pdf,Sector-Wise analysis of projects,33,6
FR_201002_007,,N04000042,7,Construction of New Integrated Passenger Terminal -,,,CIVIL AVIATION,2010-02,2006-03,,129.38,,129.38,,,13.49,2009-04,2009-10,2010-03,,,,0,0,,,,FR_FEB_2010.pdf,Sector-Wise analysis of projects,33,7
FR_201002_008,,N04000047,8,Construction of New Expandable Modular Integrated -,,,CIVIL AVIATION,2010-02,2008-03,,135.72,,135.72,,,10.94,2009-09,2009-12,2010-03,,,,0,0,,,,FR_FEB_2010.pdf,Sector-Wise analysis of projects,33,8
FR_201002_009,,N04000051,9,Construction of New Integrated terminal building -,,,CIVIL AVIATION,2010-02,2007-04,,128.96,,128.96,,,20.9,2009-02,2009-06,2010-03,,,,0,0,,,,FR_FEB_2010.pdf,Sector-Wise analysis of projects,33,9
FR_201002_010,,N04000036,10,C/O EXPANDABLE MODULAR TER. BULD. AT DABH INDORE -,,,CIVIL AVIATION,2010-02,2008-02,,135.6,,113.02,,,44.76,2009-10,,2010-05,,,,0,0,,,,FR_FEB_2010.pdf,Sector-Wise analysis of projects,33,10
FR_201002_011,,N04000017,11,CONSTRUCTION OF NEW INTERNATIONAL TERMINAL BLDG. A -,,,CIVIL AVIATION,2010-02,2007-02,,290.92,,290.92,,,233.51,2009-02,,2010-06,,,,1,24,,,,FR_FEB_2010.pdf,Sector-Wise analysis of projects,33,11
FR_201002_012,,N04000035,12,C/O EXPANDABLE MODULAR INTEGRATED TER. BULD. RAJA -,,,CIVIL AVIATION,2010-02,2008-03,,135.04,,135.04,,,58.25,2009-09,,2010-06,,,,0,0,,,,FR_FEB_2010.pdf,Sector-Wise analysis of projects,33,12
FR_201002_013,,N04000040,13,D/O OF TERMINAL BLDG. AND PAVEMENT WORKS AT CHENNA -,,,CIVIL AVIATION,2010-02,2008-01,,535.0,,535.0,,,143.97,2010-06,,2010-06,,,,0,0,,,,FR_FEB_2010.pdf,Sector-Wise analysis of projects,33,13
FR_201002_014,,N04000049,14,C/o new Integrated terminal Bldg. at Birsa Munda -,,,CIVIL AVIATION,2010-02,2009-01,,137.79,,137.79,,,7.5,2010-01,2010-02,2010-06,,,,0,0,,,,FR_FEB_2010.pdf,Sector-Wise analysis of projects,33,14
FR_201002_015,,N04000039,15,C/O INTEGERATED CARGO COMPLEX(PH-III) AT CHENNAI A -,PH-III,,CIVIL AVIATION,2010-02,2008-08,,144.94,,144.94,,,26.13,2010-04,,2010-12,,,,0,1,,,,FR_FEB_2010.pdf,Sector-Wise analysis of projects,33,15
FR_201002_016,,N04000038,16,D/O KAMARAJ DOMESTIC TER-PH-II & EXP. ANNA INT. TE -,,,CIVIL AVIATION,2010-02,2008-08,,1273.0,1212.0,1273.0,,,255.24,2011-01,,2011-01,,,,0,0,,,,FR_FEB_2010.pdf,Sector-Wise analysis of projects,33,16
FR_201002_017,,N04000056,17,DEV. OF KAMRAJ DOMESTIC CHENNAI AIRPORT -,,,CIVIL AVIATION,2010-02,2008-08,,1808.0,,1808.0,,,523.27,2011-01,,2011-01,,,,0,0,,,,FR_FEB_2010.pdf,Sector-Wise analysis of projects,33,17
FR_201002_018,,N04000037,18,C/O INTEGRATED PASSENGER TER. BULD. NSCBI AIRPORT -,,,CIVIL AVIATION,2010-02,2008-08,,1942.51,32.0,1942.51,,,539.43,2011-05,,2011-08,,,,0,0,,,,FR_FEB_2010.pdf,Sector-Wise analysis of projects,33,18
FR_201002_019,,N04000050,19,C/o new Airport-SH: E/W in cutting and filling geogrid -,,,CIVIL AVIATION,2010-02,2009-01,,264.29,,264.29,,,10.02,2011-01,,,,,,0,0,,,,FR_FEB_2010.pdf,Sector-Wise analysis of projects,34,19
FR_201002_020,,N04000052,20,Construction of New Integrated Terminal Building -,,,CIVIL AVIATION,2010-02,2006-10,,147.0,,147.0,,,46.43,2008-09,2009-02,,,,,0,0,,,,FR_FEB_2010.pdf,Sector-Wise analysis of projects,34,20
FR_201002_021,,N04000057,21,C/O PASSENGER LOUNGE BIRSI AIRPORT -,,,CIVIL AVIATION,2010-02,2006-03,,108.07,,108.07,,,19.14,2008-08,,,,,,0,0,,,,FR_FEB_2010.pdf,Sector-Wise analysis of projects,34,21
FR_201002_022,,N04000065,22,GAGAN PROJECT - Total,,,CIVIL AVIATION,2010-02,2008-09,,393.6,7839.47,393.6,,,160.29,2013-06,,,,,,0,0,,,,FR_FEB_2010.pdf,Sector-Wise analysis of projects,34,22
FR_201002_023,,060100090,23,BARSINGSAR MINE 2.10 MTPA LIGNITE (NLC) -,NLC,,COAL,2010-02,2004-12,,254.07,254.6,254.6,,,212.95,2009-06,,2010-02,,,,18,21,,,,FR_FEB_2010.pdf,Sector-Wise analysis of projects,34,23
FR_201002_024,,060100088,24,EXPANSION OF MINE-II (10.5 MTPA TO 15.0 MTPA) (NLC) -,NLC,,COAL,2010-02,2004-10,,2161.28,2295.93,2295.93,,,1789.91,2009-06,,2010-03,,,,29,23,,,,FR_FEB_2010.pdf,Sector-Wise analysis of projects,34,24
FR_201002_025,,060100093,25,GEVRA EXPANSION OCP (SECL) (25 MTY) -,25 MTY,,COAL,2010-02,2005-07,,1667.55,,1667.55,,,961.42,2010-03,,2010-03,,,,3,7,,,,FR_FEB_2010.pdf,Sector-Wise analysis of projects,34,25
FR_201002_026,,N06000007,26,KRISHNASHILA (NCL) (4MTY) -,4MTY,,COAL,2010-02,2006-05,,789.88,,789.88,,,134.46,2010-03,,2010-03,,,,0,1,,,,FR_FEB_2010.pdf,Sector-Wise analysis of projects,34,26
FR_201002_027,,N06000030,27,BHARATPUR OC EXPANSION PHASE- III PROJECT -,,,COAL,2010-02,2007-02,,131.39,,131.39,,,382.9,2010-03,,2010-03,,,,0,0,,,,FR_FEB_2010.pdf,Sector-Wise analysis of projects,34,27
FR_201002_028,,N06000044,28,BALRAM OCP EXTENSION -,,,COAL,2010-02,2007-12,,172.08,,172.08,,,473.97,2009-03,,2010-03,,,,0,0,,,,FR_FEB_2010.pdf,Sector-Wise analysis of projects,34,28
FR_201002_029,,N06000077,29,KTK OC Sector-I -,,,COAL,2010-02,2008-01,,91.5,,115.33,,,115.33,2010-09,,2010-03,,,,0,0,,,,FR_FEB_2010.pdf,Sector-Wise analysis of projects,34,29
FR_201002_030,,060100089,30,BARSINGSAR TPS (2X125MW) (NLC) -,NLC,,COAL,2010-02,2004-12,,1114.18,1626.09,1626.09,,,1385.97,2009-06,,2010-09,,,,32,26,,,,FR_FEB_2010.pdf,Sector-Wise analysis of projects,34,30
FR_201002_031,,N06000069,31,LAKHANPUR OC EXP. PROJECT PH-II -,,,COAL,2010-02,2004-03,,98.74,,116.54,,,247.82,2007-03,,2011-03,,,,0,0,,,,FR_FEB_2010.pdf,Sector-Wise analysis of projects,34,31
FR_201002_032,,060100087,32,TPS-II EXPANSION (1470MW TO 1970MW) (NLC) -,NLC,,COAL,2010-02,2004-10,,2030.78,2453.57,2453.57,,,1919.29,2009-06,,2011-06,,,,23,24,,,,FR_FEB_2010.pdf,Sector-Wise analysis of projects,34,32
FR_201002_033,,N06000057,33,JHANJRA CONTINEOUS MINAR FOR JHANJRA UG-II -,,,COAL,2010-02,2009-02,,122.35,,122.35,,,,2010-03,2011-12,2011-12,,,,0,0,,,,FR_FEB_2010.pdf,Sector-Wise analysis of projects,34,33
FR_201002_034,,N06000020,34,JHANJRA LONGWAL UG PHASE II -,,,COAL,2010-02,2006-11,,287.18,,287.17,,,,2009-11,2012-01,2012-01,,,,0,0,,,,FR_FEB_2010.pdf,Sector-Wise analysis of projects,34,34
FR_201002_035,,060100092,35,KULDA OCP (MAHANADI COALFIELDS LTD.) -,MAHANADI COALFIELDS LTD.,,COAL,2010-02,2005-01,,302.96,,302.96,,,57.9,2010-03,,2012-03,,,,0,4,,,,FR_FEB_2010.pdf,Sector-Wise analysis of projects,34,35
FR_201002_036,,060100096,36,ASHOK EXPN.OCP -CCL (5 MTY) -,5 MTY,,COAL,2010-02,2006-04,,471.66,341.63,341.63,,,100.57,2011-03,,2012-03,,,,0,0,,,,FR_FEB_2010.pdf,Sector-Wise analysis of projects,34,36
FR_201002_037,,N06000009,37,BLOCK-B OCP NCL (3.5 MTY) -,3.5 MTY,,COAL,2010-02,2006-06,,746.04,,746.04,,,134.83,2012-03,,2012-03,,,,0,1,,,,FR_FEB_2010.pdf,Sector-Wise analysis of projects,34,37
FR_201002_038,,N06000017,38,SHANTIKHANI LONGWALL PROJ- SCCL -,,,COAL,2010-02,2006-10,,249.03,,249.03,,,35.65,2012-03,,2012-03,,,,0,0,,,,FR_FEB_2010.pdf,Sector-Wise analysis of projects,34,38
FR_201002_039,,N06000033,39,"NIGAHI OC EXPANSION PROJECT 10 MTY TO 15 MTY, SINGRAULI -",,,COAL,2010-02,2007-10,,529.4,,259.4,,,,2012-03,,2012-03,,,,0,0,,,,FR_FEB_2010.pdf,Sector-Wise analysis of projects,34,39
FR_201002_040,,N06000067,40,ANANTA OC EXPANSION PH-II -,,,COAL,2010-02,2008-08,,207.28,,207.28,,,249.85,2012-03,,2012-03,,,,0,0,,,,FR_FEB_2010.pdf,Sector-Wise analysis of projects,34,40
FR_201002_041,,N06000047,41,TUTICORIN THERMAL POWER PROJECT -,,,COAL,2010-02,2008-05,,4904.54,33.0,4904.54,,,572.16,2012-08,,2012-08,,,,0,0,,,,FR_FEB_2010.pdf,Sector-Wise analysis of projects,34,41
FR_201002_042,,N06000016,42,ADRIYALA SHAFT PROJECT -,,,COAL,2010-02,2006-09,,212.34,779.26,779.26,,,38.38,2013-03,,2012-09,,,,2,11,,,,FR_FEB_2010.pdf,Sector-Wise analysis of projects,35,42
FR_201002_043,,N06000048,43,KAKATIYA LAONGWALL -,,,COAL,2010-02,2008-12,,453.63,,453.63,,,46.22,2012-12,,2012-12,,,,0,0,,,,FR_FEB_2010.pdf,Sector-Wise analysis of projects,35,43
FR_201002_044,,N06000008,44,KUSMUNDA EXPN.OCP(SECL)(10MTY) -,10MTY,,COAL,2010-02,2006-06,,737.65,,1188.31,,,582.38,2011-03,2013-03,2013-03,,,,0,4,,,,FR_FEB_2010.pdf,Sector-Wise analysis of projects,35,44
FR_201002_045,,N06000015,45,MAGADH OC (CCL) -,CCL,,COAL,2010-02,2006-07,,469.78,706.4,706.4,,,12.12,2012-07,,2013-03,,,,0,1,,,,FR_FEB_2010.pdf,Sector-Wise analysis of projects,35,45
FR_201002_046,,N06000025,46,JALLARAM SHAFT PROJECT -,,,COAL,2010-02,2013-03,,467.78,,467.78,,,11.29,2013-03,,2013-03,,,,0,7,,,,FR_FEB_2010.pdf,Sector-Wise analysis of projects,35,46
FR_201002_047,,N06000035,47,KANIHA OCP -,,,COAL,2010-02,2007-12,,457.77,,457.77,,,48.96,2012-03,,2013-03,,,,0,0,,,,FR_FEB_2010.pdf,Sector-Wise analysis of projects,35,47
FR_201002_048,,N06000059,48,NARAYANKURI UG -,,,COAL,2010-02,2009-02,,149.06,,149.06,,,,2013-03,,2013-03,,,,0,0,,,,FR_FEB_2010.pdf,Sector-Wise analysis of projects,35,48
FR_201002_049,,N06000060,49,CHITRA EAST OCP -,,,COAL,2010-02,2007-08,,112.69,,112.69,,,,2010-11,,2013-03,,,,0,0,,,,FR_FEB_2010.pdf,Sector-Wise analysis of projects,35,49
FR_201002_050,,N06000068,50,HINGULA OC-II EXP. PH-II (15 MTY) -,15 MTY,,COAL,2010-02,2008-11,,475.93,,479.53,,,175.35,2013-03,,2013-03,,,,0,0,,,,FR_FEB_2010.pdf,Sector-Wise analysis of projects,35,50
FR_201002_051,,N06000019,51,BINA EXTN. PROJ -,,,COAL,2010-02,2006-11,,168.97,,168.97,,,137.88,2014-03,,2013-11,,,,1,1,,,,FR_FEB_2010.pdf,Sector-Wise analysis of projects,35,51
FR_201002_052,,060100094,52,DIPKA EXPANSION OCP (SECL) (20 MTY) -,20 MTY,,COAL,2010-02,2005-07,,1268.53,,1943.66,,,765.78,2010-03,,2014-03,,,,2,6,,,,FR_FEB_2010.pdf,Sector-Wise analysis of projects,35,52
FR_201002_053,,N06000010,53,AMLOHRI EPR (NCL) (6 MTY) -,6 MTY,,COAL,2010-02,2006-05,,1352.04,,1352.04,,,26.99,2014-03,,2014-03,,,,1,1,,,,FR_FEB_2010.pdf,Sector-Wise analysis of projects,35,53
FR_201002_054,,N06000046,54,CHURCHA UG -,,,COAL,2010-02,2008-06,,462.35,,462.35,,,270.87,2014-06,,2014-03,,,,0,0,,,,FR_FEB_2010.pdf,Sector-Wise analysis of projects,35,54
FR_201002_055,,N06000056,55,RAJMAHAL OC EXP. -,,,COAL,2010-02,2006-02,,50.08,,153.82,,,3.14,2010-03,,2014-03,,,,0,0,,,,FR_FEB_2010.pdf,Sector-Wise analysis of projects,35,55
FR_201002_056,,N06000066,56,PENGANGA OC -,,,COAL,2010-02,2008-10,,339.77,,339.77,,,,2014-03,,2014-03,,,,0,0,,,,FR_FEB_2010.pdf,Sector-Wise analysis of projects,35,56
FR_201002_057,,N06000076,57,KARTALI (EAST) OC -,EAST,,COAL,2010-02,2008-07,,178.44,,178.44,,,,2014-03,,2014-03,,,,0,0,,,,FR_FEB_2010.pdf,Sector-Wise analysis of projects,35,57
FR_201002_058,,N06000042,58,GOPAL PRASAD OCP -,,,COAL,2010-02,2008-02,,395.87,,395.87,,,22.73,2013-03,,2015-03,,,,0,0,,,,FR_FEB_2010.pdf,Sector-Wise analysis of projects,35,58
FR_201002_059,,N06000045,59,PELMA OC -,,,COAL,2010-02,2008-07,,448.32,,448.32,,,,2012-03,,2015-03,,,,0,0,,,,FR_FEB_2010.pdf,Sector-Wise analysis of projects,35,59
FR_201002_060,,N06000049,60,Batura OC -,,,COAL,2010-02,2008-09,,203.82,,203.82,,,,2013-03,,2015-03,,,,0,0,,,,FR_FEB_2010.pdf,Sector-Wise analysis of projects,35,60
FR_201002_061,,N06000065,61,BAROUD OC EXPANSION -,,,COAL,2010-02,2008-07,,135.58,,135.58,,,23.32,2015-03,,2015-03,,,,0,0,,,,FR_FEB_2010.pdf,Sector-Wise analysis of projects,35,61
FR_201002_062,,N06000075,62,JAGANNATHPOR OC -,,,COAL,2010-02,2008-09,,152.43,,152.43,,,,2015-03,,2015-03,,,,0,0,,,,FR_FEB_2010.pdf,Sector-Wise analysis of projects,35,62
FR_201002_063,,N06000034,63,BHUBANESWARI OCP -,,,COAL,2010-02,2007-12,,490.1,,490.1,,,56.52,2014-03,,2016-03,,,,0,0,,,,FR_FEB_2010.pdf,Sector-Wise analysis of projects,35,63
FR_201002_064,,N06000043,64,TALABIRA OCP -,,,COAL,2010-02,2008-03,,447.72,,447.72,,,5.32,2015-03,,2016-03,,,,0,0,,,,FR_FEB_2010.pdf,Sector-Wise analysis of projects,35,64
FR_201002_065,,N06000058,65,AUGMENTATION OF PRODUCTION AT SAPRI UG MINE - Total,,,COAL,2010-02,1987-09,,147.86,26110.4,147.86,,,25.5,2012-03,,,,,,0,0,,,,FR_FEB_2010.pdf,Sector-Wise analysis of projects,35,65
FR_201002_066,,100100054,66,"SECOND PHASE EXPANSION OF CAPTIVE ALUMINIUM,SMELTER AND POWE - Total",,,MINES,2010-02,2004-10,,4091.51,4091.51,4091.51,,,3316.0,2008-12,,2009-11,,,,18,111,,,,FR_FEB_2010.pdf,Sector-Wise analysis of projects,36,66
FR_201002_067,,N12000018,67,Deve. of Bailadila Iron Ore Deposit- II(B)(NMDC) -,NMDC,,STEEL,2010-02,2003-01,,295.89,,607.17,,,206.09,2009-10,,2009-10,,,,2,21,,,,FR_FEB_2010.pdf,Sector-Wise analysis of projects,36,67
FR_201002_068,,N12000021,68,REBUILDING OF COKE OVEN BATTRY NO.-4 -,,,STEEL,2010-02,2007-05,,248.94,,248.94,,,164.48,2009-08,,2010-02,,,,0,0,,,,FR_FEB_2010.pdf,Sector-Wise analysis of projects,36,68
FR_201002_069,,N12000036,69,SIMULTANEOUS BLOWING OF BOF CONVERTER OF SMS-II -,,,STEEL,2010-02,2008-01,,197.66,,197.66,,,103.09,2009-10,,2010-03,,,,0,0,,,,FR_FEB_2010.pdf,Sector-Wise analysis of projects,36,69
FR_201002_070,,N12000035,70,REBUILDING OF BLAST FURNANCE NO.2(BOKARO STEEL PL -,,,STEEL,2010-02,2007-10,,892.32,,892.32,,,527.0,2009-08,,2010-04,,,,0,0,,,,FR_FEB_2010.pdf,Sector-Wise analysis of projects,36,70
FR_201002_071,,120100069,71,COAL DUST INJECTION IN BF-2 and 3 -,,,STEEL,2010-02,2006-04,,132.73,,133.92,,,87.24,2008-05,,2010-05,,,,0,2,,,,FR_FEB_2010.pdf,Sector-Wise analysis of projects,36,71
FR_201002_072,,N12000016,72,REBUILIDING OF COKE OVEN BATTERY-10 -,,,STEEL,2010-02,2007-03,,416.5,,416.5,,,244.28,2009-09,,2010-06,,,,0,0,,,,FR_FEB_2010.pdf,Sector-Wise analysis of projects,36,72
FR_201002_073,,N12000049,73,ENHANCEMENT OF LOADING CAPACITY AT BOLANI IRON ORE -,,,STEEL,2010-02,2008-06,,124.88,,119.88,,,47.03,2009-12,,2010-06,,,,0,0,,,,FR_FEB_2010.pdf,Sector-Wise analysis of projects,36,73
FR_201002_074,,N12000050,74,EXPANSION OF SALEM STEEL PLANT -,,,STEEL,2010-02,2008-01,,1902.0,,1902.0,,,1358.8,2010-03,,2010-06,,,,0,0,,,,FR_FEB_2010.pdf,Sector-Wise analysis of projects,36,74
FR_201002_075,,N12000054,75,REBUILDING OF COKE OVEN BATTERY NO-6 (BSP) -,BSP,,STEEL,2010-02,2008-07,,172.78,,191.0,,,74.27,2010-01,,2010-06,,,,0,0,,,,FR_FEB_2010.pdf,Sector-Wise analysis of projects,36,75
FR_201002_076,,N12000060,76,AIR SEPARATION PLANT (ASU-4) -,ASU-4,,STEEL,2010-02,2008-03,,96.0,,170.0,,,42.02,2010-06,,2010-06,,,,0,0,,,,FR_FEB_2010.pdf,Sector-Wise analysis of projects,36,76
FR_201002_077,,N12000025,77,"INSTALLATION OF 700 TPD OXYGEN PLANT, ROURKELA -",,,STEEL,2010-02,2007-07,,302.7,,302.7,,,227.5,2009-06,,2010-07,,,,0,0,,,,FR_FEB_2010.pdf,Sector-Wise analysis of projects,36,77
FR_201002_078,,N12000037,78,Pulverised coal injection system for bf- 1&2 -,,,STEEL,2010-02,2007-11,,125.0,,133.0,,,36.47,2009-09,,2010-08,,,,0,0,,,,FR_FEB_2010.pdf,Sector-Wise analysis of projects,36,78
FR_201002_079,,N12000039,79,POWER PLANT-I -,,,STEEL,2010-02,2007-09,,462.0,,350.0,,,84.4,2009-12,,2010-08,,,,0,0,,,,FR_FEB_2010.pdf,Sector-Wise analysis of projects,36,79
FR_201002_080,,N12000069,80,330 TPH BOILER-6 AND AUXILIARY SYSTEM -,,,STEEL,2010-02,2007-07,,260.0,,353.0,,,80.0,2010-02,,2010-08,,,,0,0,,,,FR_FEB_2010.pdf,Sector-Wise analysis of projects,36,80
FR_201002_081,,N12000052,81,Air Separation Plant(ASU-5) -,ASU-5,,STEEL,2010-02,2008-06,,129.5,,145.0,,,6.64,2010-12,,2010-12,,,,0,0,,,,FR_FEB_2010.pdf,Sector-Wise analysis of projects,36,81
FR_201002_082,,N12000068,82,67.5 MW TG-5 AUX. S'TEM EMERGENCY POWER REQUIREM -,,,STEEL,2010-02,2007-07,,230.0,,358.0,,,114.32,2010-02,,2011-01,,,,0,0,,,,FR_FEB_2010.pdf,Sector-Wise analysis of projects,36,82
FR_201002_083,,N12000033,83,Rebuilding of coke oven battery No.1 & 2 (Bokaro S -,,,STEEL,2010-02,2007-10,,500.9,,500.9,,,165.99,2010-04,,2011-04,,,,0,0,,,,FR_FEB_2010.pdf,Sector-Wise analysis of projects,36,83
FR_201002_084,,N12000023,84,"700TPD ARI SEPARATION UNIT-4 AT OXYGEN PLANT-II, BHILLAI -",,,STEEL,2010-02,2007-07,,244.3,,232.93,,,50.18,2009-07,,2011-05,,,,0,0,,,,FR_FEB_2010.pdf,Sector-Wise analysis of projects,36,84
FR_201002_085,,N12000034,85,INSTALLATION OF NEW TURBO BLOWER IN TURBO BLOWER S -,,,STEEL,2010-02,2007-10,,105.33,35.0,116.33,,,12.97,2009-08,,2011-05,,,,0,0,,,,FR_FEB_2010.pdf,Sector-Wise analysis of projects,36,85
FR_201002_086,,120100067,86,EXPANSION OF RINL/VSP FROM 3 MTPY-6.3 MTPY OF LIQUID STEEL -,,,STEEL,2010-02,2005-10,,8692.0,,12228.0,,,5523.0,2009-10,,2011-06,,,,0,126,,,,FR_FEB_2010.pdf,Sector-Wise analysis of projects,37,86
FR_201002_087,,N12000038,87,COKE OVEN BATTERY NO. 4 PHASE- II -,,,STEEL,2010-02,2007-08,,108.0,,168.95,,,12.0,2009-10,,2011-06,,,,0,0,,,,FR_FEB_2010.pdf,Sector-Wise analysis of projects,37,87
FR_201002_088,,N12000051,88,EXPANSION OF IISCO STEEL PLANT -,,,STEEL,2010-02,2008-02,,14443.0,,14443.0,,,6545.8,2010-07,,2011-06,,,,0,0,,,,FR_FEB_2010.pdf,Sector-Wise analysis of projects,37,88
FR_201002_089,,N12000053,89,Augmentation of Iron Ore Storage in RMHP -,,,STEEL,2010-02,2008-05,,480.0,,480.84,,,4.04,2010-09,,2011-12,,,,0,0,,,,FR_FEB_2010.pdf,Sector-Wise analysis of projects,37,89
FR_201002_090,,N12000055,90,EXPANSION OF BOKARO STEEL PLANT -,,,STEEL,2010-02,2008-01,,3316.0,,3534.0,,,932.87,2010-12,,2011-12,,,,0,0,,,,FR_FEB_2010.pdf,Sector-Wise analysis of projects,37,90
FR_201002_091,,N12000056,91,EXPENSION OF ROURKELA STEEL PLANT -,,,STEEL,2010-02,2008-09,,6133.0,,8128.0,,,1253.17,2011-02,,2013-03,,,,0,0,,,,FR_FEB_2010.pdf,Sector-Wise analysis of projects,37,91
FR_201002_092,,N12000057,92,EXPANSION OF BHILAI STEEL PLANT -,,,STEEL,2010-02,2008-09,,5185.0,,6146.0,,,1474.84,2011-05,,2013-03,,,,0,0,,,,FR_FEB_2010.pdf,Sector-Wise analysis of projects,37,92
FR_201002_093,,N12000010,93,COKING COAL FACILITIES IN COAL HANDLING PLANT -,,,STEEL,2010-02,2006-09,,133.91,,134.32,,,103.0,2008-03,,,,,,0,3,,,,FR_FEB_2010.pdf,Sector-Wise analysis of projects,37,93
FR_201002_094,,N12000022,94,INSTALLATION OF MSDS-V AND TRANSMISSION NETWORK F - Total,,,STEEL,2010-02,2007-05,,143.02,45473.36,143.02,,,104.49,2008-11,,,,,,0,0,,,,FR_FEB_2010.pdf,Sector-Wise analysis of projects,37,94
FR_201002_095,,160100281,95,CLEAN FUELS PROJECT AT VISAKH REFINERY(HPCL) -,HPCL,,PETROLEUM,2010-02,2003-04,,1635.0,,2147.79,,,2095.36,2006-05,,2009-12,,,,29,45,,,,FR_FEB_2010.pdf,Sector-Wise analysis of projects,37,95
FR_201002_096,,N16000028,96,"CRUDE OIL RECEIPT FACILITIES,KOCHI REFINERY -",,,PETROLEUM,2010-02,2006-04,,2591.8,,3941.41,,,1793.0,2009-09,,2009-12,,,,0,0,,,,FR_FEB_2010.pdf,Sector-Wise analysis of projects,37,96
FR_201002_097,,N16000035,97,MSQ UPGRADATION PROJECT AT PANIPAT REFINERY -,,,PETROLEUM,2010-02,2008-01,,1131.0,,1131.0,,,750.71,2009-12,,2010-01,,,,0,0,,,,FR_FEB_2010.pdf,Sector-Wise analysis of projects,37,97
FR_201002_098,,N16000082,98,SHORT TERM LOW COST MUMBAI REFINERY -,,,PETROLEUM,2010-02,2006-12,,390.0,,230.0,,,164.51,2010-01,,2010-01,,,,0,0,,,,FR_FEB_2010.pdf,Sector-Wise analysis of projects,37,98
FR_201002_099,,160100289,99,INST. OF FACILITIES FOR IMPROVEMENT IN DIESEL QUALITY (IOCL) -,IOCL,,PETROLEUM,2010-02,2005-11,,1876.0,2869.0,2869.0,,,2550.34,2009-04,2009-12,2010-02,,,,31,36,,,,FR_FEB_2010.pdf,Sector-Wise analysis of projects,37,99
FR_201002_100,,N16000034,100,INST. OF FCC GASOLINE DESULPHUN UNIT AT MATHURA RE -,,,PETROLEUM,2010-02,2008-01,,348.0,,348.0,,,186.58,2009-12,,2010-02,,,,0,0,,,,FR_FEB_2010.pdf,Sector-Wise analysis of projects,37,100
FR_201002_101,,N16000080,101,CAPACITY EXP. CUM MODERNISATION PH-II -,,,PETROLEUM,2010-02,2009-09,,2591.8,3941.41,3941.41,,,2176.19,2009-12,,2010-02,,,,0,0,,,,FR_FEB_2010.pdf,Sector-Wise analysis of projects,37,101
FR_201002_102,,160100292,102,PANIPAT NAPHTA CRACKER PROJECT -,,,PETROLEUM,2010-02,2006-04,,12138.0,,14439.0,,,11284.0,2009-09,2009-11,2010-03,,,,61,101,,,,FR_FEB_2010.pdf,Sector-Wise analysis of projects,37,102
FR_201002_103,,N16000029,103,CHENNAI-BANGALORE PIPELINE -,,,PETROLEUM,2010-02,2007-07,,232.11,,273.0,,,239.08,2009-07,,2010-03,,,,0,0,,,,FR_FEB_2010.pdf,Sector-Wise analysis of projects,37,103
FR_201002_104,,N16000047,104,CHAINSA-JHAJJAR PIPE LINE PROJECT -,,,PETROLEUM,2010-02,2007-11,,967.77,,565.0,,,382.13,2009-09,,2010-03,,,,0,0,,,,FR_FEB_2010.pdf,Sector-Wise analysis of projects,37,104
FR_201002_105,,N16000049,105,SULTANPUR NEEMRANA PIPE LINE PROJECT -,,,PETROLEUM,2010-02,2007-11,,396.13,,396.13,,,,2009-10,,2010-03,,,,0,0,,,,FR_FEB_2010.pdf,Sector-Wise analysis of projects,37,105
FR_201002_106,,N16000078,106,BINA DESPATCH TERMINAL -,,,PETROLEUM,2010-02,2007-05,,490.71,639.11,639.11,,,520.92,2009-12,,2010-03,,,,0,0,,,,FR_FEB_2010.pdf,Sector-Wise analysis of projects,37,106
FR_201002_107,,N16000079,107,BINA KOTA PIPE LINE PROJECT -,,,PETROLEUM,2010-02,2007-07,,405.82,,405.82,,,277.56,2009-12,,2010-03,,,,0,0,,,,FR_FEB_2010.pdf,Sector-Wise analysis of projects,38,107
FR_201002_108,,N16000018,108,DADRI- PANIPAT R-LNG SPUR PIPELINE -,,,PETROLEUM,2010-02,2005-06,,250.66,350.0,389.0,,,331.87,2008-06,,2010-04,,,,0,0,,,,FR_FEB_2010.pdf,Sector-Wise analysis of projects,38,108
FR_201002_109,,N16000041,109,LPG PROCESSING & COMPRESSION -,,,PETROLEUM,2010-02,2007-08,,142.0,,139.07,,,57.04,2009-10,,2010-04,,,,0,0,,,,FR_FEB_2010.pdf,Sector-Wise analysis of projects,38,109
FR_201002_110,,N16000048,110,VIJAPUR DADRI-BAWANA PIPE LINE PROJECT -,,,PETROLEUM,2010-02,2007-11,,5595.31,,3860.0,,,3114.04,2009-11,2010-04,2010-04,,,,0,0,,,,FR_FEB_2010.pdf,Sector-Wise analysis of projects,38,110
FR_201002_111,,N16000062,111,HEERA RECONSTRUCTION -,,,PETROLEUM,2010-02,2008-05,,706.7,706.7,706.7,,,102.23,2010-04,,2010-04,,,,0,0,,,,FR_FEB_2010.pdf,Sector-Wise analysis of projects,38,111
FR_201002_112,,N16000023,112,DEVELOPMENT OF C-SERIES FIELDS -,,,PETROLEUM,2010-02,2006-08,,3195.16,,2800.0,,,1557.81,2008-12,,2010-05,,,,0,0,,,,FR_FEB_2010.pdf,Sector-Wise analysis of projects,38,112
FR_201002_113,,N16000026,113,LUBDE OIL BASE STOCK QUALITY UPGRADATION AT MUMBAI -,,,PETROLEUM,2010-02,2006-10,,638.9,,1030.0,,,576.32,2009-04,,2010-05,,,,0,0,,,,FR_FEB_2010.pdf,Sector-Wise analysis of projects,38,113
FR_201002_114,,N16000045,114,MNW-NF BRIDGE PROJECT -,,,PETROLEUM,2010-02,2008-05,,175.21,,162.12,,,58.19,2009-03,,2010-05,,,,0,0,,,,FR_FEB_2010.pdf,Sector-Wise analysis of projects,38,114
FR_201002_115,,N16000055,115,BARGE BUMPER-BOAT LANDING- RISER PROTECTOR PROJECT -,,,PETROLEUM,2010-02,2008-05,,289.6,,289.6,,,173.95,2010-05,,2010-05,,,,0,0,,,,FR_FEB_2010.pdf,Sector-Wise analysis of projects,38,115
FR_201002_116,,N16000067,116,SINGLE POINT MOORING PROJECT AT VISAKHAPATNAM -,,,PETROLEUM,2010-02,2008-11,,643.46,,643.46,,,306.39,2010-05,,2010-05,,,,0,0,,,,FR_FEB_2010.pdf,Sector-Wise analysis of projects,38,116
FR_201002_117,,N16000009,117,"DIESEL HYDRO TREATMENT PROJECT,BRPL DHALIGAON -",,,PETROLEUM,2010-02,2006-06,,1431.91,,1675.72,,,1218.02,2009-09,,2010-06,,,,0,0,,,,FR_FEB_2010.pdf,Sector-Wise analysis of projects,38,117
FR_201002_118,,N16000021,118,RESIDUE UPGRADATION AND MS/HSD QUALITY IMPROVEMENT -,,,PETROLEUM,2010-02,2007-01,,5693.0,,6898.0,,,5086.94,2010-01,,2010-06,,,,0,0,,,,FR_FEB_2010.pdf,Sector-Wise analysis of projects,38,118
FR_201002_119,,N16000024,119,HEERA AND SOUTH HEERA RE- DEVELOPMENT PROJECT -,,,PETROLEUM,2010-02,2006-09,,2305.3,,2305.3,,,1144.34,2010-06,2010-06,2010-06,,,,0,0,,,,FR_FEB_2010.pdf,Sector-Wise analysis of projects,38,119
FR_201002_120,,N16000038,120,MSQ UPGRADATION PROJECT AT BARAUNI REFINERY -,,,PETROLEUM,2010-02,2008-04,,1492.0,,1492.0,,,795.5,2010-04,,2010-06,,,,0,0,,,,FR_FEB_2010.pdf,Sector-Wise analysis of projects,38,120
FR_201002_121,,N16000042,121,TWO PIPELINE REPLACEMENT PROJECT AT AHMEDABAD MEHS -,,,PETROLEUM,2010-02,2008-03,,188.18,,143.84,,,87.57,2010-06,,2010-06,,,,0,0,,,,FR_FEB_2010.pdf,Sector-Wise analysis of projects,38,121
FR_201002_122,,N16000056,122,INSTALLATION OF FCCV AT MUMBAI REFINERY -,,,PETROLEUM,2010-02,2007-03,,900.47,,900.47,,,493.93,2009-09,,2010-06,,,,0,0,,,,FR_FEB_2010.pdf,Sector-Wise analysis of projects,38,122
FR_201002_123,,160100168,123,"C2-C3 AND LPG RECOVERY FROM LNG, DAHEJ (ONGC) -",ONGC,,PETROLEUM,2010-02,2003-12,,900.92,,1493.49,,,595.34,2006-06,2008-05,2010-07,,,,0,2,,,,FR_FEB_2010.pdf,Sector-Wise analysis of projects,38,123
FR_201002_124,,N16000036,124,MSQ UPGRADATION PROJECT AT GUWAHATI REFINERY -,,,PETROLEUM,2010-02,2008-04,,372.0,,372.0,,,184.43,2010-02,,2010-07,,,,0,0,,,,FR_FEB_2010.pdf,Sector-Wise analysis of projects,38,124
FR_201002_125,,N16000037,125,MSQ UPGRADATION PROJECT AT DIGBOI REFINERY -,,,PETROLEUM,2010-02,2008-04,,356.0,,356.0,,,170.7,2010-02,,2010-07,,,,0,0,,,,FR_FEB_2010.pdf,Sector-Wise analysis of projects,38,125
FR_201002_126,,N16000040,126,MSQ IMPROVMENT PROJECT -,,,PETROLEUM,2010-02,2008-04,,293.6,,293.6,,,158.44,2009-12,,2010-07,,,,0,0,,,,FR_FEB_2010.pdf,Sector-Wise analysis of projects,38,126
FR_201002_127,,N16000017,127,EXPANSION OF PANIPAT REFINERY FROM 12 TO 15 MMTPA -,,,PETROLEUM,2010-02,2005-06,,806.0,1007.83,1007.83,,,593.33,2008-03,2009-12,2010-08,,,,18,48,,,,FR_FEB_2010.pdf,Sector-Wise analysis of projects,38,127
FR_201002_128,,N16000050,128,BAWANA NANGAL PIPE LINE PROJECT -,,,PETROLEUM,2010-02,2010-10,,1816.07,,1816.07,,,,2010-10,,2010-10,,,,0,0,,,,FR_FEB_2010.pdf,Sector-Wise analysis of projects,38,128
FR_201002_129,,N16000051,129,JHAJJAR HISSAR PIPE LINE PROJECT -,,,PETROLEUM,2010-02,2007-11,,281.07,37.0,281.07,,,,2010-10,,2010-10,,,,0,0,,,,FR_FEB_2010.pdf,Sector-Wise analysis of projects,38,129
FR_201002_130,,N16000052,130,DAHEJ-VIJAYPUR PIPE LINE PROJECT -,,,PETROLEUM,2010-02,2007-11,,4429.38,,3000.0,,,,2010-10,,2010-10,,,,0,0,,,,FR_FEB_2010.pdf,Sector-Wise analysis of projects,39,130
FR_201002_131,,N16000053,131,COMPRESSOR STATIONS (VIJAYPUR AND JHABUA) PHASE-I -,VIJAYPUR AND JHABUA,,PETROLEUM,2010-02,2007-11,,1512.0,,1212.85,,,,2011-10,,2010-10,,,,0,0,,,,FR_FEB_2010.pdf,Sector-Wise analysis of projects,39,131
FR_201002_132,,N16000066,132,CONSTRUCTION OF NEW TERMINAL AT ENNORE CHENNAI -,,,PETROLEUM,2010-02,2008-01,,224.0,,224.0,,,39.43,2010-12,,2010-12,,,,0,0,,,,FR_FEB_2010.pdf,Sector-Wise analysis of projects,39,132
FR_201002_133,,N16000076,133,Guru Govind Singh Refinary Product Evacuation -,,,PETROLEUM,2010-02,2009-01,,605.4,605.4,605.4,,,132.32,2010-12,2010-12,2010-12,,,,0,18,,,,FR_FEB_2010.pdf,Sector-Wise analysis of projects,39,133
FR_201002_134,,N16000083,134,REFRIGERAPED LPG STORAGE AT JNPT -,,,PETROLEUM,2010-02,2008-06,,304.4,,304.4,,,32.06,2010-12,,2010-12,,,,0,0,,,,FR_FEB_2010.pdf,Sector-Wise analysis of projects,39,134
FR_201002_135,,N16000074,135,CAPACITY AUGMENTATION OF AGRA& FEROZABAD REGION -,,,PETROLEUM,2010-02,2009-07,,199.57,,199.57,,,,2011-01,,2011-01,,,,0,0,,,,FR_FEB_2010.pdf,Sector-Wise analysis of projects,39,135
FR_201002_136,,160100215,136,IOR LAKWA - LAKHMANI (ONGCL) -,ONGCL,,PETROLEUM,2010-02,2001-09,,345.1,,600.0,,,523.08,2007-03,2010-03,2011-03,,,,3,3,,,,FR_FEB_2010.pdf,Sector-Wise analysis of projects,39,136
FR_201002_137,,160100216,137,IOR GELEKI (ONGCL) -,ONGCL,,PETROLEUM,2010-02,2001-09,,390.09,834.9,1200.0,,,987.26,2007-03,2011-03,2011-03,,,,6,6,,,,FR_FEB_2010.pdf,Sector-Wise analysis of projects,39,137
FR_201002_138,,160100217,138,"IOR, RUDRASAGAR (ONGCL) -",ONGCL,,PETROLEUM,2010-02,2001-09,,113.9,,219.22,,,142.38,2006-03,,2011-03,,,,6,6,,,,FR_FEB_2010.pdf,Sector-Wise analysis of projects,39,138
FR_201002_139,,N16000085,139,NORTH TAPTI GAS FIELD DEV. -,,,PETROLEUM,2010-02,2008-07,,589.7,,589.7,,,,2011-03,,2011-03,,,,0,0,,,,FR_FEB_2010.pdf,Sector-Wise analysis of projects,39,139
FR_201002_140,,N16000039,140,MUMBAI HIGH SOUTH REDEVELOPMENT PH-2 -,,,PETROLEUM,2010-02,2007-06,,1252.75,,8061.42,,,3818.71,2009-06,,2011-04,,,,0,0,,,,FR_FEB_2010.pdf,Sector-Wise analysis of projects,39,140
FR_201002_141,,N16000054,141,COMPRESSOR STATIONS (KAILARAS &CHAINSA) -,KAILARAS &CHAINSA,,PETROLEUM,2010-02,2007-11,,1061.93,,1061.78,,,,2011-11,,2011-04,,,,0,0,,,,FR_FEB_2010.pdf,Sector-Wise analysis of projects,39,141
FR_201002_142,,N16000063,142,NEELAM RECONSTRUCTION -,,,PETROLEUM,2010-02,2008-05,,305.08,,305.08,,,33.68,2011-04,,2011-04,,,,0,0,,,,FR_FEB_2010.pdf,Sector-Wise analysis of projects,39,142
FR_201002_143,,160100231,143,INTEGRATED DEV OF G1 and GS-15 (ONGCL) -,ONGCL,,PETROLEUM,2010-02,2003-04,,429.82,1262.93,1262.93,,,1231.4,2005-03,,2011-05,,,,0,0,,,,FR_FEB_2010.pdf,Sector-Wise analysis of projects,39,143
FR_201002_144,,N16000044,144,REVAMPING OF WIN PLATFORM AT MH ASSET -,,,PETROLEUM,2010-02,2008-05,,333.4,,333.4,,,0.35,2010-05,2010-05,2011-05,,,,0,0,,,,FR_FEB_2010.pdf,Sector-Wise analysis of projects,39,144
FR_201002_145,,N16000091,145,BNPL superlines(Uttranchal & Punjab) -,Uttranchal & Punjab,,PETROLEUM,2010-02,2009-12,,540.92,,540.92,,,,2011-05,,2011-05,,,,0,0,,,,FR_FEB_2010.pdf,Sector-Wise analysis of projects,39,145
FR_201002_146,,N16000092,146,VKPL Upgradation and Laying of Superlines -,,,PETROLEUM,2010-02,2009-12,,463.32,,463.32,,,,2011-05,,2011-05,,,,0,0,,,,FR_FEB_2010.pdf,Sector-Wise analysis of projects,39,146
FR_201002_147,,N16000075,147,Construction of Tank and Blending Facility at Vadi -,,,PETROLEUM,2010-02,2009-02,,267.0,,267.0,,,26.7,2011-08,,2011-08,,,,0,0,,,,FR_FEB_2010.pdf,Sector-Wise analysis of projects,39,147
FR_201002_148,,N16000077,148,Construction of Tanks and Blending Facility at Vad -,,,PETROLEUM,2010-02,2009-02,,267.0,,349.0,,,57.75,2011-08,,2011-08,,,,0,0,,,,FR_FEB_2010.pdf,Sector-Wise analysis of projects,39,148
FR_201002_149,,N16000068,149,DIESEL HYDROTREATOR PROJECT AT VISAKH REFINERY -,,,PETROLEUM,2010-02,2009-03,,3597.0,,3597.0,,,49.88,2011-09,,2011-09,,,,0,0,,,,FR_FEB_2010.pdf,Sector-Wise analysis of projects,39,149
FR_201002_150,,N16000069,150,DIESEL HYDROTREATOR PROJECT AT MUMBAI REFINERY -,,,PETROLEUM,2010-02,2009-03,,3284.0,,3284.0,,,54.39,2011-09,,2011-09,,,,0,0,,,,FR_FEB_2010.pdf,Sector-Wise analysis of projects,39,150
FR_201002_151,,N16000057,151,RESITMENT OF MARKETING INSTALATION AT VISAKH -,,,PETROLEUM,2010-02,2009-01,,756.0,,756.0,,,170.08,2011-12,,2011-12,,,,0,0,,,,FR_FEB_2010.pdf,Sector-Wise analysis of projects,39,151
FR_201002_152,,N16000059,152,BRANCH PIPELINE FROM KSPL VIRAMGAON TO KANDLA -,,,PETROLEUM,2010-02,2009-02,,349.0,,349.0,,,4.85,2011-08,,2011-12,,,,0,0,,,,FR_FEB_2010.pdf,Sector-Wise analysis of projects,39,152
FR_201002_153,,N16000064,153,ADDITIONAL GAS PROCESSING UNITS AT URAN -,,,PETROLEUM,2010-02,2008-10,,1797.35,38.0,1797.35,,,,2011-12,,2011-12,,,,0,0,,,,FR_FEB_2010.pdf,Sector-Wise analysis of projects,39,153
FR_201002_154,,N16000065,154,ADDITIONAL GAS PROCESSING FACILITI AT HAZIRA -,,,PETROLEUM,2010-02,2008-02,,370.11,,370.11,,,,2011-04,,2011-12,,,,0,0,,,,FR_FEB_2010.pdf,Sector-Wise analysis of projects,40,154
FR_201002_155,,N16000081,155,HYDROCRACKER REVAMP & SETTING -,,,PETROLEUM,2010-02,2008-02,,825.0,,825.0,,,48.11,2011-12,,2011-12,,,,0,0,,,,FR_FEB_2010.pdf,Sector-Wise analysis of projects,40,155
FR_201002_156,,N16000084,156,CONSTRUCTION OF 12 OFFSHORE SUPPLY VESSELS(OSV) -,OSV,,PETROLEUM,2010-02,2007-06,,736.65,,736.65,,,0.01,2011-12,,2011-12,,,,0,0,,,,FR_FEB_2010.pdf,Sector-Wise analysis of projects,40,156
FR_201002_157,,N16000086,157,ADDITIONAL DEV. OF D-1 FIELD -,,,PETROLEUM,2010-02,2010-01,,2163.64,,2163.64,,,,2011-12,,2011-12,,,,0,0,,,,FR_FEB_2010.pdf,Sector-Wise analysis of projects,40,157
FR_201002_158,,N16000070,158,MORADABAD-KASHIPUR-RUDRAPUR PIPELINE PROJECT. -,,,PETROLEUM,2010-02,2009-07,,238.68,,238.68,,,,2012-01,,2012-01,,,,0,0,,,,FR_FEB_2010.pdf,Sector-Wise analysis of projects,40,158
FR_201002_159,,N16000031,159,OFFSHORE GRID INTERCONNECTIVITY PROJECT IN MUMBAI HIGH -,,,PETROLEUM,2010-02,2007-01,,740.02,,740.02,,,266.78,2010-03,2012-03,2012-03,,,,0,0,,,,FR_FEB_2010.pdf,Sector-Wise analysis of projects,40,159
FR_201002_160,,N16000033,160,DEVELOPMENT OF B-193 CLUSTER FIELDS -,,,PETROLEUM,2010-02,2007-06,,3248.78,5633.44,5633.44,,,0.61,2010-03,2010-08,2012-03,,,,0,0,,,,FR_FEB_2010.pdf,Sector-Wise analysis of projects,40,160
FR_201002_161,,N16000090,161,Integrated crude Oil handling facilities at Paradip -,,,PETROLEUM,2010-02,2009-12,,1492.33,,1492.33,,,18.7,2012-06,,2012-03,,,,0,0,,,,FR_FEB_2010.pdf,Sector-Wise analysis of projects,40,161
FR_201002_162,,N16000032,162,DEVELOPMENT OF B-22 CLUSTER FIELDS -,,,PETROLEUM,2010-02,2007-01,,1552.63,,2920.82,,,5.24,2009-02,2010-09,2012-04,,,,0,0,,,,FR_FEB_2010.pdf,Sector-Wise analysis of projects,40,162
FR_201002_163,,N16000030,163,CONSTRUCTION OF NEW PROCESS COMPLEX MHN -,,,PETROLEUM,2010-02,2007-01,,2853.29,6326.4,6326.4,,,188.14,2010-05,,2012-05,,,,0,0,,,,FR_FEB_2010.pdf,Sector-Wise analysis of projects,40,163
FR_201002_164,,N16000046,164,DEVELOPMENT OF B-46 CLUSTER FIELD -,,,PETROLEUM,2010-02,2007-06,,1436.21,,1436.21,,,,2010-07,,2012-05,,,,0,0,,,,FR_FEB_2010.pdf,Sector-Wise analysis of projects,40,164
FR_201002_165,,N16000060,165,MUMBAI HIGH NORTH DEVELOPMENT PHASE-II -,,,PETROLEUM,2010-02,2009-01,,6855.93,,6855.93,,,478.71,2012-09,,2012-09,,,,0,0,,,,FR_FEB_2010.pdf,Sector-Wise analysis of projects,40,165
FR_201002_166,,N16000088,166,Paradip-Sambalpur-Raipur-Ranchi Pipeline -,,,PETROLEUM,2010-02,2009-08,,1793.0,,1793.0,,,5.76,2012-09,,2012-09,,,,0,0,,,,FR_FEB_2010.pdf,Sector-Wise analysis of projects,40,166
FR_201002_167,,N16000058,167,PARADIP REFINERY PROJECT -,,,PETROLEUM,2010-02,2009-02,,29777.0,,29777.0,,,3212.29,2012-03,,2012-11,,,,0,0,,,,FR_FEB_2010.pdf,Sector-Wise analysis of projects,40,167
FR_201002_168,,N16000071,168,KOCHI-KANJIRKOD BANGALORE- MANGALORE PIPELINE PROJE -,,,PETROLEUM,2010-02,2009-06,,3032.0,,3032.0,,,,2012-12,,2012-12,,,,0,0,,,,FR_FEB_2010.pdf,Sector-Wise analysis of projects,40,168
FR_201002_169,,N16000073,169,DHABOL-BANGALORE PIPELINE PROJECT -,,,PETROLEUM,2010-02,2009-06,,4543.43,,4543.43,,,,2012-12,,2012-12,,,,0,0,,,,FR_FEB_2010.pdf,Sector-Wise analysis of projects,40,169
FR_201002_170,,N16000089,170,De-bottlenecking of SMPL -,,,PETROLEUM,2010-02,2009-12,,1584.0,,1584.0,,,1.51,,,2012-12,,,,0,0,,,,FR_FEB_2010.pdf,Sector-Wise analysis of projects,40,170
FR_201002_171,,N16000072,171,JAGDISHPUR-HALDIA PIPELINE PROJECT -,,,PETROLEUM,2010-02,2009-07,,7596.18,,7596.18,,,,2013-01,,2013-01,,,,0,0,,,,FR_FEB_2010.pdf,Sector-Wise analysis of projects,40,171
FR_201002_172,,N16000061,172,ASSAM RENEWAL PROJECT FOR GROUP A - Total,,,PETROLEUM,2010-02,2009-03,,2465.15,150389.8,2378.86,,,36.27,2013-03,,2013-03,,,,0,0,,,,FR_FEB_2010.pdf,Sector-Wise analysis of projects,40,172
FR_201002_173,,180100165,173,TUIRIAL HE PROJECT(NEEPCO) -,NEEPCO,,POWER,2010-02,1998-07,,368.72,,836.14,,,319.71,2006-07,,2010-03,,,,2,5,,,,FR_FEB_2010.pdf,Sector-Wise analysis of projects,40,173
FR_201002_174,,180100220,174,SEWA- II H.E.P (NHPC) -,NHPC,,POWER,2010-02,2003-09,,665.46,,1016.74,,,950.76,2007-09,,2010-03,,,,8,36,,,,FR_FEB_2010.pdf,Sector-Wise analysis of projects,40,174
FR_201002_175,,180100247,175,NEYVELI TS-II TRANSIMISSION SYSTEM (PGCIL) -,PGCIL,,POWER,2010-02,2005-01,,691.83,39.0,913.33,,,722.72,2007-12,,2010-03,,,,13,20,,,,FR_FEB_2010.pdf,Sector-Wise analysis of projects,40,175
FR_201002_176,,180100253,176,SYSTEM STRENGTHENING - VII OF SOUTHERN REGION (PGCIL) -,PGCIL,,POWER,2010-02,2005-05,,279.3,,340.14,,,287.27,2009-07,,2010-03,,,,5,18,,,,FR_FEB_2010.pdf,Sector-Wise analysis of projects,41,176
FR_201002_177,,180100256,177,KOTESWAR TRANSMISSION SYSTEM (PGCIL) -,PGCIL,,POWER,2010-02,2006-06,,260.34,,241.27,,,131.85,2008-06,,2010-03,,,,6,20,,,,FR_FEB_2010.pdf,Sector-Wise analysis of projects,41,177
FR_201002_178,,180100258,178,KUNADANKULAM-APP TRANS. SYSTEM (PGCIL) -,PGCIL,,POWER,2010-02,2005-05,,1779.29,,1896.65,,,1511.39,2008-11,,2010-03,,,,20,38,,,,FR_FEB_2010.pdf,Sector-Wise analysis of projects,41,178
FR_201002_179,,180100260,179,TRANSMISSION SY. ASSOCIATED WITH BARH GENER. PROJECT(P.GR.) -,P.GR.,,POWER,2010-02,2005-12,,3779.46,,3779.46,,,3257.17,2009-09,,2010-03,,,,11,30,,,,FR_FEB_2010.pdf,Sector-Wise analysis of projects,41,179
FR_201002_180,,180100263,180,KOLDAM HEP TRANSMISSION LINE (PGCIL) -,PGCIL,,POWER,2010-02,2005-09,,464.91,,464.91,,,163.05,2008-09,2008-09,2010-03,,,,9,22,,,,FR_FEB_2010.pdf,Sector-Wise analysis of projects,41,180
FR_201002_181,,260100100,181,EAST-WEST TRANSNISSION CORRIDOR STRENGTHNING SCHEME -,,,POWER,2010-02,2006-06,,803.7,,803.76,,,558.13,2009-06,,2010-03,,,,0,20,,,,FR_FEB_2010.pdf,Sector-Wise analysis of projects,41,181
FR_201002_182,,N18000017,182,NORTHERN REGION SYSTEM STRENGHTENING SCHEME-V -,,,POWER,2010-02,2006-06,,721.25,,721.25,,,558.63,2009-06,,2010-03,,,,6,19,,,,FR_FEB_2010.pdf,Sector-Wise analysis of projects,41,182
FR_201002_183,,N18000020,183,SYSTEM STRENGTHENING IN SOUTH-WESTERN PART-B NORTHERN -,,,POWER,2010-02,2006-10,,150.26,,153.24,,,109.54,2009-10,,2010-03,,,,5,20,,,,FR_FEB_2010.pdf,Sector-Wise analysis of projects,41,183
FR_201002_184,,N18000021,184,NORTHERN REGION SYSTEM STRENGTHENING SCHEME-VI -,,,POWER,2010-02,2007-01,,186.95,,186.95,,,146.76,2009-07,,2010-03,,,,2,21,,,,FR_FEB_2010.pdf,Sector-Wise analysis of projects,41,184
FR_201002_185,,N18000026,185,ENHANCEMENT OF TRANSMISSION CAPACITY IN EAST-WEST -,,,POWER,2010-02,2006-10,,103.8,,103.8,,,70.93,2009-06,,2010-03,,,,0,0,,,,FR_FEB_2010.pdf,Sector-Wise analysis of projects,41,185
FR_201002_186,,180100246,186,KAIGA 3&4 TRANSMISSION SYSTEM (PGCIL) -,PGCIL,,POWER,2010-02,2005-03,,596.45,1007.16,1007.16,,,725.6,2007-12,,2010-06,,,,7,18,,,,FR_FEB_2010.pdf,Sector-Wise analysis of projects,41,186
FR_201002_187,,N18000004,187,EASTERN REGION STRENGTHENING SCHEME-I -,,,POWER,2010-02,2006-10,,975.96,,975.96,,,531.89,2009-10,,2010-06,,,,2,20,,,,FR_FEB_2010.pdf,Sector-Wise analysis of projects,41,187
FR_201002_188,,N18000033,188,EASTERN REGION STRENGTHENING SCHEME-II -,,,POWER,2010-02,2007-12,,227.52,,227.52,,,94.18,2010-06,,2010-06,,,,0,0,,,,FR_FEB_2010.pdf,Sector-Wise analysis of projects,41,188
FR_201002_189,,N18000037,189,TR. SYSTEM FOR STARTUP POWER TO DVC & MAITHON RB G -,,,POWER,2010-02,2008-04,,290.49,,290.49,,,226.45,2010-04,,2010-06,,,,0,0,,,,FR_FEB_2010.pdf,Sector-Wise analysis of projects,41,189
FR_201002_190,,N18000062,190,TR. SYSTEM ASSOCIATED WITH TUTICORIN JV TPS -,,,POWER,2010-02,2009-02,,353.57,,353.57,,,47.43,2010-07,,2010-07,,,,0,0,,,,FR_FEB_2010.pdf,Sector-Wise analysis of projects,41,190
FR_201002_191,,N18000011,191,KORBA STPP STAGE-III -,,,POWER,2010-02,2006-08,,2448.5,,2448.49,,,1805.1,2010-02,,2010-08,,,,3,24,,,,FR_FEB_2010.pdf,Sector-Wise analysis of projects,41,191
FR_201002_192,,N18000035,192,WESTERN REGION STRENGTHENING SCHEME-V -,,,POWER,2010-02,2007-12,,477.69,,477.69,,,268.75,2010-09,,2010-09,,,,0,0,,,,FR_FEB_2010.pdf,Sector-Wise analysis of projects,41,192
FR_201002_193,,N18000040,193,EST. OF 400/220 KV GIS POOLING STATION NEAR CHAMER -,,,POWER,2010-02,2007-09,,262.1,,262.1,,,131.18,2010-09,,2010-09,,,,0,0,,,,FR_FEB_2010.pdf,Sector-Wise analysis of projects,41,193
FR_201002_194,,N18000013,194,National Capital Thermal Power Project Stage-II -,,,POWER,2010-02,2006-10,,5135.33,,5135.33,,,3676.3,2010-10,,2010-10,,,,9,40,,,,FR_FEB_2010.pdf,Sector-Wise analysis of projects,41,194
FR_201002_195,,N18000016,195,Farakka STPP Stage-III -,,,POWER,2010-02,2006-07,,2570.44,,2570.44,,,1529.4,2010-08,,2010-11,,,,11,26,,,,FR_FEB_2010.pdf,Sector-Wise analysis of projects,41,195
FR_201002_196,,N18000038,196,WESTERN REGION STREGTHENING SCHEME-VI -,,,POWER,2010-02,2008-02,,340.72,40.0,340.72,,,102.99,2010-11,,2010-11,,,,0,0,,,,FR_FEB_2010.pdf,Sector-Wise analysis of projects,41,196
FR_201002_197,,N18000039,197,NORTHERN REGION SYSTEM STRENGHTENING SCHEME-XII -,,,POWER,2010-02,2008-02,,261.55,,261.55,,,90.39,2010-11,,2010-11,,,,0,0,,,,FR_FEB_2010.pdf,Sector-Wise analysis of projects,42,197
FR_201002_198,,N18000070,198,SYSTEM STRANGHTENING SCHEME- VIII OF SOUTHERN REGIO -,,,POWER,2010-02,2008-02,,105.84,,105.84,,,52.53,2010-11,,2010-11,,,,0,0,,,,FR_FEB_2010.pdf,Sector-Wise analysis of projects,42,198
FR_201002_199,,180100184,199,KOTESHWAR HEP(THDC) -,THDC,,POWER,2010-02,2000-04,,1301.56,,1301.56,,,1667.43,2005-04,,2010-12,,,,0,0,,,,FR_FEB_2010.pdf,Sector-Wise analysis of projects,42,199
FR_201002_200,,180100241,200,"CHAMERA,STAGE-III (NHPC) -",NHPC,,POWER,2010-02,2005-08,,1405.63,,1405.63,,,1112.84,2010-08,,2010-12,,,,0,0,,,,FR_FEB_2010.pdf,Sector-Wise analysis of projects,42,200
FR_201002_201,,N18000006,201,NIMOO BAZGO HYDROELECTRIC PROJECT -,,,POWER,2010-02,2006-08,,611.01,,611.02,,,416.75,2010-08,,2010-12,,,,0,0,,,,FR_FEB_2010.pdf,Sector-Wise analysis of projects,42,201
FR_201002_202,,N18000022,202,WESTERN REGION STRENGTHENING SCHEME-II -,,,POWER,2010-02,2006-07,,5221.23,,5221.23,,,2027.32,2010-07,,2010-12,,,,2,20,,,,FR_FEB_2010.pdf,Sector-Wise analysis of projects,42,202
FR_201002_203,,N18000034,203,NORTHERN REGION SYSTEM STRENGTHENING-XI -,,,POWER,2010-02,2007-12,,417.76,,417.76,,,210.6,2010-12,,2010-12,,,,0,0,,,,FR_FEB_2010.pdf,Sector-Wise analysis of projects,42,203
FR_201002_204,,N18000036,204,NORTHERN REGION SYSTEM STRENGTHENING SCHEME-X -,,,POWER,2010-02,2007-12,,408.36,,408.36,,,254.53,2010-12,,2010-12,,,,0,0,,,,FR_FEB_2010.pdf,Sector-Wise analysis of projects,42,204
FR_201002_205,,N18000050,205,WESTERN REGION STRENGHTENING SCHEME-IX -,,,POWER,2010-02,2008-04,,230.89,,230.89,,,11.38,2011-01,,2011-01,,,,0,0,,,,FR_FEB_2010.pdf,Sector-Wise analysis of projects,42,205
FR_201002_206,,180100222,206,"TESSTA LOW DAM STAGE - II, III (NHPC) -",NHPC,,POWER,2010-02,2003-10,,768.92,,1279.4,,,1064.6,2007-03,,2011-02,,,,1,25,,,,FR_FEB_2010.pdf,Sector-Wise analysis of projects,42,206
FR_201002_207,,180100251,207,URI H.E.P STAGE -II (NHPC) -,NHPC,,POWER,2010-02,2005-08,,1729.29,,1724.79,,,1021.16,2009-11,,2011-02,,,,0,0,,,,FR_FEB_2010.pdf,Sector-Wise analysis of projects,42,207
FR_201002_208,,N18000007,208,CHUTAK HYDRO-ELECTRIC PROJECT -,,,POWER,2010-02,2006-08,,621.26,,621.28,,,364.48,2011-02,,2011-02,,,,0,0,,,,FR_FEB_2010.pdf,Sector-Wise analysis of projects,42,208
FR_201002_209,,N18000023,209,URI-II -,,,POWER,2010-02,2006-10,,238.25,,238.25,,,171.08,,,2011-05,,,,0,0,,,,FR_FEB_2010.pdf,Sector-Wise analysis of projects,42,209
FR_201002_210,,N18000032,210,SIMHADRI STPP STAGE -II -,,,POWER,2010-02,2007-08,,5103.39,,5038.53,,,2529.3,2011-05,,2011-05,,,,0,0,,,,FR_FEB_2010.pdf,Sector-Wise analysis of projects,42,210
FR_201002_211,,180100250,211,PARBATI H.E.P. STAGE -III (NHPC) -,NHPC,,POWER,2010-02,2005-10,,2304.56,,2304.52,,,942.29,2010-10,,2011-06,,,,0,0,,,,FR_FEB_2010.pdf,Sector-Wise analysis of projects,42,211
FR_201002_212,,N18000018,212,TRANSMISSION SYSTEM ASSOCIATED WITH PARBATI-III HE -,,,POWER,2010-02,2006-07,,557.24,,557.25,,,285.68,2010-01,,2011-06,,,,0,22,,,,FR_FEB_2010.pdf,Sector-Wise analysis of projects,42,212
FR_201002_213,,N18000043,213,TRANSMISSION SYSTEM ASSOCIATED WITH FARAKKA-III -,,,POWER,2010-02,2008-12,,204.07,,204.07,,,56.59,2011-06,,2011-06,,,,0,0,,,,FR_FEB_2010.pdf,Sector-Wise analysis of projects,42,213
FR_201002_214,,N18000059,214,TR. SYSTEM ASSOCIATED WITH CORBA III GENERATION PR -,,,POWER,2010-02,2009-02,,276.61,,276.61,,,71.87,2011-06,,2011-06,,,,0,0,,,,FR_FEB_2010.pdf,Sector-Wise analysis of projects,42,214
FR_201002_215,,N18000055,215,NORTHERN REGION SYSTEM STRENGHTENING SCHEME-IX -,,,POWER,2010-02,2008-07,,525.14,,525.14,,,279.9,2011-07,,2011-07,,,,0,0,,,,FR_FEB_2010.pdf,Sector-Wise analysis of projects,42,215
FR_201002_216,,N18000064,216,TR. SYSTEM ASSOCIATED WITH CHAMERA III HEP -,,,POWER,2010-02,2008-04,,297.37,,297.37,,,140.93,2011-07,,2011-07,,,,0,0,,,,FR_FEB_2010.pdf,Sector-Wise analysis of projects,42,216
FR_201002_217,,N18000067,217,SYSTEM STRENGHTENING -XI IN SOUTHERN REGION -,,,POWER,2010-02,2009-03,,196.1,,196.1,,,9.96,2011-07,,2011-07,,,,0,0,,,,FR_FEB_2010.pdf,Sector-Wise analysis of projects,42,217
FR_201002_218,,180100243,218,"TEESTA LOW DAM HEP, STAGE-IV (NHPC) -",NHPC,,POWER,2010-02,2005-09,,1061.38,41.0,1307.03,,,670.98,2009-09,,2011-08,,,,0,0,,,,FR_FEB_2010.pdf,Sector-Wise analysis of projects,42,218
FR_201002_219,,N18000057,219,NORTHERN REGION SYSTEM STRENGHTENING SCHEME-XIV -,,,POWER,2010-02,2009-02,,132.19,,132.19,,,9.62,2011-08,,2011-08,,,,0,0,,,,FR_FEB_2010.pdf,Sector-Wise analysis of projects,43,219
FR_201002_220,,N18000058,220,NORTHERN REGION SYSTEM STRENGHTENING SCHEME-XVII -,,,POWER,2010-02,2009-02,,210.79,,210.79,,,34.64,2011-08,,2011-08,,,,0,0,,,,FR_FEB_2010.pdf,Sector-Wise analysis of projects,43,220
FR_201002_221,,N18000044,221,SYSTEM STRENGHTENING IN NR GRID FOR KARCHAM WANGTO -,,,POWER,2010-02,2008-12,,328.97,,328.97,,,57.44,2011-09,,2011-09,,,,0,0,,,,FR_FEB_2010.pdf,Sector-Wise analysis of projects,43,221
FR_201002_222,,180100229,222,SIPAT STPP STAGE - I (NTPC) -,NTPC,,POWER,2010-02,2003-12,,8323.39,,8323.39,,,6571.0,2009-12,,2011-10,,,,33,56,,,,FR_FEB_2010.pdf,Sector-Wise analysis of projects,43,222
FR_201002_223,,N18000052,223,NORTHERN REGION SYSTEM STRENGHTENING SCHEME-XV -,,,POWER,2010-02,2009-02,,520.48,,520.48,,,110.02,2011-11,,2011-11,,,,0,0,,,,FR_FEB_2010.pdf,Sector-Wise analysis of projects,43,223
FR_201002_224,,N18000053,224,NORTHERN REGION SYSTEM STRENGHTENING SCHEME-XVIII -,,,POWER,2010-02,2009-02,,509.66,,509.66,,,13.69,2011-11,,2011-11,,,,0,0,,,,FR_FEB_2010.pdf,Sector-Wise analysis of projects,43,224
FR_201002_225,,N18000054,225,NORTHERN REGION SYSTEM STRENGHTENING SCHEME-XIII -,,,POWER,2010-02,2009-02,,317.69,,317.69,,,2.51,2011-11,,2011-11,,,,0,0,,,,FR_FEB_2010.pdf,Sector-Wise analysis of projects,43,225
FR_201002_226,,N18000063,226,TR. SYSTEM ASSOCIATED WITH RAMPUR HEP -,,,POWER,2010-02,2009-02,,184.19,,184.19,,,17.24,2011-11,,2011-11,,,,0,0,,,,FR_FEB_2010.pdf,Sector-Wise analysis of projects,43,226
FR_201002_227,,180100211,227,KOLDAM HEP (NTPC) -,NTPC,,POWER,2010-02,2002-10,,4527.15,,4527.15,,,3008.5,2009-04,,2011-12,,,,19,41,,,,FR_FEB_2010.pdf,Sector-Wise analysis of projects,43,227
FR_201002_228,,N18000071,228,TRIPURA GAS BASED POWER PROJECT -,,,POWER,2010-02,2009-07,,421.01,,623.44,,,16.58,2012-01,,2012-01,,,,0,0,,,,FR_FEB_2010.pdf,Sector-Wise analysis of projects,43,228
FR_201002_229,,N18000041,229,BONGAIGAON THERMAL POWER PROJECT -,,,POWER,2010-02,2008-01,,4375.35,,4375.35,,,831.3,2011-07,,2012-02,,,,0,0,,,,FR_FEB_2010.pdf,Sector-Wise analysis of projects,43,229
FR_201002_230,,N18000049,230,WESTERN REGION STRENGHTENING SCHEME-X -,,,POWER,2010-02,2009-02,,664.96,,664.96,,,18.54,2012-02,,2012-02,,,,0,0,,,,FR_FEB_2010.pdf,Sector-Wise analysis of projects,43,230
FR_201002_231,,N18000051,231,WESTERN REGION SYSTEM STRENGHTENING SCHEME-XI -,,,POWER,2010-02,2009-02,,409.5,,409.5,,,,2012-02,,2012-02,,,,0,0,,,,FR_FEB_2010.pdf,Sector-Wise analysis of projects,43,231
FR_201002_232,,N18000056,232,NORTHERN REGION SYSTEM STRENGHTENING SCHEME-XIX -,,,POWER,2010-02,2009-02,,410.29,,410.29,,,33.31,2012-02,,2012-02,,,,0,0,,,,FR_FEB_2010.pdf,Sector-Wise analysis of projects,43,232
FR_201002_233,,N18000060,233,SYSTEM STRENGHTENING SCHEME- IX OF SOUTHERN REGIONA -,,,POWER,2010-02,2009-02,,120.62,,120.62,,,10.78,2012-02,,2012-02,,,,0,0,,,,FR_FEB_2010.pdf,Sector-Wise analysis of projects,43,233
FR_201002_234,,N18000068,234,765 KV SYSTEM FOR CENTRAL PART OF NORTHERN GRID PA -,,,POWER,2010-02,2009-02,,1347.32,,1347.32,,,163.56,2012-02,,2012-02,,,,0,0,,,,FR_FEB_2010.pdf,Sector-Wise analysis of projects,43,234
FR_201002_235,,N18000024,235,RAMPUR HEP(412 MW) -,412 MW,,POWER,2010-02,2007-01,,2047.03,,2047.03,,,771.3,2012-01,,2012-03,,,,2,10,,,,FR_FEB_2010.pdf,Sector-Wise analysis of projects,43,235
FR_201002_236,,N18000045,236,PARE HYDRO ELECTRIC PROJECT(110 MW) -,110 MW,,POWER,2010-02,2008-12,,573.99,,573.99,,,82.52,2012-08,,2012-08,,,,0,0,,,,FR_FEB_2010.pdf,Sector-Wise analysis of projects,43,236
FR_201002_237,,N18000048,237,MOUDA STPP -,,,POWER,2010-02,2007-11,,5459.28,,5459.28,,,764.6,2012-02,,2012-08,,,,0,0,,,,FR_FEB_2010.pdf,Sector-Wise analysis of projects,43,237
FR_201002_238,,N18000065,238,SUPPLIMENTARY TRANSMISSION ASSOCIATED WITH DVC AND -,,,POWER,2010-02,2008-08,,2360.95,42.0,2360.95,,,765.72,2012-08,,2012-08,,,,0,0,,,,FR_FEB_2010.pdf,Sector-Wise analysis of projects,43,238
FR_201002_239,,N18000069,239,765 KV POOLING STATION & NETWORK WITH DVC AND MAIT -,,,POWER,2010-02,2008-08,,7075.33,,7075.33,,,1526.62,2012-08,,2012-08,,,,0,0,,,,FR_FEB_2010.pdf,Sector-Wise analysis of projects,44,239
FR_201002_240,,N18000061,240,TR. SYSTEM ASSOCIATED WITH MUNDRA ULTRA MEGA POWER -,,,POWER,2010-02,2008-10,,4824.12,,4824.12,,,304.68,2012-10,,2012-10,,,,0,0,,,,FR_FEB_2010.pdf,Sector-Wise analysis of projects,44,240
FR_201002_241,,N18000072,241,VINDHYACHAL STTP STAGE-IV -,,,POWER,2010-02,2009-01,,5915.0,,5915.0,,,484.8,2012-11,,2012-11,,,,0,0,,,,FR_FEB_2010.pdf,Sector-Wise analysis of projects,44,241
FR_201002_242,,N18000073,242,RIHAND STTP STAGE-III (2X500MW) -,2X500MW,,POWER,2010-02,2009-01,,6230.81,,6230.81,,,425.23,2012-11,,2012-11,,,,0,0,,,,FR_FEB_2010.pdf,Sector-Wise analysis of projects,44,242
FR_201002_243,,180100221,243,LOWER SUBANSIRI H.E.P (NHPC) -,NHPC,,POWER,2010-02,2003-09,,6285.33,,6285.33,,,3751.11,2010-09,,2012-12,,,,2,11,,,,FR_FEB_2010.pdf,Sector-Wise analysis of projects,44,243
FR_201002_244,,180100261,244,TRANSMISSION SYSTEM ASSOCIATED WITH PARBATI = II HEP -,,,POWER,2010-02,2005-12,,358.42,,358.42,,,6.09,2008-12,2010-09,2012-12,,,,0,15,,,,FR_FEB_2010.pdf,Sector-Wise analysis of projects,44,244
FR_201002_245,,N18000005,245,LOHARINAG-PAL HEP(4X150MW) -,4X150MW,,POWER,2010-02,2006-06,,2895.1,,2895.1,,,552.33,2011-11,,2012-12,,,,6,34,,,,FR_FEB_2010.pdf,Sector-Wise analysis of projects,44,245
FR_201002_246,,N18000046,246,TRANSMISSION SYSTEM ASSOCIATED WITH SASAN ULTRA ME -,,,POWER,2010-02,2008-12,,7031.88,,7031.88,,,440.03,2012-12,,2012-12,,,,0,0,,,,FR_FEB_2010.pdf,Sector-Wise analysis of projects,44,246
FR_201002_247,,180100210,247,PARBATI HEP (NHPC) II -,NHPC,,POWER,2010-02,2002-09,,3919.59,,3919.59,,,2710.83,2009-09,,2013-03,,,,1,20,,,,FR_FEB_2010.pdf,Sector-Wise analysis of projects,44,247
FR_201002_248,,N18000014,248,Tapovan-Vishnugad HEP (4x130MW) -,4x130MW,,POWER,2010-02,2006-11,,2978.48,,2978.48,,,733.5,2013-03,,2013-03,,,,5,31,,,,FR_FEB_2010.pdf,Sector-Wise analysis of projects,44,248
FR_201002_249,,N18000010,249,TEHRI PUMPED STORAGE PLANT(1000MW) -,1000MW,,POWER,2010-02,2006-07,,1657.0,,1657.6,,,243.51,2010-07,,2013-04,,,,0,0,,,,FR_FEB_2010.pdf,Sector-Wise analysis of projects,44,249
FR_201002_250,,180100239,250,KAMENG HYDROELECTRIC PROJECT (NEEPCO) -,NEEPCO,,POWER,2010-02,2004-12,,2496.9,,3253.22,,,1077.81,2013-05,,2013-05,,,,37,161,,,,FR_FEB_2010.pdf,Sector-Wise analysis of projects,44,250
FR_201002_251,,N18000047,251,BARH STPP STAGE -II -,,,POWER,2010-02,2008-02,,7341.04,,7341.04,,,658.4,2013-08,,2013-08,,,,0,0,,,,FR_FEB_2010.pdf,Sector-Wise analysis of projects,44,251
FR_201002_252,,N18000066,252,NORTH- EAST NORTH WESTERN INTERCONNECTOR I PROJECT -,,,POWER,2010-02,2009-02,,11130.19,,11130.19,,,482.6,2013-08,,2013-08,,,,0,0,,,,FR_FEB_2010.pdf,Sector-Wise analysis of projects,44,252
FR_201002_253,,180100242,253,BARH STPP(3X660MW) NTPC -,3X660MW,,POWER,2010-02,2003-12,,8692.97,,8692.97,,,4626.5,2010-11,,2013-10,,,,15,51,,,,FR_FEB_2010.pdf,Sector-Wise analysis of projects,44,253
FR_201002_254,,N18000042,254,VISHNUGAD PIPALKOTI HYDRO ELECTRIC PROJECT -,,,POWER,2010-02,2008-08,,2491.58,,2491.58,,,98.1,2013-06,,2015-03,,,,0,0,,,,FR_FEB_2010.pdf,Sector-Wise analysis of projects,44,254
FR_201002_255,,N18000031,255,KISHANGANGA HEP -,,,POWER,2010-02,2007-07,,2238.67,3642.04,3642.04,,,245.85,2014-07,,2016-01,,,,0,0,,,,FR_FEB_2010.pdf,Sector-Wise analysis of projects,44,255
FR_201002_256,,180100078,256,LOKTAK D/S HEP(NHPC) - Total Health & Family Welfare,NHPC,,POWER,2010-02,1999-12,,578.62,165167.29,578.62,,,28.33,2006-06,,,,,,0,0,,,,FR_FEB_2010.pdf,Sector-Wise analysis of projects,44,256
FR_201002_257,,210100001,257,NORTH EAST INDIRA GANDHI INST- ITUTE OF HEALTH & MS - Total,,,POWER,2010-02,1986-05,,71.18,422.6,443.15,,,477.33,1999-03,2005-03,,,,,7,16,,,,FR_FEB_2010.pdf,Sector-Wise analysis of projects,44,257
FR_201002_258,,N22000058,258,"AMROHA-KANKATHER,NR -",,,RAILWAYS,2010-02,2000-04,,57.0,107.29,103.57,,,106.47,2005-03,2008-09,2009-05,,,,0,0,,,,FR_FEB_2010.pdf,Sector-Wise analysis of projects,45,258
FR_201002_259,,N22000048,259,"VALLAPARPADM- IDAPALLY,(NL)(RVNL) -",RVNL,,RAILWAYS,2010-02,2006-07,,246.5,246.5,246.5,,,,2009-03,2009-03,2009-11,,,,0,0,,,,FR_FEB_2010.pdf,Sector-Wise analysis of projects,45,259
FR_201002_260,,220100243,260,"AGRA-ETAWAH VIA FATEBAD & BAD (NL),NCR -",NL,,RAILWAYS,2010-02,1999-04,,108.0,214.09,214.09,,,113.4,2009-12,,2009-12,,,,0,0,,,,FR_FEB_2010.pdf,Sector-Wise analysis of projects,45,260
FR_201002_261,,220100318,261,"ETAWAH-MAINPURI (NL),NCR -",NL,,RAILWAYS,2010-02,2001-09,,129.7,129.7,142.48,,,98.84,2008-12,,2009-12,,,,0,0,,,,FR_FEB_2010.pdf,Sector-Wise analysis of projects,45,261
FR_201002_262,,N22000052,262,HARNOUT -SET.UP OF W/S TO UND. POH OF UP TO50 COAC -,,,RAILWAYS,2010-02,2003-04,,98.74,,224.51,,,41.39,,,2009-12,,,,0,0,,,,FR_FEB_2010.pdf,Sector-Wise analysis of projects,45,262
FR_201002_263,,N22000055,263,ABOHAR- FAZILKA -,,,RAILWAYS,2010-02,2001-09,,86.44,,209.57,,,174.22,2009-03,,2010-02,,,,0,0,,,,FR_FEB_2010.pdf,Sector-Wise analysis of projects,45,263
FR_201002_264,,220100009,264,FREIGHT OPERATIONS INFORMATION SYSTEM (FOIS) -,FOIS,,RAILWAYS,2010-02,1984-03,,520.0,422.79,634.13,,,456.48,1995-03,,2010-03,,,,0,0,,,,FR_FEB_2010.pdf,Sector-Wise analysis of projects,45,264
FR_201002_265,,220100131,265,AMBALA-MORADABAD(RE) -,RE,,RAILWAYS,2010-02,1993-03,,152.21,157.76,265.0,,,265.33,1998-03,,2010-03,,,,0,0,,,,FR_FEB_2010.pdf,Sector-Wise analysis of projects,45,265
FR_201002_266,,220100148,266,LANJHIGARH-JUNAGARH NL(ECOR) -,ECOR,,RAILWAYS,2010-02,1993-04,,100.0,142.98,170.0,,,99.32,2002-03,,2010-03,,,,0,0,,,,FR_FEB_2010.pdf,Sector-Wise analysis of projects,45,266
FR_201002_267,,220100151,267,CALICUT-MANGALORE (DL) (SR) -,SR,,RAILWAYS,2010-02,1996-02,,240.0,459.55,571.55,,,567.85,,,2010-03,,,,0,0,,,,FR_FEB_2010.pdf,Sector-Wise analysis of projects,45,267
FR_201002_268,,220100162,268,"MIRAJ-LATUR ROAD(GC),CR -",GC,,RAILWAYS,2010-02,1993-04,,225.0,360.63,816.4,,,693.99,2001-03,,2010-03,,,,0,0,,,,FR_FEB_2010.pdf,Sector-Wise analysis of projects,45,268
FR_201002_269,,220100212,269,"KOTTUR-HARIHAR(NL),(SWR) -",SWR,,RAILWAYS,2010-02,1995-04,,65.94,124.13,281.2,,,264.03,,,2010-03,,,,0,0,,,,FR_FEB_2010.pdf,Sector-Wise analysis of projects,45,269
FR_201002_270,,220100224,270,"NEW JALPAIGURI-NEW BONGAIGAON (GC),NEFR -",GC,,RAILWAYS,2010-02,1998-11,,536.85,,960.48,,,976.28,2003-03,,2010-03,,,,0,0,,,,FR_FEB_2010.pdf,Sector-Wise analysis of projects,45,270
FR_201002_271,,220100240,271,"JAYANAGAR-DARBHANGA-NARKATIA GANJ(GC),ECR -",GC,,RAILWAYS,2010-02,1997-04,,233.0,335.77,501.69,,,278.12,,,2010-03,,,,0,0,,,,FR_FEB_2010.pdf,Sector-Wise analysis of projects,45,271
FR_201002_272,,220100244,272,TAHANJAVUR-VILLUPURAM GAUGE CONVERSION (G.C)(SR) -,SR,,RAILWAYS,2010-02,2001-10,,223.0,356.9,425.9,,,,2008-11,,2010-03,,,,0,0,,,,FR_FEB_2010.pdf,Sector-Wise analysis of projects,45,272
FR_201002_273,,220100251,273,VILLUPURAM-KATPADI (GC)(SR) -,SR,,RAILWAYS,2010-02,2000-02,,175.0,175.0,502.14,,,459.07,,,2010-03,,,,0,0,,,,FR_FEB_2010.pdf,Sector-Wise analysis of projects,45,273
FR_201002_274,,220100258,274,"JALANDHAR-PATHANKOT-JAMMU- TAWI (LD),NR -",LD,,RAILWAYS,2010-02,2002-03,,409.0,625.3,639.54,,,746.02,2007-06,,2010-03,,,,0,0,,,,FR_FEB_2010.pdf,Sector-Wise analysis of projects,45,274
FR_201002_275,,220100270,275,"GADWAL - RAICHUR (NL), SCR -",NL,,RAILWAYS,2010-02,1998-04,,92.63,,228.09,,,140.67,,,2010-03,,,,0,0,,,,FR_FEB_2010.pdf,Sector-Wise analysis of projects,45,275
FR_201002_276,,220100282,276,"DHARMAVARAM-PAKALA (GC), SCR -",GC,,RAILWAYS,2010-02,1997-04,,200.0,546.49,610.07,,,552.23,2009-02,,2010-03,,,,0,0,,,,FR_FEB_2010.pdf,Sector-Wise analysis of projects,45,276
FR_201002_277,,220100291,277,BHILDI-SAMDARI (GC) -,GC,,RAILWAYS,2010-02,1999-04,,244.74,479.0,479.0,,,,2009-03,,2010-03,,,,0,0,,,,FR_FEB_2010.pdf,Sector-Wise analysis of projects,45,277
FR_201002_278,,220100300,278,"KURLA-BHANDUP,5 AND 6TH P.I.,MUMBAI,CR -",,,RAILWAYS,2010-02,1995-04,,49.84,,136.45,,,131.28,2002-03,,2010-03,,,,0,0,,,,FR_FEB_2010.pdf,Sector-Wise analysis of projects,45,278
FR_201002_279,,220100313,279,"SRIGANGANAGAR-SARUPSAR (GC), NWR -",GC,,RAILWAYS,2010-02,1997-04,,143.92,,168.8,,,4.77,,,2010-03,,,,0,0,,,,FR_FEB_2010.pdf,Sector-Wise analysis of projects,45,279
FR_201002_280,,220100322,280,PRATAPNAGAR-CHOTA UDAIPUR (GC) (WR) -,WR,,RAILWAYS,2010-02,2005-04,,148.61,,227.52,,,227.54,2008-03,2009-03,2010-03,,,,0,0,,,,FR_FEB_2010.pdf,Sector-Wise analysis of projects,45,280
FR_201002_281,,220100323,281,RUPSA-BANGRIPOSI (GC)(SER) -,SER,,RAILWAYS,2010-02,1996-02,,57.94,137.56,137.57,,,134.52,1998-03,2005-08,2010-03,,,,0,0,,,,FR_FEB_2010.pdf,Sector-Wise analysis of projects,45,281
FR_201002_282,,220100327,282,KHURDA ROAD - BARANG 3RD LINE (DL) (ECOR) -,ECOR,,RAILWAYS,2010-02,2000-04,,133.41,207.0,211.9,,,,2009-03,,2010-03,,,,0,0,,,,FR_FEB_2010.pdf,Sector-Wise analysis of projects,45,282
FR_201002_283,,N22000002,283,MANSI-PURNIA (EXTENSION OF MANSI-SAHARSA) GAN -,EXTENSION OF MANSI-SAHARSA,,RAILWAYS,2010-02,1996-04,,114.01,283.95,322.87,,,35.59,,,2010-03,,,,0,0,,,,FR_FEB_2010.pdf,Sector-Wise analysis of projects,46,283
FR_201002_284,,N22000046,284,"PODAPAHAR-BANSPANI,(LD)(SER) -",SER,,RAILWAYS,2010-02,2006-04,,129.74,129.74,129.74,,,126.5,2006-03,,2010-03,,,,0,0,,,,FR_FEB_2010.pdf,Sector-Wise analysis of projects,46,284
FR_201002_285,,N22000049,285,OBULAVARIPALLE- KRISHNAPATNAM(RVNL) -,RVNL,,RAILWAYS,2010-02,2006-07,,743.0,732.8,732.8,,,,2008-03,2008-06,2010-03,,,,0,0,,,,FR_FEB_2010.pdf,Sector-Wise analysis of projects,46,285
FR_201002_286,,N22000056,286,SHIMOGA-TALAGUPPA -,,,RAILWAYS,2010-02,1992-12,,46.0,,158.95,,,218.78,,,2010-03,,,,0,0,,,,FR_FEB_2010.pdf,Sector-Wise analysis of projects,46,286
FR_201002_287,,220100233,287,"CONV.OF 1500V DC TRACTION TO 25 KV AC,WR -",,,RAILWAYS,2010-02,1996-07,,273.67,654.51,1160.52,,,434.32,,,2010-06,,,,0,0,,,,FR_FEB_2010.pdf,Sector-Wise analysis of projects,46,287
FR_201002_288,,220100260,288,REINGUNTA-GUNTAKAL(RE) -,RE,,RAILWAYS,2010-02,2000-06,,168.34,,296.2,,,,2003-04,2010-03,2010-06,,,,0,0,,,,FR_FEB_2010.pdf,Sector-Wise analysis of projects,46,288
FR_201002_289,,220100268,289,TOLLYGANJ-GARIA(MTP) -,MTP,,RAILWAYS,2010-02,2000-03,,907.69,,1032.76,,,1006.89,2006-12,,2010-06,,,,0,0,,,,FR_FEB_2010.pdf,Sector-Wise analysis of projects,46,289
FR_201002_290,,220100271,290,"BARAMATI - LONAND (NL), CR -",NL,,RAILWAYS,2010-02,1998-03,,75.0,138.48,138.48,,,35.75,,,2010-06,,,,0,0,,,,FR_FEB_2010.pdf,Sector-Wise analysis of projects,46,290
FR_201002_291,,220100286,291,"RAJATGARH-BARANG(LD),ECOR -",LD,,RAILWAYS,2010-02,1999-04,,166.16,,243.4,,,,2009-02,,2010-06,,,,0,0,,,,FR_FEB_2010.pdf,Sector-Wise analysis of projects,46,291
FR_201002_292,,220100329,292,RAICHUR-GUNTAKAL(DL)(SCR) -,SCR,,RAILWAYS,2010-02,2003-04,,136.62,,221.9,,,,2007-12,2010-03,2010-07,,,,0,0,,,,FR_FEB_2010.pdf,Sector-Wise analysis of projects,46,292
FR_201002_293,,N22000053,293,CHHAPRA-SETTING UP OF WHEEL MANUFACTURING PLANT -,,,RAILWAYS,2010-02,2005-03,,470.09,,881.19,,,86.35,,,2010-07,,,,0,0,,,,FR_FEB_2010.pdf,Sector-Wise analysis of projects,46,293
FR_201002_294,,N22000081,294,BHARUCH-SAMNI-DAHEJ GAUGE CONVERSIN -,,,RAILWAYS,2010-02,2005-09,,200.8,200.8,200.8,,,,,,2010-09,,,,0,0,,,,FR_FEB_2010.pdf,Sector-Wise analysis of projects,46,294
FR_201002_295,,220100264,295,DEOGHAR-DUMKA NEW BG LINE (DOUBL.)(ER) -,ER,,RAILWAYS,2010-02,1999-02,,180.73,320.66,335.0,,,299.15,2006-12,2008-12,2010-11,,,,0,0,,,,FR_FEB_2010.pdf,Sector-Wise analysis of projects,46,295
FR_201002_296,,220100321,296,BILASPUR-URKURA (DL) -,DL,,RAILWAYS,2010-02,1997-04,,151.52,,273.0,,,,2009-03,,2010-11,,,,0,0,,,,FR_FEB_2010.pdf,Sector-Wise analysis of projects,46,296
FR_201002_297,,220100325,297,SUKINDA ROAD - ANGUL (NL)(ECOR) -,ECOR,,RAILWAYS,2010-02,1998-04,,183.23,,638.0,,,,2015-02,,2010-11,,,,0,0,,,,FR_FEB_2010.pdf,Sector-Wise analysis of projects,46,297
FR_201002_298,,220100164,298,BELAPUR-SEAWOOD-URAN ELECTRIF-IED DOUBLE LINE(MTP)- PH-I -,MTP,,RAILWAYS,2010-02,1996-03,,401.81,,495.44,,,263.09,2004-03,,2010-12,,,,0,0,,,,FR_FEB_2010.pdf,Sector-Wise analysis of projects,46,298
FR_201002_299,,220100247,299,KATIHAR - JOGBANI (GC)(NEFR) -,NEFR,,RAILWAYS,2010-02,2001-09,,100.0,,672.38,,,650.02,,,2010-12,,,,0,0,,,,FR_FEB_2010.pdf,Sector-Wise analysis of projects,46,299
FR_201002_300,,220100272,300,"TARAKESWAR - BISHNUPUR NEW BG LINE (NL), ER -",NL,,RAILWAYS,2010-02,2000-04,,157.96,479.2,567.0,,,204.13,2009-12,,2010-12,,,,0,0,,,,FR_FEB_2010.pdf,Sector-Wise analysis of projects,46,300
FR_201002_301,,220100326,301,CUTTACK - BARANG (LD) -,LD,,RAILWAYS,2010-02,1995-04,,127.13,,135.1,,,,,,2010-12,,,,0,0,,,,FR_FEB_2010.pdf,Sector-Wise analysis of projects,46,301
FR_201002_302,,N22000033,302,AJMER-PHULERA-RINGUS-REWARI (G.C.)(NWR)(RVNL) -,RVNL,,RAILWAYS,2010-02,2005-04,,352.0,716.64,718.3,,,,2008-03,2008-08,2010-12,,,,0,0,,,,FR_FEB_2010.pdf,Sector-Wise analysis of projects,46,302
FR_201002_303,,N22000034,303,ALIGARH-GAZIABAD 3RD LINE DOUBLING (RVNL) -,RVNL,,RAILWAYS,2010-02,2003-04,,230.73,399.73,399.5,,,,2009-03,2008-12,2010-12,,,,0,0,,,,FR_FEB_2010.pdf,Sector-Wise analysis of projects,46,303
FR_201002_304,,N22000091,304,BARDHAMAN-KATWA (GC) -,GC,,RAILWAYS,2010-02,2007-04,,245.15,,450.0,,,6.25,2010-12,,2010-12,,,,0,0,,,,FR_FEB_2010.pdf,Sector-Wise analysis of projects,46,304
FR_201002_305,,N22000093,305,MUMBAI URBAN TRANSPORT PROJECT PHASE-I -,,,RAILWAYS,2010-02,2003-04,,3125.2,,4174.0,,,3182.58,2010-12,,2010-12,,,,0,0,,,,FR_FEB_2010.pdf,Sector-Wise analysis of projects,46,305
FR_201002_306,,220100279,306,"REWARI-ROHTAK (NL),NR -",NL,,RAILWAYS,2010-02,2004-01,,149.38,330.23,457.17,,,,2010-02,,2011-02,,,,0,0,,,,FR_FEB_2010.pdf,Sector-Wise analysis of projects,46,306
FR_201002_307,,220100284,307,KHURDA ROAD-BOLANGIR(NL)ECOR -,NL,,RAILWAYS,2010-02,1994-04,,355.38,,1000.0,,,79.07,,,2011-02,,,,0,0,,,,FR_FEB_2010.pdf,Sector-Wise analysis of projects,47,307
FR_201002_308,,220100328,308,TALCHER-BIMALAGARH(NL)(ECOR) -,ECOR,,RAILWAYS,2010-02,2005-04,,726.96,810.78,810.78,,,32.36,,,2011-02,,,,0,0,,,,FR_FEB_2010.pdf,Sector-Wise analysis of projects,47,308
FR_201002_309,,220100062,309,"VIRAMGAM-BHILDI(WR),GC -",WR,,RAILWAYS,2010-02,1990-04,,155.66,,375.21,,,186.15,2010-03,,2011-03,,,,0,0,,,,FR_FEB_2010.pdf,Sector-Wise analysis of projects,47,309
FR_201002_310,,220100118,310,AMRAVATI-NARKHER NL(CR) -,CR,,RAILWAYS,2010-02,1994-06,,120.9,284.27,475.0,,,276.51,1999-06,,2011-03,,,,0,0,,,,FR_FEB_2010.pdf,Sector-Wise analysis of projects,47,310
FR_201002_311,,220100194,311,"MUZAFFARPUR-SITAMARHI(NL),ECR -",NL,,RAILWAYS,2010-02,1997-03,,100.0,,332.75,,,50.7,,,2011-03,,,,0,0,,,,FR_FEB_2010.pdf,Sector-Wise analysis of projects,47,311
FR_201002_312,,220100214,312,"RANCHI-LOHARDAGA(GC),SER -",GC,,RAILWAYS,2010-02,1997-04,,193.78,194.07,456.45,,,240.05,2004-06,,2011-03,,,,0,0,,,,FR_FEB_2010.pdf,Sector-Wise analysis of projects,47,312
FR_201002_313,,220100232,313,"LALITPUR-SATNA-REWA-SINGRULI NL, (NCR) -",NCR,,RAILWAYS,2010-02,1998-09,,925.0,925.0,925.0,,,381.1,2008-05,,2011-03,,,,0,0,,,,FR_FEB_2010.pdf,Sector-Wise analysis of projects,47,313
FR_201002_314,,220100267,314,GOOTY- RENIGUNTA PATCH DOUBLING PH-II (DL) (SCR) -,SCR,,RAILWAYS,2010-02,2002-05,,304.5,306.0,306.0,,,341.81,2009-06,,2011-03,,,,0,0,,,,FR_FEB_2010.pdf,Sector-Wise analysis of projects,47,314
FR_201002_315,,220100303,315,"HAJIPUR-SUGAULI VIA VAISHALI (NL), ECR -",NL,,RAILWAYS,2010-02,2003-04,,324.66,,528.65,,,25.89,,,2011-03,,,,0,0,,,,FR_FEB_2010.pdf,Sector-Wise analysis of projects,47,315
FR_201002_316,,220100306,316,"KODERMA GIRIDH (NL), ECR -",NL,,RAILWAYS,2010-02,1996-04,,371.36,,371.36,,,234.34,,,2011-03,,,,0,0,,,,FR_FEB_2010.pdf,Sector-Wise analysis of projects,47,316
FR_201002_317,,N22000027,317,PALWAL-BHUTESWAR 3RD LINE DOUBLING(NCR)(RVNL) -,RVNL,,RAILWAYS,2010-02,2005-04,,240.0,329.7,329.7,,,,2009-03,2009-12,2011-03,,,,0,0,,,,FR_FEB_2010.pdf,Sector-Wise analysis of projects,47,317
FR_201002_318,,N22000078,318,NEW GUWAHATI-DIGARU PATCH DOUBLING PH-I -,,,RAILWAYS,2010-02,2007-09,,99.84,99.84,110.94,,,77.17,2010-03,,2011-03,,,,0,0,,,,FR_FEB_2010.pdf,Sector-Wise analysis of projects,47,318
FR_201002_319,,N22000094,319,ELECTRIFICATION OF KHURJA- MEERUT-SAHARANPUR & G'BA -,,,RAILWAYS,2010-02,2008-02,,171.1,,171.1,,,43.83,2011-03,,2011-03,,,,0,0,,,,FR_FEB_2010.pdf,Sector-Wise analysis of projects,47,319
FR_201002_320,,N22000095,320,ELECTRIFICATION OF MORADABAD- ROZA -,,,RAILWAYS,2010-02,2006-03,,258.35,,258.35,,,9.3,2011-03,,2011-03,,,,0,0,,,,FR_FEB_2010.pdf,Sector-Wise analysis of projects,47,320
FR_201002_321,,N22000096,321,RAJPIPLA-ANKELASHWAR (GC) -,GC,,RAILWAYS,2010-02,2006-04,,196.97,,196.97,,,33.29,2011-03,,2011-03,,,,0,0,,,,FR_FEB_2010.pdf,Sector-Wise analysis of projects,47,321
FR_201002_322,,N22000076,322,PANSPURA-KHARAGPUR 3D LINE -,,,RAILWAYS,2010-02,2007-09,,252.5,252.5,252.5,,,,2010-02,,2011-11,,,,0,0,,,,FR_FEB_2010.pdf,Sector-Wise analysis of projects,47,322
FR_201002_323,,220100241,323,"CHANDIGARH-LUDHIANA(NEW BG LINE),NR -",NEW BG LINE,,RAILWAYS,2010-02,1997-07,,248.44,576.27,1121.5,,,642.3,,,2011-12,,,,0,0,,,,FR_FEB_2010.pdf,Sector-Wise analysis of projects,47,323
FR_201002_324,,220100285,324,HARIDASPUR-PARADEEP(NL) -,NL,,RAILWAYS,2010-02,1996-04,,301.64,,735.1,,,,2009-09,,2011-12,,,,0,0,,,,FR_FEB_2010.pdf,Sector-Wise analysis of projects,47,324
FR_201002_325,,N22000088,325,UTRATIA-ZAFRABAD (LINE DOUBLING) -,LINE DOUBLING,,RAILWAYS,2010-02,2006-04,,325.0,,496.03,,,27.08,2010-03,,2011-12,,,,0,0,,,,FR_FEB_2010.pdf,Sector-Wise analysis of projects,47,325
FR_201002_326,,220100170,326,"LUMDING-SILCHAR(GC),NEFR -",GC,,RAILWAYS,2010-02,1996-04,,648.0,1676.31,4074.1,,,1965.78,2009-03,,2012-03,,,,0,0,,,,FR_FEB_2010.pdf,Sector-Wise analysis of projects,47,326
FR_201002_327,,220100226,327,DLW GM 4000 / 3000 HP DIESEL LOCOS -,,,RAILWAYS,2010-02,1999-04,,155.54,,141.4,,,103.18,2003-03,,2012-03,,,,0,0,,,,FR_FEB_2010.pdf,Sector-Wise analysis of projects,47,327
FR_201002_328,,220100280,328,"JIND-SONEPAT (NL),NR -",NL,,RAILWAYS,2010-02,2004-01,,190.81,238.56,385.95,,,61.74,,,2012-03,,,,0,0,,,,FR_FEB_2010.pdf,Sector-Wise analysis of projects,47,328
FR_201002_329,,220100304,329,"KOSI BRIDGE (NL), ECR -",NL,,RAILWAYS,2010-02,2002-04,,323.41,,322.95,,,40.56,,,2012-03,,,,0,0,,,,FR_FEB_2010.pdf,Sector-Wise analysis of projects,47,329
FR_201002_330,,N22000028,330,EXT. OF MRTS FROM VELACHERY TO STN. THOMAS -,,,RAILWAYS,2010-02,2006-04,,415.59,,495.74,,,61.49,,,2012-03,,,,0,0,,,,FR_FEB_2010.pdf,Sector-Wise analysis of projects,47,330
FR_201002_331,,N22000075,331,SALKA ROAD -ANUPNAGAR LINE DOUBLING -,,,RAILWAYS,2010-02,2006-09,,324.9,324.9,324.9,,,57.58,2010-03,,2012-03,,,,0,0,,,,FR_FEB_2010.pdf,Sector-Wise analysis of projects,47,331
FR_201002_332,,N22000089,332,SITAMARHI-RAXAUL-NARKATIAGANJ (GC) -,GC,,RAILWAYS,2010-02,1997-04,,501.69,,501.69,,,45.9,2010-03,,2012-03,,,,0,0,,,,FR_FEB_2010.pdf,Sector-Wise analysis of projects,48,332
FR_201002_333,,N22000097,333,TAMLUK DIGHA -,,,RAILWAYS,2010-02,1984-03,,293.97,,293.97,,,1.91,2005-06,,2012-04,,,,0,0,,,,FR_FEB_2010.pdf,Sector-Wise analysis of projects,48,333
FR_201002_334,,220100307,334,"RAIL-CUM-ROAD BRIDGE AT MUNGER (NL), ECR -",NL,,RAILWAYS,2010-02,2002-04,,921.0,,921.0,,,236.87,2009-03,,2012-12,,,,0,0,,,,FR_FEB_2010.pdf,Sector-Wise analysis of projects,48,334
FR_201002_335,,220100308,335,"PATNA GANGA BRIDGE (NL), ECR -",NL,,RAILWAYS,2010-02,2001-04,,624.47,,1480.71,,,445.84,2007-10,,2012-12,,,,0,0,,,,FR_FEB_2010.pdf,Sector-Wise analysis of projects,48,335
FR_201002_336,,N22000077,336,BHOPAL BINA 3D LINE DOUBLING -,,,RAILWAYS,2010-02,2007-09,,687.2,,687.2,,,,2010-03,,2012-12,,,,0,0,,,,FR_FEB_2010.pdf,Sector-Wise analysis of projects,48,336
FR_201002_337,,220100184,337,"DAUSA-GANGAPUR CITY(NL),NWR -",NL,,RAILWAYS,2010-02,1997-02,,151.84,,410.08,,,88.28,,,2013-03,,,,0,0,,,,FR_FEB_2010.pdf,Sector-Wise analysis of projects,48,337
FR_201002_338,,220100263,338,QUILON-TIRUNELVELI-TENKASI- VIRUDHUNAGAR(SR)(GC) -,GC,,RAILWAYS,2010-02,1998-03,,280.0,280.0,899.42,,,535.46,,,2013-03,,,,0,0,,,,FR_FEB_2010.pdf,Sector-Wise analysis of projects,48,338
FR_201002_339,,220100315,339,"RANGIA-MURKONGSELEK, (GC) NEFR -",GC,,RAILWAYS,2010-02,2004-01,,912.7,915.7,1556.23,,,158.87,,,2013-03,,,,0,0,,,,FR_FEB_2010.pdf,Sector-Wise analysis of projects,48,339
FR_201002_340,,220100201,340,"BRAHAMAPUTRA BRIDGE AT BOGIBIL & LINK LINES,NEFR -",,,RAILWAYS,2010-02,1996-04,,1000.0,1500.0,3087.44,,,1682.94,2008-04,2011-12,2014-03,,,,0,0,,,,FR_FEB_2010.pdf,Sector-Wise analysis of projects,48,340
FR_201002_341,,220100266,341,"MAYNAGURI TO JOGIGHOPA VIA CHANGRA (NL),NEFR -",NL,,RAILWAYS,2010-02,2000-02,,733.0,733.0,1502.29,,,424.34,2008-12,,2014-03,,,,0,0,,,,FR_FEB_2010.pdf,Sector-Wise analysis of projects,48,341
FR_201002_342,,N22000083,342,CONSTRUCTION OF NEW LINE FROM HARMATI-ITANAGAR/NAR -,,,RAILWAYS,2010-02,1996-09,,156.0,156.0,160.48,,,72.47,,,2014-03,,,,0,0,,,,FR_FEB_2010.pdf,Sector-Wise analysis of projects,48,342
FR_201002_343,,N22000086,343,NEW B.G. LINE FROM AZARA TO BYRNIHAT (NATINAL PROJ -,,,RAILWAYS,2010-02,2006-09,,200.0,200.0,546.47,,,0.54,,,2014-03,,,,0,0,,,,FR_FEB_2010.pdf,Sector-Wise analysis of projects,48,343
FR_201002_344,,N22000092,344,MUMBAI URBAN TRANSPORT PROJECT PHASE-II -,,,RAILWAYS,2010-02,2008-04,,5300.0,,5300.0,,,120.0,2014-03,,2014-03,,,,0,0,,,,FR_FEB_2010.pdf,Sector-Wise analysis of projects,48,344
FR_201002_345,,N22000099,345,AGARTALA SABROOM -,,,RAILWAYS,2010-02,2008-04,,813.34,,813.34,,,13.89,2014-03,,2014-03,,,,0,0,,,,FR_FEB_2010.pdf,Sector-Wise analysis of projects,48,345
FR_201002_346,,N22000100,346,BHAIRABI SAIRONG -,,,RAILWAYS,2010-02,2008-04,,619.34,,619.34,,,0.01,2014-04,,2014-04,,,,0,0,,,,FR_FEB_2010.pdf,Sector-Wise analysis of projects,48,346
FR_201002_347,,N22000102,347,SEVOK RANGPO -,,,RAILWAYS,2010-02,2008-04,,1339.48,,1339.48,,,,2015-12,,2015-12,,,,0,0,,,,FR_FEB_2010.pdf,Sector-Wise analysis of projects,48,347
FR_201002_348,,220100288,348,JIRIBAM TO IMPHAL (TUPUI)(NL)(NEFR) -,NEFR,,RAILWAYS,2010-02,2003-04,,727.56,727.53,2492.53,,,129.76,2011-03,,2016-03,,,,0,0,,,,FR_FEB_2010.pdf,Sector-Wise analysis of projects,48,348
FR_201002_349,,220100133,349,"UDHAMPUR-SRINAGAR-BARAMULLA (NL),NR -",NL,,RAILWAYS,2010-02,1995-03,,2500.0,8000.0,11270.0,,,5956.55,2001-03,,2017-12,,,,0,0,,,,FR_FEB_2010.pdf,Sector-Wise analysis of projects,48,349
FR_201002_350,,220100007,350,"GUNA-ETAWAH(NCR), NL -",NCR,,RAILWAYS,2010-02,1985-04,,158.77,274.56,432.46,,,433.9,1994-03,,,,,,0,0,,,,FR_FEB_2010.pdf,Sector-Wise analysis of projects,48,350
FR_201002_351,,220100106,351,PEDAPALLI-KARIMNAGAR- NIZAMABAD NL(SCR) -,SCR,,RAILWAYS,2010-02,1994-12,,124.43,407.78,617.63,,,312.05,,,,,,,0,0,,,,FR_FEB_2010.pdf,Sector-Wise analysis of projects,48,351
FR_201002_352,,220100116,352,RAJKOT-VERAVAL & WANSJALIYA- JETALSAR GC(WR) -,WR,,RAILWAYS,2010-02,1992-04,,112.53,320.66,464.5,,,477.15,1996-03,2009-06,,,,,0,0,,,,FR_FEB_2010.pdf,Sector-Wise analysis of projects,48,352
FR_201002_353,,220100125,353,"HOTGI-GADAG(GC),SWR -",GC,,RAILWAYS,2010-02,1994-04,,180.0,,318.66,,,452.61,1999-03,2003-03,,,,,0,0,,,,FR_FEB_2010.pdf,Sector-Wise analysis of projects,48,353
FR_201002_354,,220100135,354,"EKLAKHI-BALURGHAT(NL),NEFR -",NL,,RAILWAYS,2010-02,1986-01,,36.8,274.41,285.93,,,231.68,,,,,,,0,0,,,,FR_FEB_2010.pdf,Sector-Wise analysis of projects,48,354
FR_201002_355,,220100149,355,"DALLIRAJHARA- JAGDALPUR,NL,SECR -",,,RAILWAYS,2010-02,1995-04,,369.0,47.0,968.6,,,0.43,,,,,,,0,0,,,,FR_FEB_2010.pdf,Sector-Wise analysis of projects,48,355
FR_201002_356,,220100183,356,"HASSAN-BANGALORE VIA SHRAVANA-BELGOLA(NL),SWR -",NL,,RAILWAYS,2010-02,1997-02,,295.0,,412.91,,,353.58,,,,,,,0,0,,,,FR_FEB_2010.pdf,Sector-Wise analysis of projects,49,356
FR_201002_357,,220100185,357,"AJMER-UDAIPUR-CHITTAURGARH (GC),NWR -",GC,,RAILWAYS,2010-02,1996-09,,262.0,433.39,456.0,,,470.63,2000-03,,,,,,0,0,,,,FR_FEB_2010.pdf,Sector-Wise analysis of projects,49,357
FR_201002_358,,220100186,358,"GONDIA-JABALPUR(GC),(SECR) -",SECR,,RAILWAYS,2010-02,1997-02,,356.0,,511.86,,,413.02,1998-03,,,,,,0,0,,,,FR_FEB_2010.pdf,Sector-Wise analysis of projects,49,358
FR_201002_359,,220100187,359,"SURENDRANAGAR- BHAVNAGAR(GC),WR -",GC,,RAILWAYS,2010-02,1997-03,,437.4,,563.25,,,681.07,2004-03,2005-03,,,,,0,0,,,,FR_FEB_2010.pdf,Sector-Wise analysis of projects,49,359
FR_201002_360,,220100188,360,"NANGALDAM-TALWARA(NL),NR -",NL,,RAILWAYS,2010-02,1981-03,,37.68,450.0,730.0,,,226.48,,,,,,,0,0,,,,FR_FEB_2010.pdf,Sector-Wise analysis of projects,49,360
FR_201002_361,,220100190,361,"KADUR-CHIKMAGALUR- SAKLESHPUR (NL),(SWR) -",SWR,,RAILWAYS,2010-02,1996-04,,157.0,,274.29,,,71.76,,,,,,,0,0,,,,FR_FEB_2010.pdf,Sector-Wise analysis of projects,49,361
FR_201002_362,,220100191,362,"KARUR-SALEM(NL),SR -",NL,,RAILWAYS,2010-02,1997-02,,155.55,155.0,613.11,,,290.22,,,,,,,0,0,,,,FR_FEB_2010.pdf,Sector-Wise analysis of projects,49,362
FR_201002_363,,220100192,363,"NANDYAL-YERRAGUNTLA(NL),SCR -",NL,,RAILWAYS,2010-02,1997-03,,155.74,164.36,429.49,,,247.05,2009-02,,,,,,0,0,,,,FR_FEB_2010.pdf,Sector-Wise analysis of projects,49,363
FR_201002_364,,220100193,364,"HUBLI-AKOLA(NL),SWR -",NL,,RAILWAYS,2010-02,1995-04,,227.0,,103.72,,,49.48,,,,,,,0,0,,,,FR_FEB_2010.pdf,Sector-Wise analysis of projects,49,364
FR_201002_365,,220100195,365,"HOSPET-GUNTAKAL(LD),SCR -",LD,,RAILWAYS,2010-02,1996-03,,105.22,,268.0,,,,1999-12,2008-03,,,,,0,0,,,,FR_FEB_2010.pdf,Sector-Wise analysis of projects,49,365
FR_201002_366,,220100197,366,"KANPUR-KASGANJ- MATHURA(GC),NER -",GC,,RAILWAYS,2010-02,1997-03,,395.0,598.98,661.72,,,510.14,,,,,,,0,0,,,,FR_FEB_2010.pdf,Sector-Wise analysis of projects,49,366
FR_201002_367,,220100205,367,"MUNEERABAD- MAHABOOBNAGAR(NL),SCR -",NL,,RAILWAYS,2010-02,1996-04,,377.32,218.24,497.47,,,55.86,,,,,,,0,0,,,,FR_FEB_2010.pdf,Sector-Wise analysis of projects,49,367
FR_201002_368,,220100208,368,HOWRAH-AMTA-CHAMPADANGA NL (SER) -,SER,,RAILWAYS,2010-02,1974-04,,31.42,154.3,154.3,,,89.61,2007-03,2007-03,,,,,0,0,,,,FR_FEB_2010.pdf,Sector-Wise analysis of projects,49,368
FR_201002_369,,220100220,369,MACHERLA-NALGONDA(NL)(SCR) -,SCR,,RAILWAYS,2010-02,1998-07,,125.0,,363.26,,,0.27,2008-07,,,,,,0,0,,,,FR_FEB_2010.pdf,Sector-Wise analysis of projects,49,369
FR_201002_370,,220100222,370,"KODERMA-RANCHI VIA BARKAKHANA (NL),ECR -",NL,,RAILWAYS,2010-02,1999-03,,491.19,,1099.2,,,540.09,2005-07,,,,,,0,0,,,,FR_FEB_2010.pdf,Sector-Wise analysis of projects,49,370
FR_201002_371,,220100249,371,KUTTIPURAM-CALICUT INCLD. SHORANUR-M-LORE (DL) (SR) -,SR,,RAILWAYS,2010-02,2001-03,,178.76,178.71,219.94,,,190.49,,,,,,,0,0,,,,FR_FEB_2010.pdf,Sector-Wise analysis of projects,49,371
FR_201002_372,,220100252,372,ANGAMALI-SABARIMALA (N.L.)(SR) -,SR,,RAILWAYS,2010-02,1998-10,,550.0,550.0,550.0,,,62.05,,,,,,,0,0,,,,FR_FEB_2010.pdf,Sector-Wise analysis of projects,49,372
FR_201002_373,,220100253,373,"PURNA-AKOLA (G.C), SCR -",G.C,,RAILWAYS,2010-02,2000-02,,228.0,,497.63,,,477.14,,,,,,,0,0,,,,FR_FEB_2010.pdf,Sector-Wise analysis of projects,49,373
FR_201002_374,,220100254,374,"BIDAR-GULBARGA,SCR(NL) -",NL,,RAILWAYS,2010-02,1999-02,,242.42,369.7,369.7,,,129.05,2009-05,,,,,,0,0,,,,FR_FEB_2010.pdf,Sector-Wise analysis of projects,49,374
FR_201002_375,,220100255,375,GONDA-GORAKHPUR LOOP WITH ANAND NAGAR-NAUTANWA GC (NER) -,NER,,RAILWAYS,2010-02,2002-03,,383.15,,381.17,,,80.12,,,,,,,0,0,,,,FR_FEB_2010.pdf,Sector-Wise analysis of projects,49,375
FR_201002_376,,220100256,376,KAPTANGANJ-THAWE-SIWAN- CHHAPRA GC (NER) -,NER,,RAILWAYS,2010-02,2001-09,,320.1,,320.1,,,108.05,,,,,,,0,0,,,,FR_FEB_2010.pdf,Sector-Wise analysis of projects,49,376
FR_201002_377,,220100257,377,KHAGARIA-KUSHESHWAR ASTHAN (NL) (ECR) -,ECR,,RAILWAYS,2010-02,1997-03,,78.23,,162.87,,,3.99,,,,,,,0,0,,,,FR_FEB_2010.pdf,Sector-Wise analysis of projects,49,377
FR_201002_378,,220100262,378,TIRUCHIRAPPALI-NAGORE- KARAIKKAL(SR)(GC) -,GC,,RAILWAYS,2010-02,1995-09,,100.0,48.0,548.96,,,374.84,,,,,,,0,0,,,,FR_FEB_2010.pdf,Sector-Wise analysis of projects,49,378
FR_201002_379,,220100265,379,KOTLPALLI-NARASAPUR (NL) (SCR) -,SCR,,RAILWAYS,2010-02,2001-12,,330.0,,695.0,,,9.41,,,,,,,0,0,,,,FR_FEB_2010.pdf,Sector-Wise analysis of projects,50,379
FR_201002_380,,220100274,380,BANGLORE - SATYAMANGALAM (NL)(SWR) -,SWR,,RAILWAYS,2010-02,1999-02,,138.0,,901.62,,,0.28,,,,,,,0,0,,,,FR_FEB_2010.pdf,Sector-Wise analysis of projects,50,380
FR_201002_381,,220100277,381,BANKURA - DAMODAR (GC) (SER) -,SER,,RAILWAYS,2010-02,1998-03,,111.9,111.9,325.17,,,278.36,2005-03,2008-12,,,,,0,0,,,,FR_FEB_2010.pdf,Sector-Wise analysis of projects,50,381
FR_201002_382,,220100281,382,"SURAT-KOSAMBA (LD),WR -",LD,,RAILWAYS,2010-02,2000-04,,133.0,,133.0,,,,,,,,,,0,0,,,,FR_FEB_2010.pdf,Sector-Wise analysis of projects,50,382
FR_201002_383,,220100283,383,TANUR (KUTTIPURAM) GURUVAYUR (NL) (SR) -,SR,,RAILWAYS,2010-02,1995-04,,40.0,,137.71,,,9.71,,,,,,,0,0,,,,FR_FEB_2010.pdf,Sector-Wise analysis of projects,50,383
FR_201002_384,,220100290,384,"REWARI-SADULPUR-HISSAR (GC),NWR -",GC,,RAILWAYS,2010-02,1997-04,,198.96,364.19,410.0,,,377.2,,,,,,,0,0,,,,FR_FEB_2010.pdf,Sector-Wise analysis of projects,50,384
FR_201002_385,,220100305,385,"KODERMA-TILAIYA (NL), ECR -",NL,,RAILWAYS,2010-02,2002-04,,459.91,,459.91,,,36.4,,,,,,,0,0,,,,FR_FEB_2010.pdf,Sector-Wise analysis of projects,50,385
FR_201002_386,,220100309,386,"BARBIGHA - SHEKHPURA + NEORA- DANIAWAN (NL), ECR -",NL,,RAILWAYS,2010-02,2002-04,,120.23,,120.23,,,220.17,,,,,,,0,0,,,,FR_FEB_2010.pdf,Sector-Wise analysis of projects,50,386
FR_201002_387,,220100310,387,"BIHARSHARIFF-BARBIGHA (NL), ECR -",NL,,RAILWAYS,2010-02,2001-04,,103.86,,103.86,,,28.93,,,,,,,0,0,,,,FR_FEB_2010.pdf,Sector-Wise analysis of projects,50,387
FR_201002_388,,220100311,388,"DANIAWAN-BIHARSARIF (NL), ECR -",NL,,RAILWAYS,2010-02,2001-04,,104.79,,104.79,,,34.13,,,,,,,0,0,,,,FR_FEB_2010.pdf,Sector-Wise analysis of projects,50,388
FR_201002_389,,220100312,389,"RAJGIR-TILAIYA (NL), ECR -",NL,,RAILWAYS,2010-02,2001-04,,180.82,180.82,180.82,,,230.44,2006-03,,,,,,0,0,,,,FR_FEB_2010.pdf,Sector-Wise analysis of projects,50,389
FR_201002_390,,220100314,390,"RAMGANJMUNDI-BHOPAL (NL),WCR -",NL,,RAILWAYS,2010-02,2001-04,,727.13,727.13,1225.0,,,109.16,,,,,,,0,0,,,,FR_FEB_2010.pdf,Sector-Wise analysis of projects,50,390
FR_201002_391,,220100316,391,MAHARAJGANJ-MASRAKH (NL) - NER -,NL,,RAILWAYS,2010-02,2003-04,,104.1,,113.75,,,40.35,,,,,,,0,0,,,,FR_FEB_2010.pdf,Sector-Wise analysis of projects,50,391
FR_201002_392,,220100317,392,KICHHA-KHATIMA (NL) - NER -,NL,,RAILWAYS,2010-02,2003-04,,165.67,,165.67,,,0.15,,,,,,,0,0,,,,FR_FEB_2010.pdf,Sector-Wise analysis of projects,50,392
FR_201002_393,,220100319,393,HATHUA-BHATNI (N L) (NER) -,NER,,RAILWAYS,2010-02,2005-04,,200.73,,230.03,,,45.76,,,,,,,0,0,,,,FR_FEB_2010.pdf,Sector-Wise analysis of projects,50,393
FR_201002_394,,220100324,394,CHHINDWARA - NAGPUR (GC)(SECR) -,SECR,,RAILWAYS,2010-02,2005-04,,383.79,,585.93,,,102.78,,,,,,,0,0,,,,FR_FEB_2010.pdf,Sector-Wise analysis of projects,50,394
FR_201002_395,,220100330,395,GUNTUR-GUNTAKAL- KALLURU(GL)(SCR) -,SCR,,RAILWAYS,2010-02,1992-04,,458.45,,573.12,,,555.49,,,,,,,0,0,,,,FR_FEB_2010.pdf,Sector-Wise analysis of projects,50,395
FR_201002_396,,N22000029,396,BHATNI-JIRADEI PATCH DOUBLING (NER) -,NER,,RAILWAYS,2010-02,2006-04,,100.27,,100.27,,,0.01,,,,,,,0,0,,,,FR_FEB_2010.pdf,Sector-Wise analysis of projects,50,396
FR_201002_397,,N22000030,397,MUNDERWA-BABHNAN PATCH DOUBLING(NER) -,NER,,RAILWAYS,2010-02,2006-04,,102.1,,102.1,,,22.75,,,,,,,0,0,,,,FR_FEB_2010.pdf,Sector-Wise analysis of projects,50,397
FR_201002_398,,N22000032,398,MANOHARABAD-KOTHPALL NEW LINE(SCR) -,SCR,,RAILWAYS,2010-02,2006-04,,378.56,,670.0,,,0.74,,,,,,,0,0,,,,FR_FEB_2010.pdf,Sector-Wise analysis of projects,50,398
FR_201002_399,,N22000045,399,"GAELKERA-MANOHARPUR,(LD)(SER) -",SER,,RAILWAYS,2010-02,1998-03,,186.92,261.7,261.7,,,0.08,2006-02,,,,,,0,0,,,,FR_FEB_2010.pdf,Sector-Wise analysis of projects,50,399
FR_201002_400,,N22000054,400,SETTING UP EAST COAST RLY.ZN. (SER) -,SER,,RAILWAYS,2010-02,1997-04,,41.67,,129.78,,,90.84,,,,,,,0,0,,,,FR_FEB_2010.pdf,Sector-Wise analysis of projects,50,400
FR_201002_401,,N22000057,401,"PATTABIRAM-ARAKKONAM,SR -",,,RAILWAYS,2010-02,2002-04,,71.94,,124.0,,,151.76,2004-03,2008-07,,,,,0,0,,,,FR_FEB_2010.pdf,Sector-Wise analysis of projects,50,401
FR_201002_402,,N22000079,402,MAYLADUTHURAI-THIRUVARUR- KARAIKUDI-THIRU 'PONDI'-A -,,,RAILWAYS,2010-02,2007-09,,404.19,404.19,711.15,,,38.83,,,,,,,0,0,,,,FR_FEB_2010.pdf,Sector-Wise analysis of projects,50,402
FR_201002_403,,N22000080,403,DINDIGUL-POLLACHI-PALGHAT- POLLACHI AND COIMBATORE -,,,RAILWAYS,2010-02,2006-09,,343.17,343.17,639.0,,,163.05,,,,,,,0,0,,,,FR_FEB_2010.pdf,Sector-Wise analysis of projects,50,403
FR_201002_404,,N22000082,404,ALUABARI ROAD SILIGURI JANCTION VIA GALGALIA -,,,RAILWAYS,2010-02,2006-12,,170.0,170.0,255.96,,,75.34,,,,,,,0,0,,,,FR_FEB_2010.pdf,Sector-Wise analysis of projects,51,404
FR_201002_405,,N22000084,405,TINDIVANAM-GINGEE- TIRUVANNAMALAI (NL) -,NL,,RAILWAYS,2010-02,2006-09,,125.0,125.0,227.4,,,11.32,,,,,,,0,0,,,,FR_FEB_2010.pdf,Sector-Wise analysis of projects,51,405
FR_201002_406,,N22000085,406,TIDIVANAM-NAGARI (NL) -,NL,,RAILWAYS,2010-02,2006-09,,456.0,456.0,582.83,,,24.27,,,,,,,0,0,,,,FR_FEB_2010.pdf,Sector-Wise analysis of projects,51,406
FR_201002_407,,N22000087,407,NEW B.G. LINE FROM ARARIA TO GALGALIA (THAKURGUNG) -,THAKURGUNG,,RAILWAYS,2010-02,2006-09,,300.0,300.0,529.88,,,20.46,,,,,,,0,0,,,,FR_FEB_2010.pdf,Sector-Wise analysis of projects,51,407
FR_201002_408,,N22000098,408,BHAKURA DAMODAR -,,,RAILWAYS,2010-02,1998-03,,282.7,,325.17,,,24.32,2008-07,,,,,,0,0,,,,FR_FEB_2010.pdf,Sector-Wise analysis of projects,51,408
FR_201002_409,,N22000101,409,KISHANGANJ JALALGARH -,,,RAILWAYS,2010-02,2008-04,,282.92,,359.86,,,,,,,,,,0,0,,,,FR_FEB_2010.pdf,Sector-Wise analysis of projects,51,409
FR_201002_410,,N22000103,410,RESTORATION WITH GAUGE CONVERSION OF SILIGHAT TOWN -,,,RAILWAYS,2010-02,1993-04,,100.41,,949.22,,,15.65,2009-12,,,,,,0,0,,,,FR_FEB_2010.pdf,Sector-Wise analysis of projects,51,410
FR_201002_411,,220100168,411,"MANDARHILL-DUMKA-RAMPURHAT (NL),ER -",NL,,RAILWAYS,2010-02,1995-04,,184.0,254.07,676.0,,,294.21,2011-12,,2011-06,,,,0,0,,,,FR_FEB_2010.pdf,Sector-Wise analysis of projects,51,411
FR_201002_412,,220100181,412,AHMEDNAGAR-PARLI VAIJNATH(NL) CR -,NL,,RAILWAYS,2010-02,1997-02,,353.08,353.08,1010.0,,,45.16,2012-12,,2012-12,,,,0,0,,,,FR_FEB_2010.pdf,Sector-Wise analysis of projects,51,412
FR_201002_413,,220100273,413,"DEOGHAR - SULTANGANJ (INL), ER -",INL,,RAILWAYS,2010-02,2000-04,,138.0,258.24,607.09,,,166.35,2012-12,,2012-12,,,,0,0,,,,FR_FEB_2010.pdf,Sector-Wise analysis of projects,51,413
FR_201002_414,,220100278,414,"HAPUR-KANKATHER (LD),NR - Total",LD,,RAILWAYS,2010-02,2003-04,,106.64,117.31,106.64,,,139.37,2007-03,2008-05,,,,,0,0,,,,FR_FEB_2010.pdf,Sector-Wise analysis of projects,51,414
FR_201002_415,,N24000039,415,"JAWAHARLAL NEHRU PORT PHASE- II,SH-54 -",,,ROAD TRANSPORT & HIGHWAYS,2010-02,2000-04,,143.0,,143.0,,,120.3,2007-05,,2009-10,,,,0,0,,,,FR_FEB_2010.pdf,Sector-Wise analysis of projects,51,415
FR_201002_416,,240100203,416,"ALLAHABAD BYPASS (KM.158- KM.198) GQ, NH-2 -",KM.158- KM.198,,ROAD TRANSPORT & HIGHWAYS,2010-02,2000-04,,440.93,,440.93,,,641.4,2006-12,,2009-12,,,,0,0,,,,FR_FEB_2010.pdf,Sector-Wise analysis of projects,51,416
FR_201002_417,,240100204,417,"ALLAHABAD BYPASS (KM.198- KM.242.708) GQ, NH-2 -",KM.198- KM.242.708,,ROAD TRANSPORT & HIGHWAYS,2010-02,2000-04,,534.39,,534.39,,,716.15,2007-05,,2009-12,,,,0,0,,,,FR_FEB_2010.pdf,Sector-Wise analysis of projects,51,417
FR_201002_418,,N24000054,418,"TOVARAMKURCHI-MADURAI,NH45B (NHAI) -",NHAI,,ROAD TRANSPORT & HIGHWAYS,2010-02,2000-04,,263.0,,263.0,,,317.74,2008-08,,2009-12,,,,0,0,,,,FR_FEB_2010.pdf,Sector-Wise analysis of projects,51,418
FR_201002_419,,N24000060,419,AP/KARNATKA BORDER-NANDI HILL CROSSING AND DEVANHA -,,,ROAD TRANSPORT & HIGHWAYS,2010-02,2003-12,,402.8,,402.8,,,453.7,2009-03,,2009-12,,,,0,0,,,,FR_FEB_2010.pdf,Sector-Wise analysis of projects,51,419
FR_201002_420,,N24000105,420,ELEVATED HIGHWAY FROM SILK BOARD JUNCTION TO ELECT -,,,ROAD TRANSPORT & HIGHWAYS,2010-02,2005-03,,450.0,,450.0,,,,2008-07,,2010-01,,,,0,0,,,,FR_FEB_2010.pdf,Sector-Wise analysis of projects,51,420
FR_201002_421,,240101151,421,BHUBANESWAR-KHURDA (GQ) KM.387.7-KM.418 (NH-5) -,NH-5,,ROAD TRANSPORT & HIGHWAYS,2010-02,2000-04,,140.85,,140.85,,,149.17,2004-01,,2010-03,,,,0,0,,,,FR_FEB_2010.pdf,Sector-Wise analysis of projects,51,421
FR_201002_422,,240101187,422,GORHAR-BARWA ADDA (GQ) KM.320- KM.398.75 (NH-2) -,NH-2,,ROAD TRANSPORT & HIGHWAYS,2010-02,2000-04,,399.75,,399.75,,,402.95,2005-03,,2010-03,,,,0,0,,,,FR_FEB_2010.pdf,Sector-Wise analysis of projects,51,422
FR_201002_423,,240106207,423,DEVDHARI-KELAPUR -,,,ROAD TRANSPORT & HIGHWAYS,2010-02,2003-12,,144.0,,144.0,,,121.4,2005-07,,2010-03,,,,0,0,,,,FR_FEB_2010.pdf,Sector-Wise analysis of projects,51,423
FR_201002_424,,240106210,424,"BORKHEDI-JAM (NS-22/MH) PH.II KM.36.6 TO KM.64.0, NH-7 -",NS-22/MH,,ROAD TRANSPORT & HIGHWAYS,2010-02,2003-12,,110.0,50.0,110.0,,,105.7,2005-06,,2010-03,,,,0,0,,,,FR_FEB_2010.pdf,Sector-Wise analysis of projects,51,424
FR_201002_425,,240106227,425,"PURNEA-FORBESGANJ (BR-1) PHASE-II, KM.309 TO 268, NH-57 -",BR-1,,ROAD TRANSPORT & HIGHWAYS,2010-02,2003-12,,276.0,,276.0,,,343.5,2008-04,,2010-03,,,,0,0,,,,FR_FEB_2010.pdf,Sector-Wise analysis of projects,52,425
FR_201002_426,,240106228,426,"PURNEA-FORBESGANJ (BR-2) PHASE-II, KM.268 TO 230, NH-57 -",BR-2,,ROAD TRANSPORT & HIGHWAYS,2010-02,2003-12,,310.0,,310.0,,,371.65,2008-04,,2010-03,,,,0,0,,,,FR_FEB_2010.pdf,Sector-Wise analysis of projects,52,426
FR_201002_427,,240106240,427,"MADURAI -KANIAKUMARI SECTION (NS-41/TN) NH-7,KM.80 TO KM.120 -",NS-41/TN,,ROAD TRANSPORT & HIGHWAYS,2010-02,2003-12,,323.36,,323.36,,,189.9,2008-03,,2010-03,,,,0,0,,,,FR_FEB_2010.pdf,Sector-Wise analysis of projects,52,427
FR_201002_428,,240106241,428,"MADURAI -KANNIAKUMARI SEC. (NS- 42/TN) NH-7, KM.120 TO KM.160 -",NS- 42/TN,,ROAD TRANSPORT & HIGHWAYS,2010-02,2003-12,,507.49,,507.49,,,321.3,2008-03,,2010-03,,,,0,0,,,,FR_FEB_2010.pdf,Sector-Wise analysis of projects,52,428
FR_201002_429,,240106257,429,"DHULE-PIMPALGAON, NH-3, KM.380 TOKM. 265 -",,,ROAD TRANSPORT & HIGHWAYS,2010-02,2005-03,,556.0,,556.0,,,568.5,2009-03,,2010-03,,,,0,0,,,,FR_FEB_2010.pdf,Sector-Wise analysis of projects,52,429
FR_201002_430,,240106268,430,"JALANDAR-AMRITSAR, KM.407/100 TO KM.456/100, NH-1 -",,,ROAD TRANSPORT & HIGHWAYS,2010-02,2005-03,,263.0,,263.0,,,367.74,2009-02,,2010-03,,,,0,0,,,,FR_FEB_2010.pdf,Sector-Wise analysis of projects,52,430
FR_201002_431,,240106273,431,"SALEM TO KERALA BORDER SEC(TN6), KM.203.96 NH7 TO KM 53 NH47 -",TN6,,ROAD TRANSPORT & HIGHWAYS,2010-02,2003-12,,469.8,,469.8,,,665.8,2008-12,,2010-03,,,,0,0,,,,FR_FEB_2010.pdf,Sector-Wise analysis of projects,52,431
FR_201002_432,,240106285,432,TRICHY BYPASS END TO TOVARAMKURCHI (NH-45B)(NHAI) -,NHAI,,ROAD TRANSPORT & HIGHWAYS,2010-02,2005-03,,261.0,,261.0,,,286.3,2008-08,,2010-03,,,,0,0,,,,FR_FEB_2010.pdf,Sector-Wise analysis of projects,52,432
FR_201002_433,,240106289,433,NAGAON BYPASS (NH-37)(NHAI) -,NHAI,,ROAD TRANSPORT & HIGHWAYS,2010-02,2003-12,,230.0,,230.0,,,245.4,2008-06,,2010-03,,,,0,0,,,,FR_FEB_2010.pdf,Sector-Wise analysis of projects,52,433
FR_201002_434,,240106302,434,"SAGAR - RAJMARG CHORAHA,KM 255-297, NH-26 (NHAI) -",NHAI,,ROAD TRANSPORT & HIGHWAYS,2010-02,2003-12,,206.96,,206.96,,,51.79,2008-10,,2010-03,,,,0,0,,,,FR_FEB_2010.pdf,Sector-Wise analysis of projects,52,434
FR_201002_435,,N24000029,435,SIMRAHI TO RING-BUND (MISSIONG LINE) (BR-4) -,BR-4,,ROAD TRANSPORT & HIGHWAYS,2010-02,2003-12,,100.5,,100.5,,,161.0,2008-04,,2010-03,,,,0,0,,,,FR_FEB_2010.pdf,Sector-Wise analysis of projects,52,435
FR_201002_436,,N24000083,436,"PADALUR-TRICHY, NH-45 -",,,ROAD TRANSPORT & HIGHWAYS,2010-02,2005-03,,320.0,,320.0,,,636.1,2009-05,,2010-03,,,,0,0,,,,FR_FEB_2010.pdf,Sector-Wise analysis of projects,52,436
FR_201002_437,,N24000086,437,"SIX LANING OF BANGLORE-HOSUR SECTION OF NH-7, PHAS -",,,ROAD TRANSPORT & HIGHWAYS,2010-02,2005-03,,110.0,,110.0,,,113.84,2008-07,,2010-03,,,,0,0,,,,FR_FEB_2010.pdf,Sector-Wise analysis of projects,52,437
FR_201002_438,,N24000093,438,"MAHARASHTRA/AP BORDER TO ISLAM NAGAR,(NS-2/BOT/AP-6),NH-7 -",NS-2/BOT/AP-6,,ROAD TRANSPORT & HIGHWAYS,2010-02,2003-12,,360.42,,360.42,,,457.7,2009-11,,2010-03,,,,0,0,,,,FR_FEB_2010.pdf,Sector-Wise analysis of projects,52,438
FR_201002_439,,N24000104,439,BANGALORE-NEELAMANGLALA NH-4 -,,,ROAD TRANSPORT & HIGHWAYS,2010-02,2005-03,,445.0,,445.0,,,752.22,2010-07,,2010-03,,,,0,0,,,,FR_FEB_2010.pdf,Sector-Wise analysis of projects,52,439
FR_201002_440,,240100206,440,"COCHIN PORT, NH-47 (PORT CONNECTIVITY) KMS 348 - KMS 358 -",PORT CONNECTIVITY,,ROAD TRANSPORT & HIGHWAYS,2010-02,2000-04,,106.0,,193.0,,,115.01,2006-08,,2010-04,,,,0,0,,,,FR_FEB_2010.pdf,Sector-Wise analysis of projects,52,440
FR_201002_441,,240101178,441,FATEHPUR-KHAGA (GQ) KM.38- KM.115 (NH-2) -,NH-2,,ROAD TRANSPORT & HIGHWAYS,2010-02,2000-04,,372.4,,372.4,,,399.29,2004-07,,2010-04,,,,0,0,,,,FR_FEB_2010.pdf,Sector-Wise analysis of projects,52,441
FR_201002_442,,N24000055,442,"NAGPUR-KONDHALI,NH-6(NHAI) -",NHAI,,ROAD TRANSPORT & HIGHWAYS,2010-02,2005-03,,168.0,,168.0,,,227.74,2008-12,,2010-04,,,,0,0,,,,FR_FEB_2010.pdf,Sector-Wise analysis of projects,52,442
FR_201002_443,,N24000076,443,HYDERABAD-BANGALORE SEC.(NS CORR.PH-II)[KM 251-293 -,NS CORR.PH-II,,ROAD TRANSPORT & HIGHWAYS,2010-02,2003-12,,208.46,,208.46,,,169.4,2009-08,,2010-04,,,,0,0,,,,FR_FEB_2010.pdf,Sector-Wise analysis of projects,52,443
FR_201002_444,,N24000079,444,HYDERABAD-BANGALORE SEC.(NS CORR.PH-II)[KM 376-418 -,NS CORR.PH-II,,ROAD TRANSPORT & HIGHWAYS,2010-02,2003-12,,205.92,,205.92,,,177.4,2009-08,,2010-04,,,,0,0,,,,FR_FEB_2010.pdf,Sector-Wise analysis of projects,52,444
FR_201002_445,,N24000080,445,HYDERABAD-BANGALORE SEC.(NS CORR.PH-II)[KM 418-463 -,NS CORR.PH-II,,ROAD TRANSPORT & HIGHWAYS,2010-02,2003-12,,243.64,,243.64,,,232.5,2009-08,,2010-04,,,,0,0,,,,FR_FEB_2010.pdf,Sector-Wise analysis of projects,52,445
FR_201002_446,,N24000081,446,HYDERABAD-BANGALORE SEC.(NS CORR.PH-II)[KM 211-251 -,NS CORR.PH-II,,ROAD TRANSPORT & HIGHWAYS,2010-02,2003-12,,194.8,51.0,194.8,,,149.8,2009-08,,2010-04,,,,0,0,,,,FR_FEB_2010.pdf,Sector-Wise analysis of projects,52,446
FR_201002_447,,240101134,447,CHITRADURGA BY PASS (GQ) KM.207-KM.189 (NH-4) -,NH-4,,ROAD TRANSPORT & HIGHWAYS,2010-02,2000-04,,104.0,,104.0,,,151.46,2004-08,,2010-05,,,,0,0,,,,FR_FEB_2010.pdf,Sector-Wise analysis of projects,53,447
FR_201002_448,,240106260,448,"AURANG-RAIPUR, NH-6, KM.232 TO KM.281 -",,,ROAD TRANSPORT & HIGHWAYS,2010-02,2005-03,,190.0,,190.0,,,199.18,2009-01,,2010-05,,,,0,0,,,,FR_FEB_2010.pdf,Sector-Wise analysis of projects,53,448
FR_201002_449,,240106262,449,"GONDE-VADAPE(THANE), NH-3, KM.440/000 TO KM.539/500 -",THANE,,ROAD TRANSPORT & HIGHWAYS,2010-02,2005-03,,579.0,,579.0,,,510.08,2009-04,,2010-05,,,,0,0,,,,FR_FEB_2010.pdf,Sector-Wise analysis of projects,53,449
FR_201002_450,,N24000122,450,DELHI/ HARYANA BORDER TO ROHTAK -,,,ROAD TRANSPORT & HIGHWAYS,2010-02,2007-04,,486.0,,486.0,,,64.42,2010-05,,2010-05,,,,0,0,,,,FR_FEB_2010.pdf,Sector-Wise analysis of projects,53,450
FR_201002_451,,240100207,451,"SILCHAR-UDARBAND (PH.II) HN-54, KM.309 TO KM.275 -",PH.II,,ROAD TRANSPORT & HIGHWAYS,2010-02,2003-12,,157.47,,154.57,,,127.2,2007-09,,2010-06,,,,0,0,,,,FR_FEB_2010.pdf,Sector-Wise analysis of projects,53,451
FR_201002_452,,240101133,452,HARIHAR-CHITRADURGA (GQ) KM.284-KM.207 (NH-4) -,NH-4,,ROAD TRANSPORT & HIGHWAYS,2010-02,2000-04,,318.0,,207.56,,,61.79,2004-08,,2010-06,,,,0,0,,,,FR_FEB_2010.pdf,Sector-Wise analysis of projects,53,452
FR_201002_453,,240101181,453,VARANASI-MOHANIA (GQ) KM.317- 329 & KM.0-KM.65 (NH-2) -,NH-2,,ROAD TRANSPORT & HIGHWAYS,2010-02,2000-04,,467.93,,467.93,,,450.31,2005-03,,2010-06,,,,0,0,,,,FR_FEB_2010.pdf,Sector-Wise analysis of projects,53,453
FR_201002_454,,240103191,454,"PURNEA-GOYAKOTA SEC.(EW) (NS & EW-PH-I) KM.419-KM.447, NH-31 -",NS & EW-PH-I,,ROAD TRANSPORT & HIGHWAYS,2010-02,2000-04,,205.73,,205.73,,,241.1,2004-07,,2010-06,,,,0,0,,,,FR_FEB_2010.pdf,Sector-Wise analysis of projects,53,454
FR_201002_455,,240106202,455,"CHENNAI BYPASS (NHAI) OTHERS, NH-45, 4 & 5 -",NHAI,,ROAD TRANSPORT & HIGHWAYS,2010-02,2003-12,,480.0,,480.0,,,774.1,2007-11,,2010-06,,,,0,0,,,,FR_FEB_2010.pdf,Sector-Wise analysis of projects,53,455
FR_201002_456,,240106216,456,"GAGODHAR-GARAMORE(PK-IV,NH15) KM 245 TO 281.3 AND 308 TO 254 -","PK-IV,NH15",,ROAD TRANSPORT & HIGHWAYS,2010-02,2003-12,,412.78,,479.54,,,406.8,2007-11,,2010-06,,,,0,0,,,,FR_FEB_2010.pdf,Sector-Wise analysis of projects,53,456
FR_201002_457,,240106220,457,"JHANSI BYPASS (UP-3), KM.104- KM.91, NH-25 -",UP-3,,ROAD TRANSPORT & HIGHWAYS,2010-02,2003-12,,158.06,,158.06,,,144.43,2005-08,,2010-06,,,,0,0,,,,FR_FEB_2010.pdf,Sector-Wise analysis of projects,53,457
FR_201002_458,,240106249,458,"ORAI TO JHANSI (UP-4),NH-25, KM.170.0 TO KM.104.0 -",UP-4,,ROAD TRANSPORT & HIGHWAYS,2010-02,2003-12,,451.97,,451.97,,,425.9,2008-04,,2010-06,,,,0,0,,,,FR_FEB_2010.pdf,Sector-Wise analysis of projects,53,458
FR_201002_459,,240106256,459,"MEERUT-MUZAFFARNAGAR, NH-58 PHASE-III, KM.52.25 TO KM.131.00 -",,,ROAD TRANSPORT & HIGHWAYS,2010-02,2005-03,,359.0,,359.0,,,533.81,2009-03,,2010-06,,,,0,0,,,,FR_FEB_2010.pdf,Sector-Wise analysis of projects,53,459
FR_201002_460,,240106276,460,"MADURAI-ARUPKOTTAI-TUTICORIN, KM.138.8 TO KM.264.5, NH-45 B -",,,ROAD TRANSPORT & HIGHWAYS,2010-02,2005-03,,629.0,,629.0,,,797.58,2010-11,,2010-06,,,,0,0,,,,FR_FEB_2010.pdf,Sector-Wise analysis of projects,53,460
FR_201002_461,,240106295,461,"DARBHANGA-MUZAFFARPUR, NH-57 (NHAI) -",NHAI,,ROAD TRANSPORT & HIGHWAYS,2010-02,2003-12,,305.0,,305.0,,,353.7,2008-06,,2010-06,,,,0,0,,,,FR_FEB_2010.pdf,Sector-Wise analysis of projects,53,461
FR_201002_462,,240106296,462,"DARBHANGA-MUZAFFARPUR(KM 30 TO KM 0), NH-57 (NHAI) -",NHAI,,ROAD TRANSPORT & HIGHWAYS,2010-02,2003-12,,291.8,,291.8,,,359.65,2008-06,,2010-06,,,,0,0,,,,FR_FEB_2010.pdf,Sector-Wise analysis of projects,53,462
FR_201002_463,,240106297,463,"KOTA BYPASS,RJ-4, NH-76 (NHAI) -",NHAI,,ROAD TRANSPORT & HIGHWAYS,2010-02,2003-12,,275.0,,250.39,,,189.13,2008-10,,2010-06,,,,0,0,,,,FR_FEB_2010.pdf,Sector-Wise analysis of projects,53,463
FR_201002_464,,N24000028,464,SILIGURI TO ISLAMPUR (WB-7) -,WB-7,,ROAD TRANSPORT & HIGHWAYS,2010-02,2003-12,,225.0,,225.0,,,144.1,2008-07,,2010-06,,,,0,0,,,,FR_FEB_2010.pdf,Sector-Wise analysis of projects,53,464
FR_201002_465,,N24000030,465,RINGBUNDS TO JHAJHANPUR (BR-6) -,BR-6,,ROAD TRANSPORT & HIGHWAYS,2010-02,2003-12,,340.0,,340.0,,,399.7,2008-06,,2010-06,,,,0,0,,,,FR_FEB_2010.pdf,Sector-Wise analysis of projects,53,465
FR_201002_466,,N24000037,466,THRISSUR TO ANGAMALI (NH-47) -,NH-47,,ROAD TRANSPORT & HIGHWAYS,2010-02,2003-12,,312.5,,312.5,,,477.0,2009-03,,2010-06,,,,0,0,,,,FR_FEB_2010.pdf,Sector-Wise analysis of projects,53,466
FR_201002_467,,N24000040,467,NEW MANGALORE PORT NH-17 AND 48 -,,,ROAD TRANSPORT & HIGHWAYS,2010-02,2000-04,,196.5,,196.5,,,132.44,2008-06,,2010-06,,,,0,0,,,,FR_FEB_2010.pdf,Sector-Wise analysis of projects,53,467
FR_201002_468,,N24000045,468,ASSAM/WB BORDER TO GAIRKATTA (WB-1) -,WB-1,,ROAD TRANSPORT & HIGHWAYS,2010-02,2003-12,,221.82,,221.82,,,159.6,2008-11,,2010-06,,,,0,0,,,,FR_FEB_2010.pdf,Sector-Wise analysis of projects,53,468
FR_201002_469,,N24000056,469,"THANJAUR-TRICHY,NH-67(NHAI) -",NHAI,,ROAD TRANSPORT & HIGHWAYS,2010-02,2005-03,,280.0,52.0,280.0,,,550.82,2009-06,,2010-06,,,,0,0,,,,FR_FEB_2010.pdf,Sector-Wise analysis of projects,53,469
FR_201002_470,,N24000057,470,"GANJAM-ICCHAPURUM,NH-5(NHAI) -",NHAI,,ROAD TRANSPORT & HIGHWAYS,2010-02,2000-04,,263.27,,263.27,,,196.59,2004-02,,2010-06,,,,0,0,,,,FR_FEB_2010.pdf,Sector-Wise analysis of projects,54,470
FR_201002_471,,N24000069,471,"BARA TO ORAI, NH-2, 25 -",,,ROAD TRANSPORT & HIGHWAYS,2010-02,2003-12,,465.0,,465.0,,,30.89,2009-04,,2010-06,,,,0,0,,,,FR_FEB_2010.pdf,Sector-Wise analysis of projects,54,471
FR_201002_472,,N24000077,472,HYDERABAD-BANGALORE SEC.(NS CORR.PH-II)[KM 293.4-3 -,NS CORR.PH-II,,ROAD TRANSPORT & HIGHWAYS,2010-02,2003-12,,239.19,,239.19,,,200.0,2009-09,,2010-06,,,,0,0,,,,FR_FEB_2010.pdf,Sector-Wise analysis of projects,54,472
FR_201002_473,,N24000078,473,HYDERABAD-BANGALORE SEC.(NS CORR.PH-II)[KM 336-376 -,NS CORR.PH-II,,ROAD TRANSPORT & HIGHWAYS,2010-02,2003-12,,243.38,,243.38,,,214.8,2008-09,,2010-06,,,,0,0,,,,FR_FEB_2010.pdf,Sector-Wise analysis of projects,54,473
FR_201002_474,,N24000087,474,"KURALI-KIRATPUR, NH-21 -",,,ROAD TRANSPORT & HIGHWAYS,2010-02,2005-03,,309.0,,309.0,,,301.43,2010-06,,2010-06,,,,0,0,,,,FR_FEB_2010.pdf,Sector-Wise analysis of projects,54,474
FR_201002_475,,N24000094,475,"LAKHNAADON TO MP/MH BORDER,KM 596.75-653 (NS- 1/BOT/MP-2),NH7 -",NS- 1/BOT/MP-2,,ROAD TRANSPORT & HIGHWAYS,2010-02,2003-12,,407.6,,407.6,,,177.6,2010-06,,2010-06,,,,0,0,,,,FR_FEB_2010.pdf,Sector-Wise analysis of projects,54,475
FR_201002_476,,N24000121,476,AMRITSAR-WAGHA BORDER -,,,ROAD TRANSPORT & HIGHWAYS,2010-02,2008-06,,205.88,,205.88,,,164.02,2010-06,,2010-06,,,,0,0,,,,FR_FEB_2010.pdf,Sector-Wise analysis of projects,54,476
FR_201002_477,,240101132,477,HAVERI-HARIHAR (GQ) KM.340- KM.284 (NH-4) -,NH-4,,ROAD TRANSPORT & HIGHWAYS,2010-02,2000-04,,241.0,,196.65,,,58.86,2004-08,,2010-07,,,,0,0,,,,FR_FEB_2010.pdf,Sector-Wise analysis of projects,54,477
FR_201002_478,,240106235,478,VIJAYAPUR TO PATHANKOT (J&K) NH-1A KM.16.35 TO KM.50.00 -,J&K,,ROAD TRANSPORT & HIGHWAYS,2010-02,2003-12,,193.09,,193.09,,,111.6,2008-03,,2010-07,,,,0,0,,,,FR_FEB_2010.pdf,Sector-Wise analysis of projects,54,478
FR_201002_479,,240106236,479,VIJAYAPUR TO PATHANKOT (NS- 35/J&K) NH-1A KM.50 TO KM.80 -,NS- 35/J&K,,ROAD TRANSPORT & HIGHWAYS,2010-02,2003-12,,166.27,,166.27,,,83.56,2008-03,,2010-07,,,,0,0,,,,FR_FEB_2010.pdf,Sector-Wise analysis of projects,54,479
FR_201002_480,,N24000035,480,NALBARI TO BIJNI (AS-8) -,AS-8,,ROAD TRANSPORT & HIGHWAYS,2010-02,2003-12,,200.0,,200.0,,,152.1,2008-06,,2010-07,,,,0,0,,,,FR_FEB_2010.pdf,Sector-Wise analysis of projects,54,480
FR_201002_481,,N24000100,481,PONDICHERY - TINDIVANAU NH-66 -,,,ROAD TRANSPORT & HIGHWAYS,2010-02,2005-03,,285.0,,285.0,,,204.55,2010-07,,2010-07,,,,0,0,,,,FR_FEB_2010.pdf,Sector-Wise analysis of projects,54,481
FR_201002_482,,N24000103,482,NEELAMANGALAR JUNCTION ON NH- 4 SMITH NH-48 TO DEVI -,,,ROAD TRANSPORT & HIGHWAYS,2010-02,2005-03,,441.0,,441.0,,,415.64,2010-07,,2010-07,,,,0,0,,,,FR_FEB_2010.pdf,Sector-Wise analysis of projects,54,482
FR_201002_483,,N24000106,483,BANGLORE - HOSKOTE MUDBOGAL SECTION NH-4 -,,,ROAD TRANSPORT & HIGHWAYS,2010-02,2005-03,,565.0,,565.0,,,727.76,2010-07,,2010-07,,,,0,0,,,,FR_FEB_2010.pdf,Sector-Wise analysis of projects,54,483
FR_201002_484,,N24000109,484,ISLAM NAGAR TO KADTAL -,,,ROAD TRANSPORT & HIGHWAYS,2010-02,2003-12,,546.83,,546.83,,,666.8,2010-03,,2010-07,,,,0,0,,,,FR_FEB_2010.pdf,Sector-Wise analysis of projects,54,484
FR_201002_485,,240106286,485,LANKA TO DABOKA (NH-54)(NHAI) -,NHAI,,ROAD TRANSPORT & HIGHWAYS,2010-02,2003-12,,225.0,,225.0,,,173.4,2008-06,,2010-08,,,,0,0,,,,FR_FEB_2010.pdf,Sector-Wise analysis of projects,54,485
FR_201002_486,,N24000117,486,ZIRAKPUR(HARYANA) - PARWANOO(HIMACHAL PRADESH) -,HIMACHAL PRADESH,,ROAD TRANSPORT & HIGHWAYS,2010-02,2008-02,,295.0,,295.0,,,250.8,2010-08,,2010-08,,,,0,0,,,,FR_FEB_2010.pdf,Sector-Wise analysis of projects,54,486
FR_201002_487,,240103192,487,LUCKNOW-BYPASS (EW) (NS & EW- PH-I) NH-25 & NH-28 VIA NH-56 -,NS & EW- PH-I,,ROAD TRANSPORT & HIGHWAYS,2010-02,2000-04,,182.52,,111.78,,,0.52,2004-06,,2010-09,,,,0,0,,,,FR_FEB_2010.pdf,Sector-Wise analysis of projects,54,487
FR_201002_488,,240104196,488,HALDIA PORT (PORT CONNECTIVITY) (NH-41) -,NH-41,,ROAD TRANSPORT & HIGHWAYS,2010-02,2000-04,,273.0,,522.0,,,265.59,2005-03,,2010-09,,,,0,0,,,,FR_FEB_2010.pdf,Sector-Wise analysis of projects,54,488
FR_201002_489,,N24000095,489,"LAKHNADON TO MP/MH BORDER (NS-1/BOT/MP-2), NH-7 -",NS-1/BOT/MP-2,,ROAD TRANSPORT & HIGHWAYS,2010-02,2003-12,,263.17,,263.17,,,214.8,2009-09,,2010-09,,,,0,0,,,,FR_FEB_2010.pdf,Sector-Wise analysis of projects,54,489
FR_201002_490,,N24000096,490,"JHANSI TO LALITPUR, NH-25,26 -",,,ROAD TRANSPORT & HIGHWAYS,2010-02,2003-12,,355.06,,355.06,,,242.3,2009-09,,2010-09,,,,0,0,,,,FR_FEB_2010.pdf,Sector-Wise analysis of projects,54,490
FR_201002_491,,N24000097,491,"JHANSI TO LALITPUR, NH-26 -",,,ROAD TRANSPORT & HIGHWAYS,2010-02,2003-12,,276.09,,276.09,,,184.6,2009-09,,2010-09,,,,0,0,,,,FR_FEB_2010.pdf,Sector-Wise analysis of projects,54,491
FR_201002_492,,N24000110,492,LUMDING TO DABOKA -,,,ROAD TRANSPORT & HIGHWAYS,2010-02,2003-12,,130.0,53.0,130.0,,,45.56,2010-08,,2010-09,,,,0,0,,,,FR_FEB_2010.pdf,Sector-Wise analysis of projects,54,492
FR_201002_493,,N24000120,493,WAINGANGA BRIDGE - CHHATISGARH-MAHARASHTRA -,,,ROAD TRANSPORT & HIGHWAYS,2010-02,2008-03,,424.0,,424.0,,,275.6,2010-09,,2010-09,,,,0,0,,,,FR_FEB_2010.pdf,Sector-Wise analysis of projects,55,493
FR_201002_494,,240102202,494,"KANYAKUMARI-PANAGUDI (NS CORR. PH-II) (KM 203-233.60), NH-7 -",KM 203-233.60,,ROAD TRANSPORT & HIGHWAYS,2010-02,2004-01,,120.0,,120.0,,,118.2,2006-09,,2010-10,,,,0,0,,,,FR_FEB_2010.pdf,Sector-Wise analysis of projects,55,494
FR_201002_495,,240106222,495,"AYODHYA - LUCKNOW (LMNHP-I) NH- 28, KM.45 TO KM.8.2 -",LMNHP-I,,ROAD TRANSPORT & HIGHWAYS,2010-02,2003-12,,193.0,,193.0,,,262.59,2008-10,,2010-10,,,,0,0,,,,FR_FEB_2010.pdf,Sector-Wise analysis of projects,55,495
FR_201002_496,,240106225,496,"AYODHYA - LUCKNOW (LMNHP-II) KM.93.075 TO KM.45, NH-28 -",LMNHP-II,,ROAD TRANSPORT & HIGHWAYS,2010-02,2003-12,,217.0,,217.0,,,287.7,2008-10,,2010-10,,,,0,0,,,,FR_FEB_2010.pdf,Sector-Wise analysis of projects,55,496
FR_201002_497,,240106245,497,"GORAKHPUR-AYODHYA (LMNHP- 6),NH-28, KM.251.70 TO KM.208.00 -",LMNHP- 6,,ROAD TRANSPORT & HIGHWAYS,2010-02,2003-12,,239.0,,239.0,,,332.8,2008-10,,2010-10,,,,0,0,,,,FR_FEB_2010.pdf,Sector-Wise analysis of projects,55,497
FR_201002_498,,240106247,498,"GORAKHPUR-AYODHYA (LMNHP- 4),NH-28, KM.164.00 TO KM.135.00 -",LMNHP- 4,,ROAD TRANSPORT & HIGHWAYS,2010-02,2003-12,,205.0,,205.0,,,244.7,2008-10,,2010-10,,,,0,0,,,,FR_FEB_2010.pdf,Sector-Wise analysis of projects,55,498
FR_201002_499,,240106248,499,"AYODHYA-LUCKNOW (LMNHP-3),NH- 28, KM.135.000 TO KM.93.075 -",LMNHP-3,,ROAD TRANSPORT & HIGHWAYS,2010-02,2003-12,,212.0,,212.0,,,292.1,2008-10,,2010-10,,,,0,0,,,,FR_FEB_2010.pdf,Sector-Wise analysis of projects,55,499
FR_201002_500,,240106300,500,"LALITPUR TO SAGAR KM 132 TO KM 187, NH-26 (NHAI) -",NHAI,,ROAD TRANSPORT & HIGHWAYS,2010-02,2003-12,,225.0,,225.0,,,172.9,2008-10,,2010-10,,,,0,0,,,,FR_FEB_2010.pdf,Sector-Wise analysis of projects,55,500
FR_201002_501,,N24000088,501,"GWALIOR BYPSS, NH-75,3 -",,,ROAD TRANSPORT & HIGHWAYS,2010-02,2003-12,,300.93,,300.93,,,172.18,2009-10,,2010-10,,,,0,0,,,,FR_FEB_2010.pdf,Sector-Wise analysis of projects,55,501
FR_201002_502,,240101173,502,AGRA-SHIKOHABAD (GQ) KM.199.66- KM.250.50 (NH-2) -,NH-2,,ROAD TRANSPORT & HIGHWAYS,2010-02,2000-04,,367.49,,367.49,,,418.65,2005-03,,2010-12,,,,0,0,,,,FR_FEB_2010.pdf,Sector-Wise analysis of projects,55,502
FR_201002_503,,240102193,503,"KUNJWANI-VIJAYPUR(NS-15) (NS & EW-PH-I) KM.80-KM.97.20,NH-1A -",NS & EW-PH-I,,ROAD TRANSPORT & HIGHWAYS,2010-02,2000-04,,110.0,,110.0,,,142.24,2004-12,,2010-12,,,,0,0,,,,FR_FEB_2010.pdf,Sector-Wise analysis of projects,55,503
FR_201002_504,,240106203,504,IMPROVEMENT OF ACCESS OF GQ WITHIN CHENNAI CITY(NHAI) OTHERS -,NHAI,,ROAD TRANSPORT & HIGHWAYS,2010-02,2003-12,,210.0,,210.0,,,617.3,2007-04,,2010-12,,,,0,0,,,,FR_FEB_2010.pdf,Sector-Wise analysis of projects,55,504
FR_201002_505,,240106204,505,"GARHMUKTESHWAR-MURADABAD (NHAI) OTHERS KM.93-149.25, NH-24 -",NHAI,,ROAD TRANSPORT & HIGHWAYS,2010-02,2003-12,,275.0,,275.0,,,,2007-09,,2010-12,,,,0,0,,,,FR_FEB_2010.pdf,Sector-Wise analysis of projects,55,505
FR_201002_506,,240106209,506,JAM-WADNER -,,,ROAD TRANSPORT & HIGHWAYS,2010-02,2003-12,,145.0,,145.0,,,71.49,2005-07,,2010-12,,,,0,0,,,,FR_FEB_2010.pdf,Sector-Wise analysis of projects,55,506
FR_201002_507,,240106226,507,"BIJNI TO ASSAM/WB BORDER PH.II, KM.30.00 TO 0.00, NH-31 C -",,,ROAD TRANSPORT & HIGHWAYS,2010-02,2003-12,,230.0,,230.0,,,92.79,2005-06,,2010-12,,,,0,0,,,,FR_FEB_2010.pdf,Sector-Wise analysis of projects,55,507
FR_201002_508,,240106237,508,"PATHANKOT- BHOGPUR, KM.26- KM.70, NH-1A -",,,ROAD TRANSPORT & HIGHWAYS,2010-02,2003-12,,284.0,,284.0,,,276.4,2008-05,,2010-12,,,,0,0,,,,FR_FEB_2010.pdf,Sector-Wise analysis of projects,55,508
FR_201002_509,,240106246,509,"GORAKHPUR-AYODHYA (LMNHP- 5),NH-28, KM.208.00 TO KM.164.00 -",LMNHP- 5,,ROAD TRANSPORT & HIGHWAYS,2010-02,2003-12,,227.0,,227.0,,,212.1,2008-10,,2010-12,,,,0,0,,,,FR_FEB_2010.pdf,Sector-Wise analysis of projects,55,509
FR_201002_510,,240106250,510,"ORAI TO JHANSI (UP-5),NH-25, KM.220.0 TO KM.170.0 -",UP-5,,ROAD TRANSPORT & HIGHWAYS,2010-02,2003-12,,340.68,,340.68,,,227.1,2008-03,,2010-12,,,,0,0,,,,FR_FEB_2010.pdf,Sector-Wise analysis of projects,55,510
FR_201002_511,,240106277,511,"HARANGAJO TO MAIBANG (AS-23), KM.126.450 TO KM.140.700 -",AS-23,,ROAD TRANSPORT & HIGHWAYS,2010-02,2003-12,,280.0,,280.0,,,118.6,2009-02,,2010-12,,,,0,0,,,,FR_FEB_2010.pdf,Sector-Wise analysis of projects,55,511
FR_201002_512,,240106278,512,"MAIBANG TO LUNDING (AS-25), KM.83.400 TO KM.111.000 -",AS-25,,ROAD TRANSPORT & HIGHWAYS,2010-02,2003-12,,199.81,54.0,199.81,,,27.66,2009-04,,2010-12,,,,0,0,,,,FR_FEB_2010.pdf,Sector-Wise analysis of projects,55,512
FR_201002_513,,240106279,513,"MAIBANG TO LUNDING (AS-26), KM.60.500 TO KM.83.400, NH-54 -",AS-26,,ROAD TRANSPORT & HIGHWAYS,2010-02,2003-12,,167.64,,167.64,,,39.49,2008-11,,2010-12,,,,0,0,,,,FR_FEB_2010.pdf,Sector-Wise analysis of projects,56,513
FR_201002_514,,240106280,514,"MAIBANG TO LUNDING (AS-24), KM.111.000 TO KM.126.450 -",AS-24,,ROAD TRANSPORT & HIGHWAYS,2010-02,2003-12,,155.04,,155.04,,,27.96,2008-11,,2010-12,,,,0,0,,,,FR_FEB_2010.pdf,Sector-Wise analysis of projects,56,514
FR_201002_515,,240106281,515,"MAIBANG TO LUNDING (AS-27), KM.40.000 TO KM.60.500 -",AS-27,,ROAD TRANSPORT & HIGHWAYS,2010-02,2003-12,,200.0,,200.0,,,55.4,2009-04,,2010-12,,,,0,0,,,,FR_FEB_2010.pdf,Sector-Wise analysis of projects,56,515
FR_201002_516,,240106288,516,DAKOBA TO NAGAON (NH-36)(NHAI) -,NHAI,,ROAD TRANSPORT & HIGHWAYS,2010-02,2003-12,,225.0,,225.0,,,165.7,2008-06,,2010-12,,,,0,0,,,,FR_FEB_2010.pdf,Sector-Wise analysis of projects,56,516
FR_201002_517,,240106290,517,BIJNI TO ASSAM WB BORDER (NH- 31.C)(1)(NHAI) -,NHAI,,ROAD TRANSPORT & HIGHWAYS,2010-02,2003-12,,195.0,,195.0,,,86.5,2008-06,,2010-12,,,,0,0,,,,FR_FEB_2010.pdf,Sector-Wise analysis of projects,56,517
FR_201002_518,,240106291,518,KASIA TO GORAKHPUR (NH- 28)(NHAI) -,NHAI,,ROAD TRANSPORT & HIGHWAYS,2010-02,2003-12,,242.0,,242.0,,,289.4,2008-12,,2010-12,,,,0,0,,,,FR_FEB_2010.pdf,Sector-Wise analysis of projects,56,518
FR_201002_519,,240106292,519,UP/BIHAR BORDER TO KASIA (NH- 28)(NHAI) -,NHAI,,ROAD TRANSPORT & HIGHWAYS,2010-02,2003-12,,227.0,,227.0,,,262.0,2008-12,,2010-12,,,,0,0,,,,FR_FEB_2010.pdf,Sector-Wise analysis of projects,56,519
FR_201002_520,,240106293,520,BIJNI TO ASSAM /WB.BORDER (NH- 31.C)(2)(NHAI) -,NHAI,,ROAD TRANSPORT & HIGHWAYS,2010-02,2003-12,,237.8,,237.8,,,89.74,2008-06,,2010-12,,,,0,0,,,,FR_FEB_2010.pdf,Sector-Wise analysis of projects,56,520
FR_201002_521,,240106301,521,"SAGAR BY PASS,KM 187 TO KM 211 , NH-26 (NHAI) -",NHAI,,ROAD TRANSPORT & HIGHWAYS,2010-02,2003-12,,151.3,,151.3,,,100.1,2008-10,,2010-12,,,,0,0,,,,FR_FEB_2010.pdf,Sector-Wise analysis of projects,56,521
FR_201002_522,,240106303,522,"SAGAR - RAJMARG CHORAHA,KM 211 TO KM 255, NH-26 (NHAI) -",NHAI,,ROAD TRANSPORT & HIGHWAYS,2010-02,2003-12,,203.43,,203.43,,,102.8,2008-10,,2010-12,,,,0,0,,,,FR_FEB_2010.pdf,Sector-Wise analysis of projects,56,522
FR_201002_523,,N24000036,523,SITAPUR-LUCKNOW -,,,ROAD TRANSPORT & HIGHWAYS,2010-02,2005-03,,322.0,,322.0,,,254.27,2009-06,,2010-12,,,,0,0,,,,FR_FEB_2010.pdf,Sector-Wise analysis of projects,56,523
FR_201002_524,,N24000038,524,GUWHATI TO NALBARI (AS-4) -,AS-4,,ROAD TRANSPORT & HIGHWAYS,2010-02,2003-12,,175.96,,175.96,,,54.47,2008-04,,2010-12,,,,0,0,,,,FR_FEB_2010.pdf,Sector-Wise analysis of projects,56,524
FR_201002_525,,N24000042,525,NAGAON TO DHARAMTUL (AS-2) -,AS-2,,ROAD TRANSPORT & HIGHWAYS,2010-02,2003-12,,264.72,,264.72,,,132.0,2008-06,,2010-12,,,,0,0,,,,FR_FEB_2010.pdf,Sector-Wise analysis of projects,56,525
FR_201002_526,,N24000044,526,SONAPUR TO GUWAHTI (AS-3) -,AS-3,,ROAD TRANSPORT & HIGHWAYS,2010-02,2003-12,,245.0,,245.0,,,227.2,2008-03,,2010-12,,,,0,0,,,,FR_FEB_2010.pdf,Sector-Wise analysis of projects,56,526
FR_201002_527,,N24000046,527,GUWAHATI TO NALBARI (AS-5) -,AS-5,,ROAD TRANSPORT & HIGHWAYS,2010-02,2003-12,,198.16,,198.16,,,86.08,2008-04,,2010-12,,,,0,0,,,,FR_FEB_2010.pdf,Sector-Wise analysis of projects,56,527
FR_201002_528,,N24000047,528,NALBARI TO BIJNI (AS-6) -,AS-6,,ROAD TRANSPORT & HIGHWAYS,2010-02,2003-12,,225.0,,225.0,,,117.5,2008-06,,2010-12,,,,0,0,,,,FR_FEB_2010.pdf,Sector-Wise analysis of projects,56,528
FR_201002_529,,N24000048,529,NALBARI T BIJNI (AS-7) -,AS-7,,ROAD TRANSPORT & HIGHWAYS,2010-02,2003-12,,208.0,,208.0,,,116.3,2008-04,,2010-12,,,,0,0,,,,FR_FEB_2010.pdf,Sector-Wise analysis of projects,56,529
FR_201002_530,,N24000049,530,"DHARAMTUL TO SONAPUR,KM 205- 183 (AS-20) -",AS-20,,ROAD TRANSPORT & HIGHWAYS,2010-02,2003-12,,160.0,,160.0,,,54.05,2008-05,,2010-12,,,,0,0,,,,FR_FEB_2010.pdf,Sector-Wise analysis of projects,56,530
FR_201002_531,,N24000050,531,NALBARI TO BIJNI (AS-9) -,AS-9,,ROAD TRANSPORT & HIGHWAYS,2010-02,2003-12,,142.0,,142.0,,,117.3,2008-06,,2010-12,,,,0,0,,,,FR_FEB_2010.pdf,Sector-Wise analysis of projects,56,531
FR_201002_532,,N24000051,532,DHARAMTUL TO SONAPUR (AS-19) -,AS-19,,ROAD TRANSPORT & HIGHWAYS,2010-02,2003-12,,200.0,,200.0,,,126.2,2008-06,,2010-12,,,,0,0,,,,FR_FEB_2010.pdf,Sector-Wise analysis of projects,56,532
FR_201002_533,,N24000061,533,"HARANGAJO TO MAIBANG,km 164.08- 190.587 NH-54 -",,,ROAD TRANSPORT & HIGHWAYS,2010-02,2003-12,,212.0,,212.0,,,34.11,2007-09,,2010-12,,,,0,0,,,,FR_FEB_2010.pdf,Sector-Wise analysis of projects,56,533
FR_201002_534,,N24000062,534,"HARANGAJO TO MAIBANG, NH-54 -",,,ROAD TRANSPORT & HIGHWAYS,2010-02,2003-12,,196.0,,196.0,,,23.53,2009-07,,2010-12,,,,0,0,,,,FR_FEB_2010.pdf,Sector-Wise analysis of projects,56,534
FR_201002_535,,N24000063,535,"BRAHMPUTRA BRIDGE,NH NO-31 -",,,ROAD TRANSPORT & HIGHWAYS,2010-02,2003-12,,217.61,,217.61,,,63.87,2010-04,,2010-12,,,,0,0,,,,FR_FEB_2010.pdf,Sector-Wise analysis of projects,56,535
FR_201002_536,,N24000066,536,"PANIPAT TO PANCHI GUJRAN, NH-1 -",,,ROAD TRANSPORT & HIGHWAYS,2010-02,2003-12,,109.0,55.0,109.0,,,142.4,2008-10,,2010-12,,,,0,0,,,,FR_FEB_2010.pdf,Sector-Wise analysis of projects,56,536
FR_201002_537,,N24000068,537,"CHAMBAL BRIDGE, NH-76 (RJ-5) -",RJ-5,,ROAD TRANSPORT & HIGHWAYS,2010-02,2003-12,,275.0,,281.31,,,176.32,2010-02,,2010-12,,,,0,0,,,,FR_FEB_2010.pdf,Sector-Wise analysis of projects,57,537
FR_201002_538,,N24000089,538,"GWALIOR-JHANSI, NH-75 -",,,ROAD TRANSPORT & HIGHWAYS,2010-02,2003-12,,604.0,,604.0,,,189.5,2009-12,,2010-12,,,,0,0,,,,FR_FEB_2010.pdf,Sector-Wise analysis of projects,57,538
FR_201002_539,,N24000101,539,TRICHY - KORUR NH-67 -,,,ROAD TRANSPORT & HIGHWAYS,2010-02,2005-03,,516.0,,516.0,,,213.3,2010-07,,2010-12,,,,0,0,,,,FR_FEB_2010.pdf,Sector-Wise analysis of projects,57,539
FR_201002_540,,N24000107,540,NH CONNECTIVITY TO ICTT VALLARPADAEU NH - SH -,,,ROAD TRANSPORT & HIGHWAYS,2010-02,2005-03,,557.0,,557.0,,,808.79,2010-02,,2010-12,,,,0,0,,,,FR_FEB_2010.pdf,Sector-Wise analysis of projects,57,540
FR_201002_541,,N24000116,541,BALASORE BHADRAK (REVIVED) KM 136.5 - 199.14 NH-5 -,REVIVED,,ROAD TRANSPORT & HIGHWAYS,2010-02,2000-04,,228.7,,228.7,,,,2004-02,,2010-12,,,,0,0,,,,FR_FEB_2010.pdf,Sector-Wise analysis of projects,57,541
FR_201002_542,,N24000099,542,TRICHY - DINDIGUAL NH-45 -,,,ROAD TRANSPORT & HIGHWAYS,2010-02,2005-03,,576.0,,576.0,,,254.4,2010-07,,2011-01,,,,0,0,,,,FR_FEB_2010.pdf,Sector-Wise analysis of projects,57,542
FR_201002_543,,N24000102,543,SALEM - U / UNDRUPET(BOT -1/TN- 06) NH -68 -,BOT -1/TN- 06,,ROAD TRANSPORT & HIGHWAYS,2010-02,2005-03,,941.0,,941.0,,,526.99,2011-01,,2011-01,,,,0,0,,,,FR_FEB_2010.pdf,Sector-Wise analysis of projects,57,543
FR_201002_544,,N24000118,544,END OF DURG BYPASS- CHHATISGARH/MAHARASHTRA BORDER -,,,ROAD TRANSPORT & HIGHWAYS,2010-02,2008-01,,464.0,,464.0,,,207.7,2011-01,,2011-01,,,,0,0,,,,FR_FEB_2010.pdf,Sector-Wise analysis of projects,57,544
FR_201002_545,,N24000098,545,"AGRA-BYPASS(NS-1/UP-1),KM 176.8- 13.03 NH-2,3 -",NS-1/UP-1,,ROAD TRANSPORT & HIGHWAYS,2010-02,2003-12,,348.16,,348.16,,,107.8,2007-09,,2011-02,,,,0,0,,,,FR_FEB_2010.pdf,Sector-Wise analysis of projects,57,545
FR_201002_546,,240106223,546,"MEHSI TO KOTWA (LMNHP-II), PH.II, KM.480 TO KM.440, NH-28 -",LMNHP-II,,ROAD TRANSPORT & HIGHWAYS,2010-02,2003-12,,239.0,,239.0,,,182.61,2005-07,,2011-03,,,,0,0,,,,FR_FEB_2010.pdf,Sector-Wise analysis of projects,57,546
FR_201002_547,,240106224,547,"MUZZAFFARPUR TO MEHSI (LMNHP- 12), KM.520 TO 480, NH-28 -",LMNHP- 12,,ROAD TRANSPORT & HIGHWAYS,2010-02,2003-12,,275.0,,275.0,,,207.19,2005-07,,2011-03,,,,0,0,,,,FR_FEB_2010.pdf,Sector-Wise analysis of projects,57,547
FR_201002_548,,240106243,548,"KOTWA TO DEWAPUR(10 LMNHP),NH-28 PHASE-II, KM.440 TO KM.402 -",10 LMNHP,,ROAD TRANSPORT & HIGHWAYS,2010-02,2003-12,,240.0,,240.0,,,153.18,2008-10,,2011-03,,,,0,0,,,,FR_FEB_2010.pdf,Sector-Wise analysis of projects,57,548
FR_201002_549,,240106294,549,FORBESGANJ TO SIMRAHI (NH- 57)(NHAI) -,NHAI,,ROAD TRANSPORT & HIGHWAYS,2010-02,2003-12,,332.94,,332.94,,,134.4,2008-09,,2011-03,,,,0,0,,,,FR_FEB_2010.pdf,Sector-Wise analysis of projects,57,549
FR_201002_550,,240106299,550,"LALITPUR TO SAGAR, NH-26 (NHAI) -",NHAI,,ROAD TRANSPORT & HIGHWAYS,2010-02,2003-12,,198.0,,198.0,,,105.2,2008-11,,2011-03,,,,0,0,,,,FR_FEB_2010.pdf,Sector-Wise analysis of projects,57,550
FR_201002_551,,N24000085,551,"GORAKHPUR BYPASS, NH-28, PHASE-II EAST-WEST CORRID -",,,ROAD TRANSPORT & HIGHWAYS,2010-02,2003-12,,600.24,,600.24,,,420.9,2009-10,,2011-03,,,,0,0,,,,FR_FEB_2010.pdf,Sector-Wise analysis of projects,57,551
FR_201002_552,,N24000108,552,DHOLPUR - MORENA SECTION (INCLUDING CHAMBOL BRIDGE -,,,ROAD TRANSPORT & HIGHWAYS,2010-02,2003-12,,232.45,,232.45,,,84.04,2010-09,,2011-03,,,,0,0,,,,FR_FEB_2010.pdf,Sector-Wise analysis of projects,57,552
FR_201002_553,,N24000119,553,KALGHAT-MP/MAHARASHTRA BORDER KM 16.6-84.70 -,,,ROAD TRANSPORT & HIGHWAYS,2010-02,2008-11,,549.0,,549.0,,,453.26,2010-05,,2011-05,,,,0,0,,,,FR_FEB_2010.pdf,Sector-Wise analysis of projects,57,553
FR_201002_554,,240106205,554,"HAPUR-GARHMUKTESWAR (OTHERS) KM.58-93, NH-24 -",OTHERS,,ROAD TRANSPORT & HIGHWAYS,2010-02,2005-03,,220.0,,220.0,,,129.1,2007-09,,2011-06,,,,0,0,,,,FR_FEB_2010.pdf,Sector-Wise analysis of projects,57,554
FR_201002_555,,240106221,555,"GANGA BRIDGE TO RAMDEVI CROSSING PH.II NH-25, KM.75-80.06 -",,,ROAD TRANSPORT & HIGHWAYS,2010-02,2003-12,,155.0,,201.66,,,53.32,2008-09,,2011-06,,,,0,0,,,,FR_FEB_2010.pdf,Sector-Wise analysis of projects,57,555
FR_201002_556,,240106283,556,KELARPUR-PIMPALKATTI-KM 153 TO KM 175 -,,,ROAD TRANSPORT & HIGHWAYS,2010-02,2003-12,,117.4,,117.4,,,35.41,2008-11,,2011-06,,,,0,0,,,,FR_FEB_2010.pdf,Sector-Wise analysis of projects,57,556
FR_201002_557,,240106304,557,"RAJMARG CHORAHA TO LAKHNANDON,KM 297 TO KM 351, NH-26 (NHAI) -",NHAI,,ROAD TRANSPORT & HIGHWAYS,2010-02,2003-12,,251.03,56.0,251.03,,,62.13,2008-10,,2011-06,,,,0,0,,,,FR_FEB_2010.pdf,Sector-Wise analysis of projects,57,557
FR_201002_558,,240106305,558,"RAJMARG CHORAHA TO LAKHNANDON,KM 351 TO KM 405.7, NH-26 (NHA -",,,ROAD TRANSPORT & HIGHWAYS,2010-02,2003-12,,229.91,,229.91,,,29.18,2008-10,,2011-06,,,,0,0,,,,FR_FEB_2010.pdf,Sector-Wise analysis of projects,58,558
FR_201002_559,,N24000090,559,KOSI BRIDGE INCLUDING APPROACHES AND GUIDE BOND AN -,,,ROAD TRANSPORT & HIGHWAYS,2010-02,2003-12,,418.04,,418.04,,,228.0,2010-03,,2011-06,,,,0,0,,,,FR_FEB_2010.pdf,Sector-Wise analysis of projects,58,559
FR_201002_560,,240101153,560,SUNAKHALA-GANJAM (GQ) KM.338- KM.284 (NH-5) -,NH-5,,ROAD TRANSPORT & HIGHWAYS,2010-02,2000-04,,225.0,,225.0,,,,2004-04,,2011-10,,,,0,0,,,,FR_FEB_2010.pdf,Sector-Wise analysis of projects,58,560
FR_201002_561,,N24000031,561,JHAJHARPUR TO DARBANGA (BR-7) -,BR-7,,ROAD TRANSPORT & HIGHWAYS,2010-02,2003-12,,340.0,,340.0,,,243.5,2008-09,,2011-12,,,,0,0,,,,FR_FEB_2010.pdf,Sector-Wise analysis of projects,58,561
FR_201002_562,,N24000123,562,"PIMPALGAON-NASIK-GONDE, NH-3 (NHDP-PHASE-III) -",NHDP-PHASE-III,,ROAD TRANSPORT & HIGHWAYS,2010-02,2005-03,,940.0,,940.0,,,0.33,2012-07,,2012-07,,,,0,0,,,,FR_FEB_2010.pdf,Sector-Wise analysis of projects,58,562
FR_201002_563,,N24000115,563,PATHANKOT BHOGPUR NH-1A -,,,ROAD TRANSPORT & HIGHWAYS,2010-02,2003-12,,229.0,,229.0,,,6.05,2010-05,,2012-08,,,,0,0,,,,FR_FEB_2010.pdf,Sector-Wise analysis of projects,58,563
FR_201002_564,,240106208,564,DEVDHARI-WADNER -,,,ROAD TRANSPORT & HIGHWAYS,2010-02,2003-12,,145.0,,145.0,,,24.71,2005-07,,,,,,0,0,,,,FR_FEB_2010.pdf,Sector-Wise analysis of projects,58,564
FR_201002_565,,240106244,565,"DEEWAPUR TO UP/BIHAR BORDER (LMNHP-9)-NH-28, KM.402-360.915 - Total",LMNHP-9,,ROAD TRANSPORT & HIGHWAYS,2010-02,2003-12,,300.0,43916.82,300.0,,,34939.24,2008-10,,,,,,0,0,,,,FR_FEB_2010.pdf,Sector-Wise analysis of projects,58,565
FR_201002_566,,N25000034,566,CONSTRUCTION OF CAR /CLEAN CARGO TERMINAL -,,,SHIPPING & PORTS,2010-02,2009-01,,100.0,,100.0,,,0.5,2010-01,,2010-01,,,,0,0,,,,FR_FEB_2010.pdf,Sector-Wise analysis of projects,58,566
FR_201002_567,,250100112,567,ESTABLISHMENT OF VESSEL TRAFFIC SERVICES IN GULF OF KUTCH -,,,SHIPPING & PORTS,2010-02,2002-01,,165.0,,165.0,,,72.76,2005-12,,2010-03,,,,0,0,,,,FR_FEB_2010.pdf,Sector-Wise analysis of projects,58,567
FR_201002_568,,N25000013,568,ACQUISITION OF TWO NOS.OF 470000 DWT MR TANKERS -,,,SHIPPING & PORTS,2010-02,2006-12,,411.32,,411.32,,,406.28,2010-03,,2010-03,,,,0,0,,,,FR_FEB_2010.pdf,Sector-Wise analysis of projects,58,568
FR_201002_569,,N25000015,569,RAIL CONNECTIVITY TO ICTT AT VALLARPADAM -,,,SHIPPING & PORTS,2010-02,2007-03,,245.67,,298.17,,,290.01,2009-04,,2010-03,,,,0,0,,,,FR_FEB_2010.pdf,Sector-Wise analysis of projects,58,569
FR_201002_570,,N25000004,570,DEEPENING OF CHEENEL AT PARADIP PORT -,,,SHIPPING & PORTS,2010-02,2005-12,,154.84,,253.36,,,129.62,2007-06,2009-01,2010-04,,,,0,0,,,,FR_FEB_2010.pdf,Sector-Wise analysis of projects,58,570
FR_201002_571,,N25000029,571,ACQUISITION OF 6 NOS. 60470 DWT LR-I PRODUCT TANKE -,,,SHIPPING & PORTS,2010-02,2006-10,,1658.59,,1658.59,,,318.24,2010-07,,2010-07,,,,0,0,,,,FR_FEB_2010.pdf,Sector-Wise analysis of projects,58,571
FR_201002_572,,250100175,572,SETHUSAMUDRAM SHIP CHANNEL PROJECT -,,,SHIPPING & PORTS,2010-02,2005-06,,2427.4,,2427.4,,,813.75,2008-10,,2010-11,,,,0,0,,,,FR_FEB_2010.pdf,Sector-Wise analysis of projects,58,572
FR_201002_573,,N25000030,573,ACQUISITION OF 2 NOS. OF 105000 DWT LR-II TANKERS -,,,SHIPPING & PORTS,2010-02,2007-08,,586.58,,586.58,,,241.64,2010-11,,2010-11,,,,0,0,,,,FR_FEB_2010.pdf,Sector-Wise analysis of projects,58,573
FR_201002_574,,N25000016,574,CONST. & DEV. OF 2 OFFSHORE CONTAINER BERTHS & TER -,,,SHIPPING & PORTS,2010-02,2007-11,,366.0,,366.0,,,1.43,2010-12,,2010-12,,,,0,0,,,,FR_FEB_2010.pdf,Sector-Wise analysis of projects,58,574
FR_201002_575,,N25000038,575,"OPERATION, MANAG. & MAINT. OF MULTI USER-JETTY FOR -",,,SHIPPING & PORTS,2010-02,2006-06,,230.0,,230.0,,,,2010-12,,2010-12,,,,0,0,,,,FR_FEB_2010.pdf,Sector-Wise analysis of projects,58,575
FR_201002_576,,N25000037,576,C/O IMPOUNDED DOCK AT TUNA FOR HANDELLING DRAFT VE -,,,SHIPPING & PORTS,2010-02,2005-04,,882.0,,882.0,,,0.16,2011-02,,2011-02,,,,0,0,,,,FR_FEB_2010.pdf,Sector-Wise analysis of projects,58,576
FR_201002_577,,N25000039,577,CONSTRUCTION OF 13 & 14 CARGO BERTH AT KANDLA -,,,SHIPPING & PORTS,2010-02,2005-12,,702.0,57.0,702.0,,,0.73,2011-03,,2011-03,,,,0,0,,,,FR_FEB_2010.pdf,Sector-Wise analysis of projects,58,577
FR_201002_578,,N25000014,578,ACQUISITION OF 4 NO. OF ANCHOR HANDLING CUM SUPPLY -,,,SHIPPING & PORTS,2010-02,2007-10,,359.44,,359.44,,,211.21,2011-04,,2011-04,,,,0,0,,,,FR_FEB_2010.pdf,Sector-Wise analysis of projects,59,578
FR_201002_579,,N25000042,579,Acquisition of two nos. of 120 B.P -,,,SHIPPING & PORTS,2010-02,2009-04,,2908.48,,2908.48,,,58.18,2011-03,,2011-06,,,,0,0,,,,FR_FEB_2010.pdf,Sector-Wise analysis of projects,59,579
FR_201002_580,,N25000032,580,ACQUISITION OF 4 NOS. OF 115000 DWT CRUDE OIL CARR -,,,SHIPPING & PORTS,2010-02,2008-08,,1108.12,,1168.42,,,374.36,2011-04,,2011-12,,,,0,0,,,,FR_FEB_2010.pdf,Sector-Wise analysis of projects,59,580
FR_201002_581,,N25000043,581,Acquisition of Two nos. of 3060 DWT -,,,SHIPPING & PORTS,2010-02,2009-04,,2770.32,,2770.42,,,554.06,2011-09,,2011-12,,,,0,0,,,,FR_FEB_2010.pdf,Sector-Wise analysis of projects,59,581
FR_201002_582,,N25000033,582,ACQUISITION OF 6 NOS. OF 57000 DWT HANDYMAX BULK C -,,,SHIPPING & PORTS,2010-02,2007-11,,1061.96,,1061.96,,,219.98,2012-03,,2012-01,,,,0,0,,,,FR_FEB_2010.pdf,Sector-Wise analysis of projects,59,582
FR_201002_583,,N25000031,583,ACQUISITION OF 4 NOS. OF 80655 DWT PANAMAX BULK CA -,,,SHIPPING & PORTS,2010-02,2008-08,,1066.91,,968.35,,,222.91,2012-09,,2012-08,,,,0,0,,,,FR_FEB_2010.pdf,Sector-Wise analysis of projects,59,583
FR_201002_584,,N25000003,584,DEEPENING AND WIDENING OF MAIN HARBOUR CHANNEL AND -,,,SHIPPING & PORTS,2010-02,2005-10,,800.0,,800.0,,,4.63,2008-10,,,,,,0,0,,,,FR_FEB_2010.pdf,Sector-Wise analysis of projects,59,584
FR_201002_585,,N25000035,585,"ENNORE MANALI EXPRESS WAY,F/O SPECIAL PURPOSE VEHI - Total",,,SHIPPING & PORTS,2010-02,2002-10,,150.0,18154.63,309.0,,,23.26,2005-09,,,,,,0,0,,,,FR_FEB_2010.pdf,Sector-Wise analysis of projects,59,585
FR_201002_586,,260100099,586,PROJ.III OF NIB-II OF MESSAGING STORAGE -,,,TELECOMMUNICATIONS,2010-02,2003-11,,250.0,,425.51,,,68.5,2005-12,,2009-10,,,,0,0,,,,FR_FEB_2010.pdf,Sector-Wise analysis of projects,59,586
FR_201002_587,,N26000028,587,COMMISSIONING OF GSM EQUIPMENT OF 650K LINES (PH- -,,,TELECOMMUNICATIONS,2010-02,2006-11,,364.52,,364.52,,,51.44,2006-12,,2009-10,,,,0,0,,,,FR_FEB_2010.pdf,Sector-Wise analysis of projects,59,587
FR_201002_588,,N26000034,588,GSM BASED NETWORK EXPANSION PLAN PH-4 -,,,TELECOMMUNICATIONS,2010-02,2007-02,,239.19,,239.19,,,104.48,2008-04,,2009-12,,,,0,0,,,,FR_FEB_2010.pdf,Sector-Wise analysis of projects,59,588
FR_201002_589,,N26000036,589,KOLKATA TELECOM DISTRICT PH-4 -,,,TELECOMMUNICATIONS,2010-02,2006-09,,208.5,,208.5,,,146.38,2008-09,,2009-12,,,,0,0,,,,FR_FEB_2010.pdf,Sector-Wise analysis of projects,59,589
FR_201002_590,,N26000039,590,GSM EQUIPMENT OF 900K LINES(2G) AND 300K LINES(3G) -,3G,,TELECOMMUNICATIONS,2010-02,2007-06,,601.49,,601.49,,,422.85,2008-12,,2009-12,,,,0,0,,,,FR_FEB_2010.pdf,Sector-Wise analysis of projects,59,590
FR_201002_591,,N26000040,591,GSM EQUIPMENT OF 216650 LINES(2G) PH-5.1 -,2G,,TELECOMMUNICATIONS,2010-02,2008-01,,192.48,,192.48,,,113.34,2009-03,,2009-12,,,,0,0,,,,FR_FEB_2010.pdf,Sector-Wise analysis of projects,59,591
FR_201002_592,,N26000042,592,GSM EQUIPMENT OF 1006280 LINES IN TAMILNADU PH-4.5 -,,,TELECOMMUNICATIONS,2010-02,2008-06,,409.21,,483.54,,,470.24,2008-12,,2009-12,,,,0,0,,,,FR_FEB_2010.pdf,Sector-Wise analysis of projects,59,592
FR_201002_593,,N26000046,593,GSM EQUIPMENT OF 700K LINES(2G) AND 150K LINES(3G) -,3G,,TELECOMMUNICATIONS,2010-02,2007-11,,277.34,,277.34,,,180.93,2009-03,,2009-12,,,,0,0,,,,FR_FEB_2010.pdf,Sector-Wise analysis of projects,59,593
FR_201002_594,,N26000060,594,"BIHAR TELECOM CIRCLE PHASE-V.1, 2G &3G -",,,TELECOMMUNICATIONS,2010-02,2007-04,,366.0,,366.0,,,,2009-09,,2009-12,,,,0,0,,,,FR_FEB_2010.pdf,Sector-Wise analysis of projects,59,594
FR_201002_595,,N26000041,595,GSM EQUIPMENT OF 390K LINES(2G) AND 130K LINES(3G) -,3G,,TELECOMMUNICATIONS,2010-02,2008-02,,373.94,,373.94,,,169.33,2008-12,,2010-01,,,,0,0,,,,FR_FEB_2010.pdf,Sector-Wise analysis of projects,59,595
FR_201002_596,,N26000049,596,EXPANSION OF 750K GSM LINES -,,,TELECOMMUNICATIONS,2010-02,2006-10,,0.0,,278.16,,,175.77,2008-12,2009-12,2010-01,,,,0,0,,,,FR_FEB_2010.pdf,Sector-Wise analysis of projects,59,596
FR_201002_597,,N26000050,597,GSM EQUIPMENT-480K LINES(2G) & 220K LINES(3G) IN -,3G,,TELECOMMUNICATIONS,2010-02,2007-05,,335.91,,335.91,,,110.83,2009-03,,2010-01,,,,0,0,,,,FR_FEB_2010.pdf,Sector-Wise analysis of projects,59,597
FR_201002_598,,N26000058,598,UTTARANCHAL TELECOM CIRCLE PHASE-VI (2G & 3G) -,2G & 3G,,TELECOMMUNICATIONS,2010-02,2009-01,,149.15,58.0,149.15,,,40.87,2009-06,,2010-01,,,,0,0,,,,FR_FEB_2010.pdf,Sector-Wise analysis of projects,59,598
FR_201002_599,,N26000062,599,"Assam Telecom Circle, Phase-V.I, 2G & 3G -",,,TELECOMMUNICATIONS,2010-02,2007-06,,336.81,,336.81,,,64.5,2009-01,,2010-01,,,,0,0,,,,FR_FEB_2010.pdf,Sector-Wise analysis of projects,60,599
FR_201002_600,,260100051,600,NATIONAL RADIO SPECTRUM MANAGEMENTand MONIT. SY. I -,,,TELECOMMUNICATIONS,2010-02,2000-08,,279.97,,172.04,,,136.24,2004-12,,2010-02,,,,0,0,,,,FR_FEB_2010.pdf,Sector-Wise analysis of projects,60,600
FR_201002_601,,N26000016,601,CONVERGENT BILLING AND CRM(MUMBAI) -,MUMBAI,,TELECOMMUNICATIONS,2010-02,2006-01,,247.0,,247.0,,,119.5,2007-02,2009-12,2010-03,,,,0,0,,,,FR_FEB_2010.pdf,Sector-Wise analysis of projects,60,601
FR_201002_602,,N26000029,602,EXPANSION OF EXISTING 750K GSM NETWORK PE NO. 992 -,,,TELECOMMUNICATIONS,2010-02,2006-06,,231.38,,168.3,,,94.13,2007-10,2009-12,2010-03,,,,0,0,,,,FR_FEB_2010.pdf,Sector-Wise analysis of projects,60,602
FR_201002_603,,N26000038,603,500K BROADBAND ACCESS H/W EQUIPMENT DELHI AND MUMB -,,,TELECOMMUNICATIONS,2010-02,2007-04,,134.25,,133.75,,,34.05,2008-06,2010-02,2010-03,,,,0,0,,,,FR_FEB_2010.pdf,Sector-Wise analysis of projects,60,603
FR_201002_604,,N26000052,604,DELHI EXP. OF 1250K LINES OF 2G/3G GSM LINES -,,,TELECOMMUNICATIONS,2010-02,2007-02,,463.61,,463.61,,,104.6,2009-12,2009-12,2010-03,,,,0,0,,,,FR_FEB_2010.pdf,Sector-Wise analysis of projects,60,604
FR_201002_605,,N26000037,605,NIB-II PROJECT RURAL BROADBAND -,,,TELECOMMUNICATIONS,2010-02,2007-12,,312.86,,353.0,,,161.35,2008-02,,2010-05,,,,0,0,,,,FR_FEB_2010.pdf,Sector-Wise analysis of projects,60,605
FR_201002_606,,N26000043,606,GSM EQUIPMENT OF 3125K LINES(2G) AND 625K LINES(3 -,2G,,TELECOMMUNICATIONS,2010-02,2008-09,,1799.94,,1799.94,,,73.54,2009-09,,2010-06,,,,0,0,,,,FR_FEB_2010.pdf,Sector-Wise analysis of projects,60,606
FR_201002_607,,N26000051,607,GSM EQUIPMENT OF 1625K LINES(2G) & 325K LINES IN M -,2G,,TELECOMMUNICATIONS,2010-02,2008-06,,908.3,,916.7,,,151.7,2009-08,,2010-06,,,,0,0,,,,FR_FEB_2010.pdf,Sector-Wise analysis of projects,60,607
FR_201002_608,,N26000061,608,EXPANSION OF EXISTING 2G&3G GSM N/W BY 750 KPE NO -,,,TELECOMMUNICATIONS,2010-02,2008-10,,180.53,2.0,180.53,,,25.97,2009-12,,2010-06,,,,0,0,,,,FR_FEB_2010.pdf,Sector-Wise analysis of projects,60,608
FR_201002_609,,N26000011,609,CONVERGENT BILLING AND CRM- MTNL(DELHI) -,DELHI,,TELECOMMUNICATIONS,2010-02,2005-12,,249.0,,229.41,,,67.67,2007-02,2009-11,2010-12,,,,0,0,,,,FR_FEB_2010.pdf,Sector-Wise analysis of projects,60,609
FR_201002_610,,260100095,610,GSM EXPANSION PH.IV (B) (BSNL) MAHARASHTRA -,BSNL,,TELECOMMUNICATIONS,2010-02,2005-07,,1174.75,,1174.75,,,371.41,2006-03,,,,,,0,0,,,,FR_FEB_2010.pdf,Sector-Wise analysis of projects,60,610
FR_201002_611,,N26000015,611,IMPLEMENTATION AND EXECUTION OF NEW TECHNOLOGY -,,,TELECOMMUNICATIONS,2010-02,2004-10,,160.0,,135.0,,,94.77,2006-06,,,,,,0,0,,,,FR_FEB_2010.pdf,Sector-Wise analysis of projects,60,611
FR_201002_612,,N26000026,612,EXP. OF 750K GSM LINES OF 2.5 GSM AND VALIDATION EQU -,,,TELECOMMUNICATIONS,2010-02,2007-02,,741.77,,278.16,,,151.37,2007-10,,,,,,0,0,,,,FR_FEB_2010.pdf,Sector-Wise analysis of projects,60,612
FR_201002_613,,N26000063,613,MANAGED LEASED LINE NETWORK PH-VI -,,,TELECOMMUNICATIONS,2010-02,2008-11,,350.0,,350.0,,,,,,,,,,0,0,,,,FR_FEB_2010.pdf,Sector-Wise analysis of projects,60,613
FR_201002_614,,N26000064,614,CENTRALISED TRANSMISSION NMS - Total,,,TELECOMMUNICATIONS,2010-02,2009-08,,300.0,11637.9,300.0,,,3705.76,,,,,,,0,0,,,,FR_FEB_2010.pdf,Sector-Wise analysis of projects,60,614
FR_201002_615,,N28000016,615,C/O GENERAL POOL OFFICE COMPLEX AT INA -,,,URBAN DEVELOPMENT,2010-02,2004-10,,83.67,,135.03,,,,2010-02,,2010-02,,,,0,0,,,,FR_FEB_2010.pdf,Sector-Wise analysis of projects,60,615
FR_201002_616,,280100002,616,DELHI MRTS PHASE-II PROJECT -,,,URBAN DEVELOPMENT,2010-02,2005-08,,8118.0,8605.36,8676.0,,,12228.48,2010-06,,2010-10,,,,0,7,,,,FR_FEB_2010.pdf,Sector-Wise analysis of projects,60,616
FR_201002_617,,N28000008,617,BANGALORE METRO RAIL PROJECT - Total,,,URBAN DEVELOPMENT,2010-02,2006-05,,6395.0,8158.0,6395.0,,,1636.2,2011-12,2012-09,2011-12,,,,0,1,,,,FR_FEB_2010.pdf,Sector-Wise analysis of projects,60,617
FR_201002_618,,300100001,618,PAGLADIYA DAM PROJECT - Total Grand Total,,,WATER RESOURCES,2010-02,2001-01,,542.9,542.9,1187.0,,,35.49,2007-12,,2012-12,,,,0,0,,,,FR_FEB_2010.pdf,Sector-Wise analysis of projects,61,618
