observation_id,project_id,project_code,serial_no,project_name,agency,state,sector,report_date,approval_date,approval_date_revised,original_cost_crore,revised_cost_crore,anticipated_cost_crore,cost_overrun_original_crore,cost_overrun_revised_crore,cumulative_expenditure_crore,original_completion_date,revised_completion_date,anticipated_completion_date,time_overrun_original_months,time_overrun_revised_months,additional_delay_months,milestones_achieved,milestones_total,physical_progress_pct,delay_reason,status,source.report,source.table,source.page,source.serial_no
FR_201004_001,,020100041,1,KAIGA 3 and 4 UNITS (NPCIL) -,NPCIL,,ATOMIC ENERGY,2010-04,2001-05,,4213.0,,3282.0,,,2531.0,2009-10,2007-09,2010-07,,,,71,75,,,,fr_Apr_2010.pdf,Sector-Wise analysis of projects,27,1
FR_201004_002,,N02000007,2,URANIUM ORE MINE & PROCESSING PLANT AT TUMMALAPALL -,,,ATOMIC ENERGY,2010-04,2007-09,,1106.29,,1106.29,,,486.37,,,2011-04,,,,0,1,,,,fr_Apr_2010.pdf,Sector-Wise analysis of projects,27,2
FR_201004_003,,020100040,3,KUDANKULAM APP (NPCIL) -,NPCIL,,ATOMIC ENERGY,2010-04,2001-12,,13171.0,,13171.0,,,12977.0,2008-12,,2011-06,,,,99,119,,,,fr_Apr_2010.pdf,Sector-Wise analysis of projects,27,3
FR_201004_004,,020100044,4,"PROTOTYPE FAST BREEDER REACTOR (BHAVINI, 500 MWE) - Total","BHAVINI, 500 MWE",,ATOMIC ENERGY,2010-04,2003-09,,3492.0,21982.29,5677.0,,,2415.88,2010-09,,2011-09,,,,8,80,,,,fr_Apr_2010.pdf,Sector-Wise analysis of projects,27,4
FR_201004_005,,N04000017,5,CONSTRUCTION OF NEW INTERNATIONAL TERMINAL BLDG. A -,,,CIVIL AVIATION,2010-04,2007-02,,290.92,,290.92,,,239.59,,,2010-06,,,,1,24,,,,fr_Apr_2010.pdf,Sector-Wise analysis of projects,27,5
FR_201004_006,,N04000040,6,D/O OF TERMINAL BLDG. AND PAVEMENT WORKS AT CHENNA -,,,CIVIL AVIATION,2010-04,2008-01,,535.0,,535.0,,,143.97,2010-06,,2010-06,,,,0,0,,,,fr_Apr_2010.pdf,Sector-Wise analysis of projects,27,6
FR_201004_007,,N04000068,7,CONSTRACTION OF RCC/PRE STRESSD CONCRETE BRIDGE K3 -,,,CIVIL AVIATION,2010-04,2009-06,,213.35,,213.35,,,112.0,2010-09,,2010-11,,,,0,0,,,,fr_Apr_2010.pdf,Sector-Wise analysis of projects,27,7
FR_201004_008,,N04000038,8,D/O KAMARAJ DOMESTIC TER-PH-II & EXP. ANNA INT. TE(K1) -,K1,,CIVIL AVIATION,2010-04,2008-08,,1273.0,1212.0,1273.0,,,255.24,2011-01,,2011-01,,,,0,0,,,,fr_Apr_2010.pdf,Sector-Wise analysis of projects,27,8
FR_201004_009,,N04000056,9,Extension of Secondary Runway(K2) -,K2,,CIVIL AVIATION,2010-04,2008-08,,230.0,,230.0,,,188.12,2011-01,,2011-01,,,,0,0,,,,fr_Apr_2010.pdf,Sector-Wise analysis of projects,27,9
FR_201004_010,,N04000037,10,C/O INTEGRATED PASSENGER TER. BULD. NSCBI AIRPORT -,,,CIVIL AVIATION,2010-04,2008-08,,1942.51,,1942.51,,,579.26,2011-05,,2011-08,,,,0,0,,,,fr_Apr_2010.pdf,Sector-Wise analysis of projects,27,10
FR_201004_011,,N04000050,11,C/o new Airport-SH: E/W in cutting and filling geogrid -,,,CIVIL AVIATION,2010-04,2009-01,,264.29,,264.29,,,10.02,2011-01,,,,,,0,0,,,,fr_Apr_2010.pdf,Sector-Wise analysis of projects,27,11
FR_201004_012,,N04000065,12,GAGAN PROJECT - Total,,,CIVIL AVIATION,2010-04,2008-09,,393.6,5142.67,393.6,,,160.29,2013-06,,,,,,0,0,,,,fr_Apr_2010.pdf,Sector-Wise analysis of projects,27,12
FR_201004_013,,N06000044,13,BALRAM OCP EXTENSION -,,,COAL,2010-04,2007-12,,172.08,,172.08,,,473.97,2009-03,,2010-03,,,,0,0,,,,fr_Apr_2010.pdf,Sector-Wise analysis of projects,27,13
FR_201004_014,,060100090,14,BARSINGSAR MINE 2.10 MTPA LIGNITE (NLC) -,NLC,,COAL,2010-04,2004-12,,254.07,254.6,254.6,,,215.84,2009-06,,2010-05,,,,18,21,,,,fr_Apr_2010.pdf,Sector-Wise analysis of projects,27,14
FR_201004_015,,060100089,15,BARSINGSAR TPS (2X125MW) (NLC) -,NLC,,COAL,2010-04,2004-12,,1114.18,1626.09,1626.09,,,1420.58,2009-06,,2010-09,,,,32,26,,,,fr_Apr_2010.pdf,Sector-Wise analysis of projects,27,15
FR_201004_016,,060100087,16,TPS-II EXPANSION (1470MW TO 1970MW) (NLC) -,NLC,,COAL,2010-04,2004-10,,2030.78,2453.57,2453.57,,,1958.95,2009-06,,2011-06,,,,24,24,,,,fr_Apr_2010.pdf,Sector-Wise analysis of projects,27,16
FR_201004_017,,060100092,17,KULDA OCP (MAHANADI COALFIELDS LTD.) -,MAHANADI COALFIELDS LTD.,,COAL,2010-04,2005-01,,302.96,,302.96,,,57.9,2010-03,,2012-03,,,,0,4,,,,fr_Apr_2010.pdf,Sector-Wise analysis of projects,27,17
FR_201004_018,,060100093,18,GEVRA EXPANSION OCP (SECL) (25 MTY) -,25 MTY,,COAL,2010-04,2005-07,,1667.55,,1667.55,,,993.52,2010-03,,2012-03,,,26.0,3,7,,,,fr_Apr_2010.pdf,Sector-Wise analysis of projects,27,18
FR_201004_019,,060100096,19,ASHOK EXPN.OCP -CCL (5 MTY) -,5 MTY,,COAL,2010-04,2006-04,,471.66,341.63,341.63,,,101.57,2011-03,,2012-03,,,,0,0,,,,fr_Apr_2010.pdf,Sector-Wise analysis of projects,28,19
FR_201004_020,,N06000017,20,SHANTIKHANI LONGWALL PROJ- SCCL -,,,COAL,2010-04,2006-10,,249.03,,249.03,,,37.11,2012-03,,2012-03,,,,0,36,,,,fr_Apr_2010.pdf,Sector-Wise analysis of projects,28,20
FR_201004_021,,N06000033,21,"NIGAHI OC EXPANSION PROJECT 10 MTY TO 15 MTY, SINGRAULI -",,,COAL,2010-04,2007-10,,529.4,,259.4,,,0.4,2012-03,,2012-03,,,,0,0,,,,fr_Apr_2010.pdf,Sector-Wise analysis of projects,28,21
FR_201004_022,,N06000067,22,ANANTA OC EXPANSION PH-II -,,,COAL,2010-04,2008-08,,207.28,,207.28,,,249.85,2012-03,,2012-03,,,,0,0,,,,fr_Apr_2010.pdf,Sector-Wise analysis of projects,28,22
FR_201004_023,,N06000078,23,RAMAGUNDAM OC-II EXTENSION -,,,COAL,2010-04,2009-12,,418.57,,418.57,,,37.0,2012-03,,2012-03,,,,0,0,,,,fr_Apr_2010.pdf,Sector-Wise analysis of projects,28,23
FR_201004_024,,N06000080,24,MANUGURU OC-II EXTENSION PHASE-II -,,,COAL,2010-04,2010-03,,181.91,,181.19,,,,2012-03,,2012-03,,,,0,0,,,,fr_Apr_2010.pdf,Sector-Wise analysis of projects,28,24
FR_201004_025,,N06000047,25,TUTICORIN THERMAL POWER PROJECT -,,,COAL,2010-04,2008-05,,4904.54,,4904.54,,,749.53,2012-08,,2012-08,,,,0,0,,,,fr_Apr_2010.pdf,Sector-Wise analysis of projects,28,25
FR_201004_026,,N06000016,26,ADRIYALA SHAFT PROJECT -,,,COAL,2010-04,2006-09,,212.34,779.26,779.26,,,97.74,2013-03,,2012-09,,,,2,11,,,,fr_Apr_2010.pdf,Sector-Wise analysis of projects,28,26
FR_201004_027,,N06000048,27,KAKATIYA LAONGWALL -,,,COAL,2010-04,2008-12,,453.63,,453.63,,,47.19,,,2012-12,,,,0,50,,,,fr_Apr_2010.pdf,Sector-Wise analysis of projects,28,27
FR_201004_028,,N06000007,28,KRISHNASHILA (NCL) (4MTY) -,4MTY,,COAL,2010-04,2006-05,,789.88,741.56,741.56,,,134.93,2010-03,,2013-03,,,,0,1,,,,fr_Apr_2010.pdf,Sector-Wise analysis of projects,28,28
FR_201004_029,,N06000008,29,KUSMUNDA EXPN.OCP(SECL)(10MTY) -,10MTY,,COAL,2010-04,2006-06,,737.65,,1188.31,,,583.32,2011-03,2013-03,2013-03,,,,0,4,,,,fr_Apr_2010.pdf,Sector-Wise analysis of projects,28,29
FR_201004_030,,N06000009,30,BLOCK-B OCP NCL (3.5 MTY) -,3.5 MTY,,COAL,2010-04,2006-06,,746.04,437.34,437.34,,,136.0,2012-03,,2013-03,,,,0,1,,,,fr_Apr_2010.pdf,Sector-Wise analysis of projects,28,30
FR_201004_031,,N06000015,31,MAGADH OC (CCL) -,CCL,,COAL,2010-04,2006-07,,469.78,706.4,706.4,,,12.15,2012-07,,2013-03,,,,0,1,,,,fr_Apr_2010.pdf,Sector-Wise analysis of projects,28,31
FR_201004_032,,N06000025,32,JALLARAM SHAFT PROJECT -,,,COAL,2010-04,2013-03,,467.78,,467.78,,,11.29,2013-03,,2013-03,,,,0,7,,,,fr_Apr_2010.pdf,Sector-Wise analysis of projects,28,32
FR_201004_033,,N06000035,33,KANIHA OCP -,,,COAL,2010-04,2007-12,,457.77,,457.77,,,48.96,2012-03,,2013-03,,,,0,0,,,,fr_Apr_2010.pdf,Sector-Wise analysis of projects,28,33
FR_201004_034,,N06000068,34,HINGULA OC-II EXP. PH-II (15 MTY) -,15 MTY,,COAL,2010-04,2008-11,,475.93,,479.53,,,175.35,2013-03,,2013-03,,,,0,0,,,,fr_Apr_2010.pdf,Sector-Wise analysis of projects,28,34
FR_201004_035,,N06000019,35,BINA EXTN. PROJ -,,,COAL,2010-04,2006-11,,168.97,,168.97,,,,2014-03,,2013-11,,,,1,1,,,,fr_Apr_2010.pdf,Sector-Wise analysis of projects,28,35
FR_201004_036,,060100094,36,DIPKA EXPANSION OCP (SECL) (20 MTY) -,20 MTY,,COAL,2010-04,2005-07,,1268.53,,1943.66,,,789.0,2010-03,,2014-03,,,,2,6,,,,fr_Apr_2010.pdf,Sector-Wise analysis of projects,28,36
FR_201004_037,,N06000046,37,CHURCHA UG -,,,COAL,2010-04,2008-06,,462.35,,462.35,,,270.87,2014-06,,2014-03,,,,0,0,,,,fr_Apr_2010.pdf,Sector-Wise analysis of projects,28,37
FR_201004_038,,N06000056,38,RAJMAHAL OC EXP. -,,,COAL,2010-04,2006-02,,50.08,,153.82,,,3.14,2010-03,,2014-03,,,,0,0,,,,fr_Apr_2010.pdf,Sector-Wise analysis of projects,28,38
FR_201004_039,,N06000066,39,PENGANGA OC -,,,COAL,2010-04,2008-10,,339.77,,339.77,,,,2014-03,,2014-03,,,,0,0,,,,fr_Apr_2010.pdf,Sector-Wise analysis of projects,28,39
FR_201004_040,,N06000076,40,KARTALI (EAST) OC -,EAST,,COAL,2010-04,2008-07,,178.44,,178.44,,,,2014-03,,2014-03,,,,0,0,,,,fr_Apr_2010.pdf,Sector-Wise analysis of projects,28,40
FR_201004_041,,N06000081,41,MANIKPUR OC EXPANTION -,,,COAL,2010-04,2009-11,,321.42,,321.5,,,206.71,2013-03,,2014-03,,,,0,0,,,,fr_Apr_2010.pdf,Sector-Wise analysis of projects,28,41
FR_201004_042,,N06000020,42,JHANJRA LONGWAL UG PHASE II -,,,COAL,2010-04,2006-11,,287.18,,287.17,,,,2009-11,2012-01,2015-03,,,,0,0,,,,fr_Apr_2010.pdf,Sector-Wise analysis of projects,28,42
FR_201004_043,,N06000042,43,GOPAL PRASAD OCP -,,,COAL,2010-04,2008-02,,395.87,,395.87,,,22.73,2013-03,,2015-03,,,27.0,0,0,,,,fr_Apr_2010.pdf,Sector-Wise analysis of projects,28,43
FR_201004_044,,N06000045,44,PELMA OC -,,,COAL,2010-04,2008-07,,448.32,,448.32,,,,2012-03,,2015-03,,,,0,0,,,,fr_Apr_2010.pdf,Sector-Wise analysis of projects,29,44
FR_201004_045,,N06000049,45,Batura OC -,,,COAL,2010-04,2008-09,,203.82,,203.82,,,,2013-03,,2015-03,,,,0,0,,,,fr_Apr_2010.pdf,Sector-Wise analysis of projects,29,45
FR_201004_046,,N06000075,46,JAGANNATHPOR OC -,,,COAL,2010-04,2008-09,,152.43,,152.43,,,,2015-03,,2015-03,,,,0,0,,,,fr_Apr_2010.pdf,Sector-Wise analysis of projects,29,46
FR_201004_047,,N06000079,47,RKP OCP PHASE-I -,,,COAL,2010-04,2010-03,,201.58,,209.78,,,0.18,2015-03,,2015-03,,,,0,0,,,,fr_Apr_2010.pdf,Sector-Wise analysis of projects,29,47
FR_201004_048,,N06000010,48,AMLOHRI EPR (NCL) (6 MTY) -,6 MTY,,COAL,2010-04,2006-05,,1352.04,1143.54,1143.54,,,,2014-03,,2016-03,,,,1,1,,,,fr_Apr_2010.pdf,Sector-Wise analysis of projects,29,48
FR_201004_049,,N06000034,49,BHUBANESWARI OCP -,,,COAL,2010-04,2007-12,,490.1,,490.1,,,56.52,2014-03,,2016-03,,,,0,0,,,,fr_Apr_2010.pdf,Sector-Wise analysis of projects,29,49
FR_201004_050,,N06000043,50,TALABIRA OCP - Total,,,COAL,2010-04,2008-03,,447.72,24083.43,447.72,,,5.32,2015-03,,2016-03,,,,0,0,,,,fr_Apr_2010.pdf,Sector-Wise analysis of projects,29,50
FR_201004_051,,N08000003,51,THAL AMMONIA REVAMP PROJECT -,,,FERTILISERS,2010-04,2009-01,,488.75,,488.75,,,17.28,2011-03,,2011-03,,,,0,0,,,,fr_Apr_2010.pdf,Sector-Wise analysis of projects,29,51
FR_201004_052,,N08000007,52,CAPACITY ENHANCEMENT OF VIJAIPUR-I -,,,FERTILISERS,2010-04,2008-09,,325.0,,325.0,,,,2011-07,,2011-07,,,,0,0,,,,fr_Apr_2010.pdf,Sector-Wise analysis of projects,29,52
FR_201004_053,,N08000008,53,CAPACITY ENHANCEMENT OF AMMONIA AND UREA PLANT VIJ -,,,FERTILISERS,2010-04,2008-09,,438.0,,438.0,,,,2011-07,,2011-07,,,,0,0,,,,fr_Apr_2010.pdf,Sector-Wise analysis of projects,29,53
FR_201004_054,,N08000004,54,PANIPATH - AMMONIA PLANT FEEDSTOCK PLANT -,,,FERTILISERS,2010-04,2010-01,,1292.84,,1292.84,,,,2012-10,,2012-10,,,,0,0,,,,fr_Apr_2010.pdf,Sector-Wise analysis of projects,29,54
FR_201004_055,,N08000005,55,BATHINDA - AMMONIA PLANT FEEDSTOCK PROJECT -,,,FERTILISERS,2010-04,2010-01,,1294.19,,1294.19,,,,2012-10,,2012-10,,,,0,0,,,,fr_Apr_2010.pdf,Sector-Wise analysis of projects,29,55
FR_201004_056,,N08000006,56,NANGAL - AMMONIA PLANT FEEDSTOCK PROJECT - Total,,,FERTILISERS,2010-04,2010-01,,1478.63,5317.41,1478.63,,,17.28,2012-10,,2012-10,,,,0,0,,,,fr_Apr_2010.pdf,Sector-Wise analysis of projects,29,56
FR_201004_057,,100100054,57,"SECOND PHASE EXPANSION OF CAPTIVE ALUMINIUM,SMELTER AND POWE - Total",,,MINES,2010-04,2004-10,,4091.51,4091.51,4091.51,,,3316.0,2008-12,,2009-11,,,,18,111,,,,fr_Apr_2010.pdf,Sector-Wise analysis of projects,29,57
FR_201004_058,,N12000021,58,REBUILDING OF COKE OVEN BATTRY NO.-4 -,,,STEEL,2010-04,2007-05,,248.94,,248.94,,,164.48,2009-08,,2010-02,,,,0,0,,,,fr_Apr_2010.pdf,Sector-Wise analysis of projects,29,58
FR_201004_059,,N12000036,59,SIMULTANEOUS BLOWING OF BOF CONVERTER OF SMS-II -,,,STEEL,2010-04,2008-01,,197.66,,197.66,,,103.09,,,2010-03,,,,0,0,,,,fr_Apr_2010.pdf,Sector-Wise analysis of projects,29,59
FR_201004_060,,N12000035,60,REBUILDING OF BLAST FURNANCE NO.2(BOKARO STEEL PL -,,,STEEL,2010-04,2007-10,,892.32,,892.32,,,527.0,,,2010-04,,,,1,1,,,,fr_Apr_2010.pdf,Sector-Wise analysis of projects,29,60
FR_201004_061,,N12000016,61,REBUILIDING OF COKE OVEN BATTERY-10 -,,,STEEL,2010-04,2007-03,,416.5,,416.5,,,244.28,,,2010-06,,,,0,1,,,,fr_Apr_2010.pdf,Sector-Wise analysis of projects,29,61
FR_201004_062,,N12000017,62,BILADILLA IRON ORE DEPOSITE-11B -,,,STEEL,2010-04,2009-01,,295.89,,295.89,,,213.74,2009-10,,2010-06,,,28.0,0,0,,,,fr_Apr_2010.pdf,Sector-Wise analysis of projects,29,62
FR_201004_063,,N12000018,63,Deve. of Bailadila Iron Ore Deposit- II(B)(NMDC) -,NMDC,,STEEL,2010-04,2003-01,,295.89,,607.17,,,213.89,2009-10,,2010-06,,,,2,21,,,,fr_Apr_2010.pdf,Sector-Wise analysis of projects,30,63
FR_201004_064,,N12000050,64,EXPANSION OF SALEM STEEL PLANT -,,,STEEL,2010-04,2008-01,,1902.0,,1902.0,,,1031.35,,,2010-06,,,,1,6,,,,fr_Apr_2010.pdf,Sector-Wise analysis of projects,30,64
FR_201004_065,,N12000054,65,REBUILDING OF COKE OVEN BATTERY NO-6 (BSP) -,BSP,,STEEL,2010-04,2008-07,,172.78,,191.0,,,74.27,,,2010-06,,,,0,1,,,,fr_Apr_2010.pdf,Sector-Wise analysis of projects,30,65
FR_201004_066,,N12000060,66,AIR SEPARATION PLANT (ASU-4) -,ASU-4,,STEEL,2010-04,2008-03,,96.0,,170.0,,,42.02,2010-06,,2010-06,,,,0,0,,,,fr_Apr_2010.pdf,Sector-Wise analysis of projects,30,66
FR_201004_067,,N12000025,67,"INSTALLATION OF 700 TPD OXYGEN PLANT, ROURKELA -",,,STEEL,2010-04,2007-07,,302.7,,302.7,,,227.5,2009-06,,2010-07,,,,0,0,,,,fr_Apr_2010.pdf,Sector-Wise analysis of projects,30,67
FR_201004_068,,N12000039,68,POWER PLANT-I -,,,STEEL,2010-04,2007-09,,462.0,,350.0,,,84.4,2009-12,,2010-08,,,,0,0,,,,fr_Apr_2010.pdf,Sector-Wise analysis of projects,30,68
FR_201004_069,,N12000069,69,330 TPH BOILER-6 AND AUXILIARY SYSTEM -,,,STEEL,2010-04,2007-07,,260.0,,353.0,,,80.0,2010-02,,2010-08,,,,0,0,,,,fr_Apr_2010.pdf,Sector-Wise analysis of projects,30,69
FR_201004_070,,N12000068,70,67.5 MW TG-5 AUX. S'TEM EMERGENCY POWER REQUIREM -,,,STEEL,2010-04,2007-07,,230.0,,358.0,,,114.32,2010-02,,2011-01,,,,0,0,,,,fr_Apr_2010.pdf,Sector-Wise analysis of projects,30,70
FR_201004_071,,N12000033,71,Rebuilding of coke oven battery No.1 & 2 (Bokaro S -,,,STEEL,2010-04,2007-10,,500.9,,500.9,,,165.99,,,2011-04,,,,0,2,,,,fr_Apr_2010.pdf,Sector-Wise analysis of projects,30,71
FR_201004_072,,N12000023,72,"700TPD ARI SEPARATION UNIT-4 AT OXYGEN PLANT-II, BHILLAI -",,,STEEL,2010-04,2007-07,,111.28,,232.93,,,50.18,,,2011-05,,,,0,1,,,,fr_Apr_2010.pdf,Sector-Wise analysis of projects,30,72
FR_201004_073,,120100067,73,EXPANSION OF RINL/VSP FROM 3 MTPY-6.3 MTPY OF LIQUID STEEL -,,,STEEL,2010-04,2005-10,,8692.0,,12228.0,,,6203.0,2009-10,,2011-06,,,,0,126,,,,fr_Apr_2010.pdf,Sector-Wise analysis of projects,30,73
FR_201004_074,,N12000038,74,COKE OVEN BATTERY NO. 4 PHASE- II -,,,STEEL,2010-04,2007-08,,108.0,,168.95,,,12.0,2009-10,,2011-06,,,,0,0,,,,fr_Apr_2010.pdf,Sector-Wise analysis of projects,30,74
FR_201004_075,,N12000051,75,EXPANSION OF IISCO STEEL PLANT -,,,STEEL,2010-04,2008-02,,14443.0,,14443.0,,,6545.8,,,2011-06,,,,0,6,,,,fr_Apr_2010.pdf,Sector-Wise analysis of projects,30,75
FR_201004_076,,N12000053,76,Augmentation of Iron Ore Storage in RMHP -,,,STEEL,2010-04,2008-05,,480.0,,480.84,,,4.04,2010-09,,2011-12,,,,0,0,,,,fr_Apr_2010.pdf,Sector-Wise analysis of projects,30,76
FR_201004_077,,N12000055,77,EXPANSION OF BOKARO STEEL PLANT -,,,STEEL,2010-04,2008-01,,3316.0,,3534.0,,,932.87,,,2011-12,,,,0,7,,,,fr_Apr_2010.pdf,Sector-Wise analysis of projects,30,77
FR_201004_078,,N12000056,78,EXPENSION OF ROURKELA STEEL PLANT -,,,STEEL,2010-04,2008-09,,6133.0,,8128.0,,,1253.17,2011-02,,2013-03,,,,0,0,,,,fr_Apr_2010.pdf,Sector-Wise analysis of projects,30,78
FR_201004_079,,N12000057,79,EXPANSION OF BHILAI STEEL PLANT - Total,,,STEEL,2010-04,2008-09,,5185.0,44741.86,6146.0,,,1474.84,,,2013-03,,,,0,8,,,,fr_Apr_2010.pdf,Sector-Wise analysis of projects,30,79
FR_201004_080,,160100281,80,CLEAN FUELS PROJECT AT VISAKH REFINERY(HPCL) -,HPCL,,PETROLEUM,2010-04,2003-04,,1635.0,,2147.79,,,2095.36,2006-05,,2009-12,,,,29,45,,,,fr_Apr_2010.pdf,Sector-Wise analysis of projects,30,80
FR_201004_081,,N16000028,81,"CRUDE OIL RECEIPT FACILITIES,KOCHI REFINERY -",,,PETROLEUM,2010-04,2006-04,,2591.8,,3941.41,,,1793.0,2009-09,,2009-12,,,,0,0,,,,fr_Apr_2010.pdf,Sector-Wise analysis of projects,30,81
FR_201004_082,,N16000035,82,MSQ UPGRADATION PROJECT AT PANIPAT REFINERY -,,,PETROLEUM,2010-04,2008-01,,1131.0,,1131.0,,,750.71,2009-12,,2010-01,,,,0,0,,,,fr_Apr_2010.pdf,Sector-Wise analysis of projects,30,82
FR_201004_083,,N16000082,83,SHORT TERM LOW COST MUMBAI REFINERY -,,,PETROLEUM,2010-04,2006-12,,390.0,,230.0,,,164.51,2010-01,,2010-01,,,,0,0,,,,fr_Apr_2010.pdf,Sector-Wise analysis of projects,30,83
FR_201004_084,,N16000034,84,INST. OF FCC GASOLINE DESULPHUN UNIT AT MATHURA RE -,,,PETROLEUM,2010-04,2008-01,,348.0,,348.0,,,186.58,2009-12,,2010-02,,,29.0,0,0,,,,fr_Apr_2010.pdf,Sector-Wise analysis of projects,30,84
FR_201004_085,,N16000047,85,CHAINSA-JHAJJAR PIPE LINE PROJECT -,,,PETROLEUM,2010-04,2007-11,,967.77,,565.0,,,382.13,2009-09,,2010-03,,,,0,0,,,,fr_Apr_2010.pdf,Sector-Wise analysis of projects,31,85
FR_201004_086,,N16000049,86,SULTANPUR NEEMRANA PIPE LINE PROJECT -,,,PETROLEUM,2010-04,2007-11,,396.13,,396.13,,,52.34,2009-10,,2010-03,,,,0,0,,,,fr_Apr_2010.pdf,Sector-Wise analysis of projects,31,86
FR_201004_087,,N16000078,87,BINA DESPATCH TERMINAL -,,,PETROLEUM,2010-04,2007-05,,490.71,639.11,639.11,,,520.92,2009-12,,2010-03,,,,0,0,,,,fr_Apr_2010.pdf,Sector-Wise analysis of projects,31,87
FR_201004_088,,N16000079,88,BINA KOTA PIPE LINE PROJECT -,,,PETROLEUM,2010-04,2007-07,,405.82,,405.82,,,277.56,2009-12,,2010-03,,,,0,0,,,,fr_Apr_2010.pdf,Sector-Wise analysis of projects,31,88
FR_201004_089,,N16000048,89,VIJAPUR DADRI-BAWANA PIPE LINE PROJECT -,,,PETROLEUM,2010-04,2007-11,,5595.31,,3860.0,,,3114.04,2009-11,2010-04,2010-04,,,,0,0,,,,fr_Apr_2010.pdf,Sector-Wise analysis of projects,31,89
FR_201004_090,,160100292,90,PANIPAT NAPHTA CRACKER PROJECT -,,,PETROLEUM,2010-04,2006-04,,14439.0,,14439.0,,,11422.39,2009-11,2009-11,2010-05,,,,61,101,,,,fr_Apr_2010.pdf,Sector-Wise analysis of projects,31,90
FR_201004_091,,N16000018,91,DADRI- PANIPAT R-LNG SPUR PIPELINE -,,,PETROLEUM,2010-04,2005-06,,250.66,350.0,389.0,,,347.92,2008-06,,2010-05,,,,0,0,,,,fr_Apr_2010.pdf,Sector-Wise analysis of projects,31,91
FR_201004_092,,N16000055,92,BARGE BUMPER-BOAT LANDING- RISER PROTECTOR PROJECT -,,,PETROLEUM,2010-04,2008-05,,289.6,,289.6,,,198.16,2010-05,,2010-05,,,,0,0,,,,fr_Apr_2010.pdf,Sector-Wise analysis of projects,31,92
FR_201004_093,,N16000067,93,SINGLE POINT MOORING PROJECT AT VISAKHAPATNAM -,,,PETROLEUM,2010-04,2008-11,,643.46,,643.46,,,425.28,,,2010-05,,,,0,2,,,,fr_Apr_2010.pdf,Sector-Wise analysis of projects,31,93
FR_201004_094,,160100289,94,INST. OF FACILITIES FOR IMPROVEMENT IN DIESEL QUALITY (IOCL) -,IOCL,,PETROLEUM,2010-04,2005-11,,1876.0,2869.0,3127.0,,,2600.02,2009-04,2009-12,2010-06,,,,31,36,,,,fr_Apr_2010.pdf,Sector-Wise analysis of projects,31,94
FR_201004_095,,N16000009,95,"DIESEL HYDRO TREATMENT PROJECT,BRPL DHALIGAON -",,,PETROLEUM,2010-04,2006-06,,1431.91,,1675.72,,,1359.95,2009-09,,2010-06,,,,0,0,,,,fr_Apr_2010.pdf,Sector-Wise analysis of projects,31,95
FR_201004_096,,N16000024,96,HEERA AND SOUTH HEERA RE- DEVELOPMENT PROJECT -,,,PETROLEUM,2010-04,2006-09,,2305.3,,2305.3,,,1966.04,2010-06,2010-06,2010-06,,,,0,0,,,,fr_Apr_2010.pdf,Sector-Wise analysis of projects,31,96
FR_201004_097,,N16000026,97,LUBDE OIL BASE STOCK QUALITY UPGRADATION AT MUMBAI -,,,PETROLEUM,2010-04,2006-10,,638.9,1030.0,1030.0,,,673.52,2009-04,,2010-06,,,,0,0,,,,fr_Apr_2010.pdf,Sector-Wise analysis of projects,31,97
FR_201004_098,,N16000036,98,MSQ UPGRADATION PROJECT AT GUWAHATI REFINERY -,,,PETROLEUM,2010-04,2008-04,,372.0,,325.0,,,195.4,2010-02,,2010-06,,,,0,0,,,,fr_Apr_2010.pdf,Sector-Wise analysis of projects,31,98
FR_201004_099,,N16000037,99,MSQ UPGRADATION PROJECT AT DIGBOI REFINERY -,,,PETROLEUM,2010-04,2008-04,,356.0,,300.0,,,179.95,2010-02,,2010-06,,,,0,0,,,,fr_Apr_2010.pdf,Sector-Wise analysis of projects,31,99
FR_201004_100,,N16000038,100,MSQ UPGRADATION PROJECT AT BARAUNI REFINERY -,,,PETROLEUM,2010-04,2008-04,,1492.0,,1492.0,,,840.77,2010-04,,2010-06,,,,0,0,,,,fr_Apr_2010.pdf,Sector-Wise analysis of projects,31,100
FR_201004_101,,160100168,101,"C2-C3 AND LPG RECOVERY FROM LNG, DAHEJ (ONGC) -",ONGC,,PETROLEUM,2010-04,2003-12,,900.92,,1493.49,,,651.43,2006-06,2008-05,2010-07,,,,0,2,,,,fr_Apr_2010.pdf,Sector-Wise analysis of projects,31,101
FR_201004_102,,N16000040,102,MSQ IMPROVMENT PROJECT -,,,PETROLEUM,2010-04,2008-04,,293.6,,293.6,,,161.38,2009-12,,2010-07,,,,0,0,,,,fr_Apr_2010.pdf,Sector-Wise analysis of projects,31,102
FR_201004_103,,N16000080,103,CAPACITY EXP. CUM MODERNISATION PH-II -,,,PETROLEUM,2010-04,2009-09,,2591.8,3941.41,3941.41,,,,2009-12,,2010-07,,,,0,0,,,,fr_Apr_2010.pdf,Sector-Wise analysis of projects,31,103
FR_201004_104,,N16000021,104,RESIDUE UPGRADATION AND MS/HSD QUALITY IMPROVEMENT -,,,PETROLEUM,2010-04,2007-01,,5693.0,,6898.0,,,5182.82,2010-01,,2010-08,,,,0,0,,,,fr_Apr_2010.pdf,Sector-Wise analysis of projects,31,104
FR_201004_105,,N16000062,105,HEERA RECONSTRUCTION -,,,PETROLEUM,2010-04,2008-05,,706.7,,706.7,,,218.16,2010-04,,2010-09,,,,0,0,,,,fr_Apr_2010.pdf,Sector-Wise analysis of projects,31,105
FR_201004_106,,N16000017,106,EXPANSION OF PANIPAT REFINERY FROM 12 TO 15 MMTPA -,,,PETROLEUM,2010-04,2005-06,,1007.83,1007.83,1060.0,,,666.35,2009-12,2009-12,2010-10,,,,18,49,,,,fr_Apr_2010.pdf,Sector-Wise analysis of projects,31,106
FR_201004_107,,N16000023,107,DEVELOPMENT OF C-SERIES FIELDS -,,,PETROLEUM,2010-04,2006-08,,3195.16,,2800.0,,,2448.39,2008-12,,2010-10,,,,0,0,,,,fr_Apr_2010.pdf,Sector-Wise analysis of projects,31,107
FR_201004_108,,N16000050,108,BAWANA NANGAL PIPE LINE PROJECT -,,,PETROLEUM,2010-04,2010-10,,1816.07,,1816.07,,,8.66,2010-10,,2010-10,,,30.0,0,0,,,,fr_Apr_2010.pdf,Sector-Wise analysis of projects,31,108
FR_201004_109,,N16000051,109,JHAJJAR HISSAR PIPE LINE PROJECT -,,,PETROLEUM,2010-04,2007-11,,281.07,,281.07,,,1.13,2010-10,,2010-10,,,,0,0,,,,fr_Apr_2010.pdf,Sector-Wise analysis of projects,32,109
FR_201004_110,,N16000052,110,DAHEJ-VIJAYPUR PIPE LINE PROJECT -,,,PETROLEUM,2010-04,2007-11,,4429.38,,3000.0,,,176.96,2010-10,,2010-10,,,,0,0,,,,fr_Apr_2010.pdf,Sector-Wise analysis of projects,32,110
FR_201004_111,,N16000053,111,COMPRESSOR STATIONS (VIJAYPUR AND JHABUA) PHASE-I -,VIJAYPUR AND JHABUA,,PETROLEUM,2010-04,2007-11,,1512.0,,1212.85,,,18.46,2011-10,,2010-10,,,,0,0,,,,fr_Apr_2010.pdf,Sector-Wise analysis of projects,32,111
FR_201004_112,,N16000045,112,MNW-NF BRIDGE PROJECT -,,,PETROLEUM,2010-04,2008-05,,175.21,,162.12,,,58.19,2009-03,,2010-12,,,,0,0,,,,fr_Apr_2010.pdf,Sector-Wise analysis of projects,32,112
FR_201004_113,,N16000056,113,INSTALLATION OF FCCV AT MUMBAI REFINERY -,,,PETROLEUM,2010-04,2007-03,,900.47,,900.47,,,577.01,2009-09,,2010-12,,,,0,0,,,,fr_Apr_2010.pdf,Sector-Wise analysis of projects,32,113
FR_201004_114,,N16000066,114,CONSTRUCTION OF NEW TERMINAL AT ENNORE CHENNAI -,,,PETROLEUM,2010-04,2008-01,,224.0,,224.0,,,68.02,2010-12,,2010-12,,,,0,0,,,,fr_Apr_2010.pdf,Sector-Wise analysis of projects,32,114
FR_201004_115,,N16000076,115,Guru Govind Singh Refinary Product Evacuation -,,,PETROLEUM,2010-04,2009-01,,605.4,605.4,605.4,,,183.47,2010-12,2010-12,2010-12,,,,12,17,,,,fr_Apr_2010.pdf,Sector-Wise analysis of projects,32,115
FR_201004_116,,N16000083,116,REFRIGERAPED LPG STORAGE AT JNPT -,,,PETROLEUM,2010-04,2008-06,,304.4,,304.4,,,32.06,2010-12,,2010-12,,,,0,0,,,,fr_Apr_2010.pdf,Sector-Wise analysis of projects,32,116
FR_201004_117,,N16000074,117,CAPACITY AUGMENTATION OF AGRA& FEROZABAD REGION -,,,PETROLEUM,2010-04,2009-07,,199.57,,199.57,,,,2011-01,,2011-01,,,,0,0,,,,fr_Apr_2010.pdf,Sector-Wise analysis of projects,32,117
FR_201004_118,,160100215,118,IOR LAKWA - LAKHMANI (ONGCL) -,ONGCL,,PETROLEUM,2010-04,2001-09,,345.1,,600.0,,,523.08,2007-03,,2011-03,,,,3,3,,,,fr_Apr_2010.pdf,Sector-Wise analysis of projects,32,118
FR_201004_119,,160100216,119,IOR GELEKI (ONGCL) -,ONGCL,,PETROLEUM,2010-04,2001-09,,390.09,,1200.0,,,988.06,2007-03,,2011-03,,,,6,6,,,,fr_Apr_2010.pdf,Sector-Wise analysis of projects,32,119
FR_201004_120,,160100217,120,"IOR, RUDRASAGAR (ONGCL) -",ONGCL,,PETROLEUM,2010-04,2001-09,,113.9,,219.22,,,145.95,2006-03,,2011-03,,,,6,6,,,,fr_Apr_2010.pdf,Sector-Wise analysis of projects,32,120
FR_201004_121,,N16000085,121,NORTH TAPTI GAS FIELD DEV. -,,,PETROLEUM,2010-04,2008-07,,589.7,,589.7,,,,2011-03,,2011-03,,,,0,0,,,,fr_Apr_2010.pdf,Sector-Wise analysis of projects,32,121
FR_201004_122,,N16000096,122,North Tapti Gas Field Development -,,,PETROLEUM,2010-04,2010-01,,589.7,755.56,755.56,,,,2011-03,,2011-03,,,,0,0,,,,fr_Apr_2010.pdf,Sector-Wise analysis of projects,32,122
FR_201004_123,,N16000039,123,MUMBAI HIGH SOUTH REDEVELOPMENT PH-2 -,,,PETROLEUM,2010-04,2007-06,,1252.75,,8061.42,,,3898.92,2009-06,,2011-04,,,,0,0,,,,fr_Apr_2010.pdf,Sector-Wise analysis of projects,32,123
FR_201004_124,,N16000054,124,COMPRESSOR STATIONS (KAILARAS &CHAINSA) -,KAILARAS &CHAINSA,,PETROLEUM,2010-04,2007-11,,1061.93,,1061.78,,,9.91,2011-11,,2011-04,,,,0,0,,,,fr_Apr_2010.pdf,Sector-Wise analysis of projects,32,124
FR_201004_125,,N16000063,125,NEELAM RECONSTRUCTION -,,,PETROLEUM,2010-04,2008-05,,305.08,,305.08,,,41.56,2011-04,,2011-04,,,,0,0,,,,fr_Apr_2010.pdf,Sector-Wise analysis of projects,32,125
FR_201004_126,,160100231,126,INTEGRATED DEV OF G1 and GS-15 (ONGCL) -,ONGCL,,PETROLEUM,2010-04,2003-04,,429.82,,1262.93,,,1234.69,2005-03,,2011-05,,,,0,0,,,,fr_Apr_2010.pdf,Sector-Wise analysis of projects,32,126
FR_201004_127,,N16000044,127,REVAMPING OF WIN PLATFORM AT MH ASSET -,,,PETROLEUM,2010-04,2008-05,,333.4,,330.4,,,0.35,2010-05,,2011-05,,,,0,0,,,,fr_Apr_2010.pdf,Sector-Wise analysis of projects,32,127
FR_201004_128,,N16000091,128,BNPL superlines(Uttranchal & Punjab) -,Uttranchal & Punjab,,PETROLEUM,2010-04,2009-12,,540.92,,540.92,,,,2011-05,,2011-05,,,,0,0,,,,fr_Apr_2010.pdf,Sector-Wise analysis of projects,32,128
FR_201004_129,,N16000092,129,VKPL Upgradation and Laying of Superlines -,,,PETROLEUM,2010-04,2009-12,,463.32,,463.32,,,,2011-05,,2011-05,,,,0,0,,,,fr_Apr_2010.pdf,Sector-Wise analysis of projects,32,129
FR_201004_130,,N16000093,130,VKPL SPURLINE -,,,PETROLEUM,2010-04,2009-12,,463.32,,463.32,,,,2011-06,,2011-05,,,,0,0,,,,fr_Apr_2010.pdf,Sector-Wise analysis of projects,32,130
FR_201004_131,,N16000094,131,BNPL SPURLINE -,,,PETROLEUM,2010-04,2009-12,,540.92,,540.92,,,,2011-06,,2011-05,,,,0,0,,,,fr_Apr_2010.pdf,Sector-Wise analysis of projects,32,131
FR_201004_132,,N16000075,132,Construction of Tank and Blending Facility at Vadi -,,,PETROLEUM,2010-04,2009-02,,267.0,,267.0,,,63.58,,,2011-08,,,,0,1,,,,fr_Apr_2010.pdf,Sector-Wise analysis of projects,32,132
FR_201004_133,,N16000068,133,DIESEL HYDROTREATOR PROJECT AT VISAKH REFINERY -,,,PETROLEUM,2010-04,2009-03,,3597.0,,3597.0,,,53.67,2011-09,,2011-09,,,,0,0,,,,fr_Apr_2010.pdf,Sector-Wise analysis of projects,32,133
FR_201004_134,,N16000069,134,DIESEL HYDROTREATOR PROJECT AT MUMBAI REFINERY -,,,PETROLEUM,2010-04,2009-03,,3284.0,,3284.0,,,47.31,2011-09,,2011-09,,,31.0,0,0,,,,fr_Apr_2010.pdf,Sector-Wise analysis of projects,32,134
FR_201004_135,,N16000057,135,RESITMENT OF MARKETING INSTALATION AT VISAKH -,,,PETROLEUM,2010-04,2009-01,,756.0,,820.0,,,577.01,2011-12,,2011-12,,,,0,0,,,,fr_Apr_2010.pdf,Sector-Wise analysis of projects,33,135
FR_201004_136,,N16000059,136,BRANCH PIPELINE FROM KSPL VIRAMGAON TO KANDLA -,,,PETROLEUM,2010-04,2009-02,,349.0,,349.0,,,8.09,2011-08,,2011-12,,,,0,0,,,,fr_Apr_2010.pdf,Sector-Wise analysis of projects,33,136
FR_201004_137,,N16000081,137,HYDROCRACKER REVAMP & SETTING -,,,PETROLEUM,2010-04,2008-02,,825.0,,825.0,,,48.11,2011-12,,2011-12,,,,0,0,,,,fr_Apr_2010.pdf,Sector-Wise analysis of projects,33,137
FR_201004_138,,N16000084,138,CONSTRUCTION OF 12 OFFSHORE SUPPLY VESSELS(OSV) -,OSV,,PETROLEUM,2010-04,2007-06,,736.65,,736.65,,,108.05,2011-12,,2011-12,,,,0,0,,,,fr_Apr_2010.pdf,Sector-Wise analysis of projects,33,138
FR_201004_139,,N16000086,139,ADDITIONAL DEV. OF D-1 FIELD -,,,PETROLEUM,2010-04,2010-01,,2163.64,,2163.64,,,,2011-12,,2011-12,,,,0,0,,,,fr_Apr_2010.pdf,Sector-Wise analysis of projects,33,139
FR_201004_140,,N16000097,140,Additional Development of D-1 Field -,,,PETROLEUM,2010-04,2010-01,,2163.64,,2163.64,,,,2011-12,,2011-12,,,,0,0,,,,fr_Apr_2010.pdf,Sector-Wise analysis of projects,33,140
FR_201004_141,,N16000070,141,MORADABAD-KASHIPUR-RUDRAPUR PIPELINE PROJECT. -,,,PETROLEUM,2010-04,2009-07,,238.68,,238.68,,,,2012-01,,2012-01,,,,0,0,,,,fr_Apr_2010.pdf,Sector-Wise analysis of projects,33,141
FR_201004_142,,N16000031,142,OFFSHORE GRID INTERCONNECTIVITY PROJECT IN MUMBAI HIGH -,,,PETROLEUM,2010-04,2007-01,,740.02,,740.02,,,298.68,2010-03,2012-03,2012-03,,,,0,0,,,,fr_Apr_2010.pdf,Sector-Wise analysis of projects,33,142
FR_201004_143,,N16000090,143,Integrated offshore crude Oil handling facilities at Paradip -,,,PETROLEUM,2010-04,2009-12,,1492.33,,1492.33,,,18.75,2012-06,,2012-03,,,,0,0,,,,fr_Apr_2010.pdf,Sector-Wise analysis of projects,33,143
FR_201004_144,,N16000032,144,DEVELOPMENT OF B-22 CLUSTER FIELDS -,,,PETROLEUM,2010-04,2007-01,,1552.63,,2920.82,,,5.24,2009-02,2010-09,2012-04,,,,0,0,,,,fr_Apr_2010.pdf,Sector-Wise analysis of projects,33,144
FR_201004_145,,N16000033,145,DEVELOPMENT OF B-193 CLUSTER FIELDS -,,,PETROLEUM,2010-04,2007-06,,3248.78,,5633.44,,,0.61,2010-03,2010-08,2012-04,,,,0,0,,,,fr_Apr_2010.pdf,Sector-Wise analysis of projects,33,145
FR_201004_146,,N16000030,146,CONSTRUCTION OF NEW PROCESS COMPLEX MHN -,,,PETROLEUM,2010-04,2007-01,,2853.29,,6326.4,,,599.85,2010-05,,2012-05,,,,0,0,,,,fr_Apr_2010.pdf,Sector-Wise analysis of projects,33,146
FR_201004_147,,N16000046,147,DEVELOPMENT OF B-46 CLUSTER FIELD -,,,PETROLEUM,2010-04,2007-06,,1436.21,,1436.21,,,,2010-07,,2012-05,,,,0,0,,,,fr_Apr_2010.pdf,Sector-Wise analysis of projects,33,147
FR_201004_148,,N16000065,148,ADDITIONAL GAS PROCESSING FACILITI AT HAZIRA -,,,PETROLEUM,2010-04,2008-02,,370.11,,370.11,,,8.53,2011-04,,2012-06,,,,0,0,,,,fr_Apr_2010.pdf,Sector-Wise analysis of projects,33,148
FR_201004_149,,N16000098,149,Up-gradation of Konaban GGS and Pipeline Grid Project -,,,PETROLEUM,2010-04,2008-07,,288.04,,288.04,,,,2012-08,,2012-08,,,,0,0,,,,fr_Apr_2010.pdf,Sector-Wise analysis of projects,33,149
FR_201004_150,,N16000060,150,MUMBAI HIGH NORTH DEVELOPMENT PHASE-II -,,,PETROLEUM,2010-04,2009-01,,6855.93,,6855.93,,,478.71,2012-09,,2012-09,,,,0,0,,,,fr_Apr_2010.pdf,Sector-Wise analysis of projects,33,150
FR_201004_151,,N16000064,151,ADDITIONAL GAS PROCESSING UNITS AT URAN -,,,PETROLEUM,2010-04,2008-10,,1797.35,,1797.35,,,9.77,2011-12,,2012-09,,,,0,0,,,,fr_Apr_2010.pdf,Sector-Wise analysis of projects,33,151
FR_201004_152,,N16000088,152,Paradip-Raipur-Sambalpur Ranchi Pipeline -,,,PETROLEUM,2010-04,2009-08,,1793.0,,1793.0,,,7.12,2012-09,,2012-09,,,,0,0,,,,fr_Apr_2010.pdf,Sector-Wise analysis of projects,33,152
FR_201004_153,,N16000099,153,Construction of six Effluent Treatment Plants (ETP) -,ETP,,PETROLEUM,2010-04,2009-03,,234.78,234.78,234.78,,,,2012-09,,2012-09,,,,0,0,,,,fr_Apr_2010.pdf,Sector-Wise analysis of projects,33,153
FR_201004_154,,N16000058,154,PARADIP REFINERY PROJECT -,,,PETROLEUM,2010-04,2009-02,,29777.0,,29777.0,,,3239.47,2012-03,,2012-11,,,,0,0,,,,fr_Apr_2010.pdf,Sector-Wise analysis of projects,33,154
FR_201004_155,,N16000071,155,KOCHI-KANJIRKOD BANGALORE- MANGALORE PIPELINE PROJE -,,,PETROLEUM,2010-04,2009-06,,3032.0,,3032.0,,,,2012-12,,2012-12,,,,0,0,,,,fr_Apr_2010.pdf,Sector-Wise analysis of projects,33,155
FR_201004_156,,N16000073,156,DHABOL-BANGALORE PIPELINE PROJECT -,,,PETROLEUM,2010-04,2009-06,,4543.43,,4543.43,,,,2012-12,,2012-12,,,,0,0,,,,fr_Apr_2010.pdf,Sector-Wise analysis of projects,33,156
FR_201004_157,,N16000089,157,De-bottlenecking of SMPL -,,,PETROLEUM,2010-04,2009-12,,1584.0,,1584.0,,,1.0,,,2012-12,,,,0,0,,,,fr_Apr_2010.pdf,Sector-Wise analysis of projects,33,157
FR_201004_158,,N16000072,158,JAGDISHPUR-HALDIA PIPELINE PROJECT -,,,PETROLEUM,2010-04,2009-07,,7596.18,,7596.18,,,,2013-01,,2013-01,,,32.0,0,0,,,,fr_Apr_2010.pdf,Sector-Wise analysis of projects,33,158
FR_201004_159,,N16000061,159,ASSAM RENEWAL PROJECT FOR GROUP A - Total,,,PETROLEUM,2010-04,2009-03,,2465.15,156343.74,2378.86,,,109.52,2013-03,,2013-03,,,,0,0,,,,fr_Apr_2010.pdf,Sector-Wise analysis of projects,34,159
FR_201004_160,,180100165,160,TUIRIAL HE PROJECT(NEEPCO) -,NEEPCO,,POWER,2010-04,1998-07,,368.72,,877.06,,,230.56,2006-07,,2010-03,,,,2,5,,,,fr_Apr_2010.pdf,Sector-Wise analysis of projects,34,160
FR_201004_161,,180100220,161,SEWA- II H.E.P (NHPC) -,NHPC,,POWER,2010-04,2003-09,,665.46,,1016.74,,,,2007-09,,2010-05,,,,8,36,,,,fr_Apr_2010.pdf,Sector-Wise analysis of projects,34,161
FR_201004_162,,180100246,162,KAIGA 3&4 TRANSMISSION SYSTEM (PGCIL) -,PGCIL,,POWER,2010-04,2005-03,,596.45,1007.16,1007.16,,,756.41,2007-12,,2010-06,,,,7,18,,,,fr_Apr_2010.pdf,Sector-Wise analysis of projects,34,162
FR_201004_163,,N18000033,163,EASTERN REGION STRENGTHENING SCHEME-II -,,,POWER,2010-04,2007-12,,227.52,,227.52,,,113.89,2010-06,,2010-06,,,,0,0,,,,fr_Apr_2010.pdf,Sector-Wise analysis of projects,34,163
FR_201004_164,,180100256,164,KOTESWAR TRANSMISSION SYSTEM (PGCIL) -,PGCIL,,POWER,2010-04,2006-06,,260.34,,241.27,,,141.6,2008-06,,2010-08,,,,8,20,,,,fr_Apr_2010.pdf,Sector-Wise analysis of projects,34,164
FR_201004_165,,N18000011,165,KORBA STPP STAGE-III -,,,POWER,2010-04,2006-08,,2448.5,,2448.49,,,1962.37,2010-02,,2010-08,,,,5,24,,,,fr_Apr_2010.pdf,Sector-Wise analysis of projects,34,165
FR_201004_166,,260100100,166,EAST-WEST TRANSNISSION CORRIDOR STRENGTHNING SCHEME -,,,POWER,2010-04,2006-06,,803.7,,803.76,,,593.27,2009-06,,2010-09,,,,1,20,,,,fr_Apr_2010.pdf,Sector-Wise analysis of projects,34,166
FR_201004_167,,N18000035,167,WESTERN REGION STRENGTHENING SCHEME-V -,,,POWER,2010-04,2007-12,,477.69,,477.69,,,279.24,2010-09,,2010-09,,,,0,0,,,,fr_Apr_2010.pdf,Sector-Wise analysis of projects,34,167
FR_201004_168,,N18000037,168,TR. SYSTEM FOR STARTUP POWER TO DVC & MAITHON RB G -,,,POWER,2010-04,2008-04,,290.49,,290.49,,,262.48,2010-04,,2010-09,,,,0,0,,,,fr_Apr_2010.pdf,Sector-Wise analysis of projects,34,168
FR_201004_169,,N18000040,169,EST. OF 400/220 KV GIS POOLING STATION NEAR CHAMER -,,,POWER,2010-04,2007-09,,262.1,,262.1,,,135.08,2010-09,,2010-09,,,,0,0,,,,fr_Apr_2010.pdf,Sector-Wise analysis of projects,34,169
FR_201004_170,,N18000013,170,National Capital Thermal Power Project Stage-II -,,,POWER,2010-04,2006-10,,5135.33,,5135.33,,,3964.82,2010-10,,2010-10,,,,11,40,,,,fr_Apr_2010.pdf,Sector-Wise analysis of projects,34,170
FR_201004_171,,N18000038,171,WESTERN REGION STREGTHENING SCHEME-VI -,,,POWER,2010-04,2008-02,,340.72,,340.72,,,128.28,2010-11,,2010-11,,,,0,0,,,,fr_Apr_2010.pdf,Sector-Wise analysis of projects,34,171
FR_201004_172,,N18000039,172,NORTHERN REGION SYSTEM STRENGHTENING SCHEME-XII -,,,POWER,2010-04,2008-02,,261.55,,261.55,,,127.74,2010-11,,2010-11,,,,0,0,,,,fr_Apr_2010.pdf,Sector-Wise analysis of projects,34,172
FR_201004_173,,180100241,173,"CHAMERA,STAGE-III (NHPC) -",NHPC,,POWER,2010-04,2005-08,,1405.63,,1405.63,,,1185.27,2010-08,,2010-12,,,,0,0,,,,fr_Apr_2010.pdf,Sector-Wise analysis of projects,34,173
FR_201004_174,,180100260,174,TRANSMISSION SY. ASSOCIATED WITH BARH GENER. PROJECT(P.GR.) -,P.GR.,,POWER,2010-04,2005-12,,3779.46,,3779.46,,,3360.62,2009-09,,2010-12,,,,15,30,,,,fr_Apr_2010.pdf,Sector-Wise analysis of projects,34,174
FR_201004_175,,N18000004,175,EASTERN REGION STRENGTHENING SCHEME-I -,,,POWER,2010-04,2006-10,,975.96,,975.96,,,590.08,2009-10,,2010-12,,,,2,20,,,,fr_Apr_2010.pdf,Sector-Wise analysis of projects,34,175
FR_201004_176,,N18000006,176,NIMOO BAZGO HYDROELECTRIC PROJECT -,,,POWER,2010-04,2006-08,,611.01,,611.02,,,452.2,2010-08,,2010-12,,,,0,0,,,,fr_Apr_2010.pdf,Sector-Wise analysis of projects,34,176
FR_201004_177,,N18000022,177,WESTERN REGION STRENGTHENING SCHEME-II -,,,POWER,2010-04,2006-07,,5221.23,,5221.23,,,2307.0,2010-07,,2010-12,,,,3,20,,,,fr_Apr_2010.pdf,Sector-Wise analysis of projects,34,177
FR_201004_178,,N18000034,178,NORTHERN REGION SYSTEM STRENGTHENING-XI -,,,POWER,2010-04,2007-12,,417.76,,417.76,,,254.31,2010-12,,2010-12,,,,0,0,,,,fr_Apr_2010.pdf,Sector-Wise analysis of projects,34,178
FR_201004_179,,N18000036,179,NORTHERN REGION SYSTEM STRENGTHENING SCHEME-X -,,,POWER,2010-04,2007-12,,408.36,,408.36,,,284.85,2010-12,,2010-12,,,,0,0,,,,fr_Apr_2010.pdf,Sector-Wise analysis of projects,34,179
FR_201004_180,,N18000050,180,WESTERN REGION STRENGHTENING SCHEME-IX -,,,POWER,2010-04,2008-04,,230.89,,230.89,,,27.61,2011-01,,2011-01,,,33.0,0,0,,,,fr_Apr_2010.pdf,Sector-Wise analysis of projects,34,180
FR_201004_181,,180100222,181,"TESSTA LOW DAM STAGE - II, III (NHPC) -",NHPC,,POWER,2010-04,2003-10,,768.92,,1279.4,,,1119.02,2007-03,,2011-02,,,,1,25,,,,fr_Apr_2010.pdf,Sector-Wise analysis of projects,35,181
FR_201004_182,,180100251,182,URI H.E.P STAGE -II (NHPC) -,NHPC,,POWER,2010-04,2005-08,,1729.29,,1724.79,,,1108.36,2009-11,,2011-02,,,,0,0,,,,fr_Apr_2010.pdf,Sector-Wise analysis of projects,35,182
FR_201004_183,,N18000007,183,CHUTAK HYDRO-ELECTRIC PROJECT -,,,POWER,2010-04,2006-08,,621.26,,621.28,,,424.52,2011-02,,2011-02,,,,0,1,,,,fr_Apr_2010.pdf,Sector-Wise analysis of projects,35,183
FR_201004_184,,N18000016,184,Farakka STPP Stage-III -,,,POWER,2010-04,2006-07,,2570.44,,2570.44,,,1719.47,2010-08,,2011-02,,,,13,26,,,,fr_Apr_2010.pdf,Sector-Wise analysis of projects,35,184
FR_201004_185,,N18000023,185,URI-II -,,,POWER,2010-04,2006-10,,238.25,,238.25,,,180.02,,,2011-05,,,,0,0,,,,fr_Apr_2010.pdf,Sector-Wise analysis of projects,35,185
FR_201004_186,,N18000032,186,SIMHADRI STPP STAGE -II -,,,POWER,2010-04,2007-08,,5103.39,,5038.53,,,2981.71,2011-05,,2011-05,,,,0,0,,,,fr_Apr_2010.pdf,Sector-Wise analysis of projects,35,186
FR_201004_187,,180100250,187,PARBATI H.E.P. STAGE -III (NHPC) -,NHPC,,POWER,2010-04,2005-10,,2304.56,,2304.52,,,1018.46,2010-10,,2011-06,,,,0,0,,,,fr_Apr_2010.pdf,Sector-Wise analysis of projects,35,187
FR_201004_188,,N18000018,188,TRANSMISSION SYSTEM ASSOCIATED WITH PARBATI-III HE -,,,POWER,2010-04,2006-07,,557.24,,557.25,,,340.11,2010-01,,2011-06,,,,0,22,,,,fr_Apr_2010.pdf,Sector-Wise analysis of projects,35,188
FR_201004_189,,N18000043,189,TRANSMISSION SYSTEM ASSOCIATED WITH FARAKKA-III -,,,POWER,2010-04,2008-12,,204.07,,204.07,,,73.43,2011-06,,2011-06,,,,0,0,,,,fr_Apr_2010.pdf,Sector-Wise analysis of projects,35,189
FR_201004_190,,N18000059,190,TR. SYSTEM ASSOCIATED WITH CORBA III GENERATION PR -,,,POWER,2010-04,2009-02,,276.61,,276.61,,,103.45,2011-06,,2011-06,,,,0,0,,,,fr_Apr_2010.pdf,Sector-Wise analysis of projects,35,190
FR_201004_191,,N18000055,191,NORTHERN REGION SYSTEM STRENGHTENING SCHEME-IX -,,,POWER,2010-04,2008-07,,525.14,,525.14,,,327.7,2011-07,,2011-07,,,,0,0,,,,fr_Apr_2010.pdf,Sector-Wise analysis of projects,35,191
FR_201004_192,,N18000064,192,TR. SYSTEM ASSOCIATED WITH CHAMERA III HEP -,,,POWER,2010-04,2008-04,,297.37,,297.37,,,184.39,2011-07,,2011-07,,,,0,0,,,,fr_Apr_2010.pdf,Sector-Wise analysis of projects,35,192
FR_201004_193,,N18000067,193,SYSTEM STRENGHTENING -XI IN SOUTHERN REGION -,,,POWER,2010-04,2009-03,,196.1,,196.1,,,15.24,2011-07,,2011-07,,,,0,0,,,,fr_Apr_2010.pdf,Sector-Wise analysis of projects,35,193
FR_201004_194,,180100243,194,"TEESTA LOW DAM HEP, STAGE-IV (NHPC) -",NHPC,,POWER,2010-04,2005-09,,1061.38,,1307.03,,,719.1,2009-09,,2011-08,,,,0,0,,,,fr_Apr_2010.pdf,Sector-Wise analysis of projects,35,194
FR_201004_195,,N18000058,195,NORTHERN REGION SYSTEM STRENGHTENING SCHEME-XVII -,,,POWER,2010-04,2009-02,,210.79,,210.79,,,56.59,2011-08,,2011-08,,,,0,0,,,,fr_Apr_2010.pdf,Sector-Wise analysis of projects,35,195
FR_201004_196,,180100258,196,KUNADANKULAM-APP TRANS. SYSTEM (PGCIL) -,PGCIL,,POWER,2010-04,2005-05,,1779.29,,1896.65,,,1566.4,2008-11,,2011-09,,,,25,38,,,,fr_Apr_2010.pdf,Sector-Wise analysis of projects,35,196
FR_201004_197,,N18000044,197,SYSTEM STRENGHTENING IN NR GRID FOR KARCHAM WANGTO -,,,POWER,2010-04,2008-12,,328.97,,328.97,,,105.03,2011-09,,2011-09,,,,0,0,,,,fr_Apr_2010.pdf,Sector-Wise analysis of projects,35,197
FR_201004_198,,180100184,198,KOTESHWAR HEP(THDC) -,THDC,,POWER,2010-04,2000-04,,1301.56,,1301.56,,,1811.87,2005-04,,2011-10,,,,0,0,,,,fr_Apr_2010.pdf,Sector-Wise analysis of projects,35,198
FR_201004_199,,N18000052,199,NORTHERN REGION SYSTEM STRENGHTENING SCHEME-XV -,,,POWER,2010-04,2009-02,,520.48,,520.48,,,161.39,2011-11,,2011-11,,,,0,0,,,,fr_Apr_2010.pdf,Sector-Wise analysis of projects,35,199
FR_201004_200,,N18000053,200,NORTHERN REGION SYSTEM STRENGHTENING SCHEME-XVIII -,,,POWER,2010-04,2009-02,,509.66,,509.66,,,57.33,2011-11,,2011-11,,,,0,0,,,,fr_Apr_2010.pdf,Sector-Wise analysis of projects,35,200
FR_201004_201,,N18000054,201,NORTHERN REGION SYSTEM STRENGHTENING SCHEME-XIII -,,,POWER,2010-04,2009-02,,317.69,,317.69,,,13.02,2011-11,,2011-11,,,,0,0,,,,fr_Apr_2010.pdf,Sector-Wise analysis of projects,35,201
FR_201004_202,,N18000063,202,TR. SYSTEM ASSOCIATED WITH RAMPUR HEP -,,,POWER,2010-04,2009-02,,184.19,,184.19,,,32.29,2011-11,,2011-11,,,34.0,0,0,,,,fr_Apr_2010.pdf,Sector-Wise analysis of projects,35,202
FR_201004_203,,180100229,203,SIPAT STPP STAGE - I (NTPC) -,NTPC,,POWER,2010-04,2003-12,,8323.39,,8323.39,,,6723.57,2009-12,,2011-12,,,,33,56,,,,fr_Apr_2010.pdf,Sector-Wise analysis of projects,36,203
FR_201004_204,,N18000071,204,TRIPURA GAS BASED POWER PROJECT -,,,POWER,2010-04,2009-07,,421.01,,623.44,,,17.06,2012-01,,2012-01,,,,0,0,,,,fr_Apr_2010.pdf,Sector-Wise analysis of projects,36,204
FR_201004_205,,N18000049,205,WESTERN REGION STRENGHTENING SCHEME-X -,,,POWER,2010-04,2009-02,,664.96,,664.96,,,60.31,2012-02,,2012-02,,,,0,0,,,,fr_Apr_2010.pdf,Sector-Wise analysis of projects,36,205
FR_201004_206,,N18000051,206,WESTERN REGION SYSTEM STRENGHTENING SCHEME-XI -,,,POWER,2010-04,2009-02,,409.5,,409.5,,,4.07,2012-02,,2012-02,,,,0,0,,,,fr_Apr_2010.pdf,Sector-Wise analysis of projects,36,206
FR_201004_207,,N18000056,207,NORTHERN REGION SYSTEM STRENGHTENING SCHEME-XIX -,,,POWER,2010-04,2009-02,,410.29,,410.29,,,64.17,2012-02,,2012-02,,,,0,0,,,,fr_Apr_2010.pdf,Sector-Wise analysis of projects,36,207
FR_201004_208,,N18000062,208,TR. SYSTEM ASSOCIATED WITH TUTICORIN JV TPS -,,,POWER,2010-04,2009-02,,353.57,,353.57,,,99.4,2010-07,,2012-02,,,,0,0,,,,fr_Apr_2010.pdf,Sector-Wise analysis of projects,36,208
FR_201004_209,,N18000068,209,765 KV SYSTEM FOR CENTRAL PART OF NORTHERN GRID PA -,,,POWER,2010-04,2009-02,,1347.32,,1347.32,,,263.91,2012-02,,2012-02,,,,0,0,,,,fr_Apr_2010.pdf,Sector-Wise analysis of projects,36,209
FR_201004_210,,180100211,210,KOLDAM HEP (NTPC) -,NTPC,,POWER,2010-04,2002-10,,4527.15,,4527.15,,,3155.09,2009-04,,2012-03,,,,19,41,,,,fr_Apr_2010.pdf,Sector-Wise analysis of projects,36,210
FR_201004_211,,N18000024,211,RAMPUR HEP(412 MW) -,412 MW,,POWER,2010-04,2007-01,,2047.03,,2047.03,,,814.02,2012-01,,2012-03,,,,2,10,,,,fr_Apr_2010.pdf,Sector-Wise analysis of projects,36,211
FR_201004_212,,N18000041,212,BONGAIGAON THERMAL POWER PROJECT -,,,POWER,2010-04,2008-01,,4375.35,,4375.35,,,1077.1,2011-07,,2012-03,,,,0,0,,,,fr_Apr_2010.pdf,Sector-Wise analysis of projects,36,212
FR_201004_213,,N18000086,213,System Strengthening -X of SR -,,,POWER,2010-04,2009-12,,276.61,,276.61,,,14.34,2012-04,,2012-04,,,,0,0,,,,fr_Apr_2010.pdf,Sector-Wise analysis of projects,36,213
FR_201004_214,,N18000079,214,765KV System for central part of Northern Region Grid -,,,POWER,2010-04,2009-11,,1075.12,,1075.12,,,78.26,2012-05,,2012-05,,,,0,0,,,,fr_Apr_2010.pdf,Sector-Wise analysis of projects,36,214
FR_201004_215,,N18000078,215,765KV System for Central part of Northern Region G -,,,POWER,2010-04,2009-07,,1736.36,,1736.36,,,,2012-06,,2012-06,,,,0,0,,,,fr_Apr_2010.pdf,Sector-Wise analysis of projects,36,215
FR_201004_216,,N18000082,216,Immsdiate evacuation system for NABINAGAR TPS -,,,POWER,2010-04,2010-02,,215.86,,215.86,,,10.12,2012-06,,2012-06,,,,0,0,,,,fr_Apr_2010.pdf,Sector-Wise analysis of projects,36,216
FR_201004_217,,N18000085,217,System Strengthening -XII of SR -,,,POWER,2010-04,2010-02,,232.34,,232.34,,,4.42,2012-06,,2012-06,,,,0,0,,,,fr_Apr_2010.pdf,Sector-Wise analysis of projects,36,217
FR_201004_218,,N18000045,218,PARE HYDRO ELECTRIC PROJECT(110 MW) -,110 MW,,POWER,2010-04,2008-12,,573.99,,573.99,,,100.83,2012-08,,2012-08,,,,0,0,,,,fr_Apr_2010.pdf,Sector-Wise analysis of projects,36,218
FR_201004_219,,N18000065,219,SUPPLIMENTARY TRANSMISSION ASSOCIATED WITH DVC AND -,,,POWER,2010-04,2008-08,,2360.95,,2360.95,,,1028.71,2012-08,,2012-08,,,,0,0,,,,fr_Apr_2010.pdf,Sector-Wise analysis of projects,36,219
FR_201004_220,,N18000069,220,765 KV POOLING STATION & NETWORK WITH DVC AND MAIT -,,,POWER,2010-04,2008-08,,7075.33,,7075.33,,,2064.78,2012-08,,2012-08,,,,0,0,,,,fr_Apr_2010.pdf,Sector-Wise analysis of projects,36,220
FR_201004_221,,N18000081,221,System Strengthening in NR for SASAN & MUNDRA (UMPP) -,UMPP,,POWER,2010-04,2009-12,,1216.83,,1216.83,,,63.19,2012-08,,2012-08,,,,0,0,,,,fr_Apr_2010.pdf,Sector-Wise analysis of projects,36,221
FR_201004_222,,N18000048,222,MOUDA STPP -,,,POWER,2010-04,2007-11,,5459.28,,6010.89,,,1050.6,2012-02,,2012-10,,,,0,0,,,,fr_Apr_2010.pdf,Sector-Wise analysis of projects,36,222
FR_201004_223,,N18000061,223,TR. SYSTEM ASSOCIATED WITH MUNDRA ULTRA MEGA POWER -,,,POWER,2010-04,2008-10,,4824.12,,4824.12,,,552.84,2012-10,,2012-10,,,,0,0,,,,fr_Apr_2010.pdf,Sector-Wise analysis of projects,36,223
FR_201004_224,,N18000084,224,MAUDA Transmission System -,,,POWER,2010-04,2010-02,,469.38,,469.38,,,9.84,2012-10,,2012-10,,,,0,0,,,,fr_Apr_2010.pdf,Sector-Wise analysis of projects,36,224
FR_201004_225,,N18000072,225,VINDHYACHAL STTP STAGE-IV -,,,POWER,2010-04,2009-01,,5915.0,,5915.0,,,722.71,2012-11,,2012-11,,,,0,0,,,,fr_Apr_2010.pdf,Sector-Wise analysis of projects,36,225
FR_201004_226,,N18000073,226,RIHAND STTP STAGE-III (2X500MW) -,2X500MW,,POWER,2010-04,2009-01,,6230.81,,6230.81,,,600.06,2012-11,,2012-11,,,35.0,0,0,,,,fr_Apr_2010.pdf,Sector-Wise analysis of projects,36,226
FR_201004_227,,N18000076,227,Transmission System of Vindhuachal -IV & Rihand -I -,,,POWER,2010-04,2010-03,,4672.99,,4672.99,,,11.89,2012-11,,2012-11,,,,0,0,,,,fr_Apr_2010.pdf,Sector-Wise analysis of projects,37,227
FR_201004_228,,N18000083,228,Northern Region Transmission Strengthening Scheme -,,,POWER,2010-04,2012-03,,965.58,,965.58,,,55.64,2012-11,,2012-11,,,,0,0,,,,fr_Apr_2010.pdf,Sector-Wise analysis of projects,37,228
FR_201004_229,,180100221,229,LOWER SUBANSIRI H.E.P (NHPC) -,NHPC,,POWER,2010-04,2003-09,,6285.33,,6285.33,,,4044.32,2010-09,,2012-12,,,,2,11,,,,fr_Apr_2010.pdf,Sector-Wise analysis of projects,37,229
FR_201004_230,,180100261,230,TRANSMISSION SYSTEM ASSOCIATED WITH PARBATI = II HEP -,,,POWER,2010-04,2005-12,,358.42,,358.42,,,6.09,2008-12,2010-09,2012-12,,,,0,15,,,,fr_Apr_2010.pdf,Sector-Wise analysis of projects,37,230
FR_201004_231,,N18000005,231,LOHARINAG-PAL HEP(4X150MW) -,4X150MW,,POWER,2010-04,2006-06,,2895.1,,2895.1,,,,2011-11,,2012-12,,,,6,34,,,,fr_Apr_2010.pdf,Sector-Wise analysis of projects,37,231
FR_201004_232,,N18000046,232,TRANSMISSION SYSTEM ASSOCIATED WITH SASAN ULTRA ME -,,,POWER,2010-04,2008-12,,7031.88,,7031.88,,,871.5,2012-12,,2012-12,,,,0,0,,,,fr_Apr_2010.pdf,Sector-Wise analysis of projects,37,232
FR_201004_233,,N18000080,233,Trans. System associated with PALLATANA GBPP & BPT -,,,POWER,2010-04,2010-02,,2144.0,,2144.0,,,62.91,2012-12,,2012-12,,,,0,0,,,,fr_Apr_2010.pdf,Sector-Wise analysis of projects,37,233
FR_201004_234,,180100210,234,PARBATI HEP (NHPC) II -,NHPC,,POWER,2010-04,2002-09,,3919.59,,3919.59,,,2797.59,2009-09,,2013-03,,,,1,20,,,,fr_Apr_2010.pdf,Sector-Wise analysis of projects,37,234
FR_201004_235,,N18000014,235,Tapovan-Vishnugad HEP (4x130MW) -,4x130MW,,POWER,2010-04,2006-11,,2978.48,,2978.48,,,858.41,2013-03,,2013-03,,,,5,31,,,,fr_Apr_2010.pdf,Sector-Wise analysis of projects,37,235
FR_201004_236,,180100239,236,KAMENG HYDROELECTRIC PROJECT (NEEPCO) -,NEEPCO,,POWER,2010-04,2004-12,,2496.9,,3253.22,,,1136.4,2013-05,,2013-05,,,,37,161,,,,fr_Apr_2010.pdf,Sector-Wise analysis of projects,37,236
FR_201004_237,,N18000047,237,BARH STPP STAGE -II -,,,POWER,2010-04,2008-02,,7341.04,,7341.04,,,961.06,2013-08,,2013-08,,,,0,0,,,,fr_Apr_2010.pdf,Sector-Wise analysis of projects,37,237
FR_201004_238,,N18000066,238,NORTH- EAST NORTH WESTERN INTERCONNECTOR I PROJECT -,,,POWER,2010-04,2009-02,,11130.19,,11130.19,,,1058.37,2013-08,,2013-08,,,,0,0,,,,fr_Apr_2010.pdf,Sector-Wise analysis of projects,37,238
FR_201004_239,,180100242,239,BARH STPP(3X660MW) NTPC -,3X660MW,,POWER,2010-04,2003-12,,8692.97,,8692.97,,,4662.39,2010-11,,2013-12,,,,15,51,,,,fr_Apr_2010.pdf,Sector-Wise analysis of projects,37,239
FR_201004_240,,N18000010,240,TEHRI PUMPED STORAGE PLANT(1000MW) -,1000MW,,POWER,2010-04,2006-07,,1657.0,,1657.6,,,245.32,2010-07,,2014-12,,,,0,0,,,,fr_Apr_2010.pdf,Sector-Wise analysis of projects,37,240
FR_201004_241,,N18000077,241,Transm System for development of Pooling stn. in N -,,,POWER,2010-04,2010-04,,4404.57,,4404.57,,,,2015-01,,2015-01,,,,0,0,,,,fr_Apr_2010.pdf,Sector-Wise analysis of projects,37,241
FR_201004_242,,N18000042,242,VISHNUGAD PIPALKOTI HYDRO ELECTRIC PROJECT -,,,POWER,2010-04,2008-08,,2491.58,,2491.58,,,104.27,2013-06,,2015-03,,,,0,0,,,,fr_Apr_2010.pdf,Sector-Wise analysis of projects,37,242
FR_201004_243,,N18000031,243,KISHANGANGA HEP -,,,POWER,2010-04,2007-07,,2238.67,3642.04,3642.04,,,309.06,2014-07,,2016-01,,,,0,0,,,,fr_Apr_2010.pdf,Sector-Wise analysis of projects,37,243
FR_201004_244,,180100078,244,LOKTAK D/S HEP(NHPC) - Total Health & Family Welfare,NHPC,,POWER,2010-04,1999-12,,578.62,179619.98,578.62,,,28.33,2006-06,,,,,,0,0,,,,fr_Apr_2010.pdf,Sector-Wise analysis of projects,37,244
FR_201004_245,,210100001,245,NORTH EAST INDIRA GANDHI INST- ITUTE OF HEALTH & MS - Total,,,POWER,2010-04,1986-05,,71.18,422.6,443.15,,,477.33,1999-03,2005-03,,,,,7,16,,,,fr_Apr_2010.pdf,Sector-Wise analysis of projects,37,245
FR_201004_246,,220100284,246,KHURDA ROAD-BOLANGIR(NL)ECOR -,NL,,RAILWAYS,2010-04,1994-04,,355.38,,700.0,,,97.09,2011-03,,2011-02,,,36.0,0,0,,,,fr_Apr_2010.pdf,Sector-Wise analysis of projects,37,246
FR_201004_247,,N22000048,247,"VALLAPARPADM- IDAPALLY,(NL)(RVNL) -",RVNL,,RAILWAYS,2010-04,2006-07,,246.5,246.5,246.5,,,314.8,2009-03,2009-03,2009-11,,,,0,0,,,,fr_Apr_2010.pdf,Sector-Wise analysis of projects,38,247
FR_201004_248,,N22000052,248,HARNOUT -SET.UP OF W/S TO UND. POH OF UP TO50 COAC -,,,RAILWAYS,2010-04,2003-04,,98.74,,224.51,,,41.39,,,2009-12,,,,0,0,,,,fr_Apr_2010.pdf,Sector-Wise analysis of projects,38,248
FR_201004_249,,N22000055,249,ABOHAR- FAZILKA -,,,RAILWAYS,2010-04,2001-09,,86.44,,209.57,,,188.22,2009-03,,2010-02,,,,0,0,,,,fr_Apr_2010.pdf,Sector-Wise analysis of projects,38,249
FR_201004_250,,220100009,250,FREIGHT OPERATIONS INFORMATION SYSTEM (FOIS) -,FOIS,,RAILWAYS,2010-04,1984-03,,520.0,422.79,634.13,,,556.48,1995-03,,2010-03,,,,0,0,,,,fr_Apr_2010.pdf,Sector-Wise analysis of projects,38,250
FR_201004_251,,220100131,251,AMBALA-MORADABAD(RE) -,RE,,RAILWAYS,2010-04,1993-03,,152.21,157.76,265.0,,,265.33,1998-03,,2010-03,,,,0,0,,,,fr_Apr_2010.pdf,Sector-Wise analysis of projects,38,251
FR_201004_252,,220100151,252,CALICUT-MANGALORE (DL) (SR) -,SR,,RAILWAYS,2010-04,1996-02,,240.0,459.55,571.55,,,572.84,,,2010-03,,,,0,0,,,,fr_Apr_2010.pdf,Sector-Wise analysis of projects,38,252
FR_201004_253,,220100162,253,"MIRAJ-LATUR ROAD(GC),CR -",GC,,RAILWAYS,2010-04,1993-04,,225.0,360.63,816.4,,,753.69,2001-03,,2010-03,,,,0,0,,,,fr_Apr_2010.pdf,Sector-Wise analysis of projects,38,253
FR_201004_254,,220100187,254,"SURENDRANAGAR- BHAVNAGAR(GC),WR -",GC,,RAILWAYS,2010-04,1997-03,,437.4,,563.25,,,393.37,2004-03,2005-03,2010-03,,,,0,0,,,,fr_Apr_2010.pdf,Sector-Wise analysis of projects,38,254
FR_201004_255,,220100212,255,"KOTTUR-HARIHAR(NL),(SWR) -",SWR,,RAILWAYS,2010-04,1995-04,,65.94,124.13,325.0,,,282.77,,,2010-03,,,,0,0,,,,fr_Apr_2010.pdf,Sector-Wise analysis of projects,38,255
FR_201004_256,,220100224,256,"NEW JALPAIGURI-NEW BONGAIGAON (GC),NEFR -",GC,,RAILWAYS,2010-04,1998-11,,536.85,,1010.0,,,997.05,2003-03,,2010-03,,,,0,0,,,,fr_Apr_2010.pdf,Sector-Wise analysis of projects,38,256
FR_201004_257,,220100244,257,TAHANJAVUR-VILLUPURAM GAUGE CONVERSION (G.C)(SR) -,SR,,RAILWAYS,2010-04,2001-10,,223.0,,665.0,,,583.93,2008-11,,2010-03,,,,0,0,,,,fr_Apr_2010.pdf,Sector-Wise analysis of projects,38,257
FR_201004_258,,220100251,258,VILLUPURAM-KATPADI (GC)(SR) -,SR,,RAILWAYS,2010-04,2000-02,,175.0,175.0,502.14,,,477.09,,,2010-03,,,,0,0,,,,fr_Apr_2010.pdf,Sector-Wise analysis of projects,38,258
FR_201004_259,,220100258,259,"JALANDHAR-PATHANKOT-JAMMU- TAWI (LD),NR -",LD,,RAILWAYS,2010-04,2002-03,,409.0,625.3,639.54,,,746.02,2007-06,,2010-03,,,,0,0,,,,fr_Apr_2010.pdf,Sector-Wise analysis of projects,38,259
FR_201004_260,,220100270,260,"GADWAL - RAICHUR (NL), SCR -",NL,,RAILWAYS,2010-04,1998-04,,92.63,,228.09,,,148.83,,,2010-03,,,,0,0,,,,fr_Apr_2010.pdf,Sector-Wise analysis of projects,38,260
FR_201004_261,,220100282,261,"DHARMAVARAM-PAKALA (GC), SCR -",GC,,RAILWAYS,2010-04,1997-04,,200.0,546.49,610.07,,,565.97,2009-02,,2010-03,,,,0,0,,,,fr_Apr_2010.pdf,Sector-Wise analysis of projects,38,261
FR_201004_262,,220100291,262,BHILDI-SAMDARI (GC) -,GC,,RAILWAYS,2010-04,1999-04,,244.74,479.0,479.0,,,463.57,2009-03,,2010-03,,,,0,0,,,,fr_Apr_2010.pdf,Sector-Wise analysis of projects,38,262
FR_201004_263,,220100322,263,PRATAPNAGAR-CHOTA UDAIPUR (GC) (WR) -,WR,,RAILWAYS,2010-04,2005-04,,148.61,,227.52,,,223.78,2008-03,2009-03,2010-03,,,,0,0,,,,fr_Apr_2010.pdf,Sector-Wise analysis of projects,38,263
FR_201004_264,,220100327,264,KHURDA ROAD - BARANG 3RD LINE (DL) (ECOR) -,ECOR,,RAILWAYS,2010-04,2000-04,,133.41,207.0,211.9,,,,2009-03,,2010-03,,,,0,0,,,,fr_Apr_2010.pdf,Sector-Wise analysis of projects,38,264
FR_201004_265,,N22000049,265,OBULAVARIPALLE- KRISHNAPATNAM(RVNL) -,RVNL,,RAILWAYS,2010-04,2006-07,,743.0,732.8,732.8,,,,2008-03,2008-06,2010-03,,,,0,0,,,,fr_Apr_2010.pdf,Sector-Wise analysis of projects,38,265
FR_201004_266,,N22000056,266,SHIMOGA-TALAGUPPA -,,,RAILWAYS,2010-04,1992-12,,46.0,,405.6,,,397.76,,,2010-03,,,,0,0,,,,fr_Apr_2010.pdf,Sector-Wise analysis of projects,38,266
FR_201004_267,,220100260,267,REINGUNTA-GUNTAKAL(RE) -,RE,,RAILWAYS,2010-04,2000-06,,168.34,,296.2,,,,2003-04,2010-03,2010-06,,,,0,0,,,,fr_Apr_2010.pdf,Sector-Wise analysis of projects,38,267
FR_201004_268,,220100268,268,TOLLYGANJ-GARIA(MTP) -,MTP,,RAILWAYS,2010-04,2000-03,,907.69,,1032.76,,,798.33,2006-12,,2010-06,,,,0,0,,,,fr_Apr_2010.pdf,Sector-Wise analysis of projects,38,268
FR_201004_269,,N22000053,269,CHHAPRA-SETTING UP OF WHEEL MANUFACTURING PLANT -,,,RAILWAYS,2010-04,2005-03,,470.09,,881.19,,,86.35,,,2010-07,,,,0,0,,,,fr_Apr_2010.pdf,Sector-Wise analysis of projects,38,269
FR_201004_270,,220100264,270,DEOGHAR-DUMKA NEW BG LINE (DOUBL.)(ER) -,ER,,RAILWAYS,2010-04,1999-02,,180.73,320.66,358.0,,,307.27,2006-12,2008-12,2010-11,,,,0,0,,,,fr_Apr_2010.pdf,Sector-Wise analysis of projects,38,270
FR_201004_271,,220100321,271,BILASPUR-URKURA (DL) -,DL,,RAILWAYS,2010-04,1997-04,,151.52,,273.0,,,,2009-03,,2010-11,,,37.0,0,0,,,,fr_Apr_2010.pdf,Sector-Wise analysis of projects,38,271
FR_201004_272,,220100325,272,SUKINDA ROAD - ANGUL (NL)(ECOR) -,ECOR,,RAILWAYS,2010-04,1998-04,,183.23,,638.0,,,,2015-02,,2010-11,,,,0,0,,,,fr_Apr_2010.pdf,Sector-Wise analysis of projects,39,272
FR_201004_273,,220100164,273,BELAPUR-SEAWOOD-URAN ELECTRIF-IED DOUBLE LINE(MTP)- PH-I -,MTP,,RAILWAYS,2010-04,1996-03,,401.81,,495.44,,,266.1,2004-03,,2010-12,,,,0,0,,,,fr_Apr_2010.pdf,Sector-Wise analysis of projects,39,273
FR_201004_274,,220100247,274,KATIHAR - JOGBANI (GC)(NEFR) -,NEFR,,RAILWAYS,2010-04,2001-09,,100.0,,721.9,,,676.33,,,2010-12,,,,0,0,,,,fr_Apr_2010.pdf,Sector-Wise analysis of projects,39,274
FR_201004_275,,220100272,275,"TARAKESWAR - BISHNUPUR NEW BG LINE (NL), ER -",NL,,RAILWAYS,2010-04,2000-04,,157.96,479.2,762.33,,,224.67,2009-12,,2010-12,,,,0,0,,,,fr_Apr_2010.pdf,Sector-Wise analysis of projects,39,275
FR_201004_276,,220100286,276,"RAJATGARH-BARANG(LD),ECOR -",LD,,RAILWAYS,2010-04,1999-04,,166.16,,243.4,,,194.64,2009-02,,2010-12,,,,0,0,,,,fr_Apr_2010.pdf,Sector-Wise analysis of projects,39,276
FR_201004_277,,220100329,277,RAICHUR-GUNTAKAL(DL)(SCR) -,SCR,,RAILWAYS,2010-04,2003-04,,136.62,,221.9,,,108.8,2007-12,2010-03,2010-12,,,,0,0,,,,fr_Apr_2010.pdf,Sector-Wise analysis of projects,39,277
FR_201004_278,,N22000033,278,AJMER-PHULERA-RINGUS-REWARI (G.C.)(NWR)(RVNL) -,RVNL,,RAILWAYS,2010-04,2005-04,,352.0,716.64,718.3,,,,2008-03,2008-08,2010-12,,,,0,0,,,,fr_Apr_2010.pdf,Sector-Wise analysis of projects,39,278
FR_201004_279,,N22000034,279,ALIGARH-GAZIABAD 3RD LINE DOUBLING (RVNL) -,RVNL,,RAILWAYS,2010-04,2003-04,,230.73,399.73,399.5,,,260.0,2009-03,2008-12,2010-12,,,,0,0,,,,fr_Apr_2010.pdf,Sector-Wise analysis of projects,39,279
FR_201004_280,,N22000081,280,BHARUCH-SAMNI-DAHEJ GAUGE CONVERSIN -,,,RAILWAYS,2010-04,2005-09,,200.8,200.8,200.8,,,,,,2010-12,,,,0,0,,,,fr_Apr_2010.pdf,Sector-Wise analysis of projects,39,280
FR_201004_281,,N22000093,281,MUMBAI URBAN TRANSPORT PROJECT PHASE-I -,,,RAILWAYS,2010-04,2003-04,,3125.2,,4103.2,,,3338.94,2010-12,,2010-12,,,,0,0,,,,fr_Apr_2010.pdf,Sector-Wise analysis of projects,39,281
FR_201004_282,,220100194,282,"MUZAFFARPUR-SITAMARHI(NL),ECR -",NL,,RAILWAYS,2010-04,1997-03,,100.0,,332.75,,,3.81,,,2011-02,,,,0,0,,,,fr_Apr_2010.pdf,Sector-Wise analysis of projects,39,282
FR_201004_283,,220100279,283,"REWARI-ROHTAK (NL),NR -",NL,,RAILWAYS,2010-04,2004-01,,149.38,330.23,457.17,,,346.51,2010-02,,2011-02,,,,0,0,,,,fr_Apr_2010.pdf,Sector-Wise analysis of projects,39,283
FR_201004_284,,220100328,284,TALCHER-BIMALAGARH(NL)(ECOR) -,ECOR,,RAILWAYS,2010-04,2005-04,,726.96,,810.78,,,39.55,2011-03,,2011-02,,,,0,0,,,,fr_Apr_2010.pdf,Sector-Wise analysis of projects,39,284
FR_201004_285,,220100062,285,"VIRAMGAM-BHILDI(WR),GC -",WR,,RAILWAYS,2010-04,1990-04,,155.66,,375.21,,,191.13,2010-03,,2011-03,,,,0,0,,,,fr_Apr_2010.pdf,Sector-Wise analysis of projects,39,285
FR_201004_286,,220100118,286,AMRAVATI-NARKHER NL(CR) -,CR,,RAILWAYS,2010-04,1994-06,,120.9,284.27,488.76,,,273.74,1999-06,,2011-03,,,,0,0,,,,fr_Apr_2010.pdf,Sector-Wise analysis of projects,39,286
FR_201004_287,,220100214,287,"RANCHI-LOHARDAGA(GC),SER -",GC,,RAILWAYS,2010-04,1997-04,,193.78,194.07,456.45,,,247.29,2004-06,,2011-03,,,,0,0,,,,fr_Apr_2010.pdf,Sector-Wise analysis of projects,39,287
FR_201004_288,,220100232,288,"LALITPUR-SATNA-REWA-SINGRULI NL, (NCR) -",NCR,,RAILWAYS,2010-04,1998-09,,925.0,925.0,925.0,,,433.3,2008-05,,2011-03,,,,0,0,,,,fr_Apr_2010.pdf,Sector-Wise analysis of projects,39,288
FR_201004_289,,220100243,289,"AGRA-ETAWAH VIA FATEBAD & BAD (NL),NCR -",NL,,RAILWAYS,2010-04,1999-04,,108.0,214.09,214.09,,,131.7,2009-12,,2011-03,,,,0,0,,,,fr_Apr_2010.pdf,Sector-Wise analysis of projects,39,289
FR_201004_290,,220100267,290,GOOTY- RENIGUNTA PATCH DOUBLING PH-II (DL) (SCR) -,SCR,,RAILWAYS,2010-04,2002-05,,304.5,306.0,306.0,,,341.81,2009-06,,2011-03,,,,0,0,,,,fr_Apr_2010.pdf,Sector-Wise analysis of projects,39,290
FR_201004_291,,220100306,291,"KODERMA GIRIDH (NL), ECR -",NL,,RAILWAYS,2010-04,1996-04,,371.36,,371.36,,,234.34,,,2011-03,,,,0,0,,,,fr_Apr_2010.pdf,Sector-Wise analysis of projects,39,291
FR_201004_292,,220100313,292,"SRIGANGANAGAR-SARUPSAR (GC), NWR -",GC,,RAILWAYS,2010-04,1997-04,,143.92,,168.8,,,70.43,,,2011-03,,,,0,0,,,,fr_Apr_2010.pdf,Sector-Wise analysis of projects,39,292
FR_201004_293,,N22000002,293,MANSI-PURNIA (EXTENSION OF MANSI-SAHARSA) GAN -,EXTENSION OF MANSI-SAHARSA,,RAILWAYS,2010-04,1996-04,,114.01,283.95,348.78,,,3.32,,,2011-03,,,,0,0,,,,fr_Apr_2010.pdf,Sector-Wise analysis of projects,39,293
FR_201004_294,,N22000027,294,PALWAL-BHUTESWAR 3RD LINE DOUBLING(NCR)(RVNL) -,RVNL,,RAILWAYS,2010-04,2005-04,,240.0,329.7,329.7,,,,2009-03,2009-12,2011-03,,,,0,0,,,,fr_Apr_2010.pdf,Sector-Wise analysis of projects,39,294
FR_201004_295,,N22000091,295,BARDHAMAN-KATWA (GC) -,GC,,RAILWAYS,2010-04,2007-04,,245.15,,245.15,,,27.04,2010-12,,2011-03,,,,0,0,,,,fr_Apr_2010.pdf,Sector-Wise analysis of projects,39,295
FR_201004_296,,N22000094,296,ELECTRIFICATION OF KHURJA- MEERUT-SAHARANPUR & G'BA -,,,RAILWAYS,2010-04,2008-02,,171.1,,171.1,,,43.83,2011-03,,2011-03,,,38.0,0,0,,,,fr_Apr_2010.pdf,Sector-Wise analysis of projects,39,296
FR_201004_297,,N22000095,297,ELECTRIFICATION OF MORADABAD- ROZA -,,,RAILWAYS,2010-04,2006-03,,258.35,,258.35,,,9.38,2011-03,,2011-03,,,,0,0,,,,fr_Apr_2010.pdf,Sector-Wise analysis of projects,40,297
FR_201004_298,,N22000096,298,RAJPIPLA-ANKELASHWAR (GC) -,GC,,RAILWAYS,2010-04,2006-04,,196.97,,196.97,,,72.26,2011-03,,2011-03,,,,0,0,,,,fr_Apr_2010.pdf,Sector-Wise analysis of projects,40,298
FR_201004_299,,N22000076,299,PANSPURA-KHARAGPUR 3D LINE -,,,RAILWAYS,2010-04,2007-09,,252.5,252.5,252.5,,,60.95,2010-02,,2011-11,,,,0,0,,,,fr_Apr_2010.pdf,Sector-Wise analysis of projects,40,299
FR_201004_300,,220100241,300,"CHANDIGARH-LUDHIANA(NEW BG LINE),NR -",NEW BG LINE,,RAILWAYS,2010-04,1997-07,,248.44,576.27,1103.47,,,659.43,,,2011-12,,,,0,0,,,,fr_Apr_2010.pdf,Sector-Wise analysis of projects,40,300
FR_201004_301,,220100285,301,HARIDASPUR-PARADEEP(NL) -,NL,,RAILWAYS,2010-04,1996-04,,301.64,,735.1,,,175.04,2009-09,,2011-12,,,,0,0,,,,fr_Apr_2010.pdf,Sector-Wise analysis of projects,40,301
FR_201004_302,,N22000088,302,UTRATIA-ZAFRABAD (LINE DOUBLING) -,LINE DOUBLING,,RAILWAYS,2010-04,2006-04,,325.0,,496.03,,,27.08,2010-03,,2011-12,,,,0,0,,,,fr_Apr_2010.pdf,Sector-Wise analysis of projects,40,302
FR_201004_303,,220100240,303,"JAYANAGAR-DARBHANGA-NARKATIA GANJ(GC),ECR -",GC,,RAILWAYS,2010-04,1997-04,,233.0,335.77,727.52,,,2.96,,,2012-03,,,,0,0,,,,fr_Apr_2010.pdf,Sector-Wise analysis of projects,40,303
FR_201004_304,,220100280,304,"JIND-SONEPAT (NL),NR -",NL,,RAILWAYS,2010-04,2004-01,,190.81,238.56,234.45,,,144.11,,,2012-03,,,,0,0,,,,fr_Apr_2010.pdf,Sector-Wise analysis of projects,40,304
FR_201004_305,,220100304,305,"KOSI BRIDGE (NL), ECR -",NL,,RAILWAYS,2010-04,2002-04,,323.41,,341.41,,,0.17,,,2012-03,,,,0,0,,,,fr_Apr_2010.pdf,Sector-Wise analysis of projects,40,305
FR_201004_306,,N22000028,306,EXT. OF MRTS FROM VELACHERY TO STN. THOMAS -,,,RAILWAYS,2010-04,2006-04,,415.59,,495.74,,,61.85,,,2012-03,,,,0,0,,,,fr_Apr_2010.pdf,Sector-Wise analysis of projects,40,306
FR_201004_307,,N22000075,307,SALKA ROAD -ANUPNAGAR LINE DOUBLING -,,,RAILWAYS,2010-04,2006-09,,324.9,,324.9,,,96.75,2010-03,,2012-03,,,,0,0,,,,fr_Apr_2010.pdf,Sector-Wise analysis of projects,40,307
FR_201004_308,,N22000089,308,SITAMARHI-RAXAUL-NARKATIAGANJ (GC) -,GC,,RAILWAYS,2010-04,1997-04,,501.69,,501.69,,,45.9,2010-03,,2012-03,,,,0,0,,,,fr_Apr_2010.pdf,Sector-Wise analysis of projects,40,308
FR_201004_309,,N22000097,309,TAMLUK DIGHA -,,,RAILWAYS,2010-04,1984-03,,293.97,,293.97,,,311.22,2005-06,,2012-04,,,,0,0,,,,fr_Apr_2010.pdf,Sector-Wise analysis of projects,40,309
FR_201004_310,,220100007,310,"GUNA-ETAWAH(NCR), NL -",NCR,,RAILWAYS,2010-04,1985-04,,158.77,274.56,540.96,,,471.6,1994-03,,2012-12,,,,0,0,,,,fr_Apr_2010.pdf,Sector-Wise analysis of projects,40,310
FR_201004_311,,220100233,311,"CONV.OF 1500V DC TRACTION TO 25 KV AC,WR -",,,RAILWAYS,2010-04,1996-07,,273.67,654.51,1160.52,,,475.75,,,2012-12,,,,0,0,,,,fr_Apr_2010.pdf,Sector-Wise analysis of projects,40,311
FR_201004_312,,220100307,312,"RAIL-CUM-ROAD BRIDGE AT MUNGER (NL), ECR -",NL,,RAILWAYS,2010-04,2002-04,,921.0,,921.0,,,236.87,2009-03,,2012-12,,,,0,0,,,,fr_Apr_2010.pdf,Sector-Wise analysis of projects,40,312
FR_201004_313,,220100308,313,"PATNA GANGA BRIDGE (NL), ECR -",NL,,RAILWAYS,2010-04,2001-04,,624.47,,1480.71,,,445.84,2007-10,,2012-12,,,,0,0,,,,fr_Apr_2010.pdf,Sector-Wise analysis of projects,40,313
FR_201004_314,,N22000077,314,BHOPAL BINA 3D LINE DOUBLING -,,,RAILWAYS,2010-04,2007-09,,687.2,,687.2,,,115.27,2010-03,,2012-12,,,,0,0,,,,fr_Apr_2010.pdf,Sector-Wise analysis of projects,40,314
FR_201004_315,,220100184,315,"DAUSA-GANGAPUR CITY(NL),NWR -",NL,,RAILWAYS,2010-04,1997-02,,151.84,,410.08,,,101.53,,,2013-03,,,,0,0,,,,fr_Apr_2010.pdf,Sector-Wise analysis of projects,40,315
FR_201004_316,,220100263,316,QUILON-TIRUNELVELI-TENKASI- VIRUDHUNAGAR(SR)(GC) -,GC,,RAILWAYS,2010-04,1998-03,,280.0,280.0,899.42,,,552.07,,,2013-03,,,,0,0,,,,fr_Apr_2010.pdf,Sector-Wise analysis of projects,40,316
FR_201004_317,,220100315,317,"RANGIA-MURKONGSELEK, (GC) NEFR -",GC,,RAILWAYS,2010-04,2004-01,,912.7,915.7,1556.23,,,215.58,,,2013-03,,,,0,0,,,,fr_Apr_2010.pdf,Sector-Wise analysis of projects,40,317
FR_201004_318,,220100201,318,"BRAHAMAPUTRA BRIDGE AT BOGIBIL & LINK LINES,NEFR -",,,RAILWAYS,2010-04,1996-04,,1000.0,1500.0,3087.44,,,1856.21,2008-04,2011-12,2014-03,,,,0,0,,,,fr_Apr_2010.pdf,Sector-Wise analysis of projects,40,318
FR_201004_319,,220100266,319,"MAYNAGURI TO JOGIGHOPA VIA CHANGRA (NL),NEFR -",NL,,RAILWAYS,2010-04,2000-02,,733.0,733.0,1502.29,,,484.37,2008-12,,2014-03,,,,0,0,,,,fr_Apr_2010.pdf,Sector-Wise analysis of projects,40,319
FR_201004_320,,N22000083,320,CONSTRUCTION OF NEW LINE FROM HARMATI-ITANAGAR/NAR -,,,RAILWAYS,2010-04,1996-09,,156.0,156.0,531.81,,,87.12,,,2014-03,,,,0,0,,,,fr_Apr_2010.pdf,Sector-Wise analysis of projects,40,320
FR_201004_321,,N22000086,321,NEW B.G. LINE FROM AZARA TO BYRNIHAT (NATINAL PROJ -,,,RAILWAYS,2010-04,2006-09,,200.0,200.0,546.47,,,0.78,,,2014-03,,,39.0,0,0,,,,fr_Apr_2010.pdf,Sector-Wise analysis of projects,40,321
FR_201004_322,,N22000092,322,MUMBAI URBAN TRANSPORT PROJECT PHASE-II -,,,RAILWAYS,2010-04,2008-04,,5300.0,,5300.0,,,106.13,2014-03,,2014-03,,,,0,0,,,,fr_Apr_2010.pdf,Sector-Wise analysis of projects,41,322
FR_201004_323,,N22000099,323,AGARTALA SABROOM -,,,RAILWAYS,2010-04,2008-04,,813.34,,813.34,,,13.89,2014-03,,2014-03,,,,0,0,,,,fr_Apr_2010.pdf,Sector-Wise analysis of projects,41,323
FR_201004_324,,N22000100,324,BHAIRABI SAIRONG -,,,RAILWAYS,2010-04,2008-04,,619.34,,619.34,,,0.68,2014-04,,2014-03,,,,0,0,,,,fr_Apr_2010.pdf,Sector-Wise analysis of projects,41,324
FR_201004_325,,220100303,325,"HAJIPUR-SUGAULI VIA VAISHALI (NL), ECR -",NL,,RAILWAYS,2010-04,2003-04,,324.66,,528.65,,,0.3,,,2015-03,,,,0,0,,,,fr_Apr_2010.pdf,Sector-Wise analysis of projects,41,325
FR_201004_326,,N22000102,326,SEVOK RANGPO -,,,RAILWAYS,2010-04,2008-04,,1339.48,,1339.48,,,1.42,2015-12,,2015-12,,,,0,0,,,,fr_Apr_2010.pdf,Sector-Wise analysis of projects,41,326
FR_201004_327,,220100288,327,JIRIBAM TO IMPHAL (TUPUI)(NL)(NEFR) -,NEFR,,RAILWAYS,2010-04,2003-04,,727.56,727.53,2492.53,,,189.83,2011-03,,2016-03,,,,0,0,,,,fr_Apr_2010.pdf,Sector-Wise analysis of projects,41,327
FR_201004_328,,220100133,328,"UDHAMPUR-SRINAGAR-BARAMULLA (NL),NR -",NL,,RAILWAYS,2010-04,1995-03,,2500.0,8000.0,11270.0,,,3.16,2001-03,,2017-12,,,,0,0,,,,fr_Apr_2010.pdf,Sector-Wise analysis of projects,41,328
FR_201004_329,,220100106,329,PEDAPALLI-KARIMNAGAR- NIZAMABAD NL(SCR) -,SCR,,RAILWAYS,2010-04,1994-12,,124.43,407.78,617.63,,,341.96,,,,,,,0,0,,,,fr_Apr_2010.pdf,Sector-Wise analysis of projects,41,329
FR_201004_330,,220100116,330,RAJKOT-VERAVAL & WANSJALIYA- JETALSAR GC(WR) -,WR,,RAILWAYS,2010-04,1992-04,,112.53,320.66,464.5,,,487.7,1996-03,2009-06,,,,,0,0,,,,fr_Apr_2010.pdf,Sector-Wise analysis of projects,41,330
FR_201004_331,,220100125,331,"HOTGI-GADAG(GC),SWR -",GC,,RAILWAYS,2010-04,1994-04,,180.0,,318.66,,,452.61,1999-03,2003-03,,,,,0,0,,,,fr_Apr_2010.pdf,Sector-Wise analysis of projects,41,331
FR_201004_332,,220100135,332,"EKLAKHI-BALURGHAT(NL),NEFR -",NL,,RAILWAYS,2010-04,1986-01,,36.8,274.41,285.93,,,232.09,,,,,,,0,0,,,,fr_Apr_2010.pdf,Sector-Wise analysis of projects,41,332
FR_201004_333,,220100148,333,LANJHIGARH-JUNAGARH NL(ECOR) -,ECOR,,RAILWAYS,2010-04,1993-04,,100.0,142.98,170.0,,,111.69,2002-03,2011-03,,,,,0,0,,,,fr_Apr_2010.pdf,Sector-Wise analysis of projects,41,333
FR_201004_334,,220100149,334,"DALLIRAJHARA- JAGDALPUR,NL,SECR -",,,RAILWAYS,2010-04,1995-04,,369.0,,968.6,,,0.43,,,,,,,0,0,,,,fr_Apr_2010.pdf,Sector-Wise analysis of projects,41,334
FR_201004_335,,220100183,335,"HASSAN-BANGALORE VIA SHRAVANA-BELGOLA(NL),SWR -",NL,,RAILWAYS,2010-04,1997-02,,295.0,,412.91,,,310.72,,,,,,,0,0,,,,fr_Apr_2010.pdf,Sector-Wise analysis of projects,41,335
FR_201004_336,,220100185,336,"AJMER-UDAIPUR-CHITTAURGARH (GC),NWR -",GC,,RAILWAYS,2010-04,1996-09,,262.0,433.39,456.0,,,470.63,2000-03,,,,,,0,0,,,,fr_Apr_2010.pdf,Sector-Wise analysis of projects,41,336
FR_201004_337,,220100186,337,"GONDIA-JABALPUR(GC),(SECR) -",SECR,,RAILWAYS,2010-04,1997-02,,356.0,,511.86,,,413.02,1998-03,,,,,,0,0,,,,fr_Apr_2010.pdf,Sector-Wise analysis of projects,41,337
FR_201004_338,,220100188,338,"NANGALDAM-TALWARA(NL),NR -",NL,,RAILWAYS,2010-04,1981-03,,37.68,450.0,730.0,,,274.41,,,,,,,0,0,,,,fr_Apr_2010.pdf,Sector-Wise analysis of projects,41,338
FR_201004_339,,220100190,339,"KADUR-CHIKMAGALUR- SAKLESHPUR (NL),(SWR) -",SWR,,RAILWAYS,2010-04,1996-04,,157.0,,274.29,,,82.28,,,,,,,0,0,,,,fr_Apr_2010.pdf,Sector-Wise analysis of projects,41,339
FR_201004_340,,220100191,340,"KARUR-SALEM(NL),SR -",NL,,RAILWAYS,2010-04,1997-02,,155.55,155.0,613.11,,,357.81,,,,,,,0,0,,,,fr_Apr_2010.pdf,Sector-Wise analysis of projects,41,340
FR_201004_341,,220100192,341,"NANDYAL-YERRAGUNTLA(NL),SCR -",NL,,RAILWAYS,2010-04,1997-03,,155.74,164.36,429.49,,,287.26,2009-02,,,,,,0,0,,,,fr_Apr_2010.pdf,Sector-Wise analysis of projects,41,341
FR_201004_342,,220100193,342,"HUBLI-AKOLA(NL),SWR -",NL,,RAILWAYS,2010-04,1995-04,,227.0,,337.82,,,49.53,,,,,,,0,0,,,,fr_Apr_2010.pdf,Sector-Wise analysis of projects,41,342
FR_201004_343,,220100195,343,"HOSPET-GUNTAKAL(LD),SCR -",LD,,RAILWAYS,2010-04,1996-03,,105.22,,268.0,,,,1999-12,2008-03,,,,,0,0,,,,fr_Apr_2010.pdf,Sector-Wise analysis of projects,41,343
FR_201004_344,,220100197,344,"KANPUR-KASGANJ- MATHURA(GC),NER -",GC,,RAILWAYS,2010-04,1997-03,,395.0,598.98,661.72,,,510.14,,,,,,,0,0,,,,fr_Apr_2010.pdf,Sector-Wise analysis of projects,41,344
FR_201004_345,,220100205,345,"MUNEERABAD- MAHABOOBNAGAR(NL),SCR -",NL,,RAILWAYS,2010-04,1996-04,,377.32,218.24,497.47,,,66.85,,,,,,,0,0,,,,fr_Apr_2010.pdf,Sector-Wise analysis of projects,41,345
FR_201004_346,,220100208,346,HOWRAH-AMTA-CHAMPADANGA NL (SER) -,SER,,RAILWAYS,2010-04,1974-04,,31.42,154.3,154.3,,,89.61,2007-03,2007-03,,,,40.0,0,0,,,,fr_Apr_2010.pdf,Sector-Wise analysis of projects,41,346
FR_201004_347,,220100220,347,MACHERLA-NALGONDA(NL)(SCR) -,SCR,,RAILWAYS,2010-04,1998-07,,125.0,,363.26,,,0.27,2008-07,,,,,,0,0,,,,fr_Apr_2010.pdf,Sector-Wise analysis of projects,42,347
FR_201004_348,,220100222,348,"KODERMA-RANCHI VIA BARKAKHANA (NL),ECR -",NL,,RAILWAYS,2010-04,1999-03,,491.19,,1099.2,,,540.09,2005-07,,,,,,0,0,,,,fr_Apr_2010.pdf,Sector-Wise analysis of projects,42,348
FR_201004_349,,220100249,349,KUTTIPURAM-CALICUT INCLD. SHORANUR-M-LORE (DL) (SR) -,SR,,RAILWAYS,2010-04,2001-03,,178.76,178.71,219.94,,,190.49,,,,,,,0,0,,,,fr_Apr_2010.pdf,Sector-Wise analysis of projects,42,349
FR_201004_350,,220100252,350,ANGAMALI-SABARIMALA (N.L.)(SR) -,SR,,RAILWAYS,2010-04,1998-10,,550.0,550.0,550.0,,,63.23,,,,,,,0,0,,,,fr_Apr_2010.pdf,Sector-Wise analysis of projects,42,350
FR_201004_351,,220100253,351,"PURNA-AKOLA (G.C), SCR -",G.C,,RAILWAYS,2010-04,2000-02,,228.0,,497.63,,,477.14,,,,,,,0,0,,,,fr_Apr_2010.pdf,Sector-Wise analysis of projects,42,351
FR_201004_352,,220100254,352,"BIDAR-GULBARGA,SCR(NL) -",NL,,RAILWAYS,2010-04,1999-02,,242.42,369.7,369.7,,,126.85,2009-05,,,,,,0,0,,,,fr_Apr_2010.pdf,Sector-Wise analysis of projects,42,352
FR_201004_353,,220100255,353,GONDA-GORAKHPUR LOOP WITH ANAND NAGAR-NAUTANWA GC (NER) -,NER,,RAILWAYS,2010-04,2002-03,,383.15,,381.17,,,80.12,,,,,,,0,0,,,,fr_Apr_2010.pdf,Sector-Wise analysis of projects,42,353
FR_201004_354,,220100256,354,KAPTANGANJ-THAWE-SIWAN- CHHAPRA GC (NER) -,NER,,RAILWAYS,2010-04,2001-09,,320.1,,320.1,,,108.05,,,,,,,0,0,,,,fr_Apr_2010.pdf,Sector-Wise analysis of projects,42,354
FR_201004_355,,220100257,355,KHAGARIA-KUSHESHWAR ASTHAN (NL) (ECR) -,ECR,,RAILWAYS,2010-04,1997-03,,78.23,,162.87,,,0.04,,,,,,,0,0,,,,fr_Apr_2010.pdf,Sector-Wise analysis of projects,42,355
FR_201004_356,,220100262,356,TIRUCHIRAPPALI-NAGORE- KARAIKKAL(SR)(GC) -,GC,,RAILWAYS,2010-04,1995-09,,100.0,,548.96,,,392.5,,,,,,,0,0,,,,fr_Apr_2010.pdf,Sector-Wise analysis of projects,42,356
FR_201004_357,,220100265,357,KOTLPALLI-NARASAPUR (NL) (SCR) -,SCR,,RAILWAYS,2010-04,2001-12,,330.0,,695.0,,,9.41,,,,,,,0,0,,,,fr_Apr_2010.pdf,Sector-Wise analysis of projects,42,357
FR_201004_358,,220100274,358,BANGLORE - SATYAMANGALAM (NL)(SWR) -,SWR,,RAILWAYS,2010-04,1999-02,,138.0,,1300.0,,,,,,,,,,0,0,,,,fr_Apr_2010.pdf,Sector-Wise analysis of projects,42,358
FR_201004_359,,220100277,359,BANKURA - DAMODAR (GC) (SER) -,SER,,RAILWAYS,2010-04,1998-03,,111.9,111.9,325.17,,,311.98,2005-03,2008-12,,,,,0,0,,,,fr_Apr_2010.pdf,Sector-Wise analysis of projects,42,359
FR_201004_360,,220100305,360,"KODERMA-TILAIYA (NL), ECR -",NL,,RAILWAYS,2010-04,2002-04,,459.91,,459.91,,,36.4,,,,,,,0,0,,,,fr_Apr_2010.pdf,Sector-Wise analysis of projects,42,360
FR_201004_361,,220100312,361,"RAJGIR-TILAIYA (NL), ECR -",NL,,RAILWAYS,2010-04,2001-04,,180.82,180.82,180.82,,,230.44,2006-03,,,,,,0,0,,,,fr_Apr_2010.pdf,Sector-Wise analysis of projects,42,361
FR_201004_362,,220100314,362,"RAMGANJMUNDI-BHOPAL (NL),WCR -",NL,,RAILWAYS,2010-04,2001-04,,727.13,727.13,1225.0,,,120.45,,,,,,,0,0,,,,fr_Apr_2010.pdf,Sector-Wise analysis of projects,42,362
FR_201004_363,,220100317,363,KICHHA-KHATIMA (NL) - NER -,NL,,RAILWAYS,2010-04,2003-04,,165.67,,165.67,,,0.15,,,,,,,0,0,,,,fr_Apr_2010.pdf,Sector-Wise analysis of projects,42,363
FR_201004_364,,220100319,364,HATHUA-BHATNI (N L) (NER) -,NER,,RAILWAYS,2010-04,2005-04,,200.73,,230.03,,,45.76,,,,,,,0,0,,,,fr_Apr_2010.pdf,Sector-Wise analysis of projects,42,364
FR_201004_365,,220100324,365,CHHINDWARA - NAGPUR (GC)(SECR) -,SECR,,RAILWAYS,2010-04,2005-04,,383.79,,585.93,,,102.78,,,,,,,0,0,,,,fr_Apr_2010.pdf,Sector-Wise analysis of projects,42,365
FR_201004_366,,220100330,366,GUNTUR-GUNTAKAL- KALLURU(GL)(SCR) -,SCR,,RAILWAYS,2010-04,1992-04,,458.45,,573.12,,,555.49,,,,,,,0,0,,,,fr_Apr_2010.pdf,Sector-Wise analysis of projects,42,366
FR_201004_367,,N22000032,367,MANOHARABAD-KOTHPALL NEW LINE(SCR) -,SCR,,RAILWAYS,2010-04,2006-04,,378.56,,671.82,,,0.74,,,,,,,0,0,,,,fr_Apr_2010.pdf,Sector-Wise analysis of projects,42,367
FR_201004_368,,N22000045,368,"GAELKERA-MANOHARPUR,(LD)(SER) -",SER,,RAILWAYS,2010-04,1998-03,,186.92,261.7,261.7,,,0.08,2006-02,,,,,,0,0,,,,fr_Apr_2010.pdf,Sector-Wise analysis of projects,42,368
FR_201004_369,,N22000079,369,MAYLADUTHURAI-THIRUVARUR- KARAIKUDI-THIRU 'PONDI'-A -,,,RAILWAYS,2010-04,2007-09,,404.19,404.19,790.0,,,47.7,,,,,,,0,0,,,,fr_Apr_2010.pdf,Sector-Wise analysis of projects,42,369
FR_201004_370,,N22000080,370,DINDIGUL-POLLACHI-PALGHAT- POLLACHI AND COIMBATORE -,,,RAILWAYS,2010-04,2006-09,,343.17,343.17,639.0,,,196.03,,,,,,,0,0,,,,fr_Apr_2010.pdf,Sector-Wise analysis of projects,42,370
FR_201004_371,,N22000082,371,ALUABARI ROAD SILIGURI JANCTION VIA GALGALIA -,,,RAILWAYS,2010-04,2006-12,,170.0,170.0,255.96,,,111.77,,,,,,41.0,0,0,,,,fr_Apr_2010.pdf,Sector-Wise analysis of projects,42,371
FR_201004_372,,N22000084,372,TINDIVANAM-GINGEE- TIRUVANNAMALAI (NL) -,NL,,RAILWAYS,2010-04,2006-09,,125.0,125.0,227.4,,,12.71,,,,,,,0,0,,,,fr_Apr_2010.pdf,Sector-Wise analysis of projects,43,372
FR_201004_373,,N22000085,373,TIDIVANAM-NAGARI (NL) -,NL,,RAILWAYS,2010-04,2006-09,,456.0,456.0,582.83,,,28.22,,,,,,,0,0,,,,fr_Apr_2010.pdf,Sector-Wise analysis of projects,43,373
FR_201004_374,,N22000087,374,NEW B.G. LINE FROM ARARIA TO GALGALIA (THAKURGUNG) -,THAKURGUNG,,RAILWAYS,2010-04,2006-09,,300.0,300.0,529.88,,,24.4,,,,,,,0,0,,,,fr_Apr_2010.pdf,Sector-Wise analysis of projects,43,374
FR_201004_375,,N22000098,375,BHAKURA DAMODAR -,,,RAILWAYS,2010-04,1998-03,,282.7,,325.17,,,24.32,2008-07,,,,,,0,0,,,,fr_Apr_2010.pdf,Sector-Wise analysis of projects,43,375
FR_201004_376,,N22000101,376,KISHANGANJ JALALGARH -,,,RAILWAYS,2010-04,2008-04,,282.92,,359.86,,,0.71,,,,,,,0,0,,,,fr_Apr_2010.pdf,Sector-Wise analysis of projects,43,376
FR_201004_377,,N22000103,377,RESTORATION WITH GAUGE CONVERSION OF SILIGHAT TOWN -,,,RAILWAYS,2010-04,1993-04,,100.41,,949.22,,,15.65,2009-12,,,,,,0,0,,,,fr_Apr_2010.pdf,Sector-Wise analysis of projects,43,377
FR_201004_378,,220100168,378,"MANDARHILL-DUMKA-RAMPURHAT (NL),ER -",NL,,RAILWAYS,2010-04,1995-04,,184.0,254.07,676.0,,,307.38,2011-12,,,,,,0,0,,,,fr_Apr_2010.pdf,Sector-Wise analysis of projects,43,378
FR_201004_379,,220100181,379,AHMEDNAGAR-PARLI VAIJNATH(NL) CR -,NL,,RAILWAYS,2010-04,1997-02,,353.08,353.08,1010.0,,,64.05,2012-12,,2012-12,,,,0,0,,,,fr_Apr_2010.pdf,Sector-Wise analysis of projects,43,379
FR_201004_380,,220100273,380,"DEOGHAR - SULTANGANJ (INL), ER - Total",INL,,RAILWAYS,2010-04,2000-04,,138.0,258.24,607.09,,,192.46,2012-12,,,,,,0,0,,,,fr_Apr_2010.pdf,Sector-Wise analysis of projects,43,380
FR_201004_381,,240106228,381,"PURNEA-FORBESGANJ (BR-2) PHASE-II, KM.268 TO 230, NH-57 -",BR-2,,ROAD TRANSPORT & HIGHWAYS,2010-04,2003-12,,310.0,,310.0,,,,2008-04,,2010-03,,,,0,0,,,,fr_Apr_2010.pdf,Sector-Wise analysis of projects,43,381
FR_201004_382,,240100203,382,"ALLAHABAD BYPASS (KM.158- KM.198) GQ, NH-2 -",KM.158- KM.198,,ROAD TRANSPORT & HIGHWAYS,2010-04,2000-04,,440.93,,440.93,,,641.4,2006-12,,2009-12,,,,0,0,,,,fr_Apr_2010.pdf,Sector-Wise analysis of projects,43,382
FR_201004_383,,240100204,383,"ALLAHABAD BYPASS (KM.198- KM.242.708) GQ, NH-2 -",KM.198- KM.242.708,,ROAD TRANSPORT & HIGHWAYS,2010-04,2000-04,,534.39,,534.39,,,716.15,2007-05,,2009-12,,,,0,0,,,,fr_Apr_2010.pdf,Sector-Wise analysis of projects,43,383
FR_201004_384,,N24000054,384,"TOVARAMKURCHI-MADURAI,NH45B (NHAI) -",NHAI,,ROAD TRANSPORT & HIGHWAYS,2010-04,2000-04,,263.0,,263.0,,,317.74,2008-08,,2009-12,,,,0,0,,,,fr_Apr_2010.pdf,Sector-Wise analysis of projects,43,384
FR_201004_385,,N24000060,385,AP/KARNATKA BORDER-NANDI HILL CROSSING AND DEVANHA -,,,ROAD TRANSPORT & HIGHWAYS,2010-04,2003-12,,402.8,,402.8,,,453.7,2009-03,,2009-12,,,,0,0,,,,fr_Apr_2010.pdf,Sector-Wise analysis of projects,43,385
FR_201004_386,,N24000105,386,ELEVATED HIGHWAY FROM SILK BOARD JUNCTION TO ELECT -,,,ROAD TRANSPORT & HIGHWAYS,2010-04,2005-03,,450.0,,450.0,,,876.61,2008-07,,2010-01,,,,0,0,,,,fr_Apr_2010.pdf,Sector-Wise analysis of projects,43,386
FR_201004_387,,240106257,387,"DHULE-PIMPALGAON, NH-3, KM.380 TOKM. 265 -",,,ROAD TRANSPORT & HIGHWAYS,2010-04,2005-03,,556.0,,556.0,,,568.5,2009-03,,2010-03,,,,0,0,,,,fr_Apr_2010.pdf,Sector-Wise analysis of projects,43,387
FR_201004_388,,240106285,388,TRICHY BYPASS END TO TOVARAMKURCHI (NH-45B)(NHAI) -,NHAI,,ROAD TRANSPORT & HIGHWAYS,2010-04,2005-03,,261.0,,261.0,,,286.3,2008-08,,2010-03,,,,0,0,,,,fr_Apr_2010.pdf,Sector-Wise analysis of projects,43,388
FR_201004_389,,240106289,389,NAGAON BYPASS (NH-37)(NHAI) -,NHAI,,ROAD TRANSPORT & HIGHWAYS,2010-04,2003-12,,230.0,,230.0,,,164.23,2008-06,,2010-03,,,,0,0,,,,fr_Apr_2010.pdf,Sector-Wise analysis of projects,43,389
FR_201004_390,,240101178,390,FATEHPUR-KHAGA (GQ) KM.38- KM.115 (NH-2) -,NH-2,,ROAD TRANSPORT & HIGHWAYS,2010-04,2000-04,,372.4,,372.4,,,399.29,2004-07,,2010-04,,,,0,0,,,,fr_Apr_2010.pdf,Sector-Wise analysis of projects,43,390
FR_201004_391,,240106227,391,"PURNEA-FORBESGANJ (BR-1) PHASE-II, KM.309 TO 268, NH-57 -",BR-1,,ROAD TRANSPORT & HIGHWAYS,2010-04,2003-12,,276.0,,276.0,,,360.0,2008-04,,2010-04,,,,0,0,,,,fr_Apr_2010.pdf,Sector-Wise analysis of projects,43,391
FR_201004_392,,240106273,392,"SALEM TO KERALA BORDER SEC(TN6), KM.203.96 NH7 TO KM 53 NH47 -",TN6,,ROAD TRANSPORT & HIGHWAYS,2010-04,2003-12,,469.8,,469.8,,,665.8,2008-12,,2010-04,,,42.0,0,0,,,,fr_Apr_2010.pdf,Sector-Wise analysis of projects,43,392
FR_201004_393,,240106302,393,"SAGAR - RAJMARG CHORAHA,KM 255-297, NH-26 (NHAI) -",NHAI,,ROAD TRANSPORT & HIGHWAYS,2010-04,2003-12,,206.96,,206.96,,,51.79,2008-10,,2010-04,,,,0,0,,,,fr_Apr_2010.pdf,Sector-Wise analysis of projects,44,393
FR_201004_394,,N24000083,394,"PADALUR-TRICHY, NH-45 -",,,ROAD TRANSPORT & HIGHWAYS,2010-04,2005-03,,320.0,,320.0,,,636.1,2009-05,,2010-04,,,,0,0,,,,fr_Apr_2010.pdf,Sector-Wise analysis of projects,44,394
FR_201004_395,,240100206,395,"COCHIN PORT, NH-47 (PORT CONNECTIVITY) KMS 348 - KMS 358 -",PORT CONNECTIVITY,,ROAD TRANSPORT & HIGHWAYS,2010-04,2000-04,,106.0,,193.0,,,127.92,2006-08,,2010-05,,,,0,0,,,,fr_Apr_2010.pdf,Sector-Wise analysis of projects,44,395
FR_201004_396,,240106241,396,"MADURAI -KANNIAKUMARI SEC. (NS- 42/TN) NH-7, KM.120 TO KM.160 -",NS- 42/TN,,ROAD TRANSPORT & HIGHWAYS,2010-04,2003-12,,507.49,,507.49,,,331.6,2008-03,,2010-05,,,,0,0,,,,fr_Apr_2010.pdf,Sector-Wise analysis of projects,44,396
FR_201004_397,,240106260,397,"AURANG-RAIPUR, NH-6, KM.232 TO KM.281 -",,,ROAD TRANSPORT & HIGHWAYS,2010-04,2005-03,,190.0,,190.0,,,204.68,2009-01,,2010-05,,,,0,0,,,,fr_Apr_2010.pdf,Sector-Wise analysis of projects,44,397
FR_201004_398,,240106262,398,"GONDE-VADAPE(THANE), NH-3, KM.440/000 TO KM.539/500 -",THANE,,ROAD TRANSPORT & HIGHWAYS,2010-04,2005-03,,579.0,,579.0,,,677.94,2009-04,,2010-05,,,,0,0,,,,fr_Apr_2010.pdf,Sector-Wise analysis of projects,44,398
FR_201004_399,,240106268,399,"JALANDAR-AMRITSAR, KM.407/100 TO KM.456/100, NH-1 -",,,ROAD TRANSPORT & HIGHWAYS,2010-04,2005-03,,263.0,,263.0,,,383.28,2009-02,,2010-05,,,,0,0,,,,fr_Apr_2010.pdf,Sector-Wise analysis of projects,44,399
FR_201004_400,,N24000055,400,"NAGPUR-KONDHALI,NH-6(NHAI) -",NHAI,,ROAD TRANSPORT & HIGHWAYS,2010-04,2005-03,,168.0,,168.0,,,305.42,2008-12,,2010-05,,,,0,0,,,,fr_Apr_2010.pdf,Sector-Wise analysis of projects,44,400
FR_201004_401,,N24000080,401,HYDERABAD-BANGALORE SEC.(NS CORR.PH-II)[KM 418-463 -,NS CORR.PH-II,,ROAD TRANSPORT & HIGHWAYS,2010-04,2003-12,,243.64,,243.64,,,244.3,2009-08,,2010-05,,,,0,0,,,,fr_Apr_2010.pdf,Sector-Wise analysis of projects,44,401
FR_201004_402,,N24000093,402,"MAHARASHTRA/AP BORDER TO ISLAM NAGAR,(NS-2/BOT/AP-6),NH-7 -",NS-2/BOT/AP-6,,ROAD TRANSPORT & HIGHWAYS,2010-04,2003-12,,360.42,,360.42,,,476.0,2009-11,,2010-05,,,,0,0,,,,fr_Apr_2010.pdf,Sector-Wise analysis of projects,44,402
FR_201004_403,,240101133,403,HARIHAR-CHITRADURGA (GQ) KM.284-KM.207 (NH-4) -,NH-4,,ROAD TRANSPORT & HIGHWAYS,2010-04,2000-04,,318.0,,207.56,,,71.35,2004-08,,2010-06,,,,0,0,,,,fr_Apr_2010.pdf,Sector-Wise analysis of projects,44,403
FR_201004_404,,240101181,404,VARANASI-MOHANIA (GQ) KM.317- 329 & KM.0-KM.65 (NH-2) -,NH-2,,ROAD TRANSPORT & HIGHWAYS,2010-04,2000-04,,467.93,,467.93,,,452.03,2005-03,,2010-06,,,,0,0,,,,fr_Apr_2010.pdf,Sector-Wise analysis of projects,44,404
FR_201004_405,,240101187,405,GORHAR-BARWA ADDA (GQ) KM.320- KM.398.75 (NH-2) -,NH-2,,ROAD TRANSPORT & HIGHWAYS,2010-04,2000-04,,399.75,,399.75,,,405.51,2005-03,,2010-06,,,,0,0,,,,fr_Apr_2010.pdf,Sector-Wise analysis of projects,44,405
FR_201004_406,,240103191,406,"PURNEA-GOYAKOTA SEC.(EW) (NS & EW-PH-I) KM.419-KM.447, NH-31 -",NS & EW-PH-I,,ROAD TRANSPORT & HIGHWAYS,2010-04,2000-04,,205.73,,205.73,,,244.3,2004-07,,2010-06,,,,0,0,,,,fr_Apr_2010.pdf,Sector-Wise analysis of projects,44,406
FR_201004_407,,240106202,407,"CHENNAI BYPASS (NHAI) OTHERS, NH-45, 4 & 5 -",NHAI,,ROAD TRANSPORT & HIGHWAYS,2010-04,2003-12,,480.0,,480.0,,,782.9,2007-11,,2010-06,,,,0,0,,,,fr_Apr_2010.pdf,Sector-Wise analysis of projects,44,407
FR_201004_408,,240106216,408,"GAGODHAR-GARAMORE(PK-IV,NH15) KM 245 TO 281.3 AND 308 TO 254 -","PK-IV,NH15",,ROAD TRANSPORT & HIGHWAYS,2010-04,2003-12,,412.78,,479.54,,,423.5,2007-11,,2010-06,,,,0,0,,,,fr_Apr_2010.pdf,Sector-Wise analysis of projects,44,408
FR_201004_409,,240106220,409,"JHANSI BYPASS (UP-3), KM.104- KM.91, NH-25 -",UP-3,,ROAD TRANSPORT & HIGHWAYS,2010-04,2003-12,,158.06,,158.06,,,150.0,2005-08,,2010-06,,,,0,0,,,,fr_Apr_2010.pdf,Sector-Wise analysis of projects,44,409
FR_201004_410,,240106240,410,"MADURAI -KANIAKUMARI SECTION (NS-41/TN) NH-7,KM.80 TO KM.120 -",NS-41/TN,,ROAD TRANSPORT & HIGHWAYS,2010-04,2003-12,,323.36,,323.36,,,189.9,2008-03,,2010-06,,,,0,0,,,,fr_Apr_2010.pdf,Sector-Wise analysis of projects,44,410
FR_201004_411,,240106256,411,"MEERUT-MUZAFFARNAGAR, NH-58 PHASE-III, KM.52.25 TO KM.131.00 -",,,ROAD TRANSPORT & HIGHWAYS,2010-04,2005-03,,359.0,,359.0,,,560.71,2009-03,,2010-06,,,,0,0,,,,fr_Apr_2010.pdf,Sector-Wise analysis of projects,44,411
FR_201004_412,,240106276,412,"MADURAI-ARUPKOTTAI-TUTICORIN, KM.138.8 TO KM.264.5, NH-45 B -",,,ROAD TRANSPORT & HIGHWAYS,2010-04,2005-03,,629.0,,629.0,,,838.94,2010-11,,2010-06,,,,0,0,,,,fr_Apr_2010.pdf,Sector-Wise analysis of projects,44,412
FR_201004_413,,240106295,413,"DARBHANGA-MUZAFFARPUR, NH-57 (NHAI) -",NHAI,,ROAD TRANSPORT & HIGHWAYS,2010-04,2003-12,,305.0,,305.0,,,356.54,2008-06,,2010-06,,,,0,0,,,,fr_Apr_2010.pdf,Sector-Wise analysis of projects,44,413
FR_201004_414,,240106296,414,"DARBHANGA-MUZAFFARPUR(KM 30 TO KM 0), NH-57 (NHAI) -",NHAI,,ROAD TRANSPORT & HIGHWAYS,2010-04,2003-12,,291.8,,291.8,,,386.96,2008-06,,2010-06,,,43.0,0,0,,,,fr_Apr_2010.pdf,Sector-Wise analysis of projects,44,414
FR_201004_415,,N24000028,415,SILIGURI TO ISLAMPUR (WB-7) -,WB-7,,ROAD TRANSPORT & HIGHWAYS,2010-04,2003-12,,225.0,,225.0,,,155.2,2008-07,,2010-06,,,,0,0,,,,fr_Apr_2010.pdf,Sector-Wise analysis of projects,45,415
FR_201004_416,,N24000030,416,RINGBUNDS TO JHAJHANPUR (BR-6) -,BR-6,,ROAD TRANSPORT & HIGHWAYS,2010-04,2003-12,,340.0,,340.0,,,433.8,2008-06,,2010-06,,,,0,0,,,,fr_Apr_2010.pdf,Sector-Wise analysis of projects,45,416
FR_201004_417,,N24000040,417,NEW MANGALORE PORT NH-17 AND 48 -,,,ROAD TRANSPORT & HIGHWAYS,2010-04,2000-04,,196.5,,196.5,,,132.44,2008-06,,2010-06,,,,0,0,,,,fr_Apr_2010.pdf,Sector-Wise analysis of projects,45,417
FR_201004_418,,N24000045,418,ASSAM/WB BORDER TO GAIRKATTA (WB-1) -,WB-1,,ROAD TRANSPORT & HIGHWAYS,2010-04,2003-12,,221.82,,221.82,,,172.5,2008-11,,2010-06,,,,0,0,,,,fr_Apr_2010.pdf,Sector-Wise analysis of projects,45,418
FR_201004_419,,N24000056,419,"THANJAUR-TRICHY,NH-67(NHAI) -",NHAI,,ROAD TRANSPORT & HIGHWAYS,2010-04,2005-03,,280.0,,280.0,,,550.82,2009-06,,2010-06,,,,0,0,,,,fr_Apr_2010.pdf,Sector-Wise analysis of projects,45,419
FR_201004_420,,N24000057,420,"GANJAM-ICCHAPURUM,NH-5(NHAI) -",NHAI,,ROAD TRANSPORT & HIGHWAYS,2010-04,2000-04,,263.27,,263.27,,,201.38,2004-02,,2010-06,,,,0,0,,,,fr_Apr_2010.pdf,Sector-Wise analysis of projects,45,420
FR_201004_421,,N24000069,421,"BARA TO ORAI, NH-2, 25 -",,,ROAD TRANSPORT & HIGHWAYS,2010-04,2003-12,,465.0,,465.0,,,30.89,2009-04,,2010-06,,,,0,0,,,,fr_Apr_2010.pdf,Sector-Wise analysis of projects,45,421
FR_201004_422,,N24000076,422,HYDERABAD-BANGALORE SEC.(NS CORR.PH-II)[KM 251-293 -,NS CORR.PH-II,,ROAD TRANSPORT & HIGHWAYS,2010-04,2003-12,,208.46,,208.46,,,180.4,2009-08,,2010-06,,,,0,0,,,,fr_Apr_2010.pdf,Sector-Wise analysis of projects,45,422
FR_201004_423,,N24000077,423,HYDERABAD-BANGALORE SEC.(NS CORR.PH-II)[KM 293.4-3 -,NS CORR.PH-II,,ROAD TRANSPORT & HIGHWAYS,2010-04,2003-12,,239.19,,239.19,,,208.1,2009-09,,2010-06,,,,0,0,,,,fr_Apr_2010.pdf,Sector-Wise analysis of projects,45,423
FR_201004_424,,N24000078,424,HYDERABAD-BANGALORE SEC.(NS CORR.PH-II)[KM 336-376 -,NS CORR.PH-II,,ROAD TRANSPORT & HIGHWAYS,2010-04,2003-12,,243.38,,243.38,,,232.2,2008-09,,2010-06,,,,0,0,,,,fr_Apr_2010.pdf,Sector-Wise analysis of projects,45,424
FR_201004_425,,N24000079,425,HYDERABAD-BANGALORE SEC.(NS CORR.PH-II)[KM 376-418 -,NS CORR.PH-II,,ROAD TRANSPORT & HIGHWAYS,2010-04,2003-12,,205.92,,205.92,,,187.7,2009-08,,2010-06,,,,0,0,,,,fr_Apr_2010.pdf,Sector-Wise analysis of projects,45,425
FR_201004_426,,N24000081,426,HYDERABAD-BANGALORE SEC.(NS CORR.PH-II)[KM 211-251 -,NS CORR.PH-II,,ROAD TRANSPORT & HIGHWAYS,2010-04,2003-12,,194.8,,194.8,,,162.0,2009-08,,2010-06,,,,0,0,,,,fr_Apr_2010.pdf,Sector-Wise analysis of projects,45,426
FR_201004_427,,N24000087,427,"KURALI-KIRATPUR, NH-21 -",,,ROAD TRANSPORT & HIGHWAYS,2010-04,2005-03,,309.0,,309.0,,,403.39,2010-06,,2010-06,,,,0,0,,,,fr_Apr_2010.pdf,Sector-Wise analysis of projects,45,427
FR_201004_428,,N24000094,428,"LAKHNAADON TO MP/MH BORDER,KM 596.75-653 (NS- 1/BOT/MP-2),NH7 -",NS- 1/BOT/MP-2,,ROAD TRANSPORT & HIGHWAYS,2010-04,2003-12,,407.6,,407.6,,,181.4,2010-06,,2010-06,,,,0,0,,,,fr_Apr_2010.pdf,Sector-Wise analysis of projects,45,428
FR_201004_429,,N24000104,429,BANGALORE-NEELAMANGLALA NH-4 -,,,ROAD TRANSPORT & HIGHWAYS,2010-04,2005-03,,445.0,,445.0,,,772.29,2010-07,,2010-06,,,,0,0,,,,fr_Apr_2010.pdf,Sector-Wise analysis of projects,45,429
FR_201004_430,,N24000121,430,AMRITSAR-WAGHA BORDER -,,,ROAD TRANSPORT & HIGHWAYS,2010-04,2008-06,,205.88,,205.88,,,198.42,2010-06,,2010-06,,,,0,0,,,,fr_Apr_2010.pdf,Sector-Wise analysis of projects,45,430
FR_201004_431,,240101132,431,HAVERI-HARIHAR (GQ) KM.340- KM.284 (NH-4) -,NH-4,,ROAD TRANSPORT & HIGHWAYS,2010-04,2000-04,,241.0,,196.65,,,67.03,2004-08,,2010-07,,,,0,0,,,,fr_Apr_2010.pdf,Sector-Wise analysis of projects,45,431
FR_201004_432,,240106235,432,VIJAYAPUR TO PATHANKOT (J&K) NH-1A KM.16.35 TO KM.50.00 -,J&K,,ROAD TRANSPORT & HIGHWAYS,2010-04,2003-12,,193.09,,193.09,,,118.7,2008-03,,2010-07,,,,0,0,,,,fr_Apr_2010.pdf,Sector-Wise analysis of projects,45,432
FR_201004_433,,240106236,433,VIJAYAPUR TO PATHANKOT (NS- 35/J&K) NH-1A KM.50 TO KM.80 -,NS- 35/J&K,,ROAD TRANSPORT & HIGHWAYS,2010-04,2003-12,,166.27,,166.27,,,90.26,2008-03,,2010-07,,,,0,0,,,,fr_Apr_2010.pdf,Sector-Wise analysis of projects,45,433
FR_201004_434,,N24000100,434,PONDICHERY - TINDIVANAU NH-66 -,,,ROAD TRANSPORT & HIGHWAYS,2010-04,2005-03,,285.0,,285.0,,,204.55,2010-07,,2010-07,,,,0,0,,,,fr_Apr_2010.pdf,Sector-Wise analysis of projects,45,434
FR_201004_435,,N24000103,435,NEELAMANGALAR JUNCTION ON NH- 4 SMITH NH-48 TO DEVI -,,,ROAD TRANSPORT & HIGHWAYS,2010-04,2005-03,,441.0,,441.0,,,441.95,2010-07,,2010-07,,,,0,0,,,,fr_Apr_2010.pdf,Sector-Wise analysis of projects,45,435
FR_201004_436,,N24000106,436,BANGLORE - HOSKOTE MUDBOGAL SECTION NH-4 -,,,ROAD TRANSPORT & HIGHWAYS,2010-04,2005-03,,565.0,,565.0,,,831.21,2010-07,,2010-07,,,,0,0,,,,fr_Apr_2010.pdf,Sector-Wise analysis of projects,45,436
FR_201004_437,,N24000109,437,ISLAM NAGAR TO KADTAL -,,,ROAD TRANSPORT & HIGHWAYS,2010-04,2003-12,,546.83,,546.83,,,667.0,2010-03,,2010-07,,,,0,0,,,,fr_Apr_2010.pdf,Sector-Wise analysis of projects,45,437
FR_201004_438,,240106286,438,LANKA TO DABOKA (NH-54)(NHAI) -,NHAI,,ROAD TRANSPORT & HIGHWAYS,2010-04,2003-12,,225.0,,225.0,,,177.44,2008-06,,2010-08,,,,0,0,,,,fr_Apr_2010.pdf,Sector-Wise analysis of projects,45,438
FR_201004_439,,240104196,439,HALDIA PORT (PORT CONNECTIVITY) (NH-41) -,NH-41,,ROAD TRANSPORT & HIGHWAYS,2010-04,2000-04,,273.0,,522.0,,,313.97,2005-03,,2010-09,,,44.0,0,0,,,,fr_Apr_2010.pdf,Sector-Wise analysis of projects,45,439
FR_201004_440,,240106297,440,"KOTA BYPASS,RJ-4, NH-76 (NHAI) -",NHAI,,ROAD TRANSPORT & HIGHWAYS,2010-04,2003-12,,275.0,,250.39,,,223.3,2008-10,,2010-09,,,,0,0,,,,fr_Apr_2010.pdf,Sector-Wise analysis of projects,46,440
FR_201004_441,,N24000095,441,"LAKHNADON TO MP/MH BORDER (NS-1/BOT/MP-2), NH-7 -",NS-1/BOT/MP-2,,ROAD TRANSPORT & HIGHWAYS,2010-04,2003-12,,263.17,,263.17,,,232.4,2009-09,,2010-09,,,,0,0,,,,fr_Apr_2010.pdf,Sector-Wise analysis of projects,46,441
FR_201004_442,,N24000096,442,"JHANSI TO LALITPUR, NH-25,26 -",,,ROAD TRANSPORT & HIGHWAYS,2010-04,2003-12,,355.06,,355.06,,,242.4,2009-09,,2010-09,,,,0,0,,,,fr_Apr_2010.pdf,Sector-Wise analysis of projects,46,442
FR_201004_443,,N24000097,443,"JHANSI TO LALITPUR, NH-26 -",,,ROAD TRANSPORT & HIGHWAYS,2010-04,2003-12,,276.09,,276.09,,,184.6,2009-09,,2010-09,,,,0,0,,,,fr_Apr_2010.pdf,Sector-Wise analysis of projects,46,443
FR_201004_444,,N24000120,444,WAINGANGA BRIDGE - CHHATISGARH-MAHARASHTRA -,,,ROAD TRANSPORT & HIGHWAYS,2010-04,2008-03,,424.0,,424.0,,,275.6,2010-09,,2010-09,,,,0,0,,,,fr_Apr_2010.pdf,Sector-Wise analysis of projects,46,444
FR_201004_445,,240106222,445,"AYODHYA - LUCKNOW (LMNHP-I) NH- 28, KM.45 TO KM.8.2 -",LMNHP-I,,ROAD TRANSPORT & HIGHWAYS,2010-04,2003-12,,193.0,,193.0,,,,2008-10,,2010-10,,,,0,0,,,,fr_Apr_2010.pdf,Sector-Wise analysis of projects,46,445
FR_201004_446,,240106225,446,"AYODHYA - LUCKNOW (LMNHP-II) KM.93.075 TO KM.45, NH-28 -",LMNHP-II,,ROAD TRANSPORT & HIGHWAYS,2010-04,2003-12,,217.0,,217.0,,,287.7,2008-10,,2010-10,,,,0,0,,,,fr_Apr_2010.pdf,Sector-Wise analysis of projects,46,446
FR_201004_447,,240106245,447,"GORAKHPUR-AYODHYA (LMNHP- 6),NH-28, KM.251.70 TO KM.208.00 -",LMNHP- 6,,ROAD TRANSPORT & HIGHWAYS,2010-04,2003-12,,239.0,,239.0,,,348.1,2008-10,,2010-10,,,,0,0,,,,fr_Apr_2010.pdf,Sector-Wise analysis of projects,46,447
FR_201004_448,,240106247,448,"GORAKHPUR-AYODHYA (LMNHP- 4),NH-28, KM.164.00 TO KM.135.00 -",LMNHP- 4,,ROAD TRANSPORT & HIGHWAYS,2010-04,2003-12,,205.0,,205.0,,,264.5,2008-10,,2010-10,,,,0,0,,,,fr_Apr_2010.pdf,Sector-Wise analysis of projects,46,448
FR_201004_449,,240106248,449,"AYODHYA-LUCKNOW (LMNHP-3),NH- 28, KM.135.000 TO KM.93.075 -",LMNHP-3,,ROAD TRANSPORT & HIGHWAYS,2010-04,2003-12,,212.0,,212.0,,,292.12,2008-10,,2010-10,,,,0,0,,,,fr_Apr_2010.pdf,Sector-Wise analysis of projects,46,449
FR_201004_450,,240106249,450,"ORAI TO JHANSI (UP-4),NH-25, KM.170.0 TO KM.104.0 -",UP-4,,ROAD TRANSPORT & HIGHWAYS,2010-04,2003-12,,451.97,,451.97,,,449.2,2008-04,,2010-10,,,,0,0,,,,fr_Apr_2010.pdf,Sector-Wise analysis of projects,46,450
FR_201004_451,,240106300,451,"LALITPUR TO SAGAR KM 132 TO KM 187, NH-26 (NHAI) -",NHAI,,ROAD TRANSPORT & HIGHWAYS,2010-04,2003-12,,225.0,,225.0,,,178.0,2008-10,,2010-10,,,,0,0,,,,fr_Apr_2010.pdf,Sector-Wise analysis of projects,46,451
FR_201004_452,,N24000088,452,"GWALIOR BYPSS, NH-75,3 -",,,ROAD TRANSPORT & HIGHWAYS,2010-04,2003-12,,300.93,,300.93,,,232.0,2009-10,,2010-10,,,,0,0,,,,fr_Apr_2010.pdf,Sector-Wise analysis of projects,46,452
FR_201004_453,,240101173,453,AGRA-SHIKOHABAD (GQ) KM.199.66- KM.250.50 (NH-2) -,NH-2,,ROAD TRANSPORT & HIGHWAYS,2010-04,2000-04,,367.49,,367.49,,,418.89,2005-03,,2010-12,,,,0,0,,,,fr_Apr_2010.pdf,Sector-Wise analysis of projects,46,453
FR_201004_454,,240106203,454,IMPROVEMENT OF ACCESS OF GQ WITHIN CHENNAI CITY(NHAI) OTHERS -,NHAI,,ROAD TRANSPORT & HIGHWAYS,2010-04,2003-12,,210.0,,210.0,,,622.2,2007-04,,2010-12,,,,0,0,,,,fr_Apr_2010.pdf,Sector-Wise analysis of projects,46,454
FR_201004_455,,240106204,455,"GARHMUKTESHWAR-MURADABAD (NHAI) OTHERS KM.93-149.25, NH-24 -",NHAI,,ROAD TRANSPORT & HIGHWAYS,2010-04,2003-12,,275.0,,275.0,,,277.4,2007-09,,2010-12,,,,0,0,,,,fr_Apr_2010.pdf,Sector-Wise analysis of projects,46,455
FR_201004_456,,240106226,456,"BIJNI TO ASSAM/WB BORDER PH.II, KM.30.00 TO 0.00, NH-31 C -",,,ROAD TRANSPORT & HIGHWAYS,2010-04,2003-12,,230.0,,230.0,,,98.69,2005-06,,2010-12,,,,0,0,,,,fr_Apr_2010.pdf,Sector-Wise analysis of projects,46,456
FR_201004_457,,240106237,457,"PATHANKOT- BHOGPUR, KM.26- KM.70, NH-1A -",,,ROAD TRANSPORT & HIGHWAYS,2010-04,2003-12,,284.0,,284.0,,,291.0,2008-05,,2010-12,,,,0,0,,,,fr_Apr_2010.pdf,Sector-Wise analysis of projects,46,457
FR_201004_458,,240106250,458,"ORAI TO JHANSI (UP-5),NH-25, KM.220.0 TO KM.170.0 -",UP-5,,ROAD TRANSPORT & HIGHWAYS,2010-04,2003-12,,340.68,,340.68,,,259.5,2008-03,,2010-12,,,,0,0,,,,fr_Apr_2010.pdf,Sector-Wise analysis of projects,46,458
FR_201004_459,,240106278,459,"MAIBANG TO LUNDING (AS-25), KM.83.400 TO KM.111.000 -",AS-25,,ROAD TRANSPORT & HIGHWAYS,2010-04,2003-12,,199.81,,199.81,,,28.1,2009-04,,2010-12,,,,0,0,,,,fr_Apr_2010.pdf,Sector-Wise analysis of projects,46,459
FR_201004_460,,240106279,460,"MAIBANG TO LUNDING (AS-26), KM.60.500 TO KM.83.400, NH-54 -",AS-26,,ROAD TRANSPORT & HIGHWAYS,2010-04,2003-12,,167.64,,167.64,,,39.49,2008-11,,2010-12,,,,0,0,,,,fr_Apr_2010.pdf,Sector-Wise analysis of projects,46,460
FR_201004_461,,240106280,461,"MAIBANG TO LUNDING (AS-24), KM.111.000 TO KM.126.450 -",AS-24,,ROAD TRANSPORT & HIGHWAYS,2010-04,2003-12,,155.04,,155.04,,,28.09,2008-11,,2010-12,,,45.0,0,0,,,,fr_Apr_2010.pdf,Sector-Wise analysis of projects,46,461
FR_201004_462,,240106291,462,KASIA TO GORAKHPUR (NH- 28)(NHAI) -,NHAI,,ROAD TRANSPORT & HIGHWAYS,2010-04,2003-12,,242.0,,242.0,,,306.1,2008-12,,2010-12,,,,0,0,,,,fr_Apr_2010.pdf,Sector-Wise analysis of projects,47,462
FR_201004_463,,240106292,463,UP/BIHAR BORDER TO KASIA (NH- 28)(NHAI) -,NHAI,,ROAD TRANSPORT & HIGHWAYS,2010-04,2003-12,,227.0,,227.0,,,282.2,2008-12,,2010-12,,,,0,0,,,,fr_Apr_2010.pdf,Sector-Wise analysis of projects,47,463
FR_201004_464,,240106301,464,"SAGAR BY PASS,KM 187 TO KM 211 , NH-26 (NHAI) -",NHAI,,ROAD TRANSPORT & HIGHWAYS,2010-04,2003-12,,151.3,,151.3,,,104.0,2008-10,,2010-12,,,,0,0,,,,fr_Apr_2010.pdf,Sector-Wise analysis of projects,47,464
FR_201004_465,,240106303,465,"SAGAR - RAJMARG CHORAHA,KM 211 TO KM 255, NH-26 (NHAI) -",NHAI,,ROAD TRANSPORT & HIGHWAYS,2010-04,2003-12,,203.43,,203.43,,,108.1,2008-10,,2010-12,,,,0,0,,,,fr_Apr_2010.pdf,Sector-Wise analysis of projects,47,465
FR_201004_466,,N24000036,466,SITAPUR-LUCKNOW -,,,ROAD TRANSPORT & HIGHWAYS,2010-04,2005-03,,322.0,,322.0,,,254.27,2009-06,,2010-12,,,,0,0,,,,fr_Apr_2010.pdf,Sector-Wise analysis of projects,47,466
FR_201004_467,,N24000037,467,THRISSUR TO ANGAMALI (NH-47) -,NH-47,,ROAD TRANSPORT & HIGHWAYS,2010-04,2003-12,,312.5,,312.5,,,477.0,2009-03,,2010-12,,,,0,0,,,,fr_Apr_2010.pdf,Sector-Wise analysis of projects,47,467
FR_201004_468,,N24000089,468,"GWALIOR-JHANSI, NH-75 -",,,ROAD TRANSPORT & HIGHWAYS,2010-04,2003-12,,604.0,,604.0,,,253.6,2009-12,,2010-12,,,,0,0,,,,fr_Apr_2010.pdf,Sector-Wise analysis of projects,47,468
FR_201004_469,,N24000101,469,TRICHY - KORUR NH-67 -,,,ROAD TRANSPORT & HIGHWAYS,2010-04,2005-03,,516.0,,516.0,,,213.3,2010-07,,2010-12,,,,0,0,,,,fr_Apr_2010.pdf,Sector-Wise analysis of projects,47,469
FR_201004_470,,N24000107,470,NH CONNECTIVITY TO ICTT VALLARPADAEU NH - SH -,,,ROAD TRANSPORT & HIGHWAYS,2010-04,2005-03,,557.0,,557.0,,,505.0,2010-02,,2010-12,,,,0,0,,,,fr_Apr_2010.pdf,Sector-Wise analysis of projects,47,470
FR_201004_471,,N24000116,471,BALASORE BHADRAK (REVIVED) KM 136.5 - 199.14 NH-5 -,REVIVED,,ROAD TRANSPORT & HIGHWAYS,2010-04,2000-04,,228.7,,228.7,,,0.41,2004-02,,2010-12,,,,0,0,,,,fr_Apr_2010.pdf,Sector-Wise analysis of projects,47,471
FR_201004_472,,N24000117,472,ZIRAKPUR(HARYANA) - PARWANOO(HIMACHAL PRADESH) -,HIMACHAL PRADESH,,ROAD TRANSPORT & HIGHWAYS,2010-04,2008-02,,295.0,,295.0,,,444.84,2010-08,,2010-12,,,,0,0,,,,fr_Apr_2010.pdf,Sector-Wise analysis of projects,47,472
FR_201004_473,,N24000122,473,DELHI/ HARYANA BORDER TO ROHTAK -,,,ROAD TRANSPORT & HIGHWAYS,2010-04,2007-04,,486.0,,486.0,,,287.0,2010-05,,2010-12,,,,0,0,,,,fr_Apr_2010.pdf,Sector-Wise analysis of projects,47,473
FR_201004_474,,N24000035,474,NALBARI TO BIJNI (AS-8) -,AS-8,,ROAD TRANSPORT & HIGHWAYS,2010-04,2003-12,,200.0,,200.0,,,168.08,2008-06,,2011-01,,,,0,0,,,,fr_Apr_2010.pdf,Sector-Wise analysis of projects,47,474
FR_201004_475,,N24000099,475,TRICHY - DINDIGUAL NH-45 -,,,ROAD TRANSPORT & HIGHWAYS,2010-04,2005-03,,576.0,,576.0,,,254.4,2010-07,,2011-01,,,,0,0,,,,fr_Apr_2010.pdf,Sector-Wise analysis of projects,47,475
FR_201004_476,,N24000102,476,SALEM - U / UNDRUPET(BOT -1/TN- 06) NH -68 -,BOT -1/TN- 06,,ROAD TRANSPORT & HIGHWAYS,2010-04,2005-03,,941.0,,941.0,,,526.99,2011-01,,2011-01,,,,0,0,,,,fr_Apr_2010.pdf,Sector-Wise analysis of projects,47,476
FR_201004_477,,N24000118,477,END OF DURG BYPASS- CHHATISGARH/MAHARASHTRA BORDER -,,,ROAD TRANSPORT & HIGHWAYS,2010-04,2008-01,,464.0,,464.0,,,334.75,2011-01,,2011-01,,,,0,0,,,,fr_Apr_2010.pdf,Sector-Wise analysis of projects,47,477
FR_201004_478,,N24000098,478,"AGRA-BYPASS(NS-1/UP-1),KM 176.8- 13.03 NH-2,3 -",NS-1/UP-1,,ROAD TRANSPORT & HIGHWAYS,2010-04,2003-12,,348.16,,348.16,,,108.1,2007-09,,2011-02,,,,0,0,,,,fr_Apr_2010.pdf,Sector-Wise analysis of projects,47,478
FR_201004_479,,240100207,479,"SILCHAR-UDARBAND (PH.II) HN-54, KM.309 TO KM.275 -",PH.II,,ROAD TRANSPORT & HIGHWAYS,2010-04,2003-12,,157.47,,154.57,,,133.43,2007-09,,2011-03,,,,0,0,,,,fr_Apr_2010.pdf,Sector-Wise analysis of projects,47,479
FR_201004_480,,240106223,480,"MEHSI TO KOTWA (LMNHP-II), PH.II, KM.480 TO KM.440, NH-28 -",LMNHP-II,,ROAD TRANSPORT & HIGHWAYS,2010-04,2003-12,,239.0,,239.0,,,195.53,2005-07,,2011-03,,,,0,0,,,,fr_Apr_2010.pdf,Sector-Wise analysis of projects,47,480
FR_201004_481,,240106224,481,"MUZZAFFARPUR TO MEHSI (LMNHP- 12), KM.520 TO 480, NH-28 -",LMNHP- 12,,ROAD TRANSPORT & HIGHWAYS,2010-04,2003-12,,275.0,,275.0,,,229.19,2005-07,,2011-03,,,,0,0,,,,fr_Apr_2010.pdf,Sector-Wise analysis of projects,47,481
FR_201004_482,,240106243,482,"KOTWA TO DEWAPUR(10 LMNHP),NH-28 PHASE-II, KM.440 TO KM.402 -",10 LMNHP,,ROAD TRANSPORT & HIGHWAYS,2010-04,2003-12,,240.0,,240.0,,,166.62,2008-10,,2011-03,,,,0,0,,,,fr_Apr_2010.pdf,Sector-Wise analysis of projects,47,482
FR_201004_483,,240106246,483,"GORAKHPUR-AYODHYA (LMNHP- 5),NH-28, KM.208.00 TO KM.164.00 -",LMNHP- 5,,ROAD TRANSPORT & HIGHWAYS,2010-04,2003-12,,227.0,,227.0,,,226.4,2008-10,,2011-03,,,46.0,0,0,,,,fr_Apr_2010.pdf,Sector-Wise analysis of projects,47,483
FR_201004_484,,240106277,484,"HARANGAJO TO MAIBANG (AS-23), KM.126.450 TO KM.140.700 -",AS-23,,ROAD TRANSPORT & HIGHWAYS,2010-04,2003-12,,280.0,,280.0,,,127.4,2009-02,,2011-03,,,,0,0,,,,fr_Apr_2010.pdf,Sector-Wise analysis of projects,48,484
FR_201004_485,,240106294,485,FORBESGANJ TO SIMRAHI (NH- 57)(NHAI) -,NHAI,,ROAD TRANSPORT & HIGHWAYS,2010-04,2003-12,,332.94,,332.94,,,147.14,2008-09,,2011-03,,,,0,0,,,,fr_Apr_2010.pdf,Sector-Wise analysis of projects,48,485
FR_201004_486,,240106299,486,"LALITPUR TO SAGAR, NH-26 (NHAI) -",NHAI,,ROAD TRANSPORT & HIGHWAYS,2010-04,2003-12,,198.0,,198.0,,,110.9,2008-11,,2011-03,,,,0,0,,,,fr_Apr_2010.pdf,Sector-Wise analysis of projects,48,486
FR_201004_487,,N24000044,487,SONAPUR TO GUWAHTI (AS-3) -,AS-3,,ROAD TRANSPORT & HIGHWAYS,2010-04,2003-12,,245.0,,245.0,,,240.4,2008-03,,2011-03,,,,0,0,,,,fr_Apr_2010.pdf,Sector-Wise analysis of projects,48,487
FR_201004_488,,N24000047,488,NALBARI TO BIJNI (AS-6) -,AS-6,,ROAD TRANSPORT & HIGHWAYS,2010-04,2003-12,,225.0,,225.0,,,129.4,2008-06,,2011-03,,,,0,0,,,,fr_Apr_2010.pdf,Sector-Wise analysis of projects,48,488
FR_201004_489,,N24000085,489,"GORAKHPUR BYPASS, NH-28, PHASE-II EAST-WEST CORRID -",,,ROAD TRANSPORT & HIGHWAYS,2010-04,2003-12,,600.24,,600.24,,,460.1,2009-10,,2011-03,,,,0,0,,,,fr_Apr_2010.pdf,Sector-Wise analysis of projects,48,489
FR_201004_490,,N24000108,490,DHOLPUR - MORENA SECTION (INCLUDING CHAMBOL BRIDGE -,,,ROAD TRANSPORT & HIGHWAYS,2010-04,2003-12,,232.45,,232.45,,,118.0,2010-09,,2011-03,,,,0,0,,,,fr_Apr_2010.pdf,Sector-Wise analysis of projects,48,490
FR_201004_491,,240106281,491,"MAIBANG TO LUNDING (AS-27), KM.40.000 TO KM.60.500 -",AS-27,,ROAD TRANSPORT & HIGHWAYS,2010-04,2003-12,,200.0,,200.0,,,61.4,2009-04,,2011-04,,,,0,0,,,,fr_Apr_2010.pdf,Sector-Wise analysis of projects,48,491
FR_201004_492,,N24000119,492,KALGHAT-MP/MAHARASHTRA BORDER KM 16.6-84.70 -,,,ROAD TRANSPORT & HIGHWAYS,2010-04,2008-11,,549.0,,549.0,,,517.38,2010-05,,2011-05,,,,0,0,,,,fr_Apr_2010.pdf,Sector-Wise analysis of projects,48,492
FR_201004_493,,240106205,493,"HAPUR-GARHMUKTESWAR (OTHERS) KM.58-93, NH-24 -",OTHERS,,ROAD TRANSPORT & HIGHWAYS,2010-04,2005-03,,220.0,,220.0,,,145.6,2007-09,,2011-06,,,,0,0,,,,fr_Apr_2010.pdf,Sector-Wise analysis of projects,48,493
FR_201004_494,,240106221,494,"GANGA BRIDGE TO RAMDEVI CROSSING PH.II NH-25, KM.75-80.06 -",,,ROAD TRANSPORT & HIGHWAYS,2010-04,2003-12,,155.0,,201.66,,,53.32,2008-09,,2011-06,,,,0,0,,,,fr_Apr_2010.pdf,Sector-Wise analysis of projects,48,494
FR_201004_495,,240106304,495,"RAJMARG CHORAHA TO LAKHNANDON,KM 297 TO KM 351, NH-26 (NHAI) -",NHAI,,ROAD TRANSPORT & HIGHWAYS,2010-04,2003-12,,251.03,,251.03,,,205.6,2008-10,,2011-06,,,,0,0,,,,fr_Apr_2010.pdf,Sector-Wise analysis of projects,48,495
FR_201004_496,,240106305,496,"RAJMARG CHORAHA TO LAKHNANDON,KM 351 TO KM 405.7, NH-26 (NHA -",,,ROAD TRANSPORT & HIGHWAYS,2010-04,2003-12,,229.91,,229.91,,,150.3,2008-10,,2011-06,,,,0,0,,,,fr_Apr_2010.pdf,Sector-Wise analysis of projects,48,496
FR_201004_497,,N24000049,497,"DHARAMTUL TO SONAPUR,KM 205- 183 (AS-20) -",AS-20,,ROAD TRANSPORT & HIGHWAYS,2010-04,2003-12,,160.0,,160.0,,,65.53,2008-05,,2011-06,,,,0,0,,,,fr_Apr_2010.pdf,Sector-Wise analysis of projects,48,497
FR_201004_498,,N24000090,498,KOSI BRIDGE INCLUDING APPROACHES AND GUIDE BOND AN -,,,ROAD TRANSPORT & HIGHWAYS,2010-04,2003-12,,418.04,,418.04,,,236.2,2010-03,,2011-06,,,,0,0,,,,fr_Apr_2010.pdf,Sector-Wise analysis of projects,48,498
FR_201004_499,,240101153,499,SUNAKHALA-GANJAM (GQ) KM.338- KM.284 (NH-5) -,NH-5,,ROAD TRANSPORT & HIGHWAYS,2010-04,2000-04,,225.0,,225.0,,,145.54,2004-04,,2011-10,,,,0,0,,,,fr_Apr_2010.pdf,Sector-Wise analysis of projects,48,499
FR_201004_500,,240106288,500,DAKOBA TO NAGAON (NH-36)(NHAI) -,NHAI,,ROAD TRANSPORT & HIGHWAYS,2010-04,2003-12,,225.0,,225.0,,,170.7,2008-06,,2011-10,,,,0,0,,,,fr_Apr_2010.pdf,Sector-Wise analysis of projects,48,500
FR_201004_501,,240106290,501,BIJNI TO ASSAM WB BORDER (NH- 31.C)(1)(NHAI) -,NHAI,,ROAD TRANSPORT & HIGHWAYS,2010-04,2003-12,,195.0,,195.0,,,88.52,2008-06,,2011-12,,,,0,0,,,,fr_Apr_2010.pdf,Sector-Wise analysis of projects,48,501
FR_201004_502,,240106293,502,BIJNI TO ASSAM /WB.BORDER (NH- 31.C)(2)(NHAI) -,NHAI,,ROAD TRANSPORT & HIGHWAYS,2010-04,2003-12,,237.8,,237.8,,,98.64,2008-06,,2011-12,,,,0,0,,,,fr_Apr_2010.pdf,Sector-Wise analysis of projects,48,502
FR_201004_503,,N24000031,503,JHAJHARPUR TO DARBANGA (BR-7) -,BR-7,,ROAD TRANSPORT & HIGHWAYS,2010-04,2003-12,,340.0,,340.0,,,275.9,2008-09,,2011-12,,,,0,0,,,,fr_Apr_2010.pdf,Sector-Wise analysis of projects,48,503
FR_201004_504,,N24000042,504,NAGAON TO DHARAMTUL (AS-2) -,AS-2,,ROAD TRANSPORT & HIGHWAYS,2010-04,2003-12,,264.72,,264.72,,,167.0,2008-06,,2011-12,,,,0,0,,,,fr_Apr_2010.pdf,Sector-Wise analysis of projects,48,504
FR_201004_505,,N24000048,505,NALBARI T BIJNI (AS-7) -,AS-7,,ROAD TRANSPORT & HIGHWAYS,2010-04,2003-12,,208.0,,208.0,,,133.5,2008-04,,2011-12,,,,0,0,,,,fr_Apr_2010.pdf,Sector-Wise analysis of projects,48,505
FR_201004_506,,N24000051,506,DHARAMTUL TO SONAPUR (AS-19) -,AS-19,,ROAD TRANSPORT & HIGHWAYS,2010-04,2003-12,,200.0,,200.0,,,131.1,2008-06,,2011-12,,,47.0,0,0,,,,fr_Apr_2010.pdf,Sector-Wise analysis of projects,48,506
FR_201004_507,,N24000038,507,GUWHATI TO NALBARI (AS-4) -,AS-4,,ROAD TRANSPORT & HIGHWAYS,2010-04,2003-12,,175.96,,175.96,,,93.26,2008-04,,2012-03,,,,0,0,,,,fr_Apr_2010.pdf,Sector-Wise analysis of projects,49,507
FR_201004_508,,N24000046,508,GUWAHATI TO NALBARI (AS-5) -,AS-5,,ROAD TRANSPORT & HIGHWAYS,2010-04,2003-12,,198.16,,198.16,,,126.1,2008-04,,2012-03,,,,0,0,,,,fr_Apr_2010.pdf,Sector-Wise analysis of projects,49,508
FR_201004_509,,N24000068,509,"CHAMBAL BRIDGE, NH-76 (RJ-5) -",RJ-5,,ROAD TRANSPORT & HIGHWAYS,2010-04,2003-12,,275.0,,281.31,,,177.32,2010-02,,2012-03,,,,0,0,,,,fr_Apr_2010.pdf,Sector-Wise analysis of projects,49,509
FR_201004_510,,N24000123,510,"PIMPALGAON-NASIK-GONDE, NH-3 (NHDP-PHASE-III) -",NHDP-PHASE-III,,ROAD TRANSPORT & HIGHWAYS,2010-04,2005-03,,940.0,,940.0,,,0.33,2012-07,,2012-07,,,,0,0,,,,fr_Apr_2010.pdf,Sector-Wise analysis of projects,49,510
FR_201004_511,,N24000115,511,PATHANKOT BHOGPUR NH-1A -,,,ROAD TRANSPORT & HIGHWAYS,2010-04,2003-12,,229.0,,229.0,,,8.72,2010-05,,2012-08,,,,0,0,,,,fr_Apr_2010.pdf,Sector-Wise analysis of projects,49,511
FR_201004_512,,N24000061,512,"HARANGAJO TO MAIBANG,km 164.08- 190.587 NH-54 -",,,ROAD TRANSPORT & HIGHWAYS,2010-04,2003-12,,212.0,,212.0,,,34.11,2007-09,,2012-12,,,,0,0,,,,fr_Apr_2010.pdf,Sector-Wise analysis of projects,49,512
FR_201004_513,,N24000062,513,"HARANGAJO TO MAIBANG, NH-54 -",,,ROAD TRANSPORT & HIGHWAYS,2010-04,2003-12,,196.0,,196.0,,,23.73,2009-07,,2012-12,,,,0,0,,,,fr_Apr_2010.pdf,Sector-Wise analysis of projects,49,513
FR_201004_514,,N24000063,514,"BRAHMPUTRA BRIDGE,NH NO-31 -",,,ROAD TRANSPORT & HIGHWAYS,2010-04,2003-12,,217.61,,217.61,,,73.62,2010-04,,2012-12,,,,0,0,,,,fr_Apr_2010.pdf,Sector-Wise analysis of projects,49,514
FR_201004_515,,240106244,515,"DEEWAPUR TO UP/BIHAR BORDER (LMNHP-9)-NH-28, KM.402-360.915 - Total",LMNHP-9,,ROAD TRANSPORT & HIGHWAYS,2010-04,2003-12,,300.0,41863.55,300.0,,,36235.78,2008-10,,,,,,0,0,,,,fr_Apr_2010.pdf,Sector-Wise analysis of projects,49,515
FR_201004_516,,N25000013,516,ACQUISITION OF TWO NOS.OF 470000 DWT MR TANKERS -,,,SHIPPING & PORTS,2010-04,2006-12,,411.32,,411.32,,,406.28,2010-03,,2010-03,,,,0,0,,,,fr_Apr_2010.pdf,Sector-Wise analysis of projects,49,516
FR_201004_517,,N25000015,517,RAIL CONNECTIVITY TO ICTT AT VALLARPADAM -,,,SHIPPING & PORTS,2010-04,2007-03,,245.67,,298.17,,,297.76,2009-04,,2010-03,,,,0,0,,,,fr_Apr_2010.pdf,Sector-Wise analysis of projects,49,517
FR_201004_518,,N25000004,518,DEEPENING OF CHEENEL AT PARADIP PORT -,,,SHIPPING & PORTS,2010-04,2005-12,,154.84,,253.36,,,181.8,2007-06,2009-01,2010-06,,,,0,0,,,,fr_Apr_2010.pdf,Sector-Wise analysis of projects,49,518
FR_201004_519,,N25000029,519,ACQUISITION OF 6 NOS. 60470 DWT LR-I PRODUCT TANKE -,,,SHIPPING & PORTS,2010-04,2006-10,,1658.59,,1658.59,,,374.37,2010-07,,2010-07,,,,0,0,,,,fr_Apr_2010.pdf,Sector-Wise analysis of projects,49,519
FR_201004_520,,N25000046,520,DEV. & OPRATION OF AN INTERNATIONAL CONTAINER TRA -,,,SHIPPING & PORTS,2010-04,2004-11,,2118.0,,2118.0,,,,2004-11,,2010-08,,,,0,0,,,,fr_Apr_2010.pdf,Sector-Wise analysis of projects,49,520
FR_201004_521,,250100175,521,SETHUSAMUDRAM SHIP CHANNEL PROJECT -,,,SHIPPING & PORTS,2010-04,2005-06,,2427.4,,2427.4,,,814.65,2008-10,,2010-11,,,,0,0,,,,fr_Apr_2010.pdf,Sector-Wise analysis of projects,49,521
FR_201004_522,,N25000030,522,ACQUISITION OF 2 NOS. OF 105000 DWT LR-II TANKERS -,,,SHIPPING & PORTS,2010-04,2007-08,,586.58,,586.58,,,307.02,2010-11,,2010-11,,,,0,0,,,,fr_Apr_2010.pdf,Sector-Wise analysis of projects,49,522
FR_201004_523,,N25000016,523,CONST. & DEV. OF 2 OFFSHORE CONTAINER BERTHS & TER -,,,SHIPPING & PORTS,2010-04,2007-11,,366.0,,366.0,,,1.43,2010-12,,2010-12,,,,0,0,,,,fr_Apr_2010.pdf,Sector-Wise analysis of projects,49,523
FR_201004_524,,N25000038,524,"OPERATION, MANAG. & MAINT. OF MULTI USER-JETTY FOR -",,,SHIPPING & PORTS,2010-04,2006-06,,230.0,,230.0,,,,2010-12,,2010-12,,,,0,0,,,,fr_Apr_2010.pdf,Sector-Wise analysis of projects,49,524
FR_201004_525,,250100112,525,ESTABLISHMENT OF VESSEL TRAFFIC SERVICES IN GULF OF KUTCH -,,,SHIPPING & PORTS,2010-04,2002-01,,165.0,,165.0,,,99.84,2005-12,,2011-01,,,,0,0,,,,fr_Apr_2010.pdf,Sector-Wise analysis of projects,49,525
FR_201004_526,,N25000037,526,C/O IMPOUNDED DOCK AT TUNA FOR HANDELLING DRAFT VE -,,,SHIPPING & PORTS,2010-04,2005-04,,882.0,,1140.0,,,0.16,2011-02,,2011-02,,,,0,0,,,,fr_Apr_2010.pdf,Sector-Wise analysis of projects,49,526
FR_201004_527,,N25000039,527,CONSTRUCTION OF 13 & 14 CARGO BERTH AT KANDLA -,,,SHIPPING & PORTS,2010-04,2005-12,,702.0,,755.5,,,,2011-03,,2011-03,,,48.0,0,0,,,,fr_Apr_2010.pdf,Sector-Wise analysis of projects,49,527
FR_201004_528,,N25000014,528,ACQUISITION OF 4 NO. OF ANCHOR HANDLING CUM SUPPLY -,,,SHIPPING & PORTS,2010-04,2007-10,,359.44,,359.44,,,211.21,2011-04,,2011-04,,,,0,0,,,,fr_Apr_2010.pdf,Sector-Wise analysis of projects,50,528
FR_201004_529,,N25000042,529,Acquisition of two nos. of 120 B.P -,,,SHIPPING & PORTS,2010-04,2009-04,,2908.48,,2908.48,,,58.18,2011-03,,2011-06,,,,0,0,,,,fr_Apr_2010.pdf,Sector-Wise analysis of projects,50,529
FR_201004_530,,N25000032,530,ACQUISITION OF 4 NOS. OF 115000 DWT CRUDE OIL CARR -,,,SHIPPING & PORTS,2010-04,2008-08,,1108.12,,1168.42,,,438.02,2011-04,,2011-12,,,,0,0,,,,fr_Apr_2010.pdf,Sector-Wise analysis of projects,50,530
FR_201004_531,,N25000043,531,Acquisition of Two nos. of 3060 DWT -,,,SHIPPING & PORTS,2010-04,2009-04,,2770.32,,2770.42,,,1108.12,2011-09,,2011-12,,,,0,0,,,,fr_Apr_2010.pdf,Sector-Wise analysis of projects,50,531
FR_201004_532,,N25000033,532,ACQUISITION OF 6 NOS. OF 57000 DWT HANDYMAX BULK C -,,,SHIPPING & PORTS,2010-04,2007-11,,1061.96,,1061.96,,,219.98,2012-03,,2012-01,,,,0,0,,,,fr_Apr_2010.pdf,Sector-Wise analysis of projects,50,532
FR_201004_533,,N25000048,533,SETTING UP OF LNG REGASIFICATION TERMINAL AT PUTHU -,,,SHIPPING & PORTS,2010-04,2009-03,,3500.0,,3500.0,,,,2012-01,,2012-01,,,,0,0,,,,fr_Apr_2010.pdf,Sector-Wise analysis of projects,50,533
FR_201004_534,,N25000031,534,ACQUISITION OF 4 NOS. OF 80655 DWT PANAMAX BULK CA -,,,SHIPPING & PORTS,2010-04,2008-08,,1066.91,,968.35,,,222.91,2012-09,,2012-08,,,,0,0,,,,fr_Apr_2010.pdf,Sector-Wise analysis of projects,50,534
FR_201004_535,,N25000003,535,DEEPENING AND WIDENING OF MAIN HARBOUR CHANNEL AND -,,,SHIPPING & PORTS,2010-04,2005-10,,800.0,,800.0,,,4.63,2008-10,,,,,,0,0,,,,fr_Apr_2010.pdf,Sector-Wise analysis of projects,50,535
FR_201004_536,,N25000035,536,"ENNORE MANALI EXPRESS WAY,F/O SPECIAL PURPOSE VEHI -",,,SHIPPING & PORTS,2010-04,2002-10,,150.0,,309.0,,,23.26,2005-09,,,,,,0,0,,,,fr_Apr_2010.pdf,Sector-Wise analysis of projects,50,536
FR_201004_537,,N25000047,537,SETTING UP OF AN INTERNATIONAL CRUISE TERMINAL AT - Total,,,SHIPPING & PORTS,2010-04,2008-03,,375.0,24047.63,375.0,,,4769.62,2009-01,,,,,,0,0,,,,fr_Apr_2010.pdf,Sector-Wise analysis of projects,50,537
FR_201004_538,,260100099,538,PROJ.III OF NIB-II OF MESSAGING STORAGE -,,,TELECOMMUNICATIONS,2010-04,2003-11,,250.0,,425.51,,,68.5,2005-12,,2009-10,,,,0,0,,,,fr_Apr_2010.pdf,Sector-Wise analysis of projects,50,538
FR_201004_539,,N26000028,539,COMMISSIONING OF GSM EQUIPMENT OF 650K LINES (PH- -,,,TELECOMMUNICATIONS,2010-04,2006-11,,364.52,,364.52,,,51.44,2006-12,,2009-10,,,,0,0,,,,fr_Apr_2010.pdf,Sector-Wise analysis of projects,50,539
FR_201004_540,,N26000034,540,GSM BASED NETWORK EXPANSION PLAN PH-4 -,,,TELECOMMUNICATIONS,2010-04,2007-02,,239.19,,239.19,,,104.48,2008-04,,2009-12,,,,0,0,,,,fr_Apr_2010.pdf,Sector-Wise analysis of projects,50,540
FR_201004_541,,N26000036,541,KOLKATA TELECOM DISTRICT PH-4 -,,,TELECOMMUNICATIONS,2010-04,2006-09,,208.5,,208.5,,,146.38,2008-09,,2009-12,,,,0,0,,,,fr_Apr_2010.pdf,Sector-Wise analysis of projects,50,541
FR_201004_542,,N26000039,542,GSM EQUIPMENT OF 900K LINES(2G) AND 300K LINES(3G) -,3G,,TELECOMMUNICATIONS,2010-04,2007-06,,601.49,,601.49,,,422.85,2008-12,,2009-12,,,,0,0,,,,fr_Apr_2010.pdf,Sector-Wise analysis of projects,50,542
FR_201004_543,,N26000040,543,GSM EQUIPMENT OF 216650 LINES(2G) PH-5.1 -,2G,,TELECOMMUNICATIONS,2010-04,2008-01,,192.48,,192.48,,,113.34,2009-03,,2009-12,,,,0,0,,,,fr_Apr_2010.pdf,Sector-Wise analysis of projects,50,543
FR_201004_544,,N26000042,544,GSM EQUIPMENT OF 1006280 LINES IN TAMILNADU PH-4.5 -,,,TELECOMMUNICATIONS,2010-04,2008-06,,409.21,,483.54,,,470.24,2008-12,,2009-12,,,,0,0,,,,fr_Apr_2010.pdf,Sector-Wise analysis of projects,50,544
FR_201004_545,,N26000046,545,GSM EQUIPMENT OF 700K LINES(2G) AND 150K LINES(3G) -,3G,,TELECOMMUNICATIONS,2010-04,2007-11,,277.34,,277.34,,,180.93,2009-03,,2009-12,,,,0,0,,,,fr_Apr_2010.pdf,Sector-Wise analysis of projects,50,545
FR_201004_546,,N26000060,546,"BIHAR TELECOM CIRCLE PHASE-V.1, 2G &3G -",,,TELECOMMUNICATIONS,2010-04,2007-04,,366.0,,366.0,,,,2009-09,,2009-12,,,,0,0,,,,fr_Apr_2010.pdf,Sector-Wise analysis of projects,50,546
FR_201004_547,,N26000041,547,GSM EQUIPMENT OF 390K LINES(2G) AND 130K LINES(3G) -,3G,,TELECOMMUNICATIONS,2010-04,2008-02,,373.94,,373.94,,,169.33,2008-12,,2010-01,,,,0,0,,,,fr_Apr_2010.pdf,Sector-Wise analysis of projects,50,547
FR_201004_548,,N26000049,548,EXPANSION OF 750K GSM LINES -,,,TELECOMMUNICATIONS,2010-04,2006-10,,0.0,,278.16,,,175.77,2008-12,2009-12,2010-01,,,49.0,0,0,,,,fr_Apr_2010.pdf,Sector-Wise analysis of projects,50,548
FR_201004_549,,N26000050,549,GSM EQUIPMENT-480K LINES(2G) & 220K LINES(3G) IN -,3G,,TELECOMMUNICATIONS,2010-04,2007-05,,335.91,,335.91,,,110.83,2009-03,,2010-01,,,,0,0,,,,fr_Apr_2010.pdf,Sector-Wise analysis of projects,51,549
FR_201004_550,,N26000062,550,"Assam Telecom Circle, Phase-V.I, 2G & 3G -",,,TELECOMMUNICATIONS,2010-04,2007-06,,336.81,,336.81,,,64.5,2009-01,,2010-01,,,,0,0,,,,fr_Apr_2010.pdf,Sector-Wise analysis of projects,51,550
FR_201004_551,,260100051,551,NATIONAL RADIO SPECTRUM MANAGEMENTand MONIT. SY. I -,,,TELECOMMUNICATIONS,2010-04,2000-08,,279.97,,172.04,,,136.24,2004-12,,2010-02,,,,0,0,,,,fr_Apr_2010.pdf,Sector-Wise analysis of projects,51,551
FR_201004_552,,N26000016,552,CONVERGENT BILLING AND CRM(MUMBAI) -,MUMBAI,,TELECOMMUNICATIONS,2010-04,2006-01,,247.0,,247.0,,,119.5,2007-02,2009-12,2010-03,,,,0,0,,,,fr_Apr_2010.pdf,Sector-Wise analysis of projects,51,552
FR_201004_553,,N26000029,553,EXPANSION OF EXISTING 750K GSM NETWORK PE NO. 992 -,,,TELECOMMUNICATIONS,2010-04,2006-06,,231.38,,168.3,,,94.13,2007-10,2009-12,2010-03,,,,0,0,,,,fr_Apr_2010.pdf,Sector-Wise analysis of projects,51,553
FR_201004_554,,N26000052,554,DELHI EXP. OF 1250K LINES OF 2G/3G GSM LINES -,,,TELECOMMUNICATIONS,2010-04,2007-02,,463.61,,463.61,,,104.6,2009-12,2009-12,2010-03,,,,0,0,,,,fr_Apr_2010.pdf,Sector-Wise analysis of projects,51,554
FR_201004_555,,N26000037,555,NIB-II PROJECT RURAL BROADBAND -,,,TELECOMMUNICATIONS,2010-04,2007-12,,312.86,,353.0,,,161.35,2008-02,,2010-05,,,,0,0,,,,fr_Apr_2010.pdf,Sector-Wise analysis of projects,51,555
FR_201004_556,,N26000043,556,GSM EQUIPMENT OF 3125K LINES(2G) AND 625K LINES(3 -,2G,,TELECOMMUNICATIONS,2010-04,2008-09,,1799.94,,1799.94,,,73.54,2009-09,,2010-06,,,,0,0,,,,fr_Apr_2010.pdf,Sector-Wise analysis of projects,51,556
FR_201004_557,,N26000051,557,GSM EQUIPMENT OF 1625K LINES(2G) & 325K LINES IN M -,2G,,TELECOMMUNICATIONS,2010-04,2008-06,,908.3,,916.7,,,151.7,2009-08,,2010-06,,,,0,0,,,,fr_Apr_2010.pdf,Sector-Wise analysis of projects,51,557
FR_201004_558,,N26000061,558,EXPANSION OF EXISTING 2G&3G GSM N/W BY 750 KPE NO -,,,TELECOMMUNICATIONS,2010-04,2008-10,,180.53,2.0,180.53,,,25.97,2009-12,,2010-06,,,,0,0,,,,fr_Apr_2010.pdf,Sector-Wise analysis of projects,51,558
FR_201004_559,,N26000065,559,Execution of telecom network requirement of defence -,,,TELECOMMUNICATIONS,2010-04,2006-05,,1077.0,,1077.0,,,841.0,2009-03,,2010-09,,,,0,0,,,,fr_Apr_2010.pdf,Sector-Wise analysis of projects,51,559
FR_201004_560,,N26000072,560,"Implementation of FTTH, the state of the art access ,gpon eq -",,,TELECOMMUNICATIONS,2010-04,2007-12,,952.88,,952.88,,,,2010-03,,2010-10,,,,0,0,,,,fr_Apr_2010.pdf,Sector-Wise analysis of projects,51,560
FR_201004_561,,N26000073,561,"Implementation of FTTH, the state of the art Acces -",,,TELECOMMUNICATIONS,2010-04,2007-12,,152.65,,152.65,,,,2010-03,,2010-10,,,,0,0,,,,fr_Apr_2010.pdf,Sector-Wise analysis of projects,51,561
FR_201004_562,,N26000074,562,Procurement of DXC equipment -,,,TELECOMMUNICATIONS,2010-04,2008-02,,229.0,,229.0,,,,2010-03,,2010-11,,,,0,0,,,,fr_Apr_2010.pdf,Sector-Wise analysis of projects,51,562
FR_201004_563,,N26000075,563,Procurement of 24 F OF cable. -,,,TELECOMMUNICATIONS,2010-04,2008-02,,199.0,,199.0,,,,2010-03,,2010-11,,,,0,0,,,,fr_Apr_2010.pdf,Sector-Wise analysis of projects,51,563
FR_201004_564,,N26000011,564,CONVERGENT BILLING AND CRM- MTNL(DELHI) -,DELHI,,TELECOMMUNICATIONS,2010-04,2005-12,,249.0,,229.41,,,67.67,2007-02,2009-11,2010-12,,,,0,0,,,,fr_Apr_2010.pdf,Sector-Wise analysis of projects,51,564
FR_201004_565,,N26000066,565,Procurement of 2.5G DWDM equipment -,,,TELECOMMUNICATIONS,2010-04,2006-08,,424.0,,424.0,,,,2009-03,,2010-12,,,,0,0,,,,fr_Apr_2010.pdf,Sector-Wise analysis of projects,51,565
FR_201004_566,,N26000067,566,Procurement of 10G (40 chl) DWDM equipment -,40 chl,,TELECOMMUNICATIONS,2010-04,2006-08,,590.1,,590.1,,,,2009-03,,2010-12,,,,0,0,,,,fr_Apr_2010.pdf,Sector-Wise analysis of projects,51,566
FR_201004_567,,N26000068,567,Procurement of 10G 40 CHL (12 chi equipped) DWDM -,12 chi equipped,,TELECOMMUNICATIONS,2010-04,2007-12,,545.5,,545.5,,,,2010-03,,2010-12,,,,0,0,,,,fr_Apr_2010.pdf,Sector-Wise analysis of projects,51,567
FR_201004_568,,N26000069,568,Procurement of STM-1 SDH equipment -,,,TELECOMMUNICATIONS,2010-04,2007-02,,154.03,,154.03,,,,2010-03,,2010-12,,,,0,0,,,,fr_Apr_2010.pdf,Sector-Wise analysis of projects,51,568
FR_201004_569,,N26000070,569,Procurement of STM-16 MADM equipment -,,,TELECOMMUNICATIONS,2010-04,2008-03,,355.92,,355.92,,,,2010-03,,2010-12,,,,0,0,,,,fr_Apr_2010.pdf,Sector-Wise analysis of projects,51,569
FR_201004_570,,N26000071,570,Procurement of STM-16 ADM equipment -,,,TELECOMMUNICATIONS,2010-04,2007-02,,477.0,,477.0,,,,2010-03,,2010-12,,,,0,0,,,,fr_Apr_2010.pdf,Sector-Wise analysis of projects,51,570
FR_201004_571,,260100095,571,GSM EXPANSION PH.IV (B) (BSNL) MAHARASHTRA -,BSNL,,TELECOMMUNICATIONS,2010-04,2005-07,,1174.75,,1174.75,,,371.41,2006-03,,,,,,0,0,,,,fr_Apr_2010.pdf,Sector-Wise analysis of projects,51,571
FR_201004_572,,N26000015,572,IMPLEMENTATION AND EXECUTION OF NEW TECHNOLOGY -,,,TELECOMMUNICATIONS,2010-04,2004-10,,160.0,,160.0,,,92.45,2006-06,,,,,,0,0,,,,fr_Apr_2010.pdf,Sector-Wise analysis of projects,51,572
FR_201004_573,,N26000026,573,EXP. OF 750K GSM LINES OF 2.5 GSM AND VALIDATION EQU -,,,TELECOMMUNICATIONS,2010-04,2007-02,,741.77,,278.16,,,151.37,2007-10,,,,,50.0,0,0,,,,fr_Apr_2010.pdf,Sector-Wise analysis of projects,51,573
FR_201004_574,,N26000063,574,MANAGED LEASED LINE NETWORK PH-VI -,,,TELECOMMUNICATIONS,2010-04,2008-11,,350.0,,350.0,,,,,,,,,,0,0,,,,fr_Apr_2010.pdf,Sector-Wise analysis of projects,52,574
FR_201004_575,,N26000064,575,CENTRALISED TRANSMISSION NMS - Total,,,TELECOMMUNICATIONS,2010-04,2009-08,,300.0,16511.58,300.0,,,4469.52,,,,,,,0,0,,,,fr_Apr_2010.pdf,Sector-Wise analysis of projects,52,575
FR_201004_576,,280100002,576,DELHI MRTS PHASE-II PROJECT -,,,URBAN DEVELOPMENT,2010-04,2005-08,,8118.0,8605.36,8676.0,,,13719.69,2010-06,,2010-11,,,,0,7,,,,fr_Apr_2010.pdf,Sector-Wise analysis of projects,52,576
FR_201004_577,,N28000008,577,BANGALORE METRO RAIL PROJECT - Total,,,URBAN DEVELOPMENT,2010-04,2006-05,,6395.0,8158.0,6395.0,,,2267.57,2011-12,2012-09,2012-06,,,,0,1,,,,fr_Apr_2010.pdf,Sector-Wise analysis of projects,52,577
FR_201004_578,,300100001,578,PAGLADIYA DAM PROJECT - Total Grand Total,,,WATER RESOURCES,2010-04,2001-01,,542.9,542.9,1187.0,,,35.49,2007-12,,2012-12,,,51.0,0,0,,,,fr_Apr_2010.pdf,Sector-Wise analysis of projects,52,578
