observation_id,project_id,project_code,serial_no,project_name,agency,state,sector,report_date,approval_date,approval_date_revised,original_cost_crore,revised_cost_crore,anticipated_cost_crore,cost_overrun_original_crore,cost_overrun_revised_crore,cumulative_expenditure_crore,original_completion_date,revised_completion_date,anticipated_completion_date,time_overrun_original_months,time_overrun_revised_months,additional_delay_months,milestones_achieved,milestones_total,physical_progress_pct,delay_reason,status,source.report,source.table,source.page,source.serial_no
FR_201009_001,,020100041,1,"KAIGA 3 and 4 UNITS (NPCIL) - NPCIL,Karnataka",NPCIL,,ATOMIC ENERGY,2010-09,2001-05,,4213.0,,3282.0,,,2572.0,2009-10,2007-09,2010-12,,,,71,75,,,,fr_sept_2010.pdf,Sector-Wise analysis of projects,36,1
FR_201009_002,,N02000007,2,"URANIUM ORE MINE & PROCESSING PLANT AT TUMMALAPALL - UCIL,Andhra Pradesh",,,ATOMIC ENERGY,2010-09,2007-09,,1106.29,,1106.29,,,778.6,,,2011-04,,,,0,1,,,,fr_sept_2010.pdf,Sector-Wise analysis of projects,36,2
FR_201009_003,,020100044,3,"PROTOTYPE FAST BREEDER REACTOR (BHAVINI, 500 MWE) - BHAVNI,Tamil Nadu","BHAVINI, 500 MWE",,ATOMIC ENERGY,2010-09,2003-09,,3492.0,,5677.0,,,2592.29,2010-09,,2011-09,,,,8,80,,,,fr_sept_2010.pdf,Sector-Wise analysis of projects,36,3
FR_201009_004,,020100040,4,"KUDANKULAM APP (NPCIL) - NPCIL,Tamil Nadu Total",NPCIL,,ATOMIC ENERGY,2010-09,2001-12,,13171.0,21982.29,13171.0,,,13150.0,2008-12,,2011-12,,,,61,119,,,,fr_sept_2010.pdf,Sector-Wise analysis of projects,36,4
FR_201009_005,,N04000068,5,"CONSTRACTION OF RCC/PRE STRESSD CONCRETE BRIDGE K3 - AAI,Tamil Nadu",,,CIVIL AVIATION,2010-09,2009-06,,213.35,,213.35,,,153.05,2010-09,,2010-11,,,,0,0,,,,fr_sept_2010.pdf,Sector-Wise analysis of projects,36,5
FR_201009_006,,N04000040,6,"D/O OF TERMINAL BLDG. AND PAVEMENT WORKS AT CHENNA - AAI,Tamil Nadu",,,CIVIL AVIATION,2010-09,2008-01,,535.0,,535.0,,,331.8,2010-06,,2010-12,,,,0,0,,,,fr_sept_2010.pdf,Sector-Wise analysis of projects,36,6
FR_201009_007,,N04000038,7,"D/O KAMARAJ DOMESTIC TER-PH-II & EXP. ANNA INT. TE(K1) - AAI,Tamil Nadu",K1,,CIVIL AVIATION,2010-09,2008-08,,1273.0,,1273.0,,,594.84,2011-01,,2011-01,,,,0,0,,,,fr_sept_2010.pdf,Sector-Wise analysis of projects,36,7
FR_201009_008,,N04000056,8,"Extension of Secondary Runway(K2) - AAI,Tamil Nadu",K2,,CIVIL AVIATION,2010-09,2008-08,,230.0,,230.0,,,188.12,2011-01,,2011-01,,,,0,0,,,,fr_sept_2010.pdf,Sector-Wise analysis of projects,36,8
FR_201009_009,,N04000037,9,"C/O INTEGRATED PASSENGER TER. BULD. NSCBI AIRPORT - AAI,West Bengal",,,CIVIL AVIATION,2010-09,2008-08,,1942.51,,1942.51,,,860.83,2011-05,,2011-08,,,,0,0,,,,fr_sept_2010.pdf,Sector-Wise analysis of projects,36,9
FR_201009_010,,N04000069,10,"Construction of New International Terminal Building - AAI,Goa",,,CIVIL AVIATION,2010-09,2010-05,,204.73,,204.73,,,5.97,2012-05,,2012-05,,,,0,0,,,,fr_sept_2010.pdf,Sector-Wise analysis of projects,36,10
FR_201009_011,,N04000017,11,"CONSTRUCTION OF NEW INTERNATIONAL TERMINAL BLDG. A - AAI,Gujarat",,,CIVIL AVIATION,2010-09,2007-02,,290.92,,290.92,,,185.74,,,,,,,1,24,,,,fr_sept_2010.pdf,Sector-Wise analysis of projects,36,11
FR_201009_012,,N04000050,12,"C/o new Airport at Pakyong(Sikkim) Airport - AAI,Sikkim",Sikkim,,CIVIL AVIATION,2010-09,2009-01,,264.29,,264.29,,,,2011-01,,,,,,0,0,,,,fr_sept_2010.pdf,Sector-Wise analysis of projects,36,12
FR_201009_013,,N04000065,13,"GAGAN PROJECT - AAI,Multi State Total",,,CIVIL AVIATION,2010-09,2008-09,,393.6,5347.4,393.6,,,202.26,2013-06,,,,,,0,0,,,,fr_sept_2010.pdf,Sector-Wise analysis of projects,36,13
FR_201009_014,,060100089,14,"BARSINGSAR TPS (2X125MW) (NLC) - NLC,Rajasthan",NLC,,COAL,2010-09,2004-12,,1114.18,1626.09,1626.09,,,1488.75,2009-06,,2010-10,,,,59,26,,,,fr_sept_2010.pdf,Sector-Wise analysis of projects,36,14
FR_201009_015,,N06000044,15,"BALRAM OCP EXTENSION - MCL,Orissa",,,COAL,2010-09,2007-12,,172.08,,172.08,,,485.97,2009-03,2010-03,2011-03,,,,0,0,,,,fr_sept_2010.pdf,Sector-Wise analysis of projects,36,15
FR_201009_016,,N06000083,16,"Churi Benti UG - CCL,Jharkhandd",,,COAL,2010-09,2007-06,,163.51,34.0,163.51,,,33.46,2011-03,,2011-03,,,,0,0,,,,fr_sept_2010.pdf,Sector-Wise analysis of projects,36,16
FR_201009_017,,060100087,17,"TPS-II EXPANSION (1470MW TO 1970MW) (NLC) - NLC,Tamil Nadu",NLC,,COAL,2010-09,2004-10,,2030.78,2453.57,2453.57,,,2025.08,2009-06,,2011-06,,,,41,24,,,,fr_sept_2010.pdf,Sector-Wise analysis of projects,37,17
FR_201009_018,,060100092,18,"KULDA OCP (MAHANADI COALFIELDS LTD.) - MCL,Orissa",MAHANADI COALFIELDS LTD.,,COAL,2010-09,2005-01,,302.96,,302.96,,,64.16,2010-03,2012-03,2012-03,,,,0,4,,,,fr_sept_2010.pdf,Sector-Wise analysis of projects,37,18
FR_201009_019,,060100096,19,"ASHOK EXPN.OCP -CCL (5 MTY) - CCL,Jharkhandd",5 MTY,,COAL,2010-09,2006-04,,471.66,341.63,341.63,,,101.85,2011-03,2012-03,2012-03,,,,0,0,,,,fr_sept_2010.pdf,Sector-Wise analysis of projects,37,19
FR_201009_020,,N06000017,20,"SHANTIKHANI LONGWALL PROJ- SCCL - SCCL,Andhra Pradesh",,,COAL,2010-09,2006-10,,249.03,,249.03,,,37.64,2012-03,,2012-03,,,,8,42,,,,fr_sept_2010.pdf,Sector-Wise analysis of projects,37,20
FR_201009_021,,N06000033,21,"NIGAHI OC EXPANSION PROJECT 10 MTY TO 15 MTY, SINGRAULI - NCL,Madhya pradesh",,,COAL,2010-09,2007-10,,259.4,,259.4,,,0.87,2012-03,,2012-03,,,,0,0,,,,fr_sept_2010.pdf,Sector-Wise analysis of projects,37,21
FR_201009_022,,N06000067,22,"ANANTA OC EXPANSION PH-III - MCL,Orissa",,,COAL,2010-09,2008-08,,207.28,,207.28,,,262.78,2012-03,,2012-03,,,,0,0,,,,fr_sept_2010.pdf,Sector-Wise analysis of projects,37,22
FR_201009_023,,N06000078,23,"RAMAGUNDAM OC-II EXTENSION - SCCL,Andhra Pradesh",,,COAL,2010-09,2009-12,,418.57,418.97,418.97,,,66.32,2012-03,,2012-03,,,,7,27,,,,fr_sept_2010.pdf,Sector-Wise analysis of projects,37,23
FR_201009_024,,N06000080,24,"MANUGURU OC-II EXTENSION PHASE-II - SCCL,Andhra Pradesh",,,COAL,2010-09,2010-03,,181.91,,181.19,,,0.07,,,2012-03,,,,2,34,,,,fr_sept_2010.pdf,Sector-Wise analysis of projects,37,24
FR_201009_025,,N06000084,25,"North Urimari OCP - CCL,Jharkhandd",,,COAL,2010-09,2007-12,,179.87,,179.87,,,68.36,2012-03,,2012-03,,,,0,0,,,,fr_sept_2010.pdf,Sector-Wise analysis of projects,37,25
FR_201009_026,,N06000086,26,"Tapin OCP - CCL,Jharkhandd",,,COAL,2010-09,2008-08,,264.68,,264.68,,,71.93,2012-03,,2012-03,,,,0,0,,,,fr_sept_2010.pdf,Sector-Wise analysis of projects,37,26
FR_201009_027,,N06000016,27,"ADRIYALA SHAFT PROJECT - SCCL,Andhra Pradesh",,,COAL,2010-09,2006-09,,212.34,779.26,779.26,,,124.02,2013-03,2012-07,2012-07,,,,2,22,,,,fr_sept_2010.pdf,Sector-Wise analysis of projects,37,27
FR_201009_028,,N06000047,28,"TUTICORIN THERMAL POWER PROJECT - NLC,Tamil Nadu",,,COAL,2010-09,2008-05,,4904.54,,4904.54,,,1071.67,2012-08,,2012-08,,,,0,0,,,,fr_sept_2010.pdf,Sector-Wise analysis of projects,37,28
FR_201009_029,,N06000048,29,"KAKATIYA LAONGWALL - SCCL,Andhra Pradesh",,,COAL,2010-09,2008-12,,453.63,,453.63,,,50.77,2012-12,,2012-12,,,,7,44,,,,fr_sept_2010.pdf,Sector-Wise analysis of projects,37,29
FR_201009_030,,N06000007,30,"KRISHNASHILA (NCL) (4MTY) - NCL,Madhya pradesh",4MTY,,COAL,2010-09,2006-05,,789.88,741.56,741.56,,,136.37,2010-03,2013-03,2013-03,,,,0,1,,,,fr_sept_2010.pdf,Sector-Wise analysis of projects,37,30
FR_201009_031,,N06000008,31,"KUSMUNDA EXPN.OCP(SECL)(10MTY) - SECL,Chhatisgarh",10MTY,,COAL,2010-09,2006-06,,737.65,1188.31,1188.31,,,554.36,2011-03,2013-03,2013-03,,,,0,4,,,,fr_sept_2010.pdf,Sector-Wise analysis of projects,37,31
FR_201009_032,,N06000015,32,"MAGADH OC (CCL) - CCL,Jharkhandd",CCL,,COAL,2010-09,2006-07,,469.78,706.4,706.4,,,16.23,2012-07,2013-03,2013-03,,,,0,1,,,,fr_sept_2010.pdf,Sector-Wise analysis of projects,37,32
FR_201009_033,,N06000019,33,"BINA EXTN. PROJ - NCL,Multi State",,,COAL,2010-09,2006-11,,168.97,168.97,168.97,,,139.77,2014-03,2013-03,2013-03,,,,1,1,,,,fr_sept_2010.pdf,Sector-Wise analysis of projects,37,33
FR_201009_034,,N06000025,34,"JALLARAM SHAFT PROJECT - SCCL,Andhra Pradesh",,,COAL,2010-09,2013-03,,467.78,,467.78,,,11.42,,,2013-03,,,,0,83,,,,fr_sept_2010.pdf,Sector-Wise analysis of projects,37,34
FR_201009_035,,N06000035,35,"KANIHA OCP - MCL,Multi State",,,COAL,2010-09,2007-12,,457.77,,457.77,,,52.04,,,2013-03,,,,0,2,,,,fr_sept_2010.pdf,Sector-Wise analysis of projects,37,35
FR_201009_036,,N06000068,36,"HINGULA OC-II EXP. PH-II (15 MTY) - MCL,Orissa",15 MTY,,COAL,2010-09,2008-11,,475.93,479.53,479.53,,,212.86,2013-03,,2013-03,,,,0,0,,,,fr_sept_2010.pdf,Sector-Wise analysis of projects,37,36
FR_201009_037,,N06000085,37,"Purnadih OCP - CCL,Jharkhandd",,,COAL,2010-09,2008-07,,210.98,,210.98,,,20.05,2013-03,,2013-03,,,,0,0,,,,fr_sept_2010.pdf,Sector-Wise analysis of projects,37,37
FR_201009_038,,060100093,38,"GEVRA EXPANSION OCP (SECL) (25 MTY) - SECL,Chhatisgarh",25 MTY,,COAL,2010-09,2005-07,,1667.55,2675.67,2675.67,,,1011.42,2010-03,2014-03,2014-03,,,,3,7,,,,fr_sept_2010.pdf,Sector-Wise analysis of projects,37,38
FR_201009_039,,060100094,39,"DIPKA EXPANSION OCP (SECL) (20 MTY) - SECL,Chhatisgarh",20 MTY,,COAL,2010-09,2005-07,,1268.53,1943.66,1943.66,,,887.83,2010-03,2014-03,2014-03,,,,2,6,,,,fr_sept_2010.pdf,Sector-Wise analysis of projects,37,39
FR_201009_040,,N06000046,40,"CHURCHA UG - SECL,Chhatisgarh",,,COAL,2010-09,2008-06,,462.35,,462.35,,,259.73,2014-06,2014-03,2014-03,,,,0,0,,,,fr_sept_2010.pdf,Sector-Wise analysis of projects,38,40
FR_201009_041,,N06000056,41,"RAJMAHAL OC EXP. - ECL,",,,COAL,2010-09,2006-02,,50.08,153.82,153.82,,,14.77,2014-03,,2014-03,,,,0,1,,,,fr_sept_2010.pdf,Sector-Wise analysis of projects,38,41
FR_201009_042,,N06000066,42,"PENGANGA OC - WCL,Andhra Pradesh",,,COAL,2010-09,2008-10,,339.77,,339.77,,,0.52,,,2014-03,,,,0,1,,,,fr_sept_2010.pdf,Sector-Wise analysis of projects,38,42
FR_201009_043,,N06000076,43,"KARTALI (EAST) OC - SECL,Chhatisgarh",EAST,,COAL,2010-09,2008-07,,178.44,,178.44,,,,2014-03,,2014-03,,,,0,0,,,,fr_sept_2010.pdf,Sector-Wise analysis of projects,38,43
FR_201009_044,,N06000081,44,"MANIKPUR OC EXPANTION - SECL,Chhatisgarh",,,COAL,2010-09,2009-11,,321.42,321.5,321.5,,,211.81,2013-03,2014-03,2014-03,,,,0,0,,,,fr_sept_2010.pdf,Sector-Wise analysis of projects,38,44
FR_201009_045,,N06000009,45,"BLOCK-B OCP NCL (3.5 MTY) - NCL,Madhya pradesh",3.5 MTY,,COAL,2010-09,2006-06,,746.04,437.34,437.34,,,136.7,2012-03,2015-03,2015-03,,,,0,1,,,,fr_sept_2010.pdf,Sector-Wise analysis of projects,38,45
FR_201009_046,,N06000020,46,"JHANJRA LONGWAL UG PHASE II - ECL,West Bengal",,,COAL,2010-09,2006-11,,287.18,,287.17,,,,2009-11,,2015-03,,,,0,0,,,,fr_sept_2010.pdf,Sector-Wise analysis of projects,38,46
FR_201009_047,,N06000042,47,"GOPAL PRASAD OCP - MCL,Orissa",,,COAL,2010-09,2008-02,,395.87,,395.87,,,24.33,2013-03,2015-03,2015-03,,,,0,0,,,,fr_sept_2010.pdf,Sector-Wise analysis of projects,38,47
FR_201009_048,,N06000045,48,"PELMA OC - SECL,Chhatisgarh",,,COAL,2010-09,2008-07,,448.32,,448.32,,,,2012-03,2015-03,2015-03,,,,0,0,,,,fr_sept_2010.pdf,Sector-Wise analysis of projects,38,48
FR_201009_049,,N06000049,49,"Batura OC - BCCL,Madhya pradesh",,,COAL,2010-09,2008-09,,203.82,,203.82,,,,2013-03,2015-03,2015-03,,,,0,0,,,,fr_sept_2010.pdf,Sector-Wise analysis of projects,38,49
FR_201009_050,,N06000075,50,"JAGANNATHPOR OC - SECL,Chhatisgarh",,,COAL,2010-09,2008-09,,152.43,,152.43,,,,2015-03,,2015-03,,,,0,0,,,,fr_sept_2010.pdf,Sector-Wise analysis of projects,38,50
FR_201009_051,,N06000079,51,"RKP OCP PHASE-I - SCCL,Uttaranchal",,,COAL,2010-09,2010-03,,201.58,209.78,209.78,,,0.18,,,2015-03,,,,0,31,,,,fr_sept_2010.pdf,Sector-Wise analysis of projects,38,51
FR_201009_052,,N06000010,52,"AMLOHRI EPR (NCL) (6 MTY) - NCL,Madhya pradesh",6 MTY,,COAL,2010-09,2006-05,,1352.04,1143.54,1143.54,,,32.03,2014-03,2016-03,2016-03,,,,1,1,,,,fr_sept_2010.pdf,Sector-Wise analysis of projects,38,52
FR_201009_053,,N06000043,53,"TALABIRA OCP - MCL,Orissa",,,COAL,2010-09,2008-03,,447.72,,447.72,,,6.04,2015-03,2016-03,2016-03,,,,0,0,,,,fr_sept_2010.pdf,Sector-Wise analysis of projects,38,53
FR_201009_054,,N06000082,54,"AMLAI OC EXPANSION SECTOR 'B' (1.50 MTY) - SECL,Chhatisgarh",1.50 MTY,,COAL,2010-09,2009-11,,158.59,,198.59,,,91.68,2016-03,,2016-03,,,,0,0,,,,fr_sept_2010.pdf,Sector-Wise analysis of projects,38,54
FR_201009_055,,N06000087,55,"Rajrappa RCE OCP - CCL,Jharkhandd",,,COAL,2010-09,2009-12,,510.85,,510.85,,,290.79,2016-03,,2016-03,,,,0,0,,,,fr_sept_2010.pdf,Sector-Wise analysis of projects,38,55
FR_201009_056,,N06000034,56,"BHUBANESWARI OCP - MCL,Orissa",,,COAL,2010-09,2007-12,,490.1,,490.1,,,58.77,2014-03,2017-03,2017-03,,,,0,0,,,,fr_sept_2010.pdf,Sector-Wise analysis of projects,38,56
FR_201009_057,,N06000088,57,"KARMA OCP - CCL,Jharkhandd Total",,,COAL,2010-09,2009-06,,162.46,25210.3,162.46,,,10123.4,,,,,,,0,0,,,,fr_sept_2010.pdf,Sector-Wise analysis of projects,38,57
FR_201009_058,,N08000007,58,"CAPACITY ENHANCEMENT OF VIJAIPUR-I PLANTS - NFL,Madhya pradesh",,,FERTILISERS,2010-09,2008-09,,325.0,,325.0,,,,2011-07,,2011-07,,,,0,0,,,,fr_sept_2010.pdf,Sector-Wise analysis of projects,38,58
FR_201009_059,,N08000008,59,"CAPACITY ENHANCEMENT OF AMMONIA AND UREA PLANT VIJ - NFL,Madhya pradesh",,,FERTILISERS,2010-09,2008-09,,438.0,,438.0,,,,2011-07,,2011-07,,,,0,0,,,,fr_sept_2010.pdf,Sector-Wise analysis of projects,38,59
FR_201009_060,,N08000003,60,"THAL AMMONIA REVAMP PROJECT - RCF,",,,FERTILISERS,2010-09,2009-01,,488.75,,488.75,,,28.66,2011-11,,2011-11,,,,2,22,,,,fr_sept_2010.pdf,Sector-Wise analysis of projects,38,60
FR_201009_061,,N08000006,61,"NANGAL - AMMONIA PLANT FEEDSTOCK PROJECT - NFL,Punjab",,,FERTILISERS,2010-09,2010-01,,1478.63,36.0,1478.63,,,43.41,,,2012-12,,,,0,8,,,,fr_sept_2010.pdf,Sector-Wise analysis of projects,38,61
FR_201009_062,,N08000004,62,"PANIPAT - AMMONIA PLANT FEEDSTOCK CHANGEOVER PROJE - NFL,Haryana",,,FERTILISERS,2010-09,2010-01,,1292.84,,1292.84,,,46.98,,,2013-01,,,,0,5,,,,fr_sept_2010.pdf,Sector-Wise analysis of projects,39,62
FR_201009_063,,N08000005,63,"BATHINDA - AMMONIA PLANT FEEDSTOCK CHANGEOVER PROJ - NFL,Punjab Total",,,FERTILISERS,2010-09,2010-01,,1294.19,5317.41,1294.19,,,42.93,,,2013-01,,,,0,5,,,,fr_sept_2010.pdf,Sector-Wise analysis of projects,39,63
FR_201009_064,,100100054,64,"SECOND PHASE EXPANSION OF CAPTIVE ALUMINIUM,SMELTER AND POWE - NALCO,Orissa Total",,,MINES,2010-09,2004-10,,4091.51,4401.76,4401.76,,,3856.5,2008-12,2011-01,2011-03,,,,116,110,,,,fr_sept_2010.pdf,Sector-Wise analysis of projects,39,64
FR_201009_065,,N12000035,65,"REBUILDING OF BLAST FURNANCE NO.2(BOKARO STEEL PL - SAIL,Jharkhandd",,,STEEL,2010-09,2007-10,,892.32,,892.32,,,616.57,2009-08,,2010-07,,,,2,1,,,,fr_sept_2010.pdf,Sector-Wise analysis of projects,39,65
FR_201009_066,,N12000069,66,"330 TPH BOILER-6 AND AUXILIARY SYSTEM - RINL,Andhra Pradesh",,,STEEL,2010-09,2007-07,,260.0,,353.0,,,188.89,2010-02,,2010-08,,,,0,0,,,,fr_sept_2010.pdf,Sector-Wise analysis of projects,39,66
FR_201009_067,,N12000025,67,"INSTALLATION OF 700 TPD OXYGEN PLANT, ROURKELA - SAIL,Orissa",,,STEEL,2010-09,2007-07,,302.7,,302.7,,,242.3,2009-06,,2010-10,,,,0,0,,,,fr_sept_2010.pdf,Sector-Wise analysis of projects,39,67
FR_201009_068,,N12000036,68,"SIMULTANEOUS BLOWING OF BOF CONVERTER OF SMS-II - SAIL,Orissa",,,STEEL,2010-09,2008-01,,197.66,,197.66,,,128.68,2009-11,,2010-10,,,,0,0,,,,fr_sept_2010.pdf,Sector-Wise analysis of projects,39,68
FR_201009_069,,N12000050,69,"EXPANSION OF SALEM STEEL PLANT - SAIL,Tamil Nadu",,,STEEL,2010-09,2008-01,,1902.0,,1902.0,,,1694.98,2011-06,,2010-10,,,,2,6,,,,fr_sept_2010.pdf,Sector-Wise analysis of projects,39,69
FR_201009_070,,N12000068,70,"67.5 MW TG-5 AUX. S'TEM EMERGENCY POWER REQUIREM - RINL,Andhra Pradesh",,,STEEL,2010-09,2007-07,,230.0,,358.0,,,114.32,2010-02,,2011-01,,,,0,0,,,,fr_sept_2010.pdf,Sector-Wise analysis of projects,39,70
FR_201009_071,,N12000054,71,"REBUILDING OF COKE OVEN BATTERY NO-6 (BSP) - SAIL,Jharkhandd",BSP,,STEEL,2010-09,2008-07,,172.78,,172.78,,,108.46,2010-01,,2011-02,,,,0,1,,,,fr_sept_2010.pdf,Sector-Wise analysis of projects,39,71
FR_201009_072,,N12000023,72,"700TPD ARI SEPARATION UNIT-4 AT OXYGEN PLANT-II, BHILLAI - SAIL,Madhya pradesh",,,STEEL,2010-09,2007-07,,111.28,232.93,232.93,,,74.57,2011-05,,2011-05,,,,0,1,,,,fr_sept_2010.pdf,Sector-Wise analysis of projects,39,72
FR_201009_073,,120100067,73,"EXPANSION OF RINL/VSP FROM 3 MTPY-6.3 MTPY OF LIQUID STEEL - RINL,Andhra Pradesh",,,STEEL,2010-09,2005-10,,8692.0,,12228.0,,,7323.0,2009-10,,2011-06,,,,4,126,,,,fr_sept_2010.pdf,Sector-Wise analysis of projects,39,73
FR_201009_074,,N12000051,74,"EXPANSION OF IISCO STEEL PLANT - SAIL,West Bengal",,,STEEL,2010-09,2008-02,,14443.0,,14443.0,,,8898.53,2011-06,,2011-06,,,,0,6,,,,fr_sept_2010.pdf,Sector-Wise analysis of projects,39,74
FR_201009_075,,N12000033,75,"Rebuilding of coke oven battery No.1 & 2 (Bokaro S - SAIL,Jharkhandd",,,STEEL,2010-09,2007-10,,500.9,,500.9,,,216.39,2010-04,,2011-07,,,,0,2,,,,fr_sept_2010.pdf,Sector-Wise analysis of projects,39,75
FR_201009_076,,N12000055,76,"EXPANSION OF BOKARO STEEL PLANT - SAIL,Jharkhandd",,,STEEL,2010-09,2008-01,,3316.0,6325.0,6325.0,,,1313.2,2011-12,2011-12,2011-12,,,,0,7,,,,fr_sept_2010.pdf,Sector-Wise analysis of projects,39,76
FR_201009_077,,N12000056,77,"EXPENSION OF ROURKELA STEEL PLANT - SAIL,Orissa",,,STEEL,2010-09,2008-09,,6133.0,37.0,8128.0,,,2506.34,2011-02,,2013-03,,,,0,0,,,,fr_sept_2010.pdf,Sector-Wise analysis of projects,39,77
FR_201009_078,,N12000057,78,"EXPANSION OF BHILAI STEEL PLANT - SAIL,Chhatisgarh",,,STEEL,2010-09,2008-09,,5185.0,17265.0,17265.0,,,1488.41,2013-03,2013-03,2013-03,,,,0,8,,,,fr_sept_2010.pdf,Sector-Wise analysis of projects,40,78
FR_201009_079,,N12000018,79,"Deve. of Bailadila Iron Ore Deposit- II(B)(NMDC) - NMDC,Andhra Pradesh",NMDC,,STEEL,2010-09,2003-01,,295.89,607.17,607.17,,,233.52,,,,,,,2,21,,,,fr_sept_2010.pdf,Sector-Wise analysis of projects,40,79
FR_201009_080,,N12000039,80,"POWER PLANT-I - RINL,Andhra Pradesh Total",,,STEEL,2010-09,2007-09,,462.0,43096.53,350.0,,,84.4,2009-12,,,,,,0,0,,,,fr_sept_2010.pdf,Sector-Wise analysis of projects,40,80
FR_201009_081,,160100289,81,"INST. OF FACILITIES FOR IMPROVEMENT IN DIESEL QUALITY (IOCL) - IOCL,West Bengal",IOCL,,PETROLEUM,2010-09,2005-11,,1876.0,2869.0,3155.0,,,2747.34,2009-04,2009-12,2010-02,,,,41,36,,,,fr_sept_2010.pdf,Sector-Wise analysis of projects,40,81
FR_201009_082,,160100168,82,"C2-C3 AND LPG RECOVERY FROM LNG, DAHEJ (ONGC) - ONGC,Gujarat",ONGC,,PETROLEUM,2010-09,2003-12,,900.92,,1493.49,,,726.23,2006-06,2010-07,2010-10,,,,0,2,,,,fr_sept_2010.pdf,Sector-Wise analysis of projects,40,82
FR_201009_083,,N16000017,83,"EXPANSION OF PANIPAT REFINERY FROM 12 TO 15 MMTPA - IOCL,",,,PETROLEUM,2010-09,2005-06,,806.0,,1096.23,,,809.69,2008-03,2009-12,2010-10,,,,18,66,,,,fr_sept_2010.pdf,Sector-Wise analysis of projects,40,83
FR_201009_084,,N16000036,84,"MSQ UPGRADATION PROJECT AT GUWAHATI REFINERY - IOCL,Assam",,,PETROLEUM,2010-09,2008-04,,372.0,,325.0,,,222.87,2010-02,,2010-10,,,,0,0,,,,fr_sept_2010.pdf,Sector-Wise analysis of projects,40,84
FR_201009_085,,N16000040,85,"MSQ IMPROVMENT PROJECT - BRPL,Assam",,,PETROLEUM,2010-09,2008-04,,293.6,,293.6,,,,2009-12,,2010-10,,,,0,0,,,,fr_sept_2010.pdf,Sector-Wise analysis of projects,40,85
FR_201009_086,,N16000048,86,"VIJAPUR DADRI-BAWANA PIPE LINE PROJECT - GAIL,Multi State",,,PETROLEUM,2010-09,2007-11,,5595.31,4262.0,3700.0,,,3260.61,2009-11,2010-04,2010-10,,,,0,0,,,,fr_sept_2010.pdf,Sector-Wise analysis of projects,40,86
FR_201009_087,,N16000051,87,"JHAJJAR HISSAR PIPE LINE PROJECT - GAIL,Haryana",,,PETROLEUM,2010-09,2007-11,,281.07,,281.07,,,1.13,2010-10,,2010-10,,,,0,0,,,,fr_sept_2010.pdf,Sector-Wise analysis of projects,40,87
FR_201009_088,,N16000080,88,"CAPACITY EXP. CUM MODERNISATION PH-II - BPCL,Kerala",,,PETROLEUM,2010-09,2009-09,,2591.8,3941.41,3941.41,,,2864.54,2009-12,,2010-10,,,,0,0,,,,fr_sept_2010.pdf,Sector-Wise analysis of projects,40,88
FR_201009_089,,N16000021,89,"RESIDUE UPGRADATION AND MS/HSD QUALITY IMPROVEMENT - IOCL,Gujarat",,,PETROLEUM,2010-09,2007-01,,5693.0,6898.0,6898.0,,,5735.33,2010-01,2010-06,2010-11,,,,0,0,,,,fr_sept_2010.pdf,Sector-Wise analysis of projects,40,89
FR_201009_090,,N16000037,90,"MSQ UPGRADATION PROJECT AT DIGBOI REFINERY - IOCL,Assam",,,PETROLEUM,2010-09,2008-04,,356.0,,300.0,,,212.91,2010-02,,2010-11,,,,0,0,,,,fr_sept_2010.pdf,Sector-Wise analysis of projects,40,90
FR_201009_091,,N16000038,91,"MSQ UPGRADATION PROJECT AT BARAUNI REFINERY - IOCL,Bihar",,,PETROLEUM,2010-09,2008-04,,1492.0,,1505.24,,,1069.91,2010-04,,2010-11,,,,0,0,,,,fr_sept_2010.pdf,Sector-Wise analysis of projects,40,91
FR_201009_092,,N16000049,92,"SULTANPUR NEEMRANA PIPE LINE PROJECT (Spurline to CJPL) - GAIL,Multi State",Spurline to CJPL,,PETROLEUM,2010-09,2007-11,,396.13,,396.13,,,185.56,2009-10,2010-06,2010-11,,,,0,0,,,,fr_sept_2010.pdf,Sector-Wise analysis of projects,40,92
FR_201009_093,,N16000056,93,"INSTALLATION OF FCCV AT MUMBAI REFINERY - HPCL,Maharashtra",,,PETROLEUM,2010-09,2007-03,,900.47,,900.47,,,679.84,2009-09,,2010-11,,,,0,0,,,,fr_sept_2010.pdf,Sector-Wise analysis of projects,40,93
FR_201009_094,,N16000009,94,"DIESEL HYDRO TREATMENT PROJECT,BRPL DHALIGAON - BRPL,Assam",,,PETROLEUM,2010-09,2006-06,,1431.91,1646.39,1676.0,,,1438.72,2009-09,,2010-12,,,,0,0,,,,fr_sept_2010.pdf,Sector-Wise analysis of projects,40,94
FR_201009_095,,N16000076,95,"Guru Govind Singh Refinary Products Evacuation Project - HPCL,Punjab",,,PETROLEUM,2010-09,2009-01,,605.4,,605.4,,,282.4,2010-12,,2010-12,,,,12,17,,,,fr_sept_2010.pdf,Sector-Wise analysis of projects,41,95
FR_201009_096,,N16000083,96,"REFRIGERAPED LPG STORAGE AT JNPT - BPCL,Maharashtra",,,PETROLEUM,2010-09,2008-06,,304.4,,304.4,,,151.72,2010-12,,2010-12,,,,0,0,,,,fr_sept_2010.pdf,Sector-Wise analysis of projects,41,96
FR_201009_097,,N16000102,97,"Integrated Sugar, Ethanol, Cogen Power Plant at Sugauli - HPCL,Bihar",,,PETROLEUM,2010-09,2009-06,,613.54,,727.88,,,315.52,2010-12,,2010-12,,,,0,0,,,,fr_sept_2010.pdf,Sector-Wise analysis of projects,41,97
FR_201009_098,,N16000066,98,"CONSTRUCTION OF NEW TERMINAL AT ENNORE CHENNAI - HPCL,Tamil Nadu",,,PETROLEUM,2010-09,2008-01,,224.0,,224.0,,,132.52,2010-12,2011-02,2011-02,,,,0,0,,,,fr_sept_2010.pdf,Sector-Wise analysis of projects,41,98
FR_201009_099,,160100215,99,"IOR LAKWA - LAKHMANI (ONGCL) - ONGC,Assam",ONGCL,,PETROLEUM,2010-09,2001-09,,345.1,,600.0,,,542.47,2007-03,,2011-03,,,,3,3,,,,fr_sept_2010.pdf,Sector-Wise analysis of projects,41,99
FR_201009_100,,160100216,100,"IOR GELEKI (ONGCL) - ONGC,Assam",ONGCL,,PETROLEUM,2010-09,2001-09,,390.09,834.9,1200.0,,,1125.49,2007-03,2011-03,2011-03,,,,6,6,,,,fr_sept_2010.pdf,Sector-Wise analysis of projects,41,100
FR_201009_101,,160100217,101,"IOR, RUDRASAGAR (ONGCL) - ONGC,Assam",ONGCL,,PETROLEUM,2010-09,2001-09,,113.9,,219.22,,,183.1,2006-03,,2011-03,,,,6,6,,,,fr_sept_2010.pdf,Sector-Wise analysis of projects,41,101
FR_201009_102,,N16000023,102,"DEVELOPMENT OF C-SERIES FIELDS - ONGC,Maharashtra",,,PETROLEUM,2010-09,2006-08,,3195.16,,2800.0,,,2520.63,2008-12,2008-12,2011-03,,,,0,0,,,,fr_sept_2010.pdf,Sector-Wise analysis of projects,41,102
FR_201009_103,,N16000024,103,"HEERA AND SOUTH HEERA RE- DEVELOPMENT PROJECT - ONGC,Maharashtra",,,PETROLEUM,2010-09,2006-09,,2305.3,,2305.3,,,2061.15,2010-06,2010-06,2011-03,,,,0,0,,,,fr_sept_2010.pdf,Sector-Wise analysis of projects,41,103
FR_201009_104,,N16000085,104,"NORTH TAPTI GAS FIELD DEV. - ONGC,Gujarat",,,PETROLEUM,2010-09,2008-07,,589.7,,755.76,,,20.84,2011-03,,2011-03,,,,0,0,,,,fr_sept_2010.pdf,Sector-Wise analysis of projects,41,104
FR_201009_105,,N16000096,105,"North Tapti Gas Field Development - ONGC,Multi State",,,PETROLEUM,2010-09,2010-01,,589.7,755.56,755.56,,,20.84,2011-03,,2011-03,,,,0,0,,,,fr_sept_2010.pdf,Sector-Wise analysis of projects,41,105
FR_201009_106,,N16000050,106,"BAWANA NANGAL PIPE LINE PROJECT - GAIL,",,,PETROLEUM,2010-09,2011-07,,1816.07,1816.07,1816.07,,,349.25,2011-04,,2011-04,,,,0,1,,,,fr_sept_2010.pdf,Sector-Wise analysis of projects,41,106
FR_201009_107,,N16000052,107,"DAHEJ-VIJAYPUR PIPE LINE PROJECT(PHASE-II) - GAIL,Multi State",PHASE-II,,PETROLEUM,2010-09,2007-11,,4429.38,4403.0,2800.0,,,1697.61,2011-10,2011-04,2011-04,,,,0,2,,,,fr_sept_2010.pdf,Sector-Wise analysis of projects,41,107
FR_201009_108,,N16000053,108,"COMPRESSOR STATIONS (VIJAYPUR AND JHABUA) PHASE-I - GAIL,Multi State",VIJAYPUR AND JHABUA,,PETROLEUM,2010-09,2007-11,,1512.0,1434.0,1434.0,,,644.05,2011-04,2011-04,2011-04,,,,0,2,,,,fr_sept_2010.pdf,Sector-Wise analysis of projects,41,108
FR_201009_109,,N16000054,109,"COMPRESSOR STATIONS (KAILARAS &CHAINSA) - GAIL,Multi State",KAILARAS &CHAINSA,,PETROLEUM,2010-09,2007-11,,1061.93,1167.0,1167.0,,,26.77,2011-04,2011-04,2011-04,,,,0,2,,,,fr_sept_2010.pdf,Sector-Wise analysis of projects,41,109
FR_201009_110,,N16000062,110,"HEERA RECONSTRUCTION - ONGC,Maharashtra",,,PETROLEUM,2010-09,2008-05,,706.7,,706.7,,,456.65,2010-04,,2011-04,,,,0,0,,,,fr_sept_2010.pdf,Sector-Wise analysis of projects,41,110
FR_201009_111,,N16000063,111,"NEELAM RECONSTRUCTION - ONGC,Maharashtra",,,PETROLEUM,2010-09,2008-05,,305.08,,305.08,,,84.89,2011-04,,2011-04,,,,0,0,,,,fr_sept_2010.pdf,Sector-Wise analysis of projects,41,111
FR_201009_112,,160100231,112,"INTEGRATED DEV OF G1 and GS-15 (ONGCL) - ONGC,Multi State",ONGCL,,PETROLEUM,2010-09,2003-04,,429.82,2218.01,2218.01,,,1234.69,2005-03,2011-05,2011-05,,,,0,0,,,,fr_sept_2010.pdf,Sector-Wise analysis of projects,41,112
FR_201009_113,,N16000044,113,"REVAMPING OF WIN PLATFORM AT MH ASSET - ONGC,Maharashtra",,,PETROLEUM,2010-09,2008-05,,333.4,,330.4,,,0.39,2010-05,,2011-05,,,,0,0,,,,fr_sept_2010.pdf,Sector-Wise analysis of projects,41,113
FR_201009_114,,N16000045,114,"MNW-NF BRIDGE PROJECT - ONGC,Maharashtra",,,PETROLEUM,2010-09,2008-05,,175.21,,162.12,,,,2009-03,,2011-05,,,,0,0,,,,fr_sept_2010.pdf,Sector-Wise analysis of projects,41,114
FR_201009_115,,N16000093,115,"VKPL UPGRADATION AND LAYING OF SPURLINE (TO BHILWARA AND CHI - GAIL,Multi State",,,PETROLEUM,2010-09,2009-12,,463.32,39.0,463.32,,,,2011-06,,2011-06,,,,3,9,,,,fr_sept_2010.pdf,Sector-Wise analysis of projects,41,115
FR_201009_116,,N16000094,116,"BNPL SPURLINE (UTTRANCHAL & PUNJAB) - GAIL,Multi State",UTTRANCHAL & PUNJAB,,PETROLEUM,2010-09,2009-12,,540.92,,540.92,,,0.95,2011-06,,2011-06,,,,7,9,,,,fr_sept_2010.pdf,Sector-Wise analysis of projects,42,116
FR_201009_117,,N16000068,117,"DIESEL HYDROTREATOR PROJECT AT VISAKH REFINERY - HPCL,Andhra Pradesh",,,PETROLEUM,2010-09,2009-03,,3597.0,,3597.0,,,146.54,2011-09,,2011-09,,,,0,0,,,,fr_sept_2010.pdf,Sector-Wise analysis of projects,42,117
FR_201009_118,,N16000069,118,"DIESEL HYDROTREATOR PROJECT AT MUMBAI REFINERY - HPCL,Maharashtra",,,PETROLEUM,2010-09,2009-03,,3284.0,,3284.0,,,109.26,2011-09,,2011-09,,,,0,0,,,,fr_sept_2010.pdf,Sector-Wise analysis of projects,42,118
FR_201009_119,,N16000057,119,"RESITMENT OF MARKETING INSTALATION AT VISAKH - HPCL,Andhra Pradesh",,,PETROLEUM,2010-09,2009-01,,756.0,,756.0,,,468.73,2011-12,,2011-12,,,,0,0,,,,fr_sept_2010.pdf,Sector-Wise analysis of projects,42,119
FR_201009_120,,N16000059,120,"BRANCH PIPELINE FROM KSPL VIRAMGAON TO KANDLA - IOCL,Gujarat",,,PETROLEUM,2010-09,2009-02,,349.0,,349.0,,,114.41,2011-08,,2011-12,,,,0,0,,,,fr_sept_2010.pdf,Sector-Wise analysis of projects,42,120
FR_201009_121,,N16000081,121,"HYDROCRACKER REVAMP & SETTING - BPCL,",,,PETROLEUM,2010-09,2008-02,,825.0,,825.0,,,78.49,,,2011-12,,,,0,203,,,,fr_sept_2010.pdf,Sector-Wise analysis of projects,42,121
FR_201009_122,,N16000084,122,"CONSTRUCTION OF 12 OFFSHORE SUPPLY VESSELS(OSV) - ONGC,Multi State",OSV,,PETROLEUM,2010-09,2007-06,,736.65,,736.65,,,154.37,2011-12,,2011-12,,,,0,0,,,,fr_sept_2010.pdf,Sector-Wise analysis of projects,42,122
FR_201009_123,,N16000086,123,"ADDITIONAL DEV. OF D-1 FIELD - ONGC,Multi State",,,PETROLEUM,2010-09,2010-01,,2163.64,,2163.64,,,110.39,2011-12,,2011-12,,,,0,0,,,,fr_sept_2010.pdf,Sector-Wise analysis of projects,42,123
FR_201009_124,,N16000097,124,"Additional Development of D-1 Field - ONGC,Multi State",,,PETROLEUM,2010-09,2010-01,,2163.64,,2163.64,,,110.39,2011-12,,2011-12,,,,0,0,,,,fr_sept_2010.pdf,Sector-Wise analysis of projects,42,124
FR_201009_125,,N16000031,125,"OFFSHORE GRID INTERCONNECTIVITY PROJECT IN MUMBAI HIGH - ONGC,Maharashtra",,,PETROLEUM,2010-09,2007-01,,740.02,,740.02,,,411.41,2010-03,2012-03,2012-03,,,,0,0,,,,fr_sept_2010.pdf,Sector-Wise analysis of projects,42,125
FR_201009_126,,N16000072,126,"JAGDISHPUR-HALDIA PIPELINE PROJECT PHASE-I - GAIL,Multi State",,,PETROLEUM,2010-09,2009-07,,7596.18,,6652.22,,,,2013-01,,2012-03,,,,0,0,,,,fr_sept_2010.pdf,Sector-Wise analysis of projects,42,126
FR_201009_127,,N16000073,127,"DHABOL-BANGALORE PIPELINE PROJECT PHASE-I - GAIL,Multi State",,,PETROLEUM,2010-09,2009-06,,4543.43,4508.38,4508.38,,,10.46,2012-03,,2012-03,,,,11,10,,,,fr_sept_2010.pdf,Sector-Wise analysis of projects,42,127
FR_201009_128,,N16000090,128,"Integrated offshore crude Oil handling facilities at Paradip - IOCL,Maharashtra",,,PETROLEUM,2010-09,2009-12,,1492.33,,1492.33,,,22.57,2012-06,,2012-03,,,,0,0,,,,fr_sept_2010.pdf,Sector-Wise analysis of projects,42,128
FR_201009_129,,N16000106,129,"Assam gas Cracker project - BCPL,",,,PETROLEUM,2010-09,2006-04,,5460.61,,5460.61,,,,,,2012-04,,,,0,2,,,,fr_sept_2010.pdf,Sector-Wise analysis of projects,42,129
FR_201009_130,,N16000030,130,"CONSTRUCTION OF NEW PROCESS COMPLEX MHN - ONGC,Maharashtra",,,PETROLEUM,2010-09,2007-01,,2853.29,,6326.4,,,1269.57,2010-05,,2012-05,,,,0,0,,,,fr_sept_2010.pdf,Sector-Wise analysis of projects,42,130
FR_201009_131,,N16000032,131,"DEVELOPMENT OF B-22 CLUSTER FIELDS - ONGC,Maharashtra",,,PETROLEUM,2010-09,2007-01,,1552.63,2920.82,2920.82,,,164.51,2009-02,2010-09,2012-05,,,,0,0,,,,fr_sept_2010.pdf,Sector-Wise analysis of projects,42,131
FR_201009_132,,N16000046,132,"DEVELOPMENT OF B-46 CLUSTER FIELD - ONGC,Maharashtra",,,PETROLEUM,2010-09,2007-06,,1436.21,,1436.21,,,,2010-07,,2012-05,,,,0,0,,,,fr_sept_2010.pdf,Sector-Wise analysis of projects,42,132
FR_201009_133,,N16000033,133,"DEVELOPMENT OF B-193 CLUSTER FIELDS - ONGC,Maharashtra",,,PETROLEUM,2010-09,2007-06,,3248.78,5633.44,5633.44,,,45.51,2010-03,2010-08,2012-06,,,,0,0,,,,fr_sept_2010.pdf,Sector-Wise analysis of projects,42,133
FR_201009_134,,N16000065,134,"ADDITIONAL GAS PROCESSING FACILITI AT HAZIRA - ONGC,Gujarat",,,PETROLEUM,2010-09,2008-02,,370.11,40.0,370.11,,,8.53,2011-04,,2012-07,,,,0,0,,,,fr_sept_2010.pdf,Sector-Wise analysis of projects,42,134
FR_201009_135,,N16000098,135,"Up-gradation of Konaban GGS and Pipeline Grid Project - ONGC,Tripura",,,PETROLEUM,2010-09,2008-07,,288.04,288.04,288.04,,,,2012-08,,2012-08,,,,0,0,,,,fr_sept_2010.pdf,Sector-Wise analysis of projects,43,135
FR_201009_136,,N16000060,136,"MUMBAI HIGH NORTH DEVELOPMENT PHASE-II - ONGC,Maharashtra",,,PETROLEUM,2010-09,2009-01,,6855.93,,6855.93,,,931.54,2012-09,,2012-09,,,,0,0,,,,fr_sept_2010.pdf,Sector-Wise analysis of projects,43,136
FR_201009_137,,N16000088,137,"Paradip-Raipur-Sambalpur Ranchi Pipeline - IOCL,Maharashtra",,,PETROLEUM,2010-09,2009-08,,1793.0,,1793.0,,,16.31,2012-09,,2012-09,,,,0,0,,,,fr_sept_2010.pdf,Sector-Wise analysis of projects,43,137
FR_201009_138,,N16000099,138,"Construction of six Effluent Treatment Plants (ETP) - ONGC,Gujarat",ETP,,PETROLEUM,2010-09,2009-03,,234.78,234.78,234.78,,,,2012-09,,2012-09,,,,0,0,,,,fr_sept_2010.pdf,Sector-Wise analysis of projects,43,138
FR_201009_139,,N16000058,139,"PARADIP REFINERY PROJECT - IOCL,",,,PETROLEUM,2010-09,2009-02,,29777.0,,29777.0,,,4256.49,,,2012-11,,,,0,103,,,,fr_sept_2010.pdf,Sector-Wise analysis of projects,43,139
FR_201009_140,,N16000071,140,"KOCHI-KANJIRKOD BANGALORE- MANGALORE PIPELINE PROJECT PHASE-I - GAIL,Multi State",,,PETROLEUM,2010-09,2009-06,,3032.0,348.0,348.0,,,7.27,2012-03,,2012-12,,,,6,12,,,,fr_sept_2010.pdf,Sector-Wise analysis of projects,43,140
FR_201009_141,,N16000089,141,"De-bottlenecking of SMPL - IOCL,Maharashtra",,,PETROLEUM,2010-09,2009-12,,1584.0,,1584.0,,,1.55,,,2012-12,,,,0,0,,,,fr_sept_2010.pdf,Sector-Wise analysis of projects,43,141
FR_201009_142,,N16000064,142,"ADDITIONAL GAS PROCESSING UNITS AT URAN - ONGC,Maharashtra",,,PETROLEUM,2010-09,2008-10,,1797.35,,1797.35,,,9.78,2011-12,,2013-01,,,,0,0,,,,fr_sept_2010.pdf,Sector-Wise analysis of projects,43,142
FR_201009_143,,N16000107,143,"Fluidized catalytic cracking unit(FCCU) revamp - IOCL,Uttar Pradesh",FCCU,,PETROLEUM,2010-09,2010-07,,1000.0,,1000.0,,,7.93,2013-01,,2013-01,,,,0,0,,,,fr_sept_2010.pdf,Sector-Wise analysis of projects,43,143
FR_201009_144,,N16000108,144,"Butadiene Extraction Unit(BDEU) at Panipat - IOCL,Haryana",BDEU,,PETROLEUM,2010-09,2009-11,,341.5,,342.0,,,,2013-02,,2013-02,,,,0,0,,,,fr_sept_2010.pdf,Sector-Wise analysis of projects,43,144
FR_201009_145,,N16000039,145,"MUMBAI HIGH SOUTH REDEVELOPMENT PH-2 - ONGC,Maharashtra",,,PETROLEUM,2010-09,2007-06,,1252.75,8813.41,8813.41,,,5208.06,2009-06,2013-03,2013-03,,,,0,0,,,,fr_sept_2010.pdf,Sector-Wise analysis of projects,43,145
FR_201009_146,,N16000061,146,"ASSAM RENEWAL PROJECT FOR GROUP A - ONGC,Assam",,,PETROLEUM,2010-09,2009-03,,2465.15,,2378.86,,,211.94,2013-03,,2013-03,,,,0,0,,,,fr_sept_2010.pdf,Sector-Wise analysis of projects,43,146
FR_201009_147,,N16000103,147,"Construction of one Multipurpose Support Vessel - ONGC,Multi State",,,PETROLEUM,2010-09,2010-01,,723.64,,723.64,,,,2013-03,,2013-03,,,,0,0,,,,fr_sept_2010.pdf,Sector-Wise analysis of projects,43,147
FR_201009_148,,N16000104,148,"Development of Cluster-7 Fields - ONGC,Multi State",,,PETROLEUM,2010-09,2010-03,,3241.03,,3241.03,,,,2013-03,,2013-03,,,,0,0,,,,fr_sept_2010.pdf,Sector-Wise analysis of projects,43,148
FR_201009_149,,N16000105,149,"Development of WO-16 Cluster Fields - ONGC,Multi State",,,PETROLEUM,2010-09,2010-06,,2523.0,,2523.0,,,,2014-01,,2014-01,,,,0,0,,,,fr_sept_2010.pdf,Sector-Wise analysis of projects,43,149
FR_201009_150,,N16000101,150,"Wax Project - NRL,Assam Total",,,PETROLEUM,2010-09,2010-08,,576.6,144690.62,576.6,,,6.48,2014-02,,2014-02,,,,0,0,,,,fr_sept_2010.pdf,Sector-Wise analysis of projects,43,150
FR_201009_151,,N18000013,151,"National Capital Thermal Power Project Stage-II - NTPC,Uttar Pradesh",,,POWER,2010-09,2006-10,,5135.33,,5135.33,,,,2010-10,,2010-10,,,,12,40,,,,fr_sept_2010.pdf,Sector-Wise analysis of projects,43,151
FR_201009_152,,N18000034,152,"NORTHERN REGION SYSTEM STRENGTHENING-XI - PGCIL,Multi State",,,POWER,2010-09,2007-12,,417.76,41.0,417.76,,,262.75,2010-12,,2010-10,,,,0,0,,,,fr_sept_2010.pdf,Sector-Wise analysis of projects,43,152
FR_201009_153,,N18000036,153,"NORTHERN REGION SYSTEM STRENGTHENING SCHEME-X - PGCIL,Uttar Pradesh",,,POWER,2010-09,2007-12,,408.36,,408.36,,,298.06,2010-12,,2010-10,,,,0,0,,,,fr_sept_2010.pdf,Sector-Wise analysis of projects,44,153
FR_201009_154,,N18000039,154,"NORTHERN REGION SYSTEM STRENGHTENING SCHEME-XII - PGCIL,Haryana",,,POWER,2010-09,2008-02,,261.55,,261.55,,,137.87,2010-11,,2010-10,,,,0,0,,,,fr_sept_2010.pdf,Sector-Wise analysis of projects,44,154
FR_201009_155,,N18000055,155,"NORTHERN REGION SYSTEM STRENGHTENING SCHEME-IX - PGCIL,Multi State",,,POWER,2010-09,2008-07,,525.14,,525.14,,,346.9,2011-07,,2010-10,,,,0,0,,,,fr_sept_2010.pdf,Sector-Wise analysis of projects,44,155
FR_201009_156,,180100256,156,"KOTESWAR TRANSMISSION SYSTEM (PGCIL) - PGCIL,Uttaranchal",PGCIL,,POWER,2010-09,2006-06,,260.34,,241.27,,,151.56,2008-06,,2010-11,,,,8,20,,,,fr_sept_2010.pdf,Sector-Wise analysis of projects,44,156
FR_201009_157,,N18000011,157,"KORBA STPP STAGE-III - NTPC,Madhya pradesh",,,POWER,2010-09,2006-08,,2448.5,,2448.49,,,2059.0,2010-02,,2010-11,,,,5,24,,,,fr_sept_2010.pdf,Sector-Wise analysis of projects,44,157
FR_201009_158,,260100100,158,"EAST-WEST TRANSNISSION CORRIDOR STRENGTHNING SCHEME - PGCIL,Multi State",,,POWER,2010-09,2006-06,,803.7,,803.76,,,612.68,2009-06,,2010-12,,,,1,20,,,,fr_sept_2010.pdf,Sector-Wise analysis of projects,44,158
FR_201009_159,,N18000004,159,"EASTERN REGION STRENGTHENING SCHEME-I - PGCIL,Uttar Pradesh",,,POWER,2010-09,2006-10,,975.96,,894.26,,,616.13,2009-10,,2010-12,,,,2,20,,,,fr_sept_2010.pdf,Sector-Wise analysis of projects,44,159
FR_201009_160,,N18000033,160,"EASTERN REGION STRENGTHENING SCHEME-II - NHPC,Multi State",,,POWER,2010-09,2007-12,,227.52,,227.52,,,115.88,2010-06,,2010-12,,,,0,0,,,,fr_sept_2010.pdf,Sector-Wise analysis of projects,44,160
FR_201009_161,,N18000037,161,"TR. SYSTEM FOR STARTUP POWER TO DVC & MAITHON RB G - PGCIL,Haryana",,,POWER,2010-09,2008-04,,290.49,,299.08,,,301.86,2010-04,,2010-12,,,,0,0,,,,fr_sept_2010.pdf,Sector-Wise analysis of projects,44,161
FR_201009_162,,N18000038,162,"WESTERN REGION STREGTHENING SCHEME-VI - PGCIL,Gujarat",,,POWER,2010-09,2008-02,,340.72,,340.72,,,147.53,2010-11,,2010-12,,,,0,0,,,,fr_sept_2010.pdf,Sector-Wise analysis of projects,44,162
FR_201009_163,,N18000040,163,"EST. OF 400/220 KV GIS POOLING STATION NEAR CHAMER - NHPC,Himachal Pr.",,,POWER,2010-09,2007-09,,262.1,,262.1,,,138.79,2010-09,,2010-12,,,,0,0,,,,fr_sept_2010.pdf,Sector-Wise analysis of projects,44,163
FR_201009_164,,N18000064,164,"TR. SYSTEM ASSOCIATED WITH CHAMERA III HEP - PGCIL,Multi State",,,POWER,2010-09,2008-04,,297.37,,297.37,,,210.33,2011-07,,2010-12,,,,0,0,,,,fr_sept_2010.pdf,Sector-Wise analysis of projects,44,164
FR_201009_165,,180100251,165,"URI H.E.P STAGE -II (NHPC) - NHPC,J & K",NHPC,,POWER,2010-09,2005-08,,1729.29,,1724.79,,,1211.77,2009-11,,2011-02,,,,0,0,,,,fr_sept_2010.pdf,Sector-Wise analysis of projects,44,165
FR_201009_166,,N18000007,166,"CHUTAK HYDRO-ELECTRIC PROJECT (NHPC) - NHPC,J & K",NHPC,,POWER,2010-09,2006-08,,621.26,,621.28,,,499.5,2011-02,,2011-02,,,,0,1,,,,fr_sept_2010.pdf,Sector-Wise analysis of projects,44,166
FR_201009_167,,N18000016,167,"Farakka STPP Stage-III - NTPC,West Bengal",,,POWER,2010-09,2006-07,,2570.44,,2570.44,,,1766.0,2010-08,,2011-02,,,,13,26,,,,fr_sept_2010.pdf,Sector-Wise analysis of projects,44,167
FR_201009_168,,N18000050,168,"WESTERN REGION STRENGHTENING SCHEME-IX - PGCIL,Multi State",,,POWER,2010-09,2008-04,,230.89,,230.89,,,41.57,2011-01,,2011-02,,,,0,0,,,,fr_sept_2010.pdf,Sector-Wise analysis of projects,44,168
FR_201009_169,,180100260,169,"TRANSMISSION SY. ASSOCIATED WITH BARH GENER. PROJECT(P.GR.) - PGCIL,Bihar",P.GR.,,POWER,2010-09,2005-12,,3779.46,,3725.13,,,3409.04,2009-09,,2011-03,,,,15,30,,,,fr_sept_2010.pdf,Sector-Wise analysis of projects,44,169
FR_201009_170,,N18000022,170,"WESTERN REGION STRENGTHENING SCHEME-II - PGCIL,Rajasthan",,,POWER,2010-09,2006-07,,5221.23,42.0,4978.56,,,2585.0,2010-07,,2011-03,,,,3,20,,,,fr_sept_2010.pdf,Sector-Wise analysis of projects,44,170
FR_201009_171,,N18000035,171,"WESTERN REGION STRENGTHENING SCHEME-V - PGCIL,Maharashtra",,,POWER,2010-09,2007-12,,477.69,,477.69,,,313.87,2010-09,,2011-03,,,,0,0,,,,fr_sept_2010.pdf,Sector-Wise analysis of projects,45,171
FR_201009_172,,N18000023,172,"URI-II - PGCIL,J & K",,,POWER,2010-09,2006-10,,238.25,,227.03,,,190.48,,,2011-05,,,,0,0,,,,fr_sept_2010.pdf,Sector-Wise analysis of projects,45,172
FR_201009_173,,N18000032,173,"SIMHADRI STPP STAGE -II (NTPC) - NTPC,Andhra Pradesh",NTPC,,POWER,2010-09,2007-08,,5103.39,,5038.53,,,3284.0,2011-05,,2011-05,,,,0,0,,,,fr_sept_2010.pdf,Sector-Wise analysis of projects,45,173
FR_201009_174,,180100250,174,"PARBATI H.E.P. STAGE -III (NHPC) - NHPC,Himachal Pr.",NHPC,,POWER,2010-09,2005-10,,2304.56,,2304.52,,,1123.71,2010-10,,2011-06,,,,0,0,,,,fr_sept_2010.pdf,Sector-Wise analysis of projects,45,174
FR_201009_175,,N18000018,175,"TRANSMISSION SYSTEM ASSOCIATED WITH PARBATI-III HE - PGCIL,Himachal Pr.",,,POWER,2010-09,2006-07,,557.24,,639.52,,,377.38,2010-01,,2011-06,,,,0,22,,,,fr_sept_2010.pdf,Sector-Wise analysis of projects,45,175
FR_201009_176,,N18000043,176,"TRANSMISSION SYSTEM ASSOCIATED WITH FARAKKA-III - PGCIL,Multi State",,,POWER,2010-09,2008-12,,204.07,,204.07,,,80.5,2011-06,,2011-06,,,,0,0,,,,fr_sept_2010.pdf,Sector-Wise analysis of projects,45,176
FR_201009_177,,N18000059,177,"TR. SYSTEM ASSOCIATED WITH CORBA III GENERATION PR - PGCIL,Madhya pradesh",,,POWER,2010-09,2009-02,,276.61,,276.61,,,148.02,2011-06,,2011-06,,,,0,0,,,,fr_sept_2010.pdf,Sector-Wise analysis of projects,45,177
FR_201009_178,,N18000006,178,"NIMOO BAZGO HYDROELECTRIC PROJECT (NHPC) - NHPC,J & K",NHPC,,POWER,2010-09,2006-08,,611.01,,611.02,,,512.92,2010-08,,2011-07,,,,0,0,,,,fr_sept_2010.pdf,Sector-Wise analysis of projects,45,178
FR_201009_179,,N18000067,179,"SYSTEM STRENGHTENING -XI IN SOUTHERN REGION - PGCIL,Multi State",,,POWER,2010-09,2009-03,,196.1,,196.1,,,21.55,2011-07,,2011-07,,,,0,0,,,,fr_sept_2010.pdf,Sector-Wise analysis of projects,45,179
FR_201009_180,,180100241,180,"CHAMERA,STAGE-III (NHPC) - NHPC,Himachal Pr.",NHPC,,POWER,2010-09,2005-08,,1405.63,,1405.63,,,1285.03,2010-08,,2011-08,,,,0,0,,,,fr_sept_2010.pdf,Sector-Wise analysis of projects,45,180
FR_201009_181,,N18000058,181,"NORTHERN REGION SYSTEM STRENGHTENING SCHEME-XVII - PGCIL,Rajasthan",,,POWER,2010-09,2009-02,,210.79,,210.79,,,92.36,2011-08,,2011-08,,,,0,0,,,,fr_sept_2010.pdf,Sector-Wise analysis of projects,45,181
FR_201009_182,,N18000044,182,"SYSTEM STRENGHTENING IN NR GRID FOR KARCHAM WANGTO - PGCIL,Multi State",,,POWER,2010-09,2008-12,,328.97,,328.97,,,152.18,2011-09,,2011-09,,,,0,0,,,,fr_sept_2010.pdf,Sector-Wise analysis of projects,45,182
FR_201009_183,,N18000052,183,"NORTHERN REGION SYSTEM STRENGHTENING SCHEME-XV - PGCIL,Multi State",,,POWER,2010-09,2009-02,,520.48,,520.48,,,191.2,2011-11,,2011-11,,,,0,0,,,,fr_sept_2010.pdf,Sector-Wise analysis of projects,45,183
FR_201009_184,,N18000053,184,"NORTHERN REGION SYSTEM STRENGHTENING SCHEME-XVIII - PGCIL,Multi State",,,POWER,2010-09,2009-02,,509.66,,509.66,,,107.65,2011-11,,2011-11,,,,0,0,,,,fr_sept_2010.pdf,Sector-Wise analysis of projects,45,184
FR_201009_185,,N18000054,185,"NORTHERN REGION SYSTEM STRENGHTENING SCHEME-XIII - PGCIL,Multi State",,,POWER,2010-09,2009-02,,317.69,,317.69,,,14.59,2011-11,,2011-11,,,,0,0,,,,fr_sept_2010.pdf,Sector-Wise analysis of projects,45,185
FR_201009_186,,N18000063,186,"TR. SYSTEM ASSOCIATED WITH RAMPUR HEP - PGCIL,Multi State",,,POWER,2010-09,2009-02,,184.19,,184.19,,,59.24,2011-11,,2011-11,,,,0,0,,,,fr_sept_2010.pdf,Sector-Wise analysis of projects,45,186
FR_201009_187,,180100211,187,"KOLDAM HEP (NTPC) - NTPC,Himachal Pr.",NTPC,,POWER,2010-09,2002-10,,4527.15,,4527.15,,,3315.0,2009-04,,2011-12,,,,19,41,,,,fr_sept_2010.pdf,Sector-Wise analysis of projects,45,187
FR_201009_188,,180100229,188,"SIPAT STPP STAGE - I (NTPC) - NTPC,Chhatisgarh",NTPC,,POWER,2010-09,2003-12,,8323.39,,8323.39,,,6993.0,2009-12,,2011-12,,,,33,56,,,,fr_sept_2010.pdf,Sector-Wise analysis of projects,45,188
FR_201009_189,,N18000071,189,"TRIPURA GAS BASED POWER PROJECT - NEEPCO,Tripura",,,POWER,2010-09,2009-07,,421.01,,623.44,,,57.71,2012-01,,2012-01,,,,0,0,,,,fr_sept_2010.pdf,Sector-Wise analysis of projects,45,189
FR_201009_190,,N18000049,190,"WESTERN REGION STRENGHTENING SCHEME-X - PGCIL,Multi State",,,POWER,2010-09,2009-02,,664.96,43.0,664.96,,,66.55,2012-02,,2012-02,,,,0,0,,,,fr_sept_2010.pdf,Sector-Wise analysis of projects,45,190
FR_201009_191,,N18000051,191,"WESTERN REGION SYSTEM STRENGHTENING SCHEME-XI - PGCIL,Multi State",,,POWER,2010-09,2009-02,,409.5,,409.5,,,11.69,2012-02,,2012-02,,,,0,0,,,,fr_sept_2010.pdf,Sector-Wise analysis of projects,46,191
FR_201009_192,,N18000056,192,"NORTHERN REGION SYSTEM STRENGHTENING SCHEME-XIX - PGCIL,Multi State",,,POWER,2010-09,2009-02,,410.29,,410.29,,,93.04,2012-02,,2012-02,,,,0,0,,,,fr_sept_2010.pdf,Sector-Wise analysis of projects,46,192
FR_201009_193,,N18000062,193,"TR. SYSTEM ASSOCIATED WITH TUTICORIN JV TPS - PGCIL,Multi State",,,POWER,2010-09,2009-02,,353.57,,353.57,,,139.59,2010-07,,2012-02,,,,0,0,,,,fr_sept_2010.pdf,Sector-Wise analysis of projects,46,193
FR_201009_194,,N18000068,194,"765 KV SYSTEM FOR CENTRAL PART OF NORTHERN GRID PA - PGCIL,Multi State",,,POWER,2010-09,2009-02,,1347.32,,1347.32,,,436.8,2012-02,,2012-02,,,,0,0,,,,fr_sept_2010.pdf,Sector-Wise analysis of projects,46,194
FR_201009_195,,180100184,195,"KOTESHWAR HEP(THDC) - THDCL,Uttaranchal",THDC,,POWER,2010-09,2000-04,,1301.56,,2398.39,,,2001.82,2005-04,,2012-03,,,,2,22,,,,fr_sept_2010.pdf,Sector-Wise analysis of projects,46,195
FR_201009_196,,180100258,196,"KUNADANKULAM-APP TRANS. SYSTEM (PGCIL) - PGCIL,Tamil Nadu",PGCIL,,POWER,2010-09,2005-05,,1779.29,,2159.07,,,1608.5,2008-11,,2012-03,,,,25,38,,,,fr_sept_2010.pdf,Sector-Wise analysis of projects,46,196
FR_201009_197,,N18000041,197,"BONGAIGAON THERMAL POWER PROJECT (NTPC) - NTPC,Assam",NTPC,,POWER,2010-09,2008-01,,4375.35,,4375.35,,,1422.0,2011-07,,2012-03,,,,0,0,,,,fr_sept_2010.pdf,Sector-Wise analysis of projects,46,197
FR_201009_198,,N18000086,198,"System Strengthening -X of SR - PGCIL,Multi State",,,POWER,2010-09,2009-12,,276.61,,276.61,,,15.69,2012-04,,2012-04,,,,0,0,,,,fr_sept_2010.pdf,Sector-Wise analysis of projects,46,198
FR_201009_199,,N18000079,199,"765KV System for central part of Northern Region Grid - PGCIL,Multi State",,,POWER,2010-09,2009-11,,1075.12,,1075.12,,,88.84,2012-05,,2012-05,,,,0,0,,,,fr_sept_2010.pdf,Sector-Wise analysis of projects,46,199
FR_201009_200,,N18000078,200,"765KV System for Central part of Northern Region G - PGCIL,Multi State",,,POWER,2010-09,2009-07,,1736.36,,1736.36,,,,2012-06,,2012-06,,,,0,0,,,,fr_sept_2010.pdf,Sector-Wise analysis of projects,46,200
FR_201009_201,,N18000082,201,"Immsdiate evacuation system for NABINAGAR TPS - PGCIL,Bihar",,,POWER,2010-09,2010-02,,215.86,,215.86,,,24.68,2012-06,,2012-06,,,,0,0,,,,fr_sept_2010.pdf,Sector-Wise analysis of projects,46,201
FR_201009_202,,N18000085,202,"System Strengthening -XII of SR - PGCIL,Multi State",,,POWER,2010-09,2010-02,,232.34,,232.34,,,4.65,2012-06,,2012-06,,,,0,0,,,,fr_sept_2010.pdf,Sector-Wise analysis of projects,46,202
FR_201009_203,,180100243,203,"TEESTA LOW DAM HEP, STAGE-IV (NHPC) - NHPC,West Bengal",NHPC,,POWER,2010-09,2005-09,,1061.38,,1061.38,,,799.39,2009-09,,2012-08,,,,0,0,,,,fr_sept_2010.pdf,Sector-Wise analysis of projects,46,203
FR_201009_204,,N18000045,204,"PARE HYDRO ELECTRIC PROJECT(110 MW) - NEEPCO,Arunachal Pr.",110 MW,,POWER,2010-09,2008-12,,573.99,,573.99,,,108.37,2012-08,,2012-08,,,,4,9,,,,fr_sept_2010.pdf,Sector-Wise analysis of projects,46,204
FR_201009_205,,N18000065,205,"SUPPLIMENTARY TRANSMISSION ASSOCIATED WITH DVC AND - PGCIL,Multi State",,,POWER,2010-09,2008-08,,2360.95,,2360.95,,,1260.4,2012-08,,2012-08,,,,0,0,,,,fr_sept_2010.pdf,Sector-Wise analysis of projects,46,205
FR_201009_206,,N18000069,206,"765 KV POOLING STATION & NETWORK WITH DVC AND MAIT - PGCIL,Multi State",,,POWER,2010-09,2008-08,,7075.33,,7075.33,,,2433.2,2012-08,,2012-08,,,,0,0,,,,fr_sept_2010.pdf,Sector-Wise analysis of projects,46,206
FR_201009_207,,N18000081,207,"System Strengthening in NR for SASAN & MUNDRA (UMPP) - PGCIL,Multi State",UMPP,,POWER,2010-09,2009-12,,1216.83,,1216.83,,,99.04,2012-08,,2012-08,,,,0,0,,,,fr_sept_2010.pdf,Sector-Wise analysis of projects,46,207
FR_201009_208,,N18000048,208,"MOUDA STPP (NTPC) - NTPC,Maharashtra",NTPC,,POWER,2010-09,2007-11,,5459.28,,6010.89,,,1431.0,2012-02,2012-08,2012-10,,,,0,0,,,,fr_sept_2010.pdf,Sector-Wise analysis of projects,46,208
FR_201009_209,,N18000061,209,"TR. SYSTEM ASSOCIATED WITH MUNDRA ULTRA MEGA POWER - PGCIL,Multi State",,,POWER,2010-09,2008-10,,4824.12,44.0,4824.12,,,800.41,2012-10,,2012-10,,,,0,0,,,,fr_sept_2010.pdf,Sector-Wise analysis of projects,46,209
FR_201009_210,,N18000084,210,"MAUDA Transmission System - PGCIL,Maharashtra",,,POWER,2010-09,2010-02,,469.38,,469.38,,,9.84,2012-10,,2012-10,,,,0,0,,,,fr_sept_2010.pdf,Sector-Wise analysis of projects,47,210
FR_201009_211,,N18000076,211,"Transmission System of Vindhuachal -IV & Rihand -I - PGCIL,Multi State",,,POWER,2010-09,2010-03,,4672.99,,4672.99,,,11.89,2012-11,,2012-11,,,,0,0,,,,fr_sept_2010.pdf,Sector-Wise analysis of projects,47,211
FR_201009_212,,N18000083,212,"Northern Region Transmission Strengthening Scheme - PGCIL,Multi State",,,POWER,2010-09,2012-03,,965.58,,965.58,,,69.52,2012-11,,2012-11,,,,0,0,,,,fr_sept_2010.pdf,Sector-Wise analysis of projects,47,212
FR_201009_213,,180100261,213,"TRANSMISSION SYSTEM ASSOCIATED WITH PARBATI = II HEP - PGCIL,Himachal Pr.",,,POWER,2010-09,2005-12,,358.42,,358.42,,,6.57,2008-12,2010-09,2012-12,,,,0,15,,,,fr_sept_2010.pdf,Sector-Wise analysis of projects,47,213
FR_201009_214,,N18000005,214,"LOHARINAG-PAL HEP(4X150MW) - NTPC,Uttaranchal",4X150MW,,POWER,2010-09,2006-06,,2895.1,,2895.1,,,552.33,2011-11,,2012-12,,,,6,34,,,,fr_sept_2010.pdf,Sector-Wise analysis of projects,47,214
FR_201009_215,,N18000046,215,"TRANSMISSION SYSTEM ASSOCIATED WITH SASAN ULTRA ME - PGCIL,Multi State",,,POWER,2010-09,2008-12,,7031.88,,7031.88,,,1277.3,2012-12,,2012-12,,,,0,0,,,,fr_sept_2010.pdf,Sector-Wise analysis of projects,47,215
FR_201009_216,,N18000072,216,"VINDHYACHAL STTP STAGE-IV (NTPC) - NTPC,Madhya pradesh",NTPC,,POWER,2010-09,2009-01,,5915.0,,5915.0,,,1019.0,2012-11,,2012-12,,,,0,0,,,,fr_sept_2010.pdf,Sector-Wise analysis of projects,47,216
FR_201009_217,,N18000073,217,"RIHAND STTP STAGE-III (2X500MW) (NTPC) - NTPC,Uttar Pradesh",NTPC,,POWER,2010-09,2009-01,,6230.81,,6230.81,,,873.0,2012-11,,2012-12,,,,0,0,,,,fr_sept_2010.pdf,Sector-Wise analysis of projects,47,217
FR_201009_218,,N18000080,218,"Trans. System associated with PALLATANA GBPP & BPT - PGCIL,Multi State",,,POWER,2010-09,2010-02,,2144.0,,2144.0,,,69.78,2012-12,,2012-12,,,,0,0,,,,fr_sept_2010.pdf,Sector-Wise analysis of projects,47,218
FR_201009_219,,N18000087,219,"Transmission System for phase-1 generation project - PGCIL,Orissa",,,POWER,2010-09,2010-09,,2074.86,,2074.86,,,,2013-02,,2013-02,,,,0,0,,,,fr_sept_2010.pdf,Sector-Wise analysis of projects,47,219
FR_201009_220,,180100210,220,"PARBATI HEP (NHPC) II - NHPC,Himachal Pr.",NHPC,,POWER,2010-09,2002-09,,3919.59,,3919.59,,,2903.19,2009-09,,2013-03,,,,1,20,,,,fr_sept_2010.pdf,Sector-Wise analysis of projects,47,220
FR_201009_221,,N18000014,221,"Tapovan-Vishnugad HEP (4x130MW) (NTPC) - NTPC,Uttaranchal",NTPC,,POWER,2010-09,2006-11,,2978.48,,2978.48,,,912.0,2013-03,,2013-03,,,,5,31,,,,fr_sept_2010.pdf,Sector-Wise analysis of projects,47,221
FR_201009_222,,180100239,222,"KAMENG HYDROELECTRIC PROJECT (NEEPCO) - NEEPCO,Arunachal Pr.",NEEPCO,,POWER,2010-09,2004-12,,2496.9,,2496.9,,,1229.44,2013-05,2013-05,2013-05,,,,77,49,,,,fr_sept_2010.pdf,Sector-Wise analysis of projects,47,222
FR_201009_223,,N18000066,223,"NORTH- EAST NORTH WESTERN INTERCONNECTOR I PROJECT - PGCIL,Multi State",,,POWER,2010-09,2009-02,,11130.19,,11130.19,,,1353.8,2013-08,,2013-08,,,,0,0,,,,fr_sept_2010.pdf,Sector-Wise analysis of projects,47,223
FR_201009_224,,N18000024,224,"RAMPUR HEP(412 MW) - SJVNL,Himachal Pr.",412 MW,,POWER,2010-09,2007-01,,2047.03,,2047.03,,,952.75,2012-01,,2013-09,,,,2,10,,,,fr_sept_2010.pdf,Sector-Wise analysis of projects,47,224
FR_201009_225,,N18000047,225,"BARH STPP STAGE -II (NTPC) - NTPC,Bihar",NTPC,,POWER,2010-09,2008-02,,7341.04,,7341.04,,,1105.0,2013-08,,2013-10,,,,0,0,,,,fr_sept_2010.pdf,Sector-Wise analysis of projects,47,225
FR_201009_226,,180100221,226,"LOWER SUBANSIRI H.E.P (NHPC) - NHPC,Arunachal Pr.",NHPC,,POWER,2010-09,2003-09,,6285.33,,7451.99,,,4181.57,2010-09,,2013-12,,,,2,11,,,,fr_sept_2010.pdf,Sector-Wise analysis of projects,47,226
FR_201009_227,,180100242,227,"BARH STPP(3X660MW) NTPC - NTPC,Bihar",3X660MW,,POWER,2010-09,2003-12,,8692.97,,8692.97,,,5057.0,2010-11,,2014-09,,,,15,51,,,,fr_sept_2010.pdf,Sector-Wise analysis of projects,47,227
FR_201009_228,,N18000077,228,"Transm System for development of Pooling stn. in N - PGCIL,West Bengal",,,POWER,2010-09,2010-04,,4404.57,,4404.57,,,,2015-01,,2015-01,,,,0,0,,,,fr_sept_2010.pdf,Sector-Wise analysis of projects,47,228
FR_201009_229,,N18000010,229,"TEHRI PUMPED STORAGE PLANT(1000MW) - THDCL,Uttaranchal",1000MW,,POWER,2010-09,2006-07,,1657.0,45.0,3124.76,,,249.07,2010-07,,2015-03,,,,0,0,,,,fr_sept_2010.pdf,Sector-Wise analysis of projects,47,229
FR_201009_230,,N18000042,230,"VISHNUGAD PIPALKOTI HYDRO ELECTRIC PROJECT - THDCL,Uttaranchal",,,POWER,2010-09,2008-08,,2491.58,,2491.58,,,122.73,2014-07,,2015-03,,,,0,8,,,,fr_sept_2010.pdf,Sector-Wise analysis of projects,48,230
FR_201009_231,,N18000031,231,"KISHANGANGA HEP - NHPC,J & K",,,POWER,2010-09,2007-07,,2238.67,,3642.04,,,472.88,2014-07,,2016-01,,,,0,0,,,,fr_sept_2010.pdf,Sector-Wise analysis of projects,48,231
FR_201009_232,,180100078,232,"LOKTAK D/S HEP(NHPC) - NHPC,Manipur",NHPC,,POWER,2010-09,1999-12,,578.62,,578.62,,,28.33,2006-06,,,,,,0,0,,,,fr_sept_2010.pdf,Sector-Wise analysis of projects,48,232
FR_201009_233,,180100165,233,"TUIRIAL HE PROJECT(NEEPCO) - NEEPCO,Mizoram",NEEPCO,,POWER,2010-09,1998-07,,368.72,877.06,913.63,,,216.79,2006-07,,,,,,2,5,,,,fr_sept_2010.pdf,Sector-Wise analysis of projects,48,233
FR_201009_234,,180100220,234,"SEWA- II H.E.P (NHPC) - NHPC,J & K",NHPC,,POWER,2010-09,2003-09,,665.46,,1016.74,,,961.39,2007-09,,,,,,8,36,,,,fr_sept_2010.pdf,Sector-Wise analysis of projects,48,234
FR_201009_235,,180100246,235,"KAIGA 3&4 TRANSMISSION SYSTEM (PGCIL) - PGCIL,Karnataka Total Health & Family Welfare",PGCIL,,POWER,2010-09,2005-03,,596.45,1007.16,947.96,,,773.55,2007-12,,,,,,14,18,,,,fr_sept_2010.pdf,Sector-Wise analysis of projects,48,235
FR_201009_236,,210100001,236,"NORTH EAST INDIRA GANDHI INST- ITUTE OF HEALTH & MS - H&FW,Meghalaya Total",,,POWER,2010-09,1986-05,,71.18,422.6,443.15,,,547.78,1999-03,2005-03,,,,,7,16,,,,fr_sept_2010.pdf,Sector-Wise analysis of projects,48,236
FR_201009_237,,220100260,237,"REINGUNTA-GUNTAKAL(RE) - RVNL,Andhra Pradesh",RE,,RAILWAYS,2010-09,2000-06,,168.34,,296.2,,,265.87,2003-04,2010-03,2010-06,,,,0,0,,,,fr_sept_2010.pdf,Sector-Wise analysis of projects,48,237
FR_201009_238,,N22000048,238,"VALLAPARPADM- IDAPALLY,(NL)(RVNL) - RVNL,Kerala",RVNL,,RAILWAYS,2010-09,2006-07,,246.5,246.5,246.5,,,323.67,2009-03,2009-03,2009-11,,,,0,0,,,,fr_sept_2010.pdf,Sector-Wise analysis of projects,48,238
FR_201009_239,,220100282,239,"DHARMAVARAM-PAKALA (GC), SCR - SCR,Andhra Pradesh",GC,,RAILWAYS,2010-09,1997-04,,200.0,294.99,610.07,,,567.49,2009-02,,2010-03,,,,0,0,,,,fr_sept_2010.pdf,Sector-Wise analysis of projects,48,239
FR_201009_240,,220100291,240,"BHILDI-SAMDARI (GC) - RVNL,Gujarat",GC,,RAILWAYS,2010-09,1999-04,,244.74,479.0,479.0,,,476.85,2009-03,,2010-03,,,,0,0,,,,fr_sept_2010.pdf,Sector-Wise analysis of projects,48,240
FR_201009_241,,N22000049,241,"OBULAVARIPALLE- KRISHNAPATNAM(RVNL) - RVNL,Andhra Pradesh",RVNL,,RAILWAYS,2010-09,2006-07,,743.0,732.8,732.8,,,228.7,2008-03,2008-06,2010-03,,,,0,0,,,,fr_sept_2010.pdf,Sector-Wise analysis of projects,48,241
FR_201009_242,,220100212,242,"KOTTUR-HARIHAR(NL),(SWR) - SWR,Karnataka",SWR,,RAILWAYS,2010-09,1995-04,,65.94,,325.0,,,304.76,,,2010-09,,,,0,0,,,,fr_sept_2010.pdf,Sector-Wise analysis of projects,48,242
FR_201009_243,,220100322,243,"PRATAPNAGAR-CHOTA UDAIPUR (GC) (WR) - WR,Gujarat",WR,,RAILWAYS,2010-09,2005-04,,148.61,,227.52,,,241.13,2008-03,2009-03,2010-10,,,,0,0,,,,fr_sept_2010.pdf,Sector-Wise analysis of projects,48,243
FR_201009_244,,220100264,244,"DEOGHAR-DUMKA NEW BG LINE (DOUBL.)(ER) - ER,Jharkhandd",ER,,RAILWAYS,2010-09,1999-02,,180.73,,358.0,,,322.19,2006-12,2008-12,2010-11,,,,0,0,,,,fr_sept_2010.pdf,Sector-Wise analysis of projects,48,244
FR_201009_245,,220100325,245,"SUKINDA ROAD - ANGUL (NL)(ECOR) - RVNL,Orissa",ECOR,,RAILWAYS,2010-09,1998-04,,183.23,,638.0,,,,2015-02,,2010-11,,,,0,0,,,,fr_sept_2010.pdf,Sector-Wise analysis of projects,48,245
FR_201009_246,,220100164,246,"BELAPUR-SEAWOOD-URAN ELECTRIF-IED DOUBLE LINE(MTP) - MRTP,Maharashtra",MTP,,RAILWAYS,2010-09,1996-03,,401.81,,495.44,,,155.05,2004-03,,2010-12,,,,0,0,,,,fr_sept_2010.pdf,Sector-Wise analysis of projects,48,246
FR_201009_247,,220100247,247,"KATIHAR - JOGBANI (GC)(NEFR) - NEFR,Multi State",NEFR,,RAILWAYS,2010-09,2001-09,,100.0,492.98,724.31,,,691.36,,,2010-12,,,,0,0,,,,fr_sept_2010.pdf,Sector-Wise analysis of projects,48,247
FR_201009_248,,220100286,248,"RAJATGARH-BARANG(LD),ECOR - RVNL,Orissa",LD,,RAILWAYS,2010-09,1999-04,,166.16,46.0,243.4,,,205.78,2009-02,,2010-12,,,,0,0,,,,fr_sept_2010.pdf,Sector-Wise analysis of projects,48,248
FR_201009_249,,220100327,249,"KHURDA ROAD - BARANG 3RD LINE (DL) (ECOR) - RVNL,Orissa",ECOR,,RAILWAYS,2010-09,2000-04,,133.41,207.0,211.9,,,155.49,2009-03,,2010-12,,,,0,0,,,,fr_sept_2010.pdf,Sector-Wise analysis of projects,49,249
FR_201009_250,,220100329,250,"RAICHUR-GUNTAKAL(DL)(SCR) - RVNL,Andhra Pradesh",SCR,,RAILWAYS,2010-09,2003-04,,136.62,,221.9,,,124.14,2007-12,2010-03,2010-12,,,,0,0,,,,fr_sept_2010.pdf,Sector-Wise analysis of projects,49,250
FR_201009_251,,N22000034,251,"ALIGARH-GAZIABAD 3RD LINE DOUBLING (RVNL) - RVNL,Uttar Pradesh",RVNL,,RAILWAYS,2010-09,2003-04,,230.73,399.73,399.5,,,267.19,2009-03,2008-12,2010-12,,,,0,0,,,,fr_sept_2010.pdf,Sector-Wise analysis of projects,49,251
FR_201009_252,,N22000081,252,"BHARUCH-SAMNI-DAHEJ GAUGE CONVERSIN - RVNL,Gujarat",,,RAILWAYS,2010-09,2005-09,,200.8,200.8,200.8,,,173.77,,,2010-12,,,,0,0,,,,fr_sept_2010.pdf,Sector-Wise analysis of projects,49,252
FR_201009_253,,N22000093,253,"MUMBAI URBAN TRANSPORT PROJECT PHASE-I, MTP - MRTP,Maharashtra",,,RAILWAYS,2010-09,2003-04,,3125.2,,4103.2,,,3866.4,,,2010-12,,,,0,1,,,,fr_sept_2010.pdf,Sector-Wise analysis of projects,49,253
FR_201009_254,,220100194,254,"MUZAFFARPUR-SITAMARHI(NL),ECR - ECR,Bihar",NL,,RAILWAYS,2010-09,1997-03,,100.0,,322.29,,,367.27,,,2011-02,,,,0,0,,,,fr_sept_2010.pdf,Sector-Wise analysis of projects,49,254
FR_201009_255,,220100279,255,"REWARI-ROHTAK (NL),NR - (NR),Haryana",NR,,RAILWAYS,2010-09,2004-01,,149.38,330.23,475.16,,,405.65,2010-02,,2011-02,,,,0,0,,,,fr_sept_2010.pdf,Sector-Wise analysis of projects,49,255
FR_201009_256,,N22000056,256,"SHIMOGA-TALAGUPPA (SWR), GC - GC,Karnataka",SWR,,RAILWAYS,2010-09,1992-12,,46.0,,405.6,,,223.83,,,2011-02,,,,0,0,,,,fr_sept_2010.pdf,Sector-Wise analysis of projects,49,256
FR_201009_257,,220100062,257,"VIRAMGAM-BHILDI(WR),GC - WR,Multi State",WR,,RAILWAYS,2010-09,1990-04,,155.66,,356.87,,,127.41,2010-03,,2011-03,,,,0,0,,,,fr_sept_2010.pdf,Sector-Wise analysis of projects,49,257
FR_201009_258,,220100118,258,"AMRAVATI-NARKHER NL(CR) - CR,Maharashtra",CR,,RAILWAYS,2010-09,1994-06,,120.9,175.3,488.76,,,355.55,1999-06,,2011-03,,,,0,0,,,,fr_sept_2010.pdf,Sector-Wise analysis of projects,49,258
FR_201009_259,,220100214,259,"RANCHI-LOHARDAGA(GC),SER - SER,Jharkhandd",GC,,RAILWAYS,2010-09,1997-04,,193.78,,456.45,,,247.29,2004-06,,2011-03,,,,0,0,,,,fr_sept_2010.pdf,Sector-Wise analysis of projects,49,259
FR_201009_260,,220100232,260,"LALITPUR-SATNA-REWA-SINGRULI NL, (NCR) - NCR,Multi State",NCR,,RAILWAYS,2010-09,1998-09,,925.0,,925.0,,,472.8,2008-05,,2011-03,,,,0,0,,,,fr_sept_2010.pdf,Sector-Wise analysis of projects,49,260
FR_201009_261,,220100243,261,"AGRA-ETAWAH VIA FATEBAD & BAD (NL),NCR - NCR,Uttar Pradesh",NL,,RAILWAYS,2010-09,1999-04,,108.0,,214.09,,,152.4,2009-12,,2011-03,,,,0,0,,,,fr_sept_2010.pdf,Sector-Wise analysis of projects,49,261
FR_201009_262,,220100267,262,"GOOTY- RENIGUNTA PATCH DOUBLING PH-II (DL) (SCR) - SCR,Andhra Pradesh",SCR,,RAILWAYS,2010-09,2002-05,,304.5,,306.0,,,341.81,,,2011-03,,,,0,0,,,,fr_sept_2010.pdf,Sector-Wise analysis of projects,49,262
FR_201009_263,,220100284,263,"KHURDA ROAD-BOLANGIR(NL)ECOR - ECR,Orissa",NL,,RAILWAYS,2010-09,1994-04,,355.38,,700.0,,,102.44,,,2011-03,,,,0,0,,,,fr_sept_2010.pdf,Sector-Wise analysis of projects,49,263
FR_201009_264,,220100306,264,"KODERMA GIRIDH (NL), ECR - ECR,Jharkhandd",NL,,RAILWAYS,2010-09,1996-04,,371.36,,452.35,,,266.35,,,2011-03,,,,0,0,,,,fr_sept_2010.pdf,Sector-Wise analysis of projects,49,264
FR_201009_265,,220100313,265,"SRIGANGANAGAR-SARUPSAR (GC), NWR - NWR,Rajasthan",GC,,RAILWAYS,2010-09,1997-04,,143.92,,168.8,,,70.43,,,2011-03,,,,0,0,,,,fr_sept_2010.pdf,Sector-Wise analysis of projects,49,265
FR_201009_266,,220100319,266,"HATHUA-BHATNI (N L) (NER) - NER,Multi State",NER,,RAILWAYS,2010-09,2005-04,,200.73,,230.03,,,129.96,,,2011-03,,,,0,0,,,,fr_sept_2010.pdf,Sector-Wise analysis of projects,49,266
FR_201009_267,,220100321,267,"BILASPUR-URKURA (DL) - RVNL,Chhatisgarh",DL,,RAILWAYS,2010-09,1997-04,,151.52,,273.0,,,263.77,2009-03,,2011-03,,,,0,0,,,,fr_sept_2010.pdf,Sector-Wise analysis of projects,49,267
FR_201009_268,,N22000002,268,"MANSI-PURNIA (EXTENSION OF MANSI-SAHARSA) GAN ECR - ECR,Bihar",EXTENSION OF MANSI-SAHARSA,,RAILWAYS,2010-09,1996-04,,114.01,283.95,348.78,,,317.2,,,2011-03,,,,0,0,,,,fr_sept_2010.pdf,Sector-Wise analysis of projects,49,268
FR_201009_269,,N22000027,269,"PALWAL-BHUTESWAR 3RD LINE DOUBLING(NCR)(RVNL) - RVNL,Multi State",RVNL,,RAILWAYS,2010-09,2005-04,,240.0,329.7,329.7,,,268.75,2009-03,2009-12,2011-03,,,,0,0,,,,fr_sept_2010.pdf,Sector-Wise analysis of projects,49,269
FR_201009_270,,N22000082,270,"ALUABARI ROAD SILIGURI JANCTION VIA GALGALIA, NEFR - NEFR,Multi State",,,RAILWAYS,2010-09,2006-12,,170.0,255.96,272.11,,,212.76,,,2011-03,,,,0,0,,,,fr_sept_2010.pdf,Sector-Wise analysis of projects,49,270
FR_201009_271,,N22000091,271,"BARDHAMAN-KATWA, ER (GC) - GC,West Bengal",GC,,RAILWAYS,2010-09,2007-04,,245.15,,245.15,,,59.41,2010-12,,2011-03,,,,0,0,,,,fr_sept_2010.pdf,Sector-Wise analysis of projects,50,271
FR_201009_272,,N22000094,272,"ELECTRIFICATION OF KHURJA- MEERUT-SAHARANPUR & G'BA - RE,Uttar Pradesh",,,RAILWAYS,2010-09,2008-02,,171.1,,171.1,,,43.83,2011-03,,2011-03,,,,0,0,,,,fr_sept_2010.pdf,Sector-Wise analysis of projects,50,272
FR_201009_273,,N22000095,273,"ELECTRIFICATION OF MORADABAD- ROZA - RE,Uttar Pradesh",,,RAILWAYS,2010-09,2006-03,,258.35,,258.35,,,9.38,2011-03,,2011-03,,,,0,0,,,,fr_sept_2010.pdf,Sector-Wise analysis of projects,50,273
FR_201009_274,,N22000096,274,"RAJPIPLA-ANKELASHWAR, WR (GC) - GC,Gujarat",GC,,RAILWAYS,2010-09,2006-04,,196.97,,196.97,,,121.12,2011-03,,2011-03,,,,0,0,,,,fr_sept_2010.pdf,Sector-Wise analysis of projects,50,274
FR_201009_275,,N22000076,275,"PANSPURA-KHARAGPUR 3D LINE - RVNL,West Bengal",,,RAILWAYS,2010-09,2007-09,,252.5,252.5,252.5,,,93.7,2010-02,,2011-11,,,,0,0,,,,fr_sept_2010.pdf,Sector-Wise analysis of projects,50,275
FR_201009_276,,220100285,276,"HARIDASPUR-PARADEEP(NL) - RVNL,Orissa",NL,,RAILWAYS,2010-09,1996-04,,301.64,,735.1,,,,2009-09,,2011-12,,,,0,0,,,,fr_sept_2010.pdf,Sector-Wise analysis of projects,50,276
FR_201009_277,,220100240,277,"JAYANAGAR-DARBHANGA-NARKATIA GANJ(GC),ECR - ECR,Bihar",GC,,RAILWAYS,2010-09,1997-04,,233.0,335.77,727.52,,,474.43,,,2012-03,,,,0,0,,,,fr_sept_2010.pdf,Sector-Wise analysis of projects,50,277
FR_201009_278,,220100304,278,"KOSI BRIDGE (NL), ECR - ECR,Bihar",NL,,RAILWAYS,2010-09,2002-04,,323.41,,341.41,,,182.22,,,2012-03,,,,0,0,,,,fr_sept_2010.pdf,Sector-Wise analysis of projects,50,278
FR_201009_279,,220100328,279,"TALCHER-BIMALAGARH(NL)(ECOR) - ECR,Orissa",ECOR,,RAILWAYS,2010-09,2005-04,,726.96,810.78,810.78,,,75.92,,,2012-03,,,,0,0,,,,fr_sept_2010.pdf,Sector-Wise analysis of projects,50,279
FR_201009_280,,N22000028,280,"EXT. OF MRTS FROM VELACHERY TO STN. THOMAS, MTP - MRTP,Tamil Nadu",,,RAILWAYS,2010-09,2006-04,,415.59,,495.74,,,83.95,,,2012-03,,,,0,0,,,,fr_sept_2010.pdf,Sector-Wise analysis of projects,50,280
FR_201009_281,,N22000075,281,"SALKA ROAD -ANUPNAGAR LINE DOUBLING - RVNL,Chhatisgarh",,,RAILWAYS,2010-09,2006-09,,324.9,,324.9,,,116.94,2010-03,,2012-03,,,,0,0,,,,fr_sept_2010.pdf,Sector-Wise analysis of projects,50,281
FR_201009_282,,N22000097,282,"TAMLUK DIGHA - LD,West Bengal",,,RAILWAYS,2010-09,1984-03,,293.97,,293.97,,,313.13,2005-06,,2012-04,,,,0,0,,,,fr_sept_2010.pdf,Sector-Wise analysis of projects,50,282
FR_201009_283,,220100188,283,"NANGALDAM-TALWARA(NL),NR - (NR),Multi State",NR,,RAILWAYS,2010-09,1981-03,,37.68,450.0,730.0,,,284.98,,,2012-07,,,,0,0,,,,fr_sept_2010.pdf,Sector-Wise analysis of projects,50,283
FR_201009_284,,220100007,284,"GUNA-ETAWAH(NCR), NL - NCR,Multi State",NCR,,RAILWAYS,2010-09,1985-04,,158.77,432.46,540.96,,,479.3,1994-03,,2012-12,,,,0,0,,,,fr_sept_2010.pdf,Sector-Wise analysis of projects,50,284
FR_201009_285,,220100233,285,"CONV.OF 1500V DC TRACTION TO 25 KV AC,WR - RE,Maharashtra",,,RAILWAYS,2010-09,1996-07,,273.67,1160.52,1800.0,,,501.49,,,2012-12,,,,0,0,,,,fr_sept_2010.pdf,Sector-Wise analysis of projects,50,285
FR_201009_286,,220100241,286,"CHANDIGARH-LUDHIANA(NEW BG LINE),NR - (NR),Punjab",NR,,RAILWAYS,2010-09,1997-07,,248.44,576.27,1103.47,,,679.18,,,2012-12,,,,0,0,,,,fr_sept_2010.pdf,Sector-Wise analysis of projects,50,286
FR_201009_287,,220100255,287,"GONDA-GORAKHPUR LOOP WITH ANAND NAGAR-NAUTANWA GC (NER) - NER,Uttar Pradesh",NER,,RAILWAYS,2010-09,2002-03,,383.15,,863.23,,,325.79,,,2012-12,,,,0,0,,,,fr_sept_2010.pdf,Sector-Wise analysis of projects,50,287
FR_201009_288,,220100280,288,"JIND-SONEPAT (NL),NR - (NR),Haryana",NR,,RAILWAYS,2010-09,2004-01,,190.81,238.56,234.45,,,158.56,,,2012-12,,,,0,0,,,,fr_sept_2010.pdf,Sector-Wise analysis of projects,50,288
FR_201009_289,,220100307,289,"RAIL-CUM-ROAD BRIDGE AT MUNGER (NL), ECR - ECR,Bihar",NL,,RAILWAYS,2010-09,2002-04,,921.0,,981.0,,,340.69,2009-03,,2012-12,,,,0,0,,,,fr_sept_2010.pdf,Sector-Wise analysis of projects,50,289
FR_201009_290,,220100308,290,"PATNA GANGA BRIDGE (NL), ECR - ECR,Bihar",NL,,RAILWAYS,2010-09,2001-04,,624.47,,1480.71,,,445.84,2007-10,,2012-12,,,,0,0,,,,fr_sept_2010.pdf,Sector-Wise analysis of projects,50,290
FR_201009_291,,N22000077,291,"BHOPAL BINA 3D LINE DOUBLING - RVNL,Madhya pradesh",,,RAILWAYS,2010-09,2007-09,,687.2,,687.2,,,125.24,2010-03,,2012-12,,,,0,0,,,,fr_sept_2010.pdf,Sector-Wise analysis of projects,50,291
FR_201009_292,,N22000088,292,"UTRATIA-ZAFRABAD, NR (LINE DOUBLING) - LD,Uttar Pradesh",LINE DOUBLING,,RAILWAYS,2010-09,2006-04,,325.0,48.0,369.9,,,88.21,2010-03,,2012-12,,,,0,0,,,,fr_sept_2010.pdf,Sector-Wise analysis of projects,50,292
FR_201009_293,,220100184,293,"DAUSA-GANGAPUR CITY(NL),NWR - NWR,Rajasthan",NL,,RAILWAYS,2010-09,1997-02,,151.84,,410.08,,,101.53,,,2013-03,,,,0,0,,,,fr_sept_2010.pdf,Sector-Wise analysis of projects,51,293
FR_201009_294,,220100263,294,"QUILON-TIRUNELVELI-TENKASI- VIRUDHUNAGAR(SR)(GC) - SR,Multi State",GC,,RAILWAYS,2010-09,1998-03,,280.0,,1029.0,,,597.31,,,2013-03,,,,0,0,,,,fr_sept_2010.pdf,Sector-Wise analysis of projects,51,294
FR_201009_295,,220100315,295,"RANGIA-MURKONGSELEK, (GC) NEFR - NEFR,Multi State",GC,,RAILWAYS,2010-09,2004-01,,912.7,912.7,1556.23,,,295.3,,,2013-03,,,,0,0,,,,fr_sept_2010.pdf,Sector-Wise analysis of projects,51,295
FR_201009_296,,220100201,296,"BRAHAMAPUTRA BRIDGE AT BOGIBIL & LINK LINES,NEFR - NEFR,Assam",,,RAILWAYS,2010-09,1996-04,,1000.0,1500.0,3230.02,,,1920.25,2008-04,2011-12,2014-03,,,,0,0,,,,fr_sept_2010.pdf,Sector-Wise analysis of projects,51,296
FR_201009_297,,220100266,297,"NEW MAYNAGURI TO JOGIGHOPA VIA CHANGRABANDHA (NL), - NEFR,Multi State",NL,,RAILWAYS,2010-09,2000-02,,733.0,,1655.8,,,520.84,2008-12,,2014-03,,,,0,0,,,,fr_sept_2010.pdf,Sector-Wise analysis of projects,51,297
FR_201009_298,,N22000083,298,"CONSTRUCTION OF NEW LINE FROM HARMATI-ITANAGAR/NAR - NEFR,Arunachal Pr.",,,RAILWAYS,2010-09,1996-09,,156.0,,160.48,,,98.53,,,2014-03,,,,0,0,,,,fr_sept_2010.pdf,Sector-Wise analysis of projects,51,298
FR_201009_299,,N22000086,299,"NEW B.G. LINE FROM AZARA TO BYRNIHAT (NATIONAL PRO - NEFR,Assam",,,RAILWAYS,2010-09,2006-09,,200.0,,390.0,,,0.78,,,2014-03,,,,0,0,,,,fr_sept_2010.pdf,Sector-Wise analysis of projects,51,299
FR_201009_300,,N22000099,300,"AGARTALA SABROOM, NL, NEFR - NL,Tripura",,,RAILWAYS,2010-09,2008-04,,813.34,,813.34,,,98.94,2014-03,,2014-03,,,,0,0,,,,fr_sept_2010.pdf,Sector-Wise analysis of projects,51,300
FR_201009_301,,N22000100,301,"BHAIRABI SAIRONG, NEFR - NL,Mizoram",,,RAILWAYS,2010-09,2008-04,,619.34,,2429.41,,,1.61,2014-04,,2014-03,,,,0,0,,,,fr_sept_2010.pdf,Sector-Wise analysis of projects,51,301
FR_201009_302,,220100303,302,"HAJIPUR-SUGAULI VIA VAISHALI (NL), ECR - ECR,Bihar",NL,,RAILWAYS,2010-09,2003-04,,324.66,,324.66,,,134.14,,,2015-03,,,,0,0,,,,fr_sept_2010.pdf,Sector-Wise analysis of projects,51,302
FR_201009_303,,N22000092,303,"MUMBAI URBAN TRANSPORT PROJECT PHASE-II, MTP - MRTP,Maharashtra",,,RAILWAYS,2010-09,2008-04,,5300.0,,5300.0,,,128.02,2014-03,,2015-03,,,,0,0,,,,fr_sept_2010.pdf,Sector-Wise analysis of projects,51,303
FR_201009_304,,N22000102,304,"SEVOK RANGPO, NEFR - LD,Sikkim",,,RAILWAYS,2010-09,2008-04,,1339.48,,3380.57,,,2.56,2015-12,,2015-12,,,,0,0,,,,fr_sept_2010.pdf,Sector-Wise analysis of projects,51,304
FR_201009_305,,220100288,305,"JIRIBAM TO IMPHAL (TUPUI)(NL)(NEFR) - NEFR,Multi State",NEFR,,RAILWAYS,2010-09,2003-04,,727.56,727.53,3123.52,,,237.63,2011-03,,2016-03,,,,0,0,,,,fr_sept_2010.pdf,Sector-Wise analysis of projects,51,305
FR_201009_306,,220100133,306,"UDHAMPUR-SRINAGAR-BARAMULLA (NL),NR - (NR),J & K",NR,,RAILWAYS,2010-09,1995-03,,2500.0,8000.0,11270.0,,,6481.16,2001-03,,2017-12,,,,0,0,,,,fr_sept_2010.pdf,Sector-Wise analysis of projects,51,306
FR_201009_307,,220100009,307,"FREIGHT OPERATIONS INFORMATION SYSTEM (FOIS) - FOIS,Multi State",FOIS,,RAILWAYS,2010-09,1984-03,,520.0,422.79,634.13,,,556.48,1995-03,,,,,,0,0,,,,fr_sept_2010.pdf,Sector-Wise analysis of projects,51,307
FR_201009_308,,220100106,308,"PEDAPALLI-KARIMNAGAR- NIZAMABAD NL(SCR) - SCR,Andhra Pradesh",SCR,,RAILWAYS,2010-09,1994-12,,124.43,,617.63,,,378.63,,,,,,,0,0,,,,fr_sept_2010.pdf,Sector-Wise analysis of projects,51,308
FR_201009_309,,220100116,309,"RAJKOT-VERAVAL (GC) AND WANSJALIYA-JETALSAR GC AN - WR,Gujarat",GC,,RAILWAYS,2010-09,1992-04,,112.53,320.66,464.5,,,501.12,1996-03,2009-06,,,,,0,0,,,,fr_sept_2010.pdf,Sector-Wise analysis of projects,51,309
FR_201009_310,,220100125,310,"HOTGI-GADAG(GC),SWR - SWR,Multi State",GC,,RAILWAYS,2010-09,1994-04,,180.0,,318.66,,,452.61,1999-03,2003-03,,,,,0,0,,,,fr_sept_2010.pdf,Sector-Wise analysis of projects,51,310
FR_201009_311,,220100131,311,"AMBALA-MORADABAD(RE) - RE,Multi State",RE,,RAILWAYS,2010-09,1993-03,,152.21,157.76,265.0,,,265.33,1998-03,,,,,,0,0,,,,fr_sept_2010.pdf,Sector-Wise analysis of projects,51,311
FR_201009_312,,220100135,312,"New BG line Rly line from Eklakhi- Balurghat includ - NEFR,West Bengal",,,RAILWAYS,2010-09,1986-01,,36.8,274.41,285.93,,,232.05,,,,,,,0,0,,,,fr_sept_2010.pdf,Sector-Wise analysis of projects,51,312
FR_201009_313,,220100148,313,"LANJHIGARH-JUNAGARH NL(ECOR) - ECR,Orissa",ECOR,,RAILWAYS,2010-09,1993-04,,100.0,142.98,170.0,,,135.03,2002-03,2011-03,,,,,0,0,,,,fr_sept_2010.pdf,Sector-Wise analysis of projects,51,313
FR_201009_314,,220100149,314,"DALLIRAJHARA- JAGDALPUR,NL,SECR - SECR,Chhatisgarh",,,RAILWAYS,2010-09,1995-04,,369.0,,968.6,,,0.43,,,,,,,0,0,,,,fr_sept_2010.pdf,Sector-Wise analysis of projects,52,314
FR_201009_315,,220100151,315,"CALICUT-MANGALORE (DL) (SR) - SR,Multi State",SR,,RAILWAYS,2010-09,1996-02,,240.0,,579.37,,,578.85,,,,,,,0,0,,,,fr_sept_2010.pdf,Sector-Wise analysis of projects,52,315
FR_201009_316,,220100168,316,"MANDARHILL-DUMKA-RAMPURHAT (NL),ER - ER,Jharkhandd",NL,,RAILWAYS,2010-09,1995-04,,184.0,,675.0,,,353.44,2011-12,,,,,,0,0,,,,fr_sept_2010.pdf,Sector-Wise analysis of projects,52,316
FR_201009_317,,220100181,317,"AHMEDNAGAR-PARLI VAIJNATH(NL) CR - CR,Maharashtra",NL,,RAILWAYS,2010-09,1997-02,,353.08,,1010.0,,,67.32,,,,,,,0,0,,,,fr_sept_2010.pdf,Sector-Wise analysis of projects,52,317
FR_201009_318,,220100185,318,"AJMER-UDAIPUR-CHITTAURGARH (GC),NWR - NWR,Rajasthan",GC,,RAILWAYS,2010-09,1996-09,,262.0,433.39,456.0,,,470.63,2000-03,,,,,,0,0,,,,fr_sept_2010.pdf,Sector-Wise analysis of projects,52,318
FR_201009_319,,220100186,319,"GONDIA-JABALPUR(GC),(SECR) - SECR,Multi State",SECR,,RAILWAYS,2010-09,1997-02,,356.0,,511.86,,,413.02,1998-03,,,,,,0,0,,,,fr_sept_2010.pdf,Sector-Wise analysis of projects,52,319
FR_201009_320,,220100190,320,"KADUR-CHIKMAGALUR- SAKLESHPUR (NL),(SWR) - SWR,Karnataka",SWR,,RAILWAYS,2010-09,1996-04,,157.0,,465.0,,,104.45,,,,,,,0,0,,,,fr_sept_2010.pdf,Sector-Wise analysis of projects,52,320
FR_201009_321,,220100191,321,"KARUR-SALEM(NL),SR - SR,Tamil Nadu",NL,,RAILWAYS,2010-09,1997-02,,155.55,,712.0,,,399.69,,,,,,,0,0,,,,fr_sept_2010.pdf,Sector-Wise analysis of projects,52,321
FR_201009_322,,220100192,322,"NANDYAL-YERRAGUNTLA(NL),SCR - SCR,Andhra Pradesh",NL,,RAILWAYS,2010-09,1997-03,,155.74,164.36,429.49,,,352.1,2009-02,,,,,,0,0,,,,fr_sept_2010.pdf,Sector-Wise analysis of projects,52,322
FR_201009_323,,220100193,323,"HUBLI-AKOLA(NL),SWR - SWR,Karnataka",NL,,RAILWAYS,2010-09,1995-04,,227.0,,337.82,,,53.93,,,,,,,0,0,,,,fr_sept_2010.pdf,Sector-Wise analysis of projects,52,323
FR_201009_324,,220100197,324,"KANPUR-KASGANJ- MATHURA(GC),NER - NER,Uttar Pradesh",GC,,RAILWAYS,2010-09,1997-03,,395.0,1062.36,1548.95,,,1101.82,,,,,,,0,0,,,,fr_sept_2010.pdf,Sector-Wise analysis of projects,52,324
FR_201009_325,,220100205,325,"MUNEERABAD- MAHABOOBNAGAR(NL),SCR - SCR,Multi State",NL,,RAILWAYS,2010-09,1996-04,,377.32,236.41,497.47,,,72.33,,,,,,,0,0,,,,fr_sept_2010.pdf,Sector-Wise analysis of projects,52,325
FR_201009_326,,220100208,326,"HOWRAH-AMTA-CHAMPADANGA NL (SER) - SER,West Bengal",SER,,RAILWAYS,2010-09,1974-04,,31.42,154.3,154.3,,,106.79,2007-03,2007-03,,,,,0,0,,,,fr_sept_2010.pdf,Sector-Wise analysis of projects,52,326
FR_201009_327,,220100220,327,"MACHERLA-NALGONDA(NL)(SCR) - SCR,Andhra Pradesh",SCR,,RAILWAYS,2010-09,1998-07,,125.0,,363.26,,,0.27,2008-07,,,,,,0,0,,,,fr_sept_2010.pdf,Sector-Wise analysis of projects,52,327
FR_201009_328,,220100222,328,"KODERMA-RANCHI VIA BARKAKHANA (NL),ECR - ECR,Jharkhandd",NL,,RAILWAYS,2010-09,1999-03,,491.19,,1099.2,,,711.79,2005-07,,,,,,0,0,,,,fr_sept_2010.pdf,Sector-Wise analysis of projects,52,328
FR_201009_329,,220100249,329,"KUTTIPURAM-CALICUT INCLD. SHORANUR-M-LORE (DL) (SR) - SR,Kerala",SR,,RAILWAYS,2010-09,2001-03,,178.76,177.34,219.94,,,190.49,,,,,,,0,0,,,,fr_sept_2010.pdf,Sector-Wise analysis of projects,52,329
FR_201009_330,,220100251,330,"VILLUPURAM-KATPADI (GC)(SR) - SR,Tamil Nadu",SR,,RAILWAYS,2010-09,2000-02,,175.0,,513.16,,,500.57,,,,,,,0,0,,,,fr_sept_2010.pdf,Sector-Wise analysis of projects,52,330
FR_201009_331,,220100252,331,"ANGAMALI-SABARIMALA (N.L.)(SR) - SR,Kerala",SR,,RAILWAYS,2010-09,1998-10,,550.0,,550.0,,,64.99,,,,,,,0,0,,,,fr_sept_2010.pdf,Sector-Wise analysis of projects,52,331
FR_201009_332,,220100253,332,"PURNA-AKOLA (G.C), SCR - SCR,Maharashtra",G.C,,RAILWAYS,2010-09,2000-02,,228.0,,497.63,,,477.14,,,,,,,0,0,,,,fr_sept_2010.pdf,Sector-Wise analysis of projects,52,332
FR_201009_333,,220100254,333,"BIDAR-GULBARGA,SCR(NL) - SCR,Karnataka",NL,,RAILWAYS,2010-09,1999-02,,242.42,369.7,369.7,,,159.67,2009-05,,,,,,0,0,,,,fr_sept_2010.pdf,Sector-Wise analysis of projects,52,333
FR_201009_334,,220100256,334,"KAPTANGANJ-THAWE-SIWAN- CHHAPRA GC (NER) - NER,Multi State",NER,,RAILWAYS,2010-09,2001-09,,320.1,,522.56,,,282.57,,,,,,,0,1,,,,fr_sept_2010.pdf,Sector-Wise analysis of projects,52,334
FR_201009_335,,220100257,335,"KHAGARIA-KUSHESHWAR ASTHAN (NL) (ECR) - ECR,Bihar",ECR,,RAILWAYS,2010-09,1997-03,,78.23,50.0,162.87,,,79.22,,,,,,,0,0,,,,fr_sept_2010.pdf,Sector-Wise analysis of projects,52,335
FR_201009_336,,220100258,336,"JALANDHAR-PATHANKOT-JAMMU- TAWI (LD),NR - (NR),Multi State",NR,,RAILWAYS,2010-09,2002-03,,409.0,408.76,639.54,,,776.06,2007-06,,,,,,0,0,,,,fr_sept_2010.pdf,Sector-Wise analysis of projects,53,336
FR_201009_337,,220100262,337,"TIRUCHIRAPPALI-NAGORE- KARAIKKAL(SR)(GC) - SR,Tamil Nadu",GC,,RAILWAYS,2010-09,1995-09,,100.0,,548.96,,,418.89,,,,,,,0,0,,,,fr_sept_2010.pdf,Sector-Wise analysis of projects,53,337
FR_201009_338,,220100265,338,"KOTLPALLI-NARASAPUR (NL) (SCR) - SCR,Andhra Pradesh",SCR,,RAILWAYS,2010-09,2001-12,,330.0,,695.0,,,9.41,,,,,,,0,0,,,,fr_sept_2010.pdf,Sector-Wise analysis of projects,53,338
FR_201009_339,,220100270,339,"GADWAL - RAICHUR (NL), SCR - SCR,Multi State",NL,,RAILWAYS,2010-09,1998-04,,92.63,,228.09,,,159.82,,,,,,,0,0,,,,fr_sept_2010.pdf,Sector-Wise analysis of projects,53,339
FR_201009_340,,220100273,340,"DEOGHAR - SULTANGANJ (INL), ER - ER,Multi State",INL,,RAILWAYS,2010-09,2000-04,,138.0,240.59,607.09,,,240.54,2012-12,,,,,,0,0,,,,fr_sept_2010.pdf,Sector-Wise analysis of projects,53,340
FR_201009_341,,220100274,341,"BANGLORE - SATYAMANGALAM (NL)(SWR) - SWR,Karnataka",SWR,,RAILWAYS,2010-09,1999-02,,138.0,,1300.0,,,0.29,,,,,,,0,0,,,,fr_sept_2010.pdf,Sector-Wise analysis of projects,53,341
FR_201009_342,,220100277,342,"BANKURA - DAMODAR (GC) (SER) - SER,West Bengal",SER,,RAILWAYS,2010-09,1998-03,,111.9,,325.17,,,311.98,2005-03,2008-12,,,,,0,0,,,,fr_sept_2010.pdf,Sector-Wise analysis of projects,53,342
FR_201009_343,,220100305,343,"KODERMA-TILAIYA (NL), ECR - ECR,Jharkhandd",NL,,RAILWAYS,2010-09,2002-04,,459.91,,418.17,,,52.53,,,,,,,0,0,,,,fr_sept_2010.pdf,Sector-Wise analysis of projects,53,343
FR_201009_344,,220100312,344,"RAJGIR-TILAIYA (NL), ECR - ECR,Bihar",NL,,RAILWAYS,2010-09,2001-04,,180.82,180.82,180.82,,,264.46,2006-03,,,,,,0,0,,,,fr_sept_2010.pdf,Sector-Wise analysis of projects,53,344
FR_201009_345,,220100314,345,"RAMGANJMUNDI-BHOPAL (NL),WCR - WCR,Madhya pradesh",NL,,RAILWAYS,2010-09,2001-04,,727.13,727.13,1225.0,,,148.1,,,,,,,0,0,,,,fr_sept_2010.pdf,Sector-Wise analysis of projects,53,345
FR_201009_346,,220100316,346,"MAHARAJGANJ-MASRAKH (NL) - NER - NER,Bihar",NL,,RAILWAYS,2010-09,2003-04,,104.1,,218.19,,,72.12,,,,,,,0,0,,,,fr_sept_2010.pdf,Sector-Wise analysis of projects,53,346
FR_201009_347,,220100317,347,"KICHHA-KHATIMA (NL) - NER - NER,Uttaranchal",NL,,RAILWAYS,2010-09,2003-04,,165.67,,165.67,,,0.15,,,,,,,0,0,,,,fr_sept_2010.pdf,Sector-Wise analysis of projects,53,347
FR_201009_348,,220100324,348,"CHHINDWARA - NAGPUR (GC)(SECR) - SECR,Madhya pradesh",SECR,,RAILWAYS,2010-09,2005-04,,383.79,,585.93,,,102.78,,,,,,,0,0,,,,fr_sept_2010.pdf,Sector-Wise analysis of projects,53,348
FR_201009_349,,220100330,349,"GUNTUR-GUNTAKAL- KALLURU(GL)(SCR) - SCR,Andhra Pradesh",SCR,,RAILWAYS,2010-09,1992-04,,458.45,,573.12,,,555.49,,,,,,,0,0,,,,fr_sept_2010.pdf,Sector-Wise analysis of projects,53,349
FR_201009_350,,N22000032,350,"MANOHARABAD-KOTHPALL NEW LINE(SCR) - SCR,Andhra Pradesh",SCR,,RAILWAYS,2010-09,2006-04,,378.56,,671.82,,,0.74,,,,,,,0,0,,,,fr_sept_2010.pdf,Sector-Wise analysis of projects,53,350
FR_201009_351,,N22000045,351,"GAELKERA-MANOHARPUR,(LD)(SER) - SER,Jharkhandd",SER,,RAILWAYS,2010-09,1998-03,,186.92,,261.7,,,0.08,2006-02,,,,,,0,0,,,,fr_sept_2010.pdf,Sector-Wise analysis of projects,53,351
FR_201009_352,,N22000052,352,"HARNOUT -SET.UP OF W/S TO UND. POH OF UP TO50 COAC - WS&PU,Bihar",,,RAILWAYS,2010-09,2003-04,,98.74,,224.51,,,41.39,,,,,,,0,0,,,,fr_sept_2010.pdf,Sector-Wise analysis of projects,53,352
FR_201009_353,,N22000053,353,"CHHAPRA-SETTING UP OF WHEEL MANUFACTURING PLANT - WS&PU,Bihar",,,RAILWAYS,2010-09,2005-03,,470.09,,881.19,,,86.35,,,,,,,0,0,,,,fr_sept_2010.pdf,Sector-Wise analysis of projects,53,353
FR_201009_354,,N22000079,354,"MAYLADUTHURAI-THIRUVARUR- KARAIKUDI-THIRU 'PONDI'-A - SR,Tamil Nadu",,,RAILWAYS,2010-09,2007-09,,404.19,,900.0,,,72.83,,,,,,,0,0,,,,fr_sept_2010.pdf,Sector-Wise analysis of projects,53,354
FR_201009_355,,N22000080,355,"DINDIGUL-POLLACHI-PALGHAT- POLLACHI AND COIMBATORE - SR,Tamil Nadu",,,RAILWAYS,2010-09,2006-09,,343.17,,900.0,,,251.23,,,,,,,0,0,,,,fr_sept_2010.pdf,Sector-Wise analysis of projects,53,355
FR_201009_356,,N22000084,356,"TINDIVANAM-GINGEE- TIRUVANNAMALAI (NL) - SR,Tamil Nadu",NL,,RAILWAYS,2010-09,2006-09,,125.0,51.0,227.4,,,15.35,,,,,,,0,0,,,,fr_sept_2010.pdf,Sector-Wise analysis of projects,53,356
FR_201009_357,,N22000085,357,"TIDIVANAM-NAGARI (NL) - SR,Tamil Nadu",NL,,RAILWAYS,2010-09,2006-09,,456.0,,582.83,,,38.6,,,,,,,0,0,,,,fr_sept_2010.pdf,Sector-Wise analysis of projects,54,357
FR_201009_358,,N22000087,358,"NEW B.G. LINE FROM ARARIA TO GALGALIA (THAKURGUNG) - NEFR,Bihar",THAKURGUNG,,RAILWAYS,2010-09,2006-09,,300.0,300.0,529.88,,,26.09,,,,,,,0,0,,,,fr_sept_2010.pdf,Sector-Wise analysis of projects,54,358
FR_201009_359,,N22000101,359,"KISHANGANJ JALALGARH, NEFR - NL,Bihar",,,RAILWAYS,2010-09,2008-04,,282.92,,333.76,,,0.71,,,,,,,0,0,,,,fr_sept_2010.pdf,Sector-Wise analysis of projects,54,359
FR_201009_360,,N22000103,360,"RESTORATION WITH GAUGE CONVERSION OF SILIGHAT TOWN - GC,Assam",,,RAILWAYS,2010-09,1993-04,,100.41,,949.22,,,15.65,2009-12,,,,,,0,0,,,,fr_sept_2010.pdf,Sector-Wise analysis of projects,54,360
FR_201009_361,,220100162,361,"MIRAJ-LATUR ROAD(GC),CR - CR,Maharashtra",GC,,RAILWAYS,2010-09,1993-04,,225.0,323.0,816.4,,,816.0,2001-03,,,,,,0,0,,,,fr_sept_2010.pdf,Sector-Wise analysis of projects,54,361
FR_201009_362,,220100183,362,"HASSAN-BANGALORE VIA SHRAVANA-BELGOLA(NL),SWR - SWR,Karnataka",NL,,RAILWAYS,2010-09,1997-02,,295.0,412.91,913.51,,,431.87,,,,,,,0,0,,,,fr_sept_2010.pdf,Sector-Wise analysis of projects,54,362
FR_201009_363,,220100187,363,"SURENDRANAGAR- BHAVNAGAR(GC),WR - WR,Gujarat",GC,,RAILWAYS,2010-09,1997-03,,437.4,,563.25,,,540.37,2004-03,2010-03,,,,,0,0,,,,fr_sept_2010.pdf,Sector-Wise analysis of projects,54,363
FR_201009_364,,220100268,364,"TOLLYGANJ-GARIA with extension to Dum Dum-Naopara - MRTP,West Bengal",,,RAILWAYS,2010-09,2000-03,,907.69,1032.76,5608.5,,,2664.44,2006-12,2010-08,,,,,0,0,,,,fr_sept_2010.pdf,Sector-Wise analysis of projects,54,364
FR_201009_365,,220100272,365,"TARAKESWAR - BISHNUPUR NEW BG LINE (NL), ER - ER,West Bengal Total",NL,,RAILWAYS,2010-09,2000-04,,157.96,49023.84,762.33,,,292.34,2009-12,,2010-12,,,,0,0,,,,fr_sept_2010.pdf,Sector-Wise analysis of projects,54,365
FR_201009_366,,240100206,366,"COCHIN PORT, NH-47 (PORT CONNECTIVITY) KMS 348 - KMS 358 - NHAI,Kerala",PORT CONNECTIVITY,,ROAD TRANSPORT & HIGHWAYS,2010-09,2000-04,,106.0,,193.0,,,141.7,2006-08,,2010-10,,,,0,0,,,,fr_sept_2010.pdf,Sector-Wise analysis of projects,54,366
FR_201009_367,,240106222,367,"AYODHYA - LUCKNOW (LMNHP-I) NH- 28, KM.45 TO KM.8.2 - NHAI,Uttar Pradesh",LMNHP-I,,ROAD TRANSPORT & HIGHWAYS,2010-09,2003-12,,193.0,,193.0,,,284.1,2008-10,,2010-10,,,,0,0,,,,fr_sept_2010.pdf,Sector-Wise analysis of projects,54,367
FR_201009_368,,240106225,368,"AYODHYA - LUCKNOW (LMNHP-II) KM.93.075 TO KM.45, NH-28 - NHAI,Uttar Pradesh",LMNHP-II,,ROAD TRANSPORT & HIGHWAYS,2010-09,2003-12,,217.0,,217.0,,,310.3,2008-10,,2010-10,,,,0,0,,,,fr_sept_2010.pdf,Sector-Wise analysis of projects,54,368
FR_201009_369,,240106245,369,"GORAKHPUR-AYODHYA (LMNHP- 6),NH-28, KM.251.70 TO KM.208.00 - NHAI,Uttar Pradesh",LMNHP- 6,,ROAD TRANSPORT & HIGHWAYS,2010-09,2003-12,,239.0,,239.0,,,389.9,2008-10,,2010-10,,,,0,0,,,,fr_sept_2010.pdf,Sector-Wise analysis of projects,54,369
FR_201009_370,,240106268,370,"JALANDAR-AMRITSAR, KM.407/100 TO KM.456/100, NH-1 - NHAI,Punjab",,,ROAD TRANSPORT & HIGHWAYS,2010-09,2005-03,,263.0,,263.0,,,420.8,2009-02,,2010-10,,,,0,0,,,,fr_sept_2010.pdf,Sector-Wise analysis of projects,54,370
FR_201009_371,,N24000076,371,"HYDERABAD-BANGALORE SEC.(NS CORR.PH-II)[KM 251-293 - NHAI,Andhra Pradesh",NS CORR.PH-II,,ROAD TRANSPORT & HIGHWAYS,2010-09,2003-12,,208.46,,208.46,,,193.7,2009-08,,2010-10,,,,0,0,,,,fr_sept_2010.pdf,Sector-Wise analysis of projects,54,371
FR_201009_372,,N24000077,372,"HYDERABAD-BANGALORE SEC.(NS CORR.PH-II)[KM 293.4-3 - NHAI,Andhra Pradesh",NS CORR.PH-II,,ROAD TRANSPORT & HIGHWAYS,2010-09,2003-12,,239.19,,239.19,,,224.5,2009-09,,2010-10,,,,0,0,,,,fr_sept_2010.pdf,Sector-Wise analysis of projects,54,372
FR_201009_373,,N24000078,373,"HYDERABAD-BANGALORE SEC.(NS CORR.PH-II)[KM 336-376 - NHAI,Andhra Pradesh",NS CORR.PH-II,,ROAD TRANSPORT & HIGHWAYS,2010-09,2003-12,,243.38,52.0,243.38,,,261.4,2008-09,,2010-10,,,,0,0,,,,fr_sept_2010.pdf,Sector-Wise analysis of projects,54,373
FR_201009_374,,N24000079,374,"HYDERABAD-BANGALORE SEC.(NS CORR.PH-II)[KM 376-418 - NHAI,Andhra Pradesh",NS CORR.PH-II,,ROAD TRANSPORT & HIGHWAYS,2010-09,2003-12,,205.92,,205.92,,,204.4,2009-08,,2010-10,,,,0,0,,,,fr_sept_2010.pdf,Sector-Wise analysis of projects,55,374
FR_201009_375,,N24000080,375,"HYDERABAD-BANGALORE SEC.(NS CORR.PH-II)[KM 418-463 - NHAI,Andhra Pradesh",NS CORR.PH-II,,ROAD TRANSPORT & HIGHWAYS,2010-09,2003-12,,243.64,,243.64,,,254.7,2009-08,,2010-10,,,,0,0,,,,fr_sept_2010.pdf,Sector-Wise analysis of projects,55,375
FR_201009_376,,N24000081,376,"HYDERABAD-BANGALORE SEC.(NS CORR.PH-II)[KM 211-251 - NHAI,Andhra Pradesh",NS CORR.PH-II,,ROAD TRANSPORT & HIGHWAYS,2010-09,2003-12,,194.8,,194.8,,,174.0,2009-08,,2010-10,,,,0,0,,,,fr_sept_2010.pdf,Sector-Wise analysis of projects,55,376
FR_201009_377,,N24000095,377,"LAKHNADON TO MP/MH BORDER (NS-1/BOT/MP-2), NH-7 - NHAI,Madhya pradesh",NS-1/BOT/MP-2,,ROAD TRANSPORT & HIGHWAYS,2010-09,2003-12,,263.17,,263.17,,,232.5,2009-09,,2010-10,,,,0,0,,,,fr_sept_2010.pdf,Sector-Wise analysis of projects,55,377
FR_201009_378,,N24000104,378,"BANGALORE-NEELAMANGLALA NH-4 - NHAI,Karnataka",,,ROAD TRANSPORT & HIGHWAYS,2010-09,2005-03,,445.0,,445.0,,,802.0,2010-07,,2010-10,,,,0,0,,,,fr_sept_2010.pdf,Sector-Wise analysis of projects,55,378
FR_201009_379,,N24000106,379,"BANGLORE - HOSKOTE MUDBOGAL SECTION NH-4 - NHAI,Karnataka",,,ROAD TRANSPORT & HIGHWAYS,2010-09,2005-03,,565.0,,565.0,,,881.0,2010-07,,2010-10,,,,0,0,,,,fr_sept_2010.pdf,Sector-Wise analysis of projects,55,379
FR_201009_380,,N24000121,380,"AMRITSAR-WAGHA BORDER - NHAI,Punjab",,,ROAD TRANSPORT & HIGHWAYS,2010-09,2008-06,,205.88,,205.88,,,214.9,2010-06,,2010-10,,,,0,0,,,,fr_sept_2010.pdf,Sector-Wise analysis of projects,55,380
FR_201009_381,,240106202,381,"CHENNAI BYPASS (NHAI) OTHERS, NH-45, 4 & 5 - NHAI,Tamil Nadu",NHAI,,ROAD TRANSPORT & HIGHWAYS,2010-09,2003-12,,480.0,,480.0,,,837.9,2007-11,,2010-11,,,,0,0,,,,fr_sept_2010.pdf,Sector-Wise analysis of projects,55,381
FR_201009_382,,240106276,382,"MADURAI-ARUPKOTTAI-TUTICORIN, KM.138.8 TO KM.264.5, NH-45 B - NHAI,Tamil Nadu",,,ROAD TRANSPORT & HIGHWAYS,2010-09,2005-03,,629.0,,629.0,,,876.9,2010-11,,2010-11,,,,0,0,,,,fr_sept_2010.pdf,Sector-Wise analysis of projects,55,382
FR_201009_383,,240101132,383,"HAVERI-HARIHAR (GQ) KM.340- KM.284 (NH-4) - NHAI,Karnataka",NH-4,,ROAD TRANSPORT & HIGHWAYS,2010-09,2000-04,,241.0,,196.65,,,99.15,2004-08,,2010-12,,,,0,0,,,,fr_sept_2010.pdf,Sector-Wise analysis of projects,55,383
FR_201009_384,,240101133,384,"HARIHAR-CHITRADURGA (GQ) KM.284-KM.207 (NH-4) - NHAI,Karnataka",NH-4,,ROAD TRANSPORT & HIGHWAYS,2010-09,2000-04,,318.0,,207.56,,,110.72,2004-08,,2010-12,,,,0,0,,,,fr_sept_2010.pdf,Sector-Wise analysis of projects,55,384
FR_201009_385,,240103191,385,"PURNEA-GOYAKOTA SEC.(EW) (NS & EW-PH-I) KM.419-KM.447, NH-31 - NHAI,Bihar",NS & EW-PH-I,,ROAD TRANSPORT & HIGHWAYS,2010-09,2000-04,,205.73,,205.73,,,244.3,2004-07,,2010-12,,,,0,0,,,,fr_sept_2010.pdf,Sector-Wise analysis of projects,55,385
FR_201009_386,,240106203,386,"IMPROVEMENT OF ACCESS OF GQ WITHIN CHENNAI CITY(NHAI) OTHERS - NHAI,Tamil Nadu",NHAI,,ROAD TRANSPORT & HIGHWAYS,2010-09,2003-12,,210.0,,210.0,,,653.8,2007-04,,2010-12,,,,0,0,,,,fr_sept_2010.pdf,Sector-Wise analysis of projects,55,386
FR_201009_387,,240106204,387,"GARHMUKTESHWAR-MURADABAD (NHAI) OTHERS KM.93-149.25, NH-24 - NHAI,Uttar Pradesh",NHAI,,ROAD TRANSPORT & HIGHWAYS,2010-09,2003-12,,275.0,,275.0,,,284.0,2007-09,,2010-12,,,,0,0,,,,fr_sept_2010.pdf,Sector-Wise analysis of projects,55,387
FR_201009_388,,240106216,388,"GAGODHAR-GARAMORE(PK-IV,NH15) KM 245 TO 281.3 AND 308 TO 254 - NHAI,Gujarat","PK-IV,NH15",,ROAD TRANSPORT & HIGHWAYS,2010-09,2003-12,,412.78,,479.54,,,424.6,2007-11,,2010-12,,,,0,0,,,,fr_sept_2010.pdf,Sector-Wise analysis of projects,55,388
FR_201009_389,,240106235,389,"VIJAYAPUR TO PATHANKOT (J&K) NH-1A KM.16.35 TO KM.50.00 - NHAI,J & K",J&K,,ROAD TRANSPORT & HIGHWAYS,2010-09,2003-12,,193.09,,193.09,,,140.3,2008-03,,2010-12,,,,0,0,,,,fr_sept_2010.pdf,Sector-Wise analysis of projects,55,389
FR_201009_390,,240106236,390,"VIJAYAPUR TO PATHANKOT (NS- 35/J&K) NH-1A KM.50 TO KM.80 - NHAI,J & K",NS- 35/J&K,,ROAD TRANSPORT & HIGHWAYS,2010-09,2003-12,,166.27,,166.27,,,105.3,2008-03,,2010-12,,,,0,0,,,,fr_sept_2010.pdf,Sector-Wise analysis of projects,55,390
FR_201009_391,,240106237,391,"PATHANKOT- BHOGPUR, KM.26- KM.70, NH-1A - NHAI,Punjab",,,ROAD TRANSPORT & HIGHWAYS,2010-09,2003-12,,284.0,53.0,284.0,,,299.1,2008-05,,2010-12,,,,0,0,,,,fr_sept_2010.pdf,Sector-Wise analysis of projects,55,391
FR_201009_392,,240106240,392,"MADURAI -KANIAKUMARI SECTION (NS-41/TN) NH-7,KM.80 TO KM.120 - NHAI,Tamil Nadu",NS-41/TN,,ROAD TRANSPORT & HIGHWAYS,2010-09,2003-12,,323.36,,323.36,,,189.9,2008-03,,2010-12,,,,0,0,,,,fr_sept_2010.pdf,Sector-Wise analysis of projects,56,392
FR_201009_393,,240106247,393,"GORAKHPUR-AYODHYA (LMNHP- 4),NH-28, KM.164.00 TO KM.135.00 - NHAI,Uttar Pradesh",LMNHP- 4,,ROAD TRANSPORT & HIGHWAYS,2010-09,2003-12,,205.0,,205.0,,,312.4,2008-10,,2010-12,,,,0,0,,,,fr_sept_2010.pdf,Sector-Wise analysis of projects,56,393
FR_201009_394,,240106248,394,"AYODHYA-LUCKNOW (LMNHP-3),NH- 28, KM.135.000 TO KM.93.075 - NHAI,Uttar Pradesh",LMNHP-3,,ROAD TRANSPORT & HIGHWAYS,2010-09,2003-12,,212.0,,212.0,,,330.6,2008-10,,2010-12,,,,0,0,,,,fr_sept_2010.pdf,Sector-Wise analysis of projects,56,394
FR_201009_395,,240106260,395,"AURANG-RAIPUR, NH-6, KM.232 TO KM.281 - NHAI,Chhatisgarh",,,ROAD TRANSPORT & HIGHWAYS,2010-09,2005-03,,190.0,,190.0,,,221.7,2009-01,,2010-12,,,,0,0,,,,fr_sept_2010.pdf,Sector-Wise analysis of projects,56,395
FR_201009_396,,240106289,396,"NAGAON BYPASS (NH-37)(NHAI) - NHAI,Assam",NHAI,,ROAD TRANSPORT & HIGHWAYS,2010-09,2003-12,,230.0,,230.0,,,289.0,2008-06,,2010-12,,,,0,0,,,,fr_sept_2010.pdf,Sector-Wise analysis of projects,56,396
FR_201009_397,,240106296,397,"DARBHANGA-MUZAFFARPUR(KM 30 TO KM 0), NH-57 (NHAI) - NHAI,Bihar",NHAI,,ROAD TRANSPORT & HIGHWAYS,2010-09,2003-12,,291.8,,291.8,,,425.5,2008-06,,2010-12,,,,0,0,,,,fr_sept_2010.pdf,Sector-Wise analysis of projects,56,397
FR_201009_398,,240106297,398,"KOTA BYPASS,RJ-4, NH-76 (NHAI) - NHAI,Rajasthan",NHAI,,ROAD TRANSPORT & HIGHWAYS,2010-09,2003-12,,275.0,,250.39,,,253.2,2008-10,,2010-12,,,,0,0,,,,fr_sept_2010.pdf,Sector-Wise analysis of projects,56,398
FR_201009_399,,240106302,399,"SAGAR - RAJMARG CHORAHA,KM 255-297, NH-26 (NHAI) - NHAI,Madhya pradesh",NHAI,,ROAD TRANSPORT & HIGHWAYS,2010-09,2003-12,,206.96,,206.96,,,281.9,2008-10,,2010-12,,,,0,0,,,,fr_sept_2010.pdf,Sector-Wise analysis of projects,56,399
FR_201009_400,,N24000028,400,"SILIGURI TO ISLAMPUR (WB-7) - NHAI,West Bengal",WB-7,,ROAD TRANSPORT & HIGHWAYS,2010-09,2003-12,,225.0,,225.0,,,169.8,2008-07,,2010-12,,,,0,0,,,,fr_sept_2010.pdf,Sector-Wise analysis of projects,56,400
FR_201009_401,,N24000037,401,"THRISSUR TO ANGAMALI (NH-47) - NHAI,Kerala",NH-47,,ROAD TRANSPORT & HIGHWAYS,2010-09,2003-12,,312.5,,312.5,,,477.0,2009-03,,2010-12,,,,0,0,,,,fr_sept_2010.pdf,Sector-Wise analysis of projects,56,401
FR_201009_402,,N24000040,402,"NEW MANGALORE PORT NH-17 AND 48 - NHAI,Karnataka",,,ROAD TRANSPORT & HIGHWAYS,2010-09,2000-04,,196.5,,196.5,,,196.1,2008-06,,2010-12,,,,0,0,,,,fr_sept_2010.pdf,Sector-Wise analysis of projects,56,402
FR_201009_403,,N24000045,403,"ASSAM/WB BORDER TO GAIRKATTA (WB-1) - NHAI,West Bengal",WB-1,,ROAD TRANSPORT & HIGHWAYS,2010-09,2003-12,,221.82,,221.82,,,186.3,2008-11,,2010-12,,,,0,0,,,,fr_sept_2010.pdf,Sector-Wise analysis of projects,56,403
FR_201009_404,,N24000055,404,"NAGPUR-KONDHALI,NH-6(NHAI) - NHAI,Maharashtra",NHAI,,ROAD TRANSPORT & HIGHWAYS,2010-09,2005-03,,168.0,,168.0,,,305.42,2008-12,,2010-12,,,,0,0,,,,fr_sept_2010.pdf,Sector-Wise analysis of projects,56,404
FR_201009_405,,N24000056,405,"THANJAUR-TRICHY,NH-67(NHAI) - NHAI,Tamil Nadu",NHAI,,ROAD TRANSPORT & HIGHWAYS,2010-09,2005-03,,280.0,,280.0,,,573.0,2009-06,,2010-12,,,,0,0,,,,fr_sept_2010.pdf,Sector-Wise analysis of projects,56,405
FR_201009_406,,N24000094,406,"LAKHNAADON TO MP/MH BORDER,KM 596.75-653 (NS- 1/BOT/MP-2),NH7 - NHAI,Madhya pradesh",NS- 1/BOT/MP-2,,ROAD TRANSPORT & HIGHWAYS,2010-09,2003-12,,407.6,,407.6,,,182.0,2010-06,,2010-12,,,,0,0,,,,fr_sept_2010.pdf,Sector-Wise analysis of projects,56,406
FR_201009_407,,N24000116,407,"BALASORE BHADRAK (REVIVED) KM 136.5 - 199.14 NH-5 - NHAI,Orissa",REVIVED,,ROAD TRANSPORT & HIGHWAYS,2010-09,2000-04,,228.7,,228.7,,,88.78,2004-02,,2010-12,,,,0,0,,,,fr_sept_2010.pdf,Sector-Wise analysis of projects,56,407
FR_201009_408,,240106262,408,"GONDE-VADAPE(THANE), NH-3, KM.440/000 TO KM.539/500 - NHAI,Maharashtra",THANE,,ROAD TRANSPORT & HIGHWAYS,2010-09,2005-03,,579.0,,579.0,,,678.7,2009-04,,2011-01,,,,0,0,,,,fr_sept_2010.pdf,Sector-Wise analysis of projects,56,408
FR_201009_409,,N24000035,409,"NALBARI TO BIJNI (AS-8) - NHAI,Assam",AS-8,,ROAD TRANSPORT & HIGHWAYS,2010-09,2003-12,,200.0,,200.0,,,186.8,2008-06,,2011-01,,,,0,0,,,,fr_sept_2010.pdf,Sector-Wise analysis of projects,56,409
FR_201009_410,,N24000088,410,"GWALIOR BYPSS, NH-75,3 - NHAI,Madhya pradesh",,,ROAD TRANSPORT & HIGHWAYS,2010-09,2003-12,,300.93,,300.93,,,232.1,2009-10,,2011-01,,,,0,0,,,,fr_sept_2010.pdf,Sector-Wise analysis of projects,56,410
FR_201009_411,,N24000099,411,"TRICHY - DINDIGUAL NH-45 - NHAI,Tamil Nadu",,,ROAD TRANSPORT & HIGHWAYS,2010-09,2005-03,,576.0,,576.0,,,340.0,2010-07,,2011-01,,,,0,0,,,,fr_sept_2010.pdf,Sector-Wise analysis of projects,56,411
FR_201009_412,,N24000100,412,"PONDICHERY - TINDIVANAU NH-66 - NHAI,Tamil Nadu",,,ROAD TRANSPORT & HIGHWAYS,2010-09,2005-03,,285.0,54.0,285.0,,,240.0,2010-07,,2011-01,,,,0,0,,,,fr_sept_2010.pdf,Sector-Wise analysis of projects,56,412
FR_201009_413,,N24000118,413,"END OF DURG BYPASS- CHHATISGARH/MAHARASHTRA BORDER - NHAI,Chhatisgarh",,,ROAD TRANSPORT & HIGHWAYS,2010-09,2008-01,,464.0,,464.0,,,391.7,2011-01,,2011-01,,,,0,0,,,,fr_sept_2010.pdf,Sector-Wise analysis of projects,57,413
FR_201009_414,,240100207,414,"SILCHAR-UDARBAND (PH.II) HN-54, KM.309 TO KM.275 - NHAI,Assam",PH.II,,ROAD TRANSPORT & HIGHWAYS,2010-09,2003-12,,157.47,,154.57,,,137.8,2007-09,,2011-03,,,,0,0,,,,fr_sept_2010.pdf,Sector-Wise analysis of projects,57,414
FR_201009_415,,240104196,415,"HALDIA PORT (PORT CONNECTIVITY) (NH-41) - NHAI,West Bengal",NH-41,,ROAD TRANSPORT & HIGHWAYS,2010-09,2000-04,,273.0,,522.0,,,333.4,2005-03,,2011-03,,,,0,0,,,,fr_sept_2010.pdf,Sector-Wise analysis of projects,57,415
FR_201009_416,,240106220,416,"JHANSI BYPASS (UP-3), KM.104- KM.91, NH-25 - NHAI,Uttar Pradesh",UP-3,,ROAD TRANSPORT & HIGHWAYS,2010-09,2003-12,,158.06,,158.06,,,157.8,2005-08,,2011-03,,,,0,0,,,,fr_sept_2010.pdf,Sector-Wise analysis of projects,57,416
FR_201009_417,,240106223,417,"MEHSI TO KOTWA (LMNHP-II), PH.II, KM.480 TO KM.440, NH-28 - NHAI,Bihar",LMNHP-II,,ROAD TRANSPORT & HIGHWAYS,2010-09,2003-12,,239.0,,239.0,,,265.1,2005-07,,2011-03,,,,0,0,,,,fr_sept_2010.pdf,Sector-Wise analysis of projects,57,417
FR_201009_418,,240106224,418,"MUZZAFFARPUR TO MEHSI (LMNHP- 12), KM.520 TO 480, NH-28 - NHAI,Bihar",LMNHP- 12,,ROAD TRANSPORT & HIGHWAYS,2010-09,2003-12,,275.0,,275.0,,,292.4,2005-07,,2011-03,,,,0,0,,,,fr_sept_2010.pdf,Sector-Wise analysis of projects,57,418
FR_201009_419,,240106243,419,"KOTWA TO DEWAPUR(10 LMNHP),NH-28 PHASE-II, KM.440 TO KM.402 - NHAI,Bihar",10 LMNHP,,ROAD TRANSPORT & HIGHWAYS,2010-09,2003-12,,240.0,,240.0,,,202.5,2008-10,,2011-03,,,,0,0,,,,fr_sept_2010.pdf,Sector-Wise analysis of projects,57,419
FR_201009_420,,240106249,420,"ORAI TO JHANSI (UP-4),NH-25, KM.170.0 TO KM.104.0 - NHAI,Uttar Pradesh",UP-4,,ROAD TRANSPORT & HIGHWAYS,2010-09,2003-12,,451.97,,451.97,,,502.0,2008-04,,2011-03,,,,0,0,,,,fr_sept_2010.pdf,Sector-Wise analysis of projects,57,420
FR_201009_421,,240106250,421,"ORAI TO JHANSI (UP-5),NH-25, KM.220.0 TO KM.170.0 - NHAI,Uttar Pradesh",UP-5,,ROAD TRANSPORT & HIGHWAYS,2010-09,2003-12,,340.68,,340.68,,,300.7,2008-03,,2011-03,,,,0,0,,,,fr_sept_2010.pdf,Sector-Wise analysis of projects,57,421
FR_201009_422,,240106256,422,"MEERUT-MUZAFFARNAGAR, NH-58 PHASE-III, KM.52.25 TO KM.131.00 - NHAI,Uttar Pradesh",,,ROAD TRANSPORT & HIGHWAYS,2010-09,2005-03,,359.0,,359.0,,,570.3,2009-03,,2011-03,,,,0,0,,,,fr_sept_2010.pdf,Sector-Wise analysis of projects,57,422
FR_201009_423,,240106277,423,"HARANGAJO TO MAIBANG (AS-23), KM.126.450 TO KM.140.700 - NHAI,Assam",AS-23,,ROAD TRANSPORT & HIGHWAYS,2010-09,2003-12,,280.0,,280.0,,,139.4,2009-02,,2011-03,,,,0,0,,,,fr_sept_2010.pdf,Sector-Wise analysis of projects,57,423
FR_201009_424,,240106286,424,"LANKA TO DABOKA (NH-54)(NHAI) - NHAI,Assam",NHAI,,ROAD TRANSPORT & HIGHWAYS,2010-09,2003-12,,225.0,,225.0,,,201.6,2008-06,,2011-03,,,,0,0,,,,fr_sept_2010.pdf,Sector-Wise analysis of projects,57,424
FR_201009_425,,240106299,425,"LALITPUR TO SAGAR, NH-26 (NHAI) - NHAI,Madhya pradesh",NHAI,,ROAD TRANSPORT & HIGHWAYS,2010-09,2003-12,,198.0,,198.0,,,132.1,2008-11,,2011-03,,,,0,0,,,,fr_sept_2010.pdf,Sector-Wise analysis of projects,57,425
FR_201009_426,,240106300,426,"LALITPUR TO SAGAR KM 132 TO KM 187, NH-26 (NHAI) - NHAI,Madhya pradesh",NHAI,,ROAD TRANSPORT & HIGHWAYS,2010-09,2003-12,,225.0,,225.0,,,205.3,2008-10,,2011-03,,,,0,0,,,,fr_sept_2010.pdf,Sector-Wise analysis of projects,57,426
FR_201009_427,,N24000030,427,"RINGBUNDS TO JHAJHANPUR (BR-6) - NHAI,Bihar",BR-6,,ROAD TRANSPORT & HIGHWAYS,2010-09,2003-12,,340.0,,340.0,,,485.1,2008-06,,2011-03,,,,0,0,,,,fr_sept_2010.pdf,Sector-Wise analysis of projects,57,427
FR_201009_428,,N24000036,428,"SITAPUR-LUCKNOW - NHAI,Uttar Pradesh",,,ROAD TRANSPORT & HIGHWAYS,2010-09,2005-03,,322.0,,322.0,,,275.4,2009-06,,2011-03,,,,0,0,,,,fr_sept_2010.pdf,Sector-Wise analysis of projects,57,428
FR_201009_429,,N24000044,429,"SONAPUR TO GUWAHTI (AS-3) - NHAI,Assam",AS-3,,ROAD TRANSPORT & HIGHWAYS,2010-09,2003-12,,245.0,,245.0,,,245.9,2008-03,,2011-03,,,,0,0,,,,fr_sept_2010.pdf,Sector-Wise analysis of projects,57,429
FR_201009_430,,N24000047,430,"NALBARI TO BIJNI (AS-6) - NHAI,Assam",AS-6,,ROAD TRANSPORT & HIGHWAYS,2010-09,2003-12,,225.0,,225.0,,,144.5,2008-06,,2011-03,,,,0,0,,,,fr_sept_2010.pdf,Sector-Wise analysis of projects,57,430
FR_201009_431,,N24000069,431,"BARA TO ORAI, NH-2, 25 - NHAI,Uttar Pradesh",,,ROAD TRANSPORT & HIGHWAYS,2010-09,2003-12,,465.0,,465.0,,,33.65,2009-04,,2011-03,,,,0,0,,,,fr_sept_2010.pdf,Sector-Wise analysis of projects,57,431
FR_201009_432,,N24000087,432,"KURALI-KIRATPUR, NH-21 - NHAI,Punjab",,,ROAD TRANSPORT & HIGHWAYS,2010-09,2005-03,,309.0,55.0,309.0,,,485.2,2010-06,,2011-03,,,,0,0,,,,fr_sept_2010.pdf,Sector-Wise analysis of projects,57,432
FR_201009_433,,N24000089,433,"GWALIOR-JHANSI, NH-75 - NHAI,Multi State",,,ROAD TRANSPORT & HIGHWAYS,2010-09,2003-12,,604.0,,604.0,,,257.4,2009-12,,2011-03,,,,0,0,,,,fr_sept_2010.pdf,Sector-Wise analysis of projects,58,433
FR_201009_434,,N24000096,434,"JHANSI TO LALITPUR, NH-25,26 - NHAI,Uttar Pradesh",,,ROAD TRANSPORT & HIGHWAYS,2010-09,2003-12,,355.06,,355.06,,,243.5,2009-09,,2011-03,,,,0,0,,,,fr_sept_2010.pdf,Sector-Wise analysis of projects,58,434
FR_201009_435,,N24000097,435,"JHANSI TO LALITPUR, NH-26 - NHAI,Uttar Pradesh",,,ROAD TRANSPORT & HIGHWAYS,2010-09,2003-12,,276.09,,276.09,,,184.6,2009-09,,2011-03,,,,0,0,,,,fr_sept_2010.pdf,Sector-Wise analysis of projects,58,435
FR_201009_436,,N24000103,436,"NEELAMANGALAR JUNCTION ON NH- 4 SMITH NH-48 TO DEVI - NHAI,Karnataka",,,ROAD TRANSPORT & HIGHWAYS,2010-09,2005-03,,441.0,,441.0,,,632.8,2010-07,,2011-03,,,,0,0,,,,fr_sept_2010.pdf,Sector-Wise analysis of projects,58,436
FR_201009_437,,N24000108,437,"DHOLPUR - MORENA SECTION (INCLUDING CHAMBOL BRIDGE - NHAI,Multi State",,,ROAD TRANSPORT & HIGHWAYS,2010-09,2003-12,,232.45,,232.45,,,123.0,2010-09,,2011-03,,,,0,0,,,,fr_sept_2010.pdf,Sector-Wise analysis of projects,58,437
FR_201009_438,,240101173,438,"AGRA-SHIKOHABAD (GQ) KM.199.66- KM.250.50 (NH-2) - NHAI,Uttar Pradesh",NH-2,,ROAD TRANSPORT & HIGHWAYS,2010-09,2000-04,,367.49,,367.49,,,453.68,2005-03,,2011-04,,,,0,0,,,,fr_sept_2010.pdf,Sector-Wise analysis of projects,58,438
FR_201009_439,,240106281,439,"MAIBANG TO LUNDING (AS-27), KM.40.000 TO KM.60.500 - NHAI,Assam",AS-27,,ROAD TRANSPORT & HIGHWAYS,2010-09,2003-12,,200.0,,200.0,,,63.1,2009-04,,2011-04,,,,0,0,,,,fr_sept_2010.pdf,Sector-Wise analysis of projects,58,439
FR_201009_440,,N24000057,440,"GANJAM-ICCHAPURUM,NH-5(NHAI) - NHAI,Orissa",NHAI,,ROAD TRANSPORT & HIGHWAYS,2010-09,2000-04,,263.27,,263.27,,,220.42,2004-02,,2011-04,,,,0,0,,,,fr_sept_2010.pdf,Sector-Wise analysis of projects,58,440
FR_201009_441,,240106291,441,"KASIA TO GORAKHPUR (NH- 28)(NHAI) - NHAI,Uttar Pradesh",NHAI,,ROAD TRANSPORT & HIGHWAYS,2010-09,2003-12,,242.0,,242.0,,,328.5,2008-12,,2011-05,,,,0,0,,,,fr_sept_2010.pdf,Sector-Wise analysis of projects,58,441
FR_201009_442,,N24000117,442,"ZIRAKPUR(HARYANA) - PARWANOO(HIMACHAL PRADESH) - NHAI,Multi State",HIMACHAL PRADESH,,ROAD TRANSPORT & HIGHWAYS,2010-09,2008-02,,295.0,,295.0,,,475.8,2010-08,,2011-05,,,,0,0,,,,fr_sept_2010.pdf,Sector-Wise analysis of projects,58,442
FR_201009_443,,N24000119,443,"KALGHAT-MP/MAHARASHTRA BORDER KM 16.6-84.70 - NHAI,Madhya pradesh",,,ROAD TRANSPORT & HIGHWAYS,2010-09,2008-11,,549.0,,549.0,,,641.8,2010-05,,2011-05,,,,0,0,,,,fr_sept_2010.pdf,Sector-Wise analysis of projects,58,443
FR_201009_444,,N24000122,444,"DELHI/ HARYANA BORDER TO ROHTAK - NHAI,Haryana",,,ROAD TRANSPORT & HIGHWAYS,2010-09,2007-04,,486.0,,486.0,,,287.0,2010-05,,2011-05,,,,0,0,,,,fr_sept_2010.pdf,Sector-Wise analysis of projects,58,444
FR_201009_445,,240106205,445,"HAPUR-GARHMUKTESWAR (OTHERS) KM.58-93, NH-24 - NHAI,Uttar Pradesh",OTHERS,,ROAD TRANSPORT & HIGHWAYS,2010-09,2005-03,,220.0,,220.0,,,168.8,2007-09,,2011-06,,,,0,0,,,,fr_sept_2010.pdf,Sector-Wise analysis of projects,58,445
FR_201009_446,,240106221,446,"GANGA BRIDGE TO RAMDEVI CROSSING PH.II NH-25, KM.75-80.06 - NHAI,Uttar Pradesh",,,ROAD TRANSPORT & HIGHWAYS,2010-09,2003-12,,155.0,,201.66,,,61.17,2008-09,,2011-06,,,,0,0,,,,fr_sept_2010.pdf,Sector-Wise analysis of projects,58,446
FR_201009_447,,240106246,447,"GORAKHPUR-AYODHYA (LMNHP- 5),NH-28, KM.208.00 TO KM.164.00 - NHAI,Uttar Pradesh",LMNHP- 5,,ROAD TRANSPORT & HIGHWAYS,2010-09,2003-12,,227.0,,227.0,,,,2008-10,,2011-06,,,,0,0,,,,fr_sept_2010.pdf,Sector-Wise analysis of projects,58,447
FR_201009_448,,240106292,448,"UP/BIHAR BORDER TO KASIA (NH- 28)(NHAI) - NHAI,Uttar Pradesh",NHAI,,ROAD TRANSPORT & HIGHWAYS,2010-09,2003-12,,227.0,,227.0,,,306.8,2008-12,,2011-06,,,,0,0,,,,fr_sept_2010.pdf,Sector-Wise analysis of projects,58,448
FR_201009_449,,240106294,449,"FORBESGANJ TO SIMRAHI (NH- 57)(NHAI) - NHAI,Bihar",NHAI,,ROAD TRANSPORT & HIGHWAYS,2010-09,2003-12,,332.94,,332.94,,,219.9,2008-09,,2011-06,,,,0,0,,,,fr_sept_2010.pdf,Sector-Wise analysis of projects,58,449
FR_201009_450,,240106304,450,"RAJMARG CHORAHA TO LAKHNANDON,KM 297 TO KM 351, NH-26 (NHAI) - NHAI,Madhya pradesh",NHAI,,ROAD TRANSPORT & HIGHWAYS,2010-09,2003-12,,251.03,,251.03,,,205.6,2008-10,,2011-06,,,,0,0,,,,fr_sept_2010.pdf,Sector-Wise analysis of projects,58,450
FR_201009_451,,240106305,451,"RAJMARG CHORAHA TO LAKHNANDON,KM 351 TO KM 405.7, NH-26 (NHA - NHAI,Madhya pradesh",,,ROAD TRANSPORT & HIGHWAYS,2010-09,2003-12,,229.91,56.0,229.91,,,150.3,2008-10,,2011-06,,,,0,0,,,,fr_sept_2010.pdf,Sector-Wise analysis of projects,58,451
FR_201009_452,,N24000049,452,"DHARAMTUL TO SONAPUR,KM 205- 183 (AS-20) - NHAI,Assam",AS-20,,ROAD TRANSPORT & HIGHWAYS,2010-09,2003-12,,160.0,,160.0,,,85.57,2008-05,,2011-06,,,,0,0,,,,fr_sept_2010.pdf,Sector-Wise analysis of projects,59,452
FR_201009_453,,N24000085,453,"GORAKHPUR BYPASS, NH-28, PHASE-II EAST-WEST CORRID - NHAI,Uttar Pradesh",,,ROAD TRANSPORT & HIGHWAYS,2010-09,2003-12,,600.24,,600.24,,,524.2,2009-10,,2011-06,,,,0,0,,,,fr_sept_2010.pdf,Sector-Wise analysis of projects,59,453
FR_201009_454,,N24000090,454,"KOSI BRIDGE INCLUDING APPROACHES AND GUIDE BOND AN - NHAI,Bihar",,,ROAD TRANSPORT & HIGHWAYS,2010-09,2003-12,,418.04,,418.04,,,252.7,2010-03,,2011-06,,,,0,0,,,,fr_sept_2010.pdf,Sector-Wise analysis of projects,59,454
FR_201009_455,,N24000101,455,"TRICHY - KORUR NH-67 - NHAI,Tamil Nadu",,,ROAD TRANSPORT & HIGHWAYS,2010-09,2005-03,,516.0,,516.0,,,452.2,2010-07,,2011-06,,,,0,0,,,,fr_sept_2010.pdf,Sector-Wise analysis of projects,59,455
FR_201009_456,,N24000102,456,"SALEM - U / UNDRUPET(BOT -1/TN- 06) NH -68 - NHAI,Tamil Nadu",BOT -1/TN- 06,,ROAD TRANSPORT & HIGHWAYS,2010-09,2005-03,,941.0,,941.0,,,598.5,2011-01,,2011-06,,,,0,0,,,,fr_sept_2010.pdf,Sector-Wise analysis of projects,59,456
FR_201009_457,,240101153,457,"SUNAKHALA-GANJAM (GQ) KM.338- KM.284 (NH-5) - NHAI,Orissa",NH-5,,ROAD TRANSPORT & HIGHWAYS,2010-09,2000-04,,225.0,,225.0,,,,2004-04,,2011-10,,,,0,0,,,,fr_sept_2010.pdf,Sector-Wise analysis of projects,59,457
FR_201009_458,,240106288,458,"DAKOBA TO NAGAON (NH-36)(NHAI) - NHAI,Assam",NHAI,,ROAD TRANSPORT & HIGHWAYS,2010-09,2003-12,,225.0,,225.0,,,203.4,2008-06,,2011-10,,,,0,0,,,,fr_sept_2010.pdf,Sector-Wise analysis of projects,59,458
FR_201009_459,,N24000107,459,"NH CONNECTIVITY TO ICTT VALLARPADAEU NH - SH - NHAI,Kerala",,,ROAD TRANSPORT & HIGHWAYS,2010-09,2005-03,,557.0,,557.0,,,914.5,2010-02,,2011-10,,,,0,0,,,,fr_sept_2010.pdf,Sector-Wise analysis of projects,59,459
FR_201009_460,,240106295,460,"DARBHANGA-MUZAFFARPUR, NH-57 (NHAI) - NHAI,Bihar",NHAI,,ROAD TRANSPORT & HIGHWAYS,2010-09,2003-12,,305.0,,305.0,,,462.0,2008-06,,2011-11,,,,0,0,,,,fr_sept_2010.pdf,Sector-Wise analysis of projects,59,460
FR_201009_461,,240106301,461,"SAGAR BY PASS,KM 187 TO KM 211 , NH-26 (NHAI) - NHAI,Uttar Pradesh",NHAI,,ROAD TRANSPORT & HIGHWAYS,2010-09,2003-12,,151.3,,151.3,,,130.0,2008-10,,2011-11,,,,0,0,,,,fr_sept_2010.pdf,Sector-Wise analysis of projects,59,461
FR_201009_462,,240106226,462,"BIJNI TO ASSAM/WB BORDER PH.II, KM.30.00 TO 0.00, NH-31 C - NHAI,Assam",,,ROAD TRANSPORT & HIGHWAYS,2010-09,2003-12,,230.0,,230.0,,,132.9,2005-06,,2011-12,,,,0,0,,,,fr_sept_2010.pdf,Sector-Wise analysis of projects,59,462
FR_201009_463,,240106290,463,"BIJNI TO ASSAM WB BORDER (NH- 31.C)(1)(NHAI) - NHAI,Assam",NHAI,,ROAD TRANSPORT & HIGHWAYS,2010-09,2003-12,,195.0,,195.0,,,125.4,2008-06,,2011-12,,,,0,0,,,,fr_sept_2010.pdf,Sector-Wise analysis of projects,59,463
FR_201009_464,,240106293,464,"BIJNI TO ASSAM /WB.BORDER (NH- 31.C)(2)(NHAI) - NHAI,Assam",NHAI,,ROAD TRANSPORT & HIGHWAYS,2010-09,2003-12,,237.8,,237.8,,,119.6,2008-06,,2011-12,,,,0,0,,,,fr_sept_2010.pdf,Sector-Wise analysis of projects,59,464
FR_201009_465,,240106303,465,"SAGAR - RAJMARG CHORAHA,KM 211 TO KM 255, NH-26 (NHAI) - NHAI,Madhya pradesh",NHAI,,ROAD TRANSPORT & HIGHWAYS,2010-09,2003-12,,203.43,,203.43,,,138.6,2008-10,,2011-12,,,,0,0,,,,fr_sept_2010.pdf,Sector-Wise analysis of projects,59,465
FR_201009_466,,N24000031,466,"JHAJHARPUR TO DARBANGA (BR-7) - NHAI,Bihar",BR-7,,ROAD TRANSPORT & HIGHWAYS,2010-09,2003-12,,340.0,,340.0,,,344.9,2008-09,,2011-12,,,,0,0,,,,fr_sept_2010.pdf,Sector-Wise analysis of projects,59,466
FR_201009_467,,N24000042,467,"NAGAON TO DHARAMTUL (AS-2) - NHAI,Assam",AS-2,,ROAD TRANSPORT & HIGHWAYS,2010-09,2003-12,,264.72,,264.72,,,189.0,2008-06,,2011-12,,,,0,0,,,,fr_sept_2010.pdf,Sector-Wise analysis of projects,59,467
FR_201009_468,,N24000048,468,"NALBARI T BIJNI (AS-7) - NHAI,Assam",AS-7,,ROAD TRANSPORT & HIGHWAYS,2010-09,2003-12,,208.0,,208.0,,,163.8,2008-04,,2011-12,,,,0,0,,,,fr_sept_2010.pdf,Sector-Wise analysis of projects,59,468
FR_201009_469,,N24000051,469,"DHARAMTUL TO SONAPUR (AS-19) - NHAI,Assam",AS-19,,ROAD TRANSPORT & HIGHWAYS,2010-09,2003-12,,200.0,,200.0,,,150.2,2008-06,,2011-12,,,,0,0,,,,fr_sept_2010.pdf,Sector-Wise analysis of projects,59,469
FR_201009_470,,N24000038,470,"GUWHATI TO NALBARI (AS-4) - NHAI,Assam",AS-4,,ROAD TRANSPORT & HIGHWAYS,2010-09,2003-12,,175.96,,175.96,,,95.16,2008-04,,2012-03,,,,0,0,,,,fr_sept_2010.pdf,Sector-Wise analysis of projects,59,470
FR_201009_471,,N24000046,471,"GUWAHATI TO NALBARI (AS-5) - NHAI,Assam",AS-5,,ROAD TRANSPORT & HIGHWAYS,2010-09,2003-12,,198.16,,198.16,,,137.8,2008-04,,2012-03,,,,0,0,,,,fr_sept_2010.pdf,Sector-Wise analysis of projects,59,471
FR_201009_472,,N24000068,472,"CHAMBAL BRIDGE, NH-76 (RJ-5) - NHAI,Rajasthan",RJ-5,,ROAD TRANSPORT & HIGHWAYS,2010-09,2003-12,,275.0,57.0,281.31,,,177.32,2010-02,,2012-03,,,,0,0,,,,fr_sept_2010.pdf,Sector-Wise analysis of projects,59,472
FR_201009_473,,N24000123,473,"PIMPALGAON-NASIK-GONDE, NH-3 (NHDP-PHASE-III) - NHAI,Maharashtra",NHDP-PHASE-III,,ROAD TRANSPORT & HIGHWAYS,2010-09,2005-03,,940.0,,940.0,,,95.5,2012-07,,2012-07,,,,0,0,,,,fr_sept_2010.pdf,Sector-Wise analysis of projects,60,473
FR_201009_474,,N24000115,474,"PATHANKOT BHOGPUR NH-1A - NHAI,Punjab",,,ROAD TRANSPORT & HIGHWAYS,2010-09,2003-12,,229.0,,229.0,,,47.42,2010-05,,2012-08,,,,0,0,,,,fr_sept_2010.pdf,Sector-Wise analysis of projects,60,474
FR_201009_475,,N24000063,475,"BRAHMPUTRA BRIDGE,NH NO-31 - NHAI,Assam",,,ROAD TRANSPORT & HIGHWAYS,2010-09,2003-12,,217.61,,217.61,,,75.75,2010-04,,2012-12,,,,0,0,,,,fr_sept_2010.pdf,Sector-Wise analysis of projects,60,475
FR_201009_476,,N24000098,476,"AGRA-BYPASS(NS-1/UP-1),KM 176.8- 13.03 NH-2,3 - NHAI,Uttar Pradesh",NS-1/UP-1,,ROAD TRANSPORT & HIGHWAYS,2010-09,2003-12,,348.16,,348.16,,,108.9,2007-09,,2013-06,,,,0,0,,,,fr_sept_2010.pdf,Sector-Wise analysis of projects,60,476
FR_201009_477,,240106278,477,"MAIBANG TO LUNDING (AS-25), KM.83.400 TO KM.111.000 - NHAI,Assam",AS-25,,ROAD TRANSPORT & HIGHWAYS,2010-09,2003-12,,199.81,,199.81,,,28.39,2009-04,,2013-12,,,,0,0,,,,fr_sept_2010.pdf,Sector-Wise analysis of projects,60,477
FR_201009_478,,240106279,478,"MAIBANG TO LUNDING (AS-26), KM.60.500 TO KM.83.400, NH-54 - NHAI,Assam",AS-26,,ROAD TRANSPORT & HIGHWAYS,2010-09,2003-12,,167.64,,167.64,,,39.49,2008-11,,2013-12,,,,0,0,,,,fr_sept_2010.pdf,Sector-Wise analysis of projects,60,478
FR_201009_479,,240106280,479,"MAIBANG TO LUNDING (AS-24), KM.111.000 TO KM.126.450 - NHAI,Assam",AS-24,,ROAD TRANSPORT & HIGHWAYS,2010-09,2003-12,,155.04,,155.04,,,28.27,2008-11,,2013-12,,,,0,0,,,,fr_sept_2010.pdf,Sector-Wise analysis of projects,60,479
FR_201009_480,,N24000061,480,"HARANGAJO TO MAIBANG,km 164.08- 190.587 NH-54 - NHAI,Assam",,,ROAD TRANSPORT & HIGHWAYS,2010-09,2003-12,,212.0,,212.0,,,35.04,2007-09,,2013-12,,,,0,0,,,,fr_sept_2010.pdf,Sector-Wise analysis of projects,60,480
FR_201009_481,,N24000062,481,"HARANGAJO TO MAIBANG, NH-54 - NHAI,Assam Total",,,ROAD TRANSPORT & HIGHWAYS,2010-09,2003-12,,196.0,34200.81,196.0,,,25.11,2009-07,,2013-12,,,,0,0,,,,fr_sept_2010.pdf,Sector-Wise analysis of projects,60,481
FR_201009_482,,250100175,482,"SETHUSAMUDRAM SHIP CHANNEL PROJECT - PORT TRUST,Tamil Nadu",,,SHIPPING & PORTS,2010-09,2005-06,,2427.4,,2427.4,,,819.11,2008-10,,2010-11,,,,0,0,,,,fr_sept_2010.pdf,Sector-Wise analysis of projects,60,482
FR_201009_483,,N25000004,483,"DEEPENING OF CHEENEL AT PARADIP PORT - PORT TRUST,Orissa",,,SHIPPING & PORTS,2010-09,2005-12,,154.84,253.36,253.36,,,221.58,2007-06,2009-07,2010-12,,,,0,0,,,,fr_sept_2010.pdf,Sector-Wise analysis of projects,60,483
FR_201009_484,,N25000015,484,"RAIL CONNECTIVITY TO ICTT AT VALLARPADAM - MUMBAI PORT TRU,Kerala",,,SHIPPING & PORTS,2010-09,2007-03,,245.67,,298.17,,,297.86,2009-04,2009-11,2010-12,,,,0,0,,,,fr_sept_2010.pdf,Sector-Wise analysis of projects,60,484
FR_201009_485,,N25000016,485,"CONST. & DEV. OF 2 OFFSHORE CONTAINER BERTHS & TER - MUMBAI PORT TRU,Maharashtra",,,SHIPPING & PORTS,2010-09,2007-11,,366.0,,366.0,,,1.43,2010-12,,2010-12,,,,0,0,,,,fr_sept_2010.pdf,Sector-Wise analysis of projects,60,485
FR_201009_486,,N25000038,486,"OPERATION, MANAG. & MAINT. OF MULTI USER-JETTY FOR - PORT TRUST,Karnataka",,,SHIPPING & PORTS,2010-09,2006-06,,230.0,,230.0,,,,2010-12,,2010-12,,,,0,0,,,,fr_sept_2010.pdf,Sector-Wise analysis of projects,60,486
FR_201009_487,,250100112,487,"ESTABLISHMENT OF VESSEL TRAFFIC SERVICES IN GULF OF KUTCH - SHIPP.,Gujarat",,,SHIPPING & PORTS,2010-09,2002-01,,165.0,,165.0,,,107.58,2005-12,,2011-01,,,,0,0,,,,fr_sept_2010.pdf,Sector-Wise analysis of projects,60,487
FR_201009_488,,N25000037,488,"C/O Berthing and Allied Facilities off tekra near - PORT TRUST,Gujarat",,,SHIPPING & PORTS,2010-09,2005-04,,882.0,,1140.0,,,0.16,2011-02,,2011-02,,,,0,0,,,,fr_sept_2010.pdf,Sector-Wise analysis of projects,60,488
FR_201009_489,,N25000029,489,"ACQUISITION OF 6 NOS. 60470 DWT LR-I PRODUCT TANKE - SHIPP.,Maharashtra",,,SHIPPING & PORTS,2010-09,2006-10,,1658.59,58.0,1658.59,,,1332.47,2010-07,,2011-03,,,,0,0,,,,fr_sept_2010.pdf,Sector-Wise analysis of projects,60,489
FR_201009_490,,N25000030,490,"ACQUISITION OF 2 NOS. OF 105000 DWT LR-II TANKERS - SHIPP.,Maharashtra",,,SHIPPING & PORTS,2010-09,2007-08,,586.58,,586.58,,,475.09,2010-11,,2011-03,,,,0,0,,,,fr_sept_2010.pdf,Sector-Wise analysis of projects,61,490
FR_201009_491,,N25000039,491,"CONSTRUCTION OF 13 & 14 CARGO BERTH AT KANDLA - PORT TRUST,Gujarat",,,SHIPPING & PORTS,2010-09,2005-12,,702.0,,755.5,,,0.73,2011-03,,2011-03,,,,0,0,,,,fr_sept_2010.pdf,Sector-Wise analysis of projects,61,491
FR_201009_492,,N25000014,492,"ACQUISITION OF 4 NO. OF ANCHOR HANDLING CUM SUPPLY - SHIPP.,Maharashtra",,,SHIPPING & PORTS,2010-09,2007-10,,359.44,,359.44,,,273.58,2011-04,,2011-04,,,,0,0,,,,fr_sept_2010.pdf,Sector-Wise analysis of projects,61,492
FR_201009_493,,N25000042,493,"Acquisition of two nos. of 120 B.P - PORT TRUST,Maharashtra",,,SHIPPING & PORTS,2010-09,2009-04,,290.85,,290.85,,,72.59,2011-03,,2011-06,,,,0,0,,,,fr_sept_2010.pdf,Sector-Wise analysis of projects,61,493
FR_201009_494,,N25000032,494,"ACQUISITION OF 4 NOS. OF 115000 DWT CRUDE OIL CARR - SHIPP.,Maharashtra",,,SHIPPING & PORTS,2010-09,2008-08,,1108.12,,1168.42,,,569.26,2011-04,,2011-12,,,,0,0,,,,fr_sept_2010.pdf,Sector-Wise analysis of projects,61,494
FR_201009_495,,N25000043,495,"Acquisition of Two nos. of 3060 DWT - PORT TRUST,Maharashtra",,,SHIPPING & PORTS,2010-09,2009-04,,277.03,,277.03,,,55.41,2011-09,,2011-12,,,,0,0,,,,fr_sept_2010.pdf,Sector-Wise analysis of projects,61,495
FR_201009_496,,N25000033,496,"ACQUISITION OF 6 NOS. OF 57000 DWT HANDYMAX BULK C - SHIPP.,Maharashtra",,,SHIPPING & PORTS,2010-09,2007-11,,1061.96,,1061.96,,,219.98,2012-03,,2012-01,,,,0,0,,,,fr_sept_2010.pdf,Sector-Wise analysis of projects,61,496
FR_201009_497,,N25000048,497,"SETTING UP OF LNG REGASIFICATION TERMINAL AT PUTHU - PORT TRUST,Kerala",,,SHIPPING & PORTS,2010-09,2009-03,,3500.0,,3500.0,,,,2012-01,,2012-01,,,,0,0,,,,fr_sept_2010.pdf,Sector-Wise analysis of projects,61,497
FR_201009_498,,N25000050,498,"Modification & Strengthening of Existing Berth No. 1 to 6 - PORT TRUST,Gujarat",,,SHIPPING & PORTS,2010-09,2010-06,,277.0,,277.0,,,,2012-03,,2012-03,,,,0,0,,,,fr_sept_2010.pdf,Sector-Wise analysis of projects,61,498
FR_201009_499,,N25000031,499,"ACQUISITION OF 4 NOS. OF 80655 DWT PANAMAX BULK CA - SHIPP.,Maharashtra",,,SHIPPING & PORTS,2010-09,2008-08,,1066.91,,968.35,,,222.91,2012-09,,2012-08,,,,0,0,,,,fr_sept_2010.pdf,Sector-Wise analysis of projects,61,499
FR_201009_500,,N25000049,500,"Mechanization of coal handling facilities to 200 - PORT TRUST,Andhra Pradesh",,,SHIPPING & PORTS,2010-09,2010-02,,444.1,,444.1,,,,2010-06,,2012-11,,,,0,0,,,,fr_sept_2010.pdf,Sector-Wise analysis of projects,61,500
FR_201009_501,,N25000003,501,"DEEPENING AND WIDENING OF MAIN HARBOUR CHANNEL AND - PORT TRUST,Maharashtra",,,SHIPPING & PORTS,2010-09,2005-10,,800.0,,800.0,,,5.22,2008-10,,,,,,0,0,,,,fr_sept_2010.pdf,Sector-Wise analysis of projects,61,501
FR_201009_502,,N25000035,502,"ENNORE MANALI EXPRESS WAY,F/O SPECIAL PURPOSE VEHI - SHIPP.,Tamil Nadu",,,SHIPPING & PORTS,2010-09,2002-10,,150.0,,309.0,,,23.26,2005-09,,,,,,0,0,,,,fr_sept_2010.pdf,Sector-Wise analysis of projects,61,502
FR_201009_503,,N25000047,503,"SETTING UP OF AN INTERNATIONAL CRUISE TERMINAL AT - PORT TRUST,Kerala Total",,,SHIPPING & PORTS,2010-09,2008-03,,375.0,17128.49,375.0,,,4698.22,2009-01,,,,,,0,0,,,,fr_sept_2010.pdf,Sector-Wise analysis of projects,61,503
FR_201009_504,,N26000065,504,"Execution of telecom network requirement of defence - BSNL,Multi State",,,TELECOMMUNICATIONS,2010-09,2006-05,,1077.0,,1077.0,,,841.0,2009-03,,2010-09,,,,0,0,,,,fr_sept_2010.pdf,Sector-Wise analysis of projects,61,504
FR_201009_505,,N26000037,505,"NIB-II PROJECT RURAL BROADBAND - BSNL,Multi State",,,TELECOMMUNICATIONS,2010-09,2007-12,,312.86,,353.0,,,234.24,2008-02,,2010-09,,,,0,0,,,,fr_sept_2010.pdf,Sector-Wise analysis of projects,61,505
FR_201009_506,,N26000051,506,"GSM EQUIPMENT OF 1625K LINES(2G) & 325K LINES IN M - BSNL,Madhya pradesh",2G,,TELECOMMUNICATIONS,2010-09,2008-06,,908.3,59.0,916.7,,,151.7,2009-08,,2010-09,,,,0,0,,,,fr_sept_2010.pdf,Sector-Wise analysis of projects,61,506
FR_201009_507,,N26000079,507,"GSM equipment of 2,00,000Lines (2G) Rajasthan ( Ph - BSNL,Rajasthan",2G,,TELECOMMUNICATIONS,2010-09,2009-09,,577.35,,577.35,,,39.86,2010-09,,2010-09,,,,0,0,,,,fr_sept_2010.pdf,Sector-Wise analysis of projects,62,507
FR_201009_508,,260100099,508,"PROJ.III OF NIB-II OF MESSAGING STORAGE - BSNL,Multi State",,,TELECOMMUNICATIONS,2010-09,2003-11,,250.0,,425.51,,,109.31,2005-12,,2010-10,,,,0,0,,,,fr_sept_2010.pdf,Sector-Wise analysis of projects,62,508
FR_201009_509,,N26000036,509,"KOLKATA TELECOM DISTRICT PH-4 - BSNL,West Bengal",,,TELECOMMUNICATIONS,2010-09,2006-09,,208.5,,208.5,,,146.0,2008-09,,2010-10,,,,0,0,,,,fr_sept_2010.pdf,Sector-Wise analysis of projects,62,509
FR_201009_510,,N26000039,510,"GSM EQUIPMENT OF 900K LINES(2G) AND 300K LINES(3G) - BSNL,Rajasthan",3G,,TELECOMMUNICATIONS,2010-09,2007-06,,601.49,,601.49,,,474.24,2008-12,,2010-10,,,,0,0,,,,fr_sept_2010.pdf,Sector-Wise analysis of projects,62,510
FR_201009_511,,N26000046,511,"GSM EQUIPMENT OF 700K LINES(2G) AND 150K LINES(3G) - BSNL,Orissa",3G,,TELECOMMUNICATIONS,2010-09,2007-11,,277.34,,277.34,,,293.29,2009-03,,2010-10,,,,0,0,,,,fr_sept_2010.pdf,Sector-Wise analysis of projects,62,511
FR_201009_512,,N26000072,512,"Implementation of FTTH, the state of the art access ,gpon eq - BSNL,Multi State",,,TELECOMMUNICATIONS,2010-09,2007-12,,952.88,,952.88,,,,2010-03,,2010-10,,,,0,0,,,,fr_sept_2010.pdf,Sector-Wise analysis of projects,62,512
FR_201009_513,,N26000073,513,"Implementation of FTTH, the state of the art Acces - BSNL,Multi State",,,TELECOMMUNICATIONS,2010-09,2007-12,,152.65,,152.65,,,,2010-03,,2010-10,,,,0,0,,,,fr_sept_2010.pdf,Sector-Wise analysis of projects,62,513
FR_201009_514,,N26000076,514,"Provision of data network for CWG delhi - MTNL,Delhi",,,TELECOMMUNICATIONS,2010-09,2009-11,,488.76,,488.76,,,198.65,2010-10,,2010-10,,,,0,0,,,,fr_sept_2010.pdf,Sector-Wise analysis of projects,62,514
FR_201009_515,,N26000087,515,"GSM equipment of 849862Lines (2G) 150138 lines 3(G - BSNL,West Bengal",2G,,TELECOMMUNICATIONS,2010-09,2008-02,,584.33,,584.33,,,377.08,2009-02,,2010-10,,,,0,0,,,,fr_sept_2010.pdf,Sector-Wise analysis of projects,62,515
FR_201009_516,,N26000088,516,"GSM equipment of 799000Lines (2G) 101000 lines 3(G - BSNL,Jharkhandd",2G,,TELECOMMUNICATIONS,2010-09,2008-03,,328.13,392.44,392.44,,,149.92,2009-03,,2010-10,,,,0,0,,,,fr_sept_2010.pdf,Sector-Wise analysis of projects,62,516
FR_201009_517,,N26000041,517,"GSM EQUIPMENT OF 390K LINES(2G) AND 130K LINES(3G) - BSNL,Punjab",3G,,TELECOMMUNICATIONS,2010-09,2008-02,,373.94,,373.94,,,176.33,2008-12,,2010-11,,,,0,0,,,,fr_sept_2010.pdf,Sector-Wise analysis of projects,62,517
FR_201009_518,,N26000043,518,"GSM EQUIPMENT OF 3125K LINES(2G) AND 625K LINES(3 - BSNL,Maharashtra",2G,,TELECOMMUNICATIONS,2010-09,2008-09,,1799.94,,1799.94,,,214.38,2009-09,,2010-11,,,,0,0,,,,fr_sept_2010.pdf,Sector-Wise analysis of projects,62,518
FR_201009_519,,N26000050,519,"GSM EQUIPMENT-480K LINES(2G) & 220K LINES(3G) IN - BSNL,Uttar Pradesh",3G,,TELECOMMUNICATIONS,2010-09,2007-05,,335.91,,335.91,,,169.43,2009-03,,2010-11,,,,0,0,,,,fr_sept_2010.pdf,Sector-Wise analysis of projects,62,519
FR_201009_520,,N26000074,520,"Procurement of DXC equipment - BSNL,Multi State",,,TELECOMMUNICATIONS,2010-09,2008-02,,229.0,,229.0,,,,2010-03,,2010-11,,,,0,0,,,,fr_sept_2010.pdf,Sector-Wise analysis of projects,62,520
FR_201009_521,,N26000081,521,"GSM equipment of 900000Lines (2G) PunjabPhase V.2 - BSNL,Punjab",2G,,TELECOMMUNICATIONS,2010-09,2008-09,,241.49,,241.49,,,89.66,2009-09,,2010-11,,,,0,0,,,,fr_sept_2010.pdf,Sector-Wise analysis of projects,62,521
FR_201009_522,,N26000082,522,"GSM equipment of 200000Lines (2G) UP(West)Phase V. - BSNL,Uttar Pradesh",West,,TELECOMMUNICATIONS,2010-09,2008-10,,336.84,,336.84,,,22.26,2009-10,,2010-11,,,,0,0,,,,fr_sept_2010.pdf,Sector-Wise analysis of projects,62,522
FR_201009_523,,N26000083,523,"GSM equipment of 975000Lines (2G) 325000 lines 3(G - BSNL,Uttar Pradesh",2G,,TELECOMMUNICATIONS,2010-09,2009-02,,625.53,625.53,625.53,,,242.56,2010-02,,2010-11,,,,0,0,,,,fr_sept_2010.pdf,Sector-Wise analysis of projects,62,523
FR_201009_524,,N26000084,524,"GSM equipment of 1100000Lines (2G) UP East Phase - BSNL,Uttar Pradesh",2G,,TELECOMMUNICATIONS,2010-09,2009-09,,624.75,,624.75,,,75.25,2010-09,,2010-11,,,,0,0,,,,fr_sept_2010.pdf,Sector-Wise analysis of projects,62,524
FR_201009_525,,N26000090,525,"GSM equipment of 1625000Lines (2G) 325000 lines 3( - BSNL,Madhya pradesh",2G,,TELECOMMUNICATIONS,2010-09,2009-11,,916.7,60.0,916.7,,,211.83,2010-11,,2010-11,,,,0,0,,,,fr_sept_2010.pdf,Sector-Wise analysis of projects,62,525
FR_201009_526,,N26000091,526,"GSM equipment of 1900000Lines (2G) 401700 lines 3( - BSNL,Tamil Nadu",2G,,TELECOMMUNICATIONS,2010-09,2009-01,,760.2,,810.37,,,720.67,2010-01,,2010-11,,,,0,0,,,,fr_sept_2010.pdf,Sector-Wise analysis of projects,63,526
FR_201009_527,,N26000094,527,"GSM equipment of 1900000Lines (2G) 335500lines 3(G - BSNL,Kerala",2G,,TELECOMMUNICATIONS,2010-09,2009-01,,848.7,,848.7,,,438.75,2010-01,,2010-11,,,,0,0,,,,fr_sept_2010.pdf,Sector-Wise analysis of projects,63,527
FR_201009_528,,N26000096,528,"ERP implementation in BSNL on Turnkey basis - BSNL,Multi State",,,TELECOMMUNICATIONS,2010-09,2009-10,,384.0,,384.0,,,12.64,2010-10,,2010-11,,,,0,0,,,,fr_sept_2010.pdf,Sector-Wise analysis of projects,63,528
FR_201009_529,,N26000016,529,"CONVERGENT BILLING AND CRM(MUMBAI) - MTNL,Maharashtra",MUMBAI,,TELECOMMUNICATIONS,2010-09,2006-01,,247.0,,247.0,,,73.73,2007-02,2010-03,2010-12,,,,0,0,,,,fr_sept_2010.pdf,Sector-Wise analysis of projects,63,529
FR_201009_530,,N26000062,530,"Assam Telecom Circle, Phase-V.I, 2G & 3G - BSNL,Assam",,,TELECOMMUNICATIONS,2010-09,2007-06,,336.81,,336.81,,,105.16,2009-01,,2010-12,,,,0,0,,,,fr_sept_2010.pdf,Sector-Wise analysis of projects,63,530
FR_201009_531,,N26000066,531,"Procurement of 2.5G DWDM equipment - BSNL,Multi State",,,TELECOMMUNICATIONS,2010-09,2006-08,,424.0,,424.0,,,,2009-03,,2010-12,,,,0,0,,,,fr_sept_2010.pdf,Sector-Wise analysis of projects,63,531
FR_201009_532,,N26000067,532,"Procurement of 10G (40 chl) DWDM equipment - BSNL,Multi State",40 chl,,TELECOMMUNICATIONS,2010-09,2006-08,,590.1,,590.1,,,,2009-03,,2010-12,,,,0,0,,,,fr_sept_2010.pdf,Sector-Wise analysis of projects,63,532
FR_201009_533,,N26000068,533,"Procurement of 10G 40 CHL (12 chi equipped) DWDM - BSNL,Multi State",12 chi equipped,,TELECOMMUNICATIONS,2010-09,2007-12,,545.5,,545.5,,,,2010-03,,2010-12,,,,0,0,,,,fr_sept_2010.pdf,Sector-Wise analysis of projects,63,533
FR_201009_534,,N26000069,534,"Procurement of STM-1 SDH equipment - BSNL,Multi State",,,TELECOMMUNICATIONS,2010-09,2007-02,,154.03,,154.03,,,,2010-03,,2010-12,,,,0,0,,,,fr_sept_2010.pdf,Sector-Wise analysis of projects,63,534
FR_201009_535,,N26000070,535,"Procurement of STM-16 MADM equipment - BSNL,Multi State",,,TELECOMMUNICATIONS,2010-09,2008-03,,355.92,,355.92,,,,2010-03,,2010-12,,,,0,0,,,,fr_sept_2010.pdf,Sector-Wise analysis of projects,63,535
FR_201009_536,,N26000071,536,"Procurement of STM-16 ADM equipment - BSNL,Multi State",,,TELECOMMUNICATIONS,2010-09,2007-02,,477.0,,477.0,,,,2010-03,,2010-12,,,,0,0,,,,fr_sept_2010.pdf,Sector-Wise analysis of projects,63,536
FR_201009_537,,N26000077,537,"Expn of existing 2G & 3G GSM N/W by 750k - MTNL,Maharashtra",,,TELECOMMUNICATIONS,2010-09,2008-10,,180.53,,180.53,,,40.92,2010-06,2010-12,2010-12,,,,0,0,,,,fr_sept_2010.pdf,Sector-Wise analysis of projects,63,537
FR_201009_538,,N26000085,538,"GSM equipment of 375000Lines (2G) 75000lines 3(G) - BSNL,West Bengal",G,,TELECOMMUNICATIONS,2010-09,2008-06,,170.23,,167.2,,,127.42,2009-06,,2010-12,,,,0,0,,,,fr_sept_2010.pdf,Sector-Wise analysis of projects,63,538
FR_201009_539,,N26000086,539,"GSM equipment of 945000Lines (2G) 225000lines 3(G) - BSNL,Bihar",G,,TELECOMMUNICATIONS,2010-09,2007-10,,366.0,,529.32,,,202.66,2008-10,,2010-12,,,,0,0,,,,fr_sept_2010.pdf,Sector-Wise analysis of projects,63,539
FR_201009_540,,N26000089,540,"GSM equipment of 1867000Lines (2G) 383000 lines 3( - BSNL,Gujarat",2G,,TELECOMMUNICATIONS,2010-09,2008-08,,868.0,,868.0,,,274.3,2009-08,,2010-12,,,,0,0,,,,fr_sept_2010.pdf,Sector-Wise analysis of projects,63,540
FR_201009_541,,N26000092,541,"GSM equipment of 1700000Lines (2G) 234100 lines 3( - BSNL,Karnataka",2G,,TELECOMMUNICATIONS,2010-09,2008-10,,677.75,719.7,719.7,,,294.44,2009-10,,2010-12,,,,0,0,,,,fr_sept_2010.pdf,Sector-Wise analysis of projects,63,541
FR_201009_542,,N26000093,542,"GSM equipment of 1500000Lines (2G) 264700lines 3(G - BSNL,Andhra Pradesh",2G,,TELECOMMUNICATIONS,2010-09,2009-01,,922.91,,922.91,,,266.06,2010-01,,2010-12,,,,0,0,,,,fr_sept_2010.pdf,Sector-Wise analysis of projects,63,542
FR_201009_543,,N26000095,543,"GSM equipment of 614000Lines (2G) 150000lines 3(G) - BSNL,Tamil Nadu",G,,TELECOMMUNICATIONS,2010-09,2009-01,,315.19,,315.19,,,106.18,2010-01,,2010-12,,,,0,0,,,,fr_sept_2010.pdf,Sector-Wise analysis of projects,63,543
FR_201009_544,,N26000011,544,"CONVERGENT BILLING AND CRM- MTNL(DELHI) - MTNL,Delhi",DELHI,,TELECOMMUNICATIONS,2010-09,2005-12,,249.0,229.41,229.41,,,66.2,2007-02,2009-11,2011-03,,,,0,0,,,,fr_sept_2010.pdf,Sector-Wise analysis of projects,63,544
FR_201009_545,,N26000078,545,"FTTH BO-3474 /08-09 in Mumbai - MTNL,Maharashtra",,,TELECOMMUNICATIONS,2010-09,2011-09,,389.86,61.0,389.86,,,2.13,2011-09,,2011-09,,,,0,0,,,,fr_sept_2010.pdf,Sector-Wise analysis of projects,63,545
FR_201009_546,,N26000029,546,"EXPANSION OF EXISTING 750K GSM NETWORK PE NO. 992 - BSNL,Maharashtra",,,TELECOMMUNICATIONS,2010-09,2006-06,,231.38,,168.3,,,94.13,2007-10,,,,,,0,0,,,,fr_sept_2010.pdf,Sector-Wise analysis of projects,64,546
FR_201009_547,,N26000034,547,"GSM BASED NETWORK EXPANSION PLAN PH-4 - BSNL,Chhatisgarh",,,TELECOMMUNICATIONS,2010-09,2007-02,,239.19,,239.19,,,104.48,2008-04,,,,,,0,0,,,,fr_sept_2010.pdf,Sector-Wise analysis of projects,64,547
FR_201009_548,,N26000040,548,"GSM EQUIPMENT OF 216650 LINES(2G) PH-5.1 - BSNL,Haryana",2G,,TELECOMMUNICATIONS,2010-09,2008-01,,192.48,,192.48,,,110.88,2009-03,,,,,,0,0,,,,fr_sept_2010.pdf,Sector-Wise analysis of projects,64,548
FR_201009_549,,N26000063,549,"MANAGED LEASED LINE NETWORK PH-VI - BSNL,Multi State",,,TELECOMMUNICATIONS,2010-09,2008-11,,350.0,,350.0,,,,,,,,,,0,0,,,,fr_sept_2010.pdf,Sector-Wise analysis of projects,64,549
FR_201009_550,,N26000064,550,"CENTRALISED TRANSMISSION NMS - BSNL,Multi State Total",,,TELECOMMUNICATIONS,2010-09,2009-08,,300.0,22779.47,300.0,,,7257.74,,,,,,,0,0,,,,fr_sept_2010.pdf,Sector-Wise analysis of projects,64,550
FR_201009_551,,280100002,551,"DELHI MRTS PHASE-II PROJECT - DMRC,Delhi",,,URBAN DEVELOPMENT,2010-09,2005-08,,8676.0,8605.36,18894.36,,,15839.63,2010-06,,2010-10,,,,0,8,,,,fr_sept_2010.pdf,Sector-Wise analysis of projects,64,551
FR_201009_552,,N28000008,552,"BANGALORE METRO RAIL PROJECT - MRTP,Karnataka Total",,,URBAN DEVELOPMENT,2010-09,2006-05,,6395.0,15071.0,11609.0,,,2954.59,2011-12,,2013-03,,,,6,6,,,,fr_sept_2010.pdf,Sector-Wise analysis of projects,64,552
FR_201009_553,,300100001,553,"PAGLADIYA DAM PROJECT - MoWR,Assam Total Grand Total",,,WATER RESOURCES,2010-09,2001-01,,542.9,542.9,1187.0,,,35.49,2007-12,,2012-12,,,,0,0,,,,fr_sept_2010.pdf,Sector-Wise analysis of projects,64,553
