observation_id,project_id,project_code,serial_no,project_name,agency,state,sector,report_date,approval_date,approval_date_revised,original_cost_crore,revised_cost_crore,anticipated_cost_crore,cost_overrun_original_crore,cost_overrun_revised_crore,cumulative_expenditure_crore,original_completion_date,revised_completion_date,anticipated_completion_date,time_overrun_original_months,time_overrun_revised_months,additional_delay_months,milestones_achieved,milestones_total,physical_progress_pct,delay_reason,status,source.report,source.table,source.page,source.serial_no
FR_201202_001,,N02000010,1,"KAKRAPAR ATOMIC POWER PROJECT - 3 and 4 - NPCIL,Gujarat",,,ATOMIC ENERGY,2012-02,2009-10,,11459.0,,11459.0,,,1418.0,2015-12,,2016-11,,,,0,70,,,,FR_FEB_2012.pdf,Sector-Wise analysis of projects,46,1
FR_201202_002,,020100040,2,"KUDANKULAM APP (NPCIL) - NPCIL,Tamil Nadu",NPCIL,,ATOMIC ENERGY,2012-02,2001-12,,13171.0,,15824.0,,,14326.0,2008-12,,2013-03,,,,39,106,,,,FR_FEB_2012.pdf,Sector-Wise analysis of projects,46,2
FR_201202_003,,020100044,3,"PROTOTYPE FAST BREEDER REACTOR (BHAVINI, 500 MWE) - BHAVNI,Tamil Nadu","BHAVINI, 500 MWE",,ATOMIC ENERGY,2012-02,2003-09,,3492.0,,5677.0,,,3410.82,2010-09,,2012-01,,,,5,80,,,,FR_FEB_2012.pdf,Sector-Wise analysis of projects,46,3
FR_201202_004,,N02000027,4,"RAJASTHAN ATOMIC POWER PROJECT -7 and 8 (2X700 MW) - NPCIL,Rajasthan",2X700 MW,,ATOMIC ENERGY,2012-02,2009-10,,12320.0,,12320.0,,,888.0,2016-12,,2017-03,,,,0,69,,,,FR_FEB_2012.pdf,Sector-Wise analysis of projects,46,4
FR_201202_005,,N02000007,5,"URANIUM ORE MINE and PROCESSING PLANT AT TUMMALAP - UCIL,Andhra Pradesh Total",,,ATOMIC ENERGY,2012-02,2007-09,,1106.29,41548.29,1106.29,,,1000.7,2011-04,,2012-04,,,,0,0,,,,FR_FEB_2012.pdf,Sector-Wise analysis of projects,46,5
FR_201202_006,,N04000037,6,"C/O INTEGRATED PASSENGER TER. BULD. NSCBI AIRPORT - AAI,West Bengal",,,CIVIL AVIATION,2012-02,2008-08,,1942.51,,2325.0,,,1770.64,2011-05,,2012-10,,,,0,0,,,,FR_FEB_2012.pdf,Sector-Wise analysis of projects,46,6
FR_201202_007,,N04000050,7,"C/o new Airport at Pakyong(Sikkim) Airport - AAI,Sikkim",Sikkim,,CIVIL AVIATION,2012-02,2009-01,,309.46,,309.46,,,178.46,2011-01,,2012-12,,,,0,0,,,,FR_FEB_2012.pdf,Sector-Wise analysis of projects,46,7
FR_201202_008,,N04000069,8,"Construction of New International Terminal Building - AAI,Goa",,,CIVIL AVIATION,2012-02,2010-05,,335.61,,335.61,,,86.87,2012-05,,2012-08,,,,0,0,,,,FR_FEB_2012.pdf,Sector-Wise analysis of projects,46,8
FR_201202_009,,N04000038,9,"D/O KAMARAJ DOMESTIC TER-PH-II And EXP. ANNA INT. - AAI,Tamil Nadu",,,CIVIL AVIATION,2012-02,2008-08,,1808.0,2015.0,2015.0,,,1631.72,2011-01,,2012-02,,,,0,0,,,,FR_FEB_2012.pdf,Sector-Wise analysis of projects,46,9
FR_201202_010,,N04000065,10,"GAGAN PROJECT - AAI,Multi State Total",,,CIVIL AVIATION,2012-02,2008-09,,626.0,5021.58,626.0,,,344.55,2013-06,,2013-06,,,,0,0,,,,FR_FEB_2012.pdf,Sector-Wise analysis of projects,46,10
FR_201202_011,,N06000016,11,"ADRIYALA SHAFT PROJECT - SCCL,Andhra Pradesh",,,COAL,2012-02,2006-09,,212.34,779.26,779.26,,,249.11,2013-03,2012-09,2014-10,,,,6,22,,,,FR_FEB_2012.pdf,Sector-Wise analysis of projects,46,11
FR_201202_012,,N06000082,12,"AMLAI OC EXPANSION SECTOR 1.50 MTY - SECL,Chhatisgarh",,,COAL,2012-02,2009-11,,198.59,,198.59,,,91.95,2016-03,,2016-03,,,,0,1,,,,FR_FEB_2012.pdf,Sector-Wise analysis of projects,46,12
FR_201202_013,,N06000010,13,"AMLOHRI EPR (NCL) (6 MTY) - NCL,Madhya pradesh",6 MTY,,COAL,2012-02,2006-05,,1352.04,,1143.54,,,276.55,2014-03,,2016-03,,,,2,2,,,,FR_FEB_2012.pdf,Sector-Wise analysis of projects,46,13
FR_201202_014,,N06000067,14,"ANANTA OC EXPANSION PH-III 15.0 Mty - MCL,Orissa",,,COAL,2012-02,2008-08,,207.28,,207.28,,,70.06,,,2012-03,,,,5,7,,,,FR_FEB_2012.pdf,Sector-Wise analysis of projects,47,14
FR_201202_015,,060100096,15,"ASHOK EXPN.OCP -CCL (10 MTY) - CCL,Jharkhandd",10 MTY,,COAL,2012-02,2006-04,,471.66,341.63,341.63,,,107.77,2011-03,2012-03,2013-03,,,,0,2,,,,FR_FEB_2012.pdf,Sector-Wise analysis of projects,47,15
FR_201202_016,,N06000044,16,"BALRAM OCP EXTENSION,MCL (8.00 Mty) - MCL,Orissa",8.00 Mty,,COAL,2012-02,2007-12,,172.08,,172.08,,,100.45,,,2010-03,,,,4,4,,,,FR_FEB_2012.pdf,Sector-Wise analysis of projects,47,16
FR_201202_017,,N06000034,17,"BHUBANESWARI OCP, MCL (20.0 Mty) - MCL,Orissa",20.0 Mty,,COAL,2012-02,2007-12,,490.0,,490.1,,,105.16,,,2017-03,,,,6,12,,,,FR_FEB_2012.pdf,Sector-Wise analysis of projects,47,17
FR_201202_018,,N06000019,18,"BINA EXTN. PROJ(6.0 Mtpa) - NCL,Multi State",6.0 Mtpa,,COAL,2012-02,2006-11,,168.97,,168.97,,,40.35,2014-03,,2014-03,,,,1,2,,,,FR_FEB_2012.pdf,Sector-Wise analysis of projects,47,18
FR_201202_019,,N06000009,19,"BLOCK-B OCP NCL (3.5 MTY) - NCL,Madhya pradesh",3.5 MTY,,COAL,2012-02,2006-06,,746.04,,535.1,,,155.37,2012-03,,2015-03,,,,0,0,,,,FR_FEB_2012.pdf,Sector-Wise analysis of projects,47,19
FR_201202_020,,N06000049,20,"Batura OCP (2.0 MTY) - SECL,Madhya pradesh",2.0 MTY,,COAL,2012-02,2008-09,,203.82,,203.82,,,,2015-03,,2015-03,,,,0,1,,,,FR_FEB_2012.pdf,Sector-Wise analysis of projects,47,20
FR_201202_021,,N06000046,21,"CHURCHA ROUG (1.35MTY) - SECL,Chhatisgarh",1.35MTY,,COAL,2012-02,2008-06,,462.35,,462.35,,,262.24,,,2014-03,,,,0,4,,,,FR_FEB_2012.pdf,Sector-Wise analysis of projects,47,21
FR_201202_022,,N06000083,22,"Churi Benti UG - CCL,Jharkhandd",,,COAL,2012-02,2007-06,,163.51,,163.51,,,33.66,2011-03,2012-03,2014-03,,,,1,2,,,,FR_FEB_2012.pdf,Sector-Wise analysis of projects,47,22
FR_201202_023,,060100094,23,"DIPKA EXPANSION OCP (SECL) (20- SECL,Chhatisgarh",SECL,,COAL,2012-02,2005-07,,1268.53,,1943.66,,,1182.4,2010-03,,2014-03,,,,0,13,,,,FR_FEB_2012.pdf,Sector-Wise analysis of projects,47,23
FR_201202_024,,060100093,24,"GEVRA EXPANSION OCP (SECL) (25- 35) MTY - SECL,Chhatisgarh",25- 35,,COAL,2012-02,2005-07,,1667.55,,2675.67,,,1318.96,2010-03,,2014-03,,,,0,15,,,,FR_FEB_2012.pdf,Sector-Wise analysis of projects,47,24
FR_201202_025,,N06000042,25,"GOPAL PRASAD OCP - MCL,Orissa",,,COAL,2012-02,2008-02,,395.87,,395.87,,,59.22,,,2015-03,,,,2,12,,,,FR_FEB_2012.pdf,Sector-Wise analysis of projects,47,25
FR_201202_026,,N06000068,26,"HINGULA OC-II EXP PH-III (15 MTY) - MCL,Orissa",15 MTY,,COAL,2012-02,2008-11,,475.93,,479.63,,,91.2,,,2013-03,,,,5,7,,,,FR_FEB_2012.pdf,Sector-Wise analysis of projects,47,26
FR_201202_027,,N06000075,27,"JAGANNATHPUR OCP(3.00 MTY) - SECL,Chhatisgarh",3.00 MTY,,COAL,2012-02,2008-09,,152.43,,152.43,,,,2015-03,,2015-03,,,,1,1,,,,FR_FEB_2012.pdf,Sector-Wise analysis of projects,47,27
FR_201202_028,,N06000094,28,"JALAGAM VENGALA RAO OCP - SCCL,Andhra Pradesh",,,COAL,2012-02,2011-07,,447.06,,447.06,,,,,,2015-03,,,,0,31,,,,FR_FEB_2012.pdf,Sector-Wise analysis of projects,47,28
FR_201202_029,,N06000025,29,"JALLARAM SHAFT PROJECT - SCCL,Andhra Pradesh",,,COAL,2012-02,2013-03,,467.78,,467.78,,,12.31,2013-03,,2013-03,,,,3,83,,,,FR_FEB_2012.pdf,Sector-Wise analysis of projects,47,29
FR_201202_030,,N06000020,30,"JHANJRA R-VI SEAM PSLW - ECL,West Bengal",,,COAL,2012-02,2006-11,,287.18,,287.17,,,,2011-03,,2015-03,,,,0,1,,,,FR_FEB_2012.pdf,Sector-Wise analysis of projects,47,30
FR_201202_031,,N06000048,31,"KAKATIYA LAONGWALL - SCCL,Multi State",,,COAL,2012-02,2008-12,,453.63,,453.63,,,71.46,2012-12,,2015-03,,,,7,44,,,,FR_FEB_2012.pdf,Sector-Wise analysis of projects,47,31
FR_201202_032,,N06000035,32,"KANIHA OCP, MCL, (10.0 Mty) - MCL,Orissa",10.0 Mty,,COAL,2012-02,2007-12,,457.77,,457.77,,,117.04,,,2013-03,,,,6,11,,,,FR_FEB_2012.pdf,Sector-Wise analysis of projects,47,32
FR_201202_033,,N06000088,33,"KARMA OCP - CCL,Jharkhandd",,,COAL,2012-02,2009-06,,162.46,,162.46,,,31.63,2014-03,,2014-03,,,,0,0,,,,FR_FEB_2012.pdf,Sector-Wise analysis of projects,47,33
FR_201202_034,,N06000076,34,"KARTALI (EAST) OCP(2.50 MTY) - SECL,Chhatisgarh",2.50 MTY,,COAL,2012-02,2008-07,,178.44,,178.44,,,,2014-03,,2014-03,,,,0,1,,,,FR_FEB_2012.pdf,Sector-Wise analysis of projects,47,34
FR_201202_035,,N06000091,35,"KHADIA EXPANSION OPENCAST PROJECT 4 TO 10 MTPA,6MT - NCL,Uttar Pradesh",,,COAL,2012-02,2011-06,,1131.28,1131.28,1131.28,,,,2018-03,,2018-03,,,,0,0,,,,FR_FEB_2012.pdf,Sector-Wise analysis of projects,47,35
FR_201202_036,,N06000007,36,"KRISHNASHILA (NCL) (4MTY) - NCL,Madhya pradesh",4MTY,,COAL,2012-02,2006-05,,789.88,,741.62,,,330.54,2010-03,,2013-03,,,,2,2,,,,FR_FEB_2012.pdf,Sector-Wise analysis of projects,47,36
FR_201202_037,,060100092,37,"KULDA OCP (MAHANADI COALFIELDS LTD) - MCL,Orissa",MAHANADI COALFIELDS LTD,,COAL,2012-02,2005-01,,302.96,,302.96,,,87.87,2010-03,,2012-03,,,,9,11,,,,FR_FEB_2012.pdf,Sector-Wise analysis of projects,48,37
FR_201202_038,,N06000008,38,"KUSMUNDA EXPN.OCP(SECL)(10- 15MTY) - SECL,Chhatisgarh",10- 15MTY,,COAL,2012-02,2006-06,,737.65,,1188.31,,,623.41,,,2013-03,,,,0,8,,,,FR_FEB_2012.pdf,Sector-Wise analysis of projects,48,38
FR_201202_039,,N06000089,39,"Kistaram OCP - SCCL,Andhra Pradesh",,,COAL,2012-02,2010-11,,242.29,,242.29,,,,2015-03,,2015-03,,,,0,28,,,,FR_FEB_2012.pdf,Sector-Wise analysis of projects,48,39
FR_201202_040,,N06000015,40,"MAGADH OC (CCL) - CCL,Jharkhandd",CCL,,COAL,2012-02,2006-07,,469.78,706.4,706.4,,,18.16,2012-07,2014-03,2016-03,,,,1,2,,,,FR_FEB_2012.pdf,Sector-Wise analysis of projects,48,40
FR_201202_041,,N06000081,41,"MANIKPUR OC EXPANTION (3.50 MTY) - SECL,Chhatisgarh",3.50 MTY,,COAL,2012-02,2009-11,,321.42,,321.5,,,209.33,,,2014-03,,,,0,5,,,,FR_FEB_2012.pdf,Sector-Wise analysis of projects,48,41
FR_201202_042,,N06000080,42,"MANUGURU OC-II EXTENSION PHASE-II - SCCL,Andhra Pradesh",,,COAL,2012-02,2010-03,,181.19,,181.19,,,36.68,2012-03,,2013-03,,,,8,34,,,,FR_FEB_2012.pdf,Sector-Wise analysis of projects,48,42
FR_201202_043,,N06000098,43,"Moonidih XV Seam UG - BCCL,Jharkhandd",,,COAL,2012-02,2011-08,,1230.27,,1230.27,,,,2015-04,,2015-04,,,,0,0,,,,FR_FEB_2012.pdf,Sector-Wise analysis of projects,48,43
FR_201202_044,,N06000096,44,"Muraidih UG - BCCL,Jharkhandd",,,COAL,2012-02,2011-02,,339.88,,339.88,,,,2014-04,,2014-04,,,,0,0,,,,FR_FEB_2012.pdf,Sector-Wise analysis of projects,48,44
FR_201202_045,,N06000095,45,"NEYVELI NEW THERMAL POWER PROJECT(2x500 MW) - NLC,Tamil Nadu",2x500 MW,,COAL,2012-02,2011-06,,5907.11,,5907.11,,,6.57,,,2015-12,,,,0,33,,,,FR_FEB_2012.pdf,Sector-Wise analysis of projects,48,45
FR_201202_046,,N06000033,46,"NIGAHI OC EXPANSION PROJECT 10 MTY TO 15 MTY, SINGRAULI - NCL,Madhya pradesh",,,COAL,2012-02,2007-10,,259.4,,259.4,,,0.95,2012-03,,2012-03,,,,0,1,,,,FR_FEB_2012.pdf,Sector-Wise analysis of projects,48,46
FR_201202_047,,N06000084,47,"North Urimari OCP - CCL,Jharkhandd",,,COAL,2012-02,2007-12,,179.87,,179.87,,,62.45,2012-03,2012-03,2014-03,,,,0,2,,,,FR_FEB_2012.pdf,Sector-Wise analysis of projects,48,47
FR_201202_048,,N06000045,48,"PELMA OCP(10.00MTY) - SECL,Chhatisgarh",10.00MTY,,COAL,2012-02,2008-07,,448.32,,448.32,,,,2015-03,,2015-03,,,,0,1,,,,FR_FEB_2012.pdf,Sector-Wise analysis of projects,48,48
FR_201202_049,,N06000066,49,"PENGANGA OC - WCL,Maharashtra",,,COAL,2012-02,2008-10,,339.77,,339.77,,,0.7,,,2015-03,,,,0,1,,,,FR_FEB_2012.pdf,Sector-Wise analysis of projects,48,49
FR_201202_050,,N06000085,50,"Purnadih OCP - CCL,Jharkhandd",,,COAL,2012-02,2008-07,,210.98,,210.98,,,32.02,2013-03,,2013-03,,,,0,2,,,,FR_FEB_2012.pdf,Sector-Wise analysis of projects,48,50
FR_201202_051,,N06000056,51,"RAJMAHAL OC EXP. - ECL,Multi State",,,COAL,2012-02,2006-02,,50.08,,153.82,,,19.96,2011-03,,2014-03,,,,0,1,,,,FR_FEB_2012.pdf,Sector-Wise analysis of projects,48,51
FR_201202_052,,N06000078,52,"RAMAGUNDAM OC-II EXTENSION - SCCL,Andhra Pradesh",,,COAL,2012-02,2009-12,,418.97,,418.97,,,80.13,2012-03,,2013-03,,,,21,27,,,,FR_FEB_2012.pdf,Sector-Wise analysis of projects,48,52
FR_201202_053,,N06000093,53,"RCE OF INDARAM OCP(1.20 MTPA) - SCCL,Andhra Pradesh",1.20 MTPA,,COAL,2012-02,2011-07,,162.76,,162.76,,,1.21,,,2015-03,,,,0,29,,,,FR_FEB_2012.pdf,Sector-Wise analysis of projects,48,53
FR_201202_054,,N06000079,54,"RKP OCP PHASE-I - SCCL,Andhra Pradesh",,,COAL,2012-02,2010-03,,209.78,,209.78,,,21.53,2015-03,,2015-03,,,,4,31,,,,FR_FEB_2012.pdf,Sector-Wise analysis of projects,48,54
FR_201202_055,,N06000087,55,"Rajrappa RCE OCP - CCL,Jharkhandd",,,COAL,2012-02,2009-12,,510.85,,510.85,,,282.99,2016-03,,2016-03,,,,1,2,,,,FR_FEB_2012.pdf,Sector-Wise analysis of projects,48,55
FR_201202_056,,N06000017,56,"SHANTIKHANI LONGWALL PROJ- SCCL - SCCL,Andhra Pradesh",,,COAL,2012-02,2006-10,,249.03,,249.03,,,43.19,2012-03,,2012-03,,,,11,41,,,,FR_FEB_2012.pdf,Sector-Wise analysis of projects,48,56
FR_201202_057,,N06000043,57,"TALABIRA OCP - MCL,Orissa",,,COAL,2012-02,2008-03,,447.72,,447.72,,,34.28,,,2016-03,,,,1,12,,,,FR_FEB_2012.pdf,Sector-Wise analysis of projects,48,57
FR_201202_058,,060100087,58,"TPS-II EXPANSION (1470MW TO 1970MW) (NLC) - NLC,Tamil Nadu",NLC,,COAL,2012-02,2004-10,,2030.78,2980.0,3027.0,,,2374.35,2009-06,,2012-07,,,,19,24,,,,FR_FEB_2012.pdf,Sector-Wise analysis of projects,48,58
FR_201202_059,,N06000047,59,"TUTICORIN THERMAL POWER PROJECT - NLC,Tamil Nadu",,,COAL,2012-02,2008-05,,4904.54,4909.54,4909.54,,,2570.74,,,2013-02,,,,0,39,,,,FR_FEB_2012.pdf,Sector-Wise analysis of projects,49,59
FR_201202_060,,N06000086,60,"Tapin OCP - CCL,Jharkhandd Total",,,COAL,2012-02,2008-08,,264.68,33604.55,264.68,,,94.75,2012-03,2013-03,2014-03,,,,0,2,,,,FR_FEB_2012.pdf,Sector-Wise analysis of projects,49,60
FR_201202_061,,N08000005,61,"BATHINDA - AMMONIA PLANT FEEDSTOCK CHANGEOVER PROJ - NFL,Punjab",,,FERTILISERS,2012-02,2010-01,,1294.19,,1294.19,,,449.32,2013-01,,2013-01,,,,0,5,,,,FR_FEB_2012.pdf,Sector-Wise analysis of projects,49,61
FR_201202_062,,N08000008,62,"CAPACITY ENHANCEMENT OF AMMONIA AND UREA PLANT VIJ - NFL,Madhya pradesh",,,FERTILISERS,2012-02,2008-09,,438.0,,438.0,,,168.93,2011-07,,2012-04,,,,0,0,,,,FR_FEB_2012.pdf,Sector-Wise analysis of projects,49,62
FR_201202_063,,N08000007,63,"CAPACITY ENHANCEMENT OF VIJAIPUR-I PLANTS - NFL,Madhya pradesh",,,FERTILISERS,2012-02,2008-09,,325.0,,325.0,,,151.41,2011-07,,2012-03,,,,0,0,,,,FR_FEB_2012.pdf,Sector-Wise analysis of projects,49,63
FR_201202_064,,N08000006,64,"NANGAL - AMMONIA PLANT FEEDSTOCK PROJECT - NFL,Punjab",,,FERTILISERS,2012-02,2010-01,,1478.63,,1478.63,,,449.28,2013-01,,2013-01,,,,8,8,,,,FR_FEB_2012.pdf,Sector-Wise analysis of projects,49,64
FR_201202_065,,N08000004,65,"PANIPAT - AMMONIA PLANT FEEDSTOCK CHANGEOVER PROJE - NFL,Haryana",,,FERTILISERS,2012-02,2010-01,,1292.84,,1292.84,,,386.72,2013-01,,2013-01,,,,0,5,,,,FR_FEB_2012.pdf,Sector-Wise analysis of projects,49,65
FR_201202_066,,N08000003,66,"THAL AMMONIA REVAMP PROJECT - RCF,Haryana Total",,,FERTILISERS,2012-02,2009-01,,488.75,5317.41,488.75,,,275.67,2012-04,,2012-04,,,,7,22,,,,FR_FEB_2012.pdf,Sector-Wise analysis of projects,49,66
FR_201202_067,,N12000072,67,"1.2 MTPA PELLET PLANT DONIMALAI - NMDC,Karnataka",,,STEEL,2012-02,2011-04,,572.0,,572.0,,,,2013-04,,2013-04,,,,0,0,,,,FR_FEB_2012.pdf,Sector-Wise analysis of projects,49,67
FR_201202_068,,N12000069,68,"330 TPH BOILER-6 AND AUXILIARY SYSTEM - RINL,Andhra Pradesh",,,STEEL,2012-02,2007-07,,260.0,,350.0,,,232.76,2010-08,,2012-05,,,,0,1,,,,FR_FEB_2012.pdf,Sector-Wise analysis of projects,49,68
FR_201202_069,,N12000068,69,"67.5 MW TG-5 AUX. S'TEM EMERGENCY POWER REQUIREM - RINL,Andhra Pradesh",,,STEEL,2012-02,2007-07,,230.0,,343.58,,,240.27,2011-02,,2012-06,,,,2,3,,,,FR_FEB_2012.pdf,Sector-Wise analysis of projects,49,69
FR_201202_070,,N12000073,70,"7.0 MTPA KUMARASWAMY IRON ORE MINE - NMDC,Karnataka",,,STEEL,2012-02,2011-02,,898.55,,898.55,,,,2013-05,,2013-05,,,,0,0,,,,FR_FEB_2012.pdf,Sector-Wise analysis of projects,49,70
FR_201202_071,,N12000023,71,"700TPD ARI SEPARATION UNIT-4 AT OXYGEN PLANT-II, BHILLAI - SAIL,Chhatisgarh",,,STEEL,2012-02,2007-07,,232.93,,232.93,,,183.65,2011-05,,2012-05,,,,1,1,,,,FR_FEB_2012.pdf,Sector-Wise analysis of projects,49,71
FR_201202_072,,N12000053,72,"Augmentation of Iron Ore Storage in RMHP - RINL,Multi State",,,STEEL,2012-02,2008-05,,480.0,,460.0,,,178.25,2012-05,,2012-12,,,,1,2,,,,FR_FEB_2012.pdf,Sector-Wise analysis of projects,49,72
FR_201202_073,,N12000018,73,"Bailadila Iron Ore Deposit- IIB(NMDC) - NMDC,Chhatisgarh",NMDC,,STEEL,2012-02,2007-01,,295.89,607.17,607.17,,,317.49,2011-12,,2012-03,,,,15,21,,,,FR_FEB_2012.pdf,Sector-Wise analysis of projects,49,73
FR_201202_074,,N12000038,74,"COKE OVEN BATTERY NO. 4 PHASE- II - RINL,Andhra Pradesh",,,STEEL,2012-02,2007-08,,108.0,,216.68,,,63.54,2012-10,,2012-10,,,,3,4,,,,FR_FEB_2012.pdf,Sector-Wise analysis of projects,49,74
FR_201202_075,,N12000075,75,"ENHANCEMENT OF PROD. CAP. AT BOLANI I/O MINES - SAIL,Orissa",,,STEEL,2012-02,2011-11,,254.55,,254.55,,,3.05,2013-11,,2013-11,,,,0,0,,,,FR_FEB_2012.pdf,Sector-Wise analysis of projects,50,75
FR_201202_076,,N12000057,76,"EXPANSION OF BHILAI STEEL PLANT - SAIL,Chhatisgarh",,,STEEL,2012-02,2008-09,,17265.0,,17265.0,,,4758.04,2013-03,,2013-09,,,,18,20,,,,FR_FEB_2012.pdf,Sector-Wise analysis of projects,50,76
FR_201202_077,,N12000055,77,"EXPANSION OF BOKARO STEEL PLANT - SAIL,Jharkhandd",,,STEEL,2012-02,2008-01,,6325.0,,6325.0,,,2419.04,2011-12,,2012-10,,,,10,11,,,,FR_FEB_2012.pdf,Sector-Wise analysis of projects,50,77
FR_201202_078,,N12000074,78,"EXPANSION OF DURGAPUR STEEL PLANT - SAIL,Chhatisgarh",,,STEEL,2012-02,2009-06,,2875.0,,2875.0,,,603.24,2012-12,,2013-03,,,,5,6,,,,FR_FEB_2012.pdf,Sector-Wise analysis of projects,50,78
FR_201202_079,,N12000051,79,"EXPANSION OF IISCO STEEL PLANT - SAIL,West Bengal",,,STEEL,2012-02,2008-02,,14443.0,16408.0,16408.0,,,12800.19,2011-12,,2012-12,,,,13,14,,,,FR_FEB_2012.pdf,Sector-Wise analysis of projects,50,79
FR_201202_080,,120100067,80,"EXPANSION OF RINL/VSP FROM 3 MTPY-6.3 MTPY OF LIQUID STEEL - RINL,Andhra Pradesh",,,STEEL,2012-02,2005-10,,8692.0,12291.0,12291.0,,,9405.92,2009-10,2012-10,2012-10,,,,57,59,,,,FR_FEB_2012.pdf,Sector-Wise analysis of projects,50,80
FR_201202_081,,N12000056,81,"EXPENSION OF ROURKELA STEEL PLANT - SAIL,Chhatisgarh",,,STEEL,2012-02,2008-09,,11812.0,11812.0,11812.0,,,6478.7,2013-03,,2013-03,,,,5,8,,,,FR_FEB_2012.pdf,Sector-Wise analysis of projects,50,81
FR_201202_082,,N12000033,82,"Rebuilding of coke oven battery No.1 and 2 (Bokar - SAIL,Jharkhandd Total Petrochemicals",,,STEEL,2012-02,2007-10,,500.9,65244.82,500.9,,,355.21,,,2012-02,,,,3,3,,,,FR_FEB_2012.pdf,Sector-Wise analysis of projects,50,82
FR_201202_083,,N16000106,83,"ASSAM GAS CRACKER PROJECT - BCPL,Assam Total",,,STEEL,2012-02,2006-04,,5460.61,8920.0,8920.0,,,3968.16,2013-12,,2013-12,,,,9,30,,,,FR_FEB_2012.pdf,Sector-Wise analysis of projects,50,83
FR_201202_084,,N16000119,84,"102 MW WIND POWER PROJECT - ONGC,Rajasthan",,,PETROLEUM,2012-02,2010-07,,1106.0,,1106.0,,,,2012-06,,2013-04,,,,0,0,,,,FR_FEB_2012.pdf,Sector-Wise analysis of projects,50,84
FR_201202_085,,N16000086,85,"ADDITIONAL DEV. OF D-1 FIELD - ONGC,Multi State",,,PETROLEUM,2012-02,2010-01,,2163.64,,2163.64,,,642.22,2012-06,,2012-12,,,,0,0,,,,FR_FEB_2012.pdf,Sector-Wise analysis of projects,50,85
FR_201202_086,,N16000065,86,"ADDITIONAL GAS PROCESSING FACILITI AT HAZIRA - ONGC,Gujarat",,,PETROLEUM,2012-02,2008-02,,370.11,,370.11,,,166.82,2011-04,,2012-07,,,,0,0,,,,FR_FEB_2012.pdf,Sector-Wise analysis of projects,50,86
FR_201202_087,,N16000064,87,"ADDITIONAL GAS PROCESSING UNITS AT URAN - ONGC,Maharashtra",,,PETROLEUM,2012-02,2008-10,,1797.35,,977.0,,,157.05,2011-12,,2013-01,,,,0,0,,,,FR_FEB_2012.pdf,Sector-Wise analysis of projects,50,87
FR_201202_088,,N16000061,88,"ASSAM RENEWAL PROJECT FOR GROUP A - ONGC,Assam",,,PETROLEUM,2012-02,2009-03,,2465.15,,2378.86,,,555.36,2013-03,,2013-03,,,,0,0,,,,FR_FEB_2012.pdf,Sector-Wise analysis of projects,50,88
FR_201202_089,,N16000120,89,"Ahmedabad Redevelopment - ONGC,Gujarat",,,PETROLEUM,2012-02,2010-11,,1916.1,,1916.1,,,5.57,2014-12,,2014-12,,,,0,0,,,,FR_FEB_2012.pdf,Sector-Wise analysis of projects,50,89
FR_201202_090,,N16000122,90,"Ankleswar Redevelopment - ONGC,Gujarat",,,PETROLEUM,2012-02,2010-11,,2189.63,,2189.63,,,4.84,2014-12,,2014-12,,,,0,0,,,,FR_FEB_2012.pdf,Sector-Wise analysis of projects,50,90
FR_201202_091,,N16000050,91,"BAWANA NANGAL PIPE LINE PROJECT - GAIL,Multi State",,,PETROLEUM,2012-02,2007-11,,1816.07,,1385.0,,,1150.46,2011-12,,2012-03,,,,0,9,,,,FR_FEB_2012.pdf,Sector-Wise analysis of projects,50,91
FR_201202_092,,N16000094,92,"BNPL SPURLINE (UTTRANCHAL AND PUNJAB) - GAIL,Multi State",UTTRANCHAL AND PUNJAB,,PETROLEUM,2012-02,2009-12,,540.92,,460.7,,,180.44,2012-07,,2013-03,,,,0,16,,,,FR_FEB_2012.pdf,Sector-Wise analysis of projects,50,92
FR_201202_093,,N16000059,93,"BRANCH PIPELINE FROM KSPL VIRAMGAON TO KANDLA - IOCL,Gujarat",,,PETROLEUM,2012-02,2009-02,,250.0,349.0,250.0,,,229.08,2013-03,2013-03,2012-03,,,,0,0,,,,FR_FEB_2012.pdf,Sector-Wise analysis of projects,51,93
FR_201202_094,,N16000108,94,"BUTADIENE EXTRACTION UNIT (BDEU) AT PANIPAT - IOCL,Haryana",BDEU,,PETROLEUM,2012-02,2009-11,,341.5,,341.5,,,46.28,2013-02,,2013-02,,,,29,42,,,,FR_FEB_2012.pdf,Sector-Wise analysis of projects,51,94
FR_201202_095,,N16000110,95,"CDU/VDU-II - CPCL,Tamil Nadu",,,PETROLEUM,2012-02,2010-03,,333.99,,333.99,,,85.97,,,2012-05,,,,21,36,,,,FR_FEB_2012.pdf,Sector-Wise analysis of projects,51,95
FR_201202_096,,N16000054,96,"COMPRESSOR STATIONS (KAILARAS AND CHAINSA) - GAIL,Multi State",KAILARAS AND CHAINSA,,PETROLEUM,2012-02,2007-11,,1167.0,,798.0,,,695.8,2011-04,2011-12,2012-04,,,,2,2,,,,FR_FEB_2012.pdf,Sector-Wise analysis of projects,51,96
FR_201202_097,,N16000084,97,"CONSTRUCTION OF 12 OFFSHORE SUPPLY VESSELS(OSV) - ONGC,Multi State",OSV,,PETROLEUM,2012-02,2007-06,,736.65,,736.65,,,257.92,2011-09,,2012-12,,,,0,0,,,,FR_FEB_2012.pdf,Sector-Wise analysis of projects,51,97
FR_201202_098,,N16000030,98,"CONSTRUCTION OF NEW PROCESS COMPLEX MHN - ONGC,Maharashtra",,,PETROLEUM,2012-02,2007-01,,2853.29,6326.4,6326.4,,,4524.63,2010-05,2012-05,2012-05,,,,0,0,,,,FR_FEB_2012.pdf,Sector-Wise analysis of projects,51,98
FR_201202_099,,N16000066,99,"CONSTRUCTION OF NEW TERMINAL AT ENNORE CHENNAI - HPCL,Tamil Nadu",,,PETROLEUM,2012-02,2008-01,,224.0,299.0,299.0,,,302.76,2011-02,2011-08,,,,,0,0,,,,FR_FEB_2012.pdf,Sector-Wise analysis of projects,51,99
FR_201202_100,,N16000127,100,"CONSTRUCTION OF ONE ETP AND THREE ETPS CUM WATER - ONGC,Assam",,,PETROLEUM,2012-02,2010-06,,202.94,,202.94,,,,2014-01,,2014-01,,,,0,0,,,,FR_FEB_2012.pdf,Sector-Wise analysis of projects,51,100
FR_201202_101,,N16000115,101,"CONSTRUCTION OF TANKS AND BLENDING FACILITY AT VAD - IOCL,Gujarat",,,PETROLEUM,2012-02,2009-02,,267.0,,267.0,,,189.43,2012-09,2012-09,2012-06,,,,0,0,,,,FR_FEB_2012.pdf,Sector-Wise analysis of projects,51,101
FR_201202_102,,N16000128,102,"CONVERSION OF RIG SAGAR SAMRAT TO MOBILE OFFSHORE - ONGC,Maharashtra",,,PETROLEUM,2012-02,2011-03,,861.79,,861.79,,,,2013-05,,2013-05,,,,0,0,,,,FR_FEB_2012.pdf,Sector-Wise analysis of projects,51,102
FR_201202_103,,N16000123,103,"Construction of 23 Immediate Supply Vessels (ISV) - ONGC,Multi State",ISV,,PETROLEUM,2012-02,2010-11,,331.2,,269.1,,,,2013-08,,2014-01,,,,0,0,,,,FR_FEB_2012.pdf,Sector-Wise analysis of projects,51,103
FR_201202_104,,N16000117,104,"Construction of 6 ETPs - ONGC,Gujarat",,,PETROLEUM,2012-02,2009-03,,302.26,,302.26,,,38.42,2012-09,,2012-09,,,,0,0,,,,FR_FEB_2012.pdf,Sector-Wise analysis of projects,51,104
FR_201202_105,,N16000103,105,"Construction of one Multipurpose Support Vessel - ONGC,Multi State",,,PETROLEUM,2012-02,2010-01,,723.64,,723.64,,,,2013-03,,2013-11,,,,0,0,,,,FR_FEB_2012.pdf,Sector-Wise analysis of projects,51,105
FR_201202_106,,N16000073,106,"DABHOL-BANGALORE PIPELINE PROJECT PHASE-I - GAIL,Multi State",,,PETROLEUM,2012-02,2009-06,,4543.43,4508.38,2300.0,,,1583.36,2012-03,2012-08,2012-08,,,,0,17,,,,FR_FEB_2012.pdf,Sector-Wise analysis of projects,51,106
FR_201202_107,,N16000089,107,"DE-BOTTLENECKING OF SMPL (Salaya-Mathura crude pip - IOCL,Maharashtra",,,PETROLEUM,2012-02,2009-12,,1584.0,,1584.0,,,7.99,,,,,,,0,0,,,,FR_FEB_2012.pdf,Sector-Wise analysis of projects,51,107
FR_201202_108,,N16000033,108,"DEVELOPMENT OF B-193 CLUSTER FIELDS - ONGC,Maharashtra",,,PETROLEUM,2012-02,2007-06,,3248.78,5633.44,5633.44,,,2498.7,2010-08,2012-03,2013-12,,,,0,0,,,,FR_FEB_2012.pdf,Sector-Wise analysis of projects,51,108
FR_201202_109,,N16000032,109,"DEVELOPMENT OF B-22 CLUSTER FIELDS - ONGC,Maharashtra",,,PETROLEUM,2012-02,2007-01,,2323.4,2920.82,2920.82,,,1173.84,2010-09,2012-03,2013-04,,,,0,0,,,,FR_FEB_2012.pdf,Sector-Wise analysis of projects,51,109
FR_201202_110,,N16000046,110,"DEVELOPMENT OF B-46 CLUSTER FIELD - ONGC,Maharashtra",,,PETROLEUM,2012-02,2007-06,,1436.21,1456.96,1436.21,,,477.6,2010-07,2012-05,2012-07,,,,0,0,,,,FR_FEB_2012.pdf,Sector-Wise analysis of projects,51,110
FR_201202_111,,N16000023,111,"DEVELOPMENT OF C-SERIES FIELDS - ONGC,Maharashtra",,,PETROLEUM,2012-02,2006-08,,3195.16,,2800.0,,,2520.91,2008-12,,2013-04,,,,0,0,,,,FR_FEB_2012.pdf,Sector-Wise analysis of projects,52,111
FR_201202_112,,N16000009,112,"DIESEL HYDRO TREATMENT PROJECT,BRPL DHALIGAON - BRPL,Assam",,,PETROLEUM,2012-02,2006-06,,1431.91,1646.39,1690.13,,,1596.8,2009-09,,2011-08,,,,0,0,,,,FR_FEB_2012.pdf,Sector-Wise analysis of projects,52,112
FR_201202_113,,N16000069,113,"DIESEL HYDROTREATOR PROJECT AT MUMBAI REFINERY - HPCL,Maharashtra",,,PETROLEUM,2012-02,2009-03,,3284.0,2174.0,2174.0,,,777.0,2011-09,2012-05,2012-05,,,,0,0,,,,FR_FEB_2012.pdf,Sector-Wise analysis of projects,52,113
FR_201202_114,,N16000068,114,"DIESEL HYDROTREATOR PROJECT AT VISAKH REFINERY - HPCL,Andhra Pradesh",,,PETROLEUM,2012-02,2009-03,,3597.0,2730.0,2730.0,,,,2011-09,2012-03,2012-03,,,,0,0,,,,FR_FEB_2012.pdf,Sector-Wise analysis of projects,52,114
FR_201202_115,,N16000118,115,"Development of BHE and BH-35 Area. - ONGC,Multi State",,,PETROLEUM,2012-02,2010-08,,372.11,,372.11,,,,2013-03,,2013-04,,,,0,0,,,,FR_FEB_2012.pdf,Sector-Wise analysis of projects,52,115
FR_201202_116,,N16000104,116,"Development of Cluster-7 Fields - ONGC,Multi State",,,PETROLEUM,2012-02,2010-03,,3241.03,,3241.03,,,1.5,2013-03,,2013-04,,,,0,0,,,,FR_FEB_2012.pdf,Sector-Wise analysis of projects,52,116
FR_201202_117,,N16000116,117,"Development of SB-14 field - ONGC,Multi State",,,PETROLEUM,2012-02,2011-01,,410.44,,410.44,,,,2012-11,,2013-05,,,,0,0,,,,FR_FEB_2012.pdf,Sector-Wise analysis of projects,52,117
FR_201202_118,,N16000105,118,"Development of WO-16 Cluster Fields - ONGC,Multi State",,,PETROLEUM,2012-02,2010-06,,2523.0,,2523.0,,,,2014-01,,2014-01,,,,0,0,,,,FR_FEB_2012.pdf,Sector-Wise analysis of projects,52,118
FR_201202_119,,N16000109,119,"EURO-IV DHDT - CPCL,Tamil Nadu",,,PETROLEUM,2012-02,2008-09,,2615.69,,2615.69,,,1763.29,,,2011-12,,,,0,116,,,,FR_FEB_2012.pdf,Sector-Wise analysis of projects,52,119
FR_201202_120,,N16000107,120,"Fluidized catalytic cracking unit(FCCU) revamp - IOCL,Uttar Pradesh",FCCU,,PETROLEUM,2012-02,2010-07,,1000.0,,1000.0,,,63.47,2013-01,,2013-01,,,,14,18,,,,FR_FEB_2012.pdf,Sector-Wise analysis of projects,52,120
FR_201202_121,,N16000062,121,"HEERA RECONSTRUCTION - ONGC,Maharashtra",,,PETROLEUM,2012-02,2008-05,,706.7,,706.7,,,696.52,2010-04,,2012-03,,,,0,0,,,,FR_FEB_2012.pdf,Sector-Wise analysis of projects,52,121
FR_201202_122,,N16000081,122,"HYDROCRACKER REVAMP AND SETTING UP A NEW CCR AT MU - BPCL,Maharashtra",,,PETROLEUM,2012-02,2008-04,,825.0,1827.0,1827.0,,,370.68,2013-04,,2013-04,,,,0,167,,,,FR_FEB_2012.pdf,Sector-Wise analysis of projects,52,122
FR_201202_123,,160100231,123,"INTEGRATED DEV OF G1 and GS-15 (ONGCL) - ONGC,Multi State",ONGCL,,PETROLEUM,2012-02,2003-04,,429.82,2218.01,2218.01,,,1918.57,2006-04,2011-05,2012-06,,,,0,0,,,,FR_FEB_2012.pdf,Sector-Wise analysis of projects,52,123
FR_201202_124,,N16000090,124,"INTEGRATED OFFSHORE CRUDE OIL HANDLING FACILITIES - IOCL,Orissa",,,PETROLEUM,2012-02,2009-12,,1492.33,,1300.0,,,984.57,2012-06,2012-06,2012-06,,,,6,8,,,,FR_FEB_2012.pdf,Sector-Wise analysis of projects,52,124
FR_201202_125,,160100216,125,"IOR GELEKI (ONGCL) - ONGC,Assam",ONGCL,,PETROLEUM,2012-02,2001-09,,390.09,1674.11,1674.11,,,1447.85,2007-03,2017-03,2017-03,,,,6,6,,,,FR_FEB_2012.pdf,Sector-Wise analysis of projects,52,125
FR_201202_126,,160100215,126,"IOR LAKWA - LAKHMANI (ONGCL) - ONGC,Assam",ONGCL,,PETROLEUM,2012-02,2001-09,,345.1,663.69,663.69,,,597.2,2007-03,2014-03,2014-03,,,,3,3,,,,FR_FEB_2012.pdf,Sector-Wise analysis of projects,52,126
FR_201202_127,,160100217,127,"IOR, RUDRASAGAR (ONGCL) - ONGC,Assam",ONGCL,,PETROLEUM,2012-02,2001-09,,113.9,438.85,438.85,,,274.39,2006-03,2013-03,2013-03,,,,6,6,,,,FR_FEB_2012.pdf,Sector-Wise analysis of projects,52,127
FR_201202_128,,N16000102,128,"Integrated Sugar, Ethanol, Cogen Power Plant at Sugauli - HPCL,Bihar",,,PETROLEUM,2012-02,2009-06,,613.54,,727.88,,,671.52,2010-12,,2011-06,,,,0,0,,,,FR_FEB_2012.pdf,Sector-Wise analysis of projects,52,128
FR_201202_129,,N16000072,129,"JAGDISHPUR-HALDIA PIPELINE PROJECT PHASE-I - GAIL,Multi State",,,PETROLEUM,2012-02,2009-07,,7596.18,,7596.18,,,2.2,2013-01,,2015-07,,,,0,0,,,,FR_FEB_2012.pdf,Sector-Wise analysis of projects,52,129
FR_201202_130,,N16000051,130,"JHAJJAR HISSAR PIPE LINE PROJECT - GAIL,Haryana",,,PETROLEUM,2012-02,2007-11,,281.07,,281.07,,,3.41,2010-10,,2014-12,,,,0,0,,,,FR_FEB_2012.pdf,Sector-Wise analysis of projects,52,130
FR_201202_131,,N16000070,131,"KARANPUR MORADABAD-KASHIPUR- RUDRAPUR PIPELINE PROJECT PHASE- - GAIL,Multi State",,,PETROLEUM,2012-02,2009-07,,238.68,252.37,204.0,,,162.35,2012-01,,2012-05,,,,3,8,,,,FR_FEB_2012.pdf,Sector-Wise analysis of projects,53,131
FR_201202_132,,N16000129,132,"KOCHI KOOTTANAD BANGLORE MANGLORE PIPELINE PH-II - GAIL,Multi State",,,PETROLEUM,2012-02,2009-06,,2915.0,,2300.0,,,612.64,2012-12,,2013-04,,,,0,21,,,,FR_FEB_2012.pdf,Sector-Wise analysis of projects,53,132
FR_201202_133,,N16000071,133,"KOCHI-KOOTANAD BANGALORE- MANGALORE PIPELINE PROJEC - GAIL,Multi State",,,PETROLEUM,2012-02,2009-06,,348.0,,261.0,,,190.97,2012-03,2012-08,2012-04,,,,2,4,,,,FR_FEB_2012.pdf,Sector-Wise analysis of projects,53,133
FR_201202_134,,N16000045,134,"MNW-NF BRIDGE PROJECT - ONGC,Maharashtra",,,PETROLEUM,2012-02,2008-05,,175.21,,162.12,,,167.9,2009-03,2012-02,2012-02,,,,0,0,,,,FR_FEB_2012.pdf,Sector-Wise analysis of projects,53,134
FR_201202_135,,N16000114,135,"MRPL Phase-III Expansion - Mangalore Refin,Karnataka",,,PETROLEUM,2012-02,2008-08,,12412.0,12160.26,12160.26,,,7883.3,2012-01,,2012-06,,,,0,0,,,,FR_FEB_2012.pdf,Sector-Wise analysis of projects,53,135
FR_201202_136,,N16000060,136,"MUMBAI HIGH NORTH DEVELOPMENT PHASE-II - ONGC,Maharashtra",,,PETROLEUM,2012-02,2009-01,,7133.39,,6855.93,,,3062.41,2012-09,,2013-09,,,,0,0,,,,FR_FEB_2012.pdf,Sector-Wise analysis of projects,53,136
FR_201202_137,,N16000039,137,"MUMBAI HIGH SOUTH REDEVELOPMENT PH-2 - ONGC,Maharashtra",,,PETROLEUM,2012-02,2007-10,,5713.03,8813.41,8813.41,,,6819.59,2010-05,2013-03,2013-03,,,,0,0,,,,FR_FEB_2012.pdf,Sector-Wise analysis of projects,53,137
FR_201202_138,,N16000121,138,"Mehesana Redevelopment - ONGC,Gujarat",,,PETROLEUM,2012-02,2010-11,,3823.0,,3823.0,,,5.67,2015-04,,2015-04,,,,0,0,,,,FR_FEB_2012.pdf,Sector-Wise analysis of projects,53,138
FR_201202_139,,N16000063,139,"NEELAM RECONSTRUCTION - ONGC,Maharashtra",,,PETROLEUM,2012-02,2008-05,,305.08,,305.08,,,296.85,2011-04,,2012-03,,,,0,0,,,,FR_FEB_2012.pdf,Sector-Wise analysis of projects,53,139
FR_201202_140,,N16000096,140,"North Tapti Gas Field Development - ONGC,Multi State",,,PETROLEUM,2012-02,2008-07,,589.7,755.76,755.76,,,533.63,2011-03,2011-05,2012-10,,,,0,0,,,,FR_FEB_2012.pdf,Sector-Wise analysis of projects,53,140
FR_201202_141,,N16000031,141,"OFFSHORE GRID INTERCONNECTIVITY PROJECT IN MUMBAI HIGH - ONGC,Maharashtra",,,PETROLEUM,2012-02,2007-01,,740.02,,740.02,,,417.93,2010-03,2012-03,2013-03,,,,0,0,,,,FR_FEB_2012.pdf,Sector-Wise analysis of projects,53,141
FR_201202_142,,N16000058,142,"PARADIP REFINERY PROJECT - IOCL,Orissa",,,PETROLEUM,2012-02,2009-02,,29777.0,,30426.0,,,13742.98,2012-11,,2013-06,,,,57,100,,,,FR_FEB_2012.pdf,Sector-Wise analysis of projects,53,142
FR_201202_143,,N16000088,143,"PARADIP-RAIPUR-SAMBALPUR- RANCHI PIPELINE - IOCL,Multi State",,,PETROLEUM,2012-02,2009-08,,1793.0,,1400.0,,,557.13,2012-09,2012-09,2012-09,,,,0,11,,,,FR_FEB_2012.pdf,Sector-Wise analysis of projects,53,143
FR_201202_144,,N16000112,144,"PETROCHEMICAL COMPLEX-II AT VIJAYPUR AND PATA - GAIL,Multi State",,,PETROLEUM,2012-02,2010-08,,8140.0,,8140.0,,,687.12,2014-02,,2014-02,,,,0,0,,,,FR_FEB_2012.pdf,Sector-Wise analysis of projects,53,144
FR_201202_145,,N16000113,145,"Polypropylene unit - Mangalore Refin,Karnataka",,,PETROLEUM,2012-02,2009-05,,1803.78,,1803.78,,,527.41,2012-07,,2012-07,,,,0,0,,,,FR_FEB_2012.pdf,Sector-Wise analysis of projects,53,145
FR_201202_146,,N16000083,146,"REFRIGERATED LPG STORAGE AT JNPT - BPCL,Maharashtra",,,PETROLEUM,2012-02,2008-06,,304.4,,304.4,,,262.37,2010-09,,2011-09,,,,10,60,,,,FR_FEB_2012.pdf,Sector-Wise analysis of projects,53,146
FR_201202_147,,N16000057,147,"RESITEMENT OF MARKETING INSTALATION AT VISAKHAPATT - HPCL,Andhra Pradesh",,,PETROLEUM,2012-02,2009-01,,756.0,898.0,898.0,,,812.91,2011-09,2012-03,2012-03,,,,0,0,,,,FR_FEB_2012.pdf,Sector-Wise analysis of projects,53,147
FR_201202_148,,N16000044,148,"REVAMPING OF WIN PLATFORM AT MH ASSET - ONGC,Maharashtra",,,PETROLEUM,2012-02,2008-05,,333.4,837.54,656.51,,,345.93,2010-05,2012-04,2012-05,,,,0,0,,,,FR_FEB_2012.pdf,Sector-Wise analysis of projects,53,148
FR_201202_149,,N16000098,149,"Up-gradation of Konaban GGS and Pipeline Grid Project - ONGC,Tripura",,,PETROLEUM,2012-02,2008-07,,288.04,288.04,288.04,,,145.16,2012-08,,2012-08,,,,0,0,,,,FR_FEB_2012.pdf,Sector-Wise analysis of projects,53,149
FR_201202_150,,N16000093,150,"VKPL UPGRADATION AND LAYING OF SPURLINE (TO BHILWARA AND CHI - GAIL,Multi State",,,PETROLEUM,2012-02,2009-12,,463.32,,330.47,,,194.58,2012-03,,2012-03,,,,0,20,,,,FR_FEB_2012.pdf,Sector-Wise analysis of projects,54,150
FR_201202_151,,N16000126,151,"WIND ENERGY - GAIL,Multi State",,,PETROLEUM,2012-02,2011-05,,616.0,,616.0,,,268.08,,,2012-03,,,,0,18,,,,FR_FEB_2012.pdf,Sector-Wise analysis of projects,54,151
FR_201202_152,,N16000101,152,"Wax Project - NRL,Assam Total",,,PETROLEUM,2012-02,2010-06,,576.6,149804.77,576.6,,,23.22,2013-12,2013-12,2013-12,,,,0,0,,,,FR_FEB_2012.pdf,Sector-Wise analysis of projects,54,152
FR_201202_153,,N18000069,153,"765 KV POOLING STATION AND NETWORK WITH DVC AND MA - PGCIL,Multi State",,,POWER,2012-02,2008-08,,7075.33,,7075.33,,,4573.5,2012-08,,2012-08,,,,0,0,,,,FR_FEB_2012.pdf,Sector-Wise analysis of projects,54,153
FR_201202_154,,N18000068,154,"765 KV SYSTEM FOR CENTRAL PART OF NORTHERN GRID PA - PGCIL,Multi State",,,POWER,2012-02,2009-02,,1347.32,,1347.32,,,964.2,2012-02,,2012-06,,,,0,0,,,,FR_FEB_2012.pdf,Sector-Wise analysis of projects,54,154
FR_201202_155,,N18000079,155,"765KV SYSTEM FOR CENTRAL PART OF NORTHERN GRID PAR - PGCIL,Multi State",,,POWER,2012-02,2009-11,,1075.12,,1075.12,,,417.2,2012-05,,2012-05,,,,0,0,,,,FR_FEB_2012.pdf,Sector-Wise analysis of projects,54,155
FR_201202_156,,N18000078,156,"765KV SYSTEM FOR CENTRAL PART OF NORTHERN REGION G - PGCIL,Multi State",,,POWER,2012-02,2009-07,,1736.36,,1736.36,,,694.2,2012-06,,2012-06,,,,0,0,,,,FR_FEB_2012.pdf,Sector-Wise analysis of projects,54,156
FR_201202_157,,N18000047,157,"BARH STPP STAGE -II - NTPC,Bihar",,,POWER,2012-02,2008-02,,7341.04,,7341.04,,,3487.0,2013-08,,2014-01,,,,5,18,,,,FR_FEB_2012.pdf,Sector-Wise analysis of projects,54,157
FR_201202_158,,180100242,158,"BARH STPP STAGE I (3X660MW) NTPC - NTPC,Bihar",3X660MW,,POWER,2012-02,2003-12,,8692.97,,8693.0,,,6509.0,2009-12,,2014-12,,,,25,47,,,,FR_FEB_2012.pdf,Sector-Wise analysis of projects,54,158
FR_201202_159,,N18000041,159,"BONGAIGAON THERMAL POWER PROJECT - NTPC,Assam",,,POWER,2012-02,2008-01,,4375.35,,4375.35,,,2793.0,2011-06,,2014-04,,,,1,29,,,,FR_FEB_2012.pdf,Sector-Wise analysis of projects,54,159
FR_201202_160,,180100241,160,"CHAMERA,STAGE-III (NHPC) - NHPC,Himachal Pr.",NHPC,,POWER,2012-02,2005-08,,1405.63,,2084.0,,,1780.21,2010-08,2011-08,2012-04,,,,0,2,,,,FR_FEB_2012.pdf,Sector-Wise analysis of projects,54,160
FR_201202_161,,N18000007,161,"CHUTAK HYDRO-ELECTRIC PROJECT (NHPC) - NHPC,J and K",NHPC,,POWER,2012-02,2006-08,,621.26,,913.25,,,724.04,2011-02,2011-08,2012-12,,,,1,4,,,,FR_FEB_2012.pdf,Sector-Wise analysis of projects,54,161
FR_201202_162,,N18000111,162,"COMMON SYSTEM ASSOCIATED WITH ISGS PROJECTS IN KRISHNAPATTNA - PGCIL,Andhra Pradesh",,,POWER,2012-02,2011-08,,1637.34,,1637.34,,,24.1,2014-08,,2014-08,,,,0,0,,,,FR_FEB_2012.pdf,Sector-Wise analysis of projects,54,162
FR_201202_163,,N18000103,163,"Common System Associated with Coastal Energen Priv - PGCIL,Tamil Nadu",,,POWER,2012-02,2011-09,,1940.13,,1940.13,,,150.7,2014-09,,2014-09,,,,0,0,,,,FR_FEB_2012.pdf,Sector-Wise analysis of projects,54,163
FR_201202_164,,N18000004,164,"EASTERN REGION STRENGTHENING SCHEME-I - PGCIL,Multi State",,,POWER,2012-02,2006-10,,975.96,,975.66,,,748.4,2009-10,,2012-03,,,,20,20,,,,FR_FEB_2012.pdf,Sector-Wise analysis of projects,54,164
FR_201202_165,,N18000100,165,"EASTERN REGION TRANSMISSION SYSTEM-III - PGCIL,Multi State",,,POWER,2012-02,2010-07,,1272.8,,1272.8,,,154.7,2012-11,,2012-11,,,,0,0,,,,FR_FEB_2012.pdf,Sector-Wise analysis of projects,54,165
FR_201202_166,,N18000101,166,"ESTABLISHMENT OF POOLING STATIONS AT CHAMPA - PGCIL,Chhatisgarh",,,POWER,2012-02,2011-05,,1961.87,,1961.87,,,135.6,2014-05,,2014-05,,,,0,0,,,,FR_FEB_2012.pdf,Sector-Wise analysis of projects,54,166
FR_201202_167,,N18000092,167,"Establishment of pooling stations at Rajgarh - PGCIL,Chhatisgarh",,,POWER,2012-02,2010-12,,1719.52,,1719.52,,,268.2,2013-08,,2013-08,,,,0,0,,,,FR_FEB_2012.pdf,Sector-Wise analysis of projects,55,167
FR_201202_168,,N18000082,168,"IMMEDIATE EVACUATION SYSTEM FOR NABINAGAR TPS - PGCIL,Bihar",,,POWER,2012-02,2010-02,,215.86,,215.86,,,157.6,2012-06,,2012-03,,,,0,0,,,,FR_FEB_2012.pdf,Sector-Wise analysis of projects,55,168
FR_201202_169,,N18000107,169,"INTEGRATION OF POOLING STATION IN CHATTISGARH WITH CENTRAL P - PGCIL,Chhatisgarh",,,POWER,2012-02,2011-08,,1391.97,,1391.97,,,,2013-12,,2013-12,,,,0,0,,,,FR_FEB_2012.pdf,Sector-Wise analysis of projects,55,169
FR_201202_170,,N18000110,170,"INTEGRATION OF POOLING STATION IN CHATTISGARH WITH CENTRAL P - PGCIL,Multi State",,,POWER,2012-02,2011-08,,1391.97,,1391.97,,,77.6,2013-12,,2013-12,,,,0,0,,,,FR_FEB_2012.pdf,Sector-Wise analysis of projects,55,170
FR_201202_171,,N18000089,171,"INTERCONNECTION BETWEEN ELECTTRICAL GRIDS OF INDIA AND B - PGCIL,Multi State",,,POWER,2012-02,2010-10,,160.32,,160.32,,,18.7,2012-10,,2012-10,,,,0,0,,,,FR_FEB_2012.pdf,Sector-Wise analysis of projects,55,171
FR_201202_172,,180100246,172,"KAIGA 3&4 TRANSMISSION SYSTEM (PGCIL) - PGCIL,Karnataka",PGCIL,,POWER,2012-02,2005-03,,596.45,1007.16,1007.16,,,824.2,2007-12,2009-12,,,,,0,18,,,,FR_FEB_2012.pdf,Sector-Wise analysis of projects,55,172
FR_201202_173,,180100239,173,"KAMENG HYDROELECTRIC PROJECT (NEEPCO) - NEEPCO,Arunachal Pr.",NEEPCO,,POWER,2012-02,2004-12,,2496.9,,2496.9,,,1772.88,2013-05,2016-06,2016-06,,,,2,22,,,,FR_FEB_2012.pdf,Sector-Wise analysis of projects,55,173
FR_201202_174,,N18000031,174,"KISHANGANGA HEP - NHPC,J and K",,,POWER,2012-02,2007-07,,2238.67,3642.04,3642.0,,,1127.55,2016-01,2016-01,2016-11,,,,0,2,,,,FR_FEB_2012.pdf,Sector-Wise analysis of projects,55,174
FR_201202_175,,180100211,175,"KOLDAM HEP (NTPC) - NTPC,Himachal Pr.",NTPC,,POWER,2012-02,2002-10,,4527.15,,4527.15,,,4112.0,2009-04,,2013-03,,,,0,9,,,,FR_FEB_2012.pdf,Sector-Wise analysis of projects,55,175
FR_201202_176,,180100184,176,"KOTESHWAR HEP(THDC) - THDCL,Uttaranchal",THDC,,POWER,2012-02,2000-04,,1301.56,,2283.69,,,2595.25,2005-04,2012-03,2012-03,,,,10,11,,,,FR_FEB_2012.pdf,Sector-Wise analysis of projects,55,176
FR_201202_177,,180100258,177,"KUDANKULAM-APP TRANS. SYSTEM (PGCIL) - PGCIL,Tamil Nadu",PGCIL,,POWER,2012-02,2005-05,,1779.29,,1779.29,,,1786.98,2008-09,,2013-03,,,,3,37,,,,FR_FEB_2012.pdf,Sector-Wise analysis of projects,55,177
FR_201202_178,,N18000005,178,"LOHARINAG-PAL HEP(4X150MW) - NTPC,Uttaranchal",4X150MW,,POWER,2012-02,2006-06,,2895.1,,2895.1,,,686.0,2011-11,,2012-12,,,,6,34,,,,FR_FEB_2012.pdf,Sector-Wise analysis of projects,55,178
FR_201202_179,,N18000084,179,"MAUDA TRANSMISSION SYSTEM - PGCIL,Maharashtra",,,POWER,2012-02,2010-02,,469.38,,469.38,,,210.1,2012-10,,2012-10,,,,0,0,,,,FR_FEB_2012.pdf,Sector-Wise analysis of projects,55,179
FR_201202_180,,N18000048,180,"MOUDA STPP (NTPC) - NTPC,Maharashtra",NTPC,,POWER,2012-02,2008-11,,5459.28,,6010.89,,,3532.0,2012-08,,2013-03,,,,6,16,,,,FR_FEB_2012.pdf,Sector-Wise analysis of projects,55,180
FR_201202_181,,N18000006,181,"NIMOO BAZGO HYDROELECTRIC PROJECT - NHPC,J and K",,,POWER,2012-02,2006-08,,611.01,,936.0,,,710.09,2010-08,2011-09,2013-01,,,,0,3,,,,FR_FEB_2012.pdf,Sector-Wise analysis of projects,55,181
FR_201202_182,,N18000066,182,"NORTH- EAST NORTH WESTERN INTERCONNECTOR I PROJECT - PGCIL,Multi State",,,POWER,2012-02,2009-02,,11130.19,,11130.19,,,3596.2,2013-08,,2014-09,,,,0,0,,,,FR_FEB_2012.pdf,Sector-Wise analysis of projects,55,182
FR_201202_183,,N18000054,183,"NORTHERN REGION SYSTEM STRENGHTENING SCHEME-XIII - PGCIL,Multi State",,,POWER,2012-02,2009-02,,317.69,,317.69,,,123.7,2011-11,2011-11,2012-06,,,,0,0,,,,FR_FEB_2012.pdf,Sector-Wise analysis of projects,55,183
FR_201202_184,,N18000056,184,"NORTHERN REGION SYSTEM STRENGHTENING SCHEME-XIX - PGCIL,Multi State",,,POWER,2012-02,2009-02,,410.29,,410.29,,,145.6,2012-02,,2012-12,,,,0,0,,,,FR_FEB_2012.pdf,Sector-Wise analysis of projects,55,184
FR_201202_185,,N18000052,185,"NORTHERN REGION SYSTEM STRENGHTENING SCHEME-XV - PGCIL,Multi State",,,POWER,2012-02,2009-02,,520.48,,520.48,,,263.8,2011-11,,2012-12,,,,0,0,,,,FR_FEB_2012.pdf,Sector-Wise analysis of projects,55,185
FR_201202_186,,N18000058,186,"NORTHERN REGION SYSTEM STRENGHTENING SCHEME-XVII - PGCIL,Rajasthan",,,POWER,2012-02,2009-02,,210.79,,210.79,,,167.3,2011-08,,2012-01,,,,0,0,,,,FR_FEB_2012.pdf,Sector-Wise analysis of projects,56,186
FR_201202_187,,N18000053,187,"NORTHERN REGION SYSTEM STRENGHTENING SCHEME-XVIII - PGCIL,Multi State",,,POWER,2012-02,2009-02,,509.66,,509.66,,,307.9,2011-11,,2012-12,,,,0,0,,,,FR_FEB_2012.pdf,Sector-Wise analysis of projects,56,187
FR_201202_188,,N18000088,188,"NORTHERN REGION SYSTEM STRENGHTENING SCHEME-XX - PGCIL,Multi State",,,POWER,2012-02,2010-10,,182.68,,182.68,,,26.8,2013-01,,2013-01,,,,0,0,,,,FR_FEB_2012.pdf,Sector-Wise analysis of projects,56,188
FR_201202_189,,N18000094,189,"NORTHERN REGION SYSTEM STRENGTHENING SCHEME XVI - PGCIL,Multi State",,,POWER,2012-02,2010-07,,752.64,,752.64,,,112.8,2013-07,,2013-07,,,,0,0,,,,FR_FEB_2012.pdf,Sector-Wise analysis of projects,56,189
FR_201202_190,,N18000095,190,"NORTHERN REGION SYSTEM STRENGTHENING SCHEME- XXI - PGCIL,Multi State",,,POWER,2012-02,2010-08,,1677.57,,1677.57,,,244.2,2013-04,,2013-04,,,,0,0,,,,FR_FEB_2012.pdf,Sector-Wise analysis of projects,56,190
FR_201202_191,,N18000091,191,"NORTHERN REGION SYSTEM STRENGTHENING SCHEME-XXII - PGCIL,Multi State",,,POWER,2012-02,2010-12,,209.78,,209.78,,,31.6,2013-08,,2013-08,,,,0,0,,,,FR_FEB_2012.pdf,Sector-Wise analysis of projects,56,191
FR_201202_192,,N18000083,192,"NORTHERN REGION TRANSMISSION STRENGTHENING SCHEME - PGCIL,Multi State",,,POWER,2012-02,2010-03,,965.58,,965.58,,,318.7,2012-11,,2012-11,,,,0,0,,,,FR_FEB_2012.pdf,Sector-Wise analysis of projects,56,192
FR_201202_193,,180100250,193,"PARBATI H.E.P. STAGE -III (NHPC) - NHPC,Himachal Pr.",NHPC,,POWER,2012-02,2005-10,,2304.56,,2716.0,,,1694.25,2010-10,2011-12,2013-01,,,,0,1,,,,FR_FEB_2012.pdf,Sector-Wise analysis of projects,56,193
FR_201202_194,,180100210,194,"PARBATI HEP (NHPC) II - NHPC,Himachal Pr.",NHPC,,POWER,2012-02,2002-09,,3919.59,,5524.0,,,3491.2,2009-09,2014-07,2014-07,,,,1,20,,,,FR_FEB_2012.pdf,Sector-Wise analysis of projects,56,194
FR_201202_195,,N18000045,195,"PARE HYDRO ELECTRIC PROJECT(110 MW) - NEEPCO,Arunachal Pr.",110 MW,,POWER,2012-02,2008-12,,573.99,,573.99,,,297.95,2012-08,2013-08,2013-08,,,,8,18,,,,FR_FEB_2012.pdf,Sector-Wise analysis of projects,56,195
FR_201202_196,,N18000024,196,"RAMPUR HEP(412 MW) - SJVNL,Himachal Pr.",412 MW,,POWER,2012-02,2007-01,,2047.03,,2047.03,,,1540.5,2012-01,,2013-09,,,,0,0,,,,FR_FEB_2012.pdf,Sector-Wise analysis of projects,56,196
FR_201202_197,,N18000073,197,"RIHAND STTP STAGE-III (2X500MW) (NTPC) - NTPC,Uttar Pradesh",NTPC,,POWER,2012-02,2009-01,,6230.81,,6230.81,,,2644.0,2012-10,,2013-03,,,,6,16,,,,FR_FEB_2012.pdf,Sector-Wise analysis of projects,56,197
FR_201202_198,,N18000032,198,"SIMHADRI STPP STAGE -II - NTPC,Andhra Pradesh",,,POWER,2012-02,2007-08,,5103.39,,5038.83,,,4402.0,2011-05,,2012-03,,,,4,6,,,,FR_FEB_2012.pdf,Sector-Wise analysis of projects,56,198
FR_201202_199,,180100229,199,"SIPAT STPP STAGE - I (NTPC) - NTPC,Chhatisgarh",NTPC,,POWER,2012-02,2003-12,,8323.39,,8323.39,,,7676.0,2009-12,,2012-03,,,,50,60,,,,FR_FEB_2012.pdf,Sector-Wise analysis of projects,56,199
FR_201202_200,,180100221,200,"SUBANSIRI LOWER H.E.P (NHPC) - NHPC,Arunachal Pr.",NHPC,,POWER,2012-02,2003-09,,6285.33,,10667.0,,,5475.18,2010-09,2014-08,2015-12,,,,11,11,,,,FR_FEB_2012.pdf,Sector-Wise analysis of projects,56,200
FR_201202_201,,N18000097,201,"SUPPLEMENTARY TRANSMISSION ASSOCIATED WITH VAALLUR - PGCIL,Multi State",,,POWER,2012-02,2010-08,,170.36,,170.36,,,15.7,2013-04,,2013-04,,,,0,0,,,,FR_FEB_2012.pdf,Sector-Wise analysis of projects,56,201
FR_201202_202,,N18000065,202,"SUPPLEMENTRY TRANSMISSION ASSOCIATED WITH DVC AND - PGCIL,Multi State",,,POWER,2012-02,2008-08,,2360.95,,2360.95,,,1796.9,2012-08,,2012-08,,,,0,0,,,,FR_FEB_2012.pdf,Sector-Wise analysis of projects,56,202
FR_201202_203,,N18000067,203,"SYSTEM STRENGHTENING -XI IN SOUTHERN REGION - PGCIL,Multi State",,,POWER,2012-02,2009-03,,196.1,,196.1,,,121.1,2011-07,,2012-03,,,,0,0,,,,FR_FEB_2012.pdf,Sector-Wise analysis of projects,56,203
FR_201202_204,,N18000116,204,"SYSTEM STRENGTHENING IN NORTH/WEST PART OF WR FOR IPP PROJEC - PGCIL,Chhatisgarh",,,POWER,2012-02,2011-12,,1746.65,,1746.65,,,,2014-08,,2014-08,,,,0,0,,,,FR_FEB_2012.pdf,Sector-Wise analysis of projects,56,204
FR_201202_205,,N18000120,205,"SYSTEM STRENGTHENING IN WARDHA-AURANGABAD CORRIDOR FOR IPP P - PGCIL,Maharashtra",,,POWER,2012-02,2012-02,,1310.85,,1310.85,,,,2015-02,,2015-02,,,,0,0,,,,FR_FEB_2012.pdf,Sector-Wise analysis of projects,57,205
FR_201202_206,,N18000117,206,"SYSTEM STRENTHENING IN RAIPUR- WARDHA CORRIDOR FOR IPP PROJEC - PGCIL,Chhatisgarh",,,POWER,2012-02,2012-01,,1422.85,,1422.85,,,,2015-01,,2015-01,,,,0,0,,,,FR_FEB_2012.pdf,Sector-Wise analysis of projects,57,206
FR_201202_207,,N18000115,207,"SYTEM STRENGTHENING OF SOUTHERN REGION - XIV - PGCIL,Multi State",,,POWER,2012-02,2011-12,,297.33,,297.33,,,,2014-08,,2014-08,,,,0,0,,,,FR_FEB_2012.pdf,Sector-Wise analysis of projects,57,207
FR_201202_208,,N18000109,208,"SYTEM STRENGTHENING XIII OF SR GRID - PGCIL,Multi State",,,POWER,2012-02,2011-10,,487.49,,487.49,,,3.7,2014-06,,2014-06,,,,0,0,,,,FR_FEB_2012.pdf,Sector-Wise analysis of projects,57,208
FR_201202_209,,N18000086,209,"System Strengthening -X of SR - PGCIL,Multi State",,,POWER,2012-02,2009-12,,276.61,,276.61,,,132.8,2012-04,,2012-04,,,,0,0,,,,FR_FEB_2012.pdf,Sector-Wise analysis of projects,57,209
FR_201202_210,,N18000085,210,"System Strengthening -XII of SR - PGCIL,Multi State",,,POWER,2012-02,2010-02,,232.34,,232.34,,,55.48,2012-06,,2012-06,,,,0,0,,,,FR_FEB_2012.pdf,Sector-Wise analysis of projects,57,210
FR_201202_211,,N18000081,211,"System Strengthening in NR for SASAN & MUNDRA (UMPP) - PGCIL,Multi State",UMPP,,POWER,2012-02,2009-12,,1216.83,,1216.83,,,599.9,2012-08,,2012-08,,,,0,0,,,,FR_FEB_2012.pdf,Sector-Wise analysis of projects,57,211
FR_201202_212,,N18000014,212,"TAPOVAN-VISHNUGAD HEP (4x130MW) (NTPC) - NTPC,Uttaranchal",NTPC,,POWER,2012-02,2006-11,,2978.48,,2978.48,,,1337.0,2013-03,,2014-06,,,,2,13,,,,FR_FEB_2012.pdf,Sector-Wise analysis of projects,57,212
FR_201202_213,,180100243,213,"TEESTA LOW DAM HEP, STAGE-IV (NHPC) - NHPC,West Bengal",NHPC,,POWER,2012-02,2005-09,,1061.38,,1501.75,,,1085.43,2009-09,,2013-06,,,,0,0,,,,FR_FEB_2012.pdf,Sector-Wise analysis of projects,57,213
FR_201202_214,,180100222,214,"TEESTA LOW DAM STAGE III HYDROELECTRIC POWER PROJE - NHPC,West Bengal",,,POWER,2012-02,2003-10,,768.92,,1628.39,,,1431.96,2007-03,,2012-09,,,,25,25,,,,FR_FEB_2012.pdf,Sector-Wise analysis of projects,57,214
FR_201202_215,,N18000010,215,"TEHRI PUMPED STORAGE PLANT(1000MW) - THDCL,Uttar Pradesh",1000MW,,POWER,2012-02,2006-07,,1657.0,2978.86,2978.86,,,303.71,2010-07,2016-02,2016-02,,,,0,2,,,,FR_FEB_2012.pdf,Sector-Wise analysis of projects,57,215
FR_201202_216,,N18000118,216,"TR SYSTEM FOR ESTABLISHMENT OF 400/220 KV GIS SUBSTATION AT - PGCIL,Gujarat",,,POWER,2012-02,2012-01,,259.28,,259.28,,,,2013-01,,2013-01,,,,0,0,,,,FR_FEB_2012.pdf,Sector-Wise analysis of projects,57,216
FR_201202_217,,N18000108,217,"TR SYSTEM FOR ESTABLISHMENT OF 400/220 KV GIS SUBSTATION AT - PGCIL,Madhya pradesh",,,POWER,2012-02,2011-07,,181.93,,181.93,,,0.02,2013-07,,2013-07,,,,0,0,,,,FR_FEB_2012.pdf,Sector-Wise analysis of projects,57,217
FR_201202_218,,N18000113,218,"TR SYSTEM FOR PHASE-I GENERATION PROJECTS IN JHARKHAND AND W - PGCIL,Multi State",,,POWER,2012-02,2011-12,,2422.66,,2422.66,,,,2014-08,,2014-08,,,,0,0,,,,FR_FEB_2012.pdf,Sector-Wise analysis of projects,57,218
FR_201202_219,,N18000064,219,"TR. SYSTEM ASSOCIATED WITH CHAMERA III HEP - PGCIL,Multi State",,,POWER,2012-02,2008-04,,297.37,297.91,297.91,,,308.93,2011-07,,2012-06,,,,0,0,,,,FR_FEB_2012.pdf,Sector-Wise analysis of projects,57,219
FR_201202_220,,N18000061,220,"TR. SYSTEM ASSOCIATED WITH MUNDRA ULTRA MEGA POWER PROJECT - PGCIL,Multi State",,,POWER,2012-02,2008-10,,4824.12,,4824.12,,,2469.7,2012-10,,2012-10,,,,0,0,,,,FR_FEB_2012.pdf,Sector-Wise analysis of projects,57,220
FR_201202_221,,N18000077,221,"TRANS SYSTEM FOR DEVELOPMENT OF POOLING STN IN NR - PGCIL,West Bengal",,,POWER,2012-02,2010-04,,4404.57,,4404.57,,,,2015-01,,2015-01,,,,0,0,,,,FR_FEB_2012.pdf,Sector-Wise analysis of projects,57,221
FR_201202_222,,N18000096,222,"TRANS SYSTEM FOR PHASE-I GEN PROJECT IN ORISSA-C - PGCIL,Multi State",,,POWER,2012-02,2011-03,,2569.25,,2569.25,,,216.9,2014-03,,2014-03,,,,0,0,,,,FR_FEB_2012.pdf,Sector-Wise analysis of projects,58,222
FR_201202_223,,180100260,223,"TRANSMISSION SY. ASSOCIATED WITH BARH GENER. PROJECT(P.GR.) - PGCIL,Bihar",P.GR.,,POWER,2012-02,2005-12,,3779.46,3779.46,3779.46,,,3652.6,2009-09,,2012-06,,,,11,30,,,,FR_FEB_2012.pdf,Sector-Wise analysis of projects,58,223
FR_201202_224,,N18000090,224,"TRANSMISSION SYSTEM ASSOCIATED WITH KRISHNAPATNAM - PGCIL,Andhra Pradesh",,,POWER,2012-02,2010-12,,779.21,,779.21,,,228.4,2013-08,,2013-08,,,,0,0,,,,FR_FEB_2012.pdf,Sector-Wise analysis of projects,58,224
FR_201202_225,,N18000121,225,"TRANSMISSION SYSTEM ASSOCIATED WITH KRISHNAPATNAM UMPP-PART - PGCIL,Andhra Pradesh",,,POWER,2012-02,2012-02,,324.33,,324.33,,,,2014-08,,2014-08,,,,0,0,,,,FR_FEB_2012.pdf,Sector-Wise analysis of projects,58,225
FR_201202_226,,N18000122,226,"TRANSMISSION SYSTEM ASSOCIATED WITH KRISHNAPATNAM UMPP-PART - PGCIL,Andhra Pradesh",,,POWER,2012-02,2012-02,,1927.16,,1927.16,,,,2014-10,,2014-10,,,,0,0,,,,FR_FEB_2012.pdf,Sector-Wise analysis of projects,58,226
FR_201202_227,,N18000018,227,"TRANSMISSION SYSTEM ASSOCIATED WITH PARBATI-III HEP - PGCIL,Himachal Pr.",,,POWER,2012-02,2006-07,,557.24,,557.24,,,520.6,2010-01,,2012-09,,,,0,22,,,,FR_FEB_2012.pdf,Sector-Wise analysis of projects,58,227
FR_201202_228,,N18000063,228,"TRANSMISSION SYSTEM ASSOCIATED WITH RAMPUR HEP - PGCIL,Multi State",,,POWER,2012-02,2009-02,,184.19,,184.19,,,140.2,2011-11,,2013-03,,,,0,0,,,,FR_FEB_2012.pdf,Sector-Wise analysis of projects,58,228
FR_201202_229,,N18000046,229,"TRANSMISSION SYSTEM ASSOCIATED WITH SASAN ULTRA ME - PGCIL,Multi State",,,POWER,2012-02,2008-12,,7031.88,,7031.88,,,3049.0,2012-12,,2012-12,,,,0,0,,,,FR_FEB_2012.pdf,Sector-Wise analysis of projects,58,229
FR_201202_230,,N18000114,230,"TRANSMISSION SYSTEM FOR CONNECTIVITY OF ESSAR POWER GUJARAT - PGCIL,Gujarat",,,POWER,2012-02,2011-12,,552.44,,552.44,,,,2014-02,,2014-02,,,,0,0,,,,FR_FEB_2012.pdf,Sector-Wise analysis of projects,58,230
FR_201202_231,,N18000106,231,"TRANSMISSION SYSTEM FOR CONNECTIVITY OF MB POWER LIMITED - PGCIL,Madhya pradesh",,,POWER,2012-02,2011-08,,425.51,,425.51,,,33.9,2013-10,,2013-10,,,,0,0,,,,FR_FEB_2012.pdf,Sector-Wise analysis of projects,58,231
FR_201202_232,,N18000102,232,"TRANSMISSION SYSTEM FOR ESTABLISHMENT OF 400/220 K - PGCIL,Maharashtra",,,POWER,2012-02,2011-07,,181.93,,181.93,,,,2013-07,,2013-07,,,,0,0,,,,FR_FEB_2012.pdf,Sector-Wise analysis of projects,58,232
FR_201202_233,,N18000105,233,"TRANSMISSION SYSTEM FOR IPP GENERATION PROJECTS IN MP AND CH - PGCIL,Multi State",,,POWER,2012-02,2011-09,,1366.34,,1366.34,,,85.2,2013-12,,2013-12,,,,0,0,,,,FR_FEB_2012.pdf,Sector-Wise analysis of projects,58,233
FR_201202_234,,N18000104,234,"TRANSMISSION SYSTEM FOR PHASE-1 GENERATION PROJECTS IN JHARK - PGCIL,Jharkhandd",,,POWER,2012-02,2011-10,,558.26,,558.26,,,,2013-11,,2013-11,,,,0,0,,,,FR_FEB_2012.pdf,Sector-Wise analysis of projects,58,234
FR_201202_235,,N18000087,235,"TRANSMISSION SYSTEM FOR PHASE-I GEN PROJECT IN ORI - PGCIL,Orissa",,,POWER,2012-02,2010-09,,2074.86,,2074.86,,,333.9,2013-03,,2013-03,,,,0,0,,,,FR_FEB_2012.pdf,Sector-Wise analysis of projects,58,235
FR_201202_236,,N18000093,236,"TRANSMISSION SYSTEM FOR PHASE-I GEN. PROJECT IN OR - PGCIL,Orissa",,,POWER,2012-02,2010-12,,2743.19,,2743.19,,,322.5,2013-12,,2013-12,,,,0,0,,,,FR_FEB_2012.pdf,Sector-Wise analysis of projects,58,236
FR_201202_237,,N18000076,237,"TRANSMISSION SYSTEM OF VINDHYACHAL-IV AND RIHAND-I - PGCIL,Multi State",,,POWER,2012-02,2010-03,,4672.99,,4672.99,,,745.0,2012-11,,2012-11,,,,0,0,,,,FR_FEB_2012.pdf,Sector-Wise analysis of projects,58,237
FR_201202_238,,N18000112,238,"TRANSMISSION SYSTEM STRENGTHENING IN WESTERN PART OF WR FOR - PGCIL,Chhatisgarh",,,POWER,2012-02,2011-11,,2127.51,,2127.51,,,,2014-07,,2014-07,,,,0,0,,,,FR_FEB_2012.pdf,Sector-Wise analysis of projects,59,238
FR_201202_239,,N18000071,239,"TRIPURA GAS BASED POWER PROJECT - NEEPCO,Tripura",,,POWER,2012-02,2009-07,,421.01,623.44,623.44,,,104.22,2013-07,,2013-07,,,,0,30,,,,FR_FEB_2012.pdf,Sector-Wise analysis of projects,59,239
FR_201202_240,,180100165,240,"TUIRIAL HE PROJECT(NEEPCO) - NEEPCO,Mizoram",NEEPCO,,POWER,2012-02,1998-07,,368.72,913.63,913.63,,,297.01,2006-07,2014-01,2014-01,,,,7,24,,,,FR_FEB_2012.pdf,Sector-Wise analysis of projects,59,240
FR_201202_241,,N18000119,241,"TUIRIAL HYDRO ELECTRIC PROJECT (60MW) - NEEPCO,Mizoram",60MW,,POWER,2012-02,2011-01,,913.63,,913.63,,,297.01,2014-01,,2014-01,,,,0,0,,,,FR_FEB_2012.pdf,Sector-Wise analysis of projects,59,241
FR_201202_242,,N18000080,242,"Trans. System associated with PALLATANA GBPP & BPT - PGCIL,Multi State",,,POWER,2012-02,2010-02,,2144.0,,2144.0,,,592.8,2012-12,,2013-06,,,,0,0,,,,FR_FEB_2012.pdf,Sector-Wise analysis of projects,59,242
FR_201202_243,,N18000099,243,"Transmission system for transfer of power from Gen-PART B - PGCIL,Multi State",,,POWER,2012-02,2011-03,,1585.12,,1585.12,,,136.0,2013-11,,2013-11,,,,0,0,,,,FR_FEB_2012.pdf,Sector-Wise analysis of projects,59,243
FR_201202_244,,N18000098,244,"Transmission system for transfer of power from Gen. - PGCIL,Multi State",,,POWER,2012-02,2010-05,,250.03,,250.03,,,39.6,2013-01,,2013-01,,,,0,0,,,,FR_FEB_2012.pdf,Sector-Wise analysis of projects,59,244
FR_201202_245,,180100251,245,"URI H.E.P STAGE -II (NHPC) - NHPC,J and K",NHPC,,POWER,2012-02,2005-08,,1729.29,,1794.0,,,1671.01,2009-11,2011-11,2012-08,,,,0,4,,,,FR_FEB_2012.pdf,Sector-Wise analysis of projects,59,245
FR_201202_246,,N18000072,246,"VINDHYACHAL STTP STAGE-IV (NTPC) - NTPC,Madhya pradesh",NTPC,,POWER,2012-02,2009-01,,5915.0,,5915.0,,,2824.0,2012-10,,2013-03,,,,4,15,,,,FR_FEB_2012.pdf,Sector-Wise analysis of projects,59,246
FR_201202_247,,N18000042,247,"VISHNUGAD PIPALKOTI HYDRO ELECTRIC PROJECT - THDCL,Uttaranchal",,,POWER,2012-02,2008-08,,2491.58,3422.44,3422.44,,,242.75,2014-07,,2016-09,,,,0,2,,,,FR_FEB_2012.pdf,Sector-Wise analysis of projects,59,247
FR_201202_248,,N18000049,248,"WESTERN REGION STRENGHTENING SCHEME-X - PGCIL,Multi State",,,POWER,2012-02,2009-02,,664.96,,664.96,,,352.7,2012-02,,2012-03,,,,0,0,,,,FR_FEB_2012.pdf,Sector-Wise analysis of projects,59,248
FR_201202_249,,N18000022,249,"WESTERN REGION STRENGTHENING SCHEME-II - PGCIL,Rajasthan",,,POWER,2012-02,2006-07,,5221.23,,5221.23,,,3059.4,2010-07,,2012-06,,,,20,20,,,,FR_FEB_2012.pdf,Sector-Wise analysis of projects,59,249
FR_201202_250,,N18000035,250,"WESTERN REGION STRENGTHENING SCHEME-V - PGCIL,Maharashtra",,,POWER,2012-02,2007-12,,477.69,,477.69,,,389.0,2010-09,,2013-03,,,,0,0,,,,FR_FEB_2012.pdf,Sector-Wise analysis of projects,59,250
FR_201202_251,,N18000051,251,"WESTERN REGION SYSTEM STRENGHTENING SCHEME-XI - PGCIL,Multi State Total",,,POWER,2012-02,2009-02,,409.5,203409.93,409.5,,,96.4,2012-02,2012-02,2012-03,,,,0,0,,,,FR_FEB_2012.pdf,Sector-Wise analysis of projects,59,251
FR_201202_252,,N22000099,252,"AGARTALA SABROOM, NL, NEFR - NEFR,Tripura",,,RAILWAYS,2012-02,2008-04,,813.34,,1141.75,,,305.62,2014-03,,2014-03,,,,0,0,,,,FR_FEB_2012.pdf,Sector-Wise analysis of projects,59,252
FR_201202_253,,220100243,253,"AGRA-ETAWAH VIA FATEHABAD AND BAH (NL) NCR - NCR,Uttar Pradesh",NL,,RAILWAYS,2012-02,1999-04,,108.0,214.09,227.42,,,250.82,2009-12,2011-03,,,,,0,0,,,,FR_FEB_2012.pdf,Sector-Wise analysis of projects,59,253
FR_201202_254,,220100181,254,"AHMEDNAGAR-PARLI VAIJNATH(NL) CR - CR,Maharashtra",NL,,RAILWAYS,2012-02,1997-02,,353.08,514.68,1010.0,,,136.76,,,,,,,0,0,,,,FR_FEB_2012.pdf,Sector-Wise analysis of projects,60,254
FR_201202_255,,N22000034,255,"ALIGARH-GAZIABAD 3RD LINE DOUBLING (RVNL) - RVNL,Uttar Pradesh",RVNL,,RAILWAYS,2012-02,2003-04,,230.73,399.73,399.5,,,320.37,2009-03,2008-12,2010-12,,,,0,0,,,,FR_FEB_2012.pdf,Sector-Wise analysis of projects,60,255
FR_201202_256,,N22000082,256,"ALUABARI ROAD SILIGURI JUNCTION VIA GALGALIA, NEFR - NEFR,Multi State",,,RAILWAYS,2012-02,2006-12,,170.0,,435.87,,,392.0,2011-03,,2011-03,,,,0,0,,,,FR_FEB_2012.pdf,Sector-Wise analysis of projects,60,256
FR_201202_257,,220100118,257,"AMRAVATI-NARKHER NL(CR) - CR,Maharashtra",CR,,RAILWAYS,2012-02,1994-06,,120.9,284.27,548.95,,,493.08,1999-06,2011-03,2011-03,,,,0,0,,,,FR_FEB_2012.pdf,Sector-Wise analysis of projects,60,257
FR_201202_258,,220100252,258,"ANGAMALI-SABARIMALA (N.L.)(SR) - SR,Kerala",SR,,RAILWAYS,2012-02,1998-10,,550.0,,1214.0,,,73.76,,,,,,,0,0,,,,FR_FEB_2012.pdf,Sector-Wise analysis of projects,60,258
FR_201202_259,,N22000121,259,"Ahmedabad-Himmatnagar-Udaipur (WR) - WR,Gujarat",WR,,RAILWAYS,2012-02,2008-04,,394.13,,394.14,,,0.49,2013-03,,2013-03,,,,0,0,,,,FR_FEB_2012.pdf,Sector-Wise analysis of projects,60,259
FR_201202_260,,220100274,260,"BANGLORE - SATYAMANGALAM (NL)(SWR) - SWR,Karnataka",SWR,,RAILWAYS,2012-02,1999-02,,138.0,,901.62,,,0.29,,,,,,,0,0,,,,FR_FEB_2012.pdf,Sector-Wise analysis of projects,60,260
FR_201202_261,,220100277,261,"BANKURA - DAMODAR (GC) (SER) - SER,West Bengal",SER,,RAILWAYS,2012-02,1998-03,,111.9,789.1,1173.79,,,419.77,2005-03,2008-12,2016-03,,,,0,0,,,,FR_FEB_2012.pdf,Sector-Wise analysis of projects,60,261
FR_201202_262,,N22000091,262,"BARDHAMAN-KATWA, ER (GC) - ER,West Bengal",GC,,RAILWAYS,2012-02,2007-04,,245.15,,245.15,,,186.61,2010-12,2011-03,,,,,0,0,,,,FR_FEB_2012.pdf,Sector-Wise analysis of projects,60,262
FR_201202_263,,220100164,263,"BELAPUR-SEAWOOD-URAN ELECTRIF-IED DOUBLE LINE(MTP) - MRTP,Maharashtra",MTP,,RAILWAYS,2012-02,1996-03,,401.81,495.44,1512.86,,,173.23,2004-03,2010-12,,,,,0,0,,,,FR_FEB_2012.pdf,Sector-Wise analysis of projects,60,263
FR_201202_264,,N22000100,264,"BHAIRABI SAIRONG, NL, NEFR - NEFR,Mizoram",,,RAILWAYS,2012-02,2008-04,,619.34,,2393.49,,,3.97,2014-04,,2014-03,,,,0,0,,,,FR_FEB_2012.pdf,Sector-Wise analysis of projects,60,264
FR_201202_265,,N22000081,265,"BHARUCH-SAMNI-DAHEJ GAUGE CONVERSIN - RVNL,Gujarat",,,RAILWAYS,2012-02,2005-09,,200.8,,200.8,,,269.02,,,,,,,0,0,,,,FR_FEB_2012.pdf,Sector-Wise analysis of projects,60,265
FR_201202_266,,N22000077,266,"BHOPAL BINA 3D LINE DOUBLING - RVNL,Madhya pradesh",,,RAILWAYS,2012-02,2007-09,,687.2,,687.2,,,469.74,2010-03,,2012-12,,,,0,0,,,,FR_FEB_2012.pdf,Sector-Wise analysis of projects,60,266
FR_201202_267,,220100321,267,"BILASPUR-URKURA (DL) - RVNL,Chhatisgarh",DL,,RAILWAYS,2012-02,1997-04,,151.52,,273.0,,,307.17,2009-03,,2011-03,,,,0,0,,,,FR_FEB_2012.pdf,Sector-Wise analysis of projects,60,267
FR_201202_268,,N22000119,268,"Bandel-Naihati new rail bridge in replacement of j - ER,West Bengal",,,RAILWAYS,2012-02,1999-04,,207.52,,207.52,,,114.13,2012-12,,2012-12,,,,0,0,,,,FR_FEB_2012.pdf,Sector-Wise analysis of projects,60,268
FR_201202_269,,N22000125,269,"Bhavnagar-workshop facilities for 50 BG coaches PO - WR,Gujarat",,,RAILWAYS,2012-02,2006-04,,117.36,196.95,196.95,,,177.03,2011-03,,,,,,0,0,,,,FR_FEB_2012.pdf,Sector-Wise analysis of projects,60,269
FR_201202_270,,N22000123,270,"Bhuj-Naliya(GC) with extension from naliyate vayor - WR,Gujarat",GC,,RAILWAYS,2012-02,2008-04,,318.24,,468.62,,,3.27,2012-03,,2012-03,,,,0,0,,,,FR_FEB_2012.pdf,Sector-Wise analysis of projects,60,270
FR_201202_271,,220100151,271,"CALICUT-MANGALORE (DL) (SR) - SR,Multi State",SR,,RAILWAYS,2012-02,1996-02,,240.0,,579.37,,,599.28,,,2012-02,,,,0,0,,,,FR_FEB_2012.pdf,Sector-Wise analysis of projects,60,271
FR_201202_272,,220100241,272,"CHANDIGARH-LUDHIANA(NEW BG LINE),NR - (NR),Punjab",NR,,RAILWAYS,2012-02,1998-07,,248.44,576.27,1103.47,,,840.7,2012-12,,2012-12,,,,0,0,,,,FR_FEB_2012.pdf,Sector-Wise analysis of projects,60,272
FR_201202_273,,N22000053,273,"CHHAPRA-SETTING UP OF WHEEL MANUFACTURING PLANT - WS&PU,Bihar",,,RAILWAYS,2012-02,2005-03,,470.09,1417.97,1417.97,,,944.25,,,2012-03,,,,0,0,,,,FR_FEB_2012.pdf,Sector-Wise analysis of projects,60,273
FR_201202_274,,220100324,274,"CHHINDWARA - NAGPUR (GC)(SECR) - SECR,Madhya pradesh",SECR,,RAILWAYS,2012-02,2005-04,,383.79,,585.93,,,194.91,,,2013-12,,,,0,0,,,,FR_FEB_2012.pdf,Sector-Wise analysis of projects,60,274
FR_201202_275,,N22000083,275,"CONSTRUCTION OF NEW LINE FROM HARMATI-ITANAGAR/NAR - NEFR,Arunachal Pr.",,,RAILWAYS,2012-02,1996-09,,156.0,,415.73,,,230.81,,,2012-03,,,,0,0,,,,FR_FEB_2012.pdf,Sector-Wise analysis of projects,61,275
FR_201202_276,,220100233,276,"CONV.OF 1500V DC TRACTION TO 25 KV AC,CR - RE,Maharashtra",,,RAILWAYS,2012-02,1996-07,,653.84,1302.12,1302.12,,,608.97,2012-06,,,,,,0,0,,,,FR_FEB_2012.pdf,Sector-Wise analysis of projects,61,276
FR_201202_277,,220100149,277,"DALLI-RAJHARA - RAOGHAT(PART OF DALLI-RAJHARA-JAGD - RVNL,Chhatisgarh",,,RAILWAYS,2012-02,1995-04,,304.0,,968.6,,,99.64,2012-12,,2012-12,,,,0,0,,,,FR_FEB_2012.pdf,Sector-Wise analysis of projects,61,277
FR_201202_278,,220100184,278,"DAUSA-GANGAPUR CITY(NL),NWR - NWR,Rajasthan",NL,,RAILWAYS,2012-02,1997-02,,151.84,410.08,410.08,,,175.3,,,2013-03,,,,0,0,,,,FR_FEB_2012.pdf,Sector-Wise analysis of projects,61,278
FR_201202_279,,220100273,279,"DEOGHAR - SULTANGANJ (INL), ER - ER,Multi State",INL,,RAILWAYS,2012-02,2000-04,,138.0,519.67,607.09,,,366.18,2012-12,,,,,,0,0,,,,FR_FEB_2012.pdf,Sector-Wise analysis of projects,61,279
FR_201202_280,,N22000080,280,"DINDIGUL-POLLACHI-PALGHAT- POLLACHI AND COIMBATORE - SR,Tamil Nadu",,,RAILWAYS,2012-02,2006-09,,343.17,,900.0,,,489.24,,,,,,,0,0,,,,FR_FEB_2012.pdf,Sector-Wise analysis of projects,61,280
FR_201202_281,,N22000116,281,"Dakshin-barasat-lakshmikantapur (ER) - ER,West Bengal",ER,,RAILWAYS,2012-02,2009-04,,259.51,,259.51,,,75.23,2011-12,2012-02,2012-02,,,,0,0,,,,FR_FEB_2012.pdf,Sector-Wise analysis of projects,61,281
FR_201202_282,,N22000094,282,"ELECTRIFICATION OF KHURJA- MEERUT-SAHARANPUR & G'BA - RE,Uttar Pradesh",,,RAILWAYS,2012-02,2008-02,,171.1,,171.1,,,141.55,2012-03,,2012-03,,,,0,0,,,,FR_FEB_2012.pdf,Sector-Wise analysis of projects,61,282
FR_201202_283,,N22000095,283,"ELECTRIFICATION OF MORADABAD- ROZA - RE,Uttar Pradesh",,,RAILWAYS,2012-02,2004-12,,129.17,,250.0,,,227.48,2011-03,,2012-03,,,,0,0,,,,FR_FEB_2012.pdf,Sector-Wise analysis of projects,61,283
FR_201202_284,,N22000028,284,"EXT. OF MRTS FROM VELACHERY TO STN. THOMAS, MTP - MRTP,Tamil Nadu",,,RAILWAYS,2012-02,2006-04,,495.74,,495.74,,,158.81,2013-06,,2013-06,,,,0,0,,,,FR_FEB_2012.pdf,Sector-Wise analysis of projects,61,284
FR_201202_285,,220100009,285,"FREIGHT OPERATIONS INFORMATION SYSTEM (FOIS) - FOIS,Multi State",FOIS,,RAILWAYS,2012-02,1984-03,,520.0,634.13,634.13,,,546.82,1995-03,,2012-03,,,,0,0,,,,FR_FEB_2012.pdf,Sector-Wise analysis of projects,61,285
FR_201202_286,,220100270,286,"GADWAL - RAICHUR (NL), SCR - SCR,Multi State",NL,,RAILWAYS,2012-02,1998-04,,92.63,228.09,270.0,,,246.26,2011-02,,2012-03,,,,0,0,,,,FR_FEB_2012.pdf,Sector-Wise analysis of projects,61,286
FR_201202_287,,N22000045,287,"GOELKERA-MANOHARPUR,(LD)(SER) - SER,Jharkhandd",SER,,RAILWAYS,2012-02,1997-03,,186.92,261.7,283.1,,,39.12,2006-02,,2013-12,,,,0,0,,,,FR_FEB_2012.pdf,Sector-Wise analysis of projects,61,287
FR_201202_288,,220100255,288,"GONDA-GORAKHPUR LOOP WITH ANAND NAGAR-NAUTANWA GC (NER) - NER,Uttar Pradesh",NER,,RAILWAYS,2012-02,2002-03,,381.17,,863.23,,,482.84,,,,,,,0,0,,,,FR_FEB_2012.pdf,Sector-Wise analysis of projects,61,288
FR_201202_289,,220100186,289,"GONDIA-JABALPUR(GC),(SECR) - SECR,Multi State",SECR,,RAILWAYS,2012-02,1997-02,,386.3,1038.0,1038.0,,,590.26,1998-03,,,,,,0,0,,,,FR_FEB_2012.pdf,Sector-Wise analysis of projects,61,289
FR_201202_290,,220100254,290,"GULBARGA-BIDAR,SCR(NL) - SCR,Karnataka",NL,,RAILWAYS,2012-02,1998-02,,242.42,369.7,776.0,,,303.09,2009-05,,,,,,0,0,,,,FR_FEB_2012.pdf,Sector-Wise analysis of projects,61,290
FR_201202_291,,220100007,291,"GUNA-ETAWAH(NCR), NL - NCR,Multi State",NCR,,RAILWAYS,2012-02,1985-04,,158.77,432.46,540.96,,,558.07,1994-03,,2011-12,,,,0,0,,,,FR_FEB_2012.pdf,Sector-Wise analysis of projects,61,291
FR_201202_292,,N22000117,292,"Ghutiasharif-Canning (ER) - ER,West Bengal",ER,,RAILWAYS,2012-02,2009-04,,189.97,,189.97,,,81.63,2011-12,2013-11,2013-11,,,,0,0,,,,FR_FEB_2012.pdf,Sector-Wise analysis of projects,61,292
FR_201202_293,,220100303,293,"HAJIPUR-SUGAULI VIA VAISHALI (NL), ECR - ECR,Bihar",NL,,RAILWAYS,2012-02,2003-04,,324.66,528.65,324.66,,,174.38,,,2015-03,,,,0,0,,,,FR_FEB_2012.pdf,Sector-Wise analysis of projects,61,293
FR_201202_294,,220100285,294,"HARIDASPUR-PARADEEP(NL) - RVNL,Orissa",NL,,RAILWAYS,2012-02,1996-04,,301.64,,735.1,,,208.06,2009-09,,2011-12,,,,0,0,,,,FR_FEB_2012.pdf,Sector-Wise analysis of projects,61,294
FR_201202_295,,N22000052,295,"HARNOUT -SET.UP OF W/S TO UND. POH OF UP TO50 COAC - WS&PU,Bihar",,,RAILWAYS,2012-02,2003-04,,98.74,224.51,337.3,,,197.98,,,2012-03,,,,0,0,,,,FR_FEB_2012.pdf,Sector-Wise analysis of projects,61,295
FR_201202_296,,220100183,296,"HASSAN-BANGALORE VIA SHRAVANA-BELGOLA(NL),SWR - SWR,Karnataka",NL,,RAILWAYS,2012-02,1997-02,,295.0,412.91,944.55,,,483.14,,,,,,,0,0,,,,FR_FEB_2012.pdf,Sector-Wise analysis of projects,62,296
FR_201202_297,,220100319,297,"HATHUA-BHATNI (N L) (NER) - NER,Multi State",NER,,RAILWAYS,2012-02,2005-04,,230.03,,230.03,,,137.05,,,,,,,0,0,,,,FR_FEB_2012.pdf,Sector-Wise analysis of projects,62,297
FR_201202_298,,220100208,298,"HOWRAH-AMTA-CHAMPADANGA NL (SER) - SER,West Bengal",SER,,RAILWAYS,2012-02,1974-04,,31.42,393.46,499.16,,,156.91,2007-03,2007-03,2014-03,,,,0,0,,,,FR_FEB_2012.pdf,Sector-Wise analysis of projects,62,298
FR_201202_299,,220100193,299,"HUBLI-ANKOLA(NL),SWR - SWR,Karnataka",NL,,RAILWAYS,2012-02,1995-04,,227.0,,997.58,,,69.17,,,,,,,0,0,,,,FR_FEB_2012.pdf,Sector-Wise analysis of projects,62,299
FR_201202_300,,N22000112,300,"Himmatnagar - Udaipur Gauge Canvession (NWR) - NWR,Rajasthan",NWR,,RAILWAYS,2012-02,2008-04,,829.74,,829.74,,,2.59,2015-03,,2015-03,,,,0,0,,,,FR_FEB_2012.pdf,Sector-Wise analysis of projects,62,300
FR_201202_301,,220100258,301,"JALANDHAR-PATHANKOT-JAMMU- TAWI (LD),NR - (NR),Multi State",NR,,RAILWAYS,2012-02,2002-03,,409.0,625.3,847.76,,,825.89,2007-06,,,,,,0,0,,,,FR_FEB_2012.pdf,Sector-Wise analysis of projects,62,301
FR_201202_302,,220100240,302,"JAYNAGAR-DARBHANGA-NARKATIA GANJ(GC),ECR - ECR,Bihar",GC,,RAILWAYS,2012-02,1997-04,,233.0,501.69,903.56,,,590.94,2012-03,,2012-03,,,,0,0,,,,FR_FEB_2012.pdf,Sector-Wise analysis of projects,62,302
FR_201202_303,,220100280,303,"JIND-SONEPAT (NL),NR - (NR),Haryana",NR,,RAILWAYS,2012-02,2004-01,,190.81,238.56,500.0,,,389.55,2012-03,,2012-12,,,,0,0,,,,FR_FEB_2012.pdf,Sector-Wise analysis of projects,62,303
FR_201202_304,,220100288,304,"JIRIBAM TO IMPHAL (TUPUI)(NL)(NEFR) - NEFR,Manipur",NEFR,,RAILWAYS,2012-02,2003-04,,727.56,,3056.85,,,622.67,2011-03,2014-03,2016-03,,,,0,0,,,,FR_FEB_2012.pdf,Sector-Wise analysis of projects,62,304
FR_201202_305,,N22000113,305,"Jaipur - Ringus - Churu and Sikar - Loharu Guage C - NWR,Rajasthan",,,RAILWAYS,2012-02,2008-04,,653.19,,653.19,,,79.98,2014-03,,2014-03,,,,0,0,,,,FR_FEB_2012.pdf,Sector-Wise analysis of projects,62,305
FR_201202_306,,220100190,306,"KADUR-CHIKMAGALUR- SAKLESHPUR (NL),(SWR) - SWR,Karnataka",SWR,,RAILWAYS,2012-02,1996-04,,157.0,262.82,262.82,,,212.77,2012-03,,2012-03,,,,0,0,,,,FR_FEB_2012.pdf,Sector-Wise analysis of projects,62,306
FR_201202_307,,220100197,307,"KANPUR-KASGANJ- MATHURA(GC),NER - NER,Uttar Pradesh",GC,,RAILWAYS,2012-02,1997-03,,395.0,1062.36,1577.46,,,1238.88,,,2012-02,,,,0,0,,,,FR_FEB_2012.pdf,Sector-Wise analysis of projects,62,307
FR_201202_308,,220100256,308,"KAPTANGANJ-THAWE-SIWAN- CHHAPRA GC (NER) - NER,Multi State",NER,,RAILWAYS,2012-02,1999-04,,323.4,,522.56,,,466.14,,,,,,,1,1,,,,FR_FEB_2012.pdf,Sector-Wise analysis of projects,62,308
FR_201202_309,,220100191,309,"KARUR-SALEM(NL),SR - SR,Tamil Nadu",NL,,RAILWAYS,2012-02,1997-02,,155.55,229.88,712.0,,,672.13,,,,,,,0,0,,,,FR_FEB_2012.pdf,Sector-Wise analysis of projects,62,309
FR_201202_310,,220100247,310,"KATIHAR - JOGBANI (GC)(NEFR) - NEFR,Bihar",NEFR,,RAILWAYS,2012-02,2001-09,,100.0,492.98,1041.79,,,724.41,2010-12,,2015-03,,,,0,0,,,,FR_FEB_2012.pdf,Sector-Wise analysis of projects,62,310
FR_201202_311,,220100257,311,"KHAGARIA-KUSHESHWAR ASTHAN (NL) (ECR) - ECR,Bihar",ECR,,RAILWAYS,2012-02,1997-04,,78.23,162.87,162.87,,,88.62,,,,,,,0,0,,,,FR_FEB_2012.pdf,Sector-Wise analysis of projects,62,311
FR_201202_312,,220100327,312,"KHURDA ROAD - BARANG 3RD LINE (DL) (ECOR) - RVNL,Orissa",ECOR,,RAILWAYS,2012-02,2000-04,,133.41,207.0,225.0,,,200.93,2009-03,,2013-04,,,,0,0,,,,FR_FEB_2012.pdf,Sector-Wise analysis of projects,62,312
FR_201202_313,,220100284,313,"KHURDA ROAD-BOLANGIR(NL)ECOR - ECOR,Orissa",NL,,RAILWAYS,2012-02,1994-04,,355.38,470.21,1100.0,,,200.7,,,2012-03,,,,0,0,,,,FR_FEB_2012.pdf,Sector-Wise analysis of projects,62,313
FR_201202_314,,N22000101,314,"KISHANGANJ JALALGARH, NL, NEFR - NEFR,Bihar",,,RAILWAYS,2012-02,2008-04,,282.92,,359.86,,,1.23,,,2015-03,,,,0,0,,,,FR_FEB_2012.pdf,Sector-Wise analysis of projects,62,314
FR_201202_315,,220100306,315,"KODERMA GIRIDH (NL), ECR - ECR,Jharkhandd",NL,,RAILWAYS,2012-02,1996-04,,371.36,,452.35,,,407.53,,,,,,,0,0,,,,FR_FEB_2012.pdf,Sector-Wise analysis of projects,62,315
FR_201202_316,,220100222,316,"KODERMA-RANCHI VIA BARKAKANA (NL),ECR - ECR,Jharkhandd",NL,,RAILWAYS,2012-02,1999-03,,491.19,1099.2,1099.2,,,1191.78,2005-07,,,,,,0,0,,,,FR_FEB_2012.pdf,Sector-Wise analysis of projects,63,316
FR_201202_317,,220100305,317,"KODERMA-TILAIYA (NL), ECR - ECR,Jharkhandd",NL,,RAILWAYS,2012-02,2002-04,,459.91,418.17,418.17,,,84.08,,,,,,,0,0,,,,FR_FEB_2012.pdf,Sector-Wise analysis of projects,63,317
FR_201202_318,,220100304,318,"KOSI BRIDGE (NL), ECR - ECR,Bihar",NL,,RAILWAYS,2012-02,2002-04,,323.41,,341.41,,,252.72,2012-03,,2012-12,,,,0,0,,,,FR_FEB_2012.pdf,Sector-Wise analysis of projects,63,318
FR_201202_319,,220100265,319,"KOTLPALLI-NARASAPUR (NL) (SCR) - SCR,Andhra Pradesh",SCR,,RAILWAYS,2012-02,2001-12,,330.0,,695.0,,,9.41,,,,,,,0,0,,,,FR_FEB_2012.pdf,Sector-Wise analysis of projects,63,319
FR_201202_320,,220100212,320,"KOTTUR-HARIHAR(NL),(SWR) - SWR,Karnataka",SWR,,RAILWAYS,2012-02,1995-04,,65.94,302.23,302.23,,,331.25,,,2011-03,,,,0,0,,,,FR_FEB_2012.pdf,Sector-Wise analysis of projects,63,320
FR_201202_321,,N22000126,321,"Katakhal to Bhairabi - NEFR,Assam",,,RAILWAYS,2012-02,1998-04,,227.9,,223.01,,,85.48,2012-12,,2014-03,,,,0,0,,,,FR_FEB_2012.pdf,Sector-Wise analysis of projects,63,321
FR_201202_322,,220100232,322,"LALITPUR-SATNA-REWA-SINGRULI NL, (NCR) - NCR,Multi State",NCR,,RAILWAYS,2012-02,1998-09,,925.0,,925.0,,,504.78,2008-05,2011-03,,,,,0,0,,,,FR_FEB_2012.pdf,Sector-Wise analysis of projects,63,322
FR_201202_323,,220100148,323,"LANJHIGARH-JUNAGARH NL(ECOR) - ECOR,Orissa",ECOR,,RAILWAYS,2012-02,1993-04,,100.0,142.98,227.94,,,196.49,2002-03,,2012-03,,,,0,0,,,,FR_FEB_2012.pdf,Sector-Wise analysis of projects,63,323
FR_201202_324,,N22000127,324,"Lumding-SILCHAR Jiribam, Badarpur- Baraigram Kumarg - NEFR,Assam",,,RAILWAYS,2012-02,1996-04,,1676.31,,4027.93,,,2936.77,2009-03,,2013-12,,,,0,0,,,,FR_FEB_2012.pdf,Sector-Wise analysis of projects,63,324
FR_201202_325,,220100220,325,"MACHERLA-NALGONDA(NL)(SCR) - SCR,Andhra Pradesh",SCR,,RAILWAYS,2012-02,1998-07,,125.0,363.26,458.26,,,0.35,2008-07,,,,,,0,0,,,,FR_FEB_2012.pdf,Sector-Wise analysis of projects,63,325
FR_201202_326,,220100316,326,"MAHARAJGANJ-MASRAKH (NL) - NER - NER,Bihar",NL,,RAILWAYS,2012-02,2003-04,,218.19,,218.19,,,150.16,,,,,,,0,0,,,,FR_FEB_2012.pdf,Sector-Wise analysis of projects,63,326
FR_201202_327,,220100168,327,"MANDARHILL-DUMKA-RAMPURHAT (NL),ER - ER,Jharkhandd",NL,,RAILWAYS,2012-02,1995-04,,184.0,254.07,675.0,,,498.92,2011-12,,2012-03,,,,0,0,,,,FR_FEB_2012.pdf,Sector-Wise analysis of projects,63,327
FR_201202_328,,N22000032,328,"MANOHARABAD-KOTHPALL NEW LINE(SCR) - SCR,Andhra Pradesh",SCR,,RAILWAYS,2012-02,2006-04,,378.56,671.82,791.6,,,0.76,,,,,,,0,0,,,,FR_FEB_2012.pdf,Sector-Wise analysis of projects,63,328
FR_201202_329,,N22000002,329,"MANSI-PURNIA (EXTENSION OF MANSI-SAHARSA) GAN ECR - ECR,Bihar",EXTENSION OF MANSI-SAHARSA,,RAILWAYS,2012-02,1996-04,,114.01,332.92,427.89,,,370.05,2012-03,,2012-03,,,,0,0,,,,FR_FEB_2012.pdf,Sector-Wise analysis of projects,63,329
FR_201202_330,,N22000079,330,"MAYLADUTHURAI-THIRUVARUR- KARAIKUDI-THIRU 'PONDI'-A - SR,Tamil Nadu",,,RAILWAYS,2012-02,2007-09,,404.19,,900.0,,,226.41,,,,,,,0,0,,,,FR_FEB_2012.pdf,Sector-Wise analysis of projects,63,330
FR_201202_331,,N22000093,331,"MUMBAI URBAN TRANSPORT PROJECT PHASE-I, MTP - MRTP,Maharashtra",,,RAILWAYS,2012-02,2003-04,,3125.2,4174.4,4501.8,,,4228.31,2011-06,,2011-06,,,,0,0,,,,FR_FEB_2012.pdf,Sector-Wise analysis of projects,63,331
FR_201202_332,,N22000092,332,"MUMBAI URBAN TRANSPORT PROJECT PHASE-II, MTP - MRTP,Maharashtra",,,RAILWAYS,2012-02,2008-04,,5300.0,,5300.0,,,397.53,2014-03,2015-03,2015-03,,,,0,0,,,,FR_FEB_2012.pdf,Sector-Wise analysis of projects,63,332
FR_201202_333,,220100205,333,"MUNEERABAD- MAHABOOBNAGAR(NL),SCR - SCR,Multi State",NL,,RAILWAYS,2012-02,1997-04,,218.24,377.32,537.47,,,107.4,,,2012-03,,,,0,0,,,,FR_FEB_2012.pdf,Sector-Wise analysis of projects,63,333
FR_201202_334,,220100194,334,"MUZAFFARPUR-SITAMARHI(NL),ECR - ECR,Bihar",NL,,RAILWAYS,2012-02,1997-04,,100.0,483.62,411.22,,,438.19,2012-03,,2012-03,,,,0,0,,,,FR_FEB_2012.pdf,Sector-Wise analysis of projects,63,334
FR_201202_335,,220100192,335,"NANDYAL-YERRAGUNTLA(NL),SCR - SCR,Andhra Pradesh",NL,,RAILWAYS,2012-02,1996-03,,155.74,164.36,840.32,,,547.76,2009-02,,2012-03,,,,0,0,,,,FR_FEB_2012.pdf,Sector-Wise analysis of projects,63,335
FR_201202_336,,220100188,336,"NANGALDAM-TALWARA(NL),NR - (NR),Multi State",NR,,RAILWAYS,2012-02,1981-03,,37.68,450.0,730.0,,,333.85,2012-07,,2012-07,,,,0,0,,,,FR_FEB_2012.pdf,Sector-Wise analysis of projects,63,336
FR_201202_337,,N22000087,337,"NEW B.G. LINE FROM ARARIA TO GALGALIA (THAKURGUNG) - NEFR,Bihar",THAKURGUNG,,RAILWAYS,2012-02,2006-09,,300.0,,529.88,,,37.89,,,,,,,0,0,,,,FR_FEB_2012.pdf,Sector-Wise analysis of projects,64,337
FR_201202_338,,N22000086,338,"NEW B.G. LINE FROM TETELIA TO BYRNIHAT (NATIONAL P - NEFR,Assam",,,RAILWAYS,2012-02,2006-09,,200.0,,384.04,,,92.24,,,2014-03,,,,0,0,,,,FR_FEB_2012.pdf,Sector-Wise analysis of projects,64,338
FR_201202_339,,220100266,339,"NEW MAYNAGURI TO JOGIGHOPA VIA CHANGRABANDHA (NL), - NEFR,Multi State",NL,,RAILWAYS,2012-02,2000-04,,733.0,,1655.8,,,1066.29,2008-12,,2014-03,,,,0,0,,,,FR_FEB_2012.pdf,Sector-Wise analysis of projects,64,339
FR_201202_340,,220100135,340,"New BG line Rly line from Eklakhi- Balurghat includ - NEFR,West Bengal",,,RAILWAYS,2012-02,1983-04,,36.8,274.41,415.23,,,239.05,,,2015-03,,,,0,0,,,,FR_FEB_2012.pdf,Sector-Wise analysis of projects,64,340
FR_201202_341,,N22000124,341,"New Line from Dimapur to Zubza(Kohima) national pr - NEFR,Nagaland",Kohima,,RAILWAYS,2012-02,2006-04,,850.0,,850.0,,,8.44,2015-03,,2015-03,,,,0,0,,,,FR_FEB_2012.pdf,Sector-Wise analysis of projects,64,341
FR_201202_342,,N22000111,342,"New Work for Construction of Metro railway - RVNL,West Bengal",,,RAILWAYS,2012-02,2010-04,,2619.02,,2619.02,,,85.66,2016-03,,2016-03,,,,0,0,,,,FR_FEB_2012.pdf,Sector-Wise analysis of projects,64,342
FR_201202_343,,N22000109,343,"New Work for Construction of Metro railway from Ba - RVNL,West Bengal",,,RAILWAYS,2012-02,2010-04,,2069.6,,2069.6,,,2.75,2014-03,2016-03,2016-03,,,,0,0,,,,FR_FEB_2012.pdf,Sector-Wise analysis of projects,64,343
FR_201202_344,,N22000110,344,"New Work for Construction of Metro railway from NS - RVNL,West Bengal",,,RAILWAYS,2012-02,2010-04,,3951.98,,3951.98,,,14.4,2016-03,,2016-03,,,,0,0,,,,FR_FEB_2012.pdf,Sector-Wise analysis of projects,64,344
FR_201202_345,,N22000108,345,"New Work for Construction of Metro railway from No - RVNL,West Bengal",,,RAILWAYS,2012-02,2010-04,,2397.72,,2397.72,,,8.17,2016-03,,2016-06,,,,0,0,,,,FR_FEB_2012.pdf,Sector-Wise analysis of projects,64,345
FR_201202_346,,N22000049,346,"OBULAVARIPALLE- KRISHNAPATNAM(RVNL) - RVNL,Andhra Pradesh",RVNL,,RAILWAYS,2012-02,2006-07,,743.0,,732.8,,,403.73,2008-03,2008-06,,,,,0,0,,,,FR_FEB_2012.pdf,Sector-Wise analysis of projects,64,346
FR_201202_347,,N22000027,347,"PALWAL-BHUTESWAR 3RD LINE DOUBLING(NCR)(RVNL) - RVNL,Multi State",RVNL,,RAILWAYS,2012-02,2005-04,,240.0,,329.7,,,318.69,2009-03,2009-12,2011-03,,,,0,0,,,,FR_FEB_2012.pdf,Sector-Wise analysis of projects,64,347
FR_201202_348,,N22000076,348,"PANSPURA-KHARAGPUR 3D LINE - RVNL,West Bengal",,,RAILWAYS,2012-02,2007-09,,252.5,529.23,529.23,,,227.13,2010-02,,2015-12,,,,0,0,,,,FR_FEB_2012.pdf,Sector-Wise analysis of projects,64,348
FR_201202_349,,220100308,349,"PATNA GANGA BRIDGE (NL), ECR - ECR,Bihar",NL,,RAILWAYS,2012-02,2001-04,,624.47,1389.98,1389.98,,,1159.8,2007-10,2012-12,2012-12,,,,0,0,,,,FR_FEB_2012.pdf,Sector-Wise analysis of projects,64,349
FR_201202_350,,220100106,350,"PEDAPALLI-KARIMNAGAR- NIZAMABAD NL(SCR) - SCR,Andhra Pradesh",SCR,,RAILWAYS,2012-02,1994-12,,124.43,407.78,820.32,,,547.46,,,2012-03,,,,0,0,,,,FR_FEB_2012.pdf,Sector-Wise analysis of projects,64,350
FR_201202_351,,N22000118,351,"Pandabeswar-Chinpai doubling (ER) - ER,West Bengal",ER,,RAILWAYS,2012-02,2004-04,,225.68,,225.68,,,133.68,2010-12,,,,,,0,0,,,,FR_FEB_2012.pdf,Sector-Wise analysis of projects,64,351
FR_201202_352,,220100263,352,"QUILON-TIRUNELVELI-TENKASI- VIRUDHUNAGAR(SR)(GC) - SR,Multi State",GC,,RAILWAYS,2012-02,1998-03,,280.0,842.35,1029.0,,,724.37,,,2013-03,,,,0,0,,,,FR_FEB_2012.pdf,Sector-Wise analysis of projects,64,352
FR_201202_353,,220100329,353,"RAICHUR-GUNTAKAL(DL)(SCR) - RVNL,Andhra Pradesh",SCR,,RAILWAYS,2012-02,2003-04,,136.62,,221.9,,,191.73,2007-12,2010-03,2010-12,,,,0,0,,,,FR_FEB_2012.pdf,Sector-Wise analysis of projects,64,353
FR_201202_354,,220100307,354,"RAIL-CUM-ROAD BRIDGE AT MUNGER (NL), ECR - ECR,Bihar",NL,,RAILWAYS,2012-02,2002-04,,921.0,,981.0,,,632.83,2009-03,2012-12,2012-12,,,,0,0,,,,FR_FEB_2012.pdf,Sector-Wise analysis of projects,64,354
FR_201202_355,,220100201,355,"RAIL-CUM-ROAD BRIDGE OVER RIVER BRAHAMAPUTRA BRIDG - NEFR,Assam",,,RAILWAYS,2012-02,1997-09,,1000.0,1500.0,3230.01,,,2336.0,2008-04,2014-03,2015-12,,,,0,0,,,,FR_FEB_2012.pdf,Sector-Wise analysis of projects,65,355
FR_201202_356,,220100286,356,"RAJATGARH-BARANG(LD),ECOR - RVNL,Orissa",LD,,RAILWAYS,2012-02,1999-04,,166.16,,243.4,,,,2009-02,,2013-04,,,,0,0,,,,FR_FEB_2012.pdf,Sector-Wise analysis of projects,65,356
FR_201202_357,,N22000096,357,"RAJPIPLA-ANKELASHWAR, WR (GC) - WR,Gujarat",GC,,RAILWAYS,2012-02,2006-04,,196.97,,196.97,,,204.73,2011-03,,2012-03,,,,0,0,,,,FR_FEB_2012.pdf,Sector-Wise analysis of projects,65,357
FR_201202_358,,220100314,358,"RAMGANJMUNDI-BHOPAL (NL),WCR - WCR,Madhya pradesh",NL,,RAILWAYS,2012-02,2001-04,,727.13,727.13,1225.0,,,217.36,,,,,,,0,0,,,,FR_FEB_2012.pdf,Sector-Wise analysis of projects,65,358
FR_201202_359,,220100214,359,"RANCHI-LOHARDAGA(GC),SER - SER,Jharkhandd",GC,,RAILWAYS,2012-02,1997-04,,194.07,,456.45,,,276.61,2004-06,,2012-12,,,,0,0,,,,FR_FEB_2012.pdf,Sector-Wise analysis of projects,65,359
FR_201202_360,,220100315,360,"RANGIA-MURKONGSELEK, (GC) ALONG WITH LINKED FINGER - NEFR,Multi State",GC,,RAILWAYS,2012-02,2004-01,,915.7,,1717.29,,,989.4,,,2013-03,,,,0,0,,,,FR_FEB_2012.pdf,Sector-Wise analysis of projects,65,360
FR_201202_361,,220100260,361,"REINGUNTA-GUNTAKAL(RE) - RVNL,Andhra Pradesh",RE,,RAILWAYS,2012-02,2000-06,,168.34,,296.2,,,318.33,2003-04,2010-03,,,,,0,0,,,,FR_FEB_2012.pdf,Sector-Wise analysis of projects,65,361
FR_201202_362,,220100279,362,"REWARI-ROHTAK (NL),NR - (NR),Haryana",NR,,RAILWAYS,2012-02,2004-01,,149.38,330.23,476.68,,,512.18,2010-02,2011-02,2011-02,,,,0,0,,,,FR_FEB_2012.pdf,Sector-Wise analysis of projects,65,362
FR_201202_363,,220100323,363,"RUPSA-BANGRIPOSI (GC)(SER) - SER,Orissa",SER,,RAILWAYS,2012-02,1996-02,,57.94,604.04,639.97,,,176.59,1998-03,2005-08,2005-08,,,,0,0,,,,FR_FEB_2012.pdf,Sector-Wise analysis of projects,65,363
FR_201202_364,,N22000107,364,"Ramanagram-Mysore doubling with electrification of - SWR,Karnataka",,,RAILWAYS,2012-02,2007-04,,482.0,482.7,482.7,,,254.35,2013-03,,2013-03,,,,0,0,,,,FR_FEB_2012.pdf,Sector-Wise analysis of projects,65,364
FR_201202_365,,N22000120,365,"Ratlam-Mhow-Khandwa-Akola (GC) - WR,Madhya pradesh",GC,,RAILWAYS,2012-02,2008-04,,603.04,,603.04,,,55.89,2012-03,,2013-03,,,,0,0,,,,FR_FEB_2012.pdf,Sector-Wise analysis of projects,65,365
FR_201202_366,,N22000075,366,"SALKA ROAD -ANUPNAGAR LINE DOUBLING - RVNL,Chhatisgarh",,,RAILWAYS,2012-02,2006-09,,324.9,,324.9,,,211.31,2010-03,,2012-03,,,,0,0,,,,FR_FEB_2012.pdf,Sector-Wise analysis of projects,65,366
FR_201202_367,,N22000102,367,"SEVOK RANGPO, NEFR - NEFR,Sikkim",,,RAILWAYS,2012-02,2008-04,,1339.48,,3380.57,,,52.63,2015-12,,2015-12,,,,0,0,,,,FR_FEB_2012.pdf,Sector-Wise analysis of projects,65,367
FR_201202_368,,220100313,368,"SRIGANGANAGAR-SARUPSAR (GC), NWR - NWR,Rajasthan",GC,,RAILWAYS,2012-02,2001-04,,143.92,258.6,258.6,,,248.56,2011-03,,2011-03,,,,0,0,,,,FR_FEB_2012.pdf,Sector-Wise analysis of projects,65,368
FR_201202_369,,220100325,369,"SUKINDA ROAD - ANGUL (NL)(ECOR) - RVNL,Orissa",ECOR,,RAILWAYS,2012-02,1998-04,,183.23,,638.0,,,60.78,2015-02,,2015-02,,,,0,0,,,,FR_FEB_2012.pdf,Sector-Wise analysis of projects,65,369
FR_201202_370,,N22000114,370,"Suratpura - Hanumangarh - Sriganganagar Guage Conv - NWR,Rajasthan",,,RAILWAYS,2012-02,2008-04,,516.23,,516.23,,,164.14,2014-03,,2014-03,,,,0,0,,,,FR_FEB_2012.pdf,Sector-Wise analysis of projects,65,370
FR_201202_371,,220100328,371,"TALCHER-BIMALAGARH(NL)(ECOR) - ECOR,Orissa",ECOR,,RAILWAYS,2012-02,2005-04,,726.96,810.78,810.78,,,89.95,,,2013-03,,,,0,0,,,,FR_FEB_2012.pdf,Sector-Wise analysis of projects,65,371
FR_201202_372,,N22000097,372,"TAMLUK DIGHA,LINE DOUBLING (SER) - SER,West Bengal",SER,,RAILWAYS,2012-02,1984-03,,293.97,662.69,723.71,,,389.41,2005-06,2011-07,2015-06,,,,0,0,,,,FR_FEB_2012.pdf,Sector-Wise analysis of projects,65,372
FR_201202_373,,220100272,373,"TARAKESWAR - BISHNUPUR NEW BG LINE (NL), ER - ER,West Bengal",NL,,RAILWAYS,2012-02,2000-04,,157.96,762.33,762.33,,,461.93,2009-12,,2012-02,,,,0,0,,,,FR_FEB_2012.pdf,Sector-Wise analysis of projects,65,373
FR_201202_374,,N22000085,374,"TIDIVANAM-NAGARI (NL) - SR,Tamil Nadu",NL,,RAILWAYS,2012-02,2006-09,,456.0,582.83,582.83,,,95.58,,,,,,,0,0,,,,FR_FEB_2012.pdf,Sector-Wise analysis of projects,65,374
FR_201202_375,,N22000084,375,"TINDIVANAM-GINGEE- TIRUVANNAMALAI (NL) - SR,Tamil Nadu",NL,,RAILWAYS,2012-02,2006-09,,125.0,,227.4,,,34.06,,,,,,,0,0,,,,FR_FEB_2012.pdf,Sector-Wise analysis of projects,65,375
FR_201202_376,,220100262,376,"TIRUCHIRAPPALI-NAGORE- KARAIKKAL(SR)(GC) - SR,Tamil Nadu",GC,,RAILWAYS,2012-02,1995-09,,100.0,,548.96,,,490.98,,,,,,,0,0,,,,FR_FEB_2012.pdf,Sector-Wise analysis of projects,66,376
FR_201202_377,,220100268,377,"TOLLYGANJ-GARIA with extension to Dum Dum-Noapara - MRTP,West Bengal",,,RAILWAYS,2012-02,2000-03,,907.69,3176.1,3176.1,,,3047.91,2006-12,2010-08,,,,,0,0,,,,FR_FEB_2012.pdf,Sector-Wise analysis of projects,66,377
FR_201202_378,,N22000115,378,"Tinpahar - Sahibganj (ER) - ER,Jharkhandd",ER,,RAILWAYS,2012-02,2008-04,,167.73,,167.73,,,42.51,2012-03,,2012-03,,,,0,0,,,,FR_FEB_2012.pdf,Sector-Wise analysis of projects,66,378
FR_201202_379,,220100133,379,"UDHAMPUR-SRINAGAR-BARAMULLA (NL),NR - (NR),J and K",NR,,RAILWAYS,2012-02,1995-03,,2500.0,8000.0,20000.0,,,7816.76,2001-03,,2017-12,,,,0,0,,,,FR_FEB_2012.pdf,Sector-Wise analysis of projects,66,379
FR_201202_380,,N22000088,380,"UTRATIA-ZAFRABAD, NR (LINE DOUBLING) - (NR),Uttar Pradesh",NR,,RAILWAYS,2012-02,2006-04,,325.0,,819.4,,,108.3,2010-03,2014-06,2014-06,,,,0,0,,,,FR_FEB_2012.pdf,Sector-Wise analysis of projects,66,380
FR_201202_381,,N22000122,381,"Udhna-Jalgaon with electrification(doubling) (WR) - WR,Gujarat",WR,,RAILWAYS,2012-02,2008-04,,1389.62,,1389.62,,,237.64,2014-03,,2014-03,,,,0,0,,,,FR_FEB_2012.pdf,Sector-Wise analysis of projects,66,381
FR_201202_382,,220100062,382,"VIRAMGAM-BHILDI(WR),GC - WR,Multi State Total",WR,,RAILWAYS,2012-02,1990-04,,155.66,356.87,356.87,,,155.74,2010-03,,,,,,0,0,,,,FR_FEB_2012.pdf,Sector-Wise analysis of projects,66,382
FR_201202_383,,N24000166,383,"2 LANNING OF MOKAMA-MUNGER - NHAI,Bihar",,,ROAD TRANSPORT & HIGHWAYS,2012-02,2011-05,,351.54,,351.54,,,163.9,2013-05,,2014-03,,,,0,0,,,,FR_FEB_2012.pdf,Sector-Wise analysis of projects,66,383
FR_201202_384,,N24000188,384,"2 LANNING OF MUZAFFARPUR - SONBARSA - NHAI,Bihar",,,ROAD TRANSPORT & HIGHWAYS,2012-02,2011-05,,511.54,,511.54,,,65.78,2013-11,,2013-11,,,,0,0,,,,FR_FEB_2012.pdf,Sector-Wise analysis of projects,66,384
FR_201202_385,,N24000181,385,"2-LANNING OF SHILONG BYPASS - NHAI,Meghalaya",,,ROAD TRANSPORT & HIGHWAYS,2012-02,2011-02,,226.0,,226.0,,,129.8,2014-02,,2014-02,,,,0,0,,,,FR_FEB_2012.pdf,Sector-Wise analysis of projects,66,385
FR_201202_386,,N24000184,386,"2-LANNING WITH PS KHAGARIA- PURNEA - NHAI,Bihar",,,ROAD TRANSPORT & HIGHWAYS,2012-02,2011-05,,664.0,,664.0,,,15.15,2014-02,,2014-02,,,,0,0,,,,FR_FEB_2012.pdf,Sector-Wise analysis of projects,66,386
FR_201202_387,,N24000186,387,"2-LANNING WITH PS MOTIHARI- RAXAUL - NHAI,Bihar",,,ROAD TRANSPORT & HIGHWAYS,2012-02,2011-10,,375.09,,375.09,,,20.75,2014-04,,2014-04,,,,0,0,,,,FR_FEB_2012.pdf,Sector-Wise analysis of projects,66,387
FR_201202_388,,N24000155,388,"4 LANING OF NAGPUR-BETUL - NHAI,Multi State",,,ROAD TRANSPORT & HIGHWAYS,2012-02,2011-02,,2498.76,,2498.76,,,34.56,2014-08,,2014-08,,,,0,0,,,,FR_FEB_2012.pdf,Sector-Wise analysis of projects,66,388
FR_201202_389,,N24000167,389,"4 LANNING OF AHMEDABAD TO GODHARA - NHAI,Gujarat",,,ROAD TRANSPORT & HIGHWAYS,2012-02,2010-12,,1008.5,,1008.5,,,1079.0,2013-06,,2013-06,,,,0,0,,,,FR_FEB_2012.pdf,Sector-Wise analysis of projects,66,389
FR_201202_390,,N24000153,390,"4 LANNING OF BELGUM-KHANPUR SECTION AND 2 LANING - NHAI,Karnataka",,,ROAD TRANSPORT & HIGHWAYS,2012-02,2011-03,,359.0,,359.0,,,31.09,2013-09,,2014-07,,,,0,0,,,,FR_FEB_2012.pdf,Sector-Wise analysis of projects,66,390
FR_201202_391,,N24000168,391,"4 LANNING OF GODHARA TO GUJARAT/MP BORDER - NHAI,Gujarat",,,ROAD TRANSPORT & HIGHWAYS,2012-02,2011-03,,785.5,,785.5,,,424.7,2013-08,,2013-08,,,,0,0,,,,FR_FEB_2012.pdf,Sector-Wise analysis of projects,66,391
FR_201202_392,,N24000187,392,"4-LANNING OF CHAPRA-HAJIPUR - NHAI,Bihar",,,ROAD TRANSPORT & HIGHWAYS,2012-02,2011-01,,575.0,,575.0,,,225.9,2013-07,,2013-07,,,,0,0,,,,FR_FEB_2012.pdf,Sector-Wise analysis of projects,66,392
FR_201202_393,,N24000098,393,"AGRA-BYPASS(NS-1/UP-1),KM 176.8- 13.03 NH-2,3 - NHAI,Uttar Pradesh",NS-1/UP-1,,ROAD TRANSPORT & HIGHWAYS,2012-02,2003-12,,348.16,,465.5,,,137.3,2007-09,,2013-06,,,,0,0,,,,FR_FEB_2012.pdf,Sector-Wise analysis of projects,66,393
FR_201202_394,,240101173,394,"AGRA-SHIKOHABAD (GQ) KM.199.66- KM.250.50 (NH-2) - NHAI,Uttar Pradesh",NH-2,,ROAD TRANSPORT & HIGHWAYS,2012-02,2000-04,,367.49,,367.49,,,453.68,2005-03,,2012-06,,,,0,0,,,,FR_FEB_2012.pdf,Sector-Wise analysis of projects,66,394
FR_201202_395,,N24000147,395,"AMRITSAR-PATHANKOT - NHAI,Punjab",,,ROAD TRANSPORT & HIGHWAYS,2012-02,2010-05,,705.0,,705.0,,,870.5,2012-11,,2013-06,,,,0,0,,,,FR_FEB_2012.pdf,Sector-Wise analysis of projects,67,395
FR_201202_396,,N24000045,396,"ASSAM/WB BORDER TO GAIRKATTA (WB-1) - NHAI,West Bengal",WB-1,,ROAD TRANSPORT & HIGHWAYS,2012-02,2003-12,,221.82,,221.82,,,266.6,2008-11,,2012-03,,,,0,0,,,,FR_FEB_2012.pdf,Sector-Wise analysis of projects,67,396
FR_201202_397,,240106260,397,"AURANG-RAIPUR, NH-6, KM.232 TO KM.281 - NHAI,Chhatisgarh",,,ROAD TRANSPORT & HIGHWAYS,2012-02,2005-03,,190.0,,190.0,,,251.6,2009-01,,2012-03,,,,0,0,,,,FR_FEB_2012.pdf,Sector-Wise analysis of projects,67,397
FR_201202_398,,N24000143,398,"Armur to kadloor yellareddy - NHAI,Andhra Pradesh",,,ROAD TRANSPORT & HIGHWAYS,2012-02,2010-02,,390.56,,390.56,,,631.7,2012-02,,2012-04,,,,0,0,,,,FR_FEB_2012.pdf,Sector-Wise analysis of projects,67,398
FR_201202_399,,N24000116,399,"BALASORE BHADRAK (REVIVED) KM 136.5 - 199.14 NH-5 - NHAI,Orissa",REVIVED,,ROAD TRANSPORT & HIGHWAYS,2012-02,2000-04,,228.7,,228.7,,,182.07,2004-02,,2012-07,,,,0,0,,,,FR_FEB_2012.pdf,Sector-Wise analysis of projects,67,399
FR_201202_400,,N24000158,400,"BELGAUM-DHARWAD(NH-4) - NHAI,Karnataka",NH-4,,ROAD TRANSPORT & HIGHWAYS,2012-02,2010-12,,480.0,,480.0,,,273.2,,,2013-10,,,,0,1,,,,FR_FEB_2012.pdf,Sector-Wise analysis of projects,67,400
FR_201202_401,,240106293,401,"BIJNI TO ASSAM /WB.BORDER (NH- 31.C)(2)(NHAI) - NHAI,Assam",NHAI,,ROAD TRANSPORT & HIGHWAYS,2012-02,2003-12,,237.8,,237.8,,,226.9,2008-06,,2012-12,,,,0,0,,,,FR_FEB_2012.pdf,Sector-Wise analysis of projects,67,401
FR_201202_402,,240106290,402,"BIJNI TO ASSAM WB BORDER (NH- 31.C)(1)(NHAI) - NHAI,Assam",NHAI,,ROAD TRANSPORT & HIGHWAYS,2012-02,2003-12,,195.0,,195.0,,,187.4,2008-06,,2012-06,,,,0,0,,,,FR_FEB_2012.pdf,Sector-Wise analysis of projects,67,402
FR_201202_403,,240106226,403,"BIJNI TO ASSAM/WB BORDER PH.II, KM.30.00 TO 0.00, NH-31 C - NHAI,Assam",,,ROAD TRANSPORT & HIGHWAYS,2012-02,2003-12,,230.0,,230.0,,,218.1,2005-06,,2012-09,,,,0,0,,,,FR_FEB_2012.pdf,Sector-Wise analysis of projects,67,403
FR_201202_404,,N24000063,404,"BRAHMPUTRA BRIDGE,NH NO-31 - NHAI,Assam",,,ROAD TRANSPORT & HIGHWAYS,2012-02,2003-12,,217.61,,217.61,,,165.8,2010-04,,2012-12,,,,0,0,,,,FR_FEB_2012.pdf,Sector-Wise analysis of projects,67,404
FR_201202_405,,N24000137,405,"Bijapur-Hungund Section - NHAI,Karnataka",,,ROAD TRANSPORT & HIGHWAYS,2012-02,2010-09,,748.0,,748.0,,,1373.0,,,2013-03,,,,0,3,,,,FR_FEB_2012.pdf,Sector-Wise analysis of projects,67,405
FR_201202_406,,N24000068,406,"CHAMBAL BRIDGE, NH-76 (RJ-5) - NHAI,Rajasthan",RJ-5,,ROAD TRANSPORT & HIGHWAYS,2012-02,2003-12,,275.0,,281.31,,,179.2,2010-02,,2013-07,,,,0,0,,,,FR_FEB_2012.pdf,Sector-Wise analysis of projects,67,406
FR_201202_407,,N24000144,407,"CHENGAPALLI TO COIMBATORE BYPASS KM-102.035-144.740 KM - NHAI,Tamil Nadu",,,ROAD TRANSPORT & HIGHWAYS,2012-02,2010-09,,852.0,,852.0,,,491.6,2013-03,,2013-03,,,,0,0,,,,FR_FEB_2012.pdf,Sector-Wise analysis of projects,67,407
FR_201202_408,,N24000157,408,"CHITRADURGA-TUMKUR(NH-4) - NHAI,Karnataka",NH-4,,ROAD TRANSPORT & HIGHWAYS,2012-02,2011-03,,839.0,,839.0,,,,,,2013-12,,,,0,1,,,,FR_FEB_2012.pdf,Sector-Wise analysis of projects,67,408
FR_201202_409,,N24000145,409,"CUDDAPAH-MYDUKUR-KURNOOL KM-167.750-356.502 KM - NHAI,Andhra Pradesh",,,ROAD TRANSPORT & HIGHWAYS,2012-02,2010-11,,1585.0,,1585.0,,,809.8,2013-05,,2013-05,,,,0,0,,,,FR_FEB_2012.pdf,Sector-Wise analysis of projects,67,409
FR_201202_410,,N24000129,410,"Chennai-Tada(Six lane) - NHAI,Tamil Nadu",Six lane,,ROAD TRANSPORT & HIGHWAYS,2012-02,2009-04,,353.37,,353.37,,,227.7,2011-10,,2014-03,,,,0,0,,,,FR_FEB_2012.pdf,Sector-Wise analysis of projects,67,410
FR_201202_411,,N24000132,411,"Chilkaluripet-Vijaywada 6 lane (km 355 to Km 434.1) - NHAI,Andhra Pradesh",km 355 to Km 434.1,,ROAD TRANSPORT & HIGHWAYS,2012-02,2009-05,,572.3,,572.3,,,580.0,2011-10,,2012-10,,,,0,0,,,,FR_FEB_2012.pdf,Sector-Wise analysis of projects,67,411
FR_201202_412,,240106288,412,"DAKOBA TO NAGAON (NH-36)(NHAI) - NHAI,Assam",NHAI,,ROAD TRANSPORT & HIGHWAYS,2012-02,2003-12,,225.0,,225.0,,,266.1,2008-06,,2012-03,,,,0,0,,,,FR_FEB_2012.pdf,Sector-Wise analysis of projects,67,412
FR_201202_413,,240106244,413,"DEEWAPUR TO UP/BIHAR BORDER (LMNHP-9)-NH-28, KM.402-360.915 - NHAI,Bihar",LMNHP-9,,ROAD TRANSPORT & HIGHWAYS,2012-02,2003-12,,300.0,,300.0,,,170.2,2008-10,,2012-06,,,,0,0,,,,FR_FEB_2012.pdf,Sector-Wise analysis of projects,67,413
FR_201202_414,,N24000122,414,"DELHI/ HARYANA BORDER TO ROHTAK - NHAI,Haryana",,,ROAD TRANSPORT & HIGHWAYS,2012-02,2007-04,,486.0,,486.0,,,573.3,2010-05,,2012-12,,,,0,0,,,,FR_FEB_2012.pdf,Sector-Wise analysis of projects,67,414
FR_201202_415,,N24000148,415,"DEOLI-KOTA - NHAI,Rajasthan",,,ROAD TRANSPORT & HIGHWAYS,2012-02,2011-01,,953.0,,593.0,,,274.3,2013-07,,2013-07,,,,0,0,,,,FR_FEB_2012.pdf,Sector-Wise analysis of projects,67,415
FR_201202_416,,N24000173,416,"DEVELOPMENT OF ADIQUATE ROAD CONNECTIVITY TO CHENN - NHAI,Tamil Nadu",,,ROAD TRANSPORT & HIGHWAYS,2012-02,2011-06,,600.0,,600.0,,,75.85,2013-06,,2013-06,,,,0,0,,,,FR_FEB_2012.pdf,Sector-Wise analysis of projects,68,416
FR_201202_417,,N24000152,417,"DEVIHALLI-HASSAN - NHAI,Karnataka",,,ROAD TRANSPORT & HIGHWAYS,2012-02,2010-12,,453.0,,453.0,,,173.5,,,2013-06,,,,1,1,,,,FR_FEB_2012.pdf,Sector-Wise analysis of projects,68,417
FR_201202_418,,N24000051,418,"DHARAMTUL TO SONAPUR (AS-19) - NHAI,Assam",AS-19,,ROAD TRANSPORT & HIGHWAYS,2012-02,2003-12,,200.0,,200.0,,,207.8,2008-06,,2012-06,,,,0,0,,,,FR_FEB_2012.pdf,Sector-Wise analysis of projects,68,418
FR_201202_419,,,419,"DHARAMTUL TO SONAPUR,KM 205-",,,ROAD TRANSPORT & HIGHWAYS,2012-02,2003-12,,160.0,,160.0,,,132.1,2008-05,,2012-06,,,,0,0,,,,FR_FEB_2012.pdf,Sector-Wise analysis of projects,68,419
FR_201202_420,,N24000108,420,"DHOLPUR - MORENA SECTION (INCLUDING CHAMBOL BRIDGE - NHAI,Multi State",,,ROAD TRANSPORT & HIGHWAYS,2012-02,2003-12,,232.45,,232.45,,,173.6,2010-09,,2012-12,,,,0,0,,,,FR_FEB_2012.pdf,Sector-Wise analysis of projects,68,420
FR_201202_421,,N24000177,421,"Dindigul - Kumli - NHAI,Tamil Nadu",,,ROAD TRANSPORT & HIGHWAYS,2012-02,2011-09,,485.0,,485.0,,,,2013-08,,2013-08,,,,0,0,,,,FR_FEB_2012.pdf,Sector-Wise analysis of projects,68,421
FR_201202_422,,N24000118,422,"END OF DURG BYPASS- CHHATISGARH/MAHARASHTRA BORDER - NHAI,Chhatisgarh",,,ROAD TRANSPORT & HIGHWAYS,2012-02,2008-01,,464.0,,464.0,,,533.8,2011-01,,2012-03,,,,0,0,,,,FR_FEB_2012.pdf,Sector-Wise analysis of projects,68,422
FR_201202_423,,240106294,423,"FORBESGANJ TO SIMRAHI (NH- 57)(NHAI) - NHAI,Bihar",NHAI,,ROAD TRANSPORT & HIGHWAYS,2012-02,2003-12,,332.94,,332.94,,,323.3,2008-09,,2012-03,,,,0,0,,,,FR_FEB_2012.pdf,Sector-Wise analysis of projects,68,423
FR_201202_424,,N24000124,424,"Four Lanning from MP/Maharashtra Border to nagpur - NHAI,Maharashtra",,,ROAD TRANSPORT & HIGHWAYS,2012-02,2010-04,,1170.52,,1170.52,,,4.41,2011-06,,2012-10,,,,0,0,,,,FR_FEB_2012.pdf,Sector-Wise analysis of projects,68,424
FR_201202_425,,240106221,425,"GANGA BRIDGE TO RAMDEVI CROSSING PH.II NH-25, KM.75-80.06 - NHAI,Uttar Pradesh",,,ROAD TRANSPORT & HIGHWAYS,2012-02,2003-12,,155.0,,201.66,,,100.3,2008-09,,2012-06,,,,0,0,,,,FR_FEB_2012.pdf,Sector-Wise analysis of projects,68,425
FR_201202_426,,N24000057,426,"GANJAM-ICCHAPURUM,NH-5(NHAI) - NHAI,Orissa",NHAI,,ROAD TRANSPORT & HIGHWAYS,2012-02,2000-04,,263.27,,263.27,,,262.3,2004-02,,2012-05,,,,0,0,,,,FR_FEB_2012.pdf,Sector-Wise analysis of projects,68,426
FR_201202_427,,240106204,427,"GARHMUKTESHWAR-MURADABAD (NHAI) OTHERS KM.93-149.25, NH-24 - NHAI,Uttar Pradesh",NHAI,,ROAD TRANSPORT & HIGHWAYS,2012-02,2003-12,,275.0,,275.0,,,300.0,2007-09,,2012-06,,,,0,0,,,,FR_FEB_2012.pdf,Sector-Wise analysis of projects,68,427
FR_201202_428,,N24000170,428,"GHAZIABAD-ALIGARH NH-91 - NHAI,Uttar Pradesh",,,ROAD TRANSPORT & HIGHWAYS,2012-02,2011-02,,1141.0,,1141.0,,,483.1,2013-08,,2013-08,,,,0,0,,,,FR_FEB_2012.pdf,Sector-Wise analysis of projects,68,428
FR_201202_429,,N24000085,429,"GORAKHPUR BYPASS, NH-28, PHASE-II EAST-WEST CORRID - NHAI,Uttar Pradesh",,,ROAD TRANSPORT & HIGHWAYS,2012-02,2003-12,,600.24,,600.24,,,750.8,2009-10,,2012-06,,,,0,0,,,,FR_FEB_2012.pdf,Sector-Wise analysis of projects,68,429
FR_201202_430,,N24000046,430,"GUWAHATI TO NALBARI (AS-5) - NHAI,Assam",AS-5,,ROAD TRANSPORT & HIGHWAYS,2012-02,2003-12,,198.16,,198.16,,,192.9,2008-04,,2012-12,,,,0,0,,,,FR_FEB_2012.pdf,Sector-Wise analysis of projects,68,430
FR_201202_431,,N24000038,431,"GUWHATI TO NALBARI (AS-4) - NHAI,Assam",AS-4,,ROAD TRANSPORT & HIGHWAYS,2012-02,2003-12,,175.96,,175.96,,,129.5,2008-04,,2012-12,,,,0,0,,,,FR_FEB_2012.pdf,Sector-Wise analysis of projects,68,431
FR_201202_432,,N24000088,432,"GWALIOR BYPSS, NH-75,3 - NHAI,Madhya pradesh",,,ROAD TRANSPORT & HIGHWAYS,2012-02,2003-12,,300.93,,300.93,,,294.6,2009-10,,2012-06,,,,0,0,,,,FR_FEB_2012.pdf,Sector-Wise analysis of projects,68,432
FR_201202_433,,N24000089,433,"GWALIOR-JHANSI, NH-75 - NHAI,Multi State",,,ROAD TRANSPORT & HIGHWAYS,2012-02,2003-12,,604.0,,604.0,,,470.1,2009-12,,2012-12,,,,0,0,,,,FR_FEB_2012.pdf,Sector-Wise analysis of projects,68,433
FR_201202_434,,N24000125,434,"Gujarat/Maharashtra BorderSurat-Hazira Port Section - NHAI,Gujarat",,,ROAD TRANSPORT & HIGHWAYS,2012-02,2010-03,,1509.1,,1509.1,,,1098.0,2012-09,,2012-09,,,,0,0,,,,FR_FEB_2012.pdf,Sector-Wise analysis of projects,68,434
FR_201202_435,,N24000130,435,"Gurgaon-Kotputli Km 42.70 to 54.4 Km - NHAI,Multi State",,,ROAD TRANSPORT & HIGHWAYS,2012-02,2009-04,,1673.7,,1673.7,,,2406.0,2011-10,,2012-06,,,,0,0,,,,FR_FEB_2012.pdf,Sector-Wise analysis of projects,68,435
FR_201202_436,,240104196,436,"HALDIA PORT (PORT CONNECTIVITY) (NH-41) - NHAI,West Bengal",NH-41,,ROAD TRANSPORT & HIGHWAYS,2012-02,2000-04,,273.0,,522.0,,,475.6,2005-03,,2012-03,,,,0,0,,,,FR_FEB_2012.pdf,Sector-Wise analysis of projects,68,436
FR_201202_437,,240106205,437,"HAPUR-GARHMUKTESWAR (OTHERS) KM.58-93, NH-24 - NHAI,Uttar Pradesh",OTHERS,,ROAD TRANSPORT & HIGHWAYS,2012-02,2005-03,,220.0,,220.0,,,258.8,2007-09,,2012-06,,,,0,0,,,,FR_FEB_2012.pdf,Sector-Wise analysis of projects,69,437
FR_201202_438,,240106277,438,"HARANGAJO TO MAIBANG (AS-23), KM.126.450 TO KM.140.700 - NHAI,Assam",AS-23,,ROAD TRANSPORT & HIGHWAYS,2012-02,2003-12,,280.0,,280.0,,,256.2,2009-02,,2013-03,,,,0,0,,,,FR_FEB_2012.pdf,Sector-Wise analysis of projects,69,438
FR_201202_439,,N24000062,439,"HARANGAJO TO MAIBANG, NH-54 - NHAI,Assam",,,ROAD TRANSPORT & HIGHWAYS,2012-02,2003-12,,196.0,,363.74,,,20.27,2009-07,,2014-04,,,,0,0,,,,FR_FEB_2012.pdf,Sector-Wise analysis of projects,69,439
FR_201202_440,,N24000061,440,"HARANGAJO TO MAIBANG,km 164.08- 190.587 NH-54 - NHAI,Assam",,,ROAD TRANSPORT & HIGHWAYS,2012-02,2003-12,,212.0,,386.1,,,2.11,2007-09,,2014-04,,,,0,0,,,,FR_FEB_2012.pdf,Sector-Wise analysis of projects,69,440
FR_201202_441,,240101133,441,"HARIHAR-CHITRADURGA (GQ) KM.284-KM.207 (NH-4) - NHAI,Karnataka",NH-4,,ROAD TRANSPORT & HIGHWAYS,2012-02,2000-04,,318.0,,207.56,,,178.99,2004-08,,2012-03,,,,0,0,,,,FR_FEB_2012.pdf,Sector-Wise analysis of projects,69,441
FR_201202_442,,240101132,442,"HAVERI-HARIHAR (GQ) KM.340- KM.284 (NH-4) - NHAI,Karnataka",NH-4,,ROAD TRANSPORT & HIGHWAYS,2012-02,2000-04,,241.0,,196.65,,,169.48,2004-08,2010-07,2012-03,,,,0,0,,,,FR_FEB_2012.pdf,Sector-Wise analysis of projects,69,442
FR_201202_443,,N24000141,443,"Hazaribagh-Ranchi - NHAI,Jharkhandd",,,ROAD TRANSPORT & HIGHWAYS,2012-02,2010-08,,625.07,,625.07,,,758.6,2013-01,,2013-01,,,,0,0,,,,FR_FEB_2012.pdf,Sector-Wise analysis of projects,69,443
FR_201202_444,,N24000138,444,"Hungund-Surathkal and Mangalore- Knt/Kerala Border - NHAI,Karnataka",,,ROAD TRANSPORT & HIGHWAYS,2012-02,2010-09,,946.0,,946.0,,,981.6,,,2013-03,,,,2,2,,,,FR_FEB_2012.pdf,Sector-Wise analysis of projects,69,444
FR_201202_445,,N24000134,445,"Hyderabad-Vijaywada Km. 40 to 221.50 Km - NHAI,Andhra Pradesh",,,ROAD TRANSPORT & HIGHWAYS,2012-02,2010-04,,1740.0,,1740.0,,,1416.0,2012-10,,2012-10,,,,0,0,,,,FR_FEB_2012.pdf,Sector-Wise analysis of projects,69,445
FR_201202_446,,N24000142,446,"Hyderabad-yadgiri N.H no-202 - NHAI,Andhra Pradesh",,,ROAD TRANSPORT & HIGHWAYS,2012-02,2010-08,,388.0,,388.0,,,439.2,2012-05,,2012-05,,,,0,0,,,,FR_FEB_2012.pdf,Sector-Wise analysis of projects,69,446
FR_201202_447,,N24000159,447,"INDORE-DEWAS(NH-3) - NHAI,Madhya pradesh",NH-3,,ROAD TRANSPORT & HIGHWAYS,2012-02,2010-11,,325.0,,325.0,,,274.4,2013-05,,2013-05,,,,0,0,,,,FR_FEB_2012.pdf,Sector-Wise analysis of projects,69,447
FR_201202_448,,N24000136,448,"Indore-Jhabua-Gujrat/MP - NHAI,Madhya pradesh",,,ROAD TRANSPORT & HIGHWAYS,2012-02,2010-10,,1175.0,,1175.0,,,138.7,2013-04,,2013-04,,,,0,0,,,,FR_FEB_2012.pdf,Sector-Wise analysis of projects,69,448
FR_201202_449,,N24000163,449,"JAMMU-UDHAMPUR KM.27.5 TO KM.67.00 - NHAI,J and K",,,ROAD TRANSPORT & HIGHWAYS,2012-02,2010-07,,1813.76,,1813.76,,,,2013-07,,2014-06,,,,0,0,,,,FR_FEB_2012.pdf,Sector-Wise analysis of projects,69,449
FR_201202_450,,N24000031,450,"JHAJHARPUR TO DARBANGA (BR-7) - NHAI,Bihar",BR-7,,ROAD TRANSPORT & HIGHWAYS,2012-02,2003-12,,340.0,,340.0,,,477.1,2008-09,,2012-03,,,,0,0,,,,FR_FEB_2012.pdf,Sector-Wise analysis of projects,69,450
FR_201202_451,,N24000096,451,"JHANSI TO LALITPUR, NH-25,26 - NHAI,Uttar Pradesh",,,ROAD TRANSPORT & HIGHWAYS,2012-02,2003-12,,355.06,,355.06,,,436.3,2009-09,,2012-12,,,,0,0,,,,FR_FEB_2012.pdf,Sector-Wise analysis of projects,69,451
FR_201202_452,,N24000180,452,"JORBAT - BARAPANI - NHAI,Meghalaya",,,ROAD TRANSPORT & HIGHWAYS,2012-02,2011-01,,536.0,,536.0,,,282.9,2014-01,,2014-01,,,,0,0,,,,FR_FEB_2012.pdf,Sector-Wise analysis of projects,69,452
FR_201202_453,,N24000135,453,"Jaipur-Tonk-Deoli - NHAI,Rajasthan",,,ROAD TRANSPORT & HIGHWAYS,2012-02,2010-06,,792.06,,792.06,,,838.2,2012-12,,2012-12,,,,0,0,,,,FR_FEB_2012.pdf,Sector-Wise analysis of projects,69,453
FR_201202_454,,240106297,454,"KOTA BYPASS,RJ-4, NH-76 (NHAI) - NHAI,Rajasthan",NHAI,,ROAD TRANSPORT & HIGHWAYS,2012-02,2003-12,,275.0,,250.39,,,278.5,2008-10,,2012-09,,,,0,0,,,,FR_FEB_2012.pdf,Sector-Wise analysis of projects,69,454
FR_201202_455,,240106243,455,"KOTWA TO DEWAPUR(10 LMNHP),NH-28 PHASE-II, KM.440 TO KM.402 - NHAI,Bihar",10 LMNHP,,ROAD TRANSPORT & HIGHWAYS,2012-02,2003-12,,240.0,,240.0,,,285.6,2008-10,,2012-03,,,,0,0,,,,FR_FEB_2012.pdf,Sector-Wise analysis of projects,69,455
FR_201202_456,,N24000146,456,"KUNDUPUR-SURATHKAL & MANGLORE - NHAI,Karnataka",,,ROAD TRANSPORT & HIGHWAYS,2012-02,2010-09,,671.0,,671.0,,,603.2,,,2013-03,,,,0,1,,,,FR_FEB_2012.pdf,Sector-Wise analysis of projects,69,456
FR_201202_457,,N24000128,457,"Kishangarh-Ajmer-Beawer - NHAI,Rajasthan",,,ROAD TRANSPORT & HIGHWAYS,2012-02,2009-11,,795.0,,795.0,,,917.5,2012-05,,2012-05,,,,0,0,,,,FR_FEB_2012.pdf,Sector-Wise analysis of projects,69,457
FR_201202_458,,N24000094,458,"LAKHNAADON TO MP/MH BORDER,KM 596.75-653 (NS- 1/BOT/MP-2),NH7 - NHAI,Madhya pradesh",NS- 1/BOT/MP-2,,ROAD TRANSPORT & HIGHWAYS,2012-02,2003-12,,407.6,,407.6,,,185.5,2010-06,,2012-10,,,,0,0,,,,FR_FEB_2012.pdf,Sector-Wise analysis of projects,70,458
FR_201202_459,,N24000095,459,"LAKHNADON TO MP/MH BORDER (NS-1/BOT/MP-2), NH-7 - NHAI,Madhya pradesh",NS-1/BOT/MP-2,,ROAD TRANSPORT & HIGHWAYS,2012-02,2003-12,,263.17,,263.17,,,233.8,2009-09,,2012-10,,,,0,0,,,,FR_FEB_2012.pdf,Sector-Wise analysis of projects,70,459
FR_201202_460,,240106300,460,"LALITPUR TO SAGAR KM 132 TO KM 187, NH-26 (NHAI) - NHAI,Madhya pradesh",NHAI,,ROAD TRANSPORT & HIGHWAYS,2012-02,2003-12,,225.0,,225.0,,,257.5,2008-10,,2012-04,,,,0,0,,,,FR_FEB_2012.pdf,Sector-Wise analysis of projects,70,460
FR_201202_461,,240106280,461,"MAIBANG TO LUNDING (AS-24), KM.111.000 TO KM.126.450 - NHAI,Assam",AS-24,,ROAD TRANSPORT & HIGHWAYS,2012-02,2003-12,,155.04,,280.13,,,85.39,2008-11,,2013-07,,,,0,0,,,,FR_FEB_2012.pdf,Sector-Wise analysis of projects,70,461
FR_201202_462,,240106278,462,"MAIBANG TO LUNDING (AS-25), KM.83.400 TO KM.111.000 - NHAI,Assam",AS-25,,ROAD TRANSPORT & HIGHWAYS,2012-02,2003-12,,199.81,,385.13,,,41.3,2009-04,,2013-07,,,,0,0,,,,FR_FEB_2012.pdf,Sector-Wise analysis of projects,70,462
FR_201202_463,,240106279,463,"MAIBANG TO LUNDING (AS-26), KM.60.500 TO KM.83.400, NH-54 - NHAI,Assam",AS-26,,ROAD TRANSPORT & HIGHWAYS,2012-02,2003-12,,167.64,,167.64,,,2.5,2008-11,,2014-01,,,,0,0,,,,FR_FEB_2012.pdf,Sector-Wise analysis of projects,70,463
FR_201202_464,,240106281,464,"MAIBANG TO LUNDING (AS-27), KM.40.000 TO KM.60.500 - NHAI,Assam",AS-27,,ROAD TRANSPORT & HIGHWAYS,2012-02,2003-12,,200.0,,200.0,,,92.33,2009-04,,2013-03,,,,0,0,,,,FR_FEB_2012.pdf,Sector-Wise analysis of projects,70,464
FR_201202_465,,N24000126,465,"MP/Maharashtra Border-Dhula - NHAI,Maharashtra",,,ROAD TRANSPORT & HIGHWAYS,2012-02,2009-12,,835.0,,835.0,,,1069.0,2012-06,,2012-06,,,,0,0,,,,FR_FEB_2012.pdf,Sector-Wise analysis of projects,70,465
FR_201202_466,,N24000154,466,"MURADABAD-BAREILY - NHAI,Uttar Pradesh",,,ROAD TRANSPORT & HIGHWAYS,2012-02,2010-04,,1267.0,,1267.0,,,1110.0,2013-06,,2013-06,,,,0,0,,,,FR_FEB_2012.pdf,Sector-Wise analysis of projects,70,466
FR_201202_467,,N24000174,467,"Muzafarpur - Sonbarsa - NHAI,Bihar",,,ROAD TRANSPORT & HIGHWAYS,2012-02,2011-05,,511.54,,511.54,,,65.78,2013-11,,2013-11,,,,0,0,,,,FR_FEB_2012.pdf,Sector-Wise analysis of projects,70,467
FR_201202_468,,N24000042,468,"NAGAON TO DHARAMTUL (AS-2) - NHAI,Assam",AS-2,,ROAD TRANSPORT & HIGHWAYS,2012-02,2003-12,,264.72,,264.72,,,268.7,2008-06,,2012-06,,,,0,0,,,,FR_FEB_2012.pdf,Sector-Wise analysis of projects,70,468
FR_201202_469,,N24000055,469,"NAGPUR-KONDHALI,NH-6(NHAI) - NHAI,Maharashtra",NHAI,,ROAD TRANSPORT & HIGHWAYS,2012-02,2005-03,,168.0,,168.0,,,457.3,2008-12,,2012-06,,,,0,0,,,,FR_FEB_2012.pdf,Sector-Wise analysis of projects,70,469
FR_201202_470,,N24000048,470,"NALBARI T BIJNI (AS-7) - NHAI,Assam",AS-7,,ROAD TRANSPORT & HIGHWAYS,2012-02,2003-12,,208.0,,208.0,,,235.5,2008-04,,2012-12,,,,0,0,,,,FR_FEB_2012.pdf,Sector-Wise analysis of projects,70,470
FR_201202_471,,N24000047,471,"NALBARI TO BIJNI (AS-6) - NHAI,Assam",AS-6,,ROAD TRANSPORT & HIGHWAYS,2012-02,2003-12,,225.0,,225.0,,,188.9,2008-06,,2012-06,,,,0,0,,,,FR_FEB_2012.pdf,Sector-Wise analysis of projects,70,471
FR_201202_472,,N24000035,472,"NALBARI TO BIJNI (AS-8) - NHAI,Assam",AS-8,,ROAD TRANSPORT & HIGHWAYS,2012-02,2003-12,,200.0,,200.0,,,271.7,2008-06,,2012-06,,,,0,0,,,,FR_FEB_2012.pdf,Sector-Wise analysis of projects,70,472
FR_201202_473,,N24000162,473,"NASHRI CHANANI - NHAI,J and K",,,ROAD TRANSPORT & HIGHWAYS,2012-02,2010-06,,2159.0,,2159.0,,,,2015-06,,2015-06,,,,0,0,,,,FR_FEB_2012.pdf,Sector-Wise analysis of projects,70,473
FR_201202_474,,N24000103,474,"NEELAMANGALAR JUNCTION ON NH- NHAI,Karnataka",,,ROAD TRANSPORT & HIGHWAYS,2012-02,2005-03,,441.0,,441.0,,,947.2,,,2012-03,,,,0,0,,,,FR_FEB_2012.pdf,Sector-Wise analysis of projects,70,474
FR_201202_475,,,475,NEW MANGALORE PORT NH-17 AND,,,ROAD TRANSPORT & HIGHWAYS,2012-02,2000-04,,196.5,,196.5,,,241.7,,,2012-03,,,,0,2,,,,FR_FEB_2012.pdf,Sector-Wise analysis of projects,70,475
FR_201202_476,,N24000107,476,"NH CONNECTIVITY TO ICTT VALLARPADAEU NH - SH - NHAI,Kerala",,,ROAD TRANSPORT & HIGHWAYS,2012-02,2005-03,,557.0,,557.0,,,930.9,2010-02,,2012-05,,,,0,0,,,,FR_FEB_2012.pdf,Sector-Wise analysis of projects,70,476
FR_201202_477,,N24000139,477,"New 4 Lane elevated road from chennai airport - NHAI,Tamil Nadu",,,ROAD TRANSPORT & HIGHWAYS,2012-02,2010-09,,1655.0,,1655.0,,,393.7,2013-09,,2013-09,,,,0,0,,,,FR_FEB_2012.pdf,Sector-Wise analysis of projects,70,477
FR_201202_478,,240106250,478,"ORAI TO JHANSI (UP-5),NH-25, KM.220.0 TO KM.170.0 - NHAI,Uttar Pradesh",UP-5,,ROAD TRANSPORT & HIGHWAYS,2012-02,2003-12,,340.68,,340.68,,,363.9,2008-03,,2012-03,,,,0,0,,,,FR_FEB_2012.pdf,Sector-Wise analysis of projects,71,478
FR_201202_479,,N24000151,479,"PANIPAT-ROHTAK - NHAI,Haryana",,,ROAD TRANSPORT & HIGHWAYS,2012-02,2011-04,,807.0,,807.0,,,640.1,2014-10,,2014-10,,,,0,0,,,,FR_FEB_2012.pdf,Sector-Wise analysis of projects,71,479
FR_201202_480,,N24000115,480,"PATHANKOT BHOGPUR NH-1A - NHAI,Punjab",,,ROAD TRANSPORT & HIGHWAYS,2012-02,2003-12,,229.0,,284.0,,,351.2,2010-05,,2012-05,,,,0,0,,,,FR_FEB_2012.pdf,Sector-Wise analysis of projects,71,480
FR_201202_481,,240106237,481,"PATHANKOT- BHOGPUR, KM.26- KM.70, NS-38 NH-1A - NHAI,Punjab",,,ROAD TRANSPORT & HIGHWAYS,2012-02,2003-12,,284.0,,359.0,,,166.3,2008-05,,2012-08,,,,0,0,,,,FR_FEB_2012.pdf,Sector-Wise analysis of projects,71,481
FR_201202_482,,N24000185,482,"PATNA-BAKTZARPUR KM.181.3 TO KM.231.95 - NHAI,Bihar",,,ROAD TRANSPORT & HIGHWAYS,2012-02,2011-09,,574.0,,574.0,,,42.0,2014-03,,2014-03,,,,0,0,,,,FR_FEB_2012.pdf,Sector-Wise analysis of projects,71,482
FR_201202_483,,N24000165,483,"PATNA-MUZZAFFARPUR - NHAI,Bihar",,,ROAD TRANSPORT & HIGHWAYS,2012-02,2010-08,,671.3,,671.3,,,490.9,2013-02,,2013-02,,,,0,0,,,,FR_FEB_2012.pdf,Sector-Wise analysis of projects,71,483
FR_201202_484,,N24000123,484,"PIMPALGAON-NASIK-GONDE, NH-3 (NHDP-PHASE-III) - NHAI,Maharashtra",NHDP-PHASE-III,,ROAD TRANSPORT & HIGHWAYS,2012-02,2005-03,,940.0,,940.0,,,1141.0,2012-07,,2012-07,,,,0,0,,,,FR_FEB_2012.pdf,Sector-Wise analysis of projects,71,484
FR_201202_485,,N24000156,485,"PUNE-SATARA(NH-4) - NHAI,Maharashtra",NH-4,,ROAD TRANSPORT & HIGHWAYS,2012-02,2010-10,,1724.55,,1724.55,,,107.6,2013-03,,2013-03,,,,0,0,,,,FR_FEB_2012.pdf,Sector-Wise analysis of projects,71,485
FR_201202_486,,N24000133,486,"Panipat-Jalandhar 6 lane(Km 96 to 387.1 km) - NHAI,Haryana",Km 96 to 387.1 km,,ROAD TRANSPORT & HIGHWAYS,2012-02,2009-05,,1108.0,,2288.0,,,3337.0,2011-11,,2012-06,,,,0,0,,,,FR_FEB_2012.pdf,Sector-Wise analysis of projects,71,486
FR_201202_487,,N24000127,487,"Pune-sholapur,pkg1 - NHAI,Maharashtra",,,ROAD TRANSPORT & HIGHWAYS,2012-02,2009-11,,1110.0,,1110.0,,,1802.0,2012-05,,2012-05,,,,0,0,,,,FR_FEB_2012.pdf,Sector-Wise analysis of projects,71,487
FR_201202_488,,N24000161,488,"QUAZIGUND-BANIHAL KM.220.00 TO KM.188.00 - NHAI,J and K",,,ROAD TRANSPORT & HIGHWAYS,2012-02,2010-07,,1987.0,,1987.0,,,,2015-07,,2015-07,,,,0,0,,,,FR_FEB_2012.pdf,Sector-Wise analysis of projects,71,488
FR_201202_489,,240106304,489,"RAJMARG CHORAHA TO LAKHNANDON,KM 297 TO KM 351, NH-26 (NHAI) - NHAI,Madhya pradesh",NHAI,,ROAD TRANSPORT & HIGHWAYS,2012-02,2003-12,,251.03,,251.03,,,292.5,2008-10,,2012-12,,,,0,0,,,,FR_FEB_2012.pdf,Sector-Wise analysis of projects,71,489
FR_201202_490,,240106305,490,"RAJMARG CHORAHA TO LAKHNANDON,KM 351 TO KM 405.7, NH-26 (NHA - NHAI,Madhya pradesh",,,ROAD TRANSPORT & HIGHWAYS,2012-02,2003-12,,229.91,,229.91,,,240.8,2008-10,,2012-09,,,,0,0,,,,FR_FEB_2012.pdf,Sector-Wise analysis of projects,71,490
FR_201202_491,,N24000169,491,"ROHTAK-BAWAL - NHAI,Haryana",,,ROAD TRANSPORT & HIGHWAYS,2012-02,2011-05,,650.0,,650.0,,,,2013-11,,2013-11,,,,0,0,,,,FR_FEB_2012.pdf,Sector-Wise analysis of projects,71,491
FR_201202_492,,240106303,492,"SAGAR - RAJMARG CHORAHA,KM NHAI,Madhya pradesh",,,ROAD TRANSPORT & HIGHWAYS,2012-02,2003-12,,203.43,,203.43,,,217.4,2008-10,,2012-12,,,,0,0,,,,FR_FEB_2012.pdf,Sector-Wise analysis of projects,71,492
FR_201202_493,,240106301,493,"SAGAR BY PASS,KM 187 TO KM 211 , NH-26 (NHAI) - NHAI,Uttar Pradesh",NHAI,,ROAD TRANSPORT & HIGHWAYS,2012-02,2003-12,,151.3,,151.3,,,177.1,2008-10,,2012-05,,,,0,0,,,,FR_FEB_2012.pdf,Sector-Wise analysis of projects,71,493
FR_201202_494,,N24000102,494,"SALEM - U / UNDRUPET(BOT -1/TN- 06) NH -68 - NHAI,Tamil Nadu",BOT -1/TN- 06,,ROAD TRANSPORT & HIGHWAYS,2012-02,2005-03,,941.0,,941.0,,,1901.0,2011-01,,2012-05,,,,0,0,,,,FR_FEB_2012.pdf,Sector-Wise analysis of projects,71,494
FR_201202_495,,N24000179,495,"SAMAIKHIALI - GANDHIDHAM - NHAI,Gujarat",,,ROAD TRANSPORT & HIGHWAYS,2012-02,2010-09,,805.39,,805.39,,,209.8,2013-03,,2013-03,,,,0,0,,,,FR_FEB_2012.pdf,Sector-Wise analysis of projects,71,495
FR_201202_496,,240100207,496,"SILCHAR-UDARBAND (PH.II) HN-54, KM.309 TO KM.275 - NHAI,Assam",PH.II,,ROAD TRANSPORT & HIGHWAYS,2012-02,2003-12,,157.47,,154.57,,,187.5,2007-09,,2012-06,,,,0,0,,,,FR_FEB_2012.pdf,Sector-Wise analysis of projects,71,496
FR_201202_497,,N24000028,497,"SILIGURI TO ISLAMPUR (WB-7) - NHAI,West Bengal",WB-7,,ROAD TRANSPORT & HIGHWAYS,2012-02,2003-12,,225.0,,225.0,,,177.4,2008-07,,2012-12,,,,0,0,,,,FR_FEB_2012.pdf,Sector-Wise analysis of projects,71,497
FR_201202_498,,N24000171,498,"SIX LANNING OF HOSUR- KRISHNAGRI NH-7 KM.33.130 TO - NHAI,Tamil Nadu",,,ROAD TRANSPORT & HIGHWAYS,2012-02,2011-06,,535.0,,535.0,,,,2013-12,,2013-12,,,,0,0,,,,FR_FEB_2012.pdf,Sector-Wise analysis of projects,72,498
FR_201202_499,,N24000172,499,"SIX LANNING OF KRISHNAGIRI- WALAJHAPET SECTION KM. - NHAI,Tamil Nadu",,,ROAD TRANSPORT & HIGHWAYS,2012-02,2011-09,,1250.0,,1250.0,,,,2013-12,,2013-12,,,,0,0,,,,FR_FEB_2012.pdf,Sector-Wise analysis of projects,72,499
FR_201202_500,,N24000183,500,"SIX LANNING OF NELLORE- CHILKALURIPET - NHAI,Andhra Pradesh",,,ROAD TRANSPORT & HIGHWAYS,2012-02,2011-11,,1535.0,,1535.0,,,542.8,2014-05,,2014-05,,,,0,0,,,,FR_FEB_2012.pdf,Sector-Wise analysis of projects,72,500
FR_201202_501,,N24000149,501,"SIX LANNING OF VADAKKANCHERRY THRISSURESECTION - NHAI,Kerala",,,ROAD TRANSPORT & HIGHWAYS,2012-02,2010-02,,617.0,,617.0,,,154.5,2012-08,,2013-10,,,,0,0,,,,FR_FEB_2012.pdf,Sector-Wise analysis of projects,72,501
FR_201202_502,,N24000044,502,"SONAPUR TO GUWAHTI (AS-3) - NHAI,Assam",AS-3,,ROAD TRANSPORT & HIGHWAYS,2012-02,2003-12,,245.0,,245.0,,,491.2,2008-03,,2012-05,,,,0,0,,,,FR_FEB_2012.pdf,Sector-Wise analysis of projects,72,502
FR_201202_503,,240101153,503,"SUNAKHALA-GANJAM (GQ) KM.338- KM.284 (NH-5) - NHAI,Orissa",NH-5,,ROAD TRANSPORT & HIGHWAYS,2012-02,2000-04,,225.0,,241.53,,,97.16,2004-04,,2012-07,,,,0,0,,,,FR_FEB_2012.pdf,Sector-Wise analysis of projects,72,503
FR_201202_504,,,504,Surat- Dahisar(Six Lane) Km 263 to Km,Six Lane,,ROAD TRANSPORT & HIGHWAYS,2012-02,2009-02,,1693.75,,1693.75,,,2610.0,2011-08,,2012-03,,,,0,0,,,,FR_FEB_2012.pdf,Sector-Wise analysis of projects,72,504
FR_201202_505,,N24000056,505,"THANJAUR-TRICHY,NH-67(NHAI) - NHAI,Tamil Nadu",NHAI,,ROAD TRANSPORT & HIGHWAYS,2012-02,2005-03,,280.0,,280.0,,,581.5,2009-06,,2012-11,,,,0,0,,,,FR_FEB_2012.pdf,Sector-Wise analysis of projects,72,505
FR_201202_506,,N24000101,506,"TRICHY - KORUR NH-67 - NHAI,Tamil Nadu",,,ROAD TRANSPORT & HIGHWAYS,2012-02,2005-03,,516.0,,516.0,,,691.9,2010-07,,2013-03,,,,0,0,,,,FR_FEB_2012.pdf,Sector-Wise analysis of projects,72,506
FR_201202_507,,N24000140,507,"Talegaon-amravati - NHAI,Maharashtra",,,ROAD TRANSPORT & HIGHWAYS,2012-02,2009-11,,567.0,,567.0,,,361.3,2013-11,,2013-11,,,,0,0,,,,FR_FEB_2012.pdf,Sector-Wise analysis of projects,72,507
FR_201202_508,,N24000178,508,"Tirupati - Chennai - NHAI,Tamil Nadu",,,ROAD TRANSPORT & HIGHWAYS,2012-02,2011-04,,571.0,,571.0,,,,2013-10,,2013-10,,,,0,0,,,,FR_FEB_2012.pdf,Sector-Wise analysis of projects,72,508
FR_201202_509,,N24000176,509,"Trichy Bypass - NHAI,Tamil Nadu",,,ROAD TRANSPORT & HIGHWAYS,2012-02,2010-05,,374.0,,374.0,,,55.89,2013-05,,2013-05,,,,0,0,,,,FR_FEB_2012.pdf,Sector-Wise analysis of projects,72,509
FR_201202_510,,N24000160,510,"UGRADATION OF HYDERABAD- BANGALORE SECTION - NHAI,Karnataka",,,ROAD TRANSPORT & HIGHWAYS,2012-02,2010-11,,680.0,,680.0,,,,,,2013-04,,,,2,2,,,,FR_FEB_2012.pdf,Sector-Wise analysis of projects,72,510
FR_201202_511,,240106292,511,"UP/BIHAR BORDER TO KASIA (NH- 28)(NHAI) - NHAI,Uttar Pradesh",NHAI,,ROAD TRANSPORT & HIGHWAYS,2012-02,2003-12,,227.0,,227.0,,,383.2,2008-12,,2012-03,,,,0,0,,,,FR_FEB_2012.pdf,Sector-Wise analysis of projects,72,511
FR_201202_512,,N24000182,512,"VARANASI-AURANGABAD KM.786 TO KM.978.40 - NHAI,Multi State",,,ROAD TRANSPORT & HIGHWAYS,2012-02,2011-09,,2848.0,,2848.0,,,459.4,2014-03,,2014-03,,,,0,0,,,,FR_FEB_2012.pdf,Sector-Wise analysis of projects,72,512
FR_201202_513,,240106235,513,"VIJAYAPUR TO PATHANKOT (J&K) NH-1A KM.16.35 TO KM.50.00 - NHAI,J and K",J&K,,ROAD TRANSPORT & HIGHWAYS,2012-02,2003-12,,193.09,,166.3,,,184.6,2008-03,,2012-03,,,,0,0,,,,FR_FEB_2012.pdf,Sector-Wise analysis of projects,72,513
FR_201202_514,,240106236,514,"VIJAYAPUR TO PATHANKOT (NS- 35/J&K) NH-1A KM.50 TO KM.80 - NHAI,J and K",NS- 35/J&K,,ROAD TRANSPORT & HIGHWAYS,2012-02,2003-12,,166.27,,193.1,,,155.1,2008-03,,2012-03,,,,0,0,,,,FR_FEB_2012.pdf,Sector-Wise analysis of projects,72,514
FR_201202_515,,N24000150,515,"WADNER-DEVDHARI(NS-60/MH)(KM 94-123 KM) - NHAI,Maharashtra",KM 94-123 KM,,ROAD TRANSPORT & HIGHWAYS,2012-02,2011-02,,193.45,,193.45,,,29.71,2012-11,,2012-11,,,,0,0,,,,FR_FEB_2012.pdf,Sector-Wise analysis of projects,72,515
FR_201202_516,,N24000117,516,"ZIRAKPUR(HARYANA) - PARWANOO(HIMACHAL PRADESH) - NHAI,Multi State",HIMACHAL PRADESH,,ROAD TRANSPORT & HIGHWAYS,2012-02,2008-02,,295.0,,295.0,,,763.8,2010-08,,2012-03,,,,0,0,,,,FR_FEB_2012.pdf,Sector-Wise analysis of projects,72,516
FR_201202_517,,N24000175,517,"kandla - Mundra port - NHAI,Gujarat Total",,,ROAD TRANSPORT & HIGHWAYS,2012-02,2011-01,,953.88,79768.48,953.88,,,232.5,2013-07,,2013-07,,,,0,0,,,,FR_FEB_2012.pdf,Sector-Wise analysis of projects,73,517
FR_201202_518,,N25000014,518,"ACQUISITION OF 4 NO. OF ANCHOR HANDLING CUM SUPPLY - SHIPP.,Maharashtra",,,SHIPPING & PORTS,2012-02,2007-10,,359.44,,359.44,,,358.78,2011-04,2011-06,2012-06,,,,0,0,,,,FR_FEB_2012.pdf,Sector-Wise analysis of projects,73,518
FR_201202_519,,N25000031,519,"ACQUISITION OF 4 NOS. OF 80655 DWT PANAMAX BULK CA - SHIPP.,Maharashtra",,,SHIPPING & PORTS,2012-02,2008-08,,1066.91,,968.35,,,315.01,2012-09,,2012-09,,,,0,0,,,,FR_FEB_2012.pdf,Sector-Wise analysis of projects,73,519
FR_201202_520,,N25000033,520,"ACQUISITION OF 6 NOS. OF 57000 DWT HANDYMAX BULK C - SHIPP.,Maharashtra",,,SHIPPING & PORTS,2012-02,2007-11,,1061.96,1077.6,1082.06,,,1011.15,2012-03,,2012-04,,,,0,0,,,,FR_FEB_2012.pdf,Sector-Wise analysis of projects,73,520
FR_201202_521,,N25000058,521,"ACQUISITION OF TWO NOS OF 120 B.P (AH03TYPE) AHTS - SHIPP.,Kerala",AH03TYPE,,SHIPPING & PORTS,2012-02,2010-12,,241.5,,241.5,,,157.81,2011-09,,2011-12,,,,0,0,,,,FR_FEB_2012.pdf,Sector-Wise analysis of projects,73,521
FR_201202_522,,N25000051,522,"Acquisition of 4 nos of 82000 DWT kamsavmax Bulk carriers - SHIPP.,Maharashtra",,,SHIPPING & PORTS,2012-02,2010-08,,612.72,627.64,627.64,,,106.93,2012-12,,2012-12,,,,0,0,,,,FR_FEB_2012.pdf,Sector-Wise analysis of projects,73,522
FR_201202_523,,N25000043,523,"Acquisition of Two nos. of 3060 DWT - PORT TRUST,Maharashtra",,,SHIPPING & PORTS,2012-02,2009-04,,277.03,280.0,277.03,,,81.4,2011-12,2012-08,2012-08,,,,0,0,,,,FR_FEB_2012.pdf,Sector-Wise analysis of projects,73,523
FR_201202_524,,N25000042,524,"Acquisition of two nos. of 120 B.P - SHIPP.,Maharashtra",,,SHIPPING & PORTS,2012-02,2009-04,,290.85,305.0,305.0,,,86.46,2011-06,2012-01,2012-06,,,,0,0,,,,FR_FEB_2012.pdf,Sector-Wise analysis of projects,73,524
FR_201202_525,,N25000053,525,"Acquisition of two(2) Nos. of 317000 DWT very large crude - SHIPP.,Maharashtra",2,,SHIPPING & PORTS,2012-02,2010-10,,966.46,,994.82,,,189.92,2014-02,,2014-02,,,,0,0,,,,FR_FEB_2012.pdf,Sector-Wise analysis of projects,73,525
FR_201202_526,,N25000052,526,"Acquistion of three(3) nos of 6500TEU Cellular container - SHIPP.,Maharashtra",3,,SHIPPING & PORTS,2012-02,2010-10,,1028.1,1012.23,1028.1,,,371.96,2013-12,,2013-12,,,,0,0,,,,FR_FEB_2012.pdf,Sector-Wise analysis of projects,73,526
FR_201202_527,,N25000037,527,"C/O Berthing and Allied Facilities off tekra near - PORT TRUST,Gujarat",,,SHIPPING & PORTS,2012-02,2005-04,,882.0,,1060.0,,,0.16,2011-02,,2013-03,,,,0,0,,,,FR_FEB_2012.pdf,Sector-Wise analysis of projects,73,527
FR_201202_528,,N25000016,528,"CONST. & DEV. OF 2 OFFSHORE CONTAINER BERTHS & TER - MUMBAI PORT TRU,Maharashtra",,,SHIPPING & PORTS,2012-02,2007-11,,1228.0,1460.0,1460.0,,,677.0,2010-12,,2012-12,,,,0,0,,,,FR_FEB_2012.pdf,Sector-Wise analysis of projects,73,528
FR_201202_529,,N25000039,529,"CONSTRUCTION OF 13 & 14 CARGO BERTH AT KANDLA - PORT TRUST,Gujarat",,,SHIPPING & PORTS,2012-02,2005-12,,702.0,,755.5,,,219.0,2011-03,,2013-03,,,,0,0,,,,FR_FEB_2012.pdf,Sector-Wise analysis of projects,73,529
FR_201202_530,,N25000003,530,"DEEPENING AND WIDENING OF MUMBAI HARBOUR CHANNEL A - PORT TRUST,Maharashtra",,,SHIPPING & PORTS,2012-02,2005-10,,800.0,,800.0,,,5.75,2008-10,,,,,,0,0,,,,FR_FEB_2012.pdf,Sector-Wise analysis of projects,73,530
FR_201202_531,,N25000004,531,"DEEPENING OF CHANNEL AT PARADIP PORT - PORT TRUST,Orissa",,,SHIPPING & PORTS,2012-02,2005-12,,154.84,,253.36,,,,2007-12,2009-01,,,,,0,0,,,,FR_FEB_2012.pdf,Sector-Wise analysis of projects,73,531
FR_201202_532,,N25000055,532,"DEVELOPMENT OF COAL TERMINAL - ENNORE PORT LTD,Tamil Nadu",,,SHIPPING & PORTS,2012-02,2006-09,,399.13,,399.13,,,,2010-08,,,,,,0,0,,,,FR_FEB_2012.pdf,Sector-Wise analysis of projects,73,532
FR_201202_533,,N25000056,533,"DEVELOPMENT OF IRON ORE TERMINAL - ENNORE PORT LTD,Tamil Nadu",,,SHIPPING & PORTS,2012-02,2006-09,,370.0,,370.0,,,,2010-08,,,,,,0,0,,,,FR_FEB_2012.pdf,Sector-Wise analysis of projects,74,533
FR_201202_534,,N25000035,534,"ENNORE MANALI EXPRESS WAY,F/O SPECIAL PURPOSE VEHI - SHIPP.,Tamil Nadu",,,SHIPPING & PORTS,2012-02,2002-10,,150.0,600.0,600.0,,,67.0,2006-03,,2013-12,,,,0,0,,,,FR_FEB_2012.pdf,Sector-Wise analysis of projects,74,534
FR_201202_535,,250100112,535,"ESTABLISHMENT OF VESSEL TRAFFIC SERVICES IN GULF OF KUTCH - SHIPP.,Gujarat",,,SHIPPING & PORTS,2012-02,2002-01,,165.0,165.0,165.0,,,125.0,2005-12,2008-01,2011-10,,,,0,0,,,,FR_FEB_2012.pdf,Sector-Wise analysis of projects,74,535
FR_201202_536,,N25000054,536,"MARINE LIQUID TERMINALS - ENNORE TANK,Tamil Nadu",,,SHIPPING & PORTS,2012-02,2004-10,,196.25,,196.25,,,,2006-06,2011-09,2011-09,,,,0,0,,,,FR_FEB_2012.pdf,Sector-Wise analysis of projects,74,536
FR_201202_537,,N25000049,537,"Mechanization of coal handling facilities to 200 - PORT TRUST,Andhra Pradesh",,,SHIPPING & PORTS,2012-02,2010-02,,444.1,,444.1,,,,2010-06,,2012-11,,,,0,0,,,,FR_FEB_2012.pdf,Sector-Wise analysis of projects,74,537
FR_201202_538,,N25000050,538,"Modification & Strengthening of Existing Berth No. 1 to 6 - PORT TRUST,Gujarat",,,SHIPPING & PORTS,2012-02,2010-06,,277.0,,277.0,,,0.04,2012-03,,2012-03,,,,0,0,,,,FR_FEB_2012.pdf,Sector-Wise analysis of projects,74,538
FR_201202_539,,N25000059,539,"RAIL CONNECTIVITY TO ICTT AT VALLARPADAM AT COCHIN PORT TRUS - RVNL,Kerala",,,SHIPPING & PORTS,2012-02,2007-03,,245.67,,373.22,,,336.26,2009-04,2009-11,2011-02,,,,0,0,,,,FR_FEB_2012.pdf,Sector-Wise analysis of projects,74,539
FR_201202_540,,250100175,540,"SETHUSAMUDRAM SHIP CHANNEL PROJECT - PORT TRUST,Tamil Nadu",,,SHIPPING & PORTS,2012-02,2005-06,,2427.4,,2427.4,,,828.92,2008-10,,,,,,0,0,,,,FR_FEB_2012.pdf,Sector-Wise analysis of projects,74,540
FR_201202_541,,N25000047,541,"SETTING UP OF AN INTERNATIONAL CRUISE TERMINAL AT - PORT TRUST,Kerala",,,SHIPPING & PORTS,2012-02,2008-03,,375.0,272.5,272.5,,,,2009-01,,2013-05,,,,0,0,,,,FR_FEB_2012.pdf,Sector-Wise analysis of projects,74,541
FR_201202_542,,N25000048,542,"SETTING UP OF LNG REGASIFICATION TERMINAL AT PUTHU - PORT TRUST,Kerala",,,SHIPPING & PORTS,2012-02,2009-03,,3500.0,,3500.0,,,,2012-01,,2012-03,,,,0,0,,,,FR_FEB_2012.pdf,Sector-Wise analysis of projects,74,542
FR_201202_543,,N25000060,543,"SETTING UP OF SINGLE POINT MOORING (SPM) - PORT TRUST,Gujarat Total",SPM,,SHIPPING & PORTS,2012-02,2011-02,,830.0,19051.36,621.53,,,4938.55,2013-05,,2014-07,,,,0,0,,,,FR_FEB_2012.pdf,Sector-Wise analysis of projects,74,543
FR_201202_544,,N26000062,544,"Assam Telecom Circle, Phase-V.I, 2G & 3G - BSNL,Assam",,,TELECOMMUNICATIONS,2012-02,2007-06,,336.81,,336.81,,,157.98,2009-01,,2012-03,,,,0,0,,,,FR_FEB_2012.pdf,Sector-Wise analysis of projects,74,544
FR_201202_545,,N26000016,545,"CONVERGENT BILLING AND CRM(MUMBAI) - MTNL,Maharashtra",MUMBAI,,TELECOMMUNICATIONS,2012-02,2006-01,,247.0,,247.0,,,71.51,2007-02,,2011-08,,,,0,0,,,,FR_FEB_2012.pdf,Sector-Wise analysis of projects,74,545
FR_201202_546,,N26000011,546,"CONVERGENT BILLING AND CRM- MTNL(DELHI) - MTNL,Delhi",DELHI,,TELECOMMUNICATIONS,2012-02,2005-12,,249.0,229.41,229.41,,,67.2,2007-02,,2012-03,,,,0,0,,,,FR_FEB_2012.pdf,Sector-Wise analysis of projects,74,546
FR_201202_547,,N26000096,547,"ERP implementation in BSNL on Turnkey basis - BSNL,Multi State",,,TELECOMMUNICATIONS,2012-02,2009-10,,384.0,,384.0,,,21.8,2010-10,2012-03,2012-07,,,,0,0,,,,FR_FEB_2012.pdf,Sector-Wise analysis of projects,74,547
FR_201202_548,,N26000029,548,"EXPANSION OF EXISTING 750K GSM NETWORK PE NO. 992 - BSNL,Maharashtra",,,TELECOMMUNICATIONS,2012-02,2006-06,,231.38,,168.3,,,,2007-10,,,,,,0,0,,,,FR_FEB_2012.pdf,Sector-Wise analysis of projects,75,548
FR_201202_549,,N26000065,549,"Execution of telecom network requirement of defence - BSNL,Multi State",,,TELECOMMUNICATIONS,2012-02,2006-05,,1077.0,,1077.0,,,,2009-03,,,,,,0,0,,,,FR_FEB_2012.pdf,Sector-Wise analysis of projects,75,549
FR_201202_550,,N26000078,550,"FTTH BO-3474 /08-09 in Mumbai - MTNL,Maharashtra",,,TELECOMMUNICATIONS,2012-02,2010-04,,389.86,,389.86,,,3.06,2011-09,,2011-09,,,,0,0,,,,FR_FEB_2012.pdf,Sector-Wise analysis of projects,75,550
FR_201202_551,,N26000041,551,"GSM EQUIPMENT OF 390K LINES(2G) AND 130K LINES(3G) - BSNL,Punjab",3G,,TELECOMMUNICATIONS,2012-02,2008-02,,373.94,,373.94,,,211.73,2008-12,,2012-03,,,,0,0,,,,FR_FEB_2012.pdf,Sector-Wise analysis of projects,75,551
FR_201202_552,,N26000046,552,"GSM EQUIPMENT OF 700K LINES(2G) AND 150K LINES(3G) - BSNL,Orissa",3G,,TELECOMMUNICATIONS,2012-02,2007-11,,277.34,,277.34,,,,2009-03,,,,,,0,0,,,,FR_FEB_2012.pdf,Sector-Wise analysis of projects,75,552
FR_201202_553,,N26000093,553,"GSM equipment of 1500000Lines (2G) 264700lines 3(G - BSNL,Andhra Pradesh",2G,,TELECOMMUNICATIONS,2012-02,2009-01,,922.91,,922.91,,,346.9,2010-01,,2011-12,,,,0,0,,,,FR_FEB_2012.pdf,Sector-Wise analysis of projects,75,553
FR_201202_554,,N26000090,554,"GSM equipment of 1625000Lines (2G) 325000 lines 3( - BSNL,Madhya pradesh",2G,,TELECOMMUNICATIONS,2012-02,2009-11,,916.7,930.6,930.6,,,757.02,2010-11,,2012-03,,,,0,0,,,,FR_FEB_2012.pdf,Sector-Wise analysis of projects,75,554
FR_201202_555,,N26000089,555,"GSM equipment of 1867000Lines (2G) 383000 lines 3( - BSNL,Gujarat",2G,,TELECOMMUNICATIONS,2012-02,2008-08,,868.0,,868.0,,,366.9,2009-08,,2012-03,,,,0,0,,,,FR_FEB_2012.pdf,Sector-Wise analysis of projects,75,555
FR_201202_556,,N26000082,556,"GSM equipment of 200000Lines (2G) UP(West)Phase V. - BSNL,Uttar Pradesh",West,,TELECOMMUNICATIONS,2012-02,2008-10,,336.84,,336.84,,,35.75,2009-10,,2011-03,,,,0,0,,,,FR_FEB_2012.pdf,Sector-Wise analysis of projects,75,556
FR_201202_557,,N26000088,557,"GSM equipment of 799000Lines (2G) 101000 lines 3(G - BSNL,Jharkhandd",2G,,TELECOMMUNICATIONS,2012-02,2008-03,,328.13,,328.12,,,164.58,2009-03,,2012-03,,,,0,0,,,,FR_FEB_2012.pdf,Sector-Wise analysis of projects,75,557
FR_201202_558,,N26000073,558,"Implementation of FTTH, the state of the art Acces - BSNL,Multi State",,,TELECOMMUNICATIONS,2012-02,2007-12,,152.65,,152.65,,,,2010-03,,,,,,0,0,,,,FR_FEB_2012.pdf,Sector-Wise analysis of projects,75,558
FR_201202_559,,N26000072,559,"Implementation of FTTH, the state of the art access ,gpon eq - BSNL,Multi State",,,TELECOMMUNICATIONS,2012-02,2007-12,,952.88,,952.88,,,,2010-03,,2010-10,,,,0,0,,,,FR_FEB_2012.pdf,Sector-Wise analysis of projects,75,559
FR_201202_560,,260100099,560,"PROJ.III OF NIB-II OF MESSAGING STORAGE - BSNL,Multi State",,,TELECOMMUNICATIONS,2012-02,2003-11,,250.0,,425.51,,,161.31,2005-12,,2012-03,,,,0,0,,,,FR_FEB_2012.pdf,Sector-Wise analysis of projects,75,560
FR_201202_561,,N26000058,561,"UTTARANCHAL TELECOM CIRCLE PHASE-VI (2G & 3G) - BSNL,Uttaranchal Total",2G & 3G,,TELECOMMUNICATIONS,2012-02,2009-01,,149.15,158.72,158.72,,,76.55,2009-06,,2011-12,,,,0,0,,,,FR_FEB_2012.pdf,Sector-Wise analysis of projects,75,561
FR_201202_562,,N28000008,562,"BANGALORE METRO RAIL PROJECT - MRTP,Karnataka",,,URBAN DEVELOPMENT,2012-02,2006-05,,6395.0,,11609.0,,,2267.57,2011-12,,2013-12,,,,6,6,,,,FR_FEB_2012.pdf,Sector-Wise analysis of projects,75,562
FR_201202_563,,N28000048,563,"C/o office building for IDBI at bandra Kurla Compl - CPWD,Maharashtra",,,URBAN DEVELOPMENT,2012-02,2006-11,,114.18,173.08,173.08,,,,2009-04,,,,,,0,0,,,,FR_FEB_2012.pdf,Sector-Wise analysis of projects,75,563
FR_201202_564,,N28000056,564,"DELHI MRTS PHASE-III - DMRC,Delhi",,,URBAN DEVELOPMENT,2012-02,2011-09,,35242.0,,35242.0,,,110.82,2016-03,,2016-03,,,,0,0,,,,FR_FEB_2012.pdf,Sector-Wise analysis of projects,76,564
FR_201202_565,,N28000057,565,"FARIDABAD EXTENSION - DMRC,Delhi Total",,,URBAN DEVELOPMENT,2012-02,2011-09,,2494.0,44245.18,2494.0,,,2378.39,2014-09,,2014-09,,,,0,0,,,,FR_FEB_2012.pdf,Sector-Wise analysis of projects,76,565
FR_201202_566,,300100001,566,"PAGLADIYA DAM PROJECT - MoWR,Assam Total",,,WATER RESOURCES,2012-02,2001-01,,542.9,542.9,1187.0,,,35.49,2007-12,,2012-12,,,,0,0,,,,FR_FEB_2012.pdf,Sector-Wise analysis of projects,76,566
