observation_id,project_id,project_code,serial_no,project_name,agency,state,sector,report_date,approval_date,approval_date_revised,original_cost_crore,revised_cost_crore,anticipated_cost_crore,cost_overrun_original_crore,cost_overrun_revised_crore,cumulative_expenditure_crore,original_completion_date,revised_completion_date,anticipated_completion_date,time_overrun_original_months,time_overrun_revised_months,additional_delay_months,milestones_achieved,milestones_total,physical_progress_pct,delay_reason,status,source.report,source.table,source.page,source.serial_no
FR_201108_001,,020100044,1,"PROTOTYPE FAST BREEDER REACTOR (BHAVINI, 500 MWE) - BHAVNI,Tamil Nadu","BHAVINI, 500 MWE",,ATOMIC ENERGY,2011-08,2003-09,,3492.0,,5677.0,,,3178.67,2010-09,,2012-01,,,,8,80,,,,FR_AUG_2011.pdf,Sector-Wise analysis of projects,35,1
FR_201108_002,,N02000007,2,"URANIUM ORE MINE AND PROCESSING PLANT AT TUMMALAPA - UCIL,Andhra Pradesh",,,ATOMIC ENERGY,2011-08,2007-09,,1106.29,,1106.29,,,1000.7,2011-04,,2012-04,,,,0,1,,,,FR_AUG_2011.pdf,Sector-Wise analysis of projects,35,2
FR_201108_003,,020100040,3,"KUDANKULAM APP (NPCIL) - NPCIL,Tamil Nadu",NPCIL,,ATOMIC ENERGY,2011-08,2001-12,,13171.0,,15824.0,,,13994.0,2008-12,,2012-07,,,,61,119,,,,FR_AUG_2011.pdf,Sector-Wise analysis of projects,35,3
FR_201108_004,,N02000010,4,"KAKRAPAR ATOMIC POWER PROJECT - 3&4 - NPCIL,Gujarat Total",,,ATOMIC ENERGY,2011-08,2009-10,,11459.0,29228.29,11459.0,,,959.0,2015-12,2016-05,2016-11,,,,0,70,,,,FR_AUG_2011.pdf,Sector-Wise analysis of projects,35,4
FR_201108_005,,N04000038,5,"D/O KAMARAJ DOMESTIC TER-PH-II And EXP. ANNA INT. - AAI,Tamil Nadu",,,CIVIL AVIATION,2011-08,2008-08,,1273.0,2015.0,2015.0,,,928.46,2011-01,,2011-12,,,,0,0,,,,FR_AUG_2011.pdf,Sector-Wise analysis of projects,35,5
FR_201108_006,,N04000037,6,"C/O INTEGRATED PASSENGER TER. BULD. NSCBI AIRPORT - AAI,West Bengal",,,CIVIL AVIATION,2011-08,2008-08,,1942.51,,2325.0,,,1333.0,2011-05,,2012-03,,,,0,0,,,,FR_AUG_2011.pdf,Sector-Wise analysis of projects,35,6
FR_201108_007,,N04000069,7,"Construction of New International Terminal Building - AAI,Goa",,,CIVIL AVIATION,2011-08,2010-05,,204.73,,204.73,,,39.57,2012-05,,2012-05,,,,0,0,,,,FR_AUG_2011.pdf,Sector-Wise analysis of projects,35,7
FR_201108_008,,N04000050,8,"C/o new Airport at Pakyong(Sikkim) Airport - AAI,Sikkim",Sikkim,,CIVIL AVIATION,2011-08,2009-01,,309.4,,264.29,,,147.16,2011-01,,2012-12,,,,0,0,,,,FR_AUG_2011.pdf,Sector-Wise analysis of projects,35,8
FR_201108_009,,N04000065,9,"GAGAN PROJECT - AAI,Multi State Total",,,CIVIL AVIATION,2011-08,2008-09,,393.6,4123.24,393.6,,,323.65,2013-06,,2013-06,,,,0,0,,,,FR_AUG_2011.pdf,Sector-Wise analysis of projects,35,9
FR_201108_010,,060100089,10,"BARSINGSAR TPS (2X125MW) (NLC) - NLC,Rajasthan",NLC,,COAL,2011-08,2004-12,,1114.18,1626.09,1626.09,,,1640.49,2009-06,,2011-09,,,,59,26,,,,FR_AUG_2011.pdf,Sector-Wise analysis of projects,35,10
FR_201108_011,,060100092,11,"KULDA OCP (MAHANADI COALFIELDS LTD.) - MCL,Orissa",MAHANADI COALFIELDS LTD.,,COAL,2011-08,2005-01,,302.96,,302.96,,,83.72,2010-03,,2012-03,,,,9,11,,,,FR_AUG_2011.pdf,Sector-Wise analysis of projects,35,11
FR_201108_012,,060100096,12,"ASHOK EXPN.OCP -CCL (10 MTY) - CCL,Jharkhandd",10 MTY,,COAL,2011-08,2006-04,,471.66,341.63,341.63,,,101.43,2011-03,2012-03,2012-03,,,,0,2,,,,FR_AUG_2011.pdf,Sector-Wise analysis of projects,35,12
FR_201108_013,,N06000033,13,"NIGAHI OC EXPANSION PROJECT 10 MTY TO 15 MTY, SINGRAULI - NCL,Madhya pradesh",,,COAL,2011-08,2007-10,,259.4,,259.4,,,1.51,2012-03,2012-03,2012-03,,,,0,1,,,,FR_AUG_2011.pdf,Sector-Wise analysis of projects,35,13
FR_201108_014,,N06000044,14,"BALRAM OCP EXTENSION, MCL (8.00 Mty) - MCL,Orissa",8.00 Mty,,COAL,2011-08,2007-12,,172.08,,172.08,,,93.78,,,2012-03,,,,4,4,,,,FR_AUG_2011.pdf,Sector-Wise analysis of projects,35,14
FR_201108_015,,N06000067,15,"ANANTA OC EXPANSION PH-III (15.0 Mty) - MCL,Orissa",15.0 Mty,,COAL,2011-08,2008-08,,207.28,,207.28,,,67.14,,,2012-03,,,,5,7,,,,FR_AUG_2011.pdf,Sector-Wise analysis of projects,35,15
FR_201108_016,,N06000078,16,"RAMAGUNDAM OC-II EXTENSION - SCCL,Andhra Pradesh",,,COAL,2011-08,2009-12,,418.97,,418.97,,,77.15,2012-03,,2012-03,,,,28,27,,,,FR_AUG_2011.pdf,Sector-Wise analysis of projects,36,16
FR_201108_017,,N06000080,17,"MANUGURU OC-II EXTENSION PHASE-II - SCCL,Andhra Pradesh",,,COAL,2011-08,2010-03,,181.19,,181.19,,,21.2,2012-03,,2012-03,,,,10,34,,,,FR_AUG_2011.pdf,Sector-Wise analysis of projects,36,17
FR_201108_018,,060100087,18,"TPS-II EXPANSION (1470MW TO 1970MW) (NLC) - NLC,Tamil Nadu",NLC,,COAL,2011-08,2004-10,,2030.78,2453.57,2453.57,,,2249.78,2009-06,,2012-05,,,,60,24,,,,FR_AUG_2011.pdf,Sector-Wise analysis of projects,36,18
FR_201108_019,,N06000047,19,"TUTICORIN THERMAL POWER PROJECT - NLC,Tamil Nadu",,,COAL,2011-08,2008-05,,4904.54,4909.54,4909.54,,,1973.76,,,2012-10,,,,0,6,,,,FR_AUG_2011.pdf,Sector-Wise analysis of projects,36,19
FR_201108_020,,N06000007,20,"KRISHNASHILA (NCL) (4MTY) - NCL,Madhya pradesh",4MTY,,COAL,2011-08,2006-05,,789.88,741.62,741.62,,,139.06,2010-03,2013-03,2013-03,,,,0,2,,,,FR_AUG_2011.pdf,Sector-Wise analysis of projects,36,20
FR_201108_021,,N06000008,21,"KUSMUNDA EXPN.OCP(SECL)(10- 15MTY) - SECL,Chhatisgarh",10- 15MTY,,COAL,2011-08,2006-06,,737.65,,1188.31,,,569.71,,,2013-03,,,,0,8,,,,FR_AUG_2011.pdf,Sector-Wise analysis of projects,36,21
FR_201108_022,,N06000035,22,"KANIHA OCP, MCL, (10.0 Mty) - MCL,Orissa",10.0 Mty,,COAL,2011-08,2007-12,,457.77,,457.77,,,105.37,,,2013-03,,,,6,11,,,,FR_AUG_2011.pdf,Sector-Wise analysis of projects,36,22
FR_201108_023,,N06000068,23,"HINGULA OC-II EXP. PH-III (15 MTY) - MCL,Orissa",15 MTY,,COAL,2011-08,2008-11,,475.93,,479.63,,,66.93,,,2013-03,,,,5,7,,,,FR_AUG_2011.pdf,Sector-Wise analysis of projects,36,23
FR_201108_024,,N06000085,24,"Purnadih OCP - CCL,Jharkhandd",,,COAL,2011-08,2008-07,,210.98,,210.98,,,24.25,2013-03,,2013-03,,,,0,2,,,,FR_AUG_2011.pdf,Sector-Wise analysis of projects,36,24
FR_201108_025,,N06000016,25,"ADRIYALA SHAFT PROJECT - SCCL,Andhra Pradesh",,,COAL,2011-08,2006-09,,212.34,779.26,779.26,,,196.17,2013-03,2012-09,2013-12,,,,2,22,,,,FR_AUG_2011.pdf,Sector-Wise analysis of projects,36,25
FR_201108_026,,060100093,26,"GEVRA EXPANSION OCP (SECL) (25 MTY) - SECL,Chhatisgarh",25 MTY,,COAL,2011-08,2005-07,,1667.55,,2675.67,,,1258.36,2010-03,,2014-03,,,,3,15,,,,FR_AUG_2011.pdf,Sector-Wise analysis of projects,36,26
FR_201108_027,,060100094,27,"DIPKA EXPANSION OCP (SECL) (20- SECL,Chhatisgarh",SECL,,COAL,2011-08,2005-07,,1268.53,,1943.66,,,1070.26,2010-03,,2014-03,,,,2,13,,,,FR_AUG_2011.pdf,Sector-Wise analysis of projects,36,27
FR_201108_028,,N06000019,28,"BINA EXTN. PROJ(6.0 Mtpa) - NCL,Multi State",6.0 Mtpa,,COAL,2011-08,2006-11,,168.97,,168.97,,,183.63,2014-03,,2014-03,,,,1,2,,,,FR_AUG_2011.pdf,Sector-Wise analysis of projects,36,28
FR_201108_029,,N06000046,29,"CHURCHA RO UG (1.35MTY) - SECL,Chhatisgarh",1.35MTY,,COAL,2011-08,2008-06,,462.35,,462.35,,,253.86,,,2014-03,,,,0,4,,,,FR_AUG_2011.pdf,Sector-Wise analysis of projects,36,29
FR_201108_030,,N06000056,30,"RAJMAHAL OC EXP. - ECL,Multi State",,,COAL,2011-08,2006-02,,50.08,153.82,153.82,,,19.49,2011-03,,2014-03,,,,0,3,,,,FR_AUG_2011.pdf,Sector-Wise analysis of projects,36,30
FR_201108_031,,N06000076,31,"KARTALI (EAST) OCP(2.50 MTY) - SECL,Chhatisgarh",2.50 MTY,,COAL,2011-08,2008-07,,178.44,,178.44,,,,2014-03,,2014-03,,,,0,1,,,,FR_AUG_2011.pdf,Sector-Wise analysis of projects,36,31
FR_201108_032,,N06000081,32,"MANIKPUR OC EXPANTION (3.50 MTY) - SECL,Chhatisgarh",3.50 MTY,,COAL,2011-08,2009-11,,321.42,,321.5,,,203.09,,,2014-03,,,,0,5,,,,FR_AUG_2011.pdf,Sector-Wise analysis of projects,36,32
FR_201108_033,,N06000083,33,"Churi Benti UG - CCL,Jharkhandd",,,COAL,2011-08,2007-06,,163.51,,163.51,,,33.57,2011-03,2012-03,2014-03,,,,0,2,,,,FR_AUG_2011.pdf,Sector-Wise analysis of projects,36,33
FR_201108_034,,N06000084,34,"North Urimari OCP - CCL,Jharkhandd",,,COAL,2011-08,2007-12,,179.87,,179.87,,,66.45,2012-03,2012-03,2014-03,,,,0,2,,,,FR_AUG_2011.pdf,Sector-Wise analysis of projects,36,34
FR_201108_035,,N06000086,35,"Tapin OCP - CCL,Jharkhandd",,,COAL,2011-08,2008-08,,264.68,,264.68,,,76.05,2012-03,2013-03,2014-03,,,,0,2,,,,FR_AUG_2011.pdf,Sector-Wise analysis of projects,36,35
FR_201108_036,,N06000088,36,"KARMA OCP - CCL,Jharkhandd",,,COAL,2011-08,2009-06,,162.46,,162.46,,,26.19,2014-03,,2014-03,,,,0,0,,,,FR_AUG_2011.pdf,Sector-Wise analysis of projects,36,36
FR_201108_037,,N06000066,37,"PENGANGA OC - WCL,Orissa",,,COAL,2011-08,2008-10,,339.77,,339.77,,,0.65,,,2014-10,,,,1,1,,,,FR_AUG_2011.pdf,Sector-Wise analysis of projects,36,37
FR_201108_038,,N06000009,38,"BLOCK-B OCP NCL (3.5 MTY) - NCL,Madhya pradesh",3.5 MTY,,COAL,2011-08,2006-06,,746.04,535.1,535.1,,,139.84,2012-03,,2015-03,,,,0,2,,,,FR_AUG_2011.pdf,Sector-Wise analysis of projects,37,38
FR_201108_039,,N06000020,39,"JHANJRA R-VI SEAM PSLW - ECL,West Bengal",,,COAL,2011-08,2006-11,,287.18,,287.17,,,,2011-03,,2015-03,,,,1,5,,,,FR_AUG_2011.pdf,Sector-Wise analysis of projects,37,39
FR_201108_040,,N06000042,40,"GOPAL PRASAD OCP - MCL,Orissa",,,COAL,2011-08,2008-02,,395.87,,395.87,,,58.42,,,2015-03,,,,2,12,,,,FR_AUG_2011.pdf,Sector-Wise analysis of projects,37,40
FR_201108_041,,N06000045,41,"PELMA OCP(10.00MTY) - SECL,Chhatisgarh",10.00MTY,,COAL,2011-08,2008-07,,448.32,,448.32,,,,2015-03,,2015-03,,,,0,1,,,,FR_AUG_2011.pdf,Sector-Wise analysis of projects,37,41
FR_201108_042,,N06000048,42,"KAKATIYA LAONGWALL - SCCL,Multi State",,,COAL,2011-08,2008-12,,453.63,,453.63,,,67.7,2012-12,,2015-03,,,,11,44,,,,FR_AUG_2011.pdf,Sector-Wise analysis of projects,37,42
FR_201108_043,,N06000049,43,"Batura OCP (2.0 MTY) - SECL,Madhya pradesh",2.0 MTY,,COAL,2011-08,2008-09,,203.82,,203.82,,,,2015-03,,2015-03,,,,0,1,,,,FR_AUG_2011.pdf,Sector-Wise analysis of projects,37,43
FR_201108_044,,N06000075,44,"JAGANNATHPUR OCP(3.00 MTY) - SECL,Chhatisgarh",3.00 MTY,,COAL,2011-08,2008-09,,152.43,,152.43,,,,2015-03,,2015-03,,,,0,1,,,,FR_AUG_2011.pdf,Sector-Wise analysis of projects,37,44
FR_201108_045,,N06000079,45,"RKP OCP PHASE-I - SCCL,Uttaranchal",,,COAL,2011-08,2010-03,,209.78,,209.78,,,18.17,2015-03,,2015-03,,,,4,31,,,,FR_AUG_2011.pdf,Sector-Wise analysis of projects,37,45
FR_201108_046,,N06000089,46,"Kistaram OCP - SCCL,Andhra Pradesh",,,COAL,2011-08,2010-11,,242.29,,242.29,,,,2015-03,,2015-03,,,,0,28,,,,FR_AUG_2011.pdf,Sector-Wise analysis of projects,37,46
FR_201108_047,,N06000010,47,"AMLOHRI EPR (NCL) (6 MTY) - NCL,Madhya pradesh",6 MTY,,COAL,2011-08,2006-05,,1352.04,1143.54,1143.54,,,206.07,2014-03,,2016-03,,,,1,2,,,,FR_AUG_2011.pdf,Sector-Wise analysis of projects,37,47
FR_201108_048,,N06000015,48,"MAGADH OC (CCL) - CCL,Jharkhandd",CCL,,COAL,2011-08,2006-07,,469.78,706.4,706.4,,,16.21,2012-07,2014-03,2016-03,,,,0,2,,,,FR_AUG_2011.pdf,Sector-Wise analysis of projects,37,48
FR_201108_049,,N06000043,49,"TALABIRA OCP - MCL,Orissa",,,COAL,2011-08,2008-03,,447.72,,447.72,,,35.2,,,2016-03,,,,1,12,,,,FR_AUG_2011.pdf,Sector-Wise analysis of projects,37,49
FR_201108_050,,N06000082,50,"AMLAI OC EXPANSION SECTOR 'B' (1.50 MTY) - SECL,Chhatisgarh",1.50 MTY,,COAL,2011-08,2009-11,,198.59,,198.59,,,89.33,2016-03,,2016-03,,,,0,1,,,,FR_AUG_2011.pdf,Sector-Wise analysis of projects,37,50
FR_201108_051,,N06000087,51,"Rajrappa RCE OCP - CCL,Jharkhandd",,,COAL,2011-08,2009-12,,510.85,,510.85,,,290.44,2016-03,,2016-03,,,,0,2,,,,FR_AUG_2011.pdf,Sector-Wise analysis of projects,37,51
FR_201108_052,,N06000034,52,"BHUBANESWARI OCP, MCL (20.0 Mty) - MCL,Orissa",20.0 Mty,,COAL,2011-08,2007-12,,490.0,,490.1,,,88.19,,,2017-03,,,,6,12,,,,FR_AUG_2011.pdf,Sector-Wise analysis of projects,37,52
FR_201108_053,,N06000091,53,"KHADIA EXPANSION OPENCAST PROJECT(4 TO 10 MTPA,6MT - NCL,Uttar Pradesh",,,COAL,2011-08,2011-06,,1131.28,1131.28,1131.28,,,,2018-03,,2018-03,,,,0,0,,,,FR_AUG_2011.pdf,Sector-Wise analysis of projects,37,53
FR_201108_054,,N06000017,54,"SHANTIKHANI LONGWALL PROJ- SCCL - SCCL,Andhra Pradesh",,,COAL,2011-08,2006-10,,249.03,,249.03,,,40.04,2012-03,2012-03,,,,,13,42,,,,FR_AUG_2011.pdf,Sector-Wise analysis of projects,37,54
FR_201108_055,,N06000025,55,"JALLARAM SHAFT PROJECT - SCCL,Andhra Pradesh Total",,,COAL,2011-08,2013-03,,467.78,26631.65,467.78,,,12.31,2013-03,2013-03,2013-03,,,,0,83,,,,FR_AUG_2011.pdf,Sector-Wise analysis of projects,37,55
FR_201108_056,,N08000003,56,"THAL AMMONIA REVAMP PROJECT - RCF,Haryana",,,FERTILISERS,2011-08,2009-01,,488.75,,488.75,,,168.14,2011-11,,2011-11,,,,2,22,,,,FR_AUG_2011.pdf,Sector-Wise analysis of projects,37,56
FR_201108_057,,N08000007,57,"CAPACITY ENHANCEMENT OF VIJAIPUR-I PLANTS - NFL,Madhya pradesh",,,FERTILISERS,2011-08,2008-09,,325.0,,325.0,,,84.31,2011-07,,2011-11,,,,0,0,,,,FR_AUG_2011.pdf,Sector-Wise analysis of projects,37,57
FR_201108_058,,N08000008,58,"CAPACITY ENHANCEMENT OF AMMONIA AND UREA PLANT VIJ - NFL,Madhya pradesh",,,FERTILISERS,2011-08,2008-09,,438.0,,438.0,,,105.79,2011-07,,2012-03,,,,0,0,,,,FR_AUG_2011.pdf,Sector-Wise analysis of projects,38,58
FR_201108_059,,N08000004,59,"PANIPAT - AMMONIA PLANT FEEDSTOCK CHANGEOVER PROJE - NFL,Haryana",,,FERTILISERS,2011-08,2010-01,,1292.84,,1292.84,,,175.88,2013-01,,2013-01,,,,0,5,,,,FR_AUG_2011.pdf,Sector-Wise analysis of projects,38,59
FR_201108_060,,N08000005,60,"BATHINDA - AMMONIA PLANT FEEDSTOCK CHANGEOVER PROJ - NFL,Punjab",,,FERTILISERS,2011-08,2010-01,,1294.19,,1294.19,,,177.02,2013-01,,2013-01,,,,0,5,,,,FR_AUG_2011.pdf,Sector-Wise analysis of projects,38,60
FR_201108_061,,N08000006,61,"NANGAL - AMMONIA PLANT FEEDSTOCK PROJECT - NFL,Punjab Total",,,FERTILISERS,2011-08,2010-01,,1478.63,5317.41,1478.63,,,223.57,2012-12,,2013-01,,,,0,8,,,,FR_AUG_2011.pdf,Sector-Wise analysis of projects,38,61
FR_201108_062,,100100054,62,"SECOND PHASE EXPANSION OF CAPTIVE ALUMINIUM,SMELTER AND POWE - NALCO,Orissa Total",,,MINES,2011-08,2004-10,,4091.51,4401.76,4401.76,,,4096.0,2008-12,2011-01,2011-06,,,,117,110,,,,FR_AUG_2011.pdf,Sector-Wise analysis of projects,38,62
FR_201108_063,,N12000023,63,"700TPD ARI SEPARATION UNIT-4 AT OXYGEN PLANT-II, BHILLAI - SAIL,Chhatisgarh",,,STEEL,2011-08,2007-07,,111.28,232.93,232.93,,,168.27,,,2011-10,,,,0,1,,,,FR_AUG_2011.pdf,Sector-Wise analysis of projects,38,63
FR_201108_064,,N12000069,64,"330 TPH BOILER-6 AND AUXILIARY SYSTEM - RINL,Andhra Pradesh",,,STEEL,2011-08,2007-07,,260.0,,350.0,,,220.1,,,2011-11,,,,1,2,,,,FR_AUG_2011.pdf,Sector-Wise analysis of projects,38,64
FR_201108_065,,N12000055,65,"EXPANSION OF BOKARO STEEL PLANT - SAIL,Jharkhandd",,,STEEL,2011-08,2008-01,,3316.0,6325.0,6325.0,,,2109.69,2011-12,,2011-12,,,,0,11,,,,FR_AUG_2011.pdf,Sector-Wise analysis of projects,38,65
FR_201108_066,,N12000068,66,"67.5 MW TG-5 AUX. S'TEM EMERGENCY POWER REQUIREM - RINL,Andhra Pradesh",,,STEEL,2011-08,2007-07,,230.0,,343.58,,,229.59,,,2011-12,,,,2,3,,,,FR_AUG_2011.pdf,Sector-Wise analysis of projects,38,66
FR_201108_067,,N12000018,67,"Bailadila Iron Ore Deposit- IIB(NMDC) - NMDC,Chhatisgarh",NMDC,,STEEL,2011-08,2007-01,,295.89,607.17,607.17,,,290.68,2011-12,,2012-03,,,,18,21,,,,FR_AUG_2011.pdf,Sector-Wise analysis of projects,38,67
FR_201108_068,,N12000053,68,"Augmentation of Iron Ore Storage in RMHP - RINL,Multi State",,,STEEL,2011-08,2008-05,,480.0,,460.0,,,127.39,2012-05,,2012-05,,,,1,2,,,,FR_AUG_2011.pdf,Sector-Wise analysis of projects,38,68
FR_201108_069,,N12000051,69,"EXPANSION OF IISCO STEEL PLANT - SAIL,West Bengal",,,STEEL,2011-08,2008-02,,14443.0,16408.0,16408.0,,,11272.0,2011-12,,2012-06,,,,1,14,,,,FR_AUG_2011.pdf,Sector-Wise analysis of projects,38,69
FR_201108_070,,120100067,70,"EXPANSION OF RINL/VSP FROM 3 MTPY-6.3 MTPY OF LIQUID STEEL - RINL,Andhra Pradesh",,,STEEL,2011-08,2005-10,,8692.0,12291.0,12291.0,,,8719.8,2009-10,2012-10,2012-10,,,,47,59,,,,FR_AUG_2011.pdf,Sector-Wise analysis of projects,38,70
FR_201108_071,,N12000038,71,"COKE OVEN BATTERY NO. 4 PHASE- II - RINL,Andhra Pradesh",,,STEEL,2011-08,2007-08,,108.0,,216.68,,,44.44,2012-10,,2012-10,,,,3,4,,,,FR_AUG_2011.pdf,Sector-Wise analysis of projects,38,71
FR_201108_072,,N12000057,72,"EXPANSION OF BHILAI STEEL PLANT - SAIL,Chhatisgarh",,,STEEL,2011-08,2008-09,,5185.0,17265.0,17265.0,,,3212.16,2013-03,,2013-03,,,,2,20,,,,FR_AUG_2011.pdf,Sector-Wise analysis of projects,38,72
FR_201108_073,,N12000072,73,"1.2 MTPA PELLET PLANT DONIMALAI - NMDC,Karnataka",,,STEEL,2011-08,2011-04,,572.0,,572.0,,,,2013-04,,2013-04,,,,0,0,,,,FR_AUG_2011.pdf,Sector-Wise analysis of projects,38,73
FR_201108_074,,N12000073,74,"7.0 MTPA KUMARASWAMY IRON ORE MINE - NMDC,Karnataka Total Petrochemicals",,,STEEL,2011-08,2011-02,,898.55,34591.72,898.55,,,26394.12,2013-05,,2013-05,,,,0,0,,,,FR_AUG_2011.pdf,Sector-Wise analysis of projects,39,74
FR_201108_075,,N16000106,75,"ASSAM GAS CRACKER PROJECT - BCPL,Assam Total",,,STEEL,2011-08,2006-04,,5460.61,5460.61,5460.61,,,2719.0,,,2012-04,,,,0,30,,,,FR_AUG_2011.pdf,Sector-Wise analysis of projects,39,75
FR_201108_076,,N16000096,76,"North Tapti Gas Field Development - ONGC,Multi State",,,PETROLEUM,2011-08,2008-07,,589.7,755.76,755.76,,,520.63,2011-03,2011-05,2011-06,,,,0,0,,,,FR_AUG_2011.pdf,Sector-Wise analysis of projects,39,76
FR_201108_077,,N16000102,77,"Integrated Sugar, Ethanol, Cogen Power Plant at Sugauli - HPCL,Bihar",,,PETROLEUM,2011-08,2009-06,,613.54,,727.88,,,671.52,2010-12,,2011-06,,,,0,0,,,,FR_AUG_2011.pdf,Sector-Wise analysis of projects,39,77
FR_201108_078,,N16000009,78,"DIESEL HYDRO TREATMENT PROJECT,BRPL DHALIGAON - BRPL,Assam",,,PETROLEUM,2011-08,2006-06,,1431.91,1646.39,1690.13,,,,2009-09,,2011-08,,,,0,0,,,,FR_AUG_2011.pdf,Sector-Wise analysis of projects,39,78
FR_201108_079,,N16000066,79,"CONSTRUCTION OF NEW TERMINAL AT ENNORE CHENNAI - HPCL,Tamil Nadu",,,PETROLEUM,2011-08,2008-01,,224.0,299.0,299.0,,,240.0,2011-02,2011-08,2011-08,,,,0,0,,,,FR_AUG_2011.pdf,Sector-Wise analysis of projects,39,79
FR_201108_080,,N16000040,80,"MSQ QUALITY UP GRADATION PROJECT AT BONGAIGAON REF - IOCL,Assam",,,PETROLEUM,2011-08,2008-04,,293.6,,261.75,,,230.97,2009-12,,2011-09,,,,0,0,,,,FR_AUG_2011.pdf,Sector-Wise analysis of projects,39,80
FR_201108_081,,N16000052,81,"DAHEJ-VIJAYPUR PIPE LINE PROJECT(PHASE-II) - GAIL,Multi State",PHASE-II,,PETROLEUM,2011-08,2007-11,,4429.38,,2340.0,,,2200.48,2010-10,2011-09,2011-09,,,,0,0,,,,FR_AUG_2011.pdf,Sector-Wise analysis of projects,39,81
FR_201108_082,,N16000069,82,"DIESEL HYDROTREATOR PROJECT AT MUMBAI REFINERY - HPCL,Maharashtra",,,PETROLEUM,2011-08,2009-03,,3284.0,,3284.0,,,,2011-09,,2011-09,,,,0,0,,,,FR_AUG_2011.pdf,Sector-Wise analysis of projects,39,82
FR_201108_083,,N16000083,83,"REFRIGERATED LPG STORAGE AT JNPT - BPCL,Maharashtra",,,PETROLEUM,2011-08,2008-06,,304.4,,304.4,,,245.01,2010-06,2011-07,2011-09,,,,0,0,,,,FR_AUG_2011.pdf,Sector-Wise analysis of projects,39,83
FR_201108_084,,N16000024,84,"HEERA AND SOUTH HEERA RE- DEVELOPMENT PROJECT - ONGC,Maharashtra",,,PETROLEUM,2011-08,2006-09,,2305.3,700.0,3005.3,,,2416.96,2010-06,2010-06,2011-10,,,,0,0,,,,FR_AUG_2011.pdf,Sector-Wise analysis of projects,39,84
FR_201108_085,,N16000023,85,"DEVELOPMENT OF C-SERIES FIELDS - ONGC,Maharashtra",,,PETROLEUM,2011-08,2006-08,,3195.16,,2800.0,,,2520.91,2008-12,2008-12,2011-11,,,,0,0,,,,FR_AUG_2011.pdf,Sector-Wise analysis of projects,39,85
FR_201108_086,,N16000050,86,"BAWANA NANGAL PIPE LINE PROJECT - GAIL,Multi State",,,PETROLEUM,2011-08,2007-11,,1816.07,,1385.0,,,,2010-10,2011-12,2011-12,,,,0,1,,,,FR_AUG_2011.pdf,Sector-Wise analysis of projects,39,86
FR_201108_087,,N16000054,87,"COMPRESSOR STATIONS (KAILARAS AND CHAINSA) - GAIL,Multi State",KAILARAS AND CHAINSA,,PETROLEUM,2011-08,2007-11,,1167.0,1167.0,798.0,,,631.81,2011-04,2011-12,2011-12,,,,0,2,,,,FR_AUG_2011.pdf,Sector-Wise analysis of projects,39,87
FR_201108_088,,N16000059,88,"BRANCH PIPELINE FROM KSPL VIRAMGAON TO KANDLA - IOCL,Gujarat",,,PETROLEUM,2011-08,2009-02,,250.0,349.0,250.0,,,197.53,2013-03,2013-03,2011-12,,,,0,0,,,,FR_AUG_2011.pdf,Sector-Wise analysis of projects,39,88
FR_201108_089,,N16000062,89,"HEERA RECONSTRUCTION - ONGC,Maharashtra",,,PETROLEUM,2011-08,2008-05,,706.7,,706.7,,,626.78,2010-04,,2011-12,,,,0,0,,,,FR_AUG_2011.pdf,Sector-Wise analysis of projects,39,89
FR_201108_090,,N16000063,90,"NEELAM RECONSTRUCTION - ONGC,Maharashtra",,,PETROLEUM,2011-08,2008-05,,305.08,,305.08,,,250.4,2011-04,,2011-12,,,,0,0,,,,FR_AUG_2011.pdf,Sector-Wise analysis of projects,40,90
FR_201108_091,,N16000084,91,"CONSTRUCTION OF 12 OFFSHORE SUPPLY VESSELS(OSV) - ONGC,Multi State",OSV,,PETROLEUM,2011-08,2007-06,,736.65,,736.65,,,210.39,2011-09,,2011-12,,,,0,0,,,,FR_AUG_2011.pdf,Sector-Wise analysis of projects,40,91
FR_201108_092,,N16000109,92,"EURO-IV DHDT - CPCL,Tamil Nadu",,,PETROLEUM,2011-08,2008-09,,2615.69,,2615.69,,,1632.03,2011-05,,2011-12,,,,0,116,,,,FR_AUG_2011.pdf,Sector-Wise analysis of projects,40,92
FR_201108_093,,N16000115,93,"CONSTRUCTION OF TANKS AND BLENDING FACILITY AT VAD - IOCL,Gujarat",,,PETROLEUM,2011-08,2009-02,,267.0,,267.0,,,171.46,2012-09,,2011-12,,,,0,0,,,,FR_AUG_2011.pdf,Sector-Wise analysis of projects,40,93
FR_201108_094,,N16000070,94,"KARANPUR MORADABAD-KASHIPUR- RUDRAPUR PIPELINE PROJECT PHASE- - GAIL,Multi State",,,PETROLEUM,2011-08,2009-07,,238.68,,204.0,,,111.0,2012-01,,2012-01,,,,1,8,,,,FR_AUG_2011.pdf,Sector-Wise analysis of projects,40,94
FR_201108_095,,N16000114,95,"MRPL Phase-III Expansion - Mangalore Refin,Karnataka",,,PETROLEUM,2011-08,2008-08,,12412.0,12160.26,12160.26,,,6378.01,2012-01,,2012-01,,,,0,0,,,,FR_AUG_2011.pdf,Sector-Wise analysis of projects,40,95
FR_201108_096,,N16000045,96,"MNW-NF BRIDGE PROJECT - ONGC,Maharashtra",,,PETROLEUM,2011-08,2008-05,,175.21,,162.12,,,58.26,2009-03,2012-02,2012-02,,,,0,0,,,,FR_AUG_2011.pdf,Sector-Wise analysis of projects,40,96
FR_201108_097,,N16000031,97,"OFFSHORE GRID INTERCONNECTIVITY PROJECT IN MUMBAI HIGH - ONGC,Maharashtra",,,PETROLEUM,2011-08,2007-01,,740.02,,740.02,,,412.78,2010-03,2012-03,2012-03,,,,0,0,,,,FR_AUG_2011.pdf,Sector-Wise analysis of projects,40,97
FR_201108_098,,N16000071,98,"KOCHI-KOOTANAD BANGALORE- MANGALORE PIPELINE PROJEC - GAIL,Multi State",,,PETROLEUM,2011-08,2009-06,,348.0,,261.0,,,149.85,2012-03,2012-08,2012-03,,,,7,12,,,,FR_AUG_2011.pdf,Sector-Wise analysis of projects,40,98
FR_201108_099,,N16000093,99,"VKPL UPGRADATION AND LAYING OF SPURLINE (TO BHILWARA AND CHI - GAIL,Multi State",,,PETROLEUM,2011-08,2009-12,,463.32,,330.47,,,138.07,2011-06,2012-03,2012-03,,,,3,9,,,,FR_AUG_2011.pdf,Sector-Wise analysis of projects,40,99
FR_201108_100,,N16000126,100,"SETTING UP 100 MW COMMERCIAL WIND ENERGY GENERATION - GAIL,Multi State",,,PETROLEUM,2011-08,2011-05,,616.0,,616.0,,,,2012-03,,2012-03,,,,0,0,,,,FR_AUG_2011.pdf,Sector-Wise analysis of projects,40,100
FR_201108_101,,160100231,101,"INTEGRATED DEV OF G1 and GS-15 (ONGCL) - ONGC,Multi State",ONGCL,,PETROLEUM,2011-08,2003-04,,429.82,2218.01,2218.01,,,1237.61,2006-04,2011-05,2012-05,,,,0,0,,,,FR_AUG_2011.pdf,Sector-Wise analysis of projects,40,101
FR_201108_102,,N16000030,102,"CONSTRUCTION OF NEW PROCESS COMPLEX MHN - ONGC,Maharashtra",,,PETROLEUM,2011-08,2007-01,,2853.29,6326.4,6326.4,,,3535.29,2010-05,2012-05,2012-05,,,,0,0,,,,FR_AUG_2011.pdf,Sector-Wise analysis of projects,40,102
FR_201108_103,,N16000032,103,"DEVELOPMENT OF B-22 CLUSTER FIELDS - ONGC,Maharashtra",,,PETROLEUM,2011-08,2007-01,,2323.4,2920.82,2920.82,,,1173.84,2010-09,2012-03,2012-05,,,,0,0,,,,FR_AUG_2011.pdf,Sector-Wise analysis of projects,40,103
FR_201108_104,,N16000044,104,"REVAMPING OF WIN PLATFORM AT MH ASSET - ONGC,Maharashtra",,,PETROLEUM,2011-08,2008-05,,333.4,837.54,656.51,,,20.1,2010-05,2012-04,2012-05,,,,0,0,,,,FR_AUG_2011.pdf,Sector-Wise analysis of projects,40,104
FR_201108_105,,N16000046,105,"DEVELOPMENT OF B-46 CLUSTER FIELD - ONGC,Maharashtra",,,PETROLEUM,2011-08,2007-06,,1436.21,1456.96,1436.21,,,82.57,2010-07,2012-05,2012-05,,,,0,0,,,,FR_AUG_2011.pdf,Sector-Wise analysis of projects,40,105
FR_201108_106,,N16000110,106,"CDU/VDU-II - CPCL,Tamil Nadu",,,PETROLEUM,2011-08,2010-03,,333.99,,333.99,,,47.33,2012-05,,2012-05,,,,11,36,,,,FR_AUG_2011.pdf,Sector-Wise analysis of projects,40,106
FR_201108_107,,N16000033,107,"DEVELOPMENT OF B-193 CLUSTER FIELDS - ONGC,Maharashtra",,,PETROLEUM,2011-08,2007-06,,3248.78,5633.44,5633.44,,,1366.95,2010-08,2012-03,2012-06,,,,0,0,,,,FR_AUG_2011.pdf,Sector-Wise analysis of projects,40,107
FR_201108_108,,N16000086,108,"ADDITIONAL DEV. OF D-1 FIELD - ONGC,Multi State",,,PETROLEUM,2011-08,2010-01,,2163.64,,2163.64,,,485.72,2012-06,,2012-06,,,,0,0,,,,FR_AUG_2011.pdf,Sector-Wise analysis of projects,40,108
FR_201108_109,,N16000090,109,"INTEGRATED OFFSHORE CRUDE OIL HANDLING FACILITIES - IOCL,Orissa",,,PETROLEUM,2011-08,2009-12,,1492.33,,1492.33,,,670.65,2012-06,,2012-06,,,,6,9,,,,FR_AUG_2011.pdf,Sector-Wise analysis of projects,41,109
FR_201108_110,,N16000113,110,"Polypropylene unit - Mangalore Refin,Karnataka",,,PETROLEUM,2011-08,2009-05,,1803.78,,1803.78,,,400.94,2012-07,,2012-06,,,,0,0,,,,FR_AUG_2011.pdf,Sector-Wise analysis of projects,41,110
FR_201108_111,,N16000119,111,"Wind Power Project - ONGC,Rajasthan",,,PETROLEUM,2011-08,2010-07,,1106.0,,1106.0,,,,2012-06,,2012-06,,,,0,0,,,,FR_AUG_2011.pdf,Sector-Wise analysis of projects,41,111
FR_201108_112,,N16000065,112,"ADDITIONAL GAS PROCESSING FACILITI AT HAZIRA - ONGC,Gujarat",,,PETROLEUM,2011-08,2008-02,,370.11,,370.11,,,67.89,2011-04,,2012-07,,,,0,0,,,,FR_AUG_2011.pdf,Sector-Wise analysis of projects,41,112
FR_201108_113,,N16000094,113,"BNPL SPURLINE (UTTRANCHAL AND PUNJAB) - GAIL,Multi State",UTTRANCHAL AND PUNJAB,,PETROLEUM,2011-08,2009-12,,540.92,,460.7,,,146.19,2011-06,2012-07,2012-07,,,,7,9,,,,FR_AUG_2011.pdf,Sector-Wise analysis of projects,41,113
FR_201108_114,,N16000073,114,"DABHOL-BANGALORE PIPELINE PROJECT PHASE-I - GAIL,Multi State",,,PETROLEUM,2011-08,2009-06,,4543.43,4508.38,2500.0,,,1047.0,2012-03,2012-08,2012-08,,,,11,10,,,,FR_AUG_2011.pdf,Sector-Wise analysis of projects,41,114
FR_201108_115,,N16000098,115,"Up-gradation of Konaban GGS and Pipeline Grid Project - ONGC,Tripura",,,PETROLEUM,2011-08,2008-07,,288.04,288.04,288.04,,,105.0,2012-08,,2012-08,,,,0,0,,,,FR_AUG_2011.pdf,Sector-Wise analysis of projects,41,115
FR_201108_116,,N16000060,116,"MUMBAI HIGH NORTH DEVELOPMENT PHASE-II - ONGC,Maharashtra",,,PETROLEUM,2011-08,2009-01,,7133.39,,6855.93,,,2263.8,2012-09,,2012-09,,,,0,0,,,,FR_AUG_2011.pdf,Sector-Wise analysis of projects,41,116
FR_201108_117,,N16000088,117,"PARADIP-RAIPUR-SAMBALPUR- RANCHI PIPELINE - IOCL,Multi State",,,PETROLEUM,2011-08,2009-08,,1793.0,,1793.0,,,421.76,2012-09,2012-09,2012-09,,,,0,15,,,,FR_AUG_2011.pdf,Sector-Wise analysis of projects,41,117
FR_201108_118,,N16000117,118,"Construction of 6 ETPs - ONGC,Gujarat",,,PETROLEUM,2011-08,2009-03,,302.26,,302.26,,,15.78,2012-09,,2012-09,,,,0,0,,,,FR_AUG_2011.pdf,Sector-Wise analysis of projects,41,118
FR_201108_119,,N16000064,119,"ADDITIONAL GAS PROCESSING UNITS AT URAN - ONGC,Maharashtra",,,PETROLEUM,2011-08,2008-10,,1797.35,,1797.35,,,72.19,2011-12,,2013-01,,,,0,0,,,,FR_AUG_2011.pdf,Sector-Wise analysis of projects,41,119
FR_201108_120,,N16000107,120,"Fluidized catalytic cracking unit(FCCU) revamp - IOCL,Uttar Pradesh",FCCU,,PETROLEUM,2011-08,2010-07,,1000.0,,1000.0,,,25.63,2013-01,,2013-01,,,,12,18,,,,FR_AUG_2011.pdf,Sector-Wise analysis of projects,41,120
FR_201108_121,,N16000116,121,"Development of SB-14 field - ONGC,Multi State",,,PETROLEUM,2011-08,2011-01,,410.44,,410.44,,,,2012-11,,2013-01,,,,0,0,,,,FR_AUG_2011.pdf,Sector-Wise analysis of projects,41,121
FR_201108_122,,N16000108,122,"BUTADIENE EXTRACTION UNIT (BDEU) AT PANIPAT - IOCL,Haryana",BDEU,,PETROLEUM,2011-08,2009-11,,341.5,,341.5,,,16.71,2013-02,,2013-02,,,,15,42,,,,FR_AUG_2011.pdf,Sector-Wise analysis of projects,41,122
FR_201108_123,,160100217,123,"IOR, RUDRASAGAR (ONGCL) - ONGC,Assam",ONGCL,,PETROLEUM,2011-08,2001-09,,113.9,438.85,438.85,,,231.94,2006-03,2013-03,2013-03,,,,6,6,,,,FR_AUG_2011.pdf,Sector-Wise analysis of projects,41,123
FR_201108_124,,N16000039,124,"MUMBAI HIGH SOUTH REDEVELOPMENT PH-2 - ONGC,Maharashtra",,,PETROLEUM,2011-08,2007-10,,5713.03,8813.41,8813.41,,,6767.5,2010-05,2013-03,2013-03,,,,0,0,,,,FR_AUG_2011.pdf,Sector-Wise analysis of projects,41,124
FR_201108_125,,N16000061,125,"ASSAM RENEWAL PROJECT FOR GROUP A - ONGC,Assam",,,PETROLEUM,2011-08,2009-03,,2465.15,,2378.86,,,359.46,2013-03,,2013-03,,,,0,0,,,,FR_AUG_2011.pdf,Sector-Wise analysis of projects,41,125
FR_201108_126,,N16000103,126,"Construction of one Multipurpose Support Vessel - ONGC,Multi State",,,PETROLEUM,2011-08,2010-01,,723.64,,723.64,,,,2013-03,,2013-03,,,,0,0,,,,FR_AUG_2011.pdf,Sector-Wise analysis of projects,41,126
FR_201108_127,,N16000104,127,"Development of Cluster-7 Fields - ONGC,Multi State",,,PETROLEUM,2011-08,2010-03,,3241.03,,3241.03,,,,2013-03,,2013-03,,,,0,0,,,,FR_AUG_2011.pdf,Sector-Wise analysis of projects,41,127
FR_201108_128,,N16000118,128,"Development of BHE and BH-35 Area. - ONGC,Multi State",,,PETROLEUM,2011-08,2010-08,,372.11,,372.11,,,,2013-03,,2013-03,,,,0,0,,,,FR_AUG_2011.pdf,Sector-Wise analysis of projects,41,128
FR_201108_129,,N16000081,129,"HYDROCRACKER REVAMP SETTING UP A NEW CCR AT MUMB - BPCL,Maharashtra",,,PETROLEUM,2011-08,2008-04,,825.0,1827.0,1827.0,,,,2011-12,2013-04,2013-04,,,,0,203,,,,FR_AUG_2011.pdf,Sector-Wise analysis of projects,42,129
FR_201108_130,,N16000058,130,"PARADIP REFINERY PROJECT - IOCL,Orissa",,,PETROLEUM,2011-08,2009-02,,29777.0,,29777.0,,,8953.92,2012-11,2013-06,2013-06,,,,107,100,,,,FR_AUG_2011.pdf,Sector-Wise analysis of projects,42,130
FR_201108_131,,N16000089,131,"DE-BOTTLENECKING OF SMPL (Salaya-Mathura crude pip - IOCL,Maharashtra",,,PETROLEUM,2011-08,2009-12,,1584.0,,1584.0,,,,,,2013-08,,,,0,0,,,,FR_AUG_2011.pdf,Sector-Wise analysis of projects,42,131
FR_201108_132,,N16000123,132,"Construction of 23 Immediate Supply Vessels (ISV) - ONGC,Multi State",ISV,,PETROLEUM,2011-08,2010-11,,331.2,,331.2,,,,2013-08,,2013-08,,,,0,0,,,,FR_AUG_2011.pdf,Sector-Wise analysis of projects,42,132
FR_201108_133,,N16000101,133,"Wax Project - NRL,Assam",,,PETROLEUM,2011-08,2010-06,,576.6,,576.6,,,13.77,2013-12,2013-12,2013-12,,,,0,0,,,,FR_AUG_2011.pdf,Sector-Wise analysis of projects,42,133
FR_201108_134,,N16000105,134,"Development of WO-16 Cluster Fields - ONGC,Multi State",,,PETROLEUM,2011-08,2010-06,,2523.0,,2523.0,,,,2014-01,,2014-01,,,,0,0,,,,FR_AUG_2011.pdf,Sector-Wise analysis of projects,42,134
FR_201108_135,,N16000127,135,"CONSTRUCTION OF ONE ETP AND THREE ETPS CUM WATER - ONGC,Assam",,,PETROLEUM,2011-08,2010-06,,202.94,,202.94,,,,2014-01,,2014-01,,,,0,0,,,,FR_AUG_2011.pdf,Sector-Wise analysis of projects,42,135
FR_201108_136,,N16000112,136,"PETROCHEMICAL COMPLEX-II AT VIJAYPUR AND PATA - GAIL,Multi State",,,PETROLEUM,2011-08,2010-08,,8140.0,,8140.0,,,183.0,2014-02,,2014-02,,,,0,0,,,,FR_AUG_2011.pdf,Sector-Wise analysis of projects,42,136
FR_201108_137,,160100215,137,"IOR LAKWA - LAKHMANI (ONGCL) - ONGC,Assam",ONGCL,,PETROLEUM,2011-08,2001-09,,345.1,663.69,663.69,,,592.78,2007-03,2014-03,2014-03,,,,3,3,,,,FR_AUG_2011.pdf,Sector-Wise analysis of projects,42,137
FR_201108_138,,N16000120,138,"Ahmedabad Redevelopment - ONGC,Gujarat",,,PETROLEUM,2011-08,2010-11,,1916.1,,1916.1,,,,2014-12,,2014-12,,,,0,0,,,,FR_AUG_2011.pdf,Sector-Wise analysis of projects,42,138
FR_201108_139,,N16000122,139,"Ankleswar Redevelopment - ONGC,Gujarat",,,PETROLEUM,2011-08,2010-11,,2189.63,,2189.63,,,,2014-12,,2014-12,,,,0,0,,,,FR_AUG_2011.pdf,Sector-Wise analysis of projects,42,139
FR_201108_140,,N16000121,140,"Mehesana Redevelopment - ONGC,Gujarat",,,PETROLEUM,2011-08,2010-11,,3823.0,,3823.0,,,,2015-04,,2015-04,,,,0,0,,,,FR_AUG_2011.pdf,Sector-Wise analysis of projects,42,140
FR_201108_141,,160100216,141,"IOR GELEKI (ONGCL) - ONGC,Assam",ONGCL,,PETROLEUM,2011-08,2001-09,,390.09,1674.11,1674.11,,,1375.28,2007-03,2017-03,2017-03,,,,6,6,,,,FR_AUG_2011.pdf,Sector-Wise analysis of projects,42,141
FR_201108_142,,N16000051,142,"JHAJJAR HISSAR PIPE LINE PROJECT - GAIL,Haryana",,,PETROLEUM,2011-08,2007-11,,281.07,,281.07,,,3.29,2010-10,,,,,,0,0,,,,FR_AUG_2011.pdf,Sector-Wise analysis of projects,42,142
FR_201108_143,,N16000128,143,"CONVERSION OF RIG SAGAR SAMRAT TO MOBILE OFFSHORE - ONGC,Maharashtra",,,PETROLEUM,2011-08,2011-03,,861.79,,861.79,,,,2013-05,,,,,,0,0,,,,FR_AUG_2011.pdf,Sector-Wise analysis of projects,42,143
FR_201108_144,,N16000057,144,"RESITEMENT OF MARKETING INSTALATION AT VISAKHAPATT - HPCL,Andhra Pradesh",,,PETROLEUM,2011-08,2009-01,,756.0,,756.0,,,711.47,2011-09,,2011-12,,,,0,0,,,,FR_AUG_2011.pdf,Sector-Wise analysis of projects,42,144
FR_201108_145,,N16000068,145,"DIESEL HYDROTREATOR PROJECT AT VISAKH REFINERY - HPCL,Andhra Pradesh",,,PETROLEUM,2011-08,2009-03,,3597.0,2730.0,2730.0,,,696.82,2011-09,2012-03,,,,,0,0,,,,FR_AUG_2011.pdf,Sector-Wise analysis of projects,42,145
FR_201108_146,,N16000072,146,"JAGDISHPUR-HALDIA PIPELINE PROJECT PHASE-I - GAIL,Multi State Total",,,PETROLEUM,2011-08,2009-07,,7596.18,6652.22,6652.22,,,1.63,2013-01,,,,,,0,0,,,,FR_AUG_2011.pdf,Sector-Wise analysis of projects,42,146
FR_201108_147,,N18000043,147,"TRANSMISSION SYSTEM ASSOCIATED WITH FARAKKA-III - PGCIL,Multi State",,,POWER,2011-08,2008-12,,204.07,,204.07,,,112.43,2011-06,,2011-08,,,,0,0,,,,FR_AUG_2011.pdf,Sector-Wise analysis of projects,43,147
FR_201108_148,,N18000023,148,"TRANSMISSION SYSTEM ASSOCIATEDWITH URI-II - PGCIL,J & K",,,POWER,2011-08,2006-10,,238.25,,227.03,,,211.35,2011-05,2011-05,2011-09,,,,0,0,,,,FR_AUG_2011.pdf,Sector-Wise analysis of projects,43,148
FR_201108_149,,N18000033,149,"EASTERN REGION STRENGTHENING SCHEME-II - PGCIL,Multi State",,,POWER,2011-08,2007-12,,227.52,,227.52,,,132.86,2010-06,,2011-09,,,,0,0,,,,FR_AUG_2011.pdf,Sector-Wise analysis of projects,43,149
FR_201108_150,,180100241,150,"CHAMERA,STAGE-III (NHPC) - NHPC,Himachal Pr.",NHPC,,POWER,2011-08,2005-08,,1405.63,,1405.63,,,1651.81,2010-08,,2011-11,,,,0,0,,,,FR_AUG_2011.pdf,Sector-Wise analysis of projects,43,150
FR_201108_151,,180100251,151,"URI H.E.P STAGE -II (NHPC) - NHPC,J & K",NHPC,,POWER,2011-08,2005-08,,1724.79,,1724.79,,,1522.71,2009-11,,2011-12,,,,0,0,,,,FR_AUG_2011.pdf,Sector-Wise analysis of projects,43,151
FR_201108_152,,N18000018,152,"TRANSMISSION SYSTEM ASSOCIATED WITH PARBATI-III HEP - PGCIL,Himachal Pr.",,,POWER,2011-08,2006-07,,557.24,,639.52,,,465.15,2010-01,,2011-12,,,,0,22,,,,FR_AUG_2011.pdf,Sector-Wise analysis of projects,43,152
FR_201108_153,,N18000022,153,"WESTERN REGION STRENGTHENING SCHEME-II - PGCIL,Rajasthan",,,POWER,2011-08,2006-07,,5221.23,,4978.56,,,2925.54,2010-07,,2011-12,,,,3,20,,,,FR_AUG_2011.pdf,Sector-Wise analysis of projects,43,153
FR_201108_154,,N18000064,154,"TR. SYSTEM ASSOCIATED WITH CHAMERA III HEP - PGCIL,Multi State",,,POWER,2011-08,2008-04,,297.37,,297.37,,,295.61,2011-07,,2011-12,,,,0,0,,,,FR_AUG_2011.pdf,Sector-Wise analysis of projects,43,154
FR_201108_155,,N18000007,155,"CHUTAK HYDRO-ELECTRIC PROJECT (NHPC) - NHPC,J & K",NHPC,,POWER,2011-08,2006-08,,621.28,,621.28,,,680.28,2011-02,,2012-02,,,,0,1,,,,FR_AUG_2011.pdf,Sector-Wise analysis of projects,43,155
FR_201108_156,,N18000049,156,"WESTERN REGION STRENGHTENING SCHEME-X - PGCIL,Multi State",,,POWER,2011-08,2009-02,,664.96,,664.96,,,304.39,2012-02,,2012-02,,,,0,0,,,,FR_AUG_2011.pdf,Sector-Wise analysis of projects,43,156
FR_201108_157,,N18000051,157,"WESTERN REGION SYSTEM STRENGHTENING SCHEME-XI - PGCIL,Multi State",,,POWER,2011-08,2009-02,,409.5,,409.5,,,58.53,2012-02,,2012-02,,,,0,0,,,,FR_AUG_2011.pdf,Sector-Wise analysis of projects,43,157
FR_201108_158,,N18000058,158,"NORTHERN REGION SYSTEM STRENGHTENING SCHEME-XVII - PGCIL,Rajasthan",,,POWER,2011-08,2009-02,,210.79,,210.79,,,144.56,2011-08,,2012-02,,,,0,0,,,,FR_AUG_2011.pdf,Sector-Wise analysis of projects,43,158
FR_201108_159,,N18000062,159,"TR. SYSTEM ASSOCIATED WITH TUTICORIN JV TPS - PGCIL,Multi State",,,POWER,2011-08,2009-02,,353.57,,353.57,,,206.98,2010-07,2012-02,2012-02,,,,0,0,,,,FR_AUG_2011.pdf,Sector-Wise analysis of projects,43,159
FR_201108_160,,N18000067,160,"SYSTEM STRENGHTENING -XI IN SOUTHERN REGION - PGCIL,Multi State",,,POWER,2011-08,2009-03,,196.1,,196.1,,,72.09,2011-07,,2012-02,,,,0,0,,,,FR_AUG_2011.pdf,Sector-Wise analysis of projects,43,160
FR_201108_161,,180100184,161,"KOTESHWAR HEP(THDC) - THDCL,Uttaranchal",THDC,,POWER,2011-08,2000-04,,1301.56,,2283.69,,,2481.22,2005-04,,2012-03,,,,6,11,,,,FR_AUG_2011.pdf,Sector-Wise analysis of projects,43,161
FR_201108_162,,180100229,162,"SIPAT STPP STAGE - I (NTPC) - NTPC,Chhatisgarh",NTPC,,POWER,2011-08,2003-12,,8323.39,,8323.39,,,7284.0,2009-12,,2012-03,,,,33,60,,,,FR_AUG_2011.pdf,Sector-Wise analysis of projects,43,162
FR_201108_163,,180100250,163,"PARBATI H.E.P. STAGE -III (NHPC) - NHPC,Himachal Pr.",NHPC,,POWER,2011-08,2005-10,,2304.52,,2304.52,,,1534.06,2010-10,,2012-03,,,,0,0,,,,FR_AUG_2011.pdf,Sector-Wise analysis of projects,43,163
FR_201108_164,,180100260,164,"TRANSMISSION SY. ASSOCIATED WITH BARH GENER. PROJECT(P.GR.) - PGCIL,Bihar",P.GR.,,POWER,2011-08,2005-12,,3779.46,,3725.13,,,3483.3,2009-09,,2012-03,,,,15,30,,,,FR_AUG_2011.pdf,Sector-Wise analysis of projects,43,164
FR_201108_165,,N18000004,165,"EASTERN REGION STRENGTHENING SCHEME-I - PGCIL,Multi State",,,POWER,2011-08,2006-10,,975.96,,894.26,,,690.07,2009-10,,2012-03,,,,2,20,,,,FR_AUG_2011.pdf,Sector-Wise analysis of projects,43,165
FR_201108_166,,N18000032,166,"SIMHADRI STPP STAGE -II - NTPC,Andhra Pradesh",,,POWER,2011-08,2007-08,,5103.39,,5038.53,,,4060.0,,,2012-03,,,,0,6,,,,FR_AUG_2011.pdf,Sector-Wise analysis of projects,44,166
FR_201108_167,,N18000054,167,"NORTHERN REGION SYSTEM STRENGHTENING SCHEME-XIII - PGCIL,Multi State",,,POWER,2011-08,2009-02,,317.69,,317.69,,,54.29,2011-11,,2012-03,,,,0,0,,,,FR_AUG_2011.pdf,Sector-Wise analysis of projects,44,167
FR_201108_168,,N18000086,168,"System Strengthening -X of SR - PGCIL,Multi State",,,POWER,2011-08,2009-12,,276.61,,276.61,,,74.44,2012-04,,2012-04,,,,0,0,,,,FR_AUG_2011.pdf,Sector-Wise analysis of projects,44,168
FR_201108_169,,180100222,169,"TEESTA LOW DAM STAGE III HYDROELECTRIC POWER PROJE - NHPC,West Bengal",,,POWER,2011-08,2003-10,,768.92,,768.92,,,1349.12,2007-03,,2012-05,,,,1,25,,,,FR_AUG_2011.pdf,Sector-Wise analysis of projects,44,169
FR_201108_170,,N18000079,170,"765KV SYSTEM FOR CENTRAL PART OF NORTHERN GRID PAR - PGCIL,Multi State",,,POWER,2011-08,2009-11,,1075.12,,1075.12,,,259.61,2012-05,,2012-05,,,,0,0,,,,FR_AUG_2011.pdf,Sector-Wise analysis of projects,44,170
FR_201108_171,,N18000078,171,"765KV SYSTEM FOR CENTRAL PART OF NORTHERN REGION G - PGCIL,Multi State",,,POWER,2011-08,2009-07,,1736.36,,1736.36,,,339.2,2012-06,,2012-06,,,,0,0,,,,FR_AUG_2011.pdf,Sector-Wise analysis of projects,44,171
FR_201108_172,,N18000082,172,"IMMEDIATE EVACUATION SYSTEM FOR NABINAGAR TPS - PGCIL,Bihar",,,POWER,2011-08,2010-02,,215.86,,215.86,,,116.8,2012-06,,2012-06,,,,0,0,,,,FR_AUG_2011.pdf,Sector-Wise analysis of projects,44,172
FR_201108_173,,N18000085,173,"System Strengthening -XII of SR - PGCIL,Multi State",,,POWER,2011-08,2010-02,,232.34,,232.34,,,10.68,2012-06,,2012-06,,,,0,0,,,,FR_AUG_2011.pdf,Sector-Wise analysis of projects,44,173
FR_201108_174,,N18000065,174,"SUPPLEMENTRY TRANSMISSION ASSOCIATED WITH DVC AND - PGCIL,Multi State",,,POWER,2011-08,2008-08,,2360.95,,2360.95,,,1663.54,2012-08,,2012-08,,,,0,0,,,,FR_AUG_2011.pdf,Sector-Wise analysis of projects,44,174
FR_201108_175,,N18000069,175,"765 KV POOLING STATION AND NETWORK WITH DVC AND MA - PGCIL,Multi State",,,POWER,2011-08,2008-08,,7075.33,,7075.33,,,3908.9,2012-08,,2012-08,,,,0,0,,,,FR_AUG_2011.pdf,Sector-Wise analysis of projects,44,175
FR_201108_176,,N18000081,176,"System Strengthening in NR for SASAN & MUNDRA (UMPP) - PGCIL,Multi State",UMPP,,POWER,2011-08,2009-12,,1216.83,,1216.83,,,353.12,2012-08,,2012-08,,,,0,0,,,,FR_AUG_2011.pdf,Sector-Wise analysis of projects,44,176
FR_201108_177,,N18000061,177,"TR. SYSTEM ASSOCIATED WITH MUNDRA ULTRA MEGA POWER PROJECT - PGCIL,Multi State",,,POWER,2011-08,2008-10,,4824.12,,4824.12,,,1950.27,2012-10,,2012-10,,,,0,0,,,,FR_AUG_2011.pdf,Sector-Wise analysis of projects,44,177
FR_201108_178,,N18000084,178,"MAUDA TRANSMISSION SYSTEM - PGCIL,Maharashtra",,,POWER,2011-08,2010-02,,469.38,,469.38,,,166.77,2012-10,,2012-10,,,,0,0,,,,FR_AUG_2011.pdf,Sector-Wise analysis of projects,44,178
FR_201108_179,,N18000089,179,"INTERCONNECTION BETWEEN ELECTTRICAL GRIDS OF INDIA AND B - PGCIL,Multi State",,,POWER,2011-08,2010-10,,160.32,,160.32,,,11.32,2012-10,,2012-10,,,,0,0,,,,FR_AUG_2011.pdf,Sector-Wise analysis of projects,44,179
FR_201108_180,,N18000006,180,"NIMOO BAZGO HYDROELECTRIC PROJECT - NHPC,J & K",,,POWER,2011-08,2006-08,,611.02,,611.02,,,657.77,2010-08,,2012-11,,,,0,0,,,,FR_AUG_2011.pdf,Sector-Wise analysis of projects,44,180
FR_201108_181,,N18000048,181,"MOUDA STPP (NTPC) - NTPC,Maharashtra",NTPC,,POWER,2011-08,2008-11,,5459.28,,6010.89,,,2790.0,2012-08,,2012-11,,,,2,16,,,,FR_AUG_2011.pdf,Sector-Wise analysis of projects,44,181
FR_201108_182,,N18000076,182,"TRANSMISSION SYSTEM OF VINDHYACHAL-IV AND RIHAND-I - PGCIL,Multi State",,,POWER,2011-08,2010-03,,4672.99,,4672.99,,,312.54,2012-11,,2012-11,,,,0,0,,,,FR_AUG_2011.pdf,Sector-Wise analysis of projects,44,182
FR_201108_183,,N18000083,183,"NORTHERN REGION TRANSMISSION STRENGTHENING SCHEME - PGCIL,Multi State",,,POWER,2011-08,2010-03,,965.58,,965.58,,,245.19,2012-11,,2012-11,,,,0,0,,,,FR_AUG_2011.pdf,Sector-Wise analysis of projects,44,183
FR_201108_184,,N18000100,184,"EASTERN REGION TRANSMISSION SYSTEM-III - PGCIL,Multi State",,,POWER,2011-08,2010-07,,1272.8,,1272.8,,,86.61,2012-11,,2012-11,,,,0,0,,,,FR_AUG_2011.pdf,Sector-Wise analysis of projects,44,184
FR_201108_185,,180100243,185,"TEESTA LOW DAM HEP, STAGE-IV (NHPC) - NHPC,West Bengal",NHPC,,POWER,2011-08,2005-09,,1061.38,,1061.38,,,1007.32,2009-09,,2012-12,,,,0,0,,,,FR_AUG_2011.pdf,Sector-Wise analysis of projects,45,185
FR_201108_186,,180100258,186,"KUDANKULAM-APP TRANS. SYSTEM (PGCIL) - PGCIL,Tamil Nadu",PGCIL,,POWER,2011-08,2005-05,,1779.29,,1946.85,,,1727.35,2008-11,,2012-12,,,,25,38,,,,FR_AUG_2011.pdf,Sector-Wise analysis of projects,45,186
FR_201108_187,,N18000005,187,"LOHARINAG-PAL HEP(4X150MW) - NTPC,Uttaranchal",4X150MW,,POWER,2011-08,2006-06,,2895.1,,2895.1,,,685.0,2011-11,,2012-12,,,,6,34,,,,FR_AUG_2011.pdf,Sector-Wise analysis of projects,45,187
FR_201108_188,,N18000046,188,"TRANSMISSION SYSTEM ASSOCIATED WITH SASAN ULTRA ME - PGCIL,Multi State",,,POWER,2011-08,2008-12,,7031.88,,7031.88,,,2538.06,2012-12,,2012-12,,,,0,0,,,,FR_AUG_2011.pdf,Sector-Wise analysis of projects,45,188
FR_201108_189,,N18000053,189,"NORTHERN REGION SYSTEM STRENGHTENING SCHEME-XVIII - PGCIL,Multi State",,,POWER,2011-08,2009-02,,509.66,,509.66,,,245.77,2011-11,,2012-12,,,,0,0,,,,FR_AUG_2011.pdf,Sector-Wise analysis of projects,45,189
FR_201108_190,,N18000056,190,"NORTHERN REGION SYSTEM STRENGHTENING SCHEME-XIX - PGCIL,Multi State",,,POWER,2011-08,2009-02,,410.29,,410.29,,,128.49,2012-02,,2012-12,,,,0,0,,,,FR_AUG_2011.pdf,Sector-Wise analysis of projects,45,190
FR_201108_191,,N18000072,191,"VINDHYACHAL STTP STAGE-IV (NTPC) - NTPC,Madhya pradesh",NTPC,,POWER,2011-08,2009-01,,5915.0,,5915.0,,,2135.0,2012-10,,2012-12,,,,2,15,,,,FR_AUG_2011.pdf,Sector-Wise analysis of projects,45,191
FR_201108_192,,N18000073,192,"RIHAND STTP STAGE-III (2X500MW) (NTPC) - NTPC,Uttar Pradesh",NTPC,,POWER,2011-08,2009-01,,6230.81,,6230.81,,,2003.0,2012-10,,2012-12,,,,3,16,,,,FR_AUG_2011.pdf,Sector-Wise analysis of projects,45,192
FR_201108_193,,N18000080,193,"Trans. System associated with PALLATANA GBPP & BPT - PGCIL,Multi State",,,POWER,2011-08,2010-02,,2144.0,,2144.0,,,306.84,2012-12,,2012-12,,,,0,0,,,,FR_AUG_2011.pdf,Sector-Wise analysis of projects,45,193
FR_201108_194,,N18000088,194,"NORTHERN REGION SYSTEM STRENGHTENING SCHEME-XX - PGCIL,Multi State",,,POWER,2011-08,2010-10,,182.68,,182.68,,,25.54,2013-01,,2013-01,,,,0,0,,,,FR_AUG_2011.pdf,Sector-Wise analysis of projects,45,194
FR_201108_195,,N18000098,195,"Transmission system for transfer of power from Gen. - PGCIL,Multi State",,,POWER,2011-08,2010-05,,250.03,,250.03,,,18.25,2013-01,,2013-01,,,,0,0,,,,FR_AUG_2011.pdf,Sector-Wise analysis of projects,45,195
FR_201108_196,,180100211,196,"KOLDAM HEP (NTPC) - NTPC,Himachal Pr.",NTPC,,POWER,2011-08,2002-10,,4527.15,,4527.15,,,3777.0,2009-04,,2013-03,,,,19,9,,,,FR_AUG_2011.pdf,Sector-Wise analysis of projects,45,196
FR_201108_197,,N18000035,197,"WESTERN REGION STRENGTHENING SCHEME-V - PGCIL,Maharashtra",,,POWER,2011-08,2007-12,,477.69,,477.69,,,340.11,2010-09,,2013-03,,,,0,0,,,,FR_AUG_2011.pdf,Sector-Wise analysis of projects,45,197
FR_201108_198,,N18000052,198,"NORTHERN REGION SYSTEM STRENGHTENING SCHEME-XV - PGCIL,Multi State",,,POWER,2011-08,2009-02,,520.48,,520.48,,,259.63,2011-11,,2013-03,,,,0,0,,,,FR_AUG_2011.pdf,Sector-Wise analysis of projects,45,198
FR_201108_199,,N18000068,199,"765 KV SYSTEM FOR CENTRAL PART OF NORTHERN GRID PA - PGCIL,Multi State",,,POWER,2011-08,2009-02,,1347.32,,1347.32,,,842.45,2012-02,,2013-03,,,,0,0,,,,FR_AUG_2011.pdf,Sector-Wise analysis of projects,45,199
FR_201108_200,,N18000087,200,"TRANSMISSION SYSTEM FOR PHASE-I GEN PROJECT IN ORI - PGCIL,Orissa",,,POWER,2011-08,2010-09,,2074.86,,2074.86,,,123.63,2013-03,,2013-03,,,,0,0,,,,FR_AUG_2011.pdf,Sector-Wise analysis of projects,45,200
FR_201108_201,,N18000095,201,"NORTHERN REGION SYSTEM STRENGTHENING SCHEME- XXI - PGCIL,Multi State",,,POWER,2011-08,2010-08,,1677.57,,1677.57,,,76.35,2013-04,,2013-04,,,,0,0,,,,FR_AUG_2011.pdf,Sector-Wise analysis of projects,45,201
FR_201108_202,,N18000097,202,"SUPPLEMENTARY TRANSMISSION ASSOCIATED WITH VAALLUR - PGCIL,Multi State",,,POWER,2011-08,2010-08,,170.36,,170.36,,,8.71,2013-04,,2013-04,,,,0,0,,,,FR_AUG_2011.pdf,Sector-Wise analysis of projects,45,202
FR_201108_203,,N18000071,203,"TRIPURA GAS BASED POWER PROJECT - NEEPCO,Tripura",,,POWER,2011-08,2009-07,,421.01,623.44,623.44,,,68.22,2012-01,,2013-07,,,,0,0,,,,FR_AUG_2011.pdf,Sector-Wise analysis of projects,46,203
FR_201108_204,,N18000094,204,"NORTHERN REGION SYSTEM STRENGTHENING SCHEME XVI - PGCIL,Multi State",,,POWER,2011-08,2010-07,,752.64,,752.64,,,44.9,2013-07,,2013-07,,,,0,0,,,,FR_AUG_2011.pdf,Sector-Wise analysis of projects,46,204
FR_201108_205,,N18000102,205,"TRANSMISSION SYSTEM OF ESTABLISHMENT OF 400/220KV - PGCIL,Maharashtra",,,POWER,2011-08,2011-07,,181.93,,181.93,,,,2013-07,,2013-07,,,,0,0,,,,FR_AUG_2011.pdf,Sector-Wise analysis of projects,46,205
FR_201108_206,,N18000045,206,"PARE HYDRO ELECTRIC PROJECT(110 MW) - NEEPCO,Arunachal Pr.",110 MW,,POWER,2011-08,2008-12,,573.99,,573.99,,,205.89,2013-08,2013-08,2013-08,,,,10,17,,,,FR_AUG_2011.pdf,Sector-Wise analysis of projects,46,206
FR_201108_207,,N18000090,207,"TRANSMISSION SYSTEM ASSOCIATED WITH KRISHNAPATNAM - PGCIL,Andhra Pradesh",,,POWER,2011-08,2010-12,,779.21,,779.21,,,71.18,2013-08,,2013-08,,,,0,0,,,,FR_AUG_2011.pdf,Sector-Wise analysis of projects,46,207
FR_201108_208,,N18000091,208,"NORTHERN REGION SYSTEM STRENGTHENING SCHEME-XXII - PGCIL,Multi State",,,POWER,2011-08,2010-12,,209.78,,209.78,,,15.15,2013-08,,2013-08,,,,0,0,,,,FR_AUG_2011.pdf,Sector-Wise analysis of projects,46,208
FR_201108_209,,N18000092,209,"Establishment of pooling stations at Rajgarh - PGCIL,Chhatisgarh",,,POWER,2011-08,2010-12,,1719.52,,1719.52,,,125.67,2013-08,,2013-08,,,,0,0,,,,FR_AUG_2011.pdf,Sector-Wise analysis of projects,46,209
FR_201108_210,,N18000024,210,"RAMPUR HEP(412 MW) - SJVNL,Himachal Pr.",412 MW,,POWER,2011-08,2007-01,,2047.03,,2047.03,,,1317.7,2012-01,,2013-09,,,,2,10,,,,FR_AUG_2011.pdf,Sector-Wise analysis of projects,46,210
FR_201108_211,,N18000063,211,"TRANSMISSION SYSTEM ASSOCIATED WITH RAMPUR HEP - PGCIL,Multi State",,,POWER,2011-08,2009-02,,184.19,,184.19,,,127.76,2011-11,,2013-09,,,,0,0,,,,FR_AUG_2011.pdf,Sector-Wise analysis of projects,46,211
FR_201108_212,,N18000041,212,"BONGAIGAON THERMAL POWER PROJECT - NTPC,Assam",,,POWER,2011-08,2008-01,,4375.35,,4375.35,,,2242.0,2011-06,,2013-10,,,,0,29,,,,FR_AUG_2011.pdf,Sector-Wise analysis of projects,46,212
FR_201108_213,,N18000047,213,"BARH STPP STAGE -II - NTPC,",,,POWER,2011-08,2008-02,,7341.04,,7341.04,,,2588.0,,,2013-10,,,,2,18,,,,FR_AUG_2011.pdf,Sector-Wise analysis of projects,46,213
FR_201108_214,,N18000099,214,"Transmission system for transfer of power from Gen-PART B - PGCIL,Multi State",,,POWER,2011-08,2011-03,,1585.12,,1585.12,,,57.33,2013-11,,2013-11,,,,0,0,,,,FR_AUG_2011.pdf,Sector-Wise analysis of projects,46,214
FR_201108_215,,N18000093,215,"TRANSMISSION SYSTEM FOR PHASE-I GEN. PROJECT IN OR - PGCIL,Orissa",,,POWER,2011-08,2010-12,,2743.19,,2743.19,,,216.21,2013-12,,2013-12,,,,0,0,,,,FR_AUG_2011.pdf,Sector-Wise analysis of projects,46,215
FR_201108_216,,180100165,216,"TUIRIAL HE PROJECT(NEEPCO) - NEEPCO,Mizoram",NEEPCO,,POWER,2011-08,1998-07,,368.72,913.63,913.63,,,247.9,2006-07,2014-01,2014-01,,,,2,5,,,,FR_AUG_2011.pdf,Sector-Wise analysis of projects,46,216
FR_201108_217,,N18000096,217,"TRANS SYSTEM FOR PHASE-I GEN PROJECT IN ORISSA-C - PGCIL,Multi State",,,POWER,2011-08,2011-03,,2569.25,,2569.25,,,,2014-03,,2014-03,,,,0,0,,,,FR_AUG_2011.pdf,Sector-Wise analysis of projects,46,217
FR_201108_218,,N18000014,218,"TAPOVAN-VISHNUGAD HEP (4x130MW) (NTPC) - NTPC,Uttaranchal",NTPC,,POWER,2011-08,2006-11,,2978.48,,2978.48,,,1133.0,2013-03,,2014-06,,,,5,13,,,,FR_AUG_2011.pdf,Sector-Wise analysis of projects,46,218
FR_201108_219,,180100221,219,"SUBANSIRI LOWER H.E.P (NHPC) - NHPC,Arunachal Pr.",NHPC,,POWER,2011-08,2003-09,,6285.33,,6285.33,,,5056.36,2010-09,,2014-08,,,,2,11,,,,FR_AUG_2011.pdf,Sector-Wise analysis of projects,46,219
FR_201108_220,,180100242,220,"BARH STPP STAGE I (3X660MW) NTPC - NTPC,Bihar",3X660MW,,POWER,2011-08,2003-12,,8692.97,,8693.0,,,6070.0,2009-12,,2014-09,,,,15,70,,,,FR_AUG_2011.pdf,Sector-Wise analysis of projects,46,220
FR_201108_221,,N18000066,221,"NORTH- EAST NORTH WESTERN INTERCONNECTOR I PROJECT - PGCIL,Multi State",,,POWER,2011-08,2009-02,,11130.19,,11130.19,,,2877.41,2013-08,,2014-09,,,,0,0,,,,FR_AUG_2011.pdf,Sector-Wise analysis of projects,46,221
FR_201108_222,,180100210,222,"PARBATI HEP (NHPC) II - NHPC,Himachal Pr.",NHPC,,POWER,2011-08,2002-09,,3919.59,,3919.59,,,3265.14,2009-09,,2014-12,,,,1,20,,,,FR_AUG_2011.pdf,Sector-Wise analysis of projects,47,222
FR_201108_223,,N18000077,223,"TRANS SYSTEM FOR DEVELOPMENT OF POOLING STN IN NR - PGCIL,West Bengal",,,POWER,2011-08,2010-04,,4404.57,,4404.57,,,,2015-01,,2015-01,,,,0,0,,,,FR_AUG_2011.pdf,Sector-Wise analysis of projects,47,223
FR_201108_224,,N18000031,224,"KISHANGANGA HEP - NHPC,J & K",,,POWER,2011-08,2007-07,,2238.67,3642.04,3642.04,,,923.91,2014-07,,2016-01,,,,0,0,,,,FR_AUG_2011.pdf,Sector-Wise analysis of projects,47,224
FR_201108_225,,N18000010,225,"TEHRI PUMPED STORAGE PLANT(1000MW) - THDCL,Uttaranchal",1000MW,,POWER,2011-08,2006-07,,1657.0,,2978.86,,,261.82,2010-07,,2016-02,,,,1,1,,,,FR_AUG_2011.pdf,Sector-Wise analysis of projects,47,225
FR_201108_226,,N18000042,226,"VISHNUGAD PIPALKOTI HYDRO ELECTRIC PROJECT - THDCL,Uttaranchal",,,POWER,2011-08,2008-08,,2491.58,2491.58,3422.44,,,168.98,2014-07,,2016-05,,,,0,7,,,,FR_AUG_2011.pdf,Sector-Wise analysis of projects,47,226
FR_201108_227,,180100239,227,"KAMENG HYDROELECTRIC PROJECT (NEEPCO) - NEEPCO,Arunachal Pr.",NEEPCO,,POWER,2011-08,2004-12,,2496.9,,2496.9,,,1554.07,2013-05,2016-06,2016-06,,,,79,22,,,,FR_AUG_2011.pdf,Sector-Wise analysis of projects,47,227
FR_201108_228,,180100246,228,"KAIGA 3&4 TRANSMISSION SYSTEM (PGCIL) - PGCIL,Karnataka",PGCIL,,POWER,2011-08,2005-03,,596.45,1007.16,947.96,,,829.36,2007-12,2009-12,,,,,14,18,,,,FR_AUG_2011.pdf,Sector-Wise analysis of projects,47,228
FR_201108_229,,N18000050,229,"WESTERN REGION STRENGHTENING SCHEME-IX - PGCIL,Multi State Total",,,POWER,2011-08,2008-04,,230.89,180012.22,230.89,,,92.04,2011-01,,2011-10,,,,0,1,,,,FR_AUG_2011.pdf,Sector-Wise analysis of projects,47,229
FR_201108_230,,N22000096,230,"RAJPIPLA-ANKELASHWAR, WR (GC) - WR,Gujarat",GC,,RAILWAYS,2011-08,2006-04,,196.97,,196.97,,,174.05,2011-03,,2011-03,,,,0,0,,,,FR_AUG_2011.pdf,Sector-Wise analysis of projects,47,230
FR_201108_231,,220100252,231,"ANGAMALI-SABARIMALA (N.L.)(SR) - SR,Kerala",SR,,RAILWAYS,2011-08,1998-10,,550.0,,550.0,,,70.95,,,2012-03,,,,0,0,,,,FR_AUG_2011.pdf,Sector-Wise analysis of projects,47,231
FR_201108_232,,220100151,232,"CALICUT-MANGALORE (DL) (SR) - SR,Multi State",SR,,RAILWAYS,2011-08,1996-02,,240.0,,579.37,,,593.76,,,2011-07,,,,0,0,,,,FR_AUG_2011.pdf,Sector-Wise analysis of projects,47,232
FR_201108_233,,220100322,233,"PRATAPNAGAR-CHOTA UDAIPUR (GC) (WR) - WR,Gujarat",WR,,RAILWAYS,2011-08,2005-04,,148.61,,227.52,,,258.71,2008-03,2009-03,2010-10,,,,0,0,,,,FR_AUG_2011.pdf,Sector-Wise analysis of projects,47,233
FR_201108_234,,220100286,234,"RAJATGARH-BARANG(LD),ECOR - RVNL,Orissa",LD,,RAILWAYS,2011-08,1999-04,,166.16,,243.4,,,233.07,2009-02,,2010-12,,,,0,0,,,,FR_AUG_2011.pdf,Sector-Wise analysis of projects,47,234
FR_201108_235,,220100327,235,"KHURDA ROAD - BARANG 3RD LINE (DL) (ECOR) - RVNL,Orissa",ECOR,,RAILWAYS,2011-08,2000-04,,133.41,207.0,211.9,,,187.38,2009-03,,2010-12,,,,0,0,,,,FR_AUG_2011.pdf,Sector-Wise analysis of projects,47,235
FR_201108_236,,220100329,236,"RAICHUR-GUNTAKAL(DL)(SCR) - RVNL,Andhra Pradesh",SCR,,RAILWAYS,2011-08,2003-04,,136.62,,221.9,,,154.91,2007-12,2010-03,2010-12,,,,0,0,,,,FR_AUG_2011.pdf,Sector-Wise analysis of projects,47,236
FR_201108_237,,N22000034,237,"ALIGARH-GAZIABAD 3RD LINE DOUBLING (RVNL) - RVNL,Uttar Pradesh",RVNL,,RAILWAYS,2011-08,2003-04,,230.73,399.73,399.5,,,294.87,2009-03,2008-12,2010-12,,,,0,0,,,,FR_AUG_2011.pdf,Sector-Wise analysis of projects,47,237
FR_201108_238,,N22000081,238,"BHARUCH-SAMNI-DAHEJ GAUGE CONVERSIN - RVNL,Gujarat",,,RAILWAYS,2011-08,2005-09,,200.8,,200.8,,,253.23,,,2010-12,,,,0,0,,,,FR_AUG_2011.pdf,Sector-Wise analysis of projects,47,238
FR_201108_239,,220100321,239,"BILASPUR-URKURA (DL) - RVNL,Chhatisgarh",DL,,RAILWAYS,2011-08,1997-04,,151.52,,273.0,,,298.28,2009-03,,2011-03,,,,0,0,,,,FR_AUG_2011.pdf,Sector-Wise analysis of projects,47,239
FR_201108_240,,N22000027,240,"PALWAL-BHUTESWAR 3RD LINE DOUBLING(NCR)(RVNL) - RVNL,Multi State",RVNL,,RAILWAYS,2011-08,2005-04,,240.0,,329.7,,,258.52,2009-03,2009-12,2011-03,,,,0,0,,,,FR_AUG_2011.pdf,Sector-Wise analysis of projects,47,240
FR_201108_241,,N22000093,241,"MUMBAI URBAN TRANSPORT PROJECT PHASE-I, MTP - MRTP,Maharashtra",,,RAILWAYS,2011-08,2003-04,,3125.2,4501.8,4501.8,,,4246.71,2010-12,,2011-06,,,,0,1,,,,FR_AUG_2011.pdf,Sector-Wise analysis of projects,48,241
FR_201108_242,,220100284,242,"KHURDA ROAD-BOLANGIR(NL)ECOR - ECOR,Orissa",NL,,RAILWAYS,2011-08,1994-04,,355.38,470.21,700.0,,,161.9,,,2011-08,,,,0,0,,,,FR_AUG_2011.pdf,Sector-Wise analysis of projects,48,242
FR_201108_243,,220100148,243,"LANJHIGARH-JUNAGARH NL(ECOR) - ECOR,Orissa",ECOR,,RAILWAYS,2011-08,1993-04,,100.0,142.9,208.68,,,182.17,2002-03,,2011-09,,,,0,0,,,,FR_AUG_2011.pdf,Sector-Wise analysis of projects,48,243
FR_201108_244,,N22000076,244,"PANSPURA-KHARAGPUR 3D LINE - RVNL,West Bengal",,,RAILWAYS,2011-08,2007-09,,252.5,,252.5,,,162.23,2010-02,,2011-11,,,,0,0,,,,FR_AUG_2011.pdf,Sector-Wise analysis of projects,48,244
FR_201108_245,,220100007,245,"GUNA-ETAWAH(NCR), NL - NCR,Multi State",NCR,,RAILWAYS,2011-08,1985-04,,158.77,432.46,540.96,,,558.55,1994-03,,2011-12,,,,0,0,,,,FR_AUG_2011.pdf,Sector-Wise analysis of projects,48,245
FR_201108_246,,220100192,246,"NANDYAL-YERRAGUNTLA(NL),SCR - SCR,Andhra Pradesh",NL,,RAILWAYS,2011-08,1996-03,,155.74,164.36,822.57,,,486.71,2009-02,,2011-12,,,,0,0,,,,FR_AUG_2011.pdf,Sector-Wise analysis of projects,48,246
FR_201108_247,,220100285,247,"HARIDASPUR-PARADEEP(NL) - RVNL,Orissa",NL,,RAILWAYS,2011-08,1996-04,,301.64,,735.1,,,,2009-09,,2011-12,,,,0,0,,,,FR_AUG_2011.pdf,Sector-Wise analysis of projects,48,247
FR_201108_248,,220100328,248,"TALCHER-BIMALAGARH(NL)(ECOR) - ECOR,Orissa",ECOR,,RAILWAYS,2011-08,2005-04,,726.96,810.78,810.78,,,78.54,,,2011-12,,,,0,0,,,,FR_AUG_2011.pdf,Sector-Wise analysis of projects,48,248
FR_201108_249,,N22000107,249,"Ramanagram-Mysore doubling with electrification of - SWR,Karnataka",,,RAILWAYS,2011-08,2007-04,,482.0,,482.7,,,224.65,2013-03,,2011-12,,,,0,0,,,,FR_AUG_2011.pdf,Sector-Wise analysis of projects,48,249
FR_201108_250,,220100197,250,"KANPUR-KASGANJ- MATHURA(GC),NER - NER,Uttar Pradesh",GC,,RAILWAYS,2011-08,1997-03,,395.0,1062.36,1577.46,,,1154.15,,,2012-02,,,,0,0,,,,FR_AUG_2011.pdf,Sector-Wise analysis of projects,48,250
FR_201108_251,,220100272,251,"TARAKESWAR - BISHNUPUR NEW BG LINE (NL), ER - ER,West Bengal",NL,,RAILWAYS,2011-08,2000-04,,157.96,762.33,762.33,,,409.84,2009-12,,2012-02,,,,0,0,,,,FR_AUG_2011.pdf,Sector-Wise analysis of projects,48,251
FR_201108_252,,N22000116,252,"Dakshin-barasat-lakshmikantapur (ER) - ER,West Bengal",ER,,RAILWAYS,2011-08,2009-04,,259.51,,259.51,,,62.43,2011-12,,2012-02,,,,0,0,,,,FR_AUG_2011.pdf,Sector-Wise analysis of projects,48,252
FR_201108_253,,220100009,253,"FREIGHT OPERATIONS INFORMATION SYSTEM (FOIS) - FOIS,Multi State",FOIS,,RAILWAYS,2011-08,1984-03,,520.0,637.46,637.46,,,542.72,1995-03,,2012-03,,,,0,0,,,,FR_AUG_2011.pdf,Sector-Wise analysis of projects,48,253
FR_201108_254,,220100106,254,"PEDAPALLI-KARIMNAGAR- NIZAMABAD NL(SCR) - SCR,Andhra Pradesh",SCR,,RAILWAYS,2011-08,1994-12,,124.43,407.78,725.9,,,502.72,,,2012-03,,,,0,0,,,,FR_AUG_2011.pdf,Sector-Wise analysis of projects,48,254
FR_201108_255,,220100168,255,"MANDARHILL-DUMKA-RAMPURHAT (NL),ER - ER,Jharkhandd",NL,,RAILWAYS,2011-08,1995-04,,184.0,254.07,675.0,,,453.79,2011-12,,2012-03,,,,0,0,,,,FR_AUG_2011.pdf,Sector-Wise analysis of projects,48,255
FR_201108_256,,220100190,256,"KADUR-CHIKMAGALUR- SAKLESHPUR (NL),(SWR) - SWR,Karnataka",SWR,,RAILWAYS,2011-08,1996-04,,157.0,262.82,262.82,,,203.03,2012-03,,2012-03,,,,0,0,,,,FR_AUG_2011.pdf,Sector-Wise analysis of projects,48,256
FR_201108_257,,220100194,257,"MUZAFFARPUR-SITAMARHI(NL),ECR - ECR,Bihar",NL,,RAILWAYS,2011-08,1997-04,,100.0,322.29,411.22,,,421.85,,,2012-03,,,,0,0,,,,FR_AUG_2011.pdf,Sector-Wise analysis of projects,48,257
FR_201108_258,,220100240,258,"JAYNAGAR-DARBHANGA-NARKATIA GANJ(GC),ECR - ECR,Bihar",GC,,RAILWAYS,2011-08,1997-04,,233.0,335.77,903.56,,,552.79,,,2012-03,,,,0,0,,,,FR_AUG_2011.pdf,Sector-Wise analysis of projects,48,258
FR_201108_259,,N22000002,259,"MANSI-PURNIA (EXTENSION OF MANSI-SAHARSA) GAN ECR - ECR,Bihar",EXTENSION OF MANSI-SAHARSA,,RAILWAYS,2011-08,1996-04,,114.01,283.95,427.89,,,336.91,2011-03,,2012-03,,,,0,0,,,,FR_AUG_2011.pdf,Sector-Wise analysis of projects,48,259
FR_201108_260,,N22000052,260,"HARNOUT -SET.UP OF W/S TO UND. POH OF UP TO50 COAC - WS&PU,Bihar",,,RAILWAYS,2011-08,2003-04,,98.74,224.51,337.3,,,191.22,,,2012-03,,,,0,0,,,,FR_AUG_2011.pdf,Sector-Wise analysis of projects,48,260
FR_201108_261,,N22000053,261,"CHHAPRA-SETTING UP OF WHEEL MANUFACTURING PLANT - WS&PU,Bihar",,,RAILWAYS,2011-08,2005-03,,470.09,1417.97,1417.97,,,914.08,,,2012-03,,,,0,0,,,,FR_AUG_2011.pdf,Sector-Wise analysis of projects,49,261
FR_201108_262,,N22000075,262,"SALKA ROAD -ANUPNAGAR LINE DOUBLING - RVNL,Chhatisgarh",,,RAILWAYS,2011-08,2006-09,,324.9,,324.9,,,187.13,2010-03,,2012-03,,,,0,0,,,,FR_AUG_2011.pdf,Sector-Wise analysis of projects,49,262
FR_201108_263,,N22000083,263,"CONSTRUCTION OF NEW LINE FROM HARMATI-ITANAGAR/NAR - NEFR,Arunachal Pr.",,,RAILWAYS,2011-08,1996-09,,156.0,,254.29,,,178.89,,,2012-03,,,,0,0,,,,FR_AUG_2011.pdf,Sector-Wise analysis of projects,49,263
FR_201108_264,,N22000094,264,"ELECTRIFICATION OF KHURJA- MEERUT-SAHARANPUR & G'BA - RE,Uttar Pradesh",,,RAILWAYS,2011-08,2008-02,,171.1,,171.1,,,136.84,2012-03,,2012-03,,,,0,0,,,,FR_AUG_2011.pdf,Sector-Wise analysis of projects,49,264
FR_201108_265,,N22000095,265,"ELECTRIFICATION OF MORADABAD- ROZA - RE,Uttar Pradesh",,,RAILWAYS,2011-08,2004-12,,129.17,,220.0,,,217.49,2011-03,,2012-03,,,,0,0,,,,FR_AUG_2011.pdf,Sector-Wise analysis of projects,49,265
FR_201108_266,,N22000097,266,"TAMLUK DIGHA,LINE DOUBLING (SER) - SER,West Bengal",SER,,RAILWAYS,2011-08,1984-03,,293.97,,723.27,,,378.13,2005-06,2011-07,2012-03,,,,0,0,,,,FR_AUG_2011.pdf,Sector-Wise analysis of projects,49,266
FR_201108_267,,N22000106,267,"Sadulpur-Bikaner and Ratangarh- Degana Gauge Canves - NWR,Rajasthan",,,RAILWAYS,2011-08,2007-04,,643.36,,803.39,,,786.86,2011-03,,2012-03,,,,0,0,,,,FR_AUG_2011.pdf,Sector-Wise analysis of projects,49,267
FR_201108_268,,N22000115,268,"Tinpahar - Sahibganj (ER) - ER,Jharkhandd",ER,,RAILWAYS,2011-08,2008-04,,167.73,,167.73,,,36.04,2012-03,,2012-03,,,,0,0,,,,FR_AUG_2011.pdf,Sector-Wise analysis of projects,49,268
FR_201108_269,,220100208,269,"HOWRAH-AMTA-CHAMPADANGA NL (SER) - SER,West Bengal",SER,,RAILWAYS,2011-08,1974-04,,31.42,154.3,499.16,,,142.91,2007-03,2007-03,2012-06,,,,0,0,,,,FR_AUG_2011.pdf,Sector-Wise analysis of projects,49,269
FR_201108_270,,220100188,270,"NANGALDAM-TALWARA(NL),NR - (NR),Multi State",NR,,RAILWAYS,2011-08,1981-03,,37.68,450.0,730.0,,,325.04,2012-07,,2012-07,,,,0,0,,,,FR_AUG_2011.pdf,Sector-Wise analysis of projects,49,270
FR_201108_271,,220100233,271,"CONV.OF 1500V DC TRACTION TO 25 KV AC,WR - RE,Maharashtra",,,RAILWAYS,2011-08,1996-07,,273.67,1160.52,1302.12,,,571.52,,,2012-12,,,,0,0,,,,FR_AUG_2011.pdf,Sector-Wise analysis of projects,49,271
FR_201108_272,,220100241,272,"CHANDIGARH-LUDHIANA(NEW BG LINE),NR - (NR),Punjab",NR,,RAILWAYS,2011-08,1998-07,,248.44,576.27,1104.4,,,793.1,2012-12,,2012-12,,,,0,0,,,,FR_AUG_2011.pdf,Sector-Wise analysis of projects,49,272
FR_201108_273,,220100277,273,"BANKURA - DAMODAR (GC) (SER) - SER,West Bengal",SER,,RAILWAYS,2011-08,1998-03,,111.9,,1211.22,,,387.79,2005-03,2008-12,2012-12,,,,0,0,,,,FR_AUG_2011.pdf,Sector-Wise analysis of projects,49,273
FR_201108_274,,220100280,274,"JIND-SONEPAT (NL),NR - (NR),Haryana",NR,,RAILWAYS,2011-08,2004-01,,190.81,238.56,401.83,,,334.7,2012-03,,2012-12,,,,0,0,,,,FR_AUG_2011.pdf,Sector-Wise analysis of projects,49,274
FR_201108_275,,220100304,275,"KOSI BRIDGE (NL), ECR - ECR,Bihar",NL,,RAILWAYS,2011-08,2002-04,,323.41,,341.41,,,233.2,,,2012-12,,,,0,0,,,,FR_AUG_2011.pdf,Sector-Wise analysis of projects,49,275
FR_201108_276,,220100307,276,"RAIL-CUM-ROAD BRIDGE AT MUNGER (NL), ECR - ECR,Bihar",NL,,RAILWAYS,2011-08,2002-04,,921.0,,981.0,,,528.45,2009-03,,2012-12,,,,0,0,,,,FR_AUG_2011.pdf,Sector-Wise analysis of projects,49,276
FR_201108_277,,220100308,277,"PATNA GANGA BRIDGE (NL), ECR - ECR,Bihar",NL,,RAILWAYS,2011-08,2001-04,,624.47,,1389.98,,,957.77,2007-10,,2012-12,,,,0,0,,,,FR_AUG_2011.pdf,Sector-Wise analysis of projects,49,277
FR_201108_278,,N22000077,278,"BHOPAL BINA 3D LINE DOUBLING - RVNL,Madhya pradesh",,,RAILWAYS,2011-08,2007-09,,687.2,,687.2,,,339.93,2010-03,,2012-12,,,,0,0,,,,FR_AUG_2011.pdf,Sector-Wise analysis of projects,49,278
FR_201108_279,,N22000119,279,"Bandel-Naihati new rail bridge in replacement of j - ER,West Bengal",,,RAILWAYS,2011-08,1999-04,,207.52,,207.52,,,103.56,2012-12,,2012-12,,,,0,0,,,,FR_AUG_2011.pdf,Sector-Wise analysis of projects,49,279
FR_201108_280,,220100184,280,"DAUSA-GANGAPUR CITY(NL),NWR - NWR,Rajasthan",NL,,RAILWAYS,2011-08,1997-02,,151.84,410.08,410.08,,,149.04,,,2013-03,,,,0,0,,,,FR_AUG_2011.pdf,Sector-Wise analysis of projects,49,280
FR_201108_281,,220100263,281,"QUILON-TIRUNELVELI-TENKASI- VIRUDHUNAGAR(SR)(GC) - SR,Multi State",GC,,RAILWAYS,2011-08,1998-03,,280.0,,1029.0,,,684.77,,,2013-03,,,,0,0,,,,FR_AUG_2011.pdf,Sector-Wise analysis of projects,49,281
FR_201108_282,,N22000120,282,"Ratlam-Mhow-Khandwa-Akola (GC) - WR,Madhya pradesh",GC,,RAILWAYS,2011-08,2008-04,,603.04,,603.04,,,45.14,2012-03,,2013-03,,,,0,0,,,,FR_AUG_2011.pdf,Sector-Wise analysis of projects,50,282
FR_201108_283,,N22000121,283,"Ahmedabad-Himmatnagar-Udaipur (WR) - WR,Gujarat",WR,,RAILWAYS,2011-08,2008-04,,394.13,,394.13,,,0.49,2013-03,,2013-03,,,,0,0,,,,FR_AUG_2011.pdf,Sector-Wise analysis of projects,50,283
FR_201108_284,,N22000028,284,"EXT. OF MRTS FROM VELACHERY TO STN. THOMAS, MTP - MRTP,Tamil Nadu",,,RAILWAYS,2011-08,2006-04,,495.74,495.74,495.74,,,135.49,2013-06,,2013-06,,,,0,0,,,,FR_AUG_2011.pdf,Sector-Wise analysis of projects,50,284
FR_201108_285,,N22000117,285,"Ghutiasharif-Canning (ER) - ER,West Bengal",ER,,RAILWAYS,2011-08,2009-04,,189.97,,189.97,,,58.46,2011-12,,2013-11,,,,0,0,,,,FR_AUG_2011.pdf,Sector-Wise analysis of projects,50,285
FR_201108_286,,220100324,286,"CHHINDWARA - NAGPUR (GC)(SECR) - SECR,Madhya pradesh",SECR,,RAILWAYS,2011-08,2005-04,,383.79,,585.93,,,173.04,,,2013-12,,,,0,0,,,,FR_AUG_2011.pdf,Sector-Wise analysis of projects,50,286
FR_201108_287,,N22000126,287,"Katakhal to Bhairabi - NEFR,Assam",,,RAILWAYS,2011-08,1998-04,,227.9,,223.01,,,83.45,2012-12,,2013-12,,,,0,0,,,,FR_AUG_2011.pdf,Sector-Wise analysis of projects,50,287
FR_201108_288,,N22000127,288,"Lumding-SILCHAR Jiribam, Badarpur- Baraigram Kumarg - NEFR,Assam",,,RAILWAYS,2011-08,1996-04,,1676.31,,4091.33,,,2776.44,2009-03,,2013-12,,,,0,0,,,,FR_AUG_2011.pdf,Sector-Wise analysis of projects,50,288
FR_201108_289,,220100266,289,"NEW MAYNAGURI TO JOGIGHOPA VIA CHANGRABANDHA (NL), - NEFR,Multi State",NL,,RAILWAYS,2011-08,2000-04,,733.0,,1655.8,,,808.72,2008-12,,2014-03,,,,0,0,,,,FR_AUG_2011.pdf,Sector-Wise analysis of projects,50,289
FR_201108_290,,220100315,290,"RANGIA-MURKONGSELEK, (GC) ALONG WITH LINKED FINGER - NEFR,Multi State",GC,,RAILWAYS,2011-08,2004-01,,915.7,,1717.29,,,702.69,,,2014-03,,,,0,0,,,,FR_AUG_2011.pdf,Sector-Wise analysis of projects,50,290
FR_201108_291,,N22000099,291,"AGARTALA SABROOM, NL, NEFR - NEFR,Tripura",,,RAILWAYS,2011-08,2008-04,,813.34,,1141.76,,,206.44,2014-03,,2014-03,,,,0,0,,,,FR_AUG_2011.pdf,Sector-Wise analysis of projects,50,291
FR_201108_292,,N22000100,292,"BHAIRABI SAIRONG, NL, NEFR - NEFR,Mizoram",,,RAILWAYS,2011-08,2008-04,,619.34,,2393.49,,,3.61,2014-04,,2014-03,,,,0,0,,,,FR_AUG_2011.pdf,Sector-Wise analysis of projects,50,292
FR_201108_293,,N22000113,293,"Jaipur - Ringus - Churu and Sikar - Loharu Guage C - NWR,Rajasthan",,,RAILWAYS,2011-08,2008-04,,653.19,,653.19,,,6.72,2014-03,,2014-03,,,,0,0,,,,FR_AUG_2011.pdf,Sector-Wise analysis of projects,50,293
FR_201108_294,,N22000114,294,"Suratpura - Hanumangarh - Sriganganagar Guage Conv - NWR,Rajasthan",,,RAILWAYS,2011-08,2008-04,,516.23,,516.23,,,70.08,2014-03,,2014-03,,,,0,0,,,,FR_AUG_2011.pdf,Sector-Wise analysis of projects,50,294
FR_201108_295,,N22000122,295,"Udhna-Jalgaon with electrification(doubling) (WR) - WR,Gujarat",WR,,RAILWAYS,2011-08,2008-04,,1389.62,,1389.62,,,171.04,2014-03,,2014-03,,,,0,0,,,,FR_AUG_2011.pdf,Sector-Wise analysis of projects,50,295
FR_201108_296,,N22000088,296,"UTRATIA-ZAFRABAD, NR (LINE DOUBLING) - (NR),Uttar Pradesh",NR,,RAILWAYS,2011-08,2006-04,,325.0,,369.9,,,97.35,2010-03,2014-06,2014-06,,,,0,0,,,,FR_AUG_2011.pdf,Sector-Wise analysis of projects,50,296
FR_201108_297,,220100201,297,"RAIL-CUM-ROAD BRIDGE OVER RIVER BRAHAMAPUTRA BRIDG - NEFR,Assam",,,RAILWAYS,2011-08,1997-09,,1000.0,1500.0,3230.01,,,2215.96,2008-04,2014-03,2014-12,,,,0,0,,,,FR_AUG_2011.pdf,Sector-Wise analysis of projects,50,297
FR_201108_298,,220100303,298,"HAJIPUR-SUGAULI VIA VAISHALI (NL), ECR - ECR,Bihar",NL,,RAILWAYS,2011-08,2003-04,,324.66,,324.66,,,165.33,,,2015-03,,,,0,0,,,,FR_AUG_2011.pdf,Sector-Wise analysis of projects,50,298
FR_201108_299,,N22000092,299,"MUMBAI URBAN TRANSPORT PROJECT PHASE-II, MTP - MRTP,Maharashtra",,,RAILWAYS,2011-08,2008-04,,5300.0,,5300.0,,,278.51,2014-03,,2015-03,,,,0,0,,,,FR_AUG_2011.pdf,Sector-Wise analysis of projects,50,299
FR_201108_300,,N22000112,300,"Himmatnagar - Udaipur Gauge Canvession (NWR) - NWR,Rajasthan",NWR,,RAILWAYS,2011-08,2008-04,,829.74,,829.74,,,,2015-03,,2015-03,,,,0,0,,,,FR_AUG_2011.pdf,Sector-Wise analysis of projects,50,300
FR_201108_301,,N22000124,301,"New Line from Dimapur to Zubza(Kohima) national pr - NEFR,Nagaland",Kohima,,RAILWAYS,2011-08,2006-04,,850.0,,850.0,,,8.44,2015-03,,2015-03,,,,0,0,,,,FR_AUG_2011.pdf,Sector-Wise analysis of projects,51,301
FR_201108_302,,N22000102,302,"SEVOK RANGPO, NEFR - NEFR,Sikkim",,,RAILWAYS,2011-08,2008-04,,1339.48,,3380.57,,,52.63,2015-12,,2015-12,,,,0,0,,,,FR_AUG_2011.pdf,Sector-Wise analysis of projects,51,302
FR_201108_303,,220100288,303,"JIRIBAM TO IMPHAL (TUPUI)(NL)(NEFR) - NEFR,Manipur",NEFR,,RAILWAYS,2011-08,2003-04,,727.56,727.53,3056.85,,,463.33,2011-03,2014-03,2016-03,,,,0,0,,,,FR_AUG_2011.pdf,Sector-Wise analysis of projects,51,303
FR_201108_304,,N22000109,304,"New Work for Construction of Metro railway from Ba - RVNL,West Bengal",,,RAILWAYS,2011-08,2010-04,,2069.6,,2069.6,,,0.21,2014-03,,2016-03,,,,0,0,,,,FR_AUG_2011.pdf,Sector-Wise analysis of projects,51,304
FR_201108_305,,N22000110,305,"New Work for Construction of Metro railway from NS - RVNL,West Bengal",,,RAILWAYS,2011-08,2010-04,,3951.98,,3951.98,,,1.42,2016-03,,2016-03,,,,0,0,,,,FR_AUG_2011.pdf,Sector-Wise analysis of projects,51,305
FR_201108_306,,N22000111,306,"New Work for Construction of Metro railway - RVNL,West Bengal",,,RAILWAYS,2011-08,2010-04,,2619.02,,2619.02,,,23.1,2016-03,,2016-03,,,,0,0,,,,FR_AUG_2011.pdf,Sector-Wise analysis of projects,51,306
FR_201108_307,,N22000108,307,"New Work for Construction of Metro railway from No - RVNL,West Bengal",,,RAILWAYS,2011-08,2010-04,,2397.72,,2397.72,,,0.02,2016-03,,2016-06,,,,0,0,,,,FR_AUG_2011.pdf,Sector-Wise analysis of projects,51,307
FR_201108_308,,220100133,308,"UDHAMPUR-SRINAGAR-BARAMULLA (NL),NR - (NR),J & K",NR,,RAILWAYS,2011-08,1995-03,,2500.0,8000.0,20000.0,,,7189.29,2001-03,,2017-12,,,,0,0,,,,FR_AUG_2011.pdf,Sector-Wise analysis of projects,51,308
FR_201108_309,,220100062,309,"VIRAMGAM-BHILDI(WR),GC - WR,Multi State",WR,,RAILWAYS,2011-08,1990-04,,155.66,,356.87,,,148.75,2010-03,,,,,,0,0,,,,FR_AUG_2011.pdf,Sector-Wise analysis of projects,51,309
FR_201108_310,,220100116,310,"RAJKOT-VERAVAL (GC) AND WANSJALIYA-JETALSAR GC AN - WR,Gujarat",GC,,RAILWAYS,2011-08,1992-04,,112.53,320.66,464.5,,,509.57,1996-03,2009-06,,,,,0,0,,,,FR_AUG_2011.pdf,Sector-Wise analysis of projects,51,310
FR_201108_311,,220100135,311,"New BG line Rly line from Eklakhi- Balurghat includ - NEFR,West Bengal",,,RAILWAYS,2011-08,1983-04,,36.8,274.41,415.23,,,234.54,,,,,,,0,0,,,,FR_AUG_2011.pdf,Sector-Wise analysis of projects,51,311
FR_201108_312,,220100149,312,"DALLI-RAJHARA - RAOGHAT(PART OF DALLI-RAJHARA-JAGD - RVNL,Chhatisgarh",,,RAILWAYS,2011-08,1995-04,,304.0,,968.6,,,,2012-12,,,,,,0,0,,,,FR_AUG_2011.pdf,Sector-Wise analysis of projects,51,312
FR_201108_313,,220100181,313,"AHMEDNAGAR-PARLI VAIJNATH(NL) CR - CR,Maharashtra",NL,,RAILWAYS,2011-08,1997-02,,353.08,462.67,1010.0,,,96.07,,,,,,,0,0,,,,FR_AUG_2011.pdf,Sector-Wise analysis of projects,51,313
FR_201108_314,,220100183,314,"HASSAN-BANGALORE VIA SHRAVANA-BELGOLA(NL),SWR - SWR,Karnataka",NL,,RAILWAYS,2011-08,1997-02,,295.0,,412.91,,,468.64,,,,,,,0,0,,,,FR_AUG_2011.pdf,Sector-Wise analysis of projects,51,314
FR_201108_315,,220100186,315,"GONDIA-JABALPUR(GC),(SECR) - SECR,Multi State",SECR,,RAILWAYS,2011-08,1997-02,,386.3,,1038.0,,,551.55,1998-03,,,,,,0,0,,,,FR_AUG_2011.pdf,Sector-Wise analysis of projects,51,315
FR_201108_316,,220100191,316,"KARUR-SALEM(NL),SR - SR,Tamil Nadu",NL,,RAILWAYS,2011-08,1997-02,,155.55,,945.73,,,599.07,,,,,,,0,0,,,,FR_AUG_2011.pdf,Sector-Wise analysis of projects,51,316
FR_201108_317,,220100193,317,"HUBLI-ANKOLA(NL),SWR - SWR,Karnataka",NL,,RAILWAYS,2011-08,1995-04,,227.0,,997.58,,,64.29,,,,,,,0,0,,,,FR_AUG_2011.pdf,Sector-Wise analysis of projects,51,317
FR_201108_318,,220100205,318,"MUNEERABAD- MAHABOOBNAGAR(NL),SCR - SCR,Multi State",NL,,RAILWAYS,2011-08,1997-04,,218.24,377.32,497.47,,,91.37,,,,,,,0,0,,,,FR_AUG_2011.pdf,Sector-Wise analysis of projects,51,318
FR_201108_319,,220100220,319,"MACHERLA-NALGONDA(NL)(SCR) - SCR,Andhra Pradesh",SCR,,RAILWAYS,2011-08,1998-07,,125.0,,363.26,,,0.27,2008-07,,,,,,0,0,,,,FR_AUG_2011.pdf,Sector-Wise analysis of projects,51,319
FR_201108_320,,220100222,320,"KODERMA-RANCHI VIA BARKAKANA (NL),ECR - ECR,Jharkhandd",NL,,RAILWAYS,2011-08,1999-03,,491.19,1099.2,1099.2,,,1058.38,2005-07,,,,,,0,0,,,,FR_AUG_2011.pdf,Sector-Wise analysis of projects,52,320
FR_201108_321,,220100254,321,"GULBARGA-BIDAR,SCR(NL) - SCR,Karnataka",NL,,RAILWAYS,2011-08,1998-02,,242.42,369.7,554.55,,,254.82,2009-05,,,,,,0,0,,,,FR_AUG_2011.pdf,Sector-Wise analysis of projects,52,321
FR_201108_322,,220100257,322,"KHAGARIA-KUSHESHWAR ASTHAN (NL) (ECR) - ECR,Bihar",ECR,,RAILWAYS,2011-08,1997-04,,78.23,,162.87,,,86.4,,,,,,,0,0,,,,FR_AUG_2011.pdf,Sector-Wise analysis of projects,52,322
FR_201108_323,,220100258,323,"JALANDHAR-PATHANKOT-JAMMU- TAWI (LD),NR - (NR),Multi State",NR,,RAILWAYS,2011-08,2002-03,,409.0,625.3,847.76,,,813.24,2007-06,,,,,,0,0,,,,FR_AUG_2011.pdf,Sector-Wise analysis of projects,52,323
FR_201108_324,,220100260,324,"REINGUNTA-GUNTAKAL(RE) - RVNL,Andhra Pradesh",RE,,RAILWAYS,2011-08,2000-06,,168.34,,296.2,,,303.99,2003-04,2010-03,,,,,0,0,,,,FR_AUG_2011.pdf,Sector-Wise analysis of projects,52,324
FR_201108_325,,220100262,325,"TIRUCHIRAPPALI-NAGORE- KARAIKKAL(SR)(GC) - SR,Tamil Nadu",GC,,RAILWAYS,2011-08,1995-09,,100.0,,548.96,,,472.21,,,,,,,0,0,,,,FR_AUG_2011.pdf,Sector-Wise analysis of projects,52,325
FR_201108_326,,220100265,326,"KOTLPALLI-NARASAPUR (NL) (SCR) - SCR,Andhra Pradesh",SCR,,RAILWAYS,2011-08,2001-12,,330.0,,695.0,,,9.44,,,,,,,0,0,,,,FR_AUG_2011.pdf,Sector-Wise analysis of projects,52,326
FR_201108_327,,220100273,327,"DEOGHAR - SULTANGANJ (INL), ER - ER,Multi State",INL,,RAILWAYS,2011-08,2000-04,,138.0,519.67,607.09,,,323.19,2012-12,,,,,,0,0,,,,FR_AUG_2011.pdf,Sector-Wise analysis of projects,52,327
FR_201108_328,,220100274,328,"BANGLORE - SATYAMANGALAM (NL)(SWR) - SWR,Karnataka",SWR,,RAILWAYS,2011-08,1999-02,,138.0,,901.62,,,0.29,,,,,,,0,0,,,,FR_AUG_2011.pdf,Sector-Wise analysis of projects,52,328
FR_201108_329,,220100305,329,"KODERMA-TILAIYA (NL), ECR - ECR,Jharkhandd",NL,,RAILWAYS,2011-08,2002-04,,459.91,,418.17,,,73.52,,,,,,,0,0,,,,FR_AUG_2011.pdf,Sector-Wise analysis of projects,52,329
FR_201108_330,,220100314,330,"RAMGANJMUNDI-BHOPAL (NL),WCR - WCR,Madhya pradesh",NL,,RAILWAYS,2011-08,2001-04,,727.13,727.13,1225.0,,,210.24,,,,,,,0,0,,,,FR_AUG_2011.pdf,Sector-Wise analysis of projects,52,330
FR_201108_331,,220100323,331,"RUPSA-BANGRIPOSI (GC)(SER) - SER,Orissa",SER,,RAILWAYS,2011-08,1996-02,,57.94,,173.49,,,171.65,1998-03,2005-08,,,,,0,0,,,,FR_AUG_2011.pdf,Sector-Wise analysis of projects,52,331
FR_201108_332,,220100325,332,"SUKINDA ROAD - ANGUL (NL)(ECOR) - RVNL,Orissa",ECOR,,RAILWAYS,2011-08,1998-04,,183.23,,638.0,,,,2015-02,,,,,,0,0,,,,FR_AUG_2011.pdf,Sector-Wise analysis of projects,52,332
FR_201108_333,,N22000032,333,"MANOHARABAD-KOTHPALL NEW LINE(SCR) - SCR,Andhra Pradesh",SCR,,RAILWAYS,2011-08,2006-04,,378.56,671.82,791.6,,,0.76,,,,,,,0,0,,,,FR_AUG_2011.pdf,Sector-Wise analysis of projects,52,333
FR_201108_334,,N22000045,334,"GOELKERA-MANOHARPUR,(LD)(SER) - SER,Jharkhandd",SER,,RAILWAYS,2011-08,1997-03,,186.92,,261.7,,,20.18,2006-02,,,,,,0,0,,,,FR_AUG_2011.pdf,Sector-Wise analysis of projects,52,334
FR_201108_335,,N22000049,335,"OBULAVARIPALLE- KRISHNAPATNAM(RVNL) - RVNL,Andhra Pradesh",RVNL,,RAILWAYS,2011-08,2006-07,,743.0,,732.8,,,306.37,2008-03,2008-06,,,,,0,0,,,,FR_AUG_2011.pdf,Sector-Wise analysis of projects,52,335
FR_201108_336,,N22000079,336,"MAYLADUTHURAI-THIRUVARUR- KARAIKUDI-THIRU 'PONDI'-A - SR,Tamil Nadu",,,RAILWAYS,2011-08,2007-09,,404.19,,900.0,,,187.89,,,,,,,0,0,,,,FR_AUG_2011.pdf,Sector-Wise analysis of projects,52,336
FR_201108_337,,N22000080,337,"DINDIGUL-POLLACHI-PALGHAT- POLLACHI AND COIMBATORE - SR,Tamil Nadu",,,RAILWAYS,2011-08,2006-09,,343.17,,900.0,,,408.5,,,,,,,0,0,,,,FR_AUG_2011.pdf,Sector-Wise analysis of projects,52,337
FR_201108_338,,N22000084,338,"TINDIVANAM-GINGEE- TIRUVANNAMALAI (NL) - SR,Tamil Nadu",NL,,RAILWAYS,2011-08,2006-09,,125.0,,227.4,,,21.0,,,,,,,0,0,,,,FR_AUG_2011.pdf,Sector-Wise analysis of projects,52,338
FR_201108_339,,N22000085,339,"TIDIVANAM-NAGARI (NL) - SR,Tamil Nadu",NL,,RAILWAYS,2011-08,2006-09,,456.0,,582.83,,,83.97,,,,,,,0,0,,,,FR_AUG_2011.pdf,Sector-Wise analysis of projects,52,339
FR_201108_340,,N22000087,340,"NEW B.G. LINE FROM ARARIA TO GALGALIA (THAKURGUNG) - NEFR,Bihar",THAKURGUNG,,RAILWAYS,2011-08,2006-09,,300.0,300.0,529.88,,,35.45,,,,,,,0,0,,,,FR_AUG_2011.pdf,Sector-Wise analysis of projects,53,340
FR_201108_341,,N22000101,341,"KISHANGANJ JALALGARH, NL, NEFR - NEFR,Bihar",,,RAILWAYS,2011-08,2008-04,,282.92,,359.86,,,0.71,,,,,,,0,0,,,,FR_AUG_2011.pdf,Sector-Wise analysis of projects,53,341
FR_201108_342,,N22000125,342,"Bhavnagar-workshop facilities for 50 BG coaches PO - WR,Gujarat",,,RAILWAYS,2011-08,2006-04,,117.36,196.95,196.95,,,168.88,2011-03,,,,,,0,0,,,,FR_AUG_2011.pdf,Sector-Wise analysis of projects,53,342
FR_201108_343,,220100118,343,"AMRAVATI-NARKHER NL(CR) - CR,Maharashtra",CR,,RAILWAYS,2011-08,1994-06,,120.9,284.27,488.76,,,451.87,1999-06,2011-03,,,,,0,0,,,,FR_AUG_2011.pdf,Sector-Wise analysis of projects,53,343
FR_201108_344,,220100164,344,"BELAPUR-SEAWOOD-URAN ELECTRIF-IED DOUBLE LINE(MTP) - MRTP,Maharashtra",MTP,,RAILWAYS,2011-08,1996-03,,401.81,495.44,495.44,,,166.58,2004-03,,,,,,0,0,,,,FR_AUG_2011.pdf,Sector-Wise analysis of projects,53,344
FR_201108_345,,220100212,345,"KOTTUR-HARIHAR(NL),(SWR) - SWR,Karnataka",SWR,,RAILWAYS,2011-08,1995-04,,65.94,281.2,302.23,,,325.44,2011-03,,,,,,0,0,,,,FR_AUG_2011.pdf,Sector-Wise analysis of projects,53,345
FR_201108_346,,220100214,346,"RANCHI-LOHARDAGA(GC),SER - SER,Jharkhandd",GC,,RAILWAYS,2011-08,1997-04,,194.07,,456.45,,,267.31,2004-06,2005-04,,,,,0,0,,,,FR_AUG_2011.pdf,Sector-Wise analysis of projects,53,346
FR_201108_347,,220100232,347,"LALITPUR-SATNA-REWA-SINGRULI NL, (NCR) - NCR,Multi State",NCR,,RAILWAYS,2011-08,1998-09,,925.0,,925.0,,,504.78,2008-05,2011-03,,,,,0,0,,,,FR_AUG_2011.pdf,Sector-Wise analysis of projects,53,347
FR_201108_348,,220100243,348,"AGRA-ETAWAH VIA FATEHABAD AND BAH (NL) NCR - NCR,Uttar Pradesh",NL,,RAILWAYS,2011-08,1999-04,,108.0,214.09,227.42,,,249.52,2009-12,2011-03,,,,,0,0,,,,FR_AUG_2011.pdf,Sector-Wise analysis of projects,53,348
FR_201108_349,,220100247,349,"KATIHAR - JOGBANI (GC)(NEFR) - NEFR,Bihar",NEFR,,RAILWAYS,2011-08,2001-09,,100.0,492.98,1015.84,,,720.23,2010-12,,,,,,0,0,,,,FR_AUG_2011.pdf,Sector-Wise analysis of projects,53,349
FR_201108_350,,220100255,350,"GONDA-GORAKHPUR LOOP WITH ANAND NAGAR-NAUTANWA GC (NER) - NER,Uttar Pradesh",NER,,RAILWAYS,2011-08,2002-03,,381.17,863.23,863.23,,,401.26,,,,,,,0,0,,,,FR_AUG_2011.pdf,Sector-Wise analysis of projects,53,350
FR_201108_351,,220100256,351,"KAPTANGANJ-THAWE-SIWAN- CHHAPRA GC (NER) - NER,Multi State",NER,,RAILWAYS,2011-08,1999-04,,323.4,,522.56,,,414.7,,,,,,,0,1,,,,FR_AUG_2011.pdf,Sector-Wise analysis of projects,53,351
FR_201108_352,,220100268,352,"TOLLYGANJ-GARIA with extension to Dum Dum-Noapara - MRTP,West Bengal",,,RAILWAYS,2011-08,2000-03,,907.69,1032.76,3176.1,,,3062.38,2006-12,2010-08,,,,,0,0,,,,FR_AUG_2011.pdf,Sector-Wise analysis of projects,53,352
FR_201108_353,,220100270,353,"GADWAL - RAICHUR (NL), SCR - SCR,Multi State",NL,,RAILWAYS,2011-08,1998-04,,92.63,108.91,228.09,,,230.26,2011-02,,,,,,0,0,,,,FR_AUG_2011.pdf,Sector-Wise analysis of projects,53,353
FR_201108_354,,220100279,354,"REWARI-ROHTAK (NL),NR - (NR),Haryana",NR,,RAILWAYS,2011-08,2004-01,,149.38,330.23,475.28,,,469.93,2010-02,2011-02,,,,,0,0,,,,FR_AUG_2011.pdf,Sector-Wise analysis of projects,53,354
FR_201108_355,,220100306,355,"KODERMA GIRIDH (NL), ECR - ECR,Jharkhandd",NL,,RAILWAYS,2011-08,1996-04,,371.36,,452.35,,,367.76,,,,,,,0,0,,,,FR_AUG_2011.pdf,Sector-Wise analysis of projects,53,355
FR_201108_356,,220100313,356,"SRIGANGANAGAR-SARUPSAR (GC), NWR - NWR,Rajasthan",GC,,RAILWAYS,2011-08,2001-04,,143.92,258.6,258.6,,,234.79,2011-03,,,,,,0,0,,,,FR_AUG_2011.pdf,Sector-Wise analysis of projects,53,356
FR_201108_357,,220100316,357,"MAHARAJGANJ-MASRAKH (NL) - NER - NER,Bihar",NL,,RAILWAYS,2011-08,2003-04,,218.19,,218.19,,,131.48,,,,,,,0,0,,,,FR_AUG_2011.pdf,Sector-Wise analysis of projects,53,357
FR_201108_358,,220100319,358,"HATHUA-BHATNI (N L) (NER) - NER,Multi State",NER,,RAILWAYS,2011-08,2005-04,,230.03,,230.03,,,131.75,,,,,,,0,0,,,,FR_AUG_2011.pdf,Sector-Wise analysis of projects,53,358
FR_201108_359,,N22000082,359,"ALUABARI ROAD SILIGURI JUNCTION VIA GALGALIA, NEFR - NEFR,Multi State",,,RAILWAYS,2011-08,2006-12,,170.0,170.0,435.87,,,359.02,2011-03,,,,,,0,0,,,,FR_AUG_2011.pdf,Sector-Wise analysis of projects,53,359
FR_201108_360,,N22000086,360,"NEW B.G. LINE FROM TETELIA TO BYRNIHAT (NATIONAL P - NEFR,Assam",,,RAILWAYS,2011-08,2006-09,,200.0,,384.04,,,76.53,,,,,,,0,0,,,,FR_AUG_2011.pdf,Sector-Wise analysis of projects,53,360
FR_201108_361,,N22000091,361,"BARDHAMAN-KATWA, ER (GC) - ER,West Bengal",GC,,RAILWAYS,2011-08,2007-04,,245.15,,245.15,,,160.33,2010-12,2011-03,,,,,0,0,,,,FR_AUG_2011.pdf,Sector-Wise analysis of projects,54,361
FR_201108_362,,N22000118,362,"Pandabeswar-Chinpai doubling (ER) - ER,West Bengal",ER,,RAILWAYS,2011-08,2004-04,,225.68,,225.68,,,129.37,2010-12,,,,,,0,0,,,,FR_AUG_2011.pdf,Sector-Wise analysis of projects,54,362
FR_201108_363,,N22000123,363,"Bhuj-Naliya(GC) with extension from naliyate vayor - WR,Gujarat Total",GC,,RAILWAYS,2011-08,2008-04,,318.24,65810.63,468.62,,,2.07,2012-03,,,,,,0,0,,,,FR_AUG_2011.pdf,Sector-Wise analysis of projects,54,363
FR_201108_364,,240101132,364,"HAVERI-HARIHAR (GQ) KM.340- KM.284 (NH-4) - NHAI,Karnataka",NH-4,,ROAD TRANSPORT & HIGHWAYS,2011-08,2000-04,,241.0,,196.65,,,149.93,2004-08,,2011-09,,,,0,0,,,,FR_AUG_2011.pdf,Sector-Wise analysis of projects,54,364
FR_201108_365,,240101133,365,"HARIHAR-CHITRADURGA (GQ) KM.284-KM.207 (NH-4) - NHAI,Karnataka",NH-4,,ROAD TRANSPORT & HIGHWAYS,2011-08,2000-04,,318.0,,207.56,,,160.48,2004-08,,2011-09,,,,0,0,,,,FR_AUG_2011.pdf,Sector-Wise analysis of projects,54,365
FR_201108_366,,240104196,366,"HALDIA PORT (PORT CONNECTIVITY) (NH-41) - NHAI,West Bengal",NH-41,,ROAD TRANSPORT & HIGHWAYS,2011-08,2000-04,,273.0,,522.0,,,475.55,2005-03,,2011-09,,,,0,0,,,,FR_AUG_2011.pdf,Sector-Wise analysis of projects,54,366
FR_201108_367,,240106216,367,"GAGODHAR-GARAMORE(PK-IV,NH15) KM 245 TO 281.3 AND 308 TO 254 - NHAI,Gujarat","PK-IV,NH15",,ROAD TRANSPORT & HIGHWAYS,2011-08,2003-12,,412.78,,479.54,,,436.46,2007-11,,2011-09,,,,0,0,,,,FR_AUG_2011.pdf,Sector-Wise analysis of projects,54,367
FR_201108_368,,240106225,368,"AYODHYA - LUCKNOW (LMNHP-II) KM.93.075 TO KM.45, NH-28 - NHAI,Uttar Pradesh",LMNHP-II,,ROAD TRANSPORT & HIGHWAYS,2011-08,2003-12,,217.0,,217.0,,,352.26,2008-10,,2011-09,,,,0,0,,,,FR_AUG_2011.pdf,Sector-Wise analysis of projects,54,368
FR_201108_369,,240106276,369,"MADURAI-ARUPKOTTAI-TUTICORIN, KM.138.8 TO KM.264.5, NH-45 B - NHAI,Tamil Nadu",,,ROAD TRANSPORT & HIGHWAYS,2011-08,2005-03,,629.0,,629.0,,,910.04,2010-11,,2011-09,,,,0,0,,,,FR_AUG_2011.pdf,Sector-Wise analysis of projects,54,369
FR_201108_370,,240106300,370,"LALITPUR TO SAGAR KM 132 TO KM 187, NH-26 (NHAI) - NHAI,Madhya pradesh",NHAI,,ROAD TRANSPORT & HIGHWAYS,2011-08,2003-12,,225.0,,225.0,,,254.49,2008-10,,2011-09,,,,0,0,,,,FR_AUG_2011.pdf,Sector-Wise analysis of projects,54,370
FR_201108_371,,N24000030,371,"RINGBUNDS TO JHAJHANPUR (BR-6) - NHAI,Bihar",BR-6,,ROAD TRANSPORT & HIGHWAYS,2011-08,2003-12,,340.0,,340.0,,,561.31,2008-06,,2011-09,,,,0,0,,,,FR_AUG_2011.pdf,Sector-Wise analysis of projects,54,371
FR_201108_372,,N24000037,372,"THRISSUR TO ANGAMALI (NH-47) - NHAI,Kerala",NH-47,,ROAD TRANSPORT & HIGHWAYS,2011-08,2003-12,,312.5,,312.5,,,602.56,2009-03,,2011-09,,,,0,0,,,,FR_AUG_2011.pdf,Sector-Wise analysis of projects,54,372
FR_201108_373,,N24000045,373,"ASSAM/WB BORDER TO GAIRKATTA (WB-1) - NHAI,West Bengal",WB-1,,ROAD TRANSPORT & HIGHWAYS,2011-08,2003-12,,221.82,,221.82,,,241.98,2008-11,,2011-09,,,,0,0,,,,FR_AUG_2011.pdf,Sector-Wise analysis of projects,54,373
FR_201108_374,,N24000099,374,"TRICHY - DINDIGUAL NH-45 - NHAI,Tamil Nadu",,,ROAD TRANSPORT & HIGHWAYS,2011-08,2005-03,,576.0,,576.0,,,657.66,2010-07,,2011-09,,,,0,0,,,,FR_AUG_2011.pdf,Sector-Wise analysis of projects,54,374
FR_201108_375,,N24000100,375,"PONDICHERY - TINDIVANAU NH-66 - NHAI,Tamil Nadu",,,ROAD TRANSPORT & HIGHWAYS,2011-08,2005-03,,285.0,,285.0,,,359.1,2010-07,,2011-09,,,,0,0,,,,FR_AUG_2011.pdf,Sector-Wise analysis of projects,54,375
FR_201108_376,,N24000103,376,"NEELAMANGALAR JUNCTION ON NH- NHAI,Karnataka",,,ROAD TRANSPORT & HIGHWAYS,2011-08,2005-03,,441.0,,441.0,,,908.83,2010-07,,2011-09,,,,0,0,,,,FR_AUG_2011.pdf,Sector-Wise analysis of projects,54,376
FR_201108_377,,N24000116,377,"BALASORE BHADRAK (REVIVED) KM 136.5 - 199.14 NH-5 - NHAI,Orissa",REVIVED,,ROAD TRANSPORT & HIGHWAYS,2011-08,2000-04,,228.7,,228.7,,,165.14,2004-02,,2011-09,,,,0,0,,,,FR_AUG_2011.pdf,Sector-Wise analysis of projects,54,377
FR_201108_378,,240106260,378,"AURANG-RAIPUR, NH-6, KM.232 TO KM.281 - NHAI,Chhatisgarh",,,ROAD TRANSPORT & HIGHWAYS,2011-08,2005-03,,190.0,,190.0,,,227.03,2009-01,,2011-10,,,,0,0,,,,FR_AUG_2011.pdf,Sector-Wise analysis of projects,54,378
FR_201108_379,,240106288,379,"DAKOBA TO NAGAON (NH-36)(NHAI) - NHAI,Assam",NHAI,,ROAD TRANSPORT & HIGHWAYS,2011-08,2003-12,,225.0,,225.0,,,254.16,2008-06,,2011-10,,,,0,0,,,,FR_AUG_2011.pdf,Sector-Wise analysis of projects,54,379
FR_201108_380,,N24000055,380,"NAGPUR-KONDHALI,NH-6(NHAI) - NHAI,Maharashtra",NHAI,,ROAD TRANSPORT & HIGHWAYS,2011-08,2005-03,,168.0,,168.0,,,385.27,2008-12,,2011-10,,,,0,0,,,,FR_AUG_2011.pdf,Sector-Wise analysis of projects,55,380
FR_201108_381,,N24000097,381,"JHANSI TO LALITPUR, NH-26 - NHAI,Uttar Pradesh",,,ROAD TRANSPORT & HIGHWAYS,2011-08,2003-12,,276.09,,276.09,,,295.27,2009-09,,2011-10,,,,0,0,,,,FR_AUG_2011.pdf,Sector-Wise analysis of projects,55,381
FR_201108_382,,N24000118,382,"END OF DURG BYPASS- CHHATISGARH/MAHARASHTRA BORDER - NHAI,Chhatisgarh",,,ROAD TRANSPORT & HIGHWAYS,2011-08,2008-01,,464.0,,464.0,,,419.88,2011-01,,2011-10,,,,0,0,,,,FR_AUG_2011.pdf,Sector-Wise analysis of projects,55,382
FR_201108_383,,N24000129,383,"Chennai-Tada(Six lane) - NHAI,Tamil Nadu",Six lane,,ROAD TRANSPORT & HIGHWAYS,2011-08,2009-04,,353.37,,353.37,,,198.71,2011-10,,2011-10,,,,0,0,,,,FR_AUG_2011.pdf,Sector-Wise analysis of projects,55,383
FR_201108_384,,240106297,384,"KOTA BYPASS,RJ-4, NH-76 (NHAI) - NHAI,Rajasthan",NHAI,,ROAD TRANSPORT & HIGHWAYS,2011-08,2003-12,,275.0,,250.39,,,277.08,2008-10,,2011-11,,,,0,0,,,,FR_AUG_2011.pdf,Sector-Wise analysis of projects,55,384
FR_201108_385,,240106301,385,"SAGAR BY PASS,KM 187 TO KM 211 , NH-26 (NHAI) - NHAI,Uttar Pradesh",NHAI,,ROAD TRANSPORT & HIGHWAYS,2011-08,2003-12,,151.3,,151.3,,,172.23,2008-10,,2011-11,,,,0,0,,,,FR_AUG_2011.pdf,Sector-Wise analysis of projects,55,385
FR_201108_386,,N24000133,386,"Panipat-Jalandhar 6 lane(Km 96 to 387.1 km) - NHAI,Haryana",Km 96 to 387.1 km,,ROAD TRANSPORT & HIGHWAYS,2011-08,2009-05,,1108.0,,2288.0,,,2610.8,2011-11,,2011-11,,,,0,0,,,,FR_AUG_2011.pdf,Sector-Wise analysis of projects,55,386
FR_201108_387,,240101153,387,"SUNAKHALA-GANJAM (GQ) KM.338- KM.284 (NH-5) - NHAI,Orissa",NH-5,,ROAD TRANSPORT & HIGHWAYS,2011-08,2000-04,,225.0,,241.53,,,77.54,2004-04,,2011-12,,,,0,0,,,,FR_AUG_2011.pdf,Sector-Wise analysis of projects,55,387
FR_201108_388,,240101173,388,"AGRA-SHIKOHABAD (GQ) KM.199.66- KM.250.50 (NH-2) - NHAI,Uttar Pradesh",NH-2,,ROAD TRANSPORT & HIGHWAYS,2011-08,2000-04,,367.49,,367.49,,,453.68,2005-03,,2011-12,,,,0,0,,,,FR_AUG_2011.pdf,Sector-Wise analysis of projects,55,388
FR_201108_389,,240106204,389,"GARHMUKTESHWAR-MURADABAD (NHAI) OTHERS KM.93-149.25, NH-24 - NHAI,Uttar Pradesh",NHAI,,ROAD TRANSPORT & HIGHWAYS,2011-08,2003-12,,275.0,,275.0,,,296.55,2007-09,,2011-12,,,,0,0,,,,FR_AUG_2011.pdf,Sector-Wise analysis of projects,55,389
FR_201108_390,,240106205,390,"HAPUR-GARHMUKTESWAR (OTHERS) KM.58-93, NH-24 - NHAI,Uttar Pradesh",OTHERS,,ROAD TRANSPORT & HIGHWAYS,2011-08,2005-03,,220.0,,220.0,,,239.26,2007-09,,2011-12,,,,0,0,,,,FR_AUG_2011.pdf,Sector-Wise analysis of projects,55,390
FR_201108_391,,240106221,391,"GANGA BRIDGE TO RAMDEVI CROSSING PH.II NH-25, KM.75-80.06 - NHAI,Uttar Pradesh",,,ROAD TRANSPORT & HIGHWAYS,2011-08,2003-12,,155.0,,201.66,,,88.13,2008-09,,2011-12,,,,0,0,,,,FR_AUG_2011.pdf,Sector-Wise analysis of projects,55,391
FR_201108_392,,240106226,392,"BIJNI TO ASSAM/WB BORDER PH.II, KM.30.00 TO 0.00, NH-31 C - NHAI,Assam",,,ROAD TRANSPORT & HIGHWAYS,2011-08,2003-12,,230.0,,230.0,,,203.38,2005-06,,2011-12,,,,0,0,,,,FR_AUG_2011.pdf,Sector-Wise analysis of projects,55,392
FR_201108_393,,240106235,393,"VIJAYAPUR TO PATHANKOT (J&K) NH-1A KM.16.35 TO KM.50.00 - NHAI,J & K",J&K,,ROAD TRANSPORT & HIGHWAYS,2011-08,2003-12,,193.09,,166.3,,,179.19,2008-03,,2011-12,,,,0,0,,,,FR_AUG_2011.pdf,Sector-Wise analysis of projects,55,393
FR_201108_394,,240106236,394,"VIJAYAPUR TO PATHANKOT (NS- 35/J&K) NH-1A KM.50 TO KM.80 - NHAI,J & K",NS- 35/J&K,,ROAD TRANSPORT & HIGHWAYS,2011-08,2003-12,,166.27,,193.1,,,147.71,2008-03,,2011-12,,,,0,0,,,,FR_AUG_2011.pdf,Sector-Wise analysis of projects,55,394
FR_201108_395,,240106246,395,"GORAKHPUR-AYODHYA (LMNHP- 5),NH-28, KM.208.00 TO KM.164.00 - NHAI,Uttar Pradesh",LMNHP- 5,,ROAD TRANSPORT & HIGHWAYS,2011-08,2003-12,,227.0,,227.0,,,394.13,2008-10,,2011-12,,,,0,0,,,,FR_AUG_2011.pdf,Sector-Wise analysis of projects,55,395
FR_201108_396,,240106250,396,"ORAI TO JHANSI (UP-5),NH-25, KM.220.0 TO KM.170.0 - NHAI,Uttar Pradesh",UP-5,,ROAD TRANSPORT & HIGHWAYS,2011-08,2003-12,,340.68,,340.68,,,353.85,2008-03,,2011-12,,,,0,0,,,,FR_AUG_2011.pdf,Sector-Wise analysis of projects,55,396
FR_201108_397,,240106277,397,"HARANGAJO TO MAIBANG (AS-23), KM.126.450 TO KM.140.700 - NHAI,Assam",AS-23,,ROAD TRANSPORT & HIGHWAYS,2011-08,2003-12,,280.0,,280.0,,,224.96,2009-02,,2011-12,,,,0,0,,,,FR_AUG_2011.pdf,Sector-Wise analysis of projects,55,397
FR_201108_398,,240106281,398,"MAIBANG TO LUNDING (AS-27), KM.40.000 TO KM.60.500 - NHAI,Assam",AS-27,,ROAD TRANSPORT & HIGHWAYS,2011-08,2003-12,,200.0,,200.0,,,78.9,2009-04,,2011-12,,,,0,0,,,,FR_AUG_2011.pdf,Sector-Wise analysis of projects,56,398
FR_201108_399,,240106290,399,"BIJNI TO ASSAM WB BORDER (NH- 31.C)(1)(NHAI) - NHAI,Assam",NHAI,,ROAD TRANSPORT & HIGHWAYS,2011-08,2003-12,,195.0,,195.0,,,172.21,2008-06,,2011-12,,,,0,0,,,,FR_AUG_2011.pdf,Sector-Wise analysis of projects,56,399
FR_201108_400,,240106291,400,"KASIA TO GORAKHPUR (NH- 28)(NHAI) - NHAI,Uttar Pradesh",NHAI,,ROAD TRANSPORT & HIGHWAYS,2011-08,2003-12,,242.0,,242.0,,,393.21,2008-12,,2011-12,,,,0,0,,,,FR_AUG_2011.pdf,Sector-Wise analysis of projects,56,400
FR_201108_401,,240106292,401,"UP/BIHAR BORDER TO KASIA (NH- 28)(NHAI) - NHAI,Uttar Pradesh",NHAI,,ROAD TRANSPORT & HIGHWAYS,2011-08,2003-12,,227.0,,227.0,,,363.24,2008-12,,2011-12,,,,0,0,,,,FR_AUG_2011.pdf,Sector-Wise analysis of projects,56,401
FR_201108_402,,240106293,402,"BIJNI TO ASSAM /WB.BORDER (NH- 31.C)(2)(NHAI) - NHAI,Assam",NHAI,,ROAD TRANSPORT & HIGHWAYS,2011-08,2003-12,,237.8,,237.8,,,197.55,2008-06,,2011-12,,,,0,0,,,,FR_AUG_2011.pdf,Sector-Wise analysis of projects,56,402
FR_201108_403,,240106294,403,"FORBESGANJ TO SIMRAHI (NH- 57)(NHAI) - NHAI,Bihar",NHAI,,ROAD TRANSPORT & HIGHWAYS,2011-08,2003-12,,332.94,,332.94,,,289.08,2008-09,,2011-12,,,,0,0,,,,FR_AUG_2011.pdf,Sector-Wise analysis of projects,56,403
FR_201108_404,,240106299,404,"LALITPUR TO SAGAR, NH-26 (NHAI) - NHAI,Madhya pradesh",NHAI,,ROAD TRANSPORT & HIGHWAYS,2011-08,2003-12,,198.0,,198.0,,,187.06,2008-11,,2011-12,,,,0,0,,,,FR_AUG_2011.pdf,Sector-Wise analysis of projects,56,404
FR_201108_405,,240106304,405,"RAJMARG CHORAHA TO LAKHNANDON,KM 297 TO KM 351, NH-26 (NHAI) - NHAI,Madhya pradesh",NHAI,,ROAD TRANSPORT & HIGHWAYS,2011-08,2003-12,,251.03,,251.03,,,276.03,2008-10,,2011-12,,,,0,0,,,,FR_AUG_2011.pdf,Sector-Wise analysis of projects,56,405
FR_201108_406,,240106305,406,"RAJMARG CHORAHA TO LAKHNANDON,KM 351 TO KM 405.7, NH-26 (NHA - NHAI,Madhya pradesh",,,ROAD TRANSPORT & HIGHWAYS,2011-08,2003-12,,229.91,,229.91,,,223.12,2008-10,,2011-12,,,,0,0,,,,FR_AUG_2011.pdf,Sector-Wise analysis of projects,56,406
FR_201108_407,,N24000031,407,"JHAJHARPUR TO DARBANGA (BR-7) - NHAI,Bihar",BR-7,,ROAD TRANSPORT & HIGHWAYS,2011-08,2003-12,,340.0,,340.0,,,426.99,2008-09,,2011-12,,,,0,0,,,,FR_AUG_2011.pdf,Sector-Wise analysis of projects,56,407
FR_201108_408,,N24000035,408,"NALBARI TO BIJNI (AS-8) - NHAI,Assam",AS-8,,ROAD TRANSPORT & HIGHWAYS,2011-08,2003-12,,200.0,,200.0,,,255.34,2008-06,,2011-12,,,,0,0,,,,FR_AUG_2011.pdf,Sector-Wise analysis of projects,56,408
FR_201108_409,,N24000036,409,"SITAPUR-LUCKNOW - NHAI,Uttar Pradesh",,,ROAD TRANSPORT & HIGHWAYS,2011-08,2005-03,,322.0,,322.0,,,553.66,2009-06,,2011-12,,,,0,0,,,,FR_AUG_2011.pdf,Sector-Wise analysis of projects,56,409
FR_201108_410,,,410,NEW MANGALORE PORT NH-17 AND,,,ROAD TRANSPORT & HIGHWAYS,2011-08,2000-04,,196.5,,196.5,,,233.5,2008-06,,2011-12,,,,0,0,,,,FR_AUG_2011.pdf,Sector-Wise analysis of projects,56,410
FR_201108_411,,N24000042,411,"NAGAON TO DHARAMTUL (AS-2) - NHAI,Assam",AS-2,,ROAD TRANSPORT & HIGHWAYS,2011-08,2003-12,,264.72,,264.72,,,246.1,2008-06,,2011-12,,,,0,0,,,,FR_AUG_2011.pdf,Sector-Wise analysis of projects,56,411
FR_201108_412,,N24000044,412,"SONAPUR TO GUWAHTI (AS-3) - NHAI,Assam",AS-3,,ROAD TRANSPORT & HIGHWAYS,2011-08,2003-12,,245.0,,245.0,,,476.19,2008-03,,2011-12,,,,0,0,,,,FR_AUG_2011.pdf,Sector-Wise analysis of projects,56,412
FR_201108_413,,N24000047,413,"NALBARI TO BIJNI (AS-6) - NHAI,Assam",AS-6,,ROAD TRANSPORT & HIGHWAYS,2011-08,2003-12,,225.0,,225.0,,,165.57,2008-06,,2011-12,,,,0,0,,,,FR_AUG_2011.pdf,Sector-Wise analysis of projects,56,413
FR_201108_414,,N24000048,414,"NALBARI T BIJNI (AS-7) - NHAI,Assam",AS-7,,ROAD TRANSPORT & HIGHWAYS,2011-08,2003-12,,208.0,,208.0,,,206.17,2008-04,,2011-12,,,,0,0,,,,FR_AUG_2011.pdf,Sector-Wise analysis of projects,56,414
FR_201108_415,,,415,"DHARAMTUL TO SONAPUR,KM 205-",,,ROAD TRANSPORT & HIGHWAYS,2011-08,2003-12,,160.0,,160.0,,,121.62,2008-05,,2011-12,,,,0,0,,,,FR_AUG_2011.pdf,Sector-Wise analysis of projects,56,415
FR_201108_416,,N24000051,416,"DHARAMTUL TO SONAPUR (AS-19) - NHAI,Assam",AS-19,,ROAD TRANSPORT & HIGHWAYS,2011-08,2003-12,,200.0,,200.0,,,188.95,2008-06,,2011-12,,,,0,0,,,,FR_AUG_2011.pdf,Sector-Wise analysis of projects,56,416
FR_201108_417,,N24000056,417,"THANJAUR-TRICHY,NH-67(NHAI) - NHAI,Tamil Nadu",NHAI,,ROAD TRANSPORT & HIGHWAYS,2011-08,2005-03,,280.0,,280.0,,,580.67,2009-06,,2011-12,,,,0,0,,,,FR_AUG_2011.pdf,Sector-Wise analysis of projects,56,417
FR_201108_418,,N24000085,418,"GORAKHPUR BYPASS, NH-28, PHASE-II EAST-WEST CORRID - NHAI,Uttar Pradesh",,,ROAD TRANSPORT & HIGHWAYS,2011-08,2003-12,,600.24,,600.24,,,692.67,2009-10,,2011-12,,,,0,0,,,,FR_AUG_2011.pdf,Sector-Wise analysis of projects,57,418
FR_201108_419,,N24000090,419,"KOSI BRIDGE INCLUDING APPROACHES AND GUIDE BOND AN - NHAI,Bihar",,,ROAD TRANSPORT & HIGHWAYS,2011-08,2003-12,,418.04,,418.04,,,322.97,2010-03,,2011-12,,,,0,0,,,,FR_AUG_2011.pdf,Sector-Wise analysis of projects,57,419
FR_201108_420,,N24000096,420,"JHANSI TO LALITPUR, NH-25,26 - NHAI,Uttar Pradesh",,,ROAD TRANSPORT & HIGHWAYS,2011-08,2003-12,,355.06,,355.06,,,294.66,2009-09,,2011-12,,,,0,0,,,,FR_AUG_2011.pdf,Sector-Wise analysis of projects,57,420
FR_201108_421,,N24000102,421,"SALEM - U / UNDRUPET(BOT -1/TN- 06) NH -68 - NHAI,Tamil Nadu",BOT -1/TN- 06,,ROAD TRANSPORT & HIGHWAYS,2011-08,2005-03,,941.0,,941.0,,,1901.0,2011-01,,2011-12,,,,0,0,,,,FR_AUG_2011.pdf,Sector-Wise analysis of projects,57,421
FR_201108_422,,N24000115,422,"PATHANKOT BHOGPUR NH-1A - NHAI,Punjab",,,ROAD TRANSPORT & HIGHWAYS,2011-08,2003-12,,229.0,,284.0,,,338.97,2010-05,,2011-12,,,,0,0,,,,FR_AUG_2011.pdf,Sector-Wise analysis of projects,57,422
FR_201108_423,,N24000117,423,"ZIRAKPUR(HARYANA) - PARWANOO(HIMACHAL PRADESH) - NHAI,Multi State",HIMACHAL PRADESH,,ROAD TRANSPORT & HIGHWAYS,2011-08,2008-02,,295.0,,295.0,,,624.25,2010-08,,2011-12,,,,0,0,,,,FR_AUG_2011.pdf,Sector-Wise analysis of projects,57,423
FR_201108_424,,N24000122,424,"DELHI/ HARYANA BORDER TO ROHTAK - NHAI,Haryana",,,ROAD TRANSPORT & HIGHWAYS,2011-08,2007-04,,486.0,,486.0,,,525.47,2010-05,,2011-12,,,,0,0,,,,FR_AUG_2011.pdf,Sector-Wise analysis of projects,57,424
FR_201108_425,,,425,Surat- Dahisar(Six Lane) Km 263 to Km,Six Lane,,ROAD TRANSPORT & HIGHWAYS,2011-08,2009-02,,1693.75,,1693.75,,,2492.6,2011-08,,2011-12,,,,0,0,,,,FR_AUG_2011.pdf,Sector-Wise analysis of projects,57,425
FR_201108_426,,N24000101,426,"TRICHY - KORUR NH-67 - NHAI,Tamil Nadu",,,ROAD TRANSPORT & HIGHWAYS,2011-08,2005-03,,516.0,,516.0,,,594.18,2010-07,,2012-01,,,,0,0,,,,FR_AUG_2011.pdf,Sector-Wise analysis of projects,57,426
FR_201108_427,,N24000143,427,"Armur to kadloor yellareddy - NHAI,Andhra Pradesh",,,ROAD TRANSPORT & HIGHWAYS,2011-08,2010-02,,390.56,,390.56,,,389.36,2012-02,,2012-02,,,,0,0,,,,FR_AUG_2011.pdf,Sector-Wise analysis of projects,57,427
FR_201108_428,,240100207,428,"SILCHAR-UDARBAND (PH.II) HN-54, KM.309 TO KM.275 - NHAI,Assam",PH.II,,ROAD TRANSPORT & HIGHWAYS,2011-08,2003-12,,157.47,,154.57,,,177.48,2007-09,,2012-03,,,,0,0,,,,FR_AUG_2011.pdf,Sector-Wise analysis of projects,57,428
FR_201108_429,,240106243,429,"KOTWA TO DEWAPUR(10 LMNHP),NH-28 PHASE-II, KM.440 TO KM.402 - NHAI,Bihar",10 LMNHP,,ROAD TRANSPORT & HIGHWAYS,2011-08,2003-12,,240.0,,240.0,,,263.77,2008-10,,2012-03,,,,0,0,,,,FR_AUG_2011.pdf,Sector-Wise analysis of projects,57,429
FR_201108_430,,240106303,430,"SAGAR - RAJMARG CHORAHA,KM NHAI,Madhya pradesh",,,ROAD TRANSPORT & HIGHWAYS,2011-08,2003-12,,203.43,,203.43,,,207.85,2008-10,,2012-03,,,,0,0,,,,FR_AUG_2011.pdf,Sector-Wise analysis of projects,57,430
FR_201108_431,,N24000038,431,"GUWHATI TO NALBARI (AS-4) - NHAI,Assam",AS-4,,ROAD TRANSPORT & HIGHWAYS,2011-08,2003-12,,175.96,,175.96,,,117.25,2008-04,,2012-03,,,,0,0,,,,FR_AUG_2011.pdf,Sector-Wise analysis of projects,57,431
FR_201108_432,,N24000046,432,"GUWAHATI TO NALBARI (AS-5) - NHAI,Assam",AS-5,,ROAD TRANSPORT & HIGHWAYS,2011-08,2003-12,,198.16,,198.16,,,176.97,2008-04,,2012-03,,,,0,0,,,,FR_AUG_2011.pdf,Sector-Wise analysis of projects,57,432
FR_201108_433,,N24000063,433,"BRAHMPUTRA BRIDGE,NH NO-31 - NHAI,Assam",,,ROAD TRANSPORT & HIGHWAYS,2011-08,2003-12,,217.61,,217.61,,,147.12,2010-04,,2012-03,,,,0,0,,,,FR_AUG_2011.pdf,Sector-Wise analysis of projects,57,433
FR_201108_434,,N24000068,434,"CHAMBAL BRIDGE, NH-76 (RJ-5) - NHAI,Rajasthan",RJ-5,,ROAD TRANSPORT & HIGHWAYS,2011-08,2003-12,,275.0,,281.31,,,178.85,2010-02,,2012-03,,,,0,0,,,,FR_AUG_2011.pdf,Sector-Wise analysis of projects,57,434
FR_201108_435,,N24000107,435,"NH CONNECTIVITY TO ICTT VALLARPADAEU NH - SH - NHAI,Kerala",,,ROAD TRANSPORT & HIGHWAYS,2011-08,2005-03,,557.0,,557.0,,,930.92,2010-02,,2012-05,,,,0,0,,,,FR_AUG_2011.pdf,Sector-Wise analysis of projects,57,435
FR_201108_436,,N24000127,436,"Pune-sholapur,pkg1 - NHAI,Maharashtra",,,ROAD TRANSPORT & HIGHWAYS,2011-08,2009-11,,1110.0,,1110.0,,,1204.9,2012-05,,2012-05,,,,0,0,,,,FR_AUG_2011.pdf,Sector-Wise analysis of projects,57,436
FR_201108_437,,N24000128,437,"Kishangarh-Ajmer-Beawer - NHAI,Rajasthan",,,ROAD TRANSPORT & HIGHWAYS,2011-08,2009-11,,795.0,,795.0,,,804.29,2012-05,,2012-05,,,,0,0,,,,FR_AUG_2011.pdf,Sector-Wise analysis of projects,57,437
FR_201108_438,,N24000142,438,"Hyderabad-yadgiri N.H no-202 - NHAI,Andhra Pradesh",,,ROAD TRANSPORT & HIGHWAYS,2011-08,2010-08,,388.0,,388.0,,,340.53,2012-05,,2012-05,,,,0,0,,,,FR_AUG_2011.pdf,Sector-Wise analysis of projects,57,438
FR_201108_439,,240106244,439,"DEEWAPUR TO UP/BIHAR BORDER (LMNHP-9)-NH-28, KM.402-360.915 - NHAI,Bihar",LMNHP-9,,ROAD TRANSPORT & HIGHWAYS,2011-08,2003-12,,300.0,,300.0,,,165.54,2008-10,,2012-06,,,,0,0,,,,FR_AUG_2011.pdf,Sector-Wise analysis of projects,58,439
FR_201108_440,,N24000088,440,"GWALIOR BYPSS, NH-75,3 - NHAI,Madhya pradesh",,,ROAD TRANSPORT & HIGHWAYS,2011-08,2003-12,,300.93,,300.93,,,294.11,2009-10,,2012-06,,,,0,0,,,,FR_AUG_2011.pdf,Sector-Wise analysis of projects,58,440
FR_201108_441,,N24000089,441,"GWALIOR-JHANSI, NH-75 - NHAI,Multi State",,,ROAD TRANSPORT & HIGHWAYS,2011-08,2003-12,,604.0,,604.0,,,412.17,2009-12,,2012-06,,,,0,0,,,,FR_AUG_2011.pdf,Sector-Wise analysis of projects,58,441
FR_201108_442,,N24000108,442,"DHOLPUR - MORENA SECTION (INCLUDING CHAMBOL BRIDGE - NHAI,Multi State",,,ROAD TRANSPORT & HIGHWAYS,2011-08,2003-12,,232.45,,232.45,,,159.55,2010-09,,2012-06,,,,0,0,,,,FR_AUG_2011.pdf,Sector-Wise analysis of projects,58,442
FR_201108_443,,N24000126,443,"MP/Maharashtra Border-Dhula - NHAI,Maharashtra",,,ROAD TRANSPORT & HIGHWAYS,2011-08,2009-12,,835.0,,835.0,,,396.69,2012-06,,2012-06,,,,0,0,,,,FR_AUG_2011.pdf,Sector-Wise analysis of projects,58,443
FR_201108_444,,N24000130,444,"Gurgaon-Kotputli Km 42.70 to 54.4 Km - NHAI,Multi State",,,ROAD TRANSPORT & HIGHWAYS,2011-08,2009-04,,1673.7,,1673.7,,,1526.6,2011-10,,2012-06,,,,0,0,,,,FR_AUG_2011.pdf,Sector-Wise analysis of projects,58,444
FR_201108_445,,N24000123,445,"PIMPALGAON-NASIK-GONDE, NH-3 (NHDP-PHASE-III) - NHAI,Maharashtra",NHDP-PHASE-III,,ROAD TRANSPORT & HIGHWAYS,2011-08,2005-03,,940.0,,940.0,,,323.19,2012-07,,2012-07,,,,0,0,,,,FR_AUG_2011.pdf,Sector-Wise analysis of projects,58,445
FR_201108_446,,240106237,446,"PATHANKOT- BHOGPUR, KM.26- KM.70, NH-1A - NHAI,Punjab",,,ROAD TRANSPORT & HIGHWAYS,2011-08,2003-12,,284.0,,359.0,,,119.35,2008-05,,2012-08,,,,0,0,,,,FR_AUG_2011.pdf,Sector-Wise analysis of projects,58,446
FR_201108_447,,N24000132,447,"Chilkaluripet-Vijaywada 6 lane (km 355 to Km 434.1) - NHAI,Andhra Pradesh",km 355 to Km 434.1,,ROAD TRANSPORT & HIGHWAYS,2011-08,2009-05,,572.3,,572.3,,,506.79,2011-10,,2012-08,,,,0,0,,,,FR_AUG_2011.pdf,Sector-Wise analysis of projects,58,447
FR_201108_448,,N24000094,448,"LAKHNAADON TO MP/MH BORDER,KM 596.75-653 (NS- 1/BOT/MP-2),NH7 - NHAI,Madhya pradesh",NS- 1/BOT/MP-2,,ROAD TRANSPORT & HIGHWAYS,2011-08,2003-12,,407.6,,407.6,,,184.35,2010-06,,2012-10,,,,0,0,,,,FR_AUG_2011.pdf,Sector-Wise analysis of projects,58,448
FR_201108_449,,N24000095,449,"LAKHNADON TO MP/MH BORDER (NS-1/BOT/MP-2), NH-7 - NHAI,Madhya pradesh",NS-1/BOT/MP-2,,ROAD TRANSPORT & HIGHWAYS,2011-08,2003-12,,263.17,,263.17,,,233.29,2009-09,,2012-10,,,,0,0,,,,FR_AUG_2011.pdf,Sector-Wise analysis of projects,58,449
FR_201108_450,,N24000124,450,"Four Lanning from MP/Maharashtra Border to nagpur - NHAI,Maharashtra",,,ROAD TRANSPORT & HIGHWAYS,2011-08,2010-04,,1170.52,,1170.52,,,4.41,2011-06,,2012-10,,,,0,0,,,,FR_AUG_2011.pdf,Sector-Wise analysis of projects,58,450
FR_201108_451,,N24000125,451,"Gujarat/Maharashtra BorderSurat-Hazira Port Section - NHAI,Gujarat",,,ROAD TRANSPORT & HIGHWAYS,2011-08,2010-03,,1509.1,,1509.1,,,813.9,2012-09,,2012-10,,,,0,0,,,,FR_AUG_2011.pdf,Sector-Wise analysis of projects,58,451
FR_201108_452,,N24000134,452,"Hyderabad-Vijaywada Km. 40 to 221.50 Km - NHAI,Andhra Pradesh",,,ROAD TRANSPORT & HIGHWAYS,2011-08,2010-04,,1740.0,,1740.0,,,1005.1,2012-10,,2012-10,,,,0,0,,,,FR_AUG_2011.pdf,Sector-Wise analysis of projects,58,452
FR_201108_453,,N24000150,453,"WADNER-DEVDHARI(NS-60/MH)(KM 94-123 KM) - NHAI,Maharashtra",KM 94-123 KM,,ROAD TRANSPORT & HIGHWAYS,2011-08,2011-02,,193.45,,193.45,,,29.04,2012-11,,2012-11,,,,0,0,,,,FR_AUG_2011.pdf,Sector-Wise analysis of projects,58,453
FR_201108_454,,N24000160,454,"UGRADATION OF HYDERABAD- BANGALORE SECTION - NHAI,Karnataka",,,ROAD TRANSPORT & HIGHWAYS,2011-08,2010-11,,680.0,,680.0,,,,2012-11,,2012-11,,,,0,0,,,,FR_AUG_2011.pdf,Sector-Wise analysis of projects,58,454
FR_201108_455,,N24000028,455,"SILIGURI TO ISLAMPUR (WB-7) - NHAI,West Bengal",WB-7,,ROAD TRANSPORT & HIGHWAYS,2011-08,2003-12,,225.0,,225.0,,,175.62,2008-07,,2012-12,,,,0,0,,,,FR_AUG_2011.pdf,Sector-Wise analysis of projects,58,455
FR_201108_456,,N24000057,456,"GANJAM-ICCHAPURUM,NH-5(NHAI) - NHAI,Orissa",NHAI,,ROAD TRANSPORT & HIGHWAYS,2011-08,2000-04,,263.27,,263.27,,,250.29,2004-02,,2012-12,,,,0,0,,,,FR_AUG_2011.pdf,Sector-Wise analysis of projects,58,456
FR_201108_457,,N24000135,457,"Jaipur-Tonk-Deoli - NHAI,Rajasthan",,,ROAD TRANSPORT & HIGHWAYS,2011-08,2010-06,,792.06,,792.06,,,389.32,2012-12,,2012-12,,,,0,0,,,,FR_AUG_2011.pdf,Sector-Wise analysis of projects,58,457
FR_201108_458,,N24000141,458,"Hazaribagh-Ranchi - NHAI,Jharkhandd",,,ROAD TRANSPORT & HIGHWAYS,2011-08,2010-08,,625.07,,625.07,,,665.96,2013-01,,2013-01,,,,0,0,,,,FR_AUG_2011.pdf,Sector-Wise analysis of projects,58,458
FR_201108_459,,N24000137,459,"Bijapur-Hungund Section - NHAI,Karnataka",,,ROAD TRANSPORT & HIGHWAYS,2011-08,2010-09,,748.0,,748.0,,,958.73,2010-09,,2013-03,,,,0,0,,,,FR_AUG_2011.pdf,Sector-Wise analysis of projects,59,459
FR_201108_460,,N24000138,460,"Hungund-Surathkal and Mangalore- Knt/Kerala Border - NHAI,Karnataka",,,ROAD TRANSPORT & HIGHWAYS,2011-08,2010-09,,946.0,,946.0,,,,2013-03,,2013-03,,,,0,0,,,,FR_AUG_2011.pdf,Sector-Wise analysis of projects,59,460
FR_201108_461,,N24000144,461,"CHENGAPALLI TO COIMBATORE BYPASS KM-102.035-144.740 KM - NHAI,Tamil Nadu",,,ROAD TRANSPORT & HIGHWAYS,2011-08,2010-09,,852.0,,852.0,,,303.83,2013-03,,2013-03,,,,0,0,,,,FR_AUG_2011.pdf,Sector-Wise analysis of projects,59,461
FR_201108_462,,N24000146,462,"KUNDUPUR-SURATHKAL & MANGLORE - NHAI,Karnataka",,,ROAD TRANSPORT & HIGHWAYS,2011-08,2010-09,,671.0,,671.0,,,173.17,2013-03,,2013-03,,,,0,0,,,,FR_AUG_2011.pdf,Sector-Wise analysis of projects,59,462
FR_201108_463,,N24000156,463,"PUNE-SATARA(NH-4) - NHAI,Maharashtra",NH-4,,ROAD TRANSPORT & HIGHWAYS,2011-08,2010-10,,1724.55,,1724.55,,,107.56,2013-03,,2013-03,,,,0,0,,,,FR_AUG_2011.pdf,Sector-Wise analysis of projects,59,463
FR_201108_464,,N24000136,464,"Indore-Jhabua-Gujrat/MP - NHAI,Madhya pradesh",,,ROAD TRANSPORT & HIGHWAYS,2011-08,2010-10,,1175.0,,1175.0,,,138.67,2013-04,,2013-04,,,,0,0,,,,FR_AUG_2011.pdf,Sector-Wise analysis of projects,59,464
FR_201108_465,,N24000145,465,"CUDDAPAH-MYDUKUR-KURNOOL KM-167.750-356.502 KM - NHAI,Andhra Pradesh",,,ROAD TRANSPORT & HIGHWAYS,2011-08,2010-11,,1585.0,,1585.0,,,198.67,2013-05,,2013-05,,,,0,0,,,,FR_AUG_2011.pdf,Sector-Wise analysis of projects,59,465
FR_201108_466,,N24000152,466,"DEVIHALLI-HASSAN - NHAI,Karnataka",,,ROAD TRANSPORT & HIGHWAYS,2011-08,2010-12,,453.0,,453.0,,,122.73,2013-05,,2013-05,,,,0,0,,,,FR_AUG_2011.pdf,Sector-Wise analysis of projects,59,466
FR_201108_467,,N24000159,467,"INDORE-DEWAS(NH-3) - NHAI,Madhya pradesh",NH-3,,ROAD TRANSPORT & HIGHWAYS,2011-08,2010-11,,325.0,,325.0,,,138.67,2013-05,,2013-05,,,,0,0,,,,FR_AUG_2011.pdf,Sector-Wise analysis of projects,59,467
FR_201108_468,,N24000098,468,"AGRA-BYPASS(NS-1/UP-1),KM 176.8- 13.03 NH-2,3 - NHAI,Uttar Pradesh",NS-1/UP-1,,ROAD TRANSPORT & HIGHWAYS,2011-08,2003-12,,348.16,,348.16,,,117.69,2007-09,,2013-06,,,,0,0,,,,FR_AUG_2011.pdf,Sector-Wise analysis of projects,59,468
FR_201108_469,,N24000147,469,"AMRITSAR-PATHANKOT - NHAI,Punjab",,,ROAD TRANSPORT & HIGHWAYS,2011-08,2010-05,,705.0,,705.0,,,834.69,2012-11,,2013-06,,,,0,0,,,,FR_AUG_2011.pdf,Sector-Wise analysis of projects,59,469
FR_201108_470,,N24000154,470,"MURADABAD-BAREILY - NHAI,Uttar Pradesh",,,ROAD TRANSPORT & HIGHWAYS,2011-08,2010-04,,1267.0,,1267.0,,,,2013-06,,2013-06,,,,0,0,,,,FR_AUG_2011.pdf,Sector-Wise analysis of projects,59,470
FR_201108_471,,N24000158,471,"BELGAUM-DHARWAD(NH-4) - NHAI,Karnataka",NH-4,,ROAD TRANSPORT & HIGHWAYS,2011-08,2010-12,,480.0,,480.0,,,,2013-06,,2013-06,,,,0,0,,,,FR_AUG_2011.pdf,Sector-Wise analysis of projects,59,471
FR_201108_472,,240106278,472,"MAIBANG TO LUNDING (AS-25), KM.83.400 TO KM.111.000 - NHAI,Assam",AS-25,,ROAD TRANSPORT & HIGHWAYS,2011-08,2003-12,,199.81,,385.13,,,30.37,2009-04,,2013-07,,,,0,0,,,,FR_AUG_2011.pdf,Sector-Wise analysis of projects,59,472
FR_201108_473,,240106280,473,"MAIBANG TO LUNDING (AS-24), KM.111.000 TO KM.126.450 - NHAI,Assam",AS-24,,ROAD TRANSPORT & HIGHWAYS,2011-08,2003-12,,155.04,,280.13,,,39.26,2008-11,,2013-07,,,,0,0,,,,FR_AUG_2011.pdf,Sector-Wise analysis of projects,59,473
FR_201108_474,,N24000148,474,"DEOLI-KOTA - NHAI,Rajasthan",,,ROAD TRANSPORT & HIGHWAYS,2011-08,2011-01,,953.0,,593.0,,,67.1,2013-07,,2013-07,,,,0,0,,,,FR_AUG_2011.pdf,Sector-Wise analysis of projects,59,474
FR_201108_475,,N24000157,475,"CHITRADURGA-TUMKUR(NH-4) - NHAI,Karnataka",NH-4,,ROAD TRANSPORT & HIGHWAYS,2011-08,2011-03,,839.0,,839.0,,,,2013-08,,2013-08,,,,0,0,,,,FR_AUG_2011.pdf,Sector-Wise analysis of projects,59,475
FR_201108_476,,N24000139,476,"New 4 Lane elevated road from chennai airport - NHAI,Tamil Nadu",,,ROAD TRANSPORT & HIGHWAYS,2011-08,2010-09,,1655.0,,1655.0,,,4.34,2013-09,,2013-09,,,,0,0,,,,FR_AUG_2011.pdf,Sector-Wise analysis of projects,59,476
FR_201108_477,,N24000153,477,"4 LANNING OF BELGUM-KHANPUR SECTION AND 2 LANING - NHAI,Karnataka",,,ROAD TRANSPORT & HIGHWAYS,2011-08,2011-03,,359.0,,359.0,,,0.99,2013-09,,2013-09,,,,0,0,,,,FR_AUG_2011.pdf,Sector-Wise analysis of projects,59,477
FR_201108_478,,N24000149,478,"SIX LANNING OF VADAKKANCHERRY THRISSURESECTION - NHAI,Kerala",,,ROAD TRANSPORT & HIGHWAYS,2011-08,2010-02,,617.0,,617.0,,,154.52,2012-08,,2013-10,,,,0,0,,,,FR_AUG_2011.pdf,Sector-Wise analysis of projects,59,478
FR_201108_479,,N24000140,479,"Talegaon-amravati - NHAI,Maharashtra",,,ROAD TRANSPORT & HIGHWAYS,2011-08,2009-11,,567.0,,567.0,,,10.04,2013-11,,2013-11,,,,0,0,,,,FR_AUG_2011.pdf,Sector-Wise analysis of projects,59,479
FR_201108_480,,240106279,480,"MAIBANG TO LUNDING (AS-26), KM.60.500 TO KM.83.400, NH-54 - NHAI,Assam",AS-26,,ROAD TRANSPORT & HIGHWAYS,2011-08,2003-12,,167.64,,167.64,,,40.71,2008-11,,2013-12,,,,0,0,,,,FR_AUG_2011.pdf,Sector-Wise analysis of projects,60,480
FR_201108_481,,N24000061,481,"HARANGAJO TO MAIBANG,km 164.08- 190.587 NH-54 - NHAI,Assam",,,ROAD TRANSPORT & HIGHWAYS,2011-08,2003-12,,212.0,,212.0,,,40.29,2007-09,,2013-12,,,,0,0,,,,FR_AUG_2011.pdf,Sector-Wise analysis of projects,60,481
FR_201108_482,,N24000062,482,"HARANGAJO TO MAIBANG, NH-54 - NHAI,Assam",,,ROAD TRANSPORT & HIGHWAYS,2011-08,2003-12,,196.0,,196.0,,,27.94,2009-07,,2013-12,,,,0,0,,,,FR_AUG_2011.pdf,Sector-Wise analysis of projects,60,482
FR_201108_483,,N24000155,483,"4 LANING OF NAGPUR-BETUL - NHAI,Multi State",,,ROAD TRANSPORT & HIGHWAYS,2011-08,2011-02,,2498.76,,2498.76,,,,2014-08,,2014-08,,,,0,0,,,,FR_AUG_2011.pdf,Sector-Wise analysis of projects,60,483
FR_201108_484,,N24000151,484,"PANIPAT-ROHTAK - NHAI,Haryana Total",,,ROAD TRANSPORT & HIGHWAYS,2011-08,2011-04,,807.0,59725.85,807.0,,,300.12,2014-10,,2014-10,,,,0,0,,,,FR_AUG_2011.pdf,Sector-Wise analysis of projects,60,484
FR_201108_485,,N25000059,485,"RAIL CONNECTIVITY TO ICTT AT VALLARPADAM AT COCHIN PORT TRUS - RVNL,Kerala",,,SHIPPING & PORTS,2011-08,2007-03,,245.67,,298.17,,,294.07,2009-04,,2011-02,,,,0,0,,,,FR_AUG_2011.pdf,Sector-Wise analysis of projects,60,485
FR_201108_486,,N25000038,486,"Construction & License out the OPERATION, MANAG. & - PORT TRUST,Karnataka",,,SHIPPING & PORTS,2011-08,2006-06,,230.0,,272.5,,,219.0,2010-12,,2011-06,,,,0,0,,,,FR_AUG_2011.pdf,Sector-Wise analysis of projects,60,486
FR_201108_487,,N25000054,487,"MARINE LIQUID TERMINALS - ENNORE TANK,Tamil Nadu",,,SHIPPING & PORTS,2011-08,2004-10,,196.25,,196.25,,,,2006-06,2011-09,2011-09,,,,0,0,,,,FR_AUG_2011.pdf,Sector-Wise analysis of projects,60,487
FR_201108_488,,N25000058,488,"ACQUISITION OF TWO NOS OF 120 B.P (AH03TYPE) AHTS - SHIPP.,Kerala",AH03TYPE,,SHIPPING & PORTS,2011-08,2010-12,,241.5,,241.5,,,48.1,2011-09,,2011-09,,,,0,0,,,,FR_AUG_2011.pdf,Sector-Wise analysis of projects,60,488
FR_201108_489,,250100112,489,"ESTABLISHMENT OF VESSEL TRAFFIC SERVICES IN GULF OF KUTCH - SHIPP.,Gujarat",,,SHIPPING & PORTS,2011-08,2002-01,,165.0,165.0,165.0,,,121.41,2005-12,2008-01,2011-10,,,,0,0,,,,FR_AUG_2011.pdf,Sector-Wise analysis of projects,60,489
FR_201108_490,,N25000014,490,"ACQUISITION OF 4 NO. OF ANCHOR HANDLING CUM SUPPLY - SHIPP.,Maharashtra",,,SHIPPING & PORTS,2011-08,2007-10,,359.44,,359.44,,,351.81,2011-04,2011-06,2011-11,,,,0,0,,,,FR_AUG_2011.pdf,Sector-Wise analysis of projects,60,490
FR_201108_491,,N25000042,491,"Acquisition of two nos. of 120 B.P - SHIPP.,Maharashtra",,,SHIPPING & PORTS,2011-08,2009-04,,290.85,305.0,305.0,,,86.46,2011-06,2012-01,2012-01,,,,0,0,,,,FR_AUG_2011.pdf,Sector-Wise analysis of projects,60,491
FR_201108_492,,N25000033,492,"ACQUISITION OF 6 NOS. OF 57000 DWT HANDYMAX BULK C - SHIPP.,Maharashtra",,,SHIPPING & PORTS,2011-08,2007-11,,1061.96,1077.6,1082.06,,,360.8,2012-03,,2012-03,,,,0,0,,,,FR_AUG_2011.pdf,Sector-Wise analysis of projects,60,492
FR_201108_493,,N25000048,493,"SETTING UP OF LNG REGASIFICATION TERMINAL AT PUTHU - PORT TRUST,Kerala",,,SHIPPING & PORTS,2011-08,2009-03,,3500.0,,3500.0,,,,2012-01,,2012-03,,,,0,0,,,,FR_AUG_2011.pdf,Sector-Wise analysis of projects,60,493
FR_201108_494,,N25000050,494,"Modification & Strengthening of Existing Berth No. 1 to 6 - PORT TRUST,Gujarat",,,SHIPPING & PORTS,2011-08,2010-06,,277.0,,277.0,,,0.04,2012-03,,2012-03,,,,0,0,,,,FR_AUG_2011.pdf,Sector-Wise analysis of projects,60,494
FR_201108_495,,N25000043,495,"Acquisition of Two nos. of 3060 DWT - PORT TRUST,Maharashtra",,,SHIPPING & PORTS,2011-08,2009-04,,277.03,280.0,277.03,,,55.4,2011-12,2012-05,2012-05,,,,0,0,,,,FR_AUG_2011.pdf,Sector-Wise analysis of projects,60,495
FR_201108_496,,N25000016,496,"CONST. & DEV. OF 2 OFFSHORE CONTAINER BERTHS & TER - MUMBAI PORT TRU,Maharashtra",,,SHIPPING & PORTS,2011-08,2007-11,,1228.0,,1460.0,,,568.86,2010-12,,2012-09,,,,0,0,,,,FR_AUG_2011.pdf,Sector-Wise analysis of projects,61,496
FR_201108_497,,N25000031,497,"ACQUISITION OF 4 NOS. OF 80655 DWT PANAMAX BULK CA - SHIPP.,Maharashtra",,,SHIPPING & PORTS,2011-08,2008-08,,1066.91,,968.35,,,222.91,2012-09,,2012-09,,,,0,0,,,,FR_AUG_2011.pdf,Sector-Wise analysis of projects,61,497
FR_201108_498,,N25000049,498,"Mechanization of coal handling facilities to 200 - PORT TRUST,Andhra Pradesh",,,SHIPPING & PORTS,2011-08,2010-02,,444.1,,444.1,,,,2010-06,,2012-11,,,,0,0,,,,FR_AUG_2011.pdf,Sector-Wise analysis of projects,61,498
FR_201108_499,,N25000051,499,"Acquisition of 4 nos of 82000 DWT kamsavmax Bulk carriers - SHIPP.,Maharashtra",,,SHIPPING & PORTS,2011-08,2010-08,,612.72,627.64,627.64,,,83.51,2012-12,,2012-12,,,,0,0,,,,FR_AUG_2011.pdf,Sector-Wise analysis of projects,61,499
FR_201108_500,,N25000037,500,"C/O Berthing and Allied Facilities off tekra near - PORT TRUST,Gujarat",,,SHIPPING & PORTS,2011-08,2005-04,,882.0,,1060.0,,,0.16,2011-02,,2013-03,,,,0,0,,,,FR_AUG_2011.pdf,Sector-Wise analysis of projects,61,500
FR_201108_501,,N25000039,501,"CONSTRUCTION OF 13 & 14 CARGO BERTH AT KANDLA - PORT TRUST,Gujarat",,,SHIPPING & PORTS,2011-08,2005-12,,702.0,,755.5,,,,2011-03,,2013-03,,,,0,0,,,,FR_AUG_2011.pdf,Sector-Wise analysis of projects,61,501
FR_201108_502,,N25000047,502,"SETTING UP OF AN INTERNATIONAL CRUISE TERMINAL AT - PORT TRUST,Kerala",,,SHIPPING & PORTS,2011-08,2008-03,,375.0,272.5,272.5,,,,2009-01,,2013-05,,,,0,0,,,,FR_AUG_2011.pdf,Sector-Wise analysis of projects,61,502
FR_201108_503,,N25000035,503,"ENNORE MANALI EXPRESS WAY,F/O SPECIAL PURPOSE VEHI - SHIPP.,Tamil Nadu",,,SHIPPING & PORTS,2011-08,2002-10,,150.0,600.0,600.0,,,67.0,2006-03,,2013-12,,,,0,0,,,,FR_AUG_2011.pdf,Sector-Wise analysis of projects,61,503
FR_201108_504,,N25000052,504,"Acquistion of three(3) nos of 6500TEU Cellular container - SHIPP.,Maharashtra",3,,SHIPPING & PORTS,2011-08,2010-10,,1028.1,1012.23,1028.1,,,202.04,2013-12,,2013-12,,,,0,0,,,,FR_AUG_2011.pdf,Sector-Wise analysis of projects,61,504
FR_201108_505,,N25000053,505,"Acquisition of two(2) Nos. of 317000 DWT very large crude - SHIPP.,Maharashtra",2,,SHIPPING & PORTS,2011-08,2010-10,,966.46,,994.82,,,189.92,2014-02,,2014-02,,,,0,0,,,,FR_AUG_2011.pdf,Sector-Wise analysis of projects,61,505
FR_201108_506,,N25000003,506,"DEEPENING AND WIDENING OF MUMBAI HARBOUR CHANNEL A - PORT TRUST,Maharashtra",,,SHIPPING & PORTS,2011-08,2005-10,,800.0,,800.0,,,5.92,2008-10,,,,,,0,0,,,,FR_AUG_2011.pdf,Sector-Wise analysis of projects,61,506
FR_201108_507,,N25000004,507,"DEEPENING OF CHANNEL AT PARADIP PORT - PORT TRUST,Orissa",,,SHIPPING & PORTS,2011-08,2005-12,,154.84,,253.36,,,,2007-12,2009-01,,,,,0,0,,,,FR_AUG_2011.pdf,Sector-Wise analysis of projects,61,507
FR_201108_508,,N25000055,508,"DEVELOPMENT OF COAL TERMINAL - ENNORE PORT LTD,Tamil Nadu",,,SHIPPING & PORTS,2011-08,2006-09,,399.13,,399.13,,,,2010-08,,,,,,0,0,,,,FR_AUG_2011.pdf,Sector-Wise analysis of projects,61,508
FR_201108_509,,N25000056,509,"DEVELOPMENT OF IRON ORE TERMINAL - ENNORE PORT LTD,Tamil Nadu",,,SHIPPING & PORTS,2011-08,2006-09,,370.0,,370.0,,,,2010-08,,,,,,0,0,,,,FR_AUG_2011.pdf,Sector-Wise analysis of projects,61,509
FR_201108_510,,250100175,510,"SETHUSAMUDRAM SHIP CHANNEL PROJECT - PORT TRUST,Tamil Nadu Total",,,SHIPPING & PORTS,2011-08,2005-06,,2427.4,18451.36,2427.4,,,821.39,2008-10,,,,,,0,0,,,,FR_AUG_2011.pdf,Sector-Wise analysis of projects,61,510
FR_201108_511,,N26000043,511,"GSM EQUIPMENT OF 3125K LINES(2G) AND 625K LINES(3 - BSNL,Maharashtra",2G,,TELECOMMUNICATIONS,2011-08,2008-09,,1799.94,,1799.94,,,251.53,2009-09,,2010-02,,,,0,0,,,,FR_AUG_2011.pdf,Sector-Wise analysis of projects,62,511
FR_201108_512,,N26000072,512,"Implementation of FTTH, the state of the art access ,gpon eq - BSNL,Multi State",,,TELECOMMUNICATIONS,2011-08,2007-12,,952.88,,952.88,,,,2010-03,,2010-10,,,,0,0,,,,FR_AUG_2011.pdf,Sector-Wise analysis of projects,62,512
FR_201108_513,,N26000040,513,"GSM EQUIPMENT OF 216650 LINES(2G) PH-5.1 - BSNL,Haryana",2G,,TELECOMMUNICATIONS,2011-08,2008-01,,192.48,,192.48,,,119.41,2009-03,,2011-02,,,,0,0,,,,FR_AUG_2011.pdf,Sector-Wise analysis of projects,62,513
FR_201108_514,,N26000041,514,"GSM EQUIPMENT OF 390K LINES(2G) AND 130K LINES(3G) - BSNL,Punjab",3G,,TELECOMMUNICATIONS,2011-08,2008-02,,373.94,,373.94,,,199.63,2008-12,,2011-02,,,,0,0,,,,FR_AUG_2011.pdf,Sector-Wise analysis of projects,62,514
FR_201108_515,,N26000046,515,"GSM EQUIPMENT OF 700K LINES(2G) AND 150K LINES(3G) - BSNL,Orissa",3G,,TELECOMMUNICATIONS,2011-08,2007-11,,277.34,,377.54,,,308.13,2009-03,,2011-02,,,,0,0,,,,FR_AUG_2011.pdf,Sector-Wise analysis of projects,62,515
FR_201108_516,,N26000058,516,"UTTARANCHAL TELECOM CIRCLE PHASE-VI (2G & 3G) - BSNL,Uttaranchal",2G & 3G,,TELECOMMUNICATIONS,2011-08,2009-01,,149.15,158.72,158.72,,,76.55,2009-06,,2011-02,,,,0,0,,,,FR_AUG_2011.pdf,Sector-Wise analysis of projects,62,516
FR_201108_517,,N26000062,517,"Assam Telecom Circle, Phase-V.I, 2G & 3G - BSNL,Assam",,,TELECOMMUNICATIONS,2011-08,2007-06,,336.81,,336.81,,,155.71,2009-01,,2011-02,,,,0,0,,,,FR_AUG_2011.pdf,Sector-Wise analysis of projects,62,517
FR_201108_518,,N26000086,518,"GSM equipment of 945000Lines (2G) 225000lines 3(G) - BSNL,Bihar",G,,TELECOMMUNICATIONS,2011-08,2007-10,,366.0,,366.0,,,226.39,2008-10,,2011-02,,,,0,0,,,,FR_AUG_2011.pdf,Sector-Wise analysis of projects,62,518
FR_201108_519,,N26000091,519,"GSM equipment of 1900000Lines (2G) 401700 lines 3( - BSNL,Tamil Nadu",2G,,TELECOMMUNICATIONS,2011-08,2009-01,,760.2,,1100.0,,,813.6,2011-03,,2011-02,,,,0,1,,,,FR_AUG_2011.pdf,Sector-Wise analysis of projects,62,519
FR_201108_520,,N26000093,520,"GSM equipment of 1500000Lines (2G) 264700lines 3(G - BSNL,Andhra Pradesh",2G,,TELECOMMUNICATIONS,2011-08,2009-01,,922.91,,922.91,,,346.9,2010-01,,2011-02,,,,0,0,,,,FR_AUG_2011.pdf,Sector-Wise analysis of projects,62,520
FR_201108_521,,N26000094,521,"GSM equipment of 1900000Lines (2G) 335500lines 3(G - BSNL,Kerala",2G,,TELECOMMUNICATIONS,2011-08,2009-01,,848.7,,848.7,,,675.35,2010-01,,2011-02,,,,0,0,,,,FR_AUG_2011.pdf,Sector-Wise analysis of projects,62,521
FR_201108_522,,N26000095,522,"GSM equipment of 614000Lines (2G) 150000lines 3(G) - BSNL,Tamil Nadu",G,,TELECOMMUNICATIONS,2011-08,2009-01,,315.19,,315.19,,,132.24,2010-01,,2011-02,,,,0,0,,,,FR_AUG_2011.pdf,Sector-Wise analysis of projects,62,522
FR_201108_523,,N26000039,523,"GSM EQUIPMENT OF 900K LINES(2G) AND 300K LINES(3G) - BSNL,Rajasthan",3G,,TELECOMMUNICATIONS,2011-08,2007-06,,601.49,,601.49,,,495.72,2008-12,,2011-03,,,,0,0,,,,FR_AUG_2011.pdf,Sector-Wise analysis of projects,62,523
FR_201108_524,,N26000050,524,"GSM EQUIPMENT-480K LINES(2G) & 220K LINES(3G) IN - BSNL,Uttar Pradesh",3G,,TELECOMMUNICATIONS,2011-08,2007-05,,335.91,,335.91,,,182.45,2009-03,,2011-03,,,,0,0,,,,FR_AUG_2011.pdf,Sector-Wise analysis of projects,62,524
FR_201108_525,,N26000081,525,"GSM equipment of 900000Lines (2G) PunjabPhase V.2 - BSNL,Punjab",2G,,TELECOMMUNICATIONS,2011-08,2008-09,,241.49,,241.49,,,112.61,2009-09,,2011-03,,,,0,0,,,,FR_AUG_2011.pdf,Sector-Wise analysis of projects,62,525
FR_201108_526,,N26000082,526,"GSM equipment of 200000Lines (2G) UP(West)Phase V. - BSNL,Uttar Pradesh",West,,TELECOMMUNICATIONS,2011-08,2008-10,,336.84,,336.84,,,35.75,2009-10,,2011-03,,,,0,0,,,,FR_AUG_2011.pdf,Sector-Wise analysis of projects,62,526
FR_201108_527,,N26000087,527,"GSM equipment of 849862Lines (2G) 150138 lines 3(G - BSNL,West Bengal",2G,,TELECOMMUNICATIONS,2011-08,2008-02,,584.33,,584.33,,,398.08,2009-02,,2011-03,,,,0,0,,,,FR_AUG_2011.pdf,Sector-Wise analysis of projects,62,527
FR_201108_528,,N26000089,528,"GSM equipment of 1867000Lines (2G) 383000 lines 3( - BSNL,Gujarat",2G,,TELECOMMUNICATIONS,2011-08,2008-08,,868.0,,868.0,,,362.62,2009-08,,2011-03,,,,0,0,,,,FR_AUG_2011.pdf,Sector-Wise analysis of projects,63,528
FR_201108_529,,N26000090,529,"GSM equipment of 1625000Lines (2G) 325000 lines 3( - BSNL,Madhya pradesh",2G,,TELECOMMUNICATIONS,2011-08,2009-11,,916.7,,916.7,,,280.72,2010-11,,2011-03,,,,0,0,,,,FR_AUG_2011.pdf,Sector-Wise analysis of projects,63,529
FR_201108_530,,N26000092,530,"GSM equipment of 1700000Lines (2G) 234100 lines 3( - BSNL,Karnataka",2G,,TELECOMMUNICATIONS,2011-08,2008-10,,677.75,719.9,719.9,,,461.56,2009-10,,2011-03,,,,0,0,,,,FR_AUG_2011.pdf,Sector-Wise analysis of projects,63,530
FR_201108_531,,N26000011,531,"CONVERGENT BILLING AND CRM- MTNL(DELHI) - MTNL,Delhi",DELHI,,TELECOMMUNICATIONS,2011-08,2005-12,,249.0,229.41,229.41,,,66.2,2007-02,,2011-08,,,,0,0,,,,FR_AUG_2011.pdf,Sector-Wise analysis of projects,63,531
FR_201108_532,,N26000016,532,"CONVERGENT BILLING AND CRM(MUMBAI) - MTNL,Maharashtra",MUMBAI,,TELECOMMUNICATIONS,2011-08,2006-01,,247.0,,247.0,,,75.89,2007-02,,2011-08,,,,0,0,,,,FR_AUG_2011.pdf,Sector-Wise analysis of projects,63,532
FR_201108_533,,N26000078,533,"FTTH BO-3474 /08-09 in Mumbai - MTNL,Maharashtra",,,TELECOMMUNICATIONS,2011-08,2010-04,,389.86,,389.86,,,3.06,2011-09,,2011-09,,,,0,0,,,,FR_AUG_2011.pdf,Sector-Wise analysis of projects,63,533
FR_201108_534,,N26000096,534,"ERP implementation in BSNL on Turnkey basis - BSNL,Multi State",,,TELECOMMUNICATIONS,2011-08,2009-10,,384.0,,384.0,,,20.9,2010-10,,2012-03,,,,0,0,,,,FR_AUG_2011.pdf,Sector-Wise analysis of projects,63,534
FR_201108_535,,260100099,535,"PROJ.III OF NIB-II OF MESSAGING STORAGE - BSNL,Multi State",,,TELECOMMUNICATIONS,2011-08,2003-11,,250.0,,425.51,,,80.47,2005-12,,,,,,0,0,,,,FR_AUG_2011.pdf,Sector-Wise analysis of projects,63,535
FR_201108_536,,N26000029,536,"EXPANSION OF EXISTING 750K GSM NETWORK PE NO. 992 - BSNL,Maharashtra",,,TELECOMMUNICATIONS,2011-08,2006-06,,231.38,,168.3,,,,2007-10,,,,,,0,0,,,,FR_AUG_2011.pdf,Sector-Wise analysis of projects,63,536
FR_201108_537,,N26000063,537,"MANAGED LEASED LINE NETWORK PH-VI - BSNL,Multi State",,,TELECOMMUNICATIONS,2011-08,2008-11,,350.0,,350.0,,,,,,,,,,0,0,,,,FR_AUG_2011.pdf,Sector-Wise analysis of projects,63,537
FR_201108_538,,N26000065,538,"Execution of telecom network requirement of defence - BSNL,Multi State",,,TELECOMMUNICATIONS,2011-08,2006-05,,1077.0,,1077.0,,,,2009-03,,,,,,0,0,,,,FR_AUG_2011.pdf,Sector-Wise analysis of projects,63,538
FR_201108_539,,N26000066,539,"Procurement of 2.5G DWDM equipment - BSNL,Multi State",,,TELECOMMUNICATIONS,2011-08,2006-08,,424.0,,424.0,,,,2009-03,,,,,,0,0,,,,FR_AUG_2011.pdf,Sector-Wise analysis of projects,63,539
FR_201108_540,,N26000067,540,"Procurement of 10G (40 chl) DWDM equipment - BSNL,Multi State",40 chl,,TELECOMMUNICATIONS,2011-08,2006-08,,590.1,,590.1,,,,2009-03,,,,,,0,0,,,,FR_AUG_2011.pdf,Sector-Wise analysis of projects,63,540
FR_201108_541,,N26000068,541,"Procurement of 10G 40 CHL (12 chi equipped) DWDM - BSNL,Multi State",12 chi equipped,,TELECOMMUNICATIONS,2011-08,2007-12,,545.5,,545.5,,,,2010-03,,,,,,0,0,,,,FR_AUG_2011.pdf,Sector-Wise analysis of projects,63,541
FR_201108_542,,N26000069,542,"Procurement of STM-1 SDH equipment - BSNL,Multi State",,,TELECOMMUNICATIONS,2011-08,2007-02,,154.03,,154.03,,,,2010-03,,,,,,0,0,,,,FR_AUG_2011.pdf,Sector-Wise analysis of projects,63,542
FR_201108_543,,N26000070,543,"Procurement of STM-16 MADM equipment - BSNL,Multi State",,,TELECOMMUNICATIONS,2011-08,2008-03,,355.92,,355.92,,,,2010-03,,,,,,0,0,,,,FR_AUG_2011.pdf,Sector-Wise analysis of projects,63,543
FR_201108_544,,N26000071,544,"Procurement of STM-16 ADM equipment - BSNL,Multi State",,,TELECOMMUNICATIONS,2011-08,2007-02,,477.0,,477.0,,,,2010-03,,,,,,0,0,,,,FR_AUG_2011.pdf,Sector-Wise analysis of projects,63,544
FR_201108_545,,N26000073,545,"Implementation of FTTH, the state of the art Acces - BSNL,Multi State",,,TELECOMMUNICATIONS,2011-08,2007-12,,152.65,,152.65,,,,2010-03,,,,,,0,0,,,,FR_AUG_2011.pdf,Sector-Wise analysis of projects,63,545
FR_201108_546,,N26000074,546,"Procurement of DXC equipment - BSNL,Multi State",,,TELECOMMUNICATIONS,2011-08,2008-02,,229.0,,229.0,,,,2010-03,,,,,,0,0,,,,FR_AUG_2011.pdf,Sector-Wise analysis of projects,63,546
FR_201108_547,,N26000083,547,"GSM equipment of 975000Lines (2G) 325000 lines 3(G - BSNL,Uttar Pradesh",2G,,TELECOMMUNICATIONS,2011-08,2009-02,,625.53,,625.53,,,,2010-02,,,,,,0,0,,,,FR_AUG_2011.pdf,Sector-Wise analysis of projects,64,547
FR_201108_548,,N26000084,548,"GSM equipment of 1100000Lines (2G) UP East Phase - BSNL,Uttar Pradesh",2G,,TELECOMMUNICATIONS,2011-08,2009-09,,624.75,,624.75,,,,2010-09,,,,,,0,0,,,,FR_AUG_2011.pdf,Sector-Wise analysis of projects,64,548
FR_201108_549,,N26000085,549,"GSM equipment of 375000Lines (2G) 75000lines 3(G) - BSNL,West Bengal",G,,TELECOMMUNICATIONS,2011-08,2008-06,,170.23,,170.23,,,,2009-06,,,,,,0,0,,,,FR_AUG_2011.pdf,Sector-Wise analysis of projects,64,549
FR_201108_550,,N26000088,550,"GSM equipment of 799000Lines (2G) 101000 lines 3(G - BSNL,Jharkhandd Total",2G,,TELECOMMUNICATIONS,2011-08,2008-03,,328.13,19713.13,328.12,,,164.58,2009-03,,,,,,0,0,,,,FR_AUG_2011.pdf,Sector-Wise analysis of projects,64,550
FR_201108_551,,N28000008,551,"BANGALORE METRO RAIL PROJECT - MRTP,Karnataka",,,URBAN DEVELOPMENT,2011-08,2006-05,,6395.0,,11609.0,,,2267.57,2011-12,,2013-03,,,,6,6,,,,FR_AUG_2011.pdf,Sector-Wise analysis of projects,64,551
FR_201108_552,,N28000048,552,"C/o office building for IDBI at bandra Kurla Compl - CPWD,Maharashtra Total",,,URBAN DEVELOPMENT,2011-08,2006-11,,114.18,173.08,173.08,,,2267.57,2009-04,,,,,,0,0,,,,FR_AUG_2011.pdf,Sector-Wise analysis of projects,64,552
FR_201108_553,,300100001,553,"PAGLADIYA DAM PROJECT - MoWR,Assam Total",,,WATER RESOURCES,2011-08,2001-01,,542.9,542.9,1187.0,,,35.49,2007-12,,2012-12,,,,0,0,,,,FR_AUG_2011.pdf,Sector-Wise analysis of projects,64,553
