observation_id,project_id,project_code,serial_no,project_name,agency,state,sector,report_date,approval_date,approval_date_revised,original_cost_crore,revised_cost_crore,anticipated_cost_crore,cost_overrun_original_crore,cost_overrun_revised_crore,cumulative_expenditure_crore,original_completion_date,revised_completion_date,anticipated_completion_date,time_overrun_original_months,time_overrun_revised_months,additional_delay_months,milestones_achieved,milestones_total,physical_progress_pct,delay_reason,status,source.report,source.table,source.page,source.serial_no
FR_200703_001,,,1,NEW URANIUM ORE PROCESSING MILL,,,ATOMIC ENERGY,2007-03,2003-09,,343.26,,343.26,0.0,,260.46,2006-06,,2007-06,12.0,,3.0,22,36,,,,MonthlyFR_mar_2007.pdf,Sector-Wise analysis of projects,11,1
FR_200703_002,,,2,"KAIGA ATOM IC POWER PROJECT 3 & 4 UNITS, KAIGA",,,ATOMIC ENERGY,2007-03,2001-05,,4213.0,,3282.0,-931.0,,1921.0,2009-10,,2007-09,-25.0,,,59,75,,,,MonthlyFR_mar_2007.pdf,Sector-Wise analysis of projects,11,2
FR_200703_003,,,3,"RAJASTHAN ATOMIC POWER PROJECT 5 & 6, RAWAT BHATA",,,ATOMIC ENERGY,2007-03,2002-04,,3072.0,,3072.0,0.0,,1591.0,2008-02,,2008-02,0.0,,,49,75,,,,MonthlyFR_mar_2007.pdf,Sector-Wise analysis of projects,11,3
FR_200703_004,,,4,KUDANKULAM APP (NPCIL),NPCIL,,ATOMIC ENERGY,2007-03,2001-12,,13171.0,,13171.0,0.0,,8799.0,2008-12,,2008-12,0.0,,,44,119,,,,MonthlyFR_mar_2007.pdf,Sector-Wise analysis of projects,11,4
FR_200703_005,,,5,PROTOTYPE FAST BREEDER REACTOR,,,ATOMIC ENERGY,2007-03,2003-09,,3492.0,,3492.0,0.0,,543.88,2010-09,,2010-09,0.0,,,6,76,,,,MonthlyFR_mar_2007.pdf,Sector-Wise analysis of projects,11,5
FR_200703_006,,,6,DEVELOPMENT OF VISAKHAPATNAM AIRPORT.,,,ATOMIC ENERGY,2007-03,2002-12,,191.52,,191.52,0.0,,158.0,2005-12,,2007-03,15.0,,,11,27,,,,MonthlyFR_mar_2007.pdf,Sector-Wise analysis of projects,11,6
FR_200703_007,,,7,POOTKI BALIHARI UG,,,COAL,2007-03,1983-12,1997-04,199.87,199.87,182.6,-17.27,-17.27,178.08,1994-03,2000-03,2007-09,162.0,90.0,6.0,5,5,,,,MonthlyFR_mar_2007.pdf,Sector-Wise analysis of projects,11,7
FR_200703_008,,,8,BASUNDHRA(WEST)O.C.P (MCL) (2.40 MTY),,,COAL,2007-03,2003-10,,176.55,,176.55,0.0,,59.62,2008-03,,2008-03,0.0,,,3,4,,,,MonthlyFR_mar_2007.pdf,Sector-Wise analysis of projects,11,8
FR_200703_009,,,9,RAJMAHAL EXPANSION OC PROJECT,,,COAL,2007-03,2006-01,,650.06,,650.06,0.0,,,2009-03,,2009-03,0.0,,,0,0,,,,MonthlyFR_mar_2007.pdf,Sector-Wise analysis of projects,11,9
FR_200703_010,,,10,EXPANSION OF MINE-II,,,COAL,2007-03,2004-10,,2161.28,,2161.28,0.0,,692.58,2009-06,,2009-06,0.0,,,12,23,,,,MonthlyFR_mar_2007.pdf,Sector-Wise analysis of projects,11,10
FR_200703_011,,,11,TPS-II EXPANSION (1470MW TO 1970MW) (NLC),NLC,,COAL,2007-03,2004-10,,2030.78,,2030.78,0.0,,420.06,2009-06,,2009-06,0.0,,,6,24,,,,MonthlyFR_mar_2007.pdf,Sector-Wise analysis of projects,11,11
FR_200703_012,,,12,BARSINGSAR TPS OF 250 MW,,,COAL,2007-03,2004-12,,1114.18,,1114.18,0.0,,288.1,2009-06,,2009-06,0.0,,,10,26,,,,MonthlyFR_mar_2007.pdf,Sector-Wise analysis of projects,11,12
FR_200703_013,,,13,BARSINGSAR LIGNITE MINE,,,COAL,2007-03,2004-12,,254.07,,254.07,0.0,,76.8,2009-06,,2009-06,0.0,,,8,21,,,,MonthlyFR_mar_2007.pdf,Sector-Wise analysis of projects,11,13
FR_200703_014,,,14,JHANJRA LONGWAL UG PHASE-II,,,COAL,2007-03,2006-11,,287.18,,,0.0,,,2009-11,,,0.0,,,0,0,,,,MonthlyFR_mar_2007.pdf,Sector-Wise analysis of projects,11,14
FR_200703_015,,,15,KULDA OCP,,,COAL,2007-03,2005-01,,302.96,,302.96,0.0,,42.43,2010-03,,2010-03,0.0,,,0,4,,,,MonthlyFR_mar_2007.pdf,Sector-Wise analysis of projects,12,15
FR_200703_016,,,16,KRISHNASHILA,,,COAL,2007-03,2006-05,,789.88,,789.88,0.0,,33.3,2010-03,,2010-03,0.0,,,0,1,,,,MonthlyFR_mar_2007.pdf,Sector-Wise analysis of projects,12,16
FR_200703_017,,,17,"GEVRA EXPANSION OCP, 25MTY (SECL)",,,COAL,2007-03,2005-07,,1667.55,,1667.55,0.0,,508.2,2010-03,,2010-03,0.0,,,2,7,,,,MonthlyFR_mar_2007.pdf,Sector-Wise analysis of projects,12,17
FR_200703_018,,,18,DIPKA EXPANSION OCP,,,COAL,2007-03,2005-07,,1268.53,,1268.53,0.0,,438.15,2010-03,,2010-03,0.0,,,0,6,,,,MonthlyFR_mar_2007.pdf,Sector-Wise analysis of projects,12,18
FR_200703_019,,,19,KUSMUNDA EXPANSION OCP,,,COAL,2007-03,2006-06,,737.65,,737.65,0.0,,446.26,2011-03,,2011-03,0.0,,,0,2,,,,MonthlyFR_mar_2007.pdf,Sector-Wise analysis of projects,12,19
FR_200703_020,,,20,ASHOK OC EXPANSION,,,COAL,2007-03,2006-04,,471.66,,471.66,0.0,,77.12,2011-03,,2011-03,0.0,,,0,0,,,,MonthlyFR_mar_2007.pdf,Sector-Wise analysis of projects,12,20
FR_200703_021,,,21,BLOCK-B OCP NCL (3.5 MTY),,,COAL,2007-03,2006-07,,746.04,,746.04,0.0,,41.14,2012-03,,2011-06,-9.0,,,0,1,,,,MonthlyFR_mar_2007.pdf,Sector-Wise analysis of projects,12,21
FR_200703_022,,,22,BHUBANESHWARI OCP (MAHANADI COALFIELDS LTD.) (10 MTY),,,COAL,2007-03,2005-01,,336.68,,336.68,0.0,,13.76,2012-03,,2012-03,0.0,,,0,3,,,,MonthlyFR_mar_2007.pdf,Sector-Wise analysis of projects,12,22
FR_200703_023,,,23,SHANTIKHANI LONGWALL PROJECTS,,,COAL,2007-03,2006-10,,249.03,,249.03,0.0,,10.98,2012-03,,2012-03,0.0,,,0,0,,,,MonthlyFR_mar_2007.pdf,Sector-Wise analysis of projects,12,23
FR_200703_024,,,24,MAGADH OC (CCL),CCL,,COAL,2007-03,2006-07,,469.78,,469.78,0.0,,1.94,2012-07,,2012-07,0.0,,,0,0,,,,MonthlyFR_mar_2007.pdf,Sector-Wise analysis of projects,12,24
FR_200703_025,,,25,ADRIYALA SHAFT PROJECT,,,COAL,2007-03,2006-09,,212.34,,212.34,0.0,,4.38,2013-03,,2013-03,0.0,,,0,5,,,,MonthlyFR_mar_2007.pdf,Sector-Wise analysis of projects,12,25
FR_200703_026,,,26,BINA EXTENSION OC PROJECT,,,COAL,2007-03,2006-11,,168.97,,168.97,0.0,,30.35,2014-03,,2014-03,0.0,,,0,0,,,,MonthlyFR_mar_2007.pdf,Sector-Wise analysis of projects,12,26
FR_200703_027,,,27,AMLOHRI EXPANSION PROJECT 4 TO 10 (6 MTY),,,COAL,2007-03,2006-05,,1352.04,,1352.04,0.0,,,2014-03,,2014-03,0.0,,,1,1,,,,MonthlyFR_mar_2007.pdf,Sector-Wise analysis of projects,12,27
FR_200703_028,,,28,SECOND PHASE EXPANSION OF NALCO,,,MINES,2007-03,2004-10,,4091.51,,4091.51,0.0,,469.89,2008-12,,2008-12,0.0,,,18,111,,,,MonthlyFR_mar_2007.pdf,Sector-Wise analysis of projects,12,28
FR_200703_029,,,29,REBUILDING OF COKE OVEN BATTERY No. 5 BOKARO (SAIL),,,STEEL,2007-03,2004-12,,198.84,,198.84,0.0,,108.56,2007-01,,2007-05,4.0,,,5,8,,,,MonthlyFR_mar_2007.pdf,Sector-Wise analysis of projects,12,29
FR_200703_030,,,30,BLOOM CASTER(SAIL),,,STEEL,2007-03,2004-05,,271.41,,271.41,0.0,,189.53,2006-05,,2007-05,12.0,,2.0,10,10,,,,MonthlyFR_mar_2007.pdf,Sector-Wise analysis of projects,13,30
FR_200703_031,,,31,REBUILDING OFCOKE OVEN BATTERY NO. 1 (SAIL),,,STEEL,2007-03,2003-03,,112.39,,112.39,0.0,,94.96,2005-12,,2007-05,17.0,,1.0,16,17,,,,MonthlyFR_mar_2007.pdf,Sector-Wise analysis of projects,13,31
FR_200703_032,,,32,"COKE OVEN BATTERY No.4 RASHTRIYA ISPAT NIGAM LTD.,VIZAG",,,STEEL,2007-03,2003-12,,286.63,,355.21,68.58,,250.63,2006-12,,2007-08,8.0,,,0,21,,,,MonthlyFR_mar_2007.pdf,Sector-Wise analysis of projects,13,32
FR_200703_033,,,33,REBUILDING OF BLAST FURNACE No. 2,,,STEEL,2007-03,2006-03,,103.93,,103.93,0.0,,28.18,2007-09,,2007-09,0.0,,,2,2,,,,MonthlyFR_mar_2007.pdf,Sector-Wise analysis of projects,13,33
FR_200703_034,,,34,"INSTALLATION OF SLAB CASTLER, RH DEGASSER AND LADLE FURNACE",,,STEEL,2007-03,2005-07,,520.76,,520.76,0.0,,133.74,2007-09,,2007-11,2.0,,,4,5,,,,MonthlyFR_mar_2007.pdf,Sector-Wise analysis of projects,13,34
FR_200703_035,,,35,REBUILDING OF COKE OVEN BATTERY No.5,,,STEEL,2007-03,2004-12,,219.04,,219.04,0.0,,54.29,2007-01,,2007-12,11.0,,,3,8,,,,MonthlyFR_mar_2007.pdf,Sector-Wise analysis of projects,13,35
FR_200703_036,,,36,Coking Coal Storage Facilities in Coal Handling Plant,,,STEEL,2007-03,2006-09,,133.91,,134.32,0.41,,,2008-03,,2008-03,0.0,,,0,0,,,,MonthlyFR_mar_2007.pdf,Sector-Wise analysis of projects,13,36
FR_200703_037,,,37,COAL DUST INJECTION SYSTEM IN BLAST FURNACE-2 & 3,,,STEEL,2007-03,2006-04,,132.73,,133.92,1.19,,5.52,2008-05,,2008-05,0.0,,,0,0,,,,MonthlyFR_mar_2007.pdf,Sector-Wise analysis of projects,13,37
FR_200703_038,,,38,REBUILDING OF COKE OVEN BATTERY NO.10,,,STEEL,2007-03,2007-03,,416.5,,416.5,0.0,,,2009-09,,2009-09,0.0,,,0,0,,,,MonthlyFR_mar_2007.pdf,Sector-Wise analysis of projects,13,38
FR_200703_039,,,39,Development of Bailadila Iron Ore project Deposite-11B,,,STEEL,2007-03,2003-01,,295.89,,295.89,0.0,,,2009-10,,2009-10,0.0,,,0,0,,,,MonthlyFR_mar_2007.pdf,Sector-Wise analysis of projects,13,39
FR_200703_040,,,40,EXPANSION OF RINL/VSP FROM 3 MTPY-6.3 MTPY OF LIQUID STEEL,,,STEEL,2007-03,2005-10,,8692.0,,8692.0,0.0,,296.46,2009-10,,2009-10,0.0,,,0,0,,,,MonthlyFR_mar_2007.pdf,Sector-Wise analysis of projects,13,40
FR_200703_041,,,41,INTEGRATED DEVELOPMENT OF G1 & GS- 15 FIELDS,,,PETROLEUM,2007-03,2003-04,,429.82,,1262.93,833.11,,853.2,2005-03,,2007-03,24.0,,,0,0,,,,MonthlyFR_mar_2007.pdf,Sector-Wise analysis of projects,13,41
FR_200703_042,,,42,MDPL PROJECT(HPCL),HPCL,,PETROLEUM,2007-03,2004-04,,1623.84,,1746.86,123.02,,1236.51,2007-08,,2007-05,-3.0,,,5,10,,,,MonthlyFR_mar_2007.pdf,Sector-Wise analysis of projects,13,42
FR_200703_043,,,43,CRUDE OIL RECEIPT FACLITIES (KOCHI REFINERIES LTD) (BPCL),BPCL,,PETROLEUM,2007-03,2004-03,,622.82,,821.0,198.18,,270.39,2007-05,,2007-05,0.0,,,0,0,,,,MonthlyFR_mar_2007.pdf,Sector-Wise analysis of projects,13,43
FR_200703_044,,,44,"DAHEJ-HAZIRA-URAN GAS PIPELINE, MULTISTATE",,,PETROLEUM,2007-03,2002-12,,1416.0,,1521.23,105.23,,671.96,2005-07,,2007-05,22.0,,,7,10,,,,MonthlyFR_mar_2007.pdf,Sector-Wise analysis of projects,13,44
FR_200703_045,,,45,PARADIP-HALDIA CRUDE OIL PIPLINE SYSTEM,,,PETROLEUM,2007-03,2004-03,,1178.0,,1140.0,-38.0,,1014.93,2006-03,,2007-06,15.0,,2.0,0,0,,,,MonthlyFR_mar_2007.pdf,Sector-Wise analysis of projects,13,45
FR_200703_046,,,46,CLEAN FUELS PROJECT VIZAG REFINERY,,,PETROLEUM,2007-03,2003-04,,1635.0,,,512.79,,1496.24,2006-05,,,15.0,,,10,45,,,,MonthlyFR_mar_2007.pdf,Sector-Wise analysis of projects,13,46
FR_200703_047,,,47,"DEVELOPMENT OF SB-11, BASSEIN FIELD",,,PETROLEUM,2007-03,2005-03,,245.33,,245.33,0.0,,111.82,2007-05,,2007-09,4.0,,4.0,0,0,,,,MonthlyFR_mar_2007.pdf,Sector-Wise analysis of projects,14,47
FR_200703_048,,,48,"ADDITIONAL DEVELOPMENT HEERA, PART-II",,,PETROLEUM,2007-03,2005-01,,569.07,,569.07,0.0,,257.92,2007-04,,2007-09,5.0,,5.0,0,0,,,,MonthlyFR_mar_2007.pdf,Sector-Wise analysis of projects,14,48
FR_200703_049,,,49,ADDITIONAL DEVELOPMENT OF A-1 LAYER,,,PETROLEUM,2007-03,2005-04,,910.53,,910.53,0.0,,472.05,2006-12,,2007-09,9.0,,5.0,0,0,,,,MonthlyFR_mar_2007.pdf,Sector-Wise analysis of projects,14,49
FR_200703_050,,,50,KOYALI-RATLAM PRODUCT PIPLINE,,,PETROLEUM,2007-03,2004-12,,224.69,,181.78,-42.91,,114.65,2006-12,,2007-11,11.0,,3.0,0,0,,,,MonthlyFR_mar_2007.pdf,Sector-Wise analysis of projects,14,50
FR_200703_051,,,51,GREEN FUELS & EMISSION CONTROL PROJECT AT MUMBAI REFINERY,,,PETROLEUM,2007-03,2002-10,,1152.0,,1850.0,698.0,,1280.6,2005-04,,2007-11,31.0,,,62,72,,,,MonthlyFR_mar_2007.pdf,Sector-Wise analysis of projects,14,51
FR_200703_052,,,52,"BARGE BUMPER, BOAT LANDING AND RISER PROTECTORS PROJECT",,,PETROLEUM,2007-03,2006-09,,148.84,,215.96,67.12,,23.06,2008-02,,2008-02,0.0,,,0,0,,,,MonthlyFR_mar_2007.pdf,Sector-Wise analysis of projects,14,52
FR_200703_053,,,53,ADDITIONAL DEVELOPMENT OF BASIN FIELD AND 2nd STAGE BOOSTER,,,PETROLEUM,2007-03,2004-03,,1770.69,,2937.01,1166.32,,1044.1,2008-01,,2008-03,2.0,,,0,0,,,,MonthlyFR_mar_2007.pdf,Sector-Wise analysis of projects,14,53
FR_200703_054,,,54,"DEVELOPMENT OF BASSEIN (VASAI) EAST, WESTERN OFFSHORE",,,PETROLEUM,2007-03,2003-04,,985.17,,1688.38,703.21,,427.49,2006-03,,2008-03,24.0,,,0,0,,,,MonthlyFR_mar_2007.pdf,Sector-Wise analysis of projects,14,54
FR_200703_055,,,55,DABHOL-PANVEL PIPELINE PROJECT,,,PETROLEUM,2007-03,2006-01,,1143.54,,1326.52,182.98,,325.62,2007-07,,2008-04,9.0,,,0,0,,,,MonthlyFR_mar_2007.pdf,Sector-Wise analysis of projects,14,55
FR_200703_056,,,56,C2-C3 & LPG RECOVERY FROM LNG AT DAHEJ,,,PETROLEUM,2007-03,2003-12,,900.92,,1493.49,592.57,,76.65,2006-06,,2008-06,24.0,,1.0,0,0,,,,MonthlyFR_mar_2007.pdf,Sector-Wise analysis of projects,14,56
FR_200703_057,,,57,PANIPAT-JALANDHAR LPG PIPELINE,,,PETROLEUM,2007-03,2006-05,,186.72,,186.72,0.0,,1.26,2008-08,,2008-08,0.0,,3.0,0,0,,,,MonthlyFR_mar_2007.pdf,Sector-Wise analysis of projects,14,57
FR_200703_058,,,58,AUGMENTATION OF MUNDRA-PANIPAT LINE,,,PETROLEUM,2007-03,2005-06,,205.0,,205.0,0.0,,3.92,2008-03,,2008-12,9.0,,9.0,0,0,,,,MonthlyFR_mar_2007.pdf,Sector-Wise analysis of projects,14,58
FR_200703_059,,,59,MUMBAI HIGH SOUTH DEVELOPMENT (ONGCL),ONGCL,,PETROLEUM,2007-03,2001-10,,5255.97,,6579.25,1323.28,,6177.11,2007-07,,2008-12,17.0,,,11,11,,,,MonthlyFR_mar_2007.pdf,Sector-Wise analysis of projects,14,59
FR_200703_060,,,60,EXPANSION OF PANIPAT REFINERY 15 MMTPA,,,PETROLEUM,2007-03,2005-06,,806.0,,806.0,0.0,,38.62,2008-03,,2008-12,9.0,,1.0,0,0,,,,MonthlyFR_mar_2007.pdf,Sector-Wise analysis of projects,14,60
FR_200703_061,,,61,DEVELOPMENT OF C-SERIES FIELDS,,,PETROLEUM,2007-03,2006-08,,3195.16,,3195.16,0.0,,,2008-12,,2008-12,0.0,,,0,0,,,,MonthlyFR_mar_2007.pdf,Sector-Wise analysis of projects,14,61
FR_200703_062,,,62,DADRI PANIPAT LNG PIPLINE,,,PETROLEUM,2007-03,2005-06,,250.66,,250.66,0.0,,1.12,2008-06,,2009-01,7.0,,,0,0,,,,MonthlyFR_mar_2007.pdf,Sector-Wise analysis of projects,14,62
FR_200703_063,,,63,"IMPROVED OIL RECOVERY PROJECT, RUDRASAGAR",,,PETROLEUM,2007-03,2001-09,,113.9,,219.22,105.32,,122.78,2006-03,,2009-03,36.0,,,6,6,,,,MonthlyFR_mar_2007.pdf,Sector-Wise analysis of projects,14,63
FR_200703_064,,,64,DIESEL HYDROGEN TREATMENT PROJECT,,,PETROLEUM,2007-03,2006-05,,1431.91,,,0.0,,112.66,2009-09,,,1.0,,,0,0,,,,MonthlyFR_mar_2007.pdf,Sector-Wise analysis of projects,14,64
FR_200703_065,,,65,PANIPAT-NAPHTA CRACKER PROJECT,,,PETROLEUM,2007-03,2006-04,,12138.0,,14438.96,2300.96,,1161.53,2009-09,,2009-11,2.0,,,0,0,,,,MonthlyFR_mar_2007.pdf,Sector-Wise analysis of projects,15,65
FR_200703_066,,,66,INST. OF FACILITIES FOR IMPROVEMENT IN DIESEL QUALITY (IOCL),,,PETROLEUM,2007-03,2005-11,,1876.0,,2869.0,993.0,,165.13,2009-04,,2009-12,8.0,,,0,0,,,,MonthlyFR_mar_2007.pdf,Sector-Wise analysis of projects,15,66
FR_200703_067,,,67,RESIDUE UPGRADATION & MS/HSD QUANLITY IMPROVEMENT PROJECT,,,PETROLEUM,2007-03,2007-01,,5693.0,,5693.0,0.0,,24.22,2010-01,,2010-01,0.0,,,0,0,,,,MonthlyFR_mar_2007.pdf,Sector-Wise analysis of projects,15,67
FR_200703_068,,,68,IOR LAKWA-LAKHMANI,,,PETROLEUM,2007-03,2001-09,,345.1,,429.38,84.28,,237.74,2007-03,,2010-03,36.0,,36.0,3,3,,,,MonthlyFR_mar_2007.pdf,Sector-Wise analysis of projects,15,68
FR_200703_069,,,69,HEERA AND SOUTH HEERA REDEVELOPMENT PROJECT,,,PETROLEUM,2007-03,2006-09,,2305.3,,2305.3,0.0,,,2010-06,,2010-06,0.0,,,0,0,,,,MonthlyFR_mar_2007.pdf,Sector-Wise analysis of projects,15,69
FR_200703_070,,,70,"IMPROVED OIL RECOVERY PROJECT, GELEKI",,,PETROLEUM,2007-03,2001-09,,390.09,,834.9,444.81,,344.08,2007-03,,2011-03,48.0,,,6,6,,,,MonthlyFR_mar_2007.pdf,Sector-Wise analysis of projects,15,70
FR_200703_071,,,71,PIPLINE EXTENTION TO PAKNI VIA HAZARWADI (HPCL),HPCL,,PETROLEUM,2007-03,2004-04,,335.17,,335.17,0.0,,254.67,2006-09,,,,,,0,0,,,,MonthlyFR_mar_2007.pdf,Sector-Wise analysis of projects,15,71
FR_200703_072,,,72,VINDHYACHAL-KORBA (P.GRID),P.GRID,,POWER,2007-03,2004-02,,164.02,,222.0,57.98,,173.32,2007-02,,2007-04,2.0,,1.0,10,11,,,,MonthlyFR_mar_2007.pdf,Sector-Wise analysis of projects,15,72
FR_200703_073,,,73,SYSTEM STRENGTHENING - III OF SOUTHERN REGION (PGCIL),,,POWER,2007-03,2004-10,,284.79,,235.08,-49.71,,220.02,2007-04,,2007-04,0.0,,,5,7,,,,MonthlyFR_mar_2007.pdf,Sector-Wise analysis of projects,15,73
FR_200703_074,,,74,SIPAT TRANSMISSION SYSTEM STAGE-I (3x660 MW) (2104 CKM),,,POWER,2007-03,2003-12,,1454.79,,1997.75,542.96,,1655.46,2007-02,,2007-05,3.0,,1.0,18,23,,,,MonthlyFR_mar_2007.pdf,Sector-Wise analysis of projects,15,74
FR_200703_075,,,75,"KAHALGAON STPP STAGE-II, 3x500 MW",,,POWER,2007-03,2004-05,,5868.31,,5868.37,0.06,,3279.27,2007-05,,2007-05,0.0,,,46,57,,,,MonthlyFR_mar_2007.pdf,Sector-Wise analysis of projects,15,75
FR_200703_076,,,76,SYSTEM STRENGTHNING SCHEME-V OF SOUTH REGION,,,POWER,2007-03,2004-06,,92.12,,105.86,13.74,,32.71,2007-06,,2007-06,0.0,,,0,0,,,,MonthlyFR_mar_2007.pdf,Sector-Wise analysis of projects,15,76
FR_200703_077,,,77,NORTHERN REGION SYSTEM STRENGTHENING SCHEME-I (336 CKM),,,POWER,2007-03,2004-01,,271.8,,281.38,9.58,,256.56,2006-07,,2007-06,11.0,,3.0,3,13,,,,MonthlyFR_mar_2007.pdf,Sector-Wise analysis of projects,15,77
FR_200703_078,,,78,VINDHYACHAL STAGE -III TRANSMISSION SYSTEM (P.GR.),,,POWER,2007-03,2004-07,,596.47,,692.41,95.94,,536.76,2007-07,,2007-07,0.0,,,7,11,,,,MonthlyFR_mar_2007.pdf,Sector-Wise analysis of projects,15,78
FR_200703_079,,,79,VINDHYACHAL STPP ST.-III (NTPC),NTPC,,POWER,2007-03,2003-02,,4125.0,,4201.5,76.5,,3007.16,2007-08,,2007-08,0.0,,,38,40,,,,MonthlyFR_mar_2007.pdf,Sector-Wise analysis of projects,15,79
FR_200703_080,,,80,SIPAT STAGE-II TRANSMISSION SYSTEM (2x500 MW) (680 CKM),,,POWER,2007-03,2004-08,,601.9,,635.0,33.1,,522.66,2007-08,,2007-08,0.0,,,4,13,,,,MonthlyFR_mar_2007.pdf,Sector-Wise analysis of projects,15,80
FR_200703_081,,,81,KAHALGOAN STAGE-II,,,POWER,2007-03,2005-01,,464.02,,,0.0,,308.22,2007-10,,,0.0,,,3,18,,,,MonthlyFR_mar_2007.pdf,Sector-Wise analysis of projects,15,81
FR_200703_082,,,82,KAHALGAON-II(PHASE-I) TRANSMISSION SYSTEM (PGCIL),,,POWER,2007-03,2004-10,,1771.93,,2967.85,1195.92,,2171.89,2007-10,,2007-10,0.0,,3.0,7,19,,,,MonthlyFR_mar_2007.pdf,Sector-Wise analysis of projects,16,82
FR_200703_083,,,83,WESTERN REGION SYSTEM STRENGTHENING SCHEME - 1(PR. GR.),,,POWER,2007-03,2004-08,,199.21,,206.53,7.32,,100.83,2007-11,,2007-11,0.0,,,6,19,,,,MonthlyFR_mar_2007.pdf,Sector-Wise analysis of projects,16,83
FR_200703_084,,,84,KAIGA 3&4 TRANSMISSION SYSTEM (759 CKM),,,POWER,2007-03,2005-03,,596.45,,588.25,-8.2,,253.74,2007-12,,2007-12,0.0,,,3,18,,,,MonthlyFR_mar_2007.pdf,Sector-Wise analysis of projects,16,84
FR_200703_085,,,85,"SIPAT STPP STAGE-II, 2x500 MW",,,POWER,2007-03,2003-11,,4039.67,,4039.67,0.0,,2335.34,2007-12,,2007-12,0.0,,,30,40,,,,MonthlyFR_mar_2007.pdf,Sector-Wise analysis of projects,16,85
FR_200703_086,,,86,"NEYVELI TS-II TRANSIMISSION SYSTEM, 838 CKM",,,POWER,2007-03,2005-01,,691.83,,778.05,86.22,,195.21,2007-12,,2007-12,0.0,,,6,20,,,,MonthlyFR_mar_2007.pdf,Sector-Wise analysis of projects,16,86
FR_200703_087,,,87,SYSTEM STRENGTHENING SCHEME-VI OF SOUTHERN REGION (156 CKM),,,POWER,2007-03,2005-03,,113.73,,113.73,0.0,,45.77,2007-12,,2007-12,0.0,,,7,20,,,,MonthlyFR_mar_2007.pdf,Sector-Wise analysis of projects,16,87
FR_200703_088,,,88,TEESTA HYDRO ELECTRIC PROJECT STAGE-V 3x170 MW,,,POWER,2007-03,2000-02,,2198.04,,2198.04,0.0,,2214.89,2007-02,,2008-01,11.0,,,25,41,,,,MonthlyFR_mar_2007.pdf,Sector-Wise analysis of projects,16,88
FR_200703_089,,,89,BINA-NAGDA TRANSMISSION SYSTEM (P.GR.),,,POWER,2007-03,2004-07,,266.93,,294.25,27.32,,220.32,2008-03,,2008-03,0.0,,,3,14,,,,MonthlyFR_mar_2007.pdf,Sector-Wise analysis of projects,16,89
FR_200703_090,,,90,NORTHERN REGION SYSTEM STRENGTHING SCHEME-III (180 CKM),,,POWER,2007-03,2004-07,,230.52,,265.74,35.22,,145.7,2008-03,,2008-03,0.0,,,2,14,,,,MonthlyFR_mar_2007.pdf,Sector-Wise analysis of projects,16,90
FR_200703_091,,,91,RAPP 5&6 TRANSMISSION SYSTEM (448 CKM),,,POWER,2007-03,2005-06,,499.45,,509.79,10.34,,294.86,2008-03,,2008-03,0.0,,,5,18,,,,MonthlyFR_mar_2007.pdf,Sector-Wise analysis of projects,16,91
FR_200703_092,,,92,UPGR. OF TRANSFER CAPACITY OF TALCHER KOLAR HVDC BIPO(PGCIL),,,POWER,2007-03,2005-07,,118.33,,118.33,0.0,,,2008-04,,2008-04,0.0,,10.0,0,0,,,,MonthlyFR_mar_2007.pdf,Sector-Wise analysis of projects,16,92
FR_200703_093,,,93,TRANSMISSION SYSTEM - TEESTA-V HEP(3*170) (P.GRID),P.GRID,,POWER,2007-03,2004-12,,208.75,,251.57,42.82,,126.63,2008-05,,2008-05,0.0,,,9,23,,,,MonthlyFR_mar_2007.pdf,Sector-Wise analysis of projects,16,93
FR_200703_094,,,94,KOTESWAR TRANSMISSION SYSTEM (PGCIL),,,POWER,2007-03,2006-06,,260.34,,260.34,0.0,,11.28,2008-06,,2008-06,0.0,,,3,20,,,,MonthlyFR_mar_2007.pdf,Sector-Wise analysis of projects,16,94
FR_200703_095,,,95,SIPAT-II SUPPLEMENTARY TRANSMISSION SYSTEM (1167 CKM),,,POWER,2007-03,2005-06,,813.67,,813.67,0.0,,2.24,2008-06,,2008-06,0.0,,,0,22,,,,MonthlyFR_mar_2007.pdf,Sector-Wise analysis of projects,16,95
FR_200703_096,,,96,TESSTA LOW DAM HYDRO ELECTRIC PROJECT STAGE- III 4x33 MW,,,POWER,2007-03,2003-10,,768.92,,768.92,0.0,,429.64,2007-03,,2008-09,18.0,,,2,25,,,,MonthlyFR_mar_2007.pdf,Sector-Wise analysis of projects,16,96
FR_200703_097,,,97,KOLDAM - HEP TRANSMISSION SYSTEM (396 CKM),,,POWER,2007-03,2005-09,,464.91,,464.91,0.0,,6.48,2008-09,,2008-09,0.0,,,4,22,,,,MonthlyFR_mar_2007.pdf,Sector-Wise analysis of projects,16,97
FR_200703_098,,,98,KUNADANKULAM-APP TRANSMISSION SYSTEM (1838 CKM),,,POWER,2007-03,2005-05,,1779.29,,1779.29,0.0,,482.56,2008-11,,2008-11,0.0,,,13,38,,,,MonthlyFR_mar_2007.pdf,Sector-Wise analysis of projects,16,98
FR_200703_099,,,99,SEWA-II HYDRO ELECTRIC,,,POWER,2007-03,2003-09,,665.46,,,0.0,,459.9,2007-09,,,15.0,,,9,36,,,,MonthlyFR_mar_2007.pdf,Sector-Wise analysis of projects,16,99
FR_200703_100,,,100,TRANSMISSION SYSTEM ASSOCIATED WITH PARBATI = II HEP,,,POWER,2007-03,2005-12,,358.42,,358.42,0.0,,3.29,2008-12,,2008-12,0.0,,,0,15,,,,MonthlyFR_mar_2007.pdf,Sector-Wise analysis of projects,17,100
FR_200703_101,,,101,TRANSMISSION SYSTEM ASSOCIATED WITH NORTH- WEST TRANS.(PGCIL),,,POWER,2007-03,2006-01,,483.1,,483.1,0.0,,,2009-01,,2009-01,0.0,,,0,0,,,,MonthlyFR_mar_2007.pdf,Sector-Wise analysis of projects,17,101
FR_200703_102,,,102,TUIRIAL HYDRO ELECTRIC PROJECT (2x30MW),,,POWER,2007-03,1998-07,,368.72,,687.8,319.08,,233.67,2006-07,,2009-03,32.0,,,2,5,,,,MonthlyFR_mar_2007.pdf,Sector-Wise analysis of projects,17,102
FR_200703_103,,,103,"KOLDAM HYDRO ELECTRIC PROJECT, 4x200 MW",,,POWER,2007-03,2002-10,,4527.15,,4527.15,0.0,,1536.6,2009-04,,2009-04,0.0,,,15,41,,,,MonthlyFR_mar_2007.pdf,Sector-Wise analysis of projects,17,103
FR_200703_104,,,104,SYSTEM STRENGTENING SCHEME IN ROORKEE AREA (PGCIL),,,POWER,2007-03,2005-12,,109.95,,109.95,0.0,,,2009-05,,2009-05,0.0,,11.0,0,0,,,,MonthlyFR_mar_2007.pdf,Sector-Wise analysis of projects,17,104
FR_200703_105,,,105,EAST-WEST TRANSNISSION CORRIDOR STRENGTHNING SCHEME,,,POWER,2007-03,2006-06,,803.7,,803.7,0.0,,,2009-06,,2009-06,0.0,,,0,0,,,,MonthlyFR_mar_2007.pdf,Sector-Wise analysis of projects,17,105
FR_200703_106,,,106,SYSTEM STRENGTHENING- VII OF SOUTHERN REGION (248 CKM),,,POWER,2007-03,2005-05,,279.3,,279.3,0.0,,0.21,2009-07,,2009-07,0.0,,16.0,0,0,,,,MonthlyFR_mar_2007.pdf,Sector-Wise analysis of projects,17,106
FR_200703_107,,,107,PARBATI HYDRO ELECTRIC PROJECT STAGE-II 4x200 MW,,,POWER,2007-03,2002-09,,3919.59,,3919.59,0.0,,1804.83,2009-09,,2009-09,0.0,,,1,20,,,,MonthlyFR_mar_2007.pdf,Sector-Wise analysis of projects,17,107
FR_200703_108,,,108,TEESTA LOW DAM HYDRO ELECTRIC PROJECT STAGE- IV 4x40 MW,,,POWER,2007-03,2005-09,,1061.38,,1061.38,0.0,,90.86,2009-09,,2009-09,0.0,,,0,0,,,,MonthlyFR_mar_2007.pdf,Sector-Wise analysis of projects,17,108
FR_200703_109,,,109,TRANSMISSION SY. ASSOCIATED WITH BARH GENER. PROJECT(P.GR.),,,POWER,2007-03,2005-12,,3779.46,,3779.46,0.0,,227.88,2009-09,,2009-09,0.0,,,5,30,,,,MonthlyFR_mar_2007.pdf,Sector-Wise analysis of projects,17,109
FR_200703_110,,,110,EASTERN REGION STRENGTHENING SCHEME-I (1142 CKM),,,POWER,2007-03,2004-10,,975.96,,975.96,0.0,,,2009-10,,2009-10,0.0,,1.0,0,0,,,,MonthlyFR_mar_2007.pdf,Sector-Wise analysis of projects,17,110
FR_200703_111,,,111,URI H.E.P STAGE -II (NHPC),NHPC,,POWER,2007-03,2005-08,,1729.29,,1724.79,-4.5,,253.49,2009-11,,2009-11,0.0,,,0,0,,,,MonthlyFR_mar_2007.pdf,Sector-Wise analysis of projects,17,111
FR_200703_112,,,112,"SIPAT STPP STAGE -I, 3x660 MW",,,POWER,2007-03,2003-12,,8323.39,,8323.39,0.0,,3129.4,2009-12,,2009-12,0.0,,,30,56,,,,MonthlyFR_mar_2007.pdf,Sector-Wise analysis of projects,17,112
FR_200703_113,,,113,"KORBA STPP STAGE-III, 1x500 MW",,,POWER,2007-03,2006-08,,2448.5,,2448.49,-0.01,,215.91,2010-02,,2010-02,0.0,,,0,0,,,,MonthlyFR_mar_2007.pdf,Sector-Wise analysis of projects,17,113
FR_200703_114,,,114,"NATIONAL CAPITAL THERMAL POWER PROJECT STAGE-II, 2x490 MW",,,POWER,2007-03,2006-10,,5135.33,,5135.33,0.0,,271.36,2010-10,,2010-04,-6.0,,,0,40,,,,MonthlyFR_mar_2007.pdf,Sector-Wise analysis of projects,17,114
FR_200703_115,,,115,"KOTESHWAR HYDRO ELECTRIC PROJECT, 4x100 MW",,,POWER,2007-03,2000-04,,1301.56,,1301.56,0.0,,448.35,2005-04,,2010-06,62.0,,26.0,0,0,,,,MonthlyFR_mar_2007.pdf,Sector-Wise analysis of projects,17,115
FR_200703_116,,,116,"FARAKKA STPP STAGE-III, 1x500 MW",,,POWER,2007-03,2006-07,,2570.44,,2570.44,0.0,,139.44,2010-08,,2010-08,0.0,,,4,26,,,,MonthlyFR_mar_2007.pdf,Sector-Wise analysis of projects,17,116
FR_200703_117,,,117,NIMOO BAZGO HYDRO,,,POWER,2007-03,2006-08,,611.01,,,0.0,,52.84,2010-08,,,0.0,,,0,0,,,,MonthlyFR_mar_2007.pdf,Sector-Wise analysis of projects,17,117
FR_200703_118,,,118,CHAMERA HYDRO ELECTRIC PROJECT STAGE-III 231 MW,,,POWER,2007-03,2005-08,,1405.63,,1405.63,0.0,,221.04,2010-08,,2010-08,0.0,,,0,0,,,,MonthlyFR_mar_2007.pdf,Sector-Wise analysis of projects,18,118
FR_200703_119,,,119,PARBATI HYDRO ELECTRIC PROJECT STAGE -III 4x130 MW,,,POWER,2007-03,2005-10,,2304.56,,2304.56,0.0,,248.55,2010-10,,2010-11,1.0,,,0,0,,,,MonthlyFR_mar_2007.pdf,Sector-Wise analysis of projects,18,119
FR_200703_120,,,120,"BARH STPP, 3x660 MW",,,POWER,2007-03,2003-12,,8692.97,,8692.97,0.0,,1139.95,2010-11,,2010-11,0.0,,,12,51,,,,MonthlyFR_mar_2007.pdf,Sector-Wise analysis of projects,18,120
FR_200703_121,,,121,"CHUTAK HYDRO ELECTRIC PROJECT 4X11 MW, KARGIL",,,POWER,2007-03,2006-08,,621.26,,621.26,0.0,,43.08,2011-02,,2011-02,0.0,,,0,0,,,,MonthlyFR_mar_2007.pdf,Sector-Wise analysis of projects,18,121
FR_200703_122,,,122,KAMENG HYDRO ELECTRIC PROJECT 4x150 MW,,,POWER,2007-03,2004-12,,2496.9,,2496.9,0.0,,520.29,2009-12,,2011-03,15.0,,,0,107,,,,MonthlyFR_mar_2007.pdf,Sector-Wise analysis of projects,18,122
FR_200703_123,,,123,"TEHRI PUMPED STORAGE PLANT, 4x250 MW",,,POWER,2007-03,2006-07,,1657.0,,1657.0,0.0,,172.03,2010-07,,2011-06,11.0,,11.0,0,0,,,,MonthlyFR_mar_2007.pdf,Sector-Wise analysis of projects,18,123
FR_200703_124,,,124,"LOHARINAG PALA HYDRO ELECTRIC PROJECT, 4x150 MW",,,POWER,2007-03,2006-06,,2895.1,,2895.1,0.0,,135.87,2011-11,,2011-10,-1.0,,,2,34,,,,MonthlyFR_mar_2007.pdf,Sector-Wise analysis of projects,18,124
FR_200703_125,,,125,LOWER SUBANSIRI HYDRO ELECTRIC PROJECT 8x250 MW,,,POWER,2007-03,2003-09,,6285.33,,6285.33,0.0,,1546.21,2010-09,,2012-01,16.0,,16.0,0,11,,,,MonthlyFR_mar_2007.pdf,Sector-Wise analysis of projects,18,125
FR_200703_126,,,126,"TAPOVAN-VISHNUGAD HYDRO ELECTRIC PROJECT, 4x130 MW",,,POWER,2007-03,2006-11,,2978.48,,2978.48,0.0,,85.51,2013-03,,2013-03,0.0,,,0,31,,,,MonthlyFR_mar_2007.pdf,Sector-Wise analysis of projects,18,126
FR_200703_127,,,127,TRANSMISSION SYSTEM ASSOCIATED WITH TALA HYDRO ELECTRIC PROJ,,,POWER,2007-03,2003-06,,1980.7,,2483.88,503.18,,681.22,2006-06,,,,,,25,37,,,,MonthlyFR_mar_2007.pdf,Sector-Wise analysis of projects,18,127
FR_200703_128,,,128,LOKTAK DOWNSTREAM HYDRO ELECTRIC PROJECT 3x30/2x33 MW,,,POWER,2007-03,1999-12,,578.62,,578.62,0.0,,28.33,2006-06,,,,,,0,0,,,,MonthlyFR_mar_2007.pdf,Sector-Wise analysis of projects,18,128
FR_200703_129,,,129,NORTH-EAST INDIRA GANDHI REGIONAL INSTITUTE OF H & MS,,,HEALTH & FW,2007-03,1986-05,2001-02,71.18,422.6,422.6,351.42,0.0,294.95,1999-03,2005-03,2007-06,99.0,27.0,,7,16,,,,MonthlyFR_mar_2007.pdf,Sector-Wise analysis of projects,18,129
FR_200703_130,,,130,KHARAGPUR - BHUBANESWAR(RE) INCL. ADRA-MIDNAPORE(RE) (RVNL),RVNL,,RAILWAYS,2007-03,1995-03,,258.58,,371.01,112.43,,336.0,2000-03,,2007-03,84.0,,,0,0,,,,MonthlyFR_mar_2007.pdf,Sector-Wise analysis of projects,18,130
FR_200703_131,,,131,AMRAVATI-NARKHER NEW LINE PROJECT,,,RAILWAYS,2007-03,1994-06,1996-07,120.9,175.3,284.27,163.37,108.97,170.67,1999-06,,2007-03,93.0,,,0,0,,,,MonthlyFR_mar_2007.pdf,Sector-Wise analysis of projects,18,131
FR_200703_132,,,132,GUNA-ETAWAH via,,,RAILWAYS,2007-03,1985-04,,158.77,,,241.23,,196.43,1994-03,,,159.0,,,0,0,,,,MonthlyFR_mar_2007.pdf,Sector-Wise analysis of projects,18,132
FR_200703_133,,,133,AMBALA-MORADABAD,,,RAILWAYS,2007-03,1993-03,,152.21,157.76,222.96,70.75,65.2,232.7,1998-03,,2007-06,111.0,,3.0,0,0,,,,MonthlyFR_mar_2007.pdf,Sector-Wise analysis of projects,19,133
FR_200703_134,,,134,2ND BRIDGE ON BIRUPA & MAHANADI,,,RAILWAYS,2007-03,1997-04,,93.1,109.45,122.0,28.9,12.55,63.3,,,2007-07,,,,0,0,,,,MonthlyFR_mar_2007.pdf,Sector-Wise analysis of projects,19,134
FR_200703_135,,,135,KATPADI-PAKALA- TIRUPATI(GC)ELECTRIFICAT. AS PART OF GC (SCR),SCR,,RAILWAYS,2007-03,1992-04,,130.0,,210.81,80.81,,175.12,2007-03,,2007-09,6.0,,,0,0,,,,MonthlyFR_mar_2007.pdf,Sector-Wise analysis of projects,19,135
FR_200703_136,,,136,ARA-SASARAM,,,RAILWAYS,2007-03,1997-07,,120.0,,189.14,69.14,,192.3,2006-03,,2007-12,21.0,,,0,0,,,,MonthlyFR_mar_2007.pdf,Sector-Wise analysis of projects,19,136
FR_200703_137,,,137,HAPUR-KANKATHER,,,RAILWAYS,2007-03,2003-04,,106.64,106.64,106.64,0.0,0.0,73.87,2007-03,,2007-12,9.0,,,0,0,,,,MonthlyFR_mar_2007.pdf,Sector-Wise analysis of projects,19,137
FR_200703_138,,,138,RAJGIR-TILAIYA,,,RAILWAYS,2007-03,2001-04,,180.82,180.82,180.82,0.0,0.0,152.23,2006-03,,2007-12,21.0,,,0,0,,,,MonthlyFR_mar_2007.pdf,Sector-Wise analysis of projects,19,138
FR_200703_139,,,139,KHURDA ROAD-BOLANGIR,,,RAILWAYS,2007-03,1994-04,,355.38,,1000.0,644.62,,43.98,,,2007-12,,,,0,0,,,,MonthlyFR_mar_2007.pdf,Sector-Wise analysis of projects,19,139
FR_200703_140,,,140,TOLLYGANJ-GARIA,,,RAILWAYS,2007-03,2000-03,,907.69,,907.69,0.0,,573.35,2006-12,,2007-12,12.0,,,0,0,,,,MonthlyFR_mar_2007.pdf,Sector-Wise analysis of projects,19,140
FR_200703_141,,,141,KUMARGHAT-AGARTALA,,,RAILWAYS,2007-03,1996-04,,575.0,,879.99,304.99,,633.67,2007-03,,2007-12,9.0,,,0,0,,,,MonthlyFR_mar_2007.pdf,Sector-Wise analysis of projects,19,141
FR_200703_142,,,142,MUZAFFARPUR-SITAMARHI,,,RAILWAYS,2007-03,1997-03,,100.0,,210.79,110.79,,111.26,,,2008-01,10.0,,10.0,0,0,,,,MonthlyFR_mar_2007.pdf,Sector-Wise analysis of projects,19,142
FR_200703_143,,,143,BELAPUR-SEAWOOD-URAN ELECTRIFIED DOUBLE LINE,,,RAILWAYS,2007-03,1996-03,1997-07,401.81,,495.44,93.63,,93.56,2004-03,,2008-03,48.0,,,0,0,,,,MonthlyFR_mar_2007.pdf,Sector-Wise analysis of projects,19,143
FR_200703_144,,,144,DEOGHAR-DUMKA NEW BROAD GAUGE LINE,,,RAILWAYS,2007-03,1999-02,,180.73,,180.73,0.0,,151.73,2006-12,,2008-03,15.0,,,0,0,,,,MonthlyFR_mar_2007.pdf,Sector-Wise analysis of projects,19,144
FR_200703_145,,,145,RAJKOT-VERAVAL SOMNATH SECTION MATERIAL TO WANSJALIYA,,,RAILWAYS,2007-03,1992-04,,112.53,320.66,374.34,261.81,53.68,265.14,1996-03,,2008-03,144.0,,,0,0,,,,MonthlyFR_mar_2007.pdf,Sector-Wise analysis of projects,19,145
FR_200703_146,,,146,DANIAWAN-BIHARSHARIF,,,RAILWAYS,2007-03,2001-04,,104.79,,104.79,0.0,,40.55,,,2008-03,,,,0,0,,,,MonthlyFR_mar_2007.pdf,Sector-Wise analysis of projects,19,146
FR_200703_147,,,147,NEW JALPAIGURI - SILIGURI - NEW BONGAIGAON,,,RAILWAYS,2007-03,1998-11,,536.85,,890.83,353.98,,824.15,2003-03,,2008-03,60.0,,,0,0,,,,MonthlyFR_mar_2007.pdf,Sector-Wise analysis of projects,19,147
FR_200703_148,,,148,JALANDHAR-PATHANKOT- JAMMU TAWI,,,RAILWAYS,2007-03,2002-03,,409.0,408.76,461.23,52.23,52.47,463.2,2007-06,,2008-03,9.0,,,0,0,,,,MonthlyFR_mar_2007.pdf,Sector-Wise analysis of projects,19,148
FR_200703_149,,,149,KATIHAR-JOGBANI,,,RAILWAYS,2007-03,2001-09,,100.0,,492.98,392.98,,429.15,,,2008-03,,,,0,0,,,,MonthlyFR_mar_2007.pdf,Sector-Wise analysis of projects,19,149
FR_200703_150,,,150,AJMER-PHULERA-RINGUS-,,,RAILWAYS,2007-03,2005-04,,352.0,,,299.99,,267.0,2008-03,,,0.0,,,0,0,,,,MonthlyFR_mar_2007.pdf,Sector-Wise analysis of projects,19,150
FR_200703_151,,,151,NANGALDAM-TALWARA NEW LINE PROJECT,,,RAILWAYS,2007-03,1981-03,1985-05,37.68,,300.0,262.32,,125.64,,,2008-03,,,,0,0,,,,MonthlyFR_mar_2007.pdf,Sector-Wise analysis of projects,20,151
FR_200703_152,,,152,MACHERLA-NALGONDA,,,RAILWAYS,2007-03,1998-07,,125.0,,243.17,118.17,,0.27,2008-07,,2008-07,0.0,,,0,0,,,,MonthlyFR_mar_2007.pdf,Sector-Wise analysis of projects,20,152
FR_200703_153,,,153,CHANDIGARH-LUDHIANA,,,RAILWAYS,2007-03,1997-07,,248.44,,577.03,328.59,,268.43,,,2008-09,,,,0,0,,,,MonthlyFR_mar_2007.pdf,Sector-Wise analysis of projects,20,153
FR_200703_154,,,154,RAICHUR-GUNTAKAL,,,RAILWAYS,2007-03,2003-04,,136.62,,221.93,85.31,,1.15,2007-12,,2008-09,9.0,,,0,0,,,,MonthlyFR_mar_2007.pdf,Sector-Wise analysis of projects,20,154
FR_200703_155,,,155,BHILDI-SAMDARI,,,RAILWAYS,2007-03,1999-04,,244.74,,244.74,0.0,,99.4,,,2008-09,,,,0,0,,,,MonthlyFR_mar_2007.pdf,Sector-Wise analysis of projects,20,155
FR_200703_156,,,156,ALIGARH-GAZIABAD 3rd LINE,,,RAILWAYS,2007-03,2003-04,,230.73,,399.47,168.74,,26.3,2009-03,,2008-09,-6.0,,,0,0,,,,MonthlyFR_mar_2007.pdf,Sector-Wise analysis of projects,20,156
FR_200703_157,,,157,HARIDASPUR-PARADEEP,,,RAILWAYS,2007-03,1996-04,,301.64,,456.0,154.36,,47.9,,,2008-12,,,,0,0,,,,MonthlyFR_mar_2007.pdf,Sector-Wise analysis of projects,20,157
FR_200703_158,,,158,LANJHIGARH ROAD- JUNAGARH,,,RAILWAYS,2007-03,1993-04,,100.0,119.29,119.29,19.29,0.0,26.45,2002-03,,2008-12,81.0,,,0,0,,,,MonthlyFR_mar_2007.pdf,Sector-Wise analysis of projects,20,158
FR_200703_159,,,159,"MAYNAGURI TO JOGIGHOPA VIA CHANGRA (NL),NEFR",,,RAILWAYS,2007-03,2000-02,,733.0,,894.38,161.38,,149.08,2008-12,,2008-12,0.0,,,0,0,,,,MonthlyFR_mar_2007.pdf,Sector-Wise analysis of projects,20,159
FR_200703_160,,,160,RAJATGARH-BARANG,,,RAILWAYS,2007-03,1999-04,,166.16,,247.0,80.84,,36.4,,,2008-12,,,,0,0,,,,MonthlyFR_mar_2007.pdf,Sector-Wise analysis of projects,20,160
FR_200703_161,,,161,PRATAPNAGAR-CHOTA UDAIPUR,,,RAILWAYS,2007-03,2005-04,,148.61,,227.52,78.91,,12.81,2008-03,,2008-12,9.0,,,0,0,,,,MonthlyFR_mar_2007.pdf,Sector-Wise analysis of projects,20,161
FR_200703_162,,,162,CUTTACK-BARANG,,,RAILWAYS,2007-03,1995-04,,127.13,,141.0,13.87,,25.4,,,2009-03,,,,0,0,,,,MonthlyFR_mar_2007.pdf,Sector-Wise analysis of projects,20,162
FR_200703_163,,,163,KHURDA ROAD-BARANG 3rd LINE,,,RAILWAYS,2007-03,2000-04,,133.41,,209.0,75.59,,0.63,,,2009-03,,,,0,0,,,,MonthlyFR_mar_2007.pdf,Sector-Wise analysis of projects,20,163
FR_200703_164,,,164,RANGIA-MURKONGSELEK,,,RAILWAYS,2007-03,2004-01,,912.7,915.7,912.7,0.0,-3.0,2.1,,,2009-03,,,,0,0,,,,MonthlyFR_mar_2007.pdf,Sector-Wise analysis of projects,20,164
FR_200703_165,,,165,VIRAMGAM-BHILDI,,,RAILWAYS,2007-03,1990-04,,155.66,,119.75,-35.91,,119.51,,,2009-03,1.0,,1.0,0,0,,,,MonthlyFR_mar_2007.pdf,Sector-Wise analysis of projects,20,165
FR_200703_166,,,166,JAYANAGAR-DARBHANGA- NARKATIAGANJ,,,RAILWAYS,2007-03,1997-04,,233.0,335.77,329.17,96.17,-6.6,165.33,,,2009-03,,,,0,0,,,,MonthlyFR_mar_2007.pdf,Sector-Wise analysis of projects,20,166
FR_200703_167,,,167,BILASPUR-URKURA,,,RAILWAYS,2007-03,1997-04,,151.52,,264.51,112.99,,139.0,,,2009-03,,,,0,0,,,,MonthlyFR_mar_2007.pdf,Sector-Wise analysis of projects,20,167
FR_200703_168,,,168,PALWAL-BHUTESWAR 3rd,,,RAILWAYS,2007-03,2005-04,,240.0,,,90.0,,7.95,2009-03,,,0.0,,,0,0,,,,MonthlyFR_mar_2007.pdf,Sector-Wise analysis of projects,20,168
FR_200703_169,,,169,RANCHI-LOHARDAGA EXTENSION TO TORI,,,RAILWAYS,2007-03,1997-04,,193.78,,426.0,232.22,,211.62,2004-06,,2009-03,57.0,,,0,0,,,,MonthlyFR_mar_2007.pdf,Sector-Wise analysis of projects,21,169
FR_200703_170,,,170,"BRAHAMAPUTRA BRIDGE AT BOGIBIL WITH LINK LINES,NEFR",,,RAILWAYS,2007-03,1996-04,,1000.0,,1767.36,767.36,,699.62,2008-04,,2009-03,11.0,,,0,0,,,,MonthlyFR_mar_2007.pdf,Sector-Wise analysis of projects,21,170
FR_200703_171,,,171,KOSI BRIDGE,,,RAILWAYS,2007-03,2002-04,,323.41,,323.41,0.0,,14.55,,,2009-06,,,,0,0,,,,MonthlyFR_mar_2007.pdf,Sector-Wise analysis of projects,21,171
FR_200703_172,,,172,UDHAMPUR-SRINAGAR- BARAMULLA,,,RAILWAYS,2007-03,1995-03,,2500.0,,9000.0,6500.0,,3825.59,2001-03,,2009-10,103.0,,,0,0,,,,MonthlyFR_mar_2007.pdf,Sector-Wise analysis of projects,21,172
FR_200703_173,,,173,GOOTY-RENIGUNTA PATCH DOUBLING PHASE-II,,,RAILWAYS,2007-03,2002-05,,304.5,,305.95,1.45,,39.48,,,2009-10,,,,0,0,,,,MonthlyFR_mar_2007.pdf,Sector-Wise analysis of projects,21,173
FR_200703_174,,,174,Conversion of 1500 V DC Traction System to 25 KV AC Traction,,,RAILWAYS,2007-03,1996-07,1998-08,273.67,654.51,648.76,375.09,-5.75,218.47,,,2009-12,,,,0,0,,,,MonthlyFR_mar_2007.pdf,Sector-Wise analysis of projects,21,174
FR_200703_175,,,175,"RAIL-CUM-ROAD BRIDGE AT MUNGER (NL), ECR",,,RAILWAYS,2007-03,2002-04,,921.0,,921.0,0.0,,184.01,2009-03,,2009-12,9.0,,,0,0,,,,MonthlyFR_mar_2007.pdf,Sector-Wise analysis of projects,21,175
FR_200703_176,,,176,LUMDING-SILCHAR- MIGRENDISA-DITOKCHERRA,,,RAILWAYS,2007-03,1996-04,2002-05,648.0,1401.01,1676.31,1028.31,275.3,824.2,2009-03,,2010-03,12.0,,12.0,0,0,,,,MonthlyFR_mar_2007.pdf,Sector-Wise analysis of projects,21,176
FR_200703_177,,,177,PATNA GANGA BRIDGE,,,RAILWAYS,2007-03,2001-04,,624.47,,624.47,0.0,,301.45,2007-10,,2010-12,38.0,,,0,0,,,,MonthlyFR_mar_2007.pdf,Sector-Wise analysis of projects,21,177
FR_200703_178,,,178,JIRIBAM TO IMPHAL,,,RAILWAYS,2007-03,2003-04,,727.56,,2000.0,1272.44,,5.6,2011-03,,2011-03,0.0,,,0,0,,,,MonthlyFR_mar_2007.pdf,Sector-Wise analysis of projects,21,178
FR_200703_179,,,179,SUKINDA ROAD-ANGUL (RVNL),RVNL,,RAILWAYS,2007-03,1998-04,,183.23,,391.0,207.77,,,2015-02,,2015-02,0.0,,,0,0,,,,MonthlyFR_mar_2007.pdf,Sector-Wise analysis of projects,21,179
FR_200703_180,,,180,JIND-SONEPAT,,,RAILWAYS,2007-03,2004-01,,190.81,,265.75,74.94,,0.41,,,,,,,0,0,,,,MonthlyFR_mar_2007.pdf,Sector-Wise analysis of projects,21,180
FR_200703_181,,,181,HOWRAH-AMTA- CHAMPADANGA,,,RAILWAYS,2007-03,1974-04,2001-07,31.42,154.3,154.3,122.88,0.0,82.97,2007-03,,,,,,0,0,,,,MonthlyFR_mar_2007.pdf,Sector-Wise analysis of projects,21,181
FR_200703_182,,,182,KOTTUR-HARIHAR,,,RAILWAYS,2007-03,1995-04,,65.94,,124.13,58.19,,45.83,,,,,,,0,0,,,,MonthlyFR_mar_2007.pdf,Sector-Wise analysis of projects,21,182
FR_200703_183,,,183,SURAT-KOSAMBA,,,RAILWAYS,2007-03,2000-04,,133.0,,133.0,0.0,,,,,,,,,0,0,,,,MonthlyFR_mar_2007.pdf,Sector-Wise analysis of projects,21,183
FR_200703_184,,,184,BARBIGHA-SHEIKHPURA- NEORA-DANIAWAN,,,RAILWAYS,2007-03,2002-04,,120.23,,120.23,0.0,,20.24,,,,,,,0,0,,,,MonthlyFR_mar_2007.pdf,Sector-Wise analysis of projects,21,184
FR_200703_185,,,185,PEDAPALLI-KARIMNAGAR- NIZAMABAD (NL),,,RAILWAYS,2007-03,1994-12,,124.43,407.78,517.63,393.2,109.85,187.51,,,,,,,0,0,,,,MonthlyFR_mar_2007.pdf,Sector-Wise analysis of projects,21,185
FR_200703_186,,,186,KADUR-CHIKMAGLUR-,,,RAILWAYS,2007-03,1996-04,,157.0,,,126.34,,53.96,,,,,,,0,0,,,,MonthlyFR_mar_2007.pdf,Sector-Wise analysis of projects,21,186
FR_200703_187,,,187,KURLA-BHANDUP 5th & 6th LINE PHASE-I,,,RAILWAYS,2007-03,1995-04,,49.84,,102.9,53.06,,88.81,2002-03,,,,,,0,0,,,,MonthlyFR_mar_2007.pdf,Sector-Wise analysis of projects,22,187
FR_200703_188,,,188,EXTN. OF MRTS-II FROM VELACHERY TO ST.THOMAS MOUNT,,,RAILWAYS,2007-03,2006-04,,415.59,,415.59,0.0,,,,,,,,,0,0,,,,MonthlyFR_mar_2007.pdf,Sector-Wise analysis of projects,22,188
FR_200703_189,,,189,DAITARI-KEONJHAR- BANSPANI NEW LINE(ECOR) (RVNL),RVNL,,RAILWAYS,2007-03,1993-03,2000-11,242.5,537.74,910.0,667.5,372.26,714.0,1997-12,,,,,,0,0,,,,MonthlyFR_mar_2007.pdf,Sector-Wise analysis of projects,22,189
FR_200703_190,,,190,SAMASTIPUR-KHAGARIA,,,RAILWAYS,2007-03,1996-04,,122.45,,122.45,0.0,,152.53,,,,,,,0,0,,,,MonthlyFR_mar_2007.pdf,Sector-Wise analysis of projects,22,190
FR_200703_191,,,191,CALICUT-MANGALORE DOUBLING,,,RAILWAYS,2007-03,1996-02,,240.0,,572.51,332.51,,522.83,,,,,,,0,0,,,,MonthlyFR_mar_2007.pdf,Sector-Wise analysis of projects,22,191
FR_200703_192,,,192,HAJIPUR-SUGAULI via VAISHALI,,,RAILWAYS,2007-03,2003-04,,324.66,,324.66,0.0,,48.14,,,,,,,0,0,,,,MonthlyFR_mar_2007.pdf,Sector-Wise analysis of projects,22,192
FR_200703_193,,,193,SURENDRANAGAR- BHAVANAGAR,,,RAILWAYS,2007-03,1997-03,,437.4,,528.49,91.09,,311.2,2004-03,,,,,,0,0,,,,MonthlyFR_mar_2007.pdf,Sector-Wise analysis of projects,22,193
FR_200703_194,,,194,HOSPET-GUNTAKAL LINE DOUBLING,,,RAILWAYS,2007-03,1996-03,,105.22,,268.08,162.86,,192.04,1999-12,,,,,,0,0,,,,MonthlyFR_mar_2007.pdf,Sector-Wise analysis of projects,22,194
FR_200703_195,,,195,FREIGHT OPERATIONS INFORMATION SYSTEM,,,RAILWAYS,2007-03,1984-03,1989-11,520.0,422.79,422.79,-97.21,0.0,401.35,1995-03,,,,,,0,0,,,,MonthlyFR_mar_2007.pdf,Sector-Wise analysis of projects,22,195
FR_200703_196,,,196,"BORIVILI-VIRAR QUADRUPLING,WR (MTP)",MTP,,RAILWAYS,2007-03,1995-04,,325.47,,504.22,178.75,,391.68,2004-03,2000-06,,,,,0,0,,,,MonthlyFR_mar_2007.pdf,Sector-Wise analysis of projects,22,196
FR_200703_197,,,197,KODERMA-TILAIYA,,,RAILWAYS,2007-03,2002-04,,459.91,,459.91,0.0,,31.85,,,,,,,0,0,,,,MonthlyFR_mar_2007.pdf,Sector-Wise analysis of projects,22,197
FR_200703_198,,,198,KODERMA-GIRDHI,,,RAILWAYS,2007-03,1996-04,,371.36,,371.36,0.0,,125.22,,,,,,,0,0,,,,MonthlyFR_mar_2007.pdf,Sector-Wise analysis of projects,22,198
FR_200703_199,,,199,AHMEDNAGAR-BEED-PARLI- VAIJNATH,,,RAILWAYS,2007-03,1997-02,,353.08,,462.67,109.59,,15.37,,,,,,,0,0,,,,MonthlyFR_mar_2007.pdf,Sector-Wise analysis of projects,22,199
FR_200703_200,,,200,AJMER - UDAIPUR - CHITTORGARH,,,RAILWAYS,2007-03,1996-09,2002-01,262.0,433.39,456.0,194.0,22.61,452.6,,2000-03,,,,,0,0,,,,MonthlyFR_mar_2007.pdf,Sector-Wise analysis of projects,22,200
FR_200703_201,,,201,THANE-TURBHE-NERUL- VASHI,,,RAILWAYS,2007-03,1992-05,,403.39,,403.39,0.0,,375.81,2000-03,,,,,,0,0,,,,MonthlyFR_mar_2007.pdf,Sector-Wise analysis of projects,22,201
FR_200703_202,,,202,EKLAKHI-BALURGHAT INCLUDING GAZOLE- ITAHAR,,,RAILWAYS,2007-03,1986-01,1994-04,36.8,274.41,282.74,245.94,8.33,218.76,,,,,,,0,0,,,,MonthlyFR_mar_2007.pdf,Sector-Wise analysis of projects,22,202
FR_200703_203,,,203,BIHARSHARIFF-BARBIGHA,,,RAILWAYS,2007-03,2001-04,,103.86,,103.86,0.0,,8.21,,,,,,,0,0,,,,MonthlyFR_mar_2007.pdf,Sector-Wise analysis of projects,22,203
FR_200703_204,,,204,HASSAN-BANGALORE (VIA,,,RAILWAYS,2007-03,1997-02,,295.0,,,117.91,,220.88,,,,,,,0,0,,,,MonthlyFR_mar_2007.pdf,Sector-Wise analysis of projects,22,204
FR_200703_205,,,205,GONDIA-JABALPUR (SECR),SECR,,RAILWAYS,2007-03,1997-02,,356.0,,511.86,155.86,,167.2,1998-03,,,,,,0,0,,,,MonthlyFR_mar_2007.pdf,Sector-Wise analysis of projects,23,205
FR_200703_206,,,206,KARUR-SALEM via NAMAKKAL,,,RAILWAYS,2007-03,1997-02,,155.55,,229.88,74.33,,111.87,,,,,,,0,0,,,,MonthlyFR_mar_2007.pdf,Sector-Wise analysis of projects,23,206
FR_200703_207,,,207,HUBLI-ANKOLA(NL),,,RAILWAYS,2007-03,1995-04,,227.0,,997.58,770.58,,70.48,,,,,,,0,0,,,,MonthlyFR_mar_2007.pdf,Sector-Wise analysis of projects,23,207
FR_200703_208,,,208,MUNEERABAD- MAHABOOBNAGAR,,,RAILWAYS,2007-03,1996-04,,377.32,236.41,497.47,120.15,261.06,34.82,,,,,,,0,0,,,,MonthlyFR_mar_2007.pdf,Sector-Wise analysis of projects,23,208
FR_200703_209,,,209,KANPUR-KASGANJ- MATHURA,,,RAILWAYS,2007-03,1997-03,,395.0,598.98,661.72,266.72,62.74,433.83,,,,,,,0,0,,,,MonthlyFR_mar_2007.pdf,Sector-Wise analysis of projects,23,209
FR_200703_210,,,210,TIRUMALAI - VELLACHERI EXTN. OF MRTS (MTP),MTP,,RAILWAYS,2007-03,1996-04,,605.7,,733.39,127.69,,711.57,2002-03,,,,,,0,0,,,,MonthlyFR_mar_2007.pdf,Sector-Wise analysis of projects,23,210
FR_200703_211,,,211,DALLIRAJHARA-JAGDALPUR,,,RAILWAYS,2007-03,1995-04,,369.0,,216.38,-152.62,,0.43,,,,,,,0,0,,,,MonthlyFR_mar_2007.pdf,Sector-Wise analysis of projects,23,211
FR_200703_212,,,212,DEOGHAR-SULTANGUNJ,,,RAILWAYS,2007-03,2000-04,,138.0,,373.44,235.44,,92.26,,,,,,,0,0,,,,MonthlyFR_mar_2007.pdf,Sector-Wise analysis of projects,23,212
FR_200703_213,,,213,MIRAJ-LATUR ROAD,,,RAILWAYS,2007-03,1993-04,2002-04,225.0,323.0,515.57,290.57,192.57,402.11,2001-03,,,,,,0,0,,,,MonthlyFR_mar_2007.pdf,Sector-Wise analysis of projects,23,213
FR_200703_214,,,214,REINGUNTA-GUNTAKAL (RVNL),RVNL,,RAILWAYS,2007-03,2000-06,,168.34,,266.1,97.76,,52.5,2003-04,,,,,,0,0,,,,MonthlyFR_mar_2007.pdf,Sector-Wise analysis of projects,23,214
FR_200703_215,,,215,BANKURA-DAMODAR,,,RAILWAYS,2007-03,1998-03,,111.9,,325.17,213.27,,159.08,2005-03,,,,,,0,0,,,,MonthlyFR_mar_2007.pdf,Sector-Wise analysis of projects,23,215
FR_200703_216,,,216,TANUR (KUTTIPURAM)- GURUVAYUR,,,RAILWAYS,2007-03,1995-04,,40.0,,137.71,97.71,,7.57,,,,,,,0,0,,,,MonthlyFR_mar_2007.pdf,Sector-Wise analysis of projects,23,216
FR_200703_217,,,217,SRIGANGANAGAR- SARUPSAR,,,RAILWAYS,2007-03,1997-04,,143.92,,168.8,24.88,,4.05,,,,,,,0,0,,,,MonthlyFR_mar_2007.pdf,Sector-Wise analysis of projects,23,217
FR_200703_218,,,218,HATHUA-BHATNI,,,RAILWAYS,2007-03,2005-04,,200.73,,230.03,29.3,,31.36,,,,,,,0,0,,,,MonthlyFR_mar_2007.pdf,Sector-Wise analysis of projects,23,218
FR_200703_219,,,219,RAMGANJMUNDI-BHOPAL,,,RAILWAYS,2007-03,2001-04,,727.13,727.13,726.05,-1.08,-1.08,61.75,,,,,,,0,0,,,,MonthlyFR_mar_2007.pdf,Sector-Wise analysis of projects,23,219
FR_200703_220,,,220,DELHI-REWARI (GC) (NWR)(RVNL),RVNL,,RAILWAYS,2007-03,1995-04,,42.27,,192.0,149.73,,146.0,2007-03,,,,,,0,0,,,,MonthlyFR_mar_2007.pdf,Sector-Wise analysis of projects,23,220
FR_200703_221,,,221,MANDERHILL-DUMKA- RAMPURHAT,,,RAILWAYS,2007-03,1995-04,,184.0,,254.07,70.07,,108.32,,,,,,,0,0,,,,MonthlyFR_mar_2007.pdf,Sector-Wise analysis of projects,23,221
FR_200703_222,,,222,LALITPUR-SATNA-REWA-,,,RAILWAYS,2007-03,1998-09,,925.0,,,0.0,,166.22,2008-05,,,,,,0,0,,,,MonthlyFR_mar_2007.pdf,Sector-Wise analysis of projects,23,222
FR_200703_223,,,223,MAHARAJGANJ-MASRAKH,,,RAILWAYS,2007-03,2003-04,,104.1,,113.75,9.65,,39.37,,,,,,,0,0,,,,MonthlyFR_mar_2007.pdf,Sector-Wise analysis of projects,24,223
FR_200703_224,,,224,KICHHA-KHATIMA,,,RAILWAYS,2007-03,2003-04,,165.67,,165.67,0.0,,0.14,,,,,,,0,0,,,,MonthlyFR_mar_2007.pdf,Sector-Wise analysis of projects,24,224
FR_200703_225,,,225,KODERMA-RANCHI VIA HAZARIBAGH AND BARKAKHANA,,,RAILWAYS,2007-03,1999-03,,491.19,,1033.0,541.81,,335.63,2005-07,,,,,,0,0,,,,MonthlyFR_mar_2007.pdf,Sector-Wise analysis of projects,24,225
FR_200703_226,,,226,MADURAI- RAMESWARAM(GC).SR,,,RAILWAYS,2007-03,1998-07,,193.18,,246.97,53.79,,241.18,2006-07,,,,,,0,0,,,,MonthlyFR_mar_2007.pdf,Sector-Wise analysis of projects,24,226
FR_200703_227,,,227,"ETAWAH-MAINPURI (NL),NCR",,,RAILWAYS,2007-03,2001-09,,129.7,,129.7,0.0,,52.35,2008-12,,,,,,0,0,,,,MonthlyFR_mar_2007.pdf,Sector-Wise analysis of projects,24,227
FR_200703_228,,,228,DLW GM 4000/3000 HP DIESEL LOCOS,,,RAILWAYS,2007-03,1999-04,,155.54,,141.22,-14.32,,86.33,2003-03,,,,,,0,0,,,,MonthlyFR_mar_2007.pdf,Sector-Wise analysis of projects,24,228
FR_200703_229,,,229,ELECTRIFICATION OF ERNAKULAM-TRIVANDRUM (RE),,,RAILWAYS,2007-03,2001-05,,162.03,,196.15,34.12,,161.6,2003-08,,,,,,0,0,,,,MonthlyFR_mar_2007.pdf,Sector-Wise analysis of projects,24,229
FR_200703_230,,,230,TIRUCHIRAPPALI-NAGORE- KARAIKKAL WITH EXTENSION NAGAPATTINAM,,,RAILWAYS,2007-03,1995-09,,100.0,,222.16,122.16,,198.5,,,,,,,0,0,,,,MonthlyFR_mar_2007.pdf,Sector-Wise analysis of projects,24,230
FR_200703_231,,,231,QUILON-TIRUNELVELI- TIRUCHENDUR AND TENKASI-VIRUDHUNAGAR,,,RAILWAYS,2007-03,1998-03,,280.0,,702.39,422.39,,294.46,,,,,,,0,0,,,,MonthlyFR_mar_2007.pdf,Sector-Wise analysis of projects,24,231
FR_200703_232,,,232,KOTIPALLI-NARASAPUR,,,RAILWAYS,2007-03,2001-12,,330.0,,695.0,365.0,,9.4,,,,,,,0,0,,,,MonthlyFR_mar_2007.pdf,Sector-Wise analysis of projects,24,232
FR_200703_233,,,233,TARAKESWAR-BISHNUPUR,,,RAILWAYS,2007-03,2000-04,,157.96,,276.0,118.04,,72.29,,,,,,,0,0,,,,MonthlyFR_mar_2007.pdf,Sector-Wise analysis of projects,24,233
FR_200703_234,,,234,GADWAL-RAICHUR,,,RAILWAYS,2007-03,1998-04,,92.63,,108.91,16.28,,39.26,,,,,,,0,0,,,,MonthlyFR_mar_2007.pdf,Sector-Wise analysis of projects,24,234
FR_200703_235,,,235,BARAMATI - LONAND,,,RAILWAYS,2007-03,1998-03,,75.0,,138.48,63.48,,17.53,,,,,,,0,0,,,,MonthlyFR_mar_2007.pdf,Sector-Wise analysis of projects,24,235
FR_200703_236,,,236,RUPSA-BANGRIPOSI,,,RAILWAYS,2007-03,1996-02,,57.94,,137.57,79.63,,65.4,1998-03,,,,,,0,0,,,,MonthlyFR_mar_2007.pdf,Sector-Wise analysis of projects,24,236
FR_200703_237,,,237,CHHINDWARA-NAGPUR,,,RAILWAYS,2007-03,2005-04,,383.79,,383.79,0.0,,1.22,,,,,,,0,0,,,,MonthlyFR_mar_2007.pdf,Sector-Wise analysis of projects,24,237
FR_200703_238,,,238,TALCHER-BIMALAGARH,,,RAILWAYS,2007-03,2005-04,,726.96,,809.58,82.62,,0.41,,,,,,,0,0,,,,MonthlyFR_mar_2007.pdf,Sector-Wise analysis of projects,24,238
FR_200703_239,,,239,GUNTUR-GUNTAKAL- KOLLURU-DHARMAVARAM,,,RAILWAYS,2007-03,1992-04,,458.45,,508.42,49.97,,473.63,,,,,,,0,0,,,,MonthlyFR_mar_2007.pdf,Sector-Wise analysis of projects,24,239
FR_200703_240,,,240,BANGALORE- SATYAMANGALAM,,,RAILWAYS,2007-03,1999-02,,138.0,,225.0,87.0,,0.28,,,,,,,0,0,,,,MonthlyFR_mar_2007.pdf,Sector-Wise analysis of projects,25,240
FR_200703_241,,,241,TITLAGARH-LANJIGARH (DL) ECoR,,,RAILWAYS,2007-03,1997-04,,66.61,,134.74,68.13,,113.98,,,,,,,0,0,,,,MonthlyFR_mar_2007.pdf,Sector-Wise analysis of projects,25,241
FR_200703_242,,,242,"RAIL COACH FACTORY,KAPURTHALA PH - II (NR)",NR,,RAILWAYS,2007-03,1985-08,1989-02,180.0,314.57,463.68,283.68,149.11,456.21,1992-03,,,,,,0,0,,,,MonthlyFR_mar_2007.pdf,Sector-Wise analysis of projects,25,242
FR_200703_243,,,243,NANDYAL-YERRAGUNTLA,,,RAILWAYS,2007-03,1997-03,,155.74,164.36,170.85,15.11,6.49,39.25,2009-02,,,,,,0,0,,,,MonthlyFR_mar_2007.pdf,Sector-Wise analysis of projects,25,243
FR_200703_244,,,244,DAUSA-GANGAPUR CITY,,,RAILWAYS,2007-03,1997-02,,151.84,,208.83,56.99,,28.96,,,,,,,0,0,,,,MonthlyFR_mar_2007.pdf,Sector-Wise analysis of projects,25,244
FR_200703_245,,,245,REWARI-SADULPUR-HISSAR,,,RAILWAYS,2007-03,1997-04,,198.96,,364.19,165.23,,18.97,,,,,,,0,0,,,,MonthlyFR_mar_2007.pdf,Sector-Wise analysis of projects,25,245
FR_200703_246,,,246,AGRA-ETAWAH NEW LINE via BAD,,,RAILWAYS,2007-03,1999-04,,108.0,,214.09,106.09,,77.93,2009-12,,,,,,0,0,,,,MonthlyFR_mar_2007.pdf,Sector-Wise analysis of projects,25,246
FR_200703_247,,,247,DHARMAVARAM-PAKALA,,,RAILWAYS,2007-03,1997-04,,200.0,294.99,294.99,94.99,0.0,15.2,,,,,,,0,0,,,,MonthlyFR_mar_2007.pdf,Sector-Wise analysis of projects,25,247
FR_200703_248,,,248,KOLKATA CIRCULAR RAILWAY (MTP),MTP,,RAILWAYS,2007-03,1999-03,,358.77,242.4,303.74,-55.03,61.34,155.7,2004-12,,,,,,0,0,,,,MonthlyFR_mar_2007.pdf,Sector-Wise analysis of projects,25,248
FR_200703_249,,,249,"NIMACH-RATLAM(GC),WR",,,RAILWAYS,2007-03,1993-04,,65.0,,171.73,106.73,,186.36,1996-03,,,,,,0,0,,,,MonthlyFR_mar_2007.pdf,Sector-Wise analysis of projects,25,249
FR_200703_250,,,250,"GANDHIDHAM- PALANPUR(GC),WR (RVNL)",RVNL,,RAILWAYS,2007-03,1998-04,,318.0,344.63,451.52,133.52,106.89,447.0,,,,,,,0,0,,,,MonthlyFR_mar_2007.pdf,Sector-Wise analysis of projects,25,250
FR_200703_251,,,251,ANGAMALI-SABARIMALA,,,RAILWAYS,2007-03,1998-10,,550.0,,550.0,0.0,,7.2,,,,,,,0,0,,,,MonthlyFR_mar_2007.pdf,Sector-Wise analysis of projects,25,251
FR_200703_252,,,252,TAHANJAVUR-VILLUPURAM,,,RAILWAYS,2007-03,2001-10,,223.0,,356.88,133.88,,105.02,,,,,,,0,0,,,,MonthlyFR_mar_2007.pdf,Sector-Wise analysis of projects,25,252
FR_200703_253,,,253,KUTTIPURAM-CALICUT- SHORANUR,,,RAILWAYS,2007-03,2001-03,,178.76,177.34,188.13,9.37,10.79,170.4,,,,,,,0,0,,,,MonthlyFR_mar_2007.pdf,Sector-Wise analysis of projects,25,253
FR_200703_254,,,254,TRICHY MANAMADURAI,,,RAILWAYS,2007-03,2000-02,,175.0,,213.14,38.14,,190.36,,,,,,,0,0,,,,MonthlyFR_mar_2007.pdf,Sector-Wise analysis of projects,25,254
FR_200703_255,,,255,VILLUPURAM-KATPADI,,,RAILWAYS,2007-03,2000-02,,175.0,,235.69,60.69,,63.78,,,,,,,0,0,,,,MonthlyFR_mar_2007.pdf,Sector-Wise analysis of projects,25,255
FR_200703_256,,,256,PURNA-AKOLA,,,RAILWAYS,2007-03,2000-02,,228.0,,259.51,31.51,,109.88,,,,,,,0,0,,,,MonthlyFR_mar_2007.pdf,Sector-Wise analysis of projects,25,256
FR_200703_257,,,257,BIDAR-GULBARGA,,,RAILWAYS,2007-03,1999-02,,242.42,369.7,369.7,127.28,0.0,47.7,,,,,,,0,0,,,,MonthlyFR_mar_2007.pdf,Sector-Wise analysis of projects,25,257
FR_200703_258,,,258,GONDA-GORAKHPUR LOOP WITH ANANDNAGAR- NAUTANWA,,,RAILWAYS,2007-03,2002-03,,383.15,,381.17,-1.98,,66.44,,,,,,,0,0,,,,MonthlyFR_mar_2007.pdf,Sector-Wise analysis of projects,26,258
FR_200703_259,,,259,KAPTANGANJ-THAWE- SIWAN-CHHAPRA,,,RAILWAYS,2007-03,2001-09,,320.1,,320.1,0.0,,97.78,,,,,,,0,0,,,,MonthlyFR_mar_2007.pdf,Sector-Wise analysis of projects,26,259
FR_200703_260,,,260,KHAGARIA-KUSHESHWAR ASTHAN,,,RAILWAYS,2007-03,1997-03,,78.23,,162.87,84.64,,33.7,,,,,,,0,0,,,,MonthlyFR_mar_2007.pdf,Sector-Wise analysis of projects,26,260
FR_200703_261,,,261,"GODHRA-INDORE-DEWAS- MAKSI(WR),NL",WR,,RAILWAYS,2007-03,1989-04,,297.15,,1124.93,827.78,,56.07,,1996-12,,,,,0,0,,,,MonthlyFR_mar_2007.pdf,Sector-Wise analysis of projects,26,261
FR_200703_262,,,262,MANSI-PURNIA (Material Modification of Mansi-Saharsa),,,RAILWAYS,2007-03,1996-04,,114.01,283.95,283.95,169.94,0.0,135.02,,,,,,,0,0,,,,MonthlyFR_mar_2007.pdf,Sector-Wise analysis of projects,26,262
FR_200703_263,,,263,CUDDLORE - SALEM VIA VRIDHACHALAM (GC) (SR) (RVNL),RVNL,,RAILWAYS,2007-03,1999-04,,198.68,,298.23,99.55,,191.6,,,,,,,0,0,,,,MonthlyFR_mar_2007.pdf,Sector-Wise analysis of projects,26,263
FR_200703_264,,,264,MANOHARABAD- KOTAPALLI,,,RAILWAYS,2007-03,2006-04,,378.56,,378.56,0.0,,0.07,,,,,,,0,0,,,,MonthlyFR_mar_2007.pdf,Sector-Wise analysis of projects,26,264
FR_200703_265,,,265,MUNDERWA-BABHNAN,,,RAILWAYS,2007-03,2006-04,,102.1,,102.1,0.0,,18.26,,,,,,,0,0,,,,MonthlyFR_mar_2007.pdf,Sector-Wise analysis of projects,26,265
FR_200703_266,,,266,HOTGI-GADAG-SOLAPUR (via Hotgi),,,RAILWAYS,2007-03,1994-04,,180.0,,318.66,138.66,,333.12,1999-03,2003-03,,,,,0,0,,,,MonthlyFR_mar_2007.pdf,Sector-Wise analysis of projects,26,266
FR_200703_267,,,267,BHATNI-JIRADEI,,,RAILWAYS,2007-03,2006-04,,100.27,,100.27,0.0,,,,,,,,,0,0,,,,MonthlyFR_mar_2007.pdf,Sector-Wise analysis of projects,26,267
FR_200703_268,,,268,REWARI-ROHTAK,,,RAILWAYS,2007-03,2004-01,,149.38,,194.83,45.45,,33.73,2010-02,,,,,,0,0,,,,MonthlyFR_mar_2007.pdf,Sector-Wise analysis of projects,26,268
FR_200703_269,,,269,"ETAWAH-RAJPUR, KM.321.1- KM.393, NH-2 (U.P.)",,,ROAD TRANSPORT & HIGHWAYS,2007-03,2000-04,,348.44,,348.44,0.0,,348.29,2005-03,,2007-04,25.0,,,0,0,,,,MonthlyFR_mar_2007.pdf,Sector-Wise analysis of projects,26,269
FR_200703_270,,,270,SIKANDARA-BHAUNTI (GQ) KM.393-KM.470 (NH-2),,,ROAD TRANSPORT & HIGHWAYS,2007-03,2000-04,,323.62,,323.62,0.0,,311.09,2004-08,,2007-04,32.0,,,0,0,,,,MonthlyFR_mar_2007.pdf,Sector-Wise analysis of projects,26,270
FR_200703_271,,,271,KANCHIPURAM- POONAMALEE (GQ) KM.70.2- KM.13.8 (NH-4),,,ROAD TRANSPORT & HIGHWAYS,2007-03,2000-04,,211.0,,211.0,0.0,,240.48,2003-12,,2007-04,40.0,,1.0,0,0,,,,MonthlyFR_mar_2007.pdf,Sector-Wise analysis of projects,26,271
FR_200703_272,,,272,LAXMANNATH-BALESHWAR (GQ) KM.0-KM.53.41 (NH-60),,,ROAD TRANSPORT & HIGHWAYS,2007-03,2000-04,,272.0,,272.0,0.0,,296.99,2003-12,,2007-04,40.0,,1.0,0,0,,,,MonthlyFR_mar_2007.pdf,Sector-Wise analysis of projects,26,272
FR_200703_273,,,273,"IMPROVEMENT OF ACCESS OF GQ WITHIN CHENNAI CITY, KM.4, NH-4,",,,ROAD TRANSPORT & HIGHWAYS,2007-03,2005-01,,210.0,,210.0,0.0,,318.8,2007-04,,2007-04,0.0,,,0,0,,,,MonthlyFR_mar_2007.pdf,Sector-Wise analysis of projects,26,273
FR_200703_274,,,274,"VIVEKANANDA BRIDGE AND APPROACH (GQ), NH-2",,,ROAD TRANSPORT & HIGHWAYS,2007-03,2000-04,,641.0,,,0.0,,533.86,2005-06,,,22.0,,,0,0,,,,MonthlyFR_mar_2007.pdf,Sector-Wise analysis of projects,26,274
FR_200703_275,,,275,"JAWAHABLAL NEHRU PORT PHASE-II, KM.14.35, NH-54 (MH)",,,ROAD TRANSPORT & HIGHWAYS,2007-03,2000-04,,143.0,,143.0,0.0,,112.5,2007-05,,2007-05,0.0,,,0,0,,,,MonthlyFR_mar_2007.pdf,Sector-Wise analysis of projects,27,275
FR_200703_276,,,276,"HANDIA-VARANASI, KM.245- KM.317, NH-2 (U.P.)",,,ROAD TRANSPORT & HIGHWAYS,2007-03,2000-04,,286.0,,286.0,0.0,,299.3,2004-07,,2007-05,34.0,,,0,0,,,,MonthlyFR_mar_2007.pdf,Sector-Wise analysis of projects,27,276
FR_200703_277,,,277,AURANGABAD- BARACHATTI (GQ) KM.180- KM.240 (NH-2),,,ROAD TRANSPORT & HIGHWAYS,2007-03,2000-04,,320.42,,320.42,0.0,,307.81,2005-03,,2007-05,26.0,,2.0,0,0,,,,MonthlyFR_mar_2007.pdf,Sector-Wise analysis of projects,27,277
FR_200703_278,,,278,"BARACHATTI-GORHAR (GQ) KM.240-KM.320, NH-2",,,ROAD TRANSPORT & HIGHWAYS,2007-03,2000-04,,452.71,,452.71,0.0,,495.32,2005-03,,2007-05,26.0,,2.0,0,0,,,,MonthlyFR_mar_2007.pdf,Sector-Wise analysis of projects,27,278
FR_200703_279,,,279,BELGAUM-DHARWAD (GQ) KM.495-KM.433 (NH-4),,,ROAD TRANSPORT & HIGHWAYS,2007-03,2000-04,,279.0,,279.0,0.0,,316.31,2004-02,,2007-05,39.0,,2.0,0,0,,,,MonthlyFR_mar_2007.pdf,Sector-Wise analysis of projects,27,279
FR_200703_280,,,280,"BHUBANESWAR-KHURDA, KM.388-KM.418, NH-5 (ORISSA)",,,ROAD TRANSPORT & HIGHWAYS,2007-03,2000-04,,140.85,,140.85,0.0,,132.65,2004-01,,2007-06,41.0,,,0,0,,,,MonthlyFR_mar_2007.pdf,Sector-Wise analysis of projects,27,280
FR_200703_281,,,281,"BRIDGES BALASORE- CHANDIKHOLE, KM.61- KM.199, NH-5 (ORISSA)",,,ROAD TRANSPORT & HIGHWAYS,2007-03,2000-04,,155.0,,155.0,0.0,,136.75,2004-05,,2007-06,37.0,,,0,0,,,,MonthlyFR_mar_2007.pdf,Sector-Wise analysis of projects,27,281
FR_200703_282,,,282,"HARIHAR-CHITRADURGA, KM.284-KM.207 (GQ) NH-4 (KARNATAKA)",,,ROAD TRANSPORT & HIGHWAYS,2007-03,2000-04,,318.0,,318.0,0.0,,262.28,2004-08,,2007-06,34.0,,,0,0,,,,MonthlyFR_mar_2007.pdf,Sector-Wise analysis of projects,27,282
FR_200703_283,,,283,"CHITRADURGA-SIRA, KM.189-KM.122.3, NH-4 (KARNATAKA)",,,ROAD TRANSPORT & HIGHWAYS,2007-03,2000-04,,304.0,,304.0,0.0,,310.16,2004-08,,2007-06,34.0,,3.0,0,0,,,,MonthlyFR_mar_2007.pdf,Sector-Wise analysis of projects,27,283
FR_200703_284,,,284,"HUBLI-HAVERI KM.404- KM.340, NH-4 (KARNATAKA)",,,ROAD TRANSPORT & HIGHWAYS,2007-03,2000-04,,260.93,,260.93,0.0,,250.05,2003-12,,2007-06,42.0,,,0,0,,,,MonthlyFR_mar_2007.pdf,Sector-Wise analysis of projects,27,284
FR_200703_285,,,285,"SRIKAKULAM - CHAMPAWATI, KM.97-KM.49, NH-5, GQ",,,ROAD TRANSPORT & HIGHWAYS,2007-03,2000-04,,171.97,,171.97,0.0,,150.73,2004-02,,2007-06,40.0,,3.0,0,0,,,,MonthlyFR_mar_2007.pdf,Sector-Wise analysis of projects,27,285
FR_200703_286,,,286,"HAVERI-HARIHAR, KM.340- KM.284, NH-4 (KARNATAKA)",,,ROAD TRANSPORT & HIGHWAYS,2007-03,2000-04,,241.0,,241.0,0.0,,201.01,2004-08,,2007-06,34.0,,,0,0,,,,MonthlyFR_mar_2007.pdf,Sector-Wise analysis of projects,27,286
FR_200703_287,,,287,"NANDHI HILLS- DEVANHALLI, KM.556- KM.539, NH-7 (KARNATAKA)",,,ROAD TRANSPORT & HIGHWAYS,2007-03,2000-04,,172.06,,172.06,0.0,,182.0,2004-03,,2007-06,39.0,,,0,0,,,,MonthlyFR_mar_2007.pdf,Sector-Wise analysis of projects,27,287
FR_200703_288,,,288,"DELHI-GURGAON ACCESS CONTROLLED EXPRESSWAY, KM143-KM.42 NH-8",,,ROAD TRANSPORT & HIGHWAYS,2007-03,2000-04,,555.0,,710.0,155.0,,491.6,2005-07,,2007-06,23.0,,,0,0,,,,MonthlyFR_mar_2007.pdf,Sector-Wise analysis of projects,27,288
FR_200703_289,,,289,"LUCKNOW-BYPASS, NH-25 & NH-28 (UTTAR PRADESH)",,,ROAD TRANSPORT & HIGHWAYS,2007-03,2000-04,,182.52,,185.52,3.0,,244.0,2004-06,,2007-06,36.0,,,0,0,,,,MonthlyFR_mar_2007.pdf,Sector-Wise analysis of projects,27,289
FR_200703_290,,,290,"VARANASI-MOHANIA, KM.317-KM.329, NH-2 (U.P.)",,,ROAD TRANSPORT & HIGHWAYS,2007-03,2000-04,,467.93,,467.93,0.0,,423.69,2005-03,,2007-07,28.0,,4.0,0,0,,,,MonthlyFR_mar_2007.pdf,Sector-Wise analysis of projects,27,290
FR_200703_291,,,291,"SASARAM-DEHRI-ON-SONE, KM.110-KM.140, NH-2 (BIHAR)",,,ROAD TRANSPORT & HIGHWAYS,2007-03,2000-04,,221.87,,221.87,0.0,,205.33,2005-03,,2007-07,28.0,,4.0,0,0,,,,MonthlyFR_mar_2007.pdf,Sector-Wise analysis of projects,27,291
FR_200703_292,,,292,"SHIKOHABAD-ETAWAH, KM.250.5-KM.307.5, NH-2",,,ROAD TRANSPORT & HIGHWAYS,2007-03,2000-04,,261.22,,,0.0,,215.54,2005-03,,,30.0,,,0,0,,,,MonthlyFR_mar_2007.pdf,Sector-Wise analysis of projects,27,292
FR_200703_293,,,293,"HAPUR-GARHMUKTESWAR, KM.58-KM.93, NH-24 (U.P.)",,,ROAD TRANSPORT & HIGHWAYS,2007-03,2000-04,,220.0,,220.0,0.0,,44.49,2007-09,,2007-09,0.0,,,0,0,,,,MonthlyFR_mar_2007.pdf,Sector-Wise analysis of projects,28,293
FR_200703_294,,,294,"GARHMUKTESHWAR- MURADABAD, KM.93-149.25, NH-24 (U.P.)",,,ROAD TRANSPORT & HIGHWAYS,2007-03,2000-04,,275.0,,275.0,0.0,,137.4,2007-09,,2007-09,0.0,,,0,0,,,,MonthlyFR_mar_2007.pdf,Sector-Wise analysis of projects,28,294
FR_200703_295,,,295,"KANPUR-FATEHPUR, KM.470- KM.483, NH-2 (U.P.)",,,ROAD TRANSPORT & HIGHWAYS,2007-03,2000-04,,495.35,,495.35,0.0,,561.12,2005-03,,2007-10,31.0,,,0,0,,,,MonthlyFR_mar_2007.pdf,Sector-Wise analysis of projects,28,295
FR_200703_296,,,296,"JETPUR-BHILADI, KM.117- KM.52.50, NH-8B (GUJARAT)",,,ROAD TRANSPORT & HIGHWAYS,2007-03,2003-12,,399.89,,508.5,108.61,,117.0,2007-11,,2007-11,0.0,,,0,0,,,,MonthlyFR_mar_2007.pdf,Sector-Wise analysis of projects,28,296
FR_200703_297,,,297,"GORHAR-BARWA ADDA, KM.320-KM.398.75, NH-2 (JHARKHAND)",,,ROAD TRANSPORT & HIGHWAYS,2007-03,2000-04,,399.75,,399.75,0.0,,295.07,2005-03,,2007-11,32.0,,8.0,0,0,,,,MonthlyFR_mar_2007.pdf,Sector-Wise analysis of projects,28,297
FR_200703_298,,,298,"GARAMORE-BAMANBORE, KM.254-KM.182.60, NH-8A (GUJARAT)",,,ROAD TRANSPORT & HIGHWAYS,2007-03,2003-12,,360.7,,380.7,20.0,,171.7,2007-11,,2007-11,0.0,,,0,0,,,,MonthlyFR_mar_2007.pdf,Sector-Wise analysis of projects,28,298
FR_200703_299,,,299,"DEESA-RADHANPUR, KM.372.6-KM.458.0, NH-14 (GUJARAT)",,,ROAD TRANSPORT & HIGHWAYS,2007-03,2003-12,,399.89,,479.74,79.85,,238.9,2005-02,,2007-11,33.0,,,0,0,,,,MonthlyFR_mar_2007.pdf,Sector-Wise analysis of projects,28,299
FR_200703_300,,,300,"BHILADI TO PORBANDAR (PACK..-I) PH.-II KM.52.5 TO 2.0, NH-8B",,,ROAD TRANSPORT & HIGHWAYS,2007-03,2003-12,,255.96,,276.07,20.11,,193.1,2005-02,,2007-11,33.0,,,0,0,,,,MonthlyFR_mar_2007.pdf,Sector-Wise analysis of projects,28,300
FR_200703_301,,,301,"GAGODHAR-GARAMORE, KM.245-KM.281.3 & KM.308- KM.254, NH-8A",,,ROAD TRANSPORT & HIGHWAYS,2007-03,2003-12,,412.78,,479.54,66.76,,209.6,2007-11,,2007-11,0.0,,,0,0,,,,MonthlyFR_mar_2007.pdf,Sector-Wise analysis of projects,28,301
FR_200703_302,,,302,"RADHANPUR-GAGODHAR-V, KM.138.8-KM.245.0, NH-15 (GUJARAT)",,,ROAD TRANSPORT & HIGHWAYS,2007-03,2003-12,,429.4,,410.24,-19.16,,230.5,2005-02,,2007-11,33.0,,,0,0,,,,MonthlyFR_mar_2007.pdf,Sector-Wise analysis of projects,28,302
FR_200703_303,,,303,"KUNJWANI-VIJAYPUR, KM.80-KM.97, NH-1A (JAMMU & KASHMIR)",,,ROAD TRANSPORT & HIGHWAYS,2007-03,2000-04,,110.0,,110.0,0.0,,96.68,2004-12,,2007-12,36.0,,,0,0,,,,MonthlyFR_mar_2007.pdf,Sector-Wise analysis of projects,28,303
FR_200703_304,,,304,"BALASORE-BHADRAK, KM.136.5-KM.199.14, NH-5 (ORISSA)",,,ROAD TRANSPORT & HIGHWAYS,2007-03,2000-04,,227.25,,227.25,0.0,,182.8,2004-02,,2007-12,46.0,,,0,0,,,,MonthlyFR_mar_2007.pdf,Sector-Wise analysis of projects,28,304
FR_200703_305,,,305,"PURNEA-GOYAKOTA, KM.419-KM.447, NH-31 (BIHAR)",,,ROAD TRANSPORT & HIGHWAYS,2007-03,2000-04,,205.73,,205.73,0.0,,126.6,2004-07,,2007-12,41.0,,,0,0,,,,MonthlyFR_mar_2007.pdf,Sector-Wise analysis of projects,28,305
FR_200703_306,,,306,"HALDIA PORT, KM.53, NH-41 (WEST BENGAL)",,,ROAD TRANSPORT & HIGHWAYS,2007-03,2000-04,,273.0,,273.0,0.0,,139.7,2005-03,,2007-12,33.0,,,0,0,,,,MonthlyFR_mar_2007.pdf,Sector-Wise analysis of projects,28,306
FR_200703_307,,,307,"SUNAKHALA-GANJAM, KM.338-KM.284, NH-5 (ORISSA)",,,ROAD TRANSPORT & HIGHWAYS,2007-03,2000-04,,225.0,,225.0,0.0,,141.3,2004-04,,2007-12,44.0,,,0,0,,,,MonthlyFR_mar_2007.pdf,Sector-Wise analysis of projects,28,307
FR_200703_308,,,308,"BORKHEDI-JAM, KM.36.6- KM.64.0, NH-7 (MAHARASHTRA)",,,ROAD TRANSPORT & HIGHWAYS,2007-03,2003-12,,110.0,,110.0,0.0,,10.39,2005-06,,2007-12,30.0,,,0,0,,,,MonthlyFR_mar_2007.pdf,Sector-Wise analysis of projects,28,308
FR_200703_309,,,309,"AGRA-SHIKOHABAD, KM.200-KM.250.50, NH-2 (U.P.)",,,ROAD TRANSPORT & HIGHWAYS,2007-03,2000-04,,367.49,,367.49,0.0,,381.76,2005-03,,2007-12,33.0,,,0,0,,,,MonthlyFR_mar_2007.pdf,Sector-Wise analysis of projects,28,309
FR_200703_310,,,310,"ALLAHABAD BYPASS CONTRACT-III, KM.198-",,,ROAD TRANSPORT & HIGHWAYS,2007-03,2000-04,,534.39,,,0.0,,319.09,2007-05,,,7.0,,,0,0,,,,MonthlyFR_mar_2007.pdf,Sector-Wise analysis of projects,28,310
FR_200703_311,,,311,"PARADIP PORT, KM.77, NH- 5A (ORISSA)",,,ROAD TRANSPORT & HIGHWAYS,2007-03,2000-04,,428.0,,428.0,0.0,,260.6,2007-02,,2007-12,10.0,,,0,0,,,,MonthlyFR_mar_2007.pdf,Sector-Wise analysis of projects,29,311
FR_200703_312,,,312,"TUTICORIN PORT, KM.47.2, NH-7A (T.N.)",,,ROAD TRANSPORT & HIGHWAYS,2007-03,2000-04,,231.2,,231.2,0.0,,71.02,2006-08,,2007-12,16.0,,,0,0,,,,MonthlyFR_mar_2007.pdf,Sector-Wise analysis of projects,29,312
FR_200703_313,,,313,"COCHIN PORT, KM.10, NH-47 (KERALA)",,,ROAD TRANSPORT & HIGHWAYS,2007-03,2000-04,,106.0,,106.0,0.0,,43.8,2006-08,,2007-12,16.0,,,0,0,,,,MonthlyFR_mar_2007.pdf,Sector-Wise analysis of projects,29,313
FR_200703_314,,,314,"ALLAHABAD BYPASS CONTRACT-II, KM.158- KM.198, NH-2 (U.P.)",,,ROAD TRANSPORT & HIGHWAYS,2007-03,2000-04,,440.93,,440.93,0.0,,335.39,2006-12,,2007-12,12.0,,6.0,0,0,,,,MonthlyFR_mar_2007.pdf,Sector-Wise analysis of projects,29,314
FR_200703_315,,,315,"CHENNAI BYPASS, KM.32, NH-4, 5, & 45 (TAMIL NADU)",,,ROAD TRANSPORT & HIGHWAYS,2007-03,2003-12,,480.0,,480.0,0.0,,372.3,2007-11,,2008-01,2.0,,,0,0,,,,MonthlyFR_mar_2007.pdf,Sector-Wise analysis of projects,29,315
FR_200703_316,,,316,"ETAWAH BYPASS, KM.307.5- KM.321.1, NH-2 (U.P.)",,,ROAD TRANSPORT & HIGHWAYS,2007-03,2000-04,,89.5,,132.18,42.68,,114.08,2003-10,,2008-02,52.0,,,0,0,,,,MonthlyFR_mar_2007.pdf,Sector-Wise analysis of projects,29,316
FR_200703_317,,,317,"SHIVPURI BYPASS & UPTO MP/RJ BORDER, KM.53, NH-25 & 76, MP",,,ROAD TRANSPORT & HIGHWAYS,2007-03,2003-12,,360.34,,360.34,0.0,,189.2,2008-02,,2008-02,0.0,,,0,0,,,,MonthlyFR_mar_2007.pdf,Sector-Wise analysis of projects,29,317
FR_200703_318,,,318,"JHANSI-SIVPURI, KM.50- KM.15, NH-25 (M.P.)",,,ROAD TRANSPORT & HIGHWAYS,2007-03,2003-12,,213.69,,213.69,0.0,,60.6,2008-02,,2008-02,0.0,,,0,0,,,,MonthlyFR_mar_2007.pdf,Sector-Wise analysis of projects,29,318
FR_200703_319,,,319,"MADURAI -KANYAKUMARI, KM.80-KM.120, NH-7 (TAMIL NADU)",,,ROAD TRANSPORT & HIGHWAYS,2007-03,2003-12,,323.36,,323.36,0.0,,32.57,2008-03,,2008-03,0.0,,,0,0,,,,MonthlyFR_mar_2007.pdf,Sector-Wise analysis of projects,29,319
FR_200703_320,,,320,"MADURAI-TIRUNELVELI, KM.0-KM.42, NH-7 (TAMIL NADU)",,,ROAD TRANSPORT & HIGHWAYS,2007-03,2003-12,,567.38,,567.38,0.0,,76.07,2008-03,,2008-03,0.0,,,0,0,,,,MonthlyFR_mar_2007.pdf,Sector-Wise analysis of projects,29,320
FR_200703_321,,,321,"MADURAI-KANYAKUMARI, KM.120-KM.160, NH-7 (TAMIL NADU)",,,ROAD TRANSPORT & HIGHWAYS,2007-03,2003-12,,507.49,,507.49,0.0,,84.82,2008-03,,2008-03,0.0,,,0,0,,,,MonthlyFR_mar_2007.pdf,Sector-Wise analysis of projects,29,321
FR_200703_322,,,322,"TIRUNELVEI-PANAGUDI, KM.160-KM.203, NH-7 (TAMIL NADU)",,,ROAD TRANSPORT & HIGHWAYS,2007-03,2003-12,,423.54,,423.54,0.0,,40.13,2008-03,,2008-03,0.0,,,0,0,,,,MonthlyFR_mar_2007.pdf,Sector-Wise analysis of projects,29,322
FR_200703_323,,,323,"FATEHPUR-KHAGA, KM.38- KM.115, NH-2 (U.P.)",,,ROAD TRANSPORT & HIGHWAYS,2007-03,2000-04,,372.4,,372.4,0.0,,281.47,2004-07,,2008-03,44.0,,,0,0,,,,MonthlyFR_mar_2007.pdf,Sector-Wise analysis of projects,29,323
FR_200703_324,,,324,"RAJASTHAN/MP BORDER- KOTA, KM.579-KM.509, NH-76 (RAJASTHAN)",,,ROAD TRANSPORT & HIGHWAYS,2007-03,2003-12,,311.35,,349.59,38.24,,143.4,2008-03,,2008-03,0.0,,,0,0,,,,MonthlyFR_mar_2007.pdf,Sector-Wise analysis of projects,29,324
FR_200703_325,,,325,"RAJKOT BYPASS-GONDAL JETPUR, KM.185-KM.175, NH- 36 (GUJARAT)",,,ROAD TRANSPORT & HIGHWAYS,2007-03,2003-12,,265.0,,388.09,123.09,,31.65,2008-03,,2008-03,0.0,,,0,0,,,,MonthlyFR_mar_2007.pdf,Sector-Wise analysis of projects,29,325
FR_200703_326,,,326,"MADURAI-KANYAKUMARI, KM.42-KM.80, NH-7 (TAMIL NADU)",,,ROAD TRANSPORT & HIGHWAYS,2007-03,2003-12,,474.21,,474.21,0.0,,55.4,2008-03,,2008-03,0.0,,,0,0,,,,MonthlyFR_mar_2007.pdf,Sector-Wise analysis of projects,29,326
FR_200703_327,,,327,"RAJASTHAN/MP BORDER- KOTA, KM.509-KM.449.15, NH-76",,,ROAD TRANSPORT & HIGHWAYS,2007-03,2003-12,,378.22,,430.21,51.99,,155.2,2008-04,,2008-04,0.0,,,0,0,,,,MonthlyFR_mar_2007.pdf,Sector-Wise analysis of projects,29,327
FR_200703_328,,,328,"DEVDHARI-KELAPUR, KM.123-KM.153, NH-7",,,ROAD TRANSPORT & HIGHWAYS,2007-03,2003-12,,144.0,,,0.0,,26.9,2005-07,,,33.0,,,0,0,,,,MonthlyFR_mar_2007.pdf,Sector-Wise analysis of projects,29,328
FR_200703_329,,,329,"RJ/MP BORDER-KOTA, KM.449.15-KM.406 NH-76 (RAJASTHAN)",,,ROAD TRANSPORT & HIGHWAYS,2007-03,2003-12,,297.72,,359.43,61.71,,82.69,2008-04,,2008-04,0.0,,,0,0,,,,MonthlyFR_mar_2007.pdf,Sector-Wise analysis of projects,30,329
FR_200703_330,,,330,"JHANSI-SHIVPURI, KM.91- KM.50, NH-25 (MADHYA PRADESH)",,,ROAD TRANSPORT & HIGHWAYS,2007-03,2003-12,,220.31,,220.31,0.0,,50.63,2008-05,,2008-04,-1.0,,,0,0,,,,MonthlyFR_mar_2007.pdf,Sector-Wise analysis of projects,30,330
FR_200703_331,,,331,"KOTA-CHITTORGARH, KM.316-KM.253, NH-76 (RAJASTHAN)",,,ROAD TRANSPORT & HIGHWAYS,2007-03,2003-12,,440.5,,503.66,63.16,,95.91,2008-04,,2008-04,0.0,,,0,0,,,,MonthlyFR_mar_2007.pdf,Sector-Wise analysis of projects,30,331
FR_200703_332,,,332,"DEVDHARI-WADNER, KM.94- KM.123, NH-7 (MAHARASHTRA)",,,ROAD TRANSPORT & HIGHWAYS,2007-03,2003-12,,145.0,,145.0,0.0,,11.31,2005-07,,2008-04,33.0,,,0,0,,,,MonthlyFR_mar_2007.pdf,Sector-Wise analysis of projects,30,332
FR_200703_333,,,333,"NALBARI-BIJNI, KM.1040.3- KM.1013, NH-31 (ASSAM)",,,ROAD TRANSPORT & HIGHWAYS,2007-03,2003-12,,208.0,,208.0,0.0,,9.79,2008-04,,2008-04,0.0,,,0,0,,,,MonthlyFR_mar_2007.pdf,Sector-Wise analysis of projects,30,333
FR_200703_334,,,334,"JAM-WADNER, KM.64-KM.94, NH-7 (MAHARASHTRA)",,,ROAD TRANSPORT & HIGHWAYS,2007-03,2003-12,,145.0,,145.0,0.0,,20.41,2005-07,,2008-04,33.0,,,0,0,,,,MonthlyFR_mar_2007.pdf,Sector-Wise analysis of projects,30,334
FR_200703_335,,,335,"KOTA-CHITTORGARH, KM.381-KM.316, NH-76 (RAJASTHAN)",,,ROAD TRANSPORT & HIGHWAYS,2007-03,2003-12,,446.4,,528.44,82.04,,75.81,2008-04,,2008-04,0.0,,,0,0,,,,MonthlyFR_mar_2007.pdf,Sector-Wise analysis of projects,30,335
FR_200703_336,,,336,"ORAI-JHANSI, KM.170.0- KM.104.0, NH-25 (U.P.)",,,ROAD TRANSPORT & HIGHWAYS,2007-03,2003-12,,451.97,,451.97,0.0,,121.1,2008-04,,2008-04,0.0,,,0,0,,,,MonthlyFR_mar_2007.pdf,Sector-Wise analysis of projects,30,336
FR_200703_337,,,337,"SILCHAR-UDARBAND, KM.309-KM.275, NH-54 (ASSAM)",,,ROAD TRANSPORT & HIGHWAYS,2007-03,2003-12,,157.47,,154.57,-2.9,,36.32,2007-09,,2008-04,7.0,,,0,0,,,,MonthlyFR_mar_2007.pdf,Sector-Wise analysis of projects,30,337
FR_200703_338,,,338,"PURNEA-FORBESGANJ, KM.309-KM.268, NH-57 (BIHAR)",,,ROAD TRANSPORT & HIGHWAYS,2007-03,2003-12,,276.0,,276.0,0.0,,97.76,2008-04,,2008-04,0.0,,,0,0,,,,MonthlyFR_mar_2007.pdf,Sector-Wise analysis of projects,30,338
FR_200703_339,,,339,"SIMRAHI-RINGBUND, KM.190-KM.165, NH-57 (BIHAR)",,,ROAD TRANSPORT & HIGHWAYS,2007-03,2003-12,,100.5,,100.5,0.0,,13.46,2008-04,,2008-04,0.0,,,0,0,,,,MonthlyFR_mar_2007.pdf,Sector-Wise analysis of projects,30,339
FR_200703_340,,,340,"GUWAHATI-NALBARI, KM.1093-KM.1065, NH-31 (ASSAM)",,,ROAD TRANSPORT & HIGHWAYS,2007-03,2003-12,,198.16,,198.16,0.0,,14.08,2008-04,,2008-04,0.0,,,0,0,,,,MonthlyFR_mar_2007.pdf,Sector-Wise analysis of projects,30,340
FR_200703_341,,,341,"PURNEA-FORBESGANJ, KM.268-KM.230, NH-57 (BIHAR)",,,ROAD TRANSPORT & HIGHWAYS,2007-03,2003-12,,310.0,,310.0,0.0,,84.09,2008-04,,2008-04,0.0,,,0,0,,,,MonthlyFR_mar_2007.pdf,Sector-Wise analysis of projects,30,341
FR_200703_342,,,342,"GUWAHATI-NALBARI, KM.1121-KM.1093, NH-31 (ASSAM)",,,ROAD TRANSPORT & HIGHWAYS,2007-03,2003-12,,175.96,,175.96,0.0,,18.96,2008-04,,2008-04,0.0,,,0,0,,,,MonthlyFR_mar_2007.pdf,Sector-Wise analysis of projects,30,342
FR_200703_343,,,343,"CHITTORGARH BYPASS, KM.253-KM.213, NH-76 (RAJASTHAN)",,,ROAD TRANSPORT & HIGHWAYS,2007-03,2003-12,,384.25,,447.9,63.65,,116.1,2008-04,,2008-04,0.0,,,0,0,,,,MonthlyFR_mar_2007.pdf,Sector-Wise analysis of projects,30,343
FR_200703_344,,,344,"PATHANKOT-BHOGPUR , KM.70-KM.110, NH-1A (PUNJAB)",,,ROAD TRANSPORT & HIGHWAYS,2007-03,2003-12,,229.0,,229.0,0.0,,48.96,2008-05,,2008-05,0.0,,,0,0,,,,MonthlyFR_mar_2007.pdf,Sector-Wise analysis of projects,30,344
FR_200703_345,,,345,"PATHANKOT-BHOGPUR, KM.26-KM.70, NH-1A (PUNJAB)",,,ROAD TRANSPORT & HIGHWAYS,2007-03,2003-12,,284.0,,284.0,0.0,,87.87,2008-05,,2008-05,0.0,,,0,0,,,,MonthlyFR_mar_2007.pdf,Sector-Wise analysis of projects,30,345
FR_200703_346,,,346,"DHARAMTUL-SONAPUR, KM.205-KM.183, NH-31",,,ROAD TRANSPORT & HIGHWAYS,2007-03,2003-12,,160.0,,,0.0,,9.25,2008-05,,,0.0,,,0,0,,,,MonthlyFR_mar_2007.pdf,Sector-Wise analysis of projects,30,346
FR_200703_347,,,347,"BAKARIA-GOGUNDA, KM.73- KM.29, NH-76 (RAJASTHAN)",,,ROAD TRANSPORT & HIGHWAYS,2007-03,2003-12,,457.0,,530.9,73.9,,195.5,2008-04,,2008-05,1.0,,,0,0,,,,MonthlyFR_mar_2007.pdf,Sector-Wise analysis of projects,31,347
FR_200703_348,,,348,"JHANSI BYPASS, KM.104- KM.91, NH-25 (UTTAR PRADESH)",,,ROAD TRANSPORT & HIGHWAYS,2007-03,2003-12,,158.06,,158.06,0.0,,32.48,2005-08,,2008-05,33.0,,,0,0,,,,MonthlyFR_mar_2007.pdf,Sector-Wise analysis of projects,31,348
FR_200703_349,,,349,"DARBHANGA- MUZAFFARPUR, KM.70- KM.30, NH-57, (BIHAR)",,,ROAD TRANSPORT & HIGHWAYS,2007-03,2003-12,,305.0,,305.0,0.0,,1.94,2008-06,,2008-06,0.0,,,0,0,,,,MonthlyFR_mar_2007.pdf,Sector-Wise analysis of projects,31,349
FR_200703_350,,,350,"VIJAYAPUR-PATHANKOT KM.16.35-KM.50.00, NH-1A (J&K)",,,ROAD TRANSPORT & HIGHWAYS,2007-03,2003-12,,193.09,,193.09,0.0,,37.91,2008-03,,2008-06,3.0,,,0,0,,,,MonthlyFR_mar_2007.pdf,Sector-Wise analysis of projects,31,350
FR_200703_351,,,351,"VIJAYAPUR-PATHANKOT, KM.50-KM.80, NH1A (JAMMU & KASHMIR)",,,ROAD TRANSPORT & HIGHWAYS,2007-03,2003-12,,166.27,,166.27,0.0,,29.22,2008-03,,2008-06,3.0,,,0,0,,,,MonthlyFR_mar_2007.pdf,Sector-Wise analysis of projects,31,351
FR_200703_352,,,352,"BIJNI-ASSAM/WB BORDER, KM.30.0-KM.0.0, NH-31C (ASSAM)",,,ROAD TRANSPORT & HIGHWAYS,2007-03,2003-12,,230.0,,230.0,0.0,,24.25,2005-06,,2008-06,36.0,,,0,0,,,,MonthlyFR_mar_2007.pdf,Sector-Wise analysis of projects,31,352
FR_200703_353,,,353,"NEW MANGLORE PORT, KM.37, NH-17 & 48 (KARNATAKA)",,,ROAD TRANSPORT & HIGHWAYS,2007-03,2000-04,,196.5,,196.5,0.0,,16.86,2008-06,,2008-06,0.0,,,0,0,,,,MonthlyFR_mar_2007.pdf,Sector-Wise analysis of projects,31,353
FR_200703_354,,,354,"DARBHANGA- MUZAFFARPUR, KM 30-KM 0, NH-57 (BIHAR)",,,ROAD TRANSPORT & HIGHWAYS,2007-03,2003-12,,291.8,,291.8,0.0,,60.49,2008-06,,2008-06,0.0,,,0,0,,,,MonthlyFR_mar_2007.pdf,Sector-Wise analysis of projects,31,354
FR_200703_355,,,355,"NALBARI-BIJNI, KM.983- KM.961.5, NH-31 (ASSAM)",,,ROAD TRANSPORT & HIGHWAYS,2007-03,2003-12,,142.0,,142.0,0.0,,8.58,2008-06,,2008-06,0.0,,,0,0,,,,MonthlyFR_mar_2007.pdf,Sector-Wise analysis of projects,31,355
FR_200703_356,,,356,"SWAROOPGANJ-BAKARIA, KM.29-KM.0 & KM.264- KM.249.7, NH-76&14",,,ROAD TRANSPORT & HIGHWAYS,2007-03,2003-12,,220.0,,243.11,23.11,,82.51,2008-04,,2008-06,2.0,,,0,0,,,,MonthlyFR_mar_2007.pdf,Sector-Wise analysis of projects,31,356
FR_200703_357,,,357,"RINGBUNDS-JHANJHARPUR, KM.155-KM.110, NH-57 (BIHAR)",,,ROAD TRANSPORT & HIGHWAYS,2007-03,2003-12,,340.0,,340.0,0.0,,19.43,2008-06,,2008-06,0.0,,,0,0,,,,MonthlyFR_mar_2007.pdf,Sector-Wise analysis of projects,31,357
FR_200703_358,,,358,"SONAPUR-GUWAHATI, KM.183-KM.163.895, NH-37 (ASSAM)",,,ROAD TRANSPORT & HIGHWAYS,2007-03,2003-12,,245.0,,245.0,0.0,,65.01,2008-03,,2008-06,3.0,,,0,0,,,,MonthlyFR_mar_2007.pdf,Sector-Wise analysis of projects,31,358
FR_200703_359,,,359,"LANKA-DABOKA, KM.22- KM.24, NH-54 (ASSAM)",,,ROAD TRANSPORT & HIGHWAYS,2007-03,2003-12,,225.0,,225.0,0.0,,20.24,2008-06,,2008-06,0.0,,,0,0,,,,MonthlyFR_mar_2007.pdf,Sector-Wise analysis of projects,31,359
FR_200703_360,,,360,"NAGAON-DHARAMTUL KM.255-KM.230, NH-37 (ASSAM)",,,ROAD TRANSPORT & HIGHWAYS,2007-03,2003-12,,264.72,,264.72,0.0,,9.83,2008-06,,2008-06,0.0,,,0,0,,,,MonthlyFR_mar_2007.pdf,Sector-Wise analysis of projects,31,360
FR_200703_361,,,361,"DHARMATUL-SONAPUR, KM.230.50-KM.230.00, NH-31 (ASSAM)",,,ROAD TRANSPORT & HIGHWAYS,2007-03,2003-12,,200.0,,200.0,0.0,,31.88,2008-06,,2008-06,0.0,,,0,0,,,,MonthlyFR_mar_2007.pdf,Sector-Wise analysis of projects,31,361
FR_200703_362,,,362,"DAKOBA-NAGAON, KM.36- KM.5.5, NH-36 (ASSAM)",,,ROAD TRANSPORT & HIGHWAYS,2007-03,2003-12,,225.0,,225.0,0.0,,21.47,2008-06,,2008-06,0.0,,,0,0,,,,MonthlyFR_mar_2007.pdf,Sector-Wise analysis of projects,31,362
FR_200703_363,,,363,"CHITTORGARH BYPASS(RJ-6) NH-76 KM.159- 213, NH-79,76",,,ROAD TRANSPORT & HIGHWAYS,2007-03,2005-03,,133.03,,133.03,0.0,,146.4,2005-08,,2008-06,34.0,,,0,0,,,,MonthlyFR_mar_2007.pdf,Sector-Wise analysis of projects,31,363
FR_200703_364,,,364,"NALBARI-BIJNI, KM.1013- KM.983, NH-31 (ASSAM)",,,ROAD TRANSPORT & HIGHWAYS,2007-03,2003-12,,200.0,,,0.0,,14.35,2008-06,,,0.0,,,0,0,,,,MonthlyFR_mar_2007.pdf,Sector-Wise analysis of projects,31,364
FR_200703_365,,,365,"NAGAON BYPASS, KM.5.5- KM.262.7, NH-36 (ASSAM)",,,ROAD TRANSPORT & HIGHWAYS,2007-03,2003-12,,230.0,,230.0,0.0,,58.29,2008-06,,2008-06,0.0,,,0,0,,,,MonthlyFR_mar_2007.pdf,Sector-Wise analysis of projects,32,365
FR_200703_366,,,366,"NALBARI-BIJNI, KM.1065- KM.1040.3, NH-31 (ASSAM)",,,ROAD TRANSPORT & HIGHWAYS,2007-03,2003-12,,225.0,,225.0,0.0,,22.27,2008-06,,2008-06,0.0,,,0,0,,,,MonthlyFR_mar_2007.pdf,Sector-Wise analysis of projects,32,366
FR_200703_367,,,367,"BIJNI-ASSAM/WEST BENGAL BORDER, KM.30-KM.60, NH- 31C",,,ROAD TRANSPORT & HIGHWAYS,2007-03,2003-12,,195.0,,195.0,0.0,,23.13,2008-06,,2008-06,0.0,,,0,0,,,,MonthlyFR_mar_2007.pdf,Sector-Wise analysis of projects,32,367
FR_200703_368,,,368,"CHITRADURGA BY PASS, KM.207-KM.189 (NH-4)",,,ROAD TRANSPORT & HIGHWAYS,2007-03,2000-04,,104.0,,104.0,0.0,,72.33,2004-08,,2008-06,46.0,,,0,0,,,,MonthlyFR_mar_2007.pdf,Sector-Wise analysis of projects,32,368
FR_200703_369,,,369,"BIJNI-ASSAM /WEST BENGAL.BORDER, KM.93- KM.60, NH-31C",,,ROAD TRANSPORT & HIGHWAYS,2007-03,2003-12,,237.8,,237.8,0.0,,28.58,2008-06,,2008-06,0.0,,,0,0,,,,MonthlyFR_mar_2007.pdf,Sector-Wise analysis of projects,32,369
FR_200703_370,,,370,"SILIGURI-ISLAMPUR, KM.526-KM.500, NH-31(WEST BENGAL)",,,ROAD TRANSPORT & HIGHWAYS,2007-03,2003-12,,225.0,,225.0,0.0,,21.82,2008-07,,2008-07,0.0,,,0,0,,,,MonthlyFR_mar_2007.pdf,Sector-Wise analysis of projects,32,370
FR_200703_371,,,371,"GOGUNDA-UDAIPUR, KM.104-KM.73, NH-76 (RAJASTHAN)",,,ROAD TRANSPORT & HIGHWAYS,2007-03,2003-12,,266.0,,288.06,22.06,,120.4,2007-08,,2008-07,11.0,,,0,0,,,,MonthlyFR_mar_2007.pdf,Sector-Wise analysis of projects,32,371
FR_200703_372,,,372,"TOVARAMKURCHI- MADURAI, KM.60.95- KM.124.84 (T.N.)",,,ROAD TRANSPORT & HIGHWAYS,2007-03,2003-12,,263.0,,263.0,0.0,,70.03,2008-08,,2008-08,0.0,,,0,0,,,,MonthlyFR_mar_2007.pdf,Sector-Wise analysis of projects,32,372
FR_200703_373,,,373,"TRICHY BYPASS- TUVARAMKURCHI, KM.61, NH-45B (TAMIL NADU)",,,ROAD TRANSPORT & HIGHWAYS,2007-03,2003-12,,261.0,,261.0,0.0,,66.43,2008-08,,2008-08,0.0,,,0,0,,,,MonthlyFR_mar_2007.pdf,Sector-Wise analysis of projects,32,373
FR_200703_374,,,374,"JHAJHARPUR-DARBANGA, KM.110-KM.70, NH-57 (BIHAR)",,,ROAD TRANSPORT & HIGHWAYS,2007-03,2003-12,,340.0,,340.0,0.0,,0.26,2008-09,,2008-09,0.0,,,0,0,,,,MonthlyFR_mar_2007.pdf,Sector-Wise analysis of projects,32,374
FR_200703_375,,,375,"MEHSI-KOTWA, KM.480- KM.440, NH-28 (BIHAR)",,,ROAD TRANSPORT & HIGHWAYS,2007-03,2003-12,,239.0,,239.0,0.0,,53.88,2005-07,,2008-09,38.0,,,0,0,,,,MonthlyFR_mar_2007.pdf,Sector-Wise analysis of projects,32,375
FR_200703_376,,,376,"MUZZAFFARPUR-MEHSI, KM.520-KM.480, NH-28 (BIHAR)",,,ROAD TRANSPORT & HIGHWAYS,2007-03,2003-12,,275.0,,275.0,0.0,,48.9,2005-07,,2008-09,38.0,,,0,0,,,,MonthlyFR_mar_2007.pdf,Sector-Wise analysis of projects,32,376
FR_200703_377,,,377,"FORBESGANJ-SIMRAHI, KM.230-KM.190, NH-57 (BIHAR)",,,ROAD TRANSPORT & HIGHWAYS,2007-03,2003-12,,332.94,,332.94,0.0,,50.71,2008-09,,2008-09,0.0,,,0,0,,,,MonthlyFR_mar_2007.pdf,Sector-Wise analysis of projects,32,377
FR_200703_378,,,378,"Hyderabad-Banglore Section, Km.336-km.376, NH-7 (A.P.)",,,ROAD TRANSPORT & HIGHWAYS,2007-03,2003-12,,243.38,,243.38,0.0,,1.6,2008-09,,2008-09,0.0,,,0,0,,,,MonthlyFR_mar_2007.pdf,Sector-Wise analysis of projects,32,378
FR_200703_379,,,379,"GANGA BRIDGE-RAMDEVI CROSSING, KM.75-KM.80.06, NH-25 (U.P.)",,,ROAD TRANSPORT & HIGHWAYS,2007-03,2003-12,,155.0,,201.66,46.66,,20.68,2008-09,,2008-09,0.0,,,0,0,,,,MonthlyFR_mar_2007.pdf,Sector-Wise analysis of projects,32,379
FR_200703_380,,,380,"GORAKHPUR-AYODHYA, KM.208-KM.164, NH-28 (UTTAR PRADESH)",,,ROAD TRANSPORT & HIGHWAYS,2007-03,2003-12,,227.0,,227.0,0.0,,59.8,2008-10,,2008-10,0.0,,,0,0,,,,MonthlyFR_mar_2007.pdf,Sector-Wise analysis of projects,32,380
FR_200703_381,,,381,"SAGAR-RAJMARG CHORAHA, KM.211-KM.255, NH-26 (M.P.)",,,ROAD TRANSPORT & HIGHWAYS,2007-03,2003-12,,203.43,,203.43,0.0,,29.7,2008-10,,2008-10,0.0,,,0,0,,,,MonthlyFR_mar_2007.pdf,Sector-Wise analysis of projects,32,381
FR_200703_382,,,382,"AYODHYA-LUCKNOW, KM.93.075-KM.45, NH-28",,,ROAD TRANSPORT & HIGHWAYS,2007-03,2003-12,,217.0,,,0.0,,68.21,2008-10,,,0.0,,,0,0,,,,MonthlyFR_mar_2007.pdf,Sector-Wise analysis of projects,32,382
FR_200703_383,,,383,"PANIPAT-PANCHI GUJARAN, KM.86-KM.66, (HARYANA)",,,ROAD TRANSPORT & HIGHWAYS,2007-03,2003-12,,109.0,,109.0,0.0,,,2008-10,,2008-10,0.0,,,0,0,,,,MonthlyFR_mar_2007.pdf,Sector-Wise analysis of projects,33,383
FR_200703_384,,,384,"RAJMARG CHORAHA- LAKHNANDON, KM.351- KM.405.7, NH-26",,,ROAD TRANSPORT & HIGHWAYS,2007-03,2003-12,,229.91,,229.91,0.0,,10.21,2008-10,,2008-10,0.0,,,0,0,,,,MonthlyFR_mar_2007.pdf,Sector-Wise analysis of projects,33,384
FR_200703_385,,,385,"GORAKHPUR-AYODHYA, KM.251.70-KM.208.00, NH-28 (U.P.)",,,ROAD TRANSPORT & HIGHWAYS,2007-03,2003-12,,239.0,,239.0,0.0,,60.92,2008-10,,2008-10,0.0,,,0,0,,,,MonthlyFR_mar_2007.pdf,Sector-Wise analysis of projects,33,385
FR_200703_386,,,386,"AYODHYA-LUCKNOW, KM.45-KM.8.250, NH-28 (UTTAR PRADESH)",,,ROAD TRANSPORT & HIGHWAYS,2007-03,2003-12,,193.0,,193.0,0.0,,57.7,2008-10,,2008-10,0.0,,,0,0,,,,MonthlyFR_mar_2007.pdf,Sector-Wise analysis of projects,33,386
FR_200703_387,,,387,"SAGAR BY PASS, KM.187- KM.211, NH-26 (M.P.)",,,ROAD TRANSPORT & HIGHWAYS,2007-03,2003-12,,151.3,,151.3,0.0,,26.86,2008-10,,2008-10,0.0,,,0,0,,,,MonthlyFR_mar_2007.pdf,Sector-Wise analysis of projects,33,387
FR_200703_388,,,388,"LALITPUR-SAGAR (2), KM.132-KM.187, NH-26 (M.P.)",,,ROAD TRANSPORT & HIGHWAYS,2007-03,2003-12,,225.0,,225.0,0.0,,41.64,2008-10,,2008-10,0.0,,,0,0,,,,MonthlyFR_mar_2007.pdf,Sector-Wise analysis of projects,33,388
FR_200703_389,,,389,"SILIGURI-ISLAMPUR, KM.551-KM.526, NH-31 (WEST BENGAL)",,,ROAD TRANSPORT & HIGHWAYS,2007-03,2003-12,,155.0,,155.0,0.0,,47.5,2008-10,,2008-10,0.0,,,0,0,,,,MonthlyFR_mar_2007.pdf,Sector-Wise analysis of projects,33,389
FR_200703_390,,,390,"SAGAR-RAJMARG CHORAHA, KM.255-KM.297, NH-26 (M.P.)",,,ROAD TRANSPORT & HIGHWAYS,2007-03,2003-12,,206.96,,206.96,0.0,,16.05,2008-10,,2008-10,0.0,,,0,0,,,,MonthlyFR_mar_2007.pdf,Sector-Wise analysis of projects,33,390
FR_200703_391,,,391,"RAJMARG CHORAHA- LAKHNANDON, KM.297- KM.351, NH-26 (M.P.)",,,ROAD TRANSPORT & HIGHWAYS,2007-03,2003-12,,251.03,,251.03,0.0,,11.0,2008-10,,2008-10,0.0,,,0,0,,,,MonthlyFR_mar_2007.pdf,Sector-Wise analysis of projects,33,391
FR_200703_392,,,392,"MAILBANG-LUNDING, KM.111.00-KM.126.45, NH-54 (ASSAM)",,,ROAD TRANSPORT & HIGHWAYS,2007-03,2003-12,,155.04,,155.04,0.0,,12.76,2008-11,,2008-11,0.0,,,0,0,,,,MonthlyFR_mar_2007.pdf,Sector-Wise analysis of projects,33,392
FR_200703_393,,,393,"AYODHYA-LUCKNOW, KM.135.000-KM.93.075, NH-28 (U.P.)",,,ROAD TRANSPORT & HIGHWAYS,2007-03,2003-12,,212.0,,212.0,0.0,,67.24,2008-10,,2008-11,1.0,,,0,0,,,,MonthlyFR_mar_2007.pdf,Sector-Wise analysis of projects,33,393
FR_200703_394,,,394,"KOTWA-DEWAPUR, KM.440- KM.402, NH-28 (BIHAR)",,,ROAD TRANSPORT & HIGHWAYS,2007-03,2003-12,,240.0,,240.0,0.0,,42.79,2008-10,,2008-11,1.0,,,0,0,,,,MonthlyFR_mar_2007.pdf,Sector-Wise analysis of projects,33,394
FR_200703_395,,,395,"KOTA BYPASS, KM.406- KM.381, NH-76 (RAJASTHAN)",,,ROAD TRANSPORT & HIGHWAYS,2007-03,2003-12,,275.0,,250.39,-24.61,,18.58,2008-10,,2008-11,1.0,,,0,0,,,,MonthlyFR_mar_2007.pdf,Sector-Wise analysis of projects,33,395
FR_200703_396,,,396,"DEEWAPUR-UP/BIHAR BORDER, KM.402-KM.360.915, NH-28 (BIHAR)",,,ROAD TRANSPORT & HIGHWAYS,2007-03,2003-12,,300.0,,300.0,0.0,,57.95,2008-10,,2008-11,1.0,,,0,0,,,,MonthlyFR_mar_2007.pdf,Sector-Wise analysis of projects,33,396
FR_200703_397,,,397,"MAILBANG-LUNDING, KM.60.50-KM.83.40, NH-54 (ASSAM)",,,ROAD TRANSPORT & HIGHWAYS,2007-03,2003-12,,167.64,,167.64,0.0,,13.13,2008-11,,2008-11,0.0,,,0,0,,,,MonthlyFR_mar_2007.pdf,Sector-Wise analysis of projects,33,397
FR_200703_398,,,398,"KELAPUR-PIMPALKATTI, KM.153-KM.175, NH-7 (MAHARASHTRA)",,,ROAD TRANSPORT & HIGHWAYS,2007-03,2003-12,,117.4,,117.4,0.0,,9.78,2008-11,,2008-11,0.0,,,0,0,,,,MonthlyFR_mar_2007.pdf,Sector-Wise analysis of projects,33,398
FR_200703_399,,,399,"GANJAM-ICCHAPURAM, KM.233-KM.284, NH-5 (ORISSA)",,,ROAD TRANSPORT & HIGHWAYS,2007-03,2000-04,,263.27,,263.27,0.0,,124.89,2004-02,,2008-11,57.0,,,0,0,,,,MonthlyFR_mar_2007.pdf,Sector-Wise analysis of projects,33,399
FR_200703_400,,,400,"ASSAM/WEST BENGAL BORDER-GAIRKATTA,",,,ROAD TRANSPORT & HIGHWAYS,2007-03,2003-12,,221.82,,,0.0,,6.3,2008-11,,,0.0,,,0,0,,,,MonthlyFR_mar_2007.pdf,Sector-Wise analysis of projects,33,400
FR_200703_401,,,401,"LALITPUR-SAGAR (1), KM.94- KM.132, NH-26 (M.P.)",,,ROAD TRANSPORT & HIGHWAYS,2007-03,2003-12,,198.0,,198.0,0.0,,10.98,2008-11,,2008-11,0.0,,,0,0,,,,MonthlyFR_mar_2007.pdf,Sector-Wise analysis of projects,34,401
FR_200703_402,,,402,"AMBALA-ZIRAKPUR, KM.5/735-KM.39/961, NH-21 & 22, (HARYANA)",,,ROAD TRANSPORT & HIGHWAYS,2007-03,2005-03,,298.0,,298.0,0.0,,112.0,2008-11,,2008-11,0.0,,,0,0,,,,MonthlyFR_mar_2007.pdf,Sector-Wise analysis of projects,34,402
FR_200703_403,,,403,"GORAKHPUR-AYODHYA, KM.164-KM.135, NH-28 (U.P.)",,,ROAD TRANSPORT & HIGHWAYS,2007-03,2003-12,,205.0,,205.0,0.0,,68.03,2008-10,,2008-11,1.0,,,0,0,,,,MonthlyFR_mar_2007.pdf,Sector-Wise analysis of projects,34,403
FR_200703_404,,,404,"SALEM-KERALA BORDER, KM.53-KM.100, NH-97 (TAMIL NADU)",,,ROAD TRANSPORT & HIGHWAYS,2007-03,2003-12,,379.8,,379.8,0.0,,27.0,2008-12,,2008-12,0.0,,,0,0,,,,MonthlyFR_mar_2007.pdf,Sector-Wise analysis of projects,34,404
FR_200703_405,,,405,"ORAI-JHANSI, KM.220- KM.170, N H-25 (U.P.)",,,ROAD TRANSPORT & HIGHWAYS,2007-03,2003-12,,340.68,,340.68,0.0,,33.52,2008-03,,2008-12,9.0,,,0,0,,,,MonthlyFR_mar_2007.pdf,Sector-Wise analysis of projects,34,405
FR_200703_406,,,406,"KARUR-MADURAI, KM.373.275-KM.426.60, NH-7 (TAMIL NADU)",,,ROAD TRANSPORT & HIGHWAYS,2007-03,2003-12,,283.5,,283.5,0.0,,67.44,2008-12,,2008-12,0.0,,,0,0,,,,MonthlyFR_mar_2007.pdf,Sector-Wise analysis of projects,34,406
FR_200703_407,,,407,"UP/BIHAR BORDER-KASIA, KM.360.915-KM.319.8, NH-28, (U.P.)",,,ROAD TRANSPORT & HIGHWAYS,2007-03,2003-12,,227.0,,227.0,0.0,,50.22,2008-12,,2008-12,0.0,,,0,0,,,,MonthlyFR_mar_2007.pdf,Sector-Wise analysis of projects,34,407
FR_200703_408,,,408,"NAGPUR-KONDHALI, KM.9.2- KM.50, NH-6 (MAHARASHTRA)",,,ROAD TRANSPORT & HIGHWAYS,2007-03,2005-03,,168.0,,168.0,0.0,,3.0,2008-12,,2008-12,0.0,,,0,0,,,,MonthlyFR_mar_2007.pdf,Sector-Wise analysis of projects,34,408
FR_200703_409,,,409,"KASIA-GORAKHPUR, KM.319.8-KM.279.8, NH-28 (UTTAR PRADESH)",,,ROAD TRANSPORT & HIGHWAYS,2007-03,2003-12,,242.0,,242.0,0.0,,67.69,2008-12,,2008-12,0.0,,,0,0,,,,MonthlyFR_mar_2007.pdf,Sector-Wise analysis of projects,34,409
FR_200703_410,,,410,"SALEM-KARUR, KM.258.645- KM.292.60, NH-7 (TAMIL NADU)",,,ROAD TRANSPORT & HIGHWAYS,2007-03,2003-12,,205.6,,205.6,0.0,,59.48,2008-08,,2008-12,4.0,,,0,0,,,,MonthlyFR_mar_2007.pdf,Sector-Wise analysis of projects,34,410
FR_200703_411,,,411,"KRISHNAGIRI- THOPURGHAT, KM.94- KM.156, NH-7 (TAMIL NADU)",,,ROAD TRANSPORT & HIGHWAYS,2007-03,2003-12,,372.7,,372.7,0.0,,67.24,2008-12,,2008-12,0.0,,,0,0,,,,MonthlyFR_mar_2007.pdf,Sector-Wise analysis of projects,34,411
FR_200703_412,,,412,"SALEM-KERALA BORDER, KM.203.96-KM.53, NH-47 (TAMIL NADU)",,,ROAD TRANSPORT & HIGHWAYS,2007-03,2003-12,,469.8,,469.8,0.0,,25.61,2008-12,,2008-12,0.0,,,0,0,,,,MonthlyFR_mar_2007.pdf,Sector-Wise analysis of projects,34,412
FR_200703_413,,,413,"AURANG-RAIPUR, KM.232- KM.281, NH-6 (CHHATTISGARH)",,,ROAD TRANSPORT & HIGHWAYS,2007-03,2005-03,,190.0,,190.0,0.0,,10.0,2009-01,,2009-01,0.0,,,0,0,,,,MonthlyFR_mar_2007.pdf,Sector-Wise analysis of projects,34,413
FR_200703_414,,,414,"BHARATPUR MAHUA, KM.63- KM.120, NH-11 (RAJASTHAN)",,,ROAD TRANSPORT & HIGHWAYS,2007-03,2005-03,,250.0,,250.0,0.0,,152.8,2009-01,,2009-01,0.0,,,0,0,,,,MonthlyFR_mar_2007.pdf,Sector-Wise analysis of projects,34,414
FR_200703_415,,,415,"SALEM-KARUR, KM.207.05- KM.248.625, NH-7 (TAMIL NADU)",,,ROAD TRANSPORT & HIGHWAYS,2007-03,2003-12,,253.5,,253.5,0.0,,31.3,2009-01,,2009-01,0.0,,,0,0,,,,MonthlyFR_mar_2007.pdf,Sector-Wise analysis of projects,34,415
FR_200703_416,,,416,"PANIPAT ELEVATED HIGHWAY, KM.96-KM.86 (HARYANA)",,,ROAD TRANSPORT & HIGHWAYS,2007-03,2003-12,,270.0,,270.0,0.0,,34.59,2009-01,,2009-01,0.0,,,0,0,,,,MonthlyFR_mar_2007.pdf,Sector-Wise analysis of projects,34,416
FR_200703_417,,,417,"FARUKHANAGAR- KOTAKOTTA, KM.80.05- KM.135.47, NH-7 (A.P.)",,,ROAD TRANSPORT & HIGHWAYS,2007-03,2003-12,,313.7,,302.0,-11.7,,60.62,2009-02,,2009-02,0.0,,,0,0,,,,MonthlyFR_mar_2007.pdf,Sector-Wise analysis of projects,34,417
FR_200703_418,,,418,"FARUKHANAGAR- KOTTAKATA, KM.34.14-",,,ROAD TRANSPORT & HIGHWAYS,2007-03,2003-12,,267.2,,,-12.2,,57.79,2009-02,,,0.0,,,0,0,,,,MonthlyFR_mar_2007.pdf,Sector-Wise analysis of projects,34,418
FR_200703_419,,,419,"HARANGAJO-MAILBANG, KM.126.45-KM.140.70, NH-54 (ASSAM)",,,ROAD TRANSPORT & HIGHWAYS,2007-03,2003-12,,280.0,,280.0,0.0,,,2009-02,,2009-02,0.0,,,0,0,,,,MonthlyFR_mar_2007.pdf,Sector-Wise analysis of projects,35,419
FR_200703_420,,,420,"KONDHALI-TELEGAON, KM.50-KM.100, NH-6 (MAHARASHTRA)",,,ROAD TRANSPORT & HIGHWAYS,2007-03,2005-03,,212.0,,212.0,0.0,,55.0,2009-03,,2009-03,0.0,,,0,0,,,,MonthlyFR_mar_2007.pdf,Sector-Wise analysis of projects,35,420
FR_200703_421,,,421,"PALANPUR-SWAROOPGANJ, KM.264-KM.340, NH-14 (RAJASTHAN)",,,ROAD TRANSPORT & HIGHWAYS,2007-03,2003-12,,498.0,,498.0,0.0,,42.95,2009-03,,2009-03,0.0,,,0,0,,,,MonthlyFR_mar_2007.pdf,Sector-Wise analysis of projects,35,421
FR_200703_422,,,422,"AGRA-BHARATPUR, KM.45, NH-11 (U.P.)",,,ROAD TRANSPORT & HIGHWAYS,2007-03,2005-03,,195.0,,195.0,0.0,,70.32,2009-03,,2009-03,0.0,,,0,0,,,,MonthlyFR_mar_2007.pdf,Sector-Wise analysis of projects,35,422
FR_200703_423,,,423,"THRISSUR-ANGAMALI, KM.270.00-KM.316.70, NH-47 (KERALA)",,,ROAD TRANSPORT & HIGHWAYS,2007-03,2003-12,,312.5,,312.5,0.0,,15.65,2009-03,,2009-03,0.0,,,0,0,,,,MonthlyFR_mar_2007.pdf,Sector-Wise analysis of projects,35,423
FR_200703_424,,,424,"MEERUT-MUZAFFARNAGAR, KM.52.25-KM.131.00, NH-58 (U.P.)",,,ROAD TRANSPORT & HIGHWAYS,2007-03,2005-03,,359.0,,359.0,0.0,,12.0,2009-03,,2009-03,0.0,,,0,0,,,,MonthlyFR_mar_2007.pdf,Sector-Wise analysis of projects,35,424
FR_200703_425,,,425,AP/ KARNATAKA BORDER NANDI HILL CROSSING KM.464.6-KM.527,,,ROAD TRANSPORT & HIGHWAYS,2007-03,2003-12,,402.8,,402.8,0.0,,,2009-03,,2009-03,0.0,,,0,0,,,,MonthlyFR_mar_2007.pdf,Sector-Wise analysis of projects,35,425
FR_200703_426,,,426,"KADLOOR YELLAREDDY- POCHAMPALLI, KM.367- KM.447, NH-7 (A.P.)",,,ROAD TRANSPORT & HIGHWAYS,2007-03,2003-12,,546.15,,490.0,-56.15,,90.8,2009-04,,2009-03,-1.0,,,0,0,,,,MonthlyFR_mar_2007.pdf,Sector-Wise analysis of projects,35,426
FR_200703_427,,,427,"DHULE-PIMPALGAON, KM.380-KM.265, NH-3 (MAHARASHTRA)",,,ROAD TRANSPORT & HIGHWAYS,2007-03,2005-03,,556.0,,556.0,0.0,,160.0,2009-03,,2009-03,0.0,,,0,0,,,,MonthlyFR_mar_2007.pdf,Sector-Wise analysis of projects,35,427
FR_200703_428,,,428,"MAHUA-JAIPUR, KM.120- KM.228, NH-11 (RAJASTHAN)",,,ROAD TRANSPORT & HIGHWAYS,2007-03,2005-03,,483.0,,483.0,0.0,,255.7,2009-03,,2009-03,0.0,,,0,0,,,,MonthlyFR_mar_2007.pdf,Sector-Wise analysis of projects,35,428
FR_200703_429,,,429,"HYDERABAD-BANGALORE, KM.135.47-KM.211, NH-7 (A.P.)",,,ROAD TRANSPORT & HIGHWAYS,2007-03,2003-12,,611.44,,592.0,-19.44,,187.2,2009-03,,2009-03,0.0,,,0,0,,,,MonthlyFR_mar_2007.pdf,Sector-Wise analysis of projects,35,429
FR_200703_430,,,430,"KARUR-MADURAI, KM.305.6- KM.373.28, NH-7 (TAMIL NADU)",,,ROAD TRANSPORT & HIGHWAYS,2007-03,2003-12,,327.2,,327.2,0.0,,83.32,2009-01,,2009-04,3.0,,,0,0,,,,MonthlyFR_mar_2007.pdf,Sector-Wise analysis of projects,35,430
FR_200703_431,,,431,"MAILBANG-LUNDING, KM.40.000-KM.60.500, NH-54 (ASSAM)",,,ROAD TRANSPORT & HIGHWAYS,2007-03,2003-12,,200.0,,200.0,0.0,,,2009-04,,2009-04,0.0,,,0,0,,,,MonthlyFR_mar_2007.pdf,Sector-Wise analysis of projects,35,431
FR_200703_432,,,432,"MAILBANG-LUNDING, KM.83.40-KM.111.00, NH-54 (ASSAM)",,,ROAD TRANSPORT & HIGHWAYS,2007-03,2003-12,,199.81,,199.81,0.0,,4.18,2009-04,,2009-04,0.0,,,0,0,,,,MonthlyFR_mar_2007.pdf,Sector-Wise analysis of projects,35,432
FR_200703_433,,,433,"GONDE-VADAPE (THANE), KM.440-KM.539.50, NH-3 (MAHARASHTRA)",,,ROAD TRANSPORT & HIGHWAYS,2007-03,2005-03,,579.0,,579.0,0.0,,150.0,2009-04,,2009-04,0.0,,,0,0,,,,MonthlyFR_mar_2007.pdf,Sector-Wise analysis of projects,35,433
FR_200703_434,,,434,"BARA-ORAI, KM.449-KM.422 & KM.255-KM.220, NH -2 & 25, (U.P.)",,,ROAD TRANSPORT & HIGHWAYS,2007-03,2003-12,,465.0,,465.0,0.0,,7.38,2009-04,,2009-04,0.0,,,0,0,,,,MonthlyFR_mar_2007.pdf,Sector-Wise analysis of projects,35,434
FR_200703_435,,,435,"SITAPUR-LUCKNOW, KM.488.27-KM.413.20, NH-24 (U.P.)",,,ROAD TRANSPORT & HIGHWAYS,2007-03,2005-03,,322.0,,322.0,0.0,,16.0,2009-06,,2009-06,0.0,,,0,0,,,,MonthlyFR_mar_2007.pdf,Sector-Wise analysis of projects,35,435
FR_200703_436,,,436,"THANJAVUR-TRICHY, KM.80- KM.135.75, NH-67 (T.N.)",,,ROAD TRANSPORT & HIGHWAYS,2007-03,2005-03,,280.0,,,0.0,,10.0,2009-06,,,0.0,,,0,0,,,,MonthlyFR_mar_2007.pdf,Sector-Wise analysis of projects,35,436
FR_200703_437,,,437,"HARANGAJO-MAIBANG, KM.164.08-KM.190.587, NH-54 (ASSAM)",,,ROAD TRANSPORT & HIGHWAYS,2007-03,2003-12,,212.0,,212.0,0.0,,,2007-09,,2009-07,22.0,,,0,0,,,,MonthlyFR_mar_2007.pdf,Sector-Wise analysis of projects,36,437
FR_200703_438,,,438,"VADODARA-BHARUCH PACKAGE BOT-I, KM.108.7- KM.192, NH-8 (GUJ.)",,,ROAD TRANSPORT & HIGHWAYS,2007-03,2006-05,,660.0,,660.0,0.0,,,2009-07,,2009-07,0.0,,,0,0,,,,MonthlyFR_mar_2007.pdf,Sector-Wise analysis of projects,36,438
FR_200703_439,,,439,"HARANGAJO-MAIBANG, KM.140.70-KM.164.08, NH-54 (ASSAM)",,,ROAD TRANSPORT & HIGHWAYS,2007-03,2003-12,,196.0,,196.0,0.0,,,2009-07,,2009-07,0.0,,,0,0,,,,MonthlyFR_mar_2007.pdf,Sector-Wise analysis of projects,36,439
FR_200703_440,,,440,"BHARUCH-SURAT PACKAGE BOT-II, KM.65, (SIX-LANING) NH-8 (GU.)",,,ROAD TRANSPORT & HIGHWAYS,2007-03,2006-05,,492.0,,492.0,0.0,,,2009-07,,2009-07,0.0,,,0,0,,,,MonthlyFR_mar_2007.pdf,Sector-Wise analysis of projects,36,440
FR_200703_441,,,441,"Hyderabad-Banglore Section, Km.418-Km.463.16, NH-7 (A.P.)",,,ROAD TRANSPORT & HIGHWAYS,2007-03,2003-12,,243.64,,243.64,0.0,,12.75,2009-08,,2009-08,0.0,,,0,0,,,,MonthlyFR_mar_2007.pdf,Sector-Wise analysis of projects,36,441
FR_200703_442,,,442,"Hyderabad-Banglore Section, Km.251-293.4, NH-7 (A.P.)",,,ROAD TRANSPORT & HIGHWAYS,2007-03,2003-12,,208.46,,208.46,0.0,,14.73,2009-08,,2009-08,0.0,,,0,0,,,,MonthlyFR_mar_2007.pdf,Sector-Wise analysis of projects,36,442
FR_200703_443,,,443,"Hyderabad-Banglore Section, Km.211- Km.251, NH-7 (A.P.)",,,ROAD TRANSPORT & HIGHWAYS,2007-03,2003-12,,194.8,,194.8,0.0,,10.35,2009-08,,2009-08,0.0,,,0,0,,,,MonthlyFR_mar_2007.pdf,Sector-Wise analysis of projects,36,443
FR_200703_444,,,444,"Hyderabad-Banglore Section, Km.376-Km.418, NH-7 (A.P.)",,,ROAD TRANSPORT & HIGHWAYS,2007-03,2003-12,,205.92,,205.92,0.0,,10.77,2009-08,,2009-08,0.0,,,0,0,,,,MonthlyFR_mar_2007.pdf,Sector-Wise analysis of projects,36,444
FR_200703_445,,,445,"INDORE-KALAGHAT, KM.80, NH-3 (M.P.)",,,ROAD TRANSPORT & HIGHWAYS,2007-03,2005-03,,472.0,,472.0,0.0,,71.8,2009-09,,2009-09,0.0,,,0,0,,,,MonthlyFR_mar_2007.pdf,Sector-Wise analysis of projects,36,445
FR_200703_446,,,446,"Hyderabad-Banglore Section, Km.293.4-336, NH-7 (A.P.)",,,ROAD TRANSPORT & HIGHWAYS,2007-03,2003-12,,239.19,,239.19,0.0,,4.22,2009-09,,2009-09,0.0,,,0,0,,,,MonthlyFR_mar_2007.pdf,Sector-Wise analysis of projects,36,446
FR_200703_447,,,447,"JALANDAR-AMRITSAR, KM.407-KM.456, NH-1, (PANJAB)",,,ROAD TRANSPORT & HIGHWAYS,2007-03,2005-03,,263.0,,263.0,0.0,,55.0,2009-02,,2009-11,9.0,,,0,0,,,,MonthlyFR_mar_2007.pdf,Sector-Wise analysis of projects,36,447
FR_200703_448,,,448,"MADURAI-TUTICORIN, KM.138.8 TO KM.264.5, NH- 45B (T.N.)",,,ROAD TRANSPORT & HIGHWAYS,2007-03,2005-03,,629.0,,629.0,0.0,,8.0,2010-11,,2010-01,-10.0,,,0,0,,,,MonthlyFR_mar_2007.pdf,Sector-Wise analysis of projects,36,448
FR_200703_449,,,449,"CHAMBAL BRIDGE, NH-76 (RAJASTHAN)",,,ROAD TRANSPORT & HIGHWAYS,2007-03,2003-12,,275.0,,281.31,6.31,,4.53,2010-02,,2010-02,0.0,,,0,0,,,,MonthlyFR_mar_2007.pdf,Sector-Wise analysis of projects,36,449
FR_200703_450,,,450,"BRAHMPUTRA BRIDGE, KM.1126-KM.1121, NH-31 (ASSAM)",,,ROAD TRANSPORT & HIGHWAYS,2007-03,2003-12,,217.61,,217.61,0.0,,,2010-04,,2010-04,0.0,,,0,0,,,,MonthlyFR_mar_2007.pdf,Sector-Wise analysis of projects,36,450
FR_200703_451,,,451,"KANYAKUMARI-PANAGUDI, Km.233.6-Km.203, NH-7 (TAMIL NADU)",,,ROAD TRANSPORT & HIGHWAYS,2007-03,2003-12,,120.0,,120.0,0.0,,32.22,2006-09,,,,,,0,0,,,,MonthlyFR_mar_2007.pdf,Sector-Wise analysis of projects,36,451
FR_200703_452,,,452,ACQUISITION OF 700 PASSENGER CUM 160 MT CARGO VESSEL,,,SHIPPING & PORTS,2007-03,2000-06,,129.62,,129.62,0.0,,121.12,2004-02,,2007-04,38.0,,,0,0,,,,MonthlyFR_mar_2007.pdf,Sector-Wise analysis of projects,36,452
FR_200703_453,,,453,"ESTABLISH OF VTS IN GULF,",,,SHIPPING & PORTS,2007-03,2002-01,,165.0,,,0.0,,15.13,2005-12,,,18.0,,,0,0,,,,MonthlyFR_mar_2007.pdf,Sector-Wise analysis of projects,36,453
FR_200703_454,,,454,DEEPENING OF CHANNEL AT PARADIP PORT,,,SHIPPING & PORTS,2007-03,2005-12,,154.84,,154.84,0.0,,3.09,2007-06,,2007-12,6.0,,,0,0,,,,MonthlyFR_mar_2007.pdf,Sector-Wise analysis of projects,37,454
FR_200703_455,,,455,SETHUSAMUDRAM SHIP CHANNEL PROJECT,,,SHIPPING & PORTS,2007-03,2005-06,,2427.4,,2427.4,0.0,,183.06,2008-10,,2008-10,0.0,,,0,0,,,,MonthlyFR_mar_2007.pdf,Sector-Wise analysis of projects,37,455
FR_200703_456,,,456,DEEPENING & WIDENING OF MAIN HARBOUR (MAHARASHTRA),,,SHIPPING & PORTS,2007-03,2005-10,,800.0,,800.0,0.0,,2.26,2008-10,,2009-02,4.0,,,0,0,,,,MonthlyFR_mar_2007.pdf,Sector-Wise analysis of projects,37,456
FR_200703_457,,,457,ACQUISION OF 2-300000 DWT VERY LARGE CRUDE CARRIERS (VLCC),,,SHIPPING & PORTS,2007-03,2005-10,,1136.08,,1136.08,0.0,,353.49,2009-09,,2009-09,0.0,,,0,0,,,,MonthlyFR_mar_2007.pdf,Sector-Wise analysis of projects,37,457
FR_200703_458,,,458,NATIONAL RADIO SPECTRUM MANAGEMENT& MONITORING SYSTEM (NRSMM,,,SHIPPING & PORTS,2007-03,2000-08,,279.97,,172.04,-107.93,,122.78,2004-12,,2007-03,27.0,,,0,0,,,,MonthlyFR_mar_2007.pdf,Sector-Wise analysis of projects,37,458
FR_200703_459,,,459,EXPANSION OF GSM NETWORK (MUMBAI),,,SHIPPING & PORTS,2007-03,2004-01,,216.37,,216.37,0.0,,107.5,2005-01,,2007-04,27.0,,1.0,0,0,,,,MonthlyFR_mar_2007.pdf,Sector-Wise analysis of projects,37,459
FR_200703_460,,,460,CONVERGENT BILLING AND CRM FOR MTNL (DELHI),,,SHIPPING & PORTS,2007-03,2005-12,,249.0,,249.0,0.0,,,2007-02,,2007-05,3.0,,,0,0,,,,MonthlyFR_mar_2007.pdf,Sector-Wise analysis of projects,37,460
FR_200703_461,,,461,IMPLEMENTATION AND EXECUTION OF NEW TECHNOLOGY INTELLINGENT,,,SHIPPING & PORTS,2007-03,2004-10,,160.0,,135.0,-25.0,,89.84,2006-06,,2007-05,11.0,,2.0,0,0,,,,MonthlyFR_mar_2007.pdf,Sector-Wise analysis of projects,37,461
FR_200703_462,,,462,"GSM NETWORK EXPANSION, PH-IV (KERALA)",,,SHIPPING & PORTS,2007-03,2004-10,,453.85,,453.85,0.0,,254.91,2005-06,,2007-06,24.0,,3.0,0,0,,,,MonthlyFR_mar_2007.pdf,Sector-Wise analysis of projects,37,462
FR_200703_463,,,463,"GSM NETWORK EXPANSION, PH-IV (PUNJAB)",,,SHIPPING & PORTS,2007-03,2004-05,,508.63,,508.63,0.0,,230.47,2005-06,,2007-06,24.0,,3.0,0,0,,,,MonthlyFR_mar_2007.pdf,Sector-Wise analysis of projects,37,463
FR_200703_464,,,464,"GSM NETWORK EXPANSION, PH-IV (RAJASTHAN)",,,SHIPPING & PORTS,2007-03,2004-09,,448.91,,448.91,0.0,,151.16,2005-06,,2007-06,24.0,,3.0,0,0,,,,MonthlyFR_mar_2007.pdf,Sector-Wise analysis of projects,37,464
FR_200703_465,,,465,"GSM NETWORK EXPANSION, PH-IV (WEST BENGAL)",,,SHIPPING & PORTS,2007-03,2004-09,,428.0,,428.0,0.0,,102.35,2005-06,,2007-06,24.0,,3.0,0,0,,,,MonthlyFR_mar_2007.pdf,Sector-Wise analysis of projects,37,465
FR_200703_466,,,466,"PROJECT-3 OF NIB-II, IMPLEMENTATION AND EXECUTION OF MESS.",,,SHIPPING & PORTS,2007-03,2003-11,,250.0,,250.0,0.0,,30.0,2005-12,,2007-06,18.0,,3.0,0,0,,,,MonthlyFR_mar_2007.pdf,Sector-Wise analysis of projects,37,466
FR_200703_467,,,467,CMTS(Ph-IV) GSM BASED NETWORK EXPANSION Ph-IV (BSNL)(Haryana,,,SHIPPING & PORTS,2007-03,2004-12,,185.0,,200.0,15.0,,90.59,2005-06,,2007-06,24.0,,3.0,0,0,,,,MonthlyFR_mar_2007.pdf,Sector-Wise analysis of projects,37,467
FR_200703_468,,,468,"GSM NETWORK EXPANSION, PH-IV (ORISSA)",,,SHIPPING & PORTS,2007-03,2004-12,,164.06,,164.06,0.0,,10.39,2005-12,,2007-06,18.0,,3.0,0,0,,,,MonthlyFR_mar_2007.pdf,Sector-Wise analysis of projects,37,468
FR_200703_469,,,469,GSM EXPANSION Ph.IV (B),,,SHIPPING & PORTS,2007-03,2005-07,,174.0,,,0.0,,93.6,2006-03,,,15.0,,,0,0,,,,MonthlyFR_mar_2007.pdf,Sector-Wise analysis of projects,37,469
FR_200703_470,,,470,GSM BASED NETWORK EXPANSION Ph-IV (BSNL)(A.P),,,SHIPPING & PORTS,2007-03,2004-08,,647.69,,350.0,-297.69,,178.17,2005-06,,2007-06,24.0,,3.0,0,0,,,,MonthlyFR_mar_2007.pdf,Sector-Wise analysis of projects,38,470
FR_200703_471,,,471,GSM BASED NETWORK EXPANSION PH.-IV TN,,,SHIPPING & PORTS,2007-03,2005-02,,650.42,,650.42,0.0,,298.03,2006-06,,2007-06,12.0,,3.0,0,0,,,,MonthlyFR_mar_2007.pdf,Sector-Wise analysis of projects,38,471
FR_200703_472,,,472,"PROJECT-1 OF NIB-II, IMPLEMENTATION AND EXECUTION OF IP INF.",,,SHIPPING & PORTS,2007-03,2003-11,,250.0,,250.0,0.0,,224.71,2006-05,,2007-06,13.0,,2.0,0,0,,,,MonthlyFR_mar_2007.pdf,Sector-Wise analysis of projects,38,472
FR_200703_473,,,473,"JHARKHAND CMTS, PHASE- IV",,,SHIPPING & PORTS,2007-03,2004-09,,134.85,,134.85,0.0,,46.73,2005-11,,2007-06,19.0,,3.0,0,0,,,,MonthlyFR_mar_2007.pdf,Sector-Wise analysis of projects,38,473
FR_200703_474,,,474,"KARNATAKA CMTS, PHASE- IV",,,SHIPPING & PORTS,2007-03,2004-01,,373.46,,260.0,-113.46,,139.03,2005-06,,2007-06,24.0,,3.0,0,0,,,,MonthlyFR_mar_2007.pdf,Sector-Wise analysis of projects,38,474
FR_200703_475,,,475,GSM BASED NETWORK EXPANSION Ph-IV (BSNL)(ASSAM),,,SHIPPING & PORTS,2007-03,2004-10,,101.86,,101.86,0.0,,71.15,2005-06,,2007-06,24.0,,3.0,0,0,,,,MonthlyFR_mar_2007.pdf,Sector-Wise analysis of projects,38,475
FR_200703_476,,,476,"GSM NETWORK EXPANSION, PH-IV, UP (W), (UTTAR PRADESH)",,,SHIPPING & PORTS,2007-03,2004-08,,359.07,,359.07,0.0,,92.51,2005-06,,2007-06,24.0,,3.0,0,0,,,,MonthlyFR_mar_2007.pdf,Sector-Wise analysis of projects,38,476
FR_200703_477,,,477,"GSM NETWORK EXPANSION, PH-IV, CHENNAI TELECOM DISTT. (T.N.)",,,SHIPPING & PORTS,2007-03,2005-02,,170.88,,170.88,0.0,,66.63,2005-06,,2007-06,24.0,,3.0,0,0,,,,MonthlyFR_mar_2007.pdf,Sector-Wise analysis of projects,38,477
FR_200703_478,,,478,"GSM EXPANSION, PH-IV (B) (MAHARASHTRA)",,,SHIPPING & PORTS,2007-03,2005-07,,1174.75,,1174.75,0.0,,28.32,2006-03,,2007-07,16.0,,4.0,0,0,,,,MonthlyFR_mar_2007.pdf,Sector-Wise analysis of projects,38,478
FR_200703_479,,,479,"PROJECT 2.2 OF NIB-II, IMPLEMENTATION AND EXECUTION OF",,,SHIPPING & PORTS,2007-03,2003-11,,350.0,,300.0,-50.0,,136.72,2006-05,,2007-07,14.0,,,0,0,,,,MonthlyFR_mar_2007.pdf,Sector-Wise analysis of projects,38,479
FR_200703_480,,,480,CONVERGENT BILLING AND CRM MTNL (MUMBAI),,,SHIPPING & PORTS,2007-03,2006-01,,247.0,,247.0,0.0,,45.83,2007-02,,2007-12,10.0,,10.0,0,0,,,,MonthlyFR_mar_2007.pdf,Sector-Wise analysis of projects,38,480
FR_200703_481,,,481,EXPANSION OF 400000 GSM (NEW DELHI),,,SHIPPING & PORTS,2007-03,2004-01,,227.42,,227.42,0.0,,200.81,2005-01,,,,,,0,0,,,,MonthlyFR_mar_2007.pdf,Sector-Wise analysis of projects,38,481
FR_200703_482,,,482,GSM BASED NETWORK EXPANSION Ph-IV (BSNL)(GUJARAT),,,SHIPPING & PORTS,2007-03,2003-03,,202.33,,202.33,0.0,,89.09,2005-01,,,,,,0,0,,,,MonthlyFR_mar_2007.pdf,Sector-Wise analysis of projects,38,482
FR_200703_483,,,483,CDMA 2000 WLL (DELHI),,,SHIPPING & PORTS,2007-03,2004-06,,460.28,,460.28,0.0,,84.71,2004-10,,,,,,0,0,,,,MonthlyFR_mar_2007.pdf,Sector-Wise analysis of projects,38,483
FR_200703_484,,,484,CMTS - PHASE - III (BSNL) (RAJASTHAN),,,SHIPPING & PORTS,2007-03,2003-05,,119.43,,119.43,0.0,,,2004-08,,,,,,0,0,,,,MonthlyFR_mar_2007.pdf,Sector-Wise analysis of projects,38,484
FR_200703_485,,,485,GSM BASED NETWORK EXPANSIONPh-IV (BSNL)(UTTRANCHAL),,,SHIPPING & PORTS,2007-03,2004-12,,115.46,,115.46,0.0,,22.93,2005-06,,,,,,0,0,,,,MonthlyFR_mar_2007.pdf,Sector-Wise analysis of projects,38,485
FR_200703_486,,,486,CDMA WLL EQUIPMENT-1 (MUMBAI),,,SHIPPING & PORTS,2007-03,2003-08,,128.3,,128.3,0.0,,76.3,2004-02,,,,,,0,0,,,,MonthlyFR_mar_2007.pdf,Sector-Wise analysis of projects,38,486
FR_200703_487,,,487,CHENNAI PHASE-III CMTS,,,SHIPPING & PORTS,2007-03,2003-05,,233.21,,,0.0,,72.3,2004-03,,,,,,0,0,,,,MonthlyFR_mar_2007.pdf,Sector-Wise analysis of projects,38,487
FR_200703_488,,,488,CDMA WLL EQUIPMENT-2 (MUMBAI),,,SHIPPING & PORTS,2007-03,2004-07,,362.26,,122.91,-239.35,,60.37,2004-12,,,,,,0,0,,,,MonthlyFR_mar_2007.pdf,Sector-Wise analysis of projects,39,488
FR_200703_489,,,489,"DELHI METRO RAPID TRANSIT SYSTEM, PHASE-II",,,URBAN DEVELOPMENT,2007-03,2005-08,,8118.0,,8676.0,558.0,,779.46,2010-06,,2010-06,0.0,,,0,0,,,,MonthlyFR_mar_2007.pdf,Sector-Wise analysis of projects,39,489
FR_200703_490,,,490,PAGLADIYA DAM PROJECT,,,URBAN DEVELOPMENT,2007-03,2001-01,,542.9,,1069.4,526.5,,32.76,2007-12,,2008-03,3.0,,,0,0,,,,MonthlyFR_mar_2007.pdf,Sector-Wise analysis of projects,39,490
