observation_id,project_id,project_code,serial_no,project_name,agency,state,sector,report_date,approval_date,approval_date_revised,original_cost_crore,revised_cost_crore,anticipated_cost_crore,cost_overrun_original_crore,cost_overrun_revised_crore,cumulative_expenditure_crore,original_completion_date,revised_completion_date,anticipated_completion_date,time_overrun_original_months,time_overrun_revised_months,additional_delay_months,milestones_achieved,milestones_total,physical_progress_pct,delay_reason,status,source.report,source.table,source.page,source.serial_no
FR_200801_001,,,1,NEW URANIUM ORE PROCESSING MILL,,,ATOMIC ENERGY,2008-01,2003-09,,343.26,,343.26,0.0,,301.25,2006-06,,2008-03,21.0,,,35,36,,,,MonthlyFR_jan_2008.pdf,Sector-Wise analysis of projects,10,1
FR_200801_002,,,2,"KAIGA ATOM IC POWER PROJECT 3 & 4 UNITS, KAIGA",,,ATOMIC ENERGY,2008-01,2001-05,,4213.0,,3282.0,-931.0,,2150.0,2009-10,,2008-03,-19.0,,,66,75,,,,MonthlyFR_jan_2008.pdf,Sector-Wise analysis of projects,10,2
FR_200801_003,,,3,KUDANKULAM APP (NPCIL),NPCIL,,ATOMIC ENERGY,2008-01,2001-12,,13171.0,,13171.0,0.0,,10205.0,2008-12,,2008-12,0.0,,,48,119,,,,MonthlyFR_jan_2008.pdf,Sector-Wise analysis of projects,10,3
FR_200801_004,,,4,"RAJASTHAN ATOMIC POWER PROJECT 5 & 6, RAWAT BHATA",,,ATOMIC ENERGY,2008-01,2002-04,,3072.0,,3072.0,0.0,,1793.0,2008-02,,2008-12,10.0,,,52,75,,,,MonthlyFR_jan_2008.pdf,Sector-Wise analysis of projects,10,4
FR_200801_005,,,5,PROTOTYPE FAST BREEDER REACTOR,,,ATOMIC ENERGY,2008-01,2003-09,,3492.0,,3492.0,0.0,,854.9,2010-09,,2010-09,0.0,,,9,76,,,,MonthlyFR_jan_2008.pdf,Sector-Wise analysis of projects,10,5
FR_200801_006,,,6,Construction of New Internation Terminal Building,,,ATOMIC ENERGY,2008-01,2006-10,,245.58,,245.58,0.0,,36.18,2008-12,,2008-12,0.0,,,13,28,,,,MonthlyFR_jan_2008.pdf,Sector-Wise analysis of projects,10,6
FR_200801_007,,,7,CONSTRUCTION OF NEW INTERNATIONAL TERMINAL BUILDING,,,ATOMIC ENERGY,2008-01,2007-02,,290.92,,290.92,0.0,,23.84,2009-02,,2009-02,0.0,,,8,24,,,,MonthlyFR_jan_2008.pdf,Sector-Wise analysis of projects,10,7
FR_200801_008,,,8,BARSINGSAR LIGNITE MINE,,,COAL,2008-01,2004-12,,254.07,,254.6,0.53,,134.93,2009-06,,2009-06,0.0,,,8,21,,,,MonthlyFR_jan_2008.pdf,Sector-Wise analysis of projects,10,8
FR_200801_009,,,9,BARSINGSAR TPS OF 250 MW,,,COAL,2008-01,2004-12,,1114.18,,1626.09,511.91,,643.98,2009-06,,2009-06,0.0,,,10,26,,,,MonthlyFR_jan_2008.pdf,Sector-Wise analysis of projects,10,9
FR_200801_010,,,10,TPS-II EXPANSION (1470MW TO 1970MW) (NLC),NLC,,COAL,2008-01,2004-10,,2030.78,,2453.57,422.79,,900.97,2009-06,,2009-06,0.0,,,6,24,,,,MonthlyFR_jan_2008.pdf,Sector-Wise analysis of projects,10,10
FR_200801_011,,,11,EXPANSION OF MINE-II,,,COAL,2008-01,2004-10,,2161.28,,2295.93,134.65,,1154.36,2009-06,,2009-06,0.0,,,12,23,,,,MonthlyFR_jan_2008.pdf,Sector-Wise analysis of projects,10,11
FR_200801_012,,,12,KULDA OCP,,,COAL,2008-01,2005-01,,302.96,,302.96,0.0,,42.49,2010-03,,2010-03,0.0,,,0,4,,,,MonthlyFR_jan_2008.pdf,Sector-Wise analysis of projects,10,12
FR_200801_013,,,13,JHANJRA LONGWAL UG PHASE-II,,,COAL,2008-01,2006-11,,287.18,,287.17,-0.01,,,2009-11,,2010-03,4.0,,,0,1,,,,MonthlyFR_jan_2008.pdf,Sector-Wise analysis of projects,10,13
FR_200801_014,,,14,KRISHNASHILA,,,COAL,2008-01,2006-05,,789.88,,,0.0,,89.43,2010-03,,,0.0,,,0,3,,,,MonthlyFR_jan_2008.pdf,Sector-Wise analysis of projects,10,14
FR_200801_015,,,15,"GEVRA EXPANSION OCP, 25MTY (SECL)",,,COAL,2008-01,2005-07,,1667.55,,1667.55,0.0,,493.65,2010-03,,2010-03,0.0,,,4,12,,,,MonthlyFR_jan_2008.pdf,Sector-Wise analysis of projects,11,15
FR_200801_016,,,16,DIPKA EXPANSION OCP,,,COAL,2008-01,2005-07,,1268.53,,1268.53,0.0,,493.37,2010-03,,2010-03,0.0,,,0,11,,,,MonthlyFR_jan_2008.pdf,Sector-Wise analysis of projects,11,16
FR_200801_017,,,17,BHARATPUR OC EXPANSION PHASE-III PROJECT,,,COAL,2008-01,2007-02,,131.39,,131.39,0.0,,,2010-03,,2010-03,0.0,,,0,0,,,,MonthlyFR_jan_2008.pdf,Sector-Wise analysis of projects,11,17
FR_200801_018,,,18,KUSMUNDA EXPANSION OCP,,,COAL,2008-01,2006-06,,737.65,,737.65,0.0,,449.59,2011-03,,2011-03,0.0,,,0,4,,,,MonthlyFR_jan_2008.pdf,Sector-Wise analysis of projects,11,18
FR_200801_019,,,19,ASHOK OC EXPANSION,,,COAL,2008-01,2006-04,,471.66,341.63,471.66,0.0,130.03,94.84,2011-03,,2011-03,0.0,,,1,2,,,,MonthlyFR_jan_2008.pdf,Sector-Wise analysis of projects,11,19
FR_200801_020,,,20,BLOCK-B OCP NCL (3.5 MTY),,,COAL,2008-01,2006-07,,746.04,,746.04,0.0,,25.9,2012-03,,2012-03,0.0,,,1,4,,,,MonthlyFR_jan_2008.pdf,Sector-Wise analysis of projects,11,20
FR_200801_021,,,21,KANIHA OCP,,,COAL,2008-01,2007-12,,457.77,,457.77,0.0,,44.37,2012-03,,2012-03,0.0,,,0,0,,,,MonthlyFR_jan_2008.pdf,Sector-Wise analysis of projects,11,21
FR_200801_022,,,22,"NIGAHI OC EXPANSION PROJECT 10 MTY TO 15 MTY, SINGRAULI",,,COAL,2008-01,2007-10,,529.4,,259.4,-270.0,,,2012-03,,2012-03,0.0,,,0,0,,,,MonthlyFR_jan_2008.pdf,Sector-Wise analysis of projects,11,22
FR_200801_023,,,23,SHANTIKHANI LONGWALL PROJECTS,,,COAL,2008-01,2006-10,,249.03,,249.03,0.0,,12.52,2012-03,,2012-03,0.0,,,1,4,,,,MonthlyFR_jan_2008.pdf,Sector-Wise analysis of projects,11,23
FR_200801_024,,,24,MAGADH OC (CCL),CCL,,COAL,2008-01,2006-07,,469.78,,469.78,0.0,,3.1,2012-07,,2012-07,0.0,,,0,3,,,,MonthlyFR_jan_2008.pdf,Sector-Wise analysis of projects,11,24
FR_200801_025,,,25,JALLARAM SHAFT PROJECT UG,,,COAL,2008-01,2007-09,,467.78,,467.78,0.0,,9.64,2013-03,,2013-03,0.0,,,0,7,,,,MonthlyFR_jan_2008.pdf,Sector-Wise analysis of projects,11,25
FR_200801_026,,,26,ADRIYALA SHAFT PROJECT,,,COAL,2008-01,2006-09,,212.34,,212.34,0.0,,8.19,2013-03,,2013-03,0.0,,,2,11,,,,MonthlyFR_jan_2008.pdf,Sector-Wise analysis of projects,11,26
FR_200801_027,,,27,BHUBANESWARI OCP,,,COAL,2008-01,2007-12,,490.1,,490.1,0.0,,33.57,2014-03,,2014-03,0.0,,,0,0,,,,MonthlyFR_jan_2008.pdf,Sector-Wise analysis of projects,11,27
FR_200801_028,,,28,BINA EXTENSION OC PROJECT,,,COAL,2008-01,2006-11,,168.97,,168.97,0.0,,2.73,2014-03,,2014-03,0.0,,,1,1,,,,MonthlyFR_jan_2008.pdf,Sector-Wise analysis of projects,11,28
FR_200801_029,,,29,AMLOHRI EXPANSION PROJECT 4 TO 10 (6 MTY),,,COAL,2008-01,2006-05,,1352.04,,1352.04,0.0,,,2014-03,,2014-03,0.0,,,2,4,,,,MonthlyFR_jan_2008.pdf,Sector-Wise analysis of projects,11,29
FR_200801_030,,,30,POOTKI BALIHARI UG,,,COAL,2008-01,1983-12,1997-04,199.87,199.87,182.6,-17.27,-17.27,180.35,1994-03,2000-03,,,,,5,5,,,,MonthlyFR_jan_2008.pdf,Sector-Wise analysis of projects,11,30
FR_200801_031,,,31,SECOND PHASE,,,MINES,2008-01,2004-10,,4091.51,,,0.0,,1309.15,2008-12,,,0.0,,,25,111,,,,MonthlyFR_jan_2008.pdf,Sector-Wise analysis of projects,11,31
FR_200801_032,,,32,REBUILDING OF COKE OVEN BATTERY No.5,,,STEEL,2008-01,2004-12,,219.04,,219.04,0.0,,106.96,2007-01,,2008-07,18.0,,4.0,4,10,,,,MonthlyFR_jan_2008.pdf,Sector-Wise analysis of projects,12,32
FR_200801_033,,,33,COAL DUST INJECTION SYSTEM IN BLAST FURNACE-2 & 3,,,STEEL,2008-01,2006-04,,132.73,,133.92,1.19,,30.63,2008-05,,2008-07,2.0,,,1,2,,,,MonthlyFR_jan_2008.pdf,Sector-Wise analysis of projects,12,33
FR_200801_034,,,34,"INSTALLATION OF SLAB CASTLER, RH DEGASSER AND LADLE FURNACE",,,STEEL,2008-01,2005-07,,520.76,,520.76,0.0,,337.84,2007-09,,2008-07,10.0,,4.0,6,7,,,,MonthlyFR_jan_2008.pdf,Sector-Wise analysis of projects,12,34
FR_200801_035,,,35,Coking Coal Storage Facilities in Coal Handling Plant,,,STEEL,2008-01,2006-09,,133.91,,134.32,0.41,,25.92,2008-03,,2008-10,7.0,,1.0,1,3,,,,MonthlyFR_jan_2008.pdf,Sector-Wise analysis of projects,12,35
FR_200801_036,,,36,INSTALLATION OF MSDS-V & TRANSMISSION NETWORK,,,STEEL,2008-01,2007-05,,143.02,,143.02,0.0,,11.33,2008-11,,2008-11,0.0,,,0,0,,,,MonthlyFR_jan_2008.pdf,Sector-Wise analysis of projects,12,36
FR_200801_037,,,37,INSTALLATION OF 700 TONNES PER DAY OXYGEN PLANT,,,STEEL,2008-01,2007-07,,302.7,,302.7,0.0,,6.08,2009-06,,2009-06,0.0,,,0,0,,,,MonthlyFR_jan_2008.pdf,Sector-Wise analysis of projects,12,37
FR_200801_038,,,38,INSTALLATION OF NEW COKE OVEN GAS HOLDER,,,STEEL,2008-01,2007-07,,123.22,,123.22,0.0,,6.78,2009-06,,2009-06,0.0,,,0,0,,,,MonthlyFR_jan_2008.pdf,Sector-Wise analysis of projects,12,38
FR_200801_039,,,39,700 tpd Air Separation Unit-4 at Oxygen Plant-II,,,STEEL,2008-01,2007-07,,244.3,,244.3,0.0,,0.48,2009-07,,2009-07,0.0,,,0,0,,,,MonthlyFR_jan_2008.pdf,Sector-Wise analysis of projects,12,39
FR_200801_040,,,40,REBUILDING OF COKE OVEN BATTERY NO.4,,,STEEL,2008-01,2007-05,,248.94,,248.94,0.0,,16.88,2009-08,,2009-08,0.0,,,0,0,,,,MonthlyFR_jan_2008.pdf,Sector-Wise analysis of projects,12,40
FR_200801_041,,,41,Installation of Turbo Blower - 8 in Turbo Blower Station,,,STEEL,2008-01,2007-10,,105.33,,105.33,0.0,,,2009-08,,2009-08,0.0,,,0,0,,,,MonthlyFR_jan_2008.pdf,Sector-Wise analysis of projects,12,41
FR_200801_042,,,42,REBUILDING OF COKE OVEN BATTERY NO.10,,,STEEL,2008-01,2007-03,,416.5,,416.5,0.0,,14.27,2009-09,,2009-09,0.0,,,0,0,,,,MonthlyFR_jan_2008.pdf,Sector-Wise analysis of projects,12,42
FR_200801_043,,,43,Development of Bailadila Iron Ore project Deposite- 11B,,,STEEL,2008-01,2003-01,,295.89,,295.89,0.0,,28.98,2009-10,,2009-10,0.0,,,2,20,,,,MonthlyFR_jan_2008.pdf,Sector-Wise analysis of projects,12,43
FR_200801_044,,,44,Rebuilding of Blast Furnance No.2,,,STEEL,2008-01,2007-10,,892.32,,892.32,0.0,,,2009-08,,2009-10,2.0,,2.0,0,0,,,,MonthlyFR_jan_2008.pdf,Sector-Wise analysis of projects,12,44
FR_200801_045,,,45,EXPANSION OF RINL/VSP FROM 3 MTPY-6.3 MTPY OF LIQUID STEEL,,,STEEL,2008-01,2005-10,,8692.0,,8692.0,0.0,,508.0,2009-10,,2010-02,4.0,,,0,126,,,,MonthlyFR_jan_2008.pdf,Sector-Wise analysis of projects,12,45
FR_200801_046,,,46,Rebuilding of Coke Oven Battery No.1 & 2,,,STEEL,2008-01,2007-10,,500.9,,500.9,0.0,,,2010-04,,2010-04,0.0,,,0,0,,,,MonthlyFR_jan_2008.pdf,Sector-Wise analysis of projects,12,46
FR_200801_047,,,47,"COKE OVEN BATTERY No.4 RASHTRIYA ISPAT NIGAM LTD.,VIZAG",,,STEEL,2008-01,2003-12,,286.63,,355.21,68.58,,273.62,2006-12,,,,,,0,21,,,,MonthlyFR_jan_2008.pdf,Sector-Wise analysis of projects,13,47
FR_200801_048,,,48,"DEVELOPMENT OF SB- 11, BASSEIN FIELD",,,PETROLEUM,2008-01,2005-03,,245.33,,140.04,-105.29,,132.47,2007-05,,2008-01,8.0,,,0,0,,,,MonthlyFR_jan_2008.pdf,Sector-Wise analysis of projects,13,48
FR_200801_049,,,49,ADDITIONAL DEVELOPMENT OF A-1 LAYER,,,PETROLEUM,2008-01,2005-04,,910.53,,910.53,0.0,,734.67,2006-12,,2008-02,14.0,,,0,0,,,,MonthlyFR_jan_2008.pdf,Sector-Wise analysis of projects,13,49
FR_200801_050,,,50,"BARGE BUMPER, BOAT LANDING AND RISER PROTECTORS PROJECT",,,PETROLEUM,2008-01,2006-09,,148.84,,148.84,0.0,,95.45,2008-02,,2008-02,0.0,,,0,0,,,,MonthlyFR_jan_2008.pdf,Sector-Wise analysis of projects,13,50
FR_200801_051,,,51,GREEN FUELS & EMISSION CONTROL PROJECT AT MUMBAI REFINERY,,,PETROLEUM,2008-01,2002-10,,1152.0,,1731.01,579.01,,1264.47,2005-04,,2008-02,34.0,,,64,72,,,,MonthlyFR_jan_2008.pdf,Sector-Wise analysis of projects,13,51
FR_200801_052,,,52,"DAHEJ-HAZIRA-URAN GAS PIPELINE, MULTISTATE",,,PETROLEUM,2008-01,2002-12,,1416.0,,1521.23,105.23,,1028.59,2005-07,2008-03,2008-03,32.0,0.0,12.0,9,10,,,,MonthlyFR_jan_2008.pdf,Sector-Wise analysis of projects,13,52
FR_200801_053,,,53,"ADDITIONAL DEVELOPMENT HEERA, PART-II",,,PETROLEUM,2008-01,2005-01,,569.07,,569.07,0.0,,683.82,2007-04,,2008-03,11.0,,,0,0,,,,MonthlyFR_jan_2008.pdf,Sector-Wise analysis of projects,13,53
FR_200801_054,,,54,CLEAN FUELS PROJECT VIZAG REFINERY MODERNISATION,,,PETROLEUM,2008-01,2003-04,,1635.0,,2147.79,512.79,,1894.01,2006-05,,2008-03,22.0,,,13,45,,,,MonthlyFR_jan_2008.pdf,Sector-Wise analysis of projects,13,54
FR_200801_055,,,55,ADDITIONAL DEVELOPMENT OF BASIN FIELD AND 2nd STAGE BOOSTER,,,PETROLEUM,2008-01,2004-03,,1770.69,,2937.01,1166.32,,1993.06,2008-01,,2008-03,2.0,,,0,0,,,,MonthlyFR_jan_2008.pdf,Sector-Wise analysis of projects,13,55
FR_200801_056,,,56,PARADIP-HALDIA CRUDE OIL PIPLINE SYSTEM,,,PETROLEUM,2008-01,2004-03,,1178.0,,1178.0,0.0,,1073.13,2006-03,2008-01,2008-04,25.0,3.0,,0,0,,,,MonthlyFR_jan_2008.pdf,Sector-Wise analysis of projects,13,56
FR_200801_057,,,57,"DEVELOPMENT OF BASSEIN (VASAI) EAST, WESTERN OFFSHORE",,,PETROLEUM,2008-01,2003-04,,985.17,,1688.38,703.21,,807.9,2006-03,,2008-04,25.0,,,0,0,,,,MonthlyFR_jan_2008.pdf,Sector-Wise analysis of projects,13,57
FR_200801_058,,,58,INTEGRATED DEVELOPMENT OF G1 & GS-15 FIELDS,,,PETROLEUM,2008-01,2003-04,,429.82,,1262.93,833.11,,1064.17,2005-03,,2008-04,37.0,,,0,0,,,,MonthlyFR_jan_2008.pdf,Sector-Wise analysis of projects,13,58
FR_200801_059,,,59,DABHOL-PANVEL PIPELINE PROJECT,,,PETROLEUM,2008-01,2006-01,,1143.54,,1326.52,182.98,,584.43,2007-07,,2008-04,9.0,,,6,13,,,,MonthlyFR_jan_2008.pdf,Sector-Wise analysis of projects,13,59
FR_200801_060,,,60,C2-C3 & LPG RECOVERY FROM LNG AT DAHEJ,,,PETROLEUM,2008-01,2003-12,,900.92,,1493.49,592.57,,314.99,2006-06,,2008-05,23.0,,,0,0,,,,MonthlyFR_jan_2008.pdf,Sector-Wise analysis of projects,13,60
FR_200801_061,,,61,PANIPAT-JALANDHAR LPG PIPELINE,,,PETROLEUM,2008-01,2006-05,,186.72,,186.72,0.0,,67.41,2008-08,,2008-08,0.0,,,0,0,,,,MonthlyFR_jan_2008.pdf,Sector-Wise analysis of projects,13,61
FR_200801_062,,,62,PROPYLENE RECOVERY UNIT AT MUMBAI REFINARY,,,PETROLEUM,2008-01,2006-10,,342.65,,342.65,0.0,,,2008-10,,2008-10,0.0,,,0,0,,,,MonthlyFR_jan_2008.pdf,Sector-Wise analysis of projects,13,62
FR_200801_063,,,63,KOYALI-RATLAM PRODUCT PIPLINE,,,PETROLEUM,2008-01,2004-12,,224.69,,194.28,-30.41,,155.26,2006-12,,2008-10,22.0,,,0,0,,,,MonthlyFR_jan_2008.pdf,Sector-Wise analysis of projects,14,63
FR_200801_064,,,64,DEVELOPMENT OF C- SERIES FIELDS,,,PETROLEUM,2008-01,2006-08,,3195.16,,1800.0,-1395.16,,332.45,2008-12,,2008-12,0.0,,,0,0,,,,MonthlyFR_jan_2008.pdf,Sector-Wise analysis of projects,14,64
FR_200801_065,,,65,AUGMENTATION OF MUNDRA-PANIPAT LINE,,,PETROLEUM,2008-01,2005-06,,205.0,,205.0,0.0,,26.41,2008-03,,2008-12,9.0,,,0,0,,,,MonthlyFR_jan_2008.pdf,Sector-Wise analysis of projects,14,65
FR_200801_066,,,66,EXPANSION OF PANIPAT REFINERY 15 MMTPA,,,PETROLEUM,2008-01,2005-06,,806.0,,1007.83,201.83,,154.31,2008-03,2009-12,2008-12,9.0,-12.0,,0,0,,,,MonthlyFR_jan_2008.pdf,Sector-Wise analysis of projects,14,66
FR_200801_067,,,67,DADRI PANIPAT LNG PIPLINE,,,PETROLEUM,2008-01,2005-06,,250.66,,298.0,47.34,,27.96,2008-06,,2009-01,7.0,,,0,0,,,,MonthlyFR_jan_2008.pdf,Sector-Wise analysis of projects,14,67
FR_200801_068,,,68,DEVELOPMENT OF B-22 CLUSTER FIELDS,,,PETROLEUM,2008-01,2007-01,,1552.63,,1552.63,0.0,,4.39,2009-02,2010-09,2009-02,0.0,-19.0,,0,0,,,,MonthlyFR_jan_2008.pdf,Sector-Wise analysis of projects,14,68
FR_200801_069,,,69,"IMPROVED OIL RECOVERY PROJECT, RUDRASAGAR",,,PETROLEUM,2008-01,2001-09,,113.9,,219.22,105.32,,127.12,2006-03,,2009-03,36.0,,,6,6,,,,MonthlyFR_jan_2008.pdf,Sector-Wise analysis of projects,14,69
FR_200801_070,,,70,LUBE OIL BASE STOCK QUALITY UP GRADATION,,,PETROLEUM,2008-01,2006-10,,638.9,,638.9,0.0,,26.53,2009-04,,2009-04,0.0,,,0,0,,,,MonthlyFR_jan_2008.pdf,Sector-Wise analysis of projects,14,70
FR_200801_071,,,71,CHENNAI-BANGLORE PIPLINE,,,PETROLEUM,2008-01,2007-07,,232.11,,232.11,0.0,,1.67,2009-07,,2009-07,0.0,,,0,0,,,,MonthlyFR_jan_2008.pdf,Sector-Wise analysis of projects,14,71
FR_200801_072,,,72,"CRUDE OIL RECEIPT FACILITY, KOCHI REFINERY",,,PETROLEUM,2008-01,2006-04,,2591.8,,2591.8,0.0,,25.83,2009-09,,2009-09,0.0,,,0,0,,,,MonthlyFR_jan_2008.pdf,Sector-Wise analysis of projects,14,72
FR_200801_073,,,73,DIESEL HYDROGEN TREATMENT PROJECT BONGAIGAON,,,PETROLEUM,2008-01,2006-05,,1431.91,,1431.91,0.0,,244.34,2009-09,,2009-10,1.0,,,0,69,,,,MonthlyFR_jan_2008.pdf,Sector-Wise analysis of projects,14,73
FR_200801_074,,,74,PANIPAT-NAPHTA CRACKER PROJECT,,,PETROLEUM,2008-01,2006-04,,12138.0,,14439.0,2301.0,,2659.67,2009-09,,2009-11,2.0,,,0,0,,,,MonthlyFR_jan_2008.pdf,Sector-Wise analysis of projects,14,74
FR_200801_075,,,75,INST. OF FACILITIES FOR IMPROVEMENT IN DIESEL QUALITY (IOCL),,,PETROLEUM,2008-01,2005-11,,1876.0,,2869.0,993.0,,504.53,2009-04,,2009-12,8.0,,,0,0,,,,MonthlyFR_jan_2008.pdf,Sector-Wise analysis of projects,14,75
FR_200801_076,,,76,RESIDUE UPGRADATION & MS/HSD QUANLITY IMPROVEMENT PROJECT,,,PETROLEUM,2008-01,2007-01,,5693.0,,5693.0,0.0,,288.59,2010-01,,2010-01,0.0,,,0,0,,,,MonthlyFR_jan_2008.pdf,Sector-Wise analysis of projects,14,76
FR_200801_077,,,77,OFFSHORE GRID INTER CONNECTIVITY PROJECT IN MUMBAI HIGH,,,PETROLEUM,2008-01,2007-01,,740.02,,740.02,0.0,,0.95,2010-03,2012-03,2010-03,0.0,-24.0,,0,0,,,,MonthlyFR_jan_2008.pdf,Sector-Wise analysis of projects,14,77
FR_200801_078,,,78,DEVELOPMENT OF B- 193 CLUSTER FIELDS,,,PETROLEUM,2008-01,2007-06,,3248.78,,3248.78,0.0,,,2010-03,2010-08,2010-03,0.0,-5.0,,0,0,,,,MonthlyFR_jan_2008.pdf,Sector-Wise analysis of projects,14,78
FR_200801_079,,,79,IOR LAKWA- LAKHMANI,,,PETROLEUM,2008-01,2001-09,,345.1,,429.38,84.28,,332.8,2007-03,,2010-03,36.0,,,3,3,,,,MonthlyFR_jan_2008.pdf,Sector-Wise analysis of projects,14,79
FR_200801_080,,,80,CONSTRUCTION OF NEW PROCESS COMPLEX MHN,,,PETROLEUM,2008-01,2007-01,,2853.29,,2853.29,0.0,,,2010-05,,2010-04,-1.0,,,0,0,,,,MonthlyFR_jan_2008.pdf,Sector-Wise analysis of projects,15,80
FR_200801_081,,,81,HEERA AND SOUTH HEERA REDEVELOPMENT PROJECT,,,PETROLEUM,2008-01,2006-09,,2305.3,,1339.25,-966.05,,237.55,2010-06,,2010-06,0.0,,,0,0,,,,MonthlyFR_jan_2008.pdf,Sector-Wise analysis of projects,15,81
FR_200801_082,,,82,"IMPROVED OIL RECOVERY PROJECT, GELEKI",,,PETROLEUM,2008-01,2001-09,,390.09,,834.9,444.81,,492.56,2007-03,,2011-03,48.0,,,6,6,,,,MonthlyFR_jan_2008.pdf,Sector-Wise analysis of projects,15,82
FR_200801_083,,,83,NORTHERN REGION SYSTEM STRENGTHENING SCHEME-I (336 CKM),,,POWER,2008-01,2004-01,,271.8,,310.79,38.99,,275.53,2006-07,,2008-02,19.0,,,8,13,,,,MonthlyFR_jan_2008.pdf,Sector-Wise analysis of projects,15,83
FR_200801_084,,,84,WESTERN REGION SYSTEM STRENGTHENING SCHEME - 1(PR. GR.),,,POWER,2008-01,2004-08,,199.21,,200.81,1.6,,188.64,2007-11,,2008-02,3.0,,1.0,11,19,,,,MonthlyFR_jan_2008.pdf,Sector-Wise analysis of projects,15,84
FR_200801_085,,,85,SYSTEM STRENGTHENING SCHEME-VI OF SOUTHERN REGION (156 CKM),,,POWER,2008-01,2005-03,,113.73,,107.53,-6.2,,101.4,2007-12,,2008-02,2.0,,,16,19,,,,MonthlyFR_jan_2008.pdf,Sector-Wise analysis of projects,15,85
FR_200801_086,,,86,KAIGA 3&4 TRANSMISSION SYSTEM (759 CKM),,,POWER,2008-01,2005-03,,596.45,,664.02,67.57,,492.24,2007-12,,2008-03,3.0,,,4,18,,,,MonthlyFR_jan_2008.pdf,Sector-Wise analysis of projects,15,86
FR_200801_087,,,87,"KAHALGAON STPP STAGE-II, 3x500 MW",,,POWER,2008-01,2004-05,,5868.31,,5868.37,0.06,,3947.4,2007-05,,2008-03,10.0,,1.0,49,57,,,,MonthlyFR_jan_2008.pdf,Sector-Wise analysis of projects,15,87
FR_200801_088,,,88,"SIPAT STPP STAGE-II, 2x500 MW",,,POWER,2008-01,2003-11,,4039.67,,4039.67,0.0,,2898.9,2007-12,,2008-03,3.0,,2.0,36,40,,,,MonthlyFR_jan_2008.pdf,Sector-Wise analysis of projects,15,88
FR_200801_089,,,89,NORTHERN REGION SYSTEM STRENGTHING SCHEME-III (180 CKM),,,POWER,2008-01,2004-07,,230.52,,280.14,49.62,,203.44,2008-03,,2008-03,0.0,,,5,14,,,,MonthlyFR_jan_2008.pdf,Sector-Wise analysis of projects,15,89
FR_200801_090,,,90,TEESTA HYDRO ELECTRIC PROJECT STAGE-V 3x170 MW,,,POWER,2008-01,2000-02,,2198.04,,2198.04,0.0,,2430.24,2007-02,,2008-03,13.0,,,26,41,,,,MonthlyFR_jan_2008.pdf,Sector-Wise analysis of projects,15,90
FR_200801_091,,,91,SIPAT TRANSMISSION SYSTEM STAGE-I (3x660 MW) (2104 CKM),,,POWER,2008-01,2003-12,,1454.79,,2208.49,753.7,,2082.96,2007-02,,2008-03,13.0,,,20,23,,,,MonthlyFR_jan_2008.pdf,Sector-Wise analysis of projects,15,91
FR_200801_092,,,92,SIPAT STAGE-II TRANSMISSION SYSTEM (2x500 MW) (680 CKM),,,POWER,2008-01,2004-08,,601.9,,653.92,52.02,,619.47,2007-08,,2008-03,7.0,,,7,12,,,,MonthlyFR_jan_2008.pdf,Sector-Wise analysis of projects,15,92
FR_200801_093,,,93,TRANSMISSION SYSTEM - TEESTA-V HEP(3*170) (P.GRID),P.GRID,,POWER,2008-01,2004-12,,208.75,,291.55,82.8,,199.16,2008-05,,2008-03,-2.0,,,13,21,,,,MonthlyFR_jan_2008.pdf,Sector-Wise analysis of projects,15,93
FR_200801_094,,,94,RAPP 5&6 TRANSMISSION,,,POWER,2008-01,2005-06,,499.45,,,57.41,,427.61,2008-03,,,2.0,,,5,17,,,,MonthlyFR_jan_2008.pdf,Sector-Wise analysis of projects,15,94
FR_200801_095,,,95,KAHALGOAN STAGE-II (PHASE-II) TRANSMISSION SYSTEM (816 CKM),,,POWER,2008-01,2005-01,,464.02,,455.71,-8.31,,435.46,2007-10,,2008-06,8.0,,3.0,9,18,,,,MonthlyFR_jan_2008.pdf,Sector-Wise analysis of projects,16,95
FR_200801_096,,,96,SIPAT-II SUPPLEMENTARY TRANSMISSION SYSTEM (1167 CKM),,,POWER,2008-01,2005-06,,813.67,,820.45,6.78,,281.86,2008-06,,2008-06,0.0,,,3,22,,,,MonthlyFR_jan_2008.pdf,Sector-Wise analysis of projects,16,96
FR_200801_097,,,97,KOLDAM - HEP TRANSMISSION SYSTEM (396 CKM),,,POWER,2008-01,2005-09,,464.91,,464.91,0.0,,70.4,2008-09,,2008-09,0.0,,,10,22,,,,MonthlyFR_jan_2008.pdf,Sector-Wise analysis of projects,16,97
FR_200801_098,,,98,KUNADANKULAM-APP TRANSMISSION SYSTEM (1838 CKM),,,POWER,2008-01,2005-05,,1779.29,,1896.65,117.36,,915.29,2008-11,,2008-11,0.0,,,15,38,,,,MonthlyFR_jan_2008.pdf,Sector-Wise analysis of projects,16,98
FR_200801_099,,,99,TRANSMISSION SYSTEM ASSOCIATED WITH NORTH-WEST TRANS.(PGCIL),,,POWER,2008-01,2006-01,,483.1,,483.1,0.0,,160.81,2009-01,,2009-01,0.0,,,0,0,,,,MonthlyFR_jan_2008.pdf,Sector-Wise analysis of projects,16,99
FR_200801_100,,,100,"KOLDAM HYDRO ELECTRIC PROJECT, 4x200 MW",,,POWER,2008-01,2002-10,,4527.15,,4527.15,0.0,,1914.34,2009-04,,2009-04,0.0,,,19,39,,,,MonthlyFR_jan_2008.pdf,Sector-Wise analysis of projects,16,100
FR_200801_101,,,101,SY.STR. IN SOUTH- WESTERN PART OF NORTHERN GRID (PART-A) SCH,,,POWER,2008-01,2006-10,,381.28,,381.28,0.0,,117.0,2009-04,,2009-04,0.0,,,5,19,,,,MonthlyFR_jan_2008.pdf,Sector-Wise analysis of projects,16,101
FR_200801_102,,,102,SYSTEM STRENGTENING SCHEME IN ROORKEE AREA (PGCIL),,,POWER,2008-01,2005-12,,109.95,,109.95,0.0,,19.46,2009-05,,2009-05,0.0,,,2,20,,,,MonthlyFR_jan_2008.pdf,Sector-Wise analysis of projects,16,102
FR_200801_103,,,103,NORTHERN REGION SYSTEM STRENGTHENING SCHEME-V (1222 CKM),,,POWER,2008-01,2006-06,,721.25,,721.25,0.0,,231.62,2009-06,,2009-06,0.0,,,5,18,,,,MonthlyFR_jan_2008.pdf,Sector-Wise analysis of projects,16,103
FR_200801_104,,,104,SEWA-II HYDRO ELECTRIC PROJECT 3x40 MW,,,POWER,2008-01,2003-09,,665.46,,665.46,0.0,,574.8,2007-09,,2009-06,21.0,,,10,35,,,,MonthlyFR_jan_2008.pdf,Sector-Wise analysis of projects,16,104
FR_200801_105,,,105,ENHANCEMENT OF TRANSMISSION CAPACITY IN EAST- WEST CORRIDOR,,,POWER,2008-01,2006-10,,103.8,,103.8,0.0,,,2009-06,,2009-06,0.0,,,0,0,,,,MonthlyFR_jan_2008.pdf,Sector-Wise analysis of projects,16,105
FR_200801_106,,,106,EAST-WEST TRANSNISSION CORRIDOR STRENGTHNING SCHEME,,,POWER,2008-01,2006-06,,803.7,,803.7,0.0,,1.5,2009-06,,2009-06,0.0,,,0,20,,,,MonthlyFR_jan_2008.pdf,Sector-Wise analysis of projects,16,106
FR_200801_107,,,107,SYSTEM STRENGTHENING-VII OF SOUTHERN REGION (248 CKM),,,POWER,2008-01,2005-05,,279.3,,340.14,60.84,,135.04,2009-07,,2009-07,0.0,,,5,17,,,,MonthlyFR_jan_2008.pdf,Sector-Wise analysis of projects,16,107
FR_200801_108,,,108,NORTHERN REGION SYSTEM STRENGTHENING SCHEME-VI (54 CKM),,,POWER,2008-01,2007-01,,186.95,,186.95,0.0,,0.23,2009-07,,2009-07,0.0,,,2,21,,,,MonthlyFR_jan_2008.pdf,Sector-Wise analysis of projects,16,108
FR_200801_109,,,109,KOTESWAR,,,POWER,2008-01,2006-06,,260.34,,,6.27,,88.92,2008-06,,,15.0,,,5,18,,,,MonthlyFR_jan_2008.pdf,Sector-Wise analysis of projects,16,109
FR_200801_110,,,110,TRANSMISSION SY. ASSOCIATED WITH BARH GENER. PROJECT(P.GR.),,,POWER,2008-01,2005-12,,3779.46,,3779.46,0.0,,1264.99,2009-09,,2009-09,0.0,,,10,30,,,,MonthlyFR_jan_2008.pdf,Sector-Wise analysis of projects,17,110
FR_200801_111,,,111,EASTERN REGION STRENGTHENING SCHEME-I (1142 CKM),,,POWER,2008-01,2004-10,,975.96,,975.96,0.0,,34.37,2009-10,,2009-10,0.0,,,2,20,,,,MonthlyFR_jan_2008.pdf,Sector-Wise analysis of projects,17,111
FR_200801_112,,,112,SY. STR. IN SOUTH- WESTERN PART OF NORTHERN GRID (PART-B),,,POWER,2008-01,2006-10,,150.26,,153.54,3.28,,53.05,2009-10,,2009-10,0.0,,,6,20,,,,MonthlyFR_jan_2008.pdf,Sector-Wise analysis of projects,17,112
FR_200801_113,,,113,TESSTA LOW DAM HYDRO ELECTRIC PROJECT STAGE-III 4x33 MW,,,POWER,2008-01,2003-10,,768.92,,768.92,0.0,,575.97,2007-03,,2009-12,33.0,,,2,25,,,,MonthlyFR_jan_2008.pdf,Sector-Wise analysis of projects,17,113
FR_200801_114,,,114,"SIPAT STPP STAGE -I, 3x660 MW",,,POWER,2008-01,2003-12,,8323.39,,8323.39,0.0,,4469.23,2009-12,,2009-12,0.0,,,34,56,,,,MonthlyFR_jan_2008.pdf,Sector-Wise analysis of projects,17,114
FR_200801_115,,,115,NORTHERN REGION SYSTEM STRENGTHENING SCHEME-VIII (68 CKM),,,POWER,2008-01,2006-10,,220.69,,220.69,0.0,,,2009-04,,2009-12,8.0,,,0,0,,,,MonthlyFR_jan_2008.pdf,Sector-Wise analysis of projects,17,115
FR_200801_116,,,116,"TRANSMISSION SYSTEM ASSOCIATED WITH PARBATI-III HEP, 543 CKM",,,POWER,2008-01,2006-07,,557.24,,557.24,0.0,,1.14,2010-01,,2010-01,0.0,,,0,22,,,,MonthlyFR_jan_2008.pdf,Sector-Wise analysis of projects,17,116
FR_200801_117,,,117,"KORBA STPP STAGE-III, 1x500 MW",,,POWER,2008-01,2006-08,,2448.5,,2448.49,-0.01,,591.12,2010-02,,2010-02,0.0,,,5,26,,,,MonthlyFR_jan_2008.pdf,Sector-Wise analysis of projects,17,117
FR_200801_118,,,118,TUIRIAL HYDRO ELECTRIC PROJECT (2x30MW),,,POWER,2008-01,1998-07,,368.72,,689.81,321.09,,236.01,2006-07,,2010-03,44.0,,,2,5,,,,MonthlyFR_jan_2008.pdf,Sector-Wise analysis of projects,17,118
FR_200801_119,,,119,WESTERN REGION SYSTEM STRENGTHENING SCHEME-II (7075 CKM),,,POWER,2008-01,2006-07,,5221.23,,5221.23,0.0,,52.41,2010-07,,2010-07,0.0,,,1,20,,,,MonthlyFR_jan_2008.pdf,Sector-Wise analysis of projects,17,119
FR_200801_120,,,120,URI H.E.P STAGE -II (NHPC),NHPC,,POWER,2008-01,2005-08,,1729.29,,1724.79,-4.5,,278.62,2009-11,,2010-08,9.0,,,0,0,,,,MonthlyFR_jan_2008.pdf,Sector-Wise analysis of projects,17,120
FR_200801_121,,,121,"NIMOO BAZGO HYDRO ELECTRIC PROJECT, 3x15 MW",,,POWER,2008-01,2006-08,,611.01,,611.01,0.0,,131.19,2010-08,,2010-08,0.0,,,0,0,,,,MonthlyFR_jan_2008.pdf,Sector-Wise analysis of projects,17,121
FR_200801_122,,,122,"FARAKKA STPP STAGE- III, 1x500 MW",,,POWER,2008-01,2006-07,,2570.44,,2570.44,0.0,,347.78,2010-08,,2010-08,0.0,,,11,26,,,,MonthlyFR_jan_2008.pdf,Sector-Wise analysis of projects,17,122
FR_200801_123,,,123,CHAMERA HYDRO ELECTRIC PROJECT STAGE-III 231 MW,,,POWER,2008-01,2005-08,,1405.63,,1405.63,0.0,,356.15,2010-08,,2010-08,0.0,,,0,0,,,,MonthlyFR_jan_2008.pdf,Sector-Wise analysis of projects,17,123
FR_200801_124,,,124,TEESTA LOW DAM HYDRO ELECTRIC PROJECT STAGE-IV 4x40 MW,,,POWER,2008-01,2005-09,,1061.38,,1061.38,0.0,,195.57,2009-09,,2010-08,11.0,,,0,0,,,,MonthlyFR_jan_2008.pdf,Sector-Wise analysis of projects,17,124
FR_200801_125,,,125,TRANSMISSION,,,POWER,2008-01,2005-12,,358.42,,,0.0,,3.89,2008-12,,,21.0,,,0,15,,,,MonthlyFR_jan_2008.pdf,Sector-Wise analysis of projects,17,125
FR_200801_126,,,126,"NATIONAL CAPITAL THERMAL POWER PROJECT STAGE-II, 2x490 MW",,,POWER,2008-01,2006-10,,5135.33,,5135.33,0.0,,736.58,2010-10,,2010-10,0.0,,,9,39,,,,MonthlyFR_jan_2008.pdf,Sector-Wise analysis of projects,18,126
FR_200801_127,,,127,PARBATI HYDRO ELECTRIC PROJECT STAGE -III 4x130 MW,,,POWER,2008-01,2005-10,,2304.56,,2304.56,0.0,,352.56,2010-10,,2010-11,1.0,,,0,0,,,,MonthlyFR_jan_2008.pdf,Sector-Wise analysis of projects,18,127
FR_200801_128,,,128,PARBATI HYDRO ELECTRIC PROJECT STAGE-II 4x200 MW,,,POWER,2008-01,2002-09,,3919.59,,3919.59,0.0,,1994.31,2009-09,,2010-12,15.0,,,2,20,,,,MonthlyFR_jan_2008.pdf,Sector-Wise analysis of projects,18,128
FR_200801_129,,,129,"KOTESHWAR HYDRO ELECTRIC PROJECT, 4x100 MW",,,POWER,2008-01,2000-04,,1301.56,,1301.56,0.0,,650.57,2005-04,,2010-12,68.0,,,0,0,,,,MonthlyFR_jan_2008.pdf,Sector-Wise analysis of projects,18,129
FR_200801_130,,,130,"BARH STPP, 3x660 MW",,,POWER,2008-01,2003-12,,8692.97,,8692.97,0.0,,2073.85,2010-11,,2011-02,3.0,,,14,51,,,,MonthlyFR_jan_2008.pdf,Sector-Wise analysis of projects,18,130
FR_200801_131,,,131,"CHUTAK HYDRO ELECTRIC PROJECT 4X11 MW, KARGIL",,,POWER,2008-01,2006-08,,621.26,,621.26,0.0,,113.55,2011-02,,2011-02,0.0,,,0,0,,,,MonthlyFR_jan_2008.pdf,Sector-Wise analysis of projects,18,131
FR_200801_132,,,132,KAMENG HYDRO ELECTRIC PROJECT 4x150 MW,,,POWER,2008-01,2004-12,,2496.9,,2496.9,0.0,,651.15,2009-12,,2011-03,15.0,,,0,107,,,,MonthlyFR_jan_2008.pdf,Sector-Wise analysis of projects,18,132
FR_200801_133,,,133,"Simhadri STPP Stage-II, 2*500 MW",,,POWER,2008-01,2007-08,,5103.39,,5103.39,0.0,,318.57,2011-05,,2011-05,0.0,,,0,0,,,,MonthlyFR_jan_2008.pdf,Sector-Wise analysis of projects,18,133
FR_200801_134,,,134,Transmission System Associated with Uri-II HEP (114 CKM),,,POWER,2008-01,2006-10,,238.25,,238.25,0.0,,,,,2011-05,,,,0,0,,,,MonthlyFR_jan_2008.pdf,Sector-Wise analysis of projects,18,134
FR_200801_135,,,135,"LOHARINAG PALA HYDRO ELECTRIC PROJECT, 4x150 MW",,,POWER,2008-01,2006-06,,2895.1,,2895.1,0.0,,203.25,2011-11,,2011-10,-1.0,,,6,34,,,,MonthlyFR_jan_2008.pdf,Sector-Wise analysis of projects,18,135
FR_200801_136,,,136,"TEHRI PUMPED STORAGE PLANT, 4x250 MW",,,POWER,2008-01,2006-07,,1657.0,,1657.6,0.6,,205.41,2010-07,,2011-12,17.0,,,0,0,,,,MonthlyFR_jan_2008.pdf,Sector-Wise analysis of projects,18,136
FR_200801_137,,,137,RAMPUR HYDRO ELECTRIC PROJECT 412 MW,,,POWER,2008-01,2007-01,,2047.03,,2047.03,0.0,,203.84,2012-01,,2012-01,0.0,,,3,8,,,,MonthlyFR_jan_2008.pdf,Sector-Wise analysis of projects,18,137
FR_200801_138,,,138,LOWER SUBANSIRI HYDRO ELECTRIC PROJECT 8x250 MW,,,POWER,2008-01,2003-09,,6285.33,,6285.33,0.0,,1819.25,2010-09,,2012-01,16.0,,,2,11,,,,MonthlyFR_jan_2008.pdf,Sector-Wise analysis of projects,18,138
FR_200801_139,,,139,"TAPOVAN-VISHNUGAD HYDRO ELECTRIC PROJECT, 4x130 MW",,,POWER,2008-01,2006-11,,2978.48,,2978.48,0.0,,157.46,2013-03,,2013-03,0.0,,,5,31,,,,MonthlyFR_jan_2008.pdf,Sector-Wise analysis of projects,18,139
FR_200801_140,,,140,KISHANGANGA HYDRO ELECTRIC PROJECT,,,POWER,2008-01,2007-07,,2238.67,,2238.67,0.0,,30.63,2014-07,,2014-07,0.0,,,0,0,,,,MonthlyFR_jan_2008.pdf,Sector-Wise analysis of projects,18,140
FR_200801_141,,,141,"NEYVELI TS-II TRANSIMISSION SYSTEM, 838 CKM",,,POWER,2008-01,2005-01,,691.83,,806.38,114.55,,439.45,2007-12,,,,,,10,20,,,,MonthlyFR_jan_2008.pdf,Sector-Wise analysis of projects,18,141
FR_200801_142,,,142,SYSTEM STRENGTHNING SCHEME-V OF SOUTH REGION,,,POWER,2008-01,2004-06,,92.12,,105.86,13.74,,32.71,2007-06,,,,,,0,0,,,,MonthlyFR_jan_2008.pdf,Sector-Wise analysis of projects,18,142
FR_200801_143,,,143,LOKTAK DOWNSTREAM HYDRO ELECTRIC PROJECT 3x30/2x33 MW,,,POWER,2008-01,1999-12,,578.62,,578.62,0.0,,28.33,2006-06,,,,,,0,0,,,,MonthlyFR_jan_2008.pdf,Sector-Wise analysis of projects,19,143
FR_200801_144,,,144,TRANSMISSION SYSTEM ASSOCIATED WITH TALA HYDRO ELECTRIC PROJ,,,POWER,2008-01,2003-06,,1980.7,,2483.88,503.18,,708.7,2006-06,,,,,,29,37,,,,MonthlyFR_jan_2008.pdf,Sector-Wise analysis of projects,19,144
FR_200801_145,,,145,NORTH-EAST INDIRA GANDHI REGIONAL INSTITUTE OF H & MS,,,HEALTH & FW,2008-01,1986-05,2001-02,71.18,422.6,443.15,371.97,20.55,337.29,1999-03,2005-03,,,,,7,16,,,,MonthlyFR_jan_2008.pdf,Sector-Wise analysis of projects,19,145
FR_200801_146,,,146,MUZAFFARPUR- SITAMARHI,,,RAILWAYS,2008-01,1997-03,,100.0,,210.79,110.79,,137.63,,,2008-01,,,,0,0,,,,MonthlyFR_jan_2008.pdf,Sector-Wise analysis of projects,19,146
FR_200801_147,,,147,DHARMAVARAM- PAKALA,,,RAILWAYS,2008-01,1997-04,,200.0,294.99,546.49,346.49,251.5,135.11,,,2008-02,,,,0,0,,,,MonthlyFR_jan_2008.pdf,Sector-Wise analysis of projects,19,147
FR_200801_148,,,148,PURNA-AKOLA,,,RAILWAYS,2008-01,2000-02,,228.0,,496.8,268.8,,400.14,,,2008-02,,,,0,0,,,,MonthlyFR_jan_2008.pdf,Sector-Wise analysis of projects,19,148
FR_200801_149,,,149,KAPTANGANJ-THAWE- SIWAN-CHHAPRA,,,RAILWAYS,2008-01,2001-09,,320.1,,320.1,0.0,,108.05,,,2008-02,,,,0,0,,,,MonthlyFR_jan_2008.pdf,Sector-Wise analysis of projects,19,149
FR_200801_150,,,150,MIRAJ-LATUR ROAD,,,RAILWAYS,2008-01,1993-04,2002-04,225.0,323.0,515.57,290.57,192.57,403.39,2001-03,,2008-03,84.0,,1.0,0,0,,,,MonthlyFR_jan_2008.pdf,Sector-Wise analysis of projects,19,150
FR_200801_151,,,151,KUMARGHAT- AGARTALA,,,RAILWAYS,2008-01,1996-04,,575.0,,750.0,175.0,,772.39,2007-03,,2008-03,12.0,,,0,0,,,,MonthlyFR_jan_2008.pdf,Sector-Wise analysis of projects,19,151
FR_200801_152,,,152,DANIAWAN- BIHARSHARIF,,,RAILWAYS,2008-01,2001-04,,104.79,,104.79,0.0,,41.63,,,2008-03,,,,0,0,,,,MonthlyFR_jan_2008.pdf,Sector-Wise analysis of projects,19,152
FR_200801_153,,,153,UTRATIA- CHANDRAULI AND SULTANPUR- BANDHUAKALAN,,,RAILWAYS,2008-01,1998-04,,47.12,,102.2,55.08,,91.41,2004-12,,2008-03,39.0,,,0,0,,,,MonthlyFR_jan_2008.pdf,Sector-Wise analysis of projects,19,153
FR_200801_154,,,154,VIRAMGAM-BHILDI,,,RAILWAYS,2008-01,1990-04,,155.66,,119.75,-35.91,,132.85,,,2008-03,,,,0,0,,,,MonthlyFR_jan_2008.pdf,Sector-Wise analysis of projects,19,154
FR_200801_155,,,155,HOSPET-GUNTAKAL LINE DOUBLING,,,RAILWAYS,2008-01,1996-03,,105.22,,268.0,162.78,,244.22,1999-12,,2008-03,99.0,,,0,0,,,,MonthlyFR_jan_2008.pdf,Sector-Wise analysis of projects,19,155
FR_200801_156,,,156,THANE-TURBHE- NERUL-VASHI,,,RAILWAYS,2008-01,1992-05,,403.39,,403.92,0.53,,385.67,2000-03,,2008-03,96.0,,,0,0,,,,MonthlyFR_jan_2008.pdf,Sector-Wise analysis of projects,19,156
FR_200801_157,,,157,2ND BRIDGE ON,,,RAILWAYS,2008-01,1997-04,,93.1,,,28.9,,122.31,,,,,,,0,0,,,,MonthlyFR_jan_2008.pdf,Sector-Wise analysis of projects,19,157
FR_200801_158,,,158,KATIHAR-JOGBANI,,,RAILWAYS,2008-01,2001-09,,100.0,,492.98,392.98,,490.72,,,2008-03,,,,0,0,,,,MonthlyFR_jan_2008.pdf,Sector-Wise analysis of projects,20,158
FR_200801_159,,,159,HAPUR-KANKATHER,,,RAILWAYS,2008-01,2003-04,,106.64,106.64,117.31,10.67,10.67,119.66,2007-03,,2008-03,12.0,,,0,0,,,,MonthlyFR_jan_2008.pdf,Sector-Wise analysis of projects,20,159
FR_200801_160,,,160,FREIGHT OPERATIONS INFORMATION SYSTEM,,,RAILWAYS,2008-01,1984-03,1989-11,520.0,422.79,422.79,-97.21,0.0,383.29,1995-03,,2008-03,156.0,,,0,0,,,,MonthlyFR_jan_2008.pdf,Sector-Wise analysis of projects,20,160
FR_200801_161,,,161,GUNTUR-GUNTAKAL- KOLLURU- DHARMAVARAM,,,RAILWAYS,2008-01,1992-04,,458.45,,573.12,114.67,,535.38,,,2008-03,,,,0,0,,,,MonthlyFR_jan_2008.pdf,Sector-Wise analysis of projects,20,161
FR_200801_162,,,162,JALANDHAR- PATHANKOT-JAMMU TAWI,,,RAILWAYS,2008-01,2002-03,,409.0,408.76,625.3,216.3,216.54,572.03,2007-06,,2008-03,9.0,,,0,0,,,,MonthlyFR_jan_2008.pdf,Sector-Wise analysis of projects,20,162
FR_200801_163,,,163,Jafrabad-Utratia Phase-II,,,RAILWAYS,2008-01,2000-04,,64.2,,100.42,36.22,,86.12,2005-03,,2008-03,36.0,,,0,0,,,,MonthlyFR_jan_2008.pdf,Sector-Wise analysis of projects,20,163
FR_200801_164,,,164,Obulavaripalle- Krishnapattnam,,,RAILWAYS,2008-01,2006-07,,743.0,,743.0,0.0,,53.38,2008-03,,2008-03,0.0,,,0,0,,,,MonthlyFR_jan_2008.pdf,Sector-Wise analysis of projects,20,164
FR_200801_165,,,165,TAHANJAVUR- VILLUPURAM,,,RAILWAYS,2008-01,2001-10,,223.0,,356.9,133.9,,337.22,,,2008-06,4.0,,4.0,0,0,,,,MonthlyFR_jan_2008.pdf,Sector-Wise analysis of projects,20,165
FR_200801_166,,,166,KHURDA ROAD- BARANG 3rd LINE,,,RAILWAYS,2008-01,2000-04,,133.41,,207.0,73.59,,57.11,,,2008-06,,,,0,0,,,,MonthlyFR_jan_2008.pdf,Sector-Wise analysis of projects,20,166
FR_200801_167,,,167,TOLLYGANJ-GARIA,,,RAILWAYS,2008-01,2000-03,,907.69,,1032.76,125.07,,624.99,2006-12,,2008-06,18.0,,,0,0,,,,MonthlyFR_jan_2008.pdf,Sector-Wise analysis of projects,20,167
FR_200801_168,,,168,MACHERLA- NALGONDA,,,RAILWAYS,2008-01,1998-07,,125.0,,250.38,125.38,,0.27,2008-07,,2008-07,0.0,,,0,0,,,,MonthlyFR_jan_2008.pdf,Sector-Wise analysis of projects,20,168
FR_200801_169,,,169,BHILDI-SAMDARI,,,RAILWAYS,2008-01,1999-04,,244.74,,479.0,234.26,,196.05,,,2008-09,,,,0,0,,,,MonthlyFR_jan_2008.pdf,Sector-Wise analysis of projects,20,169
FR_200801_170,,,170,CHANDIGARH- LUDHIANA,,,RAILWAYS,2008-01,1997-07,,248.44,,576.27,327.83,,301.88,,,2008-09,,,,0,0,,,,MonthlyFR_jan_2008.pdf,Sector-Wise analysis of projects,20,170
FR_200801_171,,,171,RAJATGARH-BARANG,,,RAILWAYS,2008-01,1999-04,,166.16,,240.0,73.84,,100.06,,,2008-10,,,,0,0,,,,MonthlyFR_jan_2008.pdf,Sector-Wise analysis of projects,20,171
FR_200801_172,,,172,CUTTACK-BARANG,,,RAILWAYS,2008-01,1995-04,,127.13,,135.0,7.87,,69.17,,,2008-11,,,,0,0,,,,MonthlyFR_jan_2008.pdf,Sector-Wise analysis of projects,20,172
FR_200801_173,,,173,LANJHIGARH ROAD- JUNAGARH,,,RAILWAYS,2008-01,1993-04,,100.0,119.29,142.98,42.98,23.69,48.39,2002-03,,2008-12,81.0,,,0,0,,,,MonthlyFR_jan_2008.pdf,Sector-Wise analysis of projects,20,173
FR_200801_174,,,174,"ETAWAH-MAINPURI (NL),NCR",,,RAILWAYS,2008-01,2001-09,,129.7,,129.7,0.0,,62.13,2008-12,,2008-12,0.0,,,0,0,,,,MonthlyFR_jan_2008.pdf,Sector-Wise analysis of projects,20,174
FR_200801_175,,,175,AJMER-PHULERA-,,,RAILWAYS,2008-01,2005-04,,352.0,,,364.64,,380.24,2008-03,,,9.0,,,0,0,,,,MonthlyFR_jan_2008.pdf,Sector-Wise analysis of projects,20,175
FR_200801_176,,,176,DEOGHAR-DUMKA NEW BROAD GAUGE LINE,,,RAILWAYS,2008-01,1999-02,,180.73,,180.73,0.0,,196.51,2006-12,,2008-12,24.0,,,0,0,,,,MonthlyFR_jan_2008.pdf,Sector-Wise analysis of projects,21,176
FR_200801_177,,,177,PALWAL-BHUTESWAR 3rd LINE,,,RAILWAYS,2008-01,2005-04,,240.0,,330.0,90.0,,53.16,2009-03,,2008-12,-3.0,,,0,0,,,,MonthlyFR_jan_2008.pdf,Sector-Wise analysis of projects,21,177
FR_200801_178,,,178,ALIGARH-GAZIABAD 3rd LINE,,,RAILWAYS,2008-01,2003-04,,230.73,,399.5,168.77,,89.57,2009-03,,2008-12,-3.0,,,0,0,,,,MonthlyFR_jan_2008.pdf,Sector-Wise analysis of projects,21,178
FR_200801_179,,,179,RAJKOT-VERAVAL SOMNATH SECTION MATERIAL TO WANSJALIYA,,,RAILWAYS,2008-01,1992-04,,112.53,320.66,374.34,261.81,53.68,295.87,1996-03,,2009-02,155.0,,,0,0,,,,MonthlyFR_jan_2008.pdf,Sector-Wise analysis of projects,21,179
FR_200801_180,,,180,PRATAPNAGAR-CHOTA UDAIPUR,,,RAILWAYS,2008-01,2005-04,,148.61,,227.52,78.91,,60.78,2008-03,,2009-02,11.0,,2.0,0,0,,,,MonthlyFR_jan_2008.pdf,Sector-Wise analysis of projects,21,180
FR_200801_181,,,181,NANDYAL- YERRAGUNTLA,,,RAILWAYS,2008-01,1997-03,,155.74,164.36,224.01,68.27,59.65,66.41,2009-02,,2009-02,0.0,,4.0,0,0,,,,MonthlyFR_jan_2008.pdf,Sector-Wise analysis of projects,21,181
FR_200801_182,,,182,BILASPUR-URKURA,,,RAILWAYS,2008-01,1997-04,,151.52,,273.0,121.48,,224.58,,,2009-03,,,,0,0,,,,MonthlyFR_jan_2008.pdf,Sector-Wise analysis of projects,21,182
FR_200801_183,,,183,TARAKESWAR- BISHNUPUR,,,RAILWAYS,2008-01,2000-04,,157.96,,567.0,409.04,,88.49,,,2009-03,,,,0,0,,,,MonthlyFR_jan_2008.pdf,Sector-Wise analysis of projects,21,183
FR_200801_184,,,184,RANCHI-LOHARDAGA EXTENSION TO TORI,,,RAILWAYS,2008-01,1997-04,,193.78,,456.0,262.22,,203.61,2004-06,,2009-03,57.0,,,0,0,,,,MonthlyFR_jan_2008.pdf,Sector-Wise analysis of projects,21,184
FR_200801_185,,,185,Vallaparpadm-Idapally,,,RAILWAYS,2008-01,2006-07,,246.5,,246.5,0.0,,54.7,2009-03,,2009-03,0.0,,,0,0,,,,MonthlyFR_jan_2008.pdf,Sector-Wise analysis of projects,21,185
FR_200801_186,,,186,LALITPUR-SATNA- REWA-SINGRULI,,,RAILWAYS,2008-01,1998-09,,925.0,,925.0,0.0,,215.82,2008-05,,2009-03,10.0,,,0,0,,,,MonthlyFR_jan_2008.pdf,Sector-Wise analysis of projects,21,186
FR_200801_187,,,187,JAYANAGAR- DARBHANGA- NARKATIAGANJ,,,RAILWAYS,2008-01,1997-04,,233.0,335.77,329.17,96.17,-6.6,192.26,,,2009-03,,,,0,0,,,,MonthlyFR_jan_2008.pdf,Sector-Wise analysis of projects,21,187
FR_200801_188,,,188,Chhapra - Setting up of Wheel Manufacturing Plant,,,RAILWAYS,2008-01,2005-03,,470.09,,881.19,411.1,,70.67,,,2009-03,,,,0,0,,,,MonthlyFR_jan_2008.pdf,Sector-Wise analysis of projects,21,188
FR_200801_189,,,189,BIDAR-GULBARGA,,,RAILWAYS,2008-01,1999-02,,242.42,369.7,369.7,127.28,0.0,75.25,,,2009-05,,,,0,0,,,,MonthlyFR_jan_2008.pdf,Sector-Wise analysis of projects,21,189
FR_200801_190,,,190,GOOTY-RENIGUNTA PATCH DOUBLING PHASE-II,,,RAILWAYS,2008-01,2002-05,,304.5,,306.0,1.5,,156.36,,,2009-06,9.0,,9.0,0,0,,,,MonthlyFR_jan_2008.pdf,Sector-Wise analysis of projects,21,190
FR_200801_191,,,191,KOSI BRIDGE,,,RAILWAYS,2008-01,2002-04,,323.41,,323.41,0.0,,21.45,,,2009-06,,,,0,0,,,,MonthlyFR_jan_2008.pdf,Sector-Wise analysis of projects,21,191
FR_200801_192,,,192,HARIDASPUR- PARADEEP,,,RAILWAYS,2008-01,1996-04,,301.64,,499.4,197.76,,98.85,,,2009-09,,,,0,0,,,,MonthlyFR_jan_2008.pdf,Sector-Wise analysis of projects,21,192
FR_200801_193,,,193,DEOGHAR- SULTANGUNJ,,,RAILWAYS,2008-01,2000-04,,138.0,,607.0,469.0,,97.04,,,2009-12,,,,0,0,,,,MonthlyFR_jan_2008.pdf,Sector-Wise analysis of projects,22,193
FR_200801_194,,,194,"MAYNAGURI TO JOGIGHOPA VIA CHANGRA (NL),NEFR",,,RAILWAYS,2008-01,2000-02,,733.0,,894.38,161.38,,173.73,2008-12,,2009-12,12.0,,9.0,0,0,,,,MonthlyFR_jan_2008.pdf,Sector-Wise analysis of projects,22,194
FR_200801_195,,,195,MANDERHILL-DUMKA- RAMPURHAT,,,RAILWAYS,2008-01,1995-04,,184.0,,254.07,70.07,,162.71,,,2009-12,,,,0,0,,,,MonthlyFR_jan_2008.pdf,Sector-Wise analysis of projects,22,195
FR_200801_196,,,196,"RAIL-CUM-ROAD BRIDGE AT MUNGER (NL), ECR",,,RAILWAYS,2008-01,2002-04,,921.0,,921.0,0.0,,198.12,2009-03,,2009-12,9.0,,,0,0,,,,MonthlyFR_jan_2008.pdf,Sector-Wise analysis of projects,22,196
FR_200801_197,,,197,NEW JALPAIGURI - SILIGURI - NEW BONGAIGAON,,,RAILWAYS,2008-01,1998-11,,536.85,,890.83,353.98,,853.65,2003-03,,2009-12,81.0,,12.0,0,0,,,,MonthlyFR_jan_2008.pdf,Sector-Wise analysis of projects,22,197
FR_200801_198,,,198,AGRA-ETAWAH NEW LINE via BAD,,,RAILWAYS,2008-01,1999-04,,108.0,,214.09,106.09,,88.31,2009-12,,2009-12,0.0,,,0,0,,,,MonthlyFR_jan_2008.pdf,Sector-Wise analysis of projects,22,198
FR_200801_199,,,199,REINGUNTA- GUNTAKAL (RVNL),RVNL,,RAILWAYS,2008-01,2000-06,,168.34,,296.2,127.86,,53.45,2003-04,,2010-03,83.0,,12.0,0,0,,,,MonthlyFR_jan_2008.pdf,Sector-Wise analysis of projects,22,199
FR_200801_200,,,200,RAICHUR-GUNTAKAL,,,RAILWAYS,2008-01,2003-04,,136.62,,221.9,85.28,,12.82,2007-12,,2010-03,27.0,,12.0,0,0,,,,MonthlyFR_jan_2008.pdf,Sector-Wise analysis of projects,22,200
FR_200801_201,,,201,LUMDING-SILCHAR- MIGRENDISA- DITOKCHERRA,,,RAILWAYS,2008-01,1996-04,2002-05,648.0,1401.01,1676.31,1028.31,275.3,1053.6,2009-03,,2010-03,12.0,,,0,0,,,,MonthlyFR_jan_2008.pdf,Sector-Wise analysis of projects,22,201
FR_200801_202,,,202,Conversion of 1500 V DC Traction System to 25 KV AC Traction,,,RAILWAYS,2008-01,1996-07,1998-08,273.67,654.51,648.76,375.09,-5.75,256.26,,,2010-11,11.0,,11.0,0,0,,,,MonthlyFR_jan_2008.pdf,Sector-Wise analysis of projects,22,202
FR_200801_203,,,203,PATNA GANGA BRIDGE,,,RAILWAYS,2008-01,2001-04,,624.47,,624.47,0.0,,326.2,2007-10,,2010-12,38.0,,,0,0,,,,MonthlyFR_jan_2008.pdf,Sector-Wise analysis of projects,22,203
FR_200801_204,,,204,JIRIBAM TO IMPHAL,,,RAILWAYS,2008-01,2003-04,,727.56,,2000.0,1272.44,,16.65,2011-03,,2011-03,0.0,,,0,0,,,,MonthlyFR_jan_2008.pdf,Sector-Wise analysis of projects,22,204
FR_200801_205,,,205,UDHAMPUR- SRINAGAR- BARAMULLA,,,RAILWAYS,2008-01,1995-03,,2500.0,,11270.0,8770.0,,4349.49,2001-03,,2011-12,129.0,,,0,0,,,,MonthlyFR_jan_2008.pdf,Sector-Wise analysis of projects,22,205
FR_200801_206,,,206,"BRAHAMAPUTRA BRIDGE AT BOGIBIL WITH LINK LINES,NEFR",,,RAILWAYS,2008-01,1996-04,,1000.0,,1767.36,767.36,,852.66,2008-04,,2012-03,47.0,,48.0,0,0,,,,MonthlyFR_jan_2008.pdf,Sector-Wise analysis of projects,22,206
FR_200801_207,,,207,RANGIA- MURKONGSELEK,,,RAILWAYS,2008-01,2004-01,,912.7,915.7,912.7,0.0,-3.0,4.3,,,2013-03,48.0,,48.0,0,0,,,,MonthlyFR_jan_2008.pdf,Sector-Wise analysis of projects,22,207
FR_200801_208,,,208,KHURDA ROAD- BOLANGIR,,,RAILWAYS,2008-01,1994-04,,355.38,,1000.0,644.62,,73.7,,,,,,,0,0,,,,MonthlyFR_jan_2008.pdf,Sector-Wise analysis of projects,22,208
FR_200801_209,,,209,AJMER - UDAIPUR - CHITTORGARH,,,RAILWAYS,2008-01,1996-09,2002-01,262.0,433.39,456.0,194.0,22.61,470.63,,2000-03,,,,,0,0,,,,MonthlyFR_jan_2008.pdf,Sector-Wise analysis of projects,22,209
FR_200801_210,,,210,DAUSA-GANGAPUR CITY,,,RAILWAYS,2008-01,1997-02,,151.84,,208.83,56.99,,30.98,,,,,,,0,0,,,,MonthlyFR_jan_2008.pdf,Sector-Wise analysis of projects,22,210
FR_200801_211,,,211,BELAPUR-SEAWOOD- URAN ELECTRIFIED DOUBLE LINE,,,RAILWAYS,2008-01,1996-03,1997-07,401.81,,495.44,93.63,,101.21,2004-03,,,,,,0,0,,,,MonthlyFR_jan_2008.pdf,Sector-Wise analysis of projects,23,211
FR_200801_212,,,212,REWARI-SADULPUR- HISSAR,,,RAILWAYS,2008-01,1997-04,,198.96,,364.19,165.23,,77.05,,,,,,,0,0,,,,MonthlyFR_jan_2008.pdf,Sector-Wise analysis of projects,23,212
FR_200801_213,,,213,HASSAN-BANGALORE (VIA SHRAVANABELAGOLA),,,RAILWAYS,2008-01,1997-02,,295.0,,412.91,117.91,,245.1,,,,,,,0,0,,,,MonthlyFR_jan_2008.pdf,Sector-Wise analysis of projects,23,213
FR_200801_214,,,214,GONDIA-JABALPUR (SECR),SECR,,RAILWAYS,2008-01,1997-02,,356.0,,524.88,168.88,,240.0,1998-03,,,,,,0,0,,,,MonthlyFR_jan_2008.pdf,Sector-Wise analysis of projects,23,214
FR_200801_215,,,215,KARUR-SALEM via NAMAKKAL,,,RAILWAYS,2008-01,1997-02,,155.55,,229.88,74.33,,146.1,,,,,,,0,0,,,,MonthlyFR_jan_2008.pdf,Sector-Wise analysis of projects,23,215
FR_200801_216,,,216,HUBLI-ANKOLA(NL),,,RAILWAYS,2008-01,1995-04,,227.0,,997.58,770.58,,43.45,,,,,,,0,0,,,,MonthlyFR_jan_2008.pdf,Sector-Wise analysis of projects,23,216
FR_200801_217,,,217,MUNEERABAD- MAHABOOBNAGAR,,,RAILWAYS,2008-01,1996-04,,377.32,236.41,497.47,120.15,261.06,38.15,,,,,,,0,0,,,,MonthlyFR_jan_2008.pdf,Sector-Wise analysis of projects,23,217
FR_200801_218,,,218,KANPUR-KASGANJ- MATHURA,,,RAILWAYS,2008-01,1997-03,,395.0,598.98,661.72,266.72,62.74,510.14,,,,,,,0,0,,,,MonthlyFR_jan_2008.pdf,Sector-Wise analysis of projects,23,218
FR_200801_219,,,219,TANUR (KUTTIPURAM)- GURUVAYUR,,,RAILWAYS,2008-01,1995-04,,40.0,,137.71,97.71,,8.16,,,,,,,0,0,,,,MonthlyFR_jan_2008.pdf,Sector-Wise analysis of projects,23,219
FR_200801_220,,,220,BANKURA-DAMODAR,,,RAILWAYS,2008-01,1998-03,,111.9,,325.17,213.27,,190.0,2005-03,,,,,,0,0,,,,MonthlyFR_jan_2008.pdf,Sector-Wise analysis of projects,23,220
FR_200801_221,,,221,AMRAVATI-NARKHER NEW LINE PROJECT,,,RAILWAYS,2008-01,1994-06,1996-07,120.9,175.3,284.27,163.37,108.97,175.1,1999-06,,,,,,0,0,,,,MonthlyFR_jan_2008.pdf,Sector-Wise analysis of projects,23,221
FR_200801_222,,,222,HATHUA-BHATNI,,,RAILWAYS,2008-01,2005-04,,200.73,,230.03,29.3,,45.76,,,,,,,0,0,,,,MonthlyFR_jan_2008.pdf,Sector-Wise analysis of projects,23,222
FR_200801_223,,,223,BIHARSHARIFF- BARBIGHA,,,RAILWAYS,2008-01,2001-04,,103.86,,103.86,0.0,,8.21,,,,,,,0,0,,,,MonthlyFR_jan_2008.pdf,Sector-Wise analysis of projects,23,223
FR_200801_224,,,224,AHMEDNAGAR-BEED- PARLI-VAIJNATH,,,RAILWAYS,2008-01,1997-02,,353.08,,462.67,109.59,,15.43,,,,,,,0,0,,,,MonthlyFR_jan_2008.pdf,Sector-Wise analysis of projects,23,224
FR_200801_225,,,225,TIRUCHIRAPPALI- NAGORE-KARAIKKAL WITH EXTENSION NAGAPATTINAM,,,RAILWAYS,2008-01,1995-09,,100.0,,391.12,291.12,,257.24,,,,,,,0,0,,,,MonthlyFR_jan_2008.pdf,Sector-Wise analysis of projects,23,225
FR_200801_226,,,226,QUILON-TIRUNELVELI- TIRUCHENDUR AND TENKASI- VIRUDHUNAGAR,,,RAILWAYS,2008-01,1998-03,,280.0,,702.39,422.39,,388.11,,,,,,,0,0,,,,MonthlyFR_jan_2008.pdf,Sector-Wise analysis of projects,23,226
FR_200801_227,,,227,KOTIPALLI- NARASAPUR,,,RAILWAYS,2008-01,2001-12,,330.0,,695.0,365.0,,9.41,,,,,,,0,0,,,,MonthlyFR_jan_2008.pdf,Sector-Wise analysis of projects,23,227
FR_200801_228,,,228,RAJGIR-TILAIYA,,,RAILWAYS,2008-01,2001-04,,180.82,180.82,,0.0,0.0,161.87,2006-03,,,,,,0,0,,,,MonthlyFR_jan_2008.pdf,Sector-Wise analysis of projects,23,228
FR_200801_229,,,229,GADWAL-RAICHUR,,,RAILWAYS,2008-01,1998-04,,92.63,,128.41,35.78,,57.68,,,,,,,0,0,,,,MonthlyFR_jan_2008.pdf,Sector-Wise analysis of projects,24,229
FR_200801_230,,,230,BARAMATI - LONAND,,,RAILWAYS,2008-01,1998-03,,75.0,,138.48,63.48,,20.62,,,,,,,0,0,,,,MonthlyFR_jan_2008.pdf,Sector-Wise analysis of projects,24,230
FR_200801_231,,,231,SRIGANGANAGAR- SARUPSAR,,,RAILWAYS,2008-01,1997-04,,143.92,,168.8,24.88,,4.77,,,,,,,0,0,,,,MonthlyFR_jan_2008.pdf,Sector-Wise analysis of projects,24,231
FR_200801_232,,,232,RAMGANJMUNDI- BHOPAL,,,RAILWAYS,2008-01,2001-04,,727.13,727.13,726.05,-1.08,-1.08,77.13,,,,,,,0,0,,,,MonthlyFR_jan_2008.pdf,Sector-Wise analysis of projects,24,232
FR_200801_233,,,233,BANGALORE- SATYAMANGALAM,,,RAILWAYS,2008-01,1999-02,,138.0,,901.62,763.62,,0.29,,,,,,,0,0,,,,MonthlyFR_jan_2008.pdf,Sector-Wise analysis of projects,24,233
FR_200801_234,,,234,MAHARAJGANJ- MASRAKH,,,RAILWAYS,2008-01,2003-04,,104.1,,113.75,9.65,,40.35,,,,,,,0,0,,,,MonthlyFR_jan_2008.pdf,Sector-Wise analysis of projects,24,234
FR_200801_235,,,235,KICHHA-KHATIMA,,,RAILWAYS,2008-01,2003-04,,165.67,,165.67,0.0,,0.15,,,,,,,0,0,,,,MonthlyFR_jan_2008.pdf,Sector-Wise analysis of projects,24,235
FR_200801_236,,,236,REWARI-ROHTAK,,,RAILWAYS,2008-01,2004-01,,149.38,,330.23,180.85,,76.64,2010-02,,,,,,0,0,,,,MonthlyFR_jan_2008.pdf,Sector-Wise analysis of projects,24,236
FR_200801_237,,,237,KODERMA-RANCHI VIA HAZARIBAGH AND BARKAKHANA,,,RAILWAYS,2008-01,1999-03,,491.19,,1033.0,541.81,,346.89,2005-07,,,,,,0,0,,,,MonthlyFR_jan_2008.pdf,Sector-Wise analysis of projects,24,237
FR_200801_238,,,238,KURLA-BHANDUP 5th & 6th LINE PHASE-I,,,RAILWAYS,2008-01,1995-04,,49.84,,102.9,53.06,,91.21,2002-03,,,,,,0,0,,,,MonthlyFR_jan_2008.pdf,Sector-Wise analysis of projects,24,238
FR_200801_239,,,239,DLW GM 4000/3000 HP DIESEL LOCOS,,,RAILWAYS,2008-01,1999-04,,155.54,,141.22,-14.32,,101.71,2003-03,,,,,,0,0,,,,MonthlyFR_jan_2008.pdf,Sector-Wise analysis of projects,24,239
FR_200801_240,,,240,EXTN. OF MRTS-II FROM VELACHERY TO ST.THOMAS MOUNT,,,RAILWAYS,2008-01,2006-04,,415.59,,495.74,80.15,,,,,,,,,0,0,,,,MonthlyFR_jan_2008.pdf,Sector-Wise analysis of projects,24,240
FR_200801_241,,,241,HOWRAH-AMTA- CHAMPADANGA,,,RAILWAYS,2008-01,1974-04,2001-07,31.42,154.3,154.3,122.88,0.0,84.0,2007-03,,,,,,0,0,,,,MonthlyFR_jan_2008.pdf,Sector-Wise analysis of projects,24,241
FR_200801_242,,,242,KOTTUR-HARIHAR,,,RAILWAYS,2008-01,1995-04,,65.94,,124.13,58.19,,63.56,,,,,,,0,0,,,,MonthlyFR_jan_2008.pdf,Sector-Wise analysis of projects,24,242
FR_200801_243,,,243,ARA-SASARAM,,,RAILWAYS,2008-01,1997-07,,120.0,,189.14,69.14,,213.49,2006-03,,,,,,0,0,,,,MonthlyFR_jan_2008.pdf,Sector-Wise analysis of projects,24,243
FR_200801_244,,,244,ANGAMALI- SABARIMALA,,,RAILWAYS,2008-01,1998-10,,550.0,,550.0,0.0,,13.88,,,,,,,0,0,,,,MonthlyFR_jan_2008.pdf,Sector-Wise analysis of projects,24,244
FR_200801_245,,,245,SAMASTIPUR- KHAGARIA,,,RAILWAYS,2008-01,1996-04,,122.45,,122.45,0.0,,170.93,,,,,,,0,0,,,,MonthlyFR_jan_2008.pdf,Sector-Wise analysis of projects,24,245
FR_200801_246,,,246,KUTTIPURAM- CALICUT-SHORANUR,,,RAILWAYS,2008-01,2001-03,,178.76,177.34,,9.37,10.79,180.77,,,,,,,0,0,,,,MonthlyFR_jan_2008.pdf,Sector-Wise analysis of projects,24,246
FR_200801_247,,,247,TRICHY MANAMADURAI,,,RAILWAYS,2008-01,2000-02,,175.0,,270.36,95.36,,298.48,,,,,,,0,0,,,,MonthlyFR_jan_2008.pdf,Sector-Wise analysis of projects,25,247
FR_200801_248,,,248,VILLUPURAM-KATPADI,,,RAILWAYS,2008-01,2000-02,,175.0,,235.69,60.69,,147.75,,,,,,,0,0,,,,MonthlyFR_jan_2008.pdf,Sector-Wise analysis of projects,25,248
FR_200801_249,,,249,HAJIPUR-SUGAULI via VAISHALI,,,RAILWAYS,2008-01,2003-04,,324.66,,324.66,0.0,,58.23,,,,,,,0,0,,,,MonthlyFR_jan_2008.pdf,Sector-Wise analysis of projects,25,249
FR_200801_250,,,250,JIND-SONEPAT,,,RAILWAYS,2008-01,2004-01,,190.81,,238.56,47.75,,0.48,,,,,,,0,0,,,,MonthlyFR_jan_2008.pdf,Sector-Wise analysis of projects,25,250
FR_200801_251,,,251,GONDA-GORAKHPUR LOOP WITH ANANDNAGAR- NAUTANWA,,,RAILWAYS,2008-01,2002-03,,383.15,,381.17,-1.98,,80.02,,,,,,,0,0,,,,MonthlyFR_jan_2008.pdf,Sector-Wise analysis of projects,25,251
FR_200801_252,,,252,HOTGI-GADAG- SOLAPUR (via Hotgi),,,RAILWAYS,2008-01,1994-04,,180.0,,312.42,132.42,,368.31,1999-03,2003-03,,,,,0,0,,,,MonthlyFR_jan_2008.pdf,Sector-Wise analysis of projects,25,252
FR_200801_253,,,253,KHAGARIA- KUSHESHWAR ASTHAN,,,RAILWAYS,2008-01,1997-03,,78.23,,162.87,84.64,,34.63,,,,,,,0,0,,,,MonthlyFR_jan_2008.pdf,Sector-Wise analysis of projects,25,253
FR_200801_254,,,254,SUKINDA ROAD- ANGUL (RVNL),RVNL,,RAILWAYS,2008-01,1998-04,,183.23,,638.0,454.77,,0.19,2015-02,,,,,,0,0,,,,MonthlyFR_jan_2008.pdf,Sector-Wise analysis of projects,25,254
FR_200801_255,,,255,EKLAKHI-BALURGHAT INCLUDING GAZOLE- ITAHAR,,,RAILWAYS,2008-01,1986-01,1994-04,36.8,274.41,282.74,245.94,8.33,219.64,,,,,,,0,0,,,,MonthlyFR_jan_2008.pdf,Sector-Wise analysis of projects,25,255
FR_200801_256,,,256,DALLIRAJHARA- JAGDALPUR,,,RAILWAYS,2008-01,1995-04,,369.0,,968.6,599.6,,,,,,,,,0,0,,,,MonthlyFR_jan_2008.pdf,Sector-Wise analysis of projects,25,256
FR_200801_257,,,257,BARBIGHA- SHEIKHPURA-NEORA- DANIAWAN,,,RAILWAYS,2008-01,2002-04,,120.23,,120.23,0.0,,20.24,,,,,,,0,0,,,,MonthlyFR_jan_2008.pdf,Sector-Wise analysis of projects,25,257
FR_200801_258,,,258,RUPSA-BANGRIPOSI,,,RAILWAYS,2008-01,1996-02,,57.94,,137.57,79.63,,75.62,1998-03,,,,,,0,0,,,,MonthlyFR_jan_2008.pdf,Sector-Wise analysis of projects,25,258
FR_200801_259,,,259,CHHINDWARA- NAGPUR,,,RAILWAYS,2008-01,2005-04,,383.79,,383.79,0.0,,13.38,,,,,,,0,0,,,,MonthlyFR_jan_2008.pdf,Sector-Wise analysis of projects,25,259
FR_200801_260,,,260,TALCHER- BIMALAGARH,,,RAILWAYS,2008-01,2005-04,,726.96,,810.78,83.82,,7.69,,,,,,,0,0,,,,MonthlyFR_jan_2008.pdf,Sector-Wise analysis of projects,25,260
FR_200801_261,,,261,PEDAPALLI- KARIMNAGAR- NIZAMABAD (NL),,,RAILWAYS,2008-01,1994-12,,124.43,407.78,517.63,393.2,109.85,239.78,,,,,,,0,0,,,,MonthlyFR_jan_2008.pdf,Sector-Wise analysis of projects,25,261
FR_200801_262,,,262,KADUR-CHIKMAGLUR- SAKLESHPUR,,,RAILWAYS,2008-01,1996-04,,157.0,,274.29,117.29,,62.85,,,,,,,0,0,,,,MonthlyFR_jan_2008.pdf,Sector-Wise analysis of projects,25,262
FR_200801_263,,,263,KODERMA-TILAIYA,,,RAILWAYS,2008-01,2002-04,,459.91,,459.91,0.0,,33.1,,,,,,,0,0,,,,MonthlyFR_jan_2008.pdf,Sector-Wise analysis of projects,25,263
FR_200801_264,,,264,KODERMA-GIRDHI,,,RAILWAYS,2008-01,1996-04,,371.36,,,0.0,,135.86,,,,,,,0,0,,,,MonthlyFR_jan_2008.pdf,Sector-Wise analysis of projects,25,264
FR_200801_265,,,265,CALICUT-MANGALORE DOUBLING,,,RAILWAYS,2008-01,1996-02,,240.0,,572.51,332.51,,532.15,,,,,,,0,0,,,,MonthlyFR_jan_2008.pdf,Sector-Wise analysis of projects,26,265
FR_200801_266,,,266,MANOHARABAD- KOTAPALLI,,,RAILWAYS,2008-01,2006-04,,378.56,,378.56,0.0,,0.43,,,,,,,0,0,,,,MonthlyFR_jan_2008.pdf,Sector-Wise analysis of projects,26,266
FR_200801_267,,,267,MUNDERWA-BABHNAN,,,RAILWAYS,2008-01,2006-04,,102.1,,102.1,0.0,,22.75,,,,,,,0,0,,,,MonthlyFR_jan_2008.pdf,Sector-Wise analysis of projects,26,267
FR_200801_268,,,268,NANGALDAM- TALWARA NEW LINE PROJECT,,,RAILWAYS,2008-01,1981-03,1985-05,37.68,,450.0,412.32,,144.47,,,,,,,0,0,,,,MonthlyFR_jan_2008.pdf,Sector-Wise analysis of projects,26,268
FR_200801_269,,,269,BHATNI-JIRADEI,,,RAILWAYS,2008-01,2006-04,,100.27,,100.27,0.0,,0.01,,,,,,,0,0,,,,MonthlyFR_jan_2008.pdf,Sector-Wise analysis of projects,26,269
FR_200801_270,,,270,Harnout-Seting up of Workshop to Undertake Periodical Over-,,,RAILWAYS,2008-01,2003-04,,98.74,,224.51,125.77,,35.42,,,,,,,0,0,,,,MonthlyFR_jan_2008.pdf,Sector-Wise analysis of projects,26,270
FR_200801_271,,,271,Podapahar-Banspani,,,RAILWAYS,2008-01,2006-04,,129.74,,138.01,8.27,,13.31,2006-03,,,,,,0,0,,,,MonthlyFR_jan_2008.pdf,Sector-Wise analysis of projects,26,271
FR_200801_272,,,272,SURENDRANAGAR- BHAVANAGAR,,,RAILWAYS,2008-01,1997-03,,437.4,,528.49,91.09,,341.48,2004-03,,,,,,0,0,,,,MonthlyFR_jan_2008.pdf,Sector-Wise analysis of projects,26,272
FR_200801_273,,,273,SURAT-KOSAMBA,,,RAILWAYS,2008-01,2000-04,,133.0,,133.0,0.0,,,,,,,,,0,0,,,,MonthlyFR_jan_2008.pdf,Sector-Wise analysis of projects,26,273
FR_200801_274,,,274,Gaelkera-Manoharpur,,,RAILWAYS,2008-01,1998-03,,186.92,,283.1,96.18,,1.84,2006-02,,,,,,0,0,,,,MonthlyFR_jan_2008.pdf,Sector-Wise analysis of projects,26,274
FR_200801_275,,,275,GUNA-ETAWAH via SHIVPURI-GWALIOR- BHIND,,,RAILWAYS,2008-01,1985-04,2001-01,158.77,274.56,400.0,241.23,125.44,392.97,1994-03,,,,,,0,0,,,,MonthlyFR_jan_2008.pdf,Sector-Wise analysis of projects,26,275
FR_200801_276,,,276,AMBALA-MORADABAD,,,RAILWAYS,2008-01,1993-03,,152.21,157.76,222.96,70.75,65.2,245.53,1998-03,,,,,,0,0,,,,MonthlyFR_jan_2008.pdf,Sector-Wise analysis of projects,26,276
FR_200801_277,,,277,Madurai-Dindigul,,,RAILWAYS,2008-01,2003-04,,73.19,,128.56,55.37,,81.8,,,,,,,0,0,,,,MonthlyFR_jan_2008.pdf,Sector-Wise analysis of projects,26,277
FR_200801_278,,,278,MANSI-PURNIA (Material Modification of Mansi- Saharsa),,,RAILWAYS,2008-01,1996-04,,114.01,283.95,162.39,48.38,-121.56,135.11,,,,,,,0,0,,,,MonthlyFR_jan_2008.pdf,Sector-Wise analysis of projects,26,278
FR_200801_279,,,279,"HUBLI-HAVERI KM.404- KM.340, NH-4 (KARNATAKA)",,,ROAD TRANSPORT & HIGHWAYS,2008-01,2000-04,,260.93,,260.93,0.0,,283.64,2003-12,,2008-02,50.0,,,0,0,,,,MonthlyFR_jan_2008.pdf,Sector-Wise analysis of projects,26,279
FR_200801_280,,,280,"HANDIA-VARANASI, KM.245-KM.317, NH-2 (U.P.)",,,ROAD TRANSPORT & HIGHWAYS,2008-01,2000-04,,286.0,,286.0,0.0,,310.96,2004-07,,2008-02,43.0,,,0,0,,,,MonthlyFR_jan_2008.pdf,Sector-Wise analysis of projects,26,280
FR_200801_281,,,281,"RAJKOT BYPASS- GONDAL JETPUR, KM.185-KM.175, NH-36 (GUJARAT)",,,ROAD TRANSPORT & HIGHWAYS,2008-01,2003-12,,265.0,,388.09,123.09,,324.83,2008-03,,2008-03,0.0,,,0,0,,,,MonthlyFR_jan_2008.pdf,Sector-Wise analysis of projects,27,281
FR_200801_282,,,282,"RADHANPUR- GAGODHAR-V, KM.138.8-KM.245.0, NH- 15 (GUJARAT)",,,ROAD TRANSPORT & HIGHWAYS,2008-01,2003-12,,429.4,,410.24,-19.16,,322.26,2005-02,,2008-03,37.0,,,0,0,,,,MonthlyFR_jan_2008.pdf,Sector-Wise analysis of projects,27,282
FR_200801_283,,,283,"CHITRADURGA-SIRA, KM.189-KM.122.3, NH-4 (KARNATAKA)",,,ROAD TRANSPORT & HIGHWAYS,2008-01,2000-04,,304.0,,304.0,0.0,,371.11,2004-08,,2008-03,43.0,,,0,0,,,,MonthlyFR_jan_2008.pdf,Sector-Wise analysis of projects,27,283
FR_200801_284,,,284,"ETAWAH-RAJPUR, KM.321.1-KM.393, NH-2 (U.P.)",,,ROAD TRANSPORT & HIGHWAYS,2008-01,2000-04,,348.44,,348.44,0.0,,391.42,2005-03,,2008-03,36.0,,,0,0,,,,MonthlyFR_jan_2008.pdf,Sector-Wise analysis of projects,27,284
FR_200801_285,,,285,"BHUBANESWAR- KHURDA, KM.388- KM.418, NH-5 (ORISSA)",,,ROAD TRANSPORT & HIGHWAYS,2008-01,2000-04,,140.85,,140.85,0.0,,139.31,2004-01,,2008-03,50.0,,,0,0,,,,MonthlyFR_jan_2008.pdf,Sector-Wise analysis of projects,27,285
FR_200801_286,,,286,"BRIDGES BALASORE- CHANDIKHOLE, KM.61- KM.199, NH-5 (ORISSA)",,,ROAD TRANSPORT & HIGHWAYS,2008-01,2000-04,,155.0,,155.0,0.0,,143.93,2004-05,,2008-03,46.0,,,0,0,,,,MonthlyFR_jan_2008.pdf,Sector-Wise analysis of projects,27,286
FR_200801_287,,,287,"DEESA-RADHANPUR, KM.372.6-KM.458.0, NH- 14 (GUJARAT)",,,ROAD TRANSPORT & HIGHWAYS,2008-01,2003-12,,399.89,,479.74,79.85,,344.56,2005-02,,2008-03,37.0,,,0,0,,,,MonthlyFR_jan_2008.pdf,Sector-Wise analysis of projects,27,287
FR_200801_288,,,288,"VARANASI-MOHANIA, KM.317-KM.329, NH-2 (U.P.)",,,ROAD TRANSPORT & HIGHWAYS,2008-01,2000-04,,467.93,,467.93,0.0,,424.7,2005-03,,2008-03,36.0,,,0,0,,,,MonthlyFR_jan_2008.pdf,Sector-Wise analysis of projects,27,288
FR_200801_289,,,289,"NANDHI HILLS- DEVANHALLI, KM.556- KM.539, NH-7 (KARNATAKA)",,,ROAD TRANSPORT & HIGHWAYS,2008-01,2000-04,,172.06,,172.06,0.0,,188.36,2004-03,,2008-03,48.0,,,0,0,,,,MonthlyFR_jan_2008.pdf,Sector-Wise analysis of projects,27,289
FR_200801_290,,,290,"IMPROVEMENT OF ACCESS OF GQ WITHIN CHENNAI CITY, KM.4, NH-4,",,,ROAD TRANSPORT & HIGHWAYS,2008-01,2005-01,,210.0,,210.0,0.0,,391.71,2007-04,,2008-03,11.0,,,0,0,,,,MonthlyFR_jan_2008.pdf,Sector-Wise analysis of projects,27,290
FR_200801_291,,,291,"KANPUR-FATEHPUR, KM.470-KM.483, NH-2 (U.P.)",,,ROAD TRANSPORT & HIGHWAYS,2008-01,2000-04,,495.35,,495.35,0.0,,618.07,2005-03,,2008-04,37.0,,1.0,0,0,,,,MonthlyFR_jan_2008.pdf,Sector-Wise analysis of projects,27,291
FR_200801_292,,,292,"DEVDHARI-KELAPUR, KM.123-KM.153, NH-7 (MAHARASHTRA)",,,ROAD TRANSPORT & HIGHWAYS,2008-01,2003-12,,144.0,,144.0,0.0,,41.11,2005-07,,2008-04,33.0,,,0,0,,,,MonthlyFR_jan_2008.pdf,Sector-Wise analysis of projects,27,292
FR_200801_293,,,293,"DEVDHARI-WADNER, KM.94-KM.123, NH-7 (MAHARASHTRA)",,,ROAD TRANSPORT & HIGHWAYS,2008-01,2003-12,,145.0,,145.0,0.0,,19.21,2005-07,,2008-04,33.0,,,0,0,,,,MonthlyFR_jan_2008.pdf,Sector-Wise analysis of projects,27,293
FR_200801_294,,,294,"SASARAM-DEHRI-ON- SONE, KM.110-KM.140, NH-2 (BIHAR)",,,ROAD TRANSPORT & HIGHWAYS,2008-01,2000-04,,221.87,,221.87,0.0,,226.63,2005-03,,2008-04,37.0,,,0,0,,,,MonthlyFR_jan_2008.pdf,Sector-Wise analysis of projects,27,294
FR_200801_295,,,295,"JAM-WADNER, KM.64- KM.94, NH-7 (MAHARASHTRA)",,,ROAD TRANSPORT & HIGHWAYS,2008-01,2003-12,,145.0,,145.0,0.0,,34.43,2005-07,,2008-04,33.0,,,0,0,,,,MonthlyFR_jan_2008.pdf,Sector-Wise analysis of projects,27,295
FR_200801_296,,,296,"SHIKOHABAD- ETAWAH, KM.250.5- KM.307.5, NH-2 (U.P.)",,,ROAD TRANSPORT & HIGHWAYS,2008-01,2000-04,,261.22,,261.22,0.0,,288.86,2005-03,,2008-04,37.0,,3.0,0,0,,,,MonthlyFR_jan_2008.pdf,Sector-Wise analysis of projects,27,296
FR_200801_297,,,297,"JAWAHABLAL NEHRU PORT PHASE-II, KM.14.35, NH-54 (MH)",,,ROAD TRANSPORT & HIGHWAYS,2008-01,2000-04,,143.0,,143.0,0.0,,120.27,2007-05,,2008-05,12.0,,,0,0,,,,MonthlyFR_jan_2008.pdf,Sector-Wise analysis of projects,27,297
FR_200801_298,,,298,"PARADIP PORT, KM.77, NH-5A (ORISSA)",,,ROAD TRANSPORT & HIGHWAYS,2008-01,2000-04,,428.0,,428.0,0.0,,345.79,2007-02,,2008-05,15.0,,4.0,0,0,,,,MonthlyFR_jan_2008.pdf,Sector-Wise analysis of projects,28,298
FR_200801_299,,,299,"RAJASTHAN/MP BORDER-KOTA, KM.579-KM.509, NH-76 (RAJASTHAN)",,,ROAD TRANSPORT & HIGHWAYS,2008-01,2003-12,,311.35,,349.59,38.24,,194.41,2008-03,,2008-06,3.0,,3.0,0,0,,,,MonthlyFR_jan_2008.pdf,Sector-Wise analysis of projects,28,299
FR_200801_300,,,300,"CHITTORGARH BYPASS(RJ-6) NH-76 KM.159- 213, NH-79,76",,,ROAD TRANSPORT & HIGHWAYS,2008-01,2005-03,,133.03,,133.03,0.0,,161.9,2005-08,,2008-06,34.0,,,0,0,,,,MonthlyFR_jan_2008.pdf,Sector-Wise analysis of projects,28,300
FR_200801_301,,,301,"MADURAI- KANYAKUMARI, KM.120-KM.160, NH-7 (TAMIL NADU)",,,ROAD TRANSPORT & HIGHWAYS,2008-01,2003-12,,507.49,,507.49,0.0,,167.04,2008-03,,2008-06,3.0,,,0,0,,,,MonthlyFR_jan_2008.pdf,Sector-Wise analysis of projects,28,301
FR_200801_302,,,302,"SHIVPURI BYPASS & UPTO MP/RJ BORDER, KM.53, NH-25 & 76, MP",,,ROAD TRANSPORT & HIGHWAYS,2008-01,2003-12,,360.34,,360.34,0.0,,256.71,2008-02,,2008-06,4.0,,4.0,0,0,,,,MonthlyFR_jan_2008.pdf,Sector-Wise analysis of projects,28,302
FR_200801_303,,,303,"KUNJWANI-VIJAYPUR, KM.80-KM.97, NH-1A (JAMMU & KASHMIR)",,,ROAD TRANSPORT & HIGHWAYS,2008-01,2000-04,,110.0,,110.0,0.0,,108.95,2004-12,,2008-06,42.0,,,0,0,,,,MonthlyFR_jan_2008.pdf,Sector-Wise analysis of projects,28,303
FR_200801_304,,,304,"BORKHEDI-JAM, KM.36.6-KM.64.0, NH-7 (MAHARASHTRA)",,,ROAD TRANSPORT & HIGHWAYS,2008-01,2003-12,,110.0,,110.0,0.0,,45.62,2005-06,,2008-06,36.0,,,0,0,,,,MonthlyFR_jan_2008.pdf,Sector-Wise analysis of projects,28,304
FR_200801_305,,,305,"PURNEA-GOYAKOTA, KM.419-KM.447, NH-31 (BIHAR)",,,ROAD TRANSPORT & HIGHWAYS,2008-01,2000-04,,205.73,,205.73,0.0,,168.26,2004-07,,2008-06,47.0,,3.0,0,0,,,,MonthlyFR_jan_2008.pdf,Sector-Wise analysis of projects,28,305
FR_200801_306,,,306,"LUCKNOW-BYPASS, NH-25 & NH-28 (UTTAR PRADESH)",,,ROAD TRANSPORT & HIGHWAYS,2008-01,2000-04,,182.52,,185.52,3.0,,253.09,2004-06,,2008-06,48.0,,,0,0,,,,MonthlyFR_jan_2008.pdf,Sector-Wise analysis of projects,28,306
FR_200801_307,,,307,"GARHMUKTESHWAR- MURADABAD, KM.93- 149.25, NH-24 (U.P.)",,,ROAD TRANSPORT & HIGHWAYS,2008-01,2000-04,,275.0,,275.0,0.0,,149.77,2007-09,,2008-06,9.0,,,0,0,,,,MonthlyFR_jan_2008.pdf,Sector-Wise analysis of projects,28,307
FR_200801_308,,,308,"NEW MANGLORE PORT, KM.37, NH-17 & 48 (KARNATAKA)",,,ROAD TRANSPORT & HIGHWAYS,2008-01,2000-04,,196.5,,196.5,0.0,,36.52,2008-06,,2008-06,0.0,,,0,0,,,,MonthlyFR_jan_2008.pdf,Sector-Wise analysis of projects,28,308
FR_200801_309,,,309,"ETAWAH BYPASS, KM.307.5-KM.321.1, NH- 2 (U.P.)",,,ROAD TRANSPORT & HIGHWAYS,2008-01,2000-04,,89.5,,132.18,42.68,,155.64,2003-10,,2008-06,56.0,,4.0,0,0,,,,MonthlyFR_jan_2008.pdf,Sector-Wise analysis of projects,28,309
FR_200801_310,,,310,"ALLAHABAD BYPASS CONTRACT-III, KM.198- KM.242.71, NH-2 (U.P.)",,,ROAD TRANSPORT & HIGHWAYS,2008-01,2000-04,,534.39,,534.39,0.0,,426.75,2007-05,,2008-06,13.0,,,0,0,,,,MonthlyFR_jan_2008.pdf,Sector-Wise analysis of projects,28,310
FR_200801_311,,,311,"ALLAHABAD BYPASS CONTRACT-II, KM.158- KM.198, NH-2 (U.P.)",,,ROAD TRANSPORT & HIGHWAYS,2008-01,2000-04,,440.93,,440.93,0.0,,432.15,2006-12,,2008-06,18.0,,3.0,0,0,,,,MonthlyFR_jan_2008.pdf,Sector-Wise analysis of projects,28,311
FR_200801_312,,,312,"AGRA-SHIKOHABAD, KM.200-KM.250.50, NH-2 (U.P.)",,,ROAD TRANSPORT & HIGHWAYS,2008-01,2000-04,,367.49,,367.49,0.0,,397.83,2005-03,,2008-07,40.0,,6.0,0,0,,,,MonthlyFR_jan_2008.pdf,Sector-Wise analysis of projects,28,312
FR_200801_313,,,313,"SIX LANING OF BANGLORE-HOSUR, KM.18.75-KM.33.51, NH- 7 (KAR.)",,,ROAD TRANSPORT & HIGHWAYS,2008-01,2005-03,,110.0,,110.0,0.0,,21.45,2008-07,,2008-07,0.0,,,0,0,,,,MonthlyFR_jan_2008.pdf,Sector-Wise analysis of projects,28,313
FR_200801_314,,,314,ELEVATED HIGHWAY FROM SILK BOARD JUNCTION TO ELECTRONIC CITY,,,ROAD TRANSPORT & HIGHWAYS,2008-01,2005-03,,450.0,,450.0,0.0,,494.8,2008-07,,2008-07,0.0,,,0,0,,,,MonthlyFR_jan_2008.pdf,Sector-Wise analysis of projects,28,314
FR_200801_315,,,315,"PURNEA-FORBESGANJ, KM.268-KM.230, NH-57 (BIHAR)",,,ROAD TRANSPORT & HIGHWAYS,2008-01,2003-12,,310.0,,310.0,0.0,,120.2,2008-04,,2008-08,4.0,,,0,0,,,,MonthlyFR_jan_2008.pdf,Sector-Wise analysis of projects,29,315
FR_200801_316,,,316,"PURNEA-FORBESGANJ, KM.309-KM.268, NH-57 (BIHAR)",,,ROAD TRANSPORT & HIGHWAYS,2008-01,2003-12,,276.0,,276.0,0.0,,123.48,2008-04,,2008-08,4.0,,,0,0,,,,MonthlyFR_jan_2008.pdf,Sector-Wise analysis of projects,29,316
FR_200801_317,,,317,"GORHAR-BARWA ADDA, KM.320- KM.398.75, NH-2 (JHARKHAND)",,,ROAD TRANSPORT & HIGHWAYS,2008-01,2000-04,,399.75,,399.75,0.0,,322.72,2005-03,,2008-09,42.0,,6.0,0,0,,,,MonthlyFR_jan_2008.pdf,Sector-Wise analysis of projects,29,317
FR_200801_318,,,318,"KOTA-CHITTORGARH, KM.381-KM.316, NH-76 (RAJASTHAN)",,,ROAD TRANSPORT & HIGHWAYS,2008-01,2003-12,,446.4,,528.44,82.04,,211.08,2008-04,,2008-09,5.0,,,0,0,,,,MonthlyFR_jan_2008.pdf,Sector-Wise analysis of projects,29,318
FR_200801_319,,,319,"CHITTORGARH BYPASS, KM.253- KM.213, NH-76 (RAJASTHAN)",,,ROAD TRANSPORT & HIGHWAYS,2008-01,2003-12,,384.25,,447.9,63.65,,203.99,2008-04,,2008-09,5.0,,3.0,0,0,,,,MonthlyFR_jan_2008.pdf,Sector-Wise analysis of projects,29,319
FR_200801_320,,,320,"PANIPAT ELEVATED HIGHWAY, KM.96- KM.86 (HARYANA)",,,ROAD TRANSPORT & HIGHWAYS,2008-01,2003-12,,270.0,,270.0,0.0,,295.3,2009-01,,2008-09,-4.0,,,0,0,,,,MonthlyFR_jan_2008.pdf,Sector-Wise analysis of projects,29,320
FR_200801_321,,,321,"GOGUNDA-UDAIPUR, KM.104-KM.73, NH-76 (RAJASTHAN)",,,ROAD TRANSPORT & HIGHWAYS,2008-01,2003-12,,266.0,,288.06,22.06,,205.02,2007-08,,2008-09,13.0,,2.0,0,0,,,,MonthlyFR_jan_2008.pdf,Sector-Wise analysis of projects,29,321
FR_200801_322,,,322,"KOTA-CHITTORGARH, KM.316-KM.253, NH-76 (RAJASTHAN)",,,ROAD TRANSPORT & HIGHWAYS,2008-01,2003-12,,440.5,,503.66,63.16,,251.03,2008-04,,2008-09,5.0,,3.0,0,0,,,,MonthlyFR_jan_2008.pdf,Sector-Wise analysis of projects,29,322
FR_200801_323,,,323,"GARAMORE- BAMANBORE, KM.254- KM.182.60, NH-8A (GUJARAT)",,,ROAD TRANSPORT & HIGHWAYS,2008-01,2003-12,,360.7,,380.7,20.0,,244.27,2007-11,,2008-09,10.0,,3.0,0,0,,,,MonthlyFR_jan_2008.pdf,Sector-Wise analysis of projects,29,323
FR_200801_324,,,324,"CHITRADURGA BY PASS, KM.207-KM.189 (NH-4)",,,ROAD TRANSPORT & HIGHWAYS,2008-01,2000-04,,104.0,,104.0,0.0,,85.34,2004-08,,2008-09,49.0,,,0,0,,,,MonthlyFR_jan_2008.pdf,Sector-Wise analysis of projects,29,324
FR_200801_325,,,325,"TIRUNELVEI- PANAGUDI, KM.160- KM.203, NH-7 (TAMIL NADU)",,,ROAD TRANSPORT & HIGHWAYS,2008-01,2003-12,,423.54,,423.54,0.0,,101.16,2008-03,,2008-09,6.0,,,0,0,,,,MonthlyFR_jan_2008.pdf,Sector-Wise analysis of projects,29,325
FR_200801_326,,,326,"JETPUR-BHILADI, KM.117-KM.52.50, NH-8B (GUJARAT)",,,ROAD TRANSPORT & HIGHWAYS,2008-01,2003-12,,399.89,,508.5,108.61,,260.38,2007-11,,2008-09,10.0,,3.0,0,0,,,,MonthlyFR_jan_2008.pdf,Sector-Wise analysis of projects,29,326
FR_200801_327,,,327,"MADURAI- KANYAKUMARI, KM.42-KM.80, NH-7 (TAMIL NADU)",,,ROAD TRANSPORT & HIGHWAYS,2008-01,2003-12,,474.21,,474.21,0.0,,120.42,2008-03,,2008-10,7.0,,,0,0,,,,MonthlyFR_jan_2008.pdf,Sector-Wise analysis of projects,29,327
FR_200801_328,,,328,"MADURAI- TIRUNELVELI, KM.0- KM.42, NH-7 (TAMIL NADU)",,,ROAD TRANSPORT & HIGHWAYS,2008-01,2003-12,,567.38,,567.38,0.0,,172.38,2008-03,,2008-10,7.0,,,0,0,,,,MonthlyFR_jan_2008.pdf,Sector-Wise analysis of projects,29,328
FR_200801_329,,,329,"AYODHYA-LUCKNOW, KM.45-KM.8.250, NH-28 (UTTAR PRADESH)",,,ROAD TRANSPORT & HIGHWAYS,2008-01,2003-12,,193.0,,193.0,0.0,,120.64,2008-10,,2008-10,0.0,,,0,0,,,,MonthlyFR_jan_2008.pdf,Sector-Wise analysis of projects,29,329
FR_200801_330,,,330,"AYODHYA-LUCKNOW, KM.93.075-KM.45, NH-28 (UTTAR PRADESH)",,,ROAD TRANSPORT & HIGHWAYS,2008-01,2003-12,,217.0,,217.0,0.0,,131.81,2008-10,,2008-10,0.0,,,0,0,,,,MonthlyFR_jan_2008.pdf,Sector-Wise analysis of projects,29,330
FR_200801_331,,,331,PANIPAT-PANCHI,,,ROAD TRANSPORT & HIGHWAYS,2008-01,2003-12,,109.0,,,0.0,,21.94,2008-10,,,0.0,,,0,0,,,,MonthlyFR_jan_2008.pdf,Sector-Wise analysis of projects,29,331
FR_200801_332,,,332,"SILIGURI-ISLAMPUR, KM.551-KM.526, NH-31 (WEST BENGAL)",,,ROAD TRANSPORT & HIGHWAYS,2008-01,2003-12,,155.0,,155.0,0.0,,120.14,2008-10,,2008-10,0.0,,,0,0,,,,MonthlyFR_jan_2008.pdf,Sector-Wise analysis of projects,30,332
FR_200801_333,,,333,"LALITPUR-SAGAR (2), KM.132-KM.187, NH-26 (M.P.)",,,ROAD TRANSPORT & HIGHWAYS,2008-01,2003-12,,225.0,,225.0,0.0,,50.21,2008-10,,2008-10,0.0,,,0,0,,,,MonthlyFR_jan_2008.pdf,Sector-Wise analysis of projects,30,333
FR_200801_334,,,334,"SAGAR-RAJMARG CHORAHA, KM.255- KM.297, NH-26 (M.P.)",,,ROAD TRANSPORT & HIGHWAYS,2008-01,2003-12,,206.96,,206.96,0.0,,51.79,2008-10,,2008-10,0.0,,,0,0,,,,MonthlyFR_jan_2008.pdf,Sector-Wise analysis of projects,30,334
FR_200801_335,,,335,"MADURAI - KANYAKUMARI, KM.80-KM.120, NH-7 (TAMIL NADU)",,,ROAD TRANSPORT & HIGHWAYS,2008-01,2003-12,,323.36,,323.36,0.0,,85.37,2008-03,,2008-10,7.0,,,0,0,,,,MonthlyFR_jan_2008.pdf,Sector-Wise analysis of projects,30,335
FR_200801_336,,,336,"RAJMARG CHORAHA- LAKHNANDON, KM.297-KM.351, NH-26 (M.P.)",,,ROAD TRANSPORT & HIGHWAYS,2008-01,2003-12,,251.03,,251.03,0.0,,21.15,2008-10,,2008-10,0.0,,,0,0,,,,MonthlyFR_jan_2008.pdf,Sector-Wise analysis of projects,30,336
FR_200801_337,,,337,"SAGAR-RAJMARG CHORAHA, KM.211- KM.255, NH-26 (M.P.)",,,ROAD TRANSPORT & HIGHWAYS,2008-01,2003-12,,203.43,,203.43,0.0,,29.7,2008-10,,2008-10,0.0,,,0,0,,,,MonthlyFR_jan_2008.pdf,Sector-Wise analysis of projects,30,337
FR_200801_338,,,338,"RAJMARG CHORAHA- LAKHNANDON, KM.351-KM.405.7, NH-26",,,ROAD TRANSPORT & HIGHWAYS,2008-01,2003-12,,229.91,,229.91,0.0,,10.21,2008-10,,2008-10,0.0,,,0,0,,,,MonthlyFR_jan_2008.pdf,Sector-Wise analysis of projects,30,338
FR_200801_339,,,339,"GORAKHPUR- AYODHYA, KM.251.70- KM.208.00, NH-28 (U.P.)",,,ROAD TRANSPORT & HIGHWAYS,2008-01,2003-12,,239.0,,239.0,0.0,,122.72,2008-10,,2008-10,0.0,,,0,0,,,,MonthlyFR_jan_2008.pdf,Sector-Wise analysis of projects,30,339
FR_200801_340,,,340,"CHENNAI BYPASS, KM.32, NH-4, 5, & 45 (TAMIL NADU)",,,ROAD TRANSPORT & HIGHWAYS,2008-01,2003-12,,480.0,,480.0,0.0,,498.53,2007-11,,2008-10,11.0,,3.0,0,0,,,,MonthlyFR_jan_2008.pdf,Sector-Wise analysis of projects,30,340
FR_200801_341,,,341,"SAGAR BY PASS, KM.187-KM.211, NH-26 (M.P.)",,,ROAD TRANSPORT & HIGHWAYS,2008-01,2003-12,,151.3,,151.3,0.0,,26.86,2008-10,,2008-10,0.0,,,0,0,,,,MonthlyFR_jan_2008.pdf,Sector-Wise analysis of projects,30,341
FR_200801_342,,,342,"GORAKHPUR- AYODHYA, KM.208- KM.164, NH-28 (UTTAR PRADESH)",,,ROAD TRANSPORT & HIGHWAYS,2008-01,2003-12,,227.0,,227.0,0.0,,72.16,2008-10,,2008-10,0.0,,,0,0,,,,MonthlyFR_jan_2008.pdf,Sector-Wise analysis of projects,30,342
FR_200801_343,,,343,"AMBALA-ZIRAKPUR, KM.5/735-KM.39/961, NH-21 & 22, (HARYANA)",,,ROAD TRANSPORT & HIGHWAYS,2008-01,2005-03,,298.0,,298.0,0.0,,363.46,2008-11,,2008-11,0.0,,,0,0,,,,MonthlyFR_jan_2008.pdf,Sector-Wise analysis of projects,30,343
FR_200801_344,,,344,"GORAKHPUR- AYODHYA, KM.164- KM.135, NH-28 (U.P.)",,,ROAD TRANSPORT & HIGHWAYS,2008-01,2003-12,,205.0,,205.0,0.0,,128.88,2008-10,,2008-11,1.0,,,0,0,,,,MonthlyFR_jan_2008.pdf,Sector-Wise analysis of projects,30,344
FR_200801_345,,,345,"ASSAM/WEST BENGAL BORDER-GAIRKATTA, KM.255-KM.223, NH-31",,,ROAD TRANSPORT & HIGHWAYS,2008-01,2003-12,,221.82,,221.82,0.0,,52.28,2008-11,,2008-11,0.0,,,0,0,,,,MonthlyFR_jan_2008.pdf,Sector-Wise analysis of projects,30,345
FR_200801_346,,,346,"MAILBANG-LUNDING, KM.111.00-KM.126.45, NH-54 (ASSAM)",,,ROAD TRANSPORT & HIGHWAYS,2008-01,2003-12,,155.04,,155.04,0.0,,12.76,2008-11,,2008-11,0.0,,,0,0,,,,MonthlyFR_jan_2008.pdf,Sector-Wise analysis of projects,30,346
FR_200801_347,,,347,"KELAPUR- PIMPALKATTI, KM.153- KM.175, NH-7 (MAHARASHTRA)",,,ROAD TRANSPORT & HIGHWAYS,2008-01,2003-12,,117.4,,117.4,0.0,,15.66,2008-11,,2008-11,0.0,,,0,0,,,,MonthlyFR_jan_2008.pdf,Sector-Wise analysis of projects,30,347
FR_200801_348,,,348,"AYODHYA-LUCKNOW,",,,ROAD TRANSPORT & HIGHWAYS,2008-01,2003-12,,212.0,,,0.0,,143.72,2008-10,,,1.0,,,0,0,,,,MonthlyFR_jan_2008.pdf,Sector-Wise analysis of projects,30,348
FR_200801_349,,,349,"LALITPUR-SAGAR (1), KM.94-KM.132, NH-26 (M.P.)",,,ROAD TRANSPORT & HIGHWAYS,2008-01,2003-12,,198.0,,198.0,0.0,,10.98,2008-11,,2008-11,0.0,,,0,0,,,,MonthlyFR_jan_2008.pdf,Sector-Wise analysis of projects,31,349
FR_200801_350,,,350,"MAILBANG-LUNDING, KM.60.50-KM.83.40, NH- 54 (ASSAM)",,,ROAD TRANSPORT & HIGHWAYS,2008-01,2003-12,,167.64,,167.64,0.0,,13.13,2008-11,,2008-11,0.0,,,0,0,,,,MonthlyFR_jan_2008.pdf,Sector-Wise analysis of projects,31,350
FR_200801_351,,,351,"SALEM-KARUR, KM.258.645-KM.292.60, NH-7 (TAMIL NADU)",,,ROAD TRANSPORT & HIGHWAYS,2008-01,2003-12,,205.6,,205.6,0.0,,75.92,2008-08,,2008-11,3.0,,,0,0,,,,MonthlyFR_jan_2008.pdf,Sector-Wise analysis of projects,31,351
FR_200801_352,,,352,"GANJAM- ICCHAPURAM, KM.233- KM.284, NH-5 (ORISSA)",,,ROAD TRANSPORT & HIGHWAYS,2008-01,2000-04,,263.27,,263.27,0.0,,133.12,2004-02,,2008-11,57.0,,,0,0,,,,MonthlyFR_jan_2008.pdf,Sector-Wise analysis of projects,31,352
FR_200801_353,,,353,"SIMRAHI-RINGBUND, KM.190-KM.165, NH-57 (BIHAR)",,,ROAD TRANSPORT & HIGHWAYS,2008-01,2003-12,,100.5,,100.5,0.0,,37.37,2008-04,,2008-12,8.0,,,0,0,,,,MonthlyFR_jan_2008.pdf,Sector-Wise analysis of projects,31,353
FR_200801_354,,,354,"NALBARI-BIJNI, KM.1013-KM.983, NH-31 (ASSAM)",,,ROAD TRANSPORT & HIGHWAYS,2008-01,2003-12,,200.0,,200.0,0.0,,33.93,2008-06,,2008-12,6.0,,,0,0,,,,MonthlyFR_jan_2008.pdf,Sector-Wise analysis of projects,31,354
FR_200801_355,,,355,"SILIGURI-ISLAMPUR, KM.526-KM.500, NH- 31(WEST BENGAL)",,,ROAD TRANSPORT & HIGHWAYS,2008-01,2003-12,,225.0,,225.0,0.0,,37.9,2008-07,,2008-12,5.0,,,0,0,,,,MonthlyFR_jan_2008.pdf,Sector-Wise analysis of projects,31,355
FR_200801_356,,,356,"VIJAYAPUR- PATHANKOT, KM.50- KM.80, NH1A (JAMMU & KASHMIR)",,,ROAD TRANSPORT & HIGHWAYS,2008-01,2003-12,,166.27,,166.27,0.0,,42.86,2008-03,,2008-12,9.0,,,0,0,,,,MonthlyFR_jan_2008.pdf,Sector-Wise analysis of projects,31,356
FR_200801_357,,,357,"KASIA-GORAKHPUR, KM.319.8-KM.279.8, NH- 28 (UTTAR PRADESH)",,,ROAD TRANSPORT & HIGHWAYS,2008-01,2003-12,,242.0,,242.0,0.0,,141.68,2008-12,,2008-12,0.0,,,0,0,,,,MonthlyFR_jan_2008.pdf,Sector-Wise analysis of projects,31,357
FR_200801_358,,,358,"NALBARI-BIJNI, KM.1065-KM.1040.3, NH- 31 (ASSAM)",,,ROAD TRANSPORT & HIGHWAYS,2008-01,2003-12,,225.0,,225.0,0.0,,40.26,2008-06,,2008-12,6.0,,,0,0,,,,MonthlyFR_jan_2008.pdf,Sector-Wise analysis of projects,31,358
FR_200801_359,,,359,"GUWAHATI-NALBARI, KM.1093-KM.1065, NH- 31 (ASSAM)",,,ROAD TRANSPORT & HIGHWAYS,2008-01,2003-12,,198.16,,198.16,0.0,,28.8,2008-04,,2008-12,8.0,,,0,0,,,,MonthlyFR_jan_2008.pdf,Sector-Wise analysis of projects,31,359
FR_200801_360,,,360,"KRISHNAGIRI- THOPURGHAT, KM.94- KM.156, NH-7 (TAMIL NADU)",,,ROAD TRANSPORT & HIGHWAYS,2008-01,2003-12,,372.7,,372.7,0.0,,254.64,2008-12,,2008-12,0.0,,,0,0,,,,MonthlyFR_jan_2008.pdf,Sector-Wise analysis of projects,31,360
FR_200801_361,,,361,"DARBHANGA- MUZAFFARPUR, KM 30- KM 0, NH-57 (BIHAR)",,,ROAD TRANSPORT & HIGHWAYS,2008-01,2003-12,,291.8,,291.8,0.0,,105.74,2008-06,,2008-12,6.0,,,0,0,,,,MonthlyFR_jan_2008.pdf,Sector-Wise analysis of projects,31,361
FR_200801_362,,,362,"NALBARI-BIJNI, KM.983-KM.961.5, NH-31 (ASSAM)",,,ROAD TRANSPORT & HIGHWAYS,2008-01,2003-12,,142.0,,142.0,0.0,,21.23,2008-06,,2008-12,6.0,,,0,0,,,,MonthlyFR_jan_2008.pdf,Sector-Wise analysis of projects,31,362
FR_200801_363,,,363,"UP/BIHAR BORDER- KASIA, KM.360.915- KM.319.8, NH-28, (U.P.)",,,ROAD TRANSPORT & HIGHWAYS,2008-01,2003-12,,227.0,,227.0,0.0,,95.73,2008-12,,2008-12,0.0,,,0,0,,,,MonthlyFR_jan_2008.pdf,Sector-Wise analysis of projects,31,363
FR_200801_364,,,364,"PATHANKOT- BHOGPUR, KM.26- KM.70, NH-1A (PUNJAB)",,,ROAD TRANSPORT & HIGHWAYS,2008-01,2003-12,,284.0,,284.0,0.0,,112.78,2008-05,,2008-12,7.0,,,0,0,,,,MonthlyFR_jan_2008.pdf,Sector-Wise analysis of projects,31,364
FR_200801_365,,,365,"JHANSI-SHIVPURI, KM.91-KM.50, NH-25 (MADHYA PRADESH)",,,ROAD TRANSPORT & HIGHWAYS,2008-01,2003-12,,220.31,,220.31,0.0,,87.61,2008-05,,2008-12,7.0,,6.0,0,0,,,,MonthlyFR_jan_2008.pdf,Sector-Wise analysis of projects,31,365
FR_200801_366,,,366,"DHARAMTUL- SONAPUR, KM.205- KM.183, NH-31 (ASSAM)",,,ROAD TRANSPORT & HIGHWAYS,2008-01,2003-12,,160.0,,160.0,0.0,,20.34,2008-05,,2008-12,7.0,,,0,0,,,,MonthlyFR_jan_2008.pdf,Sector-Wise analysis of projects,32,366
FR_200801_367,,,367,"TOVARAMKURCHI- MADURAI, KM.60.95- KM.124.84 (T.N.)",,,ROAD TRANSPORT & HIGHWAYS,2008-01,2003-12,,263.0,,263.0,0.0,,141.92,2008-08,,2008-12,4.0,,,0,0,,,,MonthlyFR_jan_2008.pdf,Sector-Wise analysis of projects,32,367
FR_200801_368,,,368,"RINGBUNDS- JHANJHARPUR, KM.155- KM.110, NH-57 (BIHAR)",,,ROAD TRANSPORT & HIGHWAYS,2008-01,2003-12,,340.0,,340.0,0.0,,124.17,2008-06,,2008-12,6.0,,,0,0,,,,MonthlyFR_jan_2008.pdf,Sector-Wise analysis of projects,32,368
FR_200801_369,,,369,"PATHANKOT-BHOGPUR , KM.70-KM.110, NH-1A (PUNJAB)",,,ROAD TRANSPORT & HIGHWAYS,2008-01,2003-12,,229.0,,229.0,0.0,,58.49,2008-05,,2008-12,7.0,,,0,0,,,,MonthlyFR_jan_2008.pdf,Sector-Wise analysis of projects,32,369
FR_200801_370,,,370,"SWAROOPGANJ- BAKARIA, KM.29-KM.0 & KM.264-KM.249.7, NH- 76&14",,,ROAD TRANSPORT & HIGHWAYS,2008-01,2003-12,,220.0,,243.11,23.11,,127.95,2008-04,,2008-12,8.0,,6.0,0,0,,,,MonthlyFR_jan_2008.pdf,Sector-Wise analysis of projects,32,370
FR_200801_371,,,371,"BALASORE-BHADRAK, KM.136.5-KM.199.14, NH-5 (ORISSA)",,,ROAD TRANSPORT & HIGHWAYS,2008-01,2000-04,,227.25,,227.25,0.0,,192.36,2004-02,,2008-12,58.0,,,0,0,,,,MonthlyFR_jan_2008.pdf,Sector-Wise analysis of projects,32,371
FR_200801_372,,,372,"RAJASTHAN/MP BORDER-KOTA, KM.509-KM.449.15, NH- 76",,,ROAD TRANSPORT & HIGHWAYS,2008-01,2003-12,,378.22,,430.21,51.99,,188.99,2008-04,,2008-12,8.0,,,0,0,,,,MonthlyFR_jan_2008.pdf,Sector-Wise analysis of projects,32,372
FR_200801_373,,,373,"JHANSI-SIVPURI, KM.50-KM.15, NH-25 (M.P.)",,,ROAD TRANSPORT & HIGHWAYS,2008-01,2003-12,,213.69,,213.69,0.0,,113.5,2008-02,,2008-12,10.0,,6.0,0,0,,,,MonthlyFR_jan_2008.pdf,Sector-Wise analysis of projects,32,373
FR_200801_374,,,374,"TINDIVANAM- UIUNDURPET, KM.121- KM.192.25, NH-45 (T.N.)",,,ROAD TRANSPORT & HIGHWAYS,2008-01,2003-12,,480.0,,480.0,0.0,,377.07,2009-03,,2008-12,-3.0,,,0,0,,,,MonthlyFR_jan_2008.pdf,Sector-Wise analysis of projects,32,374
FR_200801_375,,,375,"NAGPUR-KONDHALI, KM.9.2-KM.50, NH-6 (MAHARASHTRA)",,,ROAD TRANSPORT & HIGHWAYS,2008-01,2005-03,,168.0,,168.0,0.0,,129.14,2008-12,,2008-12,0.0,,,0,0,,,,MonthlyFR_jan_2008.pdf,Sector-Wise analysis of projects,32,375
FR_200801_376,,,376,"BIJNI-ASSAM /WEST BENGAL.BORDER, KM.93-KM.60, NH-31C",,,ROAD TRANSPORT & HIGHWAYS,2008-01,2003-12,,237.8,,237.8,0.0,,37.24,2008-06,,2008-12,6.0,,,0,0,,,,MonthlyFR_jan_2008.pdf,Sector-Wise analysis of projects,32,376
FR_200801_377,,,377,"FORBESGANJ-SIMRAHI, KM.230-KM.190, NH-57 (BIHAR)",,,ROAD TRANSPORT & HIGHWAYS,2008-01,2003-12,,332.94,,332.94,0.0,,68.19,2008-09,,2008-12,3.0,,,0,0,,,,MonthlyFR_jan_2008.pdf,Sector-Wise analysis of projects,32,377
FR_200801_378,,,378,"DARBHANGA- MUZAFFARPUR, KM.70- KM.30, NH-57, (BIHAR)",,,ROAD TRANSPORT & HIGHWAYS,2008-01,2003-12,,305.0,,305.0,0.0,,114.88,2008-06,,2008-12,6.0,,,0,0,,,,MonthlyFR_jan_2008.pdf,Sector-Wise analysis of projects,32,378
FR_200801_379,,,379,"FATEHPUR-KHAGA, KM.38-KM.115, NH-2 (U.P.)",,,ROAD TRANSPORT & HIGHWAYS,2008-01,2000-04,,372.4,,372.4,0.0,,324.43,2004-07,,2008-12,53.0,,6.0,0,0,,,,MonthlyFR_jan_2008.pdf,Sector-Wise analysis of projects,32,379
FR_200801_380,,,380,"KARUR-MADURAI, KM.305.6-KM.373.28, NH-7 (TAMIL NADU)",,,ROAD TRANSPORT & HIGHWAYS,2008-01,2003-12,,327.2,,327.2,0.0,,89.5,2009-01,,2008-12,-1.0,,,0,0,,,,MonthlyFR_jan_2008.pdf,Sector-Wise analysis of projects,32,380
FR_200801_381,,,381,"SALEM-KERALA BORDER, KM.203.96- KM.53, NH-47 (TAMIL NADU)",,,ROAD TRANSPORT & HIGHWAYS,2008-01,2003-12,,469.8,,469.8,0.0,,81.23,2008-12,,2008-12,0.0,,,0,0,,,,MonthlyFR_jan_2008.pdf,Sector-Wise analysis of projects,32,381
FR_200801_382,,,382,"SALEM-KERALA BORDER, KM.53- KM.100, NH-97 (TAMIL NADU)",,,ROAD TRANSPORT & HIGHWAYS,2008-01,2003-12,,379.8,,379.8,0.0,,103.9,2008-12,,2008-12,0.0,,,0,0,,,,MonthlyFR_jan_2008.pdf,Sector-Wise analysis of projects,32,382
FR_200801_383,,,383,"PADALUR-TRICHY, KM.285-KM.325, NH-45 (T.N.I)",,,ROAD TRANSPORT & HIGHWAYS,2008-01,2003-12,,320.0,,320.0,0.0,,192.27,2009-05,,2008-12,-5.0,,,0,0,,,,MonthlyFR_jan_2008.pdf,Sector-Wise analysis of projects,33,383
FR_200801_384,,,384,"UIUNDURPET- PADALUR, KM.192.25- KM.285, NH-45 (T.N.)",,,ROAD TRANSPORT & HIGHWAYS,2008-01,2003-12,,460.0,,460.0,0.0,,323.84,2009-06,,2008-12,-6.0,,,0,0,,,,MonthlyFR_jan_2008.pdf,Sector-Wise analysis of projects,33,384
FR_200801_385,,,385,"SONAPUR-GUWAHATI, KM.183-KM.163.895, NH- 37 (ASSAM)",,,ROAD TRANSPORT & HIGHWAYS,2008-01,2003-12,,245.0,,245.0,0.0,,78.95,2008-03,,2008-12,9.0,,,0,0,,,,MonthlyFR_jan_2008.pdf,Sector-Wise analysis of projects,33,385
FR_200801_386,,,386,"NAGAON-DHARAMTUL KM.255-KM.230, NH-37 (ASSAM)",,,ROAD TRANSPORT & HIGHWAYS,2008-01,2003-12,,264.72,,264.72,0.0,,9.83,2008-06,,2008-12,6.0,,,0,0,,,,MonthlyFR_jan_2008.pdf,Sector-Wise analysis of projects,33,386
FR_200801_387,,,387,"KARUR-MADURAI, KM.373.275-KM.426.60, NH-7 (TAMIL NADU)",,,ROAD TRANSPORT & HIGHWAYS,2008-01,2003-12,,283.5,,283.5,0.0,,98.13,2008-12,,2008-12,0.0,,,0,0,,,,MonthlyFR_jan_2008.pdf,Sector-Wise analysis of projects,33,387
FR_200801_388,,,388,"HAPUR- GARHMUKTESWAR, KM.58-KM.93, NH-24 (U.P.)",,,ROAD TRANSPORT & HIGHWAYS,2008-01,2000-04,,220.0,,220.0,0.0,,58.58,2007-09,,2008-12,15.0,,,0,0,,,,MonthlyFR_jan_2008.pdf,Sector-Wise analysis of projects,33,388
FR_200801_389,,,389,"BIJNI-ASSAM/WB BORDER, KM.30.0- KM.0.0, NH-31C (ASSAM)",,,ROAD TRANSPORT & HIGHWAYS,2008-01,2003-12,,230.0,,230.0,0.0,,40.01,2005-06,,2008-12,42.0,,,0,0,,,,MonthlyFR_jan_2008.pdf,Sector-Wise analysis of projects,33,389
FR_200801_390,,,390,"DHULE-PIMPALGAON, KM.380-KM.265, NH-3 (MAHARASHTRA)",,,ROAD TRANSPORT & HIGHWAYS,2008-01,2005-03,,556.0,,556.0,0.0,,395.0,2009-03,,2008-12,-3.0,,,0,0,,,,MonthlyFR_jan_2008.pdf,Sector-Wise analysis of projects,33,390
FR_200801_391,,,391,"DHARMATUL- SONAPUR, KM.230.50- KM.230.00, NH-31 (ASSAM)",,,ROAD TRANSPORT & HIGHWAYS,2008-01,2003-12,,200.0,,200.0,0.0,,31.88,2008-06,,2008-12,6.0,,,0,0,,,,MonthlyFR_jan_2008.pdf,Sector-Wise analysis of projects,33,391
FR_200801_392,,,392,"NALBARI-BIJNI, KM.1040.3-KM.1013, NH- 31 (ASSAM)",,,ROAD TRANSPORT & HIGHWAYS,2008-01,2003-12,,208.0,,208.0,0.0,,15.45,2008-04,,2008-12,8.0,,,0,0,,,,MonthlyFR_jan_2008.pdf,Sector-Wise analysis of projects,33,392
FR_200801_393,,,393,"LANKA-DABOKA, KM.22-KM.24, NH-54 (ASSAM)",,,ROAD TRANSPORT & HIGHWAYS,2008-01,2003-12,,225.0,,225.0,0.0,,20.24,2008-06,,2008-12,6.0,,,0,0,,,,MonthlyFR_jan_2008.pdf,Sector-Wise analysis of projects,33,393
FR_200801_394,,,394,"DAKOBA-NAGAON, KM.36-KM.5.5, NH-36 (ASSAM)",,,ROAD TRANSPORT & HIGHWAYS,2008-01,2003-12,,225.0,,225.0,0.0,,21.47,2008-06,,2008-12,6.0,,,0,0,,,,MonthlyFR_jan_2008.pdf,Sector-Wise analysis of projects,33,394
FR_200801_395,,,395,"SILCHAR-UDARBAND, KM.309-KM.275, NH-54 (ASSAM)",,,ROAD TRANSPORT & HIGHWAYS,2008-01,2003-12,,157.47,,154.57,-2.9,,56.2,2007-09,,2008-12,15.0,,,0,0,,,,MonthlyFR_jan_2008.pdf,Sector-Wise analysis of projects,33,395
FR_200801_396,,,396,"NAGAON BYPASS, KM.5.5-KM.262.7, NH-36 (ASSAM)",,,ROAD TRANSPORT & HIGHWAYS,2008-01,2003-12,,230.0,,230.0,0.0,,75.02,2008-06,,2008-12,6.0,,,0,0,,,,MonthlyFR_jan_2008.pdf,Sector-Wise analysis of projects,33,396
FR_200801_397,,,397,"BIJNI-ASSAM/WEST BENGAL BORDER, KM.30-KM.60, NH-31C",,,ROAD TRANSPORT & HIGHWAYS,2008-01,2003-12,,195.0,,195.0,0.0,,30.73,2008-06,,2008-12,6.0,,,0,0,,,,MonthlyFR_jan_2008.pdf,Sector-Wise analysis of projects,33,397
FR_200801_398,,,398,"BAKARIA-GOGUNDA, KM.73-KM.29, NH-76 (RAJASTHAN)",,,ROAD TRANSPORT & HIGHWAYS,2008-01,2003-12,,457.0,,530.9,73.9,,287.9,2008-04,,2008-12,8.0,,7.0,0,0,,,,MonthlyFR_jan_2008.pdf,Sector-Wise analysis of projects,33,398
FR_200801_399,,,399,"GUWAHATI-NALBARI, KM.1121-KM.1093, NH- 31 (ASSAM)",,,ROAD TRANSPORT & HIGHWAYS,2008-01,2003-12,,175.96,,175.96,0.0,,25.17,2008-04,,2008-12,8.0,,,0,0,,,,MonthlyFR_jan_2008.pdf,Sector-Wise analysis of projects,33,399
FR_200801_400,,,400,VIJAYAPUR-,,,ROAD TRANSPORT & HIGHWAYS,2008-01,2003-12,,193.09,,,0.0,,54.11,2008-03,,,9.0,,,0,0,,,,MonthlyFR_jan_2008.pdf,Sector-Wise analysis of projects,33,400
FR_200801_401,,,401,"JHAJHARPUR- DARBANGA, KM.110- KM.70, NH-57 (BIHAR)",,,ROAD TRANSPORT & HIGHWAYS,2008-01,2003-12,,340.0,,340.0,0.0,,73.58,2008-09,,2008-12,3.0,,,0,0,,,,MonthlyFR_jan_2008.pdf,Sector-Wise analysis of projects,34,401
FR_200801_402,,,402,"BHARATPUR MAHUA, KM.63-KM.120, NH-11 (RAJASTHAN)",,,ROAD TRANSPORT & HIGHWAYS,2008-01,2005-03,,250.0,,250.0,0.0,,228.5,2009-01,,2009-01,0.0,,,0,0,,,,MonthlyFR_jan_2008.pdf,Sector-Wise analysis of projects,34,402
FR_200801_403,,,403,"SALEM-KARUR, KM.207.05-KM.248.625, NH-7 (TAMIL NADU)",,,ROAD TRANSPORT & HIGHWAYS,2008-01,2003-12,,253.5,,253.5,0.0,,128.81,2009-01,,2009-01,0.0,,,0,0,,,,MonthlyFR_jan_2008.pdf,Sector-Wise analysis of projects,34,403
FR_200801_404,,,404,"AURANG-RAIPUR, KM.232-KM.281, NH-6 (CHHATTISGARH)",,,ROAD TRANSPORT & HIGHWAYS,2008-01,2005-03,,190.0,,190.0,0.0,,96.24,2009-01,,2009-01,0.0,,,0,0,,,,MonthlyFR_jan_2008.pdf,Sector-Wise analysis of projects,34,404
FR_200801_405,,,405,"FARUKHANAGAR- KOTAKOTTA, KM.80.05- KM.135.47, NH-7 (A.P.)",,,ROAD TRANSPORT & HIGHWAYS,2008-01,2003-12,,313.7,,302.0,-11.7,,176.56,2009-02,,2009-02,0.0,,,0,0,,,,MonthlyFR_jan_2008.pdf,Sector-Wise analysis of projects,34,405
FR_200801_406,,,406,"FARUKHANAGAR- KOTTAKATA, KM.34.14- KM.80.08, NH-7 (A.P.)",,,ROAD TRANSPORT & HIGHWAYS,2008-01,2003-12,,267.2,,255.0,-12.2,,220.83,2009-02,,2009-02,0.0,,,0,0,,,,MonthlyFR_jan_2008.pdf,Sector-Wise analysis of projects,34,406
FR_200801_407,,,407,"HARANGAJO- MAILBANG, KM.126.45- KM.140.70, NH-54 (ASSAM)",,,ROAD TRANSPORT & HIGHWAYS,2008-01,2003-12,,280.0,,280.0,0.0,,49.88,2009-02,,2009-02,0.0,,,0,0,,,,MonthlyFR_jan_2008.pdf,Sector-Wise analysis of projects,34,407
FR_200801_408,,,408,"TRICHY BYPASS- TUVARAMKURCHI, KM.61, NH-45B (TAMIL NADU)",,,ROAD TRANSPORT & HIGHWAYS,2008-01,2003-12,,261.0,,261.0,0.0,,137.19,2008-08,,2009-03,7.0,,,0,0,,,,MonthlyFR_jan_2008.pdf,Sector-Wise analysis of projects,34,408
FR_200801_409,,,409,"AGRA-BHARATPUR, KM.45, NH-11 (U.P.)",,,ROAD TRANSPORT & HIGHWAYS,2008-01,2005-03,,195.0,,195.0,0.0,,168.64,2009-03,,2009-03,0.0,,,0,0,,,,MonthlyFR_jan_2008.pdf,Sector-Wise analysis of projects,34,409
FR_200801_410,,,410,"THRISSUR-ANGAMALI, KM.270.00-KM.316.70, NH-47 (KERALA)",,,ROAD TRANSPORT & HIGHWAYS,2008-01,2003-12,,312.5,,312.5,0.0,,107.53,2009-03,,2009-03,0.0,,,0,0,,,,MonthlyFR_jan_2008.pdf,Sector-Wise analysis of projects,34,410
FR_200801_411,,,411,"GAGODHAR- GARAMORE, KM.245- KM.281.3 & KM.308- KM.254, NH-8A",,,ROAD TRANSPORT & HIGHWAYS,2008-01,2003-12,,412.78,,479.54,66.76,,267.95,2007-11,,2009-03,16.0,,9.0,0,0,,,,MonthlyFR_jan_2008.pdf,Sector-Wise analysis of projects,34,411
FR_200801_412,,,412,AP/ KARNATAKA BORDER NANDI HILL CROSSING KM.464.6- KM.527,,,ROAD TRANSPORT & HIGHWAYS,2008-01,2003-12,,402.8,,402.8,0.0,,108.05,2009-03,,2009-03,0.0,,,0,0,,,,MonthlyFR_jan_2008.pdf,Sector-Wise analysis of projects,34,412
FR_200801_413,,,413,"KADLOOR YELLAREDDY- POCHAMPALLI, KM.367-KM.447, NH-7 (A.P.)",,,ROAD TRANSPORT & HIGHWAYS,2008-01,2003-12,,546.15,,490.0,-56.15,,354.53,2009-04,,2009-03,-1.0,,,0,0,,,,MonthlyFR_jan_2008.pdf,Sector-Wise analysis of projects,34,413
FR_200801_414,,,414,"HYDERABAD- BANGALORE, KM.135.47-KM.211, NH-7 (A.P.)",,,ROAD TRANSPORT & HIGHWAYS,2008-01,2003-12,,611.44,,592.0,-19.44,,393.87,2009-03,,2009-03,0.0,,,0,0,,,,MonthlyFR_jan_2008.pdf,Sector-Wise analysis of projects,34,414
FR_200801_415,,,415,"MAHUA-JAIPUR, KM.120-KM.228, NH-11 (RAJASTHAN)",,,ROAD TRANSPORT & HIGHWAYS,2008-01,2005-03,,483.0,,483.0,0.0,,449.63,2009-03,,2009-03,0.0,,,0,0,,,,MonthlyFR_jan_2008.pdf,Sector-Wise analysis of projects,34,415
FR_200801_416,,,416,"MEHSI-KOTWA,",,,ROAD TRANSPORT & HIGHWAYS,2008-01,2003-12,,239.0,,,0.0,,56.94,2005-07,,,44.0,,,0,0,,,,MonthlyFR_jan_2008.pdf,Sector-Wise analysis of projects,34,416
FR_200801_417,,,417,"RJ/MP BORDER-KOTA, KM.449.15-KM.406 NH- 76 (RAJASTHAN)",,,ROAD TRANSPORT & HIGHWAYS,2008-01,2003-12,,297.72,,359.43,61.71,,107.16,2008-04,,2009-03,11.0,,3.0,0,0,,,,MonthlyFR_jan_2008.pdf,Sector-Wise analysis of projects,35,417
FR_200801_418,,,418,"MEERUT- MUZAFFARNAGAR, KM.52.25-KM.131.00, NH-58 (U.P.)",,,ROAD TRANSPORT & HIGHWAYS,2008-01,2005-03,,359.0,,359.0,0.0,,185.87,2009-03,,2009-03,0.0,,,0,0,,,,MonthlyFR_jan_2008.pdf,Sector-Wise analysis of projects,35,418
FR_200801_419,,,419,"HAVERI-HARIHAR, KM.340-KM.284, NH-4 (KARNATAKA)",,,ROAD TRANSPORT & HIGHWAYS,2008-01,2000-04,,241.0,,241.0,0.0,,201.01,2004-08,,2009-03,55.0,,,0,0,,,,MonthlyFR_jan_2008.pdf,Sector-Wise analysis of projects,35,419
FR_200801_420,,,420,"KOTWA-DEWAPUR, KM.440-KM.402, NH-28 (BIHAR)",,,ROAD TRANSPORT & HIGHWAYS,2008-01,2003-12,,240.0,,240.0,0.0,,52.46,2008-10,,2009-03,5.0,,,0,0,,,,MonthlyFR_jan_2008.pdf,Sector-Wise analysis of projects,35,420
FR_200801_421,,,421,"DEEWAPUR-UP/BIHAR BORDER, KM.402- KM.360.915, NH-28 (BIHAR)",,,ROAD TRANSPORT & HIGHWAYS,2008-01,2003-12,,300.0,,300.0,0.0,,100.89,2008-10,,2009-03,5.0,,,0,0,,,,MonthlyFR_jan_2008.pdf,Sector-Wise analysis of projects,35,421
FR_200801_422,,,422,"KONDHALI-TELEGAON, KM.50-KM.100, NH-6 (MAHARASHTRA)",,,ROAD TRANSPORT & HIGHWAYS,2008-01,2005-03,,212.0,,212.0,0.0,,268.77,2009-03,,2009-03,0.0,,,0,0,,,,MonthlyFR_jan_2008.pdf,Sector-Wise analysis of projects,35,422
FR_200801_423,,,423,"MUZZAFFARPUR- MEHSI, KM.520-KM.480, NH-28 (BIHAR)",,,ROAD TRANSPORT & HIGHWAYS,2008-01,2003-12,,275.0,,275.0,0.0,,59.76,2005-07,,2009-03,44.0,,,0,0,,,,MonthlyFR_jan_2008.pdf,Sector-Wise analysis of projects,35,423
FR_200801_424,,,424,"GONDE-VADAPE (THANE), KM.440- KM.539.50, NH-3 (MAHARASHTRA)",,,ROAD TRANSPORT & HIGHWAYS,2008-01,2005-03,,579.0,,579.0,0.0,,340.0,2009-04,,2009-04,0.0,,,0,0,,,,MonthlyFR_jan_2008.pdf,Sector-Wise analysis of projects,35,424
FR_200801_425,,,425,"BARA-ORAI, KM.449- KM.422 & KM.255- KM.220, NH -2 & 25, (U.P.)",,,ROAD TRANSPORT & HIGHWAYS,2008-01,2003-12,,465.0,,465.0,0.0,,16.29,2009-04,,2009-04,0.0,,,0,0,,,,MonthlyFR_jan_2008.pdf,Sector-Wise analysis of projects,35,425
FR_200801_426,,,426,"MAILBANG-LUNDING, KM.83.40-KM.111.00, NH-54 (ASSAM)",,,ROAD TRANSPORT & HIGHWAYS,2008-01,2003-12,,199.81,,199.81,0.0,,4.18,2009-04,,2009-04,0.0,,,0,0,,,,MonthlyFR_jan_2008.pdf,Sector-Wise analysis of projects,35,426
FR_200801_427,,,427,"MAILBANG-LUNDING, KM.40.000-KM.60.500, NH-54 (ASSAM)",,,ROAD TRANSPORT & HIGHWAYS,2008-01,2003-12,,200.0,,200.0,0.0,,14.01,2009-04,,2009-04,0.0,,,0,0,,,,MonthlyFR_jan_2008.pdf,Sector-Wise analysis of projects,35,427
FR_200801_428,,,428,"JHANSI BYPASS, KM.104-KM.91, NH-25 (UTTAR PRADESH)",,,ROAD TRANSPORT & HIGHWAYS,2008-01,2003-12,,158.06,,158.06,0.0,,56.85,2005-08,,2009-04,44.0,,4.0,0,0,,,,MonthlyFR_jan_2008.pdf,Sector-Wise analysis of projects,35,428
FR_200801_429,,,429,"THANJAVUR-TRICHY, KM.80-KM.135.75, NH-67 (T.N.)",,,ROAD TRANSPORT & HIGHWAYS,2008-01,2005-03,,280.0,,280.0,0.0,,116.02,2009-06,,2009-06,0.0,,,0,0,,,,MonthlyFR_jan_2008.pdf,Sector-Wise analysis of projects,35,429
FR_200801_430,,,430,"SITAPUR-LUCKNOW, KM.488.27-KM.413.20, NH-24 (U.P.)",,,ROAD TRANSPORT & HIGHWAYS,2008-01,2005-03,,322.0,,322.0,0.0,,66.0,2009-06,,2009-06,0.0,,,0,0,,,,MonthlyFR_jan_2008.pdf,Sector-Wise analysis of projects,35,430
FR_200801_431,,,431,"COCHIN PORT, KM.10, NH-47 (KERALA)",,,ROAD TRANSPORT & HIGHWAYS,2008-01,2000-04,,106.0,,106.0,0.0,,43.8,2006-08,,2009-06,34.0,,,0,0,,,,MonthlyFR_jan_2008.pdf,Sector-Wise analysis of projects,35,431
FR_200801_432,,,432,"GANGA BRIDGE- RAMDEVI CROSSING, KM.75-KM.80.06, NH-25 (U.P.)",,,ROAD TRANSPORT & HIGHWAYS,2008-01,2003-12,,155.0,,201.66,46.66,,25.51,2008-09,,2009-06,9.0,,9.0,0,0,,,,MonthlyFR_jan_2008.pdf,Sector-Wise analysis of projects,35,432
FR_200801_433,,,433,"KOTA BYPASS, KM.406- KM.381, NH-76 (RAJASTHAN)",,,ROAD TRANSPORT & HIGHWAYS,2008-01,2003-12,,275.0,,250.39,-24.61,,39.48,2008-10,,2009-06,8.0,,,0,0,,,,MonthlyFR_jan_2008.pdf,Sector-Wise analysis of projects,36,433
FR_200801_434,,,434,"PALANPUR- SWAROOPGANJ, KM.264-KM.340, NH-14 (RAJASTHAN)",,,ROAD TRANSPORT & HIGHWAYS,2008-01,2003-12,,498.0,,498.0,0.0,,75.16,2009-03,,2009-06,3.0,,3.0,0,0,,,,MonthlyFR_jan_2008.pdf,Sector-Wise analysis of projects,36,434
FR_200801_435,,,435,"VADODARA-BHARUCH PACKAGE BOT-I, KM.108.7-KM.192, NH-8 (GUJ.)",,,ROAD TRANSPORT & HIGHWAYS,2008-01,2006-05,,660.0,,660.0,0.0,,179.17,2009-07,,2009-07,0.0,,,0,0,,,,MonthlyFR_jan_2008.pdf,Sector-Wise analysis of projects,36,435
FR_200801_436,,,436,BANGALORE- NEELAMANGALA (KARNATKA),,,ROAD TRANSPORT & HIGHWAYS,2008-01,2005-03,,445.0,,445.0,0.0,,35.29,2010-07,,2009-07,-12.0,,,0,0,,,,MonthlyFR_jan_2008.pdf,Sector-Wise analysis of projects,36,436
FR_200801_437,,,437,"HARANGAJO- MAIBANG, KM.164.08- KM.190.587, NH-54 (ASSAM)",,,ROAD TRANSPORT & HIGHWAYS,2008-01,2003-12,,212.0,,212.0,0.0,,22.52,2007-09,,2009-07,22.0,,,0,0,,,,MonthlyFR_jan_2008.pdf,Sector-Wise analysis of projects,36,437
FR_200801_438,,,438,"BHARUCH-SURAT PACKAGE BOT-II, KM.65, (SIX-LANING) NH-8 (GU.)",,,ROAD TRANSPORT & HIGHWAYS,2008-01,2006-05,,492.0,,492.0,0.0,,204.39,2009-07,,2009-07,0.0,,,0,0,,,,MonthlyFR_jan_2008.pdf,Sector-Wise analysis of projects,36,438
FR_200801_439,,,439,"HARANGAJO- MAIBANG, KM.140.70- KM.164.08, NH-54 (ASSAM)",,,ROAD TRANSPORT & HIGHWAYS,2008-01,2003-12,,196.0,,196.0,0.0,,20.15,2009-07,,2009-07,0.0,,,0,0,,,,MonthlyFR_jan_2008.pdf,Sector-Wise analysis of projects,36,439
FR_200801_440,,,440,"Hyderabad-Banglore Section, Km.251-293.4, NH-7 (A.P.)",,,ROAD TRANSPORT & HIGHWAYS,2008-01,2003-12,,208.46,,208.46,0.0,,46.18,2009-08,,2009-08,0.0,,,0,0,,,,MonthlyFR_jan_2008.pdf,Sector-Wise analysis of projects,36,440
FR_200801_441,,,441,"Hyderabad-Banglore Section, Km.211- Km.251, NH-7 (A.P.)",,,ROAD TRANSPORT & HIGHWAYS,2008-01,2003-12,,194.8,,194.8,0.0,,38.87,2009-08,,2009-08,0.0,,,0,0,,,,MonthlyFR_jan_2008.pdf,Sector-Wise analysis of projects,36,441
FR_200801_442,,,442,"Hyderabad-Banglore Section, Km.376-Km.418, NH-7 (A.P.)",,,ROAD TRANSPORT & HIGHWAYS,2008-01,2003-12,,205.92,,205.92,0.0,,43.52,2009-08,,2009-08,0.0,,,0,0,,,,MonthlyFR_jan_2008.pdf,Sector-Wise analysis of projects,36,442
FR_200801_443,,,443,"Hyderabad-Banglore Section, Km.418- Km.463.16, NH-7 (A.P.)",,,ROAD TRANSPORT & HIGHWAYS,2008-01,2003-12,,243.64,,243.64,0.0,,50.6,2009-08,,2009-08,0.0,,,0,0,,,,MonthlyFR_jan_2008.pdf,Sector-Wise analysis of projects,36,443
FR_200801_444,,,444,"ORAI-JHANSI, KM.170.0- KM.104.0, NH-25 (U.P.)",,,ROAD TRANSPORT & HIGHWAYS,2008-01,2003-12,,451.97,,451.97,0.0,,188.66,2008-04,,2009-08,16.0,,8.0,0,0,,,,MonthlyFR_jan_2008.pdf,Sector-Wise analysis of projects,36,444
FR_200801_445,,,445,"INDORE-KALAGHAT, KM.80, NH-3 (M.P.)",,,ROAD TRANSPORT & HIGHWAYS,2008-01,2005-03,,472.0,,472.0,0.0,,243.77,2009-09,,2009-09,0.0,,,0,0,,,,MonthlyFR_jan_2008.pdf,Sector-Wise analysis of projects,36,445
FR_200801_446,,,446,"LAKHNADON- MP/MAHARASHTRA BORDER, KM.547.4- KM.596.75, NH-7",,,ROAD TRANSPORT & HIGHWAYS,2008-01,2003-12,,263.17,,263.17,0.0,,68.84,2009-09,,2009-09,0.0,,,0,0,,,,MonthlyFR_jan_2008.pdf,Sector-Wise analysis of projects,36,446
FR_200801_447,,,447,"Hyderabad-Banglore Section, Km.336-km.376, NH-7 (A.P.)",,,ROAD TRANSPORT & HIGHWAYS,2008-01,2003-12,,243.38,,243.38,0.0,,13.69,2008-09,,2009-09,12.0,,,0,0,,,,MonthlyFR_jan_2008.pdf,Sector-Wise analysis of projects,36,447
FR_200801_448,,,448,"Hyderabad-Banglore Section, Km.293.4-336, NH-7 (A.P.)",,,ROAD TRANSPORT & HIGHWAYS,2008-01,2003-12,,239.19,,239.19,0.0,,15.61,2009-09,,2009-09,0.0,,,0,0,,,,MonthlyFR_jan_2008.pdf,Sector-Wise analysis of projects,36,448
FR_200801_449,,,449,"JHANSI TO LALITPUR,",,,ROAD TRANSPORT & HIGHWAYS,2008-01,2003-12,,355.06,,,0.0,,83.95,2009-09,,,0.0,,,0,0,,,,MonthlyFR_jan_2008.pdf,Sector-Wise analysis of projects,36,449
FR_200801_450,,,450,"JHANSI-LALITPUR, KM.49.7-KM.99, NH-26 (U.P.)",,,ROAD TRANSPORT & HIGHWAYS,2008-01,2003-12,,276.09,,276.09,0.0,,76.41,2009-09,,2009-09,0.0,,,0,0,,,,MonthlyFR_jan_2008.pdf,Sector-Wise analysis of projects,37,450
FR_200801_451,,,451,"GWALIOR BYPASS, KM.0-KM.033, NH-75, 3 (M.P.)",,,ROAD TRANSPORT & HIGHWAYS,2008-01,2003-12,,300.93,,300.93,0.0,,22.77,2009-10,,2009-10,0.0,,,0,0,,,,MonthlyFR_jan_2008.pdf,Sector-Wise analysis of projects,37,451
FR_200801_452,,,452,"GORAKHPUR BYPASS, KM.251.7-KM.279.8, NH- 28 (U.P.)",,,ROAD TRANSPORT & HIGHWAYS,2008-01,2003-12,,600.24,,600.24,0.0,,151.55,2009-10,,2009-10,0.0,,,0,0,,,,MonthlyFR_jan_2008.pdf,Sector-Wise analysis of projects,37,452
FR_200801_453,,,453,"MAHARASHTRA/A.P. BORDER-ISLAM NAGAR KM.175-KM.230, NH-7",,,ROAD TRANSPORT & HIGHWAYS,2008-01,2003-12,,360.42,,360.42,0.0,,29.83,2009-11,,2009-11,0.0,,,0,0,,,,MonthlyFR_jan_2008.pdf,Sector-Wise analysis of projects,37,453
FR_200801_454,,,454,"KADAL-ARMUR, KM.278-KM.208, NH-7, (A.P.)",,,ROAD TRANSPORT & HIGHWAYS,2008-01,2003-12,,271.73,,271.73,0.0,,50.16,2009-11,,2009-11,0.0,,,0,0,,,,MonthlyFR_jan_2008.pdf,Sector-Wise analysis of projects,37,454
FR_200801_455,,,455,"JALANDAR-AMRITSAR, KM.407-KM.456, NH-1, (PANJAB)",,,ROAD TRANSPORT & HIGHWAYS,2008-01,2005-03,,263.0,,263.0,0.0,,134.0,2009-02,,2009-11,9.0,,,0,0,,,,MonthlyFR_jan_2008.pdf,Sector-Wise analysis of projects,37,455
FR_200801_456,,,456,"ORAI-JHANSI, KM.220- KM.170, N H-25 (U.P.)",,,ROAD TRANSPORT & HIGHWAYS,2008-01,2003-12,,340.68,,340.68,0.0,,50.0,2008-03,,2009-12,21.0,,12.0,0,0,,,,MonthlyFR_jan_2008.pdf,Sector-Wise analysis of projects,37,456
FR_200801_457,,,457,"GWALIOR-JHANSI, KM.96.13, NH-75 (M.P.)",,,ROAD TRANSPORT & HIGHWAYS,2008-01,2003-12,,604.0,,604.0,0.0,,83.96,2009-12,,2009-12,0.0,,,0,0,,,,MonthlyFR_jan_2008.pdf,Sector-Wise analysis of projects,37,457
FR_200801_458,,,458,"HALDIA PORT, KM.53, NH-41 (WEST BENGAL)",,,ROAD TRANSPORT & HIGHWAYS,2008-01,2000-04,,273.0,,273.0,0.0,,139.73,2005-03,,2009-12,57.0,,,0,0,,,,MonthlyFR_jan_2008.pdf,Sector-Wise analysis of projects,37,458
FR_200801_459,,,459,"SUNAKHALA-GANJAM, KM.338-KM.284, NH-5 (ORISSA)",,,ROAD TRANSPORT & HIGHWAYS,2008-01,2000-04,,225.0,,225.0,0.0,,145.36,2004-04,,2009-12,68.0,,12.0,0,0,,,,MonthlyFR_jan_2008.pdf,Sector-Wise analysis of projects,37,459
FR_200801_460,,,460,"MADURAI-TUTICORIN, KM.138.8 TO KM.264.5, NH-45B (T.N.)",,,ROAD TRANSPORT & HIGHWAYS,2008-01,2005-03,,629.0,,629.0,0.0,,123.3,2010-11,,2010-01,-10.0,,,0,0,,,,MonthlyFR_jan_2008.pdf,Sector-Wise analysis of projects,37,460
FR_200801_461,,,461,"NH CONNECTIVITY TO JCTT VALLARAPADAM, SH, (KERALA)",,,ROAD TRANSPORT & HIGHWAYS,2008-01,2007-04,,557.0,,557.0,0.0,,16.47,2010-02,,2010-02,0.0,,,0,0,,,,MonthlyFR_jan_2008.pdf,Sector-Wise analysis of projects,37,461
FR_200801_462,,,462,"KOSI BRIDGE INCLUDING APPROCHES, KM.155- KM.165, NH-57",,,ROAD TRANSPORT & HIGHWAYS,2008-01,2003-12,,418.04,,418.04,0.0,,83.71,2010-03,,2010-03,0.0,,,0,0,,,,MonthlyFR_jan_2008.pdf,Sector-Wise analysis of projects,37,462
FR_200801_463,,,463,"BRAHMPUTRA BRIDGE, KM.1126-KM.1121, NH- 31 (ASSAM)",,,ROAD TRANSPORT & HIGHWAYS,2008-01,2003-12,,217.61,,217.61,0.0,,14.31,2010-04,,2010-04,0.0,,,0,0,,,,MonthlyFR_jan_2008.pdf,Sector-Wise analysis of projects,37,463
FR_200801_464,,,464,"LAKHNADON- MP/MAHARSHTRA BORDER, KM.596.75- KM.653.22, NH-7",,,ROAD TRANSPORT & HIGHWAYS,2008-01,2003-12,,407.6,,407.6,0.0,,15.99,2010-06,,2010-06,0.0,,,0,0,,,,MonthlyFR_jan_2008.pdf,Sector-Wise analysis of projects,37,464
FR_200801_465,,,465,"KURALI-KIRATPUR, NH-21 (PUNJAB)",,,ROAD TRANSPORT & HIGHWAYS,2008-01,2005-03,,309.0,,309.0,0.0,,36.05,2010-06,,2010-06,0.0,,,0,0,,,,MonthlyFR_jan_2008.pdf,Sector-Wise analysis of projects,37,465
FR_200801_466,,,466,PONDICHERY- TINDIVANAM (TAMIL,,,ROAD TRANSPORT & HIGHWAYS,2008-01,2005-03,,285.0,,,0.0,,0.54,2010-07,,,0.0,,,0,0,,,,MonthlyFR_jan_2008.pdf,Sector-Wise analysis of projects,37,466
FR_200801_467,,,467,TRICHY-KARUR (TAMIL NADU),,,ROAD TRANSPORT & HIGHWAYS,2008-01,2005-03,,516.0,,516.0,0.0,,,2010-07,,2010-07,0.0,,,0,0,,,,MonthlyFR_jan_2008.pdf,Sector-Wise analysis of projects,38,467
FR_200801_468,,,468,NEELAMANGALA JUNCTION ON NH-4 WITH NH-48 TO DEVIHALLI (KAR.),,,ROAD TRANSPORT & HIGHWAYS,2008-01,2005-03,,441.0,,441.0,0.0,,,2010-07,,2010-07,0.0,,,0,0,,,,MonthlyFR_jan_2008.pdf,Sector-Wise analysis of projects,38,468
FR_200801_469,,,469,TRICHY-DINDIGUAL (TAMIL NADU),,,ROAD TRANSPORT & HIGHWAYS,2008-01,2005-03,,576.0,,576.0,0.0,,0.49,2010-07,,2010-07,0.0,,,0,0,,,,MonthlyFR_jan_2008.pdf,Sector-Wise analysis of projects,38,469
FR_200801_470,,,470,"BANGALORE- HOSKOTE-MUDBAGAL SECTION, KM.237.7- KM.318 (KAR.)",,,ROAD TRANSPORT & HIGHWAYS,2008-01,2005-03,,565.0,,565.0,0.0,,30.38,2010-07,,2010-07,0.0,,,0,0,,,,MonthlyFR_jan_2008.pdf,Sector-Wise analysis of projects,38,470
FR_200801_471,,,471,"CHAMBAL BRIDGE, NH- 76 (RAJASTHAN)",,,ROAD TRANSPORT & HIGHWAYS,2008-01,2003-12,,275.0,,281.31,6.31,,33.74,2010-02,,2010-09,7.0,,7.0,0,0,,,,MonthlyFR_jan_2008.pdf,Sector-Wise analysis of projects,38,471
FR_200801_472,,,472,"DHOLPUR-MORENA SECTION, KM.51-KM.61, NH-3 (MADHYA PRADESH)",,,ROAD TRANSPORT & HIGHWAYS,2008-01,2003-12,,232.45,,232.45,0.0,,,2010-09,,2010-09,0.0,,,0,0,,,,MonthlyFR_jan_2008.pdf,Sector-Wise analysis of projects,38,472
FR_200801_473,,,473,"AGRA-BYPASS, KM/176.8-KM.13.03, NH- 3 (U.P.)",,,ROAD TRANSPORT & HIGHWAYS,2008-01,2003-12,,348.16,,348.16,0.0,,7.1,2007-09,,2010-10,37.0,,1.0,0,0,,,,MonthlyFR_jan_2008.pdf,Sector-Wise analysis of projects,38,473
FR_200801_474,,,474,"SALEM-ULUNDRUPET, KM.0.313-KM.136.67, NH-68",,,ROAD TRANSPORT & HIGHWAYS,2008-01,2005-03,,941.0,,941.0,0.0,,,2011-01,,2011-01,0.0,,,0,0,,,,MonthlyFR_jan_2008.pdf,Sector-Wise analysis of projects,38,474
FR_200801_475,,,475,"HARIHAR- CHITRADURGA, KM.284-KM.207 (GQ) NH-4 (KARNATAKA)",,,ROAD TRANSPORT & HIGHWAYS,2008-01,2000-04,,318.0,,318.0,0.0,,262.28,2004-08,,,,,,0,0,,,,MonthlyFR_jan_2008.pdf,Sector-Wise analysis of projects,38,475
FR_200801_476,,,476,"TUTICORIN PORT, KM.47.2, NH-7A (T.N.)",,,ROAD TRANSPORT & HIGHWAYS,2008-01,2000-04,,231.2,,231.2,0.0,,71.02,2006-08,,,,,,0,0,,,,MonthlyFR_jan_2008.pdf,Sector-Wise analysis of projects,38,476
FR_200801_477,,,477,"KANYAKUMARI- PANAGUDI, Km.233.6- Km.203, NH-7 (TAMIL NADU)",,,ROAD TRANSPORT & HIGHWAYS,2008-01,2003-12,,120.0,,120.0,0.0,,32.22,2006-09,,,,,,0,0,,,,MonthlyFR_jan_2008.pdf,Sector-Wise analysis of projects,38,477
FR_200801_478,,,478,ACQUISITION OF 700 PASSENGER CUM 160 MT CARGO VESSEL,,,SHIPPING & PORTS,2008-01,2000-06,,129.62,,139.5,9.88,,129.62,2004-02,,2008-06,52.0,,,0,0,,,,MonthlyFR_jan_2008.pdf,Sector-Wise analysis of projects,38,478
FR_200801_479,,,479,DEEPENING OF CHANNEL AT PARADIP PORT,,,SHIPPING & PORTS,2008-01,2005-12,,154.84,,253.36,98.52,,6.64,2007-06,2009-01,2008-08,14.0,-5.0,,0,0,,,,MonthlyFR_jan_2008.pdf,Sector-Wise analysis of projects,38,479
FR_200801_480,,,480,"ESTABLISH OF VTS IN GULF, KUTCH",,,SHIPPING & PORTS,2008-01,2002-01,,165.0,,165.0,0.0,,18.32,2005-12,,2008-10,34.0,,,0,0,,,,MonthlyFR_jan_2008.pdf,Sector-Wise analysis of projects,38,480
FR_200801_481,,,481,SETHUSAMUDRAM SHIP CHANNEL,,,SHIPPING & PORTS,2008-01,2005-06,,2427.4,,,0.0,,367.86,2008-10,,,1.0,,,0,0,,,,MonthlyFR_jan_2008.pdf,Sector-Wise analysis of projects,38,481
FR_200801_482,,,482,ACQUISION OF 2-300000 DWT VERY LARGE CRUDE CARRIERS (VLCC),,,SHIPPING & PORTS,2008-01,2005-10,,1136.08,,1136.08,0.0,,353.49,2009-09,,2009-09,0.0,,,0,0,,,,MonthlyFR_jan_2008.pdf,Sector-Wise analysis of projects,39,482
FR_200801_483,,,483,DEEPENING & WIDENING OF MAIN HARBOUR (MAHARASHTRA),,,SHIPPING & PORTS,2008-01,2005-10,,800.0,,800.0,0.0,,2.5,2008-10,,2010-01,15.0,,,0,0,,,,MonthlyFR_jan_2008.pdf,Sector-Wise analysis of projects,39,483
FR_200801_484,,,484,UPGRADATION AND MODERNIZATION OF IRON ORE HANDLING FACLITY,,,SHIPPING & PORTS,2008-01,2007-11,,185.15,,185.15,0.0,,,,,,,,,0,0,,,,MonthlyFR_jan_2008.pdf,Sector-Wise analysis of projects,39,484
FR_200801_485,,,485,EXPANSION OF 750K GSM LINES OF 2.5 GSM AND VALIDATION EQUIP,,,SHIPPING & PORTS,2008-01,2007-02,,741.77,,741.77,0.0,,86.91,2007-10,,2008-01,3.0,,,0,0,,,,MonthlyFR_jan_2008.pdf,Sector-Wise analysis of projects,39,485
FR_200801_486,,,486,"KARNATAKA CMTS, PHASE-IV",,,SHIPPING & PORTS,2008-01,2004-01,,373.46,,260.0,-113.46,,148.0,2005-06,,2008-01,31.0,,,0,0,,,,MonthlyFR_jan_2008.pdf,Sector-Wise analysis of projects,39,486
FR_200801_487,,,487,"Comm. of GSM Equipment of 650 K Lines, Ph. IV++ (Rajasthan)",,,SHIPPING & PORTS,2008-01,2006-02,,357.67,,357.67,0.0,,67.15,2007-06,,2008-02,8.0,,,0,0,,,,MonthlyFR_jan_2008.pdf,Sector-Wise analysis of projects,39,487
FR_200801_488,,,488,"GSM NETWORK EXPANSION, PH-IV (ORISSA)",,,SHIPPING & PORTS,2008-01,2004-12,,164.06,,164.06,0.0,,70.56,2005-12,,2008-02,26.0,,,0,0,,,,MonthlyFR_jan_2008.pdf,Sector-Wise analysis of projects,39,488
FR_200801_489,,,489,"GSM NETWORK EXPANSION, PH-IV, CHENNAI TELECOM DISTT. (T.N.)",,,SHIPPING & PORTS,2008-01,2005-02,,170.88,,170.88,0.0,,75.71,2005-06,,2008-02,32.0,,,0,0,,,,MonthlyFR_jan_2008.pdf,Sector-Wise analysis of projects,39,489
FR_200801_490,,,490,"GSM NETWORK EXPANSION, PH-IV (KERALA)",,,SHIPPING & PORTS,2008-01,2004-10,,453.85,,453.85,0.0,,262.13,2005-06,,2008-02,32.0,,,0,0,,,,MonthlyFR_jan_2008.pdf,Sector-Wise analysis of projects,39,490
FR_200801_491,,,491,"GSM NETWORK EXPANSION, PH-IV (PUNJAB)",,,SHIPPING & PORTS,2008-01,2004-05,,508.63,,508.63,0.0,,310.06,2005-06,,2008-02,32.0,,,0,0,,,,MonthlyFR_jan_2008.pdf,Sector-Wise analysis of projects,39,491
FR_200801_492,,,492,"GSM NETWORK EXPANSION, PH-IV (RAJASTHAN)",,,SHIPPING & PORTS,2008-01,2004-09,,448.91,,448.91,0.0,,154.5,2005-06,,2008-02,32.0,,,0,0,,,,MonthlyFR_jan_2008.pdf,Sector-Wise analysis of projects,39,492
FR_200801_493,,,493,"GSM EXPANSION, PH-IV (B) (MAHARASHTRA)",,,SHIPPING & PORTS,2008-01,2005-07,,1174.75,,1174.75,0.0,,355.46,2006-03,,2008-02,23.0,,,0,0,,,,MonthlyFR_jan_2008.pdf,Sector-Wise analysis of projects,39,493
FR_200801_494,,,494,"JHARKHAND CMTS, PHASE-IV",,,SHIPPING & PORTS,2008-01,2004-09,,134.85,,134.85,0.0,,47.41,2005-11,,2008-02,27.0,,,0,0,,,,MonthlyFR_jan_2008.pdf,Sector-Wise analysis of projects,39,494
FR_200801_495,,,495,"GSM NETWORK EXPANSION, PH-IV (WEST BENGAL)",,,SHIPPING & PORTS,2008-01,2004-09,,428.0,,428.0,0.0,,102.35,2005-06,,2008-02,32.0,,,0,0,,,,MonthlyFR_jan_2008.pdf,Sector-Wise analysis of projects,39,495
FR_200801_496,,,496,"GSM NETWORK EXPANSION, PH-IV, UP",,,SHIPPING & PORTS,2008-01,2004-08,,359.07,,,0.0,,92.51,2005-06,,,32.0,,,0,0,,,,MonthlyFR_jan_2008.pdf,Sector-Wise analysis of projects,39,496
FR_200801_497,,,497,Expansion of 750 K Existing GSM N/W (Mumbai),,,SHIPPING & PORTS,2008-01,2006-06,,231.38,,231.38,0.0,,88.81,2007-10,,2008-03,5.0,,,0,0,,,,MonthlyFR_jan_2008.pdf,Sector-Wise analysis of projects,40,497
FR_200801_498,,,498,CONVERGENT BILLING AND CRM FOR MTNL (DELHI),,,SHIPPING & PORTS,2008-01,2005-12,,249.0,,249.0,0.0,,51.13,2007-02,,2008-03,13.0,,,0,0,,,,MonthlyFR_jan_2008.pdf,Sector-Wise analysis of projects,40,498
FR_200801_499,,,499,NATIONAL RADIO SPECTRUM MANAGEMENT& MONITORING SYSTEM (NRSMM,,,SHIPPING & PORTS,2008-01,2000-08,,279.97,,172.04,-107.93,,128.56,2004-12,,2008-03,39.0,,,0,0,,,,MonthlyFR_jan_2008.pdf,Sector-Wise analysis of projects,40,499
FR_200801_500,,,500,"Comm. of GSM Equipment of 650 K Lines, PH-IV++ (Maharashtra)",,,SHIPPING & PORTS,2008-01,2006-11,,364.52,,364.52,0.0,,5.57,2006-12,,2008-06,18.0,,,0,0,,,,MonthlyFR_jan_2008.pdf,Sector-Wise analysis of projects,40,500
FR_200801_501,,,501,IMPLEMENTATION AND EXECUTION OF NEW TECHNOLOGY INTELLINGENT,,,SHIPPING & PORTS,2008-01,2004-10,,160.0,,135.0,-25.0,,90.68,2006-06,,,,,,0,0,,,,MonthlyFR_jan_2008.pdf,Sector-Wise analysis of projects,40,501
FR_200801_502,,,502,CDMA WLL EQUIPMENT-1 (MUMBAI),,,SHIPPING & PORTS,2008-01,2003-08,,128.3,,128.3,0.0,,76.3,2004-02,,,,,,0,0,,,,MonthlyFR_jan_2008.pdf,Sector-Wise analysis of projects,40,502
FR_200801_503,,,503,CDMA WLL EQUIPMENT-2 (MUMBAI),,,SHIPPING & PORTS,2008-01,2004-07,,362.26,,122.91,-239.35,,60.37,2004-12,,,,,,0,0,,,,MonthlyFR_jan_2008.pdf,Sector-Wise analysis of projects,40,503
FR_200801_504,,,504,EXPANSION OF 400000 GSM (NEW DELHI),,,SHIPPING & PORTS,2008-01,2004-01,,227.42,,227.42,0.0,,200.81,2005-01,,,,,,0,0,,,,MonthlyFR_jan_2008.pdf,Sector-Wise analysis of projects,40,504
FR_200801_505,,,505,CONVERGENT BILLING AND CRM MTNL (MUMBAI),,,SHIPPING & PORTS,2008-01,2006-01,,247.0,,247.0,0.0,,115.21,2007-02,,,,,,0,0,,,,MonthlyFR_jan_2008.pdf,Sector-Wise analysis of projects,40,505
FR_200801_506,,,506,CDMA 2000 WLL (DELHI),,,SHIPPING & PORTS,2008-01,2004-06,,460.28,,460.28,0.0,,84.79,2004-10,,,,,,0,0,,,,MonthlyFR_jan_2008.pdf,Sector-Wise analysis of projects,40,506
FR_200801_507,,,507,"PROJECT-3 OF NIB-II, IMPLEMENTATION AND EXECUTION OF MESS.",,,SHIPPING & PORTS,2008-01,2003-11,,250.0,,200.0,-50.0,,36.0,2005-12,,,,,,0,0,,,,MonthlyFR_jan_2008.pdf,Sector-Wise analysis of projects,40,507
FR_200801_508,,,508,EXPANSION OF GSM NETWORK (MUMBAI),,,SHIPPING & PORTS,2008-01,2004-01,,216.37,,216.37,0.0,,110.96,2005-01,,,,,,0,0,,,,MonthlyFR_jan_2008.pdf,Sector-Wise analysis of projects,40,508
FR_200801_509,,,509,"PROJECT 2.2 OF NIB-II, IMPLEMENTATION AND EXECUTION OF",,,SHIPPING & PORTS,2008-01,2003-11,,350.0,,300.0,-50.0,,200.84,2006-05,,,,,,0,0,,,,MonthlyFR_jan_2008.pdf,Sector-Wise analysis of projects,40,509
FR_200801_510,,,510,"PROJECT-1 OF NIB-II, IMPLEMENTATION AND EXECUTION OF IP INF.",,,SHIPPING & PORTS,2008-01,2003-11,,250.0,,250.0,0.0,,235.97,2006-05,,,,,,0,0,,,,MonthlyFR_jan_2008.pdf,Sector-Wise analysis of projects,40,510
FR_200801_511,,,511,"DELHI METRO RAPID TRANSIT SYSTEM,",,,URBAN DEVELOPMENT,2008-01,2005-08,,8118.0,,,558.0,,2726.45,2010-06,,,3.0,,,0,0,,,,MonthlyFR_jan_2008.pdf,Sector-Wise analysis of projects,40,511
FR_200801_512,,,512,Bangalore Metro Rail Project,,,URBAN DEVELOPMENT,2008-01,2006-05,,6395.0,,6395.0,0.0,,,2011-12,,2011-12,0.0,,,0,7,,,,MonthlyFR_jan_2008.pdf,Sector-Wise analysis of projects,41,512
FR_200801_513,,,513,PAGLADIYA DAM PROJECT,,,URBAN DEVELOPMENT,2008-01,2001-01,,542.9,,1069.4,526.5,,34.18,2007-12,,2012-12,60.0,,57.0,0,0,,,,MonthlyFR_jan_2008.pdf,Sector-Wise analysis of projects,41,513
