observation_id,project_id,project_code,serial_no,project_name,agency,state,sector,report_date,approval_date,approval_date_revised,original_cost_crore,revised_cost_crore,anticipated_cost_crore,cost_overrun_original_crore,cost_overrun_revised_crore,cumulative_expenditure_crore,original_completion_date,revised_completion_date,anticipated_completion_date,time_overrun_original_months,time_overrun_revised_months,additional_delay_months,milestones_achieved,milestones_total,physical_progress_pct,delay_reason,status,source.report,source.table,source.page,source.serial_no
FR_201205_001,,N02000010,1,"KAKRAPAR ATOMIC POWER PROJECT - 3 and 4 - NPCIL,Gujarat",,,ATOMIC ENERGY,2012-05,2009-10,,11459.0,,11459.0,,,1714.0,2015-12,,2016-11,,,,0,70,,,,FR_MAY_2012.pdf,Sector-Wise analysis of projects,41,1
FR_201205_002,,020100040,2,"KUDANKULAM APP (NPCIL) - NPCIL,Tamil Nadu",NPCIL,,ATOMIC ENERGY,2012-05,2001-12,,13171.0,,15824.0,,,14755.0,2008-12,,2013-03,,,,39,106,,,,FR_MAY_2012.pdf,Sector-Wise analysis of projects,41,2
FR_201205_003,,020100044,3,"PROTOTYPE FAST BREEDER REACTOR (BHAVINI, 500 MWE) - BHAVNI,Tamil Nadu","BHAVINI, 500 MWE",,ATOMIC ENERGY,2012-05,2003-09,,3492.0,,5677.0,,,3641.6,2010-09,,2012-01,,,,6,80,,,,FR_MAY_2012.pdf,Sector-Wise analysis of projects,41,3
FR_201205_004,,N02000027,4,"RAJASTHAN ATOMIC POWER PROJECT -7 and 8 (2X700 MW) - NPCIL,Rajasthan",2X700 MW,,ATOMIC ENERGY,2012-05,2009-10,,12320.0,,12320.0,,,1018.0,2016-12,,2017-03,,,,0,69,,,,FR_MAY_2012.pdf,Sector-Wise analysis of projects,41,4
FR_201205_005,,N02000007,5,"URANIUM ORE MINE and PROCESSING PLANT AT TUMMALAP - UCIL,Andhra Pradesh Total",,,ATOMIC ENERGY,2012-05,2007-09,,1106.29,41548.29,1106.29,,,1084.24,2011-04,2011-04,2012-04,,,,0,0,,,,FR_MAY_2012.pdf,Sector-Wise analysis of projects,41,5
FR_201205_006,,N04000037,6,"C/O INTEGRATED PASSENGER TER. BULD. NSCBI AIRPORT - AAI,West Bengal",,,CIVIL AVIATION,2012-05,2008-08,,1942.51,,2325.0,,,1966.18,2011-05,2012-03,2012-10,,,,0,0,,,,FR_MAY_2012.pdf,Sector-Wise analysis of projects,41,6
FR_201205_007,,N04000050,7,"C/o new Airport at Pakyong(Sikkim) Airport - AAI,Sikkim",Sikkim,,CIVIL AVIATION,2012-05,2009-01,,309.46,,309.46,,,182.98,2011-01,2013-04,2013-04,,,,0,0,,,,FR_MAY_2012.pdf,Sector-Wise analysis of projects,41,7
FR_201205_008,,N04000069,8,"Construction of New International Terminal Building - AAI,Goa",,,CIVIL AVIATION,2012-05,2010-05,,335.61,,335.61,,,111.25,2012-05,,2012-08,,,,0,0,,,,FR_MAY_2012.pdf,Sector-Wise analysis of projects,41,8
FR_201205_009,,N04000038,9,"D/O KAMARAJ DOMESTIC TER-PH-II And EXP. ANNA INT. - AAI,Tamil Nadu",,,CIVIL AVIATION,2012-05,2008-08,,1808.0,2015.0,2015.0,,,1688.78,2011-01,2012-02,2012-02,,,,0,0,,,,FR_MAY_2012.pdf,Sector-Wise analysis of projects,41,9
FR_201205_010,,N04000065,10,"GAGAN PROJECT - AAI,Multi State Total",,,CIVIL AVIATION,2012-05,2008-09,,626.0,5021.58,626.0,,,349.33,2013-06,,2013-06,,,,0,0,,,,FR_MAY_2012.pdf,Sector-Wise analysis of projects,41,10
FR_201205_011,,N06000016,11,"ADRIYALA SHAFT PROJECT - SCCL,Andhra Pradesh",,,COAL,2012-05,2006-09,,212.34,779.26,779.26,,,281.16,2013-03,2012-09,2014-10,,,,7,22,,,,FR_MAY_2012.pdf,Sector-Wise analysis of projects,41,11
FR_201205_012,,N06000082,12,"AMLAI OC EXPANSION SECTOR 1.50 MTY - SECL,Chhatisgarh",,,COAL,2012-05,2009-11,,150.59,,198.59,,,70.0,2016-03,,2016-03,,,,0,6,,,,FR_MAY_2012.pdf,Sector-Wise analysis of projects,41,12
FR_201205_013,,N06000010,13,"AMLOHRI EPR (NCL) (6 MTY) - NCL,Madhya pradesh",6 MTY,,COAL,2012-05,2006-05,,1352.04,1143.54,1143.54,,,328.96,2014-03,2016-03,2016-03,,,,2,2,,,,FR_MAY_2012.pdf,Sector-Wise analysis of projects,41,13
FR_201205_014,,N06000067,14,"ANANTA OC EXPANSION PH-III 15.0 Mty - MCL,Orissa",,,COAL,2012-05,2008-08,,207.28,,207.28,,,100.06,2012-03,,2014-03,,,,5,7,,,,FR_MAY_2012.pdf,Sector-Wise analysis of projects,42,14
FR_201205_015,,060100096,15,"ASHOK EXPN.OCP -CCL (10 MTY) - CCL,Jharkhandd",10 MTY,,COAL,2012-05,2006-04,,471.66,341.63,341.63,,,108.58,2011-03,2012-03,2013-03,,,,0,2,,,,FR_MAY_2012.pdf,Sector-Wise analysis of projects,42,15
FR_201205_016,,N06000044,16,"BALRAM OCP EXTENSION,MCL (8.00 Mty) - MCL,Orissa",8.00 Mty,,COAL,2012-05,2007-12,,172.08,,172.08,,,101.88,2010-03,,2015-03,,,,4,4,,,,FR_MAY_2012.pdf,Sector-Wise analysis of projects,42,16
FR_201205_017,,N06000065,17,"BAROUD OC EXPANSION - SECL,Chhatisgarh",,,COAL,2012-05,2008-07,,135.58,,258.56,,,38.92,2015-03,,2016-03,,,,0,0,,,,FR_MAY_2012.pdf,Sector-Wise analysis of projects,42,17
FR_201205_018,,N06000099,18,"BAROUD OC EXPANSION (RCE)- 3MTY - SECL,Chhatisgarh",RCE,,COAL,2012-05,2012-04,,258.56,,258.56,,,32.29,2016-03,,2016-03,,,,0,0,,,,FR_MAY_2012.pdf,Sector-Wise analysis of projects,42,18
FR_201205_019,,N06000034,19,"BHUBANESWARI OCP, MCL (20.0 Mty) - MCL,Orissa",20.0 Mty,,COAL,2012-05,2007-12,,490.0,,490.1,,,109.5,2017-03,2017-03,2017-03,,,,6,12,,,,FR_MAY_2012.pdf,Sector-Wise analysis of projects,42,19
FR_201205_020,,N06000019,20,"BINA EXTN. PROJ(6.0 Mtpa) - NCL,Multi State",6.0 Mtpa,,COAL,2012-05,2006-11,,168.97,168.97,168.97,,,40.35,2014-03,2014-03,2014-03,,,,1,2,,,,FR_MAY_2012.pdf,Sector-Wise analysis of projects,42,20
FR_201205_021,,N06000009,21,"BLOCK-B OCP NCL (3.5 MTY) - NCL,Madhya pradesh",3.5 MTY,,COAL,2012-05,2006-06,,746.04,535.1,535.1,,,161.8,2012-03,2015-03,2015-03,,,,0,0,,,,FR_MAY_2012.pdf,Sector-Wise analysis of projects,42,21
FR_201205_022,,N06000049,22,"Batura OCP (2.0 MTY) - SECL,Madhya pradesh",2.0 MTY,,COAL,2012-05,2008-09,,203.82,,203.82,,,,2015-03,,2015-03,,,,0,1,,,,FR_MAY_2012.pdf,Sector-Wise analysis of projects,42,22
FR_201205_023,,N06000046,23,"CHURCHA ROUG (1.35MTY) - SECL,Chhatisgarh",1.35MTY,,COAL,2012-05,2008-06,,462.35,,462.35,,,260.92,2014-03,2014-03,2016-03,,,,0,7,,,,FR_MAY_2012.pdf,Sector-Wise analysis of projects,42,23
FR_201205_024,,N06000083,24,"Churi Benti UG - CCL,Jharkhandd",,,COAL,2012-05,2007-06,,163.51,,163.51,,,34.45,2011-03,2012-03,2014-03,,,,1,2,,,,FR_MAY_2012.pdf,Sector-Wise analysis of projects,42,24
FR_201205_025,,060100094,25,"DIPKA EXPANSION OCP (SECL) (20- SECL,Chhatisgarh",SECL,,COAL,2012-05,2005-07,,1268.53,,1943.66,,,1163.51,2010-03,,2014-03,,,,0,12,,,,FR_MAY_2012.pdf,Sector-Wise analysis of projects,42,25
FR_201205_026,,060100093,26,"GEVRA EXPANSION OCP (SECL) (25- 35) MTY - SECL,Chhatisgarh",25- 35,,COAL,2012-05,2005-07,,1667.55,,2675.67,,,1365.35,2010-03,,2014-03,,,,0,15,,,,FR_MAY_2012.pdf,Sector-Wise analysis of projects,42,26
FR_201205_027,,N06000042,27,"GOPAL PRASAD OCP - MCL,Orissa",,,COAL,2012-05,2008-02,,395.87,,395.87,,,59.64,2015-03,,2015-03,,,,2,12,,,,FR_MAY_2012.pdf,Sector-Wise analysis of projects,42,27
FR_201205_028,,N06000068,28,"HINGULA OC-II EXP PH-III (15 MTY) - MCL,Orissa",15 MTY,,COAL,2012-05,2008-11,,475.93,,479.53,,,96.69,2013-03,,2013-03,,,,5,7,,,,FR_MAY_2012.pdf,Sector-Wise analysis of projects,42,28
FR_201205_029,,N06000075,29,"JAGANNATHPUR OCP(3.00 MTY) - SECL,Chhatisgarh",3.00 MTY,,COAL,2012-05,2008-09,,152.43,,152.43,,,,2015-03,,2017-03,,,,0,6,,,,FR_MAY_2012.pdf,Sector-Wise analysis of projects,42,29
FR_201205_030,,N06000094,30,"JALAGAM VENGALA RAO OCP - SCCL,Andhra Pradesh",,,COAL,2012-05,2011-07,,447.06,,447.06,,,,2015-03,,2015-03,,,,4,31,,,,FR_MAY_2012.pdf,Sector-Wise analysis of projects,42,30
FR_201205_031,,N06000025,31,"JALLARAM SHAFT PROJECT - SCCL,Andhra Pradesh",,,COAL,2012-05,2013-03,,467.78,,467.78,,,12.31,2013-03,,2013-03,,,,4,83,,,,FR_MAY_2012.pdf,Sector-Wise analysis of projects,42,31
FR_201205_032,,N06000020,32,"JHANJRA R-VI SEAM PSLW - ECL,West Bengal",,,COAL,2012-05,2006-11,,287.18,,287.17,,,,2011-03,,2015-03,,,,0,1,,,,FR_MAY_2012.pdf,Sector-Wise analysis of projects,42,32
FR_201205_033,,N06000048,33,"KAKATIYA LAONGWALL - SCCL,Multi State",,,COAL,2012-05,2008-12,,453.63,,453.63,,,72.38,2012-12,,2015-03,,,,8,44,,,,FR_MAY_2012.pdf,Sector-Wise analysis of projects,42,33
FR_201205_034,,N06000035,34,"KANIHA OCP, MCL, (10.0 Mty) - MCL,Orissa",10.0 Mty,,COAL,2012-05,2007-12,,457.77,,457.77,,,119.28,2013-03,,2013-03,,,,6,11,,,,FR_MAY_2012.pdf,Sector-Wise analysis of projects,42,34
FR_201205_035,,N06000088,35,"KARMA OCP - CCL,Jharkhandd",,,COAL,2012-05,2009-06,,162.46,,162.46,,,30.89,2014-03,,2014-03,,,,0,0,,,,FR_MAY_2012.pdf,Sector-Wise analysis of projects,42,35
FR_201205_036,,N06000076,36,"KARTALI (EAST) OCP(2.50 MTY) - SECL,Chhatisgarh",2.50 MTY,,COAL,2012-05,2008-07,,178.44,40.0,178.44,,,,2014-03,,2014-03,,,,0,6,,,,FR_MAY_2012.pdf,Sector-Wise analysis of projects,42,36
FR_201205_037,,N06000091,37,"KHADIA EXPANSION OPENCAST PROJECT 4 TO 10 MTPA,6MT - NCL,Uttar Pradesh",,,COAL,2012-05,2011-06,,1131.28,1131.28,1131.28,,,,2018-03,2018-03,2018-03,,,,0,0,,,,FR_MAY_2012.pdf,Sector-Wise analysis of projects,43,37
FR_201205_038,,N06000007,38,"KRISHNASHILA (NCL) (4MTY) - NCL,Uttar Pradesh",4MTY,,COAL,2012-05,2006-05,,789.88,741.62,741.62,,,331.78,2010-03,,2013-03,,,,2,2,,,,FR_MAY_2012.pdf,Sector-Wise analysis of projects,43,38
FR_201205_039,,060100092,39,"KULDA OCP (MAHANADI COALFIELDS LTD) - MCL,Orissa",MAHANADI COALFIELDS LTD,,COAL,2012-05,2005-01,,302.96,,302.96,,,92.54,2010-03,,2014-03,,,,9,11,,,,FR_MAY_2012.pdf,Sector-Wise analysis of projects,43,39
FR_201205_040,,N06000008,40,"KUSMUNDA EXPN.OCP(SECL)(10- 15MTY) - SECL,Chhatisgarh",10- 15MTY,,COAL,2012-05,2006-06,,737.65,,1188.31,,,639.75,2013-03,2013-03,2013-03,,,,0,8,,,,FR_MAY_2012.pdf,Sector-Wise analysis of projects,43,40
FR_201205_041,,N06000089,41,"Kistaram OCP - SCCL,Andhra Pradesh",,,COAL,2012-05,2010-11,,242.29,,242.29,,,,2015-03,,2015-03,,,,0,28,,,,FR_MAY_2012.pdf,Sector-Wise analysis of projects,43,41
FR_201205_042,,N06000015,42,"MAGADH OC (CCL) - CCL,Jharkhandd",CCL,,COAL,2012-05,2006-07,,469.78,706.4,706.4,,,19.23,2012-07,2014-03,2016-03,,,,1,2,,,,FR_MAY_2012.pdf,Sector-Wise analysis of projects,43,42
FR_201205_043,,N06000081,43,"MANIKPUR OC EXPANTION (3.50 MTY) - SECL,Chhatisgarh",3.50 MTY,,COAL,2012-05,2009-11,,321.42,,321.5,,,203.46,2014-03,2014-03,2014-03,,,,0,5,,,,FR_MAY_2012.pdf,Sector-Wise analysis of projects,43,43
FR_201205_044,,N06000080,44,"MANUGURU OC-II EXTENSION PHASE-II - SCCL,Andhra Pradesh",,,COAL,2012-05,2010-03,,181.19,,181.19,,,36.96,2012-03,,2013-03,,,,10,34,,,,FR_MAY_2012.pdf,Sector-Wise analysis of projects,43,44
FR_201205_045,,N06000098,45,"Moonidih XV Seam UG - BCCL,Jharkhandd",,,COAL,2012-05,2011-08,,1230.27,,1230.27,,,,2015-04,,2015-04,,,,0,0,,,,FR_MAY_2012.pdf,Sector-Wise analysis of projects,43,45
FR_201205_046,,N06000096,46,"Muraidih UG - BCCL,Jharkhandd",,,COAL,2012-05,2011-02,,339.88,,339.88,,,,2014-04,,2014-04,,,,0,0,,,,FR_MAY_2012.pdf,Sector-Wise analysis of projects,43,46
FR_201205_047,,N06000095,47,"NEYVELI NEW THERMAL POWER PROJECT(2x500 MW) - NLC,Tamil Nadu",2x500 MW,,COAL,2012-05,2011-06,,5907.11,,5907.11,,,18.39,2015-12,,2015-12,,,,0,33,,,,FR_MAY_2012.pdf,Sector-Wise analysis of projects,43,47
FR_201205_048,,N06000033,48,"NIGAHI OC EXPANSION PROJECT 10 MTY TO 15 MTY, SINGRAULI - NCL,Madhya pradesh",,,COAL,2012-05,2007-10,,259.4,,259.4,,,1.2,2012-03,,2015-03,,,,0,1,,,,FR_MAY_2012.pdf,Sector-Wise analysis of projects,43,48
FR_201205_049,,N06000084,49,"North Urimari OCP - CCL,Jharkhandd",,,COAL,2012-05,2007-12,,179.87,,179.87,,,60.66,2012-03,2012-03,2014-03,,,,0,2,,,,FR_MAY_2012.pdf,Sector-Wise analysis of projects,43,49
FR_201205_050,,N06000045,50,"PELMA OCP(10.00MTY) - SECL,Chhatisgarh",10.00MTY,,COAL,2012-05,2008-07,,448.32,,448.32,,,,2015-03,,2015-03,,,,0,1,,,,FR_MAY_2012.pdf,Sector-Wise analysis of projects,43,50
FR_201205_051,,N06000066,51,"PENGANGA OC - WCL,Maharashtra",,,COAL,2012-05,2008-10,,339.77,,339.77,,,0.82,2014-03,,2015-03,,,,0,1,,,,FR_MAY_2012.pdf,Sector-Wise analysis of projects,43,51
FR_201205_052,,N06000085,52,"Purnadih OCP - CCL,Jharkhandd",,,COAL,2012-05,2008-07,,210.98,,210.98,,,86.8,2013-03,,2013-03,,,,0,2,,,,FR_MAY_2012.pdf,Sector-Wise analysis of projects,43,52
FR_201205_053,,N06000056,53,"RAJMAHAL OC EXP. - ECL,Multi State",,,COAL,2012-05,2006-02,,50.08,,153.82,,,23.72,2011-03,,2014-03,,,,0,1,,,,FR_MAY_2012.pdf,Sector-Wise analysis of projects,43,53
FR_201205_054,,N06000078,54,"RAMAGUNDAM OC-II EXTENSION - SCCL,Andhra Pradesh",,,COAL,2012-05,2009-12,,418.97,,418.97,,,89.45,2012-03,,2013-03,,,,24,27,,,,FR_MAY_2012.pdf,Sector-Wise analysis of projects,43,54
FR_201205_055,,N06000093,55,"RCE OF INDARAM OCP(1.20 MTPA) - SCCL,Andhra Pradesh",1.20 MTPA,,COAL,2012-05,2011-07,,162.76,,162.76,,,2.49,2015-03,,2015-03,,,,4,29,,,,FR_MAY_2012.pdf,Sector-Wise analysis of projects,43,55
FR_201205_056,,N06000079,56,"RKP OCP PHASE-I - SCCL,Andhra Pradesh",,,COAL,2012-05,2010-03,,209.78,,209.78,,,22.74,2015-03,,2015-03,,,,4,31,,,,FR_MAY_2012.pdf,Sector-Wise analysis of projects,43,56
FR_201205_057,,N06000087,57,"Rajrappa RCE OCP - CCL,Jharkhandd",,,COAL,2012-05,2009-12,,510.85,,510.85,,,266.79,2016-03,,2016-03,,,,1,2,,,,FR_MAY_2012.pdf,Sector-Wise analysis of projects,43,57
FR_201205_058,,N06000017,58,"SHANTIKHANI LONGWALL PROJ- SCCL - SCCL,Andhra Pradesh",,,COAL,2012-05,2006-10,,249.03,41.0,249.03,,,45.8,2012-03,,2012-03,,,,11,42,,,,FR_MAY_2012.pdf,Sector-Wise analysis of projects,43,58
FR_201205_059,,N06000043,59,"TALABIRA OCP - MCL,Orissa",,,COAL,2012-05,2008-03,,447.72,,447.72,,,46.63,2016-03,,2016-03,,,,1,12,,,,FR_MAY_2012.pdf,Sector-Wise analysis of projects,44,59
FR_201205_060,,060100087,60,"TPS-II EXPANSION (1470MW TO 1970MW) (NLC) - NLC,Tamil Nadu",NLC,,COAL,2012-05,2004-10,,2030.78,3027.59,3027.59,,,2412.12,2009-06,,2013-03,,,,19,24,,,,FR_MAY_2012.pdf,Sector-Wise analysis of projects,44,60
FR_201205_061,,N06000047,61,"TUTICORIN THERMAL POWER PROJECT - NLC,Tamil Nadu",,,COAL,2012-05,2008-05,,4904.54,,4909.54,,,2883.23,2012-03,,2014-03,,,,0,39,,,,FR_MAY_2012.pdf,Sector-Wise analysis of projects,44,61
FR_201205_062,,N06000086,62,"Tapin OCP - CCL,Jharkhandd Total",,,COAL,2012-05,2008-08,,264.68,33950.69,264.68,,,101.73,2012-03,2013-03,2014-03,,,,0,2,,,,FR_MAY_2012.pdf,Sector-Wise analysis of projects,44,62
FR_201205_063,,N08000005,63,"BATHINDA - AMMONIA PLANT FEEDSTOCK CHANGEOVER PROJ - NFL,Punjab",,,FERTILISERS,2012-05,2010-01,,1294.19,,1294.19,,,589.51,2013-01,,2013-01,,,,0,5,,,,FR_MAY_2012.pdf,Sector-Wise analysis of projects,44,63
FR_201205_064,,N08000008,64,"CAPACITY ENHANCEMENT OF AMMONIA AND UREA PLANT VIJ - NFL,Madhya pradesh",,,FERTILISERS,2012-05,2008-09,,438.0,,438.0,,,239.87,2011-07,,2012-07,,,,0,0,,,,FR_MAY_2012.pdf,Sector-Wise analysis of projects,44,64
FR_201205_065,,N08000007,65,"CAPACITY ENHANCEMENT OF VIJAIPUR-I PLANTS - NFL,Madhya pradesh",,,FERTILISERS,2012-05,2008-09,,325.0,,325.0,,,185.1,2011-07,,2012-04,,,,0,0,,,,FR_MAY_2012.pdf,Sector-Wise analysis of projects,44,65
FR_201205_066,,N08000006,66,"NANGAL - AMMONIA PLANT FEEDSTOCK PROJECT - NFL,Punjab",,,FERTILISERS,2012-05,2010-01,,1478.63,,1478.63,,,637.0,2013-01,2013-01,2013-01,,,,8,8,,,,FR_MAY_2012.pdf,Sector-Wise analysis of projects,44,66
FR_201205_067,,N08000004,67,"PANIPAT - AMMONIA PLANT FEEDSTOCK CHANGEOVER PROJE - NFL,Haryana Total",,,FERTILISERS,2012-05,2010-01,,1292.84,4828.66,1292.84,,,614.0,2013-01,,2013-01,,,,0,5,,,,FR_MAY_2012.pdf,Sector-Wise analysis of projects,44,67
FR_201205_068,,N12000072,68,"1.2 MTPA PELLET PLANT DONIMALAI - NMDC,Karnataka",,,STEEL,2012-05,2011-04,,572.0,,572.0,,,,,,2013-04,,,,0,19,,,,FR_MAY_2012.pdf,Sector-Wise analysis of projects,44,68
FR_201205_069,,N12000069,69,"330 TPH BOILER-6 AND AUXILIARY SYSTEM - RINL,Andhra Pradesh",,,STEEL,2012-05,2007-07,,260.0,,350.0,,,242.28,2010-08,2010-08,2012-08,,,,0,1,,,,FR_MAY_2012.pdf,Sector-Wise analysis of projects,44,69
FR_201205_070,,N12000068,70,"67.5 MW TG-5 AUX. S'TEM EMERGENCY POWER REQUIREM - RINL,Andhra Pradesh",,,STEEL,2012-05,2007-07,,230.0,,343.58,,,247.41,2011-02,2011-02,2012-09,,,,2,3,,,,FR_MAY_2012.pdf,Sector-Wise analysis of projects,44,70
FR_201205_071,,N12000073,71,"7.0 MTPA KUMARASWAMY IRON ORE MINE - NMDC,Karnataka",,,STEEL,2012-05,2011-02,,898.55,,898.55,,,,,,2013-05,,,,0,21,,,,FR_MAY_2012.pdf,Sector-Wise analysis of projects,44,71
FR_201205_072,,N12000023,72,"700TPD ARI SEPARATION UNIT-4 AT OXYGEN PLANT-II, BHILLAI - SAIL,Chhatisgarh",,,STEEL,2012-05,2007-07,,232.93,,232.93,,,191.83,2011-05,,2012-05,,,,1,1,,,,FR_MAY_2012.pdf,Sector-Wise analysis of projects,44,72
FR_201205_073,,N12000053,73,"Augmentation of Iron Ore Storage in RMHP - RINL,Multi State",,,STEEL,2012-05,2008-05,,480.0,,450.0,,,196.32,2012-05,2012-05,2013-02,,,,1,2,,,,FR_MAY_2012.pdf,Sector-Wise analysis of projects,44,73
FR_201205_074,,N12000018,74,"Bailadila Iron Ore Deposit- IIB(NMDC) - NMDC,Chhatisgarh",NMDC,,STEEL,2012-05,2007-01,,295.89,607.17,607.17,,,330.2,2011-12,2012-03,2012-10,,,,16,21,,,,FR_MAY_2012.pdf,Sector-Wise analysis of projects,44,74
FR_201205_075,,N12000038,75,"COKE OVEN BATTERY NO. 4 PHASE- II - RINL,Andhra Pradesh",,,STEEL,2012-05,2007-08,,108.0,,216.68,,,89.82,2012-10,2012-10,2012-10,,,,3,4,,,,FR_MAY_2012.pdf,Sector-Wise analysis of projects,45,75
FR_201205_076,,N12000075,76,"ENHANCEMENT OF PROD. CAP. AT BOLANI I/O MINES - SAIL,Orissa",,,STEEL,2012-05,2011-11,,254.55,,254.55,,,6.12,,,2013-11,,,,0,1,,,,FR_MAY_2012.pdf,Sector-Wise analysis of projects,45,76
FR_201205_077,,N12000057,77,"EXPANSION OF BHILAI STEEL PLANT - SAIL,Chhatisgarh",,,STEEL,2012-05,2008-09,,5185.0,,17265.0,,,5634.23,,,2013-09,,,,18,27,,,,FR_MAY_2012.pdf,Sector-Wise analysis of projects,45,77
FR_201205_078,,N12000055,78,"EXPANSION OF BOKARO STEEL PLANT - SAIL,Jharkhandd",,,STEEL,2012-05,2008-01,,3316.0,,6325.0,,,2716.78,,,2012-10,,,,10,16,,,,FR_MAY_2012.pdf,Sector-Wise analysis of projects,45,78
FR_201205_079,,N12000074,79,"EXPANSION OF DURGAPUR STEEL PLANT - SAIL,West Bengal",,,STEEL,2012-05,2009-06,,2875.0,,2875.0,,,866.76,2012-12,,2013-03,,,,6,12,,,,FR_MAY_2012.pdf,Sector-Wise analysis of projects,45,79
FR_201205_080,,N12000051,80,"EXPANSION OF IISCO STEEL PLANT - SAIL,West Bengal",,,STEEL,2012-05,2008-02,,14443.0,16408.0,16408.0,,,13293.51,,,2012-12,,,,13,19,,,,FR_MAY_2012.pdf,Sector-Wise analysis of projects,45,80
FR_201205_081,,120100067,81,"EXPANSION OF RINL/VSP FROM 3 MTPY-6.3 MTPY OF LIQUID STEEL - RINL,Andhra Pradesh",,,STEEL,2012-05,2005-10,,8692.0,12291.0,12291.0,,,9545.71,2009-10,2012-10,2012-10,,,,59,64,,,,FR_MAY_2012.pdf,Sector-Wise analysis of projects,45,81
FR_201205_082,,N12000056,82,"EXPENSION OF ROURKELA STEEL PLANT - SAIL,Orissa",,,STEEL,2012-05,2008-09,,11812.0,11812.0,11812.0,,,7081.02,2013-11,,2013-03,,,,6,14,,,,FR_MAY_2012.pdf,Sector-Wise analysis of projects,45,82
FR_201205_083,,N12000076,83,"INSTALLATION OF 1x 45MVA SAF AT CHANDRAPUR FERRO P - SAIL,Maharashtra",,,STEEL,2012-05,2011-12,,187.33,,187.33,,,,2013-10,,2013-12,,,,0,0,,,,FR_MAY_2012.pdf,Sector-Wise analysis of projects,45,83
FR_201205_084,,N12000033,84,"Rebuilding of coke oven battery No.1 and 2 (Bokar - SAIL,Jharkhandd Total Petrochemicals",,,STEEL,2012-05,2007-10,,500.9,50343.15,500.9,,,355.21,,,2012-02,,,,3,3,,,,FR_MAY_2012.pdf,Sector-Wise analysis of projects,45,84
FR_201205_085,,N16000106,85,"ASSAM GAS CRACKER PROJECT - BCPL,Assam Total",,,STEEL,2012-05,2006-04,,5460.61,8920.0,8920.0,,,4657.21,2013-12,2013-12,2013-12,,,,10,30,,,,FR_MAY_2012.pdf,Sector-Wise analysis of projects,45,85
FR_201205_086,,N16000119,86,"102 MW WIND POWER PROJECT - ONGC,Rajasthan",,,PETROLEUM,2012-05,2010-07,,1106.0,,820.0,,,,2012-06,,2013-04,,,,0,0,,,,FR_MAY_2012.pdf,Sector-Wise analysis of projects,45,86
FR_201205_087,,N16000086,87,"ADDITIONAL DEV. OF D-1 FIELD - ONGC,Multi State",,,PETROLEUM,2012-05,2010-01,,2163.64,,2163.64,,,1017.31,2012-06,,2012-12,,,,0,0,,,,FR_MAY_2012.pdf,Sector-Wise analysis of projects,45,87
FR_201205_088,,N16000065,88,"ADDITIONAL GAS PROCESSING FACILITY AT HAZIRA - ONGC,Gujarat",,,PETROLEUM,2012-05,2008-02,,370.11,,370.11,,,211.24,2011-04,,2012-07,,,,0,0,,,,FR_MAY_2012.pdf,Sector-Wise analysis of projects,45,88
FR_201205_089,,N16000064,89,"ADDITIONAL GAS PROCESSING UNITS AT URAN - ONGC,Maharashtra",,,PETROLEUM,2012-05,2008-10,,1797.35,,977.0,,,327.3,2011-12,,2013-01,,,,0,0,,,,FR_MAY_2012.pdf,Sector-Wise analysis of projects,45,89
FR_201205_090,,N16000061,90,"ASSAM RENEWAL PROJECT FOR GROUP A - ONGC,Assam",,,PETROLEUM,2012-05,2009-03,,2465.15,,2378.86,,,761.1,2013-03,,2014-03,,,,0,0,,,,FR_MAY_2012.pdf,Sector-Wise analysis of projects,45,90
FR_201205_091,,N16000120,91,"Ahmedabad Redevelopment - ONGC,Gujarat",,,PETROLEUM,2012-05,2010-11,,1916.1,,1916.1,,,5.57,2014-12,,2014-12,,,,0,0,,,,FR_MAY_2012.pdf,Sector-Wise analysis of projects,45,91
FR_201205_092,,N16000122,92,"Ankleswar Redevelopment - ONGC,Gujarat",,,PETROLEUM,2012-05,2010-11,,2189.63,43.0,2189.63,,,4.84,2014-12,,2014-12,,,,0,0,,,,FR_MAY_2012.pdf,Sector-Wise analysis of projects,45,92
FR_201205_093,,N16000094,93,"BNPL SPURLINE (UTTRANCHAL AND PUNJAB) - GAIL,Multi State",UTTRANCHAL AND PUNJAB,,PETROLEUM,2012-05,2009-12,,540.92,,460.7,,,231.69,2012-07,2012-07,2013-03,,,,0,16,,,,FR_MAY_2012.pdf,Sector-Wise analysis of projects,46,93
FR_201205_094,,N16000108,94,"BUTADIENE EXTRACTION UNIT (BDEU) AT PANIPAT - IOCL,Haryana",BDEU,,PETROLEUM,2012-05,2009-11,,341.5,,341.5,,,66.44,2013-02,,2013-02,,,,34,42,,,,FR_MAY_2012.pdf,Sector-Wise analysis of projects,46,94
FR_201205_095,,N16000110,95,"CDU/VDU-II - CPCL,Tamil Nadu",,,PETROLEUM,2012-05,2010-03,,333.99,,333.99,,,132.0,,,2012-09,,,,25,36,,,,FR_MAY_2012.pdf,Sector-Wise analysis of projects,46,95
FR_201205_096,,N16000054,96,"COMPRESSOR STATIONS (KAILARAS AND CHAINSA) - GAIL,Multi State",KAILARAS AND CHAINSA,,PETROLEUM,2012-05,2007-11,,1167.0,,798.0,,,714.11,2011-04,2011-12,2012-09,,,,2,2,,,,FR_MAY_2012.pdf,Sector-Wise analysis of projects,46,96
FR_201205_097,,N16000084,97,"CONSTRUCTION OF 12 OFFSHORE SUPPLY VESSELS(OSV) - ONGC,Multi State",OSV,,PETROLEUM,2012-05,2007-06,,736.65,,736.65,,,287.21,2011-09,,2013-08,,,,0,0,,,,FR_MAY_2012.pdf,Sector-Wise analysis of projects,46,97
FR_201205_098,,N16000030,98,"CONSTRUCTION OF NEW PROCESS COMPLEX MHN - ONGC,Maharashtra",,,PETROLEUM,2012-05,2007-01,,2853.29,6326.4,6326.4,,,5467.35,2010-05,2012-05,2012-07,,,,0,0,,,,FR_MAY_2012.pdf,Sector-Wise analysis of projects,46,98
FR_201205_099,,N16000066,99,"CONSTRUCTION OF NEW TERMINAL AT ENNORE CHENNAI - HPCL,Tamil Nadu",,,PETROLEUM,2012-05,2008-01,,224.0,299.0,299.0,,,328.43,2011-02,2011-08,2011-08,,,,0,0,,,,FR_MAY_2012.pdf,Sector-Wise analysis of projects,46,99
FR_201205_100,,N16000127,100,"CONSTRUCTION OF ONE ETP AND THREE ETPS CUM WATER - ONGC,Assam",,,PETROLEUM,2012-05,2010-06,,202.94,,202.94,,,0.2,2014-01,,2014-01,,,,0,0,,,,FR_MAY_2012.pdf,Sector-Wise analysis of projects,46,100
FR_201205_101,,N16000128,101,"CONVERSION OF RIG SAGAR SAMRAT TO MOBILE OFFSHORE - ONGC,Maharashtra",,,PETROLEUM,2012-05,2011-03,,861.79,,756.65,,,5.73,2013-05,,2013-05,,,,0,0,,,,FR_MAY_2012.pdf,Sector-Wise analysis of projects,46,101
FR_201205_102,,N16000123,102,"Construction of 23 Immediate Supply Vessels (ISV) - ONGC,Multi State",ISV,,PETROLEUM,2012-05,2010-11,,331.2,,269.1,,,,2013-08,,2014-01,,,,0,0,,,,FR_MAY_2012.pdf,Sector-Wise analysis of projects,46,102
FR_201205_103,,N16000117,103,"Construction of 6 ETPs - ONGC,Gujarat",,,PETROLEUM,2012-05,2009-03,,302.26,,302.26,,,19.21,2012-09,,2012-12,,,,0,0,,,,FR_MAY_2012.pdf,Sector-Wise analysis of projects,46,103
FR_201205_104,,N16000103,104,"Construction of one Multipurpose Support Vessel - ONGC,Multi State",,,PETROLEUM,2012-05,2010-01,,723.64,,723.64,,,,2013-03,,2013-11,,,,0,0,,,,FR_MAY_2012.pdf,Sector-Wise analysis of projects,46,104
FR_201205_105,,N16000115,105,"Construction of tanks and blending facility at Vad - IOCL,Gujarat",,,PETROLEUM,2012-05,2009-02,,267.0,,267.0,,,196.35,2012-09,2012-09,2012-09,,,,0,0,,,,FR_MAY_2012.pdf,Sector-Wise analysis of projects,46,105
FR_201205_106,,N16000073,106,"DABHOL-BANGALORE PIPELINE PROJECT PHASE-I - GAIL,Multi State",,,PETROLEUM,2012-05,2009-06,,4543.43,4508.38,2300.0,,,1733.0,2012-03,2012-08,2012-08,,,,0,17,,,,FR_MAY_2012.pdf,Sector-Wise analysis of projects,46,106
FR_201205_107,,N16000089,107,"DE-BOTTLENECKING OF SMPL (Salaya-Mathura crude pip - IOCL,Maharashtra",,,PETROLEUM,2012-05,2009-12,,1584.0,,1584.0,,,14.46,,,,,,,0,0,,,,FR_MAY_2012.pdf,Sector-Wise analysis of projects,46,107
FR_201205_108,,160100231,108,"DEV OF G1 AND GS-15 (ONGCL) - ONGC,Multi State",ONGCL,,PETROLEUM,2012-05,2003-04,,429.82,2735.65,2735.65,,,2184.0,2006-04,2012-06,2012-12,,,,0,0,,,,FR_MAY_2012.pdf,Sector-Wise analysis of projects,46,108
FR_201205_109,,N16000033,109,"DEVELOPMENT OF B-193 CLUSTER FIELDS - ONGC,Maharashtra",,,PETROLEUM,2012-05,2007-06,,3248.78,5633.44,5633.44,,,3531.71,2010-08,2012-03,2013-12,,,,0,0,,,,FR_MAY_2012.pdf,Sector-Wise analysis of projects,46,109
FR_201205_110,,N16000032,110,"DEVELOPMENT OF B-22 CLUSTER FIELDS - ONGC,Maharashtra",,,PETROLEUM,2012-05,2007-01,,2323.4,2920.82,2920.82,,,1278.73,2010-09,2012-03,2013-04,,,,0,0,,,,FR_MAY_2012.pdf,Sector-Wise analysis of projects,46,110
FR_201205_111,,N16000046,111,"DEVELOPMENT OF B-46 CLUSTER FIELD - ONGC,Maharashtra",,,PETROLEUM,2012-05,2007-06,,1436.21,1456.96,1436.21,,,829.98,2010-07,2012-05,2012-07,,,,0,0,,,,FR_MAY_2012.pdf,Sector-Wise analysis of projects,47,111
FR_201205_112,,N16000023,112,"DEVELOPMENT OF C-SERIES FIELDS - ONGC,Maharashtra",,,PETROLEUM,2012-05,2006-08,,3195.16,3690.37,3690.37,,,2520.91,2008-12,2013-04,2013-04,,,,0,0,,,,FR_MAY_2012.pdf,Sector-Wise analysis of projects,47,112
FR_201205_113,,N16000069,113,"DIESEL HYDROTREATOR PROJECT AT MUMBAI REFINERY - HPCL,Maharashtra",,,PETROLEUM,2012-05,2009-03,,3284.0,2174.0,2174.0,,,933.91,2012-09,2012-09,2012-09,,,,0,76,,,,FR_MAY_2012.pdf,Sector-Wise analysis of projects,47,113
FR_201205_114,,N16000068,114,"DIESEL HYDROTREATOR PROJECT AT VISAKH REFINERY - HPCL,Andhra Pradesh",,,PETROLEUM,2012-05,2009-03,,3597.0,2730.0,2730.0,,,1156.52,2011-09,2012-03,2012-09,,,,0,0,,,,FR_MAY_2012.pdf,Sector-Wise analysis of projects,47,114
FR_201205_115,,N16000118,115,"Development of BHE and BH-35 Area. - ONGC,Multi State",,,PETROLEUM,2012-05,2010-08,,372.11,,372.11,,,40.52,2013-03,,2013-04,,,,0,0,,,,FR_MAY_2012.pdf,Sector-Wise analysis of projects,47,115
FR_201205_116,,N16000133,116,"Development of C-26 Cluster Fields - ONGC,Maharashtra",,,PETROLEUM,2012-05,2012-03,,2592.17,,2592.17,,,,2014-05,,2015-03,,,,0,0,,,,FR_MAY_2012.pdf,Sector-Wise analysis of projects,47,116
FR_201205_117,,N16000104,117,"Development of Cluster-7 Fields - ONGC,Multi State",,,PETROLEUM,2012-05,2010-03,,3241.03,,3241.03,,,219.8,2013-03,,2013-04,,,,0,0,,,,FR_MAY_2012.pdf,Sector-Wise analysis of projects,47,117
FR_201205_118,,N16000116,118,"Development of SB-14 field - ONGC,Multi State",,,PETROLEUM,2012-05,2011-01,,410.44,,410.44,,,7.33,2012-11,,2013-05,,,,0,0,,,,FR_MAY_2012.pdf,Sector-Wise analysis of projects,47,118
FR_201205_119,,N16000105,119,"Development of WO-16 Cluster Fields - ONGC,Multi State",,,PETROLEUM,2012-05,2010-06,,2523.0,,2523.0,,,47.45,2014-01,,2014-01,,,,0,0,,,,FR_MAY_2012.pdf,Sector-Wise analysis of projects,47,119
FR_201205_120,,N16000136,120,"Development of Western Periphery of MH South Field - ONGC,Multi State",,,PETROLEUM,2012-05,2012-04,,600.17,,600.17,,,,2014-12,,2014-12,,,,0,0,,,,FR_MAY_2012.pdf,Sector-Wise analysis of projects,47,120
FR_201205_121,,N16000109,121,"EURO-IV DHDT - CPCL,Tamil Nadu",,,PETROLEUM,2012-05,2008-09,,2615.69,,2615.69,,,1902.02,,,,,,,114,116,,,,FR_MAY_2012.pdf,Sector-Wise analysis of projects,47,121
FR_201205_122,,N16000107,122,"Fluidized catalytic cracking unit(FCCU) revamp - IOCL,Uttar Pradesh",FCCU,,PETROLEUM,2012-05,2010-07,,1000.0,,1000.0,,,113.23,2013-01,,2013-01,,,,15,18,,,,FR_MAY_2012.pdf,Sector-Wise analysis of projects,47,122
FR_201205_123,,N16000081,123,"HYDROCRACKER REVAMP AND SETTING UP A NEW CCR AT MU - BPCL,Maharashtra",,,PETROLEUM,2012-05,2008-04,,825.0,1827.0,1827.0,,,528.47,2013-04,2013-04,2013-04,,,,0,167,,,,FR_MAY_2012.pdf,Sector-Wise analysis of projects,47,123
FR_201205_124,,N16000132,124,"Heera and South Heera Redevelopment Ph-II - ONGC,Maharashtra",,,PETROLEUM,2012-05,2012-03,,5608.4,,5608.4,,,,2015-05,,2015-05,,,,0,0,,,,FR_MAY_2012.pdf,Sector-Wise analysis of projects,47,124
FR_201205_125,,N16000090,125,"INTEGRATED OFFSHORE CRUDE OIL HANDLING FACILITIES - IOCL,Orissa",,,PETROLEUM,2012-05,2009-12,,1492.33,,1300.0,,,1113.63,2012-06,2012-06,2012-06,,,,6,8,,,,FR_MAY_2012.pdf,Sector-Wise analysis of projects,47,125
FR_201205_126,,160100216,126,"IOR GELEKI (ONGCL) - ONGC,Assam",ONGCL,,PETROLEUM,2012-05,2001-09,,390.09,1674.11,1674.11,,,1481.56,2007-03,2017-03,2017-03,,,,6,6,,,,FR_MAY_2012.pdf,Sector-Wise analysis of projects,47,126
FR_201205_127,,160100215,127,"IOR LAKWA - LAKHMANI (ONGCL) - ONGC,Assam",ONGCL,,PETROLEUM,2012-05,2001-09,,345.1,663.69,663.69,,,594.1,2007-03,2014-03,2014-03,,,,3,3,,,,FR_MAY_2012.pdf,Sector-Wise analysis of projects,47,127
FR_201205_128,,160100217,128,"IOR, RUDRASAGAR (ONGCL) - ONGC,Assam",ONGCL,,PETROLEUM,2012-05,2001-09,,113.9,438.85,438.85,,,265.66,2006-03,2013-03,2013-03,,,,6,6,,,,FR_MAY_2012.pdf,Sector-Wise analysis of projects,47,128
FR_201205_129,,N16000131,129,"Integrated Development of B-127 fields - ONGC,Maharashtra",,,PETROLEUM,2012-05,2011-12,,2059.63,,2059.63,,,,2015-03,,2015-03,,,,0,0,,,,FR_MAY_2012.pdf,Sector-Wise analysis of projects,47,129
FR_201205_130,,N16000072,130,"JAGDISHPUR-HALDIA PIPELINE PROJECT PHASE-I - GAIL,Multi State",,,PETROLEUM,2012-05,2009-07,,7596.18,,7596.18,,,2.2,2013-01,,2015-07,,,,0,0,,,,FR_MAY_2012.pdf,Sector-Wise analysis of projects,47,130
FR_201205_131,,N16000051,131,"JHAJJAR HISSAR PIPE LINE PROJECT - GAIL,Haryana",,,PETROLEUM,2012-05,2007-11,,281.07,45.0,281.07,,,3.41,2010-10,,2014-12,,,,0,0,,,,FR_MAY_2012.pdf,Sector-Wise analysis of projects,47,131
FR_201205_132,,N16000070,132,"KARANPUR MORADABAD-KASHIPUR- RUDRAPUR PIPELINE PROJECT PHASE- - GAIL,Multi State",,,PETROLEUM,2012-05,2009-07,,238.68,252.37,204.0,,,169.73,2012-01,,2012-07,,,,3,8,,,,FR_MAY_2012.pdf,Sector-Wise analysis of projects,48,132
FR_201205_133,,N16000129,133,"KOCHI KOOTTANAD BANGLORE MANGLORE PIPELINE PH-II - GAIL,Multi State",,,PETROLEUM,2012-05,2009-06,,2915.0,,2915.0,,,927.98,2012-12,2012-12,2013-04,,,,0,21,,,,FR_MAY_2012.pdf,Sector-Wise analysis of projects,48,133
FR_201205_134,,N16000071,134,"KOCHI-KOOTANAD BANGALORE- MANGALORE PIPELINE PROJEC - GAIL,Multi State",,,PETROLEUM,2012-05,2009-06,,348.0,,261.0,,,193.68,2012-03,2012-08,2012-08,,,,2,4,,,,FR_MAY_2012.pdf,Sector-Wise analysis of projects,48,134
FR_201205_135,,N16000114,135,"MRPL Phase-III Expansion - Mangalore Refin,Karnataka",,,PETROLEUM,2012-05,2008-08,,12412.0,12160.26,12160.26,,,8653.57,2012-01,,2012-09,,,,0,0,,,,FR_MAY_2012.pdf,Sector-Wise analysis of projects,48,135
FR_201205_136,,N16000060,136,"MUMBAI HIGH NORTH DEVELOPMENT PHASE-II - ONGC,Maharashtra",,,PETROLEUM,2012-05,2009-01,,7133.39,,6855.93,,,3456.81,2012-09,,2013-09,,,,0,0,,,,FR_MAY_2012.pdf,Sector-Wise analysis of projects,48,136
FR_201205_137,,N16000039,137,"MUMBAI HIGH SOUTH REDEVELOPMENT PH-2 - ONGC,Maharashtra",,,PETROLEUM,2012-05,2007-10,,5713.03,8813.41,8813.41,,,6939.45,2010-05,2013-03,2013-03,,,,0,0,,,,FR_MAY_2012.pdf,Sector-Wise analysis of projects,48,137
FR_201205_138,,N16000121,138,"Mehesana Redevelopment - ONGC,Gujarat",,,PETROLEUM,2012-05,2010-11,,3823.0,,3823.0,,,5.67,2015-04,,2015-04,,,,0,0,,,,FR_MAY_2012.pdf,Sector-Wise analysis of projects,48,138
FR_201205_139,,N16000096,139,"North Tapti Gas Field Development - ONGC,Multi State",,,PETROLEUM,2012-05,2008-07,,589.7,755.76,755.76,,,549.84,2011-03,2011-05,2012-10,,,,0,0,,,,FR_MAY_2012.pdf,Sector-Wise analysis of projects,48,139
FR_201205_140,,N16000031,140,"OFFSHORE GRID INTERCONNECTIVITY PROJECT IN MUMBAI HIGH - ONGC,Maharashtra",,,PETROLEUM,2012-05,2007-01,,740.02,,740.02,,,479.11,2010-03,2012-03,2013-05,,,,0,0,,,,FR_MAY_2012.pdf,Sector-Wise analysis of projects,48,140
FR_201205_141,,N16000058,141,"PARADIP REFINERY PROJECT - IOCL,Orissa",,,PETROLEUM,2012-05,2009-02,,29777.0,,30426.0,,,15728.0,2012-11,,2013-06,,,,57,100,,,,FR_MAY_2012.pdf,Sector-Wise analysis of projects,48,141
FR_201205_142,,N16000088,142,"PARADIP-RAIPUR-SAMBALPUR- RANCHI PIPELINE - IOCL,Multi State",,,PETROLEUM,2012-05,2009-08,,1793.0,,1400.0,,,606.13,2012-09,2012-09,2012-09,,,,0,11,,,,FR_MAY_2012.pdf,Sector-Wise analysis of projects,48,142
FR_201205_143,,N16000112,143,"PETROCHEMICAL COMPLEX-II AT VIJAYPUR AND PATA - GAIL,Multi State",,,PETROLEUM,2012-05,2010-08,,8140.0,,8140.0,,,1149.01,2014-02,,2014-02,,,,0,0,,,,FR_MAY_2012.pdf,Sector-Wise analysis of projects,48,143
FR_201205_144,,N16000137,144,"Pipeline Replacement Project-3 - ONGC,Multi State",,,PETROLEUM,2012-05,2012-04,,2547.26,,2547.26,,,,2014-05,,2014-05,,,,0,0,,,,FR_MAY_2012.pdf,Sector-Wise analysis of projects,48,144
FR_201205_145,,N16000113,145,"Polypropylene unit - Mangalore Refin,Karnataka",,,PETROLEUM,2012-05,2009-05,,1803.78,,1803.78,,,570.26,2012-07,,2012-10,,,,0,0,,,,FR_MAY_2012.pdf,Sector-Wise analysis of projects,48,145
FR_201205_146,,N16000057,146,"RESITEMENT OF MARKETING INSTALATION AT VISAKHAPATT - HPCL,Andhra Pradesh",,,PETROLEUM,2012-05,2009-01,,756.0,,898.0,,,847.0,2011-09,,,,,,0,0,,,,FR_MAY_2012.pdf,Sector-Wise analysis of projects,48,146
FR_201205_147,,N16000044,147,"REVAMPING OF WIN PLATFORM AT MH ASSET - ONGC,Maharashtra",,,PETROLEUM,2012-05,2008-05,,333.4,837.54,656.51,,,625.59,2010-05,2012-04,2012-06,,,,0,0,,,,FR_MAY_2012.pdf,Sector-Wise analysis of projects,48,147
FR_201205_148,,N16000098,148,"Up-gradation of Konaban GGS and Pipeline Grid Project - ONGC,Tripura",,,PETROLEUM,2012-05,2008-07,,288.04,288.04,288.04,,,144.02,2012-08,,2012-12,,,,0,0,,,,FR_MAY_2012.pdf,Sector-Wise analysis of projects,48,148
FR_201205_149,,N16000093,149,"VKPL UPGRADATION AND LAYING OF SPURLINE (TO BHILWARA AND CHI - GAIL,Multi State",,,PETROLEUM,2012-05,2009-12,,463.32,,330.47,,,210.72,2012-03,2012-03,2012-06,,,,0,20,,,,FR_MAY_2012.pdf,Sector-Wise analysis of projects,48,149
FR_201205_150,,N16000101,150,"Wax Project - NRL,Assam",,,PETROLEUM,2012-05,2010-06,,576.6,46.0,576.6,,,35.0,2013-12,2013-12,2013-12,,,,0,0,,,,FR_MAY_2012.pdf,Sector-Wise analysis of projects,48,150
FR_201205_151,,N18000069,151,"765 KV POOLING STATION AND NETWORK WITH DVC AND MA - PGCIL,Multi State",,,POWER,2012-05,2008-08,,7075.33,,7075.33,,,5174.0,,,2013-03,,,,0,11,,,,FR_MAY_2012.pdf,Sector-Wise analysis of projects,49,151
FR_201205_152,,N18000068,152,"765 KV SYSTEM FOR CENTRAL PART OF NORTHERN GRID PA - PGCIL,Multi State",,,POWER,2012-05,2009-02,,1347.32,,1347.32,,,1035.0,,,2012-10,,,,0,7,,,,FR_MAY_2012.pdf,Sector-Wise analysis of projects,49,152
FR_201205_153,,N18000079,153,"765KV SYSTEM FOR CENTRAL PART OF NORTHERN GRID PAR - PGCIL,Multi State",,,POWER,2012-05,2009-11,,1075.12,,1075.12,,,592.5,,,2012-12,,,,0,11,,,,FR_MAY_2012.pdf,Sector-Wise analysis of projects,49,153
FR_201205_154,,N18000078,154,"765KV SYSTEM FOR CENTRAL PART OF NORTHERN REGION G - PGCIL,Multi State",,,POWER,2012-05,2009-07,,1736.36,,1736.36,,,943.8,,,2012-12,,,,0,4,,,,FR_MAY_2012.pdf,Sector-Wise analysis of projects,49,154
FR_201205_155,,N18000047,155,"BARH STPP STAGE -II - NTPC,Bihar",,,POWER,2012-05,2008-02,,7341.04,,7341.04,,,4253.0,,,2014-06,,,,5,19,,,,FR_MAY_2012.pdf,Sector-Wise analysis of projects,49,155
FR_201205_156,,180100242,156,"BARH STPP STAGE I (3X660MW) NTPC - NTPC,Bihar",3X660MW,,POWER,2012-05,2003-12,,8692.97,,8693.0,,,7004.0,2009-12,2014-12,2016-03,,,,26,47,,,,FR_MAY_2012.pdf,Sector-Wise analysis of projects,49,156
FR_201205_157,,N18000041,157,"BONGAIGAON THERMAL POWER PROJECT - NTPC,Assam",,,POWER,2012-05,2008-01,,4375.35,,4375.35,,,3109.0,,,2014-11,,,,4,28,,,,FR_MAY_2012.pdf,Sector-Wise analysis of projects,49,157
FR_201205_158,,180100241,158,"CHAMERA,STAGE-III (NHPC) - NHPC,Himachal Pr.",NHPC,,POWER,2012-05,2005-08,,1405.63,,2084.0,,,1824.71,2010-08,2011-08,2012-06,,,,0,2,,,,FR_MAY_2012.pdf,Sector-Wise analysis of projects,49,158
FR_201205_159,,N18000007,159,"CHUTAK HYDRO-ELECTRIC PROJECT (NHPC) - NHPC,J and K",NHPC,,POWER,2012-05,2006-08,,621.26,,621.28,,,737.92,2011-02,,2012-10,,,,2,4,,,,FR_MAY_2012.pdf,Sector-Wise analysis of projects,49,159
FR_201205_160,,N18000111,160,"COMMON SYSTEM ASSOCIATED WITH ISGS PROJECTS IN KRISHNAPATTNA - PGCIL,Andhra Pradesh",,,POWER,2012-05,2011-08,,1637.34,,1637.34,,,176.7,,,2014-08,,,,0,20,,,,FR_MAY_2012.pdf,Sector-Wise analysis of projects,49,160
FR_201205_161,,N18000126,161,"COMMON SYSTEM ASSOCIATED WITH ISGS PROJECTS IN VEMAGIRI AREA - PGCIL,Andhra Pradesh",,,POWER,2012-05,2012-03,,206.44,,206.44,,,21.9,,,2014-06,,,,0,20,,,,FR_MAY_2012.pdf,Sector-Wise analysis of projects,49,161
FR_201205_162,,N18000103,162,"Common System Associated with Coastal Energen Priv - PGCIL,Tamil Nadu",,,POWER,2012-05,2011-09,,1940.13,,1940.13,,,197.9,,,2014-09,,,,0,20,,,,FR_MAY_2012.pdf,Sector-Wise analysis of projects,49,162
FR_201205_163,,N18000004,163,"EASTERN REGION STRENGTHENING SCHEME-I - PGCIL,Multi State",,,POWER,2012-05,2006-10,,975.96,,975.96,,,832.0,2009-10,,2012-12,,,,20,20,,,,FR_MAY_2012.pdf,Sector-Wise analysis of projects,49,163
FR_201205_164,,N18000100,164,"EASTERN REGION TRANSMISSION SYSTEM-III - PGCIL,Multi State",,,POWER,2012-05,2010-07,,1272.8,,1272.8,,,299.2,,,2013-09,,,,0,13,,,,FR_MAY_2012.pdf,Sector-Wise analysis of projects,49,164
FR_201205_165,,N18000123,165,"ESTABLISHMENT OF FIBER OPTIC COMMUNICATION SYSTEM IN NORTHER - PGCIL,Multi State",,,POWER,2012-05,2012-03,,198.63,,198.63,,,,2014-09,,2014-09,,,,0,0,,,,FR_MAY_2012.pdf,Sector-Wise analysis of projects,49,165
FR_201205_166,,N18000101,166,"ESTABLISHMENT OF POOLING STATIONS AT CHAMPA - PGCIL,Chhatisgarh",,,POWER,2012-05,2011-05,,1961.87,47.0,1961.87,,,278.1,,,2014-05,,,,0,16,,,,FR_MAY_2012.pdf,Sector-Wise analysis of projects,49,166
FR_201205_167,,N18000092,167,"Establishment of pooling stations at Rajgarh - PGCIL,Chhatisgarh",,,POWER,2012-05,2010-12,,1719.52,,1719.52,,,455.5,,,2013-08,,,,0,14,,,,FR_MAY_2012.pdf,Sector-Wise analysis of projects,50,167
FR_201205_168,,N18000082,168,"IMMEDIATE EVACUATION SYSTEM FOR NABINAGAR TPS - PGCIL,Bihar",,,POWER,2012-05,2010-02,,215.86,,215.86,,,179.3,,,2012-06,,,,0,9,,,,FR_MAY_2012.pdf,Sector-Wise analysis of projects,50,168
FR_201205_169,,N18000127,169,"IMMEDIATE EVACUATION SYSTEM WITH BARH-II TPS - PGCIL,Bihar",,,POWER,2012-05,2011-12,,901.77,,901.77,,,52.8,,,2014-08,,,,0,21,,,,FR_MAY_2012.pdf,Sector-Wise analysis of projects,50,169
FR_201205_170,,N18000110,170,"INTEGRATION OF POOLING STATION IN CHATTISGARH WITH - PGCIL,Multi State",,,POWER,2012-05,2011-08,,1391.97,,1391.97,,,182.1,2013-12,,2013-12,,,,0,0,,,,FR_MAY_2012.pdf,Sector-Wise analysis of projects,50,170
FR_201205_171,,N18000107,171,"INTEGRATION OF POOLING STATION IN CHATTISGARH WITH CENTRAL P - PGCIL,Chhatisgarh",,,POWER,2012-05,2011-08,,1391.97,,1391.97,,,185.7,,,2013-12,,,,0,13,,,,FR_MAY_2012.pdf,Sector-Wise analysis of projects,50,171
FR_201205_172,,N18000089,172,"INTERCONNECTION BETWEEN ELECTTRICAL GRIDS OF INDIA AND B - PGCIL,Multi State",,,POWER,2012-05,2010-10,,160.32,,160.32,,,39.0,,,2013-03,,,,0,15,,,,FR_MAY_2012.pdf,Sector-Wise analysis of projects,50,172
FR_201205_173,,180100246,173,"KAIGA 3&4 TRANSMISSION SYSTEM (PGCIL) - PGCIL,Karnataka",PGCIL,,POWER,2012-05,2005-03,,596.45,1007.16,1007.16,,,831.6,2007-12,2009-12,2009-12,,,,0,10,,,,FR_MAY_2012.pdf,Sector-Wise analysis of projects,50,173
FR_201205_174,,180100239,174,"KAMENG HYDROELECTRIC PROJECT (NEEPCO) - NEEPCO,Arunachal Pr.",NEEPCO,,POWER,2012-05,2004-12,,2496.9,,2496.0,,,1859.6,2013-05,2016-06,2017-03,,,,4,22,,,,FR_MAY_2012.pdf,Sector-Wise analysis of projects,50,174
FR_201205_175,,N18000031,175,"KISHANGANGA HEP - NHPC,J and K",,,POWER,2012-05,2007-07,,2238.67,3642.04,3642.0,,,1462.21,2016-01,2016-01,2016-11,,,,0,2,,,,FR_MAY_2012.pdf,Sector-Wise analysis of projects,50,175
FR_201205_176,,180100211,176,"KOLDAM HEP (NTPC) - NTPC,Himachal Pr.",NTPC,,POWER,2012-05,2002-10,,4527.15,,4527.15,,,4281.0,2009-04,2014-03,2014-03,,,,0,9,,,,FR_MAY_2012.pdf,Sector-Wise analysis of projects,50,176
FR_201205_177,,180100258,177,"KUDANKULAM-APP TRANS. SYSTEM (PGCIL) - PGCIL,Tamil Nadu",PGCIL,,POWER,2012-05,2005-05,,1779.29,,1779.29,,,1828.98,2008-09,,,,,,3,37,,,,FR_MAY_2012.pdf,Sector-Wise analysis of projects,50,177
FR_201205_178,,N18000124,178,"LINE BAYS AND REACTOR PROVISIONS AT POWERGRID SUBSTATIONS AS - PGCIL,Madhya pradesh",,,POWER,2012-05,2012-03,,213.78,,213.78,,,,2014-03,,2014-03,,,,0,0,,,,FR_MAY_2012.pdf,Sector-Wise analysis of projects,50,178
FR_201205_179,,N18000005,179,"LOHARINAG-PAL HEP(4X150MW) - NTPC,Uttaranchal",4X150MW,,POWER,2012-05,2006-06,,2895.1,,2895.1,,,690.0,2011-11,,2012-12,,,,6,34,,,,FR_MAY_2012.pdf,Sector-Wise analysis of projects,50,179
FR_201205_180,,N18000048,180,"MOUDA STPP (NTPC) - NTPC,Maharashtra",NTPC,,POWER,2012-05,2008-11,,5459.28,,6010.89,,,4116.0,2012-08,,2013-03,,,,10,16,,,,FR_MAY_2012.pdf,Sector-Wise analysis of projects,50,180
FR_201205_181,,N18000006,181,"NIMOO BAZGO HYDROELECTRIC PROJECT - NHPC,J and K",,,POWER,2012-05,2006-08,,611.01,,936.0,,,751.75,2010-08,2011-09,2013-01,,,,0,3,,,,FR_MAY_2012.pdf,Sector-Wise analysis of projects,50,181
FR_201205_182,,N18000066,182,"NORTH- EAST NORTH WESTERN INTERCONNECTOR I PROJECT - PGCIL,Multi State",,,POWER,2012-05,2009-02,,11130.19,,11130.19,,,4537.1,,,2014-09,,,,0,17,,,,FR_MAY_2012.pdf,Sector-Wise analysis of projects,50,182
FR_201205_183,,N18000054,183,"NORTHERN REGION SYSTEM STRENGHTENING SCHEME-XIII - PGCIL,Multi State",,,POWER,2012-05,2009-02,,317.69,,317.69,,,182.5,2011-11,,2012-06,,,,0,7,,,,FR_MAY_2012.pdf,Sector-Wise analysis of projects,50,183
FR_201205_184,,N18000056,184,"NORTHERN REGION SYSTEM STRENGHTENING SCHEME-XIX - PGCIL,Multi State",,,POWER,2012-05,2009-02,,410.29,,410.29,,,226.2,,,2013-03,,,,0,14,,,,FR_MAY_2012.pdf,Sector-Wise analysis of projects,50,184
FR_201205_185,,N18000052,185,"NORTHERN REGION SYSTEM STRENGHTENING SCHEME-XV - PGCIL,Multi State",,,POWER,2012-05,2009-02,,520.48,48.0,520.48,,,305.7,,,2013-03,,,,0,11,,,,FR_MAY_2012.pdf,Sector-Wise analysis of projects,50,185
FR_201205_186,,N18000053,186,"NORTHERN REGION SYSTEM STRENGHTENING SCHEME-XVIII - PGCIL,Multi State",,,POWER,2012-05,2009-02,,509.66,,509.66,,,324.1,,,2013-03,,,,0,14,,,,FR_MAY_2012.pdf,Sector-Wise analysis of projects,51,186
FR_201205_187,,N18000088,187,"NORTHERN REGION SYSTEM STRENGHTENING SCHEME-XX - PGCIL,Multi State",,,POWER,2012-05,2010-10,,182.68,,182.68,,,42.5,,,2013-01,,,,0,7,,,,FR_MAY_2012.pdf,Sector-Wise analysis of projects,51,187
FR_201205_188,,N18000094,188,"NORTHERN REGION SYSTEM STRENGTHENING SCHEME XVI - PGCIL,Multi State",,,POWER,2012-05,2010-07,,752.64,,752.64,,,167.4,,,2013-07,,,,0,12,,,,FR_MAY_2012.pdf,Sector-Wise analysis of projects,51,188
FR_201205_189,,N18000095,189,"NORTHERN REGION SYSTEM STRENGTHENING SCHEME- XXI - PGCIL,Multi State",,,POWER,2012-05,2010-08,,1677.57,,1677.57,,,399.5,,,2013-06,,,,0,12,,,,FR_MAY_2012.pdf,Sector-Wise analysis of projects,51,189
FR_201205_190,,N18000091,190,"NORTHERN REGION SYSTEM STRENGTHENING SCHEME-XXII - PGCIL,Multi State",,,POWER,2012-05,2010-12,,209.78,,209.78,,,52.8,,,2013-08,,,,0,16,,,,FR_MAY_2012.pdf,Sector-Wise analysis of projects,51,190
FR_201205_191,,N18000128,191,"NORTHERN REGION SYSTEM STRENGTHENING SCHEME-XXIV - PGCIL,Multi State",,,POWER,2012-05,2011-11,,723.63,,723.63,,,40.4,2014-11,,2014-11,,,,0,0,,,,FR_MAY_2012.pdf,Sector-Wise analysis of projects,51,191
FR_201205_192,,N18000083,192,"NORTHERN REGION TRANSMISSION STRENGTHENING SCHEME - PGCIL,Multi State",,,POWER,2012-05,2010-03,,965.58,,965.58,,,390.2,,,2013-03,,,,0,10,,,,FR_MAY_2012.pdf,Sector-Wise analysis of projects,51,192
FR_201205_193,,180100250,193,"PARBATI H.E.P. STAGE -III (NHPC) - NHPC,Himachal Pr.",NHPC,,POWER,2012-05,2005-10,,2304.56,,2716.0,,,1816.32,2010-10,2011-12,2013-01,,,,0,1,,,,FR_MAY_2012.pdf,Sector-Wise analysis of projects,51,193
FR_201205_194,,180100210,194,"PARBATI HEP (NHPC) II - NHPC,Himachal Pr.",NHPC,,POWER,2012-05,2002-09,,3919.59,,5524.0,,,3445.63,2009-09,2014-07,2017-12,,,,1,20,,,,FR_MAY_2012.pdf,Sector-Wise analysis of projects,51,194
FR_201205_195,,N18000045,195,"PARE HYDRO ELECTRIC PROJECT(110 MW) - NEEPCO,Arunachal Pr.",110 MW,,POWER,2012-05,2008-12,,573.99,,573.99,,,331.39,2012-08,2013-08,2014-09,,,,11,19,,,,FR_MAY_2012.pdf,Sector-Wise analysis of projects,51,195
FR_201205_196,,N18000024,196,"RAMPUR HEP(412 MW) - SJVNL,Himachal Pr.",412 MW,,POWER,2012-05,2007-01,,2047.03,,2047.03,,,1658.86,2012-01,,2013-09,,,,0,0,,,,FR_MAY_2012.pdf,Sector-Wise analysis of projects,51,196
FR_201205_197,,N18000073,197,"RIHAND STTP STAGE-III (2X500MW) (NTPC) - NTPC,Uttar Pradesh",NTPC,,POWER,2012-05,2009-01,,6230.81,,6230.81,,,3200.0,2012-10,,2013-03,,,,10,16,,,,FR_MAY_2012.pdf,Sector-Wise analysis of projects,51,197
FR_201205_198,,180100229,198,"SIPAT STPP STAGE - I (NTPC) - NTPC,Chhatisgarh",NTPC,,POWER,2012-05,2003-12,,8323.39,,8323.39,,,8230.0,2009-12,2011-12,2012-05,,,,59,60,,,,FR_MAY_2012.pdf,Sector-Wise analysis of projects,51,198
FR_201205_199,,180100221,199,"SUBANSIRI LOWER H.E.P (NHPC) - NHPC,Arunachal Pr.",NHPC,,POWER,2012-05,2003-09,,6285.33,,10667.0,,,5666.41,2010-09,2014-08,2016-12,,,,11,11,,,,FR_MAY_2012.pdf,Sector-Wise analysis of projects,51,199
FR_201205_200,,N18000097,200,"SUPPLEMENTARY TRANSMISSION ASSOCIATED WITH VAALLUR - PGCIL,Multi State",,,POWER,2012-05,2010-08,,170.36,,170.36,,,36.1,,,2013-04,,,,0,15,,,,FR_MAY_2012.pdf,Sector-Wise analysis of projects,51,200
FR_201205_201,,N18000065,201,"SUPPLEMENTRY TRANSMISSION ASSOCIATED WITH DVC AND - PGCIL,Multi State",,,POWER,2012-05,2008-08,,2360.95,,2360.95,,,1917.2,,,2012-12,,,,0,7,,,,FR_MAY_2012.pdf,Sector-Wise analysis of projects,51,201
FR_201205_202,,N18000067,202,"SYSTEM STRENGHTENING -XI IN SOUTHERN REGION - PGCIL,Multi State",,,POWER,2012-05,2009-03,,196.1,,196.1,,,132.8,,,2012-06,,,,0,5,,,,FR_MAY_2012.pdf,Sector-Wise analysis of projects,51,202
FR_201205_203,,N18000116,203,"SYSTEM STRENGTHENING IN NORTH/WEST PART OF WR FOR - PGCIL,Chhatisgarh",,,POWER,2012-05,2011-12,,1746.65,49.0,1746.65,,,47.9,,,2014-08,,,,0,20,,,,FR_MAY_2012.pdf,Sector-Wise analysis of projects,51,203
FR_201205_204,,N18000120,204,"SYSTEM STRENGTHENING IN WARDHA-AURANGABAD CORRIDOR FOR IPP P - PGCIL,Maharashtra",,,POWER,2012-05,2012-02,,1310.85,,1310.85,,,93.0,2015-02,,2015-02,,,,0,0,,,,FR_MAY_2012.pdf,Sector-Wise analysis of projects,52,204
FR_201205_205,,N18000117,205,"SYSTEM STRENTHENING IN RAIPUR- WARDHA CORRIDOR FOR IPP PROJEC - PGCIL,Chhatisgarh",,,POWER,2012-05,2012-01,,1422.85,,1422.85,,,95.1,,,2015-01,,,,0,19,,,,FR_MAY_2012.pdf,Sector-Wise analysis of projects,52,205
FR_201205_206,,N18000115,206,"SYTEM STRENGTHENING OF SOUTHERN REGION - XIV - PGCIL,Multi State",,,POWER,2012-05,2011-12,,297.33,,297.33,,,21.8,,,2014-08,,,,0,20,,,,FR_MAY_2012.pdf,Sector-Wise analysis of projects,52,206
FR_201205_207,,N18000109,207,"SYTEM STRENGTHENING XIII OF SR GRID - PGCIL,Multi State",,,POWER,2012-05,2011-10,,487.49,,487.49,,,51.5,,,2014-06,,,,0,19,,,,FR_MAY_2012.pdf,Sector-Wise analysis of projects,52,207
FR_201205_208,,N18000086,208,"System Strengthening -X of SR - PGCIL,Multi State",,,POWER,2012-05,2009-12,,276.61,,276.61,,,134.4,2012-04,,2012-04,,,,0,0,,,,FR_MAY_2012.pdf,Sector-Wise analysis of projects,52,208
FR_201205_209,,N18000085,209,"System Strengthening -XII of SR - PGCIL,Multi State",,,POWER,2012-05,2010-02,,232.34,,232.34,,,94.98,,,2012-06,,,,0,9,,,,FR_MAY_2012.pdf,Sector-Wise analysis of projects,52,209
FR_201205_210,,N18000081,210,"System Strengthening in NR for SASAN & MUNDRA (UMPP) - PGCIL,Multi State",UMPP,,POWER,2012-05,2009-12,,1216.83,,1216.83,,,717.1,,,2012-08,,,,0,11,,,,FR_MAY_2012.pdf,Sector-Wise analysis of projects,52,210
FR_201205_211,,N18000014,211,"TAPOVAN-VISHNUGAD HEP (4x130MW) (NTPC) - NTPC,Uttaranchal",NTPC,,POWER,2012-05,2006-11,,2978.48,,2978.48,,,1467.0,2013-03,,2015-09,,,,2,13,,,,FR_MAY_2012.pdf,Sector-Wise analysis of projects,52,211
FR_201205_212,,180100243,212,"TEESTA LOW DAM HEP, STAGE-IV (NHPC) - NHPC,West Bengal",NHPC,,POWER,2012-05,2005-09,,1061.38,,1501.75,,,1134.42,2009-09,,2013-06,,,,0,0,,,,FR_MAY_2012.pdf,Sector-Wise analysis of projects,52,212
FR_201205_213,,180100222,213,"TEESTA LOW DAM STAGE III HYDROELECTRIC POWER PROJE - NHPC,West Bengal",,,POWER,2012-05,2003-10,,768.92,,1628.39,,,1488.49,2007-03,,2012-09,,,,25,25,,,,FR_MAY_2012.pdf,Sector-Wise analysis of projects,52,213
FR_201205_214,,N18000010,214,"TEHRI PUMPED STORAGE PLANT(1000MW) - THDCL,Uttar Pradesh",1000MW,,POWER,2012-05,2006-07,,1657.0,2978.86,2978.86,,,325.98,2010-07,2016-02,2016-02,,,,1,10,,,,FR_MAY_2012.pdf,Sector-Wise analysis of projects,52,214
FR_201205_215,,N18000108,215,"TR SYSTEM FOR ESTABLISHMENT OF 400/220 KV GIS SUBSTATION AT - PGCIL,Madhya pradesh",,,POWER,2012-05,2011-07,,181.93,,181.93,,,45.3,,,2013-07,,,,0,20,,,,FR_MAY_2012.pdf,Sector-Wise analysis of projects,52,215
FR_201205_216,,N18000118,216,"TR SYSTEM FOR ESTABLISHMENT OF 400/220 KV GIS SUBSTATION AT - PGCIL,Gujarat",,,POWER,2012-05,2012-01,,259.28,,259.28,,,14.6,,,2014-01,,,,0,17,,,,FR_MAY_2012.pdf,Sector-Wise analysis of projects,52,216
FR_201205_217,,N18000113,217,"TR SYSTEM FOR PHASE-I GENERATION PROJECTS IN JHARKHAND AND W - PGCIL,Multi State",,,POWER,2012-05,2011-12,,2422.66,,2422.66,,,72.4,2014-08,,2014-08,,,,0,0,,,,FR_MAY_2012.pdf,Sector-Wise analysis of projects,52,217
FR_201205_218,,N18000129,218,"TR. SYS. FOR PHASE-I PROJ. IN JHARKHAN AND WEST BENGAL PART- - PGCIL,Multi State",,,POWER,2012-05,2012-02,,3201.44,,3201.44,,,,,,2014-10,,,,0,21,,,,FR_MAY_2012.pdf,Sector-Wise analysis of projects,52,218
FR_201205_219,,N18000064,219,"TR. SYSTEM ASSOCIATED WITH CHAMERA III HEP - PGCIL,Multi State",,,POWER,2012-05,2008-04,,297.37,,297.91,,,326.43,,,2012-09,,,,0,5,,,,FR_MAY_2012.pdf,Sector-Wise analysis of projects,52,219
FR_201205_220,,N18000061,220,"TR. SYSTEM ASSOCIATED WITH MUNDRA ULTRA MEGA POWER PROJECT - PGCIL,Multi State",,,POWER,2012-05,2008-10,,4824.12,50.0,4824.12,,,2701.1,,,2013-09,,,,0,12,,,,FR_MAY_2012.pdf,Sector-Wise analysis of projects,52,220
FR_201205_221,,N18000077,221,"TRANS SYSTEM FOR DEVELOPMENT OF POOLING STN IN NR - PGCIL,West Bengal",,,POWER,2012-05,2010-04,,4404.57,,4404.57,,,254.5,2015-01,,2015-01,,,,0,20,,,,FR_MAY_2012.pdf,Sector-Wise analysis of projects,53,221
FR_201205_222,,N18000096,222,"TRANS SYSTEM FOR PHASE-I GEN PROJECT IN ORISSA-C - PGCIL,Multi State",,,POWER,2012-05,2011-03,,2569.25,,2569.25,,,440.7,,,2014-03,,,,0,15,,,,FR_MAY_2012.pdf,Sector-Wise analysis of projects,53,222
FR_201205_223,,180100260,223,"TRANSMISSION SY. ASSOCIATED WITH BARH GENER. PROJECT(P.GR.) - PGCIL,Bihar",P.GR.,,POWER,2012-05,2005-12,,3779.46,,3779.46,,,3681.3,2009-09,,2012-06,,,,11,30,,,,FR_MAY_2012.pdf,Sector-Wise analysis of projects,53,223
FR_201205_224,,N18000090,224,"TRANSMISSION SYSTEM ASSOCIATED WITH KRISHNAPATNAM - PGCIL,Andhra Pradesh",,,POWER,2012-05,2010-12,,779.21,,779.21,,,371.0,,,2013-08,,,,0,14,,,,FR_MAY_2012.pdf,Sector-Wise analysis of projects,53,224
FR_201205_225,,N18000121,225,"TRANSMISSION SYSTEM ASSOCIATED WITH KRISHNAPATNAM UMPP-PART - PGCIL,Andhra Pradesh",,,POWER,2012-05,2012-02,,324.33,,324.33,,,1.3,,,2014-08,,,,0,20,,,,FR_MAY_2012.pdf,Sector-Wise analysis of projects,53,225
FR_201205_226,,N18000122,226,"TRANSMISSION SYSTEM ASSOCIATED WITH KRISHNAPATNAM UMPP-PART - PGCIL,Andhra Pradesh",,,POWER,2012-05,2012-02,,1927.16,,1927.16,,,17.3,,,2014-10,,,,0,20,,,,FR_MAY_2012.pdf,Sector-Wise analysis of projects,53,226
FR_201205_227,,N18000018,227,"TRANSMISSION SYSTEM ASSOCIATED WITH PARBATI-III HEP - PGCIL,Himachal Pr.",,,POWER,2012-05,2006-07,,557.24,,557.24,,,549.1,2010-01,,2013-02,,,,0,22,,,,FR_MAY_2012.pdf,Sector-Wise analysis of projects,53,227
FR_201205_228,,N18000063,228,"TRANSMISSION SYSTEM ASSOCIATED WITH RAMPUR HEP - PGCIL,Multi State",,,POWER,2012-05,2009-02,,184.19,,184.19,,,149.0,,,2013-03,,,,0,7,,,,FR_MAY_2012.pdf,Sector-Wise analysis of projects,53,228
FR_201205_229,,N18000046,229,"TRANSMISSION SYSTEM ASSOCIATED WITH SASAN ULTRA ME - PGCIL,Multi State",,,POWER,2012-05,2008-12,,7031.88,,7031.88,,,3618.9,,,2012-12,,,,0,11,,,,FR_MAY_2012.pdf,Sector-Wise analysis of projects,53,229
FR_201205_230,,N18000114,230,"TRANSMISSION SYSTEM FOR CONNECTIVITY OF ESSAR POWER GUJARAT - PGCIL,Gujarat",,,POWER,2012-05,2011-12,,552.44,,552.44,,,38.4,,,2014-02,,,,0,20,,,,FR_MAY_2012.pdf,Sector-Wise analysis of projects,53,230
FR_201205_231,,N18000106,231,"TRANSMISSION SYSTEM FOR CONNECTIVITY OF MB POWER LIMITED - PGCIL,Madhya pradesh",,,POWER,2012-05,2011-08,,425.51,,425.51,,,49.5,,,2013-10,,,,0,18,,,,FR_MAY_2012.pdf,Sector-Wise analysis of projects,53,231
FR_201205_232,,N18000102,232,"TRANSMISSION SYSTEM FOR ESTABLISHMENT OF 400/220 K - PGCIL,Maharashtra",,,POWER,2012-05,2011-07,,181.93,,181.93,,,45.3,2013-07,,2013-07,,,,0,0,,,,FR_MAY_2012.pdf,Sector-Wise analysis of projects,53,232
FR_201205_233,,N18000105,233,"TRANSMISSION SYSTEM FOR IPP GENERATION PROJECTS IN MP AND CH - PGCIL,Multi State",,,POWER,2012-05,2011-09,,1366.34,,1366.34,,,137.5,,,2013-12,,,,0,18,,,,FR_MAY_2012.pdf,Sector-Wise analysis of projects,53,233
FR_201205_234,,N18000104,234,"TRANSMISSION SYSTEM FOR PHASE-1 GENERATION PROJECTS IN JHARK - PGCIL,Jharkhandd",,,POWER,2012-05,2011-10,,558.26,,558.26,,,62.8,,,2013-11,,,,0,20,,,,FR_MAY_2012.pdf,Sector-Wise analysis of projects,53,234
FR_201205_235,,N18000087,235,"TRANSMISSION SYSTEM FOR PHASE-I GEN PROJECT IN ORI - PGCIL,Orissa",,,POWER,2012-05,2010-09,,2074.86,,2074.86,,,545.8,,,2013-03,,,,0,14,,,,FR_MAY_2012.pdf,Sector-Wise analysis of projects,53,235
FR_201205_236,,N18000093,236,"TRANSMISSION SYSTEM FOR PHASE-I GEN. PROJECT IN OR - PGCIL,Orissa",,,POWER,2012-05,2010-12,,2743.19,51.0,2743.19,,,587.2,,,2013-12,,,,0,13,,,,FR_MAY_2012.pdf,Sector-Wise analysis of projects,53,236
FR_201205_237,,N18000076,237,"TRANSMISSION SYSTEM OF VINDHYACHAL-IV AND RIHAND-I - PGCIL,Multi State",,,POWER,2012-05,2010-03,,4672.99,,4672.99,,,1222.5,,,2013-03,,,,0,15,,,,FR_MAY_2012.pdf,Sector-Wise analysis of projects,54,237
FR_201205_238,,N18000112,238,"TRANSMISSION SYSTEM STRENGTHENING IN WESTERN PART OF WR FOR - PGCIL,Chhatisgarh",,,POWER,2012-05,2011-11,,2127.51,,2127.51,,,183.1,,,2014-07,,,,0,19,,,,FR_MAY_2012.pdf,Sector-Wise analysis of projects,54,238
FR_201205_239,,N18000071,239,"TRIPURA GAS BASED POWER PROJECT - NEEPCO,Tripura",,,POWER,2012-05,2009-07,,421.01,623.44,623.44,,,250.55,2013-07,,2013-07,,,,3,29,,,,FR_MAY_2012.pdf,Sector-Wise analysis of projects,54,239
FR_201205_240,,N18000119,240,"TUIRIAL HYDRO ELECTRIC PROJECT (60MW) - NEEPCO,Mizoram",60MW,,POWER,2012-05,2011-01,,913.63,,913.63,,,313.71,2014-01,2015-02,2015-02,,,,0,0,,,,FR_MAY_2012.pdf,Sector-Wise analysis of projects,54,240
FR_201205_241,,N18000080,241,"Trans. System associated with PALLATANA GBPP & BPT - PGCIL,Multi State",,,POWER,2012-05,2010-02,,2144.0,,2144.0,,,759.1,,,2013-03,,,,0,11,,,,FR_MAY_2012.pdf,Sector-Wise analysis of projects,54,241
FR_201205_242,,N18000099,242,"Transmission system for transfer of power from Gen-PART B - PGCIL,Multi State",,,POWER,2012-05,2011-03,,1585.12,,1585.12,,,273.7,,,2013-11,,,,0,15,,,,FR_MAY_2012.pdf,Sector-Wise analysis of projects,54,242
FR_201205_243,,N18000098,243,"Transmission system for transfer of power from Gen. - PGCIL,Multi State",,,POWER,2012-05,2010-05,,250.03,,250.03,,,50.5,,,2013-01,,,,0,16,,,,FR_MAY_2012.pdf,Sector-Wise analysis of projects,54,243
FR_201205_244,,180100251,244,"URI H.E.P STAGE -II (NHPC) - NHPC,J and K",NHPC,,POWER,2012-05,2005-08,,1729.29,,1794.0,,,1729.07,2009-11,2011-11,2013-02,,,,0,4,,,,FR_MAY_2012.pdf,Sector-Wise analysis of projects,54,244
FR_201205_245,,N18000072,245,"VINDHYACHAL STTP STAGE-IV (NTPC) - NTPC,Madhya pradesh",NTPC,,POWER,2012-05,2009-01,,5915.0,,5915.0,,,3421.0,2012-10,,2013-03,,,,8,15,,,,FR_MAY_2012.pdf,Sector-Wise analysis of projects,54,245
FR_201205_246,,N18000042,246,"VISHNUGAD PIPALKOTI HYDRO ELECTRIC PROJECT - THDCL,Uttaranchal",,,POWER,2012-05,2008-08,,2491.58,2491.58,3422.44,,,306.16,2014-07,,2016-05,,,,1,3,,,,FR_MAY_2012.pdf,Sector-Wise analysis of projects,54,246
FR_201205_247,,N18000022,247,"WESTERN REGION STRENGTHENING SCHEME-II - PGCIL,Rajasthan",,,POWER,2012-05,2006-07,,5221.23,,5221.23,,,3125.7,2010-07,,2012-12,,,,20,20,,,,FR_MAY_2012.pdf,Sector-Wise analysis of projects,54,247
FR_201205_248,,N18000035,248,"WESTERN REGION STRENGTHENING SCHEME-V - PGCIL,Maharashtra",,,POWER,2012-05,2007-12,,477.69,,477.69,,,84.0,,,,,,,0,9,,,,FR_MAY_2012.pdf,Sector-Wise analysis of projects,54,248
FR_201205_249,,N18000051,249,"WESTERN REGION SYSTEM STRENGHTENING SCHEME-XI - PGCIL,Multi State",,,POWER,2012-05,2009-02,,409.5,,409.5,,,103.3,2012-02,,2012-06,,,,0,3,,,,FR_MAY_2012.pdf,Sector-Wise analysis of projects,54,249
FR_201205_250,,N18000125,250,"WR-NR HVDC INTERCONNECTOR FOR IPP PROJECTS IN CHHATTISGARH - PGCIL,Chhatisgarh Total",,,POWER,2012-05,2012-03,,9569.76,210306.58,9569.76,,,18.6,,,2015-06,,,,0,24,,,,FR_MAY_2012.pdf,Sector-Wise analysis of projects,54,250
FR_201205_251,,N22000099,251,"AGARTALA SABROOM, NL, NEFR - NEFR,Tripura",,,RAILWAYS,2012-05,2008-04,,813.34,52.0,1141.75,,,356.57,2014-03,,2014-03,,,,0,0,,,,FR_MAY_2012.pdf,Sector-Wise analysis of projects,54,251
FR_201205_252,,220100243,252,"AGRA-ETAWAH VIA FATEHABAD AND BAH (NL) NCR - NCR,Uttar Pradesh",NL,,RAILWAYS,2012-05,1999-04,,108.0,214.09,227.42,,,250.82,2009-12,2011-03,2011-03,,,,0,0,,,,FR_MAY_2012.pdf,Sector-Wise analysis of projects,55,252
FR_201205_253,,220100181,253,"AHMEDNAGAR-PARLI VAIJNATH(NL) CR - CR,Maharashtra",NL,,RAILWAYS,2012-05,1997-02,,353.08,514.68,2200.0,,,156.15,,,2013-03,,,,0,0,,,,FR_MAY_2012.pdf,Sector-Wise analysis of projects,55,253
FR_201205_254,,N22000082,254,"ALUABARI ROAD SILIGURI JUNCTION VIA GALGALIA, NEFR - NEFR,Multi State",,,RAILWAYS,2012-05,2006-12,,170.0,,453.04,,,391.98,2011-03,2011-03,2011-03,,,,0,0,,,,FR_MAY_2012.pdf,Sector-Wise analysis of projects,55,254
FR_201205_255,,220100118,255,"AMRAVATI-NARKHER NL(CR) - CR,Maharashtra",CR,,RAILWAYS,2012-05,1994-06,,120.9,284.27,548.95,,,518.18,1999-06,2011-03,2011-03,,,,0,0,,,,FR_MAY_2012.pdf,Sector-Wise analysis of projects,55,255
FR_201205_256,,220100252,256,"ANGAMALI-SABARIMALA (N.L.)(SR) - SR,Kerala",SR,,RAILWAYS,2012-05,1998-10,,550.0,,1214.0,,,96.96,,,,,,,0,0,,,,FR_MAY_2012.pdf,Sector-Wise analysis of projects,55,256
FR_201205_257,,N22000121,257,"Ahmedabad-Himmatnagar-Udaipur (WR) - WR,Gujarat",WR,,RAILWAYS,2012-05,2008-04,,394.14,,394.14,,,0.49,2013-03,,2013-03,,,,0,0,,,,FR_MAY_2012.pdf,Sector-Wise analysis of projects,55,257
FR_201205_258,,220100274,258,"BANGLORE - SATYAMANGALAM (NL)(SWR) - SWR,Karnataka",SWR,,RAILWAYS,2012-05,1999-02,,138.0,,901.62,,,0.29,,,,,,,0,0,,,,FR_MAY_2012.pdf,Sector-Wise analysis of projects,55,258
FR_201205_259,,220100277,259,"BANKURA - DAMODAR (GC) (SER) - SER,West Bengal",SER,,RAILWAYS,2012-05,1998-03,,111.9,1028.05,1412.74,,,433.94,2005-03,2008-12,2015-12,,,,0,0,,,,FR_MAY_2012.pdf,Sector-Wise analysis of projects,55,259
FR_201205_260,,N22000091,260,"BARDHAMAN-KATWA (GC) - ER,West Bengal",GC,,RAILWAYS,2012-05,2007-04,,245.15,1106.62,1106.62,,,198.7,2010-12,2011-03,2011-03,,,,0,0,,,,FR_MAY_2012.pdf,Sector-Wise analysis of projects,55,260
FR_201205_261,,220100164,261,"BELAPUR-SEAWOOD-URAN ELECTRIF-IED DOUBLE LINE(MTP) - MRTP,Maharashtra",MTP,,RAILWAYS,2012-05,1996-03,,401.81,495.44,1512.86,,,187.88,2004-03,2010-12,2010-12,,,,0,0,,,,FR_MAY_2012.pdf,Sector-Wise analysis of projects,55,261
FR_201205_262,,N22000100,262,"BHAIRABI SAIRONG, NL, NEFR - NEFR,Mizoram",,,RAILWAYS,2012-05,2008-04,,619.34,,2393.48,,,4.57,2014-04,,2015-03,,,,0,0,,,,FR_MAY_2012.pdf,Sector-Wise analysis of projects,55,262
FR_201205_263,,N22000077,263,"BHOPAL BINA 3D LINE DOUBLING - RVNL,Madhya pradesh",,,RAILWAYS,2012-05,2007-09,,687.2,,687.2,,,595.56,2010-03,,2012-12,,,,0,0,,,,FR_MAY_2012.pdf,Sector-Wise analysis of projects,55,263
FR_201205_264,,220100321,264,"BILASPUR-URKURA (DL) - RVNL,Chhatisgarh",DL,,RAILWAYS,2012-05,1997-04,,151.52,,350.0,,,315.39,2009-03,,2011-03,,,,0,0,,,,FR_MAY_2012.pdf,Sector-Wise analysis of projects,55,264
FR_201205_265,,220100201,265,"BPUTRA BRIDGE AT BOGIBIL & LINK LINES,NEFR - NEFR,Assam",,,RAILWAYS,2012-05,1997-09,,1000.0,1500.0,3230.01,,,2408.1,2008-04,2014-03,2015-12,,,,0,0,,,,FR_MAY_2012.pdf,Sector-Wise analysis of projects,55,265
FR_201205_266,,N22000119,266,"Bandel-Naihati new rail bridge in replacement of j - ER,West Bengal",,,RAILWAYS,2012-05,1999-04,,207.52,,207.52,,,126.13,2012-12,,2013-05,,,,0,0,,,,FR_MAY_2012.pdf,Sector-Wise analysis of projects,55,266
FR_201205_267,,N22000125,267,"Bhavnagar-workshop facilities for 50 BG coaches PO - WR,Gujarat",,,RAILWAYS,2012-05,2006-04,,117.36,196.95,196.95,,,178.2,2011-03,,2011-03,,,,0,0,,,,FR_MAY_2012.pdf,Sector-Wise analysis of projects,55,267
FR_201205_268,,N22000123,268,"Bhuj-Naliya(GC) with extension from naliya to Vayo - WR,Gujarat",GC,,RAILWAYS,2012-05,2008-04,,318.24,,468.62,,,0.99,2012-03,,2012-03,,,,0,0,,,,FR_MAY_2012.pdf,Sector-Wise analysis of projects,55,268
FR_201205_269,,220100151,269,"CALICUT-MANGALORE (DL) (SR) - SR,Multi State",SR,,RAILWAYS,2012-05,1996-02,,240.0,,579.37,,,600.41,,,2012-02,,,,0,0,,,,FR_MAY_2012.pdf,Sector-Wise analysis of projects,55,269
FR_201205_270,,220100241,270,"CHANDIGARH-LUDHIANA(NEW BG LINE),NR - (NR),Punjab",NR,,RAILWAYS,2012-05,1998-07,,248.44,576.27,1115.21,,,873.69,2012-12,2013-01,2013-01,,,,0,0,,,,FR_MAY_2012.pdf,Sector-Wise analysis of projects,55,270
FR_201205_271,,N22000053,271,"CHHAPRA-SETTING UP OF WHEEL MANUFACTURING PLANT - WS&PU,Bihar",,,RAILWAYS,2012-05,2005-03,,470.09,1417.97,1417.97,,,1011.09,,,2012-03,,,,0,0,,,,FR_MAY_2012.pdf,Sector-Wise analysis of projects,55,271
FR_201205_272,,220100324,272,"CHHINDWARA - NAGPUR (GC)(SECR) - SECR,Madhya pradesh",SECR,,RAILWAYS,2012-05,2005-04,,383.79,53.0,585.93,,,194.91,,,2013-12,,,,0,0,,,,FR_MAY_2012.pdf,Sector-Wise analysis of projects,55,272
FR_201205_273,,220100233,273,"CHURCHGATE-VIRAR:CONV.OF 1500V DC TRACTION TO 25 KV AC,WR - RE,Maharashtra",,,RAILWAYS,2012-05,1996-07,,653.84,1302.12,1302.12,,,608.97,2013-06,2012-06,2012-06,,,,0,0,,,,FR_MAY_2012.pdf,Sector-Wise analysis of projects,56,273
FR_201205_274,,N22000083,274,"CONSTRUCTION OF NEW LINE FROM HARMATI-ITANAGAR/NAR - NEFR,Arunachal Pr.",,,RAILWAYS,2012-05,1996-09,,156.0,,415.73,,,240.93,,,2012-03,,,,0,0,,,,FR_MAY_2012.pdf,Sector-Wise analysis of projects,56,274
FR_201205_275,,220100149,275,"DALLI-RAJHARA - RAOGHAT(PART OF DALLI-RAJHARA-JAGD - RVNL,Chhatisgarh",,,RAILWAYS,2012-05,1995-04,,304.0,,968.6,,,110.02,2012-12,,2012-12,,,,0,0,,,,FR_MAY_2012.pdf,Sector-Wise analysis of projects,56,275
FR_201205_276,,220100184,276,"DAUSA-GANGAPUR CITY(NL),NWR - NWR,Rajasthan",NL,,RAILWAYS,2012-05,1997-02,,151.84,410.08,410.08,,,181.81,,,2013-03,,,,0,0,,,,FR_MAY_2012.pdf,Sector-Wise analysis of projects,56,276
FR_201205_277,,220100273,277,"DEOGHAR - SULTANGANJ (INL), ER - ER,Multi State",INL,,RAILWAYS,2012-05,2000-04,,138.0,519.67,607.09,,,376.26,2012-12,2012-12,2012-12,,,,0,0,,,,FR_MAY_2012.pdf,Sector-Wise analysis of projects,56,277
FR_201205_278,,N22000080,278,"DINDIGUL-POLLACHI-PALGHAT- POLLACHI AND COIMBATORE - SR,Tamil Nadu",,,RAILWAYS,2012-05,2006-09,,343.17,,900.0,,,505.61,,,,,,,0,0,,,,FR_MAY_2012.pdf,Sector-Wise analysis of projects,56,278
FR_201205_279,,N22000116,279,"Dakshin-barasal-lakshmikantapur - ER,West Bengal",,,RAILWAYS,2012-05,2009-04,,259.51,533.38,533.38,,,80.26,2011-12,2012-02,2012-02,,,,0,0,,,,FR_MAY_2012.pdf,Sector-Wise analysis of projects,56,279
FR_201205_280,,N22000094,280,"ELECTRIFICATION OF KHURJA- MEERUT-SAHARANPUR & G'BA - RE,Uttar Pradesh",,,RAILWAYS,2012-05,2008-02,,171.1,,171.1,,,141.55,2012-03,,2012-03,,,,0,0,,,,FR_MAY_2012.pdf,Sector-Wise analysis of projects,56,280
FR_201205_281,,N22000095,281,"ELECTRIFICATION OF MORADABAD- ROZA - RE,Uttar Pradesh",,,RAILWAYS,2012-05,2004-12,,129.17,,250.0,,,227.48,2011-03,,2012-03,,,,0,0,,,,FR_MAY_2012.pdf,Sector-Wise analysis of projects,56,281
FR_201205_282,,N22000028,282,"EXT. OF MRTS FROM VELACHERY TO STN. THOMAS, MTP - MRTP,Tamil Nadu",,,RAILWAYS,2012-05,2006-04,,495.74,,495.74,,,152.82,2013-06,2013-06,2014-03,,,,0,0,,,,FR_MAY_2012.pdf,Sector-Wise analysis of projects,56,282
FR_201205_283,,220100009,283,"FREIGHT OPERATIONS INFORMATION SYSTEM (FOIS) - FOIS,Multi State",FOIS,,RAILWAYS,2012-05,1984-03,,520.0,634.13,634.13,,,551.09,1995-03,,2013-03,,,,0,0,,,,FR_MAY_2012.pdf,Sector-Wise analysis of projects,56,283
FR_201205_284,,220100270,284,"GADWAL - RAICHUR (NL), SCR - SCR,Multi State",NL,,RAILWAYS,2012-05,1998-04,,92.63,228.09,270.0,,,258.8,2011-02,2011-02,2012-03,,,,0,0,,,,FR_MAY_2012.pdf,Sector-Wise analysis of projects,56,284
FR_201205_285,,N22000045,285,"GOELKERA-MANOHARPUR,(LD)(SER) - SER,Jharkhandd",SER,,RAILWAYS,2012-05,1997-03,,186.92,261.7,261.7,,,39.12,2006-02,,2013-12,,,,0,0,,,,FR_MAY_2012.pdf,Sector-Wise analysis of projects,56,285
FR_201205_286,,220100255,286,"GONDA-GORAKHPUR LOOP WITH ANAND NAGAR-NAUTANWA GC (NER) - NER,Uttar Pradesh",NER,,RAILWAYS,2012-05,2002-03,,381.17,,863.23,,,509.13,,,,,,,0,0,,,,FR_MAY_2012.pdf,Sector-Wise analysis of projects,56,286
FR_201205_287,,220100186,287,"GONDIA-JABALPUR(GC),(SECR) - SECR,Multi State",SECR,,RAILWAYS,2012-05,1997-02,,386.3,1038.0,1038.0,,,590.26,1998-03,,,,,,0,0,,,,FR_MAY_2012.pdf,Sector-Wise analysis of projects,56,287
FR_201205_288,,220100254,288,"GULBARGA-BIDAR,SCR(NL) - SCR,Karnataka",NL,,RAILWAYS,2012-05,1998-02,,242.42,369.7,776.0,,,314.62,2009-05,,2009-05,,,,0,0,,,,FR_MAY_2012.pdf,Sector-Wise analysis of projects,56,288
FR_201205_289,,N22000117,289,"Ghutiasharif-Canning (ER) - ER,West Bengal",ER,,RAILWAYS,2012-05,2009-04,,189.97,611.03,611.03,,,89.65,2011-12,2013-11,2013-11,,,,0,0,,,,FR_MAY_2012.pdf,Sector-Wise analysis of projects,56,289
FR_201205_290,,220100303,290,"HAJIPUR-SUGAULI VIA VAISHALI (NL), ECR - ECR,Bihar",NL,,RAILWAYS,2012-05,2003-04,,324.66,528.65,324.66,,,178.53,,,2015-03,,,,0,0,,,,FR_MAY_2012.pdf,Sector-Wise analysis of projects,56,290
FR_201205_291,,220100285,291,"HARIDASPUR-PARADEEP(NL) - RVNL,Orissa",NL,,RAILWAYS,2012-05,1996-04,,301.64,1185.0,1185.0,,,211.91,2009-09,,2011-12,,,,0,0,,,,FR_MAY_2012.pdf,Sector-Wise analysis of projects,56,291
FR_201205_292,,N22000052,292,"HARNOUT -SET.UP OF W/S TO UND. POH OF UP TO50 COAC - WS&PU,Bihar",,,RAILWAYS,2012-05,2003-04,,98.74,224.51,337.3,,,222.07,,,2012-03,,,,0,0,,,,FR_MAY_2012.pdf,Sector-Wise analysis of projects,56,292
FR_201205_293,,220100183,293,"HASSAN-BANGALORE VIA SHRAVANA-BELGOLA(NL),SWR - SWR,Karnataka",NL,,RAILWAYS,2012-05,1997-02,,295.0,412.91,944.55,,,492.12,,,2013-01,,,,0,0,,,,FR_MAY_2012.pdf,Sector-Wise analysis of projects,57,293
FR_201205_294,,220100319,294,"HATHUA-BHATNI (N L) (NER) - NER,Multi State",NER,,RAILWAYS,2012-05,2005-04,,230.03,,230.03,,,137.83,,,,,,,0,0,,,,FR_MAY_2012.pdf,Sector-Wise analysis of projects,57,294
FR_201205_295,,220100208,295,"HOWRAH-AMTA-CHAMPADANGA NL (SER) - SER,West Bengal",SER,,RAILWAYS,2012-05,1974-04,,31.42,393.46,499.16,,,163.52,2007-03,2007-03,2014-03,,,,0,0,,,,FR_MAY_2012.pdf,Sector-Wise analysis of projects,57,295
FR_201205_296,,220100193,296,"HUBLI-ANKOLA(NL),SWR - SWR,Karnataka",NL,,RAILWAYS,2012-05,1995-04,,227.0,,997.58,,,69.45,,,,,,,0,0,,,,FR_MAY_2012.pdf,Sector-Wise analysis of projects,57,296
FR_201205_297,,N22000112,297,"Himmatnagar - Udaipur Gauge Canvession (NWR) - NWR,Rajasthan",NWR,,RAILWAYS,2012-05,2008-04,,829.74,,829.74,,,4.11,2015-03,,2015-03,,,,0,0,,,,FR_MAY_2012.pdf,Sector-Wise analysis of projects,57,297
FR_201205_298,,220100258,298,"JALANDHAR-PATHANKOT-JAMMU- TAWI (LD),NR - (NR),Multi State",NR,,RAILWAYS,2012-05,2002-03,,409.0,625.3,847.76,,,830.87,2007-06,,2007-06,,,,0,0,,,,FR_MAY_2012.pdf,Sector-Wise analysis of projects,57,298
FR_201205_299,,220100240,299,"JAYANAGAR-DARBHANGA-NARKATIA GANJ(GC),ECR - ECR,Bihar",GC,,RAILWAYS,2012-05,1997-04,,233.0,501.69,1043.6,,,636.03,2012-03,2012-06,2012-06,,,,0,0,,,,FR_MAY_2012.pdf,Sector-Wise analysis of projects,57,299
FR_201205_300,,220100280,300,"JIND-SONEPAT (NL),NR - (NR),Haryana",NR,,RAILWAYS,2012-05,2004-01,,190.81,238.56,500.0,,,409.77,2012-03,2012-03,2012-12,,,,0,0,,,,FR_MAY_2012.pdf,Sector-Wise analysis of projects,57,300
FR_201205_301,,220100288,301,"JIRIBAM TO IMPHAL (TUPUI)(NL)(NEFR) - NEFR,Manipur",NEFR,,RAILWAYS,2012-05,2003-04,,727.56,,4444.0,,,797.35,2011-03,2014-03,2016-03,,,,0,0,,,,FR_MAY_2012.pdf,Sector-Wise analysis of projects,57,301
FR_201205_302,,N22000113,302,"Jaipur - Ringus - Churu and Sikar - Loharu Guage C - NWR,Rajasthan",,,RAILWAYS,2012-05,2008-04,,653.19,,653.46,,,105.44,2014-03,,2014-03,,,,0,0,,,,FR_MAY_2012.pdf,Sector-Wise analysis of projects,57,302
FR_201205_303,,220100190,303,"KADUR-CHIKMAGALUR- SAKLESHPUR (NL),(SWR) - SWR,Karnataka",SWR,,RAILWAYS,2012-05,1996-04,,157.0,262.82,262.82,,,229.99,2012-03,2012-03,2012-10,,,,0,0,,,,FR_MAY_2012.pdf,Sector-Wise analysis of projects,57,303
FR_201205_304,,220100197,304,"KANPUR-KASGANJ- MATHURA(GC),NER - NER,Uttar Pradesh",GC,,RAILWAYS,2012-05,1997-03,,395.0,1062.36,1577.46,,,1255.66,,,2012-02,,,,0,0,,,,FR_MAY_2012.pdf,Sector-Wise analysis of projects,57,304
FR_201205_305,,220100256,305,"KAPTANGANJ-THAWE-SIWAN- CHHAPRA GC (NER) - NER,Multi State",NER,,RAILWAYS,2012-05,1999-04,,323.4,,750.89,,,474.97,,,,,,,1,1,,,,FR_MAY_2012.pdf,Sector-Wise analysis of projects,57,305
FR_201205_306,,220100191,306,"KARUR-SALEM(NL),SR - SR,Tamil Nadu",NL,,RAILWAYS,2012-05,1997-02,,155.55,229.88,712.0,,,713.06,,,,,,,0,0,,,,FR_MAY_2012.pdf,Sector-Wise analysis of projects,57,306
FR_201205_307,,220100247,307,"KATIHAR - JOGBANI (GC)(NEFR) - NEFR,Bihar",NEFR,,RAILWAYS,2012-05,2001-09,,100.0,492.98,1041.79,,,728.94,2010-12,2010-12,2015-03,,,,0,0,,,,FR_MAY_2012.pdf,Sector-Wise analysis of projects,57,307
FR_201205_308,,220100257,308,"KHAGARIA-KUSHESHWAR ASTHAN (NL) (ECR) - ECR,Bihar",ECR,,RAILWAYS,2012-05,1997-04,,78.23,162.87,162.87,,,90.41,,,2013-03,,,,0,0,,,,FR_MAY_2012.pdf,Sector-Wise analysis of projects,57,308
FR_201205_309,,220100327,309,"KHURDA ROAD - BARANG 3RD LINE (DL) (ECOR) - RVNL,Orissa",ECOR,,RAILWAYS,2012-05,2000-04,,133.41,207.0,225.0,,,206.01,2009-03,2009-03,2013-04,,,,0,0,,,,FR_MAY_2012.pdf,Sector-Wise analysis of projects,57,309
FR_201205_310,,220100284,310,"KHURDA ROAD-BOLANGIR(NL)ECOR - ECOR,Orissa",NL,,RAILWAYS,2012-05,1994-04,,355.38,470.21,1100.0,,,206.43,,,2012-03,,,,0,0,,,,FR_MAY_2012.pdf,Sector-Wise analysis of projects,57,310
FR_201205_311,,N22000101,311,"KISHANGANJ JALALGARH, NL, NEFR - NEFR,Bihar",,,RAILWAYS,2012-05,2008-04,,282.92,,359.86,,,1.22,,,2015-03,,,,0,0,,,,FR_MAY_2012.pdf,Sector-Wise analysis of projects,57,311
FR_201205_312,,220100306,312,"KODERMA GIRIDH (NL), ECR - ECR,Jharkhandd",NL,,RAILWAYS,2012-05,1996-04,,371.36,55.0,452.35,,,407.41,2010-03,,2010-03,,,,0,0,,,,FR_MAY_2012.pdf,Sector-Wise analysis of projects,57,312
FR_201205_313,,220100222,313,"KODERMA-RANCHI VIA BARKAKANA (NL),ECR - ECR,Jharkhandd",NL,,RAILWAYS,2012-05,1999-03,,491.19,1099.2,1099.2,,,1238.11,2005-07,,2005-07,,,,0,0,,,,FR_MAY_2012.pdf,Sector-Wise analysis of projects,58,313
FR_201205_314,,220100305,314,"KODERMA-TILAIYA (NL), ECR - ECR,Jharkhandd",NL,,RAILWAYS,2012-05,2002-04,,459.91,418.17,418.17,,,117.55,,,,,,,0,0,,,,FR_MAY_2012.pdf,Sector-Wise analysis of projects,58,314
FR_201205_315,,220100304,315,"KOSI BRIDGE (NL), ECR - ECR,Bihar",NL,,RAILWAYS,2012-05,2002-04,,323.41,,341.41,,,263.53,2012-03,2013-03,2013-03,,,,0,0,,,,FR_MAY_2012.pdf,Sector-Wise analysis of projects,58,315
FR_201205_316,,220100265,316,"KOTLPALLI-NARASAPUR (NL) (SCR) - SCR,Andhra Pradesh",SCR,,RAILWAYS,2012-05,2001-12,,330.0,1045.2,1047.0,,,9.41,,,,,,,0,0,,,,FR_MAY_2012.pdf,Sector-Wise analysis of projects,58,316
FR_201205_317,,220100212,317,"KOTTUR-HARIHAR(NL),(SWR) - SWR,Karnataka",SWR,,RAILWAYS,2012-05,1995-04,,65.94,302.23,302.23,,,335.67,,,2011-03,,,,0,0,,,,FR_MAY_2012.pdf,Sector-Wise analysis of projects,58,317
FR_201205_318,,N22000126,318,"Katakhal to Bhairabi - NEFR,Assam",,,RAILWAYS,2012-05,1998-04,,227.9,,223.01,,,105.81,2012-12,,2014-03,,,,0,0,,,,FR_MAY_2012.pdf,Sector-Wise analysis of projects,58,318
FR_201205_319,,220100232,319,"LALITPUR-SATNA-REWA-SINGRULI NL, (NCR) - NCR,Multi State",NCR,,RAILWAYS,2012-05,1998-09,,925.0,,925.0,,,504.78,2008-05,2011-03,2011-03,,,,0,0,,,,FR_MAY_2012.pdf,Sector-Wise analysis of projects,58,319
FR_201205_320,,220100007,320,"LALITPUR-SATNA-REWA-SINGRULI NL, (NCR) - NCR,Multi State",NCR,,RAILWAYS,2012-05,1985-04,,158.77,432.46,540.96,,,558.07,1994-03,,2011-12,,,,0,0,,,,FR_MAY_2012.pdf,Sector-Wise analysis of projects,58,320
FR_201205_321,,220100148,321,"LANJHIGARH-JUNAGARH NL(ECOR) - ECOR,Orissa",ECOR,,RAILWAYS,2012-05,1993-04,,100.0,142.98,227.94,,,200.21,2002-03,,2012-03,,,,0,0,,,,FR_MAY_2012.pdf,Sector-Wise analysis of projects,58,321
FR_201205_322,,N22000127,322,"Lumding-SILCHAR Jiribam, Badarpur- Baraigram Kumarg - NEFR,Assam",,,RAILWAYS,2012-05,1996-04,,1676.31,,4073.53,,,3083.48,2009-03,,2013-12,,,,0,0,,,,FR_MAY_2012.pdf,Sector-Wise analysis of projects,58,322
FR_201205_323,,220100220,323,"MACHERLA-NALGONDA(NL)(SCR) - SCR,Andhra Pradesh",SCR,,RAILWAYS,2012-05,1998-07,,125.0,363.26,480.0,,,0.35,2008-07,,2008-07,,,,0,0,,,,FR_MAY_2012.pdf,Sector-Wise analysis of projects,58,323
FR_201205_324,,220100316,324,"MAHARAJGANJ-MASRAKH (NL) - NER - NER,Bihar",NL,,RAILWAYS,2012-05,2003-04,,218.19,,218.19,,,153.9,,,,,,,0,0,,,,FR_MAY_2012.pdf,Sector-Wise analysis of projects,58,324
FR_201205_325,,220100168,325,"MANDARHILL-DUMKA-RAMPURHAT (NL),ER - ER,Jharkhandd",NL,,RAILWAYS,2012-05,1995-04,,184.0,900.05,900.05,,,519.54,2011-12,2011-12,2012-03,,,,0,0,,,,FR_MAY_2012.pdf,Sector-Wise analysis of projects,58,325
FR_201205_326,,N22000032,326,"MANOHARABAD-KOTHPALL NEW LINE(SCR) - SCR,Andhra Pradesh",SCR,,RAILWAYS,2012-05,2006-04,,378.56,671.82,791.6,,,0.76,,,,,,,0,0,,,,FR_MAY_2012.pdf,Sector-Wise analysis of projects,58,326
FR_201205_327,,N22000002,327,"MANSI-PURNIA (EXTENSION OF MANSI-SAHARSA) GAN ECR - ECR,Bihar",EXTENSION OF MANSI-SAHARSA,,RAILWAYS,2012-05,1996-04,,114.01,332.92,477.88,,,382.09,2012-03,2013-03,2013-03,,,,0,0,,,,FR_MAY_2012.pdf,Sector-Wise analysis of projects,58,327
FR_201205_328,,N22000079,328,"MAYLADUTHURAI-THIRUVARUR- KARAIKUDI-THIRU 'PONDI'-A - SR,Tamil Nadu",,,RAILWAYS,2012-05,2007-09,,404.19,,900.0,,,239.07,,,,,,,0,0,,,,FR_MAY_2012.pdf,Sector-Wise analysis of projects,58,328
FR_201205_329,,N22000093,329,"MUMBAI URBAN TRANSPORT PROJECT PHASE-I - MRTP,Maharashtra",,,RAILWAYS,2012-05,2003-04,,3125.2,4501.8,4501.8,,,4334.0,2011-06,2012-03,2012-03,,,,0,0,,,,FR_MAY_2012.pdf,Sector-Wise analysis of projects,58,329
FR_201205_330,,N22000092,330,"MUMBAI URBAN TRANSPORT PROJECT PHASE-II - MRTP,Maharashtra",,,RAILWAYS,2012-05,2008-04,,5300.0,,5300.0,,,698.48,2014-03,2016-03,2016-03,,,,0,0,,,,FR_MAY_2012.pdf,Sector-Wise analysis of projects,58,330
FR_201205_331,,220100205,331,"MUNEERABAD- MAHABOOBNAGAR(NL),SCR - SCR,Multi State",NL,,RAILWAYS,2012-05,1997-04,,218.24,377.32,645.0,,,123.29,,,2012-03,,,,0,0,,,,FR_MAY_2012.pdf,Sector-Wise analysis of projects,58,331
FR_201205_332,,220100194,332,"MUZAFFARPUR-SITAMARHI(NL),ECR - ECR,Bihar",NL,,RAILWAYS,2012-05,1997-04,,100.0,483.62,484.03,,,456.36,2012-03,2012-03,2012-06,,,,0,0,,,,FR_MAY_2012.pdf,Sector-Wise analysis of projects,58,332
FR_201205_333,,220100192,333,"NANDYAL-YERRAGUNTLA(NL),SCR - SCR,Andhra Pradesh",NL,,RAILWAYS,2012-05,1996-03,,155.74,429.49,883.0,,,583.67,2009-02,,2012-03,,,,0,0,,,,FR_MAY_2012.pdf,Sector-Wise analysis of projects,59,333
FR_201205_334,,220100188,334,"NANGALDAM-TALWARA(NL),NR - (NR),Multi State",NR,,RAILWAYS,2012-05,1981-03,,37.68,450.0,730.0,,,367.87,2012-07,2012-07,2012-07,,,,0,0,,,,FR_MAY_2012.pdf,Sector-Wise analysis of projects,59,334
FR_201205_335,,N22000087,335,"NEW B.G. LINE FROM ARARIA TO GALGALIA (THAKURGUNG) - NEFR,Bihar",THAKURGUNG,,RAILWAYS,2012-05,2006-09,,300.0,,532.87,,,39.45,,,,,,,0,0,,,,FR_MAY_2012.pdf,Sector-Wise analysis of projects,59,335
FR_201205_336,,N22000086,336,"NEW B.G. LINE FROM TETELIA TO BYRNIHAT (NATIONAL P - NEFR,Assam",,,RAILWAYS,2012-05,2006-09,,200.0,,385.2,,,100.31,,,2014-03,,,,0,0,,,,FR_MAY_2012.pdf,Sector-Wise analysis of projects,59,336
FR_201205_337,,220100266,337,"NEW MAYNAGURI TO JOGIGHOPA VIA CHANGRABANDHA (NL), - NEFR,Multi State",NL,,RAILWAYS,2012-05,2000-04,,733.0,,1655.81,,,1141.55,2008-12,,2014-03,,,,0,0,,,,FR_MAY_2012.pdf,Sector-Wise analysis of projects,59,337
FR_201205_338,,220100135,338,"New BG line Rly line from Eklakhi- Balurghat includ - NEFR,West Bengal",,,RAILWAYS,2012-05,1983-04,,36.8,274.41,703.17,,,242.01,,,2015-03,,,,0,0,,,,FR_MAY_2012.pdf,Sector-Wise analysis of projects,59,338
FR_201205_339,,N22000124,339,"New Line from Dimapur to Zubza(Kohima) national pr - NEFR,Nagaland",Kohima,,RAILWAYS,2012-05,2006-04,,850.0,,850.0,,,8.44,2015-03,,2015-03,,,,0,0,,,,FR_MAY_2012.pdf,Sector-Wise analysis of projects,59,339
FR_201205_340,,N22000111,340,"New Work for Construction of Metro railway - RVNL,West Bengal",,,RAILWAYS,2012-05,2010-04,,2619.02,2913.51,2913.51,,,101.35,2016-03,,2016-03,,,,0,0,,,,FR_MAY_2012.pdf,Sector-Wise analysis of projects,59,340
FR_201205_341,,N22000109,341,"New Work for Construction of Metro railway from Ba - RVNL,West Bengal",,,RAILWAYS,2012-05,2010-04,,2069.6,,2069.6,,,24.6,2014-03,2016-03,2016-03,,,,0,0,,,,FR_MAY_2012.pdf,Sector-Wise analysis of projects,59,341
FR_201205_342,,N22000110,342,"New Work for Construction of Metro railway from NS - RVNL,West Bengal",,,RAILWAYS,2012-05,2010-04,,3951.98,,3951.98,,,16.66,2016-03,,2016-03,,,,0,0,,,,FR_MAY_2012.pdf,Sector-Wise analysis of projects,59,342
FR_201205_343,,N22000108,343,"New Work for Construction of Metro railway from No - RVNL,West Bengal",,,RAILWAYS,2012-05,2010-04,,2397.72,,2397.72,,,21.98,2016-03,,2016-06,,,,0,0,,,,FR_MAY_2012.pdf,Sector-Wise analysis of projects,59,343
FR_201205_344,,N22000049,344,"OBULAVARIPALLE- KRISHNAPATNAM(RVNL) - RVNL,Andhra Pradesh",RVNL,,RAILWAYS,2012-05,2006-07,,743.0,,1117.11,,,386.6,2008-03,2008-06,,,,,0,0,,,,FR_MAY_2012.pdf,Sector-Wise analysis of projects,59,344
FR_201205_345,,N22000027,345,"PALWAL-BHUTESWAR 3RD LINE DOUBLING(NCR)(RVNL) - RVNL,Multi State",RVNL,,RAILWAYS,2012-05,2005-04,,240.0,,355.0,,,386.79,2009-03,2009-12,2011-03,,,,0,0,,,,FR_MAY_2012.pdf,Sector-Wise analysis of projects,59,345
FR_201205_346,,N22000076,346,"PANSPURA-KHARAGPUR 3D LINE - RVNL,West Bengal",,,RAILWAYS,2012-05,2007-09,,252.5,,270.0,,,230.7,2010-02,,2011-11,,,,0,0,,,,FR_MAY_2012.pdf,Sector-Wise analysis of projects,59,346
FR_201205_347,,220100308,347,"PATNA GANGA BRIDGE (NL), ECR - ECR,Bihar",NL,,RAILWAYS,2012-05,2001-04,,624.47,1389.98,1389.98,,,1284.98,2007-10,2012-12,2012-12,,,,0,0,,,,FR_MAY_2012.pdf,Sector-Wise analysis of projects,59,347
FR_201205_348,,220100106,348,"PEDAPALLI-KARIMNAGAR- NIZAMABAD NL(SCR) - SCR,Andhra Pradesh",SCR,,RAILWAYS,2012-05,1994-12,,124.43,495.68,925.3,,,561.57,,,2012-03,,,,0,0,,,,FR_MAY_2012.pdf,Sector-Wise analysis of projects,59,348
FR_201205_349,,N22000118,349,"Pandabeswar-Chinpai doubling (ER) - ER,West Bengal",ER,,RAILWAYS,2012-05,2004-04,,225.68,293.74,293.74,,,135.9,2010-12,2010-12,2010-12,,,,0,0,,,,FR_MAY_2012.pdf,Sector-Wise analysis of projects,59,349
FR_201205_350,,220100263,350,"QUILON-TIRUNELVELI-TENKASI- VIRUDHUNAGAR(SR)(GC) - SR,Multi State",GC,,RAILWAYS,2012-05,1998-03,,280.0,842.35,1029.0,,,733.51,,,2013-03,,,,0,0,,,,FR_MAY_2012.pdf,Sector-Wise analysis of projects,59,350
FR_201205_351,,220100329,351,"RAICHUR-GUNTAKAL(DL)(SCR) - RVNL,Andhra Pradesh",SCR,,RAILWAYS,2012-05,2003-04,,136.62,57.0,221.9,,,221.21,2007-12,2010-03,2010-12,,,,0,0,,,,FR_MAY_2012.pdf,Sector-Wise analysis of projects,59,351
FR_201205_352,,220100307,352,"RAIL-CUM-ROAD BRIDGE AT MUNGER (NL), ECR - ECR,Bihar",NL,,RAILWAYS,2012-05,2002-04,,921.0,,1115.63,,,711.4,2009-03,2012-12,2012-12,,,,0,0,,,,FR_MAY_2012.pdf,Sector-Wise analysis of projects,60,352
FR_201205_353,,220100286,353,"RAJATGARH-BARANG(LD),ECOR - RVNL,Orissa",LD,,RAILWAYS,2012-05,1999-04,,166.16,,243.4,,,248.52,2009-02,2009-02,2013-04,,,,0,0,,,,FR_MAY_2012.pdf,Sector-Wise analysis of projects,60,353
FR_201205_354,,N22000096,354,"RAJPIPLA-ANKELASHWAR, WR (GC) - WR,Gujarat",GC,,RAILWAYS,2012-05,2006-04,,196.97,,196.97,,,216.85,2011-03,,2012-06,,,,0,0,,,,FR_MAY_2012.pdf,Sector-Wise analysis of projects,60,354
FR_201205_355,,220100314,355,"RAMGANJMUNDI-BHOPAL (NL),WCR - WCR,Madhya pradesh",NL,,RAILWAYS,2012-05,2001-04,,727.13,727.13,1225.0,,,225.35,,,,,,,0,0,,,,FR_MAY_2012.pdf,Sector-Wise analysis of projects,60,355
FR_201205_356,,220100214,356,"RANCHI-LOHARDAGA(GC),SER - SER,Jharkhandd",GC,,RAILWAYS,2012-05,1997-04,,194.07,,456.45,,,292.01,2004-06,,2012-12,,,,0,0,,,,FR_MAY_2012.pdf,Sector-Wise analysis of projects,60,356
FR_201205_357,,220100315,357,"RANGIA-MURKONGSELEK, (GC) ALONG WITH LINKED FINGER - NEFR,Multi State",GC,,RAILWAYS,2012-05,2004-01,,915.7,,1717.29,,,1190.08,,,2013-03,,,,0,0,,,,FR_MAY_2012.pdf,Sector-Wise analysis of projects,60,357
FR_201205_358,,220100260,358,"REINGUNTA-GUNTAKAL(RE) - RVNL,Andhra Pradesh",RE,,RAILWAYS,2012-05,2000-06,,168.34,,370.0,,,338.03,2003-04,2010-03,,,,,0,0,,,,FR_MAY_2012.pdf,Sector-Wise analysis of projects,60,358
FR_201205_359,,220100279,359,"REWARI-ROHTAK (NL),NR - (NR),Haryana",NR,,RAILWAYS,2012-05,2004-01,,149.38,330.23,530.76,,,486.33,2010-02,2011-02,2011-02,,,,0,0,,,,FR_MAY_2012.pdf,Sector-Wise analysis of projects,60,359
FR_201205_360,,220100323,360,"RUPSA-BANGRIPOSI (GC)(SER) - SER,Orissa",SER,,RAILWAYS,2012-05,1996-02,,57.94,604.04,639.97,,,173.67,1998-03,2005-08,2005-08,,,,0,0,,,,FR_MAY_2012.pdf,Sector-Wise analysis of projects,60,360
FR_201205_361,,N22000107,361,"Ramanagram-Mysore doubling with electrification of - SWR,Karnataka",,,RAILWAYS,2012-05,2007-04,,482.0,482.7,482.7,,,329.78,2013-03,,2015-03,,,,0,0,,,,FR_MAY_2012.pdf,Sector-Wise analysis of projects,60,361
FR_201205_362,,N22000120,362,"Ratlam-Mhow-Khandwa-Akola (GC) - WR,Madhya pradesh",GC,,RAILWAYS,2012-05,2008-04,,603.04,,603.04,,,64.13,2012-03,,2013-03,,,,0,0,,,,FR_MAY_2012.pdf,Sector-Wise analysis of projects,60,362
FR_201205_363,,N22000075,363,"SALKA ROAD -ANUPNAGAR LINE DOUBLING - RVNL,Chhatisgarh",,,RAILWAYS,2012-05,2006-09,,324.9,,385.54,,,222.07,2010-03,,2012-03,,,,0,0,,,,FR_MAY_2012.pdf,Sector-Wise analysis of projects,60,363
FR_201205_364,,N22000102,364,"SEVOK RANGPO, NEFR - NEFR,Sikkim",,,RAILWAYS,2012-05,2008-04,,1339.48,,3380.58,,,52.63,2015-12,,2015-12,,,,0,0,,,,FR_MAY_2012.pdf,Sector-Wise analysis of projects,60,364
FR_201205_365,,220100313,365,"SRIGANGANAGAR-SARUPSAR (GC), NWR - NWR,Rajasthan",GC,,RAILWAYS,2012-05,2001-04,,143.92,258.6,279.59,,,234.26,2011-03,2011-03,2011-03,,,,0,0,,,,FR_MAY_2012.pdf,Sector-Wise analysis of projects,60,365
FR_201205_366,,220100325,366,"SUKINDA ROAD - ANGUL (NL)(ECOR) - RVNL,Orissa",ECOR,,RAILWAYS,2012-05,1998-04,,183.23,,818.29,,,,2015-02,,2015-02,,,,0,0,,,,FR_MAY_2012.pdf,Sector-Wise analysis of projects,60,366
FR_201205_367,,N22000114,367,"Suratpura - Hanumangarh - Sriganganagar Guage Conv - NWR,Rajasthan",,,RAILWAYS,2012-05,2008-04,,516.23,,516.23,,,196.61,2014-03,,2014-03,,,,0,0,,,,FR_MAY_2012.pdf,Sector-Wise analysis of projects,60,367
FR_201205_368,,220100328,368,"TALCHER-BIMALAGARH(NL)(ECOR) - ECOR,Orissa",ECOR,,RAILWAYS,2012-05,2005-04,,726.96,810.78,810.78,,,109.94,,,2013-03,,,,0,0,,,,FR_MAY_2012.pdf,Sector-Wise analysis of projects,60,368
FR_201205_369,,N22000097,369,"TAMLUK DIGHA,LINE DOUBLING (SER) - SER,West Bengal",SER,,RAILWAYS,2012-05,1984-03,,293.97,1025.39,1086.41,,,408.72,2005-06,2011-07,2016-06,,,,0,0,,,,FR_MAY_2012.pdf,Sector-Wise analysis of projects,60,369
FR_201205_370,,220100272,370,"TARAKESWAR - BISHNUPUR NEW BG LINE (NL), ER - ER,West Bengal",NL,,RAILWAYS,2012-05,2000-04,,157.96,1188.91,1188.91,,,485.56,2009-12,,2012-02,,,,0,0,,,,FR_MAY_2012.pdf,Sector-Wise analysis of projects,60,370
FR_201205_371,,N22000085,371,"TIDIVANAM-NAGARI (NL) - SR,Tamil Nadu",NL,,RAILWAYS,2012-05,2006-09,,456.0,582.83,582.83,,,112.89,,,,,,,0,0,,,,FR_MAY_2012.pdf,Sector-Wise analysis of projects,60,371
FR_201205_372,,N22000084,372,"TINDIVANAM-GINGEE- TIRUVANNAMALAI (NL) - SR,Tamil Nadu",NL,,RAILWAYS,2012-05,2006-09,,125.0,58.0,227.4,,,34.89,,,,,,,0,0,,,,FR_MAY_2012.pdf,Sector-Wise analysis of projects,60,372
FR_201205_373,,220100262,373,"TIRUCHIRAPPALI-NAGORE- KARAIKKAL(SR)(GC) - SR,Tamil Nadu",GC,,RAILWAYS,2012-05,1995-09,,100.0,,548.96,,,495.87,,,,,,,0,0,,,,FR_MAY_2012.pdf,Sector-Wise analysis of projects,61,373
FR_201205_374,,220100268,374,"TOLLYGANJ-GARIA with extension to Dum Dum-Noapara - MRTP,West Bengal",,,RAILWAYS,2012-05,2000-03,,907.69,3176.1,3176.1,,,3183.24,2006-12,2010-08,2010-08,,,,0,0,,,,FR_MAY_2012.pdf,Sector-Wise analysis of projects,61,374
FR_201205_375,,N22000115,375,"Tinpahar - Sahibganj (ER) - ER,Jharkhandd",ER,,RAILWAYS,2012-05,2008-04,,167.73,,167.73,,,41.63,2012-03,,2012-03,,,,0,0,,,,FR_MAY_2012.pdf,Sector-Wise analysis of projects,61,375
FR_201205_376,,220100133,376,"UDHAMPUR-SRINAGAR-BARAMULLA (NL),NR - (NR),J and K",NR,,RAILWAYS,2012-05,1995-03,,2500.0,,20000.0,,,7939.79,2001-03,,2017-12,,,,0,0,,,,FR_MAY_2012.pdf,Sector-Wise analysis of projects,61,376
FR_201205_377,,N22000088,377,"UTRATIA-ZAFRABAD, NR (LINE DOUBLING) - (NR),Uttar Pradesh",NR,,RAILWAYS,2012-05,2006-04,,325.0,,820.4,,,146.21,2010-03,2014-06,2014-06,,,,0,0,,,,FR_MAY_2012.pdf,Sector-Wise analysis of projects,61,377
FR_201205_378,,N22000122,378,"Udhna-Jalgaon with electrification(doubling) (WR) - WR,Gujarat",WR,,RAILWAYS,2012-05,2008-04,,1389.62,,1389.62,,,283.11,2014-03,,2014-03,,,,0,0,,,,FR_MAY_2012.pdf,Sector-Wise analysis of projects,61,378
FR_201205_379,,220100062,379,"VIRAMGAM-BHILDI(WR),GC - WR,Multi State Total",WR,,RAILWAYS,2012-05,1990-04,,155.66,356.87,356.87,,,161.67,2010-03,,,,,,0,0,,,,FR_MAY_2012.pdf,Sector-Wise analysis of projects,61,379
FR_201205_380,,N24000166,380,"2 LANNING OF MOKAMA-MUNGER - NHAI,Bihar",,,ROAD TRANSPORT & HIGHWAYS,2012-05,2011-05,,351.54,,351.54,,,163.93,2013-05,,2014-03,,,,0,0,,,,FR_MAY_2012.pdf,Sector-Wise analysis of projects,61,380
FR_201205_381,,N24000188,381,"2 LANNING OF MUZAFFARPUR - SONBARSA - NHAI,Bihar",,,ROAD TRANSPORT & HIGHWAYS,2012-05,2011-05,,511.54,,511.54,,,65.78,2013-11,,2013-11,,,,0,0,,,,FR_MAY_2012.pdf,Sector-Wise analysis of projects,61,381
FR_201205_382,,N24000181,382,"2-LANNING OF SHILONG BYPASS - NHAI,Meghalaya",,,ROAD TRANSPORT & HIGHWAYS,2012-05,2011-02,,226.0,,226.0,,,194.2,2014-02,,2014-02,,,,0,0,,,,FR_MAY_2012.pdf,Sector-Wise analysis of projects,61,382
FR_201205_383,,N24000184,383,"2-LANNING WITH PS KHAGARIA- PURNEA - NHAI,Bihar",,,ROAD TRANSPORT & HIGHWAYS,2012-05,2011-05,,664.0,,664.0,,,15.15,2014-02,,2014-04,,,,0,0,,,,FR_MAY_2012.pdf,Sector-Wise analysis of projects,61,383
FR_201205_384,,N24000186,384,"2-LANNING WITH PS MOTIHARI- RAXAUL - NHAI,Bihar",,,ROAD TRANSPORT & HIGHWAYS,2012-05,2011-10,,375.09,,375.09,,,20.75,2014-04,,2014-04,,,,0,0,,,,FR_MAY_2012.pdf,Sector-Wise analysis of projects,61,384
FR_201205_385,,N24000190,385,"2laning with PS Gopalganj-Chappra - NHAI,Bihar",,,ROAD TRANSPORT & HIGHWAYS,2012-05,2011-12,,325.0,,325.0,,,111.04,2014-05,,2014-05,,,,0,0,,,,FR_MAY_2012.pdf,Sector-Wise analysis of projects,61,385
FR_201205_386,,N24000155,386,"4 LANING OF NAGPUR-BETUL - NHAI,Multi State",,,ROAD TRANSPORT & HIGHWAYS,2012-05,2011-02,,2498.76,,2498.76,,,196.58,2014-08,,2014-08,,,,0,0,,,,FR_MAY_2012.pdf,Sector-Wise analysis of projects,61,386
FR_201205_387,,N24000167,387,"4 LANNING OF AHMEDABAD TO GODHARA - NHAI,Gujarat",,,ROAD TRANSPORT & HIGHWAYS,2012-05,2010-12,,1008.5,,1008.5,,,1079.1,2013-06,,2013-06,,,,0,0,,,,FR_MAY_2012.pdf,Sector-Wise analysis of projects,61,387
FR_201205_388,,N24000153,388,"4 LANNING OF BELGUM-KHANPUR SECTION AND 2 LANING - NHAI,Karnataka",,,ROAD TRANSPORT & HIGHWAYS,2012-05,2011-03,,359.0,,359.0,,,,2013-09,,2014-07,,,,0,0,,,,FR_MAY_2012.pdf,Sector-Wise analysis of projects,61,388
FR_201205_389,,N24000168,389,"4 LANNING OF GODHARA TO GUJARAT/MP BORDER - NHAI,Gujarat",,,ROAD TRANSPORT & HIGHWAYS,2012-05,2011-03,,785.5,,785.5,,,472.11,2013-08,,2013-08,,,,0,0,,,,FR_MAY_2012.pdf,Sector-Wise analysis of projects,61,389
FR_201205_390,,N24000187,390,"4-LANNING OF CHAPRA-HAJIPUR - NHAI,Bihar",,,ROAD TRANSPORT & HIGHWAYS,2012-05,2011-01,,575.0,,575.0,,,343.02,2013-07,,2013-07,,,,0,0,,,,FR_MAY_2012.pdf,Sector-Wise analysis of projects,61,390
FR_201205_391,,N24000191,391,"4-laning of Barhi-Hazaribagh - NHAI,Jharkhandd",,,ROAD TRANSPORT & HIGHWAYS,2012-05,2012-02,,398.0,,398.0,,,,2014-02,,2014-02,,,,0,0,,,,FR_MAY_2012.pdf,Sector-Wise analysis of projects,61,391
FR_201205_392,,N24000203,392,"4-laning of Brahampore-Faraka - NHAI,Multi State",,,ROAD TRANSPORT & HIGHWAYS,2012-05,2011-02,,998.79,59.0,998.79,,,498.45,2013-08,,2013-08,,,,0,0,,,,FR_MAY_2012.pdf,Sector-Wise analysis of projects,61,392
FR_201205_393,,N24000202,393,"4-laning of Faraka-Raiganj - NHAI,Multi State",,,ROAD TRANSPORT & HIGHWAYS,2012-05,2011-02,,1078.84,,1078.84,,,528.0,2013-08,,2013-08,,,,0,0,,,,FR_MAY_2012.pdf,Sector-Wise analysis of projects,62,393
FR_201205_394,,N24000204,394,"4-laning of Raiganj-Dalkola - NHAI,Multi State",,,ROAD TRANSPORT & HIGHWAYS,2012-05,2011-02,,580.43,,580.43,,,218.49,2013-08,,2013-08,,,,0,0,,,,FR_MAY_2012.pdf,Sector-Wise analysis of projects,62,394
FR_201205_395,,N24000098,395,"AGRA-BYPASS(NS-1/UP-1),KM 176.8- 13.03 NH-2,3 - NHAI,Uttar Pradesh",NS-1/UP-1,,ROAD TRANSPORT & HIGHWAYS,2012-05,2003-12,,348.16,,465.5,,,151.69,2007-09,,2013-06,,,,0,0,,,,FR_MAY_2012.pdf,Sector-Wise analysis of projects,62,395
FR_201205_396,,240101173,396,"AGRA-SHIKOHABAD (GQ) KM.199.66- KM.250.50 (NH-2) - NHAI,Uttar Pradesh",NH-2,,ROAD TRANSPORT & HIGHWAYS,2012-05,2000-04,,367.49,,367.49,,,453.68,2005-03,,2012-10,,,,0,0,,,,FR_MAY_2012.pdf,Sector-Wise analysis of projects,62,396
FR_201205_397,,N24000147,397,"AMRITSAR-PATHANKOT - NHAI,Punjab",,,ROAD TRANSPORT & HIGHWAYS,2012-05,2010-05,,705.0,,705.0,,,996.43,2012-11,,2013-06,,,,0,0,,,,FR_MAY_2012.pdf,Sector-Wise analysis of projects,62,397
FR_201205_398,,N24000045,398,"ASSAM/WB BORDER TO GAIRKATTA (WB-1) - NHAI,West Bengal",WB-1,,ROAD TRANSPORT & HIGHWAYS,2012-05,2003-12,,221.82,,221.82,,,278.86,2008-11,,2012-06,,,,0,0,,,,FR_MAY_2012.pdf,Sector-Wise analysis of projects,62,398
FR_201205_399,,240106260,399,"AURANG-RAIPUR, NH-6, KM.232 TO KM.281 - NHAI,Chhatisgarh",,,ROAD TRANSPORT & HIGHWAYS,2012-05,2005-03,,190.0,,190.0,,,256.19,2009-01,,2012-06,,,,0,0,,,,FR_MAY_2012.pdf,Sector-Wise analysis of projects,62,399
FR_201205_400,,N24000143,400,"Armur to kadloor yellareddy - NHAI,Andhra Pradesh",,,ROAD TRANSPORT & HIGHWAYS,2012-05,2010-02,,390.56,,390.56,,,631.65,2012-02,,2012-07,,,,0,0,,,,FR_MAY_2012.pdf,Sector-Wise analysis of projects,62,400
FR_201205_401,,N24000116,401,"BALASORE BHADRAK (REVIVED) KM 136.5 - 199.14 NH-5 - NHAI,Orissa",REVIVED,,ROAD TRANSPORT & HIGHWAYS,2012-05,2000-04,,228.7,,228.7,,,188.72,2004-02,,2012-07,,,,0,0,,,,FR_MAY_2012.pdf,Sector-Wise analysis of projects,62,401
FR_201205_402,,N24000200,402,"BAREILY-SITAPUR - NHAI,Uttar Pradesh",,,ROAD TRANSPORT & HIGHWAYS,2012-05,2011-03,,1046.0,,1046.0,,,79.65,2013-09,,2013-09,,,,0,0,,,,FR_MAY_2012.pdf,Sector-Wise analysis of projects,62,402
FR_201205_403,,N24000199,403,"BEAWAR-PALI-PINDWARA - NHAI,Rajasthan",,,ROAD TRANSPORT & HIGHWAYS,2012-05,2011-12,,2388.0,,2388.0,,,154.33,2014-06,,2014-06,,,,0,0,,,,FR_MAY_2012.pdf,Sector-Wise analysis of projects,62,403
FR_201205_404,,N24000158,404,"BELGAUM-DHARWAD(NH-4) - NHAI,Karnataka",NH-4,,ROAD TRANSPORT & HIGHWAYS,2012-05,2010-12,,480.0,,480.0,,,331.15,,,2013-10,,,,2,2,,,,FR_MAY_2012.pdf,Sector-Wise analysis of projects,62,404
FR_201205_405,,N24000192,405,"BHOPAL-SANCHI - NHAI,Madhya pradesh",,,ROAD TRANSPORT & HIGHWAYS,2012-05,2011-10,,209.0,,209.0,,,3.77,2013-01,,2013-01,,,,0,0,,,,FR_MAY_2012.pdf,Sector-Wise analysis of projects,62,405
FR_201205_406,,N24000195,406,"BHUBANESWAR TO PURI - NHAI,Orissa",,,ROAD TRANSPORT & HIGHWAYS,2012-05,2011-03,,500.29,,500.29,,,329.47,2013-08,,2013-08,,,,0,0,,,,FR_MAY_2012.pdf,Sector-Wise analysis of projects,62,406
FR_201205_407,,240106293,407,"BIJNI TO ASSAM /WB.BORDER (NH- 31.C)(2)(NHAI) - NHAI,Assam",NHAI,,ROAD TRANSPORT & HIGHWAYS,2012-05,2003-12,,237.8,,237.8,,,240.61,2008-06,,2012-12,,,,0,0,,,,FR_MAY_2012.pdf,Sector-Wise analysis of projects,62,407
FR_201205_408,,240106290,408,"BIJNI TO ASSAM WB BORDER (NH- 31.C)(1)(NHAI) - NHAI,Assam",NHAI,,ROAD TRANSPORT & HIGHWAYS,2012-05,2003-12,,195.0,,195.0,,,199.07,2008-06,,2013-03,,,,0,0,,,,FR_MAY_2012.pdf,Sector-Wise analysis of projects,62,408
FR_201205_409,,240106226,409,"BIJNI TO ASSAM/WB BORDER PH.II, KM.30.00 TO 0.00, NH-31 C - NHAI,Assam",,,ROAD TRANSPORT & HIGHWAYS,2012-05,2003-12,,230.0,,230.0,,,225.24,2005-06,,2012-09,,,,0,0,,,,FR_MAY_2012.pdf,Sector-Wise analysis of projects,62,409
FR_201205_410,,N24000063,410,"BRAHMPUTRA BRIDGE,NH NO-31 - NHAI,Assam",,,ROAD TRANSPORT & HIGHWAYS,2012-05,2003-12,,217.61,,217.61,,,189.55,2010-04,,2012-12,,,,0,0,,,,FR_MAY_2012.pdf,Sector-Wise analysis of projects,62,410
FR_201205_411,,N24000068,411,"CHAMBAL BRIDGE, NH-76 (RJ-5) - NHAI,Rajasthan",RJ-5,,ROAD TRANSPORT & HIGHWAYS,2012-05,2003-12,,275.0,,281.31,,,179.23,2010-02,,2013-12,,,,0,0,,,,FR_MAY_2012.pdf,Sector-Wise analysis of projects,62,411
FR_201205_412,,N24000144,412,"CHENGAPALLI TO COIMBATORE BYPASS KM-102.035-144.740 KM - NHAI,Tamil Nadu",,,ROAD TRANSPORT & HIGHWAYS,2012-05,2010-09,,852.0,,852.0,,,610.2,2013-03,,2013-03,,,,0,0,,,,FR_MAY_2012.pdf,Sector-Wise analysis of projects,62,412
FR_201205_413,,N24000157,413,"CHITRADURGA-TUMKUR(NH-4) - NHAI,Karnataka",NH-4,,ROAD TRANSPORT & HIGHWAYS,2012-05,2011-03,,839.0,60.0,839.0,,,91.32,,,2013-12,,,,0,1,,,,FR_MAY_2012.pdf,Sector-Wise analysis of projects,62,413
FR_201205_414,,N24000145,414,"CUDDAPAH-MYDUKUR-KURNOOL KM-167.750-356.502 KM - NHAI,Andhra Pradesh",,,ROAD TRANSPORT & HIGHWAYS,2012-05,2010-11,,1585.0,,1585.0,,,914.62,2013-05,,2013-05,,,,0,0,,,,FR_MAY_2012.pdf,Sector-Wise analysis of projects,63,414
FR_201205_415,,N24000129,415,"Chennai-Tada(Six lane) - NHAI,Tamil Nadu",Six lane,,ROAD TRANSPORT & HIGHWAYS,2012-05,2009-04,,353.37,,353.37,,,242.93,2011-10,,2014-03,,,,0,0,,,,FR_MAY_2012.pdf,Sector-Wise analysis of projects,63,415
FR_201205_416,,N24000132,416,"Chilkaluripet-Vijaywada 6 lane (km 355 to Km 434.1) - NHAI,Andhra Pradesh",km 355 to Km 434.1,,ROAD TRANSPORT & HIGHWAYS,2012-05,2009-05,,572.3,,572.3,,,663.32,2011-10,,2013-06,,,,0,0,,,,FR_MAY_2012.pdf,Sector-Wise analysis of projects,63,416
FR_201205_417,,240106288,417,"DAKOBA TO NAGAON (NH-36)(NHAI) - NHAI,Assam",NHAI,,ROAD TRANSPORT & HIGHWAYS,2012-05,2003-12,,225.0,,225.0,,,275.76,2008-06,,2012-12,,,,0,0,,,,FR_MAY_2012.pdf,Sector-Wise analysis of projects,63,417
FR_201205_418,,240106244,418,"DEEWAPUR TO UP/BIHAR BORDER (LMNHP-9)-NH-28, KM.402-360.915 - NHAI,Bihar",LMNHP-9,,ROAD TRANSPORT & HIGHWAYS,2012-05,2003-12,,300.0,,300.0,,,170.23,2008-10,,2014-03,,,,0,0,,,,FR_MAY_2012.pdf,Sector-Wise analysis of projects,63,418
FR_201205_419,,N24000122,419,"DELHI/ HARYANA BORDER TO ROHTAK - NHAI,Haryana",,,ROAD TRANSPORT & HIGHWAYS,2012-05,2007-04,,486.0,,486.0,,,579.9,2010-05,,2012-12,,,,0,0,,,,FR_MAY_2012.pdf,Sector-Wise analysis of projects,63,419
FR_201205_420,,N24000148,420,"DEOLI-KOTA - NHAI,Rajasthan",,,ROAD TRANSPORT & HIGHWAYS,2012-05,2011-01,,953.0,,593.0,,,324.26,2013-07,,2013-07,,,,0,0,,,,FR_MAY_2012.pdf,Sector-Wise analysis of projects,63,420
FR_201205_421,,N24000173,421,"DEVELOPMENT OF ADIQUATE ROAD CONNECTIVITY TO CHENN - NHAI,Tamil Nadu",,,ROAD TRANSPORT & HIGHWAYS,2012-05,2011-06,,600.0,,600.0,,,75.85,2013-06,,2013-06,,,,0,0,,,,FR_MAY_2012.pdf,Sector-Wise analysis of projects,63,421
FR_201205_422,,N24000152,422,"DEVIHALLI-HASSAN - NHAI,Karnataka",,,ROAD TRANSPORT & HIGHWAYS,2012-05,2010-12,,453.0,,453.0,,,262.43,,,2013-06,,,,1,1,,,,FR_MAY_2012.pdf,Sector-Wise analysis of projects,63,422
FR_201205_423,,N24000051,423,"DHARAMTUL TO SONAPUR (AS-19) - NHAI,Assam",AS-19,,ROAD TRANSPORT & HIGHWAYS,2012-05,2003-12,,200.0,,200.0,,,223.78,2008-06,,2013-03,,,,0,0,,,,FR_MAY_2012.pdf,Sector-Wise analysis of projects,63,423
FR_201205_424,,,424,"DHARAMTUL TO SONAPUR,KM 205-",,,ROAD TRANSPORT & HIGHWAYS,2012-05,2003-12,,160.0,,160.0,,,164.42,2008-05,,2013-03,,,,0,0,,,,FR_MAY_2012.pdf,Sector-Wise analysis of projects,63,424
FR_201205_425,,N24000108,425,"DHOLPUR - MORENA SECTION (INCLUDING CHAMBOL BRIDGE - NHAI,Multi State",,,ROAD TRANSPORT & HIGHWAYS,2012-05,2003-12,,232.45,,232.45,,,251.79,2010-09,,2012-12,,,,0,0,,,,FR_MAY_2012.pdf,Sector-Wise analysis of projects,63,425
FR_201205_426,,N24000177,426,"Dindigul - Kumli - NHAI,Tamil Nadu",,,ROAD TRANSPORT & HIGHWAYS,2012-05,2011-09,,485.0,,485.0,,,52.09,2013-08,,2013-08,,,,0,0,,,,FR_MAY_2012.pdf,Sector-Wise analysis of projects,63,426
FR_201205_427,,N24000118,427,"END OF DURG BYPASS- CHHATISGARH/MAHARASHTRA BORDER - NHAI,Chhatisgarh",,,ROAD TRANSPORT & HIGHWAYS,2012-05,2008-01,,464.0,,464.0,,,535.0,2011-01,,2012-12,,,,0,0,,,,FR_MAY_2012.pdf,Sector-Wise analysis of projects,63,427
FR_201205_428,,240106294,428,"FORBESGANJ TO SIMRAHI (NH- 57)(NHAI) - NHAI,Bihar",NHAI,,ROAD TRANSPORT & HIGHWAYS,2012-05,2003-12,,332.94,,332.94,,,371.31,2008-09,,2012-12,,,,0,0,,,,FR_MAY_2012.pdf,Sector-Wise analysis of projects,63,428
FR_201205_429,,N24000124,429,"Four Lanning from MP/Maharashtra Border to nagpur - NHAI,Maharashtra",,,ROAD TRANSPORT & HIGHWAYS,2012-05,2010-04,,1170.52,,1170.52,,,4.41,2011-06,,2012-10,,,,0,0,,,,FR_MAY_2012.pdf,Sector-Wise analysis of projects,63,429
FR_201205_430,,240106221,430,"GANGA BRIDGE TO RAMDEVI CROSSING PH.II NH-25, KM.75-80.06 - NHAI,Uttar Pradesh",,,ROAD TRANSPORT & HIGHWAYS,2012-05,2003-12,,155.0,,201.66,,,118.85,2008-09,,2013-03,,,,0,0,,,,FR_MAY_2012.pdf,Sector-Wise analysis of projects,63,430
FR_201205_431,,N24000057,431,"GANJAM-ICCHAPURUM,NH-5(NHAI) - NHAI,Orissa",NHAI,,ROAD TRANSPORT & HIGHWAYS,2012-05,2000-04,,263.27,,263.27,,,265.81,2004-02,,2012-06,,,,0,0,,,,FR_MAY_2012.pdf,Sector-Wise analysis of projects,63,431
FR_201205_432,,240106204,432,"GARHMUKTESHWAR-MURADABAD (NHAI) OTHERS KM.93-149.25, NH-24 - NHAI,Uttar Pradesh",NHAI,,ROAD TRANSPORT & HIGHWAYS,2012-05,2003-12,,275.0,,275.0,,,304.26,2007-09,,2012-09,,,,0,0,,,,FR_MAY_2012.pdf,Sector-Wise analysis of projects,63,432
FR_201205_433,,N24000170,433,"GHAZIABAD-ALIGARH NH-91 - NHAI,Uttar Pradesh",,,ROAD TRANSPORT & HIGHWAYS,2012-05,2011-02,,1141.0,61.0,1141.0,,,661.84,2013-08,,2013-08,,,,0,0,,,,FR_MAY_2012.pdf,Sector-Wise analysis of projects,63,433
FR_201205_434,,N24000046,434,"GUWAHATI TO NALBARI (AS-5) - NHAI,Assam",AS-5,,ROAD TRANSPORT & HIGHWAYS,2012-05,2003-12,,198.16,,198.16,,,203.08,2008-04,,2012-12,,,,0,0,,,,FR_MAY_2012.pdf,Sector-Wise analysis of projects,64,434
FR_201205_435,,N24000038,435,"GUWHATI TO NALBARI (AS-4) - NHAI,Assam",AS-4,,ROAD TRANSPORT & HIGHWAYS,2012-05,2003-12,,175.96,,175.96,,,142.77,2008-04,,2012-12,,,,0,0,,,,FR_MAY_2012.pdf,Sector-Wise analysis of projects,64,435
FR_201205_436,,N24000088,436,"GWALIOR BYPSS, NH-75,3 - NHAI,Madhya pradesh",,,ROAD TRANSPORT & HIGHWAYS,2012-05,2003-12,,300.93,,300.93,,,302.72,2009-10,,2012-12,,,,0,0,,,,FR_MAY_2012.pdf,Sector-Wise analysis of projects,64,436
FR_201205_437,,N24000089,437,"GWALIOR-JHANSI, NH-75 - NHAI,Multi State",,,ROAD TRANSPORT & HIGHWAYS,2012-05,2003-12,,604.0,,604.0,,,494.29,2009-12,,2012-12,,,,0,0,,,,FR_MAY_2012.pdf,Sector-Wise analysis of projects,64,437
FR_201205_438,,N24000125,438,"Gujarat/Maharashtra BorderSurat-Hazira Port Section - NHAI,Gujarat",,,ROAD TRANSPORT & HIGHWAYS,2012-05,2010-03,,1509.1,,1509.1,,,1299.1,2012-09,,2012-09,,,,0,0,,,,FR_MAY_2012.pdf,Sector-Wise analysis of projects,64,438
FR_201205_439,,N24000130,439,"Gurgaon-Kotputli Km 42.70 to 54.4 Km - NHAI,Multi State",,,ROAD TRANSPORT & HIGHWAYS,2012-05,2009-04,,1673.7,,1673.7,,,2480.9,2011-10,,2012-06,,,,0,0,,,,FR_MAY_2012.pdf,Sector-Wise analysis of projects,64,439
FR_201205_440,,240106205,440,"HAPUR-GARHMUKTESWAR (OTHERS) KM.58-93, NH-24 - NHAI,Uttar Pradesh",OTHERS,,ROAD TRANSPORT & HIGHWAYS,2012-05,2005-03,,220.0,,220.0,,,273.02,2007-09,,2012-09,,,,0,0,,,,FR_MAY_2012.pdf,Sector-Wise analysis of projects,64,440
FR_201205_441,,240106277,441,"HARANGAJO TO MAIBANG (AS-23), KM.126.450 TO KM.140.700 - NHAI,Assam",AS-23,,ROAD TRANSPORT & HIGHWAYS,2012-05,2003-12,,280.0,,280.0,,,263.0,2009-02,,2013-03,,,,0,0,,,,FR_MAY_2012.pdf,Sector-Wise analysis of projects,64,441
FR_201205_442,,N24000062,442,"HARANGAJO TO MAIBANG, NH-54 - NHAI,Assam",,,ROAD TRANSPORT & HIGHWAYS,2012-05,2003-12,,196.0,,363.74,,,35.95,2009-07,,2014-04,,,,0,0,,,,FR_MAY_2012.pdf,Sector-Wise analysis of projects,64,442
FR_201205_443,,N24000061,443,"HARANGAJO TO MAIBANG,km 164.08- 190.587 NH-54 - NHAI,Assam",,,ROAD TRANSPORT & HIGHWAYS,2012-05,2003-12,,212.0,,386.1,,,21.81,2007-09,,2014-04,,,,0,0,,,,FR_MAY_2012.pdf,Sector-Wise analysis of projects,64,443
FR_201205_444,,240101133,444,"HARIHAR-CHITRADURGA (GQ) KM.284-KM.207 (NH-4) - NHAI,Karnataka",NH-4,,ROAD TRANSPORT & HIGHWAYS,2012-05,2000-04,,318.0,,207.56,,,182.88,2004-08,,2012-08,,,,0,0,,,,FR_MAY_2012.pdf,Sector-Wise analysis of projects,64,444
FR_201205_445,,240101132,445,"HAVERI-HARIHAR (GQ) KM.340- KM.284 (NH-4) - NHAI,Karnataka",NH-4,,ROAD TRANSPORT & HIGHWAYS,2012-05,2000-04,,241.0,,196.65,,,177.04,2004-08,2010-07,2012-08,,,,0,0,,,,FR_MAY_2012.pdf,Sector-Wise analysis of projects,64,445
FR_201205_446,,N24000141,446,"Hazaribagh-Ranchi - NHAI,Jharkhandd",,,ROAD TRANSPORT & HIGHWAYS,2012-05,2010-08,,625.07,,625.07,,,768.35,2013-01,,2013-01,,,,0,0,,,,FR_MAY_2012.pdf,Sector-Wise analysis of projects,64,446
FR_201205_447,,N24000138,447,"Hungund-Surathkal and Mangalore- Knt/Kerala Border - NHAI,Karnataka",,,ROAD TRANSPORT & HIGHWAYS,2012-05,2010-09,,946.0,,946.0,,,,,,2013-03,,,,3,3,,,,FR_MAY_2012.pdf,Sector-Wise analysis of projects,64,447
FR_201205_448,,N24000134,448,"Hyderabad-Vijaywada Km. 40 to 221.50 Km - NHAI,Andhra Pradesh",,,ROAD TRANSPORT & HIGHWAYS,2012-05,2010-04,,1740.0,,1740.0,,,1679.3,2012-10,,2012-10,,,,0,0,,,,FR_MAY_2012.pdf,Sector-Wise analysis of projects,64,448
FR_201205_449,,N24000142,449,"Hyderabad-yadgiri N.H no-202 - NHAI,Andhra Pradesh",,,ROAD TRANSPORT & HIGHWAYS,2012-05,2010-08,,388.0,,388.0,,,506.4,2012-05,,2012-06,,,,0,0,,,,FR_MAY_2012.pdf,Sector-Wise analysis of projects,64,449
FR_201205_450,,N24000159,450,"INDORE-DEWAS(NH-3) - NHAI,Madhya pradesh",NH-3,,ROAD TRANSPORT & HIGHWAYS,2012-05,2010-11,,325.0,,325.0,,,344.12,2013-05,,2014-02,,,,0,0,,,,FR_MAY_2012.pdf,Sector-Wise analysis of projects,64,450
FR_201205_451,,N24000136,451,"Indore-Jhabua-Gujrat/MP - NHAI,Madhya pradesh",,,ROAD TRANSPORT & HIGHWAYS,2012-05,2010-10,,1175.0,,1175.0,,,138.67,2013-04,,2013-04,,,,0,0,,,,FR_MAY_2012.pdf,Sector-Wise analysis of projects,64,451
FR_201205_452,,N24000198,452,"JAIPUR-REENGUS - NHAI,Rajasthan",,,ROAD TRANSPORT & HIGHWAYS,2012-05,2010-08,,267.81,,267.81,,,452.55,2013-02,,2013-02,,,,0,0,,,,FR_MAY_2012.pdf,Sector-Wise analysis of projects,64,452
FR_201205_453,,N24000163,453,"JAMMU-UDHAMPUR KM.27.5 TO KM.67.00 - NHAI,J and K",,,ROAD TRANSPORT & HIGHWAYS,2012-05,2010-07,,1813.76,,1813.76,,,,2013-07,,2014-06,,,,0,0,,,,FR_MAY_2012.pdf,Sector-Wise analysis of projects,64,453
FR_201205_454,,N24000031,454,"JHAJHARPUR TO DARBANGA (BR-7) - NHAI,Bihar",BR-7,,ROAD TRANSPORT & HIGHWAYS,2012-05,2003-12,,340.0,,340.0,,,500.97,2008-09,,2012-12,,,,0,0,,,,FR_MAY_2012.pdf,Sector-Wise analysis of projects,64,454
FR_201205_455,,N24000096,455,"JHANSI TO LALITPUR, NH-25,26 - NHAI,Uttar Pradesh",,,ROAD TRANSPORT & HIGHWAYS,2012-05,2003-12,,355.06,62.0,355.06,,,467.78,2009-09,,2012-12,,,,0,0,,,,FR_MAY_2012.pdf,Sector-Wise analysis of projects,64,455
FR_201205_456,,N24000180,456,"JORBAT - BARAPANI - NHAI,Meghalaya",,,ROAD TRANSPORT & HIGHWAYS,2012-05,2011-01,,536.0,,536.0,,,366.19,2014-01,,2014-01,,,,0,0,,,,FR_MAY_2012.pdf,Sector-Wise analysis of projects,65,456
FR_201205_457,,N24000135,457,"Jaipur-Tonk-Deoli - NHAI,Rajasthan",,,ROAD TRANSPORT & HIGHWAYS,2012-05,2010-06,,792.06,,792.06,,,1079.8,2012-12,,2012-12,,,,0,0,,,,FR_MAY_2012.pdf,Sector-Wise analysis of projects,65,457
FR_201205_458,,240106297,458,"KOTA BYPASS,RJ-4, NH-76 (NHAI) - NHAI,Rajasthan",NHAI,,ROAD TRANSPORT & HIGHWAYS,2012-05,2003-12,,275.0,,250.39,,,279.31,2008-10,,2012-09,,,,0,0,,,,FR_MAY_2012.pdf,Sector-Wise analysis of projects,65,458
FR_201205_459,,240106243,459,"KOTWA TO DEWAPUR(10 LMNHP),NH-28 PHASE-II, KM.440 TO KM.402 - NHAI,Bihar",10 LMNHP,,ROAD TRANSPORT & HIGHWAYS,2012-05,2003-12,,240.0,,240.0,,,285.56,2008-10,,2013-03,,,,0,0,,,,FR_MAY_2012.pdf,Sector-Wise analysis of projects,65,459
FR_201205_460,,N24000146,460,"KUNDUPUR-SURATHKAL & MANGLORE - NHAI,Karnataka",,,ROAD TRANSPORT & HIGHWAYS,2012-05,2010-09,,671.0,,671.0,,,,,,2013-03,,,,2,3,,,,FR_MAY_2012.pdf,Sector-Wise analysis of projects,65,460
FR_201205_461,,N24000128,461,"Kishangarh-Ajmer-Beawer - NHAI,Rajasthan",,,ROAD TRANSPORT & HIGHWAYS,2012-05,2009-11,,795.0,,795.0,,,966.77,2012-05,,2012-09,,,,0,0,,,,FR_MAY_2012.pdf,Sector-Wise analysis of projects,65,461
FR_201205_462,,N24000094,462,"LAKHNAADON TO MP/MH BORDER,KM 596.75-653 (NS- 1/BOT/MP-2),NH7 - NHAI,Madhya pradesh",NS- 1/BOT/MP-2,,ROAD TRANSPORT & HIGHWAYS,2012-05,2003-12,,407.6,,407.6,,,185.52,2010-06,,2012-10,,,,0,0,,,,FR_MAY_2012.pdf,Sector-Wise analysis of projects,65,462
FR_201205_463,,N24000095,463,"LAKHNADON TO MP/MH BORDER (NS-1/BOT/MP-2), NH-7 - NHAI,Madhya pradesh",NS-1/BOT/MP-2,,ROAD TRANSPORT & HIGHWAYS,2012-05,2003-12,,263.17,,263.17,,,233.77,2009-09,,2012-10,,,,0,0,,,,FR_MAY_2012.pdf,Sector-Wise analysis of projects,65,463
FR_201205_464,,240106300,464,"LALITPUR TO SAGAR KM 132 TO KM 187, NH-26 (NHAI) - NHAI,Madhya pradesh",NHAI,,ROAD TRANSPORT & HIGHWAYS,2012-05,2003-12,,225.0,,225.0,,,261.98,2008-10,,2012-05,,,,0,0,,,,FR_MAY_2012.pdf,Sector-Wise analysis of projects,65,464
FR_201205_465,,240106280,465,"MAIBANG TO LUNDING (AS-24), KM.111.000 TO KM.126.450 - NHAI,Assam",AS-24,,ROAD TRANSPORT & HIGHWAYS,2012-05,2003-12,,155.04,,280.13,,,85.39,2008-11,,2013-07,,,,0,0,,,,FR_MAY_2012.pdf,Sector-Wise analysis of projects,65,465
FR_201205_466,,240106278,466,"MAIBANG TO LUNDING (AS-25), KM.83.400 TO KM.111.000 - NHAI,Assam",AS-25,,ROAD TRANSPORT & HIGHWAYS,2012-05,2003-12,,199.81,,385.13,,,54.25,2009-04,,2013-07,,,,0,0,,,,FR_MAY_2012.pdf,Sector-Wise analysis of projects,65,466
FR_201205_467,,240106279,467,"MAIBANG TO LUNDING (AS-26), KM.60.500 TO KM.83.400, NH-54 - NHAI,Assam",AS-26,,ROAD TRANSPORT & HIGHWAYS,2012-05,2003-12,,167.64,,167.64,,,10.0,2008-11,,2014-01,,,,0,0,,,,FR_MAY_2012.pdf,Sector-Wise analysis of projects,65,467
FR_201205_468,,240106281,468,"MAIBANG TO LUNDING (AS-27), KM.40.000 TO KM.60.500 - NHAI,Assam",AS-27,,ROAD TRANSPORT & HIGHWAYS,2012-05,2003-12,,200.0,,200.0,,,106.74,2009-04,,2013-03,,,,0,0,,,,FR_MAY_2012.pdf,Sector-Wise analysis of projects,65,468
FR_201205_469,,N24000126,469,"MP/Maharashtra Border-Dhula - NHAI,Maharashtra",,,ROAD TRANSPORT & HIGHWAYS,2012-05,2009-12,,835.0,,835.0,,,1068.7,2012-06,,2012-12,,,,0,0,,,,FR_MAY_2012.pdf,Sector-Wise analysis of projects,65,469
FR_201205_470,,N24000154,470,"MURADABAD-BAREILY - NHAI,Uttar Pradesh",,,ROAD TRANSPORT & HIGHWAYS,2012-05,2010-04,,1267.0,,1267.0,,,1263.2,2013-06,,2013-06,,,,0,0,,,,FR_MAY_2012.pdf,Sector-Wise analysis of projects,65,470
FR_201205_471,,N24000201,471,"MUZAFFARNAGAR-HARIDWAR - NHAI,Multi State",,,ROAD TRANSPORT & HIGHWAYS,2012-05,2011-09,,754.0,,754.0,,,315.49,2013-03,,2013-03,,,,0,0,,,,FR_MAY_2012.pdf,Sector-Wise analysis of projects,65,471
FR_201205_472,,N24000174,472,"Muzafarpur - Sonbarsa - NHAI,Bihar",,,ROAD TRANSPORT & HIGHWAYS,2012-05,2011-05,,511.54,,511.54,,,65.78,2013-11,,2013-11,,,,0,0,,,,FR_MAY_2012.pdf,Sector-Wise analysis of projects,65,472
FR_201205_473,,N24000042,473,"NAGAON TO DHARAMTUL (AS-2) - NHAI,Assam",AS-2,,ROAD TRANSPORT & HIGHWAYS,2012-05,2003-12,,264.72,,264.72,,,281.81,2008-06,,2013-03,,,,0,0,,,,FR_MAY_2012.pdf,Sector-Wise analysis of projects,65,473
FR_201205_474,,N24000055,474,"NAGPUR-KONDHALI,NH-6(NHAI) - NHAI,Maharashtra",NHAI,,ROAD TRANSPORT & HIGHWAYS,2012-05,2005-03,,168.0,,168.0,,,457.3,2008-12,,2012-12,,,,0,0,,,,FR_MAY_2012.pdf,Sector-Wise analysis of projects,65,474
FR_201205_475,,N24000048,475,"NALBARI T BIJNI (AS-7) - NHAI,Assam",AS-7,,ROAD TRANSPORT & HIGHWAYS,2012-05,2003-12,,208.0,63.0,208.0,,,259.16,2008-04,,2012-12,,,,0,0,,,,FR_MAY_2012.pdf,Sector-Wise analysis of projects,65,475
FR_201205_476,,N24000047,476,"NALBARI TO BIJNI (AS-6) - NHAI,Assam",AS-6,,ROAD TRANSPORT & HIGHWAYS,2012-05,2003-12,,225.0,,225.0,,,226.7,2008-06,,2013-03,,,,0,0,,,,FR_MAY_2012.pdf,Sector-Wise analysis of projects,66,476
FR_201205_477,,N24000035,477,"NALBARI TO BIJNI (AS-8) - NHAI,Assam",AS-8,,ROAD TRANSPORT & HIGHWAYS,2012-05,2003-12,,200.0,,200.0,,,273.65,2008-06,,2012-12,,,,0,0,,,,FR_MAY_2012.pdf,Sector-Wise analysis of projects,66,477
FR_201205_478,,N24000162,478,"NASHRI CHANANI - NHAI,J and K",,,ROAD TRANSPORT & HIGHWAYS,2012-05,2010-06,,2159.0,,2159.0,,,,2015-06,,2015-06,,,,0,0,,,,FR_MAY_2012.pdf,Sector-Wise analysis of projects,66,478
FR_201205_479,,,479,NEW MANGALORE PORT NH-17 AND,,,ROAD TRANSPORT & HIGHWAYS,2012-05,2000-04,,196.5,,363.0,,,248.66,2011-06,,2012-12,,,,0,2,,,,FR_MAY_2012.pdf,Sector-Wise analysis of projects,66,479
FR_201205_480,,N24000107,480,"NH CONNECTIVITY TO ICTT VALLARPADAEU NH - SH - NHAI,Kerala",,,ROAD TRANSPORT & HIGHWAYS,2012-05,2005-03,,557.0,,557.0,,,930.92,2010-02,,2014-12,,,,0,0,,,,FR_MAY_2012.pdf,Sector-Wise analysis of projects,66,480
FR_201205_481,,N24000194,481,"NIROLI-ROXY-RAJAMUNDA - NHAI,Orissa",,,ROAD TRANSPORT & HIGHWAYS,2012-05,2011-07,,586.0,,586.0,,,154.47,2014-01,,2014-01,,,,0,0,,,,FR_MAY_2012.pdf,Sector-Wise analysis of projects,66,481
FR_201205_482,,N24000139,482,"New 4 Lane elevated road from chennai airport - NHAI,Tamil Nadu",,,ROAD TRANSPORT & HIGHWAYS,2012-05,2010-09,,1655.0,,1655.0,,,393.71,2013-09,,2013-09,,,,0,0,,,,FR_MAY_2012.pdf,Sector-Wise analysis of projects,66,482
FR_201205_483,,240106250,483,"ORAI TO JHANSI (UP-5),NH-25, KM.220.0 TO KM.170.0 - NHAI,Uttar Pradesh",UP-5,,ROAD TRANSPORT & HIGHWAYS,2012-05,2003-12,,340.68,,340.68,,,377.71,2008-03,,2012-12,,,,0,0,,,,FR_MAY_2012.pdf,Sector-Wise analysis of projects,66,483
FR_201205_484,,N24000197,484,"PANIKHOLI-RIMOLI - NHAI,Orissa",,,ROAD TRANSPORT & HIGHWAYS,2012-05,2012-03,,1410.0,,1410.0,,,120.31,2014-09,,2014-09,,,,0,0,,,,FR_MAY_2012.pdf,Sector-Wise analysis of projects,66,484
FR_201205_485,,N24000151,485,"PANIPAT-ROHTAK - NHAI,Haryana",,,ROAD TRANSPORT & HIGHWAYS,2012-05,2011-04,,807.0,,807.0,,,797.01,2014-10,,2014-10,,,,0,0,,,,FR_MAY_2012.pdf,Sector-Wise analysis of projects,66,485
FR_201205_486,,240106237,486,"PATHANKOT- BHOGPUR, KM.26- KM.70, NS-38 NH-1A - NHAI,Punjab",,,ROAD TRANSPORT & HIGHWAYS,2012-05,2003-12,,284.0,,359.0,,,197.27,2008-05,,2012-08,,,,0,0,,,,FR_MAY_2012.pdf,Sector-Wise analysis of projects,66,486
FR_201205_487,,N24000185,487,"PATNA-BAKTZARPUR KM.181.3 TO KM.231.95 - NHAI,Bihar",,,ROAD TRANSPORT & HIGHWAYS,2012-05,2011-09,,574.0,,574.0,,,59.69,2014-03,,2014-03,,,,0,0,,,,FR_MAY_2012.pdf,Sector-Wise analysis of projects,66,487
FR_201205_488,,N24000165,488,"PATNA-MUZZAFFARPUR - NHAI,Bihar",,,ROAD TRANSPORT & HIGHWAYS,2012-05,2010-08,,671.3,,671.3,,,501.32,2013-02,,2013-02,,,,0,0,,,,FR_MAY_2012.pdf,Sector-Wise analysis of projects,66,488
FR_201205_489,,N24000123,489,"PIMPALGAON-NASIK-GONDE, NH-3 (NHDP-PHASE-III) - NHAI,Maharashtra",NHDP-PHASE-III,,ROAD TRANSPORT & HIGHWAYS,2012-05,2005-03,,940.0,,940.0,,,1141.1,2012-07,,2012-12,,,,0,0,,,,FR_MAY_2012.pdf,Sector-Wise analysis of projects,66,489
FR_201205_490,,N24000156,490,"PUNE-SATARA(NH-4) - NHAI,Maharashtra",NH-4,,ROAD TRANSPORT & HIGHWAYS,2012-05,2010-10,,1724.55,,1724.55,,,747.77,2013-03,,2013-03,,,,0,0,,,,FR_MAY_2012.pdf,Sector-Wise analysis of projects,66,490
FR_201205_491,,N24000193,491,"PUNE-SHOLAPUR,Pkg-II - NHAI,Maharashtra",,,ROAD TRANSPORT & HIGHWAYS,2012-05,2011-09,,835.0,,835.0,,,,2014-01,,2014-01,,,,0,0,,,,FR_MAY_2012.pdf,Sector-Wise analysis of projects,66,491
FR_201205_492,,N24000133,492,"Panipat-Jalandhar 6 lane(Km 96 to 387.1 km) - NHAI,Haryana",Km 96 to 387.1 km,,ROAD TRANSPORT & HIGHWAYS,2012-05,2009-05,,1108.0,,2288.0,,,3458.5,2011-11,,2013-08,,,,0,0,,,,FR_MAY_2012.pdf,Sector-Wise analysis of projects,66,492
FR_201205_493,,N24000127,493,"Pune-sholapur,pkg1 - NHAI,Maharashtra",,,ROAD TRANSPORT & HIGHWAYS,2012-05,2009-11,,1110.0,,1110.0,,,1802.1,2012-05,,2012-10,,,,0,0,,,,FR_MAY_2012.pdf,Sector-Wise analysis of projects,66,493
FR_201205_494,,N24000161,494,"QUAZIGUND-BANIHAL KM.220.00 TO KM.188.00 - NHAI,J and K",,,ROAD TRANSPORT & HIGHWAYS,2012-05,2010-07,,1987.0,,1987.0,,,,2015-07,,2015-07,,,,0,0,,,,FR_MAY_2012.pdf,Sector-Wise analysis of projects,66,494
FR_201205_495,,240106304,495,"RAJMARG CHORAHA TO LAKHNANDON,KM 297 TO KM 351, NH-26 (NHAI) - NHAI,Madhya pradesh",NHAI,,ROAD TRANSPORT & HIGHWAYS,2012-05,2003-12,,251.03,,251.03,,,302.0,2008-10,,2012-12,,,,0,0,,,,FR_MAY_2012.pdf,Sector-Wise analysis of projects,66,495
FR_201205_496,,240106305,496,"RAJMARG CHORAHA TO LAKHNANDON,KM 351 TO KM 405.7, NH-26 (NHA - NHAI,Madhya pradesh",,,ROAD TRANSPORT & HIGHWAYS,2012-05,2003-12,,229.91,64.0,229.91,,,253.74,2008-10,,2012-09,,,,0,0,,,,FR_MAY_2012.pdf,Sector-Wise analysis of projects,66,496
FR_201205_497,,N24000169,497,"ROHTAK-BAWAL - NHAI,Haryana",,,ROAD TRANSPORT & HIGHWAYS,2012-05,2011-05,,650.0,,650.0,,,639.25,2013-11,,2013-11,,,,0,0,,,,FR_MAY_2012.pdf,Sector-Wise analysis of projects,67,497
FR_201205_498,,240106303,498,"SAGAR - RAJMARG CHORAHA,KM NHAI,Madhya pradesh",,,ROAD TRANSPORT & HIGHWAYS,2012-05,2003-12,,203.43,,203.43,,,229.13,2008-10,,2012-12,,,,0,0,,,,FR_MAY_2012.pdf,Sector-Wise analysis of projects,67,498
FR_201205_499,,240106301,499,"SAGAR BY PASS,KM 187 TO KM 211 , NH-26 (NHAI) - NHAI,Uttar Pradesh",NHAI,,ROAD TRANSPORT & HIGHWAYS,2012-05,2003-12,,151.3,,151.3,,,180.94,2008-10,,2012-08,,,,0,0,,,,FR_MAY_2012.pdf,Sector-Wise analysis of projects,67,499
FR_201205_500,,N24000102,500,"SALEM - U / UNDRUPET(BOT -1/TN- 06) NH -68 - NHAI,Tamil Nadu",BOT -1/TN- 06,,ROAD TRANSPORT & HIGHWAYS,2012-05,2005-03,,941.0,,941.0,,,1901.0,2011-01,,2013-02,,,,0,0,,,,FR_MAY_2012.pdf,Sector-Wise analysis of projects,67,500
FR_201205_501,,N24000179,501,"SAMAIKHIALI - GANDHIDHAM - NHAI,Gujarat",,,ROAD TRANSPORT & HIGHWAYS,2012-05,2010-09,,805.39,,805.39,,,227.33,2013-03,,2013-03,,,,0,0,,,,FR_MAY_2012.pdf,Sector-Wise analysis of projects,67,501
FR_201205_502,,N24000196,502,"SAMBALPUR-BARGARH- CHHATISGARH/ORISSA BORDER - NHAI,Orissa",,,ROAD TRANSPORT & HIGHWAYS,2012-05,2011-11,,909.0,,909.0,,,844.05,2014-05,,2014-05,,,,0,0,,,,FR_MAY_2012.pdf,Sector-Wise analysis of projects,67,502
FR_201205_503,,240100207,503,"SILCHAR-UDARBAND (PH.II) HN-54, KM.309 TO KM.275 - NHAI,Assam",PH.II,,ROAD TRANSPORT & HIGHWAYS,2012-05,2003-12,,157.47,,154.57,,,196.85,2007-09,,2013-03,,,,0,0,,,,FR_MAY_2012.pdf,Sector-Wise analysis of projects,67,503
FR_201205_504,,N24000028,504,"SILIGURI TO ISLAMPUR (WB-7) - NHAI,West Bengal",WB-7,,ROAD TRANSPORT & HIGHWAYS,2012-05,2003-12,,225.0,,225.0,,,180.1,2008-07,,2012-12,,,,0,0,,,,FR_MAY_2012.pdf,Sector-Wise analysis of projects,67,504
FR_201205_505,,N24000171,505,"SIX LANNING OF HOSUR- KRISHNAGRI NH-7 KM.33.130 TO - NHAI,Tamil Nadu",,,ROAD TRANSPORT & HIGHWAYS,2012-05,2011-06,,535.0,,535.0,,,,2013-12,,2013-12,,,,0,0,,,,FR_MAY_2012.pdf,Sector-Wise analysis of projects,67,505
FR_201205_506,,N24000172,506,"SIX LANNING OF KRISHNAGIRI- WALAJHAPET SECTION KM. - NHAI,Tamil Nadu",,,ROAD TRANSPORT & HIGHWAYS,2012-05,2011-09,,1250.0,,1250.0,,,4.93,2013-12,,2013-12,,,,0,0,,,,FR_MAY_2012.pdf,Sector-Wise analysis of projects,67,506
FR_201205_507,,N24000183,507,"SIX LANNING OF NELLORE- CHILKALURIPET - NHAI,Andhra Pradesh",,,ROAD TRANSPORT & HIGHWAYS,2012-05,2011-11,,1535.0,,1535.0,,,808.88,2014-05,,2014-05,,,,0,0,,,,FR_MAY_2012.pdf,Sector-Wise analysis of projects,67,507
FR_201205_508,,N24000149,508,"SIX LANNING OF VADAKKANCHERRY THRISSURESECTION - NHAI,Kerala",,,ROAD TRANSPORT & HIGHWAYS,2012-05,2010-02,,617.0,,617.0,,,154.52,2012-08,,2014-03,,,,0,0,,,,FR_MAY_2012.pdf,Sector-Wise analysis of projects,67,508
FR_201205_509,,N24000189,509,"SNG toBANL - NHAI,J and K",,,ROAD TRANSPORT & HIGHWAYS,2012-05,2011-06,,1100.7,,1100.7,,,,2014-06,,2014-06,,,,0,0,,,,FR_MAY_2012.pdf,Sector-Wise analysis of projects,67,509
FR_201205_510,,N24000044,510,"SONAPUR TO GUWAHTI (AS-3) - NHAI,Assam",AS-3,,ROAD TRANSPORT & HIGHWAYS,2012-05,2003-12,,245.0,,245.0,,,491.21,2008-03,,2013-03,,,,0,0,,,,FR_MAY_2012.pdf,Sector-Wise analysis of projects,67,510
FR_201205_511,,240101153,511,"SUNAKHALA-GANJAM (GQ) KM.338- KM.284 (NH-5) - NHAI,Orissa",NH-5,,ROAD TRANSPORT & HIGHWAYS,2012-05,2000-04,,225.0,,241.53,,,116.8,2004-04,,2012-07,,,,0,0,,,,FR_MAY_2012.pdf,Sector-Wise analysis of projects,67,511
FR_201205_512,,,512,Surat- Dahisar(Six Lane) Km 263 to Km,Six Lane,,ROAD TRANSPORT & HIGHWAYS,2012-05,2009-02,,1693.75,,1693.75,,,2648.0,2011-08,,2012-06,,,,0,0,,,,FR_MAY_2012.pdf,Sector-Wise analysis of projects,67,512
FR_201205_513,,N24000056,513,"THANJAUR-TRICHY,NH-67(NHAI) - NHAI,Tamil Nadu",NHAI,,ROAD TRANSPORT & HIGHWAYS,2012-05,2005-03,,280.0,,280.0,,,581.49,2009-06,,2012-11,,,,0,0,,,,FR_MAY_2012.pdf,Sector-Wise analysis of projects,67,513
FR_201205_514,,N24000101,514,"TRICHY - KORUR NH-67 - NHAI,Tamil Nadu",,,ROAD TRANSPORT & HIGHWAYS,2012-05,2005-03,,516.0,,516.0,,,733.12,2010-07,,2013-03,,,,0,0,,,,FR_MAY_2012.pdf,Sector-Wise analysis of projects,67,514
FR_201205_515,,N24000140,515,"Talegaon-amravati - NHAI,Maharashtra",,,ROAD TRANSPORT & HIGHWAYS,2012-05,2009-11,,567.0,,567.0,,,468.64,2013-11,,2013-11,,,,0,0,,,,FR_MAY_2012.pdf,Sector-Wise analysis of projects,67,515
FR_201205_516,,N24000178,516,"Tirupati - Chennai - NHAI,Tamil Nadu",,,ROAD TRANSPORT & HIGHWAYS,2012-05,2011-04,,571.0,65.0,571.0,,,,2013-10,,2013-10,,,,0,0,,,,FR_MAY_2012.pdf,Sector-Wise analysis of projects,67,516
FR_201205_517,,N24000176,517,"Trichy Bypass - NHAI,Tamil Nadu",,,ROAD TRANSPORT & HIGHWAYS,2012-05,2010-05,,374.0,,374.0,,,55.89,2013-05,,2013-05,,,,0,0,,,,FR_MAY_2012.pdf,Sector-Wise analysis of projects,68,517
FR_201205_518,,N24000160,518,"UGRADATION OF HYDERABAD- BANGALORE SECTION - NHAI,Karnataka",,,ROAD TRANSPORT & HIGHWAYS,2012-05,2010-11,,680.0,,680.0,,,,,,2013-04,,,,2,2,,,,FR_MAY_2012.pdf,Sector-Wise analysis of projects,68,518
FR_201205_519,,240106292,519,"UP/BIHAR BORDER TO KASIA (NH- 28)(NHAI) - NHAI,Uttar Pradesh",NHAI,,ROAD TRANSPORT & HIGHWAYS,2012-05,2003-12,,227.0,,227.0,,,383.29,2008-12,,2012-05,,,,0,0,,,,FR_MAY_2012.pdf,Sector-Wise analysis of projects,68,519
FR_201205_520,,N24000182,520,"VARANASI-AURANGABAD KM.786 TO KM.978.40 - NHAI,Multi State",,,ROAD TRANSPORT & HIGHWAYS,2012-05,2011-09,,2848.0,,2848.0,,,494.52,2014-03,,2014-03,,,,0,0,,,,FR_MAY_2012.pdf,Sector-Wise analysis of projects,68,520
FR_201205_521,,240106235,521,"VIJAYAPUR TO PATHANKOT (J&K) NH-1A KM.16.35 TO KM.50.00 - NHAI,J and K",J&K,,ROAD TRANSPORT & HIGHWAYS,2012-05,2003-12,,193.09,,166.3,,,185.05,2008-03,,2012-07,,,,0,0,,,,FR_MAY_2012.pdf,Sector-Wise analysis of projects,68,521
FR_201205_522,,240106236,522,"VIJAYAPUR TO PATHANKOT (NS- 35/J&K) NH-1A KM.50 TO KM.80 - NHAI,J and K",NS- 35/J&K,,ROAD TRANSPORT & HIGHWAYS,2012-05,2003-12,,166.27,,193.1,,,161.44,2008-03,,2012-05,,,,0,0,,,,FR_MAY_2012.pdf,Sector-Wise analysis of projects,68,522
FR_201205_523,,N24000150,523,"WADNER-DEVDHARI(NS-60/MH)(KM 94-123 KM) - NHAI,Maharashtra",KM 94-123 KM,,ROAD TRANSPORT & HIGHWAYS,2012-05,2011-02,,193.45,,193.45,,,29.71,2012-11,,2012-11,,,,0,0,,,,FR_MAY_2012.pdf,Sector-Wise analysis of projects,68,523
FR_201205_524,,N24000175,524,"kandla - Mundra port - NHAI,Gujarat",,,ROAD TRANSPORT & HIGHWAYS,2012-05,2011-01,,953.88,,953.88,,,300.33,2013-07,,2013-07,,,,0,0,,,,FR_MAY_2012.pdf,Sector-Wise analysis of projects,68,524
FR_201205_525,,N24000205,525,"six laning of Chandikhol-Jagatpur- Bhubaneswar - NHAI,Multi State Total",,,ROAD TRANSPORT & HIGHWAYS,2012-05,2011-12,,1047.0,91616.1,1047.0,,,148.11,2014-06,,2014-06,,,,0,0,,,,FR_MAY_2012.pdf,Sector-Wise analysis of projects,68,525
FR_201205_526,,N25000014,526,"ACQUISITION OF 4 NO. OF ANCHOR HANDLING CUM SUPPLY - SHIPP.,Maharashtra",,,SHIPPING & PORTS,2012-05,2007-10,,359.44,,359.44,,,358.78,2011-04,2012-10,2012-10,,,,0,0,,,,FR_MAY_2012.pdf,Sector-Wise analysis of projects,68,526
FR_201205_527,,N25000031,527,"ACQUISITION OF 4 NOS. OF 80655 DWT PANAMAX BULK CA - SHIPP.,Maharashtra",,,SHIPPING & PORTS,2012-05,2008-08,,1066.91,,968.35,,,447.38,2012-09,,2012-09,,,,0,0,,,,FR_MAY_2012.pdf,Sector-Wise analysis of projects,68,527
FR_201205_528,,N25000051,528,"Acquisition of 4 nos of 82000 DWT kamsavmax Bulk carriers - SHIPP.,Maharashtra",,,SHIPPING & PORTS,2012-05,2010-08,,612.72,627.64,627.64,,,187.07,2012-12,2013-05,2013-05,,,,0,0,,,,FR_MAY_2012.pdf,Sector-Wise analysis of projects,68,528
FR_201205_529,,N25000043,529,"Acquisition of Two nos. of 3060 DWT - SHIPP.,Maharashtra",,,SHIPPING & PORTS,2012-05,2009-04,,277.03,280.0,277.03,,,81.4,2011-12,2012-08,2012-08,,,,0,0,,,,FR_MAY_2012.pdf,Sector-Wise analysis of projects,68,529
FR_201205_530,,N25000042,530,"Acquisition of two nos. of 120 B.P BY 079& 080 - SHIPP.,Maharashtra",,,SHIPPING & PORTS,2012-05,2009-04,,290.85,,305.0,,,86.46,2011-06,2012-09,2012-09,,,,0,0,,,,FR_MAY_2012.pdf,Sector-Wise analysis of projects,68,530
FR_201205_531,,N25000053,531,"Acquisition of two(2) Nos. of 317000 DWT very large crude - SHIPP.,Maharashtra",2,,SHIPPING & PORTS,2012-05,2010-10,,966.46,,994.82,,,189.92,2014-02,,2014-02,,,,0,0,,,,FR_MAY_2012.pdf,Sector-Wise analysis of projects,68,531
FR_201205_532,,N25000052,532,"Acquistion of three(3) nos of 6500TEU Cellular container - SHIPP.,Maharashtra",3,,SHIPPING & PORTS,2012-05,2010-10,,1028.1,1012.23,1028.1,,,371.96,2013-12,,2013-12,,,,0,0,,,,FR_MAY_2012.pdf,Sector-Wise analysis of projects,68,532
FR_201205_533,,N25000016,533,"CONST. & DEV. OF 2 OFFSHORE CONTAINER BERTHS & TER - MUMBAI PORT TRU,Maharashtra",,,SHIPPING & PORTS,2012-05,2007-11,,1228.0,1460.0,1460.0,,,772.87,2010-12,,2012-12,,,,0,0,,,,FR_MAY_2012.pdf,Sector-Wise analysis of projects,69,533
FR_201205_534,,N25000039,534,"CONSTRUCTION OF 13 & 14 CARGO BERTH AT KANDLA - PORT TRUST,Gujarat",,,SHIPPING & PORTS,2012-05,2005-12,,702.0,,755.5,,,219.0,2011-03,,2013-03,,,,0,0,,,,FR_MAY_2012.pdf,Sector-Wise analysis of projects,69,534
FR_201205_535,,N25000037,535,"Construction of berthing and allied facilities off - PORT TRUST,Gujarat",,,SHIPPING & PORTS,2012-05,2005-04,,882.0,,1060.0,,,0.93,2011-02,,2012-12,,,,0,0,,,,FR_MAY_2012.pdf,Sector-Wise analysis of projects,69,535
FR_201205_536,,N25000003,536,"DEEPENING AND WIDENING OF MUMBAI HARBOUR CHANNEL A - PORT TRUST,Maharashtra",,,SHIPPING & PORTS,2012-05,2005-10,,800.0,,800.0,,,5.75,2008-10,,2008-10,,,,0,0,,,,FR_MAY_2012.pdf,Sector-Wise analysis of projects,69,536
FR_201205_537,,N25000004,537,"DEEPENING OF CHANNEL AT PARADIP PORT - PORT TRUST,Orissa",,,SHIPPING & PORTS,2012-05,2005-12,,154.84,,253.36,,,,2009-01,,2009-01,,,,0,1,,,,FR_MAY_2012.pdf,Sector-Wise analysis of projects,69,537
FR_201205_538,,N25000035,538,"ENNORE MANALI EXPRESS WAY,F/O SPECIAL PURPOSE VEHI - PORT TRUST,Tamil Nadu",,,SHIPPING & PORTS,2012-05,2002-10,,150.0,600.0,600.0,,,67.0,2006-03,,2013-12,,,,0,0,,,,FR_MAY_2012.pdf,Sector-Wise analysis of projects,69,538
FR_201205_539,,N25000049,539,"Mechanization of coal handling facilities to 200 - PORT TRUST,Andhra Pradesh",,,SHIPPING & PORTS,2012-05,2010-02,,444.1,,444.1,,,,2010-06,,2012-11,,,,0,0,,,,FR_MAY_2012.pdf,Sector-Wise analysis of projects,69,539
FR_201205_540,,N25000050,540,"Modification & Strengthening of Existing Berth No. 1 to 6 - PORT TRUST,Gujarat",,,SHIPPING & PORTS,2012-05,2010-06,,277.0,252.0,252.0,,,0.21,2012-03,,2012-03,,,,0,0,,,,FR_MAY_2012.pdf,Sector-Wise analysis of projects,69,540
FR_201205_541,,N25000059,541,"RAIL CONNECTIVITY TO ICTT AT VALLARPADAM AT COCHIN PORT TRUS - RVNL,Kerala",,,SHIPPING & PORTS,2012-05,2007-03,,245.67,298.17,373.22,,,326.08,2009-04,2009-11,2011-02,,,,0,0,,,,FR_MAY_2012.pdf,Sector-Wise analysis of projects,69,541
FR_201205_542,,250100175,542,"SETHUSAMUDRAM SHIP CHANNEL PROJECT - PORT TRUST,Tamil Nadu",,,SHIPPING & PORTS,2012-05,2005-06,,2427.4,,2427.4,,,829.21,2008-10,,2010-11,,,,0,0,,,,FR_MAY_2012.pdf,Sector-Wise analysis of projects,69,542
FR_201205_543,,N25000048,543,"SETTING UP OF LNG REGASIFICATION TERMINAL AT PUTHU - PORT TRUST,Kerala",,,SHIPPING & PORTS,2012-05,2009-03,,3500.0,4150.0,4150.0,,,3245.6,2012-01,2012-09,2012-09,,,,0,0,,,,FR_MAY_2012.pdf,Sector-Wise analysis of projects,69,543
FR_201205_544,,N25000060,544,"Setting up of Single Point Mooring (SPM) and allie - PORT TRUST,Gujarat Total",SPM,,SHIPPING & PORTS,2012-05,2011-02,,830.0,16242.52,621.53,,,7189.62,2013-05,,2013-03,,,,0,0,,,,FR_MAY_2012.pdf,Sector-Wise analysis of projects,69,544
FR_201205_545,,N26000062,545,"Assam Telecom Circle, Phase-V.I, 2G & 3G - BSNL,Assam",,,TELECOMMUNICATIONS,2012-05,2007-06,,336.81,,336.81,,,157.98,2009-01,,2012-06,,,,0,0,,,,FR_MAY_2012.pdf,Sector-Wise analysis of projects,69,545
FR_201205_546,,N26000016,546,"CONVERGENT BILLING AND CRM(MUMBAI) - MTNL,Maharashtra",MUMBAI,,TELECOMMUNICATIONS,2012-05,2006-01,,247.0,,247.0,,,75.89,2007-02,2010-12,2011-08,,,,0,0,,,,FR_MAY_2012.pdf,Sector-Wise analysis of projects,69,546
FR_201205_547,,N26000011,547,"CONVERGENT BILLING AND CRM- MTNL(DELHI) - MTNL,Delhi",DELHI,,TELECOMMUNICATIONS,2012-05,2005-12,,249.0,229.41,229.41,,,67.2,2007-02,2012-03,2013-02,,,,0,0,,,,FR_MAY_2012.pdf,Sector-Wise analysis of projects,69,547
FR_201205_548,,N26000096,548,"ERP implementation in BSNL on Turnkey basis - BSNL,Multi State",,,TELECOMMUNICATIONS,2012-05,2009-10,,384.0,,384.0,,,21.93,2010-10,2012-03,2012-07,,,,0,0,,,,FR_MAY_2012.pdf,Sector-Wise analysis of projects,70,548
FR_201205_549,,N26000029,549,"EXPANSION OF EXISTING 750K GSM NETWORK PE NO. 992 - BSNL,Maharashtra",,,TELECOMMUNICATIONS,2012-05,2006-06,,231.38,,168.3,,,,2007-10,,,,,,0,0,,,,FR_MAY_2012.pdf,Sector-Wise analysis of projects,70,549
FR_201205_550,,N26000065,550,"Execution of telecom network requirement of defence - BSNL,Multi State",,,TELECOMMUNICATIONS,2012-05,2006-05,,1077.0,,1077.0,,,,2009-03,,,,,,0,0,,,,FR_MAY_2012.pdf,Sector-Wise analysis of projects,70,550
FR_201205_551,,N26000058,551,"GSM EQUIPMENT OF 283000 LINES (2G) AND 75000 LINES - BSNL,Uttaranchal",2G,,TELECOMMUNICATIONS,2012-05,2009-01,,149.15,158.72,158.72,,,76.55,2009-06,,2012-06,,,,0,0,,,,FR_MAY_2012.pdf,Sector-Wise analysis of projects,70,551
FR_201205_552,,N26000041,552,"GSM EQUIPMENT OF 390K LINES(2G) AND 130K LINES(3G) - BSNL,Punjab",3G,,TELECOMMUNICATIONS,2012-05,2008-02,,373.94,,373.94,,,229.04,2008-12,,2012-06,,,,0,0,,,,FR_MAY_2012.pdf,Sector-Wise analysis of projects,70,552
FR_201205_553,,N26000090,553,"GSM equipment of 1625000Lines (2G) 325000 lines 3( - BSNL,Madhya pradesh",2G,,TELECOMMUNICATIONS,2012-05,2009-11,,916.7,930.6,930.6,,,804.06,2010-11,,2012-06,,,,0,0,,,,FR_MAY_2012.pdf,Sector-Wise analysis of projects,70,553
FR_201205_554,,N26000082,554,"GSM equipment of 200000Lines (2G) UP(West)Phase V. - BSNL,Uttar Pradesh",West,,TELECOMMUNICATIONS,2012-05,2008-10,,336.84,,336.84,,,35.75,2009-10,,2011-03,,,,0,0,,,,FR_MAY_2012.pdf,Sector-Wise analysis of projects,70,554
FR_201205_555,,N26000088,555,"GSM equipment of 799000Lines (2G) 101000 lines 3(G - BSNL,Jharkhandd",2G,,TELECOMMUNICATIONS,2012-05,2008-03,,328.13,,328.12,,,164.58,2009-03,,2012-06,,,,0,0,,,,FR_MAY_2012.pdf,Sector-Wise analysis of projects,70,555
FR_201205_556,,N26000073,556,"Implementation of FTTH, the state of the art Acces - BSNL,Multi State",,,TELECOMMUNICATIONS,2012-05,2007-12,,152.65,,152.65,,,,2010-03,,,,,,0,0,,,,FR_MAY_2012.pdf,Sector-Wise analysis of projects,70,556
FR_201205_557,,N26000072,557,"Implementation of FTTH, the state of the art access ,gpon eq - BSNL,Multi State",,,TELECOMMUNICATIONS,2012-05,2007-12,,952.88,,952.88,,,,2010-03,,2010-10,,,,0,0,,,,FR_MAY_2012.pdf,Sector-Wise analysis of projects,70,557
FR_201205_558,,N26000098,558,"NIB Project Capacity Expansion - BSNL,Multi State",,,TELECOMMUNICATIONS,2012-05,2007-06,,175.52,,175.52,,,60.84,2008-12,,2012-06,,,,0,0,,,,FR_MAY_2012.pdf,Sector-Wise analysis of projects,70,558
FR_201205_559,,260100099,559,"PROJ.III OF NIB-II OF MESSAGING STORAGE - BSNL,Multi State Total",,,TELECOMMUNICATIONS,2012-05,2003-11,,250.0,6161.0,250.0,,,80.47,2005-12,2008-03,2012-06,,,,0,0,,,,FR_MAY_2012.pdf,Sector-Wise analysis of projects,70,559
FR_201205_560,,N28000008,560,"BANGALORE METRO RAIL PROJECT - MRTP,Karnataka",,,URBAN DEVELOPMENT,2012-05,2006-05,,6395.0,,11609.0,,,2267.57,2011-12,,2013-03,,,,6,6,,,,FR_MAY_2012.pdf,Sector-Wise analysis of projects,70,560
FR_201205_561,,N28000048,561,"C/o office building for IDBI at bandra Kurla Compl - CPWD,Maharashtra",,,URBAN DEVELOPMENT,2012-05,2006-11,,114.18,173.08,173.08,,,,2009-04,,,,,,0,0,,,,FR_MAY_2012.pdf,Sector-Wise analysis of projects,70,561
FR_201205_562,,N28000056,562,"DELHI MRTS PHASE-III - DMRC,Delhi",,,URBAN DEVELOPMENT,2012-05,2011-09,,35242.0,,35242.0,,,279.92,2016-03,,2016-03,,,,0,0,,,,FR_MAY_2012.pdf,Sector-Wise analysis of projects,70,562
FR_201205_563,,N28000057,563,"FARIDABAD EXTENSION - DMRC,Delhi Total",,,URBAN DEVELOPMENT,2012-05,2011-09,,2494.0,44245.18,2494.0,,,14.4,2014-09,,2014-09,,,,0,0,,,,FR_MAY_2012.pdf,Sector-Wise analysis of projects,70,563
FR_201205_564,,300100001,564,"PAGLADIYA DAM PROJECT - MoWR,Assam Total",,,WATER RESOURCES,2012-05,2001-01,,542.9,542.9,1187.0,,,35.49,2007-12,,2012-12,,,,0,0,,,,FR_MAY_2012.pdf,Sector-Wise analysis of projects,71,564
