observation_id,project_id,project_code,serial_no,project_name,agency,state,sector,report_date,approval_date,approval_date_revised,original_cost_crore,revised_cost_crore,anticipated_cost_crore,cost_overrun_original_crore,cost_overrun_revised_crore,cumulative_expenditure_crore,original_completion_date,revised_completion_date,anticipated_completion_date,time_overrun_original_months,time_overrun_revised_months,additional_delay_months,milestones_achieved,milestones_total,physical_progress_pct,delay_reason,status,source.report,source.table,source.page,source.serial_no
FR_200702_001,,,1,NEW URANIUM ORE PROCESSING MILL,,,ATOMIC ENERGY,2007-02,2003-09,,343.26,,343.26,0.0,,253.18,2006-06,,2007-03,9.0,,,21,36,,,,MonthlyFR_feb_2007.pdf,Sector-Wise analysis of projects,8,1
FR_200702_002,,,2,"KAIGA ATOM IC POWER PROJECT 3 & 4 UNITS, KAIGA",,,ATOMIC ENERGY,2007-02,2001-05,,4213.0,,3282.0,-931.0,,1900.0,2009-10,,2007-09,-25.0,,,59,75,,,,MonthlyFR_feb_2007.pdf,Sector-Wise analysis of projects,8,2
FR_200702_003,,,3,"RAJASTHAN ATOMIC POWER PROJECT 5 & 6, RAWAT BHATA",,,ATOMIC ENERGY,2007-02,2002-04,,3072.0,,3072.0,0.0,,1561.0,2008-02,,2008-02,0.0,,,48,75,,,,MonthlyFR_feb_2007.pdf,Sector-Wise analysis of projects,8,3
FR_200702_004,,,4,KUDANKULAM APP (NPCIL),NPCIL,,ATOMIC ENERGY,2007-02,2001-12,,13171.0,,13171.0,0.0,,8757.0,2008-12,,2008-12,0.0,,,43,119,,,,MonthlyFR_feb_2007.pdf,Sector-Wise analysis of projects,8,4
FR_200702_005,,,5,PROTOTYPE FAST BREEDER REACTOR,,,ATOMIC ENERGY,2007-02,2003-09,,3492.0,,3492.0,0.0,,543.88,2010-09,,2010-09,0.0,,,6,76,,,,MonthlyFR_feb_2007.pdf,Sector-Wise analysis of projects,8,5
FR_200702_006,,,6,DEVELOPMENT OF VISAKHAPATNAM AIRPORT.,,,ATOMIC ENERGY,2007-02,2002-12,,191.52,,191.52,0.0,,158.0,2005-12,,2007-03,15.0,,1.0,11,27,,,,MonthlyFR_feb_2007.pdf,Sector-Wise analysis of projects,8,6
FR_200702_007,,,7,POOTKI BALIHARI UG,,,COAL,2007-02,1983-12,1997-04,199.87,199.87,182.6,-17.27,-17.27,176.52,1994-03,2000-03,2007-03,156.0,84.0,,5,5,,,,MonthlyFR_feb_2007.pdf,Sector-Wise analysis of projects,8,7
FR_200702_008,,,8,BASUNDHRA(WEST)O.C.P (MCL) (2.40 MTY),,,COAL,2007-02,2003-10,,176.55,,176.55,0.0,,58.5,2008-03,,2008-03,0.0,,,1,2,,,,MonthlyFR_feb_2007.pdf,Sector-Wise analysis of projects,8,8
FR_200702_009,,,9,RAJMAHAL EXPANSION OC PROJECT,,,COAL,2007-02,2006-01,,650.06,,650.06,0.0,,,2009-03,,2009-03,0.0,,,0,0,,,,MonthlyFR_feb_2007.pdf,Sector-Wise analysis of projects,8,9
FR_200702_010,,,10,EXPANSION OF MINE-II,,,COAL,2007-02,2004-10,,2161.28,,2161.28,0.0,,575.35,2009-06,,2009-06,0.0,,,11,23,,,,MonthlyFR_feb_2007.pdf,Sector-Wise analysis of projects,8,10
FR_200702_011,,,11,TPS-II EXPANSION (1470MW TO 1970MW) (NLC),NLC,,COAL,2007-02,2004-10,,2030.78,,2030.78,0.0,,386.87,2009-06,,2009-06,0.0,,,6,24,,,,MonthlyFR_feb_2007.pdf,Sector-Wise analysis of projects,8,11
FR_200702_012,,,12,BARSINGSAR TPS OF 250 MW,,,COAL,2007-02,2004-12,,1114.18,,1114.18,0.0,,237.68,2009-06,,2009-06,0.0,,,10,26,,,,MonthlyFR_feb_2007.pdf,Sector-Wise analysis of projects,8,12
FR_200702_013,,,13,BARSINGSAR LIGNITE MINE,,,COAL,2007-02,2004-12,,254.07,,254.07,0.0,,70.92,2009-06,,2009-06,0.0,,,8,21,,,,MonthlyFR_feb_2007.pdf,Sector-Wise analysis of projects,8,13
FR_200702_014,,,14,JHANJRA LONGWAL UG PHASE-II,,,COAL,2007-02,2006-11,,287.18,,,0.0,,,2009-11,,,0.0,,,0,0,,,,MonthlyFR_feb_2007.pdf,Sector-Wise analysis of projects,8,14
FR_200702_015,,,15,KULDA OCP,,,COAL,2007-02,2005-01,,302.96,,302.96,0.0,,42.38,2010-03,,2010-03,0.0,,,0,2,,,,MonthlyFR_feb_2007.pdf,Sector-Wise analysis of projects,9,15
FR_200702_016,,,16,KRISHNASHILA,,,COAL,2007-02,2006-05,,789.88,,789.88,0.0,,33.27,2010-03,,2010-03,0.0,,,0,1,,,,MonthlyFR_feb_2007.pdf,Sector-Wise analysis of projects,9,16
FR_200702_017,,,17,"GEVRA EXPANSION OCP, 25MTY (SECL)",,,COAL,2007-02,2005-07,,1667.55,,1667.55,0.0,,507.07,2010-03,,2010-03,0.0,,,2,6,,,,MonthlyFR_feb_2007.pdf,Sector-Wise analysis of projects,9,17
FR_200702_018,,,18,DIPKA EXPANSION OCP,,,COAL,2007-02,2005-07,,1268.53,,1268.53,0.0,,433.48,2010-03,,2010-03,0.0,,,0,3,,,,MonthlyFR_feb_2007.pdf,Sector-Wise analysis of projects,9,18
FR_200702_019,,,19,KUSMUNDA EXPANSION OCP,,,COAL,2007-02,2006-06,,737.65,,737.65,0.0,,442.89,2011-03,,2011-03,0.0,,,0,2,,,,MonthlyFR_feb_2007.pdf,Sector-Wise analysis of projects,9,19
FR_200702_020,,,20,ASHOK OC EXPANSION,,,COAL,2007-02,2006-04,,471.66,,471.66,0.0,,69.15,2011-03,,2011-03,0.0,,,0,0,,,,MonthlyFR_feb_2007.pdf,Sector-Wise analysis of projects,9,20
FR_200702_021,,,21,BLOCK-B OCP NCL (3.5 MTY),,,COAL,2007-02,2006-07,,746.04,,746.04,0.0,,41.14,2012-03,,2011-06,-9.0,,,0,1,,,,MonthlyFR_feb_2007.pdf,Sector-Wise analysis of projects,9,21
FR_200702_022,,,22,BHUBANESHWARI OCP (MAHANADI COALFIELDS LTD.) (10 MTY),,,COAL,2007-02,2005-01,,336.68,,336.68,0.0,,13.9,2012-03,,2012-03,0.0,,,0,2,,,,MonthlyFR_feb_2007.pdf,Sector-Wise analysis of projects,9,22
FR_200702_023,,,23,SHANTIKHANI LONGWALL PROJECTS,,,COAL,2007-02,2006-10,,249.03,,249.03,0.0,,10.98,2012-03,,2012-03,0.0,,,0,0,,,,MonthlyFR_feb_2007.pdf,Sector-Wise analysis of projects,9,23
FR_200702_024,,,24,MAGADH OC (CCL),CCL,,COAL,2007-02,2006-07,,469.78,,469.78,0.0,,1.94,2012-07,,2012-07,0.0,,,0,0,,,,MonthlyFR_feb_2007.pdf,Sector-Wise analysis of projects,9,24
FR_200702_025,,,25,ADRIYALA SHAFT PROJECT,,,COAL,2007-02,2006-09,,212.34,,212.34,0.0,,4.38,2013-03,,2013-03,0.0,,,0,0,,,,MonthlyFR_feb_2007.pdf,Sector-Wise analysis of projects,9,25
FR_200702_026,,,26,AMLOHRI EXPANSION PROJECT 4 TO 10 (6 MTY),,,COAL,2007-02,2006-05,,1352.04,,1352.04,0.0,,,2014-03,,2014-03,0.0,,,1,1,,,,MonthlyFR_feb_2007.pdf,Sector-Wise analysis of projects,9,26
FR_200702_027,,,27,BINA EXTENSION OC PROJECT,,,COAL,2007-02,2006-11,,168.97,,168.97,0.0,,28.03,2014-03,,2014-03,0.0,,,0,0,,,,MonthlyFR_feb_2007.pdf,Sector-Wise analysis of projects,9,27
FR_200702_028,,,28,SECOND PHASE EXPANSION OF NALCO,,,MINES,2007-02,2004-10,,4091.51,,4091.51,0.0,,469.89,2008-12,,2008-12,0.0,,,18,111,,,,MonthlyFR_feb_2007.pdf,Sector-Wise analysis of projects,9,28
FR_200702_029,,,29,BLOOM CASTER(SAIL),,,STEEL,2007-02,2004-05,,271.41,,271.41,0.0,,187.51,2006-05,,2007-03,10.0,,,9,10,,,,MonthlyFR_feb_2007.pdf,Sector-Wise analysis of projects,9,29
FR_200702_030,,,30,REBUILDING OFCOKE OVEN BATTERY NO. 1 (SAIL),,,STEEL,2007-02,2003-03,,112.39,,112.39,0.0,,92.44,2005-12,,2007-04,16.0,,1.0,16,17,,,,MonthlyFR_feb_2007.pdf,Sector-Wise analysis of projects,10,30
FR_200702_031,,,31,REBUILDING OF COKE OVEN BATTERY No. 5 BOKARO (SAIL),,,STEEL,2007-02,2004-12,,198.84,,198.84,0.0,,97.45,2007-01,,2007-05,4.0,,2.0,5,8,,,,MonthlyFR_feb_2007.pdf,Sector-Wise analysis of projects,10,31
FR_200702_032,,,32,"COKE OVEN BATTERY No.4 RASHTRIYA ISPAT NIGAM LTD.,VIZAG",,,STEEL,2007-02,2003-12,,286.63,,355.21,68.58,,243.98,2006-12,,2007-08,8.0,,2.0,0,21,,,,MonthlyFR_feb_2007.pdf,Sector-Wise analysis of projects,10,32
FR_200702_033,,,33,REBUILDING OF BLAST FURNACE No. 2,,,STEEL,2007-02,2006-03,,103.93,,103.93,0.0,,12.1,2007-09,,2007-09,0.0,,,2,2,,,,MonthlyFR_feb_2007.pdf,Sector-Wise analysis of projects,10,33
FR_200702_034,,,34,"INSTALLATION OF SLAB CASTLER, RH DEGASSER AND LADLE FURNACE",,,STEEL,2007-02,2005-07,,520.76,,520.76,0.0,,113.83,2007-09,,2007-11,2.0,,,1,5,,,,MonthlyFR_feb_2007.pdf,Sector-Wise analysis of projects,10,34
FR_200702_035,,,35,REBUILDING OF COKE OVEN BATTERY No.5,,,STEEL,2007-02,2004-12,,219.04,,219.04,0.0,,52.2,2007-01,,2007-12,11.0,,,2,8,,,,MonthlyFR_feb_2007.pdf,Sector-Wise analysis of projects,10,35
FR_200702_036,,,36,Coking Coal Storage Facilities in Coal Handling Plant,,,STEEL,2007-02,2006-09,,133.91,,134.32,0.41,,,2008-03,,2008-03,0.0,,,0,0,,,,MonthlyFR_feb_2007.pdf,Sector-Wise analysis of projects,10,36
FR_200702_037,,,37,COAL DUST INJECTION SYSTEM IN BLAST FURNACE-2 & 3,,,STEEL,2007-02,2006-04,,132.73,,133.92,1.19,,1.43,2008-05,,2008-05,0.0,,,0,0,,,,MonthlyFR_feb_2007.pdf,Sector-Wise analysis of projects,10,37
FR_200702_038,,,38,EXPANSION OF RINL/VSP FROM 3 MTPY-6.3 MTPY OF LIQUID STEEL,,,STEEL,2007-02,2005-10,,8692.0,,8692.0,0.0,,178.17,2009-10,,2009-10,0.0,,,0,0,,,,MonthlyFR_feb_2007.pdf,Sector-Wise analysis of projects,10,38
FR_200702_039,,,39,INTEGRATED DEVELOPMENT OF G1 & GS- 15 FIELDS,,,PETROLEUM,2007-02,2003-04,,429.82,,1262.93,833.11,,853.2,2005-03,,2007-03,24.0,,,0,0,,,,MonthlyFR_feb_2007.pdf,Sector-Wise analysis of projects,10,39
FR_200702_040,,,40,IOR LAKWA-LAKHMANI,,,PETROLEUM,2007-02,2001-09,,345.1,,429.38,84.28,,237.74,2007-03,,2007-03,0.0,,,3,3,,,,MonthlyFR_feb_2007.pdf,Sector-Wise analysis of projects,10,40
FR_200702_041,,,41,JAGOTI-PAITHAMPUR PIPLINE (GAIL),,,PETROLEUM,2007-02,2005-01,,194.82,,151.19,-43.63,,67.47,2006-10,,2007-03,5.0,,,0,0,,,,MonthlyFR_feb_2007.pdf,Sector-Wise analysis of projects,10,41
FR_200702_042,,,42,"ADDITIONAL DEVELOPMENT HEERA, PART-II",,,PETROLEUM,2007-02,2005-01,,569.07,,323.02,-246.05,,178.56,2007-04,,2007-04,0.0,,,0,0,,,,MonthlyFR_feb_2007.pdf,Sector-Wise analysis of projects,10,42
FR_200702_043,,,43,PARADIP-HALDIA CRUDE OIL PIPLINE SYSTEM,,,PETROLEUM,2007-02,2004-03,,1178.0,,1131.47,-46.53,,1000.94,2006-03,,2007-04,13.0,,1.0,0,0,,,,MonthlyFR_feb_2007.pdf,Sector-Wise analysis of projects,10,43
FR_200702_044,,,44,ADDITIONAL DEVELOPMENT OF A-1 LAYER,,,PETROLEUM,2007-02,2005-04,,910.53,,406.44,-504.09,,378.84,2006-12,,2007-04,4.0,,,0,0,,,,MonthlyFR_feb_2007.pdf,Sector-Wise analysis of projects,10,44
FR_200702_045,,,45,MDPL PROJECT(HPCL),HPCL,,PETROLEUM,2007-02,2004-04,,1623.84,,1746.86,123.02,,984.26,2007-08,,2007-05,-3.0,,,4,10,,,,MonthlyFR_feb_2007.pdf,Sector-Wise analysis of projects,10,45
FR_200702_046,,,46,CRUDE OIL RECEIPT FACLITIES (KOCHI,,,PETROLEUM,2007-02,2004-03,,622.82,,,198.18,,270.39,2007-05,,,0.0,,,0,0,,,,MonthlyFR_feb_2007.pdf,Sector-Wise analysis of projects,10,46
FR_200702_047,,,47,"DEVELOPMENT OF SB-11, BASSEIN FIELD",,,PETROLEUM,2007-02,2005-03,,245.33,,140.04,-105.29,,77.41,2007-05,,2007-05,0.0,,,0,0,,,,MonthlyFR_feb_2007.pdf,Sector-Wise analysis of projects,11,47
FR_200702_048,,,48,"DAHEJ-HAZIRA-URAN GAS PIPELINE, MULTISTATE",,,PETROLEUM,2007-02,2002-12,,1416.0,,1521.23,105.23,,628.76,2005-07,,2007-05,22.0,,,7,10,,,,MonthlyFR_feb_2007.pdf,Sector-Wise analysis of projects,11,48
FR_200702_049,,,49,KOYALI-RATLAM PRODUCT PIPLINE,,,PETROLEUM,2007-02,2004-12,,224.69,,181.78,-42.91,,109.5,2006-12,,2007-08,8.0,,2.0,0,0,,,,MonthlyFR_feb_2007.pdf,Sector-Wise analysis of projects,11,49
FR_200702_050,,,50,CLEAN FUELS PROJECT VIZAG REFINERY MODERNISATION,,,PETROLEUM,2007-02,2003-04,,1635.0,,2147.79,512.79,,1259.03,2006-05,,2007-08,15.0,,,10,45,,,,MonthlyFR_feb_2007.pdf,Sector-Wise analysis of projects,11,50
FR_200702_051,,,51,GREEN FUELS & EMISSION CONTROL PROJECT AT MUMBAI REFINERY,,,PETROLEUM,2007-02,2002-10,,1152.0,,1850.0,698.0,,1213.33,2005-04,,2007-11,31.0,,8.0,61,72,,,,MonthlyFR_feb_2007.pdf,Sector-Wise analysis of projects,11,51
FR_200702_052,,,52,"BARGE BUMPER, BOAT LANDING AND RISER PROTECTORS PROJECT",,,PETROLEUM,2007-02,2006-09,,148.84,,148.84,0.0,,12.12,2008-02,,2008-02,0.0,,,0,0,,,,MonthlyFR_feb_2007.pdf,Sector-Wise analysis of projects,11,52
FR_200702_053,,,53,AUGMENTATION OF MUNDRA-PANIPAT LINE,,,PETROLEUM,2007-02,2005-06,,205.0,,205.0,0.0,,3.65,2008-03,,2008-03,0.0,,,0,0,,,,MonthlyFR_feb_2007.pdf,Sector-Wise analysis of projects,11,53
FR_200702_054,,,54,DABHOL-PANVEL PIPELINE PROJECT,,,PETROLEUM,2007-02,2006-01,,1143.54,,1326.52,182.98,,203.61,2007-07,,2008-04,9.0,,,0,0,,,,MonthlyFR_feb_2007.pdf,Sector-Wise analysis of projects,11,54
FR_200702_055,,,55,ADDITIONAL DEVELOPMENT OF BASIN FIELD AND 2nd STAGE BOOSTER,,,PETROLEUM,2007-02,2004-03,,1770.69,,2937.01,1166.32,,805.04,2008-01,,2008-04,3.0,,,0,0,,,,MonthlyFR_feb_2007.pdf,Sector-Wise analysis of projects,11,55
FR_200702_056,,,56,"DEVELOPMENT OF BASSEIN (VASAI) EAST, WESTERN OFFSHORE",,,PETROLEUM,2007-02,2003-04,,985.17,,1688.38,703.21,,310.87,2006-03,,2008-04,25.0,,,0,0,,,,MonthlyFR_feb_2007.pdf,Sector-Wise analysis of projects,11,56
FR_200702_057,,,57,C2-C3 & LPG RECOVERY FROM LNG AT DAHEJ,,,PETROLEUM,2007-02,2003-12,,900.92,,1493.49,592.57,,60.25,2006-06,,2008-05,23.0,,,0,0,,,,MonthlyFR_feb_2007.pdf,Sector-Wise analysis of projects,11,57
FR_200702_058,,,58,PANIPAT-JALANDHAR LPG PIPELINE,,,PETROLEUM,2007-02,2006-05,,186.72,,186.72,0.0,,0.98,2008-08,,2008-05,-3.0,,,0,0,,,,MonthlyFR_feb_2007.pdf,Sector-Wise analysis of projects,11,58
FR_200702_059,,,59,EXPANSION OF PANIPAT REFINERY 15 MMTPA,,,PETROLEUM,2007-02,2005-06,,806.0,,806.0,0.0,,28.67,2008-03,,2008-11,8.0,,8.0,0,0,,,,MonthlyFR_feb_2007.pdf,Sector-Wise analysis of projects,11,59
FR_200702_060,,,60,DEVELOPMENT OF C-SERIES FIELDS,,,PETROLEUM,2007-02,2006-08,,3195.16,,1800.0,-1395.16,,,2008-12,,2008-12,0.0,,,0,0,,,,MonthlyFR_feb_2007.pdf,Sector-Wise analysis of projects,11,60
FR_200702_061,,,61,MUMBAI HIGH SOUTH DEVELOPMENT (ONGCL),ONGCL,,PETROLEUM,2007-02,2001-10,,5255.97,,6579.25,1323.28,,6173.15,2007-07,,2008-12,17.0,,,11,11,,,,MonthlyFR_feb_2007.pdf,Sector-Wise analysis of projects,11,61
FR_200702_062,,,62,DADRI PANIPAT LNG PIPLINE,,,PETROLEUM,2007-02,2005-06,,250.66,,250.66,0.0,,0.98,2008-06,,2009-01,7.0,,,0,0,,,,MonthlyFR_feb_2007.pdf,Sector-Wise analysis of projects,11,62
FR_200702_063,,,63,"IMPROVED OIL RECOVERY PROJECT, RUDRASAGAR",,,PETROLEUM,2007-02,2001-09,,113.9,,219.22,105.32,,122.78,2006-03,,2009-03,36.0,,,6,6,,,,MonthlyFR_feb_2007.pdf,Sector-Wise analysis of projects,11,63
FR_200702_064,,,64,DIESEL HYDROGEN TREATMENT PROJECT,,,PETROLEUM,2007-02,2006-05,,1431.91,,,0.0,,36.88,2009-09,,,1.0,,,0,0,,,,MonthlyFR_feb_2007.pdf,Sector-Wise analysis of projects,11,64
FR_200702_065,,,65,PANIPAT-NAPHTA CRACKER PROJECT,,,PETROLEUM,2007-02,2006-04,,12138.0,,14438.96,2300.96,,988.45,2009-09,,2009-11,2.0,,,0,0,,,,MonthlyFR_feb_2007.pdf,Sector-Wise analysis of projects,12,65
FR_200702_066,,,66,INST. OF FACILITIES FOR IMPROVEMENT IN DIESEL QUALITY (IOCL),,,PETROLEUM,2007-02,2005-11,,1876.0,,2869.0,993.0,,152.01,2009-04,,2009-12,8.0,,,0,0,,,,MonthlyFR_feb_2007.pdf,Sector-Wise analysis of projects,12,66
FR_200702_067,,,67,RESIDUE UPGRADATION & MS/HSD QUANLITY IMPROVEMENT PROJECT,,,PETROLEUM,2007-02,2007-01,,5693.0,,5693.0,0.0,,10.39,2010-01,,2010-01,0.0,,,0,0,,,,MonthlyFR_feb_2007.pdf,Sector-Wise analysis of projects,12,67
FR_200702_068,,,68,HEERA AND SOUTH HEERA REDEVELOPMENT PROJECT,,,PETROLEUM,2007-02,2006-09,,2305.3,,1339.25,-966.05,,,2010-06,,2010-06,0.0,,,0,0,,,,MonthlyFR_feb_2007.pdf,Sector-Wise analysis of projects,12,68
FR_200702_069,,,69,"IMPROVED OIL RECOVERY PROJECT, GELEKI",,,PETROLEUM,2007-02,2001-09,,390.09,,834.9,444.81,,344.08,2007-03,,2011-03,48.0,,,6,6,,,,MonthlyFR_feb_2007.pdf,Sector-Wise analysis of projects,12,69
FR_200702_070,,,70,PIPLINE EXTENTION TO PAKNI VIA HAZARWADI (HPCL),HPCL,,PETROLEUM,2007-02,2004-04,,335.17,,335.17,0.0,,244.43,2006-09,,,,,,0,0,,,,MonthlyFR_feb_2007.pdf,Sector-Wise analysis of projects,12,70
FR_200702_071,,,71,TEHRI DAM & H.P.P.(THDCL),,,POWER,2007-02,1994-03,,2963.66,,6672.88,3709.22,,8030.54,1999-03,,2007-02,95.0,,,16,17,,,,MonthlyFR_feb_2007.pdf,Sector-Wise analysis of projects,12,71
FR_200702_072,,,72,DULHASTI HYDROELECTRIC PROJECT(NHPC),NHPC,,POWER,2007-02,1982-11,1989-07,183.45,3559.77,4982.62,4799.17,1422.85,4960.41,1990-11,2001-03,2007-03,196.0,72.0,,7,9,,,,MonthlyFR_feb_2007.pdf,Sector-Wise analysis of projects,12,72
FR_200702_073,,,73,VINDHYACHAL-KORBA (P.GRID),P.GRID,,POWER,2007-02,2004-02,,164.02,,222.0,57.98,,167.69,2007-02,,2007-03,1.0,,1.0,8,11,,,,MonthlyFR_feb_2007.pdf,Sector-Wise analysis of projects,12,73
FR_200702_074,,,74,NORTHERN REGION SYSTEM STRENGTHENING SCHEME-I (336 CKM),,,POWER,2007-02,2004-01,,271.8,,281.38,9.58,,248.91,2006-07,,2007-03,8.0,,,3,13,,,,MonthlyFR_feb_2007.pdf,Sector-Wise analysis of projects,12,74
FR_200702_075,,,75,SIPAT TRANSMISSION SYSTEM STAGE-I (3x660 MW) (2104 CKM),,,POWER,2007-02,2003-12,,1454.79,,1997.75,542.96,,1592.12,2007-02,,2007-04,2.0,,1.0,18,23,,,,MonthlyFR_feb_2007.pdf,Sector-Wise analysis of projects,12,75
FR_200702_076,,,76,SYSTEM STRENGTHENING - III OF SOUTHERN REGION (PGCIL),,,POWER,2007-02,2004-10,,284.79,,235.08,-49.71,,212.57,2007-04,,2007-04,0.0,,,5,7,,,,MonthlyFR_feb_2007.pdf,Sector-Wise analysis of projects,12,76
FR_200702_077,,,77,"KAHALGAON STPP STAGE-II, 3x500 MW",,,POWER,2007-02,2004-05,,5868.31,,5868.37,0.06,,3194.47,2007-05,,2007-05,0.0,,,44,57,,,,MonthlyFR_feb_2007.pdf,Sector-Wise analysis of projects,12,77
FR_200702_078,,,78,SYSTEM STRENGTHNING SCHEME-V OF SOUTH REGION,,,POWER,2007-02,2004-06,,92.12,,105.86,13.74,,32.71,2007-06,,2007-06,0.0,,,0,0,,,,MonthlyFR_feb_2007.pdf,Sector-Wise analysis of projects,12,78
FR_200702_079,,,79,UPGR. OF TRANSFER CAPACITY OF TALCHER KOLAR HVDC BIPO(PGCIL),,,POWER,2007-02,2005-07,,118.33,,118.33,0.0,,,2008-04,,2007-06,-10.0,,,0,0,,,,MonthlyFR_feb_2007.pdf,Sector-Wise analysis of projects,12,79
FR_200702_080,,,80,VINDHYACHAL STAGE -III TRANSMISSION SYSTEM (P.GR.),,,POWER,2007-02,2004-07,,596.47,,692.41,95.94,,532.15,2007-07,,2007-07,0.0,,,4,11,,,,MonthlyFR_feb_2007.pdf,Sector-Wise analysis of projects,12,80
FR_200702_081,,,81,KAHALGAON-II(PHASE-I),,,POWER,2007-02,2004-10,,1771.93,,,1195.92,,2122.84,2007-10,,,-3.0,,,4,19,,,,MonthlyFR_feb_2007.pdf,Sector-Wise analysis of projects,12,81
FR_200702_082,,,82,SIPAT STAGE-II TRANSMISSION SYSTEM (2x500 MW) (680 CKM),,,POWER,2007-02,2004-08,,601.9,,635.0,33.1,,495.84,2007-08,,2007-08,0.0,,,2,13,,,,MonthlyFR_feb_2007.pdf,Sector-Wise analysis of projects,13,82
FR_200702_083,,,83,VINDHYACHAL STPP ST.-III (NTPC),NTPC,,POWER,2007-02,2003-02,,4125.0,,4201.5,76.5,,2967.02,2007-08,,2007-08,0.0,,,37,40,,,,MonthlyFR_feb_2007.pdf,Sector-Wise analysis of projects,13,83
FR_200702_084,,,84,KAHALGOAN STAGE-II (PHASE-II) TRANSMISSION SYSTEM (816 CKM),,,POWER,2007-02,2005-01,,464.02,,464.02,0.0,,272.87,2007-10,,2007-10,0.0,,,3,18,,,,MonthlyFR_feb_2007.pdf,Sector-Wise analysis of projects,13,84
FR_200702_085,,,85,WESTERN REGION SYSTEM STRENGTHENING SCHEME - 1(PR. GR.),,,POWER,2007-02,2004-08,,199.21,,206.53,7.32,,98.11,2007-11,,2007-11,0.0,,,6,19,,,,MonthlyFR_feb_2007.pdf,Sector-Wise analysis of projects,13,85
FR_200702_086,,,86,"NEYVELI TS-II TRANSIMISSION SYSTEM, 838 CKM",,,POWER,2007-02,2005-01,,691.83,,778.05,86.22,,164.14,2007-12,,2007-12,0.0,,,6,20,,,,MonthlyFR_feb_2007.pdf,Sector-Wise analysis of projects,13,86
FR_200702_087,,,87,KAIGA 3&4 TRANSMISSION SYSTEM (759 CKM),,,POWER,2007-02,2005-03,,596.45,,588.25,-8.2,,223.33,2007-12,,2007-12,0.0,,,3,18,,,,MonthlyFR_feb_2007.pdf,Sector-Wise analysis of projects,13,87
FR_200702_088,,,88,SYSTEM STRENGTHENING SCHEME-VI OF SOUTHERN REGION (156 CKM),,,POWER,2007-02,2005-03,,113.73,,113.73,0.0,,31.0,2007-12,,2007-12,0.0,,,7,20,,,,MonthlyFR_feb_2007.pdf,Sector-Wise analysis of projects,13,88
FR_200702_089,,,89,"SIPAT STPP STAGE-II, 2x500 MW",,,POWER,2007-02,2003-11,,4039.67,,4039.67,0.0,,2245.79,2007-12,,2007-12,0.0,,,30,40,,,,MonthlyFR_feb_2007.pdf,Sector-Wise analysis of projects,13,89
FR_200702_090,,,90,TEESTA HYDRO ELECTRIC PROJECT STAGE-V 3x170 MW,,,POWER,2007-02,2000-02,,2198.04,,2198.04,0.0,,2155.12,2007-02,,2008-01,11.0,,3.0,25,41,,,,MonthlyFR_feb_2007.pdf,Sector-Wise analysis of projects,13,90
FR_200702_091,,,91,BINA-NAGDA TRANSMISSION SYSTEM (P.GR.),,,POWER,2007-02,2004-07,,266.93,,294.25,27.32,,184.75,2008-03,,2008-03,0.0,,,3,14,,,,MonthlyFR_feb_2007.pdf,Sector-Wise analysis of projects,13,91
FR_200702_092,,,92,SYSTEM STRENGTHENING- VII OF SOUTHERN REGION (248 CKM),,,POWER,2007-02,2005-05,,279.3,,279.3,0.0,,0.21,2009-07,,2008-03,-16.0,,,0,0,,,,MonthlyFR_feb_2007.pdf,Sector-Wise analysis of projects,13,92
FR_200702_093,,,93,RAPP 5&6 TRANSMISSION SYSTEM (448 CKM),,,POWER,2007-02,2005-06,,499.45,,509.79,10.34,,266.28,2008-03,,2008-03,0.0,,,3,18,,,,MonthlyFR_feb_2007.pdf,Sector-Wise analysis of projects,13,93
FR_200702_094,,,94,NORTHERN REGION SYSTEM STRENGTHING SCHEME-III (180 CKM),,,POWER,2007-02,2004-07,,230.52,,265.74,35.22,,140.53,2008-03,,2008-03,0.0,,,2,14,,,,MonthlyFR_feb_2007.pdf,Sector-Wise analysis of projects,13,94
FR_200702_095,,,95,"KOTESHWAR HYDRO ELECTRIC PROJECT, 4x100 MW",,,POWER,2007-02,2000-04,,1301.56,,1301.56,0.0,,448.35,2005-04,,2008-04,36.0,,,0,0,,,,MonthlyFR_feb_2007.pdf,Sector-Wise analysis of projects,13,95
FR_200702_096,,,96,TRANSMISSION SYSTEM - TEESTA-V HEP(3*170) (P.GRID),P.GRID,,POWER,2007-02,2004-12,,208.75,,251.57,42.82,,118.63,2008-05,,2008-05,0.0,,,9,23,,,,MonthlyFR_feb_2007.pdf,Sector-Wise analysis of projects,13,96
FR_200702_097,,,97,SIPAT-II SUPPLEMENTARY TRANSMISSION SYSTEM (1167 CKM),,,POWER,2007-02,2005-06,,813.67,,813.67,0.0,,2.24,2008-06,,2008-06,0.0,,,0,22,,,,MonthlyFR_feb_2007.pdf,Sector-Wise analysis of projects,13,97
FR_200702_098,,,98,KOTESWAR TRANSMISSION SYSTEM (PGCIL),,,POWER,2007-02,2006-06,,260.34,,260.34,0.0,,11.29,2008-06,,2008-06,0.0,,,2,20,,,,MonthlyFR_feb_2007.pdf,Sector-Wise analysis of projects,13,98
FR_200702_099,,,99,SYSTEM STRENGTENING,,,POWER,2007-02,2005-12,,109.95,,,0.0,,,2009-05,,,-11.0,,,0,0,,,,MonthlyFR_feb_2007.pdf,Sector-Wise analysis of projects,13,99
FR_200702_100,,,100,KOLDAM - HEP TRANSMISSION SYSTEM (396 CKM),,,POWER,2007-02,2005-09,,464.91,,464.91,0.0,,6.48,2008-09,,2008-09,0.0,,,2,22,,,,MonthlyFR_feb_2007.pdf,Sector-Wise analysis of projects,14,100
FR_200702_101,,,101,TESSTA LOW DAM HYDRO ELECTRIC PROJECT STAGE- III 4x33 MW,,,POWER,2007-02,2003-10,,768.92,,768.92,0.0,,367.46,2007-03,,2008-09,18.0,,,2,25,,,,MonthlyFR_feb_2007.pdf,Sector-Wise analysis of projects,14,101
FR_200702_102,,,102,KUNADANKULAM-APP TRANSMISSION SYSTEM (1838 CKM),,,POWER,2007-02,2005-05,,1779.29,,1779.29,0.0,,426.84,2008-11,,2008-11,0.0,,,11,38,,,,MonthlyFR_feb_2007.pdf,Sector-Wise analysis of projects,14,102
FR_200702_103,,,103,TRANSMISSION SYSTEM ASSOCIATED WITH PARBATI = II HEP,,,POWER,2007-02,2005-12,,358.42,,358.42,0.0,,3.29,2008-12,,2008-12,0.0,,,0,15,,,,MonthlyFR_feb_2007.pdf,Sector-Wise analysis of projects,14,103
FR_200702_104,,,104,SEWA-II HYDRO ELECTRIC PROJECT 3x40 MW,,,POWER,2007-02,2003-09,,665.46,,665.46,0.0,,404.75,2007-09,,2008-12,15.0,,,9,36,,,,MonthlyFR_feb_2007.pdf,Sector-Wise analysis of projects,14,104
FR_200702_105,,,105,TRANSMISSION SYSTEM ASSOCIATED WITH NORTH- WEST TRANS.(PGCIL),,,POWER,2007-02,2006-01,,483.1,,483.1,0.0,,,2009-01,,2009-01,0.0,,,0,0,,,,MonthlyFR_feb_2007.pdf,Sector-Wise analysis of projects,14,105
FR_200702_106,,,106,TUIRIAL HYDRO ELECTRIC PROJECT (2x30MW),,,POWER,2007-02,1998-07,,368.72,,687.8,319.08,,232.89,2006-07,,2009-03,32.0,,,2,5,,,,MonthlyFR_feb_2007.pdf,Sector-Wise analysis of projects,14,106
FR_200702_107,,,107,"KOLDAM HYDRO ELECTRIC PROJECT, 4x200 MW",,,POWER,2007-02,2002-10,,4527.15,,4527.15,0.0,,1502.61,2009-04,,2009-04,0.0,,,15,41,,,,MonthlyFR_feb_2007.pdf,Sector-Wise analysis of projects,14,107
FR_200702_108,,,108,EAST-WEST TRANSNISSION CORRIDOR STRENGTHNING SCHEME,,,POWER,2007-02,2006-06,,803.7,,803.7,0.0,,,2009-06,,2009-06,0.0,,,0,0,,,,MonthlyFR_feb_2007.pdf,Sector-Wise analysis of projects,14,108
FR_200702_109,,,109,EASTERN REGION STRENGTHENING SCHEME-I (1142 CKM),,,POWER,2007-02,2004-10,,975.96,,975.96,0.0,,,2009-10,,2009-09,-1.0,,,0,0,,,,MonthlyFR_feb_2007.pdf,Sector-Wise analysis of projects,14,109
FR_200702_110,,,110,PARBATI HYDRO ELECTRIC PROJECT STAGE-II 4x200 MW,,,POWER,2007-02,2002-09,,3919.59,,3919.59,0.0,,1717.53,2009-09,,2009-09,0.0,,,1,20,,,,MonthlyFR_feb_2007.pdf,Sector-Wise analysis of projects,14,110
FR_200702_111,,,111,TEESTA LOW DAM HYDRO ELECTRIC PROJECT STAGE- IV 4x40 MW,,,POWER,2007-02,2005-09,,1061.38,,1061.38,0.0,,74.95,2009-09,,2009-09,0.0,,,0,0,,,,MonthlyFR_feb_2007.pdf,Sector-Wise analysis of projects,14,111
FR_200702_112,,,112,TRANSMISSION SY. ASSOCIATED WITH BARH GENER. PROJECT(P.GR.),,,POWER,2007-02,2005-12,,3779.46,,3779.46,0.0,,180.07,2009-09,,2009-09,0.0,,,4,30,,,,MonthlyFR_feb_2007.pdf,Sector-Wise analysis of projects,14,112
FR_200702_113,,,113,URI H.E.P STAGE -II (NHPC),NHPC,,POWER,2007-02,2005-08,,1729.29,,1724.79,-4.5,,104.27,2009-11,,2009-11,0.0,,,0,0,,,,MonthlyFR_feb_2007.pdf,Sector-Wise analysis of projects,14,113
FR_200702_114,,,114,"SIPAT STPP STAGE -I, 3x660 MW",,,POWER,2007-02,2003-12,,8323.39,,8323.39,0.0,,3039.09,2009-12,,2009-12,0.0,,,30,56,,,,MonthlyFR_feb_2007.pdf,Sector-Wise analysis of projects,14,114
FR_200702_115,,,115,"KORBA STPP STAGE-III, 1x500 MW",,,POWER,2007-02,2006-08,,2448.5,,2448.49,-0.01,,189.03,2010-02,,2010-02,0.0,,,0,0,,,,MonthlyFR_feb_2007.pdf,Sector-Wise analysis of projects,14,115
FR_200702_116,,,116,"NATIONAL CAPITAL THERMAL POWER PROJECT STAGE-II, 2x490 MW",,,POWER,2007-02,2006-10,,5135.33,,5135.33,0.0,,271.36,2010-10,,2010-04,-6.0,,,0,40,,,,MonthlyFR_feb_2007.pdf,Sector-Wise analysis of projects,14,116
FR_200702_117,,,117,TEHRI PUMPED STORAGE,,,POWER,2007-02,2006-07,,1657.0,,,0.6,,172.03,2010-07,,,0.0,,,0,0,,,,MonthlyFR_feb_2007.pdf,Sector-Wise analysis of projects,14,117
FR_200702_118,,,118,"FARAKKA STPP STAGE-III, 1x500 MW",,,POWER,2007-02,2006-07,,2570.44,,2570.44,0.0,,,2010-08,,2010-08,0.0,,,0,26,,,,MonthlyFR_feb_2007.pdf,Sector-Wise analysis of projects,15,118
FR_200702_119,,,119,"NIMOO BAZGO HYDRO ELECTRIC PROJECT, 3x15 MW",,,POWER,2007-02,2006-08,,611.01,,611.01,0.0,,57.52,2010-08,,2010-08,0.0,,,0,0,,,,MonthlyFR_feb_2007.pdf,Sector-Wise analysis of projects,15,119
FR_200702_120,,,120,CHAMERA HYDRO ELECTRIC PROJECT STAGE-III 231 MW,,,POWER,2007-02,2005-08,,1405.63,,1405.63,0.0,,173.32,2010-08,,2010-08,0.0,,,0,0,,,,MonthlyFR_feb_2007.pdf,Sector-Wise analysis of projects,15,120
FR_200702_121,,,121,LOWER SUBANSIRI HYDRO ELECTRIC PROJECT 8x250 MW,,,POWER,2007-02,2003-09,,6285.33,,6285.33,0.0,,1456.95,2010-09,,2010-09,0.0,,,0,11,,,,MonthlyFR_feb_2007.pdf,Sector-Wise analysis of projects,15,121
FR_200702_122,,,122,PARBATI HYDRO ELECTRIC PROJECT STAGE -III 4x130 MW,,,POWER,2007-02,2005-10,,2304.56,,2304.56,0.0,,192.81,2010-10,,2010-11,1.0,,,0,0,,,,MonthlyFR_feb_2007.pdf,Sector-Wise analysis of projects,15,122
FR_200702_123,,,123,"BARH STPP, 3x660 MW",,,POWER,2007-02,2003-12,,8692.97,,8692.97,0.0,,1059.76,2010-11,,2010-11,0.0,,,12,51,,,,MonthlyFR_feb_2007.pdf,Sector-Wise analysis of projects,15,123
FR_200702_124,,,124,"CHUTAK HYDRO ELECTRIC PROJECT 4X11 MW, KARGIL",,,POWER,2007-02,2006-08,,621.26,,621.26,0.0,,40.63,2011-02,,2011-02,0.0,,,0,0,,,,MonthlyFR_feb_2007.pdf,Sector-Wise analysis of projects,15,124
FR_200702_125,,,125,KAMENG HYDRO ELECTRIC PROJECT 4x150 MW,,,POWER,2007-02,2004-12,,2496.9,,2496.9,0.0,,499.96,2009-12,,2011-03,15.0,,,0,107,,,,MonthlyFR_feb_2007.pdf,Sector-Wise analysis of projects,15,125
FR_200702_126,,,126,"LOHARINAG PALA HYDRO ELECTRIC PROJECT, 4x150 MW",,,POWER,2007-02,2006-06,,2895.1,,2895.1,0.0,,135.3,2011-11,,2011-10,-1.0,,,2,34,,,,MonthlyFR_feb_2007.pdf,Sector-Wise analysis of projects,15,126
FR_200702_127,,,127,"TAPOVAN-VISHNUGAD HYDRO ELECTRIC PROJECT, 4x130 MW",,,POWER,2007-02,2006-11,,2978.48,,2978.48,0.0,,85.51,2013-03,,2013-03,0.0,,,0,31,,,,MonthlyFR_feb_2007.pdf,Sector-Wise analysis of projects,15,127
FR_200702_128,,,128,LOKTAK DOWNSTREAM HYDRO ELECTRIC PROJECT 3x30/2x33 MW,,,POWER,2007-02,1999-12,,578.62,,578.62,0.0,,28.33,2006-06,,,,,,0,0,,,,MonthlyFR_feb_2007.pdf,Sector-Wise analysis of projects,15,128
FR_200702_129,,,129,TRANSMISSION SYSTEM ASSOCIATED WITH TALA HYDRO ELECTRIC PROJ,,,POWER,2007-02,2003-06,,1980.7,,2483.88,503.18,,675.67,2006-06,,,,,,25,37,,,,MonthlyFR_feb_2007.pdf,Sector-Wise analysis of projects,15,129
FR_200702_130,,,130,NORTH-EAST INDIRA GANDHI REGIONAL INSTITUTE OF H & MS,,,HEALTH & FW,2007-02,1986-05,2001-02,71.18,422.6,422.6,351.42,0.0,290.93,1999-03,2005-03,2007-06,99.0,27.0,,7,16,,,,MonthlyFR_feb_2007.pdf,Sector-Wise analysis of projects,15,130
FR_200702_131,,,131,AJMER - UDAIPUR - CHITTORGARH,,,RAILWAYS,2007-02,1996-09,2002-01,262.0,433.39,456.0,194.0,22.61,429.91,,2000-03,2007-02,,83.0,,0,0,,,,MonthlyFR_feb_2007.pdf,Sector-Wise analysis of projects,15,131
FR_200702_132,,,132,TIRUMALAI - VELLACHERI EXTN. OF MRTS (MTP),MTP,,RAILWAYS,2007-02,1996-04,,605.7,,,127.69,,663.72,2002-03,,,59.0,,,0,0,,,,MonthlyFR_feb_2007.pdf,Sector-Wise analysis of projects,15,132
FR_200702_133,,,133,SAMASTIPUR-KHAGARIA,,,RAILWAYS,2007-02,1996-04,,122.45,,122.45,0.0,,149.45,,,2007-03,,,,0,0,,,,MonthlyFR_feb_2007.pdf,Sector-Wise analysis of projects,16,133
FR_200702_134,,,134,KODERMA-GIRDHI,,,RAILWAYS,2007-02,1996-04,,371.36,,371.36,0.0,,122.35,,,2007-03,,,,0,0,,,,MonthlyFR_feb_2007.pdf,Sector-Wise analysis of projects,16,134
FR_200702_135,,,135,PEDAPALLI-KARIMNAGAR- NIZAMABAD (NL),,,RAILWAYS,2007-02,1994-12,,124.43,407.78,517.63,393.2,109.85,187.51,,,2007-03,1.0,,1.0,0,0,,,,MonthlyFR_feb_2007.pdf,Sector-Wise analysis of projects,16,135
FR_200702_136,,,136,HOSPET-GUNTAKAL LINE DOUBLING,,,RAILWAYS,2007-02,1996-03,,105.22,,268.08,162.86,,192.04,1999-12,,2007-03,87.0,,,0,0,,,,MonthlyFR_feb_2007.pdf,Sector-Wise analysis of projects,16,136
FR_200702_137,,,137,"BORIVILI-VIRAR QUADRUPLING,WR (MTP)",MTP,,RAILWAYS,2007-02,1995-04,,325.47,,504.22,178.75,,369.36,2004-03,2000-06,2007-03,36.0,81.0,,0,0,,,,MonthlyFR_feb_2007.pdf,Sector-Wise analysis of projects,16,137
FR_200702_138,,,138,AMBALA-MORADABAD,,,RAILWAYS,2007-02,1993-03,,152.21,157.76,222.96,70.75,65.2,229.6,1998-03,,2007-03,108.0,,,0,0,,,,MonthlyFR_feb_2007.pdf,Sector-Wise analysis of projects,16,138
FR_200702_139,,,139,KHARAGPUR - BHUBANESWAR(RE) INCL. ADRA-MIDNAPORE(RE) (RVNL),RVNL,,RAILWAYS,2007-02,1995-03,,258.58,,371.01,112.43,,336.0,2000-03,,2007-03,84.0,,,0,0,,,,MonthlyFR_feb_2007.pdf,Sector-Wise analysis of projects,16,139
FR_200702_140,,,140,MUZAFFARPUR-SITAMARHI,,,RAILWAYS,2007-02,1997-03,,100.0,,210.79,110.79,,104.12,,,2007-03,,,,0,0,,,,MonthlyFR_feb_2007.pdf,Sector-Wise analysis of projects,16,140
FR_200702_141,,,141,THANE-TURBHE-NERUL- VASHI,,,RAILWAYS,2007-02,1992-05,,403.39,,403.39,0.0,,373.99,2000-03,,2007-03,84.0,,,0,0,,,,MonthlyFR_feb_2007.pdf,Sector-Wise analysis of projects,16,141
FR_200702_142,,,142,MANDERHILL-DUMKA- RAMPURHAT,,,RAILWAYS,2007-02,1995-04,,184.0,,254.07,70.07,,106.61,,,2007-03,,,,0,0,,,,MonthlyFR_feb_2007.pdf,Sector-Wise analysis of projects,16,142
FR_200702_143,,,143,EKLAKHI-BALURGHAT INCLUDING GAZOLE- ITAHAR,,,RAILWAYS,2007-02,1986-01,1994-04,36.8,274.41,282.74,245.94,8.33,215.59,,,2007-03,,,,0,0,,,,MonthlyFR_feb_2007.pdf,Sector-Wise analysis of projects,16,143
FR_200702_144,,,144,"NIMACH-RATLAM(GC),WR",,,RAILWAYS,2007-02,1993-04,,65.0,,171.73,106.73,,182.14,1996-03,,2007-03,132.0,,,0,0,,,,MonthlyFR_feb_2007.pdf,Sector-Wise analysis of projects,16,144
FR_200702_145,,,145,HOWRAH-AMTA- CHAMPADANGA,,,RAILWAYS,2007-02,1974-04,2001-07,31.42,154.3,154.3,122.88,0.0,82.8,2007-03,,2007-03,0.0,,,0,0,,,,MonthlyFR_feb_2007.pdf,Sector-Wise analysis of projects,16,145
FR_200702_146,,,146,DELHI-REWARI (GC) (NWR)(RVNL),RVNL,,RAILWAYS,2007-02,1995-04,,42.27,,192.0,149.73,,144.0,2007-03,,2007-03,0.0,,,0,0,,,,MonthlyFR_feb_2007.pdf,Sector-Wise analysis of projects,16,146
FR_200702_147,,,147,"GANDHIDHAM- PALANPUR(GC),WR (RVNL)",RVNL,,RAILWAYS,2007-02,1998-04,,318.0,344.63,451.52,133.52,106.89,447.0,,,2007-03,,,,0,0,,,,MonthlyFR_feb_2007.pdf,Sector-Wise analysis of projects,16,147
FR_200702_148,,,148,AMRAVATI-NARKHER NEW LINE PROJECT,,,RAILWAYS,2007-02,1994-06,1996-07,120.9,175.3,284.27,163.37,108.97,168.49,1999-06,,2007-03,93.0,,,0,0,,,,MonthlyFR_feb_2007.pdf,Sector-Wise analysis of projects,16,148
FR_200702_149,,,149,GUNA-ETAWAH via SHIVPURI-GWALIOR-BHIND,,,RAILWAYS,2007-02,1985-04,2001-01,158.77,274.56,400.0,241.23,125.44,195.26,1994-03,,2007-06,159.0,,,0,0,,,,MonthlyFR_feb_2007.pdf,Sector-Wise analysis of projects,16,149
FR_200702_150,,,150,2ND BRIDGE ON BIRUPA &,,,RAILWAYS,2007-02,1997-04,,93.1,,,28.9,,63.3,,,,,,,0,0,,,,MonthlyFR_feb_2007.pdf,Sector-Wise analysis of projects,16,150
FR_200702_151,,,151,KATPADI-PAKALA- TIRUPATI(GC)ELECTRIFICAT. AS PART OF GC (SCR),SCR,,RAILWAYS,2007-02,1992-04,,130.0,,210.81,80.81,,175.12,2007-03,,2007-09,6.0,,6.0,0,0,,,,MonthlyFR_feb_2007.pdf,Sector-Wise analysis of projects,17,151
FR_200702_152,,,152,ARA-SASARAM,,,RAILWAYS,2007-02,1997-07,,120.0,,189.14,69.14,,189.88,2006-03,,2007-12,21.0,,9.0,0,0,,,,MonthlyFR_feb_2007.pdf,Sector-Wise analysis of projects,17,152
FR_200702_153,,,153,KUMARGHAT-AGARTALA,,,RAILWAYS,2007-02,1996-04,,575.0,,879.99,304.99,,608.36,2007-03,,2007-12,9.0,,,0,0,,,,MonthlyFR_feb_2007.pdf,Sector-Wise analysis of projects,17,153
FR_200702_154,,,154,KHURDA ROAD-BOLANGIR,,,RAILWAYS,2007-02,1994-04,,355.38,,1000.0,644.62,,43.98,,,2007-12,,,,0,0,,,,MonthlyFR_feb_2007.pdf,Sector-Wise analysis of projects,17,154
FR_200702_155,,,155,HAPUR-KANKATHER,,,RAILWAYS,2007-02,2003-04,,106.64,106.64,106.64,0.0,0.0,62.4,2007-03,,2007-12,9.0,,,0,0,,,,MonthlyFR_feb_2007.pdf,Sector-Wise analysis of projects,17,155
FR_200702_156,,,156,TOLLYGANJ-GARIA,,,RAILWAYS,2007-02,2000-03,,907.69,,907.69,0.0,,534.66,2006-12,,2007-12,12.0,,,0,0,,,,MonthlyFR_feb_2007.pdf,Sector-Wise analysis of projects,17,156
FR_200702_157,,,157,RAJGIR-TILAIYA,,,RAILWAYS,2007-02,2001-04,,180.82,180.82,180.82,0.0,0.0,150.66,2006-03,,2007-12,21.0,,,0,0,,,,MonthlyFR_feb_2007.pdf,Sector-Wise analysis of projects,17,157
FR_200702_158,,,158,BELAPUR-SEAWOOD-URAN ELECTRIFIED DOUBLE LINE,,,RAILWAYS,2007-02,1996-03,1997-07,401.81,,495.44,93.63,,92.77,2004-03,,2008-03,48.0,,,0,0,,,,MonthlyFR_feb_2007.pdf,Sector-Wise analysis of projects,17,158
FR_200702_159,,,159,KATIHAR-JOGBANI,,,RAILWAYS,2007-02,2001-09,,100.0,,402.98,302.98,,371.97,,,2008-03,,,,0,0,,,,MonthlyFR_feb_2007.pdf,Sector-Wise analysis of projects,17,159
FR_200702_160,,,160,RAJKOT-VERAVAL SOMNATH SECTION MATERIAL TO WANSJALIYA,,,RAILWAYS,2007-02,1992-04,,112.53,320.66,374.34,261.81,53.68,263.35,1996-03,,2008-03,144.0,,,0,0,,,,MonthlyFR_feb_2007.pdf,Sector-Wise analysis of projects,17,160
FR_200702_161,,,161,NANGALDAM-TALWARA NEW LINE PROJECT,,,RAILWAYS,2007-02,1981-03,1985-05,37.68,,300.0,262.32,,122.34,,,2008-03,,,,0,0,,,,MonthlyFR_feb_2007.pdf,Sector-Wise analysis of projects,17,161
FR_200702_162,,,162,AJMER-PHULERA-RINGUS- REWARI,,,RAILWAYS,2007-02,2005-04,,352.0,,651.99,299.99,,245.0,2008-03,,2008-03,0.0,,,0,0,,,,MonthlyFR_feb_2007.pdf,Sector-Wise analysis of projects,17,162
FR_200702_163,,,163,DANIAWAN-BIHARSHARIF,,,RAILWAYS,2007-02,2001-04,,104.79,,104.79,0.0,,40.36,,,2008-03,,,,0,0,,,,MonthlyFR_feb_2007.pdf,Sector-Wise analysis of projects,17,163
FR_200702_164,,,164,JALANDHAR-PATHANKOT- JAMMU TAWI,,,RAILWAYS,2007-02,2002-03,,409.0,408.76,461.23,52.23,52.47,428.34,2007-06,,2008-03,9.0,,,0,0,,,,MonthlyFR_feb_2007.pdf,Sector-Wise analysis of projects,17,164
FR_200702_165,,,165,DEOGHAR-DUMKA NEW BROAD GAUGE LINE,,,RAILWAYS,2007-02,1999-02,,180.73,,180.73,0.0,,137.8,2006-12,,2008-03,15.0,,,0,0,,,,MonthlyFR_feb_2007.pdf,Sector-Wise analysis of projects,17,165
FR_200702_166,,,166,NEW JALPAIGURI - SILIGURI - NEW BONGAIGAON,,,RAILWAYS,2007-02,1998-11,,536.85,,890.83,353.98,,810.98,2003-03,,2008-03,60.0,,,0,0,,,,MonthlyFR_feb_2007.pdf,Sector-Wise analysis of projects,17,166
FR_200702_167,,,167,MACHERLA-NALGONDA,,,RAILWAYS,2007-02,1998-07,,125.0,,243.17,118.17,,0.27,2008-07,,2008-07,0.0,,,0,0,,,,MonthlyFR_feb_2007.pdf,Sector-Wise analysis of projects,17,167
FR_200702_168,,,168,CHANDIGARH-LUDHIANA,,,RAILWAYS,2007-02,1997-07,,248.44,,,328.59,,244.9,,,,,,,0,0,,,,MonthlyFR_feb_2007.pdf,Sector-Wise analysis of projects,17,168
FR_200702_169,,,169,RAICHUR-GUNTAKAL,,,RAILWAYS,2007-02,2003-04,,136.62,,221.93,85.31,,1.15,2007-12,,2008-09,9.0,,,0,0,,,,MonthlyFR_feb_2007.pdf,Sector-Wise analysis of projects,18,169
FR_200702_170,,,170,ALIGARH-GAZIABAD 3rd LINE,,,RAILWAYS,2007-02,2003-04,,230.73,,399.47,168.74,,26.2,2009-03,,2008-09,-6.0,,,0,0,,,,MonthlyFR_feb_2007.pdf,Sector-Wise analysis of projects,18,170
FR_200702_171,,,171,PRATAPNAGAR-CHOTA UDAIPUR,,,RAILWAYS,2007-02,2005-04,,148.61,,227.52,78.91,,10.86,2008-03,,2008-12,9.0,,,0,0,,,,MonthlyFR_feb_2007.pdf,Sector-Wise analysis of projects,18,171
FR_200702_172,,,172,HARIDASPUR-PARADEEP,,,RAILWAYS,2007-02,1996-04,,301.64,,456.0,154.36,,47.9,,,2008-12,,,,0,0,,,,MonthlyFR_feb_2007.pdf,Sector-Wise analysis of projects,18,172
FR_200702_173,,,173,RAJATGARH-BARANG,,,RAILWAYS,2007-02,1999-04,,166.16,,247.0,80.84,,36.4,,,2008-12,,,,0,0,,,,MonthlyFR_feb_2007.pdf,Sector-Wise analysis of projects,18,173
FR_200702_174,,,174,"MAYNAGURI TO JOGIGHOPA VIA CHANGRA (NL),NEFR",,,RAILWAYS,2007-02,2000-02,,733.0,,894.38,161.38,,135.96,2008-12,,2008-12,0.0,,,0,0,,,,MonthlyFR_feb_2007.pdf,Sector-Wise analysis of projects,18,174
FR_200702_175,,,175,LANJHIGARH ROAD- JUNAGARH,,,RAILWAYS,2007-02,1993-04,,100.0,119.29,119.29,19.29,0.0,26.45,2002-03,,2008-12,81.0,,,0,0,,,,MonthlyFR_feb_2007.pdf,Sector-Wise analysis of projects,18,175
FR_200702_176,,,176,VIRAMGAM-BHILDI,,,RAILWAYS,2007-02,1990-04,,155.66,,119.75,-35.91,,103.02,,,2009-02,,,,0,0,,,,MonthlyFR_feb_2007.pdf,Sector-Wise analysis of projects,18,176
FR_200702_177,,,177,RANGIA-MURKONGSELEK,,,RAILWAYS,2007-02,2004-01,,912.7,915.7,912.7,0.0,-3.0,1.05,,,2009-03,,,,0,0,,,,MonthlyFR_feb_2007.pdf,Sector-Wise analysis of projects,18,177
FR_200702_178,,,178,RANCHI-LOHARDAGA EXTENSION TO TORI,,,RAILWAYS,2007-02,1997-04,,193.78,,324.0,130.22,,211.62,2004-06,,2009-03,57.0,,,0,0,,,,MonthlyFR_feb_2007.pdf,Sector-Wise analysis of projects,18,178
FR_200702_179,,,179,"BRAHAMAPUTRA BRIDGE AT BOGIBIL WITH LINK LINES,NEFR",,,RAILWAYS,2007-02,1996-04,,1000.0,,1767.36,767.36,,647.11,2008-04,,2009-03,11.0,,,0,0,,,,MonthlyFR_feb_2007.pdf,Sector-Wise analysis of projects,18,179
FR_200702_180,,,180,JAYANAGAR-DARBHANGA- NARKATIAGANJ,,,RAILWAYS,2007-02,1997-04,,233.0,335.77,329.17,96.17,-6.6,157.58,,,2009-03,,,,0,0,,,,MonthlyFR_feb_2007.pdf,Sector-Wise analysis of projects,18,180
FR_200702_181,,,181,LUMDING-SILCHAR- MIGRENDISA-DITOKCHERRA,,,RAILWAYS,2007-02,1996-04,2002-05,648.0,1401.01,1676.31,1028.31,275.3,771.53,2009-03,,2009-03,0.0,,,0,0,,,,MonthlyFR_feb_2007.pdf,Sector-Wise analysis of projects,18,181
FR_200702_182,,,182,CUTTACK-BARANG,,,RAILWAYS,2007-02,1995-04,,127.13,,141.0,13.87,,25.4,,,2009-03,,,,0,0,,,,MonthlyFR_feb_2007.pdf,Sector-Wise analysis of projects,18,182
FR_200702_183,,,183,KHURDA ROAD-BARANG 3rd LINE,,,RAILWAYS,2007-02,2000-04,,133.41,,209.0,75.59,,0.63,,,2009-03,,,,0,0,,,,MonthlyFR_feb_2007.pdf,Sector-Wise analysis of projects,18,183
FR_200702_184,,,184,BILASPUR-URKURA,,,RAILWAYS,2007-02,1997-04,,151.52,,264.51,112.99,,139.0,,,2009-03,,,,0,0,,,,MonthlyFR_feb_2007.pdf,Sector-Wise analysis of projects,18,184
FR_200702_185,,,185,PALWAL-BHUTESWAR 3rd LINE,,,RAILWAYS,2007-02,2005-04,,240.0,,329.72,89.72,,7.13,2009-03,,2009-03,0.0,,,0,0,,,,MonthlyFR_feb_2007.pdf,Sector-Wise analysis of projects,18,185
FR_200702_186,,,186,KOSI BRIDGE,,,RAILWAYS,2007-02,2002-04,,323.41,,,0.0,,11.96,,,,,,,0,0,,,,MonthlyFR_feb_2007.pdf,Sector-Wise analysis of projects,18,186
FR_200702_187,,,187,UDHAMPUR-SRINAGAR- BARAMULLA,,,RAILWAYS,2007-02,1995-03,,2500.0,,9000.0,6500.0,,3770.69,2001-03,,2009-10,103.0,,,0,0,,,,MonthlyFR_feb_2007.pdf,Sector-Wise analysis of projects,19,187
FR_200702_188,,,188,GOOTY-RENIGUNTA PATCH DOUBLING PHASE-II,,,RAILWAYS,2007-02,2002-05,,304.5,,305.95,1.45,,39.48,,,2009-10,,,,0,0,,,,MonthlyFR_feb_2007.pdf,Sector-Wise analysis of projects,19,188
FR_200702_189,,,189,Conversion of 1500 V DC Traction System to 25 KV AC Traction,,,RAILWAYS,2007-02,1996-07,1998-08,273.67,654.51,648.76,375.09,-5.75,204.5,,,2009-12,,,,0,0,,,,MonthlyFR_feb_2007.pdf,Sector-Wise analysis of projects,19,189
FR_200702_190,,,190,"RAIL-CUM-ROAD BRIDGE AT MUNGER (NL), ECR",,,RAILWAYS,2007-02,2002-04,,921.0,,921.0,0.0,,179.77,2009-03,,2009-12,9.0,,,0,0,,,,MonthlyFR_feb_2007.pdf,Sector-Wise analysis of projects,19,190
FR_200702_191,,,191,PATNA GANGA BRIDGE,,,RAILWAYS,2007-02,2001-04,,624.47,,624.47,0.0,,274.31,2007-10,,2010-12,38.0,,,0,0,,,,MonthlyFR_feb_2007.pdf,Sector-Wise analysis of projects,19,191
FR_200702_192,,,192,JIRIBAM TO IMPHAL,,,RAILWAYS,2007-02,2003-04,,727.56,,727.56,0.0,,5.41,2011-03,,2011-03,0.0,,,0,0,,,,MonthlyFR_feb_2007.pdf,Sector-Wise analysis of projects,19,192
FR_200702_193,,,193,SUKINDA ROAD-ANGUL (RVNL),RVNL,,RAILWAYS,2007-02,1998-04,,183.23,,391.0,207.77,,,2015-02,,2015-02,0.0,,,0,0,,,,MonthlyFR_feb_2007.pdf,Sector-Wise analysis of projects,19,193
FR_200702_194,,,194,HASSAN-BANGALORE (VIA SHRAVANABELAGOLA),,,RAILWAYS,2007-02,1997-02,,295.0,,412.91,117.91,,217.39,,,,,,,0,0,,,,MonthlyFR_feb_2007.pdf,Sector-Wise analysis of projects,19,194
FR_200702_195,,,195,GONDIA-JABALPUR (SECR),SECR,,RAILWAYS,2007-02,1997-02,,356.0,,511.86,155.86,,167.2,1998-03,,,,,,0,0,,,,MonthlyFR_feb_2007.pdf,Sector-Wise analysis of projects,19,195
FR_200702_196,,,196,KARUR-SALEM via NAMAKKAL,,,RAILWAYS,2007-02,1997-02,,155.55,,229.88,74.33,,108.33,,,,,,,0,0,,,,MonthlyFR_feb_2007.pdf,Sector-Wise analysis of projects,19,196
FR_200702_197,,,197,HUBLI-ANKOLA(NL),,,RAILWAYS,2007-02,1995-04,,227.0,,997.58,770.58,,70.16,,,,,,,0,0,,,,MonthlyFR_feb_2007.pdf,Sector-Wise analysis of projects,19,197
FR_200702_198,,,198,MUNEERABAD- MAHABOOBNAGAR,,,RAILWAYS,2007-02,1996-04,,377.32,236.41,497.47,120.15,261.06,34.82,,,,,,,0,0,,,,MonthlyFR_feb_2007.pdf,Sector-Wise analysis of projects,19,198
FR_200702_199,,,199,KANPUR-KASGANJ- MATHURA,,,RAILWAYS,2007-02,1997-03,,395.0,598.98,661.72,266.72,62.74,405.84,,,,,,,0,0,,,,MonthlyFR_feb_2007.pdf,Sector-Wise analysis of projects,19,199
FR_200702_200,,,200,SRIGANGANAGAR- SARUPSAR,,,RAILWAYS,2007-02,1997-04,,143.92,,160.8,16.88,,4.05,,,,,,,0,0,,,,MonthlyFR_feb_2007.pdf,Sector-Wise analysis of projects,19,200
FR_200702_201,,,201,RAMGANJMUNDI-BHOPAL,,,RAILWAYS,2007-02,2001-04,,727.13,727.13,726.05,-1.08,-1.08,61.75,,,,,,,0,0,,,,MonthlyFR_feb_2007.pdf,Sector-Wise analysis of projects,19,201
FR_200702_202,,,202,HOTGI-GADAG-SOLAPUR (via Hotgi),,,RAILWAYS,2007-02,1994-04,,180.0,,318.66,138.66,,309.87,1999-03,2003-03,,,,,0,0,,,,MonthlyFR_feb_2007.pdf,Sector-Wise analysis of projects,19,202
FR_200702_203,,,203,KOLKATA CIRCULAR RAILWAY (MTP),MTP,,RAILWAYS,2007-02,1999-03,,358.77,242.4,303.74,-55.03,61.34,155.7,2004-12,,,,,,0,0,,,,MonthlyFR_feb_2007.pdf,Sector-Wise analysis of projects,19,203
FR_200702_204,,,204,GODHRA-INDORE-DEWAS-,,,RAILWAYS,2007-02,1989-04,,297.15,,,827.78,,56.07,,,,,,,0,0,,,,MonthlyFR_feb_2007.pdf,Sector-Wise analysis of projects,19,204
FR_200702_205,,,205,MAHARAJGANJ-MASRAKH,,,RAILWAYS,2007-02,2003-04,,104.1,,113.75,9.65,,0.37,,,,,,,0,0,,,,MonthlyFR_feb_2007.pdf,Sector-Wise analysis of projects,20,205
FR_200702_206,,,206,DALLIRAJHARA-JAGDALPUR,,,RAILWAYS,2007-02,1995-04,,369.0,,216.38,-152.62,,0.43,,,,,,,0,0,,,,MonthlyFR_feb_2007.pdf,Sector-Wise analysis of projects,20,206
FR_200702_207,,,207,KICHHA-KHATIMA,,,RAILWAYS,2007-02,2003-04,,165.67,,165.67,0.0,,0.14,,,,,,,0,0,,,,MonthlyFR_feb_2007.pdf,Sector-Wise analysis of projects,20,207
FR_200702_208,,,208,"ETAWAH-MAINPURI (NL),NCR",,,RAILWAYS,2007-02,2001-09,,129.7,,129.7,0.0,,43.27,2008-12,,,,,,0,0,,,,MonthlyFR_feb_2007.pdf,Sector-Wise analysis of projects,20,208
FR_200702_209,,,209,DHARMAVARAM-PAKALA,,,RAILWAYS,2007-02,1997-04,,200.0,294.99,294.99,94.99,0.0,15.2,,,,,,,0,0,,,,MonthlyFR_feb_2007.pdf,Sector-Wise analysis of projects,20,209
FR_200702_210,,,210,FREIGHT OPERATIONS INFORMATION SYSTEM,,,RAILWAYS,2007-02,1984-03,1989-11,520.0,422.79,422.79,-97.21,0.0,393.13,1995-03,,,,,,0,0,,,,MonthlyFR_feb_2007.pdf,Sector-Wise analysis of projects,20,210
FR_200702_211,,,211,TITLAGARH-LANJIGARH (DL) ECoR,,,RAILWAYS,2007-02,1997-04,,66.61,,134.74,68.13,,113.98,,,,,,,0,0,,,,MonthlyFR_feb_2007.pdf,Sector-Wise analysis of projects,20,211
FR_200702_212,,,212,KOTTUR-HARIHAR,,,RAILWAYS,2007-02,1995-04,,65.94,,124.13,58.19,,34.44,,,,,,,0,0,,,,MonthlyFR_feb_2007.pdf,Sector-Wise analysis of projects,20,212
FR_200702_213,,,213,CUDDLORE - SALEM VIA VRIDHACHALAM (GC) (SR) (RVNL),RVNL,,RAILWAYS,2007-02,1999-04,,198.68,,298.23,99.55,,187.57,,,,,,,0,0,,,,MonthlyFR_feb_2007.pdf,Sector-Wise analysis of projects,20,213
FR_200702_214,,,214,DEOGHAR-SULTANGUNJ,,,RAILWAYS,2007-02,2000-04,,138.0,,373.44,235.44,,91.3,,,,,,,0,0,,,,MonthlyFR_feb_2007.pdf,Sector-Wise analysis of projects,20,214
FR_200702_215,,,215,KOLAYAT-PHALODY (NL) NWR,,,RAILWAYS,2007-02,2002-04,,163.93,,171.14,7.21,,160.51,,,,,,,0,0,,,,MonthlyFR_feb_2007.pdf,Sector-Wise analysis of projects,20,215
FR_200702_216,,,216,REINGUNTA-GUNTAKAL (RVNL),RVNL,,RAILWAYS,2007-02,2000-06,,168.34,,183.0,14.66,,48.1,2003-04,,,,,,0,0,,,,MonthlyFR_feb_2007.pdf,Sector-Wise analysis of projects,20,216
FR_200702_217,,,217,REWARI-SADULPUR-HISSAR,,,RAILWAYS,2007-02,1997-04,,198.96,,364.19,165.23,,16.97,,,,,,,0,0,,,,MonthlyFR_feb_2007.pdf,Sector-Wise analysis of projects,20,217
FR_200702_218,,,218,BHILDI-SAMDARI,,,RAILWAYS,2007-02,1999-04,,244.74,,244.74,0.0,,97.9,,,,,,,0,0,,,,MonthlyFR_feb_2007.pdf,Sector-Wise analysis of projects,20,218
FR_200702_219,,,219,AGRA-ETAWAH NEW LINE via BAD,,,RAILWAYS,2007-02,1999-04,,108.0,,214.09,106.09,,71.66,2009-12,,,,,,0,0,,,,MonthlyFR_feb_2007.pdf,Sector-Wise analysis of projects,20,219
FR_200702_220,,,220,BARBIGHA-SHEIKHPURA- NEORA-DANIAWAN,,,RAILWAYS,2007-02,2002-04,,120.23,,120.23,0.0,,20.24,,,,,,,0,0,,,,MonthlyFR_feb_2007.pdf,Sector-Wise analysis of projects,20,220
FR_200702_221,,,221,REWARI-ROHTAK,,,RAILWAYS,2007-02,2004-01,,149.38,,194.83,45.45,,32.84,2010-02,,,,,,0,0,,,,MonthlyFR_feb_2007.pdf,Sector-Wise analysis of projects,20,221
FR_200702_222,,,222,KADUR-CHIKMAGLUR-,,,RAILWAYS,2007-02,1996-04,,157.0,,,126.34,,51.4,,,,,,,0,0,,,,MonthlyFR_feb_2007.pdf,Sector-Wise analysis of projects,20,222
FR_200702_223,,,223,JIND-SONEPAT,,,RAILWAYS,2007-02,2004-01,,190.81,,265.75,74.94,,0.41,,,,,,,0,0,,,,MonthlyFR_feb_2007.pdf,Sector-Wise analysis of projects,21,223
FR_200702_224,,,224,ANGAMALI-SABARIMALA,,,RAILWAYS,2007-02,1998-10,,550.0,,550.0,0.0,,7.17,,,,,,,0,0,,,,MonthlyFR_feb_2007.pdf,Sector-Wise analysis of projects,21,224
FR_200702_225,,,225,TAHANJAVUR-VILLUPURAM,,,RAILWAYS,2007-02,2001-10,,223.0,,356.88,133.88,,105.24,,,,,,,0,0,,,,MonthlyFR_feb_2007.pdf,Sector-Wise analysis of projects,21,225
FR_200702_226,,,226,KUTTIPURAM-CALICUT- SHORANUR,,,RAILWAYS,2007-02,2001-03,,178.76,177.34,188.13,9.37,10.79,169.99,,,,,,,0,0,,,,MonthlyFR_feb_2007.pdf,Sector-Wise analysis of projects,21,226
FR_200702_227,,,227,TRICHY MANAMADURAI,,,RAILWAYS,2007-02,2000-02,,175.0,,213.14,38.14,,173.35,,,,,,,0,0,,,,MonthlyFR_feb_2007.pdf,Sector-Wise analysis of projects,21,227
FR_200702_228,,,228,VILLUPURAM-KATPADI,,,RAILWAYS,2007-02,2000-02,,175.0,,235.69,60.69,,56.29,,,,,,,0,0,,,,MonthlyFR_feb_2007.pdf,Sector-Wise analysis of projects,21,228
FR_200702_229,,,229,PURNA-AKOLA,,,RAILWAYS,2007-02,2000-02,,228.0,,259.51,31.51,,109.88,,,,,,,0,0,,,,MonthlyFR_feb_2007.pdf,Sector-Wise analysis of projects,21,229
FR_200702_230,,,230,BIDAR-GULBARGA,,,RAILWAYS,2007-02,1999-02,,242.42,369.7,369.7,127.28,0.0,47.7,,,,,,,0,0,,,,MonthlyFR_feb_2007.pdf,Sector-Wise analysis of projects,21,230
FR_200702_231,,,231,GONDA-GORAKHPUR LOOP WITH ANANDNAGAR- NAUTANWA,,,RAILWAYS,2007-02,2002-03,,383.15,,381.17,-1.98,,63.42,,,,,,,0,0,,,,MonthlyFR_feb_2007.pdf,Sector-Wise analysis of projects,21,231
FR_200702_232,,,232,KAPTANGANJ-THAWE- SIWAN-CHHAPRA,,,RAILWAYS,2007-02,2001-09,,320.1,,320.1,0.0,,96.01,,,,,,,0,0,,,,MonthlyFR_feb_2007.pdf,Sector-Wise analysis of projects,21,232
FR_200702_233,,,233,KHAGARIA-KUSHESHWAR ASTHAN,,,RAILWAYS,2007-02,1997-03,,78.23,,162.87,84.64,,30.87,,,,,,,0,0,,,,MonthlyFR_feb_2007.pdf,Sector-Wise analysis of projects,21,233
FR_200702_234,,,234,ELECTRIFICATION OF ERNAKULAM-TRIVANDRUM (RE),,,RAILWAYS,2007-02,2001-05,,162.03,,196.15,34.12,,161.6,2003-08,,,,,,0,0,,,,MonthlyFR_feb_2007.pdf,Sector-Wise analysis of projects,21,234
FR_200702_235,,,235,TIRUCHIRAPPALI-NAGORE- KARAIKKAL WITH EXTENSION NAGAPATTINAM,,,RAILWAYS,2007-02,1995-09,,100.0,,222.16,122.16,,196.34,,,,,,,0,0,,,,MonthlyFR_feb_2007.pdf,Sector-Wise analysis of projects,21,235
FR_200702_236,,,236,QUILON-TIRUNELVELI- TIRUCHENDUR AND TENKASI-VIRUDHUNAGAR,,,RAILWAYS,2007-02,1998-03,,280.0,,702.39,422.39,,285.16,,,,,,,0,0,,,,MonthlyFR_feb_2007.pdf,Sector-Wise analysis of projects,21,236
FR_200702_237,,,237,KOTIPALLI-NARASAPUR,,,RAILWAYS,2007-02,2001-12,,330.0,,695.0,365.0,,9.4,,,,,,,0,0,,,,MonthlyFR_feb_2007.pdf,Sector-Wise analysis of projects,21,237
FR_200702_238,,,238,EXTN. OF MRTS-II FROM VELACHERY TO ST.THOMAS MOUNT,,,RAILWAYS,2007-02,2006-04,,415.59,,415.59,0.0,,,,,,,,,0,0,,,,MonthlyFR_feb_2007.pdf,Sector-Wise analysis of projects,21,238
FR_200702_239,,,239,GADWAL-RAICHUR,,,RAILWAYS,2007-02,1998-04,,92.63,,108.91,16.28,,39.26,,,,,,,0,0,,,,MonthlyFR_feb_2007.pdf,Sector-Wise analysis of projects,21,239
FR_200702_240,,,240,BARAMATI - LONAND,,,RAILWAYS,2007-02,1998-03,,75.0,,138.48,63.48,,17.36,,,,,,,0,0,,,,MonthlyFR_feb_2007.pdf,Sector-Wise analysis of projects,22,240
FR_200702_241,,,241,BANKURA-DAMODAR,,,RAILWAYS,2007-02,1998-03,,111.9,,325.17,213.27,,146.27,2005-03,,,,,,0,0,,,,MonthlyFR_feb_2007.pdf,Sector-Wise analysis of projects,22,241
FR_200702_242,,,242,TANUR (KUTTIPURAM)- GURUVAYUR,,,RAILWAYS,2007-02,1995-04,,40.0,,137.71,97.71,,7.57,,,,,,,0,0,,,,MonthlyFR_feb_2007.pdf,Sector-Wise analysis of projects,22,242
FR_200702_243,,,243,DAITARI-KEONJHAR- BANSPANI NEW LINE(ECOR) (RVNL),RVNL,,RAILWAYS,2007-02,1993-03,2000-11,242.5,537.74,910.0,667.5,372.26,714.0,1997-12,,,,,,0,0,,,,MonthlyFR_feb_2007.pdf,Sector-Wise analysis of projects,22,243
FR_200702_244,,,244,HATHUA-BHATNI,,,RAILWAYS,2007-02,2005-04,,200.73,,230.03,29.3,,20.12,,,,,,,0,0,,,,MonthlyFR_feb_2007.pdf,Sector-Wise analysis of projects,22,244
FR_200702_245,,,245,BHATNI-JIRADEI,,,RAILWAYS,2007-02,2006-04,,100.27,,100.27,0.0,,,,,,,,,0,0,,,,MonthlyFR_feb_2007.pdf,Sector-Wise analysis of projects,22,245
FR_200702_246,,,246,SURAT-KOSAMBA,,,RAILWAYS,2007-02,2000-04,,133.0,,133.0,0.0,,,,,,,,,0,0,,,,MonthlyFR_feb_2007.pdf,Sector-Wise analysis of projects,22,246
FR_200702_247,,,247,MANOHARABAD- KOTAPALLI,,,RAILWAYS,2007-02,2006-04,,378.56,,378.56,0.0,,0.07,,,,,,,0,0,,,,MonthlyFR_feb_2007.pdf,Sector-Wise analysis of projects,22,247
FR_200702_248,,,248,MUNDERWA-BABHNAN,,,RAILWAYS,2007-02,2006-04,,102.1,,102.1,0.0,,4.43,,,,,,,0,0,,,,MonthlyFR_feb_2007.pdf,Sector-Wise analysis of projects,22,248
FR_200702_249,,,249,CALICUT-MANGALORE DOUBLING,,,RAILWAYS,2007-02,1996-02,,240.0,,572.51,332.51,,521.89,,,,,,,0,0,,,,MonthlyFR_feb_2007.pdf,Sector-Wise analysis of projects,22,249
FR_200702_250,,,250,KURLA-BHANDUP 5th & 6th LINE PHASE-I,,,RAILWAYS,2007-02,1995-04,,49.84,,102.9,53.06,,88.58,2002-03,,,,,,0,0,,,,MonthlyFR_feb_2007.pdf,Sector-Wise analysis of projects,22,250
FR_200702_251,,,251,RUPSA-BANGRIPOSI,,,RAILWAYS,2007-02,1996-02,,57.94,,137.57,79.63,,61.23,1998-03,,,,,,0,0,,,,MonthlyFR_feb_2007.pdf,Sector-Wise analysis of projects,22,251
FR_200702_252,,,252,CHHINDWARA-NAGPUR,,,RAILWAYS,2007-02,2005-04,,383.79,,383.79,0.0,,1.22,,,,,,,0,0,,,,MonthlyFR_feb_2007.pdf,Sector-Wise analysis of projects,22,252
FR_200702_253,,,253,TALCHER-BIMALAGARH,,,RAILWAYS,2007-02,2005-04,,726.96,,809.58,82.62,,0.41,,,,,,,0,0,,,,MonthlyFR_feb_2007.pdf,Sector-Wise analysis of projects,22,253
FR_200702_254,,,254,GUNTUR-GUNTAKAL- KOLLURU-DHARMAVARAM,,,RAILWAYS,2007-02,1992-04,,458.45,,508.42,49.97,,473.63,,,,,,,0,0,,,,MonthlyFR_feb_2007.pdf,Sector-Wise analysis of projects,22,254
FR_200702_255,,,255,SURENDRANAGAR- BHAVANAGAR,,,RAILWAYS,2007-02,1997-03,,437.4,,528.49,91.09,,309.39,2004-03,,,,,,0,0,,,,MonthlyFR_feb_2007.pdf,Sector-Wise analysis of projects,22,255
FR_200702_256,,,256,"RAIL COACH FACTORY,KAPURTHALA PH - II (NR)",NR,,RAILWAYS,2007-02,1985-08,1989-02,180.0,314.57,463.68,283.68,149.11,456.21,1992-03,,,,,,0,0,,,,MonthlyFR_feb_2007.pdf,Sector-Wise analysis of projects,22,256
FR_200702_257,,,257,HAJIPUR-SUGAULI via VAISHALI,,,RAILWAYS,2007-02,2003-04,,324.66,,324.66,0.0,,8.12,,,,,,,0,0,,,,MonthlyFR_feb_2007.pdf,Sector-Wise analysis of projects,22,257
FR_200702_258,,,258,LALITPUR-SATNA-REWA- SINGRULI,,,RAILWAYS,2007-02,1998-09,,925.0,,925.0,0.0,,148.01,2008-05,,,,,,0,0,,,,MonthlyFR_feb_2007.pdf,Sector-Wise analysis of projects,23,258
FR_200702_259,,,259,AHMEDNAGAR-BEED-PARLI- VAIJNATH,,,RAILWAYS,2007-02,1997-02,,353.08,,462.67,109.59,,15.3,,,,,,,0,0,,,,MonthlyFR_feb_2007.pdf,Sector-Wise analysis of projects,23,259
FR_200702_260,,,260,KODERMA-TILAIYA,,,RAILWAYS,2007-02,2002-04,,459.91,,459.91,0.0,,30.54,,,,,,,0,0,,,,MonthlyFR_feb_2007.pdf,Sector-Wise analysis of projects,23,260
FR_200702_261,,,261,KODERMA-RANCHI VIA HAZARIBAGH AND BARKAKHANA,,,RAILWAYS,2007-02,1999-03,,491.19,,1033.0,541.81,,332.9,2005-07,,,,,,0,0,,,,MonthlyFR_feb_2007.pdf,Sector-Wise analysis of projects,23,261
FR_200702_262,,,262,MADURAI- RAMESWARAM(GC).SR,,,RAILWAYS,2007-02,1998-07,,193.18,,246.97,53.79,,232.07,2006-07,,,,,,0,0,,,,MonthlyFR_feb_2007.pdf,Sector-Wise analysis of projects,23,262
FR_200702_263,,,263,MIRAJ-LATUR ROAD,,,RAILWAYS,2007-02,1993-04,2002-04,225.0,323.0,515.57,290.57,192.57,374.18,2001-03,,,,,,0,0,,,,MonthlyFR_feb_2007.pdf,Sector-Wise analysis of projects,23,263
FR_200702_264,,,264,DLW GM 4000/3000 HP DIESEL LOCOS,,,RAILWAYS,2007-02,1999-04,,155.54,,141.22,-14.32,,86.33,2003-03,,,,,,0,0,,,,MonthlyFR_feb_2007.pdf,Sector-Wise analysis of projects,23,264
FR_200702_265,,,265,NANDYAL-YERRAGUNTLA,,,RAILWAYS,2007-02,1997-03,,155.74,164.36,170.85,15.11,6.49,39.25,2009-02,,,,,,0,0,,,,MonthlyFR_feb_2007.pdf,Sector-Wise analysis of projects,23,265
FR_200702_266,,,266,DAUSA-GANGAPUR CITY,,,RAILWAYS,2007-02,1997-02,,151.84,,208.83,56.99,,27.92,,,,,,,0,0,,,,MonthlyFR_feb_2007.pdf,Sector-Wise analysis of projects,23,266
FR_200702_267,,,267,BIHARSHARIFF-BARBIGHA,,,RAILWAYS,2007-02,2001-04,,103.86,,103.86,0.0,,8.21,,,,,,,0,0,,,,MonthlyFR_feb_2007.pdf,Sector-Wise analysis of projects,23,267
FR_200702_268,,,268,TARAKESWAR-BISHNUPUR,,,RAILWAYS,2007-02,2000-04,,157.96,,276.0,118.04,,55.46,,,,,,,0,0,,,,MonthlyFR_feb_2007.pdf,Sector-Wise analysis of projects,23,268
FR_200702_269,,,269,MANSI-PURNIA (Material Modification of Mansi-Saharsa),,,RAILWAYS,2007-02,1996-04,,114.01,283.95,283.95,169.94,0.0,134.46,,,,,,,0,0,,,,MonthlyFR_feb_2007.pdf,Sector-Wise analysis of projects,23,269
FR_200702_270,,,270,BANGALORE- SATYAMANGALAM,,,RAILWAYS,2007-02,1999-02,,138.0,,225.0,87.0,,0.28,,,,,,,0,0,,,,MonthlyFR_feb_2007.pdf,Sector-Wise analysis of projects,23,270
FR_200702_271,,,271,"SRIKAKULAM - CHAMPAWATI, KM.97-KM.49, NH-5, GQ",,,ROAD TRANSPORT & HIGHWAYS,2007-02,2000-04,,171.97,,171.97,0.0,,146.88,2004-02,,2007-03,37.0,,,0,0,,,,MonthlyFR_feb_2007.pdf,Sector-Wise analysis of projects,23,271
FR_200702_272,,,272,BELGAUM-DHARWAD (GQ) KM.495-KM.433 (NH-4),,,ROAD TRANSPORT & HIGHWAYS,2007-02,2000-04,,279.0,,279.0,0.0,,312.52,2004-02,,2007-03,37.0,,1.0,0,0,,,,MonthlyFR_feb_2007.pdf,Sector-Wise analysis of projects,23,272
FR_200702_273,,,273,KANCHIPURAM- POONAMALEE (GQ) KM.70.2- KM.13.8 (NH-4),,,ROAD TRANSPORT & HIGHWAYS,2007-02,2000-04,,211.0,,211.0,0.0,,235.78,2003-12,,2007-03,39.0,,,0,0,,,,MonthlyFR_feb_2007.pdf,Sector-Wise analysis of projects,23,273
FR_200702_274,,,274,DHANKUNI-KOLAGHAT (GQ) KM.17.6-KM.72 (NH-6),,,ROAD TRANSPORT & HIGHWAYS,2007-02,2000-04,,393.0,,,0.0,,530.17,2004-03,,,36.0,,,0,0,,,,MonthlyFR_feb_2007.pdf,Sector-Wise analysis of projects,23,274
FR_200702_275,,,275,LAXMANNATH-BALESHWAR (GQ) KM.0-KM.53.41 (NH-60),,,ROAD TRANSPORT & HIGHWAYS,2007-02,2000-04,,272.0,,272.0,0.0,,294.17,2003-12,,2007-03,39.0,,,0,0,,,,MonthlyFR_feb_2007.pdf,Sector-Wise analysis of projects,24,275
FR_200702_276,,,276,"VARANASI-MOHANIA, KM.317-KM.329, NH-2 (U.P.)",,,ROAD TRANSPORT & HIGHWAYS,2007-02,2000-04,,467.93,,467.93,0.0,,423.43,2005-03,,2007-03,24.0,,,0,0,,,,MonthlyFR_feb_2007.pdf,Sector-Wise analysis of projects,24,276
FR_200702_277,,,277,"SASARAM-DEHRI-ON-SONE, KM.110-KM.140, NH-2 (BIHAR)",,,ROAD TRANSPORT & HIGHWAYS,2007-02,2000-04,,221.87,,221.87,0.0,,199.57,2005-03,,2007-03,24.0,,,0,0,,,,MonthlyFR_feb_2007.pdf,Sector-Wise analysis of projects,24,277
FR_200702_278,,,278,AURANGABAD- BARACHATTI (GQ) KM.180- KM.240 (NH-2),,,ROAD TRANSPORT & HIGHWAYS,2007-02,2000-04,,320.42,,320.42,0.0,,304.05,2005-03,,2007-03,24.0,,,0,0,,,,MonthlyFR_feb_2007.pdf,Sector-Wise analysis of projects,24,278
FR_200702_279,,,279,"BARACHATTI-GORHAR (GQ) KM.240-KM.320, NH-2",,,ROAD TRANSPORT & HIGHWAYS,2007-02,2000-04,,452.71,,452.71,0.0,,483.91,2005-03,,2007-03,24.0,,,0,0,,,,MonthlyFR_feb_2007.pdf,Sector-Wise analysis of projects,24,279
FR_200702_280,,,280,"GORHAR-BARWA ADDA, KM.320-KM.398.75, NH-2 (JHARKHAND)",,,ROAD TRANSPORT & HIGHWAYS,2007-02,2000-04,,399.75,,399.75,0.0,,295.07,2005-03,,2007-03,24.0,,,0,0,,,,MonthlyFR_feb_2007.pdf,Sector-Wise analysis of projects,24,280
FR_200702_281,,,281,"CHITRADURGA-SIRA, KM.189-KM.122.3, NH-4 (KARNATAKA)",,,ROAD TRANSPORT & HIGHWAYS,2007-02,2000-04,,304.0,,304.0,0.0,,307.97,2004-08,,2007-03,31.0,,,0,0,,,,MonthlyFR_feb_2007.pdf,Sector-Wise analysis of projects,24,281
FR_200702_282,,,282,"ETAWAH-RAJPUR, KM.321.1- KM.393, NH-2 (U.P.)",,,ROAD TRANSPORT & HIGHWAYS,2007-02,2000-04,,348.44,,348.44,0.0,,341.11,2005-03,,2007-04,25.0,,1.0,0,0,,,,MonthlyFR_feb_2007.pdf,Sector-Wise analysis of projects,24,282
FR_200702_283,,,283,SIKANDARA-BHAUNTI (GQ) KM.393-KM.470 (NH-2),,,ROAD TRANSPORT & HIGHWAYS,2007-02,2000-04,,323.62,,323.62,0.0,,310.66,2004-08,,2007-04,32.0,,2.0,0,0,,,,MonthlyFR_feb_2007.pdf,Sector-Wise analysis of projects,24,283
FR_200702_284,,,284,"VIVEKANANDA BRIDGE AND APPROACH (GQ), NH-2",,,ROAD TRANSPORT & HIGHWAYS,2007-02,2000-04,,641.0,,641.0,0.0,,533.86,2005-06,,2007-04,22.0,,,0,0,,,,MonthlyFR_feb_2007.pdf,Sector-Wise analysis of projects,24,284
FR_200702_285,,,285,"IMPROVEMENT OF ACCESS OF GQ WITHIN CHENNAI CITY, KM.4, NH-4,",,,ROAD TRANSPORT & HIGHWAYS,2007-02,2005-01,,210.0,,210.0,0.0,,313.3,2007-04,,2007-04,0.0,,,0,0,,,,MonthlyFR_feb_2007.pdf,Sector-Wise analysis of projects,24,285
FR_200702_286,,,286,"HANDIA-VARANASI, KM.245- KM.317, NH-2 (U.P.)",,,ROAD TRANSPORT & HIGHWAYS,2007-02,2000-04,,286.0,,286.0,0.0,,297.48,2004-07,,2007-05,34.0,,3.0,0,0,,,,MonthlyFR_feb_2007.pdf,Sector-Wise analysis of projects,24,286
FR_200702_287,,,287,"JAWAHABLAL NEHRU PORT PHASE-II, KM.14.35, NH-54 (MH)",,,ROAD TRANSPORT & HIGHWAYS,2007-02,2000-04,,143.0,,143.0,0.0,,104.4,2007-05,,2007-05,0.0,,,0,0,,,,MonthlyFR_feb_2007.pdf,Sector-Wise analysis of projects,24,287
FR_200702_288,,,288,"BRIDGES BALASORE- CHANDIKHOLE, KM.61- KM.199, NH-5 (ORISSA)",,,ROAD TRANSPORT & HIGHWAYS,2007-02,2000-04,,155.0,,155.0,0.0,,136.67,2004-05,,2007-06,37.0,,,0,0,,,,MonthlyFR_feb_2007.pdf,Sector-Wise analysis of projects,24,288
FR_200702_289,,,289,"HARIHAR-CHITRADURGA, KM.284-KM.207 (GQ) NH-4 (KARNATAKA)",,,ROAD TRANSPORT & HIGHWAYS,2007-02,2000-04,,318.0,,318.0,0.0,,262.28,2004-08,,2007-06,34.0,,,0,0,,,,MonthlyFR_feb_2007.pdf,Sector-Wise analysis of projects,24,289
FR_200702_290,,,290,"HAVERI-HARIHAR, KM.340- KM.284, NH-4 (KARNATAKA)",,,ROAD TRANSPORT & HIGHWAYS,2007-02,2000-04,,241.0,,241.0,0.0,,201.01,2004-08,,2007-06,34.0,,,0,0,,,,MonthlyFR_feb_2007.pdf,Sector-Wise analysis of projects,24,290
FR_200702_291,,,291,"HUBLI-HAVERI KM.404- KM.340, NH-4 (KARNATAKA)",,,ROAD TRANSPORT & HIGHWAYS,2007-02,2000-04,,260.93,,260.93,0.0,,244.16,2003-12,,2007-06,42.0,,,0,0,,,,MonthlyFR_feb_2007.pdf,Sector-Wise analysis of projects,24,291
FR_200702_292,,,292,"NANDHI HILLS- DEVANHALLI, KM.556-",,,ROAD TRANSPORT & HIGHWAYS,2007-02,2000-04,,172.06,,,0.0,,180.6,2004-03,,,39.0,,,0,0,,,,MonthlyFR_feb_2007.pdf,Sector-Wise analysis of projects,24,292
FR_200702_293,,,293,"DELHI-GURGAON ACCESS CONTROLLED EXPRESSWAY, KM143-KM.42 NH-8",,,ROAD TRANSPORT & HIGHWAYS,2007-02,2000-04,,555.0,,710.0,155.0,,491.6,2005-07,,2007-06,23.0,,,0,0,,,,MonthlyFR_feb_2007.pdf,Sector-Wise analysis of projects,25,293
FR_200702_294,,,294,"LUCKNOW-BYPASS, NH-25 & NH-28 (UTTAR PRADESH)",,,ROAD TRANSPORT & HIGHWAYS,2007-02,2000-04,,182.52,,185.52,3.0,,241.6,2004-06,,2007-06,36.0,,,0,0,,,,MonthlyFR_feb_2007.pdf,Sector-Wise analysis of projects,25,294
FR_200702_295,,,295,"BHUBANESWAR-KHURDA, KM.388-KM.418, NH-5 (ORISSA)",,,ROAD TRANSPORT & HIGHWAYS,2007-02,2000-04,,140.85,,140.85,0.0,,132.49,2004-01,,2007-06,41.0,,,0,0,,,,MonthlyFR_feb_2007.pdf,Sector-Wise analysis of projects,25,295
FR_200702_296,,,296,"ALLAHABAD BYPASS CONTRACT-II, KM.158- KM.198, NH-2 (U.P.)",,,ROAD TRANSPORT & HIGHWAYS,2007-02,2000-04,,440.93,,440.93,0.0,,312.4,2006-12,,2007-06,6.0,,,0,0,,,,MonthlyFR_feb_2007.pdf,Sector-Wise analysis of projects,25,296
FR_200702_297,,,297,"HAPUR-GARHMUKTESWAR, KM.58-KM.93, NH-24 (U.P.)",,,ROAD TRANSPORT & HIGHWAYS,2007-02,2000-04,,220.0,,220.0,0.0,,34.49,2007-09,,2007-09,0.0,,,0,0,,,,MonthlyFR_feb_2007.pdf,Sector-Wise analysis of projects,25,297
FR_200702_298,,,298,"GARHMUKTESHWAR- MURADABAD, KM.93-149.25, NH-24 (U.P.)",,,ROAD TRANSPORT & HIGHWAYS,2007-02,2000-04,,275.0,,275.0,0.0,,107.4,2007-09,,2007-09,0.0,,,0,0,,,,MonthlyFR_feb_2007.pdf,Sector-Wise analysis of projects,25,298
FR_200702_299,,,299,"SHIKOHABAD-ETAWAH, KM.250.5-KM.307.5, NH-2 (U.P.)",,,ROAD TRANSPORT & HIGHWAYS,2007-02,2000-04,,261.22,,261.22,0.0,,206.81,2005-03,,2007-09,30.0,,,0,0,,,,MonthlyFR_feb_2007.pdf,Sector-Wise analysis of projects,25,299
FR_200702_300,,,300,"KANPUR-FATEHPUR, KM.470- KM.483, NH-2 (U.P.)",,,ROAD TRANSPORT & HIGHWAYS,2007-02,2000-04,,495.35,,495.35,0.0,,555.03,2005-03,,2007-10,31.0,,,0,0,,,,MonthlyFR_feb_2007.pdf,Sector-Wise analysis of projects,25,300
FR_200702_301,,,301,"GAGODHAR-GARAMORE, KM.245-KM.281.3 & KM.308- KM.254, NH-8A",,,ROAD TRANSPORT & HIGHWAYS,2007-02,2003-12,,412.78,,479.54,66.76,,201.8,2007-11,,2007-11,0.0,,,0,0,,,,MonthlyFR_feb_2007.pdf,Sector-Wise analysis of projects,25,301
FR_200702_302,,,302,"RADHANPUR-GAGODHAR-V, KM.138.8-KM.245.0, NH-15 (GUJARAT)",,,ROAD TRANSPORT & HIGHWAYS,2007-02,2003-12,,429.4,,410.24,-19.16,,218.0,2005-02,,2007-11,33.0,,,0,0,,,,MonthlyFR_feb_2007.pdf,Sector-Wise analysis of projects,25,302
FR_200702_303,,,303,"JETPUR-BHILADI, KM.117- KM.52.50, NH-8B (GUJARAT)",,,ROAD TRANSPORT & HIGHWAYS,2007-02,2003-12,,399.89,,508.5,108.61,,97.82,2007-11,,2007-11,0.0,,,0,0,,,,MonthlyFR_feb_2007.pdf,Sector-Wise analysis of projects,25,303
FR_200702_304,,,304,"GARAMORE-BAMANBORE, KM.254-KM.182.60, NH-8A (GUJARAT)",,,ROAD TRANSPORT & HIGHWAYS,2007-02,2003-12,,360.7,,380.7,20.0,,163.3,2007-11,,2007-11,0.0,,,0,0,,,,MonthlyFR_feb_2007.pdf,Sector-Wise analysis of projects,25,304
FR_200702_305,,,305,"DEESA-RADHANPUR, KM.372.6-KM.458.0, NH-14 (GUJARAT)",,,ROAD TRANSPORT & HIGHWAYS,2007-02,2003-12,,399.89,,479.74,79.85,,225.8,2005-02,,2007-11,33.0,,,0,0,,,,MonthlyFR_feb_2007.pdf,Sector-Wise analysis of projects,25,305
FR_200702_306,,,306,"BHILADI TO PORBANDAR (PACK..-I) PH.-II KM.52.5 TO 2.0, NH-8B",,,ROAD TRANSPORT & HIGHWAYS,2007-02,2003-12,,255.96,,276.07,20.11,,180.0,2005-02,,2007-11,33.0,,,0,0,,,,MonthlyFR_feb_2007.pdf,Sector-Wise analysis of projects,25,306
FR_200702_307,,,307,"PURNEA-GOYAKOTA, KM.419-KM.447, NH-31 (BIHAR)",,,ROAD TRANSPORT & HIGHWAYS,2007-02,2000-04,,205.73,,205.73,0.0,,119.5,2004-07,,2007-12,41.0,,,0,0,,,,MonthlyFR_feb_2007.pdf,Sector-Wise analysis of projects,25,307
FR_200702_308,,,308,"HALDIA PORT, KM.53, NH-41 (WEST BENGAL)",,,ROAD TRANSPORT & HIGHWAYS,2007-02,2000-04,,273.0,,273.0,0.0,,137.2,2005-03,,2007-12,33.0,,,0,0,,,,MonthlyFR_feb_2007.pdf,Sector-Wise analysis of projects,25,308
FR_200702_309,,,309,"SUNAKHALA-GANJAM, KM.338-KM.284, NH-5 (ORISSA)",,,ROAD TRANSPORT & HIGHWAYS,2007-02,2000-04,,225.0,,225.0,0.0,,140.5,2004-04,,2007-12,44.0,,,0,0,,,,MonthlyFR_feb_2007.pdf,Sector-Wise analysis of projects,25,309
FR_200702_310,,,310,"BORKHEDI-JAM, KM.36.6- KM.64.0, NH-7",,,ROAD TRANSPORT & HIGHWAYS,2007-02,2003-12,,110.0,,,0.0,,10.39,2005-06,,,30.0,,,0,0,,,,MonthlyFR_feb_2007.pdf,Sector-Wise analysis of projects,25,310
FR_200702_311,,,311,"AGRA-SHIKOHABAD, KM.200-KM.250.50, NH-2 (U.P.)",,,ROAD TRANSPORT & HIGHWAYS,2007-02,2000-04,,367.49,,367.49,0.0,,376.32,2005-03,,2007-12,33.0,,6.0,0,0,,,,MonthlyFR_feb_2007.pdf,Sector-Wise analysis of projects,26,311
FR_200702_312,,,312,"KUNJWANI-VIJAYPUR, KM.80-KM.97, NH-1A (JAMMU & KASHMIR)",,,ROAD TRANSPORT & HIGHWAYS,2007-02,2000-04,,110.0,,110.0,0.0,,96.68,2004-12,,2007-12,36.0,,,0,0,,,,MonthlyFR_feb_2007.pdf,Sector-Wise analysis of projects,26,312
FR_200702_313,,,313,"ALLAHABAD BYPASS CONTRACT-III, KM.198- KM.242.71, NH-2 (U.P.)",,,ROAD TRANSPORT & HIGHWAYS,2007-02,2000-04,,534.39,,534.39,0.0,,293.04,2007-05,,2007-12,7.0,,,0,0,,,,MonthlyFR_feb_2007.pdf,Sector-Wise analysis of projects,26,313
FR_200702_314,,,314,"PARADIP PORT, KM.77, NH- 5A (ORISSA)",,,ROAD TRANSPORT & HIGHWAYS,2007-02,2000-04,,428.0,,428.0,0.0,,247.2,2007-02,,2007-12,10.0,,,0,0,,,,MonthlyFR_feb_2007.pdf,Sector-Wise analysis of projects,26,314
FR_200702_315,,,315,"TUTICORIN PORT, KM.47.2, NH-7A (T.N.)",,,ROAD TRANSPORT & HIGHWAYS,2007-02,2000-04,,231.2,,231.2,0.0,,71.02,2006-08,,2007-12,16.0,,,0,0,,,,MonthlyFR_feb_2007.pdf,Sector-Wise analysis of projects,26,315
FR_200702_316,,,316,"COCHIN PORT, KM.10, NH-47 (KERALA)",,,ROAD TRANSPORT & HIGHWAYS,2007-02,2000-04,,106.0,,106.0,0.0,,43.63,2006-08,,2007-12,16.0,,,0,0,,,,MonthlyFR_feb_2007.pdf,Sector-Wise analysis of projects,26,316
FR_200702_317,,,317,"BALASORE-BHADRAK, KM.136.5-KM.199.14, NH-5 (ORISSA)",,,ROAD TRANSPORT & HIGHWAYS,2007-02,2000-04,,227.25,,227.25,0.0,,182.54,2004-02,,2007-12,46.0,,,0,0,,,,MonthlyFR_feb_2007.pdf,Sector-Wise analysis of projects,26,317
FR_200702_318,,,318,"CHENNAI BYPASS, KM.32, NH-4, 5, & 45 (TAMIL NADU)",,,ROAD TRANSPORT & HIGHWAYS,2007-02,2003-12,,480.0,,480.0,0.0,,276.7,2007-11,,2008-01,2.0,,,0,0,,,,MonthlyFR_feb_2007.pdf,Sector-Wise analysis of projects,26,318
FR_200702_319,,,319,"SHIVPURI BYPASS & UPTO MP/RJ BORDER, KM.53, NH-25 & 76, MP",,,ROAD TRANSPORT & HIGHWAYS,2007-02,2003-12,,360.34,,360.34,0.0,,180.8,2008-02,,2008-02,0.0,,,0,0,,,,MonthlyFR_feb_2007.pdf,Sector-Wise analysis of projects,26,319
FR_200702_320,,,320,"JHANSI-SIVPURI, KM.50- KM.15, NH-25 (M.P.)",,,ROAD TRANSPORT & HIGHWAYS,2007-02,2003-12,,213.69,,213.69,0.0,,56.75,2008-02,,2008-02,0.0,,,0,0,,,,MonthlyFR_feb_2007.pdf,Sector-Wise analysis of projects,26,320
FR_200702_321,,,321,"ETAWAH BYPASS, KM.307.5- KM.321.1, NH-2 (U.P.)",,,ROAD TRANSPORT & HIGHWAYS,2007-02,2000-04,,89.5,,132.18,42.68,,102.65,2003-10,,2008-02,52.0,,,0,0,,,,MonthlyFR_feb_2007.pdf,Sector-Wise analysis of projects,26,321
FR_200702_322,,,322,"MADURAI-KANYAKUMARI, KM.120-KM.160, NH-7 (TAMIL NADU)",,,ROAD TRANSPORT & HIGHWAYS,2007-02,2003-12,,507.49,,507.49,0.0,,72.81,2008-03,,2008-03,0.0,,,0,0,,,,MonthlyFR_feb_2007.pdf,Sector-Wise analysis of projects,26,322
FR_200702_323,,,323,"MADURAI -KANYAKUMARI, KM.80-KM.120, NH-7 (TAMIL NADU)",,,ROAD TRANSPORT & HIGHWAYS,2007-02,2003-12,,323.36,,323.36,0.0,,18.86,2008-03,,2008-03,0.0,,,0,0,,,,MonthlyFR_feb_2007.pdf,Sector-Wise analysis of projects,26,323
FR_200702_324,,,324,"TIRUNELVEI-PANAGUDI, KM.160-KM.203, NH-7 (TAMIL NADU)",,,ROAD TRANSPORT & HIGHWAYS,2007-02,2003-12,,423.54,,423.54,0.0,,36.23,2008-03,,2008-03,0.0,,,0,0,,,,MonthlyFR_feb_2007.pdf,Sector-Wise analysis of projects,26,324
FR_200702_325,,,325,"RAJASTHAN/MP BORDER- KOTA, KM.579-KM.509, NH-76 (RAJASTHAN)",,,ROAD TRANSPORT & HIGHWAYS,2007-02,2003-12,,311.35,,349.59,38.24,,59.44,2008-03,,2008-03,0.0,,,0,0,,,,MonthlyFR_feb_2007.pdf,Sector-Wise analysis of projects,26,325
FR_200702_326,,,326,"FATEHPUR-KHAGA, KM.38- KM.115, NH-2 (U.P.)",,,ROAD TRANSPORT & HIGHWAYS,2007-02,2000-04,,372.4,,372.4,0.0,,276.77,2004-07,,2008-03,44.0,,9.0,0,0,,,,MonthlyFR_feb_2007.pdf,Sector-Wise analysis of projects,26,326
FR_200702_327,,,327,"RAJKOT BYPASS-GONDAL JETPUR, KM.185-KM.175, NH- 36 (GUJARAT)",,,ROAD TRANSPORT & HIGHWAYS,2007-02,2003-12,,265.0,,388.09,123.09,,31.65,2008-03,,2008-03,0.0,,,0,0,,,,MonthlyFR_feb_2007.pdf,Sector-Wise analysis of projects,26,327
FR_200702_328,,,328,"MADURAI-KANYAKUMARI, KM.42-KM.80, NH-7 (TAMIL",,,ROAD TRANSPORT & HIGHWAYS,2007-02,2003-12,,474.21,,,0.0,,44.57,2008-03,,,0.0,,,0,0,,,,MonthlyFR_feb_2007.pdf,Sector-Wise analysis of projects,26,328
FR_200702_329,,,329,"MADURAI-TIRUNELVELI, KM.0-KM.42, NH-7 (TAMIL NADU)",,,ROAD TRANSPORT & HIGHWAYS,2007-02,2003-12,,567.38,,567.38,0.0,,57.81,2008-03,,2008-03,0.0,,,0,0,,,,MonthlyFR_feb_2007.pdf,Sector-Wise analysis of projects,27,329
FR_200702_330,,,330,"PURNEA-FORBESGANJ, KM.268-KM.230, NH-57 (BIHAR)",,,ROAD TRANSPORT & HIGHWAYS,2007-02,2003-12,,310.0,,310.0,0.0,,39.63,2008-04,,2008-04,0.0,,,0,0,,,,MonthlyFR_feb_2007.pdf,Sector-Wise analysis of projects,27,330
FR_200702_331,,,331,"DEVDHARI-KELAPUR, KM.123-KM.153, NH-7 (MAHARASHTRA)",,,ROAD TRANSPORT & HIGHWAYS,2007-02,2003-12,,144.0,,144.0,0.0,,10.13,2005-07,,2008-04,33.0,,,0,0,,,,MonthlyFR_feb_2007.pdf,Sector-Wise analysis of projects,27,331
FR_200702_332,,,332,"ORAI-JHANSI, KM.170.0- KM.104.0, NH-25 (U.P.)",,,ROAD TRANSPORT & HIGHWAYS,2007-02,2003-12,,451.97,,451.97,0.0,,114.5,2008-04,,2008-04,0.0,,,0,0,,,,MonthlyFR_feb_2007.pdf,Sector-Wise analysis of projects,27,332
FR_200702_333,,,333,"SILCHAR-UDARBAND, KM.309-KM.275, NH-54 (ASSAM)",,,ROAD TRANSPORT & HIGHWAYS,2007-02,2003-12,,157.47,,154.57,-2.9,,35.06,2007-09,,2008-04,7.0,,,0,0,,,,MonthlyFR_feb_2007.pdf,Sector-Wise analysis of projects,27,333
FR_200702_334,,,334,"DEVDHARI-WADNER, KM.94- KM.123, NH-7 (MAHARASHTRA)",,,ROAD TRANSPORT & HIGHWAYS,2007-02,2003-12,,145.0,,145.0,0.0,,7.58,2005-07,,2008-04,33.0,,,0,0,,,,MonthlyFR_feb_2007.pdf,Sector-Wise analysis of projects,27,334
FR_200702_335,,,335,"CHITTORGARH BYPASS, KM.253-KM.213, NH-76 (RAJASTHAN)",,,ROAD TRANSPORT & HIGHWAYS,2007-02,2003-12,,384.25,,447.9,63.65,,116.1,2008-04,,2008-04,0.0,,,0,0,,,,MonthlyFR_feb_2007.pdf,Sector-Wise analysis of projects,27,335
FR_200702_336,,,336,"SIMRAHI-RINGBUND, KM.190-KM.165, NH-57 (BIHAR)",,,ROAD TRANSPORT & HIGHWAYS,2007-02,2003-12,,100.5,,100.5,0.0,,6.56,2008-04,,2008-04,0.0,,,0,0,,,,MonthlyFR_feb_2007.pdf,Sector-Wise analysis of projects,27,336
FR_200702_337,,,337,"GUWAHATI-NALBARI, KM.1093-KM.1065, NH-31 (ASSAM)",,,ROAD TRANSPORT & HIGHWAYS,2007-02,2003-12,,198.16,,198.16,0.0,,11.7,2008-04,,2008-04,0.0,,,0,0,,,,MonthlyFR_feb_2007.pdf,Sector-Wise analysis of projects,27,337
FR_200702_338,,,338,"JAM-WADNER, KM.64-KM.94, NH-7 (MAHARASHTRA)",,,ROAD TRANSPORT & HIGHWAYS,2007-02,2003-12,,145.0,,145.0,0.0,,10.12,2005-07,,2008-04,33.0,,,0,0,,,,MonthlyFR_feb_2007.pdf,Sector-Wise analysis of projects,27,338
FR_200702_339,,,339,"RAJASTHAN/MP BORDER- KOTA, KM.509-KM.449.15, NH-76",,,ROAD TRANSPORT & HIGHWAYS,2007-02,2003-12,,378.22,,430.21,51.99,,100.5,2008-04,,2008-04,0.0,,,0,0,,,,MonthlyFR_feb_2007.pdf,Sector-Wise analysis of projects,27,339
FR_200702_340,,,340,"KOTA-CHITTORGARH, KM.381-KM.316, NH-76 (RAJASTHAN)",,,ROAD TRANSPORT & HIGHWAYS,2007-02,2003-12,,446.4,,528.44,82.04,,75.81,2008-04,,2008-04,0.0,,,0,0,,,,MonthlyFR_feb_2007.pdf,Sector-Wise analysis of projects,27,340
FR_200702_341,,,341,"RJ/MP BORDER-KOTA, KM.449.15-KM.406 NH-76 (RAJASTHAN)",,,ROAD TRANSPORT & HIGHWAYS,2007-02,2003-12,,297.72,,359.43,61.71,,29.31,2008-04,,2008-04,0.0,,,0,0,,,,MonthlyFR_feb_2007.pdf,Sector-Wise analysis of projects,27,341
FR_200702_342,,,342,"JHANSI-SHIVPURI, KM.91- KM.50, NH-25 (MADHYA PRADESH)",,,ROAD TRANSPORT & HIGHWAYS,2007-02,2003-12,,220.31,,220.31,0.0,,46.95,2008-05,,2008-04,-1.0,,,0,0,,,,MonthlyFR_feb_2007.pdf,Sector-Wise analysis of projects,27,342
FR_200702_343,,,343,"NALBARI-BIJNI, KM.1040.3- KM.1013, NH-31 (ASSAM)",,,ROAD TRANSPORT & HIGHWAYS,2007-02,2003-12,,208.0,,208.0,0.0,,7.8,2008-04,,2008-04,0.0,,,0,0,,,,MonthlyFR_feb_2007.pdf,Sector-Wise analysis of projects,27,343
FR_200702_344,,,344,"KOTA-CHITTORGARH, KM.316-KM.253, NH-76 (RAJASTHAN)",,,ROAD TRANSPORT & HIGHWAYS,2007-02,2003-12,,440.5,,503.66,63.16,,95.91,2008-04,,2008-04,0.0,,,0,0,,,,MonthlyFR_feb_2007.pdf,Sector-Wise analysis of projects,27,344
FR_200702_345,,,345,"GUWAHATI-NALBARI, KM.1121-KM.1093, NH-31 (ASSAM)",,,ROAD TRANSPORT & HIGHWAYS,2007-02,2003-12,,175.96,,175.96,0.0,,16.59,2008-04,,2008-04,0.0,,,0,0,,,,MonthlyFR_feb_2007.pdf,Sector-Wise analysis of projects,27,345
FR_200702_346,,,346,"PURNEA-FORBESGANJ, KM.309-KM.268, NH-57",,,ROAD TRANSPORT & HIGHWAYS,2007-02,2003-12,,276.0,,,0.0,,47.23,2008-04,,,0.0,,,0,0,,,,MonthlyFR_feb_2007.pdf,Sector-Wise analysis of projects,27,346
FR_200702_347,,,347,"JHANSI BYPASS, KM.104- KM.91, NH-25 (UTTAR PRADESH)",,,ROAD TRANSPORT & HIGHWAYS,2007-02,2003-12,,158.06,,158.06,0.0,,29.36,2005-08,,2008-05,33.0,,,0,0,,,,MonthlyFR_feb_2007.pdf,Sector-Wise analysis of projects,28,347
FR_200702_348,,,348,"DHARAMTUL-SONAPUR, KM.205-KM.183, NH-31 (ASSAM)",,,ROAD TRANSPORT & HIGHWAYS,2007-02,2003-12,,160.0,,160.0,0.0,,7.26,2008-05,,2008-05,0.0,,,0,0,,,,MonthlyFR_feb_2007.pdf,Sector-Wise analysis of projects,28,348
FR_200702_349,,,349,"PATHANKOT-BHOGPUR , KM.70-KM.110, NH-1A (PUNJAB)",,,ROAD TRANSPORT & HIGHWAYS,2007-02,2003-12,,229.0,,229.0,0.0,,48.19,2008-05,,2008-05,0.0,,,0,0,,,,MonthlyFR_feb_2007.pdf,Sector-Wise analysis of projects,28,349
FR_200702_350,,,350,"PATHANKOT-BHOGPUR, KM.26-KM.70, NH-1A (PUNJAB)",,,ROAD TRANSPORT & HIGHWAYS,2007-02,2003-12,,284.0,,284.0,0.0,,84.89,2008-05,,2008-05,0.0,,,0,0,,,,MonthlyFR_feb_2007.pdf,Sector-Wise analysis of projects,28,350
FR_200702_351,,,351,"BAKARIA-GOGUNDA, KM.73- KM.29, NH-76 (RAJASTHAN)",,,ROAD TRANSPORT & HIGHWAYS,2007-02,2003-12,,457.0,,530.9,73.9,,164.3,2008-04,,2008-05,1.0,,,0,0,,,,MonthlyFR_feb_2007.pdf,Sector-Wise analysis of projects,28,351
FR_200702_352,,,352,"DARBHANGA- MUZAFFARPUR, KM.70- KM.30, NH-57, (BIHAR)",,,ROAD TRANSPORT & HIGHWAYS,2007-02,2003-12,,305.0,,305.0,0.0,,1.94,2008-06,,2008-06,0.0,,,0,0,,,,MonthlyFR_feb_2007.pdf,Sector-Wise analysis of projects,28,352
FR_200702_353,,,353,"RINGBUNDS-JHANJHARPUR, KM.155-KM.110, NH-57 (BIHAR)",,,ROAD TRANSPORT & HIGHWAYS,2007-02,2003-12,,340.0,,340.0,0.0,,19.43,2008-06,,2008-06,0.0,,,0,0,,,,MonthlyFR_feb_2007.pdf,Sector-Wise analysis of projects,28,353
FR_200702_354,,,354,"NEW MANGLORE PORT, KM.37, NH-17 & 48 (KARNATAKA)",,,ROAD TRANSPORT & HIGHWAYS,2007-02,2000-04,,196.5,,196.5,0.0,,13.42,2008-06,,2008-06,0.0,,,0,0,,,,MonthlyFR_feb_2007.pdf,Sector-Wise analysis of projects,28,354
FR_200702_355,,,355,"BIJNI-ASSAM/WEST BENGAL BORDER, KM.30-KM.60, NH- 31C",,,ROAD TRANSPORT & HIGHWAYS,2007-02,2003-12,,195.0,,195.0,0.0,,23.13,2008-06,,2008-06,0.0,,,0,0,,,,MonthlyFR_feb_2007.pdf,Sector-Wise analysis of projects,28,355
FR_200702_356,,,356,"CHITRADURGA BY PASS, KM.207-KM.189 (NH-4)",,,ROAD TRANSPORT & HIGHWAYS,2007-02,2000-04,,104.0,,104.0,0.0,,72.25,2004-08,,2008-06,46.0,,,0,0,,,,MonthlyFR_feb_2007.pdf,Sector-Wise analysis of projects,28,356
FR_200702_357,,,357,"NALBARI-BIJNI, KM.1013- KM.983, NH-31 (ASSAM)",,,ROAD TRANSPORT & HIGHWAYS,2007-02,2003-12,,200.0,,200.0,0.0,,11.11,2008-06,,2008-06,0.0,,,0,0,,,,MonthlyFR_feb_2007.pdf,Sector-Wise analysis of projects,28,357
FR_200702_358,,,358,"NALBARI-BIJNI, KM.1065- KM.1040.3, NH-31 (ASSAM)",,,ROAD TRANSPORT & HIGHWAYS,2007-02,2003-12,,225.0,,225.0,0.0,,20.06,2008-06,,2008-06,0.0,,,0,0,,,,MonthlyFR_feb_2007.pdf,Sector-Wise analysis of projects,28,358
FR_200702_359,,,359,"BIJNI-ASSAM/WB BORDER, KM.30.0-KM.0.0, NH-31C (ASSAM)",,,ROAD TRANSPORT & HIGHWAYS,2007-02,2003-12,,230.0,,230.0,0.0,,24.25,2005-06,,2008-06,36.0,,,0,0,,,,MonthlyFR_feb_2007.pdf,Sector-Wise analysis of projects,28,359
FR_200702_360,,,360,"DHARMATUL-SONAPUR, KM.230.50-KM.230.00, NH-31 (ASSAM)",,,ROAD TRANSPORT & HIGHWAYS,2007-02,2003-12,,200.0,,200.0,0.0,,17.39,2008-06,,2008-06,0.0,,,0,0,,,,MonthlyFR_feb_2007.pdf,Sector-Wise analysis of projects,28,360
FR_200702_361,,,361,"SWAROOPGANJ-BAKARIA, KM.29-KM.0 & KM.264- KM.249.7, NH-76&14",,,ROAD TRANSPORT & HIGHWAYS,2007-02,2003-12,,220.0,,243.11,23.11,,73.12,2008-04,,2008-06,2.0,,,0,0,,,,MonthlyFR_feb_2007.pdf,Sector-Wise analysis of projects,28,361
FR_200702_362,,,362,"SONAPUR-GUWAHATI, KM.183-KM.163.895, NH-37 (ASSAM)",,,ROAD TRANSPORT & HIGHWAYS,2007-02,2003-12,,245.0,,245.0,0.0,,64.92,2008-03,,2008-06,3.0,,,0,0,,,,MonthlyFR_feb_2007.pdf,Sector-Wise analysis of projects,28,362
FR_200702_363,,,363,"LANKA-DABOKA, KM.22- KM.24, NH-54 (ASSAM)",,,ROAD TRANSPORT & HIGHWAYS,2007-02,2003-12,,225.0,,225.0,0.0,,4.06,2008-06,,2008-06,0.0,,,0,0,,,,MonthlyFR_feb_2007.pdf,Sector-Wise analysis of projects,28,363
FR_200702_364,,,364,"NAGAON-DHARAMTUL KM.255-KM.230, NH-37",,,ROAD TRANSPORT & HIGHWAYS,2007-02,2003-12,,264.72,,,0.0,,2.8,2008-06,,,0.0,,,0,0,,,,MonthlyFR_feb_2007.pdf,Sector-Wise analysis of projects,28,364
FR_200702_365,,,365,"DAKOBA-NAGAON, KM.36- KM.5.5, NH-36 (ASSAM)",,,ROAD TRANSPORT & HIGHWAYS,2007-02,2003-12,,225.0,,225.0,0.0,,13.02,2008-06,,2008-06,0.0,,,0,0,,,,MonthlyFR_feb_2007.pdf,Sector-Wise analysis of projects,29,365
FR_200702_366,,,366,"VIJAYAPUR-PATHANKOT KM.16.35-KM.50.00, NH-1A (J&K)",,,ROAD TRANSPORT & HIGHWAYS,2007-02,2003-12,,193.09,,193.09,0.0,,37.91,2008-03,,2008-06,3.0,,,0,0,,,,MonthlyFR_feb_2007.pdf,Sector-Wise analysis of projects,29,366
FR_200702_367,,,367,"VIJAYAPUR-PATHANKOT, KM.50-KM.80, NH1A (JAMMU & KASHMIR)",,,ROAD TRANSPORT & HIGHWAYS,2007-02,2003-12,,166.27,,166.27,0.0,,29.22,2008-03,,2008-06,3.0,,,0,0,,,,MonthlyFR_feb_2007.pdf,Sector-Wise analysis of projects,29,367
FR_200702_368,,,368,"NAGAON BYPASS, KM.5.5- KM.262.7, NH-36 (ASSAM)",,,ROAD TRANSPORT & HIGHWAYS,2007-02,2003-12,,230.0,,230.0,0.0,,36.64,2008-06,,2008-06,0.0,,,0,0,,,,MonthlyFR_feb_2007.pdf,Sector-Wise analysis of projects,29,368
FR_200702_369,,,369,"BIJNI-ASSAM /WEST BENGAL.BORDER, KM.93- KM.60, NH-31C",,,ROAD TRANSPORT & HIGHWAYS,2007-02,2003-12,,237.8,,237.8,0.0,,28.08,2008-06,,2008-06,0.0,,,0,0,,,,MonthlyFR_feb_2007.pdf,Sector-Wise analysis of projects,29,369
FR_200702_370,,,370,"DARBHANGA- MUZAFFARPUR, KM 30-KM 0, NH-57 (BIHAR)",,,ROAD TRANSPORT & HIGHWAYS,2007-02,2003-12,,291.8,,291.8,0.0,,16.41,2008-06,,2008-06,0.0,,,0,0,,,,MonthlyFR_feb_2007.pdf,Sector-Wise analysis of projects,29,370
FR_200702_371,,,371,"NALBARI-BIJNI, KM.983- KM.961.5, NH-31 (ASSAM)",,,ROAD TRANSPORT & HIGHWAYS,2007-02,2003-12,,142.0,,142.0,0.0,,6.63,2008-06,,2008-06,0.0,,,0,0,,,,MonthlyFR_feb_2007.pdf,Sector-Wise analysis of projects,29,371
FR_200702_372,,,372,"SILIGURI-ISLAMPUR, KM.526-KM.500, NH-31(WEST BENGAL)",,,ROAD TRANSPORT & HIGHWAYS,2007-02,2003-12,,225.0,,225.0,0.0,,21.82,2008-07,,2008-07,0.0,,,0,0,,,,MonthlyFR_feb_2007.pdf,Sector-Wise analysis of projects,29,372
FR_200702_373,,,373,"GOGUNDA-UDAIPUR, KM.104-KM.73, NH-76 (RAJASTHAN)",,,ROAD TRANSPORT & HIGHWAYS,2007-02,2003-12,,266.0,,288.06,22.06,,96.36,2007-08,,2008-07,11.0,,,0,0,,,,MonthlyFR_feb_2007.pdf,Sector-Wise analysis of projects,29,373
FR_200702_374,,,374,"CHITTORGARH BYPASS(RJ-6) NH-76 KM.159- 213, NH-79,76",,,ROAD TRANSPORT & HIGHWAYS,2007-02,2005-03,,133.03,,133.03,0.0,,146.4,2005-08,,2008-07,35.0,,,0,0,,,,MonthlyFR_feb_2007.pdf,Sector-Wise analysis of projects,29,374
FR_200702_375,,,375,"TRICHY BYPASS- TUVARAMKURCHI, KM.61, NH-45B (TAMIL NADU)",,,ROAD TRANSPORT & HIGHWAYS,2007-02,2003-12,,261.0,,261.0,0.0,,56.43,2008-08,,2008-08,0.0,,,0,0,,,,MonthlyFR_feb_2007.pdf,Sector-Wise analysis of projects,29,375
FR_200702_376,,,376,"TOVARAMKURCHI- MADURAI, KM.60.95- KM.124.84 (T.N.)",,,ROAD TRANSPORT & HIGHWAYS,2007-02,2003-12,,263.0,,263.0,0.0,,56.03,2008-08,,2008-08,0.0,,,0,0,,,,MonthlyFR_feb_2007.pdf,Sector-Wise analysis of projects,29,376
FR_200702_377,,,377,"MEHSI-KOTWA, KM.480- KM.440, NH-28 (BIHAR)",,,ROAD TRANSPORT & HIGHWAYS,2007-02,2003-12,,239.0,,239.0,0.0,,33.66,2005-07,,2008-09,38.0,,,0,0,,,,MonthlyFR_feb_2007.pdf,Sector-Wise analysis of projects,29,377
FR_200702_378,,,378,"FORBESGANJ-SIMRAHI, KM.230-KM.190, NH-57 (BIHAR)",,,ROAD TRANSPORT & HIGHWAYS,2007-02,2003-12,,332.94,,332.94,0.0,,26.14,2008-09,,2008-09,0.0,,,0,0,,,,MonthlyFR_feb_2007.pdf,Sector-Wise analysis of projects,29,378
FR_200702_379,,,379,"MUZZAFFARPUR-MEHSI, KM.520-KM.480, NH-28 (BIHAR)",,,ROAD TRANSPORT & HIGHWAYS,2007-02,2003-12,,275.0,,275.0,0.0,,41.59,2005-07,,2008-09,38.0,,,0,0,,,,MonthlyFR_feb_2007.pdf,Sector-Wise analysis of projects,29,379
FR_200702_380,,,380,"GANGA BRIDGE-RAMDEVI CROSSING, KM.75-KM.80.06, NH-25 (U.P.)",,,ROAD TRANSPORT & HIGHWAYS,2007-02,2003-12,,155.0,,201.66,46.66,,20.23,2008-09,,2008-09,0.0,,,0,0,,,,MonthlyFR_feb_2007.pdf,Sector-Wise analysis of projects,29,380
FR_200702_381,,,381,"JHAJHARPUR-DARBANGA, KM.110-KM.70, NH-57 (BIHAR)",,,ROAD TRANSPORT & HIGHWAYS,2007-02,2003-12,,340.0,,340.0,0.0,,0.26,2008-09,,2008-09,0.0,,,0,0,,,,MonthlyFR_feb_2007.pdf,Sector-Wise analysis of projects,29,381
FR_200702_382,,,382,"AYODHYA-LUCKNOW, KM.45-KM.8.250, NH-28",,,ROAD TRANSPORT & HIGHWAYS,2007-02,2003-12,,193.0,,,0.0,,51.71,2008-10,,,0.0,,,0,0,,,,MonthlyFR_feb_2007.pdf,Sector-Wise analysis of projects,29,382
FR_200702_383,,,383,"RAJMARG CHORAHA- LAKHNANDON, KM.297- KM.351, NH-26 (M.P.)",,,ROAD TRANSPORT & HIGHWAYS,2007-02,2003-12,,251.03,,251.03,0.0,,11.0,2008-10,,2008-10,0.0,,,0,0,,,,MonthlyFR_feb_2007.pdf,Sector-Wise analysis of projects,30,383
FR_200702_384,,,384,"PANIPAT-PANCHI GUJARAN, KM.86-KM.66, (HARYANA)",,,ROAD TRANSPORT & HIGHWAYS,2007-02,2003-12,,109.0,,109.0,0.0,,,2008-10,,2008-10,0.0,,,0,0,,,,MonthlyFR_feb_2007.pdf,Sector-Wise analysis of projects,30,384
FR_200702_385,,,385,"GORAKHPUR-AYODHYA, KM.251.70-KM.208.00, NH-28 (U.P.)",,,ROAD TRANSPORT & HIGHWAYS,2007-02,2003-12,,239.0,,239.0,0.0,,39.23,2008-10,,2008-10,0.0,,,0,0,,,,MonthlyFR_feb_2007.pdf,Sector-Wise analysis of projects,30,385
FR_200702_386,,,386,"LALITPUR-SAGAR (2), KM.132-KM.187, NH-26 (M.P.)",,,ROAD TRANSPORT & HIGHWAYS,2007-02,2003-12,,225.0,,225.0,0.0,,34.87,2008-10,,2008-10,0.0,,,0,0,,,,MonthlyFR_feb_2007.pdf,Sector-Wise analysis of projects,30,386
FR_200702_387,,,387,"SAGAR-RAJMARG CHORAHA, KM.255-KM.297, NH-26 (M.P.)",,,ROAD TRANSPORT & HIGHWAYS,2007-02,2003-12,,206.96,,206.96,0.0,,16.05,2008-10,,2008-10,0.0,,,0,0,,,,MonthlyFR_feb_2007.pdf,Sector-Wise analysis of projects,30,387
FR_200702_388,,,388,"AYODHYA-LUCKNOW, KM.93.075-KM.45, NH-28 (UTTAR PRADESH)",,,ROAD TRANSPORT & HIGHWAYS,2007-02,2003-12,,217.0,,217.0,0.0,,59.35,2008-10,,2008-10,0.0,,,0,0,,,,MonthlyFR_feb_2007.pdf,Sector-Wise analysis of projects,30,388
FR_200702_389,,,389,"SILIGURI-ISLAMPUR, KM.551-KM.526, NH-31 (WEST BENGAL)",,,ROAD TRANSPORT & HIGHWAYS,2007-02,2003-12,,155.0,,155.0,0.0,,34.49,2008-10,,2008-10,0.0,,,0,0,,,,MonthlyFR_feb_2007.pdf,Sector-Wise analysis of projects,30,389
FR_200702_390,,,390,"SAGAR-RAJMARG CHORAHA, KM.211-KM.255, NH-26 (M.P.)",,,ROAD TRANSPORT & HIGHWAYS,2007-02,2003-12,,203.43,,203.43,0.0,,29.7,2008-10,,2008-10,0.0,,,0,0,,,,MonthlyFR_feb_2007.pdf,Sector-Wise analysis of projects,30,390
FR_200702_391,,,391,"SAGAR BY PASS, KM.187- KM.211, NH-26 (M.P.)",,,ROAD TRANSPORT & HIGHWAYS,2007-02,2003-12,,151.3,,151.3,0.0,,26.86,2008-10,,2008-10,0.0,,,0,0,,,,MonthlyFR_feb_2007.pdf,Sector-Wise analysis of projects,30,391
FR_200702_392,,,392,"RAJMARG CHORAHA- LAKHNANDON, KM.351- KM.405.7, NH-26",,,ROAD TRANSPORT & HIGHWAYS,2007-02,2003-12,,229.91,,229.91,0.0,,10.21,2008-10,,2008-10,0.0,,,0,0,,,,MonthlyFR_feb_2007.pdf,Sector-Wise analysis of projects,30,392
FR_200702_393,,,393,"GORAKHPUR-AYODHYA, KM.208-KM.164, NH-28 (UTTAR PRADESH)",,,ROAD TRANSPORT & HIGHWAYS,2007-02,2003-12,,227.0,,227.0,0.0,,46.58,2008-10,,2008-10,0.0,,,0,0,,,,MonthlyFR_feb_2007.pdf,Sector-Wise analysis of projects,30,393
FR_200702_394,,,394,"KELAPUR-PIMPALKATTI, KM.153-KM.175, NH-7 (MAHARASHTRA)",,,ROAD TRANSPORT & HIGHWAYS,2007-02,2003-12,,117.4,,117.4,0.0,,4.63,2008-11,,2008-11,0.0,,,0,0,,,,MonthlyFR_feb_2007.pdf,Sector-Wise analysis of projects,30,394
FR_200702_395,,,395,"LALITPUR-SAGAR (1), KM.94- KM.132, NH-26 (M.P.)",,,ROAD TRANSPORT & HIGHWAYS,2007-02,2003-12,,198.0,,198.0,0.0,,10.98,2008-11,,2008-11,0.0,,,0,0,,,,MonthlyFR_feb_2007.pdf,Sector-Wise analysis of projects,30,395
FR_200702_396,,,396,"MAILBANG-LUNDING, KM.111.00-KM.126.45, NH-54 (ASSAM)",,,ROAD TRANSPORT & HIGHWAYS,2007-02,2003-12,,155.04,,155.04,0.0,,8.88,2008-11,,2008-11,0.0,,,0,0,,,,MonthlyFR_feb_2007.pdf,Sector-Wise analysis of projects,30,396
FR_200702_397,,,397,"MAILBANG-LUNDING, KM.60.50-KM.83.40, NH-54 (ASSAM)",,,ROAD TRANSPORT & HIGHWAYS,2007-02,2003-12,,167.64,,167.64,0.0,,9.26,2008-11,,2008-11,0.0,,,0,0,,,,MonthlyFR_feb_2007.pdf,Sector-Wise analysis of projects,30,397
FR_200702_398,,,398,"GORAKHPUR-AYODHYA, KM.164-KM.135, NH-28 (U.P.)",,,ROAD TRANSPORT & HIGHWAYS,2007-02,2003-12,,205.0,,205.0,0.0,,49.67,2008-10,,2008-11,1.0,,,0,0,,,,MonthlyFR_feb_2007.pdf,Sector-Wise analysis of projects,30,398
FR_200702_399,,,399,"AYODHYA-LUCKNOW, KM.135.000-KM.93.075, NH-28 (U.P.)",,,ROAD TRANSPORT & HIGHWAYS,2007-02,2003-12,,212.0,,212.0,0.0,,65.2,2008-10,,2008-11,1.0,,,0,0,,,,MonthlyFR_feb_2007.pdf,Sector-Wise analysis of projects,30,399
FR_200702_400,,,400,"ASSAM/WEST BENGAL BORDER-GAIRKATTA,",,,ROAD TRANSPORT & HIGHWAYS,2007-02,2003-12,,221.82,,,0.0,,3.91,2008-11,,,0.0,,,0,0,,,,MonthlyFR_feb_2007.pdf,Sector-Wise analysis of projects,30,400
FR_200702_401,,,401,"KOTWA-DEWAPUR, KM.440- KM.402, NH-28 (BIHAR)",,,ROAD TRANSPORT & HIGHWAYS,2007-02,2003-12,,240.0,,240.0,0.0,,36.18,2008-10,,2008-11,1.0,,,0,0,,,,MonthlyFR_feb_2007.pdf,Sector-Wise analysis of projects,31,401
FR_200702_402,,,402,"KOTA BYPASS, KM.406- KM.381, NH-76 (RAJASTHAN)",,,ROAD TRANSPORT & HIGHWAYS,2007-02,2003-12,,275.0,,250.39,-24.61,,17.61,2008-10,,2008-11,1.0,,,0,0,,,,MonthlyFR_feb_2007.pdf,Sector-Wise analysis of projects,31,402
FR_200702_403,,,403,"DEEWAPUR-UP/BIHAR BORDER, KM.402-KM.360.915, NH-28 (BIHAR)",,,ROAD TRANSPORT & HIGHWAYS,2007-02,2003-12,,300.0,,300.0,0.0,,50.58,2008-10,,2008-11,1.0,,,0,0,,,,MonthlyFR_feb_2007.pdf,Sector-Wise analysis of projects,31,403
FR_200702_404,,,404,"GANJAM-ICCHAPURAM, KM.233-KM.284, NH-5 (ORISSA)",,,ROAD TRANSPORT & HIGHWAYS,2007-02,2000-04,,263.27,,263.27,0.0,,124.89,2004-02,,2008-11,57.0,,,0,0,,,,MonthlyFR_feb_2007.pdf,Sector-Wise analysis of projects,31,404
FR_200702_405,,,405,"AMBALA-ZIRAKPUR, KM.5/735-KM.39/961, NH-21 & 22, (HARYANA)",,,ROAD TRANSPORT & HIGHWAYS,2007-02,2005-03,,298.0,,298.0,0.0,,103.7,2008-11,,2008-11,0.0,,,0,0,,,,MonthlyFR_feb_2007.pdf,Sector-Wise analysis of projects,31,405
FR_200702_406,,,406,"UP/BIHAR BORDER-KASIA, KM.360.915-KM.319.8, NH-28, (U.P.)",,,ROAD TRANSPORT & HIGHWAYS,2007-02,2003-12,,227.0,,227.0,0.0,,44.73,2008-12,,2008-12,0.0,,,0,0,,,,MonthlyFR_feb_2007.pdf,Sector-Wise analysis of projects,31,406
FR_200702_407,,,407,"NAGPUR-KONDHALI, KM.9.2- KM.50, NH-6 (MAHARASHTRA)",,,ROAD TRANSPORT & HIGHWAYS,2007-02,2005-03,,168.0,,168.0,0.0,,3.0,2008-12,,2008-12,0.0,,,0,0,,,,MonthlyFR_feb_2007.pdf,Sector-Wise analysis of projects,31,407
FR_200702_408,,,408,"SALEM-KARUR, KM.258.645- KM.292.60, NH-7 (TAMIL NADU)",,,ROAD TRANSPORT & HIGHWAYS,2007-02,2003-12,,205.6,,205.6,0.0,,23.88,2008-08,,2008-12,4.0,,,0,0,,,,MonthlyFR_feb_2007.pdf,Sector-Wise analysis of projects,31,408
FR_200702_409,,,409,"SALEM-KERALA BORDER, KM.203.96-KM.53, NH-47 (TAMIL NADU)",,,ROAD TRANSPORT & HIGHWAYS,2007-02,2003-12,,469.8,,469.8,0.0,,13.47,2008-12,,2008-12,0.0,,,0,0,,,,MonthlyFR_feb_2007.pdf,Sector-Wise analysis of projects,31,409
FR_200702_410,,,410,"SALEM-KERALA BORDER, KM.53-KM.100, NH-97 (TAMIL NADU)",,,ROAD TRANSPORT & HIGHWAYS,2007-02,2003-12,,379.8,,379.8,0.0,,27.0,2008-12,,2008-12,0.0,,,0,0,,,,MonthlyFR_feb_2007.pdf,Sector-Wise analysis of projects,31,410
FR_200702_411,,,411,"KARUR-MADURAI, KM.373.275-KM.426.60, NH-7 (TAMIL NADU)",,,ROAD TRANSPORT & HIGHWAYS,2007-02,2003-12,,283.5,,283.5,0.0,,31.86,2008-12,,2008-12,0.0,,,0,0,,,,MonthlyFR_feb_2007.pdf,Sector-Wise analysis of projects,31,411
FR_200702_412,,,412,"ORAI-JHANSI, KM.220- KM.170, N H-25 (U.P.)",,,ROAD TRANSPORT & HIGHWAYS,2007-02,2003-12,,340.68,,340.68,0.0,,33.52,2008-03,,2008-12,9.0,,,0,0,,,,MonthlyFR_feb_2007.pdf,Sector-Wise analysis of projects,31,412
FR_200702_413,,,413,"KASIA-GORAKHPUR, KM.319.8-KM.279.8, NH-28 (UTTAR PRADESH)",,,ROAD TRANSPORT & HIGHWAYS,2007-02,2003-12,,242.0,,242.0,0.0,,57.1,2008-12,,2008-12,0.0,,,0,0,,,,MonthlyFR_feb_2007.pdf,Sector-Wise analysis of projects,31,413
FR_200702_414,,,414,"KRISHNAGIRI- THOPURGHAT, KM.94- KM.156, NH-7 (TAMIL NADU)",,,ROAD TRANSPORT & HIGHWAYS,2007-02,2003-12,,372.7,,372.7,0.0,,57.93,2008-12,,2008-12,0.0,,,0,0,,,,MonthlyFR_feb_2007.pdf,Sector-Wise analysis of projects,31,414
FR_200702_415,,,415,"SALEM-KARUR, KM.207.05- KM.248.625, NH-7 (TAMIL NADU)",,,ROAD TRANSPORT & HIGHWAYS,2007-02,2003-12,,253.5,,253.5,0.0,,25.3,2009-01,,2009-01,0.0,,,0,0,,,,MonthlyFR_feb_2007.pdf,Sector-Wise analysis of projects,31,415
FR_200702_416,,,416,"BHARATPUR MAHUA, KM.63- KM.120, NH-11 (RAJASTHAN)",,,ROAD TRANSPORT & HIGHWAYS,2007-02,2005-03,,250.0,,250.0,0.0,,149.7,2009-01,,2009-01,0.0,,,0,0,,,,MonthlyFR_feb_2007.pdf,Sector-Wise analysis of projects,31,416
FR_200702_417,,,417,"AURANG-RAIPUR, KM.232- KM.281, NH-6 (CHHATTISGARH)",,,ROAD TRANSPORT & HIGHWAYS,2007-02,2005-03,,190.0,,190.0,0.0,,5.59,2009-01,,2009-01,0.0,,,0,0,,,,MonthlyFR_feb_2007.pdf,Sector-Wise analysis of projects,31,417
FR_200702_418,,,418,"PANIPAT ELEVATED HIGHWAY, KM.96-KM.86",,,ROAD TRANSPORT & HIGHWAYS,2007-02,2003-12,,270.0,,,0.0,,34.59,2009-01,,,0.0,,,0,0,,,,MonthlyFR_feb_2007.pdf,Sector-Wise analysis of projects,31,418
FR_200702_419,,,419,"FARUKHANAGAR- KOTTAKATA, KM.34.14- KM.80.08, NH-7 (A.P.)",,,ROAD TRANSPORT & HIGHWAYS,2007-02,2003-12,,267.2,,255.0,-12.2,,22.22,2009-02,,2009-02,0.0,,,0,0,,,,MonthlyFR_feb_2007.pdf,Sector-Wise analysis of projects,32,419
FR_200702_420,,,420,"FARUKHANAGAR- KOTAKOTTA, KM.80.05- KM.135.47, NH-7 (A.P.)",,,ROAD TRANSPORT & HIGHWAYS,2007-02,2003-12,,313.7,,302.0,-11.7,,38.7,2009-02,,2009-02,0.0,,,0,0,,,,MonthlyFR_feb_2007.pdf,Sector-Wise analysis of projects,32,420
FR_200702_421,,,421,"HARANGAJO-MAILBANG, KM.126.45-KM.140.70, NH-54 (ASSAM)",,,ROAD TRANSPORT & HIGHWAYS,2007-02,2003-12,,280.0,,280.0,0.0,,,2009-02,,2009-02,0.0,,,0,0,,,,MonthlyFR_feb_2007.pdf,Sector-Wise analysis of projects,32,421
FR_200702_422,,,422,"PALANPUR-SWAROOPGANJ, KM.264-KM.340, NH-14 (RAJASTHAN)",,,ROAD TRANSPORT & HIGHWAYS,2007-02,2003-12,,498.0,,498.0,0.0,,31.87,2009-03,,2009-03,0.0,,,0,0,,,,MonthlyFR_feb_2007.pdf,Sector-Wise analysis of projects,32,422
FR_200702_423,,,423,"AGRA-BHARATPUR, KM.45, NH-11 (U.P.)",,,ROAD TRANSPORT & HIGHWAYS,2007-02,2005-03,,195.0,,195.0,0.0,,33.5,2009-03,,2009-03,0.0,,,0,0,,,,MonthlyFR_feb_2007.pdf,Sector-Wise analysis of projects,32,423
FR_200702_424,,,424,"THRISSUR-ANGAMALI, KM.270.00-KM.316.70, NH-47 (KERALA)",,,ROAD TRANSPORT & HIGHWAYS,2007-02,2003-12,,312.5,,312.5,0.0,,15.26,2009-03,,2009-03,0.0,,,0,0,,,,MonthlyFR_feb_2007.pdf,Sector-Wise analysis of projects,32,424
FR_200702_425,,,425,"KONDHALI-TELEGAON, KM.50-KM.100, NH-6 (MAHARASHTRA)",,,ROAD TRANSPORT & HIGHWAYS,2007-02,2005-03,,212.0,,212.0,0.0,,47.0,2009-03,,2009-03,0.0,,,0,0,,,,MonthlyFR_feb_2007.pdf,Sector-Wise analysis of projects,32,425
FR_200702_426,,,426,"KADLOOR YELLAREDDY- POCHAMPALLI, KM.367- KM.447, NH-7 (A.P.)",,,ROAD TRANSPORT & HIGHWAYS,2007-02,2003-12,,546.15,,490.0,-56.15,,76.86,2009-04,,2009-03,-1.0,,,0,0,,,,MonthlyFR_feb_2007.pdf,Sector-Wise analysis of projects,32,426
FR_200702_427,,,427,"HYDERABAD-BANGALORE, KM.135.47-KM.211, NH-7 (A.P.)",,,ROAD TRANSPORT & HIGHWAYS,2007-02,2003-12,,611.44,,592.0,-19.44,,134.9,2009-03,,2009-03,0.0,,,0,0,,,,MonthlyFR_feb_2007.pdf,Sector-Wise analysis of projects,32,427
FR_200702_428,,,428,"MAHUA-JAIPUR, KM.120- KM.228, NH-11 (RAJASTHAN)",,,ROAD TRANSPORT & HIGHWAYS,2007-02,2005-03,,483.0,,483.0,0.0,,250.6,2009-03,,2009-03,0.0,,,0,0,,,,MonthlyFR_feb_2007.pdf,Sector-Wise analysis of projects,32,428
FR_200702_429,,,429,AP/ KARNATAKA BORDER NANDI HILL CROSSING KM.464.6-KM.527,,,ROAD TRANSPORT & HIGHWAYS,2007-02,2003-12,,402.8,,402.8,0.0,,,2009-03,,2009-03,0.0,,,0,0,,,,MonthlyFR_feb_2007.pdf,Sector-Wise analysis of projects,32,429
FR_200702_430,,,430,"MEERUT-MUZAFFARNAGAR, KM.52.25-KM.131.00, NH-58 (U.P.)",,,ROAD TRANSPORT & HIGHWAYS,2007-02,2005-03,,359.0,,359.0,0.0,,8.42,2009-03,,2009-03,0.0,,,0,0,,,,MonthlyFR_feb_2007.pdf,Sector-Wise analysis of projects,32,430
FR_200702_431,,,431,"DHULE-PIMPALGAON, KM.380-KM.265, NH-3 (MAHARASHTRA)",,,ROAD TRANSPORT & HIGHWAYS,2007-02,2005-03,,556.0,,556.0,0.0,,153.5,2009-03,,2009-03,0.0,,,0,0,,,,MonthlyFR_feb_2007.pdf,Sector-Wise analysis of projects,32,431
FR_200702_432,,,432,"KARUR-MADURAI, KM.305.6- KM.373.28, NH-7 (TAMIL NADU)",,,ROAD TRANSPORT & HIGHWAYS,2007-02,2003-12,,327.2,,327.2,0.0,,47.72,2009-01,,2009-04,3.0,,,0,0,,,,MonthlyFR_feb_2007.pdf,Sector-Wise analysis of projects,32,432
FR_200702_433,,,433,"BARA-ORAI, KM.449-KM.422 & KM.255-KM.220, NH -2 & 25, (U.P.)",,,ROAD TRANSPORT & HIGHWAYS,2007-02,2003-12,,465.0,,465.0,0.0,,7.38,2009-04,,2009-04,0.0,,,0,0,,,,MonthlyFR_feb_2007.pdf,Sector-Wise analysis of projects,32,433
FR_200702_434,,,434,"MAILBANG-LUNDING, KM.83.40-KM.111.00, NH-54 (ASSAM)",,,ROAD TRANSPORT & HIGHWAYS,2007-02,2003-12,,199.81,,199.81,0.0,,0.3,2009-04,,2009-04,0.0,,,0,0,,,,MonthlyFR_feb_2007.pdf,Sector-Wise analysis of projects,32,434
FR_200702_435,,,435,"GONDE-VADAPE (THANE), KM.440-KM.539.50, NH-3 (MAHARASHTRA)",,,ROAD TRANSPORT & HIGHWAYS,2007-02,2005-03,,579.0,,579.0,0.0,,141.4,2009-04,,2009-04,0.0,,,0,0,,,,MonthlyFR_feb_2007.pdf,Sector-Wise analysis of projects,32,435
FR_200702_436,,,436,"MAILBANG-LUNDING, KM.40.000-KM.60.500, NH-54",,,ROAD TRANSPORT & HIGHWAYS,2007-02,2003-12,,200.0,,,0.0,,,2009-04,,,0.0,,,0,0,,,,MonthlyFR_feb_2007.pdf,Sector-Wise analysis of projects,32,436
FR_200702_437,,,437,"THANJAVUR-TRICHY, KM.80- KM.135.75, NH-67 (T.N.)",,,ROAD TRANSPORT & HIGHWAYS,2007-02,2005-03,,280.0,,280.0,0.0,,5.46,2009-06,,2009-06,0.0,,,0,0,,,,MonthlyFR_feb_2007.pdf,Sector-Wise analysis of projects,33,437
FR_200702_438,,,438,"SITAPUR-LUCKNOW, KM.488.27-KM.413.20, NH-24 (U.P.)",,,ROAD TRANSPORT & HIGHWAYS,2007-02,2005-03,,322.0,,322.0,0.0,,14.4,2009-06,,2009-06,0.0,,,0,0,,,,MonthlyFR_feb_2007.pdf,Sector-Wise analysis of projects,33,438
FR_200702_439,,,439,"HARANGAJO-MAIBANG, KM.140.70-KM.164.08, NH-54 (ASSAM)",,,ROAD TRANSPORT & HIGHWAYS,2007-02,2003-12,,196.0,,196.0,0.0,,,2009-07,,2009-07,0.0,,,0,0,,,,MonthlyFR_feb_2007.pdf,Sector-Wise analysis of projects,33,439
FR_200702_440,,,440,"VADODARA-BHARUCH PACKAGE BOT-I, KM.108.7- KM.192, NH-8 (GUJ.)",,,ROAD TRANSPORT & HIGHWAYS,2007-02,2006-05,,660.0,,660.0,0.0,,,2009-07,,2009-07,0.0,,,0,0,,,,MonthlyFR_feb_2007.pdf,Sector-Wise analysis of projects,33,440
FR_200702_441,,,441,"HARANGAJO-MAIBANG, KM.164.08-KM.190.587, NH-54 (ASSAM)",,,ROAD TRANSPORT & HIGHWAYS,2007-02,2003-12,,212.0,,212.0,0.0,,,2007-09,,2009-07,22.0,,,0,0,,,,MonthlyFR_feb_2007.pdf,Sector-Wise analysis of projects,33,441
FR_200702_442,,,442,"BHARUCH-SURAT PACKAGE BOT-II, KM.65, (SIX-LANING) NH-8 (GU.)",,,ROAD TRANSPORT & HIGHWAYS,2007-02,2006-05,,492.0,,492.0,0.0,,,2009-07,,2009-07,0.0,,,0,0,,,,MonthlyFR_feb_2007.pdf,Sector-Wise analysis of projects,33,442
FR_200702_443,,,443,"INDORE-KALAGHAT, KM.80, NH-3 (M.P.)",,,ROAD TRANSPORT & HIGHWAYS,2007-02,2005-03,,472.0,,472.0,0.0,,71.8,2009-09,,2009-09,0.0,,,0,0,,,,MonthlyFR_feb_2007.pdf,Sector-Wise analysis of projects,33,443
FR_200702_444,,,444,"JALANDAR-AMRITSAR, KM.407-KM.456, NH-1, (PANJAB)",,,ROAD TRANSPORT & HIGHWAYS,2007-02,2005-03,,263.0,,263.0,0.0,,53.34,2009-02,,2009-11,9.0,,,0,0,,,,MonthlyFR_feb_2007.pdf,Sector-Wise analysis of projects,33,444
FR_200702_445,,,445,"MADURAI-TUTICORIN, KM.138.8 TO KM.264.5, NH- 45B (T.N.)",,,ROAD TRANSPORT & HIGHWAYS,2007-02,2005-03,,629.0,,629.0,0.0,,4.07,2010-11,,2010-01,-10.0,,,0,0,,,,MonthlyFR_feb_2007.pdf,Sector-Wise analysis of projects,33,445
FR_200702_446,,,446,"CHAMBAL BRIDGE, NH-76 (RAJASTHAN)",,,ROAD TRANSPORT & HIGHWAYS,2007-02,2003-12,,275.0,,281.31,6.31,,,2010-02,,2010-02,0.0,,,0,0,,,,MonthlyFR_feb_2007.pdf,Sector-Wise analysis of projects,33,446
FR_200702_447,,,447,"BRAHMPUTRA BRIDGE, KM.1126-KM.1121, NH-31 (ASSAM)",,,ROAD TRANSPORT & HIGHWAYS,2007-02,2003-12,,217.61,,217.61,0.0,,,2010-04,,2010-04,0.0,,,0,0,,,,MonthlyFR_feb_2007.pdf,Sector-Wise analysis of projects,33,447
FR_200702_448,,,448,"KANYAKUMARI-PANAGUDI, Km.233.6-Km.203, NH-7 (TAMIL NADU)",,,ROAD TRANSPORT & HIGHWAYS,2007-02,2003-12,,120.0,,120.0,0.0,,32.22,2006-09,,,,,,0,0,,,,MonthlyFR_feb_2007.pdf,Sector-Wise analysis of projects,33,448
FR_200702_449,,,449,ACQUISITION OF 700 PASSENGER CUM 160 MT CARGO VESSEL,,,SHIPPING & PORTS,2007-02,2000-06,,129.62,,129.62,0.0,,121.12,2004-02,,2007-04,38.0,,,0,0,,,,MonthlyFR_feb_2007.pdf,Sector-Wise analysis of projects,33,449
FR_200702_450,,,450,"ESTABLISH OF VTS IN GULF, KUTCH",,,SHIPPING & PORTS,2007-02,2002-01,,165.0,,165.0,0.0,,15.13,2005-12,,2007-06,18.0,,,0,0,,,,MonthlyFR_feb_2007.pdf,Sector-Wise analysis of projects,33,450
FR_200702_451,,,451,DEEPENING OF CHANNEL AT PARADIP PORT,,,SHIPPING & PORTS,2007-02,2005-12,,154.84,,154.84,0.0,,3.09,2007-06,,2007-12,6.0,,,0,0,,,,MonthlyFR_feb_2007.pdf,Sector-Wise analysis of projects,33,451
FR_200702_452,,,452,SETHUSAMUDRAM SHIP CHANNEL PROJECT,,,SHIPPING & PORTS,2007-02,2005-06,,2427.4,,2427.4,0.0,,151.73,2008-10,,2008-10,0.0,,,0,0,,,,MonthlyFR_feb_2007.pdf,Sector-Wise analysis of projects,33,452
FR_200702_453,,,453,DEEPENING & WIDENING OF,,,SHIPPING & PORTS,2007-02,2005-10,,800.0,,,0.0,,2.26,2008-10,,,4.0,,,0,0,,,,MonthlyFR_feb_2007.pdf,Sector-Wise analysis of projects,33,453
FR_200702_454,,,454,ACQUISION OF 2-300000 DWT VERY LARGE CRUDE CARRIERS (VLCC),,,SHIPPING & PORTS,2007-02,2005-10,,1136.08,,1136.08,0.0,,353.49,2009-09,,2009-09,0.0,,,0,0,,,,MonthlyFR_feb_2007.pdf,Sector-Wise analysis of projects,34,454
FR_200702_455,,,455,CDMA 2000 WLL (DELHI),,,SHIPPING & PORTS,2007-02,2004-06,,460.28,,460.28,0.0,,74.97,2004-10,,2007-01,27.0,,,0,0,,,,MonthlyFR_feb_2007.pdf,Sector-Wise analysis of projects,34,455
FR_200702_456,,,456,EXPANSION OF 400000 GSM (NEW DELHI),,,SHIPPING & PORTS,2007-02,2004-01,,227.42,,227.42,0.0,,195.44,2005-01,,2007-02,25.0,,,0,0,,,,MonthlyFR_feb_2007.pdf,Sector-Wise analysis of projects,34,456
FR_200702_457,,,457,CDMA WLL EQUIPMENT-2 (MUMBAI),,,SHIPPING & PORTS,2007-02,2004-07,,362.26,,122.91,-239.35,,59.31,2004-12,,2007-02,26.0,,,0,0,,,,MonthlyFR_feb_2007.pdf,Sector-Wise analysis of projects,34,457
FR_200702_458,,,458,CONVERGENT BILLING AND CRM MTNL (MUMBAI),,,SHIPPING & PORTS,2007-02,2006-01,,247.0,,247.0,0.0,,,2007-02,,2007-02,0.0,,,0,0,,,,MonthlyFR_feb_2007.pdf,Sector-Wise analysis of projects,34,458
FR_200702_459,,,459,CMTS(Ph-IV) GSM BASED NETWORK EXPANSION Ph-IV (BSNL)(Haryana,,,SHIPPING & PORTS,2007-02,2004-12,,185.0,,200.0,15.0,,77.39,2005-06,,2007-03,21.0,,,0,0,,,,MonthlyFR_feb_2007.pdf,Sector-Wise analysis of projects,34,459
FR_200702_460,,,460,GSM BASED NETWORK EXPANSION Ph-IV (BSNL)(A.P),,,SHIPPING & PORTS,2007-02,2004-08,,647.69,,350.0,-297.69,,177.12,2005-06,,2007-03,21.0,,,0,0,,,,MonthlyFR_feb_2007.pdf,Sector-Wise analysis of projects,34,460
FR_200702_461,,,461,"GSM NETWORK EXPANSION, PH-IV, CHENNAI TELECOM DISTT. (T.N.)",,,SHIPPING & PORTS,2007-02,2005-02,,170.88,,170.88,0.0,,61.93,2005-06,,2007-03,21.0,,,0,0,,,,MonthlyFR_feb_2007.pdf,Sector-Wise analysis of projects,34,461
FR_200702_462,,,462,"GSM NETWORK EXPANSION, PH-IV (KERALA)",,,SHIPPING & PORTS,2007-02,2004-10,,453.85,,453.85,0.0,,248.49,2005-06,,2007-03,21.0,,,0,0,,,,MonthlyFR_feb_2007.pdf,Sector-Wise analysis of projects,34,462
FR_200702_463,,,463,"GSM NETWORK EXPANSION, PH-IV (PUNJAB)",,,SHIPPING & PORTS,2007-02,2004-05,,508.63,,508.63,0.0,,230.47,2005-06,,2007-03,21.0,,,0,0,,,,MonthlyFR_feb_2007.pdf,Sector-Wise analysis of projects,34,463
FR_200702_464,,,464,"GSM NETWORK EXPANSION, PH-IV (RAJASTHAN)",,,SHIPPING & PORTS,2007-02,2004-09,,448.91,,448.91,0.0,,151.16,2005-06,,2007-03,21.0,,,0,0,,,,MonthlyFR_feb_2007.pdf,Sector-Wise analysis of projects,34,464
FR_200702_465,,,465,"GSM EXPANSION, PH-IV (B) (MAHARASHTRA)",,,SHIPPING & PORTS,2007-02,2005-07,,1174.75,,1174.75,0.0,,22.78,2006-03,,2007-03,12.0,,,0,0,,,,MonthlyFR_feb_2007.pdf,Sector-Wise analysis of projects,34,465
FR_200702_466,,,466,GSM EXPANSION Ph.IV (B) (BSNL) (WEST ZONE-MP),,,SHIPPING & PORTS,2007-02,2005-07,,174.0,,174.0,0.0,,93.6,2006-03,,2007-03,12.0,,,0,0,,,,MonthlyFR_feb_2007.pdf,Sector-Wise analysis of projects,34,466
FR_200702_467,,,467,"GSM NETWORK EXPANSION, PH-IV (ORISSA)",,,SHIPPING & PORTS,2007-02,2004-12,,164.06,,164.06,0.0,,10.39,2005-12,,2007-03,15.0,,,0,0,,,,MonthlyFR_feb_2007.pdf,Sector-Wise analysis of projects,34,467
FR_200702_468,,,468,EXPANSION OF GSM NETWORK (MUMBAI),,,SHIPPING & PORTS,2007-02,2004-01,,216.37,,216.37,0.0,,107.02,2005-01,,2007-03,26.0,,,0,0,,,,MonthlyFR_feb_2007.pdf,Sector-Wise analysis of projects,34,468
FR_200702_469,,,469,GSM BASED NETWORK EXPANSION PH.-IV TN,,,SHIPPING & PORTS,2007-02,2005-02,,650.42,,650.42,0.0,,298.03,2006-06,,2007-03,9.0,,,0,0,,,,MonthlyFR_feb_2007.pdf,Sector-Wise analysis of projects,34,469
FR_200702_470,,,470,IMPLEMENTATION AND EXECUTION OF NEW TECHNOLOGY INTELLINGENT,,,SHIPPING & PORTS,2007-02,2004-10,,160.0,,135.0,-25.0,,77.24,2006-06,,2007-03,9.0,,,0,0,,,,MonthlyFR_feb_2007.pdf,Sector-Wise analysis of projects,35,470
FR_200702_471,,,471,"GSM NETWORK EXPANSION, PH-IV (WEST BENGAL)",,,SHIPPING & PORTS,2007-02,2004-09,,428.0,,428.0,0.0,,85.11,2005-06,,2007-03,21.0,,,0,0,,,,MonthlyFR_feb_2007.pdf,Sector-Wise analysis of projects,35,471
FR_200702_472,,,472,NATIONAL RADIO SPECTRUM MANAGEMENT& MONITORING SYSTEM (NRSMM,,,SHIPPING & PORTS,2007-02,2000-08,,279.97,,172.04,-107.93,,122.78,2004-12,,2007-03,27.0,,,0,0,,,,MonthlyFR_feb_2007.pdf,Sector-Wise analysis of projects,35,472
FR_200702_473,,,473,GSM BASED NETWORK EXPANSION Ph-IV (BSNL)(ASSAM),,,SHIPPING & PORTS,2007-02,2004-10,,101.86,,101.86,0.0,,54.64,2005-06,,2007-03,21.0,,,0,0,,,,MonthlyFR_feb_2007.pdf,Sector-Wise analysis of projects,35,473
FR_200702_474,,,474,"GSM NETWORK EXPANSION, PH-IV, UP (W), (UTTAR PRADESH)",,,SHIPPING & PORTS,2007-02,2004-08,,359.07,,359.07,0.0,,70.52,2005-06,,2007-03,21.0,,,0,0,,,,MonthlyFR_feb_2007.pdf,Sector-Wise analysis of projects,35,474
FR_200702_475,,,475,"PROJECT-3 OF NIB-II, IMPLEMENTATION AND EXECUTION OF MESS.",,,SHIPPING & PORTS,2007-02,2003-11,,250.0,,250.0,0.0,,20.0,2005-12,,2007-03,15.0,,,0,0,,,,MonthlyFR_feb_2007.pdf,Sector-Wise analysis of projects,35,475
FR_200702_476,,,476,"JHARKHAND CMTS, PHASE- IV",,,SHIPPING & PORTS,2007-02,2004-09,,134.85,,134.85,0.0,,32.58,2005-11,,2007-03,16.0,,,0,0,,,,MonthlyFR_feb_2007.pdf,Sector-Wise analysis of projects,35,476
FR_200702_477,,,477,"KARNATAKA CMTS, PHASE- IV",,,SHIPPING & PORTS,2007-02,2004-01,,373.46,,260.0,-113.46,,139.03,2005-06,,2007-03,21.0,,,0,0,,,,MonthlyFR_feb_2007.pdf,Sector-Wise analysis of projects,35,477
FR_200702_478,,,478,"PROJECT-1 OF NIB-II, IMPLEMENTATION AND EXECUTION OF IP INF.",,,SHIPPING & PORTS,2007-02,2003-11,,250.0,,200.0,-50.0,,200.87,2006-05,,2007-04,11.0,,,0,0,,,,MonthlyFR_feb_2007.pdf,Sector-Wise analysis of projects,35,478
FR_200702_479,,,479,"PROJECT 2.2 OF NIB-II, IMPLEMENTATION AND EXECUTION OF",,,SHIPPING & PORTS,2007-02,2003-11,,350.0,,300.0,-50.0,,127.64,2006-05,,2007-07,14.0,,,0,0,,,,MonthlyFR_feb_2007.pdf,Sector-Wise analysis of projects,35,479
FR_200702_480,,,480,CONVERGENT BILLING AND CRM FOR MTNL (DELHI),,,SHIPPING & PORTS,2007-02,2005-12,,249.0,,249.0,0.0,,,2007-02,,2007-12,10.0,,,0,0,,,,MonthlyFR_feb_2007.pdf,Sector-Wise analysis of projects,35,480
FR_200702_481,,,481,GSM BASED NETWORK EXPANSION Ph-IV (BSNL)(GUJARAT),,,SHIPPING & PORTS,2007-02,2003-03,,202.33,,202.33,0.0,,89.09,2005-01,,,,,,0,0,,,,MonthlyFR_feb_2007.pdf,Sector-Wise analysis of projects,35,481
FR_200702_482,,,482,CHENNAI PHASE-III CMTS (BSNL),,,SHIPPING & PORTS,2007-02,2003-05,,233.21,,233.21,0.0,,72.3,2004-03,,,,,,0,0,,,,MonthlyFR_feb_2007.pdf,Sector-Wise analysis of projects,35,482
FR_200702_483,,,483,CMTS - PHASE - III (BSNL) (RAJASTHAN),,,SHIPPING & PORTS,2007-02,2003-05,,119.43,,119.43,0.0,,,2004-08,,,,,,0,0,,,,MonthlyFR_feb_2007.pdf,Sector-Wise analysis of projects,35,483
FR_200702_484,,,484,GSM BASED NETWORK EXPANSIONPh-IV (BSNL)(UTTRANCHAL),,,SHIPPING & PORTS,2007-02,2004-12,,115.46,,115.46,0.0,,22.93,2005-06,,,,,,0,0,,,,MonthlyFR_feb_2007.pdf,Sector-Wise analysis of projects,35,484
FR_200702_485,,,485,J&K CMTS PHASE IV (SRINAGAR) (BSNL),,,SHIPPING & PORTS,2007-02,2004-01,,109.57,,109.57,0.0,,42.89,2005-03,,,,,,0,0,,,,MonthlyFR_feb_2007.pdf,Sector-Wise analysis of projects,35,485
FR_200702_486,,,486,CDMA WLL EQUIPMENT-1 (MUMBAI),,,SHIPPING & PORTS,2007-02,2003-08,,128.3,,128.3,0.0,,50.44,2004-02,,,,,,0,0,,,,MonthlyFR_feb_2007.pdf,Sector-Wise analysis of projects,35,486
FR_200702_487,,,487,"DELHI METRO RAPID TRANSIT SYSTEM, PHASE-II",,,URBAN DEVELOPMENT,2007-02,2005-08,,8118.0,,8676.0,558.0,,489.17,2010-06,,2010-06,0.0,,,0,0,,,,MonthlyFR_feb_2007.pdf,Sector-Wise analysis of projects,36,487
FR_200702_488,,,488,PAGLADIYA DAM PROJECT,,,URBAN DEVELOPMENT,2007-02,2001-01,,542.9,,1069.4,526.5,,32.76,2007-12,,2008-03,3.0,,,0,0,,,,MonthlyFR_feb_2007.pdf,Sector-Wise analysis of projects,36,488
