observation_id,project_id,project_code,serial_no,project_name,agency,state,sector,report_date,approval_date,approval_date_revised,original_cost_crore,revised_cost_crore,anticipated_cost_crore,cost_overrun_original_crore,cost_overrun_revised_crore,cumulative_expenditure_crore,original_completion_date,revised_completion_date,anticipated_completion_date,time_overrun_original_months,time_overrun_revised_months,additional_delay_months,milestones_achieved,milestones_total,physical_progress_pct,delay_reason,status,source.report,source.table,source.page,source.serial_no
FR_201204_001,,N02000010,1,"KAKRAPAR ATOMIC POWER PROJECT - 3 and 4 - NPCIL,Gujarat",,,ATOMIC ENERGY,2012-04,2009-10,,11459.0,,11459.0,,,1679.0,2015-12,,2016-11,,,,0,70,,,,FR_APR_2012.pdf,Sector-Wise analysis of projects,38,1
FR_201204_002,,020100040,2,"KUDANKULAM APP (NPCIL) - NPCIL,Tamil Nadu",NPCIL,,ATOMIC ENERGY,2012-04,2001-12,,13171.0,,15824.0,,,14714.0,2008-12,,2013-03,,,,39,106,,,,FR_APR_2012.pdf,Sector-Wise analysis of projects,38,2
FR_201204_003,,020100044,3,"PROTOTYPE FAST BREEDER REACTOR (BHAVINI, 500 MWE) - BHAVNI,Tamil Nadu","BHAVINI, 500 MWE",,ATOMIC ENERGY,2012-04,2003-09,,3492.0,,5677.0,,,3641.6,2010-09,,2012-01,,,,6,80,,,,FR_APR_2012.pdf,Sector-Wise analysis of projects,38,3
FR_201204_004,,N02000027,4,"RAJASTHAN ATOMIC POWER PROJECT -7 and 8 (2X700 MW) - NPCIL,Rajasthan",2X700 MW,,ATOMIC ENERGY,2012-04,2009-10,,12320.0,,12320.0,,,1000.0,2016-12,,2017-03,,,,0,69,,,,FR_APR_2012.pdf,Sector-Wise analysis of projects,38,4
FR_201204_005,,N02000007,5,"URANIUM ORE MINE and PROCESSING PLANT AT TUMMALAP - UCIL,Andhra Pradesh Total",,,ATOMIC ENERGY,2012-04,2007-09,,1106.29,41548.29,1106.29,,,1084.24,2011-04,2011-04,2012-04,,,,0,0,,,,FR_APR_2012.pdf,Sector-Wise analysis of projects,38,5
FR_201204_006,,N04000037,6,"C/O INTEGRATED PASSENGER TER. BULD. NSCBI AIRPORT - AAI,West Bengal",,,CIVIL AVIATION,2012-04,2008-08,,1942.51,,2325.0,,,1927.29,2011-05,2012-03,2012-10,,,,0,0,,,,FR_APR_2012.pdf,Sector-Wise analysis of projects,38,6
FR_201204_007,,N04000050,7,"C/o new Airport at Pakyong(Sikkim) Airport - AAI,Sikkim",Sikkim,,CIVIL AVIATION,2012-04,2009-01,,309.46,,309.46,,,182.97,2011-01,2013-04,2013-04,,,,0,0,,,,FR_APR_2012.pdf,Sector-Wise analysis of projects,38,7
FR_201204_008,,N04000069,8,"Construction of New International Terminal Building - AAI,Goa",,,CIVIL AVIATION,2012-04,2010-05,,335.61,,335.61,,,105.04,2012-05,,2012-08,,,,0,0,,,,FR_APR_2012.pdf,Sector-Wise analysis of projects,38,8
FR_201204_009,,N04000038,9,"D/O KAMARAJ DOMESTIC TER-PH-II And EXP. ANNA INT. - AAI,Tamil Nadu",,,CIVIL AVIATION,2012-04,2008-08,,1808.0,2015.0,2015.0,,,1658.13,2011-01,2012-02,2012-02,,,,0,0,,,,FR_APR_2012.pdf,Sector-Wise analysis of projects,38,9
FR_201204_010,,N04000065,10,"GAGAN PROJECT - AAI,Multi State Total",,,CIVIL AVIATION,2012-04,2008-09,,626.0,5021.58,626.0,,,346.33,2013-06,,2013-06,,,,0,0,,,,FR_APR_2012.pdf,Sector-Wise analysis of projects,38,10
FR_201204_011,,N06000016,11,"ADRIYALA SHAFT PROJECT - SCCL,Andhra Pradesh",,,COAL,2012-04,2006-09,,212.34,779.26,779.26,,,281.16,2013-03,2012-09,2014-10,,,,7,22,,,,FR_APR_2012.pdf,Sector-Wise analysis of projects,38,11
FR_201204_012,,N06000082,12,"AMLAI OC EXPANSION SECTOR 1.50 MTY - SECL,Chhatisgarh",,,COAL,2012-04,2009-11,,150.59,,198.59,,,95.25,,,2016-03,,,,0,6,,,,FR_APR_2012.pdf,Sector-Wise analysis of projects,38,12
FR_201204_013,,N06000010,13,"AMLOHRI EPR (NCL) (6 MTY) - NCL,Madhya pradesh",6 MTY,,COAL,2012-04,2006-05,,1352.04,1143.54,1143.54,,,317.4,2014-03,2016-03,2016-03,,,,2,2,,,,FR_APR_2012.pdf,Sector-Wise analysis of projects,39,13
FR_201204_014,,N06000067,14,"ANANTA OC EXPANSION PH-III 15.0 Mty - MCL,Orissa",,,COAL,2012-04,2008-08,,207.28,,207.28,,,99.57,2012-03,2012-03,2014-03,,,,5,7,,,,FR_APR_2012.pdf,Sector-Wise analysis of projects,39,14
FR_201204_015,,060100096,15,"ASHOK EXPN.OCP -CCL (10 MTY) - CCL,Jharkhandd",10 MTY,,COAL,2012-04,2006-04,,471.66,341.63,341.63,,,108.58,2011-03,2012-03,2013-03,,,,0,2,,,,FR_APR_2012.pdf,Sector-Wise analysis of projects,39,15
FR_201204_016,,N06000044,16,"BALRAM OCP EXTENSION,MCL (8.00 Mty) - MCL,Orissa",8.00 Mty,,COAL,2012-04,2007-12,,172.08,,172.08,,,101.78,2010-03,,2015-03,,,,4,4,,,,FR_APR_2012.pdf,Sector-Wise analysis of projects,39,16
FR_201204_017,,N06000099,17,"BAROUD OC EXPANSION (RCE)- 3MTY - SECL,Chhatisgarh",RCE,,COAL,2012-04,2012-04,,258.56,,258.56,,,33.55,2016-03,,2016-03,,,,0,0,,,,FR_APR_2012.pdf,Sector-Wise analysis of projects,39,17
FR_201204_018,,N06000034,18,"BHUBANESWARI OCP, MCL (20.0 Mty) - MCL,Orissa",20.0 Mty,,COAL,2012-04,2007-12,,490.0,,490.1,,,108.89,2017-03,2017-03,2017-03,,,,6,12,,,,FR_APR_2012.pdf,Sector-Wise analysis of projects,39,18
FR_201204_019,,N06000019,19,"BINA EXTN. PROJ(6.0 Mtpa) - NCL,Multi State",6.0 Mtpa,,COAL,2012-04,2006-11,,168.97,168.97,168.97,,,40.35,2014-03,2014-03,2014-03,,,,1,2,,,,FR_APR_2012.pdf,Sector-Wise analysis of projects,39,19
FR_201204_020,,N06000009,20,"BLOCK-B OCP NCL (3.5 MTY) - NCL,Madhya pradesh",3.5 MTY,,COAL,2012-04,2006-06,,746.04,535.1,535.1,,,161.77,2012-03,2015-03,2015-03,,,,0,0,,,,FR_APR_2012.pdf,Sector-Wise analysis of projects,39,20
FR_201204_021,,N06000049,21,"Batura OCP (2.0 MTY) - SECL,Madhya pradesh",2.0 MTY,,COAL,2012-04,2008-09,,203.82,,203.82,,,,2015-03,,2015-03,,,,0,1,,,,FR_APR_2012.pdf,Sector-Wise analysis of projects,39,21
FR_201204_022,,N06000046,22,"CHURCHA ROUG (1.35MTY) - SECL,Chhatisgarh",1.35MTY,,COAL,2012-04,2008-06,,462.35,,462.35,,,272.54,2014-03,,2014-03,,,,0,7,,,,FR_APR_2012.pdf,Sector-Wise analysis of projects,39,22
FR_201204_023,,N06000083,23,"Churi Benti UG - CCL,Jharkhandd",,,COAL,2012-04,2007-06,,163.51,,163.51,,,34.06,2011-03,2012-03,2014-03,,,,1,2,,,,FR_APR_2012.pdf,Sector-Wise analysis of projects,39,23
FR_201204_024,,060100094,24,"DIPKA EXPANSION OCP (SECL) (20- SECL,Chhatisgarh",SECL,,COAL,2012-04,2005-07,,1268.53,,1943.66,,,1271.5,2010-03,,2014-03,,,,0,12,,,,FR_APR_2012.pdf,Sector-Wise analysis of projects,39,24
FR_201204_025,,060100093,25,"GEVRA EXPANSION OCP (SECL) (25- 35) MTY - SECL,Chhatisgarh",25- 35,,COAL,2012-04,2005-07,,1667.55,,2675.67,,,1391.03,2010-03,,2014-03,,,,0,15,,,,FR_APR_2012.pdf,Sector-Wise analysis of projects,39,25
FR_201204_026,,N06000042,26,"GOPAL PRASAD OCP - MCL,Orissa",,,COAL,2012-04,2008-02,,395.87,,395.87,,,59.64,2015-03,2015-03,2015-03,,,,2,12,,,,FR_APR_2012.pdf,Sector-Wise analysis of projects,39,26
FR_201204_027,,N06000068,27,"HINGULA OC-II EXP PH-III (15 MTY) - MCL,Orissa",15 MTY,,COAL,2012-04,2008-11,,475.93,,479.53,,,94.67,2013-03,2013-03,2013-03,,,,5,7,,,,FR_APR_2012.pdf,Sector-Wise analysis of projects,39,27
FR_201204_028,,N06000075,28,"JAGANNATHPUR OCP(3.00 MTY) - SECL,Chhatisgarh",3.00 MTY,,COAL,2012-04,2008-09,,152.43,,152.43,,,,,,2015-03,,,,0,6,,,,FR_APR_2012.pdf,Sector-Wise analysis of projects,39,28
FR_201204_029,,N06000094,29,"JALAGAM VENGALA RAO OCP - SCCL,Andhra Pradesh",,,COAL,2012-04,2011-07,,447.06,,447.06,,,,2015-03,,2015-03,,,,4,31,,,,FR_APR_2012.pdf,Sector-Wise analysis of projects,39,29
FR_201204_030,,N06000025,30,"JALLARAM SHAFT PROJECT - SCCL,Andhra Pradesh",,,COAL,2012-04,2013-03,,467.78,,467.78,,,12.31,2013-03,,2013-03,,,,4,83,,,,FR_APR_2012.pdf,Sector-Wise analysis of projects,39,30
FR_201204_031,,N06000020,31,"JHANJRA R-VI SEAM PSLW - ECL,West Bengal",,,COAL,2012-04,2006-11,,287.18,,287.17,,,,2011-03,,2015-03,,,,0,1,,,,FR_APR_2012.pdf,Sector-Wise analysis of projects,39,31
FR_201204_032,,N06000048,32,"KAKATIYA LAONGWALL - SCCL,Multi State",,,COAL,2012-04,2008-12,,453.63,,453.63,,,71.37,2012-12,,2015-01,,,,8,44,,,,FR_APR_2012.pdf,Sector-Wise analysis of projects,39,32
FR_201204_033,,N06000035,33,"KANIHA OCP, MCL, (10.0 Mty) - MCL,Orissa",10.0 Mty,,COAL,2012-04,2007-12,,457.77,,457.77,,,118.26,2013-03,2013-03,2013-03,,,,6,11,,,,FR_APR_2012.pdf,Sector-Wise analysis of projects,39,33
FR_201204_034,,N06000088,34,"KARMA OCP - CCL,Jharkhandd",,,COAL,2012-04,2009-06,,162.46,,162.46,,,34.19,2014-03,,2014-03,,,,0,0,,,,FR_APR_2012.pdf,Sector-Wise analysis of projects,39,34
FR_201204_035,,N06000076,35,"KARTALI (EAST) OCP(2.50 MTY) - SECL,Chhatisgarh",2.50 MTY,,COAL,2012-04,2008-07,,178.44,,178.44,,,,,,2014-03,,,,0,6,,,,FR_APR_2012.pdf,Sector-Wise analysis of projects,39,35
FR_201204_036,,N06000091,36,"KHADIA EXPANSION OPENCAST PROJECT 4 TO 10 MTPA,6MT - NCL,Uttar Pradesh",,,COAL,2012-04,2011-06,,1131.28,1131.28,1131.28,,,,2018-03,2018-03,2018-03,,,,0,0,,,,FR_APR_2012.pdf,Sector-Wise analysis of projects,40,36
FR_201204_037,,N06000007,37,"KRISHNASHILA (NCL) (4MTY) - NCL,Uttar Pradesh",4MTY,,COAL,2012-04,2006-05,,789.88,741.62,741.62,,,331.78,2010-03,,2013-03,,,,2,2,,,,FR_APR_2012.pdf,Sector-Wise analysis of projects,40,37
FR_201204_038,,060100092,38,"KULDA OCP (MAHANADI COALFIELDS LTD) - MCL,Orissa",MAHANADI COALFIELDS LTD,,COAL,2012-04,2005-01,,302.96,,302.96,,,91.51,2010-03,,2014-03,,,,9,11,,,,FR_APR_2012.pdf,Sector-Wise analysis of projects,40,38
FR_201204_039,,N06000008,39,"KUSMUNDA EXPN.OCP(SECL)(10- 15MTY) - SECL,Chhatisgarh",10- 15MTY,,COAL,2012-04,2006-06,,737.65,,1188.31,,,683.58,2013-03,,2013-03,,,,0,8,,,,FR_APR_2012.pdf,Sector-Wise analysis of projects,40,39
FR_201204_040,,N06000089,40,"Kistaram OCP - SCCL,Andhra Pradesh",,,COAL,2012-04,2010-11,,242.29,,242.29,,,,2015-03,,2015-03,,,,0,28,,,,FR_APR_2012.pdf,Sector-Wise analysis of projects,40,40
FR_201204_041,,N06000015,41,"MAGADH OC (CCL) - CCL,Jharkhandd",CCL,,COAL,2012-04,2006-07,,469.78,706.4,706.4,,,18.16,2012-07,2014-03,2016-03,,,,1,2,,,,FR_APR_2012.pdf,Sector-Wise analysis of projects,40,41
FR_201204_042,,N06000081,42,"MANIKPUR OC EXPANTION (3.50 MTY) - SECL,Chhatisgarh",3.50 MTY,,COAL,2012-04,2009-11,,321.42,,321.5,,,210.36,2014-03,,2014-03,,,,0,5,,,,FR_APR_2012.pdf,Sector-Wise analysis of projects,40,42
FR_201204_043,,N06000080,43,"MANUGURU OC-II EXTENSION PHASE-II - SCCL,Andhra Pradesh",,,COAL,2012-04,2010-03,,181.19,,181.19,,,36.96,2012-03,,2013-03,,,,10,34,,,,FR_APR_2012.pdf,Sector-Wise analysis of projects,40,43
FR_201204_044,,N06000098,44,"Moonidih XV Seam UG - BCCL,Jharkhandd",,,COAL,2012-04,2011-08,,1230.27,,1230.27,,,,2015-04,,2015-04,,,,0,0,,,,FR_APR_2012.pdf,Sector-Wise analysis of projects,40,44
FR_201204_045,,N06000096,45,"Muraidih UG - BCCL,Jharkhandd",,,COAL,2012-04,2011-02,,339.88,,339.88,,,,2014-04,,2014-04,,,,0,0,,,,FR_APR_2012.pdf,Sector-Wise analysis of projects,40,45
FR_201204_046,,N06000095,46,"NEYVELI NEW THERMAL POWER PROJECT(2x500 MW) - NLC,Tamil Nadu",2x500 MW,,COAL,2012-04,2011-06,,5907.11,,5907.11,,,15.94,2015-12,,2015-12,,,,0,33,,,,FR_APR_2012.pdf,Sector-Wise analysis of projects,40,46
FR_201204_047,,N06000033,47,"NIGAHI OC EXPANSION PROJECT 10 MTY TO 15 MTY, SINGRAULI - NCL,Madhya pradesh",,,COAL,2012-04,2007-10,,259.4,,259.4,,,1.2,2012-03,,2015-03,,,,0,1,,,,FR_APR_2012.pdf,Sector-Wise analysis of projects,40,47
FR_201204_048,,N06000084,48,"North Urimari OCP - CCL,Jharkhandd",,,COAL,2012-04,2007-12,,179.87,,179.87,,,62.6,2012-03,2012-03,2014-03,,,,0,2,,,,FR_APR_2012.pdf,Sector-Wise analysis of projects,40,48
FR_201204_049,,N06000045,49,"PELMA OCP(10.00MTY) - SECL,Chhatisgarh",10.00MTY,,COAL,2012-04,2008-07,,448.32,,448.32,,,,2015-03,,2015-03,,,,0,1,,,,FR_APR_2012.pdf,Sector-Wise analysis of projects,40,49
FR_201204_050,,N06000066,50,"PENGANGA OC - WCL,Maharashtra",,,COAL,2012-04,2008-10,,339.77,,339.77,,,0.82,2014-03,,2015-03,,,,0,1,,,,FR_APR_2012.pdf,Sector-Wise analysis of projects,40,50
FR_201204_051,,N06000085,51,"Purnadih OCP - CCL,Jharkhandd",,,COAL,2012-04,2008-07,,210.98,,210.98,,,34.18,2013-03,,2013-03,,,,0,2,,,,FR_APR_2012.pdf,Sector-Wise analysis of projects,40,51
FR_201204_052,,N06000056,52,"RAJMAHAL OC EXP. - ECL,Multi State",,,COAL,2012-04,2006-02,,50.08,,153.82,,,23.71,2011-03,,2014-03,,,,0,1,,,,FR_APR_2012.pdf,Sector-Wise analysis of projects,40,52
FR_201204_053,,N06000078,53,"RAMAGUNDAM OC-II EXTENSION - SCCL,Andhra Pradesh",,,COAL,2012-04,2009-12,,418.97,,418.97,,,86.44,2012-03,,2013-03,,,,24,27,,,,FR_APR_2012.pdf,Sector-Wise analysis of projects,40,53
FR_201204_054,,N06000093,54,"RCE OF INDARAM OCP(1.20 MTPA) - SCCL,Andhra Pradesh",1.20 MTPA,,COAL,2012-04,2011-07,,162.76,,162.76,,,2.42,2015-03,,2015-03,,,,4,29,,,,FR_APR_2012.pdf,Sector-Wise analysis of projects,40,54
FR_201204_055,,N06000079,55,"RKP OCP PHASE-I - SCCL,Andhra Pradesh",,,COAL,2012-04,2010-03,,209.78,,209.78,,,21.83,2015-03,,2015-03,,,,4,31,,,,FR_APR_2012.pdf,Sector-Wise analysis of projects,40,55
FR_201204_056,,N06000087,56,"Rajrappa RCE OCP - CCL,Jharkhandd",,,COAL,2012-04,2009-12,,510.85,,510.85,,,284.57,2016-03,,2016-03,,,,1,2,,,,FR_APR_2012.pdf,Sector-Wise analysis of projects,40,56
FR_201204_057,,N06000017,57,"SHANTIKHANI LONGWALL PROJ- SCCL - SCCL,Andhra Pradesh",,,COAL,2012-04,2006-10,,249.03,,249.03,,,45.8,2012-03,,2012-03,,,,11,42,,,,FR_APR_2012.pdf,Sector-Wise analysis of projects,41,57
FR_201204_058,,N06000043,58,"TALABIRA OCP - MCL,Orissa",,,COAL,2012-04,2008-03,,447.72,,447.72,,,47.56,2016-03,2016-03,2016-03,,,,1,12,,,,FR_APR_2012.pdf,Sector-Wise analysis of projects,41,58
FR_201204_059,,060100087,59,"TPS-II EXPANSION (1470MW TO 1970MW) (NLC) - NLC,Tamil Nadu",NLC,,COAL,2012-04,2004-10,,2030.78,3027.59,3027.59,,,2400.12,2009-06,,2013-03,,,,19,24,,,,FR_APR_2012.pdf,Sector-Wise analysis of projects,41,59
FR_201204_060,,N06000047,60,"TUTICORIN THERMAL POWER PROJECT - NLC,Tamil Nadu",,,COAL,2012-04,2008-05,,4904.54,4909.54,4909.54,,,2801.35,2012-03,,2014-03,,,,0,39,,,,FR_APR_2012.pdf,Sector-Wise analysis of projects,41,60
FR_201204_061,,N06000086,61,"Tapin OCP - CCL,Jharkhandd Total",,,COAL,2012-04,2008-08,,264.68,33815.11,264.68,,,96.89,2012-03,2013-03,2014-03,,,,0,2,,,,FR_APR_2012.pdf,Sector-Wise analysis of projects,41,61
FR_201204_062,,N08000005,62,"BATHINDA - AMMONIA PLANT FEEDSTOCK CHANGEOVER PROJ - NFL,Punjab",,,FERTILISERS,2012-04,2010-01,,1294.19,,1294.19,,,551.85,2013-01,,2013-01,,,,0,5,,,,FR_APR_2012.pdf,Sector-Wise analysis of projects,41,62
FR_201204_063,,N08000008,63,"CAPACITY ENHANCEMENT OF AMMONIA AND UREA PLANT VIJ - NFL,Madhya pradesh",,,FERTILISERS,2012-04,2008-09,,438.0,,438.0,,,218.37,2011-07,,2012-07,,,,0,0,,,,FR_APR_2012.pdf,Sector-Wise analysis of projects,41,63
FR_201204_064,,N08000007,64,"CAPACITY ENHANCEMENT OF VIJAIPUR-I PLANTS - NFL,Madhya pradesh",,,FERTILISERS,2012-04,2008-09,,325.0,,325.0,,,174.37,2011-07,,2012-04,,,,0,0,,,,FR_APR_2012.pdf,Sector-Wise analysis of projects,41,64
FR_201204_065,,N08000006,65,"NANGAL - AMMONIA PLANT FEEDSTOCK PROJECT - NFL,Punjab",,,FERTILISERS,2012-04,2010-01,,1478.63,,1478.63,,,553.49,2013-01,2013-01,2013-01,,,,8,8,,,,FR_APR_2012.pdf,Sector-Wise analysis of projects,41,65
FR_201204_066,,N08000004,66,"PANIPAT - AMMONIA PLANT FEEDSTOCK CHANGEOVER PROJE - NFL,Haryana",,,FERTILISERS,2012-04,2010-01,,1292.84,,1292.84,,,544.15,2013-01,,2013-01,,,,0,5,,,,FR_APR_2012.pdf,Sector-Wise analysis of projects,41,66
FR_201204_067,,N08000003,67,"THAL AMMONIA REVAMP PROJECT - RCF,Haryana Total",,,FERTILISERS,2012-04,2009-01,,488.75,5317.41,488.75,,,306.3,2012-04,2012-04,2012-04,,,,12,22,,,,FR_APR_2012.pdf,Sector-Wise analysis of projects,41,67
FR_201204_068,,N12000072,68,"1.2 MTPA PELLET PLANT DONIMALAI - NMDC,Karnataka",,,STEEL,2012-04,2011-04,,572.0,,572.0,,,,2013-04,,2013-04,,,,0,0,,,,FR_APR_2012.pdf,Sector-Wise analysis of projects,41,68
FR_201204_069,,N12000069,69,"330 TPH BOILER-6 AND AUXILIARY SYSTEM - RINL,Andhra Pradesh",,,STEEL,2012-04,2007-07,,260.0,,350.0,,,241.5,2010-08,2010-08,2012-06,,,,0,1,,,,FR_APR_2012.pdf,Sector-Wise analysis of projects,41,69
FR_201204_070,,N12000068,70,"67.5 MW TG-5 AUX. S'TEM EMERGENCY POWER REQUIREM - RINL,Andhra Pradesh",,,STEEL,2012-04,2007-07,,230.0,,343.58,,,246.84,2011-02,2011-02,2012-07,,,,2,3,,,,FR_APR_2012.pdf,Sector-Wise analysis of projects,41,70
FR_201204_071,,N12000073,71,"7.0 MTPA KUMARASWAMY IRON ORE MINE - NMDC,Karnataka",,,STEEL,2012-04,2011-02,,898.55,,898.55,,,,2013-05,,2013-05,,,,0,0,,,,FR_APR_2012.pdf,Sector-Wise analysis of projects,41,71
FR_201204_072,,N12000023,72,"700TPD ARI SEPARATION UNIT-4 AT OXYGEN PLANT-II, BHILLAI - SAIL,Chhatisgarh",,,STEEL,2012-04,2007-07,,232.93,,232.93,,,191.33,2011-05,,2012-05,,,,1,1,,,,FR_APR_2012.pdf,Sector-Wise analysis of projects,42,72
FR_201204_073,,N12000053,73,"Augmentation of Iron Ore Storage in RMHP - RINL,Multi State",,,STEEL,2012-04,2008-05,,480.0,,450.0,,,192.17,2012-05,2012-05,2013-02,,,,1,2,,,,FR_APR_2012.pdf,Sector-Wise analysis of projects,42,73
FR_201204_074,,N12000018,74,"Bailadila Iron Ore Deposit- IIB(NMDC) - NMDC,Chhatisgarh",NMDC,,STEEL,2012-04,2007-01,,295.89,607.17,607.17,,,327.39,2011-12,2012-03,2012-10,,,,15,21,,,,FR_APR_2012.pdf,Sector-Wise analysis of projects,42,74
FR_201204_075,,N12000038,75,"COKE OVEN BATTERY NO. 4 PHASE- II - RINL,Andhra Pradesh",,,STEEL,2012-04,2007-08,,108.0,,216.68,,,77.68,2012-10,2012-10,2012-10,,,,3,4,,,,FR_APR_2012.pdf,Sector-Wise analysis of projects,42,75
FR_201204_076,,N12000075,76,"ENHANCEMENT OF PROD. CAP. AT BOLANI I/O MINES - SAIL,Orissa",,,STEEL,2012-04,2011-11,,254.55,,254.55,,,5.54,,,2013-11,,,,0,1,,,,FR_APR_2012.pdf,Sector-Wise analysis of projects,42,76
FR_201204_077,,N12000057,77,"EXPANSION OF BHILAI STEEL PLANT - SAIL,Chhatisgarh",,,STEEL,2012-04,2008-09,,5185.0,,17265.0,,,5179.68,,,2013-09,,,,18,27,,,,FR_APR_2012.pdf,Sector-Wise analysis of projects,42,77
FR_201204_078,,N12000055,78,"EXPANSION OF BOKARO STEEL PLANT - SAIL,Jharkhandd",,,STEEL,2012-04,2008-01,,3316.0,,6325.0,,,2624.65,,,2012-10,,,,10,16,,,,FR_APR_2012.pdf,Sector-Wise analysis of projects,42,78
FR_201204_079,,N12000074,79,"EXPANSION OF DURGAPUR STEEL PLANT - SAIL,West Bengal",,,STEEL,2012-04,2009-06,,2875.0,,2875.0,,,750.85,2012-12,,2013-03,,,,5,12,,,,FR_APR_2012.pdf,Sector-Wise analysis of projects,42,79
FR_201204_080,,N12000051,80,"EXPANSION OF IISCO STEEL PLANT - SAIL,West Bengal",,,STEEL,2012-04,2008-02,,14443.0,16408.0,16408.0,,,13087.79,,,2012-12,,,,13,19,,,,FR_APR_2012.pdf,Sector-Wise analysis of projects,42,80
FR_201204_081,,120100067,81,"EXPANSION OF RINL/VSP FROM 3 MTPY-6.3 MTPY OF LIQUID STEEL - RINL,Andhra Pradesh",,,STEEL,2012-04,2005-10,,8692.0,12291.0,12291.0,,,9513.66,2009-10,2012-10,2012-10,,,,59,64,,,,FR_APR_2012.pdf,Sector-Wise analysis of projects,42,81
FR_201204_082,,N12000056,82,"EXPENSION OF ROURKELA STEEL PLANT - SAIL,Orissa",,,STEEL,2012-04,2008-09,,11812.0,11812.0,11812.0,,,6841.66,2013-11,,2013-03,,,,5,14,,,,FR_APR_2012.pdf,Sector-Wise analysis of projects,42,82
FR_201204_083,,N12000033,83,"Rebuilding of coke oven battery No.1 and 2 (Bokar - SAIL,Jharkhandd Total Petrochemicals",,,STEEL,2012-04,2007-10,,500.9,50155.82,500.9,,,355.21,,,2012-02,,,,3,3,,,,FR_APR_2012.pdf,Sector-Wise analysis of projects,42,83
FR_201204_084,,N16000106,84,"ASSAM GAS CRACKER PROJECT - BCPL,Assam Total",,,STEEL,2012-04,2006-04,,5460.61,8920.0,8920.0,,,4510.51,2013-12,2013-12,2013-12,,,,10,30,,,,FR_APR_2012.pdf,Sector-Wise analysis of projects,42,84
FR_201204_085,,N16000119,85,"102 MW WIND POWER PROJECT - ONGC,Rajasthan",,,PETROLEUM,2012-04,2010-07,,1106.0,,820.0,,,,2012-06,,2013-04,,,,0,0,,,,FR_APR_2012.pdf,Sector-Wise analysis of projects,42,85
FR_201204_086,,N16000086,86,"ADDITIONAL DEV. OF D-1 FIELD - ONGC,Multi State",,,PETROLEUM,2012-04,2010-01,,2163.64,,2163.64,,,926.83,2012-06,,2012-12,,,,0,0,,,,FR_APR_2012.pdf,Sector-Wise analysis of projects,42,86
FR_201204_087,,N16000065,87,"ADDITIONAL GAS PROCESSING FACILITI AT HAZIRA - ONGC,Gujarat",,,PETROLEUM,2012-04,2008-02,,370.11,,370.11,,,211.24,2011-04,,2012-07,,,,0,0,,,,FR_APR_2012.pdf,Sector-Wise analysis of projects,42,87
FR_201204_088,,N16000064,88,"ADDITIONAL GAS PROCESSING UNITS AT URAN - ONGC,Maharashtra",,,PETROLEUM,2012-04,2008-10,,1797.35,,977.0,,,282.27,2011-12,,2013-01,,,,0,0,,,,FR_APR_2012.pdf,Sector-Wise analysis of projects,42,88
FR_201204_089,,N16000061,89,"ASSAM RENEWAL PROJECT FOR GROUP A - ONGC,Assam",,,PETROLEUM,2012-04,2009-03,,2465.15,,2378.86,,,589.72,2013-03,,2014-03,,,,0,0,,,,FR_APR_2012.pdf,Sector-Wise analysis of projects,43,89
FR_201204_090,,N16000120,90,"Ahmedabad Redevelopment - ONGC,Gujarat",,,PETROLEUM,2012-04,2010-11,,1916.1,,1916.1,,,5.57,2014-12,,2014-12,,,,0,0,,,,FR_APR_2012.pdf,Sector-Wise analysis of projects,43,90
FR_201204_091,,N16000122,91,"Ankleswar Redevelopment - ONGC,Gujarat",,,PETROLEUM,2012-04,2010-11,,2189.63,,2189.63,,,4.84,2014-12,,2014-12,,,,0,0,,,,FR_APR_2012.pdf,Sector-Wise analysis of projects,43,91
FR_201204_092,,N16000094,92,"BNPL SPURLINE (UTTRANCHAL AND PUNJAB) - GAIL,Multi State",UTTRANCHAL AND PUNJAB,,PETROLEUM,2012-04,2009-12,,540.92,,460.7,,,195.06,2012-07,2012-07,2013-03,,,,0,16,,,,FR_APR_2012.pdf,Sector-Wise analysis of projects,43,92
FR_201204_093,,N16000108,93,"BUTADIENE EXTRACTION UNIT (BDEU) AT PANIPAT - IOCL,Haryana",BDEU,,PETROLEUM,2012-04,2009-11,,341.5,,341.5,,,61.38,2013-02,,2013-02,,,,30,42,,,,FR_APR_2012.pdf,Sector-Wise analysis of projects,43,93
FR_201204_094,,N16000110,94,"CDU/VDU-II - CPCL,Tamil Nadu",,,PETROLEUM,2012-04,2010-03,,333.99,,333.99,,,120.71,,,2012-09,,,,23,36,,,,FR_APR_2012.pdf,Sector-Wise analysis of projects,43,94
FR_201204_095,,N16000054,95,"COMPRESSOR STATIONS (KAILARAS AND CHAINSA) - GAIL,Multi State",KAILARAS AND CHAINSA,,PETROLEUM,2012-04,2007-11,,1167.0,,798.0,,,707.41,2011-04,2011-12,2012-09,,,,2,2,,,,FR_APR_2012.pdf,Sector-Wise analysis of projects,43,95
FR_201204_096,,N16000084,96,"CONSTRUCTION OF 12 OFFSHORE SUPPLY VESSELS(OSV) - ONGC,Multi State",OSV,,PETROLEUM,2012-04,2007-06,,736.65,,736.65,,,287.21,2011-09,,2012-12,,,,0,0,,,,FR_APR_2012.pdf,Sector-Wise analysis of projects,43,96
FR_201204_097,,N16000030,97,"CONSTRUCTION OF NEW PROCESS COMPLEX MHN - ONGC,Maharashtra",,,PETROLEUM,2012-04,2007-01,,2853.29,6326.4,6326.4,,,5314.79,2010-05,2012-05,2012-07,,,,0,0,,,,FR_APR_2012.pdf,Sector-Wise analysis of projects,43,97
FR_201204_098,,N16000066,98,"CONSTRUCTION OF NEW TERMINAL AT ENNORE CHENNAI - HPCL,Tamil Nadu",,,PETROLEUM,2012-04,2008-01,,224.0,299.0,299.0,,,320.4,2011-02,2011-08,2011-08,,,,0,0,,,,FR_APR_2012.pdf,Sector-Wise analysis of projects,43,98
FR_201204_099,,N16000127,99,"CONSTRUCTION OF ONE ETP AND THREE ETPS CUM WATER - ONGC,Assam",,,PETROLEUM,2012-04,2010-06,,202.94,,202.94,,,,2014-01,,2014-01,,,,0,0,,,,FR_APR_2012.pdf,Sector-Wise analysis of projects,43,99
FR_201204_100,,N16000115,100,"CONSTRUCTION OF TANKS AND BLENDING FACILITY AT VAD - IOCL,Gujarat",,,PETROLEUM,2012-04,2009-02,,267.0,,267.0,,,195.93,2012-09,2012-09,2012-09,,,,0,0,,,,FR_APR_2012.pdf,Sector-Wise analysis of projects,43,100
FR_201204_101,,N16000128,101,"CONVERSION OF RIG SAGAR SAMRAT TO MOBILE OFFSHORE - ONGC,Maharashtra",,,PETROLEUM,2012-04,2011-03,,861.79,,756.65,,,5.73,2013-05,,2013-05,,,,0,0,,,,FR_APR_2012.pdf,Sector-Wise analysis of projects,43,101
FR_201204_102,,N16000123,102,"Construction of 23 Immediate Supply Vessels (ISV) - ONGC,Multi State",ISV,,PETROLEUM,2012-04,2010-11,,331.2,,269.1,,,,2013-08,,2014-01,,,,0,0,,,,FR_APR_2012.pdf,Sector-Wise analysis of projects,43,102
FR_201204_103,,N16000117,103,"Construction of 6 ETPs - ONGC,Gujarat",,,PETROLEUM,2012-04,2009-03,,302.26,,302.26,,,19.83,2012-09,,2012-12,,,,0,0,,,,FR_APR_2012.pdf,Sector-Wise analysis of projects,43,103
FR_201204_104,,N16000103,104,"Construction of one Multipurpose Support Vessel - ONGC,Multi State",,,PETROLEUM,2012-04,2010-01,,723.64,,723.64,,,,2013-03,,2013-11,,,,0,0,,,,FR_APR_2012.pdf,Sector-Wise analysis of projects,43,104
FR_201204_105,,N16000073,105,"DABHOL-BANGALORE PIPELINE PROJECT PHASE-I - GAIL,Multi State",,,PETROLEUM,2012-04,2009-06,,4543.43,4508.38,2300.0,,,1706.48,2012-03,2012-08,2012-08,,,,0,17,,,,FR_APR_2012.pdf,Sector-Wise analysis of projects,43,105
FR_201204_106,,N16000089,106,"DE-BOTTLENECKING OF SMPL (Salaya-Mathura crude pip - IOCL,Maharashtra",,,PETROLEUM,2012-04,2009-12,,1584.0,,1584.0,,,13.25,,,,,,,0,0,,,,FR_APR_2012.pdf,Sector-Wise analysis of projects,43,106
FR_201204_107,,160100231,107,"DEV OF G1 AND GS-15 (ONGCL) - ONGC,Multi State",ONGCL,,PETROLEUM,2012-04,2003-04,,429.82,2735.65,2735.65,,,2184.0,2006-04,2012-06,2012-12,,,,0,0,,,,FR_APR_2012.pdf,Sector-Wise analysis of projects,43,107
FR_201204_108,,N16000033,108,"DEVELOPMENT OF B-193 CLUSTER FIELDS - ONGC,Maharashtra",,,PETROLEUM,2012-04,2007-06,,3248.78,5633.44,5633.44,,,3499.88,2010-08,2012-03,2013-12,,,,0,0,,,,FR_APR_2012.pdf,Sector-Wise analysis of projects,44,108
FR_201204_109,,N16000032,109,"DEVELOPMENT OF B-22 CLUSTER FIELDS - ONGC,Maharashtra",,,PETROLEUM,2012-04,2007-01,,2323.4,2920.82,2920.82,,,1273.53,2010-09,2012-03,2013-04,,,,0,0,,,,FR_APR_2012.pdf,Sector-Wise analysis of projects,44,109
FR_201204_110,,N16000046,110,"DEVELOPMENT OF B-46 CLUSTER FIELD - ONGC,Maharashtra",,,PETROLEUM,2012-04,2007-06,,1436.21,1456.96,1436.21,,,825.1,2010-07,2012-05,2012-07,,,,0,0,,,,FR_APR_2012.pdf,Sector-Wise analysis of projects,44,110
FR_201204_111,,N16000023,111,"DEVELOPMENT OF C-SERIES FIELDS - ONGC,Maharashtra",,,PETROLEUM,2012-04,2006-08,,3195.16,3690.37,3690.37,,,2520.91,2008-12,2013-04,2013-04,,,,0,0,,,,FR_APR_2012.pdf,Sector-Wise analysis of projects,44,111
FR_201204_112,,N16000009,112,"DIESEL HYDRO TREATMENT PROJECT,BRPL DHALIGAON - BRPL,Assam",,,PETROLEUM,2012-04,2006-06,,1431.91,1646.39,1690.13,,,1596.8,2009-09,,,,,,0,0,,,,FR_APR_2012.pdf,Sector-Wise analysis of projects,44,112
FR_201204_113,,N16000069,113,"DIESEL HYDROTREATOR PROJECT AT MUMBAI REFINERY - HPCL,Maharashtra",,,PETROLEUM,2012-04,2009-03,,3284.0,2174.0,2174.0,,,861.04,2012-09,2012-05,2012-05,,,,0,76,,,,FR_APR_2012.pdf,Sector-Wise analysis of projects,44,113
FR_201204_114,,N16000068,114,"DIESEL HYDROTREATOR PROJECT AT VISAKH REFINERY - HPCL,Andhra Pradesh",,,PETROLEUM,2012-04,2009-03,,3597.0,2730.0,2730.0,,,1156.52,2011-09,2012-03,2012-09,,,,0,0,,,,FR_APR_2012.pdf,Sector-Wise analysis of projects,44,114
FR_201204_115,,N16000118,115,"Development of BHE and BH-35 Area. - ONGC,Multi State",,,PETROLEUM,2012-04,2010-08,,372.11,,372.11,,,36.64,2013-03,,2013-04,,,,0,0,,,,FR_APR_2012.pdf,Sector-Wise analysis of projects,44,115
FR_201204_116,,N16000133,116,"Development of C-26 Cluster Fields - ONGC,Maharashtra",,,PETROLEUM,2012-04,2012-03,,2592.17,,2592.17,,,,2014-05,,2015-03,,,,0,0,,,,FR_APR_2012.pdf,Sector-Wise analysis of projects,44,116
FR_201204_117,,N16000104,117,"Development of Cluster-7 Fields - ONGC,Multi State",,,PETROLEUM,2012-04,2010-03,,3241.03,,3241.03,,,199.9,2013-03,,2013-04,,,,0,0,,,,FR_APR_2012.pdf,Sector-Wise analysis of projects,44,117
FR_201204_118,,N16000116,118,"Development of SB-14 field - ONGC,Multi State",,,PETROLEUM,2012-04,2011-01,,410.44,,410.44,,,7.33,2012-11,,2013-05,,,,0,0,,,,FR_APR_2012.pdf,Sector-Wise analysis of projects,44,118
FR_201204_119,,N16000105,119,"Development of WO-16 Cluster Fields - ONGC,Multi State",,,PETROLEUM,2012-04,2010-06,,2523.0,,2523.0,,,47.45,2014-01,,2014-01,,,,0,0,,,,FR_APR_2012.pdf,Sector-Wise analysis of projects,44,119
FR_201204_120,,N16000109,120,"EURO-IV DHDT - CPCL,Tamil Nadu",,,PETROLEUM,2012-04,2008-09,,2615.69,,2615.69,,,1894.77,,,,,,,114,116,,,,FR_APR_2012.pdf,Sector-Wise analysis of projects,44,120
FR_201204_121,,N16000107,121,"Fluidized catalytic cracking unit(FCCU) revamp - IOCL,Uttar Pradesh",FCCU,,PETROLEUM,2012-04,2010-07,,1000.0,,1000.0,,,94.7,2013-01,,2013-01,,,,15,18,,,,FR_APR_2012.pdf,Sector-Wise analysis of projects,44,121
FR_201204_122,,N16000081,122,"HYDROCRACKER REVAMP AND SETTING UP A NEW CCR AT MU - BPCL,Maharashtra",,,PETROLEUM,2012-04,2008-04,,825.0,1827.0,1827.0,,,481.23,2013-04,2013-04,2013-04,,,,0,167,,,,FR_APR_2012.pdf,Sector-Wise analysis of projects,44,122
FR_201204_123,,N16000132,123,"Heera and South Heera Redevelopment Ph-II - ONGC,Maharashtra",,,PETROLEUM,2012-04,2012-03,,5608.4,,5608.4,,,,2015-05,,2015-05,,,,0,0,,,,FR_APR_2012.pdf,Sector-Wise analysis of projects,44,123
FR_201204_124,,N16000090,124,"INTEGRATED OFFSHORE CRUDE OIL HANDLING FACILITIES - IOCL,Orissa",,,PETROLEUM,2012-04,2009-12,,1492.33,,1300.0,,,1093.96,2012-06,2012-06,2012-06,,,,6,8,,,,FR_APR_2012.pdf,Sector-Wise analysis of projects,44,124
FR_201204_125,,160100216,125,"IOR GELEKI (ONGCL) - ONGC,Assam",ONGCL,,PETROLEUM,2012-04,2001-09,,390.09,1674.11,1674.11,,,1481.56,2007-03,2017-03,2017-03,,,,6,6,,,,FR_APR_2012.pdf,Sector-Wise analysis of projects,44,125
FR_201204_126,,160100215,126,"IOR LAKWA - LAKHMANI (ONGCL) - ONGC,Assam",ONGCL,,PETROLEUM,2012-04,2001-09,,345.1,663.69,663.69,,,594.1,2007-03,2014-03,2014-03,,,,3,3,,,,FR_APR_2012.pdf,Sector-Wise analysis of projects,44,126
FR_201204_127,,160100217,127,"IOR, RUDRASAGAR (ONGCL) - ONGC,Assam",ONGCL,,PETROLEUM,2012-04,2001-09,,113.9,438.85,438.85,,,265.66,2006-03,2013-03,2013-03,,,,6,6,,,,FR_APR_2012.pdf,Sector-Wise analysis of projects,44,127
FR_201204_128,,N16000131,128,"Integrated Development of B-127 fields - ONGC,Maharashtra",,,PETROLEUM,2012-04,2011-12,,2059.63,,2059.63,,,,2015-03,,2015-03,,,,0,0,,,,FR_APR_2012.pdf,Sector-Wise analysis of projects,45,128
FR_201204_129,,N16000072,129,"JAGDISHPUR-HALDIA PIPELINE PROJECT PHASE-I - GAIL,Multi State",,,PETROLEUM,2012-04,2009-07,,7596.18,,7596.18,,,2.2,2013-01,,2015-07,,,,0,0,,,,FR_APR_2012.pdf,Sector-Wise analysis of projects,45,129
FR_201204_130,,N16000051,130,"JHAJJAR HISSAR PIPE LINE PROJECT - GAIL,Haryana",,,PETROLEUM,2012-04,2007-11,,281.07,,281.07,,,3.41,2010-10,,2014-12,,,,0,0,,,,FR_APR_2012.pdf,Sector-Wise analysis of projects,45,130
FR_201204_131,,N16000070,131,"KARANPUR MORADABAD-KASHIPUR- RUDRAPUR PIPELINE PROJECT PHASE- - GAIL,Multi State",,,PETROLEUM,2012-04,2009-07,,238.68,252.37,204.0,,,169.73,2012-01,,2012-07,,,,3,8,,,,FR_APR_2012.pdf,Sector-Wise analysis of projects,45,131
FR_201204_132,,N16000129,132,"KOCHI KOOTTANAD BANGLORE MANGLORE PIPELINE PH-II - GAIL,Multi State",,,PETROLEUM,2012-04,2009-06,,2915.0,,2915.0,,,885.82,2012-12,2012-12,2013-04,,,,0,21,,,,FR_APR_2012.pdf,Sector-Wise analysis of projects,45,132
FR_201204_133,,N16000071,133,"KOCHI-KOOTANAD BANGALORE- MANGALORE PIPELINE PROJEC - GAIL,Multi State",,,PETROLEUM,2012-04,2009-06,,348.0,,261.0,,,193.21,2012-03,2012-08,2012-08,,,,2,4,,,,FR_APR_2012.pdf,Sector-Wise analysis of projects,45,133
FR_201204_134,,N16000114,134,"MRPL Phase-III Expansion - Mangalore Refin,Karnataka",,,PETROLEUM,2012-04,2008-08,,12412.0,12160.26,12160.26,,,8582.11,2012-01,,2012-10,,,,0,0,,,,FR_APR_2012.pdf,Sector-Wise analysis of projects,45,134
FR_201204_135,,N16000060,135,"MUMBAI HIGH NORTH DEVELOPMENT PHASE-II - ONGC,Maharashtra",,,PETROLEUM,2012-04,2009-01,,7133.39,,6855.93,,,3427.22,2012-09,,2013-09,,,,0,0,,,,FR_APR_2012.pdf,Sector-Wise analysis of projects,45,135
FR_201204_136,,N16000039,136,"MUMBAI HIGH SOUTH REDEVELOPMENT PH-2 - ONGC,Maharashtra",,,PETROLEUM,2012-04,2007-10,,5713.03,8813.41,8813.41,,,6939.45,2010-05,2013-03,2013-03,,,,0,0,,,,FR_APR_2012.pdf,Sector-Wise analysis of projects,45,136
FR_201204_137,,N16000121,137,"Mehesana Redevelopment - ONGC,Gujarat",,,PETROLEUM,2012-04,2010-11,,3823.0,,3823.0,,,5.67,2015-04,,2015-04,,,,0,0,,,,FR_APR_2012.pdf,Sector-Wise analysis of projects,45,137
FR_201204_138,,N16000096,138,"North Tapti Gas Field Development - ONGC,Multi State",,,PETROLEUM,2012-04,2008-07,,589.7,755.76,755.76,,,549.84,2011-03,2011-05,2012-10,,,,0,0,,,,FR_APR_2012.pdf,Sector-Wise analysis of projects,45,138
FR_201204_139,,N16000031,139,"OFFSHORE GRID INTERCONNECTIVITY PROJECT IN MUMBAI HIGH - ONGC,Maharashtra",,,PETROLEUM,2012-04,2007-01,,740.02,,740.02,,,479.11,2010-03,2012-03,2013-05,,,,0,0,,,,FR_APR_2012.pdf,Sector-Wise analysis of projects,45,139
FR_201204_140,,N16000058,140,"PARADIP REFINERY PROJECT - IOCL,Orissa",,,PETROLEUM,2012-04,2009-02,,29777.0,,30426.0,,,15205.0,2012-11,2013-06,2013-06,,,,57,100,,,,FR_APR_2012.pdf,Sector-Wise analysis of projects,45,140
FR_201204_141,,N16000088,141,"PARADIP-RAIPUR-SAMBALPUR- RANCHI PIPELINE - IOCL,Multi State",,,PETROLEUM,2012-04,2009-08,,1793.0,,1400.0,,,606.13,2012-09,2012-09,2012-09,,,,0,11,,,,FR_APR_2012.pdf,Sector-Wise analysis of projects,45,141
FR_201204_142,,N16000112,142,"PETROCHEMICAL COMPLEX-II AT VIJAYPUR AND PATA - GAIL,Multi State",,,PETROLEUM,2012-04,2010-08,,8140.0,,8140.0,,,1018.62,2014-02,,2014-02,,,,0,0,,,,FR_APR_2012.pdf,Sector-Wise analysis of projects,45,142
FR_201204_143,,N16000113,143,"Polypropylene unit - Mangalore Refin,Karnataka",,,PETROLEUM,2012-04,2009-05,,1803.78,,1803.78,,,556.74,2012-07,,2012-07,,,,0,0,,,,FR_APR_2012.pdf,Sector-Wise analysis of projects,45,143
FR_201204_144,,N16000057,144,"RESITEMENT OF MARKETING INSTALATION AT VISAKHAPATT - HPCL,Andhra Pradesh",,,PETROLEUM,2012-04,2009-01,,756.0,,898.0,,,840.5,2011-09,,2012-03,,,,0,0,,,,FR_APR_2012.pdf,Sector-Wise analysis of projects,45,144
FR_201204_145,,N16000044,145,"REVAMPING OF WIN PLATFORM AT MH ASSET - ONGC,Maharashtra",,,PETROLEUM,2012-04,2008-05,,333.4,837.54,656.51,,,554.93,2010-05,2012-04,2012-05,,,,0,0,,,,FR_APR_2012.pdf,Sector-Wise analysis of projects,45,145
FR_201204_146,,N16000098,146,"Up-gradation of Konaban GGS and Pipeline Grid Project - ONGC,Tripura",,,PETROLEUM,2012-04,2008-07,,288.04,288.04,288.04,,,165.42,2012-08,,2012-12,,,,0,0,,,,FR_APR_2012.pdf,Sector-Wise analysis of projects,46,146
FR_201204_147,,N16000093,147,"VKPL UPGRADATION AND LAYING OF SPURLINE (TO BHILWARA AND CHI - GAIL,Multi State",,,PETROLEUM,2012-04,2009-12,,463.32,,330.47,,,202.86,2012-03,2012-03,2012-06,,,,0,20,,,,FR_APR_2012.pdf,Sector-Wise analysis of projects,46,147
FR_201204_148,,N16000101,148,"Wax Project - NRL,Assam Total",,,PETROLEUM,2012-04,2010-06,,576.6,155277.97,576.6,,,34.77,2013-12,2013-12,2013-12,,,,0,0,,,,FR_APR_2012.pdf,Sector-Wise analysis of projects,46,148
FR_201204_149,,N18000069,149,"765 KV POOLING STATION AND NETWORK WITH DVC AND MA - PGCIL,Multi State",,,POWER,2012-04,2008-08,,7075.33,,7075.33,,,5161.6,2012-08,,2013-03,,,,0,0,,,,FR_APR_2012.pdf,Sector-Wise analysis of projects,46,149
FR_201204_150,,N18000068,150,"765 KV SYSTEM FOR CENTRAL PART OF NORTHERN GRID PA - PGCIL,Multi State",,,POWER,2012-04,2009-02,,1347.32,,1347.32,,,1031.2,2012-02,,2012-10,,,,0,0,,,,FR_APR_2012.pdf,Sector-Wise analysis of projects,46,150
FR_201204_151,,N18000079,151,"765KV SYSTEM FOR CENTRAL PART OF NORTHERN GRID PAR - PGCIL,Multi State",,,POWER,2012-04,2009-11,,1075.12,,1075.12,,,567.7,2012-05,,2012-12,,,,0,0,,,,FR_APR_2012.pdf,Sector-Wise analysis of projects,46,151
FR_201204_152,,N18000078,152,"765KV SYSTEM FOR CENTRAL PART OF NORTHERN REGION G - PGCIL,Multi State",,,POWER,2012-04,2009-07,,1736.36,,1736.36,,,929.2,2012-06,,2012-12,,,,0,0,,,,FR_APR_2012.pdf,Sector-Wise analysis of projects,46,152
FR_201204_153,,N18000047,153,"BARH STPP STAGE -II - NTPC,Bihar",,,POWER,2012-04,2008-02,,7341.04,,7341.04,,,4218.0,2013-08,,2014-06,,,,5,18,,,,FR_APR_2012.pdf,Sector-Wise analysis of projects,46,153
FR_201204_154,,180100242,154,"BARH STPP STAGE I (3X660MW) NTPC - NTPC,Bihar",3X660MW,,POWER,2012-04,2003-12,,8692.97,,8693.0,,,6961.0,2009-12,2014-12,2016-03,,,,26,47,,,,FR_APR_2012.pdf,Sector-Wise analysis of projects,46,154
FR_201204_155,,N18000041,155,"BONGAIGAON THERMAL POWER PROJECT - NTPC,Assam",,,POWER,2012-04,2008-01,,4375.35,,4375.35,,,3065.0,,,2014-11,,,,4,28,,,,FR_APR_2012.pdf,Sector-Wise analysis of projects,46,155
FR_201204_156,,180100241,156,"CHAMERA,STAGE-III (NHPC) - NHPC,Himachal Pr.",NHPC,,POWER,2012-04,2005-08,,1405.63,,2084.0,,,1815.3,2010-08,2011-08,2012-06,,,,0,2,,,,FR_APR_2012.pdf,Sector-Wise analysis of projects,46,156
FR_201204_157,,N18000007,157,"CHUTAK HYDRO-ELECTRIC PROJECT (NHPC) - NHPC,J and K",NHPC,,POWER,2012-04,2006-08,,621.26,,621.28,,,733.22,2011-02,,2012-10,,,,2,4,,,,FR_APR_2012.pdf,Sector-Wise analysis of projects,46,157
FR_201204_158,,N18000111,158,"COMMON SYSTEM ASSOCIATED WITH ISGS PROJECTS IN KRISHNAPATTNA - PGCIL,Andhra Pradesh",,,POWER,2012-04,2011-08,,1637.34,,1637.34,,,173.7,2014-08,,2014-08,,,,0,0,,,,FR_APR_2012.pdf,Sector-Wise analysis of projects,46,158
FR_201204_159,,N18000126,159,"COMMON SYSTEM ASSOCIATED WITH ISGS PROJECTS IN VEMAGIRI AREA - PGCIL,Andhra Pradesh",,,POWER,2012-04,2012-03,,206.44,,206.44,,,21.9,2014-06,,2014-06,,,,0,0,,,,FR_APR_2012.pdf,Sector-Wise analysis of projects,46,159
FR_201204_160,,N18000103,160,"Common System Associated with Coastal Energen Priv - PGCIL,Tamil Nadu",,,POWER,2012-04,2011-09,,1940.13,,1940.13,,,197.9,2014-09,,2014-09,,,,0,0,,,,FR_APR_2012.pdf,Sector-Wise analysis of projects,46,160
FR_201204_161,,N18000004,161,"EASTERN REGION STRENGTHENING SCHEME-I - PGCIL,Multi State",,,POWER,2012-04,2006-10,,975.96,,975.96,,,829.7,2009-10,,2012-12,,,,20,20,,,,FR_APR_2012.pdf,Sector-Wise analysis of projects,46,161
FR_201204_162,,N18000100,162,"EASTERN REGION TRANSMISSION SYSTEM-III - PGCIL,Multi State",,,POWER,2012-04,2010-07,,1272.8,,1272.8,,,291.4,2012-11,,2013-09,,,,0,0,,,,FR_APR_2012.pdf,Sector-Wise analysis of projects,47,162
FR_201204_163,,N18000123,163,"ESTABLISHMENT OF FIBER OPTIC COMMUNICATION SYSTEM IN NORTHER - PGCIL,Multi State",,,POWER,2012-04,2012-03,,198.63,,198.63,,,,2014-09,,2014-09,,,,0,0,,,,FR_APR_2012.pdf,Sector-Wise analysis of projects,47,163
FR_201204_164,,N18000101,164,"ESTABLISHMENT OF POOLING STATIONS AT CHAMPA - PGCIL,Chhatisgarh",,,POWER,2012-04,2011-05,,1961.87,,1961.87,,,268.5,2014-05,,2014-05,,,,0,0,,,,FR_APR_2012.pdf,Sector-Wise analysis of projects,47,164
FR_201204_165,,N18000092,165,"Establishment of pooling stations at Rajgarh - PGCIL,Chhatisgarh",,,POWER,2012-04,2010-12,,1719.52,,1719.52,,,431.9,2013-08,,2013-08,,,,0,0,,,,FR_APR_2012.pdf,Sector-Wise analysis of projects,47,165
FR_201204_166,,N18000082,166,"IMMEDIATE EVACUATION SYSTEM FOR NABINAGAR TPS - PGCIL,Bihar",,,POWER,2012-04,2010-02,,215.86,,215.86,,,179.3,2012-06,,2012-06,,,,0,0,,,,FR_APR_2012.pdf,Sector-Wise analysis of projects,47,166
FR_201204_167,,N18000127,167,"IMMEDIATE EVACUATION SYSTEM WITH BARH-II TPS - PGCIL,Bihar",,,POWER,2012-04,2011-12,,901.77,,901.77,,,52.8,2014-08,,2014-08,,,,0,0,,,,FR_APR_2012.pdf,Sector-Wise analysis of projects,47,167
FR_201204_168,,N18000110,168,"INTEGRATION OF POOLING STATION IN CHATTISGARH WITH - PGCIL,Multi State",,,POWER,2012-04,2011-08,,1391.97,,1391.97,,,182.1,2013-12,,2013-12,,,,0,0,,,,FR_APR_2012.pdf,Sector-Wise analysis of projects,47,168
FR_201204_169,,N18000107,169,"INTEGRATION OF POOLING STATION IN CHATTISGARH WITH CENTRAL P - PGCIL,Chhatisgarh",,,POWER,2012-04,2011-08,,1391.97,,1391.97,,,182.1,2013-12,,2013-12,,,,0,0,,,,FR_APR_2012.pdf,Sector-Wise analysis of projects,47,169
FR_201204_170,,N18000089,170,"INTERCONNECTION BETWEEN ELECTTRICAL GRIDS OF INDIA AND B - PGCIL,Multi State",,,POWER,2012-04,2010-10,,160.32,,160.32,,,38.9,2012-10,,2013-03,,,,0,0,,,,FR_APR_2012.pdf,Sector-Wise analysis of projects,47,170
FR_201204_171,,180100246,171,"KAIGA 3&4 TRANSMISSION SYSTEM (PGCIL) - PGCIL,Karnataka",PGCIL,,POWER,2012-04,2005-03,,596.45,1007.16,1007.16,,,831.4,2007-12,2009-12,2009-12,,,,0,18,,,,FR_APR_2012.pdf,Sector-Wise analysis of projects,47,171
FR_201204_172,,180100239,172,"KAMENG HYDROELECTRIC PROJECT (NEEPCO) - NEEPCO,Arunachal Pr.",NEEPCO,,POWER,2012-04,2004-12,,2496.9,,2496.9,,,1829.23,2013-05,2016-06,2017-03,,,,2,22,,,,FR_APR_2012.pdf,Sector-Wise analysis of projects,47,172
FR_201204_173,,N18000031,173,"KISHANGANGA HEP - NHPC,J and K",,,POWER,2012-04,2007-07,,2238.67,3642.04,3642.0,,,1411.76,2016-01,2016-01,2016-11,,,,0,2,,,,FR_APR_2012.pdf,Sector-Wise analysis of projects,47,173
FR_201204_174,,180100211,174,"KOLDAM HEP (NTPC) - NTPC,Himachal Pr.",NTPC,,POWER,2012-04,2002-10,,4527.15,,4527.15,,,4260.0,2009-04,2014-03,2014-03,,,,0,9,,,,FR_APR_2012.pdf,Sector-Wise analysis of projects,47,174
FR_201204_175,,180100258,175,"KUDANKULAM-APP TRANS. SYSTEM (PGCIL) - PGCIL,Tamil Nadu",PGCIL,,POWER,2012-04,2005-05,,1779.29,,1779.29,,,1828.98,2008-09,,,,,,3,37,,,,FR_APR_2012.pdf,Sector-Wise analysis of projects,47,175
FR_201204_176,,N18000124,176,"LINE BAYS AND REACTOR PROVISIONS AT POWERGRID SUBSTATIONS AS - PGCIL,Madhya pradesh",,,POWER,2012-04,2012-03,,213.78,,213.78,,,,2014-03,,2014-03,,,,0,0,,,,FR_APR_2012.pdf,Sector-Wise analysis of projects,47,176
FR_201204_177,,N18000005,177,"LOHARINAG-PAL HEP(4X150MW) - NTPC,Uttaranchal",4X150MW,,POWER,2012-04,2006-06,,2895.1,,2895.1,,,690.0,2011-11,,2012-12,,,,6,34,,,,FR_APR_2012.pdf,Sector-Wise analysis of projects,47,177
FR_201204_178,,N18000084,178,"MAUDA TRANSMISSION SYSTEM - PGCIL,Maharashtra",,,POWER,2012-04,2010-02,,469.38,,469.38,,,223.2,2012-10,,2012-05,,,,0,0,,,,FR_APR_2012.pdf,Sector-Wise analysis of projects,47,178
FR_201204_179,,N18000048,179,"MOUDA STPP (NTPC) - NTPC,Maharashtra",NTPC,,POWER,2012-04,2008-11,,5459.28,,6010.89,,,4047.0,2012-08,,2013-03,,,,10,16,,,,FR_APR_2012.pdf,Sector-Wise analysis of projects,47,179
FR_201204_180,,N18000006,180,"NIMOO BAZGO HYDROELECTRIC PROJECT - NHPC,J and K",,,POWER,2012-04,2006-08,,611.01,,936.0,,,729.82,2010-08,2011-09,2013-01,,,,0,3,,,,FR_APR_2012.pdf,Sector-Wise analysis of projects,48,180
FR_201204_181,,N18000066,181,"NORTH- EAST NORTH WESTERN INTERCONNECTOR I PROJECT - PGCIL,Multi State",,,POWER,2012-04,2009-02,,11130.19,,11130.19,,,4502.5,2013-08,,2014-09,,,,0,0,,,,FR_APR_2012.pdf,Sector-Wise analysis of projects,48,181
FR_201204_182,,N18000054,182,"NORTHERN REGION SYSTEM STRENGHTENING SCHEME-XIII - PGCIL,Multi State",,,POWER,2012-04,2009-02,,317.69,,317.69,,,180.4,2011-11,2011-11,2012-06,,,,0,0,,,,FR_APR_2012.pdf,Sector-Wise analysis of projects,48,182
FR_201204_183,,N18000056,183,"NORTHERN REGION SYSTEM STRENGHTENING SCHEME-XIX - PGCIL,Multi State",,,POWER,2012-04,2009-02,,410.29,,410.29,,,226.2,2012-02,,2013-06,,,,0,0,,,,FR_APR_2012.pdf,Sector-Wise analysis of projects,48,183
FR_201204_184,,N18000052,184,"NORTHERN REGION SYSTEM STRENGHTENING SCHEME-XV - PGCIL,Multi State",,,POWER,2012-04,2009-02,,520.48,,520.48,,,520.48,2011-11,,2013-06,,,,0,0,,,,FR_APR_2012.pdf,Sector-Wise analysis of projects,48,184
FR_201204_185,,N18000053,185,"NORTHERN REGION SYSTEM STRENGHTENING SCHEME-XVIII - PGCIL,Multi State",,,POWER,2012-04,2009-02,,509.66,,509.66,,,324.1,2011-11,,2013-06,,,,0,0,,,,FR_APR_2012.pdf,Sector-Wise analysis of projects,48,185
FR_201204_186,,N18000088,186,"NORTHERN REGION SYSTEM STRENGHTENING SCHEME-XX - PGCIL,Multi State",,,POWER,2012-04,2010-10,,182.68,,182.68,,,42.5,2013-01,,2013-01,,,,0,0,,,,FR_APR_2012.pdf,Sector-Wise analysis of projects,48,186
FR_201204_187,,N18000094,187,"NORTHERN REGION SYSTEM STRENGTHENING SCHEME XVI - PGCIL,Multi State",,,POWER,2012-04,2010-07,,752.64,,752.64,,,161.3,2013-07,,2013-07,,,,0,0,,,,FR_APR_2012.pdf,Sector-Wise analysis of projects,48,187
FR_201204_188,,N18000095,188,"NORTHERN REGION SYSTEM STRENGTHENING SCHEME- XXI - PGCIL,Multi State",,,POWER,2012-04,2010-08,,1677.57,,1677.57,,,386.0,2013-04,,2013-06,,,,0,0,,,,FR_APR_2012.pdf,Sector-Wise analysis of projects,48,188
FR_201204_189,,N18000091,189,"NORTHERN REGION SYSTEM STRENGTHENING SCHEME-XXII - PGCIL,Multi State",,,POWER,2012-04,2010-12,,209.78,,209.78,,,52.2,2013-08,,2013-08,,,,0,0,,,,FR_APR_2012.pdf,Sector-Wise analysis of projects,48,189
FR_201204_190,,N18000128,190,"NORTHERN REGION SYSTEM STRENGTHENING SCHEME-XXIV - PGCIL,Multi State",,,POWER,2012-04,2011-11,,723.63,,723.63,,,40.4,2014-11,,2014-11,,,,0,0,,,,FR_APR_2012.pdf,Sector-Wise analysis of projects,48,190
FR_201204_191,,N18000083,191,"NORTHERN REGION TRANSMISSION STRENGTHENING SCHEME - PGCIL,Multi State",,,POWER,2012-04,2010-03,,965.58,,965.58,,,383.6,2012-11,,2013-06,,,,0,0,,,,FR_APR_2012.pdf,Sector-Wise analysis of projects,48,191
FR_201204_192,,180100250,192,"PARBATI H.E.P. STAGE -III (NHPC) - NHPC,Himachal Pr.",NHPC,,POWER,2012-04,2005-10,,2304.56,,2716.0,,,1788.59,2010-10,2011-12,2013-01,,,,0,1,,,,FR_APR_2012.pdf,Sector-Wise analysis of projects,48,192
FR_201204_193,,180100210,193,"PARBATI HEP (NHPC) II - NHPC,Himachal Pr.",NHPC,,POWER,2012-04,2002-09,,3919.59,,5524.0,,,3405.19,2009-09,2014-07,2014-07,,,,1,20,,,,FR_APR_2012.pdf,Sector-Wise analysis of projects,48,193
FR_201204_194,,N18000045,194,"PARE HYDRO ELECTRIC PROJECT(110 MW) - NEEPCO,Arunachal Pr.",110 MW,,POWER,2012-04,2008-12,,573.99,,573.99,,,314.41,2012-08,2013-08,2014-09,,,,9,19,,,,FR_APR_2012.pdf,Sector-Wise analysis of projects,48,194
FR_201204_195,,N18000024,195,"RAMPUR HEP(412 MW) - SJVNL,Himachal Pr.",412 MW,,POWER,2012-04,2007-01,,2047.03,,2047.03,,,1658.86,2012-01,,2013-09,,,,0,0,,,,FR_APR_2012.pdf,Sector-Wise analysis of projects,48,195
FR_201204_196,,N18000073,196,"RIHAND STTP STAGE-III (2X500MW) (NTPC) - NTPC,Uttar Pradesh",NTPC,,POWER,2012-04,2009-01,,6230.81,,6230.81,,,3163.0,2012-10,,2013-03,,,,9,16,,,,FR_APR_2012.pdf,Sector-Wise analysis of projects,48,196
FR_201204_197,,180100229,197,"SIPAT STPP STAGE - I (NTPC) - NTPC,Chhatisgarh",NTPC,,POWER,2012-04,2003-12,,8323.39,,8323.39,,,8194.0,2009-12,2011-12,2012-05,,,,59,60,,,,FR_APR_2012.pdf,Sector-Wise analysis of projects,48,197
FR_201204_198,,180100221,198,"SUBANSIRI LOWER H.E.P (NHPC) - NHPC,Arunachal Pr.",NHPC,,POWER,2012-04,2003-09,,6285.33,,10667.0,,,5653.06,2010-09,2014-08,2015-12,,,,11,11,,,,FR_APR_2012.pdf,Sector-Wise analysis of projects,49,198
FR_201204_199,,N18000097,199,"SUPPLEMENTARY TRANSMISSION ASSOCIATED WITH VAALLUR - PGCIL,Multi State",,,POWER,2012-04,2010-08,,170.36,,170.36,,,36.1,2013-04,,2013-04,,,,0,0,,,,FR_APR_2012.pdf,Sector-Wise analysis of projects,49,199
FR_201204_200,,N18000065,200,"SUPPLEMENTRY TRANSMISSION ASSOCIATED WITH DVC AND - PGCIL,Multi State",,,POWER,2012-04,2008-08,,2360.95,,2360.95,,,1916.4,2012-08,,2012-12,,,,0,0,,,,FR_APR_2012.pdf,Sector-Wise analysis of projects,49,200
FR_201204_201,,N18000067,201,"SYSTEM STRENGHTENING -XI IN SOUTHERN REGION - PGCIL,Multi State",,,POWER,2012-04,2009-03,,196.1,,196.1,,,132.5,2011-07,,2012-06,,,,0,0,,,,FR_APR_2012.pdf,Sector-Wise analysis of projects,49,201
FR_201204_202,,N18000116,202,"SYSTEM STRENGTHENING IN NORTH/WEST PART OF WR FOR - PGCIL,Chhatisgarh",,,POWER,2012-04,2011-12,,1746.65,,1746.65,,,47.9,2014-08,,2014-08,,,,0,0,,,,FR_APR_2012.pdf,Sector-Wise analysis of projects,49,202
FR_201204_203,,N18000120,203,"SYSTEM STRENGTHENING IN WARDHA-AURANGABAD CORRIDOR FOR IPP P - PGCIL,Maharashtra",,,POWER,2012-04,2012-02,,1310.85,,1310.85,,,93.0,2015-02,,2015-02,,,,0,0,,,,FR_APR_2012.pdf,Sector-Wise analysis of projects,49,203
FR_201204_204,,N18000117,204,"SYSTEM STRENTHENING IN RAIPUR- WARDHA CORRIDOR FOR IPP PROJEC - PGCIL,Chhatisgarh",,,POWER,2012-04,2012-01,,1422.85,,1422.85,,,95.1,2015-01,,2015-01,,,,0,0,,,,FR_APR_2012.pdf,Sector-Wise analysis of projects,49,204
FR_201204_205,,N18000115,205,"SYTEM STRENGTHENING OF SOUTHERN REGION - XIV - PGCIL,Multi State",,,POWER,2012-04,2011-12,,297.33,,297.33,,,21.8,2014-08,,2014-08,,,,0,0,,,,FR_APR_2012.pdf,Sector-Wise analysis of projects,49,205
FR_201204_206,,N18000109,206,"SYTEM STRENGTHENING XIII OF SR GRID - PGCIL,Multi State",,,POWER,2012-04,2011-10,,487.49,,487.49,,,51.5,2014-06,,2014-06,,,,0,0,,,,FR_APR_2012.pdf,Sector-Wise analysis of projects,49,206
FR_201204_207,,N18000086,207,"System Strengthening -X of SR - PGCIL,Multi State",,,POWER,2012-04,2009-12,,276.61,,276.61,,,134.4,2012-04,,2012-04,,,,0,0,,,,FR_APR_2012.pdf,Sector-Wise analysis of projects,49,207
FR_201204_208,,N18000085,208,"System Strengthening -XII of SR - PGCIL,Multi State",,,POWER,2012-04,2010-02,,232.34,,232.34,,,94.98,2012-06,,2012-06,,,,0,0,,,,FR_APR_2012.pdf,Sector-Wise analysis of projects,49,208
FR_201204_209,,N18000081,209,"System Strengthening in NR for SASAN & MUNDRA (UMPP) - PGCIL,Multi State",UMPP,,POWER,2012-04,2009-12,,1216.83,,1216.83,,,704.2,2012-08,,2012-12,,,,0,0,,,,FR_APR_2012.pdf,Sector-Wise analysis of projects,49,209
FR_201204_210,,N18000014,210,"TAPOVAN-VISHNUGAD HEP (4x130MW) (NTPC) - NTPC,Uttaranchal",NTPC,,POWER,2012-04,2006-11,,2978.48,,2978.48,,,1457.0,2013-03,,2015-09,,,,2,13,,,,FR_APR_2012.pdf,Sector-Wise analysis of projects,49,210
FR_201204_211,,180100243,211,"TEESTA LOW DAM HEP, STAGE-IV (NHPC) - NHPC,West Bengal",NHPC,,POWER,2012-04,2005-09,,1061.38,,1501.75,,,1112.46,2009-09,,2013-06,,,,0,0,,,,FR_APR_2012.pdf,Sector-Wise analysis of projects,49,211
FR_201204_212,,180100222,212,"TEESTA LOW DAM STAGE III HYDROELECTRIC POWER PROJE - NHPC,West Bengal",,,POWER,2012-04,2003-10,,768.92,,1628.39,,,1476.77,2007-03,,2012-09,,,,25,25,,,,FR_APR_2012.pdf,Sector-Wise analysis of projects,49,212
FR_201204_213,,N18000010,213,"TEHRI PUMPED STORAGE PLANT(1000MW) - THDCL,Uttar Pradesh",1000MW,,POWER,2012-04,2006-07,,1657.0,2978.86,2978.86,,,321.09,2010-07,2016-02,2016-02,,,,1,10,,,,FR_APR_2012.pdf,Sector-Wise analysis of projects,49,213
FR_201204_214,,N18000108,214,"TR SYSTEM FOR ESTABLISHMENT OF 400/220 KV GIS SUBSTATION AT - PGCIL,Madhya pradesh",,,POWER,2012-04,2011-07,,181.93,,181.93,,,45.3,2013-07,,2013-07,,,,0,0,,,,FR_APR_2012.pdf,Sector-Wise analysis of projects,49,214
FR_201204_215,,N18000118,215,"TR SYSTEM FOR ESTABLISHMENT OF 400/220 KV GIS SUBSTATION AT - PGCIL,Gujarat",,,POWER,2012-04,2012-01,,259.28,,259.28,,,7.3,2014-01,,2014-01,,,,0,0,,,,FR_APR_2012.pdf,Sector-Wise analysis of projects,50,215
FR_201204_216,,N18000113,216,"TR SYSTEM FOR PHASE-I GENERATION PROJECTS IN JHARKHAND AND W - PGCIL,Multi State",,,POWER,2012-04,2011-12,,2422.66,,2422.66,,,72.4,2014-08,,2014-08,,,,0,0,,,,FR_APR_2012.pdf,Sector-Wise analysis of projects,50,216
FR_201204_217,,N18000129,217,"TR. SYS. FOR PHASE-I PROJ. IN JHARKHAN AND WEST BENGAL PART- - PGCIL,Multi State",,,POWER,2012-04,2012-02,,3201.44,,3201.44,,,,2014-10,,2014-10,,,,0,0,,,,FR_APR_2012.pdf,Sector-Wise analysis of projects,50,217
FR_201204_218,,N18000064,218,"TR. SYSTEM ASSOCIATED WITH CHAMERA III HEP - PGCIL,Multi State",,,POWER,2012-04,2008-04,,297.37,,297.91,,,326.43,2011-07,,2012-09,,,,0,0,,,,FR_APR_2012.pdf,Sector-Wise analysis of projects,50,218
FR_201204_219,,N18000061,219,"TR. SYSTEM ASSOCIATED WITH MUNDRA ULTRA MEGA POWER PROJECT - PGCIL,Multi State",,,POWER,2012-04,2008-10,,4824.12,,4824.12,,,2687.7,2012-10,,2013-09,,,,0,0,,,,FR_APR_2012.pdf,Sector-Wise analysis of projects,50,219
FR_201204_220,,N18000077,220,"TRANS SYSTEM FOR DEVELOPMENT OF POOLING STN IN NR - PGCIL,West Bengal",,,POWER,2012-04,2010-04,,4404.57,,4404.57,,,254.5,2015-01,,2015-01,,,,0,0,,,,FR_APR_2012.pdf,Sector-Wise analysis of projects,50,220
FR_201204_221,,N18000096,221,"TRANS SYSTEM FOR PHASE-I GEN PROJECT IN ORISSA-C - PGCIL,Multi State",,,POWER,2012-04,2011-03,,2569.25,,2569.25,,,428.9,2014-03,,2014-03,,,,0,0,,,,FR_APR_2012.pdf,Sector-Wise analysis of projects,50,221
FR_201204_222,,180100260,222,"TRANSMISSION SY. ASSOCIATED WITH BARH GENER. PROJECT(P.GR.) - PGCIL,Bihar",P.GR.,,POWER,2012-04,2005-12,,3779.46,,3779.46,,,3681.3,2009-09,,2012-06,,,,11,30,,,,FR_APR_2012.pdf,Sector-Wise analysis of projects,50,222
FR_201204_223,,N18000090,223,"TRANSMISSION SYSTEM ASSOCIATED WITH KRISHNAPATNAM - PGCIL,Andhra Pradesh",,,POWER,2012-04,2010-12,,779.21,,779.21,,,358.2,2013-08,,2013-08,,,,0,0,,,,FR_APR_2012.pdf,Sector-Wise analysis of projects,50,223
FR_201204_224,,N18000121,224,"TRANSMISSION SYSTEM ASSOCIATED WITH KRISHNAPATNAM UMPP-PART - PGCIL,Andhra Pradesh",,,POWER,2012-04,2012-02,,324.33,,324.33,,,1.2,2014-08,,2014-08,,,,0,0,,,,FR_APR_2012.pdf,Sector-Wise analysis of projects,50,224
FR_201204_225,,N18000122,225,"TRANSMISSION SYSTEM ASSOCIATED WITH KRISHNAPATNAM UMPP-PART - PGCIL,Andhra Pradesh",,,POWER,2012-04,2012-02,,1927.16,,1927.16,,,17.2,2014-10,,2014-10,,,,0,0,,,,FR_APR_2012.pdf,Sector-Wise analysis of projects,50,225
FR_201204_226,,N18000018,226,"TRANSMISSION SYSTEM ASSOCIATED WITH PARBATI-III HEP - PGCIL,Himachal Pr.",,,POWER,2012-04,2006-07,,557.24,,557.24,,,549.0,2010-01,,2013-02,,,,0,22,,,,FR_APR_2012.pdf,Sector-Wise analysis of projects,50,226
FR_201204_227,,N18000063,227,"TRANSMISSION SYSTEM ASSOCIATED WITH RAMPUR HEP - PGCIL,Multi State",,,POWER,2012-04,2009-02,,184.19,,184.19,,,149.0,2011-11,,2013-03,,,,0,0,,,,FR_APR_2012.pdf,Sector-Wise analysis of projects,50,227
FR_201204_228,,N18000046,228,"TRANSMISSION SYSTEM ASSOCIATED WITH SASAN ULTRA ME - PGCIL,Multi State",,,POWER,2012-04,2008-12,,7031.88,,7031.88,,,3576.3,2012-12,,2012-12,,,,0,0,,,,FR_APR_2012.pdf,Sector-Wise analysis of projects,50,228
FR_201204_229,,N18000114,229,"TRANSMISSION SYSTEM FOR CONNECTIVITY OF ESSAR POWER GUJARAT - PGCIL,Gujarat",,,POWER,2012-04,2011-12,,552.44,,552.44,,,38.4,2014-02,,2014-02,,,,0,0,,,,FR_APR_2012.pdf,Sector-Wise analysis of projects,50,229
FR_201204_230,,N18000106,230,"TRANSMISSION SYSTEM FOR CONNECTIVITY OF MB POWER LIMITED - PGCIL,Madhya pradesh",,,POWER,2012-04,2011-08,,425.51,,425.51,,,49.5,2013-10,,2013-10,,,,0,0,,,,FR_APR_2012.pdf,Sector-Wise analysis of projects,51,230
FR_201204_231,,N18000102,231,"TRANSMISSION SYSTEM FOR ESTABLISHMENT OF 400/220 K - PGCIL,Maharashtra",,,POWER,2012-04,2011-07,,181.93,,181.93,,,,2013-07,,2013-07,,,,0,0,,,,FR_APR_2012.pdf,Sector-Wise analysis of projects,51,231
FR_201204_232,,N18000105,232,"TRANSMISSION SYSTEM FOR IPP GENERATION PROJECTS IN MP AND CH - PGCIL,Multi State",,,POWER,2012-04,2011-09,,1366.34,,1366.34,,,133.1,2013-12,,2013-12,,,,0,0,,,,FR_APR_2012.pdf,Sector-Wise analysis of projects,51,232
FR_201204_233,,N18000104,233,"TRANSMISSION SYSTEM FOR PHASE-1 GENERATION PROJECTS IN JHARK - PGCIL,Jharkhandd",,,POWER,2012-04,2011-10,,558.26,,558.26,,,62.8,2013-11,,2013-11,,,,0,0,,,,FR_APR_2012.pdf,Sector-Wise analysis of projects,51,233
FR_201204_234,,N18000087,234,"TRANSMISSION SYSTEM FOR PHASE-I GEN PROJECT IN ORI - PGCIL,Orissa",,,POWER,2012-04,2010-09,,2074.86,,2074.86,,,517.9,2013-03,,2013-03,,,,0,0,,,,FR_APR_2012.pdf,Sector-Wise analysis of projects,51,234
FR_201204_235,,N18000093,235,"TRANSMISSION SYSTEM FOR PHASE-I GEN. PROJECT IN OR - PGCIL,Orissa",,,POWER,2012-04,2010-12,,2743.19,,2743.19,,,536.2,2013-12,,2013-12,,,,0,0,,,,FR_APR_2012.pdf,Sector-Wise analysis of projects,51,235
FR_201204_236,,N18000076,236,"TRANSMISSION SYSTEM OF VINDHYACHAL-IV AND RIHAND-I - PGCIL,Multi State",,,POWER,2012-04,2010-03,,4672.99,,4672.99,,,1182.1,2012-11,,2013-03,,,,0,0,,,,FR_APR_2012.pdf,Sector-Wise analysis of projects,51,236
FR_201204_237,,N18000112,237,"TRANSMISSION SYSTEM STRENGTHENING IN WESTERN PART OF WR FOR - PGCIL,Chhatisgarh",,,POWER,2012-04,2011-11,,2127.51,,2127.51,,,183.1,2014-07,,2014-07,,,,0,0,,,,FR_APR_2012.pdf,Sector-Wise analysis of projects,51,237
FR_201204_238,,N18000071,238,"TRIPURA GAS BASED POWER PROJECT - NEEPCO,Tripura",,,POWER,2012-04,2009-07,,421.01,623.44,623.44,,,185.78,2013-07,,2013-07,,,,0,29,,,,FR_APR_2012.pdf,Sector-Wise analysis of projects,51,238
FR_201204_239,,180100165,239,"TUIRIAL HE PROJECT(NEEPCO) - NEEPCO,Mizoram",NEEPCO,,POWER,2012-04,1998-07,,368.72,913.63,913.63,,,307.53,2006-07,2014-01,2015-02,,,,7,24,,,,FR_APR_2012.pdf,Sector-Wise analysis of projects,51,239
FR_201204_240,,N18000119,240,"TUIRIAL HYDRO ELECTRIC PROJECT (60MW) - NEEPCO,Mizoram",60MW,,POWER,2012-04,2011-01,,913.63,,913.63,,,307.53,2014-01,,2014-01,,,,0,0,,,,FR_APR_2012.pdf,Sector-Wise analysis of projects,51,240
FR_201204_241,,N18000080,241,"Trans. System associated with PALLATANA GBPP & BPT - PGCIL,Multi State",,,POWER,2012-04,2010-02,,2144.0,,2144.0,,,731.6,2012-12,,2013-03,,,,0,0,,,,FR_APR_2012.pdf,Sector-Wise analysis of projects,51,241
FR_201204_242,,N18000099,242,"Transmission system for transfer of power from Gen-PART B - PGCIL,Multi State",,,POWER,2012-04,2011-03,,1585.12,,1585.12,,,273.4,2013-11,,2013-11,,,,0,0,,,,FR_APR_2012.pdf,Sector-Wise analysis of projects,51,242
FR_201204_243,,N18000098,243,"Transmission system for transfer of power from Gen. - PGCIL,Multi State",,,POWER,2012-04,2010-05,,250.03,,250.03,,,50.5,2013-01,,2013-01,,,,0,0,,,,FR_APR_2012.pdf,Sector-Wise analysis of projects,51,243
FR_201204_244,,180100251,244,"URI H.E.P STAGE -II (NHPC) - NHPC,J and K",NHPC,,POWER,2012-04,2005-08,,1729.29,,1794.0,,,1715.58,2009-11,2011-11,2013-02,,,,0,4,,,,FR_APR_2012.pdf,Sector-Wise analysis of projects,51,244
FR_201204_245,,N18000072,245,"VINDHYACHAL STTP STAGE-IV (NTPC) - NTPC,Madhya pradesh",NTPC,,POWER,2012-04,2009-01,,5915.0,,5915.0,,,3402.0,2012-10,,2013-03,,,,8,15,,,,FR_APR_2012.pdf,Sector-Wise analysis of projects,51,245
FR_201204_246,,N18000042,246,"VISHNUGAD PIPALKOTI HYDRO ELECTRIC PROJECT - THDCL,Uttaranchal",,,POWER,2012-04,2008-08,,2491.58,2491.58,3422.44,,,302.52,2014-07,,2016-05,,,,1,3,,,,FR_APR_2012.pdf,Sector-Wise analysis of projects,52,246
FR_201204_247,,N18000022,247,"WESTERN REGION STRENGTHENING SCHEME-II - PGCIL,Rajasthan",,,POWER,2012-04,2006-07,,5221.23,,5221.23,,,3123.6,2010-07,,2012-12,,,,20,20,,,,FR_APR_2012.pdf,Sector-Wise analysis of projects,52,247
FR_201204_248,,N18000035,248,"WESTERN REGION STRENGTHENING SCHEME-V - PGCIL,Maharashtra",,,POWER,2012-04,2007-12,,477.69,,477.69,,,398.0,2010-09,,,,,,0,0,,,,FR_APR_2012.pdf,Sector-Wise analysis of projects,52,248
FR_201204_249,,N18000051,249,"WESTERN REGION SYSTEM STRENGHTENING SCHEME-XI - PGCIL,Multi State",,,POWER,2012-04,2009-02,,409.5,,409.5,,,103.3,2012-02,2012-02,2012-06,,,,0,0,,,,FR_APR_2012.pdf,Sector-Wise analysis of projects,52,249
FR_201204_250,,N18000125,250,"WR-NR HVDC INTERCONNECTOR FOR IPP PROJECTS IN CHHATTISGARH - PGCIL,Chhatisgarh Total",,,POWER,2012-04,2012-03,,9569.76,211144.68,9569.76,,,18.6,2015-06,,2015-06,,,,0,0,,,,FR_APR_2012.pdf,Sector-Wise analysis of projects,52,250
FR_201204_251,,N22000099,251,"AGARTALA SABROOM, NL, NEFR - NEFR,Tripura",,,RAILWAYS,2012-04,2008-04,,813.34,,1141.75,,,355.97,2014-03,,2014-03,,,,0,0,,,,FR_APR_2012.pdf,Sector-Wise analysis of projects,52,251
FR_201204_252,,220100243,252,"AGRA-ETAWAH VIA FATEHABAD AND BAH (NL) NCR - NCR,Uttar Pradesh",NL,,RAILWAYS,2012-04,1999-04,,108.0,214.09,227.42,,,250.82,2009-12,2011-03,2011-03,,,,0,0,,,,FR_APR_2012.pdf,Sector-Wise analysis of projects,52,252
FR_201204_253,,220100181,253,"AHMEDNAGAR-PARLI VAIJNATH(NL) CR - CR,Maharashtra",NL,,RAILWAYS,2012-04,1997-02,,353.08,514.68,2200.0,,,150.56,,,2012-06,,,,0,0,,,,FR_APR_2012.pdf,Sector-Wise analysis of projects,52,253
FR_201204_254,,N22000034,254,"ALIGARH-GAZIABAD 3RD LINE DOUBLING (RVNL) - RVNL,Uttar Pradesh",RVNL,,RAILWAYS,2012-04,2003-04,,230.73,399.73,399.5,,,322.76,2009-03,2008-12,2010-12,,,,0,0,,,,FR_APR_2012.pdf,Sector-Wise analysis of projects,52,254
FR_201204_255,,N22000082,255,"ALUABARI ROAD SILIGURI JUNCTION VIA GALGALIA, NEFR - NEFR,Multi State",,,RAILWAYS,2012-04,2006-12,,170.0,,435.87,,,392.9,2011-03,2011-03,2011-03,,,,0,0,,,,FR_APR_2012.pdf,Sector-Wise analysis of projects,52,255
FR_201204_256,,220100118,256,"AMRAVATI-NARKHER NL(CR) - CR,Maharashtra",CR,,RAILWAYS,2012-04,1994-06,,120.9,284.27,548.95,,,516.67,1999-06,2011-03,2011-03,,,,0,0,,,,FR_APR_2012.pdf,Sector-Wise analysis of projects,52,256
FR_201204_257,,220100252,257,"ANGAMALI-SABARIMALA (N.L.)(SR) - SR,Kerala",SR,,RAILWAYS,2012-04,1998-10,,550.0,,1214.0,,,96.96,,,,,,,0,0,,,,FR_APR_2012.pdf,Sector-Wise analysis of projects,52,257
FR_201204_258,,N22000121,258,"Ahmedabad-Himmatnagar-Udaipur (WR) - WR,Gujarat",WR,,RAILWAYS,2012-04,2008-04,,394.13,,394.14,,,0.49,2013-03,,2013-03,,,,0,0,,,,FR_APR_2012.pdf,Sector-Wise analysis of projects,52,258
FR_201204_259,,220100274,259,"BANGLORE - SATYAMANGALAM (NL)(SWR) - SWR,Karnataka",SWR,,RAILWAYS,2012-04,1999-02,,138.0,,901.62,,,0.29,,,,,,,0,0,,,,FR_APR_2012.pdf,Sector-Wise analysis of projects,52,259
FR_201204_260,,220100277,260,"BANKURA - DAMODAR (GC) (SER) - SER,West Bengal",SER,,RAILWAYS,2012-04,1998-03,,111.9,1028.05,1412.74,,,425.46,2005-03,2008-12,2015-12,,,,0,0,,,,FR_APR_2012.pdf,Sector-Wise analysis of projects,52,260
FR_201204_261,,N22000091,261,"BARDHAMAN-KATWA (GC) - ER,West Bengal",GC,,RAILWAYS,2012-04,2007-04,,245.15,1106.62,1106.62,,,198.7,2010-12,2011-03,2011-03,,,,0,0,,,,FR_APR_2012.pdf,Sector-Wise analysis of projects,52,261
FR_201204_262,,220100164,262,"BELAPUR-SEAWOOD-URAN ELECTRIF-IED DOUBLE LINE(MTP) - MRTP,Maharashtra",MTP,,RAILWAYS,2012-04,1996-03,,401.81,495.44,1512.86,,,184.74,2004-03,2010-12,2010-12,,,,0,0,,,,FR_APR_2012.pdf,Sector-Wise analysis of projects,52,262
FR_201204_263,,N22000100,263,"BHAIRABI SAIRONG, NL, NEFR - NEFR,Mizoram",,,RAILWAYS,2012-04,2008-04,,619.34,,2393.49,,,17.74,2014-04,,2014-03,,,,0,0,,,,FR_APR_2012.pdf,Sector-Wise analysis of projects,53,263
FR_201204_264,,N22000081,264,"BHARUCH-SAMNI-DAHEJ GAUGE CONVERSIN - RVNL,Gujarat",,,RAILWAYS,2012-04,2005-09,,200.8,,200.8,,,269.02,,,,,,,0,0,,,,FR_APR_2012.pdf,Sector-Wise analysis of projects,53,264
FR_201204_265,,N22000077,265,"BHOPAL BINA 3D LINE DOUBLING - RVNL,Madhya pradesh",,,RAILWAYS,2012-04,2007-09,,687.2,,687.2,,,,2010-03,,2012-12,,,,0,0,,,,FR_APR_2012.pdf,Sector-Wise analysis of projects,53,265
FR_201204_266,,220100321,266,"BILASPUR-URKURA (DL) - RVNL,Chhatisgarh",DL,,RAILWAYS,2012-04,1997-04,,151.52,,350.0,,,,2009-03,,2011-03,,,,0,0,,,,FR_APR_2012.pdf,Sector-Wise analysis of projects,53,266
FR_201204_267,,220100201,267,"BPUTRA BRIDGE AT BOGIBIL & LINK LINES,NEFR - NEFR,Assam",,,RAILWAYS,2012-04,1997-09,,1000.0,1500.0,3230.01,,,2387.21,2008-04,2014-03,2015-12,,,,0,0,,,,FR_APR_2012.pdf,Sector-Wise analysis of projects,53,267
FR_201204_268,,N22000119,268,"Bandel-Naihati new rail bridge in replacement of j - ER,West Bengal",,,RAILWAYS,2012-04,1999-04,,207.52,,207.52,,,126.13,2012-12,,2013-05,,,,0,0,,,,FR_APR_2012.pdf,Sector-Wise analysis of projects,53,268
FR_201204_269,,N22000125,269,"Bhavnagar-workshop facilities for 50 BG coaches PO - WR,Gujarat",,,RAILWAYS,2012-04,2006-04,,117.36,196.95,196.95,,,177.9,2011-03,,2011-03,,,,0,0,,,,FR_APR_2012.pdf,Sector-Wise analysis of projects,53,269
FR_201204_270,,N22000123,270,"Bhuj-Naliya(GC) with extension from naliyate vayor - WR,Gujarat",GC,,RAILWAYS,2012-04,2008-04,,318.24,,468.62,,,0.99,2012-03,,2012-03,,,,0,0,,,,FR_APR_2012.pdf,Sector-Wise analysis of projects,53,270
FR_201204_271,,220100151,271,"CALICUT-MANGALORE (DL) (SR) - SR,Multi State",SR,,RAILWAYS,2012-04,1996-02,,240.0,,579.37,,,600.41,,,2012-02,,,,0,0,,,,FR_APR_2012.pdf,Sector-Wise analysis of projects,53,271
FR_201204_272,,220100241,272,"CHANDIGARH-LUDHIANA(NEW BG LINE),NR - (NR),Punjab",NR,,RAILWAYS,2012-04,1998-07,,248.44,576.27,1103.47,,,989.08,2012-12,,2012-12,,,,0,0,,,,FR_APR_2012.pdf,Sector-Wise analysis of projects,53,272
FR_201204_273,,N22000053,273,"CHHAPRA-SETTING UP OF WHEEL MANUFACTURING PLANT - WS&PU,Bihar",,,RAILWAYS,2012-04,2005-03,,470.09,1417.97,1417.97,,,1011.09,,,2012-03,,,,0,0,,,,FR_APR_2012.pdf,Sector-Wise analysis of projects,53,273
FR_201204_274,,220100324,274,"CHHINDWARA - NAGPUR (GC)(SECR) - SECR,Madhya pradesh",SECR,,RAILWAYS,2012-04,2005-04,,383.79,,585.93,,,194.91,,,2013-12,,,,0,0,,,,FR_APR_2012.pdf,Sector-Wise analysis of projects,53,274
FR_201204_275,,220100233,275,"CHURCHGATE-VIRAR:CONV.OF 1500V DC TRACTION TO 25 KV AC,WR - RE,Maharashtra",,,RAILWAYS,2012-04,1996-07,,653.84,1302.12,1302.12,,,608.97,2013-06,2012-06,2012-06,,,,0,0,,,,FR_APR_2012.pdf,Sector-Wise analysis of projects,53,275
FR_201204_276,,N22000083,276,"CONSTRUCTION OF NEW LINE FROM HARMATI-ITANAGAR/NAR - NEFR,Arunachal Pr.",,,RAILWAYS,2012-04,1996-09,,156.0,,415.73,,,240.26,,,2012-03,,,,0,0,,,,FR_APR_2012.pdf,Sector-Wise analysis of projects,53,276
FR_201204_277,,220100149,277,"DALLI-RAJHARA - RAOGHAT(PART OF DALLI-RAJHARA-JAGD - RVNL,Chhatisgarh",,,RAILWAYS,2012-04,1995-04,,304.0,,968.6,,,,2012-12,,,,,,0,0,,,,FR_APR_2012.pdf,Sector-Wise analysis of projects,53,277
FR_201204_278,,220100184,278,"DAUSA-GANGAPUR CITY(NL),NWR - NWR,Rajasthan",NL,,RAILWAYS,2012-04,1997-02,,151.84,410.08,410.08,,,182.36,,,2013-03,,,,0,0,,,,FR_APR_2012.pdf,Sector-Wise analysis of projects,53,278
FR_201204_279,,220100273,279,"DEOGHAR - SULTANGANJ (INL), ER - ER,Multi State",INL,,RAILWAYS,2012-04,2000-04,,138.0,519.67,607.09,,,376.26,2012-12,2012-12,2012-12,,,,0,0,,,,FR_APR_2012.pdf,Sector-Wise analysis of projects,53,279
FR_201204_280,,N22000080,280,"DINDIGUL-POLLACHI-PALGHAT- POLLACHI AND COIMBATORE - SR,Tamil Nadu",,,RAILWAYS,2012-04,2006-09,,343.17,,900.0,,,505.61,,,,,,,0,0,,,,FR_APR_2012.pdf,Sector-Wise analysis of projects,53,280
FR_201204_281,,N22000116,281,"Dakshin-barasal-lakshmikantapur - ER,West Bengal",,,RAILWAYS,2012-04,2009-04,,259.51,533.38,533.38,,,80.26,2011-12,2012-02,2012-02,,,,0,0,,,,FR_APR_2012.pdf,Sector-Wise analysis of projects,53,281
FR_201204_282,,N22000094,282,"ELECTRIFICATION OF KHURJA- MEERUT-SAHARANPUR & G'BA - RE,Uttar Pradesh",,,RAILWAYS,2012-04,2008-02,,171.1,,171.1,,,141.55,2012-03,,2012-03,,,,0,0,,,,FR_APR_2012.pdf,Sector-Wise analysis of projects,53,282
FR_201204_283,,N22000095,283,"ELECTRIFICATION OF MORADABAD- ROZA - RE,Uttar Pradesh",,,RAILWAYS,2012-04,2004-12,,129.17,,250.0,,,227.48,2011-03,,2012-03,,,,0,0,,,,FR_APR_2012.pdf,Sector-Wise analysis of projects,54,283
FR_201204_284,,N22000028,284,"EXT. OF MRTS FROM VELACHERY TO STN. THOMAS, MTP - MRTP,Tamil Nadu",,,RAILWAYS,2012-04,2006-04,,495.74,,495.74,,,152.04,2013-06,2013-06,2013-06,,,,0,0,,,,FR_APR_2012.pdf,Sector-Wise analysis of projects,54,284
FR_201204_285,,220100009,285,"FREIGHT OPERATIONS INFORMATION SYSTEM (FOIS) - FOIS,Multi State",FOIS,,RAILWAYS,2012-04,1984-03,,520.0,634.13,634.13,,,550.42,1995-03,,2013-03,,,,0,0,,,,FR_APR_2012.pdf,Sector-Wise analysis of projects,54,285
FR_201204_286,,220100270,286,"GADWAL - RAICHUR (NL), SCR - SCR,Multi State",NL,,RAILWAYS,2012-04,1998-04,,92.63,228.09,270.0,,,258.21,2011-02,2011-02,2012-03,,,,0,0,,,,FR_APR_2012.pdf,Sector-Wise analysis of projects,54,286
FR_201204_287,,N22000045,287,"GOELKERA-MANOHARPUR,(LD)(SER) - SER,Jharkhandd",SER,,RAILWAYS,2012-04,1997-03,,186.92,261.7,261.7,,,39.12,2006-02,,2012-12,,,,0,0,,,,FR_APR_2012.pdf,Sector-Wise analysis of projects,54,287
FR_201204_288,,220100255,288,"GONDA-GORAKHPUR LOOP WITH ANAND NAGAR-NAUTANWA GC (NER) - NER,Uttar Pradesh",NER,,RAILWAYS,2012-04,2002-03,,381.17,,863.23,,,509.13,,,,,,,0,0,,,,FR_APR_2012.pdf,Sector-Wise analysis of projects,54,288
FR_201204_289,,220100186,289,"GONDIA-JABALPUR(GC),(SECR) - SECR,Multi State",SECR,,RAILWAYS,2012-04,1997-02,,386.3,1038.0,1038.0,,,590.26,1998-03,,1998-03,,,,0,0,,,,FR_APR_2012.pdf,Sector-Wise analysis of projects,54,289
FR_201204_290,,220100254,290,"GULBARGA-BIDAR,SCR(NL) - SCR,Karnataka",NL,,RAILWAYS,2012-04,1998-02,,242.42,369.7,1164.0,,,309.75,2009-05,,2009-05,,,,0,0,,,,FR_APR_2012.pdf,Sector-Wise analysis of projects,54,290
FR_201204_291,,N22000117,291,"Ghutiasharif-Canning (ER) - ER,West Bengal",ER,,RAILWAYS,2012-04,2009-04,,189.97,611.03,611.03,,,89.65,2011-12,2013-11,2013-11,,,,0,0,,,,FR_APR_2012.pdf,Sector-Wise analysis of projects,54,291
FR_201204_292,,220100303,292,"HAJIPUR-SUGAULI VIA VAISHALI (NL), ECR - ECR,Bihar",NL,,RAILWAYS,2012-04,2003-04,,324.66,528.65,324.66,,,177.81,,,2015-03,,,,0,0,,,,FR_APR_2012.pdf,Sector-Wise analysis of projects,54,292
FR_201204_293,,220100285,293,"HARIDASPUR-PARADEEP(NL) - RVNL,Orissa",NL,,RAILWAYS,2012-04,1996-04,,301.64,1185.0,1185.0,,,210.2,2009-09,,2011-12,,,,0,0,,,,FR_APR_2012.pdf,Sector-Wise analysis of projects,54,293
FR_201204_294,,N22000052,294,"HARNOUT -SET.UP OF W/S TO UND. POH OF UP TO50 COAC - WS&PU,Bihar",,,RAILWAYS,2012-04,2003-04,,98.74,224.51,337.3,,,222.07,,,2012-03,,,,0,0,,,,FR_APR_2012.pdf,Sector-Wise analysis of projects,54,294
FR_201204_295,,220100183,295,"HASSAN-BANGALORE VIA SHRAVANA-BELGOLA(NL),SWR - SWR,Karnataka",NL,,RAILWAYS,2012-04,1997-02,,295.0,412.91,944.55,,,483.14,,,,,,,0,0,,,,FR_APR_2012.pdf,Sector-Wise analysis of projects,54,295
FR_201204_296,,220100319,296,"HATHUA-BHATNI (N L) (NER) - NER,Multi State",NER,,RAILWAYS,2012-04,2005-04,,230.03,,230.03,,,137.83,,,,,,,0,0,,,,FR_APR_2012.pdf,Sector-Wise analysis of projects,54,296
FR_201204_297,,220100208,297,"HOWRAH-AMTA-CHAMPADANGA NL (SER) - SER,West Bengal",SER,,RAILWAYS,2012-04,1974-04,,31.42,393.46,499.16,,,160.99,2007-03,2007-03,2014-03,,,,0,0,,,,FR_APR_2012.pdf,Sector-Wise analysis of projects,54,297
FR_201204_298,,220100193,298,"HUBLI-ANKOLA(NL),SWR - SWR,Karnataka",NL,,RAILWAYS,2012-04,1995-04,,227.0,,997.58,,,69.17,,,,,,,0,0,,,,FR_APR_2012.pdf,Sector-Wise analysis of projects,54,298
FR_201204_299,,N22000112,299,"Himmatnagar - Udaipur Gauge Canvession (NWR) - NWR,Rajasthan",NWR,,RAILWAYS,2012-04,2008-04,,829.74,,829.74,,,3.47,2015-03,,2015-03,,,,0,0,,,,FR_APR_2012.pdf,Sector-Wise analysis of projects,54,299
FR_201204_300,,220100258,300,"JALANDHAR-PATHANKOT-JAMMU- TAWI (LD),NR - (NR),Multi State",NR,,RAILWAYS,2012-04,2002-03,,409.0,625.3,847.76,,,854.37,2007-06,,2007-06,,,,0,0,,,,FR_APR_2012.pdf,Sector-Wise analysis of projects,54,300
FR_201204_301,,220100240,301,"JAYANAGAR-DARBHANGA-NARKATIA GANJ(GC),ECR - ECR,Bihar",GC,,RAILWAYS,2012-04,1997-04,,233.0,501.69,1043.56,,,630.07,2012-03,2012-03,2012-03,,,,0,0,,,,FR_APR_2012.pdf,Sector-Wise analysis of projects,54,301
FR_201204_302,,220100280,302,"JIND-SONEPAT (NL),NR - (NR),Haryana",NR,,RAILWAYS,2012-04,2004-01,,190.81,238.56,500.0,,,559.46,2012-03,2012-03,2012-12,,,,0,0,,,,FR_APR_2012.pdf,Sector-Wise analysis of projects,54,302
FR_201204_303,,220100288,303,"JIRIBAM TO IMPHAL (TUPUI)(NL)(NEFR) - NEFR,Manipur",NEFR,,RAILWAYS,2012-04,2003-04,,727.56,,3056.85,,,738.6,2011-03,2014-03,2016-03,,,,0,0,,,,FR_APR_2012.pdf,Sector-Wise analysis of projects,55,303
FR_201204_304,,N22000113,304,"Jaipur - Ringus - Churu and Sikar - Loharu Guage C - NWR,Rajasthan",,,RAILWAYS,2012-04,2008-04,,653.19,,653.46,,,101.57,2014-03,,2014-03,,,,0,0,,,,FR_APR_2012.pdf,Sector-Wise analysis of projects,55,304
FR_201204_305,,220100190,305,"KADUR-CHIKMAGALUR- SAKLESHPUR (NL),(SWR) - SWR,Karnataka",SWR,,RAILWAYS,2012-04,1996-04,,157.0,262.82,262.82,,,212.77,2012-03,2012-03,2012-03,,,,0,0,,,,FR_APR_2012.pdf,Sector-Wise analysis of projects,55,305
FR_201204_306,,220100197,306,"KANPUR-KASGANJ- MATHURA(GC),NER - NER,Uttar Pradesh",GC,,RAILWAYS,2012-04,1997-03,,395.0,1062.36,1577.46,,,1255.66,,,2012-02,,,,0,0,,,,FR_APR_2012.pdf,Sector-Wise analysis of projects,55,306
FR_201204_307,,220100256,307,"KAPTANGANJ-THAWE-SIWAN- CHHAPRA GC (NER) - NER,Multi State",NER,,RAILWAYS,2012-04,1999-04,,323.4,,750.89,,,474.97,,,,,,,1,1,,,,FR_APR_2012.pdf,Sector-Wise analysis of projects,55,307
FR_201204_308,,220100191,308,"KARUR-SALEM(NL),SR - SR,Tamil Nadu",NL,,RAILWAYS,2012-04,1997-02,,155.55,229.88,712.0,,,713.06,,,,,,,0,0,,,,FR_APR_2012.pdf,Sector-Wise analysis of projects,55,308
FR_201204_309,,220100247,309,"KATIHAR - JOGBANI (GC)(NEFR) - NEFR,Bihar",NEFR,,RAILWAYS,2012-04,2001-09,,100.0,492.98,1041.79,,,728.94,2010-12,2010-12,2015-03,,,,0,0,,,,FR_APR_2012.pdf,Sector-Wise analysis of projects,55,309
FR_201204_310,,220100257,310,"KHAGARIA-KUSHESHWAR ASTHAN (NL) (ECR) - ECR,Bihar",ECR,,RAILWAYS,2012-04,1997-04,,78.23,162.87,162.87,,,88.63,,,,,,,0,0,,,,FR_APR_2012.pdf,Sector-Wise analysis of projects,55,310
FR_201204_311,,220100327,311,"KHURDA ROAD - BARANG 3RD LINE (DL) (ECOR) - RVNL,Orissa",ECOR,,RAILWAYS,2012-04,2000-04,,133.41,207.0,225.0,,,,2009-03,2009-03,2013-04,,,,0,0,,,,FR_APR_2012.pdf,Sector-Wise analysis of projects,55,311
FR_201204_312,,220100284,312,"KHURDA ROAD-BOLANGIR(NL)ECOR - ECOR,Orissa",NL,,RAILWAYS,2012-04,1994-04,,355.38,470.21,1100.0,,,206.43,,,2012-03,,,,0,0,,,,FR_APR_2012.pdf,Sector-Wise analysis of projects,55,312
FR_201204_313,,N22000101,313,"KISHANGANJ JALALGARH, NL, NEFR - NEFR,Bihar",,,RAILWAYS,2012-04,2008-04,,282.92,,359.86,,,1.22,,,2015-03,,,,0,0,,,,FR_APR_2012.pdf,Sector-Wise analysis of projects,55,313
FR_201204_314,,220100306,314,"KODERMA GIRIDH (NL), ECR - ECR,Jharkhandd",NL,,RAILWAYS,2012-04,1996-04,,371.36,,452.35,,,402.2,,,,,,,0,0,,,,FR_APR_2012.pdf,Sector-Wise analysis of projects,55,314
FR_201204_315,,220100222,315,"KODERMA-RANCHI VIA BARKAKANA (NL),ECR - ECR,Jharkhandd",NL,,RAILWAYS,2012-04,1999-03,,491.19,1099.2,1099.2,,,1223.54,2005-07,,2005-07,,,,0,0,,,,FR_APR_2012.pdf,Sector-Wise analysis of projects,55,315
FR_201204_316,,220100305,316,"KODERMA-TILAIYA (NL), ECR - ECR,Jharkhandd",NL,,RAILWAYS,2012-04,2002-04,,459.91,418.17,418.17,,,116.41,,,,,,,0,0,,,,FR_APR_2012.pdf,Sector-Wise analysis of projects,55,316
FR_201204_317,,220100304,317,"KOSI BRIDGE (NL), ECR - ECR,Bihar",NL,,RAILWAYS,2012-04,2002-04,,323.41,,341.41,,,263.32,2012-03,2012-03,2012-12,,,,0,0,,,,FR_APR_2012.pdf,Sector-Wise analysis of projects,55,317
FR_201204_318,,220100265,318,"KOTLPALLI-NARASAPUR (NL) (SCR) - SCR,Andhra Pradesh",SCR,,RAILWAYS,2012-04,2001-12,,330.0,1045.0,1047.0,,,9.41,,,,,,,0,0,,,,FR_APR_2012.pdf,Sector-Wise analysis of projects,55,318
FR_201204_319,,220100212,319,"KOTTUR-HARIHAR(NL),(SWR) - SWR,Karnataka",SWR,,RAILWAYS,2012-04,1995-04,,65.94,302.23,302.23,,,331.25,,,2011-03,,,,0,0,,,,FR_APR_2012.pdf,Sector-Wise analysis of projects,55,319
FR_201204_320,,N22000126,320,"Katakhal to Bhairabi - NEFR,Assam",,,RAILWAYS,2012-04,1998-04,,227.9,,223.01,,,104.88,2012-12,,2014-03,,,,0,0,,,,FR_APR_2012.pdf,Sector-Wise analysis of projects,55,320
FR_201204_321,,220100232,321,"LALITPUR-SATNA-REWA-SINGRULI NL, (NCR) - NCR,Multi State",NCR,,RAILWAYS,2012-04,1998-09,,925.0,,925.0,,,504.78,2008-05,2011-03,2011-03,,,,0,0,,,,FR_APR_2012.pdf,Sector-Wise analysis of projects,55,321
FR_201204_322,,220100007,322,"LALITPUR-SATNA-REWA-SINGRULI NL, (NCR) - NCR,Multi State",NCR,,RAILWAYS,2012-04,1985-04,,158.77,432.46,540.96,,,558.07,1994-03,,2011-12,,,,0,0,,,,FR_APR_2012.pdf,Sector-Wise analysis of projects,55,322
FR_201204_323,,220100148,323,"LANJHIGARH-JUNAGARH NL(ECOR) - ECOR,Orissa",ECOR,,RAILWAYS,2012-04,1993-04,,100.0,142.98,227.94,,,200.21,2002-03,,2012-03,,,,0,0,,,,FR_APR_2012.pdf,Sector-Wise analysis of projects,56,323
FR_201204_324,,N22000127,324,"Lumding-SILCHAR Jiribam, Badarpur- Baraigram Kumarg - NEFR,Assam",,,RAILWAYS,2012-04,1996-04,,1676.31,,4255.37,,,3055.16,2009-03,,2013-12,,,,0,0,,,,FR_APR_2012.pdf,Sector-Wise analysis of projects,56,324
FR_201204_325,,220100220,325,"MACHERLA-NALGONDA(NL)(SCR) - SCR,Andhra Pradesh",SCR,,RAILWAYS,2012-04,1998-07,,125.0,363.26,480.0,,,0.35,2008-07,,2008-07,,,,0,0,,,,FR_APR_2012.pdf,Sector-Wise analysis of projects,56,325
FR_201204_326,,220100316,326,"MAHARAJGANJ-MASRAKH (NL) - NER - NER,Bihar",NL,,RAILWAYS,2012-04,2003-04,,218.19,,218.19,,,153.9,,,,,,,0,0,,,,FR_APR_2012.pdf,Sector-Wise analysis of projects,56,326
FR_201204_327,,220100168,327,"MANDARHILL-DUMKA-RAMPURHAT (NL),ER - ER,Jharkhandd",NL,,RAILWAYS,2012-04,1995-04,,184.0,900.05,900.05,,,519.54,2011-12,2011-12,2012-03,,,,0,0,,,,FR_APR_2012.pdf,Sector-Wise analysis of projects,56,327
FR_201204_328,,N22000032,328,"MANOHARABAD-KOTHPALL NEW LINE(SCR) - SCR,Andhra Pradesh",SCR,,RAILWAYS,2012-04,2006-04,,378.56,671.82,791.6,,,0.78,,,,,,,0,0,,,,FR_APR_2012.pdf,Sector-Wise analysis of projects,56,328
FR_201204_329,,N22000002,329,"MANSI-PURNIA (EXTENSION OF MANSI-SAHARSA) GAN ECR - ECR,Bihar",EXTENSION OF MANSI-SAHARSA,,RAILWAYS,2012-04,1996-04,,114.01,332.92,477.88,,,378.14,2012-03,2012-03,2012-03,,,,0,0,,,,FR_APR_2012.pdf,Sector-Wise analysis of projects,56,329
FR_201204_330,,N22000079,330,"MAYLADUTHURAI-THIRUVARUR- KARAIKUDI-THIRU 'PONDI'-A - SR,Tamil Nadu",,,RAILWAYS,2012-04,2007-09,,404.19,,900.0,,,239.07,,,,,,,0,0,,,,FR_APR_2012.pdf,Sector-Wise analysis of projects,56,330
FR_201204_331,,N22000093,331,"MUMBAI URBAN TRANSPORT PROJECT PHASE-I - MRTP,Maharashtra",,,RAILWAYS,2012-04,2003-04,,3125.2,4174.4,4501.8,,,4334.0,2011-06,2011-06,2011-06,,,,0,0,,,,FR_APR_2012.pdf,Sector-Wise analysis of projects,56,331
FR_201204_332,,N22000092,332,"MUMBAI URBAN TRANSPORT PROJECT PHASE-II - MRTP,Maharashtra",,,RAILWAYS,2012-04,2008-04,,5300.0,,5300.0,,,698.48,2014-03,2015-03,2015-03,,,,0,0,,,,FR_APR_2012.pdf,Sector-Wise analysis of projects,56,332
FR_201204_333,,220100205,333,"MUNEERABAD- MAHABOOBNAGAR(NL),SCR - SCR,Multi State",NL,,RAILWAYS,2012-04,1997-04,,218.24,377.32,645.0,,,119.71,,,2012-03,,,,0,0,,,,FR_APR_2012.pdf,Sector-Wise analysis of projects,56,333
FR_201204_334,,220100194,334,"MUZAFFARPUR-SITAMARHI(NL),ECR - ECR,Bihar",NL,,RAILWAYS,2012-04,1997-04,,100.0,483.62,484.03,,,455.07,2012-03,2012-03,2012-06,,,,0,0,,,,FR_APR_2012.pdf,Sector-Wise analysis of projects,56,334
FR_201204_335,,220100192,335,"NANDYAL-YERRAGUNTLA(NL),SCR - SCR,Andhra Pradesh",NL,,RAILWAYS,2012-04,1996-03,,155.74,429.49,883.0,,,583.44,2009-02,,2012-03,,,,0,0,,,,FR_APR_2012.pdf,Sector-Wise analysis of projects,56,335
FR_201204_336,,220100188,336,"NANGALDAM-TALWARA(NL),NR - (NR),Multi State",NR,,RAILWAYS,2012-04,1981-03,,37.68,450.0,730.0,,,367.19,2012-07,2012-07,2012-07,,,,0,0,,,,FR_APR_2012.pdf,Sector-Wise analysis of projects,56,336
FR_201204_337,,N22000087,337,"NEW B.G. LINE FROM ARARIA TO GALGALIA (THAKURGUNG) - NEFR,Bihar",THAKURGUNG,,RAILWAYS,2012-04,2006-09,,300.0,,529.88,,,38.95,,,,,,,0,0,,,,FR_APR_2012.pdf,Sector-Wise analysis of projects,56,337
FR_201204_338,,N22000086,338,"NEW B.G. LINE FROM TETELIA TO BYRNIHAT (NATIONAL P - NEFR,Assam",,,RAILWAYS,2012-04,2006-09,,200.0,,384.04,,,97.57,,,2014-03,,,,0,0,,,,FR_APR_2012.pdf,Sector-Wise analysis of projects,56,338
FR_201204_339,,220100266,339,"NEW MAYNAGURI TO JOGIGHOPA VIA CHANGRABANDHA (NL), - NEFR,Multi State",NL,,RAILWAYS,2012-04,2000-04,,733.0,,1655.8,,,1086.71,2008-12,,2014-03,,,,0,0,,,,FR_APR_2012.pdf,Sector-Wise analysis of projects,56,339
FR_201204_340,,220100135,340,"New BG line Rly line from Eklakhi- Balurghat includ - NEFR,West Bengal",,,RAILWAYS,2012-04,1983-04,,36.8,274.41,703.17,,,240.74,,,2015-03,,,,0,0,,,,FR_APR_2012.pdf,Sector-Wise analysis of projects,56,340
FR_201204_341,,N22000124,341,"New Line from Dimapur to Zubza(Kohima) national pr - NEFR,Nagaland",Kohima,,RAILWAYS,2012-04,2006-04,,850.0,,850.0,,,8.45,2015-03,,2015-03,,,,0,0,,,,FR_APR_2012.pdf,Sector-Wise analysis of projects,56,341
FR_201204_342,,N22000111,342,"New Work for Construction of Metro railway - RVNL,West Bengal",,,RAILWAYS,2012-04,2010-04,,2619.02,,2619.02,,,101.35,2016-03,,2016-03,,,,0,0,,,,FR_APR_2012.pdf,Sector-Wise analysis of projects,57,342
FR_201204_343,,N22000109,343,"New Work for Construction of Metro railway from Ba - RVNL,West Bengal",,,RAILWAYS,2012-04,2010-04,,2069.6,,2069.6,,,24.59,2014-03,2016-03,2016-03,,,,0,0,,,,FR_APR_2012.pdf,Sector-Wise analysis of projects,57,343
FR_201204_344,,N22000110,344,"New Work for Construction of Metro railway from NS - RVNL,West Bengal",,,RAILWAYS,2012-04,2010-04,,3951.98,,3951.98,,,16.66,2016-03,,2016-03,,,,0,0,,,,FR_APR_2012.pdf,Sector-Wise analysis of projects,57,344
FR_201204_345,,N22000108,345,"New Work for Construction of Metro railway from No - RVNL,West Bengal",,,RAILWAYS,2012-04,2010-04,,2397.72,,2397.72,,,21.85,2016-03,,2016-06,,,,0,0,,,,FR_APR_2012.pdf,Sector-Wise analysis of projects,57,345
FR_201204_346,,N22000049,346,"OBULAVARIPALLE- KRISHNAPATNAM(RVNL) - RVNL,Andhra Pradesh",RVNL,,RAILWAYS,2012-04,2006-07,,743.0,,1117.11,,,,2008-03,2008-06,2008-06,,,,0,0,,,,FR_APR_2012.pdf,Sector-Wise analysis of projects,57,346
FR_201204_347,,N22000027,347,"PALWAL-BHUTESWAR 3RD LINE DOUBLING(NCR)(RVNL) - RVNL,Multi State",RVNL,,RAILWAYS,2012-04,2005-04,,240.0,,355.0,,,,2009-03,2009-12,2011-03,,,,0,0,,,,FR_APR_2012.pdf,Sector-Wise analysis of projects,57,347
FR_201204_348,,N22000076,348,"PANSPURA-KHARAGPUR 3D LINE - RVNL,West Bengal",,,RAILWAYS,2012-04,2007-09,,252.5,529.23,529.23,,,227.13,2010-02,,2015-12,,,,0,0,,,,FR_APR_2012.pdf,Sector-Wise analysis of projects,57,348
FR_201204_349,,220100308,349,"PATNA GANGA BRIDGE (NL), ECR - ECR,Bihar",NL,,RAILWAYS,2012-04,2001-04,,624.47,1389.98,1389.98,,,1230.99,2007-10,2012-12,2012-12,,,,0,0,,,,FR_APR_2012.pdf,Sector-Wise analysis of projects,57,349
FR_201204_350,,220100106,350,"PEDAPALLI-KARIMNAGAR- NIZAMABAD NL(SCR) - SCR,Andhra Pradesh",SCR,,RAILWAYS,2012-04,1994-12,,124.43,495.68,925.3,,,557.79,,,2012-03,,,,0,0,,,,FR_APR_2012.pdf,Sector-Wise analysis of projects,57,350
FR_201204_351,,N22000118,351,"Pandabeswar-Chinpai doubling (ER) - ER,West Bengal",ER,,RAILWAYS,2012-04,2004-04,,225.68,293.74,293.74,,,135.9,2010-12,2010-12,2010-12,,,,0,0,,,,FR_APR_2012.pdf,Sector-Wise analysis of projects,57,351
FR_201204_352,,220100263,352,"QUILON-TIRUNELVELI-TENKASI- VIRUDHUNAGAR(SR)(GC) - SR,Multi State",GC,,RAILWAYS,2012-04,1998-03,,280.0,842.35,1029.0,,,733.51,,,2013-03,,,,0,0,,,,FR_APR_2012.pdf,Sector-Wise analysis of projects,57,352
FR_201204_353,,220100329,353,"RAICHUR-GUNTAKAL(DL)(SCR) - RVNL,Andhra Pradesh",SCR,,RAILWAYS,2012-04,2003-04,,136.62,,221.9,,,,2007-12,2010-03,2010-12,,,,0,0,,,,FR_APR_2012.pdf,Sector-Wise analysis of projects,57,353
FR_201204_354,,220100307,354,"RAIL-CUM-ROAD BRIDGE AT MUNGER (NL), ECR - ECR,Bihar",NL,,RAILWAYS,2012-04,2002-04,,921.0,,1115.63,,,693.29,2009-03,2012-12,2012-12,,,,0,0,,,,FR_APR_2012.pdf,Sector-Wise analysis of projects,57,354
FR_201204_355,,220100286,355,"RAJATGARH-BARANG(LD),ECOR - RVNL,Orissa",LD,,RAILWAYS,2012-04,1999-04,,166.16,,243.4,,,,2009-02,2009-02,2013-04,,,,0,0,,,,FR_APR_2012.pdf,Sector-Wise analysis of projects,57,355
FR_201204_356,,N22000096,356,"RAJPIPLA-ANKELASHWAR, WR (GC) - WR,Gujarat",GC,,RAILWAYS,2012-04,2006-04,,196.97,,196.97,,,213.97,2011-03,,2012-06,,,,0,0,,,,FR_APR_2012.pdf,Sector-Wise analysis of projects,57,356
FR_201204_357,,220100314,357,"RAMGANJMUNDI-BHOPAL (NL),WCR - WCR,Madhya pradesh",NL,,RAILWAYS,2012-04,2001-04,,727.13,727.13,1225.0,,,223.9,,,,,,,0,0,,,,FR_APR_2012.pdf,Sector-Wise analysis of projects,57,357
FR_201204_358,,220100214,358,"RANCHI-LOHARDAGA(GC),SER - SER,Jharkhandd",GC,,RAILWAYS,2012-04,1997-04,,194.07,,456.45,,,281.69,2004-06,,2012-12,,,,0,0,,,,FR_APR_2012.pdf,Sector-Wise analysis of projects,57,358
FR_201204_359,,220100315,359,"RANGIA-MURKONGSELEK, (GC) ALONG WITH LINKED FINGER - NEFR,Multi State",GC,,RAILWAYS,2012-04,2004-01,,915.7,,1717.29,,,1174.67,,,2013-03,,,,0,0,,,,FR_APR_2012.pdf,Sector-Wise analysis of projects,57,359
FR_201204_360,,220100260,360,"REINGUNTA-GUNTAKAL(RE) - RVNL,Andhra Pradesh",RE,,RAILWAYS,2012-04,2000-06,,168.34,,370.0,,,,2003-04,2010-03,2010-03,,,,0,0,,,,FR_APR_2012.pdf,Sector-Wise analysis of projects,57,360
FR_201204_361,,220100279,361,"REWARI-ROHTAK (NL),NR - (NR),Haryana",NR,,RAILWAYS,2012-04,2004-01,,149.38,330.23,476.68,,,519.9,2010-02,2011-02,2011-02,,,,0,0,,,,FR_APR_2012.pdf,Sector-Wise analysis of projects,57,361
FR_201204_362,,220100323,362,"RUPSA-BANGRIPOSI (GC)(SER) - SER,Orissa",SER,,RAILWAYS,2012-04,1996-02,,57.94,604.04,639.97,,,177.14,1998-03,2005-08,2005-08,,,,0,0,,,,FR_APR_2012.pdf,Sector-Wise analysis of projects,58,362
FR_201204_363,,N22000107,363,"Ramanagram-Mysore doubling with electrification of - SWR,Karnataka",,,RAILWAYS,2012-04,2007-04,,482.0,482.7,482.7,,,254.35,2013-03,,2013-03,,,,0,0,,,,FR_APR_2012.pdf,Sector-Wise analysis of projects,58,363
FR_201204_364,,N22000120,364,"Ratlam-Mhow-Khandwa-Akola (GC) - WR,Madhya pradesh",GC,,RAILWAYS,2012-04,2008-04,,603.04,,603.04,,,59.64,2012-03,,2013-03,,,,0,0,,,,FR_APR_2012.pdf,Sector-Wise analysis of projects,58,364
FR_201204_365,,N22000075,365,"SALKA ROAD -ANUPNAGAR LINE DOUBLING - RVNL,Chhatisgarh",,,RAILWAYS,2012-04,2006-09,,324.9,,385.54,,,219.66,2010-03,,2012-03,,,,0,0,,,,FR_APR_2012.pdf,Sector-Wise analysis of projects,58,365
FR_201204_366,,N22000102,366,"SEVOK RANGPO, NEFR - NEFR,Sikkim",,,RAILWAYS,2012-04,2008-04,,1339.48,,3380.58,,,52.63,2015-12,,2015-12,,,,0,0,,,,FR_APR_2012.pdf,Sector-Wise analysis of projects,58,366
FR_201204_367,,220100313,367,"SRIGANGANAGAR-SARUPSAR (GC), NWR - NWR,Rajasthan",GC,,RAILWAYS,2012-04,2001-04,,143.92,258.6,279.59,,,232.09,2011-03,2011-03,2011-03,,,,0,0,,,,FR_APR_2012.pdf,Sector-Wise analysis of projects,58,367
FR_201204_368,,220100325,368,"SUKINDA ROAD - ANGUL (NL)(ECOR) - RVNL,Orissa",ECOR,,RAILWAYS,2012-04,1998-04,,183.23,,818.29,,,,2015-02,,,,,,0,0,,,,FR_APR_2012.pdf,Sector-Wise analysis of projects,58,368
FR_201204_369,,N22000114,369,"Suratpura - Hanumangarh - Sriganganagar Guage Conv - NWR,Rajasthan",,,RAILWAYS,2012-04,2008-04,,516.23,,516.23,,,180.47,2014-03,,2014-03,,,,0,0,,,,FR_APR_2012.pdf,Sector-Wise analysis of projects,58,369
FR_201204_370,,220100328,370,"TALCHER-BIMALAGARH(NL)(ECOR) - ECOR,Orissa",ECOR,,RAILWAYS,2012-04,2005-04,,726.96,810.78,810.78,,,109.94,,,2013-03,,,,0,0,,,,FR_APR_2012.pdf,Sector-Wise analysis of projects,58,370
FR_201204_371,,N22000097,371,"TAMLUK DIGHA,LINE DOUBLING (SER) - SER,West Bengal",SER,,RAILWAYS,2012-04,1984-03,,293.97,1025.39,1086.41,,,404.6,2005-06,2011-07,2016-06,,,,0,0,,,,FR_APR_2012.pdf,Sector-Wise analysis of projects,58,371
FR_201204_372,,220100272,372,"TARAKESWAR - BISHNUPUR NEW BG LINE (NL), ER - ER,West Bengal",NL,,RAILWAYS,2012-04,2000-04,,157.96,1188.91,1188.91,,,485.56,2009-12,,2012-02,,,,0,0,,,,FR_APR_2012.pdf,Sector-Wise analysis of projects,58,372
FR_201204_373,,N22000085,373,"TIDIVANAM-NAGARI (NL) - SR,Tamil Nadu",NL,,RAILWAYS,2012-04,2006-09,,456.0,582.83,582.83,,,112.89,,,,,,,0,0,,,,FR_APR_2012.pdf,Sector-Wise analysis of projects,58,373
FR_201204_374,,N22000084,374,"TINDIVANAM-GINGEE- TIRUVANNAMALAI (NL) - SR,Tamil Nadu",NL,,RAILWAYS,2012-04,2006-09,,125.0,,227.4,,,34.89,,,,,,,0,0,,,,FR_APR_2012.pdf,Sector-Wise analysis of projects,58,374
FR_201204_375,,220100262,375,"TIRUCHIRAPPALI-NAGORE- KARAIKKAL(SR)(GC) - SR,Tamil Nadu",GC,,RAILWAYS,2012-04,1995-09,,100.0,,548.96,,,495.87,,,,,,,0,0,,,,FR_APR_2012.pdf,Sector-Wise analysis of projects,58,375
FR_201204_376,,220100268,376,"TOLLYGANJ-GARIA with extension to Dum Dum-Noapara - MRTP,West Bengal",,,RAILWAYS,2012-04,2000-03,,907.69,3176.1,3176.1,,,3183.24,2006-12,2010-08,2010-08,,,,0,0,,,,FR_APR_2012.pdf,Sector-Wise analysis of projects,58,376
FR_201204_377,,N22000115,377,"Tinpahar - Sahibganj (ER) - ER,Jharkhandd",ER,,RAILWAYS,2012-04,2008-04,,167.73,,167.73,,,41.63,2012-03,,2012-03,,,,0,0,,,,FR_APR_2012.pdf,Sector-Wise analysis of projects,58,377
FR_201204_378,,220100133,378,"UDHAMPUR-SRINAGAR-BARAMULLA (NL),NR - (NR),J and K",NR,,RAILWAYS,2012-04,1995-03,,2500.0,8000.0,20000.0,,,7933.78,2001-03,,2017-12,,,,0,0,,,,FR_APR_2012.pdf,Sector-Wise analysis of projects,58,378
FR_201204_379,,N22000088,379,"UTRATIA-ZAFRABAD, NR (LINE DOUBLING) - (NR),Uttar Pradesh",NR,,RAILWAYS,2012-04,2006-04,,325.0,,819.4,,,142.97,2010-03,2014-06,2014-06,,,,0,0,,,,FR_APR_2012.pdf,Sector-Wise analysis of projects,58,379
FR_201204_380,,N22000122,380,"Udhna-Jalgaon with electrification(doubling) (WR) - WR,Gujarat",WR,,RAILWAYS,2012-04,2008-04,,1389.62,,1389.62,,,279.96,2014-03,,2014-03,,,,0,0,,,,FR_APR_2012.pdf,Sector-Wise analysis of projects,58,380
FR_201204_381,,220100062,381,"VIRAMGAM-BHILDI(WR),GC - WR,Multi State",WR,,RAILWAYS,2012-04,1990-04,,155.66,356.87,356.87,,,160.51,2010-03,,,,,,0,0,,,,FR_APR_2012.pdf,Sector-Wise analysis of projects,58,381
FR_201204_382,,N24000166,382,"2 LANNING OF MOKAMA-MUNGER - NHAI,Bihar",,,ROAD TRANSPORT & HIGHWAYS,2012-04,2011-05,,351.54,,351.54,,,163.93,2013-05,,2014-03,,,,0,0,,,,FR_APR_2012.pdf,Sector-Wise analysis of projects,59,382
FR_201204_383,,N24000188,383,"2 LANNING OF MUZAFFARPUR - SONBARSA - NHAI,Bihar",,,ROAD TRANSPORT & HIGHWAYS,2012-04,2011-05,,511.54,,511.54,,,65.78,2013-11,,2013-11,,,,0,0,,,,FR_APR_2012.pdf,Sector-Wise analysis of projects,59,383
FR_201204_384,,N24000181,384,"2-LANNING OF SHILONG BYPASS - NHAI,Meghalaya",,,ROAD TRANSPORT & HIGHWAYS,2012-04,2011-02,,226.0,,226.0,,,185.45,2014-02,,2014-02,,,,0,0,,,,FR_APR_2012.pdf,Sector-Wise analysis of projects,59,384
FR_201204_385,,N24000184,385,"2-LANNING WITH PS KHAGARIA- PURNEA - NHAI,Bihar",,,ROAD TRANSPORT & HIGHWAYS,2012-04,2011-05,,664.0,,664.0,,,15.15,2014-02,,2014-04,,,,0,0,,,,FR_APR_2012.pdf,Sector-Wise analysis of projects,59,385
FR_201204_386,,N24000186,386,"2-LANNING WITH PS MOTIHARI- RAXAUL - NHAI,Bihar",,,ROAD TRANSPORT & HIGHWAYS,2012-04,2011-10,,375.09,,375.09,,,20.75,2014-04,,2014-04,,,,0,0,,,,FR_APR_2012.pdf,Sector-Wise analysis of projects,59,386
FR_201204_387,,N24000190,387,"2laning with PS Gopalganj-Chappra - NHAI,Bihar",,,ROAD TRANSPORT & HIGHWAYS,2012-04,2011-12,,325.0,,325.0,,,110.87,2014-05,,2014-05,,,,0,0,,,,FR_APR_2012.pdf,Sector-Wise analysis of projects,59,387
FR_201204_388,,N24000155,388,"4 LANING OF NAGPUR-BETUL - NHAI,Multi State",,,ROAD TRANSPORT & HIGHWAYS,2012-04,2011-02,,2498.76,,2498.76,,,71.58,2014-08,,2014-08,,,,0,0,,,,FR_APR_2012.pdf,Sector-Wise analysis of projects,59,388
FR_201204_389,,N24000167,389,"4 LANNING OF AHMEDABAD TO GODHARA - NHAI,Gujarat",,,ROAD TRANSPORT & HIGHWAYS,2012-04,2010-12,,1008.5,,1008.5,,,1079.1,2013-06,,2013-06,,,,0,0,,,,FR_APR_2012.pdf,Sector-Wise analysis of projects,59,389
FR_201204_390,,N24000153,390,"4 LANNING OF BELGUM-KHANPUR SECTION AND 2 LANING - NHAI,Karnataka",,,ROAD TRANSPORT & HIGHWAYS,2012-04,2011-03,,359.0,,359.0,,,32.41,2013-09,,2014-07,,,,0,0,,,,FR_APR_2012.pdf,Sector-Wise analysis of projects,59,390
FR_201204_391,,N24000168,391,"4 LANNING OF GODHARA TO GUJARAT/MP BORDER - NHAI,Gujarat",,,ROAD TRANSPORT & HIGHWAYS,2012-04,2011-03,,785.5,,785.5,,,438.69,2013-08,,2013-08,,,,0,0,,,,FR_APR_2012.pdf,Sector-Wise analysis of projects,59,391
FR_201204_392,,N24000187,392,"4-LANNING OF CHAPRA-HAJIPUR - NHAI,Bihar",,,ROAD TRANSPORT & HIGHWAYS,2012-04,2011-01,,575.0,,575.0,,,293.64,2013-07,,2013-07,,,,0,0,,,,FR_APR_2012.pdf,Sector-Wise analysis of projects,59,392
FR_201204_393,,N24000191,393,"4-laning of Barhi-Hazaribagh - NHAI,Jharkhandd",,,ROAD TRANSPORT & HIGHWAYS,2012-04,2012-02,,398.0,,398.0,,,,2014-02,,2014-02,,,,0,0,,,,FR_APR_2012.pdf,Sector-Wise analysis of projects,59,393
FR_201204_394,,N24000203,394,"4-laning of Brahampore-Faraka - NHAI,Multi State",,,ROAD TRANSPORT & HIGHWAYS,2012-04,2011-02,,998.79,,998.79,,,498.45,2013-08,,2013-08,,,,0,0,,,,FR_APR_2012.pdf,Sector-Wise analysis of projects,59,394
FR_201204_395,,N24000202,395,"4-laning of Faraka-Raiganj - NHAI,Multi State",,,ROAD TRANSPORT & HIGHWAYS,2012-04,2011-02,,1078.84,,1078.84,,,527.55,2013-08,,2013-08,,,,0,0,,,,FR_APR_2012.pdf,Sector-Wise analysis of projects,59,395
FR_201204_396,,N24000204,396,"4-laning of Raiganj-Dalkola - NHAI,Multi State",,,ROAD TRANSPORT & HIGHWAYS,2012-04,2011-02,,580.43,,580.43,,,218.49,2013-08,,2013-08,,,,0,0,,,,FR_APR_2012.pdf,Sector-Wise analysis of projects,59,396
FR_201204_397,,N24000098,397,"AGRA-BYPASS(NS-1/UP-1),KM 176.8- 13.03 NH-2,3 - NHAI,Uttar Pradesh",NS-1/UP-1,,ROAD TRANSPORT & HIGHWAYS,2012-04,2003-12,,348.16,,465.5,,,151.69,2007-09,,2013-06,,,,0,0,,,,FR_APR_2012.pdf,Sector-Wise analysis of projects,59,397
FR_201204_398,,240101173,398,"AGRA-SHIKOHABAD (GQ) KM.199.66- KM.250.50 (NH-2) - NHAI,Uttar Pradesh",NH-2,,ROAD TRANSPORT & HIGHWAYS,2012-04,2000-04,,367.49,,367.49,,,453.68,2005-03,,2012-06,,,,0,0,,,,FR_APR_2012.pdf,Sector-Wise analysis of projects,59,398
FR_201204_399,,N24000147,399,"AMRITSAR-PATHANKOT - NHAI,Punjab",,,ROAD TRANSPORT & HIGHWAYS,2012-04,2010-05,,705.0,,705.0,,,935.59,2012-11,,2013-06,,,,0,0,,,,FR_APR_2012.pdf,Sector-Wise analysis of projects,59,399
FR_201204_400,,N24000045,400,"ASSAM/WB BORDER TO GAIRKATTA (WB-1) - NHAI,West Bengal",WB-1,,ROAD TRANSPORT & HIGHWAYS,2012-04,2003-12,,221.82,,221.82,,,278.86,2008-11,,2012-06,,,,0,0,,,,FR_APR_2012.pdf,Sector-Wise analysis of projects,59,400
FR_201204_401,,240106260,401,"AURANG-RAIPUR, NH-6, KM.232 TO KM.281 - NHAI,Chhatisgarh",,,ROAD TRANSPORT & HIGHWAYS,2012-04,2005-03,,190.0,,190.0,,,254.19,2009-01,,2012-06,,,,0,0,,,,FR_APR_2012.pdf,Sector-Wise analysis of projects,59,401
FR_201204_402,,N24000143,402,"Armur to kadloor yellareddy - NHAI,Andhra Pradesh",,,ROAD TRANSPORT & HIGHWAYS,2012-04,2010-02,,390.56,,390.56,,,631.65,2012-02,,2012-06,,,,0,0,,,,FR_APR_2012.pdf,Sector-Wise analysis of projects,60,402
FR_201204_403,,N24000116,403,"BALASORE BHADRAK (REVIVED) KM 136.5 - 199.14 NH-5 - NHAI,Orissa",REVIVED,,ROAD TRANSPORT & HIGHWAYS,2012-04,2000-04,,228.7,,228.7,,,182.07,2004-02,,2012-07,,,,0,0,,,,FR_APR_2012.pdf,Sector-Wise analysis of projects,60,403
FR_201204_404,,N24000200,404,"BAREILY-SITAPUR - NHAI,Uttar Pradesh",,,ROAD TRANSPORT & HIGHWAYS,2012-04,2011-03,,1046.0,,1046.0,,,75.09,2013-09,,2013-09,,,,0,0,,,,FR_APR_2012.pdf,Sector-Wise analysis of projects,60,404
FR_201204_405,,N24000199,405,"BEAWAR-PALI-PINDWARA - NHAI,Rajasthan",,,ROAD TRANSPORT & HIGHWAYS,2012-04,2011-12,,2388.0,,2388.0,,,148.79,2014-06,,2014-06,,,,0,0,,,,FR_APR_2012.pdf,Sector-Wise analysis of projects,60,405
FR_201204_406,,N24000158,406,"BELGAUM-DHARWAD(NH-4) - NHAI,Karnataka",NH-4,,ROAD TRANSPORT & HIGHWAYS,2012-04,2010-12,,480.0,,480.0,,,331.15,,,2013-10,,,,0,1,,,,FR_APR_2012.pdf,Sector-Wise analysis of projects,60,406
FR_201204_407,,N24000192,407,"BHOPAL-SANCHI - NHAI,Madhya pradesh",,,ROAD TRANSPORT & HIGHWAYS,2012-04,2011-10,,209.0,,209.0,,,3.77,2013-01,,2013-01,,,,0,0,,,,FR_APR_2012.pdf,Sector-Wise analysis of projects,60,407
FR_201204_408,,N24000195,408,"BHUBANESWAR TO PURI - NHAI,Orissa",,,ROAD TRANSPORT & HIGHWAYS,2012-04,2011-03,,500.29,,500.29,,,329.15,2013-08,,2013-08,,,,0,0,,,,FR_APR_2012.pdf,Sector-Wise analysis of projects,60,408
FR_201204_409,,240106293,409,"BIJNI TO ASSAM /WB.BORDER (NH- 31.C)(2)(NHAI) - NHAI,Assam",NHAI,,ROAD TRANSPORT & HIGHWAYS,2012-04,2003-12,,237.8,,237.8,,,238.58,2008-06,,2012-12,,,,0,0,,,,FR_APR_2012.pdf,Sector-Wise analysis of projects,60,409
FR_201204_410,,240106290,410,"BIJNI TO ASSAM WB BORDER (NH- 31.C)(1)(NHAI) - NHAI,Assam",NHAI,,ROAD TRANSPORT & HIGHWAYS,2012-04,2003-12,,195.0,,195.0,,,196.85,2008-06,,2012-06,,,,0,0,,,,FR_APR_2012.pdf,Sector-Wise analysis of projects,60,410
FR_201204_411,,240106226,411,"BIJNI TO ASSAM/WB BORDER PH.II, KM.30.00 TO 0.00, NH-31 C - NHAI,Assam",,,ROAD TRANSPORT & HIGHWAYS,2012-04,2003-12,,230.0,,230.0,,,224.58,2005-06,,2012-09,,,,0,0,,,,FR_APR_2012.pdf,Sector-Wise analysis of projects,60,411
FR_201204_412,,N24000063,412,"BRAHMPUTRA BRIDGE,NH NO-31 - NHAI,Assam",,,ROAD TRANSPORT & HIGHWAYS,2012-04,2003-12,,217.61,,217.61,,,188.81,2010-04,,2012-12,,,,0,0,,,,FR_APR_2012.pdf,Sector-Wise analysis of projects,60,412
FR_201204_413,,N24000068,413,"CHAMBAL BRIDGE, NH-76 (RJ-5) - NHAI,Rajasthan",RJ-5,,ROAD TRANSPORT & HIGHWAYS,2012-04,2003-12,,275.0,,281.31,,,179.23,2010-02,,2013-12,,,,0,0,,,,FR_APR_2012.pdf,Sector-Wise analysis of projects,60,413
FR_201204_414,,N24000144,414,"CHENGAPALLI TO COIMBATORE BYPASS KM-102.035-144.740 KM - NHAI,Tamil Nadu",,,ROAD TRANSPORT & HIGHWAYS,2012-04,2010-09,,852.0,,852.0,,,540.98,2013-03,,2013-03,,,,0,0,,,,FR_APR_2012.pdf,Sector-Wise analysis of projects,60,414
FR_201204_415,,N24000157,415,"CHITRADURGA-TUMKUR(NH-4) - NHAI,Karnataka",NH-4,,ROAD TRANSPORT & HIGHWAYS,2012-04,2011-03,,839.0,,839.0,,,56.04,,,2013-12,,,,0,1,,,,FR_APR_2012.pdf,Sector-Wise analysis of projects,60,415
FR_201204_416,,N24000145,416,"CUDDAPAH-MYDUKUR-KURNOOL KM-167.750-356.502 KM - NHAI,Andhra Pradesh",,,ROAD TRANSPORT & HIGHWAYS,2012-04,2010-11,,1585.0,,1585.0,,,881.8,2013-05,,2013-05,,,,0,0,,,,FR_APR_2012.pdf,Sector-Wise analysis of projects,60,416
FR_201204_417,,N24000129,417,"Chennai-Tada(Six lane) - NHAI,Tamil Nadu",Six lane,,ROAD TRANSPORT & HIGHWAYS,2012-04,2009-04,,353.37,,353.37,,,231.86,2011-10,,2014-03,,,,0,0,,,,FR_APR_2012.pdf,Sector-Wise analysis of projects,60,417
FR_201204_418,,N24000132,418,"Chilkaluripet-Vijaywada 6 lane (km 355 to Km 434.1) - NHAI,Andhra Pradesh",km 355 to Km 434.1,,ROAD TRANSPORT & HIGHWAYS,2012-04,2009-05,,572.3,,572.3,,,647.98,2011-10,,2013-06,,,,0,0,,,,FR_APR_2012.pdf,Sector-Wise analysis of projects,60,418
FR_201204_419,,240106288,419,"DAKOBA TO NAGAON (NH-36)(NHAI) - NHAI,Assam",NHAI,,ROAD TRANSPORT & HIGHWAYS,2012-04,2003-12,,225.0,,225.0,,,267.44,2008-06,,2012-06,,,,0,0,,,,FR_APR_2012.pdf,Sector-Wise analysis of projects,60,419
FR_201204_420,,240106244,420,"DEEWAPUR TO UP/BIHAR BORDER (LMNHP-9)-NH-28, KM.402-360.915 - NHAI,Bihar",LMNHP-9,,ROAD TRANSPORT & HIGHWAYS,2012-04,2003-12,,300.0,,300.0,,,170.23,2008-10,,2012-12,,,,0,0,,,,FR_APR_2012.pdf,Sector-Wise analysis of projects,60,420
FR_201204_421,,N24000122,421,"DELHI/ HARYANA BORDER TO ROHTAK - NHAI,Haryana",,,ROAD TRANSPORT & HIGHWAYS,2012-04,2007-04,,486.0,,486.0,,,577.73,2010-05,,2012-12,,,,0,0,,,,FR_APR_2012.pdf,Sector-Wise analysis of projects,60,421
FR_201204_422,,N24000148,422,"DEOLI-KOTA - NHAI,Rajasthan",,,ROAD TRANSPORT & HIGHWAYS,2012-04,2011-01,,953.0,,593.0,,,306.72,2013-07,,2013-07,,,,0,0,,,,FR_APR_2012.pdf,Sector-Wise analysis of projects,61,422
FR_201204_423,,N24000173,423,"DEVELOPMENT OF ADIQUATE ROAD CONNECTIVITY TO CHENN - NHAI,Tamil Nadu",,,ROAD TRANSPORT & HIGHWAYS,2012-04,2011-06,,600.0,,600.0,,,75.85,2013-06,,2013-06,,,,0,0,,,,FR_APR_2012.pdf,Sector-Wise analysis of projects,61,423
FR_201204_424,,N24000152,424,"DEVIHALLI-HASSAN - NHAI,Karnataka",,,ROAD TRANSPORT & HIGHWAYS,2012-04,2010-12,,453.0,,453.0,,,239.98,,,2013-06,,,,1,1,,,,FR_APR_2012.pdf,Sector-Wise analysis of projects,61,424
FR_201204_425,,N24000051,425,"DHARAMTUL TO SONAPUR (AS-19) - NHAI,Assam",AS-19,,ROAD TRANSPORT & HIGHWAYS,2012-04,2003-12,,200.0,,200.0,,,209.81,2008-06,,2012-06,,,,0,0,,,,FR_APR_2012.pdf,Sector-Wise analysis of projects,61,425
FR_201204_426,,,426,"DHARAMTUL TO SONAPUR,KM 205-",,,ROAD TRANSPORT & HIGHWAYS,2012-04,2003-12,,160.0,,160.0,,,164.32,2008-05,,2012-06,,,,0,0,,,,FR_APR_2012.pdf,Sector-Wise analysis of projects,61,426
FR_201204_427,,N24000108,427,"DHOLPUR - MORENA SECTION (INCLUDING CHAMBOL BRIDGE - NHAI,Multi State",,,ROAD TRANSPORT & HIGHWAYS,2012-04,2003-12,,232.45,,232.45,,,251.79,2010-09,,2012-12,,,,0,0,,,,FR_APR_2012.pdf,Sector-Wise analysis of projects,61,427
FR_201204_428,,N24000177,428,"Dindigul - Kumli - NHAI,Tamil Nadu",,,ROAD TRANSPORT & HIGHWAYS,2012-04,2011-09,,485.0,,485.0,,,40.61,2013-08,,2013-08,,,,0,0,,,,FR_APR_2012.pdf,Sector-Wise analysis of projects,61,428
FR_201204_429,,N24000118,429,"END OF DURG BYPASS- CHHATISGARH/MAHARASHTRA BORDER - NHAI,Chhatisgarh",,,ROAD TRANSPORT & HIGHWAYS,2012-04,2008-01,,464.0,,464.0,,,534.79,2011-01,,2012-06,,,,0,0,,,,FR_APR_2012.pdf,Sector-Wise analysis of projects,61,429
FR_201204_430,,240106294,430,"FORBESGANJ TO SIMRAHI (NH- 57)(NHAI) - NHAI,Bihar",NHAI,,ROAD TRANSPORT & HIGHWAYS,2012-04,2003-12,,332.94,,332.94,,,357.43,2008-09,,2012-12,,,,0,0,,,,FR_APR_2012.pdf,Sector-Wise analysis of projects,61,430
FR_201204_431,,N24000124,431,"Four Lanning from MP/Maharashtra Border to nagpur - NHAI,Maharashtra",,,ROAD TRANSPORT & HIGHWAYS,2012-04,2010-04,,1170.52,,1170.52,,,4.41,2011-06,,2012-10,,,,0,0,,,,FR_APR_2012.pdf,Sector-Wise analysis of projects,61,431
FR_201204_432,,240106221,432,"GANGA BRIDGE TO RAMDEVI CROSSING PH.II NH-25, KM.75-80.06 - NHAI,Uttar Pradesh",,,ROAD TRANSPORT & HIGHWAYS,2012-04,2003-12,,155.0,,201.66,,,112.02,2008-09,,2012-06,,,,0,0,,,,FR_APR_2012.pdf,Sector-Wise analysis of projects,61,432
FR_201204_433,,N24000057,433,"GANJAM-ICCHAPURUM,NH-5(NHAI) - NHAI,Orissa",NHAI,,ROAD TRANSPORT & HIGHWAYS,2012-04,2000-04,,263.27,,263.27,,,265.81,2004-02,,2012-06,,,,0,0,,,,FR_APR_2012.pdf,Sector-Wise analysis of projects,61,433
FR_201204_434,,240106204,434,"GARHMUKTESHWAR-MURADABAD (NHAI) OTHERS KM.93-149.25, NH-24 - NHAI,Uttar Pradesh",NHAI,,ROAD TRANSPORT & HIGHWAYS,2012-04,2003-12,,275.0,,275.0,,,304.24,2007-09,,2012-06,,,,0,0,,,,FR_APR_2012.pdf,Sector-Wise analysis of projects,61,434
FR_201204_435,,N24000170,435,"GHAZIABAD-ALIGARH NH-91 - NHAI,Uttar Pradesh",,,ROAD TRANSPORT & HIGHWAYS,2012-04,2011-02,,1141.0,,1141.0,,,177.37,2013-08,,2013-08,,,,0,0,,,,FR_APR_2012.pdf,Sector-Wise analysis of projects,61,435
FR_201204_436,,N24000046,436,"GUWAHATI TO NALBARI (AS-5) - NHAI,Assam",AS-5,,ROAD TRANSPORT & HIGHWAYS,2012-04,2003-12,,198.16,,198.16,,,202.6,2008-04,,2012-12,,,,0,0,,,,FR_APR_2012.pdf,Sector-Wise analysis of projects,61,436
FR_201204_437,,N24000038,437,"GUWHATI TO NALBARI (AS-4) - NHAI,Assam",AS-4,,ROAD TRANSPORT & HIGHWAYS,2012-04,2003-12,,175.96,,175.96,,,140.59,2008-04,,2012-12,,,,0,0,,,,FR_APR_2012.pdf,Sector-Wise analysis of projects,61,437
FR_201204_438,,N24000088,438,"GWALIOR BYPSS, NH-75,3 - NHAI,Madhya pradesh",,,ROAD TRANSPORT & HIGHWAYS,2012-04,2003-12,,300.93,,300.93,,,302.72,2009-10,,2012-12,,,,0,0,,,,FR_APR_2012.pdf,Sector-Wise analysis of projects,61,438
FR_201204_439,,N24000089,439,"GWALIOR-JHANSI, NH-75 - NHAI,Multi State",,,ROAD TRANSPORT & HIGHWAYS,2012-04,2003-12,,604.0,,604.0,,,494.29,2009-12,,2012-12,,,,0,0,,,,FR_APR_2012.pdf,Sector-Wise analysis of projects,61,439
FR_201204_440,,N24000125,440,"Gujarat/Maharashtra BorderSurat-Hazira Port Section - NHAI,Gujarat",,,ROAD TRANSPORT & HIGHWAYS,2012-04,2010-03,,1509.1,,1509.1,,,1299.1,2012-09,,2012-09,,,,0,0,,,,FR_APR_2012.pdf,Sector-Wise analysis of projects,61,440
FR_201204_441,,N24000130,441,"Gurgaon-Kotputli Km 42.70 to 54.4 Km - NHAI,Multi State",,,ROAD TRANSPORT & HIGHWAYS,2012-04,2009-04,,1673.7,,1673.7,,,2406.1,2011-10,,2012-06,,,,0,0,,,,FR_APR_2012.pdf,Sector-Wise analysis of projects,61,441
FR_201204_442,,240104196,442,"HALDIA PORT (PORT CONNECTIVITY) (NH-41) - NHAI,West Bengal",NH-41,,ROAD TRANSPORT & HIGHWAYS,2012-04,2000-04,,273.0,,522.0,,,475.55,2005-03,,2012-05,,,,0,0,,,,FR_APR_2012.pdf,Sector-Wise analysis of projects,62,442
FR_201204_443,,240106205,443,"HAPUR-GARHMUKTESWAR (OTHERS) KM.58-93, NH-24 - NHAI,Uttar Pradesh",OTHERS,,ROAD TRANSPORT & HIGHWAYS,2012-04,2005-03,,220.0,,220.0,,,272.96,2007-09,,2012-06,,,,0,0,,,,FR_APR_2012.pdf,Sector-Wise analysis of projects,62,443
FR_201204_444,,240106277,444,"HARANGAJO TO MAIBANG (AS-23), KM.126.450 TO KM.140.700 - NHAI,Assam",AS-23,,ROAD TRANSPORT & HIGHWAYS,2012-04,2003-12,,280.0,,280.0,,,259.81,2009-02,,2013-03,,,,0,0,,,,FR_APR_2012.pdf,Sector-Wise analysis of projects,62,444
FR_201204_445,,N24000062,445,"HARANGAJO TO MAIBANG, NH-54 - NHAI,Assam",,,ROAD TRANSPORT & HIGHWAYS,2012-04,2003-12,,196.0,,363.74,,,34.23,2009-07,,2014-04,,,,0,0,,,,FR_APR_2012.pdf,Sector-Wise analysis of projects,62,445
FR_201204_446,,N24000061,446,"HARANGAJO TO MAIBANG,km 164.08- 190.587 NH-54 - NHAI,Assam",,,ROAD TRANSPORT & HIGHWAYS,2012-04,2003-12,,212.0,,386.1,,,21.81,2007-09,,2014-04,,,,0,0,,,,FR_APR_2012.pdf,Sector-Wise analysis of projects,62,446
FR_201204_447,,240101133,447,"HARIHAR-CHITRADURGA (GQ) KM.284-KM.207 (NH-4) - NHAI,Karnataka",NH-4,,ROAD TRANSPORT & HIGHWAYS,2012-04,2000-04,,318.0,,207.56,,,180.97,2004-08,,2012-06,,,,0,0,,,,FR_APR_2012.pdf,Sector-Wise analysis of projects,62,447
FR_201204_448,,240101132,448,"HAVERI-HARIHAR (GQ) KM.340- KM.284 (NH-4) - NHAI,Karnataka",NH-4,,ROAD TRANSPORT & HIGHWAYS,2012-04,2000-04,,241.0,,196.65,,,171.29,2004-08,2010-07,2012-06,,,,0,0,,,,FR_APR_2012.pdf,Sector-Wise analysis of projects,62,448
FR_201204_449,,N24000141,449,"Hazaribagh-Ranchi - NHAI,Jharkhandd",,,ROAD TRANSPORT & HIGHWAYS,2012-04,2010-08,,625.07,,625.07,,,762.49,2013-01,,2013-01,,,,0,0,,,,FR_APR_2012.pdf,Sector-Wise analysis of projects,62,449
FR_201204_450,,N24000138,450,"Hungund-Surathkal and Mangalore- Knt/Kerala Border - NHAI,Karnataka",,,ROAD TRANSPORT & HIGHWAYS,2012-04,2010-09,,946.0,,946.0,,,1241.2,,,2013-03,,,,2,2,,,,FR_APR_2012.pdf,Sector-Wise analysis of projects,62,450
FR_201204_451,,N24000134,451,"Hyderabad-Vijaywada Km. 40 to 221.50 Km - NHAI,Andhra Pradesh",,,ROAD TRANSPORT & HIGHWAYS,2012-04,2010-04,,1740.0,,1740.0,,,1594.3,2012-10,,2012-10,,,,0,0,,,,FR_APR_2012.pdf,Sector-Wise analysis of projects,62,451
FR_201204_452,,N24000142,452,"Hyderabad-yadgiri N.H no-202 - NHAI,Andhra Pradesh",,,ROAD TRANSPORT & HIGHWAYS,2012-04,2010-08,,388.0,,388.0,,,506.4,2012-05,,2012-05,,,,0,0,,,,FR_APR_2012.pdf,Sector-Wise analysis of projects,62,452
FR_201204_453,,N24000159,453,"INDORE-DEWAS(NH-3) - NHAI,Madhya pradesh",NH-3,,ROAD TRANSPORT & HIGHWAYS,2012-04,2010-11,,325.0,,325.0,,,316.92,2013-05,,2014-02,,,,0,0,,,,FR_APR_2012.pdf,Sector-Wise analysis of projects,62,453
FR_201204_454,,N24000136,454,"Indore-Jhabua-Gujrat/MP - NHAI,Madhya pradesh",,,ROAD TRANSPORT & HIGHWAYS,2012-04,2010-10,,1175.0,,1175.0,,,138.67,2013-04,,2013-04,,,,0,0,,,,FR_APR_2012.pdf,Sector-Wise analysis of projects,62,454
FR_201204_455,,N24000198,455,"JAIPUR-REENGUS - NHAI,Rajasthan",,,ROAD TRANSPORT & HIGHWAYS,2012-04,2010-08,,267.81,,267.81,,,358.49,2013-02,,2013-02,,,,0,0,,,,FR_APR_2012.pdf,Sector-Wise analysis of projects,62,455
FR_201204_456,,N24000163,456,"JAMMU-UDHAMPUR KM.27.5 TO KM.67.00 - NHAI,J and K",,,ROAD TRANSPORT & HIGHWAYS,2012-04,2010-07,,1813.76,,1813.76,,,,2013-07,,2014-06,,,,0,0,,,,FR_APR_2012.pdf,Sector-Wise analysis of projects,62,456
FR_201204_457,,N24000031,457,"JHAJHARPUR TO DARBANGA (BR-7) - NHAI,Bihar",BR-7,,ROAD TRANSPORT & HIGHWAYS,2012-04,2003-12,,340.0,,340.0,,,498.63,2008-09,,2012-06,,,,0,0,,,,FR_APR_2012.pdf,Sector-Wise analysis of projects,62,457
FR_201204_458,,N24000096,458,"JHANSI TO LALITPUR, NH-25,26 - NHAI,Uttar Pradesh",,,ROAD TRANSPORT & HIGHWAYS,2012-04,2003-12,,355.06,,355.06,,,436.86,2009-09,,2012-12,,,,0,0,,,,FR_APR_2012.pdf,Sector-Wise analysis of projects,62,458
FR_201204_459,,N24000180,459,"JORBAT - BARAPANI - NHAI,Meghalaya",,,ROAD TRANSPORT & HIGHWAYS,2012-04,2011-01,,536.0,,536.0,,,357.5,2014-01,,2014-01,,,,0,0,,,,FR_APR_2012.pdf,Sector-Wise analysis of projects,62,459
FR_201204_460,,N24000135,460,"Jaipur-Tonk-Deoli - NHAI,Rajasthan",,,ROAD TRANSPORT & HIGHWAYS,2012-04,2010-06,,792.06,,792.06,,,1079.8,2012-12,,2012-12,,,,0,0,,,,FR_APR_2012.pdf,Sector-Wise analysis of projects,62,460
FR_201204_461,,240106297,461,"KOTA BYPASS,RJ-4, NH-76 (NHAI) - NHAI,Rajasthan",NHAI,,ROAD TRANSPORT & HIGHWAYS,2012-04,2003-12,,275.0,,250.39,,,279.31,2008-10,,2012-09,,,,0,0,,,,FR_APR_2012.pdf,Sector-Wise analysis of projects,62,461
FR_201204_462,,240106243,462,"KOTWA TO DEWAPUR(10 LMNHP),NH-28 PHASE-II, KM.440 TO KM.402 - NHAI,Bihar",10 LMNHP,,ROAD TRANSPORT & HIGHWAYS,2012-04,2003-12,,240.0,,240.0,,,285.56,2008-10,,2012-06,,,,0,0,,,,FR_APR_2012.pdf,Sector-Wise analysis of projects,63,462
FR_201204_463,,N24000146,463,"KUNDUPUR-SURATHKAL & MANGLORE - NHAI,Karnataka",,,ROAD TRANSPORT & HIGHWAYS,2012-04,2010-09,,671.0,,671.0,,,737.54,,,2013-03,,,,0,1,,,,FR_APR_2012.pdf,Sector-Wise analysis of projects,63,463
FR_201204_464,,N24000128,464,"Kishangarh-Ajmer-Beawer - NHAI,Rajasthan",,,ROAD TRANSPORT & HIGHWAYS,2012-04,2009-11,,795.0,,795.0,,,966.77,2012-05,,2012-05,,,,0,0,,,,FR_APR_2012.pdf,Sector-Wise analysis of projects,63,464
FR_201204_465,,N24000094,465,"LAKHNAADON TO MP/MH BORDER,KM 596.75-653 (NS- 1/BOT/MP-2),NH7 - NHAI,Madhya pradesh",NS- 1/BOT/MP-2,,ROAD TRANSPORT & HIGHWAYS,2012-04,2003-12,,407.6,,407.6,,,185.52,2010-06,,2012-10,,,,0,0,,,,FR_APR_2012.pdf,Sector-Wise analysis of projects,63,465
FR_201204_466,,N24000095,466,"LAKHNADON TO MP/MH BORDER (NS-1/BOT/MP-2), NH-7 - NHAI,Madhya pradesh",NS-1/BOT/MP-2,,ROAD TRANSPORT & HIGHWAYS,2012-04,2003-12,,263.17,,263.17,,,233.77,2009-09,,2012-10,,,,0,0,,,,FR_APR_2012.pdf,Sector-Wise analysis of projects,63,466
FR_201204_467,,240106300,467,"LALITPUR TO SAGAR KM 132 TO KM 187, NH-26 (NHAI) - NHAI,Madhya pradesh",NHAI,,ROAD TRANSPORT & HIGHWAYS,2012-04,2003-12,,225.0,,225.0,,,261.98,2008-10,,2012-05,,,,0,0,,,,FR_APR_2012.pdf,Sector-Wise analysis of projects,63,467
FR_201204_468,,240106280,468,"MAIBANG TO LUNDING (AS-24), KM.111.000 TO KM.126.450 - NHAI,Assam",AS-24,,ROAD TRANSPORT & HIGHWAYS,2012-04,2003-12,,155.04,,280.13,,,85.39,2008-11,,2013-07,,,,0,0,,,,FR_APR_2012.pdf,Sector-Wise analysis of projects,63,468
FR_201204_469,,240106278,469,"MAIBANG TO LUNDING (AS-25), KM.83.400 TO KM.111.000 - NHAI,Assam",AS-25,,ROAD TRANSPORT & HIGHWAYS,2012-04,2003-12,,199.81,,385.13,,,48.94,2009-04,,2013-07,,,,0,0,,,,FR_APR_2012.pdf,Sector-Wise analysis of projects,63,469
FR_201204_470,,240106279,470,"MAIBANG TO LUNDING (AS-26), KM.60.500 TO KM.83.400, NH-54 - NHAI,Assam",AS-26,,ROAD TRANSPORT & HIGHWAYS,2012-04,2003-12,,167.64,,167.64,,,6.0,2008-11,,2014-01,,,,0,0,,,,FR_APR_2012.pdf,Sector-Wise analysis of projects,63,470
FR_201204_471,,240106281,471,"MAIBANG TO LUNDING (AS-27), KM.40.000 TO KM.60.500 - NHAI,Assam",AS-27,,ROAD TRANSPORT & HIGHWAYS,2012-04,2003-12,,200.0,,200.0,,,96.26,2009-04,,2013-03,,,,0,0,,,,FR_APR_2012.pdf,Sector-Wise analysis of projects,63,471
FR_201204_472,,N24000126,472,"MP/Maharashtra Border-Dhula - NHAI,Maharashtra",,,ROAD TRANSPORT & HIGHWAYS,2012-04,2009-12,,835.0,,835.0,,,1068.7,2012-06,,2012-06,,,,0,0,,,,FR_APR_2012.pdf,Sector-Wise analysis of projects,63,472
FR_201204_473,,N24000154,473,"MURADABAD-BAREILY - NHAI,Uttar Pradesh",,,ROAD TRANSPORT & HIGHWAYS,2012-04,2010-04,,1267.0,,1267.0,,,1254.7,2013-06,,2013-06,,,,0,0,,,,FR_APR_2012.pdf,Sector-Wise analysis of projects,63,473
FR_201204_474,,N24000201,474,"MUZAFFARNAGAR-HARIDWAR - NHAI,Multi State",,,ROAD TRANSPORT & HIGHWAYS,2012-04,2011-09,,754.0,,754.0,,,305.55,2013-03,,2013-03,,,,0,0,,,,FR_APR_2012.pdf,Sector-Wise analysis of projects,63,474
FR_201204_475,,N24000174,475,"Muzafarpur - Sonbarsa - NHAI,Bihar",,,ROAD TRANSPORT & HIGHWAYS,2012-04,2011-05,,511.54,,511.54,,,65.78,2013-11,,2013-11,,,,0,0,,,,FR_APR_2012.pdf,Sector-Wise analysis of projects,63,475
FR_201204_476,,N24000042,476,"NAGAON TO DHARAMTUL (AS-2) - NHAI,Assam",AS-2,,ROAD TRANSPORT & HIGHWAYS,2012-04,2003-12,,264.72,,264.72,,,272.48,2008-06,,2012-06,,,,0,0,,,,FR_APR_2012.pdf,Sector-Wise analysis of projects,63,476
FR_201204_477,,N24000055,477,"NAGPUR-KONDHALI,NH-6(NHAI) - NHAI,Maharashtra",NHAI,,ROAD TRANSPORT & HIGHWAYS,2012-04,2005-03,,168.0,,168.0,,,457.3,2008-12,,2012-06,,,,0,0,,,,FR_APR_2012.pdf,Sector-Wise analysis of projects,63,477
FR_201204_478,,N24000048,478,"NALBARI T BIJNI (AS-7) - NHAI,Assam",AS-7,,ROAD TRANSPORT & HIGHWAYS,2012-04,2003-12,,208.0,,208.0,,,255.94,2008-04,,2012-12,,,,0,0,,,,FR_APR_2012.pdf,Sector-Wise analysis of projects,63,478
FR_201204_479,,N24000047,479,"NALBARI TO BIJNI (AS-6) - NHAI,Assam",AS-6,,ROAD TRANSPORT & HIGHWAYS,2012-04,2003-12,,225.0,,225.0,,,226.7,2008-06,,2012-06,,,,0,0,,,,FR_APR_2012.pdf,Sector-Wise analysis of projects,63,479
FR_201204_480,,N24000035,480,"NALBARI TO BIJNI (AS-8) - NHAI,Assam",AS-8,,ROAD TRANSPORT & HIGHWAYS,2012-04,2003-12,,200.0,,200.0,,,273.2,2008-06,,2012-06,,,,0,0,,,,FR_APR_2012.pdf,Sector-Wise analysis of projects,63,480
FR_201204_481,,N24000162,481,"NASHRI CHANANI - NHAI,J and K",,,ROAD TRANSPORT & HIGHWAYS,2012-04,2010-06,,2159.0,,2159.0,,,,2015-06,,2015-06,,,,0,0,,,,FR_APR_2012.pdf,Sector-Wise analysis of projects,63,481
FR_201204_482,,N24000103,482,"NEELAMANGALAR JUNCTION ON NH- NHAI,Karnataka",,,ROAD TRANSPORT & HIGHWAYS,2012-04,2005-03,,441.0,,441.0,,,958.09,,,2012-05,,,,0,0,,,,FR_APR_2012.pdf,Sector-Wise analysis of projects,64,482
FR_201204_483,,,483,NEW MANGALORE PORT NH-17 AND,,,ROAD TRANSPORT & HIGHWAYS,2012-04,2000-04,,196.5,,363.0,,,248.66,2011-06,,2012-06,,,,0,2,,,,FR_APR_2012.pdf,Sector-Wise analysis of projects,64,483
FR_201204_484,,N24000107,484,"NH CONNECTIVITY TO ICTT VALLARPADAEU NH - SH - NHAI,Kerala",,,ROAD TRANSPORT & HIGHWAYS,2012-04,2005-03,,557.0,,557.0,,,930.92,2010-02,,2012-05,,,,0,0,,,,FR_APR_2012.pdf,Sector-Wise analysis of projects,64,484
FR_201204_485,,N24000194,485,"NIROLI-ROXY-RAJAMUNDA - NHAI,Orissa",,,ROAD TRANSPORT & HIGHWAYS,2012-04,2011-07,,586.0,,586.0,,,,2014-01,,2014-01,,,,0,0,,,,FR_APR_2012.pdf,Sector-Wise analysis of projects,64,485
FR_201204_486,,N24000139,486,"New 4 Lane elevated road from chennai airport - NHAI,Tamil Nadu",,,ROAD TRANSPORT & HIGHWAYS,2012-04,2010-09,,1655.0,,1655.0,,,393.71,2013-09,,2013-09,,,,0,0,,,,FR_APR_2012.pdf,Sector-Wise analysis of projects,64,486
FR_201204_487,,240106250,487,"ORAI TO JHANSI (UP-5),NH-25, KM.220.0 TO KM.170.0 - NHAI,Uttar Pradesh",UP-5,,ROAD TRANSPORT & HIGHWAYS,2012-04,2003-12,,340.68,,340.68,,,370.49,2008-03,,2012-06,,,,0,0,,,,FR_APR_2012.pdf,Sector-Wise analysis of projects,64,487
FR_201204_488,,N24000197,488,"PANIKHOLI-RIMOLI - NHAI,Orissa",,,ROAD TRANSPORT & HIGHWAYS,2012-04,2012-03,,1410.0,,1410.0,,,78.55,2014-09,,2014-09,,,,0,0,,,,FR_APR_2012.pdf,Sector-Wise analysis of projects,64,488
FR_201204_489,,N24000151,489,"PANIPAT-ROHTAK - NHAI,Haryana",,,ROAD TRANSPORT & HIGHWAYS,2012-04,2011-04,,807.0,,807.0,,,700.94,2014-10,,2014-10,,,,0,0,,,,FR_APR_2012.pdf,Sector-Wise analysis of projects,64,489
FR_201204_490,,240106237,490,"PATHANKOT- BHOGPUR, KM.26- KM.70, NS-38 NH-1A - NHAI,Punjab",,,ROAD TRANSPORT & HIGHWAYS,2012-04,2003-12,,284.0,,359.0,,,191.6,2008-05,,2012-08,,,,0,0,,,,FR_APR_2012.pdf,Sector-Wise analysis of projects,64,490
FR_201204_491,,N24000185,491,"PATNA-BAKTZARPUR KM.181.3 TO KM.231.95 - NHAI,Bihar",,,ROAD TRANSPORT & HIGHWAYS,2012-04,2011-09,,574.0,,574.0,,,58.87,2014-03,,2014-03,,,,0,0,,,,FR_APR_2012.pdf,Sector-Wise analysis of projects,64,491
FR_201204_492,,N24000165,492,"PATNA-MUZZAFFARPUR - NHAI,Bihar",,,ROAD TRANSPORT & HIGHWAYS,2012-04,2010-08,,671.3,,671.3,,,501.12,2013-02,,2013-02,,,,0,0,,,,FR_APR_2012.pdf,Sector-Wise analysis of projects,64,492
FR_201204_493,,N24000123,493,"PIMPALGAON-NASIK-GONDE, NH-3 (NHDP-PHASE-III) - NHAI,Maharashtra",NHDP-PHASE-III,,ROAD TRANSPORT & HIGHWAYS,2012-04,2005-03,,940.0,,940.0,,,1141.1,2012-07,,2012-07,,,,0,0,,,,FR_APR_2012.pdf,Sector-Wise analysis of projects,64,493
FR_201204_494,,N24000156,494,"PUNE-SATARA(NH-4) - NHAI,Maharashtra",NH-4,,ROAD TRANSPORT & HIGHWAYS,2012-04,2010-10,,1724.55,,1724.55,,,747.77,2013-03,,2013-03,,,,0,0,,,,FR_APR_2012.pdf,Sector-Wise analysis of projects,64,494
FR_201204_495,,N24000193,495,"PUNE-SHOLAPUR,Pkg-II - NHAI,Maharashtra",,,ROAD TRANSPORT & HIGHWAYS,2012-04,2011-09,,835.0,,835.0,,,,2014-01,,2014-01,,,,0,0,,,,FR_APR_2012.pdf,Sector-Wise analysis of projects,64,495
FR_201204_496,,N24000133,496,"Panipat-Jalandhar 6 lane(Km 96 to 387.1 km) - NHAI,Haryana",Km 96 to 387.1 km,,ROAD TRANSPORT & HIGHWAYS,2012-04,2009-05,,1108.0,,2288.0,,,3454.5,2011-11,,2013-06,,,,0,0,,,,FR_APR_2012.pdf,Sector-Wise analysis of projects,64,496
FR_201204_497,,N24000127,497,"Pune-sholapur,pkg1 - NHAI,Maharashtra",,,ROAD TRANSPORT & HIGHWAYS,2012-04,2009-11,,1110.0,,1110.0,,,1802.1,2012-05,,2012-05,,,,0,0,,,,FR_APR_2012.pdf,Sector-Wise analysis of projects,64,497
FR_201204_498,,N24000161,498,"QUAZIGUND-BANIHAL KM.220.00 TO KM.188.00 - NHAI,J and K",,,ROAD TRANSPORT & HIGHWAYS,2012-04,2010-07,,1987.0,,1987.0,,,,2015-07,,2015-07,,,,0,0,,,,FR_APR_2012.pdf,Sector-Wise analysis of projects,64,498
FR_201204_499,,240106304,499,"RAJMARG CHORAHA TO LAKHNANDON,KM 297 TO KM 351, NH-26 (NHAI) - NHAI,Madhya pradesh",NHAI,,ROAD TRANSPORT & HIGHWAYS,2012-04,2003-12,,251.03,,251.03,,,297.84,2008-10,,2012-12,,,,0,0,,,,FR_APR_2012.pdf,Sector-Wise analysis of projects,64,499
FR_201204_500,,240106305,500,"RAJMARG CHORAHA TO LAKHNANDON,KM 351 TO KM 405.7, NH-26 (NHA - NHAI,Madhya pradesh",,,ROAD TRANSPORT & HIGHWAYS,2012-04,2003-12,,229.91,,229.91,,,247.95,2008-10,,2012-09,,,,0,0,,,,FR_APR_2012.pdf,Sector-Wise analysis of projects,64,500
FR_201204_501,,N24000169,501,"ROHTAK-BAWAL - NHAI,Haryana",,,ROAD TRANSPORT & HIGHWAYS,2012-04,2011-05,,650.0,,650.0,,,602.94,2013-11,,2013-11,,,,0,0,,,,FR_APR_2012.pdf,Sector-Wise analysis of projects,64,501
FR_201204_502,,240106303,502,"SAGAR - RAJMARG CHORAHA,KM NHAI,Madhya pradesh",,,ROAD TRANSPORT & HIGHWAYS,2012-04,2003-12,,203.43,,203.43,,,229.13,2008-10,,2012-12,,,,0,0,,,,FR_APR_2012.pdf,Sector-Wise analysis of projects,65,502
FR_201204_503,,240106301,503,"SAGAR BY PASS,KM 187 TO KM 211 , NH-26 (NHAI) - NHAI,Uttar Pradesh",NHAI,,ROAD TRANSPORT & HIGHWAYS,2012-04,2003-12,,151.3,,151.3,,,180.94,2008-10,,2012-05,,,,0,0,,,,FR_APR_2012.pdf,Sector-Wise analysis of projects,65,503
FR_201204_504,,N24000102,504,"SALEM - U / UNDRUPET(BOT -1/TN- 06) NH -68 - NHAI,Tamil Nadu",BOT -1/TN- 06,,ROAD TRANSPORT & HIGHWAYS,2012-04,2005-03,,941.0,,941.0,,,1901.0,2011-01,,2012-05,,,,0,0,,,,FR_APR_2012.pdf,Sector-Wise analysis of projects,65,504
FR_201204_505,,N24000179,505,"SAMAIKHIALI - GANDHIDHAM - NHAI,Gujarat",,,ROAD TRANSPORT & HIGHWAYS,2012-04,2010-09,,805.39,,805.39,,,226.74,2013-03,,2013-03,,,,0,0,,,,FR_APR_2012.pdf,Sector-Wise analysis of projects,65,505
FR_201204_506,,N24000196,506,"SAMBALPUR-BARGARH- CHHATISGARH/ORISSA BORDER - NHAI,Orissa",,,ROAD TRANSPORT & HIGHWAYS,2012-04,2011-11,,909.0,,909.0,,,,2014-05,,2014-05,,,,0,0,,,,FR_APR_2012.pdf,Sector-Wise analysis of projects,65,506
FR_201204_507,,240100207,507,"SILCHAR-UDARBAND (PH.II) HN-54, KM.309 TO KM.275 - NHAI,Assam",PH.II,,ROAD TRANSPORT & HIGHWAYS,2012-04,2003-12,,157.47,,154.57,,,195.52,2007-09,,2012-06,,,,0,0,,,,FR_APR_2012.pdf,Sector-Wise analysis of projects,65,507
FR_201204_508,,N24000028,508,"SILIGURI TO ISLAMPUR (WB-7) - NHAI,West Bengal",WB-7,,ROAD TRANSPORT & HIGHWAYS,2012-04,2003-12,,225.0,,225.0,,,180.1,2008-07,,2012-12,,,,0,0,,,,FR_APR_2012.pdf,Sector-Wise analysis of projects,65,508
FR_201204_509,,N24000171,509,"SIX LANNING OF HOSUR- KRISHNAGRI NH-7 KM.33.130 TO - NHAI,Tamil Nadu",,,ROAD TRANSPORT & HIGHWAYS,2012-04,2011-06,,535.0,,535.0,,,,2013-12,,2013-12,,,,0,0,,,,FR_APR_2012.pdf,Sector-Wise analysis of projects,65,509
FR_201204_510,,N24000172,510,"SIX LANNING OF KRISHNAGIRI- WALAJHAPET SECTION KM. - NHAI,Tamil Nadu",,,ROAD TRANSPORT & HIGHWAYS,2012-04,2011-09,,1250.0,,1250.0,,,4.93,2013-12,,2013-12,,,,0,0,,,,FR_APR_2012.pdf,Sector-Wise analysis of projects,65,510
FR_201204_511,,N24000183,511,"SIX LANNING OF NELLORE- CHILKALURIPET - NHAI,Andhra Pradesh",,,ROAD TRANSPORT & HIGHWAYS,2012-04,2011-11,,1535.0,,1535.0,,,808.88,2014-05,,2014-05,,,,0,0,,,,FR_APR_2012.pdf,Sector-Wise analysis of projects,65,511
FR_201204_512,,N24000149,512,"SIX LANNING OF VADAKKANCHERRY THRISSURESECTION - NHAI,Kerala",,,ROAD TRANSPORT & HIGHWAYS,2012-04,2010-02,,617.0,,617.0,,,154.52,2012-08,,2013-10,,,,0,0,,,,FR_APR_2012.pdf,Sector-Wise analysis of projects,65,512
FR_201204_513,,N24000189,513,"SNG toBANL - NHAI,J and K",,,ROAD TRANSPORT & HIGHWAYS,2012-04,2011-06,,1100.7,,1100.7,,,,2014-06,,,,,,0,0,,,,FR_APR_2012.pdf,Sector-Wise analysis of projects,65,513
FR_201204_514,,N24000044,514,"SONAPUR TO GUWAHTI (AS-3) - NHAI,Assam",AS-3,,ROAD TRANSPORT & HIGHWAYS,2012-04,2003-12,,245.0,,245.0,,,491.21,2008-03,,2012-05,,,,0,0,,,,FR_APR_2012.pdf,Sector-Wise analysis of projects,65,514
FR_201204_515,,240101153,515,"SUNAKHALA-GANJAM (GQ) KM.338- KM.284 (NH-5) - NHAI,Orissa",NH-5,,ROAD TRANSPORT & HIGHWAYS,2012-04,2000-04,,225.0,,241.53,,,113.73,2004-04,,2012-07,,,,0,0,,,,FR_APR_2012.pdf,Sector-Wise analysis of projects,65,515
FR_201204_516,,,516,Surat- Dahisar(Six Lane) Km 263 to Km,Six Lane,,ROAD TRANSPORT & HIGHWAYS,2012-04,2009-02,,1693.75,,1693.75,,,2638.8,2011-08,,2012-06,,,,0,0,,,,FR_APR_2012.pdf,Sector-Wise analysis of projects,65,516
FR_201204_517,,N24000056,517,"THANJAUR-TRICHY,NH-67(NHAI) - NHAI,Tamil Nadu",NHAI,,ROAD TRANSPORT & HIGHWAYS,2012-04,2005-03,,280.0,,280.0,,,581.49,2009-06,,2012-11,,,,0,0,,,,FR_APR_2012.pdf,Sector-Wise analysis of projects,65,517
FR_201204_518,,N24000101,518,"TRICHY - KORUR NH-67 - NHAI,Tamil Nadu",,,ROAD TRANSPORT & HIGHWAYS,2012-04,2005-03,,516.0,,516.0,,,719.55,2010-07,,2013-03,,,,0,0,,,,FR_APR_2012.pdf,Sector-Wise analysis of projects,65,518
FR_201204_519,,N24000140,519,"Talegaon-amravati - NHAI,Maharashtra",,,ROAD TRANSPORT & HIGHWAYS,2012-04,2009-11,,567.0,,567.0,,,361.3,2013-11,,2013-11,,,,0,0,,,,FR_APR_2012.pdf,Sector-Wise analysis of projects,65,519
FR_201204_520,,N24000178,520,"Tirupati - Chennai - NHAI,Tamil Nadu",,,ROAD TRANSPORT & HIGHWAYS,2012-04,2011-04,,571.0,,571.0,,,,2013-10,,2013-10,,,,0,0,,,,FR_APR_2012.pdf,Sector-Wise analysis of projects,65,520
FR_201204_521,,N24000176,521,"Trichy Bypass - NHAI,Tamil Nadu",,,ROAD TRANSPORT & HIGHWAYS,2012-04,2010-05,,374.0,,374.0,,,55.89,2013-05,,2013-05,,,,0,0,,,,FR_APR_2012.pdf,Sector-Wise analysis of projects,65,521
FR_201204_522,,N24000160,522,"UGRADATION OF HYDERABAD- BANGALORE SECTION - NHAI,Karnataka",,,ROAD TRANSPORT & HIGHWAYS,2012-04,2010-11,,680.0,,680.0,,,,,,2013-04,,,,2,2,,,,FR_APR_2012.pdf,Sector-Wise analysis of projects,66,522
FR_201204_523,,240106292,523,"UP/BIHAR BORDER TO KASIA (NH- 28)(NHAI) - NHAI,Uttar Pradesh",NHAI,,ROAD TRANSPORT & HIGHWAYS,2012-04,2003-12,,227.0,,227.0,,,383.29,2008-12,,2012-05,,,,0,0,,,,FR_APR_2012.pdf,Sector-Wise analysis of projects,66,523
FR_201204_524,,N24000182,524,"VARANASI-AURANGABAD KM.786 TO KM.978.40 - NHAI,Multi State",,,ROAD TRANSPORT & HIGHWAYS,2012-04,2011-09,,2848.0,,2848.0,,,489.89,2014-03,,2014-03,,,,0,0,,,,FR_APR_2012.pdf,Sector-Wise analysis of projects,66,524
FR_201204_525,,240106235,525,"VIJAYAPUR TO PATHANKOT (J&K) NH-1A KM.16.35 TO KM.50.00 - NHAI,J and K",J&K,,ROAD TRANSPORT & HIGHWAYS,2012-04,2003-12,,193.09,,166.3,,,184.94,2008-03,,2012-05,,,,0,0,,,,FR_APR_2012.pdf,Sector-Wise analysis of projects,66,525
FR_201204_526,,240106236,526,"VIJAYAPUR TO PATHANKOT (NS- 35/J&K) NH-1A KM.50 TO KM.80 - NHAI,J and K",NS- 35/J&K,,ROAD TRANSPORT & HIGHWAYS,2012-04,2003-12,,166.27,,193.1,,,161.44,2008-03,,2012-05,,,,0,0,,,,FR_APR_2012.pdf,Sector-Wise analysis of projects,66,526
FR_201204_527,,N24000150,527,"WADNER-DEVDHARI(NS-60/MH)(KM 94-123 KM) - NHAI,Maharashtra",KM 94-123 KM,,ROAD TRANSPORT & HIGHWAYS,2012-04,2011-02,,193.45,,193.45,,,29.71,2012-11,,2012-11,,,,0,0,,,,FR_APR_2012.pdf,Sector-Wise analysis of projects,66,527
FR_201204_528,,N24000175,528,"kandla - Mundra port - NHAI,Gujarat",,,ROAD TRANSPORT & HIGHWAYS,2012-04,2011-01,,953.88,,953.88,,,257.83,2013-07,,2013-07,,,,0,0,,,,FR_APR_2012.pdf,Sector-Wise analysis of projects,66,528
FR_201204_529,,N24000205,529,"six laning of Chandikhol-Jagatpur- Bhubaneswar - NHAI,Multi State Total",,,ROAD TRANSPORT & HIGHWAYS,2012-04,2011-12,,1047.0,92330.1,1047.0,,,58943.43,2014-06,,2014-06,,,,0,0,,,,FR_APR_2012.pdf,Sector-Wise analysis of projects,66,529
FR_201204_530,,N25000014,530,"ACQUISITION OF 4 NO. OF ANCHOR HANDLING CUM SUPPLY - SHIPP.,Maharashtra",,,SHIPPING & PORTS,2012-04,2007-10,,359.44,,359.44,,,358.78,2011-04,2011-06,2012-06,,,,0,0,,,,FR_APR_2012.pdf,Sector-Wise analysis of projects,66,530
FR_201204_531,,N25000031,531,"ACQUISITION OF 4 NOS. OF 80655 DWT PANAMAX BULK CA - SHIPP.,Maharashtra",,,SHIPPING & PORTS,2012-04,2008-08,,1066.91,,968.35,,,344.33,2012-09,,2012-09,,,,0,0,,,,FR_APR_2012.pdf,Sector-Wise analysis of projects,66,531
FR_201204_532,,N25000051,532,"Acquisition of 4 nos of 82000 DWT kamsavmax Bulk carriers - SHIPP.,Maharashtra",,,SHIPPING & PORTS,2012-04,2010-08,,612.72,627.64,627.64,,,106.93,2012-12,,2012-12,,,,0,0,,,,FR_APR_2012.pdf,Sector-Wise analysis of projects,66,532
FR_201204_533,,N25000043,533,"Acquisition of Two nos. of 3060 DWT - SHIPP.,Maharashtra",,,SHIPPING & PORTS,2012-04,2009-04,,277.03,280.0,277.03,,,81.4,2011-12,2012-08,2012-08,,,,0,0,,,,FR_APR_2012.pdf,Sector-Wise analysis of projects,66,533
FR_201204_534,,N25000042,534,"Acquisition of two nos. of 120 B.P BY 079& 080 - SHIPP.,Maharashtra",,,SHIPPING & PORTS,2012-04,2009-04,,290.85,,305.0,,,86.46,2011-06,2012-06,2012-06,,,,0,0,,,,FR_APR_2012.pdf,Sector-Wise analysis of projects,66,534
FR_201204_535,,N25000053,535,"Acquisition of two(2) Nos. of 317000 DWT very large crude - SHIPP.,Maharashtra",2,,SHIPPING & PORTS,2012-04,2010-10,,966.46,,994.82,,,189.92,2014-02,,2014-02,,,,0,0,,,,FR_APR_2012.pdf,Sector-Wise analysis of projects,66,535
FR_201204_536,,N25000052,536,"Acquistion of three(3) nos of 6500TEU Cellular container - SHIPP.,Maharashtra",3,,SHIPPING & PORTS,2012-04,2010-10,,1028.1,1012.23,1028.1,,,371.96,2013-12,,2013-12,,,,0,0,,,,FR_APR_2012.pdf,Sector-Wise analysis of projects,66,536
FR_201204_537,,N25000016,537,"CONST. & DEV. OF 2 OFFSHORE CONTAINER BERTHS & TER - MUMBAI PORT TRU,Maharashtra",,,SHIPPING & PORTS,2012-04,2007-11,,1228.0,1460.0,1460.0,,,743.63,2010-12,,2012-12,,,,0,0,,,,FR_APR_2012.pdf,Sector-Wise analysis of projects,67,537
FR_201204_538,,N25000039,538,"CONSTRUCTION OF 13 & 14 CARGO BERTH AT KANDLA - PORT TRUST,Gujarat",,,SHIPPING & PORTS,2012-04,2005-12,,702.0,,755.5,,,219.0,2011-03,,2013-03,,,,0,0,,,,FR_APR_2012.pdf,Sector-Wise analysis of projects,67,538
FR_201204_539,,N25000037,539,"CONSTRUCTION OF Berthing and Allied Facilities off - PORT TRUST,Gujarat",,,SHIPPING & PORTS,2012-04,2005-04,,882.0,,1060.0,,,0.93,2011-02,,2012-12,,,,0,0,,,,FR_APR_2012.pdf,Sector-Wise analysis of projects,67,539
FR_201204_540,,N25000003,540,"DEEPENING AND WIDENING OF MUMBAI HARBOUR CHANNEL A - PORT TRUST,Maharashtra",,,SHIPPING & PORTS,2012-04,2005-10,,800.0,,800.0,,,5.75,2008-10,,2008-10,,,,0,0,,,,FR_APR_2012.pdf,Sector-Wise analysis of projects,67,540
FR_201204_541,,N25000004,541,"DEEPENING OF CHANNEL AT PARADIP PORT - PORT TRUST,Orissa",,,SHIPPING & PORTS,2012-04,2005-12,,154.84,,253.36,,,,2009-01,,2009-01,,,,0,1,,,,FR_APR_2012.pdf,Sector-Wise analysis of projects,67,541
FR_201204_542,,N25000055,542,"DEVELOPMENT OF COAL TERMINAL - ENNORE PORT LTD,Tamil Nadu",,,SHIPPING & PORTS,2012-04,2006-09,,399.13,,399.13,,,,2010-08,,,,,,0,0,,,,FR_APR_2012.pdf,Sector-Wise analysis of projects,67,542
FR_201204_543,,N25000056,543,"DEVELOPMENT OF IRON ORE TERMINAL - ENNORE PORT LTD,Tamil Nadu",,,SHIPPING & PORTS,2012-04,2006-09,,370.0,,370.0,,,,2010-08,,,,,,0,0,,,,FR_APR_2012.pdf,Sector-Wise analysis of projects,67,543
FR_201204_544,,N25000035,544,"ENNORE MANALI EXPRESS WAY,F/O SPECIAL PURPOSE VEHI - PORT TRUST,Tamil Nadu",,,SHIPPING & PORTS,2012-04,2002-10,,150.0,600.0,600.0,,,67.0,2006-03,,2013-12,,,,0,0,,,,FR_APR_2012.pdf,Sector-Wise analysis of projects,67,544
FR_201204_545,,N25000054,545,"MARINE LIQUID TERMINALS - ENNORE TANK,Tamil Nadu",,,SHIPPING & PORTS,2012-04,2004-10,,196.25,,196.25,,,,2006-06,2011-09,2011-09,,,,0,0,,,,FR_APR_2012.pdf,Sector-Wise analysis of projects,67,545
FR_201204_546,,N25000049,546,"Mechanization of coal handling facilities to 200 - PORT TRUST,Andhra Pradesh",,,SHIPPING & PORTS,2012-04,2010-02,,444.1,,444.1,,,,2010-06,,2012-11,,,,0,0,,,,FR_APR_2012.pdf,Sector-Wise analysis of projects,67,546
FR_201204_547,,N25000050,547,"Modification & Strengthening of Existing Berth No. 1 to 6 - PORT TRUST,Gujarat",,,SHIPPING & PORTS,2012-04,2010-06,,277.0,252.0,252.0,,,0.21,2012-03,,2012-03,,,,0,0,,,,FR_APR_2012.pdf,Sector-Wise analysis of projects,67,547
FR_201204_548,,N25000059,548,"RAIL CONNECTIVITY TO ICTT AT VALLARPADAM AT COCHIN PORT TRUS - RVNL,Kerala",,,SHIPPING & PORTS,2012-04,2007-03,,245.67,298.17,373.22,,,336.26,2009-04,2009-11,2011-02,,,,0,0,,,,FR_APR_2012.pdf,Sector-Wise analysis of projects,67,548
FR_201204_549,,250100175,549,"SETHUSAMUDRAM SHIP CHANNEL PROJECT - PORT TRUST,Tamil Nadu",,,SHIPPING & PORTS,2012-04,2005-06,,2427.4,,2427.4,,,829.14,2008-10,,2008-10,,,,0,0,,,,FR_APR_2012.pdf,Sector-Wise analysis of projects,67,549
FR_201204_550,,N25000048,550,"SETTING UP OF LNG REGASIFICATION TERMINAL AT PUTHU - PORT TRUST,Kerala",,,SHIPPING & PORTS,2012-04,2009-03,,3500.0,4150.0,4150.0,,,3240.3,2012-01,2012-09,2012-09,,,,0,0,,,,FR_APR_2012.pdf,Sector-Wise analysis of projects,67,550
FR_201204_551,,N25000060,551,"SETTING UP OF SINGLE POINT MOORING (SPM) - PORT TRUST,Gujarat Total",SPM,,SHIPPING & PORTS,2012-04,2011-02,,830.0,17207.9,621.53,,,6982.0,2013-05,,2013-03,,,,0,0,,,,FR_APR_2012.pdf,Sector-Wise analysis of projects,67,551
FR_201204_552,,N26000062,552,"Assam Telecom Circle, Phase-V.I, 2G & 3G - BSNL,Assam",,,TELECOMMUNICATIONS,2012-04,2007-06,,336.81,,336.81,,,157.98,2009-01,,2012-06,,,,0,0,,,,FR_APR_2012.pdf,Sector-Wise analysis of projects,68,552
FR_201204_553,,N26000016,553,"CONVERGENT BILLING AND CRM(MUMBAI) - MTNL,Maharashtra",MUMBAI,,TELECOMMUNICATIONS,2012-04,2006-01,,247.0,,247.0,,,75.89,2007-02,2010-12,2011-08,,,,0,0,,,,FR_APR_2012.pdf,Sector-Wise analysis of projects,68,553
FR_201204_554,,N26000011,554,"CONVERGENT BILLING AND CRM- MTNL(DELHI) - MTNL,Delhi",DELHI,,TELECOMMUNICATIONS,2012-04,2005-12,,249.0,229.41,229.41,,,67.2,2007-02,2011-03,2012-03,,,,0,0,,,,FR_APR_2012.pdf,Sector-Wise analysis of projects,68,554
FR_201204_555,,N26000096,555,"ERP implementation in BSNL on Turnkey basis - BSNL,Multi State",,,TELECOMMUNICATIONS,2012-04,2009-10,,384.0,,384.0,,,21.93,2010-10,2012-03,2012-07,,,,0,0,,,,FR_APR_2012.pdf,Sector-Wise analysis of projects,68,555
FR_201204_556,,N26000029,556,"EXPANSION OF EXISTING 750K GSM NETWORK PE NO. 992 - BSNL,Maharashtra",,,TELECOMMUNICATIONS,2012-04,2006-06,,231.38,,168.3,,,,2007-10,,,,,,0,0,,,,FR_APR_2012.pdf,Sector-Wise analysis of projects,68,556
FR_201204_557,,N26000065,557,"Execution of telecom network requirement of defence - BSNL,Multi State",,,TELECOMMUNICATIONS,2012-04,2006-05,,1077.0,,1077.0,,,,2009-03,,,,,,0,0,,,,FR_APR_2012.pdf,Sector-Wise analysis of projects,68,557
FR_201204_558,,N26000041,558,"GSM EQUIPMENT OF 390K LINES(2G) AND 130K LINES(3G) - BSNL,Punjab",3G,,TELECOMMUNICATIONS,2012-04,2008-02,,373.94,,373.94,,,227.29,2008-12,,2012-06,,,,0,0,,,,FR_APR_2012.pdf,Sector-Wise analysis of projects,68,558
FR_201204_559,,N26000090,559,"GSM equipment of 1625000Lines (2G) 325000 lines 3( - BSNL,Madhya pradesh",2G,,TELECOMMUNICATIONS,2012-04,2009-11,,916.7,930.6,930.6,,,800.66,2010-11,,2012-03,,,,0,0,,,,FR_APR_2012.pdf,Sector-Wise analysis of projects,68,559
FR_201204_560,,N26000082,560,"GSM equipment of 200000Lines (2G) UP(West)Phase V. - BSNL,Uttar Pradesh",West,,TELECOMMUNICATIONS,2012-04,2008-10,,336.84,,336.84,,,35.75,2009-10,,2011-03,,,,0,0,,,,FR_APR_2012.pdf,Sector-Wise analysis of projects,68,560
FR_201204_561,,N26000088,561,"GSM equipment of 799000Lines (2G) 101000 lines 3(G - BSNL,Jharkhandd",2G,,TELECOMMUNICATIONS,2012-04,2008-03,,328.13,,328.12,,,164.58,2009-03,,2012-06,,,,0,0,,,,FR_APR_2012.pdf,Sector-Wise analysis of projects,68,561
FR_201204_562,,N26000073,562,"Implementation of FTTH, the state of the art Acces - BSNL,Multi State",,,TELECOMMUNICATIONS,2012-04,2007-12,,152.65,,152.65,,,,2010-03,,,,,,0,0,,,,FR_APR_2012.pdf,Sector-Wise analysis of projects,68,562
FR_201204_563,,N26000072,563,"Implementation of FTTH, the state of the art access ,gpon eq - BSNL,Multi State",,,TELECOMMUNICATIONS,2012-04,2007-12,,952.88,,952.88,,,,2010-03,,2010-10,,,,0,0,,,,FR_APR_2012.pdf,Sector-Wise analysis of projects,68,563
FR_201204_564,,N26000098,564,"NIB Project Capacity Expansion - BSNL,Multi State",,,TELECOMMUNICATIONS,2012-04,2007-06,,175.52,,175.52,,,60.84,2008-12,,2012-05,,,,0,0,,,,FR_APR_2012.pdf,Sector-Wise analysis of projects,68,564
FR_201204_565,,260100099,565,"PROJ.III OF NIB-II OF MESSAGING STORAGE - BSNL,Multi State",,,TELECOMMUNICATIONS,2012-04,2003-11,,250.0,,250.0,,,80.47,2005-12,2008-03,2012-05,,,,0,0,,,,FR_APR_2012.pdf,Sector-Wise analysis of projects,68,565
FR_201204_566,,N26000058,566,"UTTARANCHAL TELECOM CIRCLE PHASE-VI (2G & 3G) - BSNL,Uttaranchal Total",2G & 3G,,TELECOMMUNICATIONS,2012-04,2009-01,,149.15,158.72,158.72,,,76.55,2009-06,,2012-06,,,,0,0,,,,FR_APR_2012.pdf,Sector-Wise analysis of projects,68,566
FR_201204_567,,N28000008,567,"BANGALORE METRO RAIL PROJECT - MRTP,Karnataka",,,URBAN DEVELOPMENT,2012-04,2006-05,,6395.0,,11609.0,,,2267.57,2011-12,,2013-12,,,,6,6,,,,FR_APR_2012.pdf,Sector-Wise analysis of projects,68,567
FR_201204_568,,N28000048,568,"C/o office building for IDBI at bandra Kurla Compl - CPWD,Maharashtra",,,URBAN DEVELOPMENT,2012-04,2006-11,,114.18,173.08,173.08,,,,2009-04,,,,,,0,0,,,,FR_APR_2012.pdf,Sector-Wise analysis of projects,69,568
FR_201204_569,,N28000056,569,"DELHI MRTS PHASE-III - DMRC,Delhi",,,URBAN DEVELOPMENT,2012-04,2011-09,,35242.0,,35242.0,,,236.74,2016-03,,2016-03,,,,0,0,,,,FR_APR_2012.pdf,Sector-Wise analysis of projects,69,569
FR_201204_570,,N28000057,570,"FARIDABAD EXTENSION - DMRC,Delhi Total",,,URBAN DEVELOPMENT,2012-04,2011-09,,2494.0,44245.18,2494.0,,,2504.31,2014-09,,2014-09,,,,0,0,,,,FR_APR_2012.pdf,Sector-Wise analysis of projects,69,570
FR_201204_571,,300100001,571,"PAGLADIYA DAM PROJECT - MoWR,Assam Total",,,WATER RESOURCES,2012-04,2001-01,,542.9,542.9,1187.0,,,35.49,2007-12,,2012-12,,,,0,0,,,,FR_APR_2012.pdf,Sector-Wise analysis of projects,69,571
