observation_id,project_id,project_code,serial_no,project_name,agency,state,sector,report_date,approval_date,approval_date_revised,original_cost_crore,revised_cost_crore,anticipated_cost_crore,cost_overrun_original_crore,cost_overrun_revised_crore,cumulative_expenditure_crore,original_completion_date,revised_completion_date,anticipated_completion_date,time_overrun_original_months,time_overrun_revised_months,additional_delay_months,milestones_achieved,milestones_total,physical_progress_pct,delay_reason,status,source.report,source.table,source.page,source.serial_no
FR_200904_001,,,1,"KAIGA ATOM IC POWER PROJECT 3 & 4 UNITS, KAIGA",,,ATOMIC ENERGY,2009-04,2001-05,,4213.0,,3282.0,-931.0,,2398.0,2009-10,,2009-12,2.0,,,71,75,,,,FLR_APR_2009.pdf,Sector-Wise analysis of projects,15,1
FR_200904_002,,,2,"RAJASTHAN ATOMIC POWER PROJECT 5 & 6, RAWAT BHATA",,,ATOMIC ENERGY,2009-04,2002-04,,3072.0,,3072.0,0.0,,2008.0,2008-02,,2009-12,22.0,,3.0,61,75,,,,FLR_APR_2009.pdf,Sector-Wise analysis of projects,15,2
FR_200904_003,,,3,KUDANKULAM APP (NPCIL),NPCIL,,ATOMIC ENERGY,2009-04,2001-12,,13171.0,,13171.0,0.0,,11894.0,2008-12,,2010-08,20.0,,3.0,60,119,,,,FLR_APR_2009.pdf,Sector-Wise analysis of projects,15,3
FR_200904_004,,,4,PROTOTYPE FAST BREEDER REACTOR,,,ATOMIC ENERGY,2009-04,2003-09,,3492.0,,3492.0,0.0,,1681.34,2010-09,,2010-09,0.0,,,12,76,,,,FLR_APR_2009.pdf,Sector-Wise analysis of projects,15,4
FR_200904_005,,,5,Uranium Ore Mine & Processing Plant at Tummalapalle,,,ATOMIC ENERGY,2009-04,2007-09,,1106.29,,1106.29,0.0,,273.34,2011-04,,2011-04,0.0,,,0,0,,,,FLR_APR_2009.pdf,Sector-Wise analysis of projects,15,5
FR_200904_006,,,6,CONSTRUCTION OF NEW INTERNATIONAL TERMINAL BUILDING,,,ATOMIC ENERGY,2009-04,2007-02,,290.92,,290.92,0.0,,106.8,2009-02,,2009-06,4.0,,,8,24,,,,FLR_APR_2009.pdf,Sector-Wise analysis of projects,15,6
FR_200904_007,,,7,C/o New expandable Modular Integrated Bldg.Raipur Airport,,,ATOMIC ENERGY,2009-04,2008-03,,129.65,,129.65,0.0,,20.26,2009-09,,2009-09,0.0,,,0,0,,,,FLR_APR_2009.pdf,Sector-Wise analysis of projects,15,7
FR_200904_008,,,8,C/o Expandable Modular Integrated Ter. Buld.Raja Bhoj Airpt.,,,ATOMIC ENERGY,2009-04,2008-03,,135.04,,135.04,0.0,,19.82,2009-09,,2009-09,0.0,,,0,0,,,,FLR_APR_2009.pdf,Sector-Wise analysis of projects,15,8
FR_200904_009,,,9,Construction of New Internation Terminal Building,,,ATOMIC ENERGY,2009-04,2006-10,,245.58,295.0,245.58,0.0,-49.42,5.31,2008-12,,2009-09,9.0,,4.0,18,28,,,,FLR_APR_2009.pdf,Sector-Wise analysis of projects,15,9
FR_200904_010,,,10,"C/o Expandable Modular Ter. Bldg. at DABH, Indore",,,ATOMIC ENERGY,2009-04,2008-02,,135.6,,135.6,0.0,,16.07,2009-10,,2009-10,0.0,,,0,0,,,,FLR_APR_2009.pdf,Sector-Wise analysis of projects,15,10
FR_200904_011,,,11,"C/o Intigerated passenger terminal building, NSCBI Airport",,,ATOMIC ENERGY,2009-04,2008-08,,1942.51,,1942.51,0.0,,90.36,2011-05,,2011-05,0.0,,,0,0,,,,FLR_APR_2009.pdf,Sector-Wise analysis of projects,15,11
FR_200904_012,,,12,BARSINGSAR LIGNITE MINE,,,COAL,2009-04,2004-12,,254.07,,254.6,0.53,,195.99,2009-06,,2009-10,4.0,,,9,14,,,,FLR_APR_2009.pdf,Sector-Wise analysis of projects,15,12
FR_200904_013,,,13,BARSINGSAR TPS OF 250 MW,,,COAL,2009-04,2004-12,,1114.18,,1626.09,511.91,,1207.75,2009-06,,2010-01,7.0,,,10,21,,,,FLR_APR_2009.pdf,Sector-Wise analysis of projects,15,13
FR_200904_014,,,14,EXPANSION OF MINE-II,,,COAL,2009-04,2004-10,,2161.28,,2295.93,134.65,,1524.76,2009-06,,2010-02,8.0,,,12,17,,,,FLR_APR_2009.pdf,Sector-Wise analysis of projects,16,14
FR_200904_015,,,15,HANJRA CONTINOUS MINER (2ND SET),,,COAL,2009-04,2009-02,,122.35,,122.35,0.0,,,2013-03,,2010-03,-36.0,,,0,0,,,,FLR_APR_2009.pdf,Sector-Wise analysis of projects,16,15
FR_200904_016,,,16,Rajmahal OC expansion,,,COAL,2009-04,2006-02,,50.08,,272.13,222.05,,2.76,2010-03,,2010-03,0.0,,,0,1,,,,FLR_APR_2009.pdf,Sector-Wise analysis of projects,16,16
FR_200904_017,,,17,DIPKA EXPANSION OCP,,,COAL,2009-04,2005-07,,1268.53,,1268.53,0.0,,575.12,2010-03,,2010-03,0.0,,,4,15,,,,FLR_APR_2009.pdf,Sector-Wise analysis of projects,16,17
FR_200904_018,,,18,KULDA OCP,,,COAL,2009-04,2005-01,,302.96,,302.96,0.0,,52.07,2010-03,,2010-03,0.0,,,0,4,,,,FLR_APR_2009.pdf,Sector-Wise analysis of projects,16,18
FR_200904_019,,,19,BHARATPUR OC EXPANSION PHASE-III PROJECT,,,COAL,2009-04,2007-02,,131.39,,131.39,0.0,,35.16,2010-03,,2010-03,0.0,,,0,2,,,,FLR_APR_2009.pdf,Sector-Wise analysis of projects,16,19
FR_200904_020,,,20,"GEVRA EXPANSION OCP, 25MTY (SECL)",,,COAL,2009-04,2005-07,,1667.55,,1667.55,0.0,,871.39,2010-03,,2010-03,0.0,,,10,19,,,,FLR_APR_2009.pdf,Sector-Wise analysis of projects,16,20
FR_200904_021,,,21,KRISHNASHILA,,,COAL,2009-04,2006-05,,789.88,,789.88,0.0,,131.23,2010-03,,2010-03,0.0,,,1,8,,,,FLR_APR_2009.pdf,Sector-Wise analysis of projects,16,21
FR_200904_022,,,22,TPS-II EXPANSION (1470MW TO 1970MW) (NLC),NLC,,COAL,2009-04,2004-10,,2030.78,,2453.57,422.79,,1698.73,2009-06,,2010-11,17.0,,,6,19,,,,FLR_APR_2009.pdf,Sector-Wise analysis of projects,16,22
FR_200904_023,,,23,ASHOK OC EXPANSION,,,COAL,2009-04,2006-04,2007-12,471.66,341.63,471.66,0.0,130.03,101.61,2011-03,,2011-03,0.0,,,2,5,,,,FLR_APR_2009.pdf,Sector-Wise analysis of projects,16,23
FR_200904_024,,,24,SARPI AUGMENTATION ( UG),,,COAL,2009-04,2008-06,,147.86,,147.86,0.0,,27.42,2012-03,,2011-03,-12.0,,,0,0,,,,FLR_APR_2009.pdf,Sector-Wise analysis of projects,16,24
FR_200904_025,,,25,PELMA UG,,,COAL,2009-04,2008-07,,448.32,,448.32,0.0,,,2012-03,,2012-03,0.0,,,0,0,,,,FLR_APR_2009.pdf,Sector-Wise analysis of projects,16,25
FR_200904_026,,,26,Kaniha OCP,,,COAL,2009-04,2007-12,,457.77,,457.77,0.0,,35.29,2012-03,,2012-03,0.0,,,0,2,,,,FLR_APR_2009.pdf,Sector-Wise analysis of projects,16,26
FR_200904_027,,,27,"NIGAHI OC EXPANSION PROJECT 10 MTY TO 15 MTY, SINGRAULI",,,COAL,2009-04,2007-10,,529.4,,259.4,-270.0,,,2012-03,,2012-03,0.0,,,0,2,,,,FLR_APR_2009.pdf,Sector-Wise analysis of projects,16,27
FR_200904_028,,,28,JHANJRA LONGWAL UG PHASE-II,,,COAL,2009-04,2006-11,,287.18,,287.17,-0.01,,,2009-11,,2012-03,28.0,,,0,1,,,,FLR_APR_2009.pdf,Sector-Wise analysis of projects,16,28
FR_200904_029,,,29,BLOCK-B OCP NCL (3.5 MTY),,,COAL,2009-04,2006-07,,746.04,,746.04,0.0,,121.13,2012-03,,2012-03,0.0,,,3,10,,,,FLR_APR_2009.pdf,Sector-Wise analysis of projects,16,29
FR_200904_030,,,30,SHANTIKHANI LONGWALL PROJECTS,,,COAL,2009-04,2006-10,,249.03,,249.03,0.0,,24.64,2012-03,,2012-03,0.0,,,4,28,,,,FLR_APR_2009.pdf,Sector-Wise analysis of projects,16,30
FR_200904_031,,,31,Tuticorin Thermal Power Project,,,COAL,2009-04,2008-05,,4904.54,,4904.54,0.0,,330.68,2012-08,,2012-08,0.0,,,0,0,,,,FLR_APR_2009.pdf,Sector-Wise analysis of projects,16,31
FR_200904_032,,,32,Kakatiya Laongwall,,,COAL,2009-04,2008-12,,453.63,,453.63,0.0,,29.43,2012-12,,2012-12,0.0,,,0,46,,,,FLR_APR_2009.pdf,Sector-Wise analysis of projects,17,32
FR_200904_033,,,33,NARAYANKURI UG,,,COAL,2009-04,2009-02,,149.06,,149.06,0.0,,,2016-03,,2013-03,-36.0,,,0,0,,,,FLR_APR_2009.pdf,Sector-Wise analysis of projects,17,33
FR_200904_034,,,34,Batura OC,,,COAL,2009-04,2008-09,,203.82,,203.82,0.0,,,2013-03,,2013-03,0.0,,,0,0,,,,FLR_APR_2009.pdf,Sector-Wise analysis of projects,17,34
FR_200904_035,,,35,KUSMUNDA EXPANSION OCP,,,COAL,2009-04,2006-06,,737.65,,1188.31,450.66,,565.12,2011-03,2013-03,2013-03,24.0,0.0,,4,7,,,,FLR_APR_2009.pdf,Sector-Wise analysis of projects,17,35
FR_200904_036,,,36,CHITRA EAST OCP,,,COAL,2009-04,2007-08,,112.69,,112.69,0.0,,,2010-11,,2013-03,28.0,,,0,0,,,,FLR_APR_2009.pdf,Sector-Wise analysis of projects,17,36
FR_200904_037,,,37,MAGADH OC (CCL),CCL,,COAL,2009-04,2006-07,,469.78,706.4,469.78,0.0,-236.62,3.25,2012-07,,2013-03,8.0,,8.0,1,3,,,,FLR_APR_2009.pdf,Sector-Wise analysis of projects,17,37
FR_200904_038,,,38,ADRIYALA SHAFT PROJECT,,,COAL,2009-04,2006-09,,212.34,,212.34,0.0,,13.36,2013-03,,2013-03,0.0,,,6,34,,,,FLR_APR_2009.pdf,Sector-Wise analysis of projects,17,38
FR_200904_039,,,39,Gopal Prasad OCP,,,COAL,2009-04,2008-02,,395.87,,395.87,0.0,,14.2,2013-03,,2013-03,0.0,,,0,0,,,,FLR_APR_2009.pdf,Sector-Wise analysis of projects,17,39
FR_200904_040,,,40,JALLARAM SHAFT PROJECT UG,,,COAL,2009-04,2007-09,,467.78,,467.78,0.0,,10.35,2013-03,,2013-03,0.0,,,2,27,,,,FLR_APR_2009.pdf,Sector-Wise analysis of projects,17,40
FR_200904_041,,,41,BINA EXTENSION OC PROJECT,,,COAL,2009-04,2006-11,,168.97,,168.97,0.0,,56.63,2014-03,,2013-11,-4.0,,,2,4,,,,FLR_APR_2009.pdf,Sector-Wise analysis of projects,17,41
FR_200904_042,,,42,AMLOHRI EXPANSION PROJECT 4 TO 10 (6 MTY),,,COAL,2009-04,2006-05,,1352.04,,1352.04,0.0,,6.57,2014-03,,2014-03,0.0,,,2,6,,,,FLR_APR_2009.pdf,Sector-Wise analysis of projects,17,42
FR_200904_043,,,43,PENGANGA OC,,,COAL,2009-04,2008-10,,339.77,,339.77,0.0,,,2014-03,,2014-03,0.0,,,0,0,,,,FLR_APR_2009.pdf,Sector-Wise analysis of projects,17,43
FR_200904_044,,,44,Bhubaneswari; OCP,,,COAL,2009-04,2007-12,,490.1,,490.1,0.0,,48.8,2014-03,,2014-03,0.0,,,0,0,,,,FLR_APR_2009.pdf,Sector-Wise analysis of projects,17,44
FR_200904_045,,,45,CHURCHA UG,,,COAL,2009-04,2008-06,,462.35,,462.35,0.0,,229.72,2014-06,,2014-06,0.0,,,0,0,,,,FLR_APR_2009.pdf,Sector-Wise analysis of projects,17,45
FR_200904_046,,,46,Talabira OCP,,,COAL,2009-04,2008-03,,447.72,,447.72,0.0,,3.04,2015-03,,2015-03,0.0,,,0,0,,,,FLR_APR_2009.pdf,Sector-Wise analysis of projects,17,46
FR_200904_047,,,47,BAROUD OC EXPANSION,,,COAL,2009-04,2008-07,,135.58,,135.58,0.0,,22.55,2015-03,,2015-03,0.0,,,0,0,,,,FLR_APR_2009.pdf,Sector-Wise analysis of projects,17,47
FR_200904_048,,,48,Balram OCP Extension (MCL),,,COAL,2009-04,2007-12,,172.08,,172.08,0.0,,76.35,2009-03,,,,,,0,0,,,,FLR_APR_2009.pdf,Sector-Wise analysis of projects,17,48
FR_200904_049,,,49,SECOND PHASE EXPANSION OF NALCO,,,MINES,2009-04,2004-10,,4091.51,,4091.51,0.0,,3232.56,2008-12,,2009-09,9.0,,,25,111,,,,FLR_APR_2009.pdf,Sector-Wise analysis of projects,18,49
FR_200904_050,,,50,Coking Coal Storage Facilities in Coal Handling Plant,,,STEEL,2009-04,2006-09,,133.91,,134.32,0.41,,99.58,2008-03,,2009-06,15.0,,1.0,1,3,,,,FLR_APR_2009.pdf,Sector-Wise analysis of projects,18,50
FR_200904_051,,,51,INSTALLATION OF MSDS-V & TRANSMISSION NETWORK,,,STEEL,2009-04,2007-05,,143.02,,143.02,0.0,,104.49,2008-11,,2009-06,7.0,,,0,0,,,,FLR_APR_2009.pdf,Sector-Wise analysis of projects,18,51
FR_200904_052,,,52,INSTALLATION OF NEW COKE OVEN GAS HOLDER,,,STEEL,2009-04,2007-07,,123.22,,123.22,0.0,,61.83,2009-06,,2009-06,0.0,,,1,1,,,,FLR_APR_2009.pdf,Sector-Wise analysis of projects,18,52
FR_200904_053,,,53,REBUILDING OF COKE OVEN BATTERY NO.4,,,STEEL,2009-04,2007-05,,248.94,,248.94,0.0,,79.75,2009-08,,2009-08,0.0,,,1,1,,,,FLR_APR_2009.pdf,Sector-Wise analysis of projects,18,53
FR_200904_054,,,54,Development of Bailadila Iron Ore project Deposite- 11B,,,STEEL,2009-04,2003-01,,295.89,,607.17,311.28,,159.34,2009-10,,2009-10,0.0,,,5,20,,,,FLR_APR_2009.pdf,Sector-Wise analysis of projects,18,54
FR_200904_055,,,55,SIMULTANEOUS BLOWING OF BOF CONVERTER OF SMS-II,,,STEEL,2009-04,2008-01,,197.66,,197.66,0.0,,27.21,2009-10,,2009-10,0.0,,,0,0,,,,FLR_APR_2009.pdf,Sector-Wise analysis of projects,18,55
FR_200904_056,,,56,COAL DUST INJECTION SYSTEM IN BLAST FURNACE-2 & 3,,,STEEL,2009-04,2006-04,,132.73,,133.92,1.19,,72.22,2008-05,,2009-10,17.0,,,1,2,,,,FLR_APR_2009.pdf,Sector-Wise analysis of projects,18,56
FR_200904_057,,,57,INSTALLATION OF 700 TONNES PER DAY OXYGEN PLANT,,,STEEL,2009-04,2007-07,,302.7,,302.7,0.0,,100.04,2009-06,,2009-12,6.0,,6.0,0,0,,,,FLR_APR_2009.pdf,Sector-Wise analysis of projects,18,57
FR_200904_058,,,58,PULVERISED COAL INJECTION SYSTEM FOR BF-1 & 2,,,STEEL,2009-04,2007-11,,125.0,,133.0,8.0,,0.74,2009-09,,2009-12,3.0,,,0,0,,,,FLR_APR_2009.pdf,Sector-Wise analysis of projects,18,58
FR_200904_059,,,59,Installation of Turbo Blower - 8 in Turbo Blower Station,,,STEEL,2009-04,2007-10,,105.33,,105.33,0.0,,5.93,2009-08,,2010-01,5.0,,,0,2,,,,FLR_APR_2009.pdf,Sector-Wise analysis of projects,18,59
FR_200904_060,,,60,Rebuilding of Coke Oven Battery No.6,,,STEEL,2009-04,2008-07,,172.78,,191.0,18.22,,11.53,2010-01,,2010-01,0.0,,,0,0,,,,FLR_APR_2009.pdf,Sector-Wise analysis of projects,18,60
FR_200904_061,,,61,330 TPH BOILER-6 AND AUXILIARY SYSTEM,,,STEEL,2009-04,2007-07,,260.0,,319.89,59.89,,50.93,2010-02,,2010-02,0.0,,,0,0,,,,FLR_APR_2009.pdf,Sector-Wise analysis of projects,18,61
FR_200904_062,,,62,Enhancement of Loading capacity at Bolani Iron Ore Mine,,,STEEL,2009-04,2008-06,,124.88,,119.88,-5.0,,14.46,2009-12,,2010-02,2.0,,2.0,0,0,,,,FLR_APR_2009.pdf,Sector-Wise analysis of projects,18,62
FR_200904_063,,,63,Expansion of Salem Steel Plant,,,STEEL,2009-04,2008-01,,1902.0,,1902.0,0.0,,594.49,2010-03,,2010-03,0.0,,,4,4,,,,FLR_APR_2009.pdf,Sector-Wise analysis of projects,18,63
FR_200904_064,,,64,REBUILDING OF COKE OVEN BATTERY NO.10,,,STEEL,2009-04,2007-03,,416.5,,416.5,0.0,,142.68,2009-09,,2010-03,6.0,,6.0,2,3,,,,FLR_APR_2009.pdf,Sector-Wise analysis of projects,18,64
FR_200904_065,,,65,Rebuilding of Blast Furnance No.2,,,STEEL,2009-04,2007-10,,892.32,,892.32,0.0,,258.96,2009-08,,2010-03,7.0,,7.0,1,2,,,,FLR_APR_2009.pdf,Sector-Wise analysis of projects,19,65
FR_200904_066,,,66,COKE OVEN BATTERY NO.4 PHASE-II,,,STEEL,2009-04,2007-08,,108.0,,168.95,60.95,,4.01,2009-10,,2010-05,7.0,,,0,0,,,,FLR_APR_2009.pdf,Sector-Wise analysis of projects,19,66
FR_200904_067,,,67,Air Separation Plant (ASU- 4),,,STEEL,2009-04,2008-03,,96.0,,150.0,54.0,,3.6,2010-06,,2010-06,0.0,,,0,0,,,,FLR_APR_2009.pdf,Sector-Wise analysis of projects,19,67
FR_200904_068,,,68,Expansion of IISCO Steel Plant,,,STEEL,2009-04,2008-02,,14443.0,,14443.0,0.0,,2438.46,2010-07,,2010-07,0.0,,,7,7,,,,FLR_APR_2009.pdf,Sector-Wise analysis of projects,19,68
FR_200904_069,,,69,Rebuilding of Coke Oven Battery No.1 & 2,,,STEEL,2009-04,2007-10,,500.9,,500.9,0.0,,59.72,2010-04,,2010-10,6.0,,,1,2,,,,FLR_APR_2009.pdf,Sector-Wise analysis of projects,19,69
FR_200904_070,,,70,Air Separation Plant (ASU- 5),,,STEEL,2009-04,2008-06,,129.5,,129.5,0.0,,,2010-12,,2010-12,0.0,,,0,0,,,,FLR_APR_2009.pdf,Sector-Wise analysis of projects,19,70
FR_200904_071,,,71,Expansion of Bokaro Steel Plant,,,STEEL,2009-04,2008-01,,3316.0,,3316.0,0.0,,370.09,2010-12,,2010-12,0.0,,,0,0,,,,FLR_APR_2009.pdf,Sector-Wise analysis of projects,19,71
FR_200904_072,,,72,67.5 MW TG-5 AUX. S'TEM-EMERGENCY POWER REQUIREMENT EXP.UNIT,,,STEEL,2009-04,2007-07,,230.0,,358.19,128.19,,51.33,2010-02,,2011-01,11.0,,,0,0,,,,FLR_APR_2009.pdf,Sector-Wise analysis of projects,19,72
FR_200904_073,,,73,"POWER PLANT-I,",,,STEEL,2009-04,2007-09,,462.0,,465.0,3.0,,40.51,2009-12,,2011-01,13.0,,,0,0,,,,FLR_APR_2009.pdf,Sector-Wise analysis of projects,19,73
FR_200904_074,,,74,Expansion of Rourkela Steel Plant,,,STEEL,2009-04,2008-09,,6133.0,,6133.0,0.0,,486.1,2011-02,,2011-04,2.0,,,0,0,,,,FLR_APR_2009.pdf,Sector-Wise analysis of projects,19,74
FR_200904_075,,,75,700 tpd Air Separation Unit-4 at Oxygen Plant-II,,,STEEL,2009-04,2007-07,,244.3,,232.93,-11.37,,19.99,2009-07,,2011-05,22.0,,,0,0,,,,FLR_APR_2009.pdf,Sector-Wise analysis of projects,19,75
FR_200904_076,,,76,EXPANSION OF RINL/VSP FROM 3 MTPY-6.3 MTPY OF LIQUID STEEL,,,STEEL,2009-04,2005-10,,8692.0,,12229.0,3537.0,,3301.0,2009-10,,2011-06,20.0,,,0,126,,,,FLR_APR_2009.pdf,Sector-Wise analysis of projects,19,76
FR_200904_077,,,77,Expansion of Bhilai Steel Plant,,,STEEL,2009-04,2008-09,,5185.0,,5896.0,711.0,,378.84,2011-05,,2011-11,6.0,,,0,0,,,,FLR_APR_2009.pdf,Sector-Wise analysis of projects,19,77
FR_200904_078,,,78,Augmentation of Iron Ore Storage in RMHP,,,STEEL,2009-04,2008-05,,480.0,,480.0,0.0,,,2010-09,,2011-12,15.0,,,0,0,,,,FLR_APR_2009.pdf,Sector-Wise analysis of projects,19,78
FR_200904_079,,,79,"DEVELOPMENT OF BASSEIN (VASAI) EAST, WESTERN OFFSHORE",,,PETROLEUM,2009-04,2003-04,,985.17,,1688.38,703.21,,1491.57,2006-03,,2009-04,37.0,,,0,0,,,,FLR_APR_2009.pdf,Sector-Wise analysis of projects,19,79
FR_200904_080,,,80,AUGMENTATION OF MUNDRA-PANIPAT LINE,,,PETROLEUM,2009-04,2005-06,,205.0,,165.0,-40.0,,135.85,2008-03,,2009-05,14.0,,1.0,1,1,,,,FLR_APR_2009.pdf,Sector-Wise analysis of projects,19,80
FR_200904_081,,,81,MNW-NF Bridge Project,,,PETROLEUM,2009-04,2008-05,,175.21,,162.12,-13.09,,53.01,2009-03,,2009-05,2.0,,,0,0,,,,FLR_APR_2009.pdf,Sector-Wise analysis of projects,20,81
FR_200904_082,,,82,CLEAN FUELS PROJECT VIZAG REFINERY MODERNISATION,,,PETROLEUM,2009-04,2003-04,,1635.0,,2147.79,512.79,,2174.79,2006-05,,2009-06,37.0,,,14,45,,,,FLR_APR_2009.pdf,Sector-Wise analysis of projects,20,82
FR_200904_083,,,83,Chainsa -Jhajjar Pipeline Project,,,PETROLEUM,2009-04,2007-11,,967.77,,571.64,-396.13,,6.72,2009-09,,2009-10,1.0,,,0,0,,,,FLR_APR_2009.pdf,Sector-Wise analysis of projects,20,83
FR_200904_084,,,84,Sultanpur-Neemrana Pipeline Project,,,PETROLEUM,2009-04,2007-11,,396.13,,396.13,0.0,,0.87,2009-10,,2009-10,0.0,,,0,0,,,,FLR_APR_2009.pdf,Sector-Wise analysis of projects,20,84
FR_200904_085,,,85,LPG Processing & Compression,,,PETROLEUM,2009-04,2007-08,,142.0,,139.07,-2.93,,4.03,2009-10,,2009-10,0.0,,,0,0,,,,FLR_APR_2009.pdf,Sector-Wise analysis of projects,20,85
FR_200904_086,,,86,PANIPAT-NAPHTA CRACKER PROJECT,,,PETROLEUM,2009-04,2006-04,,12138.0,,14439.0,2301.0,,8590.08,2009-09,,2009-11,2.0,,,4,6,,,,FLR_APR_2009.pdf,Sector-Wise analysis of projects,20,86
FR_200904_087,,,87,DADRI PANIPAT LNG PIPLINE,,,PETROLEUM,2009-04,2005-06,,250.66,,298.0,47.34,,217.63,2008-06,,2009-11,17.0,,6.0,0,0,,,,FLR_APR_2009.pdf,Sector-Wise analysis of projects,20,87
FR_200904_088,,,88,CHENNAI-BANGLORE PIPLINE,,,PETROLEUM,2009-04,2007-07,,232.11,,273.0,40.89,,26.7,2009-07,,2009-12,5.0,,,0,0,,,,FLR_APR_2009.pdf,Sector-Wise analysis of projects,20,88
FR_200904_089,,,89,INST. OF FACILITIES FOR IMPROVEMENT IN DIESEL QUALITY (IOCL),,,PETROLEUM,2009-04,2005-11,,1876.0,,2869.0,993.0,,1901.68,2009-04,,2009-12,8.0,,,6,7,,,,FLR_APR_2009.pdf,Sector-Wise analysis of projects,20,89
FR_200904_090,,,90,INST. OF FCC GASOLINE DESULPHUN UNIT AT MATHURA REFINERY,,,PETROLEUM,2009-04,2008-01,,348.0,,348.0,0.0,,91.59,2009-12,,2009-12,0.0,,,7,7,,,,FLR_APR_2009.pdf,Sector-Wise analysis of projects,20,90
FR_200904_091,,,91,MSQ UPGRADATION PROJECT AT PANIPAT REFINERY,,,PETROLEUM,2009-04,2008-01,,1131.0,,1131.0,0.0,,484.67,2009-12,,2009-12,0.0,,,16,16,,,,FLR_APR_2009.pdf,Sector-Wise analysis of projects,20,91
FR_200904_092,,,92,DIESEL HYDROGEN TREATMENT PROJECT BONGAIGAON,,,PETROLEUM,2009-04,2006-05,,1431.91,,1646.39,214.48,,1009.9,2009-09,,2009-12,3.0,,,1,69,,,,FLR_APR_2009.pdf,Sector-Wise analysis of projects,20,92
FR_200904_093,,,93,MSQ Improvement project,,,PETROLEUM,2009-04,2008-04,,293.6,,293.6,0.0,,13.24,2009-12,,2009-12,0.0,,,8,8,,,,FLR_APR_2009.pdf,Sector-Wise analysis of projects,20,93
FR_200904_094,,,94,DEVELOPMENT OF C- SERIES FIELDS,,,PETROLEUM,2009-04,2006-08,,3195.16,,1800.0,-1395.16,,1461.46,2008-12,,2009-12,12.0,,,0,0,,,,FLR_APR_2009.pdf,Sector-Wise analysis of projects,20,94
FR_200904_095,,,95,"CRUDE OIL RECEIPT FACILITY, KOCHI REFINERY",,,PETROLEUM,2009-04,2006-04,,2591.8,,3941.41,1349.61,,947.1,2009-09,,2009-12,3.0,,,0,0,,,,FLR_APR_2009.pdf,Sector-Wise analysis of projects,20,95
FR_200904_096,,,96,RESIDUE UPGRADATION & MS/HSD QUANLITY IMPROVEMENT PROJECT,,,PETROLEUM,2009-04,2007-01,,5693.0,,5882.0,189.0,,2374.26,2010-01,,2010-01,0.0,,,8,8,,,,FLR_APR_2009.pdf,Sector-Wise analysis of projects,20,96
FR_200904_097,,,97,MSQ Upgradation project at Guwahati Refinery,,,PETROLEUM,2009-04,2008-04,,372.0,,372.0,0.0,,25.37,2010-02,,2010-02,0.0,,,14,14,,,,FLR_APR_2009.pdf,Sector-Wise analysis of projects,20,97
FR_200904_098,,,98,MSQ Upgradation project at Digboi Refinery,,,PETROLEUM,2009-04,2008-04,,356.0,,356.0,0.0,,26.88,2010-02,,2010-02,0.0,,,7,7,,,,FLR_APR_2009.pdf,Sector-Wise analysis of projects,21,98
FR_200904_099,,,99,C2-C3 & LPG RECOVERY FROM LNG AT DAHEJ,,,PETROLEUM,2009-04,2003-12,,900.92,,1493.49,592.57,,662.96,2006-06,,2010-03,45.0,,,0,0,,,,FLR_APR_2009.pdf,Sector-Wise analysis of projects,21,99
FR_200904_100,,,100,IOR LAKWA- LAKHMANI,,,PETROLEUM,2009-04,2001-09,,345.1,,429.38,84.28,,465.19,2007-03,,2010-03,36.0,,,3,3,,,,FLR_APR_2009.pdf,Sector-Wise analysis of projects,21,100
FR_200904_101,,,101,"IMPROVED OIL RECOVERY PROJECT, RUDRASAGAR",,,PETROLEUM,2009-04,2001-09,,113.9,,219.22,105.32,,130.97,2006-03,,2010-03,48.0,,,6,6,,,,FLR_APR_2009.pdf,Sector-Wise analysis of projects,21,101
FR_200904_102,,,102,MSQ Upgradation project at Barauni refinery,,,PETROLEUM,2009-04,2008-04,,1492.0,,1492.0,0.0,,180.83,2010-04,,2010-03,-1.0,,,4,4,,,,FLR_APR_2009.pdf,Sector-Wise analysis of projects,21,102
FR_200904_103,,,103,Vijaipur- Dadri-Bawana Pipeline project.,,,PETROLEUM,2009-04,2007-11,,5595.31,,4316.55,-1278.76,,1620.28,2009-11,,2010-04,5.0,,,0,0,,,,FLR_APR_2009.pdf,Sector-Wise analysis of projects,21,103
FR_200904_104,,,104,EXPANSION OF PANIPAT REFINERY 15 MMTPA,,,PETROLEUM,2009-04,2005-06,,806.0,,1007.83,201.83,,375.3,2008-03,,2010-04,25.0,,4.0,8,21,,,,FLR_APR_2009.pdf,Sector-Wise analysis of projects,21,104
FR_200904_105,,,105,INTEGRATED DEVELOPMENT OF G1 & GS-15 FIELDS,,,PETROLEUM,2009-04,2003-04,,429.82,,1262.93,833.11,,1079.16,2005-03,,2010-04,61.0,,,0,0,,,,FLR_APR_2009.pdf,Sector-Wise analysis of projects,21,105
FR_200904_106,,,106,LUBE OIL BASE STOCK QUALITY UP GRADATION,,,PETROLEUM,2009-04,2006-10,,638.9,,1030.0,391.1,,249.87,2009-04,,2010-05,13.0,,,0,0,,,,FLR_APR_2009.pdf,Sector-Wise analysis of projects,21,106
FR_200904_107,,,107,Development of B-46 Cluster Field,,,PETROLEUM,2009-04,2007-06,,1436.21,,1436.21,0.0,,,2010-05,,2010-05,0.0,,,0,0,,,,FLR_APR_2009.pdf,Sector-Wise analysis of projects,21,107
FR_200904_108,,,108,Revamping of WIN platform at MH Asset,,,PETROLEUM,2009-04,2008-05,,333.4,,333.4,0.0,,0.35,2010-05,,2010-05,0.0,,,0,0,,,,FLR_APR_2009.pdf,Sector-Wise analysis of projects,21,108
FR_200904_109,,,109,Barge Bumper-Boat Landing-Riser Protector Project Phase-II,,,PETROLEUM,2009-04,2008-05,,289.6,,289.6,0.0,,124.88,2010-05,,2010-05,0.0,,,0,0,,,,FLR_APR_2009.pdf,Sector-Wise analysis of projects,21,109
FR_200904_110,,,110,Installation of FCCV at Mumbai Refinery,,,PETROLEUM,2009-04,2007-03,,900.47,,900.47,0.0,,291.31,2009-09,,2010-05,8.0,,,0,0,,,,FLR_APR_2009.pdf,Sector-Wise analysis of projects,21,110
FR_200904_111,,,111,HEERA AND SOUTH HEERA REDEVELOPMENT PROJECT,,,PETROLEUM,2009-04,2006-09,,2305.3,,1339.25,-966.05,,935.69,2010-06,,2010-06,0.0,,,0,0,,,,FLR_APR_2009.pdf,Sector-Wise analysis of projects,21,111
FR_200904_112,,,112,Two Pipeline replacement project at Ahmedabad and Mehsana,,,PETROLEUM,2009-04,2008-03,,188.18,,143.84,-44.34,,,2010-06,,2010-06,0.0,,,0,0,,,,FLR_APR_2009.pdf,Sector-Wise analysis of projects,21,112
FR_200904_113,,,113,Compressor Stations (Vijaypur and Jhabua) Phase-I &II,,,PETROLEUM,2009-04,2007-11,,1512.0,,1512.0,0.0,,0.93,2011-10,,2010-10,-12.0,,,0,0,,,,FLR_APR_2009.pdf,Sector-Wise analysis of projects,21,113
FR_200904_114,,,114,"Dahej-Vijaypur Pipeline Project, Phase-II",,,PETROLEUM,2009-04,2007-11,,4429.38,,4403.26,-26.12,,7.93,2010-10,,2010-10,0.0,,,0,0,,,,FLR_APR_2009.pdf,Sector-Wise analysis of projects,21,114
FR_200904_115,,,115,Jhajjar-Hisar pipeline Project,,,PETROLEUM,2009-04,2007-11,,281.07,,281.07,0.0,,0.49,2010-10,,2010-10,0.0,,,0,0,,,,FLR_APR_2009.pdf,Sector-Wise analysis of projects,21,115
FR_200904_116,,,116,Bawana-Mangal pipeline Project,,,PETROLEUM,2009-04,2007-11,,1816.07,,1816.07,0.0,,1.67,2010-10,,2010-10,0.0,,,0,0,,,,FLR_APR_2009.pdf,Sector-Wise analysis of projects,22,116
FR_200904_117,,,117,DEVELOPMENT OF B-22 CLUSTER FIELDS,,,PETROLEUM,2009-04,2007-01,,1552.63,,1552.63,0.0,,4.78,2009-02,2010-09,2011-03,25.0,6.0,,0,0,,,,FLR_APR_2009.pdf,Sector-Wise analysis of projects,22,117
FR_200904_118,,,118,"IMPROVED OIL RECOVERY PROJECT, GELEKI",,,PETROLEUM,2009-04,2001-09,,390.09,,834.9,444.81,,797.92,2007-03,,2011-03,48.0,,,6,6,,,,FLR_APR_2009.pdf,Sector-Wise analysis of projects,22,118
FR_200904_119,,,119,Mumbai High South Redevelopment Phase-II,,,PETROLEUM,2009-04,2007-06,,1252.75,,5713.07,4460.32,,3050.24,2009-06,,2011-04,22.0,,,0,0,,,,FLR_APR_2009.pdf,Sector-Wise analysis of projects,22,119
FR_200904_120,,,120,Compressor Stations (Kailaras & Chainsa),,,PETROLEUM,2009-04,2007-11,,1061.93,,1061.93,0.0,,,2011-11,,2011-04,-7.0,,,0,0,,,,FLR_APR_2009.pdf,Sector-Wise analysis of projects,22,120
FR_200904_121,,,121,DEVELOPMENT OF B- 193 CLUSTER FIELDS,,,PETROLEUM,2009-04,2007-06,,3248.78,,2710.1,-538.68,,0.61,2010-03,,2011-08,17.0,,,0,0,,,,FLR_APR_2009.pdf,Sector-Wise analysis of projects,22,121
FR_200904_122,,,122,BRANCH PIPELINE FROM KSPL VIRAMGAON TO KANDLA,,,PETROLEUM,2009-04,2009-02,,349.0,,349.0,0.0,,,2011-08,,2011-08,0.0,,,0,0,,,,FLR_APR_2009.pdf,Sector-Wise analysis of projects,22,122
FR_200904_123,,,123,Resitment of Marketing installation at Visakh,,,PETROLEUM,2009-04,2009-01,,756.0,,756.0,0.0,,4.13,2011-12,,2011-12,0.0,,,0,0,,,,FLR_APR_2009.pdf,Sector-Wise analysis of projects,22,123
FR_200904_124,,,124,OFFSHORE GRID INTER CONNECTIVITY PROJECT IN MUMBAI HIGH,,,PETROLEUM,2009-04,2007-01,,740.02,,740.02,0.0,,139.12,2010-03,,2012-03,24.0,,,0,0,,,,FLR_APR_2009.pdf,Sector-Wise analysis of projects,22,124
FR_200904_125,,,125,CONSTRUCTION OF NEW PROCESS COMPLEX MHN,,,PETROLEUM,2009-04,2007-01,,2853.29,,2853.29,0.0,,0.11,2010-05,,2012-05,24.0,,,0,0,,,,FLR_APR_2009.pdf,Sector-Wise analysis of projects,22,125
FR_200904_126,,,126,PARADIP REFINERY PROJECT,,,PETROLEUM,2009-04,2009-02,,29777.0,,29777.0,0.0,,1559.07,2012-03,,2012-07,4.0,,4.0,0,0,,,,FLR_APR_2009.pdf,Sector-Wise analysis of projects,22,126
FR_200904_127,,,127,GREEN FUELS & EMISSION CONTROL PROJECT AT MUMBAI REFINERY,,,PETROLEUM,2009-04,2002-10,,1152.0,,1731.0,579.0,,1551.79,2005-04,,,,,,64,72,,,,FLR_APR_2009.pdf,Sector-Wise analysis of projects,22,127
FR_200904_128,,,128,SIPAT-II SUPPLEMENTARY TRANSMISSION SYSTEM (1167 CKM),,,POWER,2009-04,2005-06,,813.67,,820.45,6.78,,732.17,2008-06,,2009-06,12.0,,1.0,16,22,,,,FLR_APR_2009.pdf,Sector-Wise analysis of projects,22,128
FR_200904_129,,,129,ENHANCEMENT OF TRANSMISSION CAPACITY IN EAST- WEST CORRIDOR,,,POWER,2009-04,2006-10,,103.8,,103.8,0.0,,53.21,2009-06,,2009-06,0.0,,,0,0,,,,FLR_APR_2009.pdf,Sector-Wise analysis of projects,22,129
FR_200904_130,,,130,NORTHERN REGION SYSTEM STRENGTHENING SCHEME-V (1222 CKM),,,POWER,2009-04,2006-06,,721.25,,721.25,0.0,,532.96,2009-06,,2009-06,0.0,,,9,18,,,,FLR_APR_2009.pdf,Sector-Wise analysis of projects,23,130
FR_200904_131,,,131,KUNADANKULAM-APP TRANSMISSION SYSTEM (1838 CKM),,,POWER,2009-04,2005-05,,1779.29,,1896.65,117.36,,1347.37,2008-11,,2009-06,7.0,,,15,38,,,,FLR_APR_2009.pdf,Sector-Wise analysis of projects,23,131
FR_200904_132,,,132,"NEYVELI TS-II TRANSIMISSION SYSTEM, 838 CKM",,,POWER,2009-04,2005-01,,691.83,,806.38,114.55,,679.03,2007-12,,2009-06,18.0,,,10,20,,,,FLR_APR_2009.pdf,Sector-Wise analysis of projects,23,132
FR_200904_133,,,133,KOLDAM - HEP TRANSMISSION SYSTEM (396 CKM),,,POWER,2009-04,2005-09,,464.91,,464.91,0.0,,155.9,2008-09,,2009-06,9.0,,,16,22,,,,FLR_APR_2009.pdf,Sector-Wise analysis of projects,23,133
FR_200904_134,,,134,"KAHALGAON STPP STAGE-II, 3x500 MW",,,POWER,2009-04,2004-05,,5868.31,,5868.37,0.06,,4806.42,2007-05,,2009-06,25.0,,,55,57,,,,FLR_APR_2009.pdf,Sector-Wise analysis of projects,23,134
FR_200904_135,,,135,NORTHERN REGION SYSTEM STRENGTHENING SCHEME-VI (54 CKM),,,POWER,2009-04,2007-01,,186.95,,186.95,0.0,,114.42,2009-07,,2009-07,0.0,,,8,21,,,,FLR_APR_2009.pdf,Sector-Wise analysis of projects,23,135
FR_200904_136,,,136,SYSTEM STRENGTHENING-VII OF SOUTHERN REGION (248 CKM),,,POWER,2009-04,2005-05,,279.3,,340.14,60.84,,266.02,2009-07,,2009-07,0.0,,,7,17,,,,FLR_APR_2009.pdf,Sector-Wise analysis of projects,23,136
FR_200904_137,,,137,KOTESWAR TRANSMISSION SYSTEM (PGCIL),,,POWER,2009-04,2006-06,,260.34,,266.61,6.27,,122.88,2008-06,,2009-09,15.0,,,6,18,,,,FLR_APR_2009.pdf,Sector-Wise analysis of projects,23,137
FR_200904_138,,,138,TRANSMISSION SY. ASSOCIATED WITH BARH GENER. PROJECT(P.GR.),,,POWER,2009-04,2005-12,,3779.46,,3779.46,0.0,,2775.28,2009-09,,2009-09,0.0,,,14,30,,,,FLR_APR_2009.pdf,Sector-Wise analysis of projects,23,138
FR_200904_139,,,139,EASTERN REGION STRENGTHENING SCHEME-I (1142 CKM),,,POWER,2009-04,2004-10,,975.96,,975.96,0.0,,390.36,2009-10,,2009-10,0.0,,,9,20,,,,FLR_APR_2009.pdf,Sector-Wise analysis of projects,23,139
FR_200904_140,,,140,SY. STR. IN SOUTH- WESTERN PART OF NORTHERN GRID (PART-B),,,POWER,2009-04,2006-10,,150.26,,153.54,3.28,,106.14,2009-10,,2009-10,0.0,,,12,21,,,,FLR_APR_2009.pdf,Sector-Wise analysis of projects,23,140
FR_200904_141,,,141,SEWA-II HYDRO ELECTRIC PROJECT 3x40 MW,,,POWER,2009-04,2003-09,,665.46,,849.98,184.52,,799.51,2007-09,,2009-10,25.0,,,14,38,,,,FLR_APR_2009.pdf,Sector-Wise analysis of projects,23,141
FR_200904_142,,,142,NORTHERN REGION SYSTEM STRENGTHENING SCHEME-VIII (68 CKM),,,POWER,2009-04,2006-10,,220.69,,220.69,0.0,,108.04,2009-04,,2009-12,8.0,,,11,11,,,,FLR_APR_2009.pdf,Sector-Wise analysis of projects,23,142
FR_200904_143,,,143,"KORBA STPP STAGE-III, 1x500 MW",,,POWER,2009-04,2006-08,,2448.5,,2448.49,-0.01,,1499.1,2010-02,,2010-02,0.0,,,10,26,,,,FLR_APR_2009.pdf,Sector-Wise analysis of projects,23,143
FR_200904_144,,,144,TUIRIAL HYDRO ELECTRIC PROJECT (2x30MW),,,POWER,2009-04,1998-07,,368.72,,689.81,321.09,,271.24,2006-07,,2010-03,44.0,,,2,5,,,,FLR_APR_2009.pdf,Sector-Wise analysis of projects,23,144
FR_200904_145,,,145,EAST-WEST TRANS. CORRIDOR STRENGTHNING SCHEME,,,POWER,2009-04,2006-06,,803.7,,803.76,0.06,,397.89,2009-06,,2010-03,9.0,,,9,20,,,,FLR_APR_2009.pdf,Sector-Wise analysis of projects,23,145
FR_200904_146,,,146,KAIGA 3&4 TRANSMISSION SYSTEM (759 CKM),,,POWER,2009-04,2005-03,2008-12,596.45,1007.16,1007.16,410.71,0.0,675.47,2007-12,,2010-03,27.0,,,4,18,,,,FLR_APR_2009.pdf,Sector-Wise analysis of projects,24,146
FR_200904_147,,,147,TESSTA LOW DAM HYDRO ELECTRIC PROJECT STAGE-III 4x33 MW,,,POWER,2009-04,2003-10,,768.92,,1073.29,304.37,,937.7,2007-03,,2010-03,36.0,,,2,25,,,,FLR_APR_2009.pdf,Sector-Wise analysis of projects,24,147
FR_200904_148,,,148,Tr. System for start up Power to DVC & Maithon RB Gen.Proj.,,,POWER,2009-04,2008-04,,290.49,,290.49,0.0,,144.8,2010-04,,2010-04,0.0,,,6,6,,,,FLR_APR_2009.pdf,Sector-Wise analysis of projects,24,148
FR_200904_149,,,149,Eastern region strengthening Scheme-II,,,POWER,2009-04,2007-12,,227.52,,227.52,0.0,,75.12,2010-06,,2010-06,0.0,,,7,7,,,,FLR_APR_2009.pdf,Sector-Wise analysis of projects,24,149
FR_200904_150,,,150,WESTERN REGION SYSTEM STRENGTHENING SCHEME-II (7075 CKM),,,POWER,2009-04,2006-07,,5221.23,,5221.23,0.0,,1090.22,2010-07,,2010-07,0.0,,,6,20,,,,FLR_APR_2009.pdf,Sector-Wise analysis of projects,24,150
FR_200904_151,,,151,TR. SYSTEM ASSOCIATED WITH TUTICORIN JV TPS,,,POWER,2009-04,2009-02,,353.57,,353.57,0.0,,18.08,2010-07,,2010-07,0.0,,,0,0,,,,FLR_APR_2009.pdf,Sector-Wise analysis of projects,24,151
FR_200904_152,,,152,"FARAKKA STPP STAGE- III, 1x500 MW",,,POWER,2009-04,2006-07,,2570.44,,2570.44,0.0,,1188.34,2010-08,,2010-08,0.0,,,18,26,,,,FLR_APR_2009.pdf,Sector-Wise analysis of projects,24,152
FR_200904_153,,,153,"NIMOO BAZGO HYDRO ELECTRIC PROJECT, 3x15 MW",,,POWER,2009-04,2006-08,,611.01,,723.99,112.98,,274.37,2010-08,,2010-08,0.0,,,3,3,,,,FLR_APR_2009.pdf,Sector-Wise analysis of projects,24,153
FR_200904_154,,,154,CHAMERA HYDRO ELECTRIC PROJECT STAGE-III 231 MW,,,POWER,2009-04,2005-08,,1405.63,,1532.52,126.89,,776.96,2010-08,,2010-08,0.0,,,7,7,,,,FLR_APR_2009.pdf,Sector-Wise analysis of projects,24,154
FR_200904_155,,,155,Est. of 400/220 KV GIS Pooling Station near Chamera-III HEP,,,POWER,2009-04,2007-09,,262.1,,262.1,0.0,,53.01,2010-09,,2010-09,0.0,,,1,1,,,,FLR_APR_2009.pdf,Sector-Wise analysis of projects,24,155
FR_200904_156,,,156,Western Region Strengthening Scheme-V,,,POWER,2009-04,2007-12,,477.69,,477.69,0.0,,123.85,2010-09,,2010-09,0.0,,,3,3,,,,FLR_APR_2009.pdf,Sector-Wise analysis of projects,24,156
FR_200904_157,,,157,"NATIONAL CAPITAL THERMAL POWER PROJECT STAGE-II, 2x490 MW",,,POWER,2009-04,2006-10,,5135.33,,5135.33,0.0,,2723.05,2010-10,,2010-10,0.0,,,19,39,,,,FLR_APR_2009.pdf,Sector-Wise analysis of projects,24,157
FR_200904_158,,,158,PARBATI HYDRO ELECTRIC PROJECT STAGE -III 4x130 MW,,,POWER,2009-04,2005-10,,2304.56,,2129.89,-174.67,,723.61,2010-10,,2010-11,1.0,,,5,5,,,,FLR_APR_2009.pdf,Sector-Wise analysis of projects,24,158
FR_200904_159,,,159,Western Region Stregthening Scheme-VI,,,POWER,2009-04,2008-02,,340.72,,340.72,0.0,,48.3,2010-11,,2010-11,0.0,,,6,6,,,,FLR_APR_2009.pdf,Sector-Wise analysis of projects,24,159
FR_200904_160,,,160,Northern region System strenghtening Scheme-XII,,,POWER,2009-04,2008-02,,261.55,,261.55,0.0,,34.92,2010-11,,2010-11,0.0,,,4,4,,,,FLR_APR_2009.pdf,Sector-Wise analysis of projects,24,160
FR_200904_161,,,161,"TRANSMISSION SYSTEM ASSOCIATED WITH PARBATI-III HEP, 543 CKM",,,POWER,2009-04,2006-07,,557.24,,557.24,0.0,,147.02,2010-01,,2010-11,10.0,,10.0,8,22,,,,FLR_APR_2009.pdf,Sector-Wise analysis of projects,24,161
FR_200904_162,,,162,SYSTEM STRENGHTENING SCHEME-VIII OF SONITHAR REGION,,,POWER,2009-04,2008-02,,105.84,,105.84,0.0,,9.63,2010-11,,2010-11,0.0,,,0,0,,,,FLR_APR_2009.pdf,Sector-Wise analysis of projects,25,162
FR_200904_163,,,163,TEESTA LOW DAM HYDRO ELECTRIC PROJECT STAGE-IV 4x40 MW,,,POWER,2009-04,2005-09,,1061.38,,1061.38,0.0,,473.85,2009-09,,2010-12,15.0,,,1,1,,,,FLR_APR_2009.pdf,Sector-Wise analysis of projects,25,163
FR_200904_164,,,164,"KOTESHWAR HYDRO ELECTRIC PROJECT, 4x100 MW",,,POWER,2009-04,2000-04,,1301.56,,1301.56,0.0,,1239.53,2005-04,,2010-12,68.0,,,0,0,,,,FLR_APR_2009.pdf,Sector-Wise analysis of projects,25,164
FR_200904_165,,,165,Northern Region System strengthening Scheme-XI,,,POWER,2009-04,2007-12,,417.76,,417.76,0.0,,140.51,2010-12,,2010-12,0.0,,,7,7,,,,FLR_APR_2009.pdf,Sector-Wise analysis of projects,25,165
FR_200904_166,,,166,Northern region System Strengthening Scheme-X,,,POWER,2009-04,2007-12,,408.36,,408.36,0.0,,180.34,2010-12,,2010-12,0.0,,,8,8,,,,FLR_APR_2009.pdf,Sector-Wise analysis of projects,25,166
FR_200904_167,,,167,WESTERN REGION STRENGHTENING SCHEME-IX,,,POWER,2009-04,2008-04,,230.89,,230.89,0.0,,4.16,2011-01,,2011-01,0.0,,,0,0,,,,FLR_APR_2009.pdf,Sector-Wise analysis of projects,25,167
FR_200904_168,,,168,URI H.E.P STAGE -II (NHPC),NHPC,,POWER,2009-04,2005-08,,1729.29,,1351.88,-377.41,,821.54,2009-11,,2011-02,15.0,,,6,6,,,,FLR_APR_2009.pdf,Sector-Wise analysis of projects,25,168
FR_200904_169,,,169,"CHUTAK HYDRO ELECTRIC PROJECT 4X11 MW, KARGIL",,,POWER,2009-04,2006-08,,621.26,,747.1,125.84,,240.81,2011-02,,2011-02,0.0,,,5,5,,,,FLR_APR_2009.pdf,Sector-Wise analysis of projects,25,169
FR_200904_170,,,170,"SIPAT STPP STAGE -I, 3x660 MW",,,POWER,2009-04,2003-12,,8323.39,,8323.39,0.0,,6001.18,2009-12,,2011-03,15.0,,,36,56,,,,FLR_APR_2009.pdf,Sector-Wise analysis of projects,25,170
FR_200904_171,,,171,KAMENG HYDRO ELECTRIC PROJECT 4x150 MW,,,POWER,2009-04,2004-12,,2496.9,,2977.25,480.35,,827.4,2009-12,,2011-03,15.0,,,0,107,,,,FLR_APR_2009.pdf,Sector-Wise analysis of projects,25,171
FR_200904_172,,,172,"Simhadri STPP Stage-II, 2*500 MW",,,POWER,2009-04,2007-08,,5103.39,,5038.53,-64.86,,1546.1,2011-05,,2011-05,0.0,,,6,6,,,,FLR_APR_2009.pdf,Sector-Wise analysis of projects,25,172
FR_200904_173,,,173,Transmission System Associated with Uri-II HEP (114 CKM),,,POWER,2009-04,2006-10,,238.25,,238.25,0.0,,99.56,,,2011-05,,,,4,4,,,,FLR_APR_2009.pdf,Sector-Wise analysis of projects,25,173
FR_200904_174,,,174,Transmission system associated with Farakka-III,,,POWER,2009-04,2008-12,,204.07,,204.07,0.0,,15.14,2011-06,,2011-06,0.0,,,0,0,,,,FLR_APR_2009.pdf,Sector-Wise analysis of projects,25,174
FR_200904_175,,,175,TR. SYSTEM ASSOCIATED WITH KORBA-III GENERATION PROJECT,,,POWER,2009-04,2009-02,,276.61,,276.61,0.0,,20.99,2011-06,,2011-06,0.0,,,0,0,,,,FLR_APR_2009.pdf,Sector-Wise analysis of projects,25,175
FR_200904_176,,,176,TRANSMISSION SYSTEM ASSOCIATED WITH CVHAMERA-III HEP,,,POWER,2009-04,2008-04,,297.37,,297.37,0.0,,50.05,2011-07,,2011-07,0.0,,,0,0,,,,FLR_APR_2009.pdf,Sector-Wise analysis of projects,25,176
FR_200904_177,,,177,Bongaigaon Thermal Power Project,,,POWER,2009-04,2008-01,,4375.35,,4375.35,0.0,,386.6,2011-07,,2011-07,0.0,,,5,5,,,,FLR_APR_2009.pdf,Sector-Wise analysis of projects,25,177
FR_200904_178,,,178,NORTHERN REGION SYSTEM STRENGHTENING SCHEME-IX,,,POWER,2009-04,2008-07,,525.14,,525.14,0.0,,191.4,2011-07,,2011-07,0.0,,,0,0,,,,FLR_APR_2009.pdf,Sector-Wise analysis of projects,26,178
FR_200904_179,,,179,SYSTEM STRENGHTENING -XI IN SOUTHERN REGION,,,POWER,2009-04,2009-03,,196.1,,196.1,0.0,,3.58,2011-07,,2011-07,0.0,,,0,0,,,,FLR_APR_2009.pdf,Sector-Wise analysis of projects,26,179
FR_200904_180,,,180,NORTHERN REGION SYSTEM STRENGHTENING SCHEME-XIV,,,POWER,2009-04,2009-02,,132.19,,132.19,0.0,,3.86,2011-08,,2011-08,0.0,,,0,0,,,,FLR_APR_2009.pdf,Sector-Wise analysis of projects,26,180
FR_200904_181,,,181,NORTHERN REGION SYSTEM STRENGHTENING SCHEME-XVII,,,POWER,2009-04,2009-02,,210.79,,210.79,0.0,,,2011-08,,2011-08,0.0,,,0,0,,,,FLR_APR_2009.pdf,Sector-Wise analysis of projects,26,181
FR_200904_182,,,182,System Strenghtening in NR Grid for Karcham Wangtoo HEP,,,POWER,2009-04,2008-12,,328.97,,328.97,0.0,,19.52,2011-09,,2011-09,0.0,,,0,0,,,,FLR_APR_2009.pdf,Sector-Wise analysis of projects,26,182
FR_200904_183,,,183,NORTHERN REGION SYSTEM STRENGHTENING SCHEME-XIII,,,POWER,2009-04,2009-02,,317.69,,317.69,0.0,,,2011-11,,2011-11,0.0,,,0,0,,,,FLR_APR_2009.pdf,Sector-Wise analysis of projects,26,183
FR_200904_184,,,184,NORTHERN REGION SYSTEM STRENGHTENING SCHEME-XVIII,,,POWER,2009-04,2009-02,,509.66,,509.66,0.0,,,2011-11,,2011-11,0.0,,,0,0,,,,FLR_APR_2009.pdf,Sector-Wise analysis of projects,26,184
FR_200904_185,,,185,TRANSMISSION SYSTEM ASSOCIATED WITH RAMPUR HEP,,,POWER,2009-04,2009-02,,184.19,,184.19,0.0,,1.76,2011-11,,2011-11,0.0,,,0,0,,,,FLR_APR_2009.pdf,Sector-Wise analysis of projects,26,185
FR_200904_186,,,186,NORTHERN REGION SYSTEM STRENGHTENING SCHEME-XV,,,POWER,2009-04,2009-02,,520.48,,520.48,0.0,,69.13,2011-11,,2011-11,0.0,,,0,0,,,,FLR_APR_2009.pdf,Sector-Wise analysis of projects,26,186
FR_200904_187,,,187,"KOLDAM HYDRO ELECTRIC PROJECT, 4x200 MW",,,POWER,2009-04,2002-10,,4527.15,,4527.15,0.0,,2673.64,2009-04,,2011-12,32.0,,,22,39,,,,FLR_APR_2009.pdf,Sector-Wise analysis of projects,26,187
FR_200904_188,,,188,765 KV SYSTEM FOR CENTRAL PART OF NORTHERN GRID - PART-I,,,POWER,2009-04,2009-02,,1347.32,,1347.32,0.0,,66.17,2012-02,,2012-02,0.0,,,0,0,,,,FLR_APR_2009.pdf,Sector-Wise analysis of projects,26,188
FR_200904_189,,,189,NORTHERN REGION SYSTEM STRENGHTENING SCHEME-XIX,,,POWER,2009-04,2009-02,,410.29,,410.29,0.0,,,2012-02,,2012-02,0.0,,,0,0,,,,FLR_APR_2009.pdf,Sector-Wise analysis of projects,26,189
FR_200904_190,,,190,WESTERN REGION STRENGHTENING SCHEME-X,,,POWER,2009-04,2009-02,,664.96,,664.96,0.0,,14.53,2012-02,,2012-02,0.0,,,0,0,,,,FLR_APR_2009.pdf,Sector-Wise analysis of projects,26,190
FR_200904_191,,,191,SYSTEM STRENGHTENING SCHEME-IX OF SOUTHERN REGIONAL GRID,,,POWER,2009-04,2009-02,,120.62,,120.62,0.0,,,2012-02,,2012-02,0.0,,,0,0,,,,FLR_APR_2009.pdf,Sector-Wise analysis of projects,26,191
FR_200904_192,,,192,WESTERN REGION SYSTEM STREGHT. SCHEME-XI,,,POWER,2009-04,2009-02,,409.5,,409.5,0.0,,,2012-02,,2012-02,0.0,,,0,0,,,,FLR_APR_2009.pdf,Sector-Wise analysis of projects,26,192
FR_200904_193,,,193,RAMPUR HYDRO ELECTRIC PROJECT 412 MW,,,POWER,2009-04,2007-01,,2047.03,,2047.03,0.0,,550.71,2012-01,,2012-03,2.0,,,6,8,,,,FLR_APR_2009.pdf,Sector-Wise analysis of projects,27,193
FR_200904_194,,,194,MOUDA STPP,,,POWER,2009-04,2007-11,,5459.28,,5459.28,0.0,,447.08,2012-02,,2012-08,6.0,,,4,4,,,,FLR_APR_2009.pdf,Sector-Wise analysis of projects,27,194
FR_200904_195,,,195,SUPPLIMENTARY TRANSMISSION ASSOCIATED WITH DVC & MAITHON RBC,,,POWER,2009-04,2008-08,,2360.95,,2360.95,0.0,,293.33,2012-08,,2012-08,0.0,,,0,0,,,,FLR_APR_2009.pdf,Sector-Wise analysis of projects,27,195
FR_200904_196,,,196,765 KV POOLING STATION & NETWORK WITH DVC & MAITHOB RBC,,,POWER,2009-04,2008-08,,7075.33,,7075.33,0.0,,657.18,2012-08,,2012-08,0.0,,,0,0,,,,FLR_APR_2009.pdf,Sector-Wise analysis of projects,27,196
FR_200904_197,,,197,Para hydro Elecrical Project.,,,POWER,2009-04,2008-12,,573.99,,573.99,0.0,,44.07,2012-08,,2012-08,0.0,,,0,0,,,,FLR_APR_2009.pdf,Sector-Wise analysis of projects,27,197
FR_200904_198,,,198,TR. SYSTEM ASSOCIATED WITH MUNDRA ULTRA MEGA POWER PROJECT,,,POWER,2009-04,2008-10,,4824.12,,4824.12,0.0,,122.47,2012-10,,2012-10,0.0,,,0,0,,,,FLR_APR_2009.pdf,Sector-Wise analysis of projects,27,198
FR_200904_199,,,199,Tr'mission System ass'ted with Sasan Ultra Mega Power proj.,,,POWER,2009-04,2008-12,,7031.88,,7031.88,0.0,,140.48,2012-12,,2012-12,0.0,,,0,0,,,,FLR_APR_2009.pdf,Sector-Wise analysis of projects,27,199
FR_200904_200,,,200,TRANSMISSION SYSTEM ASSOCIATED WITH PARBATI = II HEP,,,POWER,2009-04,2005-12,,358.42,,358.42,0.0,,6.09,2008-12,,2012-12,48.0,,27.0,0,15,,,,FLR_APR_2009.pdf,Sector-Wise analysis of projects,27,200
FR_200904_201,,,201,"LOHARINAG PALA HYDRO ELECTRIC PROJECT, 4x150 MW",,,POWER,2009-04,2006-06,,2895.1,,2895.1,0.0,,495.51,2011-11,,2012-12,13.0,,6.0,10,34,,,,FLR_APR_2009.pdf,Sector-Wise analysis of projects,27,201
FR_200904_202,,,202,LOWER SUBANSIRI HYDRO ELECTRIC PROJECT 8x250 MW,,,POWER,2009-04,2003-09,,6285.33,,7451.99,1166.66,,3028.22,2010-09,,2012-12,27.0,,,5,12,,,,FLR_APR_2009.pdf,Sector-Wise analysis of projects,27,202
FR_200904_203,,,203,"TAPOVAN-VISHNUGAD HYDRO ELECTRIC PROJECT, 4x130 MW",,,POWER,2009-04,2006-11,,2978.48,,2978.48,0.0,,552.72,2013-03,,2013-03,0.0,,,10,31,,,,FLR_APR_2009.pdf,Sector-Wise analysis of projects,27,203
FR_200904_204,,,204,PARBATI HYDRO ELECTRIC PROJECT STAGE-II 4x200 MW,,,POWER,2009-04,2002-09,,3919.59,,3525.25,-394.34,,2396.99,2009-09,,2013-03,42.0,,,2,20,,,,FLR_APR_2009.pdf,Sector-Wise analysis of projects,27,204
FR_200904_205,,,205,"TEHRI PUMPED STORAGE PLANT, 4x250 MW",,,POWER,2009-04,2006-07,,1657.0,,1657.6,0.6,,240.41,2010-07,,2013-04,33.0,,,0,0,,,,FLR_APR_2009.pdf,Sector-Wise analysis of projects,27,205
FR_200904_206,,,206,"BARH STPP, 3x660 MW",,,POWER,2009-04,2003-12,,8692.97,,8692.97,0.0,,3956.05,2010-11,,2013-06,31.0,,6.0,21,51,,,,FLR_APR_2009.pdf,Sector-Wise analysis of projects,27,206
FR_200904_207,,,207,Vishnugad-Pipalkoto Hydro electric Project,,,POWER,2009-04,2008-08,,2491.58,,2491.58,0.0,,58.92,2013-06,,2013-06,0.0,,,0,0,,,,FLR_APR_2009.pdf,Sector-Wise analysis of projects,27,207
FR_200904_208,,,208,"Barh STPP, Stage-II",,,POWER,2009-04,2008-02,,7341.04,,7341.04,0.0,,487.57,2013-08,,2013-08,0.0,,,0,0,,,,FLR_APR_2009.pdf,Sector-Wise analysis of projects,27,208
FR_200904_209,,,209,NORTH EAST-NORTH WESTERN INTERCONNECTOR-I PROJECT,,,POWER,2009-04,2009-02,,11130.19,,11130.19,0.0,,143.12,2013-08,,2013-08,0.0,,,0,0,,,,FLR_APR_2009.pdf,Sector-Wise analysis of projects,28,209
FR_200904_210,,,210,KISHANGANGA HYDRO ELECTRIC PROJECT,,,POWER,2009-04,2007-07,2016-01,2238.67,3642.04,3642.04,1403.37,0.0,177.2,2014-07,,2015-12,17.0,,,0,0,,,,FLR_APR_2009.pdf,Sector-Wise analysis of projects,28,210
FR_200904_211,,,211,LOKTAK DOWNSTREAM HYDRO ELECTRIC PROJECT 3x30/2x33 MW,,,POWER,2009-04,1999-12,,578.62,,578.62,0.0,,28.33,2006-06,,,,,,0,0,,,,FLR_APR_2009.pdf,Sector-Wise analysis of projects,28,211
FR_200904_212,,,212,NORTH-EAST INDIRA GANDHI REGIONAL INSTITUTE OF H & MS,,,HEALTH & FW,2009-04,1986-05,2001-02,71.18,422.6,443.15,371.97,20.55,381.31,1999-03,2005-03,,,,,7,16,,,,FLR_APR_2009.pdf,Sector-Wise analysis of projects,28,212
FR_200904_213,,,213,LALITPUR-SATNA- REWA-SINGRULI,,,RAILWAYS,2009-04,1998-09,,925.0,,925.0,0.0,,259.07,2008-05,,2009-06,13.0,,,0,0,,,,FLR_APR_2009.pdf,Sector-Wise analysis of projects,28,213
FR_200904_214,,,214,RAJKOT-VERAVAL SOMNATH SECTION MATERIAL TO WANSJALIYA,,,RAILWAYS,2009-04,1992-04,,112.53,320.66,464.5,351.97,143.84,378.13,1996-03,2009-06,2009-08,161.0,2.0,,0,0,,,,FLR_APR_2009.pdf,Sector-Wise analysis of projects,28,214
FR_200904_215,,,215,Vallaparpadm-Idapally,,,RAILWAYS,2009-04,2006-07,,246.5,,246.5,0.0,,237.24,2009-03,2009-03,2009-10,7.0,7.0,,0,0,,,,FLR_APR_2009.pdf,Sector-Wise analysis of projects,28,215
FR_200904_216,,,216,"ETAWAH-MAINPURI (NL),NCR",,,RAILWAYS,2009-04,2001-09,,129.7,,129.7,0.0,,79.83,2008-12,,2009-12,12.0,,,0,0,,,,FLR_APR_2009.pdf,Sector-Wise analysis of projects,28,216
FR_200904_217,,,217,AGRA-ETAWAH NEW LINE via BAD,,,RAILWAYS,2009-04,1999-04,,108.0,,214.09,106.09,,105.56,2009-12,,2009-12,0.0,,,0,0,,,,FLR_APR_2009.pdf,Sector-Wise analysis of projects,28,217
FR_200904_218,,,218,AJMER-PHULERA- RINGUS-REWARI,,,RAILWAYS,2009-04,2005-04,,352.0,,718.3,366.3,,571.49,2008-03,2009-03,2009-12,21.0,9.0,,0,0,,,,FLR_APR_2009.pdf,Sector-Wise analysis of projects,28,218
FR_200904_219,,,219,KURLA-BHANDUP 5th & 6th LINE PHASE-I,,,RAILWAYS,2009-04,1995-04,,49.84,102.9,136.45,86.61,33.55,107.39,2002-03,,2009-12,93.0,,,0,0,,,,FLR_APR_2009.pdf,Sector-Wise analysis of projects,28,219
FR_200904_220,,,220,"MAYNAGURI TO JOGIGHOPA VIA CHANGRA (NL),NEFR",,,RAILWAYS,2009-04,2000-02,,733.0,,1022.12,289.12,,311.01,2008-12,,2009-12,12.0,,,0,0,,,,FLR_APR_2009.pdf,Sector-Wise analysis of projects,28,220
FR_200904_221,,,221,ALIGARH-GAZIABAD 3rd LINE,,,RAILWAYS,2009-04,2003-04,,230.73,,399.5,168.77,,238.69,2009-03,2009-12,2009-12,9.0,0.0,,0,0,,,,FLR_APR_2009.pdf,Sector-Wise analysis of projects,28,221
FR_200904_222,,,222,MANSI-PURNIA (Material Modification of Mansi- Saharsa),,,RAILWAYS,2009-04,1996-04,,114.01,283.95,322.87,208.86,38.92,201.15,,,2009-12,,,,0,0,,,,FLR_APR_2009.pdf,Sector-Wise analysis of projects,29,222
FR_200904_223,,,223,Harnout-Seting up of Workshop to Undertake Periodical Over-,,,RAILWAYS,2009-04,2003-04,,98.74,,224.51,125.77,,41.39,,,2009-12,,,,0,0,,,,FLR_APR_2009.pdf,Sector-Wise analysis of projects,29,223
FR_200904_224,,,224,ABOHAR-FAZILKA,,,RAILWAYS,2009-04,2001-09,,86.44,,209.57,123.13,,116.84,2009-03,,2010-02,11.0,,,0,0,,,,FLR_APR_2009.pdf,Sector-Wise analysis of projects,29,224
FR_200904_225,,,225,KHURDA ROAD- BOLANGIR,,,RAILWAYS,2009-04,1994-04,,355.38,,1000.0,644.62,,77.3,,,2010-02,,,,0,0,,,,FLR_APR_2009.pdf,Sector-Wise analysis of projects,29,225
FR_200904_226,,,226,TALCHER- BIMALAGARH,,,RAILWAYS,2009-04,2005-04,,726.96,810.78,837.37,110.41,26.59,26.96,,,2010-02,,,,0,0,,,,FLR_APR_2009.pdf,Sector-Wise analysis of projects,29,226
FR_200904_227,,,227,Panskura- Kharagpur 3rd Line Doubling,,,RAILWAYS,2009-04,2007-09,,252.5,,252.5,0.0,,0.22,2010-02,,2010-02,0.0,,,0,0,,,,FLR_APR_2009.pdf,Sector-Wise analysis of projects,29,227
FR_200904_228,,,228,VILLUPURAM-KATPADI,,,RAILWAYS,2009-04,2000-02,,175.0,,502.14,327.14,,368.63,,,2010-03,,,,0,0,,,,FLR_APR_2009.pdf,Sector-Wise analysis of projects,29,228
FR_200904_229,,,229,SRIGANGANAGAR- SARUPSAR,,,RAILWAYS,2009-04,1997-04,,143.92,,168.8,24.88,,4.77,,,2010-03,,,,0,0,,,,FLR_APR_2009.pdf,Sector-Wise analysis of projects,29,229
FR_200904_230,,,230,JALANDHAR- PATHANKOT-JAMMU TAWI,,,RAILWAYS,2009-04,2002-03,,409.0,625.3,706.2,297.2,80.9,691.29,2007-06,,2010-03,33.0,,,0,0,,,,FLR_APR_2009.pdf,Sector-Wise analysis of projects,29,230
FR_200904_231,,,231,CALICUT-MANGALORE DOUBLING,,,RAILWAYS,2009-04,1996-02,,240.0,,572.55,332.55,,556.71,,,2010-03,,,,0,0,,,,FLR_APR_2009.pdf,Sector-Wise analysis of projects,29,231
FR_200904_232,,,232,Podapahar-Banspani,,,RAILWAYS,2009-04,2006-04,,129.74,,129.74,0.0,,108.8,2006-03,,2010-03,48.0,,,0,0,,,,FLR_APR_2009.pdf,Sector-Wise analysis of projects,29,232
FR_200904_233,,,233,RUPSA-BANGRIPOSI,,,RAILWAYS,2009-04,1996-02,,57.94,,137.57,79.63,,113.24,1998-03,2005-08,2010-03,144.0,55.0,,0,0,,,,FLR_APR_2009.pdf,Sector-Wise analysis of projects,29,233
FR_200904_234,,,234,CUTTACK-BARANG,,,RAILWAYS,2009-04,1995-04,,127.13,,135.1,7.97,,111.27,,,2010-03,,,,0,0,,,,FLR_APR_2009.pdf,Sector-Wise analysis of projects,29,234
FR_200904_235,,,235,KHURDA ROAD- BARANG 3rd LINE,,,RAILWAYS,2009-04,2000-04,,133.41,,211.9,78.49,,114.45,,2009-03,2010-03,,12.0,,0,0,,,,FLR_APR_2009.pdf,Sector-Wise analysis of projects,29,235
FR_200904_236,,,236,FREIGHT OPERATIONS INFORMATION SYSTEM,,,RAILWAYS,2009-04,1984-03,1989-11,520.0,422.79,634.13,114.13,211.34,448.57,1995-03,,2010-03,180.0,,,0,0,,,,FLR_APR_2009.pdf,Sector-Wise analysis of projects,29,236
FR_200904_237,,,237,NEW JALPAIGURI-NEW BONGAIGAON,,,RAILWAYS,2009-04,1998-11,,536.85,,960.48,423.63,,944.72,2003-03,,2010-03,84.0,,,0,0,,,,FLR_APR_2009.pdf,Sector-Wise analysis of projects,29,237
FR_200904_238,,,238,LANJHIGARH ROAD- JUNAGARH,,,RAILWAYS,2009-04,1993-04,,100.0,142.98,142.98,42.98,0.0,76.43,2002-03,,2010-03,96.0,,,0,0,,,,FLR_APR_2009.pdf,Sector-Wise analysis of projects,29,238
FR_200904_239,,,239,RAJATGARH-BARANG,,,RAILWAYS,2009-04,1999-04,,166.16,,243.4,77.24,,173.93,,2009-02,2010-03,,13.0,,0,0,,,,FLR_APR_2009.pdf,Sector-Wise analysis of projects,30,239
FR_200904_240,,,240,TOLLYGANJ-GARIA,,,RAILWAYS,2009-04,2000-03,,907.69,,1032.76,125.07,,901.15,2006-12,,2010-03,39.0,,,0,0,,,,FLR_APR_2009.pdf,Sector-Wise analysis of projects,30,240
FR_200904_241,,,241,MIRAJ-LATUR ROAD,,,RAILWAYS,2009-04,1993-04,2002-04,225.0,360.63,816.4,591.4,455.77,522.76,2001-03,,2010-03,108.0,,,0,0,,,,FLR_APR_2009.pdf,Sector-Wise analysis of projects,30,241
FR_200904_242,,,242,Bhopal-bina 3rd Line doubling,,,RAILWAYS,2009-04,2007-09,,687.2,,687.2,0.0,,1.16,2010-03,,2010-03,0.0,,,0,0,,,,FLR_APR_2009.pdf,Sector-Wise analysis of projects,30,242
FR_200904_243,,,243,PALWA-BHUTESWAR 3rd LINE,,,RAILWAYS,2009-04,2005-04,,240.0,,329.7,89.7,,192.69,2009-03,2009-12,2010-03,12.0,3.0,,0,0,,,,FLR_APR_2009.pdf,Sector-Wise analysis of projects,30,243
FR_200904_244,,,244,SHIMOGA-TALAGUPPA,,,RAILWAYS,2009-04,1992-12,,46.0,,158.95,112.95,,66.85,,,2010-03,,,,0,0,,,,FLR_APR_2009.pdf,Sector-Wise analysis of projects,30,244
FR_200904_245,,,245,KOTTUR-HARIHAR,,,RAILWAYS,2009-04,1995-04,,65.94,,281.2,215.26,,198.7,,,2010-03,,,,0,0,,,,FLR_APR_2009.pdf,Sector-Wise analysis of projects,30,245
FR_200904_246,,,246,REWARI-ROHTAK,,,RAILWAYS,2009-04,2004-01,,149.38,330.23,456.75,307.37,126.52,251.12,2010-02,,2010-03,1.0,,,0,0,,,,FLR_APR_2009.pdf,Sector-Wise analysis of projects,30,246
FR_200904_247,,,247,BHILDI-SAMDARI,,,RAILWAYS,2009-04,1999-04,,244.74,479.0,479.0,234.26,0.0,412.63,,2009-03,2010-03,,12.0,,0,0,,,,FLR_APR_2009.pdf,Sector-Wise analysis of projects,30,247
FR_200904_248,,,248,DEOGHAR-DUMKA NEW BROAD GAUGE LINE,,,RAILWAYS,2009-04,1999-02,,180.73,320.66,335.0,154.27,14.34,274.69,2006-12,2008-12,2010-03,39.0,15.0,,0,0,,,,FLR_APR_2009.pdf,Sector-Wise analysis of projects,30,248
FR_200904_249,,,249,PRATAPNAGAR-CHOTA UDAIPUR,,,RAILWAYS,2009-04,2005-04,,148.61,,227.52,78.91,,184.47,2008-03,2009-03,2010-03,24.0,12.0,,0,0,,,,FLR_APR_2009.pdf,Sector-Wise analysis of projects,30,249
FR_200904_250,,,250,Salka Road-Anupnagar Line doubling,,,RAILWAYS,2009-04,2006-09,,324.9,,324.9,0.0,,50.18,2010-03,,2010-03,0.0,,,0,0,,,,FLR_APR_2009.pdf,Sector-Wise analysis of projects,30,250
FR_200904_251,,,251,JAYANAGAR- DARBHANGA- NARKATIAGANJ,,,RAILWAYS,2009-04,1997-04,,233.0,335.77,329.17,96.17,-6.6,257.23,,,2010-03,,,,0,0,,,,FLR_APR_2009.pdf,Sector-Wise analysis of projects,30,251
FR_200904_252,,,252,TAHANJAVUR- VILLUPURAM,,,RAILWAYS,2009-04,2001-10,,223.0,,356.9,133.9,,496.88,,2008-11,2010-03,,16.0,,0,0,,,,FLR_APR_2009.pdf,Sector-Wise analysis of projects,30,252
FR_200904_253,,,253,HAJIPUR-SUGAULI via VAISHALI,,,RAILWAYS,2009-04,2003-04,,324.66,,528.65,203.99,,78.36,,,2010-03,,,,0,0,,,,FLR_APR_2009.pdf,Sector-Wise analysis of projects,30,253
FR_200904_254,,,254,New Guwahati-Digaru patch doubling (Phase-I),,,RAILWAYS,2009-04,2007-09,,99.84,,116.24,16.4,,41.2,2010-03,,2010-03,0.0,,,0,0,,,,FLR_APR_2009.pdf,Sector-Wise analysis of projects,30,254
FR_200904_255,,,255,RAICHUR-GUNTAKAL,,,RAILWAYS,2009-04,2003-04,,136.62,,221.9,85.28,,54.93,2007-12,2010-03,2010-03,27.0,0.0,,0,0,,,,FLR_APR_2009.pdf,Sector-Wise analysis of projects,30,255
FR_200904_256,,,256,REINGUNTA- GUNTAKAL (RVNL),RVNL,,RAILWAYS,2009-04,2000-06,,168.34,,296.2,127.86,,169.94,2003-04,2010-03,2010-03,83.0,0.0,,0,0,,,,FLR_APR_2009.pdf,Sector-Wise analysis of projects,31,256
FR_200904_257,,,257,DHARMAVARAM- PAKALA,,,RAILWAYS,2009-04,1997-04,,200.0,294.99,546.49,346.49,251.5,399.2,,2009-02,2010-03,,13.0,,0,0,,,,FLR_APR_2009.pdf,Sector-Wise analysis of projects,31,257
FR_200904_258,,,258,BARAMATI - LONAND,,,RAILWAYS,2009-04,1998-03,,75.0,,138.48,63.48,,29.85,,,2010-06,,,,0,0,,,,FLR_APR_2009.pdf,Sector-Wise analysis of projects,31,258
FR_200904_259,,,259,Conversion of 1500 V DC Traction System to 25 KV AC Traction,,,RAILWAYS,2009-04,1996-07,1998-08,273.67,648.76,1160.52,886.85,511.76,358.71,,2009-12,2010-06,,6.0,,0,0,,,,FLR_APR_2009.pdf,Sector-Wise analysis of projects,31,259
FR_200904_260,,,260,Chhapra - Setting up of Wheel Manufacturing Plant,,,RAILWAYS,2009-04,2005-03,,470.09,,881.19,411.1,,86.35,,,2010-07,,,,0,0,,,,FLR_APR_2009.pdf,Sector-Wise analysis of projects,31,260
FR_200904_261,,,261,SUKINDA ROAD- ANGUL (RVNL),RVNL,,RAILWAYS,2009-04,1998-04,,183.23,,638.5,455.27,,0.81,2015-02,,2010-11,-51.0,,,0,0,,,,FLR_APR_2009.pdf,Sector-Wise analysis of projects,31,261
FR_200904_262,,,262,BILASPUR-URKURA,,,RAILWAYS,2009-04,1997-04,,151.52,,273.0,121.48,,242.95,,2009-03,2010-11,8.0,20.0,8.0,0,0,,,,FLR_APR_2009.pdf,Sector-Wise analysis of projects,31,262
FR_200904_263,,,263,TARAKESWAR- BISHNUPUR,,,RAILWAYS,2009-04,2000-04,,157.96,,567.0,409.04,,129.68,,2009-12,2010-12,,12.0,,0,0,,,,FLR_APR_2009.pdf,Sector-Wise analysis of projects,31,263
FR_200904_264,,,264,MANDERHILL-DUMKA- RAMPURHAT,,,RAILWAYS,2009-04,1995-04,,184.0,,676.0,492.0,,248.11,,2010-12,2011-03,,3.0,,0,0,,,,FLR_APR_2009.pdf,Sector-Wise analysis of projects,31,264
FR_200904_265,,,265,MUZAFFARPUR- SITAMARHI,,,RAILWAYS,2009-04,1997-03,,100.0,,332.75,232.75,,177.2,,,2011-03,,,,0,0,,,,FLR_APR_2009.pdf,Sector-Wise analysis of projects,31,265
FR_200904_266,,,266,AMRAVATI-NARKHER NEW LINE PROJECT,,,RAILWAYS,2009-04,1994-06,1996-07,120.9,175.3,284.27,163.37,108.97,209.41,1999-06,,2011-03,141.0,,,0,0,,,,FLR_APR_2009.pdf,Sector-Wise analysis of projects,31,266
FR_200904_267,,,267,VIRAMGAM-BHILDI,,,RAILWAYS,2009-04,1990-04,,155.66,,356.87,201.21,,167.81,,2010-03,2011-03,,12.0,,0,0,,,,FLR_APR_2009.pdf,Sector-Wise analysis of projects,31,267
FR_200904_268,,,268,RANCHI-LOHARDAGA EXTENSION TO TORI,,,RAILWAYS,2009-04,1997-04,,193.78,,449.83,256.05,,231.76,2004-06,,2011-03,81.0,,,0,0,,,,FLR_APR_2009.pdf,Sector-Wise analysis of projects,31,268
FR_200904_269,,,269,GOOTY-RENIGUNTA PATCH DOUBLING PHASE-II,,,RAILWAYS,2009-04,2002-05,,304.5,,306.0,1.5,,310.22,,2009-06,2011-03,,21.0,,0,0,,,,FLR_APR_2009.pdf,Sector-Wise analysis of projects,31,269
FR_200904_270,,,270,KODERMA-GIRDHI,,,RAILWAYS,2009-04,1996-04,,371.36,,371.36,0.0,,215.0,,,2011-03,,,,0,0,,,,FLR_APR_2009.pdf,Sector-Wise analysis of projects,31,270
FR_200904_271,,,271,"RAIL-CUM-ROAD BRIDGE AT MUNGER (NL), ECR",,,RAILWAYS,2009-04,2002-04,,921.0,,921.0,0.0,,227.9,2009-03,,2011-10,31.0,,,0,0,,,,FLR_APR_2009.pdf,Sector-Wise analysis of projects,31,271
FR_200904_272,,,272,CHANDIGARH- LUDHIANA,,,RAILWAYS,2009-04,1997-07,,248.44,576.27,587.08,338.64,10.81,581.04,,,2011-12,,,,0,0,,,,FLR_APR_2009.pdf,Sector-Wise analysis of projects,31,272
FR_200904_273,,,273,HARIDASPUR- PARADEEP,,,RAILWAYS,2009-04,1996-04,,301.64,,735.1,433.46,,141.89,,2009-09,2011-12,9.0,27.0,9.0,0,0,,,,FLR_APR_2009.pdf,Sector-Wise analysis of projects,31,273
FR_200904_274,,,274,RANGIA- MURKONGSELEK,,,RAILWAYS,2009-04,2004-01,,912.7,,1556.23,643.53,,57.32,,,2012-03,,,,0,0,,,,FLR_APR_2009.pdf,Sector-Wise analysis of projects,32,274
FR_200904_275,,,275,LUMDING-SILCHAR- MIGRENDISA- DITOKCHERRA,,,RAILWAYS,2009-04,1996-04,2002-05,648.0,1676.31,4049.39,3401.39,2373.08,1702.85,2009-03,,2012-03,36.0,,,0,0,,,,FLR_APR_2009.pdf,Sector-Wise analysis of projects,32,275
FR_200904_276,,,276,KOSI BRIDGE,,,RAILWAYS,2009-04,2002-04,,323.41,,322.95,-0.46,,74.75,,,2012-03,,,,0,0,,,,FLR_APR_2009.pdf,Sector-Wise analysis of projects,32,276
FR_200904_277,,,277,DLW GM 4000/3000 HP DIESEL LOCOS,,,RAILWAYS,2009-04,1999-04,,155.54,,141.4,-14.14,,103.18,2003-03,,2012-03,108.0,,,0,0,,,,FLR_APR_2009.pdf,Sector-Wise analysis of projects,32,277
FR_200904_278,,,278,EXTN. OF MRTS-II FROM VELACHERY TO ST.THOMAS MOUNT,,,RAILWAYS,2009-04,2006-04,,415.59,,495.74,80.15,,32.28,,,2012-03,,,,0,0,,,,FLR_APR_2009.pdf,Sector-Wise analysis of projects,32,278
FR_200904_279,,,279,"BRHAMAPUTRA BRIDGE AT BOGIBIL & LINK LINES,NEFR",,,RAILWAYS,2009-04,1996-04,,1000.0,1500.0,3087.44,2087.44,1587.44,1424.19,2008-04,2011-12,2012-03,47.0,3.0,,0,0,,,,FLR_APR_2009.pdf,Sector-Wise analysis of projects,32,279
FR_200904_280,,,280,UDHAMPUR- SRINAGAR- BARAMULLA,,,RAILWAYS,2009-04,1995-03,,2500.0,,11270.0,8770.0,,5334.01,2001-03,,2012-12,141.0,,,0,0,,,,FLR_APR_2009.pdf,Sector-Wise analysis of projects,32,280
FR_200904_281,,,281,AHMEDNAGAR-BEED- PARLI-VAIJNATH,,,RAILWAYS,2009-04,1997-02,,353.08,,462.67,109.59,,42.33,,,2012-12,,,,0,0,,,,FLR_APR_2009.pdf,Sector-Wise analysis of projects,32,281
FR_200904_282,,,282,DEOGHAR- SULTANGUNJ,,,RAILWAYS,2009-04,2000-04,,138.0,258.24,607.09,469.09,348.85,152.87,,2012-12,2012-12,,0.0,,0,0,,,,FLR_APR_2009.pdf,Sector-Wise analysis of projects,32,282
FR_200904_283,,,283,PATNA GANGA BRIDGE,,,RAILWAYS,2009-04,2001-04,,624.47,,1480.75,856.28,,417.32,2007-10,,2012-12,62.0,,,0,0,,,,FLR_APR_2009.pdf,Sector-Wise analysis of projects,32,283
FR_200904_284,,,284,QUILON-TIRUNELVELI- TIRUCHENDUR AND TENKASI- VIRUDHUNAGAR,,,RAILWAYS,2009-04,1998-03,,280.0,,900.0,620.0,,474.27,,,2013-03,,,,0,0,,,,FLR_APR_2009.pdf,Sector-Wise analysis of projects,32,284
FR_200904_285,,,285,JIRIBAM TO IMPHAL,,,RAILWAYS,2009-04,2003-04,,727.56,,2492.53,1764.97,,74.58,2011-03,,2014-03,36.0,,,0,0,,,,FLR_APR_2009.pdf,Sector-Wise analysis of projects,32,285
FR_200904_286,,,286,MUNEERABAD- MAHABOOBNAGAR,,,RAILWAYS,2009-04,1996-04,,377.32,,497.47,120.15,,47.59,,,,,,,0,0,,,,FLR_APR_2009.pdf,Sector-Wise analysis of projects,32,286
FR_200904_287,,,287,NANGALDAM- TALWARA NEW LINE PROJECT,,,RAILWAYS,2009-04,1981-03,1985-05,37.68,,730.0,692.32,,194.18,,,,,,,0,0,,,,FLR_APR_2009.pdf,Sector-Wise analysis of projects,32,287
FR_200904_288,,,288,AMBALA-MORADABAD,,,RAILWAYS,2009-04,1993-03,,152.21,157.76,222.96,70.75,65.2,245.53,1998-03,,,,,,0,0,,,,FLR_APR_2009.pdf,Sector-Wise analysis of projects,32,288
FR_200904_289,,,289,BANKURA-DAMODAR,,,RAILWAYS,2009-04,1998-03,,111.9,,325.17,213.27,,253.59,2005-03,2008-12,,,,,0,0,,,,FLR_APR_2009.pdf,Sector-Wise analysis of projects,32,289
FR_200904_290,,,290,KAPTANGANJ-THAWE- SIWAN-CHHAPRA,,,RAILWAYS,2009-04,2001-09,,320.1,,320.1,0.0,,108.05,,,,,,,0,0,,,,FLR_APR_2009.pdf,Sector-Wise analysis of projects,32,290
FR_200904_291,,,291,2ND BRIDGE ON BIRUPA & MAHANADI,,,RAILWAYS,2009-04,1997-04,,93.1,109.45,122.0,28.9,12.55,126.11,,,,,,,0,0,,,,FLR_APR_2009.pdf,Sector-Wise analysis of projects,32,291
FR_200904_292,,,292,HOSPET-GUNTAKAL LINE DOUBLING,,,RAILWAYS,2009-04,1996-03,,105.22,,268.0,162.78,,243.18,1999-12,2008-03,,,,,0,0,,,,FLR_APR_2009.pdf,Sector-Wise analysis of projects,33,292
FR_200904_293,,,293,HOWRAH-AMTA- CHAMPADANGA,,,RAILWAYS,2009-04,1974-04,2001-07,31.42,154.3,154.3,122.88,0.0,84.85,2007-03,2007-03,,,,,0,0,,,,FLR_APR_2009.pdf,Sector-Wise analysis of projects,33,293
FR_200904_294,,,294,KODERMA-RANCHI VIA HAZARIBAGH AND BARKAKHANA,,,RAILWAYS,2009-04,1999-03,,491.19,,1645.0,1153.81,,470.95,2005-07,,,,,,0,0,,,,FLR_APR_2009.pdf,Sector-Wise analysis of projects,33,294
FR_200904_295,,,295,Aluabari road- Siliguri Junction via Galgalia,,,RAILWAYS,2009-04,2006-12,,170.0,,255.96,85.96,,18.08,,,,,,,0,0,,,,FLR_APR_2009.pdf,Sector-Wise analysis of projects,33,295
FR_200904_296,,,296,Construction of new line fron Harmati- Itanagar/Narhariagun,,,RAILWAYS,2009-04,1996-09,,156.0,,160.48,4.48,,34.08,,,,,,,0,0,,,,FLR_APR_2009.pdf,Sector-Wise analysis of projects,33,296
FR_200904_297,,,297,PURNA-AKOLA,,,RAILWAYS,2009-04,2000-02,,228.0,,497.63,269.63,,477.14,,,,,,,0,0,,,,FLR_APR_2009.pdf,Sector-Wise analysis of projects,33,297
FR_200904_298,,,298,MUNDERWA-BABHNAN,,,RAILWAYS,2009-04,2006-04,,102.1,,102.1,0.0,,22.75,,,,,,,0,0,,,,FLR_APR_2009.pdf,Sector-Wise analysis of projects,33,298
FR_200904_299,,,299,EKLAKHI-BALURGHAT INCLUDING GAZOLE- ITAHAR,,,RAILWAYS,2009-04,1986-01,1994-04,36.8,274.41,285.93,249.13,11.52,222.7,,,,,,,0,0,,,,FLR_APR_2009.pdf,Sector-Wise analysis of projects,33,299
FR_200904_300,,,300,GONDA-GORAKHPUR LOOP WITH ANANDNAGAR- NAUTANWA,,,RAILWAYS,2009-04,2002-03,,383.15,,381.17,-1.98,,80.02,,,,,,,0,0,,,,FLR_APR_2009.pdf,Sector-Wise analysis of projects,33,300
FR_200904_301,,,301,THANE-TURBHE- NERUL-VASHI,,,RAILWAYS,2009-04,1992-05,,403.39,,403.92,0.53,,394.68,2000-03,2002-03,,,,,0,0,,,,FLR_APR_2009.pdf,Sector-Wise analysis of projects,33,301
FR_200904_302,,,302,BELAPUR-SEAWOOD- URAN ELECTRIFIED DOUBLE LINE,,,RAILWAYS,2009-04,1996-03,1997-07,401.81,,495.44,93.63,,126.24,2004-03,,,,,,0,0,,,,FLR_APR_2009.pdf,Sector-Wise analysis of projects,33,302
FR_200904_303,,,303,DALLIRAJHARA- JAGDALPUR,,,RAILWAYS,2009-04,1995-04,,369.0,,968.6,599.6,,38.4,,,,,,,0,0,,,,FLR_APR_2009.pdf,Sector-Wise analysis of projects,33,303
FR_200904_304,,,304,RAMGANJMUNDI- BHOPAL,,,RAILWAYS,2009-04,2001-04,,727.13,,726.05,-1.08,,91.8,,,,,,,0,0,,,,FLR_APR_2009.pdf,Sector-Wise analysis of projects,33,304
FR_200904_305,,,305,CHHINDWARA- NAGPUR,,,RAILWAYS,2009-04,2005-04,,383.79,,585.93,202.14,,68.64,,,,,,,0,0,,,,FLR_APR_2009.pdf,Sector-Wise analysis of projects,33,305
FR_200904_306,,,306,AMROHA-KANKATHER,,,RAILWAYS,2009-04,2000-04,,57.0,107.29,103.57,46.57,-3.72,105.97,2005-03,2008-09,,,,,0,0,,,,FLR_APR_2009.pdf,Sector-Wise analysis of projects,33,306
FR_200904_307,,,307,TANUR (KUTTIPURAM)- GURUVAYUR,,,RAILWAYS,2009-04,1995-04,,40.0,,137.71,97.71,,8.69,,,,,,,0,0,,,,FLR_APR_2009.pdf,Sector-Wise analysis of projects,33,307
FR_200904_308,,,308,HAPUR-KANKATHER,,,RAILWAYS,2009-04,2003-04,,106.64,117.31,106.64,0.0,-10.67,136.48,2007-03,,,,,,0,0,,,,FLR_APR_2009.pdf,Sector-Wise analysis of projects,33,308
FR_200904_309,,,309,KUTTIPURAM- CALICUT-SHORANUR,,,RAILWAYS,2009-04,2001-03,,178.76,178.71,219.94,41.18,41.23,190.49,,,,,,,0,0,,,,FLR_APR_2009.pdf,Sector-Wise analysis of projects,33,309
FR_200904_310,,,310,REWARI-SADULPUR- HISSAR,,,RAILWAYS,2009-04,1997-04,,198.96,,364.19,165.23,,77.05,,,,,,,0,0,,,,FLR_APR_2009.pdf,Sector-Wise analysis of projects,34,310
FR_200904_311,,,311,KADUR-CHIKMAGLUR- SAKLESHPUR,,,RAILWAYS,2009-04,1996-04,,157.0,,274.29,117.29,,71.76,,,,,,,0,0,,,,FLR_APR_2009.pdf,Sector-Wise analysis of projects,34,311
FR_200904_312,,,312,ANGAMALI- SABARIMALA,,,RAILWAYS,2009-04,1998-10,,550.0,,550.0,0.0,,49.1,,,,,,,0,0,,,,FLR_APR_2009.pdf,Sector-Wise analysis of projects,34,312
FR_200904_313,,,313,KODERMA-TILAIYA,,,RAILWAYS,2009-04,2002-04,,459.91,,459.91,0.0,,36.21,,,,,,,0,0,,,,FLR_APR_2009.pdf,Sector-Wise analysis of projects,34,313
FR_200904_314,,,314,BANGALORE- SATYAMANGALAM,,,RAILWAYS,2009-04,1999-02,,138.0,,901.62,763.62,,0.28,,,,,,,0,0,,,,FLR_APR_2009.pdf,Sector-Wise analysis of projects,34,314
FR_200904_315,,,315,BIDAR-GULBARGA,,,RAILWAYS,2009-04,1999-02,,242.42,369.7,369.7,127.28,0.0,110.79,,2009-05,,,,,0,0,,,,FLR_APR_2009.pdf,Sector-Wise analysis of projects,34,315
FR_200904_316,,,316,Gaelkera-Manoharpur,,,RAILWAYS,2009-04,1998-03,,186.92,,283.1,96.18,,1.86,2006-02,,,,,,0,0,,,,FLR_APR_2009.pdf,Sector-Wise analysis of projects,34,316
FR_200904_317,,,317,HASSAN-BANGALORE (VIA SHRAVANABELAGOLA),,,RAILWAYS,2009-04,1997-02,,295.0,,412.91,117.91,,314.26,,,,,,,0,0,,,,FLR_APR_2009.pdf,Sector-Wise analysis of projects,34,317
FR_200904_318,,,318,HUBLI-ANKOLA(NL),,,RAILWAYS,2009-04,1995-04,,227.0,,997.58,770.58,,45.79,,,,,,,0,0,,,,FLR_APR_2009.pdf,Sector-Wise analysis of projects,34,318
FR_200904_319,,,319,Bharuch-Samni-Dahej Gauge Conversion,,,RAILWAYS,2009-04,2005-09,,200.8,,200.8,0.0,,49.14,,,,,,,0,0,,,,FLR_APR_2009.pdf,Sector-Wise analysis of projects,34,319
FR_200904_320,,,320,JIND-SONEPAT,,,RAILWAYS,2009-04,2004-01,,190.81,238.56,234.45,43.64,-4.11,39.06,,,,,,,0,0,,,,FLR_APR_2009.pdf,Sector-Wise analysis of projects,34,320
FR_200904_321,,,321,Mayladuthurai-Thiruvarur- Karaikudi-Thiru'pondi- Agasthampalli,,,RAILWAYS,2009-04,2007-09,,404.19,,711.16,306.97,,13.68,,,,,,,0,0,,,,FLR_APR_2009.pdf,Sector-Wise analysis of projects,34,321
FR_200904_322,,,322,KANPUR-KASGANJ- MATHURA,,,RAILWAYS,2009-04,1997-03,,395.0,598.98,661.72,266.72,62.74,510.14,,,,,,,0,0,,,,FLR_APR_2009.pdf,Sector-Wise analysis of projects,34,322
FR_200904_323,,,323,HATHUA-BHATNI,,,RAILWAYS,2009-04,2005-04,,200.73,,230.03,29.3,,45.76,,,,,,,0,0,,,,FLR_APR_2009.pdf,Sector-Wise analysis of projects,34,323
FR_200904_324,,,324,Madurai-Dindigul,,,RAILWAYS,2009-04,2003-04,,73.19,128.56,202.72,129.53,74.16,168.5,,,,,,,0,0,,,,FLR_APR_2009.pdf,Sector-Wise analysis of projects,34,324
FR_200904_325,,,325,New B.G. Line from Araria to Galgalia (Thakurgunj),,,RAILWAYS,2009-04,2006-09,,300.0,,627.03,327.03,,9.76,,,,,,,0,0,,,,FLR_APR_2009.pdf,Sector-Wise analysis of projects,34,325
FR_200904_326,,,326,SURENDRANAGAR- BHAVANAGAR,,,RAILWAYS,2009-04,1997-03,,437.4,,563.25,125.85,,506.63,2004-03,2005-03,,,,,0,0,,,,FLR_APR_2009.pdf,Sector-Wise analysis of projects,34,326
FR_200904_327,,,327,SURAT-KOSAMBA,,,RAILWAYS,2009-04,2000-04,,133.0,,133.0,0.0,,,,,,,,,0,0,,,,FLR_APR_2009.pdf,Sector-Wise analysis of projects,34,327
FR_200904_328,,,328,Tindivanam-Nagari (NL),,,RAILWAYS,2009-04,2006-09,,456.0,,582.83,126.83,,9.11,,,,,,,0,0,,,,FLR_APR_2009.pdf,Sector-Wise analysis of projects,35,328
FR_200904_329,,,329,PATTABIRAM- TIRUVALLUR- ARAKKONAM-4th LINE,,,RAILWAYS,2009-04,2002-04,,71.94,,124.0,52.06,,151.76,2004-03,2008-07,,,,,0,0,,,,FLR_APR_2009.pdf,Sector-Wise analysis of projects,35,329
FR_200904_330,,,330,BARBIGHA- SHEIKHPURA-NEORA- DANIAWAN,,,RAILWAYS,2009-04,2002-04,,120.23,,120.24,0.01,,24.4,,,,,,,0,0,,,,FLR_APR_2009.pdf,Sector-Wise analysis of projects,35,330
FR_200904_331,,,331,TIRUCHIRAPPALI- NAGORE-KARAIKKAL WITH EXTENSION NAGAPATTINAM,,,RAILWAYS,2009-04,1995-09,,100.0,,548.96,448.96,,325.86,,,,,,,0,0,,,,FLR_APR_2009.pdf,Sector-Wise analysis of projects,35,331
FR_200904_332,,,332,KHAGARIA- KUSHESHWAR ASTHAN,,,RAILWAYS,2009-04,1997-03,,78.23,,162.87,84.64,,54.1,,,,,,,0,0,,,,FLR_APR_2009.pdf,Sector-Wise analysis of projects,35,332
FR_200904_333,,,333,GADWAL-RAICHUR,,,RAILWAYS,2009-04,1998-04,,92.63,108.91,207.8,115.17,98.89,95.41,,,,,,,0,0,,,,FLR_APR_2009.pdf,Sector-Wise analysis of projects,35,333
FR_200904_334,,,334,Tindivanam-Gingee- Tiruvannamalai (NL),,,RAILWAYS,2009-04,2006-09,,125.0,,227.4,102.4,,4.94,,,,,,,0,0,,,,FLR_APR_2009.pdf,Sector-Wise analysis of projects,35,334
FR_200904_335,,,335,Dindigul-Pollachi-Palghat- Pollachi and Coimbatore (GC),,,RAILWAYS,2009-04,2006-09,,343.17,,557.75,214.58,,70.27,,,,,,,0,0,,,,FLR_APR_2009.pdf,Sector-Wise analysis of projects,35,335
FR_200904_336,,,336,KARUR-SALEM via NAMAKKAL,,,RAILWAYS,2009-04,1997-02,,155.55,,613.11,457.56,,231.83,,,,,,,0,0,,,,FLR_APR_2009.pdf,Sector-Wise analysis of projects,35,336
FR_200904_337,,,337,AJMER - UDAIPUR - CHITTORGARH,,,RAILWAYS,2009-04,1996-09,2002-01,262.0,433.39,456.0,194.0,22.61,470.63,,2000-03,,,,,0,0,,,,FLR_APR_2009.pdf,Sector-Wise analysis of projects,35,337
FR_200904_338,,,338,BIHARSHARIFF- BARBIGHA,,,RAILWAYS,2009-04,2001-04,,103.86,,103.86,0.0,,36.12,,,,,,,0,0,,,,FLR_APR_2009.pdf,Sector-Wise analysis of projects,35,338
FR_200904_339,,,339,DANIAWAN- BIHARSHARIF,,,RAILWAYS,2009-04,2001-04,,104.79,,104.79,0.0,,34.29,,,,,,,0,0,,,,FLR_APR_2009.pdf,Sector-Wise analysis of projects,35,339
FR_200904_340,,,340,RAJGIR-TILAIYA,,,RAILWAYS,2009-04,2001-04,,180.82,,180.82,0.0,,222.09,2006-03,,,,,,0,0,,,,FLR_APR_2009.pdf,Sector-Wise analysis of projects,35,340
FR_200904_341,,,341,MAHARAJGANJ- MASRAKH,,,RAILWAYS,2009-04,2003-04,,104.1,,113.75,9.65,,40.35,,,,,,,0,0,,,,FLR_APR_2009.pdf,Sector-Wise analysis of projects,35,341
FR_200904_342,,,342,BHATNI-JIRADEI,,,RAILWAYS,2009-04,2006-04,,100.27,,100.27,0.0,,0.01,,,,,,,0,0,,,,FLR_APR_2009.pdf,Sector-Wise analysis of projects,35,342
FR_200904_343,,,343,HOTGI-GADAG- SOLAPUR (via Hotgi),,,RAILWAYS,2009-04,1994-04,,180.0,,318.66,138.66,,452.61,1999-03,2003-03,,,,,0,0,,,,FLR_APR_2009.pdf,Sector-Wise analysis of projects,35,343
FR_200904_344,,,344,GUNA-ETAWAH via SHIVPURI-GWALIOR- BHIND,,,RAILWAYS,2009-04,1985-04,2001-01,158.77,274.56,400.0,241.23,125.44,410.52,1994-03,,,,,,0,0,,,,FLR_APR_2009.pdf,Sector-Wise analysis of projects,35,344
FR_200904_345,,,345,New B.G. Line from Azara to Byrnihat (National Project),,,RAILWAYS,2009-04,2006-09,,200.0,,200.0,0.0,,0.43,,,,,,,0,0,,,,FLR_APR_2009.pdf,Sector-Wise analysis of projects,35,345
FR_200904_346,,,346,MANOHARABAD- KOTAPALLI,,,RAILWAYS,2009-04,2006-04,,378.56,,670.0,291.44,,0.43,,,,,,,0,0,,,,FLR_APR_2009.pdf,Sector-Wise analysis of projects,36,346
FR_200904_347,,,347,PEDAPALLI- KARIMNAGAR- NIZAMABAD (NL),,,RAILWAYS,2009-04,1994-12,,124.43,408.43,517.63,393.2,109.2,297.46,,,,,,,0,0,,,,FLR_APR_2009.pdf,Sector-Wise analysis of projects,36,347
FR_200904_348,,,348,GONDIA-JABALPUR (SECR),SECR,,RAILWAYS,2009-04,1997-02,,356.0,,511.86,155.86,,363.46,1998-03,,,,,,0,0,,,,FLR_APR_2009.pdf,Sector-Wise analysis of projects,36,348
FR_200904_349,,,349,DAUSA-GANGAPUR CITY,,,RAILWAYS,2009-04,1997-02,,151.84,,208.83,56.99,,30.98,,,,,,,0,0,,,,FLR_APR_2009.pdf,Sector-Wise analysis of projects,36,349
FR_200904_350,,,350,GUNTUR-GUNTAKAL- KOLLURU- DHARMAVARAM,,,RAILWAYS,2009-04,1992-04,,458.45,,573.12,114.67,,555.49,,,,,,,0,0,,,,FLR_APR_2009.pdf,Sector-Wise analysis of projects,36,350
FR_200904_351,,,351,Obulavaripalle- Krishnapattnam,,,RAILWAYS,2009-04,2006-07,,743.0,,732.8,-10.2,,137.72,2008-03,2008-06,,,,,0,0,,,,FLR_APR_2009.pdf,Sector-Wise analysis of projects,36,351
FR_200904_352,,,352,KICHHA-KHATIMA,,,RAILWAYS,2009-04,2003-04,,165.67,,165.67,0.0,,0.15,,,,,,,0,0,,,,FLR_APR_2009.pdf,Sector-Wise analysis of projects,36,352
FR_200904_353,,,353,KOTIPALLI- NARASAPUR,,,RAILWAYS,2009-04,2001-12,,330.0,,695.0,365.0,,9.41,,,,,,,0,0,,,,FLR_APR_2009.pdf,Sector-Wise analysis of projects,36,353
FR_200904_354,,,354,MACHERLA- NALGONDA,,,RAILWAYS,2009-04,1998-07,,125.0,,243.17,118.17,,0.27,2008-07,,,,,,0,0,,,,FLR_APR_2009.pdf,Sector-Wise analysis of projects,36,354
FR_200904_355,,,355,KATIHAR-JOGBANI,,,RAILWAYS,2009-04,2001-09,,100.0,492.98,672.38,572.38,179.4,617.72,,,,,,,0,0,,,,FLR_APR_2009.pdf,Sector-Wise analysis of projects,36,355
FR_200904_356,,,356,NANDYAL- YERRAGUNTLA,,,RAILWAYS,2009-04,1997-03,,155.74,164.36,429.49,273.75,265.13,206.13,2009-02,,,,,,0,0,,,,FLR_APR_2009.pdf,Sector-Wise analysis of projects,36,356
FR_200904_357,,,357,SETTING UP EAST COAST RAILWAY ZONE AT BHUBANESWAR,,,RAILWAYS,2009-04,1997-04,,41.67,,129.78,88.11,,89.75,,,,,,,0,0,,,,FLR_APR_2009.pdf,Sector-Wise analysis of projects,36,357
FR_200904_358,,,358,"JHANSI-SHIVPURI, KM.91-KM.50, NH-25 (MADHYA PRADESH)",,,ROAD TRANSPORT & HIGHWAYS,2009-04,2003-12,,220.31,,220.31,0.0,,149.02,2008-05,,2009-05,12.0,,1.0,0,0,,,,FLR_APR_2009.pdf,Sector-Wise analysis of projects,36,358
FR_200904_359,,,359,"AGRA-BHARATPUR, KM.45, NH-11 (U.P.)",,,ROAD TRANSPORT & HIGHWAYS,2009-04,2005-03,,195.0,,195.0,0.0,,192.04,2009-03,,2009-05,2.0,,,0,0,,,,FLR_APR_2009.pdf,Sector-Wise analysis of projects,36,359
FR_200904_360,,,360,"MADURAI - KANYAKUMARI, KM.80-KM.120, NH-7 (TAMIL NADU)",,,ROAD TRANSPORT & HIGHWAYS,2009-04,2003-12,,323.36,,323.36,0.0,,187.69,2008-03,,2009-05,14.0,,,0,0,,,,FLR_APR_2009.pdf,Sector-Wise analysis of projects,36,360
FR_200904_361,,,361,"GARHMUKTESHWAR- MURADABAD, KM.93- 149.25, NH-24 (U.P.)",,,ROAD TRANSPORT & HIGHWAYS,2009-04,2000-04,,275.0,,275.0,0.0,,231.16,2007-09,,2009-05,20.0,,,0,0,,,,FLR_APR_2009.pdf,Sector-Wise analysis of projects,36,361
FR_200904_362,,,362,"MADURAI- KANYAKUMARI, KM.42-KM.80, NH-7 (TAMIL NADU)",,,ROAD TRANSPORT & HIGHWAYS,2009-04,2003-12,,474.21,,474.21,0.0,,228.44,2008-03,,2009-05,14.0,,,0,0,,,,FLR_APR_2009.pdf,Sector-Wise analysis of projects,37,362
FR_200904_363,,,363,"MADURAI- TIRUNELVELI, KM.0- KM.42, NH-7 (TAMIL NADU)",,,ROAD TRANSPORT & HIGHWAYS,2009-04,2003-12,,567.38,,567.38,0.0,,366.37,2008-03,,2009-05,14.0,,,0,0,,,,FLR_APR_2009.pdf,Sector-Wise analysis of projects,37,363
FR_200904_364,,,364,"SALEM-KARUR, KM.207.05-KM.248.625, NH-7 (TAMIL NADU)",,,ROAD TRANSPORT & HIGHWAYS,2009-04,2003-12,,253.5,,253.5,0.0,,327.33,2009-01,,2009-05,4.0,,1.0,0,0,,,,FLR_APR_2009.pdf,Sector-Wise analysis of projects,37,364
FR_200904_365,,,365,"SALEM-KARUR, KM.258.645-KM.292.60, NH-7 (TAMIL NADU)",,,ROAD TRANSPORT & HIGHWAYS,2009-04,2003-12,,205.6,,205.6,0.0,,306.61,2008-08,,2009-05,9.0,,1.0,0,0,,,,FLR_APR_2009.pdf,Sector-Wise analysis of projects,37,365
FR_200904_366,,,366,"KARUR-MADURAI, KM.305.6-KM.373.28, NH-7 (TAMIL NADU)",,,ROAD TRANSPORT & HIGHWAYS,2009-04,2003-12,,327.2,,327.2,0.0,,407.94,2009-01,,2009-05,4.0,,,0,0,,,,FLR_APR_2009.pdf,Sector-Wise analysis of projects,37,366
FR_200904_367,,,367,"SALEM-KERALA BORDER, KM.53- KM.100, NH-97 (TAMIL NADU)",,,ROAD TRANSPORT & HIGHWAYS,2009-04,2003-12,,379.8,,379.8,0.0,,429.4,2008-12,,2009-05,5.0,,1.0,0,0,,,,FLR_APR_2009.pdf,Sector-Wise analysis of projects,37,367
FR_200904_368,,,368,"KARUR-MADURAI, KM.373.275-KM.426.60, NH-7 (TAMIL NADU)",,,ROAD TRANSPORT & HIGHWAYS,2009-04,2003-12,,283.5,,283.5,0.0,,386.5,2008-12,,2009-05,5.0,,1.0,0,0,,,,FLR_APR_2009.pdf,Sector-Wise analysis of projects,37,368
FR_200904_369,,,369,"TINDIVANAM- UIUNDURPET, KM.121- KM.192.25, NH-45 (T.N.)",,,ROAD TRANSPORT & HIGHWAYS,2009-04,2003-12,,480.0,,480.0,0.0,,912.22,2009-03,,2009-05,2.0,,1.0,0,0,,,,FLR_APR_2009.pdf,Sector-Wise analysis of projects,37,369
FR_200904_370,,,370,"PADALUR-TRICHY, KM.285-KM.325, NH-45 (T.N.I)",,,ROAD TRANSPORT & HIGHWAYS,2009-04,2003-12,,320.0,,320.0,0.0,,500.84,2009-05,,2009-05,0.0,,,0,0,,,,FLR_APR_2009.pdf,Sector-Wise analysis of projects,37,370
FR_200904_371,,,371,"UIUNDURPET- PADALUR, KM.192.25- KM.285, NH-45 (T.N.)",,,ROAD TRANSPORT & HIGHWAYS,2009-04,2003-12,,460.0,,460.0,0.0,,717.69,2009-06,,2009-05,-1.0,,,0,0,,,,FLR_APR_2009.pdf,Sector-Wise analysis of projects,37,371
FR_200904_372,,,372,"SWAROOPGANJ- BAKARIA, KM.29-KM.0 & KM.264-KM.249.7, NH- 76&14",,,ROAD TRANSPORT & HIGHWAYS,2009-04,2003-12,,220.0,,243.11,23.11,,244.47,2008-04,,2009-05,13.0,,1.0,0,0,,,,FLR_APR_2009.pdf,Sector-Wise analysis of projects,37,372
FR_200904_373,,,373,"MAHUA-JAIPUR, KM.120-KM.228, NH-11 (RAJASTHAN)",,,ROAD TRANSPORT & HIGHWAYS,2009-04,2005-03,,483.0,,483.0,0.0,,573.08,2009-03,,2009-05,2.0,,,0,0,,,,FLR_APR_2009.pdf,Sector-Wise analysis of projects,37,373
FR_200904_374,,,374,"HYDERABAD- BANGALORE, KM.135.47 - KM.211, NH- 7 (A.P.)",,,ROAD TRANSPORT & HIGHWAYS,2009-04,2003-12,,611.44,,592.0,-19.44,,790.74,2009-03,,2009-05,2.0,,,0,0,,,,FLR_APR_2009.pdf,Sector-Wise analysis of projects,37,374
FR_200904_375,,,375,"ASSAM/WEST BENGAL BORDER-GAIRKATTA, KM.255-KM.223, NH-31",,,ROAD TRANSPORT & HIGHWAYS,2009-04,2003-12,,221.82,,221.82,0.0,,96.75,2008-11,,2009-06,7.0,,,0,0,,,,FLR_APR_2009.pdf,Sector-Wise analysis of projects,37,375
FR_200904_376,,,376,"THANJAVUR-TRICHY, KM.80-KM.135.75, NH-67 (T.N.)",,,ROAD TRANSPORT & HIGHWAYS,2009-04,2005-03,,280.0,,280.0,0.0,,347.79,2009-06,,2009-06,0.0,,,0,0,,,,FLR_APR_2009.pdf,Sector-Wise analysis of projects,37,376
FR_200904_377,,,377,"TOVARAMKURCHI- MADURAI, KM.60.95- KM.124.84 (T.N.)",,,ROAD TRANSPORT & HIGHWAYS,2009-04,2003-12,,263.0,,263.0,0.0,,232.52,2008-08,,2009-06,10.0,,,0,0,,,,FLR_APR_2009.pdf,Sector-Wise analysis of projects,37,377
FR_200904_378,,,378,"SILIGURI-ISLAMPUR, KM.526-KM.500, NH- 31(WEST BENGAL)",,,ROAD TRANSPORT & HIGHWAYS,2009-04,2003-12,,225.0,,225.0,0.0,,116.64,2008-07,,2009-06,11.0,,,0,0,,,,FLR_APR_2009.pdf,Sector-Wise analysis of projects,38,378
FR_200904_379,,,379,"VARANASI-MOHANIA, KM.317-KM.329, NH-2 (U.P.)",,,ROAD TRANSPORT & HIGHWAYS,2009-04,2000-04,,467.93,,467.93,0.0,,441.36,2005-03,,2009-06,51.0,,,0,0,,,,FLR_APR_2009.pdf,Sector-Wise analysis of projects,38,379
FR_200904_380,,,380,"MADURAI- KANYAKUMARI, KM.120-KM.160, NH-7 (TAMIL NADU)",,,ROAD TRANSPORT & HIGHWAYS,2009-04,2003-12,,507.49,,507.49,0.0,,265.99,2008-03,,2009-06,15.0,,,0,0,,,,FLR_APR_2009.pdf,Sector-Wise analysis of projects,38,380
FR_200904_381,,,381,"TIRUNELVEI- PANAGUDI, KM.160- KM.203, NH-7 (TAMIL NADU)",,,ROAD TRANSPORT & HIGHWAYS,2009-04,2003-12,,423.54,,423.54,0.0,,216.38,2008-03,,2009-06,15.0,,,0,0,,,,FLR_APR_2009.pdf,Sector-Wise analysis of projects,38,381
FR_200904_382,,,382,"AYODHYA-LUCKNOW, KM.45-KM.8.250, NH-28 (UTTAR PRADESH)",,,ROAD TRANSPORT & HIGHWAYS,2009-04,2003-12,,193.0,,193.0,0.0,,214.27,2008-10,,2009-06,8.0,,,0,0,,,,FLR_APR_2009.pdf,Sector-Wise analysis of projects,38,382
FR_200904_383,,,383,"AGRA-SHIKOHABAD, KM.200-KM.250.50, NH-2 (U.P.)",,,ROAD TRANSPORT & HIGHWAYS,2009-04,2000-04,,367.49,,367.49,0.0,,413.27,2005-03,,2009-06,51.0,,,0,0,,,,FLR_APR_2009.pdf,Sector-Wise analysis of projects,38,383
FR_200904_384,,,384,"FATEHPUR-KHAGA, KM.38-KM.115, NH-2 (U.P.)",,,ROAD TRANSPORT & HIGHWAYS,2009-04,2000-04,,372.4,,372.4,0.0,,380.72,2004-07,,2009-06,59.0,,,0,0,,,,FLR_APR_2009.pdf,Sector-Wise analysis of projects,38,384
FR_200904_385,,,385,"TRICHY BYPASS- TUVARAMKURCHI, KM.61, NH-45B (TAMIL NADU)",,,ROAD TRANSPORT & HIGHWAYS,2009-04,2003-12,,261.0,,261.0,0.0,,206.58,2008-08,,2009-06,10.0,,,0,0,,,,FLR_APR_2009.pdf,Sector-Wise analysis of projects,38,385
FR_200904_386,,,386,"AYODHYA-LUCKNOW, KM.93.075-KM.45, NH-28 (UTTAR PRADESH)",,,ROAD TRANSPORT & HIGHWAYS,2009-04,2003-12,,217.0,,217.0,0.0,,245.89,2008-10,,2009-06,8.0,,,0,0,,,,FLR_APR_2009.pdf,Sector-Wise analysis of projects,38,386
FR_200904_387,,,387,"GORAKHPUR- AYODHYA, KM.251.70- KM.208.00, NH-28 (U.P.)",,,ROAD TRANSPORT & HIGHWAYS,2009-04,2003-12,,239.0,,239.0,0.0,,221.47,2008-10,,2009-06,8.0,,,0,0,,,,FLR_APR_2009.pdf,Sector-Wise analysis of projects,38,387
FR_200904_388,,,388,"SITAPUR-LUCKNOW, KM.488.27-KM.413.20, NH-24 (U.P.)",,,ROAD TRANSPORT & HIGHWAYS,2009-04,2005-03,,322.0,,322.0,0.0,,110.0,2009-06,,2009-06,0.0,,,0,0,,,,FLR_APR_2009.pdf,Sector-Wise analysis of projects,38,388
FR_200904_389,,,389,"AYODHYA-LUCKNOW, KM.135.000-KM.93.075, NH-28 (U.P.)",,,ROAD TRANSPORT & HIGHWAYS,2009-04,2003-12,,212.0,,212.0,0.0,,245.59,2008-10,,2009-06,8.0,,,0,0,,,,FLR_APR_2009.pdf,Sector-Wise analysis of projects,38,389
FR_200904_390,,,390,"CHENNAI BYPASS, KM.32, NH-4, 5, & 45 (TAMIL NADU)",,,ROAD TRANSPORT & HIGHWAYS,2009-04,2003-12,,480.0,,480.0,0.0,,604.64,2007-11,,2009-06,19.0,,,0,0,,,,FLR_APR_2009.pdf,Sector-Wise analysis of projects,38,390
FR_200904_391,,,391,"IMPROVEMENT OF ACCESS OF GQ WITHIN CHENNAI CITY, KM.4, NH-4,",,,ROAD TRANSPORT & HIGHWAYS,2009-04,2005-01,,210.0,,210.0,0.0,,501.89,2007-04,,2009-06,26.0,,,0,0,,,,FLR_APR_2009.pdf,Sector-Wise analysis of projects,38,391
FR_200904_392,,,392,"ALLAHABAD BYPASS CONTRACT-II, KM.158- KM.198, NH-2 (U.P.)",,,ROAD TRANSPORT & HIGHWAYS,2009-04,2000-04,,440.93,,440.93,0.0,,560.68,2006-12,,2009-06,30.0,,,0,0,,,,FLR_APR_2009.pdf,Sector-Wise analysis of projects,38,392
FR_200904_393,,,393,"ALLAHABAD BYPASS CONTRACT-III, KM.198- KM.242.71, NH-2 (U.P.)",,,ROAD TRANSPORT & HIGHWAYS,2009-04,2000-04,,534.39,,534.39,0.0,,584.42,2007-05,,2009-06,25.0,,,0,0,,,,FLR_APR_2009.pdf,Sector-Wise analysis of projects,38,393
FR_200904_394,,,394,"GOGUNDA-UDAIPUR, KM.104-KM.73, NH-76 (RAJASTHAN)",,,ROAD TRANSPORT & HIGHWAYS,2009-04,2003-12,,266.0,,288.06,22.06,,292.88,2007-08,,2009-06,22.0,,2.0,0,0,,,,FLR_APR_2009.pdf,Sector-Wise analysis of projects,39,394
FR_200904_395,,,395,"CHITTORGARH BYPASS(RJ-6) NH-76 KM.159- 213, NH-79,76",,,ROAD TRANSPORT & HIGHWAYS,2009-04,2005-03,,133.03,,133.03,0.0,,228.44,2005-08,,2009-06,46.0,,,0,0,,,,FLR_APR_2009.pdf,Sector-Wise analysis of projects,39,395
FR_200904_396,,,396,"RAJASTHAN/MP BORDER-KOTA, KM.509-KM.449.15, NH- 76",,,ROAD TRANSPORT & HIGHWAYS,2009-04,2003-12,,378.22,,430.21,51.99,,365.05,2008-04,,2009-06,14.0,,,0,0,,,,FLR_APR_2009.pdf,Sector-Wise analysis of projects,39,396
FR_200904_397,,,397,"RJ/MP BORDER-KOTA, KM.449.15-KM.406 NH- 76 (RAJASTHAN)",,,ROAD TRANSPORT & HIGHWAYS,2009-04,2003-12,,297.72,,359.43,61.71,,289.88,2008-04,,2009-06,14.0,,,0,0,,,,FLR_APR_2009.pdf,Sector-Wise analysis of projects,39,397
FR_200904_398,,,398,"BHUBANESWAR- KHURDA, KM.388- KM.418, NH-5 (ORISSA)",,,ROAD TRANSPORT & HIGHWAYS,2009-04,2000-04,,140.85,,140.85,0.0,,146.36,2004-01,,2009-06,65.0,,,0,0,,,,FLR_APR_2009.pdf,Sector-Wise analysis of projects,39,398
FR_200904_399,,,399,"GANJAM- ICCHAPURAM, KM.233- KM.284, NH-5 (ORISSA)",,,ROAD TRANSPORT & HIGHWAYS,2009-04,2000-04,,263.27,,263.27,0.0,,173.78,2004-02,,2009-06,64.0,,,0,0,,,,FLR_APR_2009.pdf,Sector-Wise analysis of projects,39,399
FR_200904_400,,,400,"PARADIP PORT, KM.77, NH-5A (ORISSA)",,,ROAD TRANSPORT & HIGHWAYS,2009-04,2000-04,,428.0,,428.0,0.0,,459.38,2007-02,,2009-06,28.0,,,0,0,,,,FLR_APR_2009.pdf,Sector-Wise analysis of projects,39,400
FR_200904_401,,,401,"DEVDHARI-WADNER, KM.94-KM.123, NH-7 (MAHARASHTRA)",,,ROAD TRANSPORT & HIGHWAYS,2009-04,2003-12,,145.0,,145.0,0.0,,24.71,2005-07,,2009-06,47.0,,,0,0,,,,FLR_APR_2009.pdf,Sector-Wise analysis of projects,39,401
FR_200904_402,,,402,"DHULE-PIMPALGAON, KM.380-KM.265, NH-3 (MAHARASHTRA)",,,ROAD TRANSPORT & HIGHWAYS,2009-04,2005-03,,556.0,,556.0,0.0,,513.0,2009-03,,2009-06,3.0,,,0,0,,,,FLR_APR_2009.pdf,Sector-Wise analysis of projects,39,402
FR_200904_403,,,403,"GONDE-VADAPE (THANE), KM.440- KM.539.50, NH-3 (MAHARASHTRA)",,,ROAD TRANSPORT & HIGHWAYS,2009-04,2005-03,,579.0,,579.0,0.0,,433.24,2009-04,,2009-06,2.0,,2.0,0,0,,,,FLR_APR_2009.pdf,Sector-Wise analysis of projects,39,403
FR_200904_404,,,404,"PALANPUR- SWAROOPGANJ, KM.264-KM.340, NH-14 (RAJASTHAN)",,,ROAD TRANSPORT & HIGHWAYS,2009-04,2003-12,,498.0,,498.0,0.0,,82.09,2009-03,,2009-06,3.0,,,0,0,,,,FLR_APR_2009.pdf,Sector-Wise analysis of projects,39,404
FR_200904_405,,,405,"SAGAR-RAJMARG CHORAHA, KM.255- KM.297, NH-26 (M.P.)",,,ROAD TRANSPORT & HIGHWAYS,2009-04,2003-12,,206.96,,206.96,0.0,,51.79,2008-10,,2009-06,8.0,,,0,0,,,,FLR_APR_2009.pdf,Sector-Wise analysis of projects,39,405
FR_200904_406,,,406,AP/ KARNATAKA BORDER NANDI HILL CROSSING KM.464.6- KM.527,,,ROAD TRANSPORT & HIGHWAYS,2009-04,2003-12,,402.8,,402.8,0.0,,300.26,2009-03,,2009-06,3.0,,,0,0,,,,FLR_APR_2009.pdf,Sector-Wise analysis of projects,39,406
FR_200904_407,,,407,ELEVATED HIGHWAY FROM SILK BOARD JUNCTION TO ELECTRONIC CITY,,,ROAD TRANSPORT & HIGHWAYS,2009-04,2005-03,,450.0,,450.0,0.0,,759.0,2008-07,,2009-06,11.0,,,0,0,,,,FLR_APR_2009.pdf,Sector-Wise analysis of projects,39,407
FR_200904_408,,,408,"CHITRADURGA BY PASS, KM.207-KM.189 (NH-4)",,,ROAD TRANSPORT & HIGHWAYS,2009-04,2000-04,,104.0,,104.0,0.0,,128.85,2004-08,,2009-06,58.0,,,0,0,,,,FLR_APR_2009.pdf,Sector-Wise analysis of projects,39,408
FR_200904_409,,,409,"GARAMORE- BAMANBORE, KM.254- KM.182.60, NH-8A (GUJARAT)",,,ROAD TRANSPORT & HIGHWAYS,2009-04,2003-12,,360.7,,380.7,20.0,,331.14,2007-11,,2009-06,19.0,,,0,0,,,,FLR_APR_2009.pdf,Sector-Wise analysis of projects,39,409
FR_200904_410,,,410,"PANIPAT-PANCHI GUJARAN, KM.86- KM.66, (HARYANA)",,,ROAD TRANSPORT & HIGHWAYS,2009-04,2003-12,,109.0,,109.0,0.0,,98.9,2008-10,,2009-06,8.0,,,0,0,,,,FLR_APR_2009.pdf,Sector-Wise analysis of projects,40,410
FR_200904_411,,,411,"FORBESGANJ-SIMRAHI, KM.230-KM.190, NH-57 (BIHAR)",,,ROAD TRANSPORT & HIGHWAYS,2009-04,2003-12,,332.94,,332.94,0.0,,124.4,2008-09,,2009-06,9.0,,,0,0,,,,FLR_APR_2009.pdf,Sector-Wise analysis of projects,40,411
FR_200904_412,,,412,"RINGBUNDS- JHANJHARPUR, KM.155- KM.110, NH-57 (BIHAR)",,,ROAD TRANSPORT & HIGHWAYS,2009-04,2003-12,,340.0,,340.0,0.0,,268.42,2008-06,,2009-06,12.0,,,0,0,,,,FLR_APR_2009.pdf,Sector-Wise analysis of projects,40,412
FR_200904_413,,,413,"DARBHANGA- MUZAFFARPUR, KM.70- KM.30, NH-57, (BIHAR)",,,ROAD TRANSPORT & HIGHWAYS,2009-04,2003-12,,305.0,,305.0,0.0,,219.92,2008-06,,2009-06,12.0,,,0,0,,,,FLR_APR_2009.pdf,Sector-Wise analysis of projects,40,413
FR_200904_414,,,414,"SIMRAHI-RINGBUND, KM.190-KM.165, NH-57 (BIHAR)",,,ROAD TRANSPORT & HIGHWAYS,2009-04,2003-12,,100.5,,100.5,0.0,,128.29,2008-04,,2009-06,14.0,,,0,0,,,,FLR_APR_2009.pdf,Sector-Wise analysis of projects,40,414
FR_200904_415,,,415,"DARBHANGA- MUZAFFARPUR, KM 30- KM 0, NH-57 (BIHAR)",,,ROAD TRANSPORT & HIGHWAYS,2009-04,2003-12,,291.8,,291.8,0.0,,226.05,2008-06,,2009-06,12.0,,,0,0,,,,FLR_APR_2009.pdf,Sector-Wise analysis of projects,40,415
FR_200904_416,,,416,"BIJNI-ASSAM/WEST BENGAL BORDER, KM.30-KM.60, NH-31C",,,ROAD TRANSPORT & HIGHWAYS,2009-04,2003-12,,195.0,,195.0,0.0,,52.5,2008-06,,2009-06,12.0,,,0,0,,,,FLR_APR_2009.pdf,Sector-Wise analysis of projects,40,416
FR_200904_417,,,417,"BIJNI-ASSAM/WB BORDER, KM.30.0- KM.0.0, NH-31C (ASSAM)",,,ROAD TRANSPORT & HIGHWAYS,2009-04,2003-12,,230.0,,230.0,0.0,,76.67,2005-06,,2009-06,48.0,,,0,0,,,,FLR_APR_2009.pdf,Sector-Wise analysis of projects,40,417
FR_200904_418,,,418,"BIJNI-ASSAM /WEST BENGAL.BORDER, KM.93-KM.60, NH-31C",,,ROAD TRANSPORT & HIGHWAYS,2009-04,2003-12,,237.8,,237.8,0.0,,56.95,2008-06,,2009-06,12.0,,,0,0,,,,FLR_APR_2009.pdf,Sector-Wise analysis of projects,40,418
FR_200904_419,,,419,"NALBARI-BIJNI, KM.983-KM.961.5, NH-31 (ASSAM)",,,ROAD TRANSPORT & HIGHWAYS,2009-04,2003-12,,142.0,,142.0,0.0,,79.16,2008-06,,2009-06,12.0,,,0,0,,,,FLR_APR_2009.pdf,Sector-Wise analysis of projects,40,419
FR_200904_420,,,420,"NALBARI-BIJNI, KM.1040.3-KM.1013, NH- 31 (ASSAM)",,,ROAD TRANSPORT & HIGHWAYS,2009-04,2003-12,,208.0,,208.0,0.0,,37.58,2008-04,,2009-06,14.0,,,0,0,,,,FLR_APR_2009.pdf,Sector-Wise analysis of projects,40,420
FR_200904_421,,,421,"NALBARI-BIJNI, KM.1013-KM.983, NH-31 (ASSAM)",,,ROAD TRANSPORT & HIGHWAYS,2009-04,2003-12,,200.0,,200.0,0.0,,99.42,2008-06,,2009-06,12.0,,,0,0,,,,FLR_APR_2009.pdf,Sector-Wise analysis of projects,40,421
FR_200904_422,,,422,"NALBARI-BIJNI, KM.1065-KM.1040.3, NH- 31 (ASSAM)",,,ROAD TRANSPORT & HIGHWAYS,2009-04,2003-12,,225.0,,225.0,0.0,,71.62,2008-06,,2009-06,12.0,,,0,0,,,,FLR_APR_2009.pdf,Sector-Wise analysis of projects,40,422
FR_200904_423,,,423,"SILCHAR-UDARBAND, KM.309-KM.275, NH-54 (ASSAM)",,,ROAD TRANSPORT & HIGHWAYS,2009-04,2003-12,,157.47,,154.57,-2.9,,103.94,2007-09,,2009-06,21.0,,,0,0,,,,FLR_APR_2009.pdf,Sector-Wise analysis of projects,40,423
FR_200904_424,,,424,"GUWAHATI-NALBARI, KM.1093-KM.1065, NH- 31 (ASSAM)",,,ROAD TRANSPORT & HIGHWAYS,2009-04,2003-12,,198.16,,198.16,0.0,,60.89,2008-04,,2009-06,14.0,,,0,0,,,,FLR_APR_2009.pdf,Sector-Wise analysis of projects,40,424
FR_200904_425,,,425,"DAKOBA-NAGAON, KM.36-KM.5.5, NH-36 (ASSAM)",,,ROAD TRANSPORT & HIGHWAYS,2009-04,2003-12,,225.0,,225.0,0.0,,86.47,2008-06,,2009-06,12.0,,,0,0,,,,FLR_APR_2009.pdf,Sector-Wise analysis of projects,40,425
FR_200904_426,,,426,"NAGAON BYPASS, KM.5.5-KM.262.7, NH-36 (ASSAM)",,,ROAD TRANSPORT & HIGHWAYS,2009-04,2003-12,,230.0,,230.0,0.0,,137.07,2008-06,,2009-06,12.0,,,0,0,,,,FLR_APR_2009.pdf,Sector-Wise analysis of projects,40,426
FR_200904_427,,,427,"GUWAHATI-NALBARI, KM.1121-KM.1093, NH- 31 (ASSAM)",,,ROAD TRANSPORT & HIGHWAYS,2009-04,2003-12,,175.96,,175.96,0.0,,39.49,2008-04,,2009-06,14.0,,,0,0,,,,FLR_APR_2009.pdf,Sector-Wise analysis of projects,40,427
FR_200904_428,,,428,"LANKA-DABOKA, KM.22-KM.24, NH-54 (ASSAM)",,,ROAD TRANSPORT & HIGHWAYS,2009-04,2003-12,,225.0,,225.0,0.0,,99.85,2008-06,,2009-06,12.0,,,0,0,,,,FLR_APR_2009.pdf,Sector-Wise analysis of projects,41,428
FR_200904_429,,,429,"DHARMATUL- SONAPUR, KM.230.50- KM.230.00, NH-31 (ASSAM)",,,ROAD TRANSPORT & HIGHWAYS,2009-04,2003-12,,200.0,,200.0,0.0,,78.52,2008-06,,2009-06,12.0,,,0,0,,,,FLR_APR_2009.pdf,Sector-Wise analysis of projects,41,429
FR_200904_430,,,430,"GORHAR-BARWA ADDA, KM.320- KM.398.75, NH-2 (JHARKHAND)",,,ROAD TRANSPORT & HIGHWAYS,2009-04,2000-04,,399.75,,399.75,0.0,,368.09,2005-03,,2009-06,51.0,,,0,0,,,,FLR_APR_2009.pdf,Sector-Wise analysis of projects,41,430
FR_200904_431,,,431,"VADODARA-BHARUCH PACKAGE BOT-I, KM.108.7-KM.192, NH-8 (GUJ.)",,,ROAD TRANSPORT & HIGHWAYS,2009-04,2006-05,,660.0,,660.0,0.0,,777.45,2009-07,,2009-07,0.0,,,0,0,,,,FLR_APR_2009.pdf,Sector-Wise analysis of projects,41,431
FR_200904_432,,,432,"SALEM-KERALA BORDER, KM.203.96- KM.53, NH-47 (TAMIL NADU)",,,ROAD TRANSPORT & HIGHWAYS,2009-04,2003-12,,469.8,,469.8,0.0,,621.94,2008-12,,2009-07,7.0,,3.0,0,0,,,,FLR_APR_2009.pdf,Sector-Wise analysis of projects,41,432
FR_200904_433,,,433,"BHARUCH-SURAT PACKAGE BOT-II, KM.65, (SIX-LANING) NH-8 (GU.)",,,ROAD TRANSPORT & HIGHWAYS,2009-04,2006-05,,492.0,,492.0,0.0,,579.72,2009-07,,2009-07,0.0,,,0,0,,,,FLR_APR_2009.pdf,Sector-Wise analysis of projects,41,433
FR_200904_434,,,434,"Hyderabad-Banglore Section, Km.376-Km.418, NH-7 (A.P.)",,,ROAD TRANSPORT & HIGHWAYS,2009-04,2003-12,,205.92,,205.92,0.0,,129.14,2009-08,,2009-08,0.0,,,0,0,,,,FLR_APR_2009.pdf,Sector-Wise analysis of projects,41,434
FR_200904_435,,,435,"Hyderabad-Banglore Section, Km.211- Km.251, NH-7 (A.P.)",,,ROAD TRANSPORT & HIGHWAYS,2009-04,2003-12,,194.8,,194.8,0.0,,112.29,2009-08,,2009-08,0.0,,,0,0,,,,FLR_APR_2009.pdf,Sector-Wise analysis of projects,41,435
FR_200904_436,,,436,"Hyderabad-Banglore Section, Km.251-293.4, NH-7 (A.P.)",,,ROAD TRANSPORT & HIGHWAYS,2009-04,2003-12,,208.46,,208.46,0.0,,126.09,2009-08,,2009-08,0.0,,,0,0,,,,FLR_APR_2009.pdf,Sector-Wise analysis of projects,41,436
FR_200904_437,,,437,"Hyderabad-Banglore Section, Km.418- Km.463.16, NH-7 (A.P.)",,,ROAD TRANSPORT & HIGHWAYS,2009-04,2003-12,,243.64,,243.64,0.0,,165.81,2009-08,,2009-08,0.0,,,0,0,,,,FLR_APR_2009.pdf,Sector-Wise analysis of projects,41,437
FR_200904_438,,,438,"GANGA BRIDGE- RAMDEVI CROSSING, KM.75-KM.80.06, NH-25 (U.P.)",,,ROAD TRANSPORT & HIGHWAYS,2009-04,2003-12,,155.0,,201.66,46.66,,38.29,2008-09,,2009-09,12.0,,,0,0,,,,FLR_APR_2009.pdf,Sector-Wise analysis of projects,41,438
FR_200904_439,,,439,"JHANSI TO LALITPUR, NH-25,26 (NS, PH-II)",,,ROAD TRANSPORT & HIGHWAYS,2009-04,2003-12,,355.06,,355.06,0.0,,204.48,2009-09,,2009-09,0.0,,,0,0,,,,FLR_APR_2009.pdf,Sector-Wise analysis of projects,41,439
FR_200904_440,,,440,"LAKHNADON- MP/MAHARASHTRA BORDER, KM.547.4- KM.596.75, NH-7",,,ROAD TRANSPORT & HIGHWAYS,2009-04,2003-12,,263.17,,263.17,0.0,,184.7,2009-09,,2009-09,0.0,,,0,0,,,,FLR_APR_2009.pdf,Sector-Wise analysis of projects,41,440
FR_200904_441,,,441,"INDORE-KALAGHAT, KM.80, NH-3 (M.P.)",,,ROAD TRANSPORT & HIGHWAYS,2009-04,2005-03,,472.0,,472.0,0.0,,516.9,2009-09,,2009-09,0.0,,,0,0,,,,FLR_APR_2009.pdf,Sector-Wise analysis of projects,41,441
FR_200904_442,,,442,"Hyderabad-Banglore Section, Km.336-km.376, NH-7 (A.P.)",,,ROAD TRANSPORT & HIGHWAYS,2009-04,2003-12,,243.38,,243.38,0.0,,100.48,2008-09,,2009-09,12.0,,,0,0,,,,FLR_APR_2009.pdf,Sector-Wise analysis of projects,41,442
FR_200904_443,,,443,"Hyderabad-Banglore Section, Km.293.4-336, NH-7 (A.P.)",,,ROAD TRANSPORT & HIGHWAYS,2009-04,2003-12,,239.19,,239.19,0.0,,110.88,2009-09,,2009-09,0.0,,,0,0,,,,FLR_APR_2009.pdf,Sector-Wise analysis of projects,41,443
FR_200904_444,,,444,"MEERUT- MUZAFFARNAGAR, KM.52.25-KM.131.00, NH-58 (U.P.)",,,ROAD TRANSPORT & HIGHWAYS,2009-04,2005-03,,359.0,,359.0,0.0,,389.01,2009-03,,2009-09,6.0,,,0,0,,,,FLR_APR_2009.pdf,Sector-Wise analysis of projects,42,444
FR_200904_445,,,445,"JALANDAR-AMRITSAR, KM.407-KM.456, NH-1, (PANJAB)",,,ROAD TRANSPORT & HIGHWAYS,2009-04,2005-03,,263.0,,263.0,0.0,,256.44,2009-02,,2009-09,7.0,,,0,0,,,,FLR_APR_2009.pdf,Sector-Wise analysis of projects,42,445
FR_200904_446,,,446,"JHANSI-LALITPUR, KM.49.7-KM.99, NH-26 (U.P.)",,,ROAD TRANSPORT & HIGHWAYS,2009-04,2003-12,,276.09,,276.09,0.0,,161.2,2009-09,,2009-09,0.0,,,0,0,,,,FLR_APR_2009.pdf,Sector-Wise analysis of projects,42,446
FR_200904_447,,,447,"GORAKHPUR BYPASS, KM.251.7-KM.279.8, NH- 28 (U.P.)",,,ROAD TRANSPORT & HIGHWAYS,2009-04,2003-12,,600.24,,600.24,0.0,,315.44,2009-10,,2009-10,0.0,,,0,0,,,,FLR_APR_2009.pdf,Sector-Wise analysis of projects,42,447
FR_200904_448,,,448,"JAWAHABLAL NEHRU PORT PHASE-II, KM.14.35, NH-54 (MH)",,,ROAD TRANSPORT & HIGHWAYS,2009-04,2000-04,,143.0,,143.0,0.0,,120.3,2007-05,,2009-10,29.0,,,0,0,,,,FLR_APR_2009.pdf,Sector-Wise analysis of projects,42,448
FR_200904_449,,,449,"MAHARASHTRA/A.P. BORDER-ISLAM NAGAR KM.175-KM.230, NH-7",,,ROAD TRANSPORT & HIGHWAYS,2009-04,2003-12,,360.42,,360.42,0.0,,206.41,2009-11,,2009-11,0.0,,,0,0,,,,FLR_APR_2009.pdf,Sector-Wise analysis of projects,42,449
FR_200904_450,,,450,"KADAL-ARMUR, KM.278-KM.208, NH-7, (A.P.)",,,ROAD TRANSPORT & HIGHWAYS,2009-04,2003-12,,271.73,,271.73,0.0,,218.64,2009-11,,2009-11,0.0,,,0,0,,,,FLR_APR_2009.pdf,Sector-Wise analysis of projects,42,450
FR_200904_451,,,451,"MAILBANG-LUNDING, KM.60.50-KM.83.40, NH- 54 (ASSAM)",,,ROAD TRANSPORT & HIGHWAYS,2009-04,2003-12,,167.64,,167.64,0.0,,38.35,2008-11,,2009-11,12.0,,,0,0,,,,FLR_APR_2009.pdf,Sector-Wise analysis of projects,42,451
FR_200904_452,,,452,"SIX LANING OF BANGLORE-HOSUR, KM.18.75-KM.33.51, NH- 7 (KAR.)",,,ROAD TRANSPORT & HIGHWAYS,2009-04,2005-03,,110.0,,110.0,0.0,,87.95,2008-07,,2009-11,16.0,,,0,0,,,,FLR_APR_2009.pdf,Sector-Wise analysis of projects,42,452
FR_200904_453,,,453,"GAGODHAR- GARAMORE, KM.245- KM.281.3 & KM.308- KM.254, NH-8A",,,ROAD TRANSPORT & HIGHWAYS,2009-04,2003-12,,412.78,,479.54,66.76,,383.77,2007-11,,2009-11,24.0,,,0,0,,,,FLR_APR_2009.pdf,Sector-Wise analysis of projects,42,453
FR_200904_454,,,454,"MAILBANG-LUNDING, KM.111.00-KM.126.45, NH-54 (ASSAM)",,,ROAD TRANSPORT & HIGHWAYS,2009-04,2003-12,,155.04,,155.04,0.0,,26.42,2008-11,,2009-11,12.0,,,0,0,,,,FLR_APR_2009.pdf,Sector-Wise analysis of projects,42,454
FR_200904_455,,,455,BANGALORE- NEELAMANGALA (KARNATKA),,,ROAD TRANSPORT & HIGHWAYS,2009-04,2005-03,,445.0,,445.0,0.0,,400.84,2010-07,,2009-11,-8.0,,,0,0,,,,FLR_APR_2009.pdf,Sector-Wise analysis of projects,42,455
FR_200904_456,,,456,"UP/BIHAR BORDER- KASIA, KM.360.915- KM.319.8, NH-28, (U.P.)",,,ROAD TRANSPORT & HIGHWAYS,2009-04,2003-12,,227.0,,227.0,0.0,,211.43,2008-12,,2009-12,12.0,,,0,0,,,,FLR_APR_2009.pdf,Sector-Wise analysis of projects,42,456
FR_200904_457,,,457,"PURNEA-GOYAKOTA, KM.419-KM.447, NH-31 (BIHAR)",,,ROAD TRANSPORT & HIGHWAYS,2009-04,2000-04,,205.73,,205.73,0.0,,240.89,2004-07,,2009-12,65.0,,,0,0,,,,FLR_APR_2009.pdf,Sector-Wise analysis of projects,42,457
FR_200904_458,,,458,"KASIA-GORAKHPUR, KM.319.8-KM.279.8, NH- 28 (UTTAR PRADESH)",,,ROAD TRANSPORT & HIGHWAYS,2009-04,2003-12,,242.0,,242.0,0.0,,235.49,2008-12,,2009-12,12.0,,,0,0,,,,FLR_APR_2009.pdf,Sector-Wise analysis of projects,42,458
FR_200904_459,,,459,"PATHANKOT- BHOGPUR, KM.26- KM.70, NH-1A (PUNJAB)",,,ROAD TRANSPORT & HIGHWAYS,2009-04,2003-12,,284.0,,284.0,0.0,,199.36,2008-05,,2009-12,19.0,,,0,0,,,,FLR_APR_2009.pdf,Sector-Wise analysis of projects,42,459
FR_200904_460,,,460,"LALITPUR-SAGAR (2), KM.132-KM.187, NH-26 (M.P.)",,,ROAD TRANSPORT & HIGHWAYS,2009-04,2003-12,,225.0,,225.0,0.0,,123.53,2008-10,,2009-12,14.0,,,0,0,,,,FLR_APR_2009.pdf,Sector-Wise analysis of projects,43,460
FR_200904_461,,,461,"NAGAON-DHARAMTUL KM.255-KM.230, NH-37 (ASSAM)",,,ROAD TRANSPORT & HIGHWAYS,2009-04,2003-12,,264.72,,264.72,0.0,,75.54,2008-06,,2009-12,18.0,,,0,0,,,,FLR_APR_2009.pdf,Sector-Wise analysis of projects,43,461
FR_200904_462,,,462,"ORAI-JHANSI, KM.220- KM.170, N H-25 (U.P.)",,,ROAD TRANSPORT & HIGHWAYS,2009-04,2003-12,,340.68,,340.68,0.0,,147.15,2008-03,,2009-12,21.0,,,0,0,,,,FLR_APR_2009.pdf,Sector-Wise analysis of projects,43,462
FR_200904_463,,,463,"HARANGAJO- MAILBANG, KM.126.45- KM.140.70, NH-54 (ASSAM)",,,ROAD TRANSPORT & HIGHWAYS,2009-04,2003-12,,280.0,,280.0,0.0,,89.46,2009-02,,2009-12,10.0,,,0,0,,,,FLR_APR_2009.pdf,Sector-Wise analysis of projects,43,463
FR_200904_464,,,464,"MAILBANG-LUNDING, KM.83.40-KM.111.00, NH-54 (ASSAM)",,,ROAD TRANSPORT & HIGHWAYS,2009-04,2003-12,,199.81,,199.81,0.0,,26.28,2009-04,,2009-12,8.0,,,0,0,,,,FLR_APR_2009.pdf,Sector-Wise analysis of projects,43,464
FR_200904_465,,,465,"JHANSI BYPASS, KM.104-KM.91, NH-25 (UTTAR PRADESH)",,,ROAD TRANSPORT & HIGHWAYS,2009-04,2003-12,,158.06,,158.06,0.0,,109.68,2005-08,,2009-12,52.0,,,0,0,,,,FLR_APR_2009.pdf,Sector-Wise analysis of projects,43,465
FR_200904_466,,,466,"THRISSUR-ANGAMALI, KM.270.00-KM.316.70, NH-47 (KERALA)",,,ROAD TRANSPORT & HIGHWAYS,2009-04,2003-12,,312.5,,312.5,0.0,,436.84,2009-03,,2009-12,9.0,,,0,0,,,,FLR_APR_2009.pdf,Sector-Wise analysis of projects,43,466
FR_200904_467,,,467,"MAILBANG-LUNDING, KM.40.000-KM.60.500, NH-54 (ASSAM)",,,ROAD TRANSPORT & HIGHWAYS,2009-04,2003-12,,200.0,,200.0,0.0,,28.55,2009-04,,2009-12,8.0,,,0,0,,,,FLR_APR_2009.pdf,Sector-Wise analysis of projects,43,467
FR_200904_468,,,468,"NEW MANGLORE PORT, KM.37, NH-17 & 48 (KARNATAKA)",,,ROAD TRANSPORT & HIGHWAYS,2009-04,2000-04,,196.5,,196.5,0.0,,132.44,2008-06,,2009-12,18.0,,,0,0,,,,FLR_APR_2009.pdf,Sector-Wise analysis of projects,43,468
FR_200904_469,,,469,"GORAKHPUR- AYODHYA, KM.208- KM.164, NH-28 (UTTAR PRADESH)",,,ROAD TRANSPORT & HIGHWAYS,2009-04,2003-12,,227.0,,227.0,0.0,,157.03,2008-10,,2009-12,14.0,,,0,0,,,,FLR_APR_2009.pdf,Sector-Wise analysis of projects,43,469
FR_200904_470,,,470,"DHARAMTUL- SONAPUR, KM.205- KM.183, NH-31 (ASSAM)",,,ROAD TRANSPORT & HIGHWAYS,2009-04,2003-12,,160.0,,160.0,0.0,,45.8,2008-05,,2009-12,19.0,,,0,0,,,,FLR_APR_2009.pdf,Sector-Wise analysis of projects,43,470
FR_200904_471,,,471,"HAPUR- GARHMUKTESWAR, KM.58-KM.93, NH-24 (U.P.)",,,ROAD TRANSPORT & HIGHWAYS,2009-04,2000-04,,220.0,,220.0,0.0,,104.43,2007-09,,2009-12,27.0,,,0,0,,,,FLR_APR_2009.pdf,Sector-Wise analysis of projects,43,471
FR_200904_472,,,472,"HARANGAJO- MAIBANG, KM.140.70- KM.164.08, NH-54 (ASSAM)",,,ROAD TRANSPORT & HIGHWAYS,2009-04,2003-12,,196.0,,196.0,0.0,,23.32,2009-07,,2009-12,5.0,,,0,0,,,,FLR_APR_2009.pdf,Sector-Wise analysis of projects,43,472
FR_200904_473,,,473,"SUNAKHALA-GANJAM, KM.338-KM.284, NH-5 (ORISSA)",,,ROAD TRANSPORT & HIGHWAYS,2009-04,2000-04,,225.0,,225.0,0.0,,145.54,2004-04,,2009-12,68.0,,,0,0,,,,FLR_APR_2009.pdf,Sector-Wise analysis of projects,43,473
FR_200904_474,,,474,"DEVDHARI-KELAPUR, KM.123-KM.153, NH-7 (MAHARASHTRA)",,,ROAD TRANSPORT & HIGHWAYS,2009-04,2003-12,,144.0,,144.0,0.0,,88.0,2005-07,,2009-12,53.0,,,0,0,,,,FLR_APR_2009.pdf,Sector-Wise analysis of projects,43,474
FR_200904_475,,,475,"KUNJWANI-VIJAYPUR, KM.80-KM.97, NH-1A (JAMMU & KASHMIR)",,,ROAD TRANSPORT & HIGHWAYS,2009-04,2000-04,,110.0,,110.0,0.0,,135.1,2004-12,,2009-12,60.0,,,0,0,,,,FLR_APR_2009.pdf,Sector-Wise analysis of projects,43,475
FR_200904_476,,,476,"VIJAYAPUR- PATHANKOT KM.16.35- KM.50.00, NH-1A (J&K)",,,ROAD TRANSPORT & HIGHWAYS,2009-04,2003-12,,193.09,,193.09,0.0,,79.59,2008-03,,2009-12,21.0,,,0,0,,,,FLR_APR_2009.pdf,Sector-Wise analysis of projects,43,476
FR_200904_477,,,477,"HARANGAJO- MAIBANG, KM.164.08- KM.190.587, NH-54 (ASSAM)",,,ROAD TRANSPORT & HIGHWAYS,2009-04,2003-12,,212.0,,212.0,0.0,,32.39,2007-09,,2009-12,27.0,,,0,0,,,,FLR_APR_2009.pdf,Sector-Wise analysis of projects,44,477
FR_200904_478,,,478,"VIJAYAPUR- PATHANKOT, KM.50- KM.80, NH1A (JAMMU & KASHMIR)",,,ROAD TRANSPORT & HIGHWAYS,2009-04,2003-12,,166.27,,166.27,0.0,,61.6,2008-03,,2009-12,21.0,,,0,0,,,,FLR_APR_2009.pdf,Sector-Wise analysis of projects,44,478
FR_200904_479,,,479,"GORAKHPUR- AYODHYA, KM.164- KM.135, NH-28 (U.P.)",,,ROAD TRANSPORT & HIGHWAYS,2009-04,2003-12,,205.0,,205.0,0.0,,191.73,2008-10,,2009-12,14.0,,,0,0,,,,FLR_APR_2009.pdf,Sector-Wise analysis of projects,44,479
FR_200904_480,,,480,"NAGPUR-KONDHALI, KM.9.2-KM.50, NH-6 (MAHARASHTRA)",,,ROAD TRANSPORT & HIGHWAYS,2009-04,2005-03,,168.0,,168.0,0.0,,227.74,2008-12,,2009-12,12.0,,,0,0,,,,FLR_APR_2009.pdf,Sector-Wise analysis of projects,44,480
FR_200904_481,,,481,"ORAI-JHANSI, KM.170.0- KM.104.0, NH-25 (U.P.)",,,ROAD TRANSPORT & HIGHWAYS,2009-04,2003-12,,451.97,,451.97,0.0,,292.7,2008-04,,2009-12,20.0,,,0,0,,,,FLR_APR_2009.pdf,Sector-Wise analysis of projects,44,481
FR_200904_482,,,482,"MUZZAFFARPUR- MEHSI, KM.520-KM.480, NH-28 (BIHAR)",,,ROAD TRANSPORT & HIGHWAYS,2009-04,2003-12,,275.0,,275.0,0.0,,130.88,2005-07,,2009-12,53.0,,,0,0,,,,FLR_APR_2009.pdf,Sector-Wise analysis of projects,44,482
FR_200904_483,,,483,"SONAPUR-GUWAHATI, KM.183-KM.163.895, NH- 37 (ASSAM)",,,ROAD TRANSPORT & HIGHWAYS,2009-04,2003-12,,245.0,,245.0,0.0,,163.09,2008-03,,2009-12,21.0,,,0,0,,,,FLR_APR_2009.pdf,Sector-Wise analysis of projects,44,483
FR_200904_484,,,484,"JAM-WADNER, KM.64- KM.94, NH-7 (MAHARASHTRA)",,,ROAD TRANSPORT & HIGHWAYS,2009-04,2003-12,,145.0,,145.0,0.0,,64.19,2005-07,,2009-12,53.0,,,0,0,,,,FLR_APR_2009.pdf,Sector-Wise analysis of projects,44,484
FR_200904_485,,,485,"BORKHEDI-JAM, KM.36.6-KM.64.0, NH-7 (MAHARASHTRA)",,,ROAD TRANSPORT & HIGHWAYS,2009-04,2003-12,,110.0,,110.0,0.0,,102.11,2005-06,,2009-12,54.0,,,0,0,,,,FLR_APR_2009.pdf,Sector-Wise analysis of projects,44,485
FR_200904_486,,,486,"BARA-ORAI, KM.449- KM.422 & KM.255- KM.220, NH -2 & 25, (U.P.)",,,ROAD TRANSPORT & HIGHWAYS,2009-04,2003-12,,465.0,,465.0,0.0,,23.82,2009-04,,2009-12,8.0,,,0,0,,,,FLR_APR_2009.pdf,Sector-Wise analysis of projects,44,486
FR_200904_487,,,487,"MEHSI-KOTWA, KM.480-KM.440, NH-28 (BIHAR)",,,ROAD TRANSPORT & HIGHWAYS,2009-04,2003-12,,239.0,,239.0,0.0,,109.53,2005-07,,2009-12,53.0,,,0,0,,,,FLR_APR_2009.pdf,Sector-Wise analysis of projects,44,487
FR_200904_488,,,488,"KOTWA-DEWAPUR, KM.440-KM.402, NH-28 (BIHAR)",,,ROAD TRANSPORT & HIGHWAYS,2009-04,2003-12,,240.0,,240.0,0.0,,91.1,2008-10,,2009-12,14.0,,,0,0,,,,FLR_APR_2009.pdf,Sector-Wise analysis of projects,44,488
FR_200904_489,,,489,"PURNEA-FORBESGANJ, KM.309-KM.268, NH-57 (BIHAR)",,,ROAD TRANSPORT & HIGHWAYS,2009-04,2003-12,,276.0,,276.0,0.0,,256.75,2008-04,,2009-12,20.0,,8.0,0,0,,,,FLR_APR_2009.pdf,Sector-Wise analysis of projects,44,489
FR_200904_490,,,490,"PURNEA-FORBESGANJ, KM.268-KM.230, NH-57 (BIHAR)",,,ROAD TRANSPORT & HIGHWAYS,2009-04,2003-12,,310.0,,310.0,0.0,,263.65,2008-04,,2009-12,20.0,,8.0,0,0,,,,FLR_APR_2009.pdf,Sector-Wise analysis of projects,44,490
FR_200904_491,,,491,"JHAJHARPUR- DARBANGA, KM.110- KM.70, NH-57 (BIHAR)",,,ROAD TRANSPORT & HIGHWAYS,2009-04,2003-12,,340.0,,340.0,0.0,,131.61,2008-09,,2009-12,15.0,,,0,0,,,,FLR_APR_2009.pdf,Sector-Wise analysis of projects,44,491
FR_200904_492,,,492,"KOTA BYPASS, KM.406- KM.381, NH-76 (RAJASTHAN)",,,ROAD TRANSPORT & HIGHWAYS,2009-04,2003-12,,275.0,,250.39,-24.61,,110.25,2008-10,,2009-12,14.0,,,0,0,,,,FLR_APR_2009.pdf,Sector-Wise analysis of projects,44,492
FR_200904_493,,,493,"MADURAI-TUTICORIN, KM.138.8 TO KM.264.5, NH-45B (T.N.)",,,ROAD TRANSPORT & HIGHWAYS,2009-04,2005-03,,629.0,,629.0,0.0,,578.49,2010-11,,2010-01,-10.0,,,0,0,,,,FLR_APR_2009.pdf,Sector-Wise analysis of projects,44,493
FR_200904_494,,,494,"NH CONNECTIVITY TO JCTT VALLARAPADAM, SH, (KERALA)",,,ROAD TRANSPORT & HIGHWAYS,2009-04,2007-04,,557.0,,557.0,0.0,,602.4,2010-02,,2010-02,0.0,,,0,0,,,,FLR_APR_2009.pdf,Sector-Wise analysis of projects,45,494
FR_200904_495,,,495,"AURANG-RAIPUR, KM.232-KM.281, NH-6 (CHHATTISGARH)",,,ROAD TRANSPORT & HIGHWAYS,2009-04,2005-03,,190.0,,190.0,0.0,,171.98,2009-01,,2010-02,13.0,,,0,0,,,,FLR_APR_2009.pdf,Sector-Wise analysis of projects,45,495
FR_200904_496,,,496,"LALITPUR-SAGAR (1), KM.94-KM.132, NH-26 (M.P.)",,,ROAD TRANSPORT & HIGHWAYS,2009-04,2003-12,,198.0,,198.0,0.0,,66.84,2008-11,,2010-03,16.0,,,0,0,,,,FLR_APR_2009.pdf,Sector-Wise analysis of projects,45,496
FR_200904_497,,,497,ISLAM NAGAR TO KADTAL,,,ROAD TRANSPORT & HIGHWAYS,2009-04,2003-12,,546.83,,546.83,0.0,,222.27,2010-03,,2010-03,0.0,,,0,0,,,,FLR_APR_2009.pdf,Sector-Wise analysis of projects,45,497
FR_200904_498,,,498,"KANYAKUMARI- PANAGUDI, Km.233.6- Km.203, NH-7 (TAMIL NADU)",,,ROAD TRANSPORT & HIGHWAYS,2009-04,2003-12,,120.0,,120.0,0.0,,42.57,2006-09,,2010-04,43.0,,,0,0,,,,FLR_APR_2009.pdf,Sector-Wise analysis of projects,45,498
FR_200904_499,,,499,"BRAHMPUTRA BRIDGE, KM.1126-KM.1121, NH- 31 (ASSAM)",,,ROAD TRANSPORT & HIGHWAYS,2009-04,2003-12,,217.61,,217.61,0.0,,48.51,2010-04,,2010-04,0.0,,,0,0,,,,FLR_APR_2009.pdf,Sector-Wise analysis of projects,45,499
FR_200904_500,,,500,"KOSI BRIDGE INCLUDING APPROCHES, KM.155- KM.165, NH-57",,,ROAD TRANSPORT & HIGHWAYS,2009-04,2003-12,,418.04,,418.04,0.0,,191.1,2010-03,,2010-04,1.0,,,0,0,,,,FLR_APR_2009.pdf,Sector-Wise analysis of projects,45,500
FR_200904_501,,,501,"COCHIN PORT, KM.10, NH-47 (KERALA)",,,ROAD TRANSPORT & HIGHWAYS,2009-04,2000-04,,106.0,,193.0,87.0,,60.21,2006-08,,2010-04,44.0,,,0,0,,,,FLR_APR_2009.pdf,Sector-Wise analysis of projects,45,501
FR_200904_502,,,502,"HARIHAR- CHITRADURGA, KM.284-KM.207 (GQ) NH-4 (KARNATAKA)",,,ROAD TRANSPORT & HIGHWAYS,2009-04,2000-04,,318.0,,207.56,-110.44,,23.67,2004-08,,2010-06,70.0,,,0,0,,,,FLR_APR_2009.pdf,Sector-Wise analysis of projects,45,502
FR_200904_503,,,503,"LAKHNADON- MP/MAHARSHTRA BORDER, KM.596.75- KM.653.22, NH-7",,,ROAD TRANSPORT & HIGHWAYS,2009-04,2003-12,,407.6,,407.6,0.0,,156.17,2010-06,,2010-06,0.0,,,0,0,,,,FLR_APR_2009.pdf,Sector-Wise analysis of projects,45,503
FR_200904_504,,,504,"KURALI-KIRATPUR, NH-21 (PUNJAB)",,,ROAD TRANSPORT & HIGHWAYS,2009-04,2005-03,,309.0,,309.0,0.0,,90.94,2010-06,,2010-06,0.0,,,0,0,,,,FLR_APR_2009.pdf,Sector-Wise analysis of projects,45,504
FR_200904_505,,,505,PONDICHERY- TINDIVANAM (TAMIL NADU),,,ROAD TRANSPORT & HIGHWAYS,2009-04,2005-03,,285.0,,285.0,0.0,,125.87,2010-07,,2010-07,0.0,,,0,0,,,,FLR_APR_2009.pdf,Sector-Wise analysis of projects,45,505
FR_200904_506,,,506,TRICHY-DINDIGUAL (TAMIL NADU),,,ROAD TRANSPORT & HIGHWAYS,2009-04,2005-03,,576.0,,576.0,0.0,,5.29,2010-07,,2010-07,0.0,,,0,0,,,,FLR_APR_2009.pdf,Sector-Wise analysis of projects,45,506
FR_200904_507,,,507,"HAVERI-HARIHAR, KM.340-KM.284, NH-4 (KARNATAKA)",,,ROAD TRANSPORT & HIGHWAYS,2009-04,2000-04,,241.0,,397.66,156.66,,21.52,2004-08,,2010-07,71.0,,,0,0,,,,FLR_APR_2009.pdf,Sector-Wise analysis of projects,45,507
FR_200904_508,,,508,NEELAMANGALA JUNCTION ON NH-4 WITH NH-48 TO DEVIHALLI (KAR.),,,ROAD TRANSPORT & HIGHWAYS,2009-04,2005-03,,441.0,,441.0,0.0,,311.98,2010-07,,2010-07,0.0,,,0,0,,,,FLR_APR_2009.pdf,Sector-Wise analysis of projects,45,508
FR_200904_509,,,509,TRICHY-KARUR (TAMIL NADU),,,ROAD TRANSPORT & HIGHWAYS,2009-04,2005-03,,516.0,,516.0,0.0,,82.4,2010-07,,2010-07,0.0,,,0,0,,,,FLR_APR_2009.pdf,Sector-Wise analysis of projects,46,509
FR_200904_510,,,510,"BANGALORE- HOSKOTE-MUDBAGAL SECTION, KM.237.7- KM.318 (KAR.)",,,ROAD TRANSPORT & HIGHWAYS,2009-04,2005-03,,565.0,,565.0,0.0,,423.3,2010-07,,2010-07,0.0,,,0,0,,,,FLR_APR_2009.pdf,Sector-Wise analysis of projects,46,510
FR_200904_511,,,511,"LUCKNOW-BYPASS, NH-25 & NH-28 (UTTAR PRADESH)",,,ROAD TRANSPORT & HIGHWAYS,2009-04,2000-04,,182.52,,182.52,0.0,,0.59,2004-06,,2010-08,74.0,,,0,0,,,,FLR_APR_2009.pdf,Sector-Wise analysis of projects,46,511
FR_200904_512,,,512,LUMDING TO DABOKA,,,ROAD TRANSPORT & HIGHWAYS,2009-04,2003-12,,130.0,,130.0,0.0,,23.87,2010-08,,2010-09,1.0,,,0,0,,,,FLR_APR_2009.pdf,Sector-Wise analysis of projects,46,512
FR_200904_513,,,513,"CHAMBAL BRIDGE, NH- 76 (RAJASTHAN)",,,ROAD TRANSPORT & HIGHWAYS,2009-04,2003-12,,275.0,,281.31,6.31,,123.52,2010-02,,2010-09,7.0,,,0,0,,,,FLR_APR_2009.pdf,Sector-Wise analysis of projects,46,513
FR_200904_514,,,514,"HALDIA PORT, KM.53, NH-41 (WEST BENGAL)",,,ROAD TRANSPORT & HIGHWAYS,2009-04,2000-04,,273.0,,522.0,249.0,,159.95,2005-03,,2010-09,66.0,,,0,0,,,,FLR_APR_2009.pdf,Sector-Wise analysis of projects,46,514
FR_200904_515,,,515,"GWALIOR BYPASS, KM.0-KM.033, NH-75, 3 (M.P.)",,,ROAD TRANSPORT & HIGHWAYS,2009-04,2003-12,,300.93,,300.93,0.0,,91.94,2009-10,,2010-10,12.0,,,0,0,,,,FLR_APR_2009.pdf,Sector-Wise analysis of projects,46,515
FR_200904_516,,,516,"SAGAR-RAJMARG CHORAHA, KM.211- KM.255, NH-26 (M.P.)",,,ROAD TRANSPORT & HIGHWAYS,2009-04,2003-12,,203.43,,203.43,0.0,,63.28,2008-10,,2010-12,26.0,,,0,0,,,,FLR_APR_2009.pdf,Sector-Wise analysis of projects,46,516
FR_200904_517,,,517,"Balasore-Bhadrak (Revived) Km 136.5- 199.14, (NH-5)",,,ROAD TRANSPORT & HIGHWAYS,2009-04,2000-04,,228.7,,228.7,0.0,,192.36,2004-02,,2010-12,82.0,,,0,0,,,,FLR_APR_2009.pdf,Sector-Wise analysis of projects,46,517
FR_200904_518,,,518,"RAJMARG CHORAHA- LAKHNANDON, KM.351-KM.405.7, NH-26",,,ROAD TRANSPORT & HIGHWAYS,2009-04,2003-12,,229.91,,229.91,0.0,,29.18,2008-10,,2010-12,26.0,,,0,0,,,,FLR_APR_2009.pdf,Sector-Wise analysis of projects,46,518
FR_200904_519,,,519,"RAJMARG CHORAHA- LAKHNANDON, KM.297-KM.351, NH-26 (M.P.)",,,ROAD TRANSPORT & HIGHWAYS,2009-04,2003-12,,251.03,,251.03,0.0,,62.13,2008-10,,2010-12,26.0,,,0,0,,,,FLR_APR_2009.pdf,Sector-Wise analysis of projects,46,519
FR_200904_520,,,520,"KELAPUR- PIMPALKATTI, KM.153- KM.175, NH-7 (MAHARASHTRA)",,,ROAD TRANSPORT & HIGHWAYS,2009-04,2003-12,,117.4,,117.4,0.0,,29.31,2008-11,,2010-12,25.0,,9.0,0,0,,,,FLR_APR_2009.pdf,Sector-Wise analysis of projects,46,520
FR_200904_521,,,521,"GWALIOR-JHANSI, KM.96.13, NH-75 (M.P.)",,,ROAD TRANSPORT & HIGHWAYS,2009-04,2003-12,,604.0,,604.0,0.0,,120.11,2009-12,,2010-12,12.0,,,0,0,,,,FLR_APR_2009.pdf,Sector-Wise analysis of projects,46,521
FR_200904_522,,,522,"SAGAR BY PASS, KM.187-KM.211, NH-26 (M.P.)",,,ROAD TRANSPORT & HIGHWAYS,2009-04,2003-12,,151.3,,151.3,0.0,,83.78,2008-10,,2010-12,26.0,,,0,0,,,,FLR_APR_2009.pdf,Sector-Wise analysis of projects,46,522
FR_200904_523,,,523,"SALEM-ULUNDRUPET, KM.0.313-KM.136.67, NH-68",,,ROAD TRANSPORT & HIGHWAYS,2009-04,2005-03,,941.0,,941.0,0.0,,141.15,2011-01,,2011-01,0.0,,,0,0,,,,FLR_APR_2009.pdf,Sector-Wise analysis of projects,46,523
FR_200904_524,,,524,"AGRA-BYPASS, KM/176.8-KM.13.03, NH- 3 (U.P.)",,,ROAD TRANSPORT & HIGHWAYS,2009-04,2003-12,,348.16,,348.16,0.0,,41.27,2007-09,,2011-02,41.0,,,0,0,,,,FLR_APR_2009.pdf,Sector-Wise analysis of projects,46,524
FR_200904_525,,,525,"DHOLPUR-MORENA SECTION, KM.51-KM.61, NH-3 (MADHYA PRADESH)",,,ROAD TRANSPORT & HIGHWAYS,2009-04,2003-12,,232.45,,232.45,0.0,,,2010-09,,2011-03,6.0,,6.0,0,0,,,,FLR_APR_2009.pdf,Sector-Wise analysis of projects,47,525
FR_200904_526,,,526,"Pathankot-Bhogpur, NH- 1A",,,ROAD TRANSPORT & HIGHWAYS,2009-04,2003-12,,229.0,,229.0,0.0,,,2008-05,,,,,,0,0,,,,FLR_APR_2009.pdf,Sector-Wise analysis of projects,47,526
FR_200904_527,,,527,"BHARATPUR MAHUA, KM.63-KM.120, NH-11 (RAJASTHAN)",,,ROAD TRANSPORT & HIGHWAYS,2009-04,2005-03,,250.0,,250.0,0.0,,341.06,2009-01,,,,,,0,0,,,,FLR_APR_2009.pdf,Sector-Wise analysis of projects,47,527
FR_200904_528,,,528,"AMBALA-ZIRAKPUR, KM.5/735-KM.39/961, NH-21 & 22, (HARYANA)",,,ROAD TRANSPORT & HIGHWAYS,2009-04,2005-03,,298.0,,298.0,0.0,,364.62,2008-11,,,,,,0,0,,,,FLR_APR_2009.pdf,Sector-Wise analysis of projects,47,528
FR_200904_529,,,529,"KONDHALI-TELEGAON, KM.50-KM.100, NH-6 (MAHARASHTRA)",,,ROAD TRANSPORT & HIGHWAYS,2009-04,2005-03,,212.0,,212.0,0.0,,331.87,2009-03,,,,,,0,0,,,,FLR_APR_2009.pdf,Sector-Wise analysis of projects,47,529
FR_200904_530,,,530,Rail connectivity to ICTT at Vallarpadam,,,SHIPPING & PORTS,2009-04,2007-03,,245.67,,245.67,0.0,,,2009-04,,2009-04,0.0,,,0,0,,,,FLR_APR_2009.pdf,Sector-Wise analysis of projects,47,530
FR_200904_531,,,531,ACQUISION OF 2-300000 DWT VERY LARGE CRUDE CARRIERS (VLCC),,,SHIPPING & PORTS,2009-04,2005-10,,1136.08,,1136.08,0.0,,892.11,2009-09,,2009-10,1.0,,,0,0,,,,FLR_APR_2009.pdf,Sector-Wise analysis of projects,47,531
FR_200904_532,,,532,"ESTABLISH OF VTS IN GULF, KUTCH",,,SHIPPING & PORTS,2009-04,2002-01,,165.0,,165.0,0.0,,43.47,2005-12,,2009-12,48.0,,,0,0,,,,FLR_APR_2009.pdf,Sector-Wise analysis of projects,47,532
FR_200904_533,,,533,Construction of Car/Clean Cargo terminal,,,SHIPPING & PORTS,2009-04,2009-01,,100.0,,100.0,0.0,,0.5,2010-01,,2010-01,0.0,,,0,0,,,,FLR_APR_2009.pdf,Sector-Wise analysis of projects,47,533
FR_200904_534,,,534,"Acquisition of Two Nos. of 47,000 DWT MR Tankers",,,SHIPPING & PORTS,2009-04,2006-12,,411.32,,411.32,0.0,,234.58,2010-03,,2010-03,0.0,,,0,0,,,,FLR_APR_2009.pdf,Sector-Wise analysis of projects,47,534
FR_200904_535,,,535,"Acquisition of 6Nos. 60,470 DWT LR-I Product Tankers",,,SHIPPING & PORTS,2009-04,2006-10,,1658.59,,1658.59,0.0,,318.24,2010-07,,2010-07,0.0,,,0,0,,,,FLR_APR_2009.pdf,Sector-Wise analysis of projects,47,535
FR_200904_536,,,536,Acquisition of 2 Nos. of 105000 DWT LR-II Tankers.,,,SHIPPING & PORTS,2009-04,2007-08,,586.58,,586.58,0.0,,173.68,2010-11,,2010-11,0.0,,,0,0,,,,FLR_APR_2009.pdf,Sector-Wise analysis of projects,47,536
FR_200904_537,,,537,Const. & Dev. of 2 Offshore container berths & terminal,,,SHIPPING & PORTS,2009-04,2007-11,,366.0,444.86,366.0,0.0,-78.86,1.43,2010-12,,2010-12,0.0,,,0,0,,,,FLR_APR_2009.pdf,Sector-Wise analysis of projects,47,537
FR_200904_538,,,538,Acquisition of 4 No. of Anchor Handling cum Supply vessels,,,SHIPPING & PORTS,2009-04,2007-10,,359.44,,359.44,0.0,,113.48,2011-04,,2011-04,0.0,,,0,0,,,,FLR_APR_2009.pdf,Sector-Wise analysis of projects,47,538
FR_200904_539,,,539,Acquisition of 4 Nos. of 115000 DWT Crude Oil carriers,,,SHIPPING & PORTS,2009-04,2008-08,,1108.12,,1108.12,0.0,,341.48,2011-04,,2011-12,8.0,,,0,0,,,,FLR_APR_2009.pdf,Sector-Wise analysis of projects,47,539
FR_200904_540,,,540,Acquisition of 6 Nos. of 57000 DWT Handymax bulk Carriers,,,SHIPPING & PORTS,2009-04,2007-11,,1061.96,,1061.96,0.0,,219.98,2012-03,,2012-03,0.0,,,0,0,,,,FLR_APR_2009.pdf,Sector-Wise analysis of projects,47,540
FR_200904_541,,,541,"Acquisition of 4 Nos. of 80,655 DWT Panamax Bulk carriers",,,SHIPPING & PORTS,2009-04,2008-08,,1066.91,,1066.91,0.0,,222.9,2012-09,,2013-09,12.0,,,0,0,,,,FLR_APR_2009.pdf,Sector-Wise analysis of projects,48,541
FR_200904_542,,,542,DEEPENING OF CHANNEL AT PARADIP PORT,,,SHIPPING & PORTS,2009-04,2005-12,,154.84,,253.36,98.52,,66.34,2007-06,2009-01,,,,,0,0,,,,FLR_APR_2009.pdf,Sector-Wise analysis of projects,48,542
FR_200904_543,,,543,DEEPENING & WIDENING OF MAIN HARBOUR (MAHARASHTRA),,,SHIPPING & PORTS,2009-04,2005-10,,800.0,,800.0,0.0,,3.25,2008-10,,,,,,0,0,,,,FLR_APR_2009.pdf,Sector-Wise analysis of projects,48,543
FR_200904_544,,,544,"Ennore-Manali Express way, f/o special purpose vehicle (SPV)",,,SHIPPING & PORTS,2009-04,2002-10,,150.0,,309.0,159.0,,23.26,2005-09,,,,,,0,0,,,,FLR_APR_2009.pdf,Sector-Wise analysis of projects,48,544
FR_200904_545,,,545,SETHUSAMUDRAM SHIP CHANNEL PROJECT,,,SHIPPING & PORTS,2009-04,2005-06,,2427.4,,2427.4,0.0,,807.65,2008-10,,,,,,0,0,,,,FLR_APR_2009.pdf,Sector-Wise analysis of projects,48,545
FR_200904_546,,,546,"GSM Equipment of 1162K Lines, Phase-IV.5",,,SHIPPING & PORTS,2009-04,2008-03,,325.0,,325.0,0.0,,208.0,2008-12,,2009-04,4.0,,,0,0,,,,FLR_APR_2009.pdf,Sector-Wise analysis of projects,48,546
FR_200904_547,,,547,"GSM equipment of 1006280 Lines, Phase-IV.5",,,SHIPPING & PORTS,2009-04,2008-06,,409.21,,409.21,0.0,,327.19,2008-12,,2009-04,4.0,,,0,0,,,,FLR_APR_2009.pdf,Sector-Wise analysis of projects,48,547
FR_200904_548,,,548,"GSM Equipment of 390K Lines(2G) & 130K Lines(3G), Phase-V.1",,,SHIPPING & PORTS,2009-04,2008-02,,373.94,,373.94,0.0,,50.05,2008-12,,2009-04,4.0,,,0,0,,,,FLR_APR_2009.pdf,Sector-Wise analysis of projects,48,548
FR_200904_549,,,549,"GSM Equipment of 700K Lines (2G) & 150K Lines (3G), Phase-V.",,,SHIPPING & PORTS,2009-04,2007-11,,277.34,,277.34,0.0,,128.29,2009-03,,2009-04,1.0,,,0,0,,,,FLR_APR_2009.pdf,Sector-Wise analysis of projects,48,549
FR_200904_550,,,550,"Comm. of GSM Equipment of 650 K Lines, PH-IV++ (Maharashtra)",,,SHIPPING & PORTS,2009-04,2006-11,,364.52,,364.52,0.0,,44.52,2006-12,,2009-04,28.0,,,0,0,,,,FLR_APR_2009.pdf,Sector-Wise analysis of projects,48,550
FR_200904_551,,,551,"GSM equipment of 1015K Lines, Phase-IV.5",,,SHIPPING & PORTS,2009-04,2008-10,,350.84,,350.84,0.0,,88.59,2008-11,,2009-04,5.0,,,0,0,,,,FLR_APR_2009.pdf,Sector-Wise analysis of projects,48,551
FR_200904_552,,,552,"GSM based Network, Phase-IV",,,SHIPPING & PORTS,2009-04,2007-11,,174.36,,174.36,0.0,,71.5,2007-11,,2009-04,17.0,,,0,0,,,,FLR_APR_2009.pdf,Sector-Wise analysis of projects,48,552
FR_200904_553,,,553,"GSM based network Expansion Plan, Ph-IV",,,SHIPPING & PORTS,2009-04,2007-02,,239.19,,239.19,0.0,,104.48,2008-04,,2009-04,12.0,,,0,0,,,,FLR_APR_2009.pdf,Sector-Wise analysis of projects,48,553
FR_200904_554,,,554,"PROJECT-3 OF NIB-II, IMPLEMENTATION AND EXECUTION OF MESS.",,,SHIPPING & PORTS,2009-04,2003-11,,250.0,,300.0,50.0,,68.5,2005-12,,2009-04,40.0,,,0,0,,,,FLR_APR_2009.pdf,Sector-Wise analysis of projects,48,554
FR_200904_555,,,555,CONVERGENT BILLING AND CRM FOR MTNL (DELHI),,,SHIPPING & PORTS,2009-04,2005-12,,249.0,,229.41,-19.59,,67.67,2007-02,,2009-04,26.0,,,0,0,,,,FLR_APR_2009.pdf,Sector-Wise analysis of projects,48,555
FR_200904_556,,,556,GSM Equipment-480K Lines(2G)& 220K Lines(3G) in UP(W)-Ph- V.I,,,SHIPPING & PORTS,2009-04,2007-05,,335.91,,335.91,0.0,,10.96,2009-03,,2009-04,1.0,,,0,0,,,,FLR_APR_2009.pdf,Sector-Wise analysis of projects,49,556
FR_200904_557,,,557,"Kolkata Telecom District, Phase-IV",,,SHIPPING & PORTS,2009-04,2006-09,,208.5,,208.5,0.0,,146.38,2008-09,,2009-04,7.0,,,0,0,,,,FLR_APR_2009.pdf,Sector-Wise analysis of projects,49,557
FR_200904_558,,,558,Project NIB-II Broadband Multiply,,,SHIPPING & PORTS,2009-04,2007-07,,1008.0,,1008.0,0.0,,330.8,2009-03,,2009-05,2.0,,,0,0,,,,FLR_APR_2009.pdf,Sector-Wise analysis of projects,49,558
FR_200904_559,,,559,Commissioning of GSM equipment of 600K lines (Ph-IV),,,SHIPPING & PORTS,2009-04,2006-08,,214.0,,214.0,0.0,,120.48,2007-01,,2009-05,28.0,,,0,0,,,,FLR_APR_2009.pdf,Sector-Wise analysis of projects,49,559
FR_200904_560,,,560,Expansion of 750 K Existing GSM N/W (Mumbai),,,SHIPPING & PORTS,2009-04,2006-06,,231.38,,231.38,0.0,,92.18,2007-10,,2009-06,20.0,,,0,0,,,,FLR_APR_2009.pdf,Sector-Wise analysis of projects,49,560
FR_200904_561,,,561,Expansion of 750K GSM Lines,,,SHIPPING & PORTS,2009-04,2006-10,,278.16,,278.16,0.0,,148.24,2008-12,,2009-07,7.0,,,0,0,,,,FLR_APR_2009.pdf,Sector-Wise analysis of projects,49,561
FR_200904_562,,,562,EXPANSION OF 750K GSM LINES OF 2.5 GSM AND VALIDATION EQUIP,,,SHIPPING & PORTS,2009-04,2007-02,,741.77,,278.16,-463.61,,148.24,2007-10,,2009-07,21.0,,,0,0,,,,FLR_APR_2009.pdf,Sector-Wise analysis of projects,49,562
FR_200904_563,,,563,GSM equipment of 900K lines(2G) & 300K Lines (3G)-Phase-V,,,SHIPPING & PORTS,2009-04,2007-06,,601.49,,601.49,0.0,,286.74,2008-12,,2009-08,8.0,,,0,0,,,,FLR_APR_2009.pdf,Sector-Wise analysis of projects,49,563
FR_200904_564,,,564,"GSM equipment of 216650 Lines(2G), Phase-V.1",,,SHIPPING & PORTS,2009-04,2008-01,,192.48,,192.48,0.0,,45.57,2009-03,,2009-08,5.0,,,0,0,,,,FLR_APR_2009.pdf,Sector-Wise analysis of projects,49,564
FR_200904_565,,,565,GSM equipment of 1625K Lines(2G) & 325K lines in M.P. Ph-V.I,,,SHIPPING & PORTS,2009-04,2008-06,,908.3,,908.3,0.0,,151.7,2009-08,,2009-08,0.0,,,0,0,,,,FLR_APR_2009.pdf,Sector-Wise analysis of projects,49,565
FR_200904_566,,,566,"GSM Equipment of 3125K Lines (2G) & 625 Lines(3G), Phase-V.1",,,SHIPPING & PORTS,2009-04,2008-09,,1799.94,,1799.94,0.0,,22.8,2009-09,,2009-09,0.0,,,0,0,,,,FLR_APR_2009.pdf,Sector-Wise analysis of projects,49,566
FR_200904_567,,,567,NATIONAL RADIO SPECTRUM MANAGEMENT& MONITORING SYSTEM (NRSMM,,,SHIPPING & PORTS,2009-04,2000-08,,279.97,,172.04,-107.93,,135.83,2004-12,,2009-09,57.0,,,0,0,,,,FLR_APR_2009.pdf,Sector-Wise analysis of projects,49,567
FR_200904_568,,,568,NIB-II Project Rural Broadband,,,SHIPPING & PORTS,2009-04,2007-12,,312.86,,353.0,40.14,,114.95,2008-02,,2009-09,19.0,,,0,0,,,,FLR_APR_2009.pdf,Sector-Wise analysis of projects,49,568
FR_200904_569,,,569,Delhi Expansion of 1250K Lines of 2G/3G GSM Lines.,,,SHIPPING & PORTS,2009-04,2007-02,,463.61,,463.61,0.0,,,2009-12,,2009-12,0.0,,,0,0,,,,FLR_APR_2009.pdf,Sector-Wise analysis of projects,49,569
FR_200904_570,,,570,IMPLEMENTATION AND EXECUTION OF NEW TECHNOLOGY INTELLINGENT,,,SHIPPING & PORTS,2009-04,2004-10,,160.0,,135.0,-25.0,,92.45,2006-06,,,,,,0,0,,,,FLR_APR_2009.pdf,Sector-Wise analysis of projects,49,570
FR_200904_571,,,571,"GSM EXPANSION, PH-IV (B) (MAHARASHTRA)",,,SHIPPING & PORTS,2009-04,2005-07,,1174.75,,1174.75,0.0,,371.41,2006-03,,,,,,0,0,,,,FLR_APR_2009.pdf,Sector-Wise analysis of projects,49,571
FR_200904_572,,,572,CONVERGENT BILLING AND CRM MTNL (MUMBAI),,,SHIPPING & PORTS,2009-04,2006-01,,247.0,,247.0,0.0,,119.5,2007-02,,,,,,0,0,,,,FLR_APR_2009.pdf,Sector-Wise analysis of projects,50,572
FR_200904_573,,,573,"GSM NETWORK EXPANSION, PH-IV (ORISSA)",,,SHIPPING & PORTS,2009-04,2004-12,,164.06,,164.06,0.0,,89.29,2005-12,,,,,,0,0,,,,FLR_APR_2009.pdf,Sector-Wise analysis of projects,50,573
FR_200904_574,,,574,"GSM NETWORK EXPANSION, PH-IV (WEST BENGAL)",,,SHIPPING & PORTS,2009-04,2004-09,,428.0,,428.0,0.0,,175.08,2005-06,,,,,,0,0,,,,FLR_APR_2009.pdf,Sector-Wise analysis of projects,50,574
FR_200904_575,,,575,500K Broadband Access N/W Ph-I +PH-II,,,SHIPPING & PORTS,2009-04,2007-04,,134.25,,133.75,-0.5,,31.95,2008-10,,,,,,0,0,,,,FLR_APR_2009.pdf,Sector-Wise analysis of projects,50,575
FR_200904_576,,,576,"GSM NETWORK EXPANSION, PH-IV (PUNJAB)",,,SHIPPING & PORTS,2009-04,2004-05,,508.63,,508.63,0.0,,365.16,2005-06,,,,,,0,0,,,,FLR_APR_2009.pdf,Sector-Wise analysis of projects,50,576
FR_200904_577,,,577,"GSM NETWORK EXPANSION, PH-IV, UP (W), (UTTAR PRADESH)",,,SHIPPING & PORTS,2009-04,2004-08,,359.07,,167.61,-191.46,,36.19,2005-06,,,,,,0,0,,,,FLR_APR_2009.pdf,Sector-Wise analysis of projects,50,577
FR_200904_578,,,578,"500K Broadband access H/W equipment, Delhi & Mumbai(Ph-1&II)",,,SHIPPING & PORTS,2009-04,2007-04,,134.25,,133.75,-0.5,,31.95,2008-06,,,,,,0,0,,,,FLR_APR_2009.pdf,Sector-Wise analysis of projects,50,578
FR_200904_579,,,579,"GSM NETWORK EXPANSION, PH-IV (RAJASTHAN)",,,SHIPPING & PORTS,2009-04,2004-09,,448.91,,448.91,0.0,,154.52,2005-06,,,,,,0,0,,,,FLR_APR_2009.pdf,Sector-Wise analysis of projects,50,579
FR_200904_580,,,580,C/o General Pool Office Complex at INA,,,URBAN DEVELOPMENT,2009-04,2004-10,,83.67,,135.03,51.36,,,2010-02,,2010-02,0.0,,,0,0,,,,FLR_APR_2009.pdf,Sector-Wise analysis of projects,50,580
FR_200904_581,,,581,"DELHI METRO RAPID TRANSIT SYSTEM, PHASE-II",,,URBAN DEVELOPMENT,2009-04,2005-08,,8118.0,8605.36,8676.0,558.0,70.64,8312.84,2010-06,,2010-09,3.0,,,0,0,,,,FLR_APR_2009.pdf,Sector-Wise analysis of projects,50,581
FR_200904_582,,,582,Bangalore Metro Rail Project,,,URBAN DEVELOPMENT,2009-04,2006-05,,6395.0,,6395.0,0.0,,,2011-12,,2011-12,0.0,,,0,7,,,,FLR_APR_2009.pdf,Sector-Wise analysis of projects,50,582
FR_200904_583,,,583,PAGLADIYA DAM PROJECT,,,URBAN DEVELOPMENT,2009-04,2001-01,,542.9,,1187.0,644.1,,35.49,2007-12,,2012-12,60.0,,,0,0,,,,FLR_APR_2009.pdf,Sector-Wise analysis of projects,50,583
