observation_id,project_id,project_code,serial_no,project_name,agency,state,sector,report_date,approval_date,approval_date_revised,original_cost_crore,revised_cost_crore,anticipated_cost_crore,cost_overrun_original_crore,cost_overrun_revised_crore,cumulative_expenditure_crore,original_completion_date,revised_completion_date,anticipated_completion_date,time_overrun_original_months,time_overrun_revised_months,additional_delay_months,milestones_achieved,milestones_total,physical_progress_pct,delay_reason,status,source.report,source.table,source.page,source.serial_no
FR_201201_001,,N02000010,1,"KAKRAPAR ATOMIC POWER PROJECT - 3 and 4 - NPCIL,Gujarat",,,ATOMIC ENERGY,2012-01,2009-10,,11459.0,,11459.0,,,1341.0,2016-05,,2016-11,,,,0,70,,,,FR_JAN_2012.pdf,Sector-Wise analysis of projects,44,1
FR_201201_002,,020100040,2,"KUDANKULAM APP (NPCIL) - NPCIL,Tamil Nadu",NPCIL,,ATOMIC ENERGY,2012-01,2001-12,,13171.0,,15824.0,,,14268.0,2008-12,,2013-03,,,,39,106,,,,FR_JAN_2012.pdf,Sector-Wise analysis of projects,44,2
FR_201201_003,,020100044,3,"PROTOTYPE FAST BREEDER REACTOR (BHAVINI, 500 MWE) - BHAVNI,Tamil Nadu","BHAVINI, 500 MWE",,ATOMIC ENERGY,2012-01,2003-09,,3492.0,,5677.0,,,3410.82,2010-09,,2012-01,,,,5,80,,,,FR_JAN_2012.pdf,Sector-Wise analysis of projects,44,3
FR_201201_004,,N02000027,4,"RAJASTHAN ATOMIC POWER PROJECT -7 and 8 (2X700 MW) - NPCIL,Rajasthan",2X700 MW,,ATOMIC ENERGY,2012-01,2009-10,,12320.0,,12320.0,,,860.0,2016-12,,2017-03,,,,0,69,,,,FR_JAN_2012.pdf,Sector-Wise analysis of projects,44,4
FR_201201_005,,N02000007,5,"URANIUM ORE MINE and PROCESSING PLANT AT TUMMALAP - UCIL,Andhra Pradesh Total",,,ATOMIC ENERGY,2012-01,2007-09,,1106.29,41548.29,1106.29,,,1000.7,2011-04,,2012-04,,,,0,0,,,,FR_JAN_2012.pdf,Sector-Wise analysis of projects,44,5
FR_201201_006,,N04000037,6,"C/O INTEGRATED PASSENGER TER. BULD. NSCBI AIRPORT - AAI,West Bengal",,,CIVIL AVIATION,2012-01,2008-08,,1942.51,,2325.0,,,1730.76,2011-05,,2012-03,,,,0,0,,,,FR_JAN_2012.pdf,Sector-Wise analysis of projects,44,6
FR_201201_007,,N04000050,7,"C/o new Airport at Pakyong(Sikkim) Airport - AAI,Sikkim",Sikkim,,CIVIL AVIATION,2012-01,2009-01,,309.46,,309.46,,,170.82,2011-01,,2012-12,,,,0,0,,,,FR_JAN_2012.pdf,Sector-Wise analysis of projects,44,7
FR_201201_008,,N04000069,8,"Construction of New International Terminal Building - AAI,Goa",,,CIVIL AVIATION,2012-01,2010-05,,335.61,,335.61,,,68.61,2012-05,,2012-08,,,,0,0,,,,FR_JAN_2012.pdf,Sector-Wise analysis of projects,44,8
FR_201201_009,,N04000038,9,"D/O KAMARAJ DOMESTIC TER-PH-II And EXP. ANNA INT. - AAI,Tamil Nadu",,,CIVIL AVIATION,2012-01,2008-08,,1808.0,2015.0,2015.0,,,1598.13,2011-01,,2012-02,,,,0,0,,,,FR_JAN_2012.pdf,Sector-Wise analysis of projects,44,9
FR_201201_010,,N04000065,10,"GAGAN PROJECT - AAI,Multi State Total",,,CIVIL AVIATION,2012-01,2008-09,,626.0,5021.58,626.0,,,340.12,2013-06,,2013-06,,,,0,0,,,,FR_JAN_2012.pdf,Sector-Wise analysis of projects,44,10
FR_201201_011,,N06000016,11,"ADRIYALA SHAFT PROJECT - SCCL,Andhra Pradesh",,,COAL,2012-01,2006-09,,212.34,779.26,779.26,,,229.64,2013-03,2012-09,2013-12,,,,6,22,,,,FR_JAN_2012.pdf,Sector-Wise analysis of projects,44,11
FR_201201_012,,N06000082,12,"AMLAI OC EXPANSION SECTOR 1.50 MTY - SECL,Chhatisgarh",,,COAL,2012-01,2009-11,,198.59,,198.59,,,91.57,2016-03,,2016-03,,,,0,1,,,,FR_JAN_2012.pdf,Sector-Wise analysis of projects,44,12
FR_201201_013,,N06000010,13,"AMLOHRI EPR (NCL) (6 MTY) - NCL,Madhya pradesh",6 MTY,,COAL,2012-01,2006-05,,1352.04,23.0,1143.54,,,248.98,2014-03,,2016-03,,,,2,2,,,,FR_JAN_2012.pdf,Sector-Wise analysis of projects,44,13
FR_201201_014,,N06000067,14,"ANANTA OC EXPANSION PH-III 15.0 Mty - MCL,Orissa",,,COAL,2012-01,2008-08,,207.28,,207.28,,,72.0,,,2012-03,,,,5,7,,,,FR_JAN_2012.pdf,Sector-Wise analysis of projects,45,14
FR_201201_015,,060100096,15,"ASHOK EXPN.OCP -CCL (10 MTY) - CCL,Jharkhandd",10 MTY,,COAL,2012-01,2006-04,,471.66,341.63,341.63,,,105.51,2011-03,2012-03,2013-03,,,,0,2,,,,FR_JAN_2012.pdf,Sector-Wise analysis of projects,45,15
FR_201201_016,,N06000044,16,"BALRAM OCP EXTENSION,MCL (8.00 Mty) - MCL,Orissa",8.00 Mty,,COAL,2012-01,2007-12,,172.08,,172.08,,,99.91,,,2010-03,,,,4,4,,,,FR_JAN_2012.pdf,Sector-Wise analysis of projects,45,16
FR_201201_017,,060100089,17,"BARSINGSAR TPS (2 125MW) (NLC) - NLC,Rajasthan",NLC,,COAL,2012-01,2004-12,,1114.18,1626.09,1868.71,,,1714.72,2009-06,,2012-01,,,,26,26,,,,FR_JAN_2012.pdf,Sector-Wise analysis of projects,45,17
FR_201201_018,,N06000034,18,"BHUBANESWARI OCP, MCL (20.0 Mty) - MCL,Orissa",20.0 Mty,,COAL,2012-01,2007-12,,490.0,,490.1,,,102.1,,,2017-03,,,,6,12,,,,FR_JAN_2012.pdf,Sector-Wise analysis of projects,45,18
FR_201201_019,,N06000019,19,"BINA EXTN. PROJ(6.0 Mtpa) - NCL,Multi State",6.0 Mtpa,,COAL,2012-01,2006-11,,168.97,,168.97,,,40.35,2014-03,,2014-03,,,,1,2,,,,FR_JAN_2012.pdf,Sector-Wise analysis of projects,45,19
FR_201201_020,,N06000009,20,"BLOCK-B OCP NCL (3.5 MTY) - NCL,Madhya pradesh",3.5 MTY,,COAL,2012-01,2006-06,,746.04,,535.1,,,141.38,2012-03,,2015-03,,,,0,0,,,,FR_JAN_2012.pdf,Sector-Wise analysis of projects,45,20
FR_201201_021,,N06000049,21,"Batura OCP (2.0 MTY) - SECL,Madhya pradesh",2.0 MTY,,COAL,2012-01,2008-09,,203.82,,203.82,,,,2015-03,,2015-03,,,,0,1,,,,FR_JAN_2012.pdf,Sector-Wise analysis of projects,45,21
FR_201201_022,,N06000046,22,"CHURCHA ROUG (1.35MTY) - SECL,Chhatisgarh",1.35MTY,,COAL,2012-01,2008-06,,462.35,,462.35,,,261.83,,,2014-03,,,,0,4,,,,FR_JAN_2012.pdf,Sector-Wise analysis of projects,45,22
FR_201201_023,,N06000083,23,"Churi Benti UG - CCL,Jharkhandd",,,COAL,2012-01,2007-06,,163.51,,163.51,,,33.66,2011-03,2012-03,2014-03,,,,1,2,,,,FR_JAN_2012.pdf,Sector-Wise analysis of projects,45,23
FR_201201_024,,060100094,24,"DIPKA EXPANSION OCP (SECL) (20- SECL,Chhatisgarh",SECL,,COAL,2012-01,2005-07,,1268.53,,1943.66,,,1142.56,2010-03,,2014-03,,,,0,13,,,,FR_JAN_2012.pdf,Sector-Wise analysis of projects,45,24
FR_201201_025,,060100093,25,"GEVRA EXPANSION OCP (SECL) (25 MTY) - SECL,Chhatisgarh",25 MTY,,COAL,2012-01,2005-07,,1667.55,,2675.67,,,1291.82,2010-03,,2014-03,,,,0,15,,,,FR_JAN_2012.pdf,Sector-Wise analysis of projects,45,25
FR_201201_026,,N06000042,26,"GOPAL PRASAD OCP - MCL,Orissa",,,COAL,2012-01,2008-02,,395.87,,395.87,,,59.22,,,2015-03,,,,2,12,,,,FR_JAN_2012.pdf,Sector-Wise analysis of projects,45,26
FR_201201_027,,N06000068,27,"HINGULA OC-II EXP PH-III (15 MTY) - MCL,Orissa",15 MTY,,COAL,2012-01,2008-11,,475.93,,479.63,,,90.84,,,2013-03,,,,5,7,,,,FR_JAN_2012.pdf,Sector-Wise analysis of projects,45,27
FR_201201_028,,N06000075,28,"JAGANNATHPUR OCP(3.00 MTY) - SECL,Chhatisgarh",3.00 MTY,,COAL,2012-01,2008-09,,152.43,,152.43,,,,2015-03,,2015-03,,,,1,1,,,,FR_JAN_2012.pdf,Sector-Wise analysis of projects,45,28
FR_201201_029,,N06000094,29,"JALAGAM VENGALA RAO OCP - SCCL,Andhra Pradesh",,,COAL,2012-01,2011-07,,447.06,,447.06,,,,2015-03,,2015-03,,,,0,0,,,,FR_JAN_2012.pdf,Sector-Wise analysis of projects,45,29
FR_201201_030,,N06000025,30,"JALLARAM SHAFT PROJECT - SCCL,Andhra Pradesh",,,COAL,2012-01,2013-03,,467.78,,467.78,,,12.31,2013-03,,2013-03,,,,3,83,,,,FR_JAN_2012.pdf,Sector-Wise analysis of projects,45,30
FR_201201_031,,N06000020,31,"JHANJRA R-VI SEAM PSLW - ECL,West Bengal",,,COAL,2012-01,2006-11,,287.18,,287.17,,,,2011-03,,2015-03,,,,1,5,,,,FR_JAN_2012.pdf,Sector-Wise analysis of projects,45,31
FR_201201_032,,N06000048,32,"KAKATIYA LAONGWALL - SCCL,Multi State",,,COAL,2012-01,2008-12,,453.63,,453.63,,,71.05,2012-12,,2015-03,,,,7,44,,,,FR_JAN_2012.pdf,Sector-Wise analysis of projects,45,32
FR_201201_033,,N06000035,33,"KANIHA OCP, MCL, (10.0 Mty) - MCL,Orissa",10.0 Mty,,COAL,2012-01,2007-12,,457.77,,457.77,,,116.04,,,2013-03,,,,6,11,,,,FR_JAN_2012.pdf,Sector-Wise analysis of projects,45,33
FR_201201_034,,N06000088,34,"KARMA OCP - CCL,Jharkhandd",,,COAL,2012-01,2009-06,,162.46,,162.46,,,31.59,2014-03,,2014-03,,,,0,0,,,,FR_JAN_2012.pdf,Sector-Wise analysis of projects,45,34
FR_201201_035,,N06000076,35,"KARTALI (EAST) OCP(2.50 MTY) - SECL,Chhatisgarh",2.50 MTY,,COAL,2012-01,2008-07,,178.44,,178.44,,,,2014-03,,2014-03,,,,0,1,,,,FR_JAN_2012.pdf,Sector-Wise analysis of projects,45,35
FR_201201_036,,N06000091,36,"KHADIA EXPANSION OPENCAST PROJECT 4 TO 10 MTPA,6MT - NCL,Uttar Pradesh",,,COAL,2012-01,2011-06,,1131.28,1131.28,1131.28,,,,2018-03,,2018-03,,,,0,0,,,,FR_JAN_2012.pdf,Sector-Wise analysis of projects,45,36
FR_201201_037,,N06000007,37,"KRISHNASHILA (NCL) (4MTY) - NCL,Madhya pradesh",4MTY,,COAL,2012-01,2006-05,,789.88,24.0,741.62,,,292.07,2010-03,,2013-03,,,,2,2,,,,FR_JAN_2012.pdf,Sector-Wise analysis of projects,45,37
FR_201201_038,,060100092,38,"KULDA OCP (MAHANADI COALFIELDS LTD) - MCL,Orissa",MAHANADI COALFIELDS LTD,,COAL,2012-01,2005-01,,302.96,,302.96,,,87.85,2010-03,,2012-03,,,,9,11,,,,FR_JAN_2012.pdf,Sector-Wise analysis of projects,46,38
FR_201201_039,,N06000008,39,"KUSMUNDA EXPN.OCP(SECL)(10- 15MTY) - SECL,Chhatisgarh",10- 15MTY,,COAL,2012-01,2006-06,,737.65,,1188.31,,,611.75,,,2013-03,,,,0,8,,,,FR_JAN_2012.pdf,Sector-Wise analysis of projects,46,39
FR_201201_040,,N06000089,40,"Kistaram OCP - SCCL,Andhra Pradesh",,,COAL,2012-01,2010-11,,242.29,,242.29,,,,2015-03,,2015-03,,,,0,28,,,,FR_JAN_2012.pdf,Sector-Wise analysis of projects,46,40
FR_201201_041,,N06000015,41,"MAGADH OC (CCL) - CCL,Jharkhandd",CCL,,COAL,2012-01,2006-07,,469.78,706.4,706.4,,,18.16,2012-07,2014-03,2016-03,,,,1,2,,,,FR_JAN_2012.pdf,Sector-Wise analysis of projects,46,41
FR_201201_042,,N06000081,42,"MANIKPUR OC EXPANTION (3.50 MTY) - SECL,Chhatisgarh",3.50 MTY,,COAL,2012-01,2009-11,,321.42,,321.5,,,204.1,,,2014-03,,,,0,5,,,,FR_JAN_2012.pdf,Sector-Wise analysis of projects,46,42
FR_201201_043,,N06000080,43,"MANUGURU OC-II EXTENSION PHASE-II - SCCL,Andhra Pradesh",,,COAL,2012-01,2010-03,,181.19,,181.19,,,31.9,2012-03,,2012-03,,,,8,34,,,,FR_JAN_2012.pdf,Sector-Wise analysis of projects,46,43
FR_201201_044,,N06000098,44,"Moonidih XV Seam UG - BCCL,Jharkhandd",,,COAL,2012-01,2011-08,,1230.27,,1230.27,,,,2015-04,,2015-04,,,,0,0,,,,FR_JAN_2012.pdf,Sector-Wise analysis of projects,46,44
FR_201201_045,,N06000096,45,"Muraidih UG - BCCL,Jharkhandd",,,COAL,2012-01,2011-02,,339.88,,339.88,,,,2014-04,,2014-04,,,,0,0,,,,FR_JAN_2012.pdf,Sector-Wise analysis of projects,46,45
FR_201201_046,,N06000095,46,"NEYVELI NEW THERMAL POWER PROJECT(2x500 MW) - NLC,Tamil Nadu",2x500 MW,,COAL,2012-01,2011-06,,5907.11,,5907.11,,,6.57,,,2015-12,,,,0,33,,,,FR_JAN_2012.pdf,Sector-Wise analysis of projects,46,46
FR_201201_047,,N06000033,47,"NIGAHI OC EXPANSION PROJECT 10 MTY TO 15 MTY, SINGRAULI - NCL,Madhya pradesh",,,COAL,2012-01,2007-10,,259.4,,259.4,,,1.51,2012-03,,2012-03,,,,0,1,,,,FR_JAN_2012.pdf,Sector-Wise analysis of projects,46,47
FR_201201_048,,N06000084,48,"North Urimari OCP - CCL,Jharkhandd",,,COAL,2012-01,2007-12,,179.87,,179.87,,,61.24,2012-03,2012-03,2014-03,,,,0,2,,,,FR_JAN_2012.pdf,Sector-Wise analysis of projects,46,48
FR_201201_049,,N06000045,49,"PELMA OCP(10.00MTY) - SECL,Chhatisgarh",10.00MTY,,COAL,2012-01,2008-07,,448.32,,448.32,,,,2015-03,,2015-03,,,,0,1,,,,FR_JAN_2012.pdf,Sector-Wise analysis of projects,46,49
FR_201201_050,,N06000066,50,"PENGANGA OC - WCL,Maharashtra",,,COAL,2012-01,2008-10,,339.77,,339.77,,,0.7,,,2014-10,,,,0,1,,,,FR_JAN_2012.pdf,Sector-Wise analysis of projects,46,50
FR_201201_051,,N06000085,51,"Purnadih OCP - CCL,Jharkhandd",,,COAL,2012-01,2008-07,,210.98,,210.98,,,31.39,2013-03,,2013-03,,,,0,2,,,,FR_JAN_2012.pdf,Sector-Wise analysis of projects,46,51
FR_201201_052,,N06000056,52,"RAJMAHAL OC EXP. - ECL,Multi State",,,COAL,2012-01,2006-02,,50.08,,153.82,,,19.96,2011-03,,2014-03,,,,0,3,,,,FR_JAN_2012.pdf,Sector-Wise analysis of projects,46,52
FR_201201_053,,N06000078,53,"RAMAGUNDAM OC-II EXTENSION - SCCL,Andhra Pradesh",,,COAL,2012-01,2009-12,,418.97,,418.97,,,79.26,2012-03,,2012-03,,,,21,27,,,,FR_JAN_2012.pdf,Sector-Wise analysis of projects,46,53
FR_201201_054,,N06000093,54,"RCE OF INDARAM OCP(1.20 MTPA) - SCCL,Andhra Pradesh",1.20 MTPA,,COAL,2012-01,2011-07,,162.76,,162.76,,,1.21,2015-03,,2015-03,,,,0,0,,,,FR_JAN_2012.pdf,Sector-Wise analysis of projects,46,54
FR_201201_055,,N06000079,55,"RKP OCP PHASE-I - SCCL,Uttaranchal",,,COAL,2012-01,2010-03,,209.78,,209.78,,,20.17,2015-03,,2015-03,,,,4,31,,,,FR_JAN_2012.pdf,Sector-Wise analysis of projects,46,55
FR_201201_056,,N06000087,56,"Rajrappa RCE OCP - CCL,Jharkhandd",,,COAL,2012-01,2009-12,,510.85,,510.85,,,282.99,2016-03,,2016-03,,,,1,2,,,,FR_JAN_2012.pdf,Sector-Wise analysis of projects,46,56
FR_201201_057,,N06000017,57,"SHANTIKHANI LONGWALL PROJ- SCCL - SCCL,Andhra Pradesh",,,COAL,2012-01,2006-10,,249.03,,249.03,,,43.2,2012-03,,2012-03,,,,11,42,,,,FR_JAN_2012.pdf,Sector-Wise analysis of projects,46,57
FR_201201_058,,N06000043,58,"TALABIRA OCP - MCL,Orissa",,,COAL,2012-01,2008-03,,447.72,,447.72,,,34.28,,,2016-03,,,,1,12,,,,FR_JAN_2012.pdf,Sector-Wise analysis of projects,46,58
FR_201201_059,,060100087,59,"TPS-II EXPANSION (1470MW TO 1970MW) (NLC) - NLC,Tamil Nadu",NLC,,COAL,2012-01,2004-10,,2030.78,2453.57,2453.57,,,2361.58,2009-06,,2012-07,,,,19,24,,,,FR_JAN_2012.pdf,Sector-Wise analysis of projects,46,59
FR_201201_060,,N06000047,60,"TUTICORIN THERMAL POWER PROJECT - NLC,Tamil Nadu",,,COAL,2012-01,2008-05,,4904.54,4909.54,4909.54,,,2489.81,,,2013-02,,,,0,39,,,,FR_JAN_2012.pdf,Sector-Wise analysis of projects,47,60
FR_201201_061,,N06000086,61,"Tapin OCP - CCL,Jharkhandd Total",,,COAL,2012-01,2008-08,,264.68,34718.73,264.68,,,93.47,2012-03,2013-03,2014-03,,,,0,2,,,,FR_JAN_2012.pdf,Sector-Wise analysis of projects,47,61
FR_201201_062,,N08000005,62,"BATHINDA - AMMONIA PLANT FEEDSTOCK CHANGEOVER PROJ - NFL,Punjab",,,FERTILISERS,2012-01,2010-01,,1294.19,,1294.19,,,335.32,2013-01,,2013-01,,,,0,5,,,,FR_JAN_2012.pdf,Sector-Wise analysis of projects,47,62
FR_201201_063,,N08000008,63,"CAPACITY ENHANCEMENT OF AMMONIA AND UREA PLANT VIJ - NFL,Madhya pradesh",,,FERTILISERS,2012-01,2008-09,,438.0,,438.0,,,159.38,2011-07,,2012-04,,,,0,0,,,,FR_JAN_2012.pdf,Sector-Wise analysis of projects,47,63
FR_201201_064,,N08000007,64,"CAPACITY ENHANCEMENT OF VIJAIPUR-I PLANTS - NFL,Madhya pradesh",,,FERTILISERS,2012-01,2008-09,,325.0,,325.0,,,147.84,2011-07,,2012-03,,,,0,0,,,,FR_JAN_2012.pdf,Sector-Wise analysis of projects,47,64
FR_201201_065,,N08000006,65,"NANGAL - AMMONIA PLANT FEEDSTOCK PROJECT - NFL,",,,FERTILISERS,2012-01,2010-01,,1478.63,,1478.63,,,413.05,,,2013-01,,,,8,8,,,,FR_JAN_2012.pdf,Sector-Wise analysis of projects,47,65
FR_201201_066,,N08000004,66,"PANIPAT - AMMONIA PLANT FEEDSTOCK CHANGEOVER PROJE - NFL,Haryana",,,FERTILISERS,2012-01,2010-01,,1292.84,,1292.84,,,308.72,2013-01,,2013-01,,,,0,5,,,,FR_JAN_2012.pdf,Sector-Wise analysis of projects,47,66
FR_201201_067,,N08000003,67,"THAL AMMONIA REVAMP PROJECT - RCF,Haryana Total",,,FERTILISERS,2012-01,2009-01,,488.75,5317.41,488.75,,,214.81,2012-04,,2012-04,,,,7,22,,,,FR_JAN_2012.pdf,Sector-Wise analysis of projects,47,67
FR_201201_068,,N12000072,68,"1.2 MTPA PELLET PLANT DONIMALAI - NMDC,Karnataka",,,STEEL,2012-01,2011-04,,572.0,,572.0,,,,2013-04,,2013-04,,,,0,0,,,,FR_JAN_2012.pdf,Sector-Wise analysis of projects,47,68
FR_201201_069,,N12000069,69,"330 TPH BOILER-6 AND AUXILIARY SYSTEM - RINL,Andhra Pradesh",,,STEEL,2012-01,2007-07,,260.0,,350.0,,,231.99,2010-08,,2012-03,,,,0,1,,,,FR_JAN_2012.pdf,Sector-Wise analysis of projects,47,69
FR_201201_070,,N12000068,70,"67.5 MW TG-5 AUX. S'TEM EMERGENCY POWER REQUIREM - RINL,Andhra Pradesh",,,STEEL,2012-01,2007-07,,230.0,,343.58,,,238.81,2011-02,,2012-04,,,,2,3,,,,FR_JAN_2012.pdf,Sector-Wise analysis of projects,47,70
FR_201201_071,,N12000073,71,"7.0 MTPA KUMARASWAMY IRON ORE MINE - NMDC,Karnataka",,,STEEL,2012-01,2011-02,,898.55,,898.55,,,,2013-05,,2013-05,,,,0,0,,,,FR_JAN_2012.pdf,Sector-Wise analysis of projects,47,71
FR_201201_072,,N12000023,72,"700TPD ARI SEPARATION UNIT-4 AT OXYGEN PLANT-II, BHILLAI - SAIL,Chhatisgarh",,,STEEL,2012-01,2007-07,,232.93,,232.93,,,178.9,2011-05,,2012-02,,,,1,1,,,,FR_JAN_2012.pdf,Sector-Wise analysis of projects,47,72
FR_201201_073,,N12000053,73,"Augmentation of Iron Ore Storage in RMHP - RINL,Multi State",,,STEEL,2012-01,2008-05,,480.0,,460.0,,,176.28,2012-05,,2012-12,,,,1,2,,,,FR_JAN_2012.pdf,Sector-Wise analysis of projects,47,73
FR_201201_074,,N12000018,74,"Bailadila Iron Ore Deposit- IIB(NMDC) - NMDC,Chhatisgarh",NMDC,,STEEL,2012-01,2007-01,,295.89,607.17,607.17,,,314.31,2011-12,,2012-03,,,,15,21,,,,FR_JAN_2012.pdf,Sector-Wise analysis of projects,47,74
FR_201201_075,,N12000038,75,"COKE OVEN BATTERY NO. 4 PHASE- II - RINL,Andhra Pradesh",,,STEEL,2012-01,2007-08,,108.0,26.0,216.68,,,59.11,2012-10,,2012-10,,,,3,4,,,,FR_JAN_2012.pdf,Sector-Wise analysis of projects,47,75
FR_201201_076,,N12000075,76,"ENHANCEMENT OF PROD. CAP. AT BOLANI I/O MINES - SAIL,Orissa",,,STEEL,2012-01,2011-11,,254.55,,254.55,,,1.11,2013-11,,2013-11,,,,0,0,,,,FR_JAN_2012.pdf,Sector-Wise analysis of projects,48,76
FR_201201_077,,N12000057,77,"EXPANSION OF BHILAI STEEL PLANT - SAIL,Chhatisgarh",,,STEEL,2012-01,2008-09,,17265.0,,17265.0,,,4575.39,2013-03,,2013-06,,,,17,20,,,,FR_JAN_2012.pdf,Sector-Wise analysis of projects,48,77
FR_201201_078,,N12000055,78,"EXPANSION OF BOKARO STEEL PLANT - SAIL,Jharkhandd",,,STEEL,2012-01,2008-01,,6325.0,,6325.0,,,2367.36,2011-12,,2012-03,,,,10,11,,,,FR_JAN_2012.pdf,Sector-Wise analysis of projects,48,78
FR_201201_079,,N12000074,79,"EXPANSION OF DURGAPUR STEEL PLANT - SAIL,Chhatisgarh",,,STEEL,2012-01,2009-06,,2875.0,,2875.0,,,526.87,2012-12,,2012-12,,,,4,6,,,,FR_JAN_2012.pdf,Sector-Wise analysis of projects,48,79
FR_201201_080,,N12000051,80,"EXPANSION OF IISCO STEEL PLANT - SAIL,West Bengal",,,STEEL,2012-01,2008-02,,14443.0,16408.0,16408.0,,,12663.88,2011-12,,2012-03,,,,13,14,,,,FR_JAN_2012.pdf,Sector-Wise analysis of projects,48,80
FR_201201_081,,120100067,81,"EXPANSION OF RINL/VSP FROM 3 MTPY-6.3 MTPY OF LIQUID STEEL - RINL,Andhra Pradesh",,,STEEL,2012-01,2005-10,,8692.0,12291.0,12291.0,,,9130.48,2009-10,2012-10,2012-10,,,,57,59,,,,FR_JAN_2012.pdf,Sector-Wise analysis of projects,48,81
FR_201201_082,,N12000056,82,"EXPENSION OF ROURKELA STEEL PLANT - SAIL,Chhatisgarh",,,STEEL,2012-01,2008-09,,11812.0,11812.0,11812.0,,,6321.78,2013-03,,2013-03,,,,5,8,,,,FR_JAN_2012.pdf,Sector-Wise analysis of projects,48,82
FR_201201_083,,N12000033,83,"Rebuilding of coke oven battery No.1 and 2 (Bokar - SAIL,Jharkhandd Total Petrochemicals",,,STEEL,2012-01,2007-10,,500.9,65244.82,500.9,,,355.21,,,2012-02,,,,3,3,,,,FR_JAN_2012.pdf,Sector-Wise analysis of projects,48,83
FR_201201_084,,N16000106,84,"ASSAM GAS CRACKER PROJECT - BCPL,Assam Total",,,STEEL,2012-01,2006-04,,5460.61,8920.0,8920.0,,,3800.09,2013-12,,2013-12,,,,9,30,,,,FR_JAN_2012.pdf,Sector-Wise analysis of projects,48,84
FR_201201_085,,N16000119,85,"102 MW WIND POWER PROJECT - ONGC,Rajasthan",,,PETROLEUM,2012-01,2010-07,,1106.0,,1106.0,,,,2012-06,,2013-04,,,,0,0,,,,FR_JAN_2012.pdf,Sector-Wise analysis of projects,48,85
FR_201201_086,,N16000086,86,"ADDITIONAL DEV. OF D-1 FIELD - ONGC,Multi State",,,PETROLEUM,2012-01,2010-01,,2163.64,,2163.64,,,,2012-06,,2012-06,,,,0,0,,,,FR_JAN_2012.pdf,Sector-Wise analysis of projects,48,86
FR_201201_087,,N16000065,87,"ADDITIONAL GAS PROCESSING FACILITI AT HAZIRA - ONGC,Gujarat",,,PETROLEUM,2012-01,2008-02,,370.11,,370.11,,,,2011-04,,2012-07,,,,0,0,,,,FR_JAN_2012.pdf,Sector-Wise analysis of projects,48,87
FR_201201_088,,N16000064,88,"ADDITIONAL GAS PROCESSING UNITS AT URAN - ONGC,Maharashtra",,,PETROLEUM,2012-01,2008-10,,1797.35,,977.0,,,,2011-12,,2013-01,,,,0,0,,,,FR_JAN_2012.pdf,Sector-Wise analysis of projects,48,88
FR_201201_089,,N16000061,89,"ASSAM RENEWAL PROJECT FOR GROUP A - ONGC,Assam",,,PETROLEUM,2012-01,2009-03,,2465.15,,2378.86,,,523.86,2013-03,,2013-03,,,,0,0,,,,FR_JAN_2012.pdf,Sector-Wise analysis of projects,48,89
FR_201201_090,,N16000120,90,"Ahmedabad Redevelopment - ONGC,Gujarat",,,PETROLEUM,2012-01,2010-11,,1916.1,,1916.1,,,,2014-12,,2014-12,,,,0,0,,,,FR_JAN_2012.pdf,Sector-Wise analysis of projects,48,90
FR_201201_091,,N16000122,91,"Ankleswar Redevelopment - ONGC,Gujarat",,,PETROLEUM,2012-01,2010-11,,2189.63,,2189.63,,,,2014-12,,2014-12,,,,0,0,,,,FR_JAN_2012.pdf,Sector-Wise analysis of projects,48,91
FR_201201_092,,N16000050,92,"BAWANA NANGAL PIPE LINE PROJECT - GAIL,Multi State",,,PETROLEUM,2012-01,2007-11,,1816.07,,1385.0,,,1082.05,2010-10,2011-12,2012-03,,,,0,1,,,,FR_JAN_2012.pdf,Sector-Wise analysis of projects,48,92
FR_201201_093,,N16000094,93,"BNPL SPURLINE (UTTRANCHAL AND PUNJAB) - GAIL,",UTTRANCHAL AND PUNJAB,,PETROLEUM,2012-01,2009-12,,540.92,27.0,460.7,,,171.29,2012-07,,2013-03,,,,0,16,,,,FR_JAN_2012.pdf,Sector-Wise analysis of projects,48,93
FR_201201_094,,N16000059,94,"BRANCH PIPELINE FROM KSPL VIRAMGAON TO KANDLA - IOCL,Gujarat",,,PETROLEUM,2012-01,2009-02,,250.0,349.0,250.0,,,226.7,2013-03,2013-03,2012-03,,,,0,0,,,,FR_JAN_2012.pdf,Sector-Wise analysis of projects,49,94
FR_201201_095,,N16000108,95,"BUTADIENE EXTRACTION UNIT (BDEU) AT PANIPAT - IOCL,Haryana",BDEU,,PETROLEUM,2012-01,2009-11,,341.5,,341.5,,,41.18,2013-02,,2013-02,,,,29,42,,,,FR_JAN_2012.pdf,Sector-Wise analysis of projects,49,95
FR_201201_096,,N16000110,96,"CDU/VDU-II - CPCL,Tamil Nadu",,,PETROLEUM,2012-01,2010-03,,333.99,,333.99,,,85.97,,,2012-05,,,,21,36,,,,FR_JAN_2012.pdf,Sector-Wise analysis of projects,49,96
FR_201201_097,,N16000054,97,"COMPRESSOR STATIONS (KAILARAS AND CHAINSA) - GAIL,Multi State",KAILARAS AND CHAINSA,,PETROLEUM,2012-01,2007-11,,1167.0,,798.0,,,686.69,2011-04,2011-12,2012-03,,,,2,2,,,,FR_JAN_2012.pdf,Sector-Wise analysis of projects,49,97
FR_201201_098,,N16000084,98,"CONSTRUCTION OF 12 OFFSHORE SUPPLY VESSELS(OSV) - ONGC,Multi State",OSV,,PETROLEUM,2012-01,2007-06,,736.65,,736.65,,,210.71,2011-09,,2012-12,,,,0,0,,,,FR_JAN_2012.pdf,Sector-Wise analysis of projects,49,98
FR_201201_099,,N16000030,99,"CONSTRUCTION OF NEW PROCESS COMPLEX MHN - ONGC,Maharashtra",,,PETROLEUM,2012-01,2007-01,,2853.29,6326.4,6326.4,,,4335.28,2010-05,2012-05,2012-05,,,,0,0,,,,FR_JAN_2012.pdf,Sector-Wise analysis of projects,49,99
FR_201201_100,,N16000066,100,"CONSTRUCTION OF NEW TERMINAL AT ENNORE CHENNAI - HPCL,Tamil Nadu",,,PETROLEUM,2012-01,2008-01,,224.0,299.0,299.0,,,292.8,2011-02,2011-08,,,,,0,0,,,,FR_JAN_2012.pdf,Sector-Wise analysis of projects,49,100
FR_201201_101,,N16000127,101,"CONSTRUCTION OF ONE ETP AND THREE ETPS CUM WATER - ONGC,Assam",,,PETROLEUM,2012-01,2010-06,,202.94,,202.94,,,,2014-01,,2014-01,,,,0,0,,,,FR_JAN_2012.pdf,Sector-Wise analysis of projects,49,101
FR_201201_102,,N16000115,102,"CONSTRUCTION OF TANKS AND BLENDING FACILITY AT VAD - IOCL,Gujarat",,,PETROLEUM,2012-01,2009-02,,267.0,,267.0,,,188.9,2012-09,2012-09,2012-06,,,,0,0,,,,FR_JAN_2012.pdf,Sector-Wise analysis of projects,49,102
FR_201201_103,,N16000128,103,"CONVERSION OF RIG SAGAR SAMRAT TO MOBILE OFFSHORE - ONGC,Maharashtra",,,PETROLEUM,2012-01,2011-03,,861.79,,861.79,,,,2013-05,,2013-05,,,,0,0,,,,FR_JAN_2012.pdf,Sector-Wise analysis of projects,49,103
FR_201201_104,,N16000123,104,"Construction of 23 Immediate Supply Vessels (ISV) - ONGC,Multi State",ISV,,PETROLEUM,2012-01,2010-11,,331.2,,331.2,,,,2013-08,,2013-08,,,,0,0,,,,FR_JAN_2012.pdf,Sector-Wise analysis of projects,49,104
FR_201201_105,,N16000117,105,"Construction of 6 ETPs - ONGC,Gujarat",,,PETROLEUM,2012-01,2009-03,,302.26,,302.26,,,24.71,2012-09,,2012-09,,,,0,0,,,,FR_JAN_2012.pdf,Sector-Wise analysis of projects,49,105
FR_201201_106,,N16000103,106,"Construction of one Multipurpose Support Vessel - ONGC,Multi State",,,PETROLEUM,2012-01,2010-01,,723.64,,723.64,,,,2013-03,,2013-03,,,,0,0,,,,FR_JAN_2012.pdf,Sector-Wise analysis of projects,49,106
FR_201201_107,,N16000073,107,"DABHOL-BANGALORE PIPELINE PROJECT PHASE-I - GAIL,",,,PETROLEUM,2012-01,2009-06,,4543.43,4508.38,2300.0,,,1539.07,2012-03,2012-08,2012-08,,,,0,17,,,,FR_JAN_2012.pdf,Sector-Wise analysis of projects,49,107
FR_201201_108,,N16000089,108,"DE-BOTTLENECKING OF SMPL (Salaya-Mathura crude pip - IOCL,Maharashtra",,,PETROLEUM,2012-01,2009-12,,1584.0,,1584.0,,,7.11,,,,,,,0,0,,,,FR_JAN_2012.pdf,Sector-Wise analysis of projects,49,108
FR_201201_109,,N16000033,109,"DEVELOPMENT OF B-193 CLUSTER FIELDS - ONGC,Maharashtra",,,PETROLEUM,2012-01,2007-06,,3248.78,5633.44,5633.44,,,2393.39,2010-08,2012-03,2013-12,,,,0,0,,,,FR_JAN_2012.pdf,Sector-Wise analysis of projects,49,109
FR_201201_110,,N16000032,110,"DEVELOPMENT OF B-22 CLUSTER FIELDS - ONGC,Maharashtra",,,PETROLEUM,2012-01,2007-01,,2323.4,2920.82,2920.82,,,1173.84,2010-09,2012-03,2013-04,,,,0,0,,,,FR_JAN_2012.pdf,Sector-Wise analysis of projects,49,110
FR_201201_111,,N16000046,111,"DEVELOPMENT OF B-46 CLUSTER FIELD - ONGC,Maharashtra",,,PETROLEUM,2012-01,2007-06,,1436.21,1456.96,1436.21,,,465.5,2010-07,2012-05,2012-07,,,,0,0,,,,FR_JAN_2012.pdf,Sector-Wise analysis of projects,49,111
FR_201201_112,,N16000023,112,"DEVELOPMENT OF C-SERIES FIELDS - ONGC,Maharashtra",,,PETROLEUM,2012-01,2006-08,,3195.16,,2800.0,,,2520.91,2008-12,,2013-04,,,,0,0,,,,FR_JAN_2012.pdf,Sector-Wise analysis of projects,50,112
FR_201201_113,,N16000009,113,"DIESEL HYDRO TREATMENT PROJECT,BRPL DHALIGAON - BRPL,Assam",,,PETROLEUM,2012-01,2006-06,,1431.91,1646.39,1690.13,,,1596.8,2009-09,,2011-08,,,,0,0,,,,FR_JAN_2012.pdf,Sector-Wise analysis of projects,50,113
FR_201201_114,,N16000069,114,"DIESEL HYDROTREATOR PROJECT AT MUMBAI REFINERY - HPCL,Maharashtra",,,PETROLEUM,2012-01,2009-03,,3284.0,2174.0,2174.0,,,715.36,2011-09,2012-05,2012-05,,,,0,0,,,,FR_JAN_2012.pdf,Sector-Wise analysis of projects,50,114
FR_201201_115,,N16000068,115,"DIESEL HYDROTREATOR PROJECT AT VISAKH REFINERY - HPCL,Andhra Pradesh",,,PETROLEUM,2012-01,2009-03,,3597.0,2730.0,2730.0,,,934.05,2011-09,2012-03,2012-03,,,,0,0,,,,FR_JAN_2012.pdf,Sector-Wise analysis of projects,50,115
FR_201201_116,,N16000118,116,"Development of BHE and BH-35 Area. - ONGC,Multi State",,,PETROLEUM,2012-01,2010-08,,372.11,,372.11,,,,2013-03,,2013-03,,,,0,0,,,,FR_JAN_2012.pdf,Sector-Wise analysis of projects,50,116
FR_201201_117,,N16000104,117,"Development of Cluster-7 Fields - ONGC,Multi State",,,PETROLEUM,2012-01,2010-03,,3241.03,,3241.03,,,1.5,2013-03,,2013-03,,,,0,0,,,,FR_JAN_2012.pdf,Sector-Wise analysis of projects,50,117
FR_201201_118,,N16000116,118,"Development of SB-14 field - ONGC,Multi State",,,PETROLEUM,2012-01,2011-01,,410.44,,410.44,,,,2012-11,,2013-05,,,,0,0,,,,FR_JAN_2012.pdf,Sector-Wise analysis of projects,50,118
FR_201201_119,,N16000105,119,"Development of WO-16 Cluster Fields - ONGC,Multi State",,,PETROLEUM,2012-01,2010-06,,2523.0,,2523.0,,,,2014-01,,2014-01,,,,0,0,,,,FR_JAN_2012.pdf,Sector-Wise analysis of projects,50,119
FR_201201_120,,N16000109,120,"EURO-IV DHDT - CPCL,Tamil Nadu",,,PETROLEUM,2012-01,2008-09,,2615.69,,2615.69,,,1763.29,,,2011-12,,,,0,116,,,,FR_JAN_2012.pdf,Sector-Wise analysis of projects,50,120
FR_201201_121,,N16000107,121,"Fluidized catalytic cracking unit(FCCU) revamp - IOCL,Uttar Pradesh",FCCU,,PETROLEUM,2012-01,2010-07,,1000.0,,1000.0,,,59.5,2013-01,2013-01,2013-01,,,,14,18,,,,FR_JAN_2012.pdf,Sector-Wise analysis of projects,50,121
FR_201201_122,,N16000062,122,"HEERA RECONSTRUCTION - ONGC,Maharashtra",,,PETROLEUM,2012-01,2008-05,,706.7,,706.7,,,686.67,2010-04,,2012-03,,,,0,0,,,,FR_JAN_2012.pdf,Sector-Wise analysis of projects,50,122
FR_201201_123,,N16000081,123,"HYDROCRACKER REVAMP AND SETTING UP A NEW CCR AT MU - BPCL,Maharashtra",,,PETROLEUM,2012-01,2008-04,,825.0,1827.0,1827.0,,,370.68,2013-04,,2013-04,,,,0,167,,,,FR_JAN_2012.pdf,Sector-Wise analysis of projects,50,123
FR_201201_124,,160100231,124,"INTEGRATED DEV OF G1 and GS-15 (ONGCL) - ONGC,Multi State",ONGCL,,PETROLEUM,2012-01,2003-04,,429.82,2218.01,2218.01,,,1450.37,2006-04,2011-05,2012-05,,,,0,0,,,,FR_JAN_2012.pdf,Sector-Wise analysis of projects,50,124
FR_201201_125,,N16000090,125,"INTEGRATED OFFSHORE CRUDE OIL HANDLING FACILITIES - IOCL,Orissa",,,PETROLEUM,2012-01,2009-12,,1492.33,,1300.0,,,928.88,2012-06,2012-06,2012-06,,,,6,8,,,,FR_JAN_2012.pdf,Sector-Wise analysis of projects,50,125
FR_201201_126,,160100216,126,"IOR GELEKI (ONGCL) - ONGC,Assam",ONGCL,,PETROLEUM,2012-01,2001-09,,390.09,1674.11,1674.11,,,1413.9,2007-03,2017-03,2017-03,,,,6,6,,,,FR_JAN_2012.pdf,Sector-Wise analysis of projects,50,126
FR_201201_127,,160100215,127,"IOR LAKWA - LAKHMANI (ONGCL) - ONGC,Assam",ONGCL,,PETROLEUM,2012-01,2001-09,,345.1,663.69,663.69,,,595.83,2007-03,2014-03,2014-03,,,,3,3,,,,FR_JAN_2012.pdf,Sector-Wise analysis of projects,50,127
FR_201201_128,,160100217,128,"IOR, RUDRASAGAR (ONGCL) - ONGC,Assam",ONGCL,,PETROLEUM,2012-01,2001-09,,113.9,438.85,438.85,,,258.24,2006-03,2013-03,2013-03,,,,6,6,,,,FR_JAN_2012.pdf,Sector-Wise analysis of projects,50,128
FR_201201_129,,N16000102,129,"Integrated Sugar, Ethanol, Cogen Power Plant at Sugauli - HPCL,Bihar",,,PETROLEUM,2012-01,2009-06,,613.54,,727.88,,,671.52,2010-12,,2011-06,,,,0,0,,,,FR_JAN_2012.pdf,Sector-Wise analysis of projects,50,129
FR_201201_130,,N16000072,130,"JAGDISHPUR-HALDIA PIPELINE PROJECT PHASE-I - GAIL,Multi State",,,PETROLEUM,2012-01,2009-07,,7596.18,,7596.18,,,2.2,2013-01,,2015-07,,,,0,0,,,,FR_JAN_2012.pdf,Sector-Wise analysis of projects,50,130
FR_201201_131,,N16000051,131,"JHAJJAR HISSAR PIPE LINE PROJECT - GAIL,Haryana",,,PETROLEUM,2012-01,2007-11,,281.07,29.0,281.07,,,3.41,2010-10,,2014-12,,,,0,0,,,,FR_JAN_2012.pdf,Sector-Wise analysis of projects,50,131
FR_201201_132,,N16000070,132,"KARANPUR MORADABAD-KASHIPUR- RUDRAPUR PIPELINE PROJECT PHASE- - GAIL,Multi State",,,PETROLEUM,2012-01,2009-07,,238.68,252.37,204.0,,,155.45,2012-01,,2012-05,,,,3,8,,,,FR_JAN_2012.pdf,Sector-Wise analysis of projects,51,132
FR_201201_133,,N16000129,133,"KOCHI KOOTTANAD BANGLORE MANGLORE PIPELINE PH-II - GAIL,",,,PETROLEUM,2012-01,2009-06,,2915.0,,2915.0,,,551.11,2012-12,,2013-04,,,,0,21,,,,FR_JAN_2012.pdf,Sector-Wise analysis of projects,51,133
FR_201201_134,,N16000071,134,"KOCHI-KOOTANAD BANGALORE- MANGALORE PIPELINE PROJEC - GAIL,Multi State",,,PETROLEUM,2012-01,2009-06,,348.0,,261.0,,,186.75,2012-03,2012-08,2012-03,,,,1,4,,,,FR_JAN_2012.pdf,Sector-Wise analysis of projects,51,134
FR_201201_135,,N16000045,135,"MNW-NF BRIDGE PROJECT - ONGC,Maharashtra",,,PETROLEUM,2012-01,2008-05,,175.21,,162.12,,,149.79,2009-03,2012-02,2012-01,,,,0,0,,,,FR_JAN_2012.pdf,Sector-Wise analysis of projects,51,135
FR_201201_136,,N16000114,136,"MRPL Phase-III Expansion - Mangalore Refin,Karnataka",,,PETROLEUM,2012-01,2008-08,,12412.0,12160.26,12160.26,,,7726.62,2012-01,,2012-01,,,,0,0,,,,FR_JAN_2012.pdf,Sector-Wise analysis of projects,51,136
FR_201201_137,,N16000060,137,"MUMBAI HIGH NORTH DEVELOPMENT PHASE-II - ONGC,Maharashtra",,,PETROLEUM,2012-01,2009-01,,7133.39,,6855.93,,,3018.35,2012-09,,2013-09,,,,0,0,,,,FR_JAN_2012.pdf,Sector-Wise analysis of projects,51,137
FR_201201_138,,N16000039,138,"MUMBAI HIGH SOUTH REDEVELOPMENT PH-2 - ONGC,Maharashtra",,,PETROLEUM,2012-01,2007-10,,5713.03,8813.41,8813.41,,,6808.47,2010-05,2013-03,2013-03,,,,0,0,,,,FR_JAN_2012.pdf,Sector-Wise analysis of projects,51,138
FR_201201_139,,N16000121,139,"Mehesana Redevelopment - ONGC,Gujarat",,,PETROLEUM,2012-01,2010-11,,3823.0,,3823.0,,,,2015-04,,2015-04,,,,0,0,,,,FR_JAN_2012.pdf,Sector-Wise analysis of projects,51,139
FR_201201_140,,N16000063,140,"NEELAM RECONSTRUCTION - ONGC,Maharashtra",,,PETROLEUM,2012-01,2008-05,,305.08,,305.08,,,290.05,2011-04,,2012-03,,,,0,0,,,,FR_JAN_2012.pdf,Sector-Wise analysis of projects,51,140
FR_201201_141,,N16000096,141,"North Tapti Gas Field Development - ONGC,Multi State",,,PETROLEUM,2012-01,2008-07,,589.7,755.76,755.76,,,531.38,2011-03,2011-05,2012-10,,,,0,0,,,,FR_JAN_2012.pdf,Sector-Wise analysis of projects,51,141
FR_201201_142,,N16000031,142,"OFFSHORE GRID INTERCONNECTIVITY PROJECT IN MUMBAI HIGH - ONGC,Maharashtra",,,PETROLEUM,2012-01,2007-01,,740.02,,740.02,,,417.93,2010-03,2012-03,2013-03,,,,0,0,,,,FR_JAN_2012.pdf,Sector-Wise analysis of projects,51,142
FR_201201_143,,N16000058,143,"PARADIP REFINERY PROJECT - IOCL,Orissa",,,PETROLEUM,2012-01,2009-02,,29777.0,,30426.0,,,13027.63,2012-11,,2013-06,,,,57,100,,,,FR_JAN_2012.pdf,Sector-Wise analysis of projects,51,143
FR_201201_144,,N16000088,144,"PARADIP-RAIPUR-SAMBALPUR- RANCHI PIPELINE - IOCL,Multi State",,,PETROLEUM,2012-01,2009-08,,1793.0,,1400.0,,,544.09,2012-09,2012-09,2012-09,,,,0,11,,,,FR_JAN_2012.pdf,Sector-Wise analysis of projects,51,144
FR_201201_145,,N16000112,145,"PETROCHEMICAL COMPLEX-II AT VIJAYPUR AND PATA - GAIL,Multi State",,,PETROLEUM,2012-01,2010-08,,8140.0,,8140.0,,,452.61,2014-02,,2014-02,,,,0,0,,,,FR_JAN_2012.pdf,Sector-Wise analysis of projects,51,145
FR_201201_146,,N16000113,146,"Polypropylene unit - Mangalore Refin,Karnataka",,,PETROLEUM,2012-01,2009-05,,1803.78,,1803.78,,,512.67,2012-07,,2012-07,,,,0,0,,,,FR_JAN_2012.pdf,Sector-Wise analysis of projects,51,146
FR_201201_147,,N16000083,147,"REFRIGERATED LPG STORAGE AT JNPT - BPCL,Maharashtra",,,PETROLEUM,2012-01,2008-06,,304.4,,304.4,,,261.76,2010-09,,2011-09,,,,10,60,,,,FR_JAN_2012.pdf,Sector-Wise analysis of projects,51,147
FR_201201_148,,N16000057,148,"RESITEMENT OF MARKETING INSTALATION AT VISAKHAPATT - HPCL,Andhra Pradesh",,,PETROLEUM,2012-01,2009-01,,756.0,898.0,898.0,,,804.61,2011-09,2012-03,2012-03,,,,0,0,,,,FR_JAN_2012.pdf,Sector-Wise analysis of projects,51,148
FR_201201_149,,N16000044,149,"REVAMPING OF WIN PLATFORM AT MH ASSET - ONGC,Maharashtra",,,PETROLEUM,2012-01,2008-05,,333.4,837.54,656.51,,,246.28,2010-05,2012-04,2012-05,,,,0,0,,,,FR_JAN_2012.pdf,Sector-Wise analysis of projects,51,149
FR_201201_150,,N16000098,150,"Up-gradation of Konaban GGS and Pipeline Grid Project - ONGC,Tripura",,,PETROLEUM,2012-01,2008-07,,288.04,288.04,288.04,,,145.16,2012-08,,2012-08,,,,0,0,,,,FR_JAN_2012.pdf,Sector-Wise analysis of projects,51,150
FR_201201_151,,N16000093,151,"VKPL UPGRADATION AND LAYING OF SPURLINE (TO BHILWARA AND CHI - GAIL,",,,PETROLEUM,2012-01,2009-12,,463.32,,330.47,,,185.36,2012-03,,2012-03,,,,0,20,,,,FR_JAN_2012.pdf,Sector-Wise analysis of projects,52,151
FR_201201_152,,N16000126,152,"WIND ENERGY - GAIL,",,,PETROLEUM,2012-01,2011-05,,616.0,,616.0,,,84.75,,,2012-03,,,,0,0,,,,FR_JAN_2012.pdf,Sector-Wise analysis of projects,52,152
FR_201201_153,,N16000101,153,"Wax Project - NRL,Assam Total",,,PETROLEUM,2012-01,2010-06,,576.6,149804.77,576.6,,,20.54,2013-12,2013-12,2013-12,,,,0,0,,,,FR_JAN_2012.pdf,Sector-Wise analysis of projects,52,153
FR_201201_154,,N18000069,154,"765 KV POOLING STATION AND NETWORK WITH DVC AND MA - PGCIL,Multi State",,,POWER,2012-01,2008-08,,7075.33,,7075.33,,,4495.3,2012-08,,2012-08,,,,0,0,,,,FR_JAN_2012.pdf,Sector-Wise analysis of projects,52,154
FR_201201_155,,N18000068,155,"765 KV SYSTEM FOR CENTRAL PART OF NORTHERN GRID PA - PGCIL,Multi State",,,POWER,2012-01,2009-02,,1347.32,,1347.32,,,950.9,2012-02,,2012-06,,,,0,0,,,,FR_JAN_2012.pdf,Sector-Wise analysis of projects,52,155
FR_201201_156,,N18000079,156,"765KV SYSTEM FOR CENTRAL PART OF NORTHERN GRID PAR - PGCIL,Multi State",,,POWER,2012-01,2009-11,,1075.12,,1075.12,,,406.3,2012-05,,2012-05,,,,0,0,,,,FR_JAN_2012.pdf,Sector-Wise analysis of projects,52,156
FR_201201_157,,N18000078,157,"765KV SYSTEM FOR CENTRAL PART OF NORTHERN REGION G - PGCIL,Multi State",,,POWER,2012-01,2009-07,,1736.36,,1736.36,,,642.0,2012-06,,2012-06,,,,0,0,,,,FR_JAN_2012.pdf,Sector-Wise analysis of projects,52,157
FR_201201_158,,N18000047,158,"BARH STPP STAGE -II - NTPC,Bihar",,,POWER,2012-01,2008-02,,7341.04,,7341.04,,,3433.0,2013-08,,2014-01,,,,5,18,,,,FR_JAN_2012.pdf,Sector-Wise analysis of projects,52,158
FR_201201_159,,180100242,159,"BARH STPP STAGE I (3X660MW) NTPC - NTPC,Bihar",3X660MW,,POWER,2012-01,2003-12,,8692.97,,8693.0,,,6431.0,2009-12,,2014-12,,,,45,46,,,,FR_JAN_2012.pdf,Sector-Wise analysis of projects,52,159
FR_201201_160,,N18000041,160,"BONGAIGAON THERMAL POWER PROJECT - NTPC,Assam",,,POWER,2012-01,2008-01,,4375.35,,4375.35,,,2735.0,2011-06,,2014-04,,,,1,29,,,,FR_JAN_2012.pdf,Sector-Wise analysis of projects,52,160
FR_201201_161,,180100241,161,"CHAMERA,STAGE-III (NHPC) - NHPC,Himachal Pr.",NHPC,,POWER,2012-01,2005-08,,1405.63,,2084.0,,,1724.3,2010-08,2012-04,2012-03,,,,0,2,,,,FR_JAN_2012.pdf,Sector-Wise analysis of projects,52,161
FR_201201_162,,N18000007,162,"CHUTAK HYDRO-ELECTRIC PROJECT (NHPC) - NHPC,J and K",NHPC,,POWER,2012-01,2006-08,,621.26,,913.25,,,718.76,2011-02,2012-10,2012-05,,,,1,4,,,,FR_JAN_2012.pdf,Sector-Wise analysis of projects,52,162
FR_201201_163,,N18000111,163,"COMMON SYSTEM ASSOCIATED WITH ISGS PROJECTS IN KRISHNAPATTNA - PGCIL,Andhra Pradesh",,,POWER,2012-01,2011-08,,1637.34,,1637.34,,,,2014-08,,2014-08,,,,0,0,,,,FR_JAN_2012.pdf,Sector-Wise analysis of projects,52,163
FR_201201_164,,N18000103,164,"Common System Associated with Coastal Energen Priv - PGCIL,Tamil Nadu",,,POWER,2012-01,2011-09,,1940.13,,1940.13,,,,2014-09,,2014-09,,,,0,0,,,,FR_JAN_2012.pdf,Sector-Wise analysis of projects,52,164
FR_201201_165,,N18000004,165,"EASTERN REGION STRENGTHENING SCHEME-I - PGCIL,Multi State",,,POWER,2012-01,2006-10,,975.96,,975.66,,,726.7,2009-10,,2012-03,,,,20,20,,,,FR_JAN_2012.pdf,Sector-Wise analysis of projects,52,165
FR_201201_166,,N18000033,166,"EASTERN REGION STRENGTHENING SCHEME-II - PGCIL,Multi State",,,POWER,2012-01,2007-12,,227.52,,227.52,,,139.8,2010-06,2010-06,2012-01,,,,0,0,,,,FR_JAN_2012.pdf,Sector-Wise analysis of projects,52,166
FR_201201_167,,N18000100,167,"EASTERN REGION TRANSMISSION SYSTEM-III - PGCIL,Multi State",,,POWER,2012-01,2010-07,,1272.8,31.0,1272.8,,,142.0,2012-11,,2012-11,,,,0,0,,,,FR_JAN_2012.pdf,Sector-Wise analysis of projects,52,167
FR_201201_168,,N18000101,168,"ESTABLISHMENT OF POOLING STATIONS AT CHAMPA - PGCIL,Chhatisgarh",,,POWER,2012-01,2011-05,,1961.87,,1961.87,,,31.0,2014-05,,2014-05,,,,0,0,,,,FR_JAN_2012.pdf,Sector-Wise analysis of projects,53,168
FR_201201_169,,N18000092,169,"Establishment of pooling stations at Rajgarh - PGCIL,Chhatisgarh",,,POWER,2012-01,2010-12,,1719.52,,1719.52,,,214.6,2013-08,,2013-08,,,,0,0,,,,FR_JAN_2012.pdf,Sector-Wise analysis of projects,53,169
FR_201201_170,,N18000082,170,"IMMEDIATE EVACUATION SYSTEM FOR NABINAGAR TPS - PGCIL,Bihar",,,POWER,2012-01,2010-02,,215.86,,215.86,,,137.3,2012-06,,2012-03,,,,0,0,,,,FR_JAN_2012.pdf,Sector-Wise analysis of projects,53,170
FR_201201_171,,N18000110,171,"INTEGRATION OF POOLING STATION IN CHATTISGARH WITH CENTRAL P - PGCIL,Multi State",,,POWER,2012-01,2011-08,,1391.97,,1391.97,,,,2013-12,,2013-11,,,,0,0,,,,FR_JAN_2012.pdf,Sector-Wise analysis of projects,53,171
FR_201201_172,,N18000107,172,"INTEGRATION OF POOLING STATION IN CHATTISGARH WITH CENTRAL P - PGCIL,Chhatisgarh",,,POWER,2012-01,2011-08,,1391.97,,1391.97,,,,2013-12,,2013-12,,,,0,0,,,,FR_JAN_2012.pdf,Sector-Wise analysis of projects,53,172
FR_201201_173,,N18000089,173,"INTERCONNECTION BETWEEN ELECTTRICAL GRIDS OF INDIA AND B - PGCIL,Multi State",,,POWER,2012-01,2010-10,,160.32,,160.32,,,16.9,2012-10,,2012-10,,,,0,0,,,,FR_JAN_2012.pdf,Sector-Wise analysis of projects,53,173
FR_201201_174,,180100246,174,"KAIGA 3&4 TRANSMISSION SYSTEM (PGCIL) - PGCIL,Karnataka",PGCIL,,POWER,2012-01,2005-03,,596.45,1007.16,1007.16,,,822.5,2007-12,2009-12,,,,,0,18,,,,FR_JAN_2012.pdf,Sector-Wise analysis of projects,53,174
FR_201201_175,,180100239,175,"KAMENG HYDROELECTRIC PROJECT (NEEPCO) - NEEPCO,Arunachal Pr.",NEEPCO,,POWER,2012-01,2004-12,,2496.9,,2496.9,,,1715.85,2013-05,2016-06,2016-06,,,,2,22,,,,FR_JAN_2012.pdf,Sector-Wise analysis of projects,53,175
FR_201201_176,,N18000031,176,"KISHANGANGA HEP - NHPC,J and K",,,POWER,2012-01,2007-07,,2238.67,3642.04,3642.0,,,1131.52,2016-01,2016-01,2016-11,,,,0,2,,,,FR_JAN_2012.pdf,Sector-Wise analysis of projects,53,176
FR_201201_177,,180100211,177,"KOLDAM HEP (NTPC) - NTPC,Himachal Pr.",NTPC,,POWER,2012-01,2002-10,,4527.15,,4527.15,,,4087.0,2009-04,,2013-03,,,,0,9,,,,FR_JAN_2012.pdf,Sector-Wise analysis of projects,53,177
FR_201201_178,,180100184,178,"KOTESHWAR HEP(THDC) - THDCL,Uttaranchal",THDC,,POWER,2012-01,2000-04,,1301.56,,2283.69,,,2574.64,2005-04,,2012-03,,,,10,11,,,,FR_JAN_2012.pdf,Sector-Wise analysis of projects,53,178
FR_201201_179,,180100258,179,"KUDANKULAM-APP TRANS. SYSTEM (PGCIL) - PGCIL,Tamil Nadu",PGCIL,,POWER,2012-01,2005-05,,1779.29,,1779.29,,,1775.08,2008-09,,2012-06,,,,3,38,,,,FR_JAN_2012.pdf,Sector-Wise analysis of projects,53,179
FR_201201_180,,N18000005,180,"LOHARINAG-PAL HEP(4X150MW) - NTPC,Uttaranchal",4X150MW,,POWER,2012-01,2006-06,,2895.1,,2895.1,,,685.0,2011-11,,2012-12,,,,6,34,,,,FR_JAN_2012.pdf,Sector-Wise analysis of projects,53,180
FR_201201_181,,N18000084,181,"MAUDA TRANSMISSION SYSTEM - PGCIL,Maharashtra",,,POWER,2012-01,2010-02,,469.38,,469.38,,,203.1,2012-10,,2012-10,,,,0,0,,,,FR_JAN_2012.pdf,Sector-Wise analysis of projects,53,181
FR_201201_182,,N18000048,182,"MOUDA STPP (NTPC) - NTPC,Maharashtra",NTPC,,POWER,2012-01,2008-11,,5459.28,,6010.89,,,3424.0,2012-08,,2013-03,,,,6,16,,,,FR_JAN_2012.pdf,Sector-Wise analysis of projects,53,182
FR_201201_183,,N18000006,183,"NIMOO BAZGO HYDROELECTRIC PROJECT - NHPC,J and K",,,POWER,2012-01,2006-08,,611.01,,936.0,,,704.32,2010-08,2013-01,2013-01,,,,0,3,,,,FR_JAN_2012.pdf,Sector-Wise analysis of projects,53,183
FR_201201_184,,N18000066,184,"NORTH- EAST NORTH WESTERN INTERCONNECTOR I PROJECT - PGCIL,Multi State",,,POWER,2012-01,2009-02,,11130.19,,11130.19,,,3596.2,2013-08,,2014-09,,,,0,0,,,,FR_JAN_2012.pdf,Sector-Wise analysis of projects,53,184
FR_201201_185,,N18000054,185,"NORTHERN REGION SYSTEM STRENGHTENING SCHEME-XIII - PGCIL,Multi State",,,POWER,2012-01,2009-02,,317.69,,317.69,,,122.4,2011-11,2011-11,2012-06,,,,0,0,,,,FR_JAN_2012.pdf,Sector-Wise analysis of projects,53,185
FR_201201_186,,N18000056,186,"NORTHERN REGION SYSTEM STRENGHTENING SCHEME-XIX - PGCIL,Multi State",,,POWER,2012-01,2009-02,,410.29,32.0,410.29,,,145.3,2012-02,,2012-12,,,,0,0,,,,FR_JAN_2012.pdf,Sector-Wise analysis of projects,53,186
FR_201201_187,,N18000052,187,"NORTHERN REGION SYSTEM STRENGHTENING SCHEME-XV - PGCIL,Multi State",,,POWER,2012-01,2009-02,,520.48,,520.48,,,256.3,2011-11,,2012-12,,,,0,0,,,,FR_JAN_2012.pdf,Sector-Wise analysis of projects,54,187
FR_201201_188,,N18000058,188,"NORTHERN REGION SYSTEM STRENGHTENING SCHEME-XVII - PGCIL,Rajasthan",,,POWER,2012-01,2009-02,,210.79,,210.79,,,167.1,2011-08,,2012-01,,,,0,0,,,,FR_JAN_2012.pdf,Sector-Wise analysis of projects,54,188
FR_201201_189,,N18000053,189,"NORTHERN REGION SYSTEM STRENGHTENING SCHEME-XVIII - PGCIL,Multi State",,,POWER,2012-01,2009-02,,509.66,,509.66,,,306.3,2011-11,,2012-12,,,,0,0,,,,FR_JAN_2012.pdf,Sector-Wise analysis of projects,54,189
FR_201201_190,,N18000088,190,"NORTHERN REGION SYSTEM STRENGHTENING SCHEME-XX - PGCIL,Multi State",,,POWER,2012-01,2010-10,,182.68,,182.68,,,26.8,2013-01,,2013-01,,,,0,0,,,,FR_JAN_2012.pdf,Sector-Wise analysis of projects,54,190
FR_201201_191,,N18000094,191,"NORTHERN REGION SYSTEM STRENGTHENING SCHEME XVI - PGCIL,Multi State",,,POWER,2012-01,2010-07,,752.64,,752.64,,,105.9,2013-07,,2013-07,,,,0,0,,,,FR_JAN_2012.pdf,Sector-Wise analysis of projects,54,191
FR_201201_192,,N18000095,192,"NORTHERN REGION SYSTEM STRENGTHENING SCHEME- XXI - PGCIL,Multi State",,,POWER,2012-01,2010-08,,1677.57,,1677.57,,,212.4,2013-04,,2013-04,,,,0,0,,,,FR_JAN_2012.pdf,Sector-Wise analysis of projects,54,192
FR_201201_193,,N18000091,193,"NORTHERN REGION SYSTEM STRENGTHENING SCHEME-XXII - PGCIL,Multi State",,,POWER,2012-01,2010-12,,209.78,,209.78,,,24.7,2013-08,,2013-08,,,,0,0,,,,FR_JAN_2012.pdf,Sector-Wise analysis of projects,54,193
FR_201201_194,,N18000083,194,"NORTHERN REGION TRANSMISSION STRENGTHENING SCHEME - PGCIL,Multi State",,,POWER,2012-01,2010-03,,965.58,,965.58,,,306.5,2012-11,,2012-11,,,,0,0,,,,FR_JAN_2012.pdf,Sector-Wise analysis of projects,54,194
FR_201201_195,,180100250,195,"PARBATI H.E.P. STAGE -III (NHPC) - NHPC,Himachal Pr.",NHPC,,POWER,2012-01,2005-10,,2304.56,,2716.0,,,1666.39,2010-10,2013-01,2013-01,,,,0,1,,,,FR_JAN_2012.pdf,Sector-Wise analysis of projects,54,195
FR_201201_196,,180100210,196,"PARBATI HEP (NHPC) II - NHPC,Himachal Pr.",NHPC,,POWER,2012-01,2002-09,,3919.59,,5524.0,,,3461.64,2009-09,2014-07,2014-12,,,,1,20,,,,FR_JAN_2012.pdf,Sector-Wise analysis of projects,54,196
FR_201201_197,,N18000045,197,"PARE HYDRO ELECTRIC PROJECT(110 MW) - NEEPCO,Arunachal Pr.",110 MW,,POWER,2012-01,2008-12,,573.99,,573.99,,,280.37,2012-08,2013-08,2013-08,,,,8,18,,,,FR_JAN_2012.pdf,Sector-Wise analysis of projects,54,197
FR_201201_198,,N18000024,198,"RAMPUR HEP(412 MW) - SJVNL,Himachal Pr.",412 MW,,POWER,2012-01,2007-01,,2047.03,,2047.03,,,1493.95,2012-01,,2013-09,,,,0,0,,,,FR_JAN_2012.pdf,Sector-Wise analysis of projects,54,198
FR_201201_199,,N18000073,199,"RIHAND STTP STAGE-III (2X500MW) (NTPC) - NTPC,Uttar Pradesh",NTPC,,POWER,2012-01,2009-01,,6230.81,,6230.81,,,2529.0,2012-10,,2013-03,,,,6,16,,,,FR_JAN_2012.pdf,Sector-Wise analysis of projects,54,199
FR_201201_200,,N18000032,200,"SIMHADRI STPP STAGE -II - NTPC,Andhra Pradesh",,,POWER,2012-01,2007-08,,5103.39,,5038.83,,,4354.0,2011-05,,2012-03,,,,4,6,,,,FR_JAN_2012.pdf,Sector-Wise analysis of projects,54,200
FR_201201_201,,180100229,201,"SIPAT STPP STAGE - I (NTPC) - NTPC,Chhatisgarh",NTPC,,POWER,2012-01,2003-12,,8323.39,,8323.39,,,7616.0,2009-12,,2012-03,,,,50,60,,,,FR_JAN_2012.pdf,Sector-Wise analysis of projects,54,201
FR_201201_202,,180100221,202,"SUBANSIRI LOWER H.E.P (NHPC) - NHPC,Arunachal Pr.",NHPC,,POWER,2012-01,2003-09,,6285.33,,10667.0,,,5312.61,2010-09,2014-08,2015-12,,,,11,11,,,,FR_JAN_2012.pdf,Sector-Wise analysis of projects,54,202
FR_201201_203,,N18000097,203,"SUPPLEMENTARY TRANSMISSION ASSOCIATED WITH VAALLUR - PGCIL,Multi State",,,POWER,2012-01,2010-08,,170.36,,170.36,,,13.1,2013-04,,2013-04,,,,0,0,,,,FR_JAN_2012.pdf,Sector-Wise analysis of projects,54,203
FR_201201_204,,N18000065,204,"SUPPLEMENTRY TRANSMISSION ASSOCIATED WITH DVC AND - PGCIL,Multi State",,,POWER,2012-01,2008-08,,2360.95,,2360.95,,,1790.1,2012-08,,2012-08,,,,0,0,,,,FR_JAN_2012.pdf,Sector-Wise analysis of projects,54,204
FR_201201_205,,N18000067,205,"SYSTEM STRENGHTENING -XI IN SOUTHERN REGION - PGCIL,Multi State",,,POWER,2012-01,2009-03,,196.1,33.0,196.1,,,114.1,2011-07,,2012-03,,,,0,0,,,,FR_JAN_2012.pdf,Sector-Wise analysis of projects,54,205
FR_201201_206,,N18000116,206,"SYSTEM STRENGTHENING IN NORTH/WEST PART OF WR FOR IPP PROJEC - PGCIL,Chhatisgarh",,,POWER,2012-01,2011-12,,1746.65,,1746.65,,,,2014-08,,2014-08,,,,0,0,,,,FR_JAN_2012.pdf,Sector-Wise analysis of projects,55,206
FR_201201_207,,N18000117,207,"SYSTEM STRENTHENING IN RAIPUR- WARDHA CORRIDOR FOR IPP PROJEC - PGCIL,Chhatisgarh",,,POWER,2012-01,2012-01,,1422.85,,1422.85,,,,2015-01,,2015-01,,,,0,0,,,,FR_JAN_2012.pdf,Sector-Wise analysis of projects,55,207
FR_201201_208,,N18000115,208,"SYTEM STRENGTHENING OF SOUTHERN REGION - XIV - PGCIL,Multi State",,,POWER,2012-01,2011-12,,297.33,,297.33,,,,2014-08,,,,,,0,0,,,,FR_JAN_2012.pdf,Sector-Wise analysis of projects,55,208
FR_201201_209,,N18000109,209,"SYTEM STRENGTHENING XIII OF SR GRID - PGCIL,Multi State",,,POWER,2012-01,2011-10,,487.49,,487.49,,,,2014-06,,2014-06,,,,0,0,,,,FR_JAN_2012.pdf,Sector-Wise analysis of projects,55,209
FR_201201_210,,N18000086,210,"System Strengthening -X of SR - PGCIL,Multi State",,,POWER,2012-01,2009-12,,276.61,,276.61,,,129.5,2012-04,,2012-04,,,,0,0,,,,FR_JAN_2012.pdf,Sector-Wise analysis of projects,55,210
FR_201201_211,,N18000085,211,"System Strengthening -XII of SR - PGCIL,Multi State",,,POWER,2012-01,2010-02,,232.34,,232.34,,,46.08,2012-06,,2012-06,,,,0,0,,,,FR_JAN_2012.pdf,Sector-Wise analysis of projects,55,211
FR_201201_212,,N18000081,212,"System Strengthening in NR for SASAN & MUNDRA (UMPP) - PGCIL,Multi State",UMPP,,POWER,2012-01,2009-12,,1216.83,,1216.83,,,583.3,2012-08,,2012-08,,,,0,0,,,,FR_JAN_2012.pdf,Sector-Wise analysis of projects,55,212
FR_201201_213,,N18000014,213,"TAPOVAN-VISHNUGAD HEP (4x130MW) (NTPC) - NTPC,Uttaranchal",NTPC,,POWER,2012-01,2006-11,,2978.48,,2978.48,,,1307.0,2013-03,,2014-06,,,,2,13,,,,FR_JAN_2012.pdf,Sector-Wise analysis of projects,55,213
FR_201201_214,,180100243,214,"TEESTA LOW DAM HEP, STAGE-IV (NHPC) - NHPC,West Bengal",NHPC,,POWER,2012-01,2005-09,,1061.38,,1501.75,,,1072.97,2009-09,2013-06,2013-06,,,,0,0,,,,FR_JAN_2012.pdf,Sector-Wise analysis of projects,55,214
FR_201201_215,,180100222,215,"TEESTA LOW DAM STAGE III HYDROELECTRIC POWER PROJE - NHPC,West Bengal",,,POWER,2012-01,2003-10,,768.92,,1628.39,,,1419.95,2007-03,2012-09,2012-09,,,,25,25,,,,FR_JAN_2012.pdf,Sector-Wise analysis of projects,55,215
FR_201201_216,,N18000010,216,"TEHRI PUMPED STORAGE PLANT(1000MW) - THDCL,Uttar Pradesh",1000MW,,POWER,2012-01,2006-07,,1657.0,2978.86,2978.86,,,285.17,2010-07,2016-02,2016-02,,,,0,10,,,,FR_JAN_2012.pdf,Sector-Wise analysis of projects,55,216
FR_201201_217,,N18000118,217,"TR SYSTEM FOR ESTABLISHMENT OF 400/220 KV GIS SUBSTATION AT - PGCIL,Gujarat",,,POWER,2012-01,2012-01,,259.28,,259.28,,,,2013-01,,2013-01,,,,0,0,,,,FR_JAN_2012.pdf,Sector-Wise analysis of projects,55,217
FR_201201_218,,N18000108,218,"TR SYSTEM FOR ESTABLISHMENT OF 400/220 KV GIS SUBSTATION AT - PGCIL,Madhya pradesh",,,POWER,2012-01,2011-07,,181.93,,181.93,,,,2013-07,,2013-07,,,,0,0,,,,FR_JAN_2012.pdf,Sector-Wise analysis of projects,55,218
FR_201201_219,,N18000113,219,"TR SYSTEM FOR PHASE-I GENERATION PROJECTS IN JHARKHAND AND W - PGCIL,Multi State",,,POWER,2012-01,2011-12,,2422.66,,2422.66,,,,2014-08,,2014-08,,,,0,0,,,,FR_JAN_2012.pdf,Sector-Wise analysis of projects,55,219
FR_201201_220,,N18000064,220,"TR. SYSTEM ASSOCIATED WITH CHAMERA III HEP - PGCIL,Multi State",,,POWER,2012-01,2008-04,,297.37,297.91,297.91,,,307.83,2011-07,,2012-06,,,,0,0,,,,FR_JAN_2012.pdf,Sector-Wise analysis of projects,55,220
FR_201201_221,,N18000061,221,"TR. SYSTEM ASSOCIATED WITH MUNDRA ULTRA MEGA POWER PROJECT - PGCIL,Multi State",,,POWER,2012-01,2008-10,,4824.12,,4824.12,,,2371.7,2012-10,,2012-10,,,,0,0,,,,FR_JAN_2012.pdf,Sector-Wise analysis of projects,55,221
FR_201201_222,,N18000062,222,"TR. SYSTEM ASSOCIATED WITH TUTICORIN JV TPS - PGCIL,Multi State",,,POWER,2012-01,2009-02,,353.57,34.0,353.57,,,219.0,2010-07,2012-02,2012-01,,,,0,0,,,,FR_JAN_2012.pdf,Sector-Wise analysis of projects,55,222
FR_201201_223,,N18000077,223,"TRANS SYSTEM FOR DEVELOPMENT OF POOLING STN IN NR - PGCIL,West Bengal",,,POWER,2012-01,2010-04,,4404.57,,4404.57,,,,2015-01,,2015-01,,,,0,0,,,,FR_JAN_2012.pdf,Sector-Wise analysis of projects,56,223
FR_201201_224,,N18000096,224,"TRANS SYSTEM FOR PHASE-I GEN PROJECT IN ORISSA-C - PGCIL,Multi State",,,POWER,2012-01,2011-03,,2569.25,,2569.25,,,154.3,2014-03,,2014-03,,,,0,0,,,,FR_JAN_2012.pdf,Sector-Wise analysis of projects,56,224
FR_201201_225,,180100260,225,"TRANSMISSION SY. ASSOCIATED WITH BARH GENER. PROJECT(P.GR.) - PGCIL,Bihar",P.GR.,,POWER,2012-01,2005-12,,3779.46,4282.59,4282.59,,,3648.0,2009-09,,2012-06,,,,11,30,,,,FR_JAN_2012.pdf,Sector-Wise analysis of projects,56,225
FR_201201_226,,N18000090,226,"TRANSMISSION SYSTEM ASSOCIATED WITH KRISHNAPATNAM - PGCIL,Andhra Pradesh",,,POWER,2012-01,2010-12,,779.21,,779.21,,,192.4,2013-08,,2013-08,,,,0,0,,,,FR_JAN_2012.pdf,Sector-Wise analysis of projects,56,226
FR_201201_227,,N18000018,227,"TRANSMISSION SYSTEM ASSOCIATED WITH PARBATI-III HEP - PGCIL,Himachal Pr.",,,POWER,2012-01,2006-07,,557.24,,557.24,,,518.5,2010-01,,2012-06,,,,0,22,,,,FR_JAN_2012.pdf,Sector-Wise analysis of projects,56,227
FR_201201_228,,N18000063,228,"TRANSMISSION SYSTEM ASSOCIATED WITH RAMPUR HEP - PGCIL,Multi State",,,POWER,2012-01,2009-02,,184.19,,184.19,,,139.7,2011-11,,2013-09,,,,0,0,,,,FR_JAN_2012.pdf,Sector-Wise analysis of projects,56,228
FR_201201_229,,N18000046,229,"TRANSMISSION SYSTEM ASSOCIATED WITH SASAN ULTRA ME - PGCIL,Multi State",,,POWER,2012-01,2008-12,,7031.88,,7031.88,,,2953.7,2012-12,,2012-12,,,,0,0,,,,FR_JAN_2012.pdf,Sector-Wise analysis of projects,56,229
FR_201201_230,,N18000114,230,"TRANSMISSION SYSTEM FOR CONNECTIVITY OF ESSAR POWER GUJARAT - PGCIL,Gujarat",,,POWER,2012-01,2011-12,,552.44,,552.44,,,,2014-02,,2014-02,,,,0,0,,,,FR_JAN_2012.pdf,Sector-Wise analysis of projects,56,230
FR_201201_231,,N18000106,231,"TRANSMISSION SYSTEM FOR CONNECTIVITY OF MB POWER LIMITED - PGCIL,Madhya pradesh",,,POWER,2012-01,2011-08,,425.51,,425.51,,,,2013-10,,2013-10,,,,0,0,,,,FR_JAN_2012.pdf,Sector-Wise analysis of projects,56,231
FR_201201_232,,N18000102,232,"TRANSMISSION SYSTEM FOR ESTABLISHMENT OF 400/220 K - PGCIL,Maharashtra",,,POWER,2012-01,2011-07,,181.93,,181.93,,,,2013-07,,2013-07,,,,0,0,,,,FR_JAN_2012.pdf,Sector-Wise analysis of projects,56,232
FR_201201_233,,N18000105,233,"TRANSMISSION SYSTEM FOR IPP GENERATION PROJECTS IN MP AND CH - PGCIL,Multi State",,,POWER,2012-01,2011-09,,1366.34,,1366.34,,,,2013-12,,2013-12,,,,0,0,,,,FR_JAN_2012.pdf,Sector-Wise analysis of projects,56,233
FR_201201_234,,N18000104,234,"TRANSMISSION SYSTEM FOR PHASE-1 GENERATION PROJECTS IN JHARK - PGCIL,Jharkhandd",,,POWER,2012-01,2011-10,,558.26,,558.26,,,,2013-11,,2013-11,,,,0,0,,,,FR_JAN_2012.pdf,Sector-Wise analysis of projects,56,234
FR_201201_235,,N18000087,235,"TRANSMISSION SYSTEM FOR PHASE-I GEN PROJECT IN ORI - PGCIL,Orissa",,,POWER,2012-01,2010-09,,2074.86,,2074.86,,,290.3,2013-03,,2013-03,,,,0,0,,,,FR_JAN_2012.pdf,Sector-Wise analysis of projects,56,235
FR_201201_236,,N18000093,236,"TRANSMISSION SYSTEM FOR PHASE-I GEN. PROJECT IN OR - PGCIL,Orissa",,,POWER,2012-01,2010-12,,2743.19,,2743.19,,,258.3,2013-12,,2013-12,,,,0,0,,,,FR_JAN_2012.pdf,Sector-Wise analysis of projects,56,236
FR_201201_237,,N18000076,237,"TRANSMISSION SYSTEM OF VINDHYACHAL-IV AND RIHAND-I - PGCIL,Multi State",,,POWER,2012-01,2010-03,,4672.99,,4672.99,,,635.4,2012-11,,2012-11,,,,0,0,,,,FR_JAN_2012.pdf,Sector-Wise analysis of projects,56,237
FR_201201_238,,N18000071,238,"TRIPURA GAS BASED POWER PROJECT - NEEPCO,",,,POWER,2012-01,2009-07,,421.01,623.44,623.44,,,95.88,2013-07,,2013-07,,,,0,30,,,,FR_JAN_2012.pdf,Sector-Wise analysis of projects,56,238
FR_201201_239,,N18000119,239,"TUIRIAL HYDRO ELECTRIC PROJECT (60MW) - NEEPCO,Mizoram",60MW,,POWER,2012-01,2011-01,,913.63,35.0,913.63,,,295.47,2014-01,,2014-01,,,,0,0,,,,FR_JAN_2012.pdf,Sector-Wise analysis of projects,56,239
FR_201201_240,,N18000080,240,"Trans. System associated with PALLATANA GBPP & BPT - PGCIL,Multi State",,,POWER,2012-01,2010-02,,2144.0,,2144.0,,,547.4,2012-12,,2013-06,,,,0,0,,,,FR_JAN_2012.pdf,Sector-Wise analysis of projects,57,240
FR_201201_241,,N18000099,241,"Transmission system for transfer of power from Gen-PART B - PGCIL,Multi State",,,POWER,2012-01,2011-03,,1585.12,,1585.12,,,117.2,2013-11,,2013-11,,,,0,0,,,,FR_JAN_2012.pdf,Sector-Wise analysis of projects,57,241
FR_201201_242,,N18000098,242,"Transmission system for transfer of power from Gen. - PGCIL,Multi State",,,POWER,2012-01,2010-05,,250.03,,250.03,,,34.5,2013-01,,2013-01,,,,0,0,,,,FR_JAN_2012.pdf,Sector-Wise analysis of projects,57,242
FR_201201_243,,180100251,243,"URI H.E.P STAGE -II (NHPC) - NHPC,J and K",NHPC,,POWER,2012-01,2005-08,,1729.29,,1794.0,,,1653.86,2009-11,2013-02,2012-06,,,,0,4,,,,FR_JAN_2012.pdf,Sector-Wise analysis of projects,57,243
FR_201201_244,,N18000072,244,"VINDHYACHAL STTP STAGE-IV (NTPC) - NTPC,Madhya pradesh",NTPC,,POWER,2012-01,2009-01,,5915.0,,5915.0,,,2741.0,2012-10,,2013-03,,,,4,15,,,,FR_JAN_2012.pdf,Sector-Wise analysis of projects,57,244
FR_201201_245,,N18000042,245,"VISHNUGAD PIPALKOTI HYDRO ELECTRIC PROJECT - THDCL,Uttaranchal",,,POWER,2012-01,2008-08,,2491.58,2491.58,3422.44,,,238.12,2014-07,,2016-09,,,,4,7,,,,FR_JAN_2012.pdf,Sector-Wise analysis of projects,57,245
FR_201201_246,,N18000049,246,"WESTERN REGION STRENGHTENING SCHEME-X - PGCIL,Multi State",,,POWER,2012-01,2009-02,,664.96,,664.96,,,348.9,2012-02,,2012-02,,,,0,0,,,,FR_JAN_2012.pdf,Sector-Wise analysis of projects,57,246
FR_201201_247,,N18000022,247,"WESTERN REGION STRENGTHENING SCHEME-II - PGCIL,Rajasthan",,,POWER,2012-01,2006-07,,5221.23,,5221.23,,,3034.3,2010-07,,2012-06,,,,20,20,,,,FR_JAN_2012.pdf,Sector-Wise analysis of projects,57,247
FR_201201_248,,N18000035,248,"WESTERN REGION STRENGTHENING SCHEME-V - PGCIL,Maharashtra",,,POWER,2012-01,2007-12,,477.69,,477.69,,,387.9,2010-09,,2013-03,,,,0,0,,,,FR_JAN_2012.pdf,Sector-Wise analysis of projects,57,248
FR_201201_249,,N18000051,249,"WESTERN REGION SYSTEM STRENGHTENING SCHEME-XI - PGCIL,Multi State Total",,,POWER,2012-01,2009-02,,409.5,197932.45,409.5,,,95.6,2012-02,2012-02,2012-03,,,,0,0,,,,FR_JAN_2012.pdf,Sector-Wise analysis of projects,57,249
FR_201201_250,,N22000099,250,"AGARTALA SABROOM, NL, NEFR - NEFR,Tripura",,,RAILWAYS,2012-01,2008-04,,813.34,,1141.75,,,294.54,2014-03,,2014-03,,,,0,0,,,,FR_JAN_2012.pdf,Sector-Wise analysis of projects,57,250
FR_201201_251,,220100243,251,"AGRA-ETAWAH VIA FATEHABAD AND BAH (NL) NCR - NCR,Uttar Pradesh",NL,,RAILWAYS,2012-01,1999-04,,108.0,214.09,227.42,,,250.82,2009-12,2011-03,,,,,0,0,,,,FR_JAN_2012.pdf,Sector-Wise analysis of projects,57,251
FR_201201_252,,220100181,252,"AHMEDNAGAR-PARLI VAIJNATH(NL) CR - CR,Maharashtra",NL,,RAILWAYS,2012-01,1997-02,,353.08,462.67,1010.0,,,113.98,,,,,,,0,0,,,,FR_JAN_2012.pdf,Sector-Wise analysis of projects,57,252
FR_201201_253,,N22000034,253,"ALIGARH-GAZIABAD 3RD LINE DOUBLING (RVNL) - RVNL,Uttar Pradesh",RVNL,,RAILWAYS,2012-01,2003-04,,230.73,399.73,399.5,,,317.98,2009-03,2008-12,2010-12,,,,0,0,,,,FR_JAN_2012.pdf,Sector-Wise analysis of projects,57,253
FR_201201_254,,N22000082,254,"ALUABARI ROAD SILIGURI JUNCTION VIA GALGALIA, NEFR - NEFR,Multi State",,,RAILWAYS,2012-01,2006-12,,170.0,,435.87,,,359.1,2011-03,,2011-03,,,,0,0,,,,FR_JAN_2012.pdf,Sector-Wise analysis of projects,57,254
FR_201201_255,,220100118,255,"AMRAVATI-NARKHER NL(CR) - CR,Maharashtra",CR,,RAILWAYS,2012-01,1994-06,,120.9,284.27,548.95,,,485.95,1999-06,2011-03,2011-03,,,,0,0,,,,FR_JAN_2012.pdf,Sector-Wise analysis of projects,57,255
FR_201201_256,,220100252,256,"ANGAMALI-SABARIMALA (N.L.)(SR) - SR,Kerala",SR,,RAILWAYS,2012-01,1998-10,,550.0,36.0,1214.0,,,73.75,,,,,,,0,0,,,,FR_JAN_2012.pdf,Sector-Wise analysis of projects,57,256
FR_201201_257,,N22000121,257,"Ahmedabad-Himmatnagar-Udaipur (WR) - WR,Gujarat",WR,,RAILWAYS,2012-01,2008-04,,394.13,,394.14,,,0.49,2013-03,,2013-03,,,,0,0,,,,FR_JAN_2012.pdf,Sector-Wise analysis of projects,58,257
FR_201201_258,,220100274,258,"BANGLORE - SATYAMANGALAM (NL)(SWR) - SWR,Karnataka",SWR,,RAILWAYS,2012-01,1999-02,,138.0,,901.62,,,0.29,,,,,,,0,0,,,,FR_JAN_2012.pdf,Sector-Wise analysis of projects,58,258
FR_201201_259,,220100277,259,"BANKURA - DAMODAR (GC) (SER) - SER,West Bengal",SER,,RAILWAYS,2012-01,1998-03,,111.9,789.1,1173.79,,,414.38,2005-03,2008-12,2016-03,,,,0,0,,,,FR_JAN_2012.pdf,Sector-Wise analysis of projects,58,259
FR_201201_260,,N22000091,260,"BARDHAMAN-KATWA, ER (GC) - ER,West Bengal",GC,,RAILWAYS,2012-01,2007-04,,245.15,,245.15,,,183.24,2010-12,2011-03,,,,,0,0,,,,FR_JAN_2012.pdf,Sector-Wise analysis of projects,58,260
FR_201201_261,,220100164,261,"BELAPUR-SEAWOOD-URAN ELECTRIF-IED DOUBLE LINE(MTP) - MRTP,Maharashtra",MTP,,RAILWAYS,2012-01,1996-03,,401.81,495.44,1412.17,,,172.18,2004-03,2010-12,,,,,0,0,,,,FR_JAN_2012.pdf,Sector-Wise analysis of projects,58,261
FR_201201_262,,N22000100,262,"BHAIRABI SAIRONG, NL, NEFR - NEFR,Mizoram",,,RAILWAYS,2012-01,2008-04,,619.34,,2393.49,,,3.8,2014-04,,2014-03,,,,0,0,,,,FR_JAN_2012.pdf,Sector-Wise analysis of projects,58,262
FR_201201_263,,N22000081,263,"BHARUCH-SAMNI-DAHEJ GAUGE CONVERSIN - RVNL,Gujarat",,,RAILWAYS,2012-01,2005-09,,200.8,,200.8,,,269.02,,,,,,,0,0,,,,FR_JAN_2012.pdf,Sector-Wise analysis of projects,58,263
FR_201201_264,,N22000077,264,"BHOPAL BINA 3D LINE DOUBLING - RVNL,Madhya pradesh",,,RAILWAYS,2012-01,2007-09,,687.2,,687.2,,,,2010-03,,2012-12,,,,0,0,,,,FR_JAN_2012.pdf,Sector-Wise analysis of projects,58,264
FR_201201_265,,220100321,265,"BILASPUR-URKURA (DL) - RVNL,Chhatisgarh",DL,,RAILWAYS,2012-01,1997-04,,151.52,,273.0,,,,2009-03,,2011-03,,,,0,0,,,,FR_JAN_2012.pdf,Sector-Wise analysis of projects,58,265
FR_201201_266,,N22000119,266,"Bandel-Naihati new rail bridge in replacement of j - ER,West Bengal",,,RAILWAYS,2012-01,1999-04,,207.52,,207.52,,,113.58,2012-12,,2012-12,,,,0,0,,,,FR_JAN_2012.pdf,Sector-Wise analysis of projects,58,266
FR_201201_267,,N22000125,267,"Bhavnagar-workshop facilities for 50 BG coaches PO - WR,Gujarat",,,RAILWAYS,2012-01,2006-04,,117.36,196.95,196.95,,,176.1,2011-03,,,,,,0,0,,,,FR_JAN_2012.pdf,Sector-Wise analysis of projects,58,267
FR_201201_268,,N22000123,268,"Bhuj-Naliya(GC) with extension from naliyate vayor - WR,Gujarat",GC,,RAILWAYS,2012-01,2008-04,,318.24,,468.62,,,5.99,2012-03,,2012-03,,,,0,0,,,,FR_JAN_2012.pdf,Sector-Wise analysis of projects,58,268
FR_201201_269,,220100151,269,"CALICUT-MANGALORE (DL) (SR) - SR,Multi State",SR,,RAILWAYS,2012-01,1996-02,,240.0,,579.37,,,597.49,,,2012-02,,,,0,0,,,,FR_JAN_2012.pdf,Sector-Wise analysis of projects,58,269
FR_201201_270,,220100241,270,"CHANDIGARH-LUDHIANA(NEW BG LINE),NR - (NR),Punjab",NR,,RAILWAYS,2012-01,1998-07,,248.44,576.27,1103.47,,,825.08,2012-12,,2012-12,,,,0,0,,,,FR_JAN_2012.pdf,Sector-Wise analysis of projects,58,270
FR_201201_271,,N22000053,271,"CHHAPRA-SETTING UP OF WHEEL MANUFACTURING PLANT - WS&PU,Bihar",,,RAILWAYS,2012-01,2005-03,,470.09,1417.97,1417.97,,,944.25,,,2012-03,,,,0,0,,,,FR_JAN_2012.pdf,Sector-Wise analysis of projects,58,271
FR_201201_272,,220100324,272,"CHHINDWARA - NAGPUR (GC)(SECR) - SECR,Madhya pradesh",SECR,,RAILWAYS,2012-01,2005-04,,383.79,,585.93,,,180.24,,,2013-12,,,,0,0,,,,FR_JAN_2012.pdf,Sector-Wise analysis of projects,58,272
FR_201201_273,,N22000083,273,"CONSTRUCTION OF NEW LINE FROM HARMATI-ITANAGAR/NAR - NEFR,Arunachal Pr.",,,RAILWAYS,2012-01,1996-09,,156.0,,415.73,,,222.85,,,2012-03,,,,0,0,,,,FR_JAN_2012.pdf,Sector-Wise analysis of projects,58,273
FR_201201_274,,220100233,274,"CONV.OF 1500V DC TRACTION TO 25 KV AC,WR - RE,Maharashtra",,,RAILWAYS,2012-01,1996-07,,273.67,1302.12,1302.12,,,608.97,2012-06,,,,,,0,0,,,,FR_JAN_2012.pdf,Sector-Wise analysis of projects,58,274
FR_201201_275,,220100149,275,"DALLI-RAJHARA - RAOGHAT(PART OF DALLI-RAJHARA-JAGD - RVNL,Chhatisgarh",,,RAILWAYS,2012-01,1995-04,,304.0,,968.6,,,92.66,2012-12,,,,,,0,0,,,,FR_JAN_2012.pdf,Sector-Wise analysis of projects,58,275
FR_201201_276,,220100184,276,"DAUSA-GANGAPUR CITY(NL),NWR - NWR,Rajasthan",NL,,RAILWAYS,2012-01,1997-02,,151.84,410.08,410.08,,,165.07,,,2013-03,,,,0,0,,,,FR_JAN_2012.pdf,Sector-Wise analysis of projects,58,276
FR_201201_277,,220100273,277,"DEOGHAR - SULTANGANJ (INL), ER - ER,Multi State",INL,,RAILWAYS,2012-01,2000-04,,138.0,519.67,607.09,,,357.47,2012-12,,,,,,0,0,,,,FR_JAN_2012.pdf,Sector-Wise analysis of projects,58,277
FR_201201_278,,N22000080,278,"DINDIGUL-POLLACHI-PALGHAT- POLLACHI AND COIMBATORE - SR,Tamil Nadu",,,RAILWAYS,2012-01,2006-09,,343.17,,900.0,,,475.81,,,,,,,0,0,,,,FR_JAN_2012.pdf,Sector-Wise analysis of projects,59,278
FR_201201_279,,N22000116,279,"Dakshin-barasat-lakshmikantapur (ER) - ER,West Bengal",ER,,RAILWAYS,2012-01,2009-04,,259.51,,259.51,,,72.61,2011-12,2012-02,2012-02,,,,0,0,,,,FR_JAN_2012.pdf,Sector-Wise analysis of projects,59,279
FR_201201_280,,N22000094,280,"ELECTRIFICATION OF KHURJA- MEERUT-SAHARANPUR & G'BA - RE,Uttar Pradesh",,,RAILWAYS,2012-01,2008-02,,171.1,,171.1,,,141.55,2012-03,,2012-03,,,,0,0,,,,FR_JAN_2012.pdf,Sector-Wise analysis of projects,59,280
FR_201201_281,,N22000095,281,"ELECTRIFICATION OF MORADABAD- ROZA - RE,Uttar Pradesh",,,RAILWAYS,2012-01,2004-12,,129.17,,250.0,,,227.48,2011-03,,2012-03,,,,0,0,,,,FR_JAN_2012.pdf,Sector-Wise analysis of projects,59,281
FR_201201_282,,N22000028,282,"EXT. OF MRTS FROM VELACHERY TO STN. THOMAS, MTP - MRTP,Tamil Nadu",,,RAILWAYS,2012-01,2006-04,,495.74,,495.74,,,147.46,2013-06,,2013-06,,,,0,0,,,,FR_JAN_2012.pdf,Sector-Wise analysis of projects,59,282
FR_201201_283,,220100009,283,"FREIGHT OPERATIONS INFORMATION SYSTEM (FOIS) - FOIS,Multi State",FOIS,,RAILWAYS,2012-01,1984-03,,520.0,634.13,634.13,,,546.82,1995-03,,2012-03,,,,0,0,,,,FR_JAN_2012.pdf,Sector-Wise analysis of projects,59,283
FR_201201_284,,220100270,284,"GADWAL - RAICHUR (NL), SCR - SCR,Multi State",NL,,RAILWAYS,2012-01,1998-04,,92.63,228.09,270.0,,,242.14,2011-02,,2012-03,,,,0,0,,,,FR_JAN_2012.pdf,Sector-Wise analysis of projects,59,284
FR_201201_285,,N22000045,285,"GOELKERA-MANOHARPUR,(LD)(SER) - SER,Jharkhandd",SER,,RAILWAYS,2012-01,1997-03,,186.92,261.7,283.1,,,36.9,2006-02,,2013-12,,,,0,0,,,,FR_JAN_2012.pdf,Sector-Wise analysis of projects,59,285
FR_201201_286,,220100255,286,"GONDA-GORAKHPUR LOOP WITH ANAND NAGAR-NAUTANWA GC (NER) - NER,Uttar Pradesh",NER,,RAILWAYS,2012-01,2002-03,,381.17,,863.23,,,464.52,,,,,,,0,0,,,,FR_JAN_2012.pdf,Sector-Wise analysis of projects,59,286
FR_201201_287,,220100186,287,"GONDIA-JABALPUR(GC),(SECR) - SECR,Multi State",SECR,,RAILWAYS,2012-01,1997-02,,386.3,,1038.0,,,570.21,1998-03,,,,,,0,0,,,,FR_JAN_2012.pdf,Sector-Wise analysis of projects,59,287
FR_201201_288,,220100254,288,"GULBARGA-BIDAR,SCR(NL) - SCR,Karnataka",NL,,RAILWAYS,2012-01,1998-02,,242.42,369.7,776.0,,,303.09,2009-05,,,,,,0,0,,,,FR_JAN_2012.pdf,Sector-Wise analysis of projects,59,288
FR_201201_289,,220100007,289,"GUNA-ETAWAH(NCR), NL - NCR,Multi State",NCR,,RAILWAYS,2012-01,1985-04,,158.77,432.46,540.96,,,558.07,1994-03,,2011-12,,,,0,0,,,,FR_JAN_2012.pdf,Sector-Wise analysis of projects,59,289
FR_201201_290,,N22000117,290,"Ghutiasharif-Canning (ER) - ER,West Bengal",ER,,RAILWAYS,2012-01,2009-04,,189.97,,189.97,,,78.02,2011-12,2013-11,2013-11,,,,0,0,,,,FR_JAN_2012.pdf,Sector-Wise analysis of projects,59,290
FR_201201_291,,220100303,291,"HAJIPUR-SUGAULI VIA VAISHALI (NL), ECR - ECR,Bihar",NL,,RAILWAYS,2012-01,2003-04,,324.66,528.65,324.66,,,172.64,,,2015-03,,,,0,0,,,,FR_JAN_2012.pdf,Sector-Wise analysis of projects,59,291
FR_201201_292,,220100285,292,"HARIDASPUR-PARADEEP(NL) - RVNL,Orissa",NL,,RAILWAYS,2012-01,1996-04,,301.64,,735.1,,,205.8,2009-09,,2011-12,,,,0,0,,,,FR_JAN_2012.pdf,Sector-Wise analysis of projects,59,292
FR_201201_293,,N22000052,293,"HARNOUT -SET.UP OF W/S TO UND. POH OF UP TO50 COAC - WS&PU,Bihar",,,RAILWAYS,2012-01,2003-04,,98.74,224.51,337.3,,,197.98,,,2012-03,,,,0,0,,,,FR_JAN_2012.pdf,Sector-Wise analysis of projects,59,293
FR_201201_294,,220100183,294,"HASSAN-BANGALORE VIA SHRAVANA-BELGOLA(NL),SWR - SWR,Karnataka",NL,,RAILWAYS,2012-01,1997-02,,295.0,412.91,944.55,,,483.14,,,,,,,0,0,,,,FR_JAN_2012.pdf,Sector-Wise analysis of projects,59,294
FR_201201_295,,220100319,295,"HATHUA-BHATNI (N L) (NER) - NER,Multi State",NER,,RAILWAYS,2012-01,2005-04,,230.03,,230.03,,,136.38,,,,,,,0,0,,,,FR_JAN_2012.pdf,Sector-Wise analysis of projects,59,295
FR_201201_296,,220100208,296,"HOWRAH-AMTA-CHAMPADANGA NL (SER) - SER,West Bengal",SER,,RAILWAYS,2012-01,1974-04,,31.42,393.46,499.16,,,153.4,2007-03,2007-03,2014-03,,,,0,0,,,,FR_JAN_2012.pdf,Sector-Wise analysis of projects,59,296
FR_201201_297,,220100193,297,"HUBLI-ANKOLA(NL),SWR - SWR,Karnataka",NL,,RAILWAYS,2012-01,1995-04,,227.0,,997.58,,,69.17,,,,,,,0,0,,,,FR_JAN_2012.pdf,Sector-Wise analysis of projects,59,297
FR_201201_298,,N22000112,298,"Himmatnagar - Udaipur Gauge Canvession (NWR) - NWR,Rajasthan",NWR,,RAILWAYS,2012-01,2008-04,,829.74,38.0,829.74,,,1.91,2015-03,,2015-03,,,,0,0,,,,FR_JAN_2012.pdf,Sector-Wise analysis of projects,59,298
FR_201201_299,,220100258,299,"JALANDHAR-PATHANKOT-JAMMU- TAWI (LD),NR - (NR),Multi State",NR,,RAILWAYS,2012-01,2002-03,,409.0,625.3,847.76,,,823.54,2007-06,,,,,,0,0,,,,FR_JAN_2012.pdf,Sector-Wise analysis of projects,60,299
FR_201201_300,,220100240,300,"JAYNAGAR-DARBHANGA-NARKATIA GANJ(GC),ECR - ECR,Bihar",GC,,RAILWAYS,2012-01,1997-04,,233.0,501.69,903.56,,,584.97,2012-03,,2012-03,,,,0,0,,,,FR_JAN_2012.pdf,Sector-Wise analysis of projects,60,300
FR_201201_301,,220100280,301,"JIND-SONEPAT (NL),NR - (NR),Haryana",NR,,RAILWAYS,2012-01,2004-01,,190.81,238.56,500.0,,,349.46,2012-03,,2012-12,,,,0,0,,,,FR_JAN_2012.pdf,Sector-Wise analysis of projects,60,301
FR_201201_302,,220100288,302,"JIRIBAM TO IMPHAL (TUPUI)(NL)(NEFR) - NEFR,Manipur",NEFR,,RAILWAYS,2012-01,2003-04,,727.56,,3056.85,,,592.92,2011-03,2014-03,2016-03,,,,0,0,,,,FR_JAN_2012.pdf,Sector-Wise analysis of projects,60,302
FR_201201_303,,N22000113,303,"Jaipur - Ringus - Churu and Sikar - Loharu Guage C - NWR,Rajasthan",,,RAILWAYS,2012-01,2008-04,,653.19,,653.19,,,54.36,2014-03,,2014-03,,,,0,0,,,,FR_JAN_2012.pdf,Sector-Wise analysis of projects,60,303
FR_201201_304,,220100190,304,"KADUR-CHIKMAGALUR- SAKLESHPUR (NL),(SWR) - SWR,Karnataka",SWR,,RAILWAYS,2012-01,1996-04,,157.0,262.82,262.82,,,212.77,2012-03,,2012-03,,,,0,0,,,,FR_JAN_2012.pdf,Sector-Wise analysis of projects,60,304
FR_201201_305,,220100197,305,"KANPUR-KASGANJ- MATHURA(GC),NER - NER,Uttar Pradesh",GC,,RAILWAYS,2012-01,1997-03,,395.0,1062.36,1577.46,,,1214.15,,,2012-02,,,,0,0,,,,FR_JAN_2012.pdf,Sector-Wise analysis of projects,60,305
FR_201201_306,,220100256,306,"KAPTANGANJ-THAWE-SIWAN- CHHAPRA GC (NER) - NER,Multi State",NER,,RAILWAYS,2012-01,1999-04,,323.4,,522.56,,,465.29,,,,,,,1,1,,,,FR_JAN_2012.pdf,Sector-Wise analysis of projects,60,306
FR_201201_307,,220100191,307,"KARUR-SALEM(NL),SR - SR,Tamil Nadu",NL,,RAILWAYS,2012-01,1997-02,,155.55,229.88,712.0,,,666.27,,,,,,,0,0,,,,FR_JAN_2012.pdf,Sector-Wise analysis of projects,60,307
FR_201201_308,,220100247,308,"KATIHAR - JOGBANI (GC)(NEFR) - NEFR,Bihar",NEFR,,RAILWAYS,2012-01,2001-09,,100.0,492.98,1015.84,,,724.29,2010-12,,2015-03,,,,0,0,,,,FR_JAN_2012.pdf,Sector-Wise analysis of projects,60,308
FR_201201_309,,220100257,309,"KHAGARIA-KUSHESHWAR ASTHAN (NL) (ECR) - ECR,Bihar",ECR,,RAILWAYS,2012-01,1997-04,,78.23,162.87,162.87,,,88.18,,,,,,,0,0,,,,FR_JAN_2012.pdf,Sector-Wise analysis of projects,60,309
FR_201201_310,,220100327,310,"KHURDA ROAD - BARANG 3RD LINE (DL) (ECOR) - RVNL,Orissa",ECOR,,RAILWAYS,2012-01,2000-04,,133.41,207.0,225.0,,,200.91,2009-03,,2013-04,,,,0,0,,,,FR_JAN_2012.pdf,Sector-Wise analysis of projects,60,310
FR_201201_311,,220100284,311,"KHURDA ROAD-BOLANGIR(NL)ECOR - ECOR,Orissa",NL,,RAILWAYS,2012-01,1994-04,,355.38,470.21,1100.0,,,184.37,,,2012-03,,,,0,0,,,,FR_JAN_2012.pdf,Sector-Wise analysis of projects,60,311
FR_201201_312,,N22000101,312,"KISHANGANJ JALALGARH, NL, NEFR - NEFR,Bihar",,,RAILWAYS,2012-01,2008-04,,282.92,,359.86,,,1.23,,,2015-03,,,,0,0,,,,FR_JAN_2012.pdf,Sector-Wise analysis of projects,60,312
FR_201201_313,,220100306,313,"KODERMA GIRIDH (NL), ECR - ECR,Jharkhandd",NL,,RAILWAYS,2012-01,1996-04,,371.36,,452.35,,,385.73,,,,,,,0,0,,,,FR_JAN_2012.pdf,Sector-Wise analysis of projects,60,313
FR_201201_314,,220100222,314,"KODERMA-RANCHI VIA BARKAKANA (NL),ECR - ECR,Jharkhandd",NL,,RAILWAYS,2012-01,1999-03,,491.19,1099.2,1099.2,,,1177.98,2005-07,,,,,,0,0,,,,FR_JAN_2012.pdf,Sector-Wise analysis of projects,60,314
FR_201201_315,,220100305,315,"KODERMA-TILAIYA (NL), ECR - ECR,Jharkhandd",NL,,RAILWAYS,2012-01,2002-04,,459.91,418.17,418.17,,,81.36,,,,,,,0,0,,,,FR_JAN_2012.pdf,Sector-Wise analysis of projects,60,315
FR_201201_316,,220100304,316,"KOSI BRIDGE (NL), ECR - ECR,Bihar",NL,,RAILWAYS,2012-01,2002-04,,323.41,,341.41,,,248.07,2012-03,,2012-12,,,,0,0,,,,FR_JAN_2012.pdf,Sector-Wise analysis of projects,60,316
FR_201201_317,,220100265,317,"KOTLPALLI-NARASAPUR (NL) (SCR) - SCR,Andhra Pradesh",SCR,,RAILWAYS,2012-01,2001-12,,330.0,,695.0,,,9.41,,,,,,,0,0,,,,FR_JAN_2012.pdf,Sector-Wise analysis of projects,60,317
FR_201201_318,,220100212,318,"KOTTUR-HARIHAR(NL),(SWR) - SWR,Karnataka",SWR,,RAILWAYS,2012-01,1995-04,,65.94,302.23,302.23,,,331.25,,,2011-03,,,,0,0,,,,FR_JAN_2012.pdf,Sector-Wise analysis of projects,60,318
FR_201201_319,,N22000126,319,"Katakhal to Bhairabi - NEFR,Assam",,,RAILWAYS,2012-01,1998-04,,227.9,39.0,222.92,,,85.29,2012-12,,2014-03,,,,0,0,,,,FR_JAN_2012.pdf,Sector-Wise analysis of projects,60,319
FR_201201_320,,220100232,320,"LALITPUR-SATNA-REWA-SINGRULI NL, (NCR) - NCR,Multi State",NCR,,RAILWAYS,2012-01,1998-09,,925.0,,925.0,,,504.78,2008-05,2011-03,,,,,0,0,,,,FR_JAN_2012.pdf,Sector-Wise analysis of projects,61,320
FR_201201_321,,220100148,321,"LANJHIGARH-JUNAGARH NL(ECOR) - ECOR,Orissa",ECOR,,RAILWAYS,2012-01,1993-04,,100.0,142.98,227.94,,,190.98,2002-03,,2012-03,,,,0,0,,,,FR_JAN_2012.pdf,Sector-Wise analysis of projects,61,321
FR_201201_322,,N22000127,322,"Lumding-SILCHAR Jiribam, Badarpur- Baraigram Kumarg - NEFR,Assam",,,RAILWAYS,2012-01,1996-04,,1676.31,,4027.93,,,2903.63,2009-03,,2013-12,,,,0,0,,,,FR_JAN_2012.pdf,Sector-Wise analysis of projects,61,322
FR_201201_323,,220100220,323,"MACHERLA-NALGONDA(NL)(SCR) - SCR,Andhra Pradesh",SCR,,RAILWAYS,2012-01,1998-07,,125.0,363.26,458.26,,,0.35,2008-07,,,,,,0,0,,,,FR_JAN_2012.pdf,Sector-Wise analysis of projects,61,323
FR_201201_324,,220100316,324,"MAHARAJGANJ-MASRAKH (NL) - NER - NER,Bihar",NL,,RAILWAYS,2012-01,2003-04,,218.19,,218.19,,,143.65,,,,,,,0,0,,,,FR_JAN_2012.pdf,Sector-Wise analysis of projects,61,324
FR_201201_325,,220100168,325,"MANDARHILL-DUMKA-RAMPURHAT (NL),ER - ER,Jharkhandd",NL,,RAILWAYS,2012-01,1995-04,,184.0,254.07,675.0,,,492.19,2011-12,,2012-03,,,,0,0,,,,FR_JAN_2012.pdf,Sector-Wise analysis of projects,61,325
FR_201201_326,,N22000032,326,"MANOHARABAD-KOTHPALL NEW LINE(SCR) - SCR,Andhra Pradesh",SCR,,RAILWAYS,2012-01,2006-04,,378.56,671.82,791.6,,,0.76,,,,,,,0,0,,,,FR_JAN_2012.pdf,Sector-Wise analysis of projects,61,326
FR_201201_327,,N22000002,327,"MANSI-PURNIA (EXTENSION OF MANSI-SAHARSA) GAN ECR - ECR,Bihar",EXTENSION OF MANSI-SAHARSA,,RAILWAYS,2012-01,1996-04,,114.01,332.92,427.89,,,367.91,2012-03,,2012-03,,,,0,0,,,,FR_JAN_2012.pdf,Sector-Wise analysis of projects,61,327
FR_201201_328,,N22000079,328,"MAYLADUTHURAI-THIRUVARUR- KARAIKUDI-THIRU 'PONDI'-A - SR,Tamil Nadu",,,RAILWAYS,2012-01,2007-09,,404.19,,900.0,,,222.13,,,,,,,0,0,,,,FR_JAN_2012.pdf,Sector-Wise analysis of projects,61,328
FR_201201_329,,N22000093,329,"MUMBAI URBAN TRANSPORT PROJECT PHASE-I, MTP - MRTP,Maharashtra",,,RAILWAYS,2012-01,2003-04,,3125.2,4174.4,4501.8,,,4228.31,2011-06,,2011-06,,,,1,1,,,,FR_JAN_2012.pdf,Sector-Wise analysis of projects,61,329
FR_201201_330,,N22000092,330,"MUMBAI URBAN TRANSPORT PROJECT PHASE-II, MTP - MRTP,Maharashtra",,,RAILWAYS,2012-01,2008-04,,5300.0,,5300.0,,,397.53,2014-03,2015-03,2015-03,,,,0,0,,,,FR_JAN_2012.pdf,Sector-Wise analysis of projects,61,330
FR_201201_331,,220100205,331,"MUNEERABAD- MAHABOOBNAGAR(NL),SCR - SCR,Multi State",NL,,RAILWAYS,2012-01,1997-04,,218.24,377.32,537.47,,,99.52,,,2012-03,,,,0,0,,,,FR_JAN_2012.pdf,Sector-Wise analysis of projects,61,331
FR_201201_332,,220100194,332,"MUZAFFARPUR-SITAMARHI(NL),ECR - ECR,Bihar",NL,,RAILWAYS,2012-01,1997-04,,100.0,483.62,411.22,,,432.27,2012-03,,2012-03,,,,0,0,,,,FR_JAN_2012.pdf,Sector-Wise analysis of projects,61,332
FR_201201_333,,220100192,333,"NANDYAL-YERRAGUNTLA(NL),SCR - SCR,Andhra Pradesh",NL,,RAILWAYS,2012-01,1996-03,,155.74,164.36,840.32,,,527.52,2009-02,,2012-03,,,,0,0,,,,FR_JAN_2012.pdf,Sector-Wise analysis of projects,61,333
FR_201201_334,,220100188,334,"NANGALDAM-TALWARA(NL),NR - (NR),Multi State",NR,,RAILWAYS,2012-01,1981-03,,37.68,450.0,730.0,,,334.89,2012-07,,2012-07,,,,0,0,,,,FR_JAN_2012.pdf,Sector-Wise analysis of projects,61,334
FR_201201_335,,N22000087,335,"NEW B.G. LINE FROM ARARIA TO GALGALIA (THAKURGUNG) - NEFR,Bihar",THAKURGUNG,,RAILWAYS,2012-01,2006-09,,300.0,,529.88,,,37.89,,,,,,,0,0,,,,FR_JAN_2012.pdf,Sector-Wise analysis of projects,61,335
FR_201201_336,,N22000086,336,"NEW B.G. LINE FROM TETELIA TO BYRNIHAT (NATIONAL P - NEFR,Assam",,,RAILWAYS,2012-01,2006-09,,200.0,,384.04,,,91.54,,,2014-03,,,,0,0,,,,FR_JAN_2012.pdf,Sector-Wise analysis of projects,61,336
FR_201201_337,,220100266,337,"NEW MAYNAGURI TO JOGIGHOPA VIA CHANGRABANDHA (NL), - NEFR,Multi State",NL,,RAILWAYS,2012-01,2000-04,,733.0,,1655.8,,,1076.88,2008-12,,2014-03,,,,0,0,,,,FR_JAN_2012.pdf,Sector-Wise analysis of projects,61,337
FR_201201_338,,220100135,338,"New BG line Rly line from Eklakhi- Balurghat includ - NEFR,West Bengal",,,RAILWAYS,2012-01,1983-04,,36.8,274.41,415.23,,,239.45,,,2015-03,,,,0,0,,,,FR_JAN_2012.pdf,Sector-Wise analysis of projects,61,338
FR_201201_339,,N22000124,339,"New Line from Dimapur to Zubza(Kohima) national pr - NEFR,Nagaland",Kohima,,RAILWAYS,2012-01,2006-04,,850.0,,850.0,,,8.44,2015-03,,2015-03,,,,0,0,,,,FR_JAN_2012.pdf,Sector-Wise analysis of projects,62,339
FR_201201_340,,N22000111,340,"New Work for Construction of Metro railway - RVNL,West Bengal",,,RAILWAYS,2012-01,2010-04,,2619.02,,2619.02,,,71.47,2016-03,,2016-03,,,,0,0,,,,FR_JAN_2012.pdf,Sector-Wise analysis of projects,62,340
FR_201201_341,,N22000109,341,"New Work for Construction of Metro railway from Ba - RVNL,West Bengal",,,RAILWAYS,2012-01,2010-04,,2069.6,,2069.6,,,4.01,2014-03,2016-03,2016-03,,,,0,0,,,,FR_JAN_2012.pdf,Sector-Wise analysis of projects,62,341
FR_201201_342,,N22000110,342,"New Work for Construction of Metro railway from NS - RVNL,West Bengal",,,RAILWAYS,2012-01,2010-04,,3951.98,,3951.98,,,14.28,2016-03,,2016-03,,,,0,0,,,,FR_JAN_2012.pdf,Sector-Wise analysis of projects,62,342
FR_201201_343,,N22000108,343,"New Work for Construction of Metro railway from No - RVNL,West Bengal",,,RAILWAYS,2012-01,2010-04,,2397.72,,2397.72,,,8.17,2016-03,,2016-06,,,,0,0,,,,FR_JAN_2012.pdf,Sector-Wise analysis of projects,62,343
FR_201201_344,,N22000049,344,"OBULAVARIPALLE- KRISHNAPATNAM(RVNL) - RVNL,Andhra Pradesh",RVNL,,RAILWAYS,2012-01,2006-07,,743.0,,732.8,,,403.06,2008-03,2008-06,,,,,0,0,,,,FR_JAN_2012.pdf,Sector-Wise analysis of projects,62,344
FR_201201_345,,N22000027,345,"PALWAL-BHUTESWAR 3RD LINE DOUBLING(NCR)(RVNL) - RVNL,Multi State",RVNL,,RAILWAYS,2012-01,2005-04,,240.0,,329.7,,,309.9,2009-03,2009-12,2011-03,,,,0,0,,,,FR_JAN_2012.pdf,Sector-Wise analysis of projects,62,345
FR_201201_346,,N22000076,346,"PANSPURA-KHARAGPUR 3D LINE - RVNL,West Bengal",,,RAILWAYS,2012-01,2007-09,,252.5,529.23,529.23,,,208.25,2010-02,,2015-12,,,,0,0,,,,FR_JAN_2012.pdf,Sector-Wise analysis of projects,62,346
FR_201201_347,,220100308,347,"PATNA GANGA BRIDGE (NL), ECR - ECR,Bihar",NL,,RAILWAYS,2012-01,2001-04,,624.47,1389.98,1389.98,,,1134.54,2007-10,2012-12,2012-12,,,,0,0,,,,FR_JAN_2012.pdf,Sector-Wise analysis of projects,62,347
FR_201201_348,,220100106,348,"PEDAPALLI-KARIMNAGAR- NIZAMABAD NL(SCR) - SCR,Andhra Pradesh",SCR,,RAILWAYS,2012-01,1994-12,,124.43,407.78,820.32,,,538.98,,,2012-03,,,,0,0,,,,FR_JAN_2012.pdf,Sector-Wise analysis of projects,62,348
FR_201201_349,,N22000118,349,"Pandabeswar-Chinpai doubling (ER) - ER,West Bengal",ER,,RAILWAYS,2012-01,2004-04,,225.68,,225.68,,,133.35,2010-12,,,,,,0,0,,,,FR_JAN_2012.pdf,Sector-Wise analysis of projects,62,349
FR_201201_350,,220100263,350,"QUILON-TIRUNELVELI-TENKASI- VIRUDHUNAGAR(SR)(GC) - SR,Multi State",GC,,RAILWAYS,2012-01,1998-03,,280.0,842.35,1029.0,,,719.39,,,2013-03,,,,0,0,,,,FR_JAN_2012.pdf,Sector-Wise analysis of projects,62,350
FR_201201_351,,220100329,351,"RAICHUR-GUNTAKAL(DL)(SCR) - RVNL,Andhra Pradesh",SCR,,RAILWAYS,2012-01,2003-04,,136.62,,221.9,,,186.79,2007-12,2010-03,2010-12,,,,0,0,,,,FR_JAN_2012.pdf,Sector-Wise analysis of projects,62,351
FR_201201_352,,220100307,352,"RAIL-CUM-ROAD BRIDGE AT MUNGER (NL), ECR - ECR,Bihar",NL,,RAILWAYS,2012-01,2002-04,,921.0,,981.0,,,616.6,2009-03,2012-12,2012-12,,,,0,0,,,,FR_JAN_2012.pdf,Sector-Wise analysis of projects,62,352
FR_201201_353,,220100201,353,"RAIL-CUM-ROAD BRIDGE OVER RIVER BRAHAMAPUTRA BRIDG - NEFR,Assam",,,RAILWAYS,2012-01,1997-09,,1000.0,1500.0,3230.01,,,2308.03,2008-04,2014-03,2015-12,,,,0,0,,,,FR_JAN_2012.pdf,Sector-Wise analysis of projects,62,353
FR_201201_354,,220100286,354,"RAJATGARH-BARANG(LD),ECOR - RVNL,Orissa",LD,,RAILWAYS,2012-01,1999-04,,166.16,,243.4,,,,2009-02,,2013-04,,,,0,0,,,,FR_JAN_2012.pdf,Sector-Wise analysis of projects,62,354
FR_201201_355,,N22000096,355,"RAJPIPLA-ANKELASHWAR, WR (GC) - WR,Gujarat",GC,,RAILWAYS,2012-01,2006-04,,196.97,,196.97,,,190.24,2011-03,,2012-03,,,,0,0,,,,FR_JAN_2012.pdf,Sector-Wise analysis of projects,62,355
FR_201201_356,,220100314,356,"RAMGANJMUNDI-BHOPAL (NL),WCR - WCR,Madhya pradesh",NL,,RAILWAYS,2012-01,2001-04,,727.13,727.13,1225.0,,,215.73,,,,,,,0,0,,,,FR_JAN_2012.pdf,Sector-Wise analysis of projects,62,356
FR_201201_357,,220100214,357,"RANCHI-LOHARDAGA(GC),SER - SER,Jharkhandd",GC,,RAILWAYS,2012-01,1997-04,,194.07,41.0,456.45,,,295.54,2004-06,,2012-12,,,,0,0,,,,FR_JAN_2012.pdf,Sector-Wise analysis of projects,62,357
FR_201201_358,,220100315,358,"RANGIA-MURKONGSELEK, (GC) ALONG WITH LINKED FINGER - NEFR,Multi State",GC,,RAILWAYS,2012-01,2004-01,,915.7,,1717.29,,,897.04,,,2013-03,,,,0,0,,,,FR_JAN_2012.pdf,Sector-Wise analysis of projects,63,358
FR_201201_359,,220100260,359,"REINGUNTA-GUNTAKAL(RE) - RVNL,Andhra Pradesh",RE,,RAILWAYS,2012-01,2000-06,,168.34,,296.2,,,311.49,2003-04,2010-03,,,,,0,0,,,,FR_JAN_2012.pdf,Sector-Wise analysis of projects,63,359
FR_201201_360,,220100279,360,"REWARI-ROHTAK (NL),NR - (NR),Haryana",NR,,RAILWAYS,2012-01,2004-01,,149.38,330.23,476.68,,,509.6,2010-02,2011-02,2011-02,,,,0,0,,,,FR_JAN_2012.pdf,Sector-Wise analysis of projects,63,360
FR_201201_361,,220100323,361,"RUPSA-BANGRIPOSI (GC)(SER) - SER,Orissa",SER,,RAILWAYS,2012-01,1996-02,,57.94,604.04,639.97,,,176.58,1998-03,2005-08,2005-08,,,,0,0,,,,FR_JAN_2012.pdf,Sector-Wise analysis of projects,63,361
FR_201201_362,,N22000107,362,"Ramanagram-Mysore doubling with electrification of - SWR,Karnataka",,,RAILWAYS,2012-01,2007-04,,482.0,482.7,482.7,,,254.35,2013-03,,2011-12,,,,0,0,,,,FR_JAN_2012.pdf,Sector-Wise analysis of projects,63,362
FR_201201_363,,N22000120,363,"Ratlam-Mhow-Khandwa-Akola (GC) - WR,Madhya pradesh",GC,,RAILWAYS,2012-01,2008-04,,603.04,,603.04,,,55.27,2012-03,,2012-03,,,,0,0,,,,FR_JAN_2012.pdf,Sector-Wise analysis of projects,63,363
FR_201201_364,,N22000075,364,"SALKA ROAD -ANUPNAGAR LINE DOUBLING - RVNL,Chhatisgarh",,,RAILWAYS,2012-01,2006-09,,324.9,,324.9,,,207.45,2010-03,,2012-03,,,,0,0,,,,FR_JAN_2012.pdf,Sector-Wise analysis of projects,63,364
FR_201201_365,,N22000102,365,"SEVOK RANGPO, NEFR - NEFR,Sikkim",,,RAILWAYS,2012-01,2008-04,,1339.48,,3380.57,,,52.63,2015-12,,2015-12,,,,0,0,,,,FR_JAN_2012.pdf,Sector-Wise analysis of projects,63,365
FR_201201_366,,220100313,366,"SRIGANGANAGAR-SARUPSAR (GC), NWR - NWR,Rajasthan",GC,,RAILWAYS,2012-01,2001-04,,143.92,258.6,258.6,,,246.88,2011-03,,2011-03,,,,0,0,,,,FR_JAN_2012.pdf,Sector-Wise analysis of projects,63,366
FR_201201_367,,220100325,367,"SUKINDA ROAD - ANGUL (NL)(ECOR) - RVNL,Orissa",ECOR,,RAILWAYS,2012-01,1998-04,,183.23,,638.0,,,,2015-02,,,,,,0,0,,,,FR_JAN_2012.pdf,Sector-Wise analysis of projects,63,367
FR_201201_368,,N22000114,368,"Suratpura - Hanumangarh - Sriganganagar Guage Conv - NWR,Rajasthan",,,RAILWAYS,2012-01,2008-04,,516.23,,516.23,,,149.03,2014-03,,2014-03,,,,0,0,,,,FR_JAN_2012.pdf,Sector-Wise analysis of projects,63,368
FR_201201_369,,220100328,369,"TALCHER-BIMALAGARH(NL)(ECOR) - ECOR,Orissa",ECOR,,RAILWAYS,2012-01,2005-04,,726.96,810.78,810.78,,,89.02,,,2013-03,,,,0,0,,,,FR_JAN_2012.pdf,Sector-Wise analysis of projects,63,369
FR_201201_370,,N22000097,370,"TAMLUK DIGHA,LINE DOUBLING (SER) - SER,West Bengal",SER,,RAILWAYS,2012-01,1984-03,,293.97,662.69,723.27,,,387.66,2005-06,2011-07,2015-06,,,,0,0,,,,FR_JAN_2012.pdf,Sector-Wise analysis of projects,63,370
FR_201201_371,,220100272,371,"TARAKESWAR - BISHNUPUR NEW BG LINE (NL), ER - ER,West Bengal",NL,,RAILWAYS,2012-01,2000-04,,157.96,762.33,762.33,,,453.25,2009-12,,2012-02,,,,0,0,,,,FR_JAN_2012.pdf,Sector-Wise analysis of projects,63,371
FR_201201_372,,N22000085,372,"TIDIVANAM-NAGARI (NL) - SR,Tamil Nadu",NL,,RAILWAYS,2012-01,2006-09,,456.0,582.83,582.83,,,93.07,,,,,,,0,0,,,,FR_JAN_2012.pdf,Sector-Wise analysis of projects,63,372
FR_201201_373,,N22000084,373,"TINDIVANAM-GINGEE- TIRUVANNAMALAI (NL) - SR,Tamil Nadu",NL,,RAILWAYS,2012-01,2006-09,,125.0,,227.4,,,33.51,,,,,,,0,0,,,,FR_JAN_2012.pdf,Sector-Wise analysis of projects,63,373
FR_201201_374,,220100262,374,"TIRUCHIRAPPALI-NAGORE- KARAIKKAL(SR)(GC) - SR,Tamil Nadu",GC,,RAILWAYS,2012-01,1995-09,,100.0,,548.96,,,488.57,,,,,,,0,0,,,,FR_JAN_2012.pdf,Sector-Wise analysis of projects,63,374
FR_201201_375,,220100268,375,"TOLLYGANJ-GARIA with extension to Dum Dum-Noapara - MRTP,West Bengal",,,RAILWAYS,2012-01,2000-03,,907.69,3176.1,3176.1,,,3225.0,2006-12,2010-08,,,,,0,0,,,,FR_JAN_2012.pdf,Sector-Wise analysis of projects,63,375
FR_201201_376,,N22000115,376,"Tinpahar - Sahibganj (ER) - ER,Jharkhandd",ER,,RAILWAYS,2012-01,2008-04,,167.73,,167.73,,,37.18,2012-03,,2012-03,,,,0,0,,,,FR_JAN_2012.pdf,Sector-Wise analysis of projects,63,376
FR_201201_377,,220100133,377,"UDHAMPUR-SRINAGAR-BARAMULLA (NL),NR - (NR),J and K",NR,,RAILWAYS,2012-01,1995-03,,2500.0,8000.0,20000.0,,,7787.91,2001-03,,2017-12,,,,0,0,,,,FR_JAN_2012.pdf,Sector-Wise analysis of projects,63,377
FR_201201_378,,N22000088,378,"UTRATIA-ZAFRABAD, NR (LINE DOUBLING) - (NR),Uttar Pradesh",NR,,RAILWAYS,2012-01,2006-04,,325.0,42.0,819.4,,,114.15,2010-03,2014-06,2014-06,,,,0,0,,,,FR_JAN_2012.pdf,Sector-Wise analysis of projects,63,378
FR_201201_379,,N22000122,379,"Udhna-Jalgaon with electrification(doubling) (WR) - WR,Gujarat",WR,,RAILWAYS,2012-01,2008-04,,1389.62,,1389.62,,,218.94,2014-03,,2014-03,,,,0,0,,,,FR_JAN_2012.pdf,Sector-Wise analysis of projects,64,379
FR_201201_380,,220100062,380,"VIRAMGAM-BHILDI(WR),GC - WR,Multi State Total",WR,,RAILWAYS,2012-01,1990-04,,155.66,356.87,356.87,,,152.01,2010-03,,,,,,0,0,,,,FR_JAN_2012.pdf,Sector-Wise analysis of projects,64,380
FR_201201_381,,N24000166,381,"2 LANNING OF MOKAMA-MUNGER - NHAI,Bihar",,,ROAD TRANSPORT & HIGHWAYS,2012-01,2011-05,,351.54,,351.54,,,154.7,2013-05,,2014-03,,,,0,0,,,,FR_JAN_2012.pdf,Sector-Wise analysis of projects,64,381
FR_201201_382,,N24000155,382,"4 LANING OF NAGPUR-BETUL - NHAI,Multi State",,,ROAD TRANSPORT & HIGHWAYS,2012-01,2011-02,,2498.76,,2498.76,,,34.56,2014-08,,2014-08,,,,0,0,,,,FR_JAN_2012.pdf,Sector-Wise analysis of projects,64,382
FR_201201_383,,N24000167,383,"4 LANNING OF AHMEDABAD TO GODHARA - NHAI,Gujarat",,,ROAD TRANSPORT & HIGHWAYS,2012-01,2010-12,,1008.5,,1008.5,,,893.3,2013-06,,2013-06,,,,0,0,,,,FR_JAN_2012.pdf,Sector-Wise analysis of projects,64,383
FR_201201_384,,N24000153,384,"4 LANNING OF BELGUM-KHANPUR SECTION AND 2 LANING - NHAI,Karnataka",,,ROAD TRANSPORT & HIGHWAYS,2012-01,2011-03,,359.0,,359.0,,,31.09,2013-09,,2013-09,,,,0,0,,,,FR_JAN_2012.pdf,Sector-Wise analysis of projects,64,384
FR_201201_385,,N24000168,385,"4 LANNING OF GODHARA TO GUJARAT/MP BORDER - NHAI,Gujarat",,,ROAD TRANSPORT & HIGHWAYS,2012-01,2011-03,,785.5,,785.5,,,409.1,2013-08,,2013-08,,,,0,0,,,,FR_JAN_2012.pdf,Sector-Wise analysis of projects,64,385
FR_201201_386,,N24000098,386,"AGRA-BYPASS(NS-1/UP-1),KM 176.8- 13.03 NH-2,3 - NHAI,Uttar Pradesh",NS-1/UP-1,,ROAD TRANSPORT & HIGHWAYS,2012-01,2003-12,,348.16,,465.5,,,135.6,2007-09,,2013-06,,,,0,0,,,,FR_JAN_2012.pdf,Sector-Wise analysis of projects,64,386
FR_201201_387,,240101173,387,"AGRA-SHIKOHABAD (GQ) KM.199.66- KM.250.50 (NH-2) - NHAI,Uttar Pradesh",NH-2,,ROAD TRANSPORT & HIGHWAYS,2012-01,2000-04,,367.49,,367.49,,,453.68,2005-03,,2012-06,,,,0,0,,,,FR_JAN_2012.pdf,Sector-Wise analysis of projects,64,387
FR_201201_388,,N24000147,388,"AMRITSAR-PATHANKOT - NHAI,Punjab",,,ROAD TRANSPORT & HIGHWAYS,2012-01,2010-05,,705.0,,705.0,,,846.5,2012-11,,2013-06,,,,0,0,,,,FR_JAN_2012.pdf,Sector-Wise analysis of projects,64,388
FR_201201_389,,N24000045,389,"ASSAM/WB BORDER TO GAIRKATTA (WB-1) - NHAI,West Bengal",WB-1,,ROAD TRANSPORT & HIGHWAYS,2012-01,2003-12,,221.82,,221.82,,,261.0,2008-11,,2012-03,,,,0,0,,,,FR_JAN_2012.pdf,Sector-Wise analysis of projects,64,389
FR_201201_390,,240106260,390,"AURANG-RAIPUR, NH-6, KM.232 TO KM.281 - NHAI,Chhatisgarh",,,ROAD TRANSPORT & HIGHWAYS,2012-01,2005-03,,190.0,,190.0,,,247.3,2009-01,,2012-03,,,,0,0,,,,FR_JAN_2012.pdf,Sector-Wise analysis of projects,64,390
FR_201201_391,,N24000143,391,"Armur to kadloor yellareddy - NHAI,Andhra Pradesh",,,ROAD TRANSPORT & HIGHWAYS,2012-01,2010-02,,390.56,,390.56,,,616.0,2012-02,,2012-04,,,,0,0,,,,FR_JAN_2012.pdf,Sector-Wise analysis of projects,64,391
FR_201201_392,,N24000116,392,"BALASORE BHADRAK (REVIVED) KM 136.5 - 199.14 NH-5 - NHAI,Orissa",REVIVED,,ROAD TRANSPORT & HIGHWAYS,2012-01,2000-04,,228.7,,228.7,,,182.03,2004-02,,2012-07,,,,0,0,,,,FR_JAN_2012.pdf,Sector-Wise analysis of projects,64,392
FR_201201_393,,N24000158,393,"BELGAUM-DHARWAD(NH-4) - NHAI,Karnataka",NH-4,,ROAD TRANSPORT & HIGHWAYS,2012-01,2010-12,,480.0,,480.0,,,126.4,,,2013-06,,,,0,1,,,,FR_JAN_2012.pdf,Sector-Wise analysis of projects,64,393
FR_201201_394,,240106293,394,"BIJNI TO ASSAM /WB.BORDER (NH- 31.C)(2)(NHAI) - NHAI,Assam",NHAI,,ROAD TRANSPORT & HIGHWAYS,2012-01,2003-12,,237.8,,237.8,,,217.7,2008-06,,2012-12,,,,0,0,,,,FR_JAN_2012.pdf,Sector-Wise analysis of projects,64,394
FR_201201_395,,240106290,395,"BIJNI TO ASSAM WB BORDER (NH- 31.C)(1)(NHAI) - NHAI,Assam",NHAI,,ROAD TRANSPORT & HIGHWAYS,2012-01,2003-12,,195.0,,195.0,,,182.68,2008-06,,2012-06,,,,0,0,,,,FR_JAN_2012.pdf,Sector-Wise analysis of projects,64,395
FR_201201_396,,240106226,396,"BIJNI TO ASSAM/WB BORDER PH.II, KM.30.00 TO 0.00, NH-31 C - NHAI,Assam",,,ROAD TRANSPORT & HIGHWAYS,2012-01,2003-12,,230.0,,230.0,,,212.78,2005-06,,2011-12,,,,0,0,,,,FR_JAN_2012.pdf,Sector-Wise analysis of projects,64,396
FR_201201_397,,N24000063,397,"BRAHMPUTRA BRIDGE,NH NO-31 - NHAI,Assam",,,ROAD TRANSPORT & HIGHWAYS,2012-01,2003-12,,217.61,43.0,217.61,,,165.8,2010-04,,2012-12,,,,0,0,,,,FR_JAN_2012.pdf,Sector-Wise analysis of projects,64,397
FR_201201_398,,N24000137,398,"Bijapur-Hungund Section - NHAI,Karnataka",,,ROAD TRANSPORT & HIGHWAYS,2012-01,2010-09,,748.0,,748.0,,,1214.0,,,2013-03,,,,0,3,,,,FR_JAN_2012.pdf,Sector-Wise analysis of projects,65,398
FR_201201_399,,N24000068,399,"CHAMBAL BRIDGE, NH-76 (RJ-5) - NHAI,Rajasthan",RJ-5,,ROAD TRANSPORT & HIGHWAYS,2012-01,2003-12,,275.0,,281.31,,,179.2,2010-02,,2013-07,,,,0,0,,,,FR_JAN_2012.pdf,Sector-Wise analysis of projects,65,399
FR_201201_400,,N24000144,400,"CHENGAPALLI TO COIMBATORE BYPASS KM-102.035-144.740 KM - NHAI,Tamil Nadu",,,ROAD TRANSPORT & HIGHWAYS,2012-01,2010-09,,852.0,,852.0,,,468.0,2013-03,,2013-03,,,,0,0,,,,FR_JAN_2012.pdf,Sector-Wise analysis of projects,65,400
FR_201201_401,,N24000157,401,"CHITRADURGA-TUMKUR(NH-4) - NHAI,Karnataka",NH-4,,ROAD TRANSPORT & HIGHWAYS,2012-01,2011-03,,839.0,,839.0,,,,,,2013-08,,,,0,1,,,,FR_JAN_2012.pdf,Sector-Wise analysis of projects,65,401
FR_201201_402,,N24000145,402,"CUDDAPAH-MYDUKUR-KURNOOL KM-167.750-356.502 KM - NHAI,Andhra Pradesh",,,ROAD TRANSPORT & HIGHWAYS,2012-01,2010-11,,1585.0,,1585.0,,,565.9,2013-05,,2013-05,,,,0,0,,,,FR_JAN_2012.pdf,Sector-Wise analysis of projects,65,402
FR_201201_403,,N24000129,403,"Chennai-Tada(Six lane) - NHAI,Tamil Nadu",Six lane,,ROAD TRANSPORT & HIGHWAYS,2012-01,2009-04,,353.37,,353.37,,,225.8,2011-10,,2014-03,,,,0,0,,,,FR_JAN_2012.pdf,Sector-Wise analysis of projects,65,403
FR_201201_404,,N24000132,404,"Chilkaluripet-Vijaywada 6 lane (km 355 to Km 434.1) - NHAI,Andhra Pradesh",km 355 to Km 434.1,,ROAD TRANSPORT & HIGHWAYS,2012-01,2009-05,,572.3,,572.3,,,580.0,2011-10,,2012-10,,,,0,0,,,,FR_JAN_2012.pdf,Sector-Wise analysis of projects,65,404
FR_201201_405,,240106288,405,"DAKOBA TO NAGAON (NH-36)(NHAI) - NHAI,Assam",NHAI,,ROAD TRANSPORT & HIGHWAYS,2012-01,2003-12,,225.0,,225.0,,,264.7,2008-06,,2012-03,,,,0,0,,,,FR_JAN_2012.pdf,Sector-Wise analysis of projects,65,405
FR_201201_406,,240106244,406,"DEEWAPUR TO UP/BIHAR BORDER (LMNHP-9)-NH-28, KM.402-360.915 - NHAI,Bihar",LMNHP-9,,ROAD TRANSPORT & HIGHWAYS,2012-01,2003-12,,300.0,,300.0,,,170.2,2008-10,,2012-06,,,,0,0,,,,FR_JAN_2012.pdf,Sector-Wise analysis of projects,65,406
FR_201201_407,,N24000122,407,"DELHI/ HARYANA BORDER TO ROHTAK - NHAI,Haryana",,,ROAD TRANSPORT & HIGHWAYS,2012-01,2007-04,,486.0,,486.0,,,573.3,2010-05,,2012-12,,,,0,0,,,,FR_JAN_2012.pdf,Sector-Wise analysis of projects,65,407
FR_201201_408,,N24000148,408,"DEOLI-KOTA - NHAI,Rajasthan",,,ROAD TRANSPORT & HIGHWAYS,2012-01,2011-01,,953.0,,593.0,,,256.1,2013-07,,2013-07,,,,0,0,,,,FR_JAN_2012.pdf,Sector-Wise analysis of projects,65,408
FR_201201_409,,N24000173,409,"DEVELOPMENT OF ADIQUATE ROAD CONNECTIVITY TO CHENN - NHAI,Tamil Nadu",,,ROAD TRANSPORT & HIGHWAYS,2012-01,2011-06,,600.0,,600.0,,,75.85,2013-06,,2013-06,,,,0,0,,,,FR_JAN_2012.pdf,Sector-Wise analysis of projects,65,409
FR_201201_410,,N24000152,410,"DEVIHALLI-HASSAN - NHAI,",,,ROAD TRANSPORT & HIGHWAYS,2012-01,2010-12,,453.0,,453.0,,,166.2,,,2013-05,,,,0,1,,,,FR_JAN_2012.pdf,Sector-Wise analysis of projects,65,410
FR_201201_411,,N24000051,411,"DHARAMTUL TO SONAPUR (AS-19) - NHAI,Assam",AS-19,,ROAD TRANSPORT & HIGHWAYS,2012-01,2003-12,,200.0,,200.0,,,204.7,2008-06,,2012-06,,,,0,0,,,,FR_JAN_2012.pdf,Sector-Wise analysis of projects,65,411
FR_201201_412,,,412,"DHARAMTUL TO SONAPUR,KM 205-",,,ROAD TRANSPORT & HIGHWAYS,2012-01,2003-12,,160.0,,160.0,,,132.1,2008-05,,2012-06,,,,0,0,,,,FR_JAN_2012.pdf,Sector-Wise analysis of projects,65,412
FR_201201_413,,N24000108,413,"DHOLPUR - MORENA SECTION (INCLUDING CHAMBOL BRIDGE - NHAI,Multi State",,,ROAD TRANSPORT & HIGHWAYS,2012-01,2003-12,,232.45,,232.45,,,173.6,2010-09,,2012-12,,,,0,0,,,,FR_JAN_2012.pdf,Sector-Wise analysis of projects,65,413
FR_201201_414,,N24000177,414,"Dindigul - Kumli - NHAI,Tamil Nadu",,,ROAD TRANSPORT & HIGHWAYS,2012-01,2011-09,,485.0,,485.0,,,,2013-08,,2013-08,,,,0,0,,,,FR_JAN_2012.pdf,Sector-Wise analysis of projects,65,414
FR_201201_415,,N24000118,415,"END OF DURG BYPASS- CHHATISGARH/MAHARASHTRA BORDER - NHAI,Chhatisgarh",,,ROAD TRANSPORT & HIGHWAYS,2012-01,2008-01,,464.0,,464.0,,,531.9,2011-01,,2012-03,,,,0,0,,,,FR_JAN_2012.pdf,Sector-Wise analysis of projects,65,415
FR_201201_416,,240106294,416,"FORBESGANJ TO SIMRAHI (NH- 57)(NHAI) - NHAI,Bihar",NHAI,,ROAD TRANSPORT & HIGHWAYS,2012-01,2003-12,,332.94,,332.94,,,323.3,2008-09,,2012-03,,,,0,0,,,,FR_JAN_2012.pdf,Sector-Wise analysis of projects,65,416
FR_201201_417,,N24000124,417,"Four Lanning from MP/Maharashtra Border to nagpur - NHAI,Maharashtra",,,ROAD TRANSPORT & HIGHWAYS,2012-01,2010-04,,1170.52,44.0,1170.52,,,4.41,2011-06,,2012-10,,,,0,0,,,,FR_JAN_2012.pdf,Sector-Wise analysis of projects,65,417
FR_201201_418,,240106216,418,"GAGODHAR-GARAMORE(PK-IV,NH15) KM 245 TO 281.3 AND 308 TO 254 - NHAI,Gujarat","PK-IV,NH15",,ROAD TRANSPORT & HIGHWAYS,2012-01,2003-12,,412.78,,479.54,,,437.8,2007-11,,2012-02,,,,0,0,,,,FR_JAN_2012.pdf,Sector-Wise analysis of projects,66,418
FR_201201_419,,240106221,419,"GANGA BRIDGE TO RAMDEVI CROSSING PH.II NH-25, KM.75-80.06 - NHAI,Uttar Pradesh",,,ROAD TRANSPORT & HIGHWAYS,2012-01,2003-12,,155.0,,201.66,,,100.3,2008-09,,2012-06,,,,0,0,,,,FR_JAN_2012.pdf,Sector-Wise analysis of projects,66,419
FR_201201_420,,N24000057,420,"GANJAM-ICCHAPURUM,NH-5(NHAI) - NHAI,Orissa",NHAI,,ROAD TRANSPORT & HIGHWAYS,2012-01,2000-04,,263.27,,263.27,,,259.07,2004-02,,2012-05,,,,0,0,,,,FR_JAN_2012.pdf,Sector-Wise analysis of projects,66,420
FR_201201_421,,240106204,421,"GARHMUKTESHWAR-MURADABAD (NHAI) OTHERS KM.93-149.25, NH-24 - NHAI,Uttar Pradesh",NHAI,,ROAD TRANSPORT & HIGHWAYS,2012-01,2003-12,,275.0,,275.0,,,300.0,2007-09,,2012-06,,,,0,0,,,,FR_JAN_2012.pdf,Sector-Wise analysis of projects,66,421
FR_201201_422,,N24000170,422,"GHAZIABAD-ALIGARH NH-91 - NHAI,Uttar Pradesh",,,ROAD TRANSPORT & HIGHWAYS,2012-01,2011-02,,1141.0,,1141.0,,,483.1,2013-08,,2013-08,,,,0,0,,,,FR_JAN_2012.pdf,Sector-Wise analysis of projects,66,422
FR_201201_423,,N24000085,423,"GORAKHPUR BYPASS, NH-28, PHASE-II EAST-WEST CORRID - NHAI,Uttar Pradesh",,,ROAD TRANSPORT & HIGHWAYS,2012-01,2003-12,,600.24,,600.24,,,742.0,2009-10,,2012-06,,,,0,0,,,,FR_JAN_2012.pdf,Sector-Wise analysis of projects,66,423
FR_201201_424,,N24000046,424,"GUWAHATI TO NALBARI (AS-5) - NHAI,Assam",AS-5,,ROAD TRANSPORT & HIGHWAYS,2012-01,2003-12,,198.16,,198.16,,,192.9,2008-04,,2012-12,,,,0,0,,,,FR_JAN_2012.pdf,Sector-Wise analysis of projects,66,424
FR_201201_425,,N24000038,425,"GUWHATI TO NALBARI (AS-4) - NHAI,Assam",AS-4,,ROAD TRANSPORT & HIGHWAYS,2012-01,2003-12,,175.96,,175.96,,,129.5,2008-04,,2012-12,,,,0,0,,,,FR_JAN_2012.pdf,Sector-Wise analysis of projects,66,425
FR_201201_426,,N24000088,426,"GWALIOR BYPSS, NH-75,3 - NHAI,Madhya pradesh",,,ROAD TRANSPORT & HIGHWAYS,2012-01,2003-12,,300.93,,300.93,,,294.6,2009-10,,2012-06,,,,0,0,,,,FR_JAN_2012.pdf,Sector-Wise analysis of projects,66,426
FR_201201_427,,N24000089,427,"GWALIOR-JHANSI, NH-75 - NHAI,Multi State",,,ROAD TRANSPORT & HIGHWAYS,2012-01,2003-12,,604.0,,604.0,,,470.1,2009-12,,2012-06,,,,0,0,,,,FR_JAN_2012.pdf,Sector-Wise analysis of projects,66,427
FR_201201_428,,N24000125,428,"Gujarat/Maharashtra BorderSurat-Hazira Port Section - NHAI,Gujarat",,,ROAD TRANSPORT & HIGHWAYS,2012-01,2010-03,,1509.1,,1509.1,,,1098.0,2012-09,,2012-09,,,,0,0,,,,FR_JAN_2012.pdf,Sector-Wise analysis of projects,66,428
FR_201201_429,,N24000130,429,"Gurgaon-Kotputli Km 42.70 to 54.4 Km - NHAI,Multi State",,,ROAD TRANSPORT & HIGHWAYS,2012-01,2009-04,,1673.7,,1673.7,,,2406.0,2011-10,,2012-06,,,,0,0,,,,FR_JAN_2012.pdf,Sector-Wise analysis of projects,66,429
FR_201201_430,,240104196,430,"HALDIA PORT (PORT CONNECTIVITY) (NH-41) - NHAI,West Bengal",NH-41,,ROAD TRANSPORT & HIGHWAYS,2012-01,2000-04,,273.0,,522.0,,,475.6,2005-03,,2012-01,,,,0,0,,,,FR_JAN_2012.pdf,Sector-Wise analysis of projects,66,430
FR_201201_431,,240106205,431,"HAPUR-GARHMUKTESWAR (OTHERS) KM.58-93, NH-24 - NHAI,Uttar Pradesh",OTHERS,,ROAD TRANSPORT & HIGHWAYS,2012-01,2005-03,,220.0,,220.0,,,258.8,2007-09,,2012-06,,,,0,0,,,,FR_JAN_2012.pdf,Sector-Wise analysis of projects,66,431
FR_201201_432,,240106277,432,"HARANGAJO TO MAIBANG (AS-23), KM.126.450 TO KM.140.700 - NHAI,Assam",AS-23,,ROAD TRANSPORT & HIGHWAYS,2012-01,2003-12,,280.0,,280.0,,,244.1,2009-02,,2013-03,,,,0,0,,,,FR_JAN_2012.pdf,Sector-Wise analysis of projects,66,432
FR_201201_433,,N24000062,433,"HARANGAJO TO MAIBANG, NH-54 - NHAI,Assam",,,ROAD TRANSPORT & HIGHWAYS,2012-01,2003-12,,196.0,,363.74,,,,2009-07,,2014-04,,,,0,0,,,,FR_JAN_2012.pdf,Sector-Wise analysis of projects,66,433
FR_201201_434,,N24000061,434,"HARANGAJO TO MAIBANG,km 164.08- 190.587 NH-54 - NHAI,Assam",,,ROAD TRANSPORT & HIGHWAYS,2012-01,2003-12,,212.0,,386.1,,,,2007-09,,2014-04,,,,0,0,,,,FR_JAN_2012.pdf,Sector-Wise analysis of projects,66,434
FR_201201_435,,240101133,435,"HARIHAR-CHITRADURGA (GQ) KM.284-KM.207 (NH-4) - NHAI,Karnataka",NH-4,,ROAD TRANSPORT & HIGHWAYS,2012-01,2000-04,,318.0,,207.56,,,177.69,2004-08,,2012-02,,,,0,0,,,,FR_JAN_2012.pdf,Sector-Wise analysis of projects,66,435
FR_201201_436,,240101132,436,"HAVERI-HARIHAR (GQ) KM.340- KM.284 (NH-4) - NHAI,Karnataka",NH-4,,ROAD TRANSPORT & HIGHWAYS,2012-01,2000-04,,241.0,,196.65,,,167.83,2004-08,2010-07,2012-03,,,,0,0,,,,FR_JAN_2012.pdf,Sector-Wise analysis of projects,66,436
FR_201201_437,,N24000141,437,"Hazaribagh-Ranchi - NHAI,Jharkhandd",,,ROAD TRANSPORT & HIGHWAYS,2012-01,2010-08,,625.07,45.0,625.07,,,758.6,2013-01,,2013-01,,,,0,0,,,,FR_JAN_2012.pdf,Sector-Wise analysis of projects,66,437
FR_201201_438,,N24000138,438,"Hungund-Surathkal and Mangalore- Knt/Kerala Border - NHAI,Karnataka",,,ROAD TRANSPORT & HIGHWAYS,2012-01,2010-09,,946.0,,946.0,,,863.2,,,2013-03,,,,0,2,,,,FR_JAN_2012.pdf,Sector-Wise analysis of projects,67,438
FR_201201_439,,N24000134,439,"Hyderabad-Vijaywada Km. 40 to 221.50 Km - NHAI,Andhra Pradesh",,,ROAD TRANSPORT & HIGHWAYS,2012-01,2010-04,,1740.0,,1740.0,,,1266.0,2012-10,,2012-10,,,,0,0,,,,FR_JAN_2012.pdf,Sector-Wise analysis of projects,67,439
FR_201201_440,,N24000142,440,"Hyderabad-yadgiri N.H no-202 - NHAI,Andhra Pradesh",,,ROAD TRANSPORT & HIGHWAYS,2012-01,2010-08,,388.0,,388.0,,,408.5,2012-05,,2012-05,,,,0,0,,,,FR_JAN_2012.pdf,Sector-Wise analysis of projects,67,440
FR_201201_441,,N24000159,441,"INDORE-DEWAS(NH-3) - NHAI,Madhya pradesh",NH-3,,ROAD TRANSPORT & HIGHWAYS,2012-01,2010-11,,325.0,,325.0,,,138.7,2013-05,,2013-05,,,,0,0,,,,FR_JAN_2012.pdf,Sector-Wise analysis of projects,67,441
FR_201201_442,,N24000136,442,"Indore-Jhabua-Gujrat/MP - NHAI,Madhya pradesh",,,ROAD TRANSPORT & HIGHWAYS,2012-01,2010-10,,1175.0,,1175.0,,,138.7,2013-04,,2013-04,,,,0,0,,,,FR_JAN_2012.pdf,Sector-Wise analysis of projects,67,442
FR_201201_443,,N24000163,443,"JAMMU-UDHAMPUR KM.27.5 TO KM.67.00 - NHAI,J and K",,,ROAD TRANSPORT & HIGHWAYS,2012-01,2010-07,,1813.76,,1813.76,,,,2013-07,,2013-07,,,,0,0,,,,FR_JAN_2012.pdf,Sector-Wise analysis of projects,67,443
FR_201201_444,,N24000031,444,"JHAJHARPUR TO DARBANGA (BR-7) - NHAI,Bihar",BR-7,,ROAD TRANSPORT & HIGHWAYS,2012-01,2003-12,,340.0,,340.0,,,477.1,2008-09,,2012-03,,,,0,0,,,,FR_JAN_2012.pdf,Sector-Wise analysis of projects,67,444
FR_201201_445,,N24000096,445,"JHANSI TO LALITPUR, NH-25,26 - NHAI,Uttar Pradesh",,,ROAD TRANSPORT & HIGHWAYS,2012-01,2003-12,,355.06,,355.06,,,436.1,2009-09,,2012-02,,,,0,0,,,,FR_JAN_2012.pdf,Sector-Wise analysis of projects,67,445
FR_201201_446,,N24000135,446,"Jaipur-Tonk-Deoli - NHAI,Rajasthan",,,ROAD TRANSPORT & HIGHWAYS,2012-01,2010-06,,792.06,,792.06,,,838.2,2012-12,,2012-12,,,,0,0,,,,FR_JAN_2012.pdf,Sector-Wise analysis of projects,67,446
FR_201201_447,,240106297,447,"KOTA BYPASS,RJ-4, NH-76 (NHAI) - NHAI,Rajasthan",NHAI,,ROAD TRANSPORT & HIGHWAYS,2012-01,2003-12,,275.0,,250.39,,,278.5,2008-10,,2012-09,,,,0,0,,,,FR_JAN_2012.pdf,Sector-Wise analysis of projects,67,447
FR_201201_448,,240106243,448,"KOTWA TO DEWAPUR(10 LMNHP),NH-28 PHASE-II, KM.440 TO KM.402 - NHAI,Bihar",10 LMNHP,,ROAD TRANSPORT & HIGHWAYS,2012-01,2003-12,,240.0,,240.0,,,285.6,2008-10,,2012-03,,,,0,0,,,,FR_JAN_2012.pdf,Sector-Wise analysis of projects,67,448
FR_201201_449,,N24000146,449,"KUNDUPUR-SURATHKAL & MANGLORE - NHAI,Karnataka",,,ROAD TRANSPORT & HIGHWAYS,2012-01,2010-09,,671.0,,671.0,,,173.2,,,2013-03,,,,0,1,,,,FR_JAN_2012.pdf,Sector-Wise analysis of projects,67,449
FR_201201_450,,N24000128,450,"Kishangarh-Ajmer-Beawer - NHAI,Rajasthan",,,ROAD TRANSPORT & HIGHWAYS,2012-01,2009-11,,795.0,,795.0,,,892.1,2012-05,,2012-05,,,,0,0,,,,FR_JAN_2012.pdf,Sector-Wise analysis of projects,67,450
FR_201201_451,,N24000094,451,"LAKHNAADON TO MP/MH BORDER,KM 596.75-653 (NS- 1/BOT/MP-2),NH7 - NHAI,Madhya pradesh",NS- 1/BOT/MP-2,,ROAD TRANSPORT & HIGHWAYS,2012-01,2003-12,,407.6,,407.6,,,185.5,2010-06,,2012-10,,,,0,0,,,,FR_JAN_2012.pdf,Sector-Wise analysis of projects,67,451
FR_201201_452,,N24000095,452,"LAKHNADON TO MP/MH BORDER (NS-1/BOT/MP-2), NH-7 - NHAI,Madhya pradesh",NS-1/BOT/MP-2,,ROAD TRANSPORT & HIGHWAYS,2012-01,2003-12,,263.17,,263.17,,,233.4,2009-09,,2012-10,,,,0,0,,,,FR_JAN_2012.pdf,Sector-Wise analysis of projects,67,452
FR_201201_453,,240106300,453,"LALITPUR TO SAGAR KM 132 TO KM 187, NH-26 (NHAI) - NHAI,Madhya pradesh",NHAI,,ROAD TRANSPORT & HIGHWAYS,2012-01,2003-12,,225.0,,225.0,,,257.5,2008-10,,2012-04,,,,0,0,,,,FR_JAN_2012.pdf,Sector-Wise analysis of projects,67,453
FR_201201_454,,240106280,454,"MAIBANG TO LUNDING (AS-24), KM.111.000 TO KM.126.450 - NHAI,Assam",AS-24,,ROAD TRANSPORT & HIGHWAYS,2012-01,2003-12,,155.04,,280.13,,,65.49,2008-11,,2013-07,,,,0,0,,,,FR_JAN_2012.pdf,Sector-Wise analysis of projects,67,454
FR_201201_455,,240106278,455,"MAIBANG TO LUNDING (AS-25), KM.83.400 TO KM.111.000 - NHAI,Assam",AS-25,,ROAD TRANSPORT & HIGHWAYS,2012-01,2003-12,,199.81,,385.13,,,38.05,2009-04,,2013-07,,,,0,0,,,,FR_JAN_2012.pdf,Sector-Wise analysis of projects,67,455
FR_201201_456,,240106279,456,"MAIBANG TO LUNDING (AS-26), KM.60.500 TO KM.83.400, NH-54 - NHAI,Assam",AS-26,,ROAD TRANSPORT & HIGHWAYS,2012-01,2003-12,,167.64,,167.64,,,2047.0,2008-11,,2014-01,,,,0,0,,,,FR_JAN_2012.pdf,Sector-Wise analysis of projects,67,456
FR_201201_457,,240106281,457,"MAIBANG TO LUNDING (AS-27), KM.40.000 TO KM.60.500 - NHAI,Assam",AS-27,,ROAD TRANSPORT & HIGHWAYS,2012-01,2003-12,,200.0,46.0,200.0,,,89.64,2009-04,,2013-03,,,,0,0,,,,FR_JAN_2012.pdf,Sector-Wise analysis of projects,67,457
FR_201201_458,,N24000126,458,"MP/Maharashtra Border-Dhula - NHAI,Maharashtra",,,ROAD TRANSPORT & HIGHWAYS,2012-01,2009-12,,835.0,,835.0,,,1069.0,2012-06,,2012-06,,,,0,0,,,,FR_JAN_2012.pdf,Sector-Wise analysis of projects,68,458
FR_201201_459,,N24000154,459,"MURADABAD-BAREILY - NHAI,Uttar Pradesh",,,ROAD TRANSPORT & HIGHWAYS,2012-01,2010-04,,1267.0,,1267.0,,,1110.0,2013-06,,2013-06,,,,0,0,,,,FR_JAN_2012.pdf,Sector-Wise analysis of projects,68,459
FR_201201_460,,N24000174,460,"Muzafarpur - Sonbarsa - NHAI,Bihar",,,ROAD TRANSPORT & HIGHWAYS,2012-01,2011-05,,511.54,,511.54,,,65.78,2013-11,,2013-11,,,,0,0,,,,FR_JAN_2012.pdf,Sector-Wise analysis of projects,68,460
FR_201201_461,,N24000042,461,"NAGAON TO DHARAMTUL (AS-2) - NHAI,Assam",AS-2,,ROAD TRANSPORT & HIGHWAYS,2012-01,2003-12,,264.72,,264.72,,,267.8,2008-06,,2012-06,,,,0,0,,,,FR_JAN_2012.pdf,Sector-Wise analysis of projects,68,461
FR_201201_462,,N24000055,462,"NAGPUR-KONDHALI,NH-6(NHAI) - NHAI,Maharashtra",NHAI,,ROAD TRANSPORT & HIGHWAYS,2012-01,2005-03,,168.0,,168.0,,,457.3,2008-12,,2012-06,,,,0,0,,,,FR_JAN_2012.pdf,Sector-Wise analysis of projects,68,462
FR_201201_463,,N24000048,463,"NALBARI T BIJNI (AS-7) - NHAI,Assam",AS-7,,ROAD TRANSPORT & HIGHWAYS,2012-01,2003-12,,208.0,,208.0,,,235.5,2008-04,,2012-12,,,,0,0,,,,FR_JAN_2012.pdf,Sector-Wise analysis of projects,68,463
FR_201201_464,,N24000047,464,"NALBARI TO BIJNI (AS-6) - NHAI,Assam",AS-6,,ROAD TRANSPORT & HIGHWAYS,2012-01,2003-12,,225.0,,225.0,,,188.9,2008-06,,2012-06,,,,0,0,,,,FR_JAN_2012.pdf,Sector-Wise analysis of projects,68,464
FR_201201_465,,N24000035,465,"NALBARI TO BIJNI (AS-8) - NHAI,Assam",AS-8,,ROAD TRANSPORT & HIGHWAYS,2012-01,2003-12,,200.0,,200.0,,,266.44,2008-06,,2012-06,,,,0,0,,,,FR_JAN_2012.pdf,Sector-Wise analysis of projects,68,465
FR_201201_466,,N24000162,466,"NASHRI CHANANI - NHAI,J and K",,,ROAD TRANSPORT & HIGHWAYS,2012-01,2010-06,,2159.0,,2159.0,,,,2015-06,,2015-06,,,,0,0,,,,FR_JAN_2012.pdf,Sector-Wise analysis of projects,68,466
FR_201201_467,,N24000103,467,"NEELAMANGALAR JUNCTION ON NH- NHAI,",,,ROAD TRANSPORT & HIGHWAYS,2012-01,2005-03,,441.0,,441.0,,,946.8,,,2012-02,,,,0,0,,,,FR_JAN_2012.pdf,Sector-Wise analysis of projects,68,467
FR_201201_468,,,468,NEW MANGALORE PORT NH-17 AND,,,ROAD TRANSPORT & HIGHWAYS,2012-01,2000-04,,196.5,,363.0,,,241.3,,,2012-03,,,,0,0,,,,FR_JAN_2012.pdf,Sector-Wise analysis of projects,68,468
FR_201201_469,,N24000107,469,"NH CONNECTIVITY TO ICTT VALLARPADAEU NH - SH - NHAI,Kerala",,,ROAD TRANSPORT & HIGHWAYS,2012-01,2005-03,,557.0,,557.0,,,930.9,2010-02,,2012-05,,,,0,0,,,,FR_JAN_2012.pdf,Sector-Wise analysis of projects,68,469
FR_201201_470,,N24000139,470,"New 4 Lane elevated road from chennai airport - NHAI,Tamil Nadu",,,ROAD TRANSPORT & HIGHWAYS,2012-01,2010-09,,1655.0,,1655.0,,,5.59,2013-09,,2013-09,,,,0,0,,,,FR_JAN_2012.pdf,Sector-Wise analysis of projects,68,470
FR_201201_471,,240106250,471,"ORAI TO JHANSI (UP-5),NH-25, KM.220.0 TO KM.170.0 - NHAI,Uttar Pradesh",UP-5,,ROAD TRANSPORT & HIGHWAYS,2012-01,2003-12,,340.68,,340.68,,,362.1,2008-03,,2012-03,,,,0,0,,,,FR_JAN_2012.pdf,Sector-Wise analysis of projects,68,471
FR_201201_472,,N24000151,472,"PANIPAT-ROHTAK - NHAI,Haryana",,,ROAD TRANSPORT & HIGHWAYS,2012-01,2011-04,,807.0,,807.0,,,575.2,2014-10,,2014-10,,,,0,0,,,,FR_JAN_2012.pdf,Sector-Wise analysis of projects,68,472
FR_201201_473,,N24000115,473,"PATHANKOT BHOGPUR NH-1A - NHAI,Punjab",,,ROAD TRANSPORT & HIGHWAYS,2012-01,2003-12,,229.0,,284.0,,,349.3,2010-05,,2012-05,,,,0,0,,,,FR_JAN_2012.pdf,Sector-Wise analysis of projects,68,473
FR_201201_474,,240106237,474,"PATHANKOT- BHOGPUR, KM.26- KM.70, NH-1A - NHAI,Punjab",,,ROAD TRANSPORT & HIGHWAYS,2012-01,2003-12,,284.0,,359.0,,,157.4,2008-05,,2012-08,,,,0,0,,,,FR_JAN_2012.pdf,Sector-Wise analysis of projects,68,474
FR_201201_475,,N24000165,475,"PATNA-MUZZAFFARPUR - NHAI,Bihar",,,ROAD TRANSPORT & HIGHWAYS,2012-01,2010-08,,671.3,,671.3,,,385.2,2013-02,,2013-02,,,,0,0,,,,FR_JAN_2012.pdf,Sector-Wise analysis of projects,68,475
FR_201201_476,,N24000123,476,"PIMPALGAON-NASIK-GONDE, NH-3 (NHDP-PHASE-III) - NHAI,Maharashtra",NHDP-PHASE-III,,ROAD TRANSPORT & HIGHWAYS,2012-01,2005-03,,940.0,,940.0,,,1141.0,2012-07,,2012-07,,,,0,0,,,,FR_JAN_2012.pdf,Sector-Wise analysis of projects,68,476
FR_201201_477,,N24000156,477,"PUNE-SATARA(NH-4) - NHAI,Maharashtra",NH-4,,ROAD TRANSPORT & HIGHWAYS,2012-01,2010-10,,1724.55,,1724.55,,,107.6,2013-03,,2013-03,,,,0,0,,,,FR_JAN_2012.pdf,Sector-Wise analysis of projects,68,477
FR_201201_478,,N24000133,478,"Panipat-Jalandhar 6 lane(Km 96 to 387.1 km) - NHAI,Haryana",Km 96 to 387.1 km,,ROAD TRANSPORT & HIGHWAYS,2012-01,2009-05,,1108.0,,2288.0,,,3196.0,2011-11,,2012-06,,,,0,0,,,,FR_JAN_2012.pdf,Sector-Wise analysis of projects,68,478
FR_201201_479,,N24000127,479,"Pune-sholapur,pkg1 - NHAI,Maharashtra",,,ROAD TRANSPORT & HIGHWAYS,2012-01,2009-11,,1110.0,47.0,1110.0,,,1802.0,2012-05,,2012-05,,,,0,0,,,,FR_JAN_2012.pdf,Sector-Wise analysis of projects,68,479
FR_201201_480,,N24000161,480,"QUAZIGUND-BANIHAL KM.220.00 TO KM.188.00 - NHAI,J and K",,,ROAD TRANSPORT & HIGHWAYS,2012-01,2010-07,,1987.0,,1987.0,,,,2015-07,,2015-07,,,,0,0,,,,FR_JAN_2012.pdf,Sector-Wise analysis of projects,69,480
FR_201201_481,,240106304,481,"RAJMARG CHORAHA TO LAKHNANDON,KM 297 TO KM 351, NH-26 (NHAI) - NHAI,Madhya pradesh",NHAI,,ROAD TRANSPORT & HIGHWAYS,2012-01,2003-12,,251.03,,251.03,,,287.8,2008-10,,2012-12,,,,0,0,,,,FR_JAN_2012.pdf,Sector-Wise analysis of projects,69,481
FR_201201_482,,240106305,482,"RAJMARG CHORAHA TO LAKHNANDON,KM 351 TO KM 405.7, NH-26 (NHA - NHAI,Madhya pradesh",,,ROAD TRANSPORT & HIGHWAYS,2012-01,2003-12,,229.91,,229.91,,,235.0,2008-10,,2012-09,,,,0,0,,,,FR_JAN_2012.pdf,Sector-Wise analysis of projects,69,482
FR_201201_483,,N24000169,483,"ROHTAK-BAWAL - NHAI,Haryana",,,ROAD TRANSPORT & HIGHWAYS,2012-01,2011-05,,650.0,,650.0,,,,2013-11,,2013-11,,,,0,0,,,,FR_JAN_2012.pdf,Sector-Wise analysis of projects,69,483
FR_201201_484,,240106303,484,"SAGAR - RAJMARG CHORAHA,KM NHAI,Madhya pradesh",,,ROAD TRANSPORT & HIGHWAYS,2012-01,2003-12,,203.43,,203.43,,,217.3,2008-10,,2012-12,,,,0,0,,,,FR_JAN_2012.pdf,Sector-Wise analysis of projects,69,484
FR_201201_485,,240106301,485,"SAGAR BY PASS,KM 187 TO KM 211 , NH-26 (NHAI) - NHAI,Uttar Pradesh",NHAI,,ROAD TRANSPORT & HIGHWAYS,2012-01,2003-12,,151.3,,151.3,,,177.0,2008-10,,2012-05,,,,0,0,,,,FR_JAN_2012.pdf,Sector-Wise analysis of projects,69,485
FR_201201_486,,N24000102,486,"SALEM - U / UNDRUPET(BOT -1/TN- 06) NH -68 - NHAI,Tamil Nadu",BOT -1/TN- 06,,ROAD TRANSPORT & HIGHWAYS,2012-01,2005-03,,941.0,,941.0,,,1901.0,2011-01,,2012-03,,,,0,0,,,,FR_JAN_2012.pdf,Sector-Wise analysis of projects,69,486
FR_201201_487,,N24000179,487,"SAMAIKHIALI - GANDHIDHAM - NHAI,Gujarat",,,ROAD TRANSPORT & HIGHWAYS,2012-01,2010-09,,805.39,,805.39,,,209.8,2013-03,,2013-03,,,,0,0,,,,FR_JAN_2012.pdf,Sector-Wise analysis of projects,69,487
FR_201201_488,,240100207,488,"SILCHAR-UDARBAND (PH.II) HN-54, KM.309 TO KM.275 - NHAI,Assam",PH.II,,ROAD TRANSPORT & HIGHWAYS,2012-01,2003-12,,157.47,,154.57,,,186.0,2007-09,,2012-06,,,,0,0,,,,FR_JAN_2012.pdf,Sector-Wise analysis of projects,69,488
FR_201201_489,,N24000028,489,"SILIGURI TO ISLAMPUR (WB-7) - NHAI,West Bengal",WB-7,,ROAD TRANSPORT & HIGHWAYS,2012-01,2003-12,,225.0,,225.0,,,177.4,2008-07,,2012-12,,,,0,0,,,,FR_JAN_2012.pdf,Sector-Wise analysis of projects,69,489
FR_201201_490,,N24000171,490,"SIX LANNING OF HOSUR- KRISHNAGRI NH-7 KM.33.130 TO - NHAI,Tamil Nadu",,,ROAD TRANSPORT & HIGHWAYS,2012-01,2011-06,,535.0,,535.0,,,,2013-12,,2013-12,,,,0,0,,,,FR_JAN_2012.pdf,Sector-Wise analysis of projects,69,490
FR_201201_491,,N24000172,491,"SIX LANNING OF KRISHNAGIRI- WALAJHAPET SECTION KM. - NHAI,Tamil Nadu",,,ROAD TRANSPORT & HIGHWAYS,2012-01,2011-09,,1250.0,,1250.0,,,,2013-12,,2013-12,,,,0,0,,,,FR_JAN_2012.pdf,Sector-Wise analysis of projects,69,491
FR_201201_492,,N24000149,492,"SIX LANNING OF VADAKKANCHERRY THRISSURESECTION - NHAI,Kerala",,,ROAD TRANSPORT & HIGHWAYS,2012-01,2010-02,,617.0,,617.0,,,154.5,2012-08,,2013-10,,,,0,0,,,,FR_JAN_2012.pdf,Sector-Wise analysis of projects,69,492
FR_201201_493,,N24000044,493,"SONAPUR TO GUWAHTI (AS-3) - NHAI,Assam",AS-3,,ROAD TRANSPORT & HIGHWAYS,2012-01,2003-12,,245.0,,245.0,,,491.2,2008-03,,2012-05,,,,0,0,,,,FR_JAN_2012.pdf,Sector-Wise analysis of projects,69,493
FR_201201_494,,240101153,494,"SUNAKHALA-GANJAM (GQ) KM.338- KM.284 (NH-5) - NHAI,Orissa",NH-5,,ROAD TRANSPORT & HIGHWAYS,2012-01,2000-04,,225.0,,241.53,,,91.4,2004-04,,2012-07,,,,0,0,,,,FR_JAN_2012.pdf,Sector-Wise analysis of projects,69,494
FR_201201_495,,,495,Surat- Dahisar(Six Lane) Km 263 to Km,Six Lane,,ROAD TRANSPORT & HIGHWAYS,2012-01,2009-02,,1693.75,,1693.75,,,2610.0,2011-08,,2012-03,,,,0,0,,,,FR_JAN_2012.pdf,Sector-Wise analysis of projects,69,495
FR_201201_496,,N24000056,496,"THANJAUR-TRICHY,NH-67(NHAI) - NHAI,Tamil Nadu",NHAI,,ROAD TRANSPORT & HIGHWAYS,2012-01,2005-03,,280.0,,280.0,,,581.5,2009-06,,2012-11,,,,0,0,,,,FR_JAN_2012.pdf,Sector-Wise analysis of projects,69,496
FR_201201_497,,N24000101,497,"TRICHY - KORUR NH-67 - NHAI,Tamil Nadu",,,ROAD TRANSPORT & HIGHWAYS,2012-01,2005-03,,516.0,,516.0,,,691.9,2010-07,,2013-03,,,,0,0,,,,FR_JAN_2012.pdf,Sector-Wise analysis of projects,69,497
FR_201201_498,,N24000140,498,"Talegaon-amravati - NHAI,Maharashtra",,,ROAD TRANSPORT & HIGHWAYS,2012-01,2009-11,,567.0,48.0,567.0,,,358.4,2013-11,,2013-11,,,,0,0,,,,FR_JAN_2012.pdf,Sector-Wise analysis of projects,69,498
FR_201201_499,,N24000178,499,"Tirupati - Chennai - NHAI,Tamil Nadu",,,ROAD TRANSPORT & HIGHWAYS,2012-01,2011-04,,571.0,,571.0,,,,2013-10,,2013-10,,,,0,0,,,,FR_JAN_2012.pdf,Sector-Wise analysis of projects,70,499
FR_201201_500,,N24000176,500,"Trichy Bypass - NHAI,Tamil Nadu",,,ROAD TRANSPORT & HIGHWAYS,2012-01,2010-05,,374.0,,374.0,,,33.88,2013-05,,2013-05,,,,0,0,,,,FR_JAN_2012.pdf,Sector-Wise analysis of projects,70,500
FR_201201_501,,N24000160,501,"UGRADATION OF HYDERABAD- BANGALORE SECTION - NHAI,Karnataka",,,ROAD TRANSPORT & HIGHWAYS,2012-01,2010-11,,680.0,,680.0,,,,,,2012-11,,,,0,2,,,,FR_JAN_2012.pdf,Sector-Wise analysis of projects,70,501
FR_201201_502,,240106292,502,"UP/BIHAR BORDER TO KASIA (NH- 28)(NHAI) - NHAI,Uttar Pradesh",NHAI,,ROAD TRANSPORT & HIGHWAYS,2012-01,2003-12,,227.0,,227.0,,,383.0,2008-12,,2012-03,,,,0,0,,,,FR_JAN_2012.pdf,Sector-Wise analysis of projects,70,502
FR_201201_503,,240106235,503,"VIJAYAPUR TO PATHANKOT (J&K) NH-1A KM.16.35 TO KM.50.00 - NHAI,J and K",J&K,,ROAD TRANSPORT & HIGHWAYS,2012-01,2003-12,,193.09,,166.3,,,184.6,2008-03,,2012-03,,,,0,0,,,,FR_JAN_2012.pdf,Sector-Wise analysis of projects,70,503
FR_201201_504,,240106236,504,"VIJAYAPUR TO PATHANKOT (NS- 35/J&K) NH-1A KM.50 TO KM.80 - NHAI,J and K",NS- 35/J&K,,ROAD TRANSPORT & HIGHWAYS,2012-01,2003-12,,166.27,,193.1,,,155.1,2008-03,,2012-03,,,,0,0,,,,FR_JAN_2012.pdf,Sector-Wise analysis of projects,70,504
FR_201201_505,,N24000150,505,"WADNER-DEVDHARI(NS-60/MH)(KM 94-123 KM) - NHAI,Maharashtra",KM 94-123 KM,,ROAD TRANSPORT & HIGHWAYS,2012-01,2011-02,,193.45,,193.45,,,29.71,2012-11,,2012-11,,,,0,0,,,,FR_JAN_2012.pdf,Sector-Wise analysis of projects,70,505
FR_201201_506,,N24000117,506,"ZIRAKPUR(HARYANA) - PARWANOO(HIMACHAL PRADESH) - NHAI,Multi State",HIMACHAL PRADESH,,ROAD TRANSPORT & HIGHWAYS,2012-01,2008-02,,295.0,,295.0,,,759.9,2010-08,,2012-03,,,,0,0,,,,FR_JAN_2012.pdf,Sector-Wise analysis of projects,70,506
FR_201201_507,,N24000175,507,"kandla - Mundra port - NHAI,Gujarat Total",,,ROAD TRANSPORT & HIGHWAYS,2012-01,2011-01,,953.88,72336.63,953.88,,,100.8,2013-07,,2013-07,,,,0,0,,,,FR_JAN_2012.pdf,Sector-Wise analysis of projects,70,507
FR_201201_508,,N25000014,508,"ACQUISITION OF 4 NO. OF ANCHOR HANDLING CUM SUPPLY - SHIPP.,Maharashtra",,,SHIPPING & PORTS,2012-01,2007-10,,359.44,,359.44,,,358.79,2011-04,2011-06,2012-06,,,,0,0,,,,FR_JAN_2012.pdf,Sector-Wise analysis of projects,70,508
FR_201201_509,,N25000031,509,"ACQUISITION OF 4 NOS. OF 80655 DWT PANAMAX BULK CA - SHIPP.,Maharashtra",,,SHIPPING & PORTS,2012-01,2008-08,,1066.91,,968.35,,,315.01,2012-09,,2012-09,,,,0,0,,,,FR_JAN_2012.pdf,Sector-Wise analysis of projects,70,509
FR_201201_510,,N25000033,510,"ACQUISITION OF 6 NOS. OF 57000 DWT HANDYMAX BULK C - SHIPP.,Maharashtra",,,SHIPPING & PORTS,2012-01,2007-11,,1061.96,1077.6,1082.06,,,987.34,2012-03,,2012-03,,,,0,0,,,,FR_JAN_2012.pdf,Sector-Wise analysis of projects,70,510
FR_201201_511,,N25000058,511,"ACQUISITION OF TWO NOS OF 120 B.P (AH03TYPE) AHTS - SHIPP.,Kerala",AH03TYPE,,SHIPPING & PORTS,2012-01,2010-12,,241.5,,241.5,,,157.81,2011-09,,2011-12,,,,0,0,,,,FR_JAN_2012.pdf,Sector-Wise analysis of projects,70,511
FR_201201_512,,N25000051,512,"Acquisition of 4 nos of 82000 DWT kamsavmax Bulk carriers - SHIPP.,Maharashtra",,,SHIPPING & PORTS,2012-01,2010-08,,612.72,627.64,627.64,,,193.11,2012-12,,2012-12,,,,0,0,,,,FR_JAN_2012.pdf,Sector-Wise analysis of projects,70,512
FR_201201_513,,N25000043,513,"Acquisition of Two nos. of 3060 DWT - PORT TRUST,Maharashtra",,,SHIPPING & PORTS,2012-01,2009-04,,277.03,280.0,277.03,,,81.4,2011-12,2012-08,2012-08,,,,0,0,,,,FR_JAN_2012.pdf,Sector-Wise analysis of projects,70,513
FR_201201_514,,N25000042,514,"Acquisition of two nos. of 120 B.P - SHIPP.,Maharashtra",,,SHIPPING & PORTS,2012-01,2009-04,,290.85,305.0,305.0,,,86.46,2011-06,2012-01,2012-06,,,,0,0,,,,FR_JAN_2012.pdf,Sector-Wise analysis of projects,70,514
FR_201201_515,,N25000053,515,"Acquisition of two(2) Nos. of 317000 DWT very large crude - SHIPP.,Maharashtra",2,,SHIPPING & PORTS,2012-01,2010-10,,966.46,49.0,994.82,,,189.92,2014-02,,2014-02,,,,0,0,,,,FR_JAN_2012.pdf,Sector-Wise analysis of projects,70,515
FR_201201_516,,N25000052,516,"Acquistion of three(3) nos of 6500TEU Cellular container - SHIPP.,Maharashtra",3,,SHIPPING & PORTS,2012-01,2010-10,,1028.1,1012.23,1028.1,,,371.96,2013-12,,2013-12,,,,0,0,,,,FR_JAN_2012.pdf,Sector-Wise analysis of projects,71,516
FR_201201_517,,N25000037,517,"C/O Berthing and Allied Facilities off tekra near - PORT TRUST,Gujarat",,,SHIPPING & PORTS,2012-01,2005-04,,882.0,,1060.0,,,0.16,2011-02,,2013-03,,,,0,0,,,,FR_JAN_2012.pdf,Sector-Wise analysis of projects,71,517
FR_201201_518,,N25000016,518,"CONST. & DEV. OF 2 OFFSHORE CONTAINER BERTHS & TER - MUMBAI PORT TRU,Maharashtra",,,SHIPPING & PORTS,2012-01,2007-11,,1228.0,,1460.0,,,652.4,2010-12,,2012-09,,,,0,0,,,,FR_JAN_2012.pdf,Sector-Wise analysis of projects,71,518
FR_201201_519,,N25000039,519,"CONSTRUCTION OF 13 & 14 CARGO BERTH AT KANDLA - PORT TRUST,Gujarat",,,SHIPPING & PORTS,2012-01,2005-12,,702.0,,755.5,,,219.0,2011-03,,2013-03,,,,0,0,,,,FR_JAN_2012.pdf,Sector-Wise analysis of projects,71,519
FR_201201_520,,N25000003,520,"DEEPENING AND WIDENING OF MUMBAI HARBOUR CHANNEL A - PORT TRUST,Maharashtra",,,SHIPPING & PORTS,2012-01,2005-10,,800.0,,800.0,,,5.75,2008-10,,,,,,0,0,,,,FR_JAN_2012.pdf,Sector-Wise analysis of projects,71,520
FR_201201_521,,N25000004,521,"DEEPENING OF CHANNEL AT PARADIP PORT - PORT TRUST,Orissa",,,SHIPPING & PORTS,2012-01,2005-12,,154.84,,253.36,,,,2007-12,2009-01,,,,,0,0,,,,FR_JAN_2012.pdf,Sector-Wise analysis of projects,71,521
FR_201201_522,,N25000055,522,"DEVELOPMENT OF COAL TERMINAL - ENNORE PORT LTD,Tamil Nadu",,,SHIPPING & PORTS,2012-01,2006-09,,399.13,,399.13,,,,2010-08,,,,,,0,0,,,,FR_JAN_2012.pdf,Sector-Wise analysis of projects,71,522
FR_201201_523,,N25000056,523,"DEVELOPMENT OF IRON ORE TERMINAL - ENNORE PORT LTD,Tamil Nadu",,,SHIPPING & PORTS,2012-01,2006-09,,370.0,,370.0,,,,2010-08,,,,,,0,0,,,,FR_JAN_2012.pdf,Sector-Wise analysis of projects,71,523
FR_201201_524,,N25000035,524,"ENNORE MANALI EXPRESS WAY,F/O SPECIAL PURPOSE VEHI - SHIPP.,Tamil Nadu",,,SHIPPING & PORTS,2012-01,2002-10,,150.0,600.0,600.0,,,67.0,2006-03,,2013-12,,,,0,0,,,,FR_JAN_2012.pdf,Sector-Wise analysis of projects,71,524
FR_201201_525,,250100112,525,"ESTABLISHMENT OF VESSEL TRAFFIC SERVICES IN GULF OF KUTCH - SHIPP.,Gujarat",,,SHIPPING & PORTS,2012-01,2002-01,,165.0,165.0,165.0,,,125.0,2005-12,2008-01,2011-10,,,,0,0,,,,FR_JAN_2012.pdf,Sector-Wise analysis of projects,71,525
FR_201201_526,,N25000054,526,"MARINE LIQUID TERMINALS - ENNORE TANK,Tamil Nadu",,,SHIPPING & PORTS,2012-01,2004-10,,196.25,,196.25,,,,2006-06,2011-09,2011-09,,,,0,0,,,,FR_JAN_2012.pdf,Sector-Wise analysis of projects,71,526
FR_201201_527,,N25000049,527,"Mechanization of coal handling facilities to 200 - PORT TRUST,Andhra Pradesh",,,SHIPPING & PORTS,2012-01,2010-02,,444.1,,444.1,,,,2010-06,,2012-11,,,,0,0,,,,FR_JAN_2012.pdf,Sector-Wise analysis of projects,71,527
FR_201201_528,,N25000050,528,"Modification & Strengthening of Existing Berth No. 1 to 6 - PORT TRUST,Gujarat",,,SHIPPING & PORTS,2012-01,2010-06,,277.0,,277.0,,,0.04,2012-03,,2012-03,,,,0,0,,,,FR_JAN_2012.pdf,Sector-Wise analysis of projects,71,528
FR_201201_529,,N25000059,529,"RAIL CONNECTIVITY TO ICTT AT VALLARPADAM AT COCHIN PORT TRUS - RVNL,Kerala",,,SHIPPING & PORTS,2012-01,2007-03,,245.67,298.17,373.22,,,336.25,2009-04,2009-11,2011-02,,,,0,0,,,,FR_JAN_2012.pdf,Sector-Wise analysis of projects,71,529
FR_201201_530,,250100175,530,"SETHUSAMUDRAM SHIP CHANNEL PROJECT - PORT TRUST,Tamil Nadu",,,SHIPPING & PORTS,2012-01,2005-06,,2427.4,,2427.4,,,821.85,2008-10,,,,,,0,0,,,,FR_JAN_2012.pdf,Sector-Wise analysis of projects,71,530
FR_201201_531,,N25000047,531,"SETTING UP OF AN INTERNATIONAL CRUISE TERMINAL AT - PORT TRUST,Kerala",,,SHIPPING & PORTS,2012-01,2008-03,,375.0,272.5,272.5,,,,2009-01,,2013-05,,,,0,0,,,,FR_JAN_2012.pdf,Sector-Wise analysis of projects,71,531
FR_201201_532,,N25000048,532,"SETTING UP OF LNG REGASIFICATION TERMINAL AT PUTHU - PORT TRUST,Kerala Total",,,SHIPPING & PORTS,2012-01,2009-03,,3500.0,18221.36,3500.0,,,4969.25,2012-01,,2012-03,,,,0,0,,,,FR_JAN_2012.pdf,Sector-Wise analysis of projects,72,532
FR_201201_533,,N26000062,533,"Assam Telecom Circle, Phase-V.I, 2G & 3G - BSNL,Assam",,,TELECOMMUNICATIONS,2012-01,2007-06,,336.81,,336.81,,,155.71,2009-01,,2012-03,,,,0,0,,,,FR_JAN_2012.pdf,Sector-Wise analysis of projects,72,533
FR_201201_534,,N26000016,534,"CONVERGENT BILLING AND CRM(MUMBAI) - MTNL,Maharashtra",MUMBAI,,TELECOMMUNICATIONS,2012-01,2006-01,,247.0,,247.0,,,75.89,2007-02,,2011-08,,,,0,0,,,,FR_JAN_2012.pdf,Sector-Wise analysis of projects,72,534
FR_201201_535,,N26000011,535,"CONVERGENT BILLING AND CRM- MTNL(DELHI) - MTNL,Delhi",DELHI,,TELECOMMUNICATIONS,2012-01,2005-12,,249.0,229.41,229.41,,,66.2,2007-02,,2011-08,,,,0,0,,,,FR_JAN_2012.pdf,Sector-Wise analysis of projects,72,535
FR_201201_536,,N26000096,536,"ERP implementation in BSNL on Turnkey basis - BSNL,Multi State",,,TELECOMMUNICATIONS,2012-01,2009-10,,384.0,,384.0,,,21.8,2010-10,2012-03,2012-07,,,,0,0,,,,FR_JAN_2012.pdf,Sector-Wise analysis of projects,72,536
FR_201201_537,,N26000029,537,"EXPANSION OF EXISTING 750K GSM NETWORK PE NO. 992 - BSNL,Maharashtra",,,TELECOMMUNICATIONS,2012-01,2006-06,,231.38,,168.3,,,,2007-10,,,,,,0,0,,,,FR_JAN_2012.pdf,Sector-Wise analysis of projects,72,537
FR_201201_538,,N26000065,538,"Execution of telecom network requirement of defence - BSNL,Multi State",,,TELECOMMUNICATIONS,2012-01,2006-05,,1077.0,,1077.0,,,,2009-03,,,,,,0,0,,,,FR_JAN_2012.pdf,Sector-Wise analysis of projects,72,538
FR_201201_539,,N26000078,539,"FTTH BO-3474 /08-09 in Mumbai - MTNL,Maharashtra",,,TELECOMMUNICATIONS,2012-01,2010-04,,389.86,,389.86,,,3.06,2011-09,,2011-09,,,,0,0,,,,FR_JAN_2012.pdf,Sector-Wise analysis of projects,72,539
FR_201201_540,,N26000041,540,"GSM EQUIPMENT OF 390K LINES(2G) AND 130K LINES(3G) - BSNL,Punjab",3G,,TELECOMMUNICATIONS,2012-01,2008-02,,373.94,,373.94,,,211.36,2008-12,,2012-03,,,,0,0,,,,FR_JAN_2012.pdf,Sector-Wise analysis of projects,72,540
FR_201201_541,,N26000046,541,"GSM EQUIPMENT OF 700K LINES(2G) AND 150K LINES(3G) - BSNL,Orissa",3G,,TELECOMMUNICATIONS,2012-01,2007-11,,277.34,,277.34,,,,2009-03,,2011-02,,,,0,0,,,,FR_JAN_2012.pdf,Sector-Wise analysis of projects,72,541
FR_201201_542,,N26000093,542,"GSM equipment of 1500000Lines (2G) 264700lines 3(G - BSNL,Andhra Pradesh",2G,,TELECOMMUNICATIONS,2012-01,2009-01,,922.91,,922.91,,,346.9,2010-01,,2011-12,,,,0,0,,,,FR_JAN_2012.pdf,Sector-Wise analysis of projects,72,542
FR_201201_543,,N26000090,543,"GSM equipment of 1625000Lines (2G) 325000 lines 3( - BSNL,Madhya pradesh",2G,,TELECOMMUNICATIONS,2012-01,2009-11,,916.7,930.6,930.6,,,757.02,2010-11,,2012-03,,,,0,0,,,,FR_JAN_2012.pdf,Sector-Wise analysis of projects,72,543
FR_201201_544,,N26000089,544,"GSM equipment of 1867000Lines (2G) 383000 lines 3( - BSNL,Gujarat",2G,,TELECOMMUNICATIONS,2012-01,2008-08,,868.0,,868.0,,,362.62,2009-08,,2012-03,,,,0,0,,,,FR_JAN_2012.pdf,Sector-Wise analysis of projects,72,544
FR_201201_545,,N26000082,545,"GSM equipment of 200000Lines (2G) UP(West)Phase V. - BSNL,Uttar Pradesh",West,,TELECOMMUNICATIONS,2012-01,2008-10,,336.84,,336.84,,,35.75,2009-10,,2011-03,,,,0,0,,,,FR_JAN_2012.pdf,Sector-Wise analysis of projects,72,545
FR_201201_546,,N26000088,546,"GSM equipment of 799000Lines (2G) 101000 lines 3(G - BSNL,Jharkhandd",2G,,TELECOMMUNICATIONS,2012-01,2008-03,,328.13,,328.12,,,164.58,2009-03,,2012-03,,,,0,0,,,,FR_JAN_2012.pdf,Sector-Wise analysis of projects,72,546
FR_201201_547,,N26000073,547,"Implementation of FTTH, the state of the art Acces - BSNL,Multi State",,,TELECOMMUNICATIONS,2012-01,2007-12,,152.65,51.0,152.65,,,,2010-03,,,,,,0,0,,,,FR_JAN_2012.pdf,Sector-Wise analysis of projects,72,547
FR_201201_548,,N26000072,548,"Implementation of FTTH, the state of the art access ,gpon eq - BSNL,Multi State",,,TELECOMMUNICATIONS,2012-01,2007-12,,952.88,,952.88,,,,2010-03,,2010-10,,,,0,0,,,,FR_JAN_2012.pdf,Sector-Wise analysis of projects,73,548
FR_201201_549,,260100099,549,"PROJ.III OF NIB-II OF MESSAGING STORAGE - BSNL,Multi State",,,TELECOMMUNICATIONS,2012-01,2003-11,,250.0,,425.51,,,161.31,2005-12,,2012-03,,,,0,0,,,,FR_JAN_2012.pdf,Sector-Wise analysis of projects,73,549
FR_201201_550,,N26000058,550,"UTTARANCHAL TELECOM CIRCLE PHASE-VI (2G & 3G) - BSNL,Uttaranchal Total",2G & 3G,,TELECOMMUNICATIONS,2012-01,2009-01,,149.15,158.72,158.72,,,76.55,2009-06,,2011-12,,,,0,0,,,,FR_JAN_2012.pdf,Sector-Wise analysis of projects,73,550
FR_201201_551,,N28000008,551,"BANGALORE METRO RAIL PROJECT - MRTP,Karnataka",,,URBAN DEVELOPMENT,2012-01,2006-05,,6395.0,,11609.0,,,2267.57,2011-12,,2013-12,,,,6,6,,,,FR_JAN_2012.pdf,Sector-Wise analysis of projects,73,551
FR_201201_552,,N28000048,552,"C/o office building for IDBI at bandra Kurla Compl - CPWD,Maharashtra",,,URBAN DEVELOPMENT,2012-01,2006-11,,114.18,173.08,173.08,,,,2009-04,,,,,,0,0,,,,FR_JAN_2012.pdf,Sector-Wise analysis of projects,73,552
FR_201201_553,,N28000056,553,"DELHI MRTS PHASE-III - DMRC,Delhi",,,URBAN DEVELOPMENT,2012-01,2011-09,,35242.0,,35242.0,,,94.33,2016-03,,2016-03,,,,0,0,,,,FR_JAN_2012.pdf,Sector-Wise analysis of projects,73,553
FR_201201_554,,N28000057,554,"FARIDABAD EXTENSION - DMRC,Delhi Total",,,URBAN DEVELOPMENT,2012-01,2011-09,,2494.0,44245.18,2494.0,,,2361.9,2014-09,,2014-09,,,,0,0,,,,FR_JAN_2012.pdf,Sector-Wise analysis of projects,73,554
FR_201201_555,,300100001,555,"PAGLADIYA DAM PROJECT - MoWR,Assam Total",,,WATER RESOURCES,2012-01,2001-01,,542.9,542.9,1187.0,,,35.49,2007-12,,2012-12,,,,0,0,,,,FR_JAN_2012.pdf,Sector-Wise analysis of projects,73,555
