observation_id,project_id,project_code,serial_no,project_name,agency,state,sector,report_date,approval_date,approval_date_revised,original_cost_crore,revised_cost_crore,anticipated_cost_crore,cost_overrun_original_crore,cost_overrun_revised_crore,cumulative_expenditure_crore,original_completion_date,revised_completion_date,anticipated_completion_date,time_overrun_original_months,time_overrun_revised_months,additional_delay_months,milestones_achieved,milestones_total,physical_progress_pct,delay_reason,status,source.report,source.table,source.page,source.serial_no
FR_201003_001,,020100041,1,KAIGA 3 and 4 UNITS (NPCIL) -,NPCIL,,ATOMIC ENERGY,2010-03,2001-05,,4213.0,,3282.0,,,2532.0,2009-10,2007-09,2010-06,,,,71,75,,,,FR_MARCH_2010.pdf,Sector-Wise analysis of projects,38,1
FR_201003_002,,020100040,2,KUDANKULAM APP (NPCIL) -,NPCIL,,ATOMIC ENERGY,2010-03,2001-12,,13171.0,,13171.0,,,12657.0,2008-12,,2011-03,,,,61,119,,,,FR_MARCH_2010.pdf,Sector-Wise analysis of projects,38,2
FR_201003_003,,N02000007,3,URANIUM ORE MINE & PROCESSING PLANT AT TUMMALAPALL -,,,ATOMIC ENERGY,2010-03,2007-09,,1106.29,,1106.29,,,486.37,,,2011-04,,,,0,1,,,,FR_MARCH_2010.pdf,Sector-Wise analysis of projects,38,3
FR_201003_004,,020100044,4,"PROTOTYPE FAST BREEDER REACTOR (BHAVINI, 500 MWE) - Total","BHAVINI, 500 MWE",,ATOMIC ENERGY,2010-03,2003-09,,3492.0,21982.29,5677.0,,,2375.38,2010-09,,2011-09,,,,8,80,,,,FR_MARCH_2010.pdf,Sector-Wise analysis of projects,38,4
FR_201003_005,,N04000034,5,C/O NEW EXPANDABLE MODULAR INTEGRATED BLDG. RAIPUR -,,,CIVIL AVIATION,2010-03,2008-03,,129.65,135.72,129.65,,,35.92,2009-09,2010-03,2010-03,,,,0,0,,,,FR_MARCH_2010.pdf,Sector-Wise analysis of projects,38,5
FR_201003_006,,N04000042,6,Construction of New Integrated Passenger Terminal -,,,CIVIL AVIATION,2010-03,2006-03,,129.38,,129.38,,,13.49,2009-04,2009-10,2010-03,,,,0,0,,,,FR_MARCH_2010.pdf,Sector-Wise analysis of projects,38,6
FR_201003_007,,N04000051,7,Construction of New Integrated terminal building -,,,CIVIL AVIATION,2010-03,2007-04,,128.96,,128.96,,,20.9,2009-02,2009-06,2010-03,,,,0,0,,,,FR_MARCH_2010.pdf,Sector-Wise analysis of projects,38,7
FR_201003_008,,N04000036,8,C/O EXPANDABLE MODULAR TER. BULD. AT DABH INDORE -,,,CIVIL AVIATION,2010-03,2008-02,,135.6,,113.02,,,44.76,,,2010-05,,,,0,1,,,,FR_MARCH_2010.pdf,Sector-Wise analysis of projects,38,8
FR_201003_009,,N04000017,9,CONSTRUCTION OF NEW INTERNATIONAL TERMINAL BLDG. A -,,,CIVIL AVIATION,2010-03,2007-02,,290.92,,290.92,,,239.59,,,2010-06,,,,1,24,,,,FR_MARCH_2010.pdf,Sector-Wise analysis of projects,38,9
FR_201003_010,,N04000035,10,C/O EXPANDABLE MODULAR INTEGRATED TER. BULD. RAJA -,,,CIVIL AVIATION,2010-03,2008-03,,135.04,,135.04,,,69.43,2009-09,,2010-06,,,,0,0,,,,FR_MARCH_2010.pdf,Sector-Wise analysis of projects,38,10
FR_201003_011,,N04000040,11,D/O OF TERMINAL BLDG. AND PAVEMENT WORKS AT CHENNA -,,,CIVIL AVIATION,2010-03,2008-01,,535.0,,535.0,,,143.97,2010-06,,2010-06,,,,0,0,,,,FR_MARCH_2010.pdf,Sector-Wise analysis of projects,38,11
FR_201003_012,,N04000049,12,C/o new Integrated terminal Bldg. at Birsa Munda -,,,CIVIL AVIATION,2010-03,2009-01,,137.79,,137.79,,,7.5,2010-01,2010-02,2010-06,,,,0,0,,,,FR_MARCH_2010.pdf,Sector-Wise analysis of projects,38,12
FR_201003_013,,N04000047,13,Construction of New Expandable Modular Integrated -,,,CIVIL AVIATION,2010-03,2008-03,,135.72,,135.72,,,41.96,2009-09,2009-12,2010-07,,,,0,0,,,,FR_MARCH_2010.pdf,Sector-Wise analysis of projects,38,13
FR_201003_014,,N04000068,14,CONSTRACTION OF RCC/PRE STRESSD CONCRETE BRIDGE K3 -,,,CIVIL AVIATION,2010-03,2009-06,,213.35,,213.35,,,56.0,2010-09,,2010-11,,,,0,0,,,,FR_MARCH_2010.pdf,Sector-Wise analysis of projects,38,14
FR_201003_015,,N04000039,15,C/O INTEGERATED CARGO COMPLEX(PH-III) AT CHENNAI A -,PH-III,,CIVIL AVIATION,2010-03,2008-08,,144.94,,144.94,,,27.83,,,2010-12,,,,0,2,,,,FR_MARCH_2010.pdf,Sector-Wise analysis of projects,38,15
FR_201003_016,,N04000038,16,D/O KAMARAJ DOMESTIC TER-PH-II & EXP. ANNA INT. TE(K1) -,K1,,CIVIL AVIATION,2010-03,2008-08,,1273.0,1212.0,1273.0,,,255.24,2011-01,,2011-01,,,,0,0,,,,FR_MARCH_2010.pdf,Sector-Wise analysis of projects,38,16
FR_201003_017,,N04000056,17,Extension of Secondary Runway(K2) -,K2,,CIVIL AVIATION,2010-03,2008-08,,230.0,,230.0,,,188.12,2011-01,,2011-01,,,,0,0,,,,FR_MARCH_2010.pdf,Sector-Wise analysis of projects,38,17
FR_201003_018,,N04000037,18,C/O INTEGRATED PASSENGER TER. BULD. NSCBI AIRPORT -,,,CIVIL AVIATION,2010-03,2008-08,,1942.51,37.0,1942.51,,,579.26,2011-05,,2011-08,,,,0,0,,,,FR_MARCH_2010.pdf,Sector-Wise analysis of projects,38,18
FR_201003_019,,N04000050,19,C/o new Airport-SH: E/W in cutting and filling geogrid -,,,CIVIL AVIATION,2010-03,2009-01,,264.29,,264.29,,,10.02,2011-01,,,,,,0,0,,,,FR_MARCH_2010.pdf,Sector-Wise analysis of projects,39,19
FR_201003_020,,N04000052,20,Construction of New Integrated Terminal Building -,,,CIVIL AVIATION,2010-03,2006-10,,147.0,,147.0,,,46.43,2008-09,2009-02,,,,,0,0,,,,FR_MARCH_2010.pdf,Sector-Wise analysis of projects,39,20
FR_201003_021,,N04000057,21,C/O PASSENGER LOUNGE BIRSI AIRPORT -,,,CIVIL AVIATION,2010-03,2006-03,,108.07,,108.07,,,19.14,2008-08,,,,,,0,0,,,,FR_MARCH_2010.pdf,Sector-Wise analysis of projects,39,21
FR_201003_022,,N04000065,22,GAGAN PROJECT - Total,,,CIVIL AVIATION,2010-03,2008-09,,393.6,6474.82,393.6,,,160.29,2013-06,,,,,,0,0,,,,FR_MARCH_2010.pdf,Sector-Wise analysis of projects,39,22
FR_201003_023,,060100093,23,GEVRA EXPANSION OCP (SECL) (25 MTY) -,25 MTY,,COAL,2010-03,2005-07,,1667.55,,1667.55,,,989.35,2010-03,,2010-03,,,,3,7,,,,FR_MARCH_2010.pdf,Sector-Wise analysis of projects,39,23
FR_201003_024,,N06000030,24,BHARATPUR OC EXPANSION PHASE- III PROJECT -,,,COAL,2010-03,2007-02,,131.39,,131.39,,,382.9,2010-03,,2010-03,,,,0,0,,,,FR_MARCH_2010.pdf,Sector-Wise analysis of projects,39,24
FR_201003_025,,N06000044,25,BALRAM OCP EXTENSION -,,,COAL,2010-03,2007-12,,172.08,,172.08,,,473.97,2009-03,,2010-03,,,,0,0,,,,FR_MARCH_2010.pdf,Sector-Wise analysis of projects,39,25
FR_201003_026,,N06000077,26,KTK OC Sector-I -,,,COAL,2010-03,2008-01,,91.5,,115.33,,,121.01,2010-09,,2010-03,,,,0,0,,,,FR_MARCH_2010.pdf,Sector-Wise analysis of projects,39,26
FR_201003_027,,060100090,27,BARSINGSAR MINE 2.10 MTPA LIGNITE (NLC) -,NLC,,COAL,2010-03,2004-12,,254.07,254.6,254.6,,,214.51,2009-06,,2010-05,,,,18,21,,,,FR_MARCH_2010.pdf,Sector-Wise analysis of projects,39,27
FR_201003_028,,060100089,28,BARSINGSAR TPS (2X125MW) (NLC) -,NLC,,COAL,2010-03,2004-12,,1114.18,1626.09,1626.09,,,1407.82,2009-06,,2010-09,,,,32,26,,,,FR_MARCH_2010.pdf,Sector-Wise analysis of projects,39,28
FR_201003_029,,N06000069,29,LAKHANPUR OC EXP. PROJECT PH-II -,,,COAL,2010-03,2004-03,,98.74,,116.54,,,247.82,2007-03,,2011-03,,,,0,0,,,,FR_MARCH_2010.pdf,Sector-Wise analysis of projects,39,29
FR_201003_030,,060100087,30,TPS-II EXPANSION (1470MW TO 1970MW) (NLC) -,NLC,,COAL,2010-03,2004-10,,2030.78,2453.57,2453.57,,,1948.27,2009-06,,2011-06,,,,23,24,,,,FR_MARCH_2010.pdf,Sector-Wise analysis of projects,39,30
FR_201003_031,,060100092,31,KULDA OCP (MAHANADI COALFIELDS LTD.) -,MAHANADI COALFIELDS LTD.,,COAL,2010-03,2005-01,,302.96,,302.96,,,57.9,2010-03,,2012-03,,,,0,4,,,,FR_MARCH_2010.pdf,Sector-Wise analysis of projects,39,31
FR_201003_032,,060100096,32,ASHOK EXPN.OCP -CCL (5 MTY) -,5 MTY,,COAL,2010-03,2006-04,,471.66,341.63,341.63,,,101.35,2011-03,,2012-03,,,,0,0,,,,FR_MARCH_2010.pdf,Sector-Wise analysis of projects,39,32
FR_201003_033,,N06000017,33,SHANTIKHANI LONGWALL PROJ- SCCL -,,,COAL,2010-03,2006-10,,249.03,,249.03,,,37.04,2012-03,,2012-03,,,,0,0,,,,FR_MARCH_2010.pdf,Sector-Wise analysis of projects,39,33
FR_201003_034,,N06000033,34,"NIGAHI OC EXPANSION PROJECT 10 MTY TO 15 MTY, SINGRAULI -",,,COAL,2010-03,2007-10,,529.4,,259.4,,,,2012-03,,2012-03,,,,0,0,,,,FR_MARCH_2010.pdf,Sector-Wise analysis of projects,39,34
FR_201003_035,,N06000067,35,ANANTA OC EXPANSION PH-II -,,,COAL,2010-03,2008-08,,207.28,,207.28,,,249.85,2012-03,,2012-03,,,,0,0,,,,FR_MARCH_2010.pdf,Sector-Wise analysis of projects,39,35
FR_201003_036,,N06000078,36,RAMAGUNDAM OC-II EXTENSION -,,,COAL,2010-03,2009-12,,418.57,,418.57,,,36.78,2012-03,,2012-03,,,,0,0,,,,FR_MARCH_2010.pdf,Sector-Wise analysis of projects,39,36
FR_201003_037,,N06000080,37,MANUGURU OC-II EXTENSION PHASE-II -,,,COAL,2010-03,2010-03,,181.91,,181.91,,,,2012-03,,2012-03,,,,0,0,,,,FR_MARCH_2010.pdf,Sector-Wise analysis of projects,39,37
FR_201003_038,,N06000047,38,TUTICORIN THERMAL POWER PROJECT -,,,COAL,2010-03,2008-05,,4904.54,,4904.54,,,725.0,2012-08,,2012-08,,,,0,0,,,,FR_MARCH_2010.pdf,Sector-Wise analysis of projects,39,38
FR_201003_039,,N06000016,39,ADRIYALA SHAFT PROJECT -,,,COAL,2010-03,2006-09,,212.34,779.26,779.26,,,41.48,2013-03,,2012-09,,,,2,11,,,,FR_MARCH_2010.pdf,Sector-Wise analysis of projects,39,39
FR_201003_040,,N06000007,40,KRISHNASHILA (NCL) (4MTY) -,4MTY,,COAL,2010-03,2006-05,,789.88,741.56,741.56,,,134.82,2010-03,,2013-03,,,,0,1,,,,FR_MARCH_2010.pdf,Sector-Wise analysis of projects,39,40
FR_201003_041,,N06000008,41,KUSMUNDA EXPN.OCP(SECL)(10MTY) -,10MTY,,COAL,2010-03,2006-06,,737.65,38.0,1188.31,,,583.32,2011-03,2013-03,2013-03,,,,0,4,,,,FR_MARCH_2010.pdf,Sector-Wise analysis of projects,39,41
FR_201003_042,,N06000009,42,BLOCK-B OCP NCL (3.5 MTY) -,3.5 MTY,,COAL,2010-03,2006-06,,746.04,437.34,437.34,,,135.44,2012-03,,2013-03,,,,0,1,,,,FR_MARCH_2010.pdf,Sector-Wise analysis of projects,40,42
FR_201003_043,,N06000015,43,MAGADH OC (CCL) -,CCL,,COAL,2010-03,2006-07,,469.78,706.4,706.4,,,12.12,2012-07,,2013-03,,,,0,1,,,,FR_MARCH_2010.pdf,Sector-Wise analysis of projects,40,43
FR_201003_044,,N06000025,44,JALLARAM SHAFT PROJECT -,,,COAL,2010-03,2013-03,,467.78,,467.78,,,11.29,2013-03,,2013-03,,,,0,7,,,,FR_MARCH_2010.pdf,Sector-Wise analysis of projects,40,44
FR_201003_045,,N06000035,45,KANIHA OCP -,,,COAL,2010-03,2007-12,,457.77,,457.77,,,48.96,2012-03,,2013-03,,,,0,0,,,,FR_MARCH_2010.pdf,Sector-Wise analysis of projects,40,45
FR_201003_046,,N06000048,46,KAKATIYA LAONGWALL -,,,COAL,2010-03,2008-12,,453.63,,453.63,,,46.73,2012-12,,2013-03,,,,0,0,,,,FR_MARCH_2010.pdf,Sector-Wise analysis of projects,40,46
FR_201003_047,,N06000068,47,HINGULA OC-II EXP. PH-II (15 MTY) -,15 MTY,,COAL,2010-03,2008-11,,475.93,,479.53,,,175.35,2013-03,,2013-03,,,,0,0,,,,FR_MARCH_2010.pdf,Sector-Wise analysis of projects,40,47
FR_201003_048,,N06000019,48,BINA EXTN. PROJ -,,,COAL,2010-03,2006-11,,168.97,,168.97,,,139.77,2014-03,,2013-11,,,,1,1,,,,FR_MARCH_2010.pdf,Sector-Wise analysis of projects,40,48
FR_201003_049,,060100094,49,DIPKA EXPANSION OCP (SECL) (20 MTY) -,20 MTY,,COAL,2010-03,2005-07,,1268.53,,1943.66,,,777.67,2010-03,,2014-03,,,,2,6,,,,FR_MARCH_2010.pdf,Sector-Wise analysis of projects,40,49
FR_201003_050,,N06000046,50,CHURCHA UG -,,,COAL,2010-03,2008-06,,462.35,,462.35,,,270.87,2014-06,,2014-03,,,,0,0,,,,FR_MARCH_2010.pdf,Sector-Wise analysis of projects,40,50
FR_201003_051,,N06000056,51,RAJMAHAL OC EXP. -,,,COAL,2010-03,2006-02,,50.08,,153.82,,,3.14,2010-03,,2014-03,,,,0,0,,,,FR_MARCH_2010.pdf,Sector-Wise analysis of projects,40,51
FR_201003_052,,N06000066,52,PENGANGA OC -,,,COAL,2010-03,2008-10,,339.77,,339.77,,,,2014-03,,2014-03,,,,0,0,,,,FR_MARCH_2010.pdf,Sector-Wise analysis of projects,40,52
FR_201003_053,,N06000076,53,KARTALI (EAST) OC -,EAST,,COAL,2010-03,2008-07,,178.44,,178.44,,,,2014-03,,2014-03,,,,0,0,,,,FR_MARCH_2010.pdf,Sector-Wise analysis of projects,40,53
FR_201003_054,,N06000057,54,JHANJRA CONTINEOUS MINAR FOR JHANJRA UG-II -,,,COAL,2010-03,2009-02,,122.35,,122.35,,,,2010-03,2011-12,2014-12,,,,0,0,,,,FR_MARCH_2010.pdf,Sector-Wise analysis of projects,40,54
FR_201003_055,,N06000020,55,JHANJRA LONGWAL UG PHASE II -,,,COAL,2010-03,2006-11,,287.18,,287.17,,,,2009-11,2012-01,2015-03,,,,0,0,,,,FR_MARCH_2010.pdf,Sector-Wise analysis of projects,40,55
FR_201003_056,,N06000042,56,GOPAL PRASAD OCP -,,,COAL,2010-03,2008-02,,395.87,,395.87,,,22.73,2013-03,,2015-03,,,,0,0,,,,FR_MARCH_2010.pdf,Sector-Wise analysis of projects,40,56
FR_201003_057,,N06000045,57,PELMA OC -,,,COAL,2010-03,2008-07,,448.32,,448.32,,,,2012-03,,2015-03,,,,0,0,,,,FR_MARCH_2010.pdf,Sector-Wise analysis of projects,40,57
FR_201003_058,,N06000049,58,Batura OC -,,,COAL,2010-03,2008-09,,203.82,,203.82,,,,2013-03,,2015-03,,,,0,0,,,,FR_MARCH_2010.pdf,Sector-Wise analysis of projects,40,58
FR_201003_059,,N06000059,59,NARAYANKURI UG -,,,COAL,2010-03,2009-02,,149.06,,149.06,,,,2013-03,,2015-03,,,,0,0,,,,FR_MARCH_2010.pdf,Sector-Wise analysis of projects,40,59
FR_201003_060,,N06000065,60,BAROUD OC EXPANSION -,,,COAL,2010-03,2008-07,,135.58,,135.58,,,25.88,2015-03,,2015-03,,,,0,0,,,,FR_MARCH_2010.pdf,Sector-Wise analysis of projects,40,60
FR_201003_061,,N06000075,61,JAGANNATHPOR OC -,,,COAL,2010-03,2008-09,,152.43,,152.43,,,,2015-03,,2015-03,,,,0,0,,,,FR_MARCH_2010.pdf,Sector-Wise analysis of projects,40,61
FR_201003_062,,N06000079,62,RKP OCP PHASE-I -,,,COAL,2010-03,2010-03,,201.58,,201.58,,,0.19,2015-03,,2015-03,,,,0,0,,,,FR_MARCH_2010.pdf,Sector-Wise analysis of projects,40,62
FR_201003_063,,N06000010,63,AMLOHRI EPR (NCL) (6 MTY) -,6 MTY,,COAL,2010-03,2006-05,,1352.04,1143.54,1143.54,,,27.01,2014-03,,2016-03,,,,1,1,,,,FR_MARCH_2010.pdf,Sector-Wise analysis of projects,40,63
FR_201003_064,,N06000034,64,BHUBANESWARI OCP -,,,COAL,2010-03,2007-12,,490.1,,490.1,,,56.52,2014-03,,2016-03,,,,0,0,,,,FR_MARCH_2010.pdf,Sector-Wise analysis of projects,40,64
FR_201003_065,,N06000043,65,TALABIRA OCP -,,,COAL,2010-03,2008-03,,447.72,,447.72,,,5.32,2015-03,,2016-03,,,,0,0,,,,FR_MARCH_2010.pdf,Sector-Wise analysis of projects,40,65
FR_201003_066,,N06000060,66,CHITRA EAST OCP - Total,,,COAL,2010-03,2007-08,,112.69,24603.32,112.69,,,9512.18,2010-11,,2016-03,,,,0,0,,,,FR_MARCH_2010.pdf,Sector-Wise analysis of projects,40,66
FR_201003_067,,100100054,67,"SECOND PHASE EXPANSION OF CAPTIVE ALUMINIUM,SMELTER AND POWE - Total",,,MINES,2010-03,2004-10,,4091.51,4091.51,4091.51,,,3316.0,2008-12,,2009-11,,,,18,111,,,,FR_MARCH_2010.pdf,Sector-Wise analysis of projects,41,67
FR_201003_068,,N12000018,68,Deve. of Bailadila Iron Ore Deposit- II(B)(NMDC) -,NMDC,,STEEL,2010-03,2003-01,,295.89,,607.17,,,206.09,2009-10,,2009-10,,,,2,21,,,,FR_MARCH_2010.pdf,Sector-Wise analysis of projects,41,68
FR_201003_069,,N12000021,69,REBUILDING OF COKE OVEN BATTRY NO.-4 -,,,STEEL,2010-03,2007-05,,248.94,,248.94,,,164.48,2009-08,,2010-02,,,,0,0,,,,FR_MARCH_2010.pdf,Sector-Wise analysis of projects,41,69
FR_201003_070,,N12000036,70,SIMULTANEOUS BLOWING OF BOF CONVERTER OF SMS-II -,,,STEEL,2010-03,2008-01,,197.66,,197.66,,,103.09,,,2010-03,,,,0,1,,,,FR_MARCH_2010.pdf,Sector-Wise analysis of projects,41,70
FR_201003_071,,N12000035,71,REBUILDING OF BLAST FURNANCE NO.2(BOKARO STEEL PL -,,,STEEL,2010-03,2007-10,,892.32,,892.32,,,527.0,2009-08,,2010-04,,,,0,0,,,,FR_MARCH_2010.pdf,Sector-Wise analysis of projects,41,71
FR_201003_072,,120100069,72,COAL DUST INJECTION IN BF-2 and 3 -,,,STEEL,2010-03,2006-04,,132.73,,133.92,,,87.24,2008-05,,2010-05,,,,0,2,,,,FR_MARCH_2010.pdf,Sector-Wise analysis of projects,41,72
FR_201003_073,,N12000016,73,REBUILIDING OF COKE OVEN BATTERY-10 -,,,STEEL,2010-03,2007-03,,416.5,,416.5,,,244.28,2009-09,,2010-06,,,,0,0,,,,FR_MARCH_2010.pdf,Sector-Wise analysis of projects,41,73
FR_201003_074,,N12000017,74,BILADILLA IRON ORE DEPOSITE-11B -,,,STEEL,2010-03,2009-01,,295.89,,295.89,,,213.74,2009-10,,2010-06,,,,0,0,,,,FR_MARCH_2010.pdf,Sector-Wise analysis of projects,41,74
FR_201003_075,,N12000049,75,ENHANCEMENT OF LOADING CAPACITY AT BOLANI IRON ORE -,,,STEEL,2010-03,2008-06,,124.88,,119.88,,,47.03,,,2010-06,,,,0,1,,,,FR_MARCH_2010.pdf,Sector-Wise analysis of projects,41,75
FR_201003_076,,N12000050,76,EXPANSION OF SALEM STEEL PLANT -,,,STEEL,2010-03,2008-01,,1902.0,,1902.0,,,1031.35,,,2010-06,,,,0,3,,,,FR_MARCH_2010.pdf,Sector-Wise analysis of projects,41,76
FR_201003_077,,N12000054,77,REBUILDING OF COKE OVEN BATTERY NO-6 (BSP) -,BSP,,STEEL,2010-03,2008-07,,172.78,,191.0,,,74.27,2010-01,,2010-06,,,,0,0,,,,FR_MARCH_2010.pdf,Sector-Wise analysis of projects,41,77
FR_201003_078,,N12000060,78,AIR SEPARATION PLANT (ASU-4) -,ASU-4,,STEEL,2010-03,2008-03,,96.0,,170.0,,,42.02,2010-06,,2010-06,,,,0,0,,,,FR_MARCH_2010.pdf,Sector-Wise analysis of projects,41,78
FR_201003_079,,N12000025,79,"INSTALLATION OF 700 TPD OXYGEN PLANT, ROURKELA -",,,STEEL,2010-03,2007-07,,302.7,,302.7,,,227.5,2009-06,,2010-07,,,,0,0,,,,FR_MARCH_2010.pdf,Sector-Wise analysis of projects,41,79
FR_201003_080,,N12000037,80,Pulverised coal injection system for bf- 1&2 -,,,STEEL,2010-03,2007-11,,125.0,,133.0,,,36.47,2009-09,,2010-08,,,,0,0,,,,FR_MARCH_2010.pdf,Sector-Wise analysis of projects,41,80
FR_201003_081,,N12000039,81,POWER PLANT-I -,,,STEEL,2010-03,2007-09,,462.0,,350.0,,,84.4,2009-12,,2010-08,,,,0,0,,,,FR_MARCH_2010.pdf,Sector-Wise analysis of projects,41,81
FR_201003_082,,N12000069,82,330 TPH BOILER-6 AND AUXILIARY SYSTEM -,,,STEEL,2010-03,2007-07,,260.0,,353.0,,,80.0,2010-02,,2010-08,,,,0,0,,,,FR_MARCH_2010.pdf,Sector-Wise analysis of projects,41,82
FR_201003_083,,N12000052,83,Air Separation Plant(ASU-5) -,ASU-5,,STEEL,2010-03,2008-06,,129.5,,145.0,,,6.64,2010-12,,2010-12,,,,0,0,,,,FR_MARCH_2010.pdf,Sector-Wise analysis of projects,41,83
FR_201003_084,,N12000068,84,67.5 MW TG-5 AUX. S'TEM EMERGENCY POWER REQUIREM -,,,STEEL,2010-03,2007-07,,230.0,,358.0,,,114.32,2010-02,,2011-01,,,,0,0,,,,FR_MARCH_2010.pdf,Sector-Wise analysis of projects,41,84
FR_201003_085,,N12000033,85,Rebuilding of coke oven battery No.1 & 2 (Bokaro S -,,,STEEL,2010-03,2007-10,,500.9,,500.9,,,165.99,2010-04,,2011-04,,,,0,0,,,,FR_MARCH_2010.pdf,Sector-Wise analysis of projects,41,85
FR_201003_086,,N12000023,86,"700TPD ARI SEPARATION UNIT-4 AT OXYGEN PLANT-II, BHILLAI -",,,STEEL,2010-03,2007-07,,244.3,40.0,232.93,,,50.18,2009-07,,2011-05,,,,0,0,,,,FR_MARCH_2010.pdf,Sector-Wise analysis of projects,41,86
FR_201003_087,,N12000034,87,INSTALLATION OF NEW TURBO BLOWER IN TURBO BLOWER S -,,,STEEL,2010-03,2007-10,,105.33,,116.33,,,12.97,2009-08,,2011-05,,,,0,0,,,,FR_MARCH_2010.pdf,Sector-Wise analysis of projects,42,87
FR_201003_088,,120100067,88,EXPANSION OF RINL/VSP FROM 3 MTPY-6.3 MTPY OF LIQUID STEEL -,,,STEEL,2010-03,2005-10,,8692.0,,12228.0,,,5883.0,2009-10,,2011-06,,,,0,126,,,,FR_MARCH_2010.pdf,Sector-Wise analysis of projects,42,88
FR_201003_089,,N12000038,89,COKE OVEN BATTERY NO. 4 PHASE- II -,,,STEEL,2010-03,2007-08,,108.0,,168.95,,,12.0,2009-10,,2011-06,,,,0,0,,,,FR_MARCH_2010.pdf,Sector-Wise analysis of projects,42,89
FR_201003_090,,N12000051,90,EXPANSION OF IISCO STEEL PLANT -,,,STEEL,2010-03,2008-02,,14443.0,,14443.0,,,6545.8,2010-07,,2011-06,,,,0,0,,,,FR_MARCH_2010.pdf,Sector-Wise analysis of projects,42,90
FR_201003_091,,N12000053,91,Augmentation of Iron Ore Storage in RMHP -,,,STEEL,2010-03,2008-05,,480.0,,480.84,,,4.04,2010-09,,2011-12,,,,0,0,,,,FR_MARCH_2010.pdf,Sector-Wise analysis of projects,42,91
FR_201003_092,,N12000055,92,EXPANSION OF BOKARO STEEL PLANT -,,,STEEL,2010-03,2008-01,,3316.0,,3534.0,,,932.87,,,2011-12,,,,0,2,,,,FR_MARCH_2010.pdf,Sector-Wise analysis of projects,42,92
FR_201003_093,,N12000056,93,EXPENSION OF ROURKELA STEEL PLANT -,,,STEEL,2010-03,2008-09,,6133.0,,8128.0,,,1253.17,2011-02,,2013-03,,,,0,0,,,,FR_MARCH_2010.pdf,Sector-Wise analysis of projects,42,93
FR_201003_094,,N12000057,94,EXPANSION OF BHILAI STEEL PLANT -,,,STEEL,2010-03,2008-09,,5185.0,,6146.0,,,1474.84,2011-05,,2013-03,,,,0,0,,,,FR_MARCH_2010.pdf,Sector-Wise analysis of projects,42,94
FR_201003_095,,N12000010,95,COKING COAL FACILITIES IN COAL HANDLING PLANT -,,,STEEL,2010-03,2006-09,,133.91,,134.32,,,103.0,2008-03,,,,,,0,3,,,,FR_MARCH_2010.pdf,Sector-Wise analysis of projects,42,95
FR_201003_096,,N12000022,96,INSTALLATION OF MSDS-V AND TRANSMISSION NETWORK F - Total,,,STEEL,2010-03,2007-05,,143.02,45769.25,143.02,,,104.49,2008-11,,,,,,0,0,,,,FR_MARCH_2010.pdf,Sector-Wise analysis of projects,42,96
FR_201003_097,,160100281,97,CLEAN FUELS PROJECT AT VISAKH REFINERY(HPCL) -,HPCL,,PETROLEUM,2010-03,2003-04,,1635.0,,2147.79,,,2095.36,2006-05,,2009-12,,,,29,45,,,,FR_MARCH_2010.pdf,Sector-Wise analysis of projects,42,97
FR_201003_098,,N16000028,98,"CRUDE OIL RECEIPT FACILITIES,KOCHI REFINERY -",,,PETROLEUM,2010-03,2006-04,,2591.8,,3941.41,,,1793.0,2009-09,,2009-12,,,,0,0,,,,FR_MARCH_2010.pdf,Sector-Wise analysis of projects,42,98
FR_201003_099,,N16000035,99,MSQ UPGRADATION PROJECT AT PANIPAT REFINERY -,,,PETROLEUM,2010-03,2008-01,,1131.0,,1131.0,,,750.71,2009-12,,2010-01,,,,0,0,,,,FR_MARCH_2010.pdf,Sector-Wise analysis of projects,42,99
FR_201003_100,,N16000082,100,SHORT TERM LOW COST MUMBAI REFINERY -,,,PETROLEUM,2010-03,2006-12,,390.0,,230.0,,,164.51,2010-01,,2010-01,,,,0,0,,,,FR_MARCH_2010.pdf,Sector-Wise analysis of projects,42,100
FR_201003_101,,160100289,101,INST. OF FACILITIES FOR IMPROVEMENT IN DIESEL QUALITY (IOCL) -,IOCL,,PETROLEUM,2010-03,2005-11,,1876.0,2869.0,2869.0,,,2550.34,2009-04,2009-12,2010-02,,,,31,36,,,,FR_MARCH_2010.pdf,Sector-Wise analysis of projects,42,101
FR_201003_102,,N16000034,102,INST. OF FCC GASOLINE DESULPHUN UNIT AT MATHURA RE -,,,PETROLEUM,2010-03,2008-01,,348.0,,348.0,,,186.58,2009-12,,2010-02,,,,0,0,,,,FR_MARCH_2010.pdf,Sector-Wise analysis of projects,42,102
FR_201003_103,,N16000080,103,CAPACITY EXP. CUM MODERNISATION PH-II -,,,PETROLEUM,2010-03,2009-09,,2591.8,3941.41,3941.41,,,2176.19,2009-12,,2010-02,,,,0,0,,,,FR_MARCH_2010.pdf,Sector-Wise analysis of projects,42,103
FR_201003_104,,160100292,104,PANIPAT NAPHTA CRACKER PROJECT -,,,PETROLEUM,2010-03,2006-04,,12138.0,,14439.0,,,11284.0,2009-09,2009-11,2010-03,,,,61,101,,,,FR_MARCH_2010.pdf,Sector-Wise analysis of projects,42,104
FR_201003_105,,N16000047,105,CHAINSA-JHAJJAR PIPE LINE PROJECT -,,,PETROLEUM,2010-03,2007-11,,967.77,,565.0,,,382.13,2009-09,,2010-03,,,,0,0,,,,FR_MARCH_2010.pdf,Sector-Wise analysis of projects,42,105
FR_201003_106,,N16000049,106,SULTANPUR NEEMRANA PIPE LINE PROJECT -,,,PETROLEUM,2010-03,2007-11,,396.13,,396.13,,,52.34,2009-10,,2010-03,,,,0,0,,,,FR_MARCH_2010.pdf,Sector-Wise analysis of projects,42,106
FR_201003_107,,N16000078,107,BINA DESPATCH TERMINAL -,,,PETROLEUM,2010-03,2007-05,,490.71,639.11,639.11,,,520.92,2009-12,,2010-03,,,,0,0,,,,FR_MARCH_2010.pdf,Sector-Wise analysis of projects,42,107
FR_201003_108,,N16000079,108,BINA KOTA PIPE LINE PROJECT -,,,PETROLEUM,2010-03,2007-07,,405.82,,405.82,,,277.56,2009-12,,2010-03,,,,0,0,,,,FR_MARCH_2010.pdf,Sector-Wise analysis of projects,43,108
FR_201003_109,,N16000018,109,DADRI- PANIPAT R-LNG SPUR PIPELINE -,,,PETROLEUM,2010-03,2005-06,,250.66,350.0,389.0,,,347.92,2008-06,,2010-04,,,,0,0,,,,FR_MARCH_2010.pdf,Sector-Wise analysis of projects,43,109
FR_201003_110,,N16000041,110,LPG PROCESSING & COMPRESSION -,,,PETROLEUM,2010-03,2007-08,,142.0,,139.07,,,57.04,2009-10,,2010-04,,,,0,0,,,,FR_MARCH_2010.pdf,Sector-Wise analysis of projects,43,110
FR_201003_111,,N16000048,111,VIJAPUR DADRI-BAWANA PIPE LINE PROJECT -,,,PETROLEUM,2010-03,2007-11,,5595.31,,3860.0,,,3114.04,2009-11,2010-04,2010-04,,,,0,0,,,,FR_MARCH_2010.pdf,Sector-Wise analysis of projects,43,111
FR_201003_112,,N16000026,112,LUBDE OIL BASE STOCK QUALITY UPGRADATION AT MUMBAI -,,,PETROLEUM,2010-03,2006-10,,638.9,,1030.0,,,416.51,2009-04,,2010-05,,,,0,0,,,,FR_MARCH_2010.pdf,Sector-Wise analysis of projects,43,112
FR_201003_113,,N16000055,113,BARGE BUMPER-BOAT LANDING- RISER PROTECTOR PROJECT -,,,PETROLEUM,2010-03,2008-05,,289.6,,289.6,,,198.16,2010-05,,2010-05,,,,0,0,,,,FR_MARCH_2010.pdf,Sector-Wise analysis of projects,43,113
FR_201003_114,,N16000062,114,HEERA RECONSTRUCTION -,,,PETROLEUM,2010-03,2008-05,,706.7,,706.7,,,218.16,2010-04,,2010-05,,,,0,0,,,,FR_MARCH_2010.pdf,Sector-Wise analysis of projects,43,114
FR_201003_115,,N16000067,115,SINGLE POINT MOORING PROJECT AT VISAKHAPATNAM -,,,PETROLEUM,2010-03,2008-11,,643.46,,643.46,,,418.76,,,2010-05,,,,0,2,,,,FR_MARCH_2010.pdf,Sector-Wise analysis of projects,43,115
FR_201003_116,,N16000009,116,"DIESEL HYDRO TREATMENT PROJECT,BRPL DHALIGAON -",,,PETROLEUM,2010-03,2006-06,,1431.91,,1675.72,,,1218.02,2009-09,,2010-06,,,,0,0,,,,FR_MARCH_2010.pdf,Sector-Wise analysis of projects,43,116
FR_201003_117,,N16000021,117,RESIDUE UPGRADATION AND MS/HSD QUALITY IMPROVEMENT -,,,PETROLEUM,2010-03,2007-01,,5693.0,,6898.0,,,5086.94,2010-01,,2010-06,,,,0,0,,,,FR_MARCH_2010.pdf,Sector-Wise analysis of projects,43,117
FR_201003_118,,N16000024,118,HEERA AND SOUTH HEERA RE- DEVELOPMENT PROJECT -,,,PETROLEUM,2010-03,2006-09,,2305.3,,2305.3,,,1966.04,2010-06,2010-06,2010-06,,,,0,0,,,,FR_MARCH_2010.pdf,Sector-Wise analysis of projects,43,118
FR_201003_119,,N16000038,119,MSQ UPGRADATION PROJECT AT BARAUNI REFINERY -,,,PETROLEUM,2010-03,2008-04,,1492.0,,1492.0,,,795.5,2010-04,,2010-06,,,,0,0,,,,FR_MARCH_2010.pdf,Sector-Wise analysis of projects,43,119
FR_201003_120,,N16000042,120,TWO PIPELINE REPLACEMENT PROJECT AT AHMEDABAD MEHS -,,,PETROLEUM,2010-03,2008-03,,188.18,,143.84,,,99.12,2010-06,,2010-06,,,,0,0,,,,FR_MARCH_2010.pdf,Sector-Wise analysis of projects,43,120
FR_201003_121,,N16000056,121,INSTALLATION OF FCCV AT MUMBAI REFINERY -,,,PETROLEUM,2010-03,2007-03,,900.47,,900.47,,,258.82,2009-09,,2010-06,,,,0,0,,,,FR_MARCH_2010.pdf,Sector-Wise analysis of projects,43,121
FR_201003_122,,160100168,122,"C2-C3 AND LPG RECOVERY FROM LNG, DAHEJ (ONGC) -",ONGC,,PETROLEUM,2010-03,2003-12,,900.92,,1493.49,,,651.43,2006-06,2008-05,2010-07,,,,0,2,,,,FR_MARCH_2010.pdf,Sector-Wise analysis of projects,43,122
FR_201003_123,,N16000036,123,MSQ UPGRADATION PROJECT AT GUWAHATI REFINERY -,,,PETROLEUM,2010-03,2008-04,,372.0,,372.0,,,184.43,2010-02,,2010-07,,,,0,0,,,,FR_MARCH_2010.pdf,Sector-Wise analysis of projects,43,123
FR_201003_124,,N16000037,124,MSQ UPGRADATION PROJECT AT DIGBOI REFINERY -,,,PETROLEUM,2010-03,2008-04,,356.0,,356.0,,,170.7,2010-02,,2010-07,,,,0,0,,,,FR_MARCH_2010.pdf,Sector-Wise analysis of projects,43,124
FR_201003_125,,N16000040,125,MSQ IMPROVMENT PROJECT -,,,PETROLEUM,2010-03,2008-04,,293.6,,293.6,,,158.44,2009-12,,2010-07,,,,0,0,,,,FR_MARCH_2010.pdf,Sector-Wise analysis of projects,43,125
FR_201003_126,,N16000017,126,EXPANSION OF PANIPAT REFINERY FROM 12 TO 15 MMTPA -,,,PETROLEUM,2010-03,2005-06,,806.0,1007.83,1007.83,,,593.33,2008-03,2009-12,2010-08,,,,18,48,,,,FR_MARCH_2010.pdf,Sector-Wise analysis of projects,43,126
FR_201003_127,,N16000023,127,DEVELOPMENT OF C-SERIES FIELDS -,,,PETROLEUM,2010-03,2006-08,,3195.16,,2800.0,,,2448.39,2008-12,,2010-10,,,,0,0,,,,FR_MARCH_2010.pdf,Sector-Wise analysis of projects,43,127
FR_201003_128,,N16000050,128,BAWANA NANGAL PIPE LINE PROJECT -,,,PETROLEUM,2010-03,2010-10,,1816.07,,1816.07,,,8.66,2010-10,,2010-10,,,,0,0,,,,FR_MARCH_2010.pdf,Sector-Wise analysis of projects,43,128
FR_201003_129,,N16000051,129,JHAJJAR HISSAR PIPE LINE PROJECT -,,,PETROLEUM,2010-03,2007-11,,281.07,,281.07,,,1.13,2010-10,,2010-10,,,,0,0,,,,FR_MARCH_2010.pdf,Sector-Wise analysis of projects,43,129
FR_201003_130,,N16000052,130,DAHEJ-VIJAYPUR PIPE LINE PROJECT -,,,PETROLEUM,2010-03,2007-11,,4429.38,42.0,3000.0,,,176.96,2010-10,,2010-10,,,,0,0,,,,FR_MARCH_2010.pdf,Sector-Wise analysis of projects,43,130
FR_201003_131,,N16000053,131,COMPRESSOR STATIONS (VIJAYPUR AND JHABUA) PHASE-I -,VIJAYPUR AND JHABUA,,PETROLEUM,2010-03,2007-11,,1512.0,,1212.85,,,18.46,2011-10,,2010-10,,,,0,0,,,,FR_MARCH_2010.pdf,Sector-Wise analysis of projects,44,131
FR_201003_132,,N16000045,132,MNW-NF BRIDGE PROJECT -,,,PETROLEUM,2010-03,2008-05,,175.21,,162.12,,,58.19,2009-03,,2010-12,,,,0,0,,,,FR_MARCH_2010.pdf,Sector-Wise analysis of projects,44,132
FR_201003_133,,N16000076,133,Guru Govind Singh Refinary Product Evacuation -,,,PETROLEUM,2010-03,2009-01,,605.4,605.4,605.4,,,169.75,2010-12,2010-12,2010-12,,,,0,18,,,,FR_MARCH_2010.pdf,Sector-Wise analysis of projects,44,133
FR_201003_134,,N16000083,134,REFRIGERAPED LPG STORAGE AT JNPT -,,,PETROLEUM,2010-03,2008-06,,304.4,,304.4,,,32.06,2010-12,,2010-12,,,,0,0,,,,FR_MARCH_2010.pdf,Sector-Wise analysis of projects,44,134
FR_201003_135,,N16000074,135,CAPACITY AUGMENTATION OF AGRA& FEROZABAD REGION -,,,PETROLEUM,2010-03,2009-07,,199.57,,199.57,,,,2011-01,,2011-01,,,,0,0,,,,FR_MARCH_2010.pdf,Sector-Wise analysis of projects,44,135
FR_201003_136,,N16000066,136,CONSTRUCTION OF NEW TERMINAL AT ENNORE CHENNAI -,,,PETROLEUM,2010-03,2008-01,,224.0,,224.0,,,38.99,2010-12,,2011-02,,,,0,0,,,,FR_MARCH_2010.pdf,Sector-Wise analysis of projects,44,136
FR_201003_137,,160100215,137,IOR LAKWA - LAKHMANI (ONGCL) -,ONGCL,,PETROLEUM,2010-03,2001-09,,345.1,,600.0,,,523.08,2007-03,,2011-03,,,,3,3,,,,FR_MARCH_2010.pdf,Sector-Wise analysis of projects,44,137
FR_201003_138,,160100216,138,IOR GELEKI (ONGCL) -,ONGCL,,PETROLEUM,2010-03,2001-09,,390.09,,1200.0,,,988.06,2007-03,,2011-03,,,,6,6,,,,FR_MARCH_2010.pdf,Sector-Wise analysis of projects,44,138
FR_201003_139,,160100217,139,"IOR, RUDRASAGAR (ONGCL) -",ONGCL,,PETROLEUM,2010-03,2001-09,,113.9,,219.22,,,145.95,2006-03,,2011-03,,,,6,6,,,,FR_MARCH_2010.pdf,Sector-Wise analysis of projects,44,139
FR_201003_140,,N16000085,140,NORTH TAPTI GAS FIELD DEV. -,,,PETROLEUM,2010-03,2008-07,,589.7,,589.7,,,,2011-03,,2011-03,,,,0,0,,,,FR_MARCH_2010.pdf,Sector-Wise analysis of projects,44,140
FR_201003_141,,N16000039,141,MUMBAI HIGH SOUTH REDEVELOPMENT PH-2 -,,,PETROLEUM,2010-03,2007-06,,1252.75,,8061.42,,,3898.92,2009-06,,2011-04,,,,0,0,,,,FR_MARCH_2010.pdf,Sector-Wise analysis of projects,44,141
FR_201003_142,,N16000054,142,COMPRESSOR STATIONS (KAILARAS &CHAINSA) -,KAILARAS &CHAINSA,,PETROLEUM,2010-03,2007-11,,1061.93,,1061.78,,,9.91,2011-11,,2011-04,,,,0,0,,,,FR_MARCH_2010.pdf,Sector-Wise analysis of projects,44,142
FR_201003_143,,N16000063,143,NEELAM RECONSTRUCTION -,,,PETROLEUM,2010-03,2008-05,,305.08,,305.08,,,41.56,2011-04,,2011-04,,,,0,0,,,,FR_MARCH_2010.pdf,Sector-Wise analysis of projects,44,143
FR_201003_144,,160100231,144,INTEGRATED DEV OF G1 and GS-15 (ONGCL) -,ONGCL,,PETROLEUM,2010-03,2003-04,,429.82,,1262.93,,,1234.69,2005-03,,2011-05,,,,0,0,,,,FR_MARCH_2010.pdf,Sector-Wise analysis of projects,44,144
FR_201003_145,,N16000044,145,REVAMPING OF WIN PLATFORM AT MH ASSET -,,,PETROLEUM,2010-03,2008-05,,333.4,,330.4,,,0.35,2010-05,,2011-05,,,,0,0,,,,FR_MARCH_2010.pdf,Sector-Wise analysis of projects,44,145
FR_201003_146,,N16000091,146,BNPL superlines(Uttranchal & Punjab) -,Uttranchal & Punjab,,PETROLEUM,2010-03,2009-12,,540.92,,540.92,,,,2011-05,,2011-05,,,,0,0,,,,FR_MARCH_2010.pdf,Sector-Wise analysis of projects,44,146
FR_201003_147,,N16000092,147,VKPL Upgradation and Laying of Superlines -,,,PETROLEUM,2010-03,2009-12,,463.32,,463.32,,,,2011-05,,2011-05,,,,0,0,,,,FR_MARCH_2010.pdf,Sector-Wise analysis of projects,44,147
FR_201003_148,,N16000093,148,VKPL SPURLINE -,,,PETROLEUM,2010-03,2009-12,,463.32,,463.32,,,,2011-06,,2011-05,,,,0,0,,,,FR_MARCH_2010.pdf,Sector-Wise analysis of projects,44,148
FR_201003_149,,N16000094,149,BNPL SPURLINE -,,,PETROLEUM,2010-03,2009-12,,540.92,,540.92,,,,2011-06,,2011-05,,,,0,0,,,,FR_MARCH_2010.pdf,Sector-Wise analysis of projects,44,149
FR_201003_150,,N16000075,150,Construction of Tank and Blending Facility at Vadi -,,,PETROLEUM,2010-03,2009-02,,267.0,,267.0,,,63.58,,,2011-08,,,,0,1,,,,FR_MARCH_2010.pdf,Sector-Wise analysis of projects,44,150
FR_201003_151,,N16000068,151,DIESEL HYDROTREATOR PROJECT AT VISAKH REFINERY -,,,PETROLEUM,2010-03,2009-03,,3597.0,,3597.0,,,53.67,2011-09,,2011-09,,,,0,0,,,,FR_MARCH_2010.pdf,Sector-Wise analysis of projects,44,151
FR_201003_152,,N16000069,152,DIESEL HYDROTREATOR PROJECT AT MUMBAI REFINERY -,,,PETROLEUM,2010-03,2009-03,,3284.0,,3284.0,,,47.31,2011-09,,2011-09,,,,0,0,,,,FR_MARCH_2010.pdf,Sector-Wise analysis of projects,44,152
FR_201003_153,,N16000057,153,RESITMENT OF MARKETING INSTALATION AT VISAKH -,,,PETROLEUM,2010-03,2009-01,,756.0,,756.0,,,170.08,2011-12,,2011-12,,,,0,0,,,,FR_MARCH_2010.pdf,Sector-Wise analysis of projects,44,153
FR_201003_154,,N16000059,154,BRANCH PIPELINE FROM KSPL VIRAMGAON TO KANDLA -,,,PETROLEUM,2010-03,2009-02,,349.0,43.0,349.0,,,8.09,2011-08,,2011-12,,,,0,0,,,,FR_MARCH_2010.pdf,Sector-Wise analysis of projects,44,154
FR_201003_155,,N16000081,155,HYDROCRACKER REVAMP & SETTING -,,,PETROLEUM,2010-03,2008-02,,825.0,,825.0,,,48.11,2011-12,,2011-12,,,,0,0,,,,FR_MARCH_2010.pdf,Sector-Wise analysis of projects,45,155
FR_201003_156,,N16000084,156,CONSTRUCTION OF 12 OFFSHORE SUPPLY VESSELS(OSV) -,OSV,,PETROLEUM,2010-03,2007-06,,736.65,,736.65,,,,2011-12,,2011-12,,,,0,0,,,,FR_MARCH_2010.pdf,Sector-Wise analysis of projects,45,156
FR_201003_157,,N16000086,157,ADDITIONAL DEV. OF D-1 FIELD -,,,PETROLEUM,2010-03,2010-01,,2163.64,,2163.64,,,,2011-12,,2011-12,,,,0,0,,,,FR_MARCH_2010.pdf,Sector-Wise analysis of projects,45,157
FR_201003_158,,N16000070,158,MORADABAD-KASHIPUR-RUDRAPUR PIPELINE PROJECT. -,,,PETROLEUM,2010-03,2009-07,,238.68,,238.68,,,,2012-01,,2012-01,,,,0,0,,,,FR_MARCH_2010.pdf,Sector-Wise analysis of projects,45,158
FR_201003_159,,N16000031,159,OFFSHORE GRID INTERCONNECTIVITY PROJECT IN MUMBAI HIGH -,,,PETROLEUM,2010-03,2007-01,,740.02,,740.02,,,298.68,2010-03,2012-03,2012-03,,,,0,0,,,,FR_MARCH_2010.pdf,Sector-Wise analysis of projects,45,159
FR_201003_160,,N16000090,160,Integrated offshore crude Oil handling facilities at Paradip -,,,PETROLEUM,2010-03,2009-12,,1492.33,,1492.33,,,18.75,2012-06,,2012-03,,,,0,0,,,,FR_MARCH_2010.pdf,Sector-Wise analysis of projects,45,160
FR_201003_161,,N16000032,161,DEVELOPMENT OF B-22 CLUSTER FIELDS -,,,PETROLEUM,2010-03,2007-01,,1552.63,,2920.82,,,5.24,2009-02,2010-09,2012-04,,,,0,0,,,,FR_MARCH_2010.pdf,Sector-Wise analysis of projects,45,161
FR_201003_162,,N16000033,162,DEVELOPMENT OF B-193 CLUSTER FIELDS -,,,PETROLEUM,2010-03,2007-06,,3248.78,,5633.44,,,0.61,2010-03,2010-08,2012-04,,,,0,0,,,,FR_MARCH_2010.pdf,Sector-Wise analysis of projects,45,162
FR_201003_163,,N16000030,163,CONSTRUCTION OF NEW PROCESS COMPLEX MHN -,,,PETROLEUM,2010-03,2007-01,,2853.29,,6326.4,,,599.85,2010-05,,2012-05,,,,0,0,,,,FR_MARCH_2010.pdf,Sector-Wise analysis of projects,45,163
FR_201003_164,,N16000046,164,DEVELOPMENT OF B-46 CLUSTER FIELD -,,,PETROLEUM,2010-03,2007-06,,1436.21,,1436.21,,,,2010-07,,2012-05,,,,0,0,,,,FR_MARCH_2010.pdf,Sector-Wise analysis of projects,45,164
FR_201003_165,,N16000065,165,ADDITIONAL GAS PROCESSING FACILITI AT HAZIRA -,,,PETROLEUM,2010-03,2008-02,,370.11,,370.11,,,8.53,2011-04,,2012-06,,,,0,0,,,,FR_MARCH_2010.pdf,Sector-Wise analysis of projects,45,165
FR_201003_166,,N16000060,166,MUMBAI HIGH NORTH DEVELOPMENT PHASE-II -,,,PETROLEUM,2010-03,2009-01,,6855.93,,6855.93,,,478.71,2012-09,,2012-09,,,,0,0,,,,FR_MARCH_2010.pdf,Sector-Wise analysis of projects,45,166
FR_201003_167,,N16000064,167,ADDITIONAL GAS PROCESSING UNITS AT URAN -,,,PETROLEUM,2010-03,2008-10,,1797.35,,1797.35,,,9.77,2011-12,,2012-09,,,,0,0,,,,FR_MARCH_2010.pdf,Sector-Wise analysis of projects,45,167
FR_201003_168,,N16000088,168,Paradip-Raipur-Sambalpur Ranchi Pipeline -,,,PETROLEUM,2010-03,2009-08,,1793.0,,1793.0,,,7.12,2012-09,,2012-09,,,,0,0,,,,FR_MARCH_2010.pdf,Sector-Wise analysis of projects,45,168
FR_201003_169,,N16000058,169,PARADIP REFINERY PROJECT -,,,PETROLEUM,2010-03,2009-02,,29777.0,,29777.0,,,3212.29,2012-03,,2012-11,,,,0,0,,,,FR_MARCH_2010.pdf,Sector-Wise analysis of projects,45,169
FR_201003_170,,N16000071,170,KOCHI-KANJIRKOD BANGALORE- MANGALORE PIPELINE PROJE -,,,PETROLEUM,2010-03,2009-06,,3032.0,,3032.0,,,,2012-12,,2012-12,,,,0,0,,,,FR_MARCH_2010.pdf,Sector-Wise analysis of projects,45,170
FR_201003_171,,N16000073,171,DHABOL-BANGALORE PIPELINE PROJECT -,,,PETROLEUM,2010-03,2009-06,,4543.43,,4543.43,,,,2012-12,,2012-12,,,,0,0,,,,FR_MARCH_2010.pdf,Sector-Wise analysis of projects,45,171
FR_201003_172,,N16000089,172,De-bottlenecking of SMPL -,,,PETROLEUM,2010-03,2009-12,,1584.0,,1584.0,,,1.51,,,2012-12,,,,0,0,,,,FR_MARCH_2010.pdf,Sector-Wise analysis of projects,45,172
FR_201003_173,,N16000072,173,JAGDISHPUR-HALDIA PIPELINE PROJECT -,,,PETROLEUM,2010-03,2009-07,,7596.18,,7596.18,,,,2013-01,,2013-01,,,,0,0,,,,FR_MARCH_2010.pdf,Sector-Wise analysis of projects,45,173
FR_201003_174,,N16000061,174,ASSAM RENEWAL PROJECT FOR GROUP A - Total,,,PETROLEUM,2010-03,2009-03,,2465.15,150894.93,2378.86,,,109.52,2013-03,,2013-03,,,,0,0,,,,FR_MARCH_2010.pdf,Sector-Wise analysis of projects,45,174
FR_201003_175,,180100165,175,TUIRIAL HE PROJECT(NEEPCO) -,NEEPCO,,POWER,2010-03,1998-07,,368.72,,836.14,,,230.12,2006-07,,2010-03,,,,2,5,,,,FR_MARCH_2010.pdf,Sector-Wise analysis of projects,45,175
FR_201003_176,,180100258,176,KUNADANKULAM-APP TRANS. SYSTEM (PGCIL) -,PGCIL,,POWER,2010-03,2005-05,,1779.29,44.0,1896.65,,,1517.26,2008-11,,2010-03,,,,25,38,,,,FR_MARCH_2010.pdf,Sector-Wise analysis of projects,45,176
FR_201003_177,,180100220,177,SEWA- II H.E.P (NHPC) -,NHPC,,POWER,2010-03,2003-09,,665.46,,1016.74,,,961.39,2007-09,,2010-04,,,,8,36,,,,FR_MARCH_2010.pdf,Sector-Wise analysis of projects,46,177
FR_201003_178,,180100246,178,KAIGA 3&4 TRANSMISSION SYSTEM (PGCIL) -,PGCIL,,POWER,2010-03,2005-03,,596.45,1007.16,1007.16,,,732.26,2007-12,,2010-06,,,,7,18,,,,FR_MARCH_2010.pdf,Sector-Wise analysis of projects,46,178
FR_201003_179,,N18000033,179,EASTERN REGION STRENGTHENING SCHEME-II -,,,POWER,2010-03,2007-12,,227.52,,227.52,,,99.87,2010-06,,2010-06,,,,0,0,,,,FR_MARCH_2010.pdf,Sector-Wise analysis of projects,46,179
FR_201003_180,,N18000062,180,TR. SYSTEM ASSOCIATED WITH TUTICORIN JV TPS -,,,POWER,2010-03,2009-02,,353.57,,353.57,,,58.71,2010-07,,2010-07,,,,0,0,,,,FR_MARCH_2010.pdf,Sector-Wise analysis of projects,46,180
FR_201003_181,,180100256,181,KOTESWAR TRANSMISSION SYSTEM (PGCIL) -,PGCIL,,POWER,2010-03,2006-06,,260.34,,241.27,,,131.91,2008-06,,2010-08,,,,8,20,,,,FR_MARCH_2010.pdf,Sector-Wise analysis of projects,46,181
FR_201003_182,,N18000011,182,KORBA STPP STAGE-III -,,,POWER,2010-03,2006-08,,2448.5,,2448.49,,,1836.1,2010-02,,2010-08,,,,5,24,,,,FR_MARCH_2010.pdf,Sector-Wise analysis of projects,46,182
FR_201003_183,,260100100,183,EAST-WEST TRANSNISSION CORRIDOR STRENGTHNING SCHEME -,,,POWER,2010-03,2006-06,,803.7,,803.76,,,565.34,2009-06,,2010-09,,,,1,20,,,,FR_MARCH_2010.pdf,Sector-Wise analysis of projects,46,183
FR_201003_184,,N18000035,184,WESTERN REGION STRENGTHENING SCHEME-V -,,,POWER,2010-03,2007-12,,477.69,,477.69,,,272.65,2010-09,,2010-09,,,,0,0,,,,FR_MARCH_2010.pdf,Sector-Wise analysis of projects,46,184
FR_201003_185,,N18000037,185,TR. SYSTEM FOR STARTUP POWER TO DVC & MAITHON RB G -,,,POWER,2010-03,2008-04,,290.49,,290.49,,,226.45,2010-04,,2010-09,,,,0,0,,,,FR_MARCH_2010.pdf,Sector-Wise analysis of projects,46,185
FR_201003_186,,N18000040,186,EST. OF 400/220 KV GIS POOLING STATION NEAR CHAMER -,,,POWER,2010-03,2007-09,,262.1,,262.1,,,131.66,2010-09,,2010-09,,,,0,0,,,,FR_MARCH_2010.pdf,Sector-Wise analysis of projects,46,186
FR_201003_187,,N18000013,187,National Capital Thermal Power Project Stage-II -,,,POWER,2010-03,2006-10,,5135.33,,5135.33,,,3788.6,2010-10,,2010-10,,,,11,40,,,,FR_MARCH_2010.pdf,Sector-Wise analysis of projects,46,187
FR_201003_188,,N18000016,188,Farakka STPP Stage-III -,,,POWER,2010-03,2006-07,,2570.44,,2570.44,,,1556.1,2010-08,,2010-11,,,,13,26,,,,FR_MARCH_2010.pdf,Sector-Wise analysis of projects,46,188
FR_201003_189,,N18000038,189,WESTERN REGION STREGTHENING SCHEME-VI -,,,POWER,2010-03,2008-02,,340.72,,340.72,,,113.44,2010-11,,2010-11,,,,0,0,,,,FR_MARCH_2010.pdf,Sector-Wise analysis of projects,46,189
FR_201003_190,,N18000039,190,NORTHERN REGION SYSTEM STRENGHTENING SCHEME-XII -,,,POWER,2010-03,2008-02,,261.55,,261.55,,,98.09,2010-11,,2010-11,,,,0,0,,,,FR_MARCH_2010.pdf,Sector-Wise analysis of projects,46,190
FR_201003_191,,N18000070,191,SYSTEM STRANGHTENING SCHEME- VIII OF SOUTHERN REGIO -,,,POWER,2010-03,2008-02,,105.84,,105.84,,,54.3,2010-11,,2010-11,,,,0,0,,,,FR_MARCH_2010.pdf,Sector-Wise analysis of projects,46,191
FR_201003_192,,180100241,192,"CHAMERA,STAGE-III (NHPC) -",NHPC,,POWER,2010-03,2005-08,,1405.63,,1405.63,,,1154.0,2010-08,,2010-12,,,,0,0,,,,FR_MARCH_2010.pdf,Sector-Wise analysis of projects,46,192
FR_201003_193,,180100260,193,TRANSMISSION SY. ASSOCIATED WITH BARH GENER. PROJECT(P.GR.) -,P.GR.,,POWER,2010-03,2005-12,,3779.46,,3779.46,,,3277.46,2009-09,,2010-12,,,,15,30,,,,FR_MARCH_2010.pdf,Sector-Wise analysis of projects,46,193
FR_201003_194,,N18000004,194,EASTERN REGION STRENGTHENING SCHEME-I -,,,POWER,2010-03,2006-10,,975.96,,975.96,,,552.96,2009-10,,2010-12,,,,2,20,,,,FR_MARCH_2010.pdf,Sector-Wise analysis of projects,46,194
FR_201003_195,,N18000006,195,NIMOO BAZGO HYDROELECTRIC PROJECT -,,,POWER,2010-03,2006-08,,611.01,,611.02,,,442.64,2010-08,,2010-12,,,,0,0,,,,FR_MARCH_2010.pdf,Sector-Wise analysis of projects,46,195
FR_201003_196,,N18000022,196,WESTERN REGION STRENGTHENING SCHEME-II -,,,POWER,2010-03,2006-07,,5221.23,,5221.23,,,2134.33,2010-07,,2010-12,,,,3,20,,,,FR_MARCH_2010.pdf,Sector-Wise analysis of projects,46,196
FR_201003_197,,N18000034,197,NORTHERN REGION SYSTEM STRENGTHENING-XI -,,,POWER,2010-03,2007-12,,417.76,,417.76,,,221.24,2010-12,,2010-12,,,,0,0,,,,FR_MARCH_2010.pdf,Sector-Wise analysis of projects,46,197
FR_201003_198,,N18000036,198,NORTHERN REGION SYSTEM STRENGTHENING SCHEME-X -,,,POWER,2010-03,2007-12,,408.36,,408.36,,,266.49,2010-12,,2010-12,,,,0,0,,,,FR_MARCH_2010.pdf,Sector-Wise analysis of projects,46,198
FR_201003_199,,N18000050,199,WESTERN REGION STRENGHTENING SCHEME-IX -,,,POWER,2010-03,2008-04,,230.89,45.0,230.89,,,13.77,2011-01,,2011-01,,,,0,0,,,,FR_MARCH_2010.pdf,Sector-Wise analysis of projects,46,199
FR_201003_200,,180100222,200,"TESSTA LOW DAM STAGE - II, III (NHPC) -",NHPC,,POWER,2010-03,2003-10,,768.92,,1279.4,,,1098.09,2007-03,,2011-02,,,,1,25,,,,FR_MARCH_2010.pdf,Sector-Wise analysis of projects,47,200
FR_201003_201,,180100251,201,URI H.E.P STAGE -II (NHPC) -,NHPC,,POWER,2010-03,2005-08,,1729.29,,1724.79,,,1084.56,2009-11,,2011-02,,,,0,0,,,,FR_MARCH_2010.pdf,Sector-Wise analysis of projects,47,201
FR_201003_202,,N18000007,202,CHUTAK HYDRO-ELECTRIC PROJECT -,,,POWER,2010-03,2006-08,,621.26,,621.28,,,413.22,2011-02,,2011-02,,,,0,1,,,,FR_MARCH_2010.pdf,Sector-Wise analysis of projects,47,202
FR_201003_203,,N18000023,203,URI-II -,,,POWER,2010-03,2006-10,,238.25,,238.25,,,172.98,,,2011-05,,,,0,0,,,,FR_MARCH_2010.pdf,Sector-Wise analysis of projects,47,203
FR_201003_204,,N18000032,204,SIMHADRI STPP STAGE -II -,,,POWER,2010-03,2007-08,,5103.39,,5038.53,,,2630.8,2011-05,,2011-05,,,,0,0,,,,FR_MARCH_2010.pdf,Sector-Wise analysis of projects,47,204
FR_201003_205,,180100250,205,PARBATI H.E.P. STAGE -III (NHPC) -,NHPC,,POWER,2010-03,2005-10,,2304.56,,2304.52,,,991.55,2010-10,,2011-06,,,,0,0,,,,FR_MARCH_2010.pdf,Sector-Wise analysis of projects,47,205
FR_201003_206,,N18000018,206,TRANSMISSION SYSTEM ASSOCIATED WITH PARBATI-III HE -,,,POWER,2010-03,2006-07,,557.24,,557.25,,,308.56,2010-01,,2011-06,,,,0,22,,,,FR_MARCH_2010.pdf,Sector-Wise analysis of projects,47,206
FR_201003_207,,N18000043,207,TRANSMISSION SYSTEM ASSOCIATED WITH FARAKKA-III -,,,POWER,2010-03,2008-12,,204.07,,204.07,,,65.52,2011-06,,2011-06,,,,0,0,,,,FR_MARCH_2010.pdf,Sector-Wise analysis of projects,47,207
FR_201003_208,,N18000059,208,TR. SYSTEM ASSOCIATED WITH CORBA III GENERATION PR -,,,POWER,2010-03,2009-02,,276.61,,276.61,,,92.04,2011-06,,2011-06,,,,0,0,,,,FR_MARCH_2010.pdf,Sector-Wise analysis of projects,47,208
FR_201003_209,,N18000055,209,NORTHERN REGION SYSTEM STRENGHTENING SCHEME-IX -,,,POWER,2010-03,2008-07,,525.14,,525.14,,,308.0,2011-07,,2011-07,,,,0,0,,,,FR_MARCH_2010.pdf,Sector-Wise analysis of projects,47,209
FR_201003_210,,N18000064,210,TR. SYSTEM ASSOCIATED WITH CHAMERA III HEP -,,,POWER,2010-03,2008-04,,297.37,,297.37,,,151.82,2011-07,,2011-07,,,,0,0,,,,FR_MARCH_2010.pdf,Sector-Wise analysis of projects,47,210
FR_201003_211,,N18000067,211,SYSTEM STRENGHTENING -XI IN SOUTHERN REGION -,,,POWER,2010-03,2009-03,,196.1,,196.1,,,11.61,2011-07,,2011-07,,,,0,0,,,,FR_MARCH_2010.pdf,Sector-Wise analysis of projects,47,211
FR_201003_212,,180100243,212,"TEESTA LOW DAM HEP, STAGE-IV (NHPC) -",NHPC,,POWER,2010-03,2005-09,,1061.38,,1307.03,,,707.6,2009-09,,2011-08,,,,0,0,,,,FR_MARCH_2010.pdf,Sector-Wise analysis of projects,47,212
FR_201003_213,,N18000057,213,NORTHERN REGION SYSTEM STRENGHTENING SCHEME-XIV -,,,POWER,2010-03,2009-02,,132.19,,132.19,,,9.3,2011-08,,2011-08,,,,0,0,,,,FR_MARCH_2010.pdf,Sector-Wise analysis of projects,47,213
FR_201003_214,,N18000058,214,NORTHERN REGION SYSTEM STRENGHTENING SCHEME-XVII -,,,POWER,2010-03,2009-02,,210.79,,210.79,,,43.26,2011-08,,2011-08,,,,0,0,,,,FR_MARCH_2010.pdf,Sector-Wise analysis of projects,47,214
FR_201003_215,,N18000044,215,SYSTEM STRENGHTENING IN NR GRID FOR KARCHAM WANGTO -,,,POWER,2010-03,2008-12,,328.97,,328.97,,,81.61,2011-09,,2011-09,,,,0,0,,,,FR_MARCH_2010.pdf,Sector-Wise analysis of projects,47,215
FR_201003_216,,180100184,216,KOTESHWAR HEP(THDC) -,THDC,,POWER,2010-03,2000-04,,1301.56,,1301.56,,,1771.49,2005-04,,2011-10,,,,0,0,,,,FR_MARCH_2010.pdf,Sector-Wise analysis of projects,47,216
FR_201003_217,,180100229,217,SIPAT STPP STAGE - I (NTPC) -,NTPC,,POWER,2010-03,2003-12,,8323.39,,8323.39,,,6617.7,2009-12,,2011-10,,,,33,56,,,,FR_MARCH_2010.pdf,Sector-Wise analysis of projects,47,217
FR_201003_218,,N18000052,218,NORTHERN REGION SYSTEM STRENGHTENING SCHEME-XV -,,,POWER,2010-03,2009-02,,520.48,,520.48,,,122.49,2011-11,,2011-11,,,,0,0,,,,FR_MARCH_2010.pdf,Sector-Wise analysis of projects,47,218
FR_201003_219,,N18000053,219,NORTHERN REGION SYSTEM STRENGHTENING SCHEME-XVIII -,,,POWER,2010-03,2009-02,,509.66,,509.66,,,16.1,2011-11,,2011-11,,,,0,0,,,,FR_MARCH_2010.pdf,Sector-Wise analysis of projects,47,219
FR_201003_220,,N18000054,220,NORTHERN REGION SYSTEM STRENGHTENING SCHEME-XIII -,,,POWER,2010-03,2009-02,,317.69,46.0,317.69,,,2.51,2011-11,,2011-11,,,,0,0,,,,FR_MARCH_2010.pdf,Sector-Wise analysis of projects,47,220
FR_201003_221,,N18000063,221,TR. SYSTEM ASSOCIATED WITH RAMPUR HEP -,,,POWER,2010-03,2009-02,,184.19,,184.19,,,21.18,2011-11,,2011-11,,,,0,0,,,,FR_MARCH_2010.pdf,Sector-Wise analysis of projects,48,221
FR_201003_222,,180100211,222,KOLDAM HEP (NTPC) -,NTPC,,POWER,2010-03,2002-10,,4527.15,,4527.15,,,3041.0,2009-04,,2011-12,,,,19,41,,,,FR_MARCH_2010.pdf,Sector-Wise analysis of projects,48,222
FR_201003_223,,N18000071,223,TRIPURA GAS BASED POWER PROJECT -,,,POWER,2010-03,2009-07,,421.01,,623.44,,,16.72,2012-01,,2012-01,,,,0,0,,,,FR_MARCH_2010.pdf,Sector-Wise analysis of projects,48,223
FR_201003_224,,N18000041,224,BONGAIGAON THERMAL POWER PROJECT -,,,POWER,2010-03,2008-01,,4375.35,,4375.35,,,898.5,2011-07,,2012-02,,,,0,0,,,,FR_MARCH_2010.pdf,Sector-Wise analysis of projects,48,224
FR_201003_225,,N18000049,225,WESTERN REGION STRENGHTENING SCHEME-X -,,,POWER,2010-03,2009-02,,664.96,,664.96,,,18.54,2012-02,,2012-02,,,,0,0,,,,FR_MARCH_2010.pdf,Sector-Wise analysis of projects,48,225
FR_201003_226,,N18000051,226,WESTERN REGION SYSTEM STRENGHTENING SCHEME-XI -,,,POWER,2010-03,2009-02,,409.5,,409.5,,,,2012-02,,2012-02,,,,0,0,,,,FR_MARCH_2010.pdf,Sector-Wise analysis of projects,48,226
FR_201003_227,,N18000056,227,NORTHERN REGION SYSTEM STRENGHTENING SCHEME-XIX -,,,POWER,2010-03,2009-02,,410.29,,410.29,,,38.92,2012-02,,2012-02,,,,0,0,,,,FR_MARCH_2010.pdf,Sector-Wise analysis of projects,48,227
FR_201003_228,,N18000060,228,SYSTEM STRENGHTENING SCHEME- IX OF SOUTHERN REGIONA -,,,POWER,2010-03,2009-02,,120.62,,120.62,,,17.22,2012-02,,2012-02,,,,0,0,,,,FR_MARCH_2010.pdf,Sector-Wise analysis of projects,48,228
FR_201003_229,,N18000068,229,765 KV SYSTEM FOR CENTRAL PART OF NORTHERN GRID PA -,,,POWER,2010-03,2009-02,,1347.32,,1347.32,,,184.05,2012-02,,2012-02,,,,0,0,,,,FR_MARCH_2010.pdf,Sector-Wise analysis of projects,48,229
FR_201003_230,,N18000024,230,RAMPUR HEP(412 MW) -,412 MW,,POWER,2010-03,2007-01,,2047.03,,2047.03,,,787.3,2012-01,,2012-03,,,,2,10,,,,FR_MARCH_2010.pdf,Sector-Wise analysis of projects,48,230
FR_201003_231,,N18000045,231,PARE HYDRO ELECTRIC PROJECT(110 MW) -,110 MW,,POWER,2010-03,2008-12,,573.99,,573.99,,,97.5,2012-08,,2012-08,,,,0,0,,,,FR_MARCH_2010.pdf,Sector-Wise analysis of projects,48,231
FR_201003_232,,N18000048,232,MOUDA STPP -,,,POWER,2010-03,2007-11,,5459.28,,5459.28,,,836.6,2012-02,,2012-08,,,,0,0,,,,FR_MARCH_2010.pdf,Sector-Wise analysis of projects,48,232
FR_201003_233,,N18000065,233,SUPPLIMENTARY TRANSMISSION ASSOCIATED WITH DVC AND -,,,POWER,2010-03,2008-08,,2360.95,,2360.95,,,839.43,2012-08,,2012-08,,,,0,0,,,,FR_MARCH_2010.pdf,Sector-Wise analysis of projects,48,233
FR_201003_234,,N18000069,234,765 KV POOLING STATION & NETWORK WITH DVC AND MAIT -,,,POWER,2010-03,2008-08,,7075.33,,7075.33,,,1658.95,2012-08,,2012-08,,,,0,0,,,,FR_MARCH_2010.pdf,Sector-Wise analysis of projects,48,234
FR_201003_235,,N18000061,235,TR. SYSTEM ASSOCIATED WITH MUNDRA ULTRA MEGA POWER -,,,POWER,2010-03,2008-10,,4824.12,,4824.12,,,380.23,2012-10,,2012-10,,,,0,0,,,,FR_MARCH_2010.pdf,Sector-Wise analysis of projects,48,235
FR_201003_236,,N18000072,236,VINDHYACHAL STTP STAGE-IV -,,,POWER,2010-03,2009-01,,5915.0,,5915.0,,,551.0,2012-11,,2012-11,,,,0,0,,,,FR_MARCH_2010.pdf,Sector-Wise analysis of projects,48,236
FR_201003_237,,N18000073,237,RIHAND STTP STAGE-III (2X500MW) -,2X500MW,,POWER,2010-03,2009-01,,6230.81,,6230.81,,,480.1,2012-11,,2012-11,,,,0,0,,,,FR_MARCH_2010.pdf,Sector-Wise analysis of projects,48,237
FR_201003_238,,180100221,238,LOWER SUBANSIRI H.E.P (NHPC) -,NHPC,,POWER,2010-03,2003-09,,6285.33,,6285.33,,,3973.26,2010-09,,2012-12,,,,2,11,,,,FR_MARCH_2010.pdf,Sector-Wise analysis of projects,48,238
FR_201003_239,,180100261,239,TRANSMISSION SYSTEM ASSOCIATED WITH PARBATI = II HEP -,,,POWER,2010-03,2005-12,,358.42,,358.42,,,6.09,2008-12,2010-09,2012-12,,,,0,15,,,,FR_MARCH_2010.pdf,Sector-Wise analysis of projects,48,239
FR_201003_240,,N18000005,240,LOHARINAG-PAL HEP(4X150MW) -,4X150MW,,POWER,2010-03,2006-06,,2895.1,,2895.1,,,552.33,2011-11,,2012-12,,,,6,34,,,,FR_MARCH_2010.pdf,Sector-Wise analysis of projects,48,240
FR_201003_241,,N18000046,241,TRANSMISSION SYSTEM ASSOCIATED WITH SASAN ULTRA ME -,,,POWER,2010-03,2008-12,,7031.88,,7031.88,,,540.91,2012-12,,2012-12,,,,0,0,,,,FR_MARCH_2010.pdf,Sector-Wise analysis of projects,48,241
FR_201003_242,,180100210,242,PARBATI HEP (NHPC) II -,NHPC,,POWER,2010-03,2002-09,,3919.59,47.0,3919.59,,,2743.37,2009-09,,2013-03,,,,1,20,,,,FR_MARCH_2010.pdf,Sector-Wise analysis of projects,48,242
FR_201003_243,,N18000014,243,Tapovan-Vishnugad HEP (4x130MW) -,4x130MW,,POWER,2010-03,2006-11,,2978.48,,2978.48,,,750.6,2013-03,,2013-03,,,,5,31,,,,FR_MARCH_2010.pdf,Sector-Wise analysis of projects,49,243
FR_201003_244,,180100239,244,KAMENG HYDROELECTRIC PROJECT (NEEPCO) -,NEEPCO,,POWER,2010-03,2004-12,,2496.9,,3253.22,,,1105.86,2013-05,,2013-05,,,,37,161,,,,FR_MARCH_2010.pdf,Sector-Wise analysis of projects,49,244
FR_201003_245,,N18000047,245,BARH STPP STAGE -II -,,,POWER,2010-03,2008-02,,7341.04,,7341.04,,,660.6,2013-08,,2013-08,,,,0,0,,,,FR_MARCH_2010.pdf,Sector-Wise analysis of projects,49,245
FR_201003_246,,N18000066,246,NORTH- EAST NORTH WESTERN INTERCONNECTOR I PROJECT -,,,POWER,2010-03,2009-02,,11130.19,,11130.19,,,649.65,2013-08,,2013-08,,,,0,0,,,,FR_MARCH_2010.pdf,Sector-Wise analysis of projects,49,246
FR_201003_247,,180100242,247,BARH STPP(3X660MW) NTPC -,3X660MW,,POWER,2010-03,2003-12,,8692.97,,8692.97,,,4684.4,2010-11,,2013-10,,,,15,51,,,,FR_MARCH_2010.pdf,Sector-Wise analysis of projects,49,247
FR_201003_248,,N18000010,248,TEHRI PUMPED STORAGE PLANT(1000MW) -,1000MW,,POWER,2010-03,2006-07,,1657.0,,1657.6,,,244.34,2010-07,,2014-12,,,,0,0,,,,FR_MARCH_2010.pdf,Sector-Wise analysis of projects,49,248
FR_201003_249,,N18000042,249,VISHNUGAD PIPALKOTI HYDRO ELECTRIC PROJECT -,,,POWER,2010-03,2008-08,,2491.58,,2491.58,,,102.49,2013-06,,2015-03,,,,0,0,,,,FR_MARCH_2010.pdf,Sector-Wise analysis of projects,49,249
FR_201003_250,,N18000031,250,KISHANGANGA HEP -,,,POWER,2010-03,2007-07,,2238.67,3642.04,3642.04,,,291.66,2014-07,,2016-01,,,,0,0,,,,FR_MARCH_2010.pdf,Sector-Wise analysis of projects,49,250
FR_201003_251,,180100078,251,LOKTAK D/S HEP(NHPC) - Total Health & Family Welfare,NHPC,,POWER,2010-03,1999-12,,578.62,162568.99,578.62,,,28.33,2006-06,,,,,,0,0,,,,FR_MARCH_2010.pdf,Sector-Wise analysis of projects,49,251
FR_201003_252,,210100001,252,NORTH EAST INDIRA GANDHI INST- ITUTE OF HEALTH & MS - Total,,,POWER,2010-03,1986-05,,71.18,422.6,443.15,,,477.33,1999-03,2005-03,,,,,7,16,,,,FR_MARCH_2010.pdf,Sector-Wise analysis of projects,49,252
FR_201003_253,,220100284,253,KHURDA ROAD-BOLANGIR(NL)ECOR -,NL,,RAILWAYS,2010-03,1994-04,,355.38,,700.0,,,97.09,2011-03,,2011-02,,,,0,0,,,,FR_MARCH_2010.pdf,Sector-Wise analysis of projects,49,253
FR_201003_254,,220100148,254,LANJHIGARH-JUNAGARH NL(ECOR) -,ECOR,,RAILWAYS,2010-03,1993-04,,100.0,142.98,170.0,,,111.69,2002-03,2011-03,2010-03,,,,0,0,,,,FR_MARCH_2010.pdf,Sector-Wise analysis of projects,49,254
FR_201003_255,,N22000058,255,"AMROHA-KANKATHER,NR -",,,RAILWAYS,2010-03,2000-04,,57.0,107.29,103.57,,,108.76,2005-03,2008-09,2009-05,,,,0,0,,,,FR_MARCH_2010.pdf,Sector-Wise analysis of projects,49,255
FR_201003_256,,N22000048,256,"VALLAPARPADM- IDAPALLY,(NL)(RVNL) -",RVNL,,RAILWAYS,2010-03,2006-07,,246.5,246.5,246.5,,,298.52,2009-03,2009-03,2009-11,,,,0,0,,,,FR_MARCH_2010.pdf,Sector-Wise analysis of projects,49,256
FR_201003_257,,220100318,257,"ETAWAH-MAINPURI (NL),NCR -",NL,,RAILWAYS,2010-03,2001-09,,129.7,129.7,142.48,,,110.5,2008-12,,2009-12,,,,0,0,,,,FR_MARCH_2010.pdf,Sector-Wise analysis of projects,49,257
FR_201003_258,,N22000052,258,HARNOUT -SET.UP OF W/S TO UND. POH OF UP TO50 COAC -,,,RAILWAYS,2010-03,2003-04,,98.74,,224.51,,,41.39,,,2009-12,,,,0,0,,,,FR_MARCH_2010.pdf,Sector-Wise analysis of projects,49,258
FR_201003_259,,N22000055,259,ABOHAR- FAZILKA -,,,RAILWAYS,2010-03,2001-09,,86.44,,209.57,,,174.22,2009-03,,2010-02,,,,0,0,,,,FR_MARCH_2010.pdf,Sector-Wise analysis of projects,49,259
FR_201003_260,,220100009,260,FREIGHT OPERATIONS INFORMATION SYSTEM (FOIS) -,FOIS,,RAILWAYS,2010-03,1984-03,,520.0,422.79,634.13,,,556.48,1995-03,,2010-03,,,,0,0,,,,FR_MARCH_2010.pdf,Sector-Wise analysis of projects,49,260
FR_201003_261,,220100131,261,AMBALA-MORADABAD(RE) -,RE,,RAILWAYS,2010-03,1993-03,,152.21,157.76,265.0,,,265.33,1998-03,,2010-03,,,,0,0,,,,FR_MARCH_2010.pdf,Sector-Wise analysis of projects,49,261
FR_201003_262,,220100151,262,CALICUT-MANGALORE (DL) (SR) -,SR,,RAILWAYS,2010-03,1996-02,,240.0,459.55,571.55,,,570.37,,,2010-03,,,,0,0,,,,FR_MARCH_2010.pdf,Sector-Wise analysis of projects,49,262
FR_201003_263,,220100162,263,"MIRAJ-LATUR ROAD(GC),CR -",GC,,RAILWAYS,2010-03,1993-04,,225.0,360.63,816.4,,,758.38,2001-03,,2010-03,,,,0,0,,,,FR_MARCH_2010.pdf,Sector-Wise analysis of projects,50,263
FR_201003_264,,220100187,264,"SURENDRANAGAR- BHAVNAGAR(GC),WR -",GC,,RAILWAYS,2010-03,1997-03,,437.4,,563.25,,,393.37,2004-03,2005-03,2010-03,,,,0,0,,,,FR_MARCH_2010.pdf,Sector-Wise analysis of projects,50,264
FR_201003_265,,220100212,265,"KOTTUR-HARIHAR(NL),(SWR) -",SWR,,RAILWAYS,2010-03,1995-04,,65.94,124.13,281.2,,,195.39,,,2010-03,,,,0,0,,,,FR_MARCH_2010.pdf,Sector-Wise analysis of projects,50,265
FR_201003_266,,220100224,266,"NEW JALPAIGURI-NEW BONGAIGAON (GC),NEFR -",GC,,RAILWAYS,2010-03,1998-11,,536.85,,960.48,,,994.51,2003-03,,2010-03,,,,0,0,,,,FR_MARCH_2010.pdf,Sector-Wise analysis of projects,50,266
FR_201003_267,,220100244,267,TAHANJAVUR-VILLUPURAM GAUGE CONVERSION (G.C)(SR) -,SR,,RAILWAYS,2010-03,2001-10,,223.0,356.9,425.9,,,122.32,2008-11,,2010-03,,,,0,0,,,,FR_MARCH_2010.pdf,Sector-Wise analysis of projects,50,267
FR_201003_268,,220100251,268,VILLUPURAM-KATPADI (GC)(SR) -,SR,,RAILWAYS,2010-03,2000-02,,175.0,175.0,502.14,,,475.41,,,2010-03,,,,0,0,,,,FR_MARCH_2010.pdf,Sector-Wise analysis of projects,50,268
FR_201003_269,,220100258,269,"JALANDHAR-PATHANKOT-JAMMU- TAWI (LD),NR -",LD,,RAILWAYS,2010-03,2002-03,,409.0,625.3,639.54,,,746.02,2007-06,,2010-03,,,,0,0,,,,FR_MARCH_2010.pdf,Sector-Wise analysis of projects,50,269
FR_201003_270,,220100270,270,"GADWAL - RAICHUR (NL), SCR -",NL,,RAILWAYS,2010-03,1998-04,,92.63,,228.09,,,147.18,,,2010-03,,,,0,0,,,,FR_MARCH_2010.pdf,Sector-Wise analysis of projects,50,270
FR_201003_271,,220100282,271,"DHARMAVARAM-PAKALA (GC), SCR -",GC,,RAILWAYS,2010-03,1997-04,,200.0,546.49,610.07,,,563.62,2009-02,,2010-03,,,,0,0,,,,FR_MARCH_2010.pdf,Sector-Wise analysis of projects,50,271
FR_201003_272,,220100291,272,BHILDI-SAMDARI (GC) -,GC,,RAILWAYS,2010-03,1999-04,,244.74,479.0,479.0,,,463.52,2009-03,,2010-03,,,,0,0,,,,FR_MARCH_2010.pdf,Sector-Wise analysis of projects,50,272
FR_201003_273,,220100300,273,"KURLA-BHANDUP,5 AND 6TH P.I.,MUMBAI,CR -",,,RAILWAYS,2010-03,1995-04,,49.84,,136.45,,,131.28,2002-03,,2010-03,,,,0,0,,,,FR_MARCH_2010.pdf,Sector-Wise analysis of projects,50,273
FR_201003_274,,220100322,274,PRATAPNAGAR-CHOTA UDAIPUR (GC) (WR) -,WR,,RAILWAYS,2010-03,2005-04,,148.61,,227.52,,,230.48,2008-03,2009-03,2010-03,,,,0,0,,,,FR_MARCH_2010.pdf,Sector-Wise analysis of projects,50,274
FR_201003_275,,220100323,275,RUPSA-BANGRIPOSI (GC)(SER) -,SER,,RAILWAYS,2010-03,1996-02,,57.94,137.56,137.57,,,134.52,1998-03,2005-08,2010-03,,,,0,0,,,,FR_MARCH_2010.pdf,Sector-Wise analysis of projects,50,275
FR_201003_276,,220100327,276,KHURDA ROAD - BARANG 3RD LINE (DL) (ECOR) -,ECOR,,RAILWAYS,2010-03,2000-04,,133.41,207.0,211.9,,,142.88,2009-03,,2010-03,,,,0,0,,,,FR_MARCH_2010.pdf,Sector-Wise analysis of projects,50,276
FR_201003_277,,N22000046,277,"PODAPAHAR-BANSPANI,(LD)(SER) -",SER,,RAILWAYS,2010-03,2006-04,,129.74,129.74,129.74,,,126.5,2006-03,,2010-03,,,,0,0,,,,FR_MARCH_2010.pdf,Sector-Wise analysis of projects,50,277
FR_201003_278,,N22000049,278,OBULAVARIPALLE- KRISHNAPATNAM(RVNL) -,RVNL,,RAILWAYS,2010-03,2006-07,,743.0,732.8,732.8,,,210.09,2008-03,2008-06,2010-03,,,,0,0,,,,FR_MARCH_2010.pdf,Sector-Wise analysis of projects,50,278
FR_201003_279,,N22000056,279,SHIMOGA-TALAGUPPA -,,,RAILWAYS,2010-03,1992-12,,46.0,,405.6,,,130.23,,,2010-03,,,,0,0,,,,FR_MARCH_2010.pdf,Sector-Wise analysis of projects,50,279
FR_201003_280,,220100233,280,"CONV.OF 1500V DC TRACTION TO 25 KV AC,WR -",,,RAILWAYS,2010-03,1996-07,,273.67,654.51,1160.52,,,541.51,,,2010-06,,,,0,0,,,,FR_MARCH_2010.pdf,Sector-Wise analysis of projects,50,280
FR_201003_281,,220100260,281,REINGUNTA-GUNTAKAL(RE) -,RE,,RAILWAYS,2010-03,2000-06,,168.34,,296.2,,,252.59,2003-04,2010-03,2010-06,,,,0,0,,,,FR_MARCH_2010.pdf,Sector-Wise analysis of projects,50,281
FR_201003_282,,220100268,282,TOLLYGANJ-GARIA(MTP) -,MTP,,RAILWAYS,2010-03,2000-03,,907.69,,1032.76,,,798.33,2006-12,,2010-06,,,,0,0,,,,FR_MARCH_2010.pdf,Sector-Wise analysis of projects,50,282
FR_201003_283,,220100286,283,"RAJATGARH-BARANG(LD),ECOR -",LD,,RAILWAYS,2010-03,1999-04,,166.16,,243.4,,,194.56,2009-02,,2010-06,,,,0,0,,,,FR_MARCH_2010.pdf,Sector-Wise analysis of projects,50,283
FR_201003_284,,220100329,284,RAICHUR-GUNTAKAL(DL)(SCR) -,SCR,,RAILWAYS,2010-03,2003-04,,136.62,,221.9,,,107.41,2007-12,2010-03,2010-07,,,,0,0,,,,FR_MARCH_2010.pdf,Sector-Wise analysis of projects,50,284
FR_201003_285,,N22000053,285,CHHAPRA-SETTING UP OF WHEEL MANUFACTURING PLANT -,,,RAILWAYS,2010-03,2005-03,,470.09,,881.19,,,86.35,,,2010-07,,,,0,0,,,,FR_MARCH_2010.pdf,Sector-Wise analysis of projects,50,285
FR_201003_286,,N22000081,286,BHARUCH-SAMNI-DAHEJ GAUGE CONVERSIN -,,,RAILWAYS,2010-03,2005-09,,200.8,200.8,200.8,,,135.11,,,2010-09,,,,0,0,,,,FR_MARCH_2010.pdf,Sector-Wise analysis of projects,50,286
FR_201003_287,,220100264,287,DEOGHAR-DUMKA NEW BG LINE (DOUBL.)(ER) -,ER,,RAILWAYS,2010-03,1999-02,,180.73,320.66,335.0,,,303.65,2006-12,2008-12,2010-11,,,,0,0,,,,FR_MARCH_2010.pdf,Sector-Wise analysis of projects,51,287
FR_201003_288,,220100321,288,BILASPUR-URKURA (DL) -,DL,,RAILWAYS,2010-03,1997-04,,151.52,,273.0,,,256.42,2009-03,,2010-11,,,,0,0,,,,FR_MARCH_2010.pdf,Sector-Wise analysis of projects,51,288
FR_201003_289,,220100325,289,SUKINDA ROAD - ANGUL (NL)(ECOR) -,ECOR,,RAILWAYS,2010-03,1998-04,,183.23,,638.0,,,24.68,2015-02,,2010-11,,,,0,0,,,,FR_MARCH_2010.pdf,Sector-Wise analysis of projects,51,289
FR_201003_290,,220100164,290,BELAPUR-SEAWOOD-URAN ELECTRIF-IED DOUBLE LINE(MTP)- PH-I -,MTP,,RAILWAYS,2010-03,1996-03,,401.81,,495.44,,,263.64,2004-03,,2010-12,,,,0,0,,,,FR_MARCH_2010.pdf,Sector-Wise analysis of projects,51,290
FR_201003_291,,220100247,291,KATIHAR - JOGBANI (GC)(NEFR) -,NEFR,,RAILWAYS,2010-03,2001-09,,100.0,,672.38,,,674.83,,,2010-12,,,,0,0,,,,FR_MARCH_2010.pdf,Sector-Wise analysis of projects,51,291
FR_201003_292,,220100272,292,"TARAKESWAR - BISHNUPUR NEW BG LINE (NL), ER -",NL,,RAILWAYS,2010-03,2000-04,,157.96,479.2,567.0,,,219.65,2009-12,,2010-12,,,,0,0,,,,FR_MARCH_2010.pdf,Sector-Wise analysis of projects,51,292
FR_201003_293,,220100326,293,CUTTACK - BARANG (LD) -,LD,,RAILWAYS,2010-03,1995-04,,127.13,,135.1,,,,,,2010-12,,,,0,0,,,,FR_MARCH_2010.pdf,Sector-Wise analysis of projects,51,293
FR_201003_294,,N22000033,294,AJMER-PHULERA-RINGUS-REWARI (G.C.)(NWR)(RVNL) -,RVNL,,RAILWAYS,2010-03,2005-04,,352.0,716.64,718.3,,,610.35,2008-03,2008-08,2010-12,,,,0,0,,,,FR_MARCH_2010.pdf,Sector-Wise analysis of projects,51,294
FR_201003_295,,N22000034,295,ALIGARH-GAZIABAD 3RD LINE DOUBLING (RVNL) -,RVNL,,RAILWAYS,2010-03,2003-04,,230.73,399.73,399.5,,,,2009-03,2008-12,2010-12,,,,0,0,,,,FR_MARCH_2010.pdf,Sector-Wise analysis of projects,51,295
FR_201003_296,,N22000091,296,BARDHAMAN-KATWA (GC) -,GC,,RAILWAYS,2010-03,2007-04,,245.15,,450.0,,,26.8,2010-12,,2010-12,,,,0,0,,,,FR_MARCH_2010.pdf,Sector-Wise analysis of projects,51,296
FR_201003_297,,N22000093,297,MUMBAI URBAN TRANSPORT PROJECT PHASE-I -,,,RAILWAYS,2010-03,2003-04,,3125.2,,4103.2,,,3338.94,2010-12,,2010-12,,,,0,0,,,,FR_MARCH_2010.pdf,Sector-Wise analysis of projects,51,297
FR_201003_298,,220100279,298,"REWARI-ROHTAK (NL),NR -",NL,,RAILWAYS,2010-03,2004-01,,149.38,330.23,457.17,,,338.18,2010-02,,2011-02,,,,0,0,,,,FR_MARCH_2010.pdf,Sector-Wise analysis of projects,51,298
FR_201003_299,,220100328,299,TALCHER-BIMALAGARH(NL)(ECOR) -,ECOR,,RAILWAYS,2010-03,2005-04,,726.96,,810.78,,,39.55,2011-03,,2011-02,,,,0,0,,,,FR_MARCH_2010.pdf,Sector-Wise analysis of projects,51,299
FR_201003_300,,220100062,300,"VIRAMGAM-BHILDI(WR),GC -",WR,,RAILWAYS,2010-03,1990-04,,155.66,,375.21,,,191.13,2010-03,,2011-03,,,,0,0,,,,FR_MARCH_2010.pdf,Sector-Wise analysis of projects,51,300
FR_201003_301,,220100118,301,AMRAVATI-NARKHER NL(CR) -,CR,,RAILWAYS,2010-03,1994-06,,120.9,284.27,475.0,,,272.66,1999-06,,2011-03,,,,0,0,,,,FR_MARCH_2010.pdf,Sector-Wise analysis of projects,51,301
FR_201003_302,,220100194,302,"MUZAFFARPUR-SITAMARHI(NL),ECR -",NL,,RAILWAYS,2010-03,1997-03,,100.0,,332.75,,,80.21,,,2011-03,,,,0,0,,,,FR_MARCH_2010.pdf,Sector-Wise analysis of projects,51,302
FR_201003_303,,220100214,303,"RANCHI-LOHARDAGA(GC),SER -",GC,,RAILWAYS,2010-03,1997-04,,193.78,194.07,456.45,,,240.05,2004-06,,2011-03,,,,0,0,,,,FR_MARCH_2010.pdf,Sector-Wise analysis of projects,51,303
FR_201003_304,,220100232,304,"LALITPUR-SATNA-REWA-SINGRULI NL, (NCR) -",NCR,,RAILWAYS,2010-03,1998-09,,925.0,925.0,925.0,,,432.5,2008-05,,2011-03,,,,0,0,,,,FR_MARCH_2010.pdf,Sector-Wise analysis of projects,51,304
FR_201003_305,,220100243,305,"AGRA-ETAWAH VIA FATEBAD & BAD (NL),NCR -",NL,,RAILWAYS,2010-03,1999-04,,108.0,214.09,214.09,,,132.3,2009-12,,2011-03,,,,0,0,,,,FR_MARCH_2010.pdf,Sector-Wise analysis of projects,51,305
FR_201003_306,,220100267,306,GOOTY- RENIGUNTA PATCH DOUBLING PH-II (DL) (SCR) -,SCR,,RAILWAYS,2010-03,2002-05,,304.5,306.0,306.0,,,341.81,2009-06,,2011-03,,,,0,0,,,,FR_MARCH_2010.pdf,Sector-Wise analysis of projects,51,306
FR_201003_307,,220100271,307,"BARAMATI - LONAND (NL), CR -",NL,,RAILWAYS,2010-03,1998-03,,75.0,138.48,138.48,,,41.06,,,2011-03,,,,0,0,,,,FR_MARCH_2010.pdf,Sector-Wise analysis of projects,51,307
FR_201003_308,,220100306,308,"KODERMA GIRIDH (NL), ECR -",NL,,RAILWAYS,2010-03,1996-04,,371.36,,371.36,,,234.34,,,2011-03,,,,0,0,,,,FR_MARCH_2010.pdf,Sector-Wise analysis of projects,51,308
FR_201003_309,,220100313,309,"SRIGANGANAGAR-SARUPSAR (GC), NWR -",GC,,RAILWAYS,2010-03,1997-04,,143.92,,168.8,,,70.43,,,2011-03,,,,0,0,,,,FR_MARCH_2010.pdf,Sector-Wise analysis of projects,51,309
FR_201003_310,,N22000002,310,MANSI-PURNIA (EXTENSION OF MANSI-SAHARSA) GAN -,EXTENSION OF MANSI-SAHARSA,,RAILWAYS,2010-03,1996-04,,114.01,283.95,348.78,,,53.31,,,2011-03,,,,0,0,,,,FR_MARCH_2010.pdf,Sector-Wise analysis of projects,51,310
FR_201003_311,,N22000027,311,PALWAL-BHUTESWAR 3RD LINE DOUBLING(NCR)(RVNL) -,RVNL,,RAILWAYS,2010-03,2005-04,,240.0,329.7,329.7,,,253.39,2009-03,2009-12,2011-03,,,,0,0,,,,FR_MARCH_2010.pdf,Sector-Wise analysis of projects,51,311
FR_201003_312,,N22000078,312,NEW GUWAHATI-DIGARU PATCH DOUBLING PH-I -,,,RAILWAYS,2010-03,2007-09,,99.84,99.84,110.94,,,77.17,2010-03,,2011-03,,,,0,0,,,,FR_MARCH_2010.pdf,Sector-Wise analysis of projects,52,312
FR_201003_313,,N22000094,313,ELECTRIFICATION OF KHURJA- MEERUT-SAHARANPUR & G'BA -,,,RAILWAYS,2010-03,2008-02,,171.1,,171.1,,,43.83,2011-03,,2011-03,,,,0,0,,,,FR_MARCH_2010.pdf,Sector-Wise analysis of projects,52,313
FR_201003_314,,N22000095,314,ELECTRIFICATION OF MORADABAD- ROZA -,,,RAILWAYS,2010-03,2006-03,,258.35,,258.35,,,9.38,2011-03,,2011-03,,,,0,0,,,,FR_MARCH_2010.pdf,Sector-Wise analysis of projects,52,314
FR_201003_315,,N22000096,315,RAJPIPLA-ANKELASHWAR (GC) -,GC,,RAILWAYS,2010-03,2006-04,,196.97,,196.97,,,72.27,2011-03,,2011-03,,,,0,0,,,,FR_MARCH_2010.pdf,Sector-Wise analysis of projects,52,315
FR_201003_316,,N22000076,316,PANSPURA-KHARAGPUR 3D LINE -,,,RAILWAYS,2010-03,2007-09,,252.5,252.5,252.5,,,60.91,2010-02,,2011-11,,,,0,0,,,,FR_MARCH_2010.pdf,Sector-Wise analysis of projects,52,316
FR_201003_317,,220100241,317,"CHANDIGARH-LUDHIANA(NEW BG LINE),NR -",NEW BG LINE,,RAILWAYS,2010-03,1997-07,,248.44,576.27,587.08,,,645.88,,,2011-12,,,,0,0,,,,FR_MARCH_2010.pdf,Sector-Wise analysis of projects,52,317
FR_201003_318,,220100285,318,HARIDASPUR-PARADEEP(NL) -,NL,,RAILWAYS,2010-03,1996-04,,301.64,,735.1,,,,2009-09,,2011-12,,,,0,0,,,,FR_MARCH_2010.pdf,Sector-Wise analysis of projects,52,318
FR_201003_319,,N22000088,319,UTRATIA-ZAFRABAD (LINE DOUBLING) -,LINE DOUBLING,,RAILWAYS,2010-03,2006-04,,325.0,,496.03,,,27.08,2010-03,,2011-12,,,,0,0,,,,FR_MARCH_2010.pdf,Sector-Wise analysis of projects,52,319
FR_201003_320,,220100226,320,DLW GM 4000 / 3000 HP DIESEL LOCOS -,,,RAILWAYS,2010-03,1999-04,,155.54,,141.4,,,103.18,2003-03,,2012-03,,,,0,0,,,,FR_MARCH_2010.pdf,Sector-Wise analysis of projects,52,320
FR_201003_321,,220100240,321,"JAYANAGAR-DARBHANGA-NARKATIA GANJ(GC),ECR -",GC,,RAILWAYS,2010-03,1997-04,,233.0,335.77,727.52,,,75.94,,,2012-03,,,,0,0,,,,FR_MARCH_2010.pdf,Sector-Wise analysis of projects,52,321
FR_201003_322,,220100280,322,"JIND-SONEPAT (NL),NR -",NL,,RAILWAYS,2010-03,2004-01,,190.81,238.56,234.45,,,135.75,,,2012-03,,,,0,0,,,,FR_MARCH_2010.pdf,Sector-Wise analysis of projects,52,322
FR_201003_323,,220100304,323,"KOSI BRIDGE (NL), ECR -",NL,,RAILWAYS,2010-03,2002-04,,323.41,,341.41,,,91.23,,,2012-03,,,,0,0,,,,FR_MARCH_2010.pdf,Sector-Wise analysis of projects,52,323
FR_201003_324,,N22000028,324,EXT. OF MRTS FROM VELACHERY TO STN. THOMAS -,,,RAILWAYS,2010-03,2006-04,,415.59,,495.74,,,58.7,,,2012-03,,,,0,0,,,,FR_MARCH_2010.pdf,Sector-Wise analysis of projects,52,324
FR_201003_325,,N22000075,325,SALKA ROAD -ANUPNAGAR LINE DOUBLING -,,,RAILWAYS,2010-03,2006-09,,324.9,,324.9,,,95.53,2010-03,,2012-03,,,,0,0,,,,FR_MARCH_2010.pdf,Sector-Wise analysis of projects,52,325
FR_201003_326,,N22000089,326,SITAMARHI-RAXAUL-NARKATIAGANJ (GC) -,GC,,RAILWAYS,2010-03,1997-04,,501.69,,501.69,,,45.9,2010-03,,2012-03,,,,0,0,,,,FR_MARCH_2010.pdf,Sector-Wise analysis of projects,52,326
FR_201003_327,,N22000097,327,TAMLUK DIGHA -,,,RAILWAYS,2010-03,1984-03,,293.97,,293.97,,,1.91,2005-06,,2012-04,,,,0,0,,,,FR_MARCH_2010.pdf,Sector-Wise analysis of projects,52,327
FR_201003_328,,220100007,328,"GUNA-ETAWAH(NCR), NL -",NCR,,RAILWAYS,2010-03,1985-04,,158.77,274.56,432.46,,,464.8,1994-03,,2012-12,,,,0,0,,,,FR_MARCH_2010.pdf,Sector-Wise analysis of projects,52,328
FR_201003_329,,220100307,329,"RAIL-CUM-ROAD BRIDGE AT MUNGER (NL), ECR -",NL,,RAILWAYS,2010-03,2002-04,,921.0,,921.0,,,236.87,2009-03,,2012-12,,,,0,0,,,,FR_MARCH_2010.pdf,Sector-Wise analysis of projects,52,329
FR_201003_330,,220100308,330,"PATNA GANGA BRIDGE (NL), ECR -",NL,,RAILWAYS,2010-03,2001-04,,624.47,,1480.71,,,445.84,2007-10,,2012-12,,,,0,0,,,,FR_MARCH_2010.pdf,Sector-Wise analysis of projects,52,330
FR_201003_331,,N22000077,331,BHOPAL BINA 3D LINE DOUBLING -,,,RAILWAYS,2010-03,2007-09,,687.2,,687.2,,,115.25,2010-03,,2012-12,,,,0,0,,,,FR_MARCH_2010.pdf,Sector-Wise analysis of projects,52,331
FR_201003_332,,220100184,332,"DAUSA-GANGAPUR CITY(NL),NWR -",NL,,RAILWAYS,2010-03,1997-02,,151.84,,410.08,,,101.53,,,2013-03,,,,0,0,,,,FR_MARCH_2010.pdf,Sector-Wise analysis of projects,52,332
FR_201003_333,,220100263,333,QUILON-TIRUNELVELI-TENKASI- VIRUDHUNAGAR(SR)(GC) -,GC,,RAILWAYS,2010-03,1998-03,,280.0,280.0,899.42,,,549.08,,,2013-03,,,,0,0,,,,FR_MARCH_2010.pdf,Sector-Wise analysis of projects,52,333
FR_201003_334,,220100315,334,"RANGIA-MURKONGSELEK, (GC) NEFR -",GC,,RAILWAYS,2010-03,2004-01,,912.7,915.7,1556.23,,,209.47,,,2013-03,,,,0,0,,,,FR_MARCH_2010.pdf,Sector-Wise analysis of projects,52,334
FR_201003_335,,220100201,335,"BRAHAMAPUTRA BRIDGE AT BOGIBIL & LINK LINES,NEFR -",,,RAILWAYS,2010-03,1996-04,,1000.0,1500.0,3087.44,,,1843.04,2008-04,2011-12,2014-03,,,,0,0,,,,FR_MARCH_2010.pdf,Sector-Wise analysis of projects,52,335
FR_201003_336,,220100266,336,"MAYNAGURI TO JOGIGHOPA VIA CHANGRA (NL),NEFR -",NL,,RAILWAYS,2010-03,2000-02,,733.0,733.0,1502.29,,,483.71,2008-12,,2014-03,,,,0,0,,,,FR_MARCH_2010.pdf,Sector-Wise analysis of projects,53,336
FR_201003_337,,N22000083,337,CONSTRUCTION OF NEW LINE FROM HARMATI-ITANAGAR/NAR -,,,RAILWAYS,2010-03,1996-09,,156.0,156.0,160.48,,,72.47,,,2014-03,,,,0,0,,,,FR_MARCH_2010.pdf,Sector-Wise analysis of projects,53,337
FR_201003_338,,N22000086,338,NEW B.G. LINE FROM AZARA TO BYRNIHAT (NATINAL PROJ -,,,RAILWAYS,2010-03,2006-09,,200.0,200.0,546.47,,,0.54,,,2014-03,,,,0,0,,,,FR_MARCH_2010.pdf,Sector-Wise analysis of projects,53,338
FR_201003_339,,N22000092,339,MUMBAI URBAN TRANSPORT PROJECT PHASE-II -,,,RAILWAYS,2010-03,2008-04,,5300.0,,5300.0,,,106.13,2014-03,,2014-03,,,,0,0,,,,FR_MARCH_2010.pdf,Sector-Wise analysis of projects,53,339
FR_201003_340,,N22000099,340,AGARTALA SABROOM -,,,RAILWAYS,2010-03,2008-04,,813.34,,813.34,,,13.89,2014-03,,2014-03,,,,0,0,,,,FR_MARCH_2010.pdf,Sector-Wise analysis of projects,53,340
FR_201003_341,,N22000100,341,BHAIRABI SAIRONG -,,,RAILWAYS,2010-03,2008-04,,619.34,,619.34,,,0.01,2014-04,,2014-04,,,,0,0,,,,FR_MARCH_2010.pdf,Sector-Wise analysis of projects,53,341
FR_201003_342,,220100303,342,"HAJIPUR-SUGAULI VIA VAISHALI (NL), ECR -",NL,,RAILWAYS,2010-03,2003-04,,324.66,,528.65,,,35.74,,,2015-03,,,,0,0,,,,FR_MARCH_2010.pdf,Sector-Wise analysis of projects,53,342
FR_201003_343,,N22000102,343,SEVOK RANGPO -,,,RAILWAYS,2010-03,2008-04,,1339.48,,1339.48,,,1.42,2015-12,,2015-12,,,,0,0,,,,FR_MARCH_2010.pdf,Sector-Wise analysis of projects,53,343
FR_201003_344,,220100288,344,JIRIBAM TO IMPHAL (TUPUI)(NL)(NEFR) -,NEFR,,RAILWAYS,2010-03,2003-04,,727.56,727.53,2492.53,,,186.52,2011-03,,2016-03,,,,0,0,,,,FR_MARCH_2010.pdf,Sector-Wise analysis of projects,53,344
FR_201003_345,,220100133,345,"UDHAMPUR-SRINAGAR-BARAMULLA (NL),NR -",NL,,RAILWAYS,2010-03,1995-03,,2500.0,8000.0,11270.0,,,6220.19,2001-03,,2017-12,,,,0,0,,,,FR_MARCH_2010.pdf,Sector-Wise analysis of projects,53,345
FR_201003_346,,220100106,346,PEDAPALLI-KARIMNAGAR- NIZAMABAD NL(SCR) -,SCR,,RAILWAYS,2010-03,1994-12,,124.43,407.78,617.63,,,341.48,,,,,,,0,0,,,,FR_MARCH_2010.pdf,Sector-Wise analysis of projects,53,346
FR_201003_347,,220100116,347,RAJKOT-VERAVAL & WANSJALIYA- JETALSAR GC(WR) -,WR,,RAILWAYS,2010-03,1992-04,,112.53,320.66,464.5,,,487.7,1996-03,2009-06,,,,,0,0,,,,FR_MARCH_2010.pdf,Sector-Wise analysis of projects,53,347
FR_201003_348,,220100125,348,"HOTGI-GADAG(GC),SWR -",GC,,RAILWAYS,2010-03,1994-04,,180.0,,318.66,,,452.61,1999-03,2003-03,,,,,0,0,,,,FR_MARCH_2010.pdf,Sector-Wise analysis of projects,53,348
FR_201003_349,,220100135,349,"EKLAKHI-BALURGHAT(NL),NEFR -",NL,,RAILWAYS,2010-03,1986-01,,36.8,274.41,285.93,,,232.01,,,,,,,0,0,,,,FR_MARCH_2010.pdf,Sector-Wise analysis of projects,53,349
FR_201003_350,,220100149,350,"DALLIRAJHARA- JAGDALPUR,NL,SECR -",,,RAILWAYS,2010-03,1995-04,,369.0,,968.6,,,0.43,,,,,,,0,0,,,,FR_MARCH_2010.pdf,Sector-Wise analysis of projects,53,350
FR_201003_351,,220100183,351,"HASSAN-BANGALORE VIA SHRAVANA-BELGOLA(NL),SWR -",NL,,RAILWAYS,2010-03,1997-02,,295.0,,412.91,,,312.72,,,,,,,0,0,,,,FR_MARCH_2010.pdf,Sector-Wise analysis of projects,53,351
FR_201003_352,,220100185,352,"AJMER-UDAIPUR-CHITTAURGARH (GC),NWR -",GC,,RAILWAYS,2010-03,1996-09,,262.0,433.39,456.0,,,470.63,2000-03,,,,,,0,0,,,,FR_MARCH_2010.pdf,Sector-Wise analysis of projects,53,352
FR_201003_353,,220100186,353,"GONDIA-JABALPUR(GC),(SECR) -",SECR,,RAILWAYS,2010-03,1997-02,,356.0,,511.86,,,413.02,1998-03,,,,,,0,0,,,,FR_MARCH_2010.pdf,Sector-Wise analysis of projects,53,353
FR_201003_354,,220100188,354,"NANGALDAM-TALWARA(NL),NR -",NL,,RAILWAYS,2010-03,1981-03,,37.68,450.0,730.0,,,268.96,,,,,,,0,0,,,,FR_MARCH_2010.pdf,Sector-Wise analysis of projects,53,354
FR_201003_355,,220100190,355,"KADUR-CHIKMAGALUR- SAKLESHPUR (NL),(SWR) -",SWR,,RAILWAYS,2010-03,1996-04,,157.0,,274.29,,,71.76,,,,,,,0,0,,,,FR_MARCH_2010.pdf,Sector-Wise analysis of projects,53,355
FR_201003_356,,220100191,356,"KARUR-SALEM(NL),SR -",NL,,RAILWAYS,2010-03,1997-02,,155.55,155.0,613.11,,,341.3,,,,,,,0,0,,,,FR_MARCH_2010.pdf,Sector-Wise analysis of projects,53,356
FR_201003_357,,220100192,357,"NANDYAL-YERRAGUNTLA(NL),SCR -",NL,,RAILWAYS,2010-03,1997-03,,155.74,164.36,429.49,,,283.44,2009-02,,,,,,0,0,,,,FR_MARCH_2010.pdf,Sector-Wise analysis of projects,53,357
FR_201003_358,,220100193,358,"HUBLI-AKOLA(NL),SWR -",NL,,RAILWAYS,2010-03,1995-04,,227.0,,103.72,,,44.83,,,,,,,0,0,,,,FR_MARCH_2010.pdf,Sector-Wise analysis of projects,53,358
FR_201003_359,,220100195,359,"HOSPET-GUNTAKAL(LD),SCR -",LD,,RAILWAYS,2010-03,1996-03,,105.22,52.0,268.0,,,283.49,1999-12,2008-03,,,,,0,0,,,,FR_MARCH_2010.pdf,Sector-Wise analysis of projects,53,359
FR_201003_360,,220100197,360,"KANPUR-KASGANJ- MATHURA(GC),NER -",GC,,RAILWAYS,2010-03,1997-03,,395.0,598.98,661.72,,,510.14,,,,,,,0,0,,,,FR_MARCH_2010.pdf,Sector-Wise analysis of projects,54,360
FR_201003_361,,220100205,361,"MUNEERABAD- MAHABOOBNAGAR(NL),SCR -",NL,,RAILWAYS,2010-03,1996-04,,377.32,218.24,497.47,,,63.03,,,,,,,0,0,,,,FR_MARCH_2010.pdf,Sector-Wise analysis of projects,54,361
FR_201003_362,,220100208,362,HOWRAH-AMTA-CHAMPADANGA NL (SER) -,SER,,RAILWAYS,2010-03,1974-04,,31.42,154.3,154.3,,,89.61,2007-03,2007-03,,,,,0,0,,,,FR_MARCH_2010.pdf,Sector-Wise analysis of projects,54,362
FR_201003_363,,220100220,363,MACHERLA-NALGONDA(NL)(SCR) -,SCR,,RAILWAYS,2010-03,1998-07,,125.0,,363.26,,,0.27,2008-07,,,,,,0,0,,,,FR_MARCH_2010.pdf,Sector-Wise analysis of projects,54,363
FR_201003_364,,220100222,364,"KODERMA-RANCHI VIA BARKAKHANA (NL),ECR -",NL,,RAILWAYS,2010-03,1999-03,,491.19,,1099.2,,,540.09,2005-07,,,,,,0,0,,,,FR_MARCH_2010.pdf,Sector-Wise analysis of projects,54,364
FR_201003_365,,220100249,365,KUTTIPURAM-CALICUT INCLD. SHORANUR-M-LORE (DL) (SR) -,SR,,RAILWAYS,2010-03,2001-03,,178.76,178.71,219.94,,,190.49,,,,,,,0,0,,,,FR_MARCH_2010.pdf,Sector-Wise analysis of projects,54,365
FR_201003_366,,220100252,366,ANGAMALI-SABARIMALA (N.L.)(SR) -,SR,,RAILWAYS,2010-03,1998-10,,550.0,550.0,550.0,,,62.14,,,,,,,0,0,,,,FR_MARCH_2010.pdf,Sector-Wise analysis of projects,54,366
FR_201003_367,,220100253,367,"PURNA-AKOLA (G.C), SCR -",G.C,,RAILWAYS,2010-03,2000-02,,228.0,,497.63,,,477.14,,,,,,,0,0,,,,FR_MARCH_2010.pdf,Sector-Wise analysis of projects,54,367
FR_201003_368,,220100254,368,"BIDAR-GULBARGA,SCR(NL) -",NL,,RAILWAYS,2010-03,1999-02,,242.42,369.7,369.7,,,130.4,2009-05,,,,,,0,0,,,,FR_MARCH_2010.pdf,Sector-Wise analysis of projects,54,368
FR_201003_369,,220100255,369,GONDA-GORAKHPUR LOOP WITH ANAND NAGAR-NAUTANWA GC (NER) -,NER,,RAILWAYS,2010-03,2002-03,,383.15,,381.17,,,80.12,,,,,,,0,0,,,,FR_MARCH_2010.pdf,Sector-Wise analysis of projects,54,369
FR_201003_370,,220100256,370,KAPTANGANJ-THAWE-SIWAN- CHHAPRA GC (NER) -,NER,,RAILWAYS,2010-03,2001-09,,320.1,,320.1,,,108.05,,,,,,,0,0,,,,FR_MARCH_2010.pdf,Sector-Wise analysis of projects,54,370
FR_201003_371,,220100257,371,KHAGARIA-KUSHESHWAR ASTHAN (NL) (ECR) -,ECR,,RAILWAYS,2010-03,1997-03,,78.23,,162.87,,,5.76,,,,,,,0,0,,,,FR_MARCH_2010.pdf,Sector-Wise analysis of projects,54,371
FR_201003_372,,220100262,372,TIRUCHIRAPPALI-NAGORE- KARAIKKAL(SR)(GC) -,GC,,RAILWAYS,2010-03,1995-09,,100.0,,548.96,,,389.28,,,,,,,0,0,,,,FR_MARCH_2010.pdf,Sector-Wise analysis of projects,54,372
FR_201003_373,,220100265,373,KOTLPALLI-NARASAPUR (NL) (SCR) -,SCR,,RAILWAYS,2010-03,2001-12,,330.0,,695.0,,,9.41,,,,,,,0,0,,,,FR_MARCH_2010.pdf,Sector-Wise analysis of projects,54,373
FR_201003_374,,220100274,374,BANGLORE - SATYAMANGALAM (NL)(SWR) -,SWR,,RAILWAYS,2010-03,1999-02,,138.0,,901.62,,,0.28,,,,,,,0,0,,,,FR_MARCH_2010.pdf,Sector-Wise analysis of projects,54,374
FR_201003_375,,220100277,375,BANKURA - DAMODAR (GC) (SER) -,SER,,RAILWAYS,2010-03,1998-03,,111.9,111.9,325.17,,,278.36,2005-03,2008-12,,,,,0,0,,,,FR_MARCH_2010.pdf,Sector-Wise analysis of projects,54,375
FR_201003_376,,220100281,376,"SURAT-KOSAMBA (LD),WR -",LD,,RAILWAYS,2010-03,2000-04,,133.0,,133.0,,,,,,,,,,0,0,,,,FR_MARCH_2010.pdf,Sector-Wise analysis of projects,54,376
FR_201003_377,,220100283,377,TANUR (KUTTIPURAM) GURUVAYUR (NL) (SR) -,SR,,RAILWAYS,2010-03,1995-04,,40.0,,137.71,,,9.71,,,,,,,0,0,,,,FR_MARCH_2010.pdf,Sector-Wise analysis of projects,54,377
FR_201003_378,,220100305,378,"KODERMA-TILAIYA (NL), ECR -",NL,,RAILWAYS,2010-03,2002-04,,459.91,,459.91,,,36.4,,,,,,,0,0,,,,FR_MARCH_2010.pdf,Sector-Wise analysis of projects,54,378
FR_201003_379,,220100309,379,"BARBIGHA - SHEKHPURA + NEORA- DANIAWAN (NL), ECR -",NL,,RAILWAYS,2010-03,2002-04,,120.23,,120.23,,,220.17,,,,,,,0,0,,,,FR_MARCH_2010.pdf,Sector-Wise analysis of projects,54,379
FR_201003_380,,220100310,380,"BIHARSHARIFF-BARBIGHA (NL), ECR -",NL,,RAILWAYS,2010-03,2001-04,,103.86,,103.86,,,28.93,,,,,,,0,0,,,,FR_MARCH_2010.pdf,Sector-Wise analysis of projects,54,380
FR_201003_381,,220100311,381,"DANIAWAN-BIHARSARIF (NL), ECR -",NL,,RAILWAYS,2010-03,2001-04,,104.79,,104.79,,,34.13,,,,,,,0,0,,,,FR_MARCH_2010.pdf,Sector-Wise analysis of projects,54,381
FR_201003_382,,220100312,382,"RAJGIR-TILAIYA (NL), ECR -",NL,,RAILWAYS,2010-03,2001-04,,180.82,180.82,180.82,,,230.44,2006-03,,,,,,0,0,,,,FR_MARCH_2010.pdf,Sector-Wise analysis of projects,54,382
FR_201003_383,,220100314,383,"RAMGANJMUNDI-BHOPAL (NL),WCR -",NL,,RAILWAYS,2010-03,2001-04,,727.13,727.13,1225.0,,,120.45,,,,,,,0,0,,,,FR_MARCH_2010.pdf,Sector-Wise analysis of projects,54,383
FR_201003_384,,220100316,384,MAHARAJGANJ-MASRAKH (NL) - NER -,NL,,RAILWAYS,2010-03,2003-04,,104.1,,113.75,,,40.35,,,,,,,0,0,,,,FR_MARCH_2010.pdf,Sector-Wise analysis of projects,55,384
FR_201003_385,,220100317,385,KICHHA-KHATIMA (NL) - NER -,NL,,RAILWAYS,2010-03,2003-04,,165.67,,165.67,,,0.15,,,,,,,0,0,,,,FR_MARCH_2010.pdf,Sector-Wise analysis of projects,55,385
FR_201003_386,,220100319,386,HATHUA-BHATNI (N L) (NER) -,NER,,RAILWAYS,2010-03,2005-04,,200.73,,230.03,,,45.76,,,,,,,0,0,,,,FR_MARCH_2010.pdf,Sector-Wise analysis of projects,55,386
FR_201003_387,,220100324,387,CHHINDWARA - NAGPUR (GC)(SECR) -,SECR,,RAILWAYS,2010-03,2005-04,,383.79,,585.93,,,102.78,,,,,,,0,0,,,,FR_MARCH_2010.pdf,Sector-Wise analysis of projects,55,387
FR_201003_388,,220100330,388,GUNTUR-GUNTAKAL- KALLURU(GL)(SCR) -,SCR,,RAILWAYS,2010-03,1992-04,,458.45,,573.12,,,555.49,,,,,,,0,0,,,,FR_MARCH_2010.pdf,Sector-Wise analysis of projects,55,388
FR_201003_389,,N22000029,389,BHATNI-JIRADEI PATCH DOUBLING (NER) -,NER,,RAILWAYS,2010-03,2006-04,,100.27,,100.27,,,0.01,,,,,,,0,0,,,,FR_MARCH_2010.pdf,Sector-Wise analysis of projects,55,389
FR_201003_390,,N22000030,390,MUNDERWA-BABHNAN PATCH DOUBLING(NER) -,NER,,RAILWAYS,2010-03,2006-04,,102.1,,102.1,,,22.75,,,,,,,0,0,,,,FR_MARCH_2010.pdf,Sector-Wise analysis of projects,55,390
FR_201003_391,,N22000032,391,MANOHARABAD-KOTHPALL NEW LINE(SCR) -,SCR,,RAILWAYS,2010-03,2006-04,,378.56,,671.82,,,0.74,,,,,,,0,0,,,,FR_MARCH_2010.pdf,Sector-Wise analysis of projects,55,391
FR_201003_392,,N22000045,392,"GAELKERA-MANOHARPUR,(LD)(SER) -",SER,,RAILWAYS,2010-03,1998-03,,186.92,261.7,261.7,,,0.08,2006-02,,,,,,0,0,,,,FR_MARCH_2010.pdf,Sector-Wise analysis of projects,55,392
FR_201003_393,,N22000054,393,SETTING UP EAST COAST RLY.ZN. (SER) -,SER,,RAILWAYS,2010-03,1997-04,,41.67,,129.78,,,90.84,,,,,,,0,0,,,,FR_MARCH_2010.pdf,Sector-Wise analysis of projects,55,393
FR_201003_394,,N22000057,394,"PATTABIRAM-ARAKKONAM,SR -",,,RAILWAYS,2010-03,2002-04,,71.94,,124.0,,,151.76,2004-03,2008-07,,,,,0,0,,,,FR_MARCH_2010.pdf,Sector-Wise analysis of projects,55,394
FR_201003_395,,N22000079,395,MAYLADUTHURAI-THIRUVARUR- KARAIKUDI-THIRU 'PONDI'-A -,,,RAILWAYS,2010-03,2007-09,,404.19,404.19,711.15,,,43.36,,,,,,,0,0,,,,FR_MARCH_2010.pdf,Sector-Wise analysis of projects,55,395
FR_201003_396,,N22000080,396,DINDIGUL-POLLACHI-PALGHAT- POLLACHI AND COIMBATORE -,,,RAILWAYS,2010-03,2006-09,,343.17,343.17,639.0,,,190.86,,,,,,,0,0,,,,FR_MARCH_2010.pdf,Sector-Wise analysis of projects,55,396
FR_201003_397,,N22000082,397,ALUABARI ROAD SILIGURI JANCTION VIA GALGALIA -,,,RAILWAYS,2010-03,2006-12,,170.0,170.0,255.96,,,75.34,,,,,,,0,0,,,,FR_MARCH_2010.pdf,Sector-Wise analysis of projects,55,397
FR_201003_398,,N22000084,398,TINDIVANAM-GINGEE- TIRUVANNAMALAI (NL) -,NL,,RAILWAYS,2010-03,2006-09,,125.0,125.0,227.4,,,12.67,,,,,,,0,0,,,,FR_MARCH_2010.pdf,Sector-Wise analysis of projects,55,398
FR_201003_399,,N22000085,399,TIDIVANAM-NAGARI (NL) -,NL,,RAILWAYS,2010-03,2006-09,,456.0,456.0,582.83,,,28.22,,,,,,,0,0,,,,FR_MARCH_2010.pdf,Sector-Wise analysis of projects,55,399
FR_201003_400,,N22000087,400,NEW B.G. LINE FROM ARARIA TO GALGALIA (THAKURGUNG) -,THAKURGUNG,,RAILWAYS,2010-03,2006-09,,300.0,300.0,529.88,,,24.22,,,,,,,0,0,,,,FR_MARCH_2010.pdf,Sector-Wise analysis of projects,55,400
FR_201003_401,,N22000098,401,BHAKURA DAMODAR -,,,RAILWAYS,2010-03,1998-03,,282.7,,325.17,,,24.32,2008-07,,,,,,0,0,,,,FR_MARCH_2010.pdf,Sector-Wise analysis of projects,55,401
FR_201003_402,,N22000101,402,KISHANGANJ JALALGARH -,,,RAILWAYS,2010-03,2008-04,,282.92,,359.86,,,0.71,,,,,,,0,0,,,,FR_MARCH_2010.pdf,Sector-Wise analysis of projects,55,402
FR_201003_403,,N22000103,403,RESTORATION WITH GAUGE CONVERSION OF SILIGHAT TOWN -,,,RAILWAYS,2010-03,1993-04,,100.41,,949.22,,,15.65,2009-12,,,,,,0,0,,,,FR_MARCH_2010.pdf,Sector-Wise analysis of projects,55,403
FR_201003_404,,220100168,404,"MANDARHILL-DUMKA-RAMPURHAT (NL),ER -",NL,,RAILWAYS,2010-03,1995-04,,184.0,254.07,676.0,,,300.65,2011-12,,2011-06,,,,0,0,,,,FR_MARCH_2010.pdf,Sector-Wise analysis of projects,55,404
FR_201003_405,,220100181,405,AHMEDNAGAR-PARLI VAIJNATH(NL) CR -,NL,,RAILWAYS,2010-03,1997-02,,353.08,353.08,1010.0,,,45.59,2012-12,,2012-12,,,,0,0,,,,FR_MARCH_2010.pdf,Sector-Wise analysis of projects,55,405
FR_201003_406,,220100273,406,"DEOGHAR - SULTANGANJ (INL), ER -",INL,,RAILWAYS,2010-03,2000-04,,138.0,258.24,607.09,,,189.55,2012-12,,2012-12,,,,0,0,,,,FR_MARCH_2010.pdf,Sector-Wise analysis of projects,55,406
FR_201003_407,,220100278,407,"HAPUR-KANKATHER (LD),NR -",LD,,RAILWAYS,2010-03,2003-04,,106.64,117.31,106.64,,,141.98,2007-03,2008-05,,,,,0,0,,,,FR_MARCH_2010.pdf,Sector-Wise analysis of projects,55,407
FR_201003_408,,N24000039,408,"JAWAHARLAL NEHRU PORT PHASE- II,SH-54 -",,,ROAD TRANSPORT & HIGHWAYS,2010-03,2000-04,,143.0,,143.0,,,120.3,2007-05,,2009-10,,,,0,0,,,,FR_MARCH_2010.pdf,Sector-Wise analysis of projects,56,408
FR_201003_409,,240100203,409,"ALLAHABAD BYPASS (KM.158- KM.198) GQ, NH-2 -",KM.158- KM.198,,ROAD TRANSPORT & HIGHWAYS,2010-03,2000-04,,440.93,,440.93,,,641.4,2006-12,,2009-12,,,,0,0,,,,FR_MARCH_2010.pdf,Sector-Wise analysis of projects,56,409
FR_201003_410,,240100204,410,"ALLAHABAD BYPASS (KM.198- KM.242.708) GQ, NH-2 -",KM.198- KM.242.708,,ROAD TRANSPORT & HIGHWAYS,2010-03,2000-04,,534.39,,534.39,,,716.15,2007-05,,2009-12,,,,0,0,,,,FR_MARCH_2010.pdf,Sector-Wise analysis of projects,56,410
FR_201003_411,,N24000054,411,"TOVARAMKURCHI-MADURAI,NH45B (NHAI) -",NHAI,,ROAD TRANSPORT & HIGHWAYS,2010-03,2000-04,,263.0,,263.0,,,317.74,2008-08,,2009-12,,,,0,0,,,,FR_MARCH_2010.pdf,Sector-Wise analysis of projects,56,411
FR_201003_412,,N24000060,412,AP/KARNATKA BORDER-NANDI HILL CROSSING AND DEVANHA -,,,ROAD TRANSPORT & HIGHWAYS,2010-03,2003-12,,402.8,,402.8,,,453.7,2009-03,,2009-12,,,,0,0,,,,FR_MARCH_2010.pdf,Sector-Wise analysis of projects,56,412
FR_201003_413,,N24000105,413,ELEVATED HIGHWAY FROM SILK BOARD JUNCTION TO ELECT -,,,ROAD TRANSPORT & HIGHWAYS,2010-03,2005-03,,450.0,,450.0,,,876.61,2008-07,,2010-01,,,,0,0,,,,FR_MARCH_2010.pdf,Sector-Wise analysis of projects,56,413
FR_201003_414,,240101151,414,BHUBANESWAR-KHURDA (GQ) KM.387.7-KM.418 (NH-5) -,NH-5,,ROAD TRANSPORT & HIGHWAYS,2010-03,2000-04,,140.85,,140.85,,,149.17,2004-01,,2010-03,,,,0,0,,,,FR_MARCH_2010.pdf,Sector-Wise analysis of projects,56,414
FR_201003_415,,240106210,415,"BORKHEDI-JAM (NS-22/MH) PH.II KM.36.6 TO KM.64.0, NH-7 -",NS-22/MH,,ROAD TRANSPORT & HIGHWAYS,2010-03,2003-12,,110.0,,110.0,,,106.18,2005-06,,2010-03,,,,0,0,,,,FR_MARCH_2010.pdf,Sector-Wise analysis of projects,56,415
FR_201003_416,,240106257,416,"DHULE-PIMPALGAON, NH-3, KM.380 TOKM. 265 -",,,ROAD TRANSPORT & HIGHWAYS,2010-03,2005-03,,556.0,,556.0,,,568.5,2009-03,,2010-03,,,,0,0,,,,FR_MARCH_2010.pdf,Sector-Wise analysis of projects,56,416
FR_201003_417,,240106285,417,TRICHY BYPASS END TO TOVARAMKURCHI (NH-45B)(NHAI) -,NHAI,,ROAD TRANSPORT & HIGHWAYS,2010-03,2005-03,,261.0,,261.0,,,286.3,2008-08,,2010-03,,,,0,0,,,,FR_MARCH_2010.pdf,Sector-Wise analysis of projects,56,417
FR_201003_418,,240106289,418,NAGAON BYPASS (NH-37)(NHAI) -,NHAI,,ROAD TRANSPORT & HIGHWAYS,2010-03,2003-12,,230.0,,230.0,,,164.23,2008-06,,2010-03,,,,0,0,,,,FR_MARCH_2010.pdf,Sector-Wise analysis of projects,56,418
FR_201003_419,,N24000029,419,SIMRAHI TO RING-BUND (MISSIONG LINE) (BR-4) -,BR-4,,ROAD TRANSPORT & HIGHWAYS,2010-03,2003-12,,100.5,,100.5,,,170.85,2008-04,,2010-03,,,,0,0,,,,FR_MARCH_2010.pdf,Sector-Wise analysis of projects,56,419
FR_201003_420,,N24000086,420,"SIX LANING OF BANGLORE-HOSUR SECTION OF NH-7, PHAS -",,,ROAD TRANSPORT & HIGHWAYS,2010-03,2005-03,,110.0,,110.0,,,113.84,2008-07,,2010-03,,,,0,0,,,,FR_MARCH_2010.pdf,Sector-Wise analysis of projects,56,420
FR_201003_421,,N24000093,421,"MAHARASHTRA/AP BORDER TO ISLAM NAGAR,(NS-2/BOT/AP-6),NH-7 -",NS-2/BOT/AP-6,,ROAD TRANSPORT & HIGHWAYS,2010-03,2003-12,,360.42,,360.42,,,457.7,2009-11,,2010-03,,,,0,0,,,,FR_MARCH_2010.pdf,Sector-Wise analysis of projects,56,421
FR_201003_422,,240100206,422,"COCHIN PORT, NH-47 (PORT CONNECTIVITY) KMS 348 - KMS 358 -",PORT CONNECTIVITY,,ROAD TRANSPORT & HIGHWAYS,2010-03,2000-04,,106.0,,193.0,,,127.92,2006-08,,2010-04,,,,0,0,,,,FR_MARCH_2010.pdf,Sector-Wise analysis of projects,56,422
FR_201003_423,,240101178,423,FATEHPUR-KHAGA (GQ) KM.38- KM.115 (NH-2) -,NH-2,,ROAD TRANSPORT & HIGHWAYS,2010-03,2000-04,,372.4,,372.4,,,399.29,2004-07,,2010-04,,,,0,0,,,,FR_MARCH_2010.pdf,Sector-Wise analysis of projects,56,423
FR_201003_424,,240106227,424,"PURNEA-FORBESGANJ (BR-1) PHASE-II, KM.309 TO 268, NH-57 -",BR-1,,ROAD TRANSPORT & HIGHWAYS,2010-03,2003-12,,276.0,,276.0,,,360.0,2008-04,,2010-04,,,,0,0,,,,FR_MARCH_2010.pdf,Sector-Wise analysis of projects,56,424
FR_201003_425,,240106228,425,"PURNEA-FORBESGANJ (BR-2) PHASE-II, KM.268 TO 230, NH-57 -",BR-2,,ROAD TRANSPORT & HIGHWAYS,2010-03,2003-12,,310.0,,310.0,,,392.26,2008-04,,2010-04,,,,0,0,,,,FR_MARCH_2010.pdf,Sector-Wise analysis of projects,56,425
FR_201003_426,,240106241,426,"MADURAI -KANNIAKUMARI SEC. (NS- 42/TN) NH-7, KM.120 TO KM.160 -",NS- 42/TN,,ROAD TRANSPORT & HIGHWAYS,2010-03,2003-12,,507.49,55.0,507.49,,,331.03,2008-03,,2010-04,,,,0,0,,,,FR_MARCH_2010.pdf,Sector-Wise analysis of projects,56,426
FR_201003_427,,240106268,427,"JALANDAR-AMRITSAR, KM.407/100 TO KM.456/100, NH-1 -",,,ROAD TRANSPORT & HIGHWAYS,2010-03,2005-03,,263.0,,263.0,,,379.5,2009-02,,2010-04,,,,0,0,,,,FR_MARCH_2010.pdf,Sector-Wise analysis of projects,57,427
FR_201003_428,,240106273,428,"SALEM TO KERALA BORDER SEC(TN6), KM.203.96 NH7 TO KM 53 NH47 -",TN6,,ROAD TRANSPORT & HIGHWAYS,2010-03,2003-12,,469.8,,469.8,,,665.8,2008-12,,2010-04,,,,0,0,,,,FR_MARCH_2010.pdf,Sector-Wise analysis of projects,57,428
FR_201003_429,,240106302,429,"SAGAR - RAJMARG CHORAHA,KM 255-297, NH-26 (NHAI) -",NHAI,,ROAD TRANSPORT & HIGHWAYS,2010-03,2003-12,,206.96,,206.96,,,51.79,2008-10,,2010-04,,,,0,0,,,,FR_MARCH_2010.pdf,Sector-Wise analysis of projects,57,429
FR_201003_430,,N24000055,430,"NAGPUR-KONDHALI,NH-6(NHAI) -",NHAI,,ROAD TRANSPORT & HIGHWAYS,2010-03,2005-03,,168.0,,168.0,,,305.42,2008-12,,2010-04,,,,0,0,,,,FR_MARCH_2010.pdf,Sector-Wise analysis of projects,57,430
FR_201003_431,,N24000076,431,HYDERABAD-BANGALORE SEC.(NS CORR.PH-II)[KM 251-293 -,NS CORR.PH-II,,ROAD TRANSPORT & HIGHWAYS,2010-03,2003-12,,208.46,,208.46,,,169.4,2009-08,,2010-04,,,,0,0,,,,FR_MARCH_2010.pdf,Sector-Wise analysis of projects,57,431
FR_201003_432,,N24000079,432,HYDERABAD-BANGALORE SEC.(NS CORR.PH-II)[KM 376-418 -,NS CORR.PH-II,,ROAD TRANSPORT & HIGHWAYS,2010-03,2003-12,,205.92,,205.92,,,177.4,2009-08,,2010-04,,,,0,0,,,,FR_MARCH_2010.pdf,Sector-Wise analysis of projects,57,432
FR_201003_433,,N24000080,433,HYDERABAD-BANGALORE SEC.(NS CORR.PH-II)[KM 418-463 -,NS CORR.PH-II,,ROAD TRANSPORT & HIGHWAYS,2010-03,2003-12,,243.64,,243.64,,,232.5,2009-08,,2010-04,,,,0,0,,,,FR_MARCH_2010.pdf,Sector-Wise analysis of projects,57,433
FR_201003_434,,N24000081,434,HYDERABAD-BANGALORE SEC.(NS CORR.PH-II)[KM 211-251 -,NS CORR.PH-II,,ROAD TRANSPORT & HIGHWAYS,2010-03,2003-12,,194.8,,194.8,,,149.8,2009-08,,2010-04,,,,0,0,,,,FR_MARCH_2010.pdf,Sector-Wise analysis of projects,57,434
FR_201003_435,,N24000083,435,"PADALUR-TRICHY, NH-45 -",,,ROAD TRANSPORT & HIGHWAYS,2010-03,2005-03,,320.0,,320.0,,,636.1,2009-05,,2010-04,,,,0,0,,,,FR_MARCH_2010.pdf,Sector-Wise analysis of projects,57,435
FR_201003_436,,N24000104,436,BANGALORE-NEELAMANGLALA NH-4 -,,,ROAD TRANSPORT & HIGHWAYS,2010-03,2005-03,,445.0,,445.0,,,772.29,2010-07,,2010-04,,,,0,0,,,,FR_MARCH_2010.pdf,Sector-Wise analysis of projects,57,436
FR_201003_437,,240101134,437,CHITRADURGA BY PASS (GQ) KM.207-KM.189 (NH-4) -,NH-4,,ROAD TRANSPORT & HIGHWAYS,2010-03,2000-04,,104.0,,104.0,,,154.37,2004-08,,2010-05,,,,0,0,,,,FR_MARCH_2010.pdf,Sector-Wise analysis of projects,57,437
FR_201003_438,,240106260,438,"AURANG-RAIPUR, NH-6, KM.232 TO KM.281 -",,,ROAD TRANSPORT & HIGHWAYS,2010-03,2005-03,,190.0,,190.0,,,204.68,2009-01,,2010-05,,,,0,0,,,,FR_MARCH_2010.pdf,Sector-Wise analysis of projects,57,438
FR_201003_439,,240106262,439,"GONDE-VADAPE(THANE), NH-3, KM.440/000 TO KM.539/500 -",THANE,,ROAD TRANSPORT & HIGHWAYS,2010-03,2005-03,,579.0,,579.0,,,677.94,2009-04,,2010-05,,,,0,0,,,,FR_MARCH_2010.pdf,Sector-Wise analysis of projects,57,439
FR_201003_440,,N24000122,440,DELHI/ HARYANA BORDER TO ROHTAK -,,,ROAD TRANSPORT & HIGHWAYS,2010-03,2007-04,,486.0,,486.0,,,222.58,2010-05,,2010-05,,,,0,0,,,,FR_MARCH_2010.pdf,Sector-Wise analysis of projects,57,440
FR_201003_441,,240101133,441,HARIHAR-CHITRADURGA (GQ) KM.284-KM.207 (NH-4) -,NH-4,,ROAD TRANSPORT & HIGHWAYS,2010-03,2000-04,,318.0,,207.56,,,71.35,2004-08,,2010-06,,,,0,0,,,,FR_MARCH_2010.pdf,Sector-Wise analysis of projects,57,441
FR_201003_442,,240101181,442,VARANASI-MOHANIA (GQ) KM.317- 329 & KM.0-KM.65 (NH-2) -,NH-2,,ROAD TRANSPORT & HIGHWAYS,2010-03,2000-04,,467.93,,467.93,,,450.31,2005-03,,2010-06,,,,0,0,,,,FR_MARCH_2010.pdf,Sector-Wise analysis of projects,57,442
FR_201003_443,,240101187,443,GORHAR-BARWA ADDA (GQ) KM.320- KM.398.75 (NH-2) -,NH-2,,ROAD TRANSPORT & HIGHWAYS,2010-03,2000-04,,399.75,,399.75,,,405.24,2005-03,,2010-06,,,,0,0,,,,FR_MARCH_2010.pdf,Sector-Wise analysis of projects,57,443
FR_201003_444,,240103191,444,"PURNEA-GOYAKOTA SEC.(EW) (NS & EW-PH-I) KM.419-KM.447, NH-31 -",NS & EW-PH-I,,ROAD TRANSPORT & HIGHWAYS,2010-03,2000-04,,205.73,,205.73,,,241.1,2004-07,,2010-06,,,,0,0,,,,FR_MARCH_2010.pdf,Sector-Wise analysis of projects,57,444
FR_201003_445,,240106202,445,"CHENNAI BYPASS (NHAI) OTHERS, NH-45, 4 & 5 -",NHAI,,ROAD TRANSPORT & HIGHWAYS,2010-03,2003-12,,480.0,,480.0,,,782.86,2007-11,,2010-06,,,,0,0,,,,FR_MARCH_2010.pdf,Sector-Wise analysis of projects,57,445
FR_201003_446,,240106207,446,DEVDHARI-KELAPUR -,,,ROAD TRANSPORT & HIGHWAYS,2010-03,2003-12,,144.0,,144.0,,,125.73,2005-07,,2010-06,,,,0,0,,,,FR_MARCH_2010.pdf,Sector-Wise analysis of projects,57,446
FR_201003_447,,240106216,447,"GAGODHAR-GARAMORE(PK-IV,NH15) KM 245 TO 281.3 AND 308 TO 254 -","PK-IV,NH15",,ROAD TRANSPORT & HIGHWAYS,2010-03,2003-12,,412.78,,479.54,,,423.5,2007-11,,2010-06,,,,0,0,,,,FR_MARCH_2010.pdf,Sector-Wise analysis of projects,57,447
FR_201003_448,,240106220,448,"JHANSI BYPASS (UP-3), KM.104- KM.91, NH-25 -",UP-3,,ROAD TRANSPORT & HIGHWAYS,2010-03,2003-12,,158.06,,158.06,,,148.72,2005-08,,2010-06,,,,0,0,,,,FR_MARCH_2010.pdf,Sector-Wise analysis of projects,57,448
FR_201003_449,,240106256,449,"MEERUT-MUZAFFARNAGAR, NH-58 PHASE-III, KM.52.25 TO KM.131.00 -",,,ROAD TRANSPORT & HIGHWAYS,2010-03,2005-03,,359.0,56.0,359.0,,,560.71,2009-03,,2010-06,,,,0,0,,,,FR_MARCH_2010.pdf,Sector-Wise analysis of projects,57,449
FR_201003_450,,240106276,450,"MADURAI-ARUPKOTTAI-TUTICORIN, KM.138.8 TO KM.264.5, NH-45 B -",,,ROAD TRANSPORT & HIGHWAYS,2010-03,2005-03,,629.0,,629.0,,,838.94,2010-11,,2010-06,,,,0,0,,,,FR_MARCH_2010.pdf,Sector-Wise analysis of projects,58,450
FR_201003_451,,240106295,451,"DARBHANGA-MUZAFFARPUR, NH-57 (NHAI) -",NHAI,,ROAD TRANSPORT & HIGHWAYS,2010-03,2003-12,,305.0,,305.0,,,356.54,2008-06,,2010-06,,,,0,0,,,,FR_MARCH_2010.pdf,Sector-Wise analysis of projects,58,451
FR_201003_452,,240106296,452,"DARBHANGA-MUZAFFARPUR(KM 30 TO KM 0), NH-57 (NHAI) -",NHAI,,ROAD TRANSPORT & HIGHWAYS,2010-03,2003-12,,291.8,,291.8,,,386.96,2008-06,,2010-06,,,,0,0,,,,FR_MARCH_2010.pdf,Sector-Wise analysis of projects,58,452
FR_201003_453,,240106297,453,"KOTA BYPASS,RJ-4, NH-76 (NHAI) -",NHAI,,ROAD TRANSPORT & HIGHWAYS,2010-03,2003-12,,275.0,,250.39,,,207.07,2008-10,,2010-06,,,,0,0,,,,FR_MARCH_2010.pdf,Sector-Wise analysis of projects,58,453
FR_201003_454,,N24000028,454,SILIGURI TO ISLAMPUR (WB-7) -,WB-7,,ROAD TRANSPORT & HIGHWAYS,2010-03,2003-12,,225.0,,225.0,,,55.2,2008-07,,2010-06,,,,0,0,,,,FR_MARCH_2010.pdf,Sector-Wise analysis of projects,58,454
FR_201003_455,,N24000030,455,RINGBUNDS TO JHAJHANPUR (BR-6) -,BR-6,,ROAD TRANSPORT & HIGHWAYS,2010-03,2003-12,,340.0,,340.0,,,413.08,2008-06,,2010-06,,,,0,0,,,,FR_MARCH_2010.pdf,Sector-Wise analysis of projects,58,455
FR_201003_456,,N24000037,456,THRISSUR TO ANGAMALI (NH-47) -,NH-47,,ROAD TRANSPORT & HIGHWAYS,2010-03,2003-12,,312.5,,312.5,,,477.0,2009-03,,2010-06,,,,0,0,,,,FR_MARCH_2010.pdf,Sector-Wise analysis of projects,58,456
FR_201003_457,,N24000040,457,NEW MANGALORE PORT NH-17 AND 48 -,,,ROAD TRANSPORT & HIGHWAYS,2010-03,2000-04,,196.5,,196.5,,,132.44,2008-06,,2010-06,,,,0,0,,,,FR_MARCH_2010.pdf,Sector-Wise analysis of projects,58,457
FR_201003_458,,N24000045,458,ASSAM/WB BORDER TO GAIRKATTA (WB-1) -,WB-1,,ROAD TRANSPORT & HIGHWAYS,2010-03,2003-12,,221.82,,221.82,,,167.23,2008-11,,2010-06,,,,0,0,,,,FR_MARCH_2010.pdf,Sector-Wise analysis of projects,58,458
FR_201003_459,,N24000056,459,"THANJAUR-TRICHY,NH-67(NHAI) -",NHAI,,ROAD TRANSPORT & HIGHWAYS,2010-03,2005-03,,280.0,,280.0,,,550.82,2009-06,,2010-06,,,,0,0,,,,FR_MARCH_2010.pdf,Sector-Wise analysis of projects,58,459
FR_201003_460,,N24000057,460,"GANJAM-ICCHAPURUM,NH-5(NHAI) -",NHAI,,ROAD TRANSPORT & HIGHWAYS,2010-03,2000-04,,263.27,,263.27,,,201.38,2004-02,,2010-06,,,,0,0,,,,FR_MARCH_2010.pdf,Sector-Wise analysis of projects,58,460
FR_201003_461,,N24000069,461,"BARA TO ORAI, NH-2, 25 -",,,ROAD TRANSPORT & HIGHWAYS,2010-03,2003-12,,465.0,,465.0,,,30.89,2009-04,,2010-06,,,,0,0,,,,FR_MARCH_2010.pdf,Sector-Wise analysis of projects,58,461
FR_201003_462,,N24000077,462,HYDERABAD-BANGALORE SEC.(NS CORR.PH-II)[KM 293.4-3 -,NS CORR.PH-II,,ROAD TRANSPORT & HIGHWAYS,2010-03,2003-12,,239.19,,239.19,,,200.0,2009-09,,2010-06,,,,0,0,,,,FR_MARCH_2010.pdf,Sector-Wise analysis of projects,58,462
FR_201003_463,,N24000078,463,HYDERABAD-BANGALORE SEC.(NS CORR.PH-II)[KM 336-376 -,NS CORR.PH-II,,ROAD TRANSPORT & HIGHWAYS,2010-03,2003-12,,243.38,,243.38,,,214.8,2008-09,,2010-06,,,,0,0,,,,FR_MARCH_2010.pdf,Sector-Wise analysis of projects,58,463
FR_201003_464,,N24000087,464,"KURALI-KIRATPUR, NH-21 -",,,ROAD TRANSPORT & HIGHWAYS,2010-03,2005-03,,309.0,,309.0,,,403.39,2010-06,,2010-06,,,,0,0,,,,FR_MARCH_2010.pdf,Sector-Wise analysis of projects,58,464
FR_201003_465,,N24000094,465,"LAKHNAADON TO MP/MH BORDER,KM 596.75-653 (NS- 1/BOT/MP-2),NH7 -",NS- 1/BOT/MP-2,,ROAD TRANSPORT & HIGHWAYS,2010-03,2003-12,,407.6,,407.6,,,181.76,2010-06,,2010-06,,,,0,0,,,,FR_MARCH_2010.pdf,Sector-Wise analysis of projects,58,465
FR_201003_466,,N24000121,466,AMRITSAR-WAGHA BORDER -,,,ROAD TRANSPORT & HIGHWAYS,2010-03,2008-06,,205.88,,205.88,,,164.02,2010-06,,2010-06,,,,0,0,,,,FR_MARCH_2010.pdf,Sector-Wise analysis of projects,58,466
FR_201003_467,,240101132,467,HAVERI-HARIHAR (GQ) KM.340- KM.284 (NH-4) -,NH-4,,ROAD TRANSPORT & HIGHWAYS,2010-03,2000-04,,241.0,,196.65,,,67.03,2004-08,,2010-07,,,,0,0,,,,FR_MARCH_2010.pdf,Sector-Wise analysis of projects,58,467
FR_201003_468,,240106235,468,VIJAYAPUR TO PATHANKOT (J&K) NH-1A KM.16.35 TO KM.50.00 -,J&K,,ROAD TRANSPORT & HIGHWAYS,2010-03,2003-12,,193.09,,193.09,,,111.6,2008-03,,2010-07,,,,0,0,,,,FR_MARCH_2010.pdf,Sector-Wise analysis of projects,58,468
FR_201003_469,,240106236,469,VIJAYAPUR TO PATHANKOT (NS- 35/J&K) NH-1A KM.50 TO KM.80 -,NS- 35/J&K,,ROAD TRANSPORT & HIGHWAYS,2010-03,2003-12,,166.27,,166.27,,,83.56,2008-03,,2010-07,,,,0,0,,,,FR_MARCH_2010.pdf,Sector-Wise analysis of projects,58,469
FR_201003_470,,N24000035,470,NALBARI TO BIJNI (AS-8) -,AS-8,,ROAD TRANSPORT & HIGHWAYS,2010-03,2003-12,,200.0,,200.0,,,168.08,2008-06,,2010-07,,,,0,0,,,,FR_MARCH_2010.pdf,Sector-Wise analysis of projects,58,470
FR_201003_471,,N24000100,471,PONDICHERY - TINDIVANAU NH-66 -,,,ROAD TRANSPORT & HIGHWAYS,2010-03,2005-03,,285.0,,285.0,,,204.55,2010-07,,2010-07,,,,0,0,,,,FR_MARCH_2010.pdf,Sector-Wise analysis of projects,58,471
FR_201003_472,,N24000103,472,NEELAMANGALAR JUNCTION ON NH- 4 SMITH NH-48 TO DEVI -,,,ROAD TRANSPORT & HIGHWAYS,2010-03,2005-03,,441.0,,441.0,,,415.64,2010-07,,2010-07,,,,0,0,,,,FR_MARCH_2010.pdf,Sector-Wise analysis of projects,58,472
FR_201003_473,,N24000106,473,BANGLORE - HOSKOTE MUDBOGAL SECTION NH-4 -,,,ROAD TRANSPORT & HIGHWAYS,2010-03,2005-03,,565.0,57.0,565.0,,,831.21,2010-07,,2010-07,,,,0,0,,,,FR_MARCH_2010.pdf,Sector-Wise analysis of projects,58,473
FR_201003_474,,N24000109,474,ISLAM NAGAR TO KADTAL -,,,ROAD TRANSPORT & HIGHWAYS,2010-03,2003-12,,546.83,,546.83,,,666.8,2010-03,,2010-07,,,,0,0,,,,FR_MARCH_2010.pdf,Sector-Wise analysis of projects,59,474
FR_201003_475,,240106286,475,LANKA TO DABOKA (NH-54)(NHAI) -,NHAI,,ROAD TRANSPORT & HIGHWAYS,2010-03,2003-12,,225.0,,225.0,,,177.44,2008-06,,2010-08,,,,0,0,,,,FR_MARCH_2010.pdf,Sector-Wise analysis of projects,59,475
FR_201003_476,,N24000117,476,ZIRAKPUR(HARYANA) - PARWANOO(HIMACHAL PRADESH) -,HIMACHAL PRADESH,,ROAD TRANSPORT & HIGHWAYS,2010-03,2008-02,,295.0,,295.0,,,393.08,2010-08,,2010-08,,,,0,0,,,,FR_MARCH_2010.pdf,Sector-Wise analysis of projects,59,476
FR_201003_477,,240103192,477,LUCKNOW-BYPASS (EW) (NS & EW- PH-I) NH-25 & NH-28 VIA NH-56 -,NS & EW- PH-I,,ROAD TRANSPORT & HIGHWAYS,2010-03,2000-04,,182.52,,111.78,,,0.52,2004-06,,2010-09,,,,0,0,,,,FR_MARCH_2010.pdf,Sector-Wise analysis of projects,59,477
FR_201003_478,,240104196,478,HALDIA PORT (PORT CONNECTIVITY) (NH-41) -,NH-41,,ROAD TRANSPORT & HIGHWAYS,2010-03,2000-04,,273.0,,522.0,,,265.59,2005-03,,2010-09,,,,0,0,,,,FR_MARCH_2010.pdf,Sector-Wise analysis of projects,59,478
FR_201003_479,,240106240,479,"MADURAI -KANIAKUMARI SECTION (NS-41/TN) NH-7,KM.80 TO KM.120 -",NS-41/TN,,ROAD TRANSPORT & HIGHWAYS,2010-03,2003-12,,323.36,,323.36,,,189.9,2008-03,,2010-09,,,,0,0,,,,FR_MARCH_2010.pdf,Sector-Wise analysis of projects,59,479
FR_201003_480,,N24000095,480,"LAKHNADON TO MP/MH BORDER (NS-1/BOT/MP-2), NH-7 -",NS-1/BOT/MP-2,,ROAD TRANSPORT & HIGHWAYS,2010-03,2003-12,,263.17,,263.17,,,232.35,2009-09,,2010-09,,,,0,0,,,,FR_MARCH_2010.pdf,Sector-Wise analysis of projects,59,480
FR_201003_481,,N24000096,481,"JHANSI TO LALITPUR, NH-25,26 -",,,ROAD TRANSPORT & HIGHWAYS,2010-03,2003-12,,355.06,,355.06,,,242.3,2009-09,,2010-09,,,,0,0,,,,FR_MARCH_2010.pdf,Sector-Wise analysis of projects,59,481
FR_201003_482,,N24000097,482,"JHANSI TO LALITPUR, NH-26 -",,,ROAD TRANSPORT & HIGHWAYS,2010-03,2003-12,,276.09,,276.09,,,184.6,2009-09,,2010-09,,,,0,0,,,,FR_MARCH_2010.pdf,Sector-Wise analysis of projects,59,482
FR_201003_483,,N24000110,483,LUMDING TO DABOKA -,,,ROAD TRANSPORT & HIGHWAYS,2010-03,2003-12,,130.0,,130.0,,,65.76,2010-08,,2010-09,,,,0,0,,,,FR_MARCH_2010.pdf,Sector-Wise analysis of projects,59,483
FR_201003_484,,N24000120,484,WAINGANGA BRIDGE - CHHATISGARH-MAHARASHTRA -,,,ROAD TRANSPORT & HIGHWAYS,2010-03,2008-03,,424.0,,424.0,,,275.6,2010-09,,2010-09,,,,0,0,,,,FR_MARCH_2010.pdf,Sector-Wise analysis of projects,59,484
FR_201003_485,,240102202,485,"KANYAKUMARI-PANAGUDI (NS CORR. PH-II) (KM 203-233.60), NH-7 -",KM 203-233.60,,ROAD TRANSPORT & HIGHWAYS,2010-03,2004-01,,120.0,,120.0,,,153.92,2006-09,,2010-10,,,,0,0,,,,FR_MARCH_2010.pdf,Sector-Wise analysis of projects,59,485
FR_201003_486,,240106222,486,"AYODHYA - LUCKNOW (LMNHP-I) NH- 28, KM.45 TO KM.8.2 -",LMNHP-I,,ROAD TRANSPORT & HIGHWAYS,2010-03,2003-12,,193.0,,193.0,,,262.59,2008-10,,2010-10,,,,0,0,,,,FR_MARCH_2010.pdf,Sector-Wise analysis of projects,59,486
FR_201003_487,,240106225,487,"AYODHYA - LUCKNOW (LMNHP-II) KM.93.075 TO KM.45, NH-28 -",LMNHP-II,,ROAD TRANSPORT & HIGHWAYS,2010-03,2003-12,,217.0,,217.0,,,287.7,2008-10,,2010-10,,,,0,0,,,,FR_MARCH_2010.pdf,Sector-Wise analysis of projects,59,487
FR_201003_488,,240106245,488,"GORAKHPUR-AYODHYA (LMNHP- 6),NH-28, KM.251.70 TO KM.208.00 -",LMNHP- 6,,ROAD TRANSPORT & HIGHWAYS,2010-03,2003-12,,239.0,,239.0,,,339.95,2008-10,,2010-10,,,,0,0,,,,FR_MARCH_2010.pdf,Sector-Wise analysis of projects,59,488
FR_201003_489,,240106247,489,"GORAKHPUR-AYODHYA (LMNHP- 4),NH-28, KM.164.00 TO KM.135.00 -",LMNHP- 4,,ROAD TRANSPORT & HIGHWAYS,2010-03,2003-12,,205.0,,205.0,,,264.37,2008-10,,2010-10,,,,0,0,,,,FR_MARCH_2010.pdf,Sector-Wise analysis of projects,59,489
FR_201003_490,,240106248,490,"AYODHYA-LUCKNOW (LMNHP-3),NH- 28, KM.135.000 TO KM.93.075 -",LMNHP-3,,ROAD TRANSPORT & HIGHWAYS,2010-03,2003-12,,212.0,,212.0,,,292.12,2008-10,,2010-10,,,,0,0,,,,FR_MARCH_2010.pdf,Sector-Wise analysis of projects,59,490
FR_201003_491,,240106249,491,"ORAI TO JHANSI (UP-4),NH-25, KM.170.0 TO KM.104.0 -",UP-4,,ROAD TRANSPORT & HIGHWAYS,2010-03,2003-12,,451.97,,451.97,,,436.32,2008-04,,2010-10,,,,0,0,,,,FR_MARCH_2010.pdf,Sector-Wise analysis of projects,59,491
FR_201003_492,,240106300,492,"LALITPUR TO SAGAR KM 132 TO KM 187, NH-26 (NHAI) -",NHAI,,ROAD TRANSPORT & HIGHWAYS,2010-03,2003-12,,225.0,,225.0,,,180.02,2008-10,,2010-10,,,,0,0,,,,FR_MARCH_2010.pdf,Sector-Wise analysis of projects,59,492
FR_201003_493,,N24000088,493,"GWALIOR BYPSS, NH-75,3 -",,,ROAD TRANSPORT & HIGHWAYS,2010-03,2003-12,,300.93,,300.93,,,231.89,2009-10,,2010-10,,,,0,0,,,,FR_MARCH_2010.pdf,Sector-Wise analysis of projects,59,493
FR_201003_494,,240101173,494,AGRA-SHIKOHABAD (GQ) KM.199.66- KM.250.50 (NH-2) -,NH-2,,ROAD TRANSPORT & HIGHWAYS,2010-03,2000-04,,367.49,58.0,367.49,,,418.65,2005-03,,2010-12,,,,0,0,,,,FR_MARCH_2010.pdf,Sector-Wise analysis of projects,59,494
FR_201003_495,,240102193,495,"KUNJWANI-VIJAYPUR(NS-15) (NS & EW-PH-I) KM.80-KM.97.20,NH-1A -",NS & EW-PH-I,,ROAD TRANSPORT & HIGHWAYS,2010-03,2000-04,,110.0,,110.0,,,142.24,2004-12,,2010-12,,,,0,0,,,,FR_MARCH_2010.pdf,Sector-Wise analysis of projects,60,495
FR_201003_496,,240106203,496,IMPROVEMENT OF ACCESS OF GQ WITHIN CHENNAI CITY(NHAI) OTHERS -,NHAI,,ROAD TRANSPORT & HIGHWAYS,2010-03,2003-12,,210.0,,210.0,,,617.3,2007-04,,2010-12,,,,0,0,,,,FR_MARCH_2010.pdf,Sector-Wise analysis of projects,60,496
FR_201003_497,,240106204,497,"GARHMUKTESHWAR-MURADABAD (NHAI) OTHERS KM.93-149.25, NH-24 -",NHAI,,ROAD TRANSPORT & HIGHWAYS,2010-03,2003-12,,275.0,,275.0,,,277.35,2007-09,,2010-12,,,,0,0,,,,FR_MARCH_2010.pdf,Sector-Wise analysis of projects,60,497
FR_201003_498,,240106209,498,JAM-WADNER -,,,ROAD TRANSPORT & HIGHWAYS,2010-03,2003-12,,145.0,,145.0,,,77.62,2005-07,,2010-12,,,,0,0,,,,FR_MARCH_2010.pdf,Sector-Wise analysis of projects,60,498
FR_201003_499,,240106237,499,"PATHANKOT- BHOGPUR, KM.26- KM.70, NH-1A -",,,ROAD TRANSPORT & HIGHWAYS,2010-03,2003-12,,284.0,,284.0,,,290.99,2008-05,,2010-12,,,,0,0,,,,FR_MARCH_2010.pdf,Sector-Wise analysis of projects,60,499
FR_201003_500,,240106246,500,"GORAKHPUR-AYODHYA (LMNHP- 5),NH-28, KM.208.00 TO KM.164.00 -",LMNHP- 5,,ROAD TRANSPORT & HIGHWAYS,2010-03,2003-12,,227.0,,227.0,,,218.04,2008-10,,2010-12,,,,0,0,,,,FR_MARCH_2010.pdf,Sector-Wise analysis of projects,60,500
FR_201003_501,,240106250,501,"ORAI TO JHANSI (UP-5),NH-25, KM.220.0 TO KM.170.0 -",UP-5,,ROAD TRANSPORT & HIGHWAYS,2010-03,2003-12,,340.68,,340.68,,,236.56,2008-03,,2010-12,,,,0,0,,,,FR_MARCH_2010.pdf,Sector-Wise analysis of projects,60,501
FR_201003_502,,240106277,502,"HARANGAJO TO MAIBANG (AS-23), KM.126.450 TO KM.140.700 -",AS-23,,ROAD TRANSPORT & HIGHWAYS,2010-03,2003-12,,280.0,,280.0,,,122.68,2009-02,,2010-12,,,,0,0,,,,FR_MARCH_2010.pdf,Sector-Wise analysis of projects,60,502
FR_201003_503,,240106278,503,"MAIBANG TO LUNDING (AS-25), KM.83.400 TO KM.111.000 -",AS-25,,ROAD TRANSPORT & HIGHWAYS,2010-03,2003-12,,199.81,,199.81,,,28.1,2009-04,,2010-12,,,,0,0,,,,FR_MARCH_2010.pdf,Sector-Wise analysis of projects,60,503
FR_201003_504,,240106279,504,"MAIBANG TO LUNDING (AS-26), KM.60.500 TO KM.83.400, NH-54 -",AS-26,,ROAD TRANSPORT & HIGHWAYS,2010-03,2003-12,,167.64,,167.64,,,39.49,2008-11,,2010-12,,,,0,0,,,,FR_MARCH_2010.pdf,Sector-Wise analysis of projects,60,504
FR_201003_505,,240106280,505,"MAIBANG TO LUNDING (AS-24), KM.111.000 TO KM.126.450 -",AS-24,,ROAD TRANSPORT & HIGHWAYS,2010-03,2003-12,,155.04,,155.04,,,28.05,2008-11,,2010-12,,,,0,0,,,,FR_MARCH_2010.pdf,Sector-Wise analysis of projects,60,505
FR_201003_506,,240106281,506,"MAIBANG TO LUNDING (AS-27), KM.40.000 TO KM.60.500 -",AS-27,,ROAD TRANSPORT & HIGHWAYS,2010-03,2003-12,,200.0,,200.0,,,61.4,2009-04,,2010-12,,,,0,0,,,,FR_MARCH_2010.pdf,Sector-Wise analysis of projects,60,506
FR_201003_507,,240106288,507,DAKOBA TO NAGAON (NH-36)(NHAI) -,NHAI,,ROAD TRANSPORT & HIGHWAYS,2010-03,2003-12,,225.0,,225.0,,,165.7,2008-06,,2010-12,,,,0,0,,,,FR_MARCH_2010.pdf,Sector-Wise analysis of projects,60,507
FR_201003_508,,240106290,508,BIJNI TO ASSAM WB BORDER (NH- 31.C)(1)(NHAI) -,NHAI,,ROAD TRANSPORT & HIGHWAYS,2010-03,2003-12,,195.0,,195.0,,,88.52,2008-06,,2010-12,,,,0,0,,,,FR_MARCH_2010.pdf,Sector-Wise analysis of projects,60,508
FR_201003_509,,240106291,509,KASIA TO GORAKHPUR (NH- 28)(NHAI) -,NHAI,,ROAD TRANSPORT & HIGHWAYS,2010-03,2003-12,,242.0,,242.0,,,297.4,2008-12,,2010-12,,,,0,0,,,,FR_MARCH_2010.pdf,Sector-Wise analysis of projects,60,509
FR_201003_510,,240106292,510,UP/BIHAR BORDER TO KASIA (NH- 28)(NHAI) -,NHAI,,ROAD TRANSPORT & HIGHWAYS,2010-03,2003-12,,227.0,,227.0,,,269.08,2008-12,,2010-12,,,,0,0,,,,FR_MARCH_2010.pdf,Sector-Wise analysis of projects,60,510
FR_201003_511,,240106301,511,"SAGAR BY PASS,KM 187 TO KM 211 , NH-26 (NHAI) -",NHAI,,ROAD TRANSPORT & HIGHWAYS,2010-03,2003-12,,151.3,,151.3,,,109.95,2008-10,,2010-12,,,,0,0,,,,FR_MARCH_2010.pdf,Sector-Wise analysis of projects,60,511
FR_201003_512,,240106303,512,"SAGAR - RAJMARG CHORAHA,KM 211 TO KM 255, NH-26 (NHAI) -",NHAI,,ROAD TRANSPORT & HIGHWAYS,2010-03,2003-12,,203.43,,203.43,,,108.1,2008-10,,2010-12,,,,0,0,,,,FR_MARCH_2010.pdf,Sector-Wise analysis of projects,60,512
FR_201003_513,,N24000036,513,SITAPUR-LUCKNOW -,,,ROAD TRANSPORT & HIGHWAYS,2010-03,2005-03,,322.0,,322.0,,,254.27,2009-06,,2010-12,,,,0,0,,,,FR_MARCH_2010.pdf,Sector-Wise analysis of projects,60,513
FR_201003_514,,N24000042,514,NAGAON TO DHARAMTUL (AS-2) -,AS-2,,ROAD TRANSPORT & HIGHWAYS,2010-03,2003-12,,264.72,,264.72,,,166.99,2008-06,,2010-12,,,,0,0,,,,FR_MARCH_2010.pdf,Sector-Wise analysis of projects,60,514
FR_201003_515,,N24000044,515,SONAPUR TO GUWAHTI (AS-3) -,AS-3,,ROAD TRANSPORT & HIGHWAYS,2010-03,2003-12,,245.0,,245.0,,,227.2,2008-03,,2010-12,,,,0,0,,,,FR_MARCH_2010.pdf,Sector-Wise analysis of projects,60,515
FR_201003_516,,N24000046,516,GUWAHATI TO NALBARI (AS-5) -,AS-5,,ROAD TRANSPORT & HIGHWAYS,2010-03,2003-12,,198.16,59.0,198.16,,,86.08,2008-04,,2010-12,,,,0,0,,,,FR_MARCH_2010.pdf,Sector-Wise analysis of projects,60,516
FR_201003_517,,N24000047,517,NALBARI TO BIJNI (AS-6) -,AS-6,,ROAD TRANSPORT & HIGHWAYS,2010-03,2003-12,,225.0,,225.0,,,117.5,2008-06,,2010-12,,,,0,0,,,,FR_MARCH_2010.pdf,Sector-Wise analysis of projects,61,517
FR_201003_518,,N24000048,518,NALBARI T BIJNI (AS-7) -,AS-7,,ROAD TRANSPORT & HIGHWAYS,2010-03,2003-12,,208.0,,208.0,,,116.3,2008-04,,2010-12,,,,0,0,,,,FR_MARCH_2010.pdf,Sector-Wise analysis of projects,61,518
FR_201003_519,,N24000049,519,"DHARAMTUL TO SONAPUR,KM 205- 183 (AS-20) -",AS-20,,ROAD TRANSPORT & HIGHWAYS,2010-03,2003-12,,160.0,,160.0,,,54.05,2008-05,,2010-12,,,,0,0,,,,FR_MARCH_2010.pdf,Sector-Wise analysis of projects,61,519
FR_201003_520,,N24000050,520,NALBARI TO BIJNI (AS-9) -,AS-9,,ROAD TRANSPORT & HIGHWAYS,2010-03,2003-12,,142.0,,142.0,,,124.79,2008-06,,2010-12,,,,0,0,,,,FR_MARCH_2010.pdf,Sector-Wise analysis of projects,61,520
FR_201003_521,,N24000051,521,DHARAMTUL TO SONAPUR (AS-19) -,AS-19,,ROAD TRANSPORT & HIGHWAYS,2010-03,2003-12,,200.0,,200.0,,,131.07,2008-06,,2010-12,,,,0,0,,,,FR_MARCH_2010.pdf,Sector-Wise analysis of projects,61,521
FR_201003_522,,N24000061,522,"HARANGAJO TO MAIBANG,km 164.08- 190.587 NH-54 -",,,ROAD TRANSPORT & HIGHWAYS,2010-03,2003-12,,212.0,,212.0,,,34.11,2007-09,,2010-12,,,,0,0,,,,FR_MARCH_2010.pdf,Sector-Wise analysis of projects,61,522
FR_201003_523,,N24000063,523,"BRAHMPUTRA BRIDGE,NH NO-31 -",,,ROAD TRANSPORT & HIGHWAYS,2010-03,2003-12,,217.61,,217.61,,,63.87,2010-04,,2010-12,,,,0,0,,,,FR_MARCH_2010.pdf,Sector-Wise analysis of projects,61,523
FR_201003_524,,N24000066,524,"PANIPAT TO PANCHI GUJRAN, NH-1 -",,,ROAD TRANSPORT & HIGHWAYS,2010-03,2003-12,,109.0,,109.0,,,142.4,2008-10,,2010-12,,,,0,0,,,,FR_MARCH_2010.pdf,Sector-Wise analysis of projects,61,524
FR_201003_525,,N24000068,525,"CHAMBAL BRIDGE, NH-76 (RJ-5) -",RJ-5,,ROAD TRANSPORT & HIGHWAYS,2010-03,2003-12,,275.0,,281.31,,,177.32,2010-02,,2010-12,,,,0,0,,,,FR_MARCH_2010.pdf,Sector-Wise analysis of projects,61,525
FR_201003_526,,N24000089,526,"GWALIOR-JHANSI, NH-75 -",,,ROAD TRANSPORT & HIGHWAYS,2010-03,2003-12,,604.0,,604.0,,,252.52,2009-12,,2010-12,,,,0,0,,,,FR_MARCH_2010.pdf,Sector-Wise analysis of projects,61,526
FR_201003_527,,N24000101,527,TRICHY - KORUR NH-67 -,,,ROAD TRANSPORT & HIGHWAYS,2010-03,2005-03,,516.0,,516.0,,,213.3,2010-07,,2010-12,,,,0,0,,,,FR_MARCH_2010.pdf,Sector-Wise analysis of projects,61,527
FR_201003_528,,N24000107,528,NH CONNECTIVITY TO ICTT VALLARPADAEU NH - SH -,,,ROAD TRANSPORT & HIGHWAYS,2010-03,2005-03,,557.0,,557.0,,,808.79,2010-02,,2010-12,,,,0,0,,,,FR_MARCH_2010.pdf,Sector-Wise analysis of projects,61,528
FR_201003_529,,N24000116,529,BALASORE BHADRAK (REVIVED) KM 136.5 - 199.14 NH-5 -,REVIVED,,ROAD TRANSPORT & HIGHWAYS,2010-03,2000-04,,228.7,,228.7,,,0.41,2004-02,,2010-12,,,,0,0,,,,FR_MARCH_2010.pdf,Sector-Wise analysis of projects,61,529
FR_201003_530,,N24000099,530,TRICHY - DINDIGUAL NH-45 -,,,ROAD TRANSPORT & HIGHWAYS,2010-03,2005-03,,576.0,,576.0,,,254.4,2010-07,,2011-01,,,,0,0,,,,FR_MARCH_2010.pdf,Sector-Wise analysis of projects,61,530
FR_201003_531,,N24000102,531,SALEM - U / UNDRUPET(BOT -1/TN- 06) NH -68 -,BOT -1/TN- 06,,ROAD TRANSPORT & HIGHWAYS,2010-03,2005-03,,941.0,,941.0,,,526.99,2011-01,,2011-01,,,,0,0,,,,FR_MARCH_2010.pdf,Sector-Wise analysis of projects,61,531
FR_201003_532,,N24000118,532,END OF DURG BYPASS- CHHATISGARH/MAHARASHTRA BORDER -,,,ROAD TRANSPORT & HIGHWAYS,2010-03,2008-01,,464.0,,464.0,,,207.7,2011-01,,2011-01,,,,0,0,,,,FR_MARCH_2010.pdf,Sector-Wise analysis of projects,61,532
FR_201003_533,,N24000098,533,"AGRA-BYPASS(NS-1/UP-1),KM 176.8- 13.03 NH-2,3 -",NS-1/UP-1,,ROAD TRANSPORT & HIGHWAYS,2010-03,2003-12,,348.16,,348.16,,,107.8,2007-09,,2011-02,,,,0,0,,,,FR_MARCH_2010.pdf,Sector-Wise analysis of projects,61,533
FR_201003_534,,240100207,534,"SILCHAR-UDARBAND (PH.II) HN-54, KM.309 TO KM.275 -",PH.II,,ROAD TRANSPORT & HIGHWAYS,2010-03,2003-12,,157.47,,154.57,,,130.8,2007-09,,2011-03,,,,0,0,,,,FR_MARCH_2010.pdf,Sector-Wise analysis of projects,61,534
FR_201003_535,,240106223,535,"MEHSI TO KOTWA (LMNHP-II), PH.II, KM.480 TO KM.440, NH-28 -",LMNHP-II,,ROAD TRANSPORT & HIGHWAYS,2010-03,2003-12,,239.0,,239.0,,,195.53,2005-07,,2011-03,,,,0,0,,,,FR_MARCH_2010.pdf,Sector-Wise analysis of projects,61,535
FR_201003_536,,240106224,536,"MUZZAFFARPUR TO MEHSI (LMNHP- 12), KM.520 TO 480, NH-28 -",LMNHP- 12,,ROAD TRANSPORT & HIGHWAYS,2010-03,2003-12,,275.0,,275.0,,,229.19,2005-07,,2011-03,,,,0,0,,,,FR_MARCH_2010.pdf,Sector-Wise analysis of projects,61,536
FR_201003_537,,240106243,537,"KOTWA TO DEWAPUR(10 LMNHP),NH-28 PHASE-II, KM.440 TO KM.402 -",10 LMNHP,,ROAD TRANSPORT & HIGHWAYS,2010-03,2003-12,,240.0,,240.0,,,166.62,2008-10,,2011-03,,,,0,0,,,,FR_MARCH_2010.pdf,Sector-Wise analysis of projects,61,537
FR_201003_538,,240106294,538,FORBESGANJ TO SIMRAHI (NH- 57)(NHAI) -,NHAI,,ROAD TRANSPORT & HIGHWAYS,2010-03,2003-12,,332.94,,332.94,,,147.14,2008-09,,2011-03,,,,0,0,,,,FR_MARCH_2010.pdf,Sector-Wise analysis of projects,61,538
FR_201003_539,,240106299,539,"LALITPUR TO SAGAR, NH-26 (NHAI) -",NHAI,,ROAD TRANSPORT & HIGHWAYS,2010-03,2003-12,,198.0,60.0,198.0,,,110.72,2008-11,,2011-03,,,,0,0,,,,FR_MARCH_2010.pdf,Sector-Wise analysis of projects,61,539
FR_201003_540,,N24000085,540,"GORAKHPUR BYPASS, NH-28, PHASE-II EAST-WEST CORRID -",,,ROAD TRANSPORT & HIGHWAYS,2010-03,2003-12,,600.24,,600.24,,,437.37,2009-10,,2011-03,,,,0,0,,,,FR_MARCH_2010.pdf,Sector-Wise analysis of projects,62,540
FR_201003_541,,N24000108,541,DHOLPUR - MORENA SECTION (INCLUDING CHAMBOL BRIDGE -,,,ROAD TRANSPORT & HIGHWAYS,2010-03,2003-12,,232.45,,232.45,,,84.04,2010-09,,2011-03,,,,0,0,,,,FR_MARCH_2010.pdf,Sector-Wise analysis of projects,62,541
FR_201003_542,,N24000119,542,KALGHAT-MP/MAHARASHTRA BORDER KM 16.6-84.70 -,,,ROAD TRANSPORT & HIGHWAYS,2010-03,2008-11,,549.0,,549.0,,,453.26,2010-05,,2011-05,,,,0,0,,,,FR_MARCH_2010.pdf,Sector-Wise analysis of projects,62,542
FR_201003_543,,240106205,543,"HAPUR-GARHMUKTESWAR (OTHERS) KM.58-93, NH-24 -",OTHERS,,ROAD TRANSPORT & HIGHWAYS,2010-03,2005-03,,220.0,,220.0,,,133.59,2007-09,,2011-06,,,,0,0,,,,FR_MARCH_2010.pdf,Sector-Wise analysis of projects,62,543
FR_201003_544,,240106221,544,"GANGA BRIDGE TO RAMDEVI CROSSING PH.II NH-25, KM.75-80.06 -",,,ROAD TRANSPORT & HIGHWAYS,2010-03,2003-12,,155.0,,201.66,,,53.32,2008-09,,2011-06,,,,0,0,,,,FR_MARCH_2010.pdf,Sector-Wise analysis of projects,62,544
FR_201003_545,,240106283,545,KELARPUR-PIMPALKATTI-KM 153 TO KM 175 -,,,ROAD TRANSPORT & HIGHWAYS,2010-03,2003-12,,117.4,,117.4,,,36.41,2008-11,,2011-06,,,,0,0,,,,FR_MARCH_2010.pdf,Sector-Wise analysis of projects,62,545
FR_201003_546,,240106304,546,"RAJMARG CHORAHA TO LAKHNANDON,KM 297 TO KM 351, NH-26 (NHAI) -",NHAI,,ROAD TRANSPORT & HIGHWAYS,2010-03,2003-12,,251.03,,251.03,,,205.56,2008-10,,2011-06,,,,0,0,,,,FR_MARCH_2010.pdf,Sector-Wise analysis of projects,62,546
FR_201003_547,,240106305,547,"RAJMARG CHORAHA TO LAKHNANDON,KM 351 TO KM 405.7, NH-26 (NHA -",,,ROAD TRANSPORT & HIGHWAYS,2010-03,2003-12,,229.91,,229.91,,,150.26,2008-10,,2011-06,,,,0,0,,,,FR_MARCH_2010.pdf,Sector-Wise analysis of projects,62,547
FR_201003_548,,N24000090,548,KOSI BRIDGE INCLUDING APPROACHES AND GUIDE BOND AN -,,,ROAD TRANSPORT & HIGHWAYS,2010-03,2003-12,,418.04,,418.04,,,228.0,2010-03,,2011-06,,,,0,0,,,,FR_MARCH_2010.pdf,Sector-Wise analysis of projects,62,548
FR_201003_549,,240101153,549,SUNAKHALA-GANJAM (GQ) KM.338- KM.284 (NH-5) -,NH-5,,ROAD TRANSPORT & HIGHWAYS,2010-03,2000-04,,225.0,,225.0,,,145.54,2004-04,,2011-10,,,,0,0,,,,FR_MARCH_2010.pdf,Sector-Wise analysis of projects,62,549
FR_201003_550,,240106226,550,"BIJNI TO ASSAM/WB BORDER PH.II, KM.30.00 TO 0.00, NH-31 C -",,,ROAD TRANSPORT & HIGHWAYS,2010-03,2003-12,,230.0,,230.0,,,98.69,2005-06,,2011-12,,,,0,0,,,,FR_MARCH_2010.pdf,Sector-Wise analysis of projects,62,550
FR_201003_551,,240106293,551,BIJNI TO ASSAM /WB.BORDER (NH- 31.C)(2)(NHAI) -,NHAI,,ROAD TRANSPORT & HIGHWAYS,2010-03,2003-12,,237.8,,237.8,,,98.64,2008-06,,2011-12,,,,0,0,,,,FR_MARCH_2010.pdf,Sector-Wise analysis of projects,62,551
FR_201003_552,,N24000031,552,JHAJHARPUR TO DARBANGA (BR-7) -,BR-7,,ROAD TRANSPORT & HIGHWAYS,2010-03,2003-12,,340.0,,340.0,,,254.36,2008-09,,2011-12,,,,0,0,,,,FR_MARCH_2010.pdf,Sector-Wise analysis of projects,62,552
FR_201003_553,,N24000038,553,GUWHATI TO NALBARI (AS-4) -,AS-4,,ROAD TRANSPORT & HIGHWAYS,2010-03,2003-12,,175.96,,175.96,,,54.47,2008-04,,2012-03,,,,0,0,,,,FR_MARCH_2010.pdf,Sector-Wise analysis of projects,62,553
FR_201003_554,,N24000123,554,"PIMPALGAON-NASIK-GONDE, NH-3 (NHDP-PHASE-III) -",NHDP-PHASE-III,,ROAD TRANSPORT & HIGHWAYS,2010-03,2005-03,,940.0,,940.0,,,0.33,2012-07,,2012-07,,,,0,0,,,,FR_MARCH_2010.pdf,Sector-Wise analysis of projects,62,554
FR_201003_555,,N24000115,555,PATHANKOT BHOGPUR NH-1A -,,,ROAD TRANSPORT & HIGHWAYS,2010-03,2003-12,,229.0,,229.0,,,8.72,2010-05,,2012-08,,,,0,0,,,,FR_MARCH_2010.pdf,Sector-Wise analysis of projects,62,555
FR_201003_556,,N24000062,556,"HARANGAJO TO MAIBANG, NH-54 -",,,ROAD TRANSPORT & HIGHWAYS,2010-03,2003-12,,196.0,,196.0,,,23.53,2009-07,,2012-12,,,,0,0,,,,FR_MARCH_2010.pdf,Sector-Wise analysis of projects,62,556
FR_201003_557,,240106208,557,DEVDHARI-WADNER -,,,ROAD TRANSPORT & HIGHWAYS,2010-03,2003-12,,145.0,,145.0,,,24.71,2005-07,,,,,,0,0,,,,FR_MARCH_2010.pdf,Sector-Wise analysis of projects,62,557
FR_201003_558,,240106244,558,"DEEWAPUR TO UP/BIHAR BORDER (LMNHP-9)-NH-28, KM.402-360.915 - Total",LMNHP-9,,ROAD TRANSPORT & HIGHWAYS,2010-03,2003-12,,300.0,43916.82,300.0,,,37904.15,2008-10,,,,,,0,0,,,,FR_MARCH_2010.pdf,Sector-Wise analysis of projects,62,558
FR_201003_559,,N25000034,559,CONSTRUCTION OF CAR /CLEAN CARGO TERMINAL -,,,SHIPPING & PORTS,2010-03,2009-01,,100.0,61.0,100.0,,,0.5,2010-01,,2010-01,,,,0,0,,,,FR_MARCH_2010.pdf,Sector-Wise analysis of projects,62,559
FR_201003_560,,250100112,560,ESTABLISHMENT OF VESSEL TRAFFIC SERVICES IN GULF OF KUTCH -,,,SHIPPING & PORTS,2010-03,2002-01,,165.0,,165.0,,,78.35,2005-12,,2010-03,,,,0,0,,,,FR_MARCH_2010.pdf,Sector-Wise analysis of projects,63,560
FR_201003_561,,N25000013,561,ACQUISITION OF TWO NOS.OF 470000 DWT MR TANKERS -,,,SHIPPING & PORTS,2010-03,2006-12,,411.32,,411.32,,,406.28,2010-03,,2010-03,,,,0,0,,,,FR_MARCH_2010.pdf,Sector-Wise analysis of projects,63,561
FR_201003_562,,N25000015,562,RAIL CONNECTIVITY TO ICTT AT VALLARPADAM -,,,SHIPPING & PORTS,2010-03,2007-03,,245.67,,298.17,,,290.07,2009-04,,2010-03,,,,0,0,,,,FR_MARCH_2010.pdf,Sector-Wise analysis of projects,63,562
FR_201003_563,,N25000004,563,DEEPENING OF CHEENEL AT PARADIP PORT -,,,SHIPPING & PORTS,2010-03,2005-12,,154.84,,253.36,,,181.71,2007-06,2009-01,2010-06,,,,0,0,,,,FR_MARCH_2010.pdf,Sector-Wise analysis of projects,63,563
FR_201003_564,,N25000029,564,ACQUISITION OF 6 NOS. 60470 DWT LR-I PRODUCT TANKE -,,,SHIPPING & PORTS,2010-03,2006-10,,1658.59,,1658.59,,,318.24,2010-07,,2010-07,,,,0,0,,,,FR_MARCH_2010.pdf,Sector-Wise analysis of projects,63,564
FR_201003_565,,N25000046,565,DEV. & OPRATION OF AN INTERNATIONAL CONTAINER TRA -,,,SHIPPING & PORTS,2010-03,2004-11,,2118.0,,2118.0,,,,2004-11,,2010-08,,,,0,0,,,,FR_MARCH_2010.pdf,Sector-Wise analysis of projects,63,565
FR_201003_566,,250100175,566,SETHUSAMUDRAM SHIP CHANNEL PROJECT -,,,SHIPPING & PORTS,2010-03,2005-06,,2427.4,,2427.4,,,814.48,2008-10,,2010-11,,,,0,0,,,,FR_MARCH_2010.pdf,Sector-Wise analysis of projects,63,566
FR_201003_567,,N25000030,567,ACQUISITION OF 2 NOS. OF 105000 DWT LR-II TANKERS -,,,SHIPPING & PORTS,2010-03,2007-08,,586.58,,586.58,,,241.64,2010-11,,2010-11,,,,0,0,,,,FR_MARCH_2010.pdf,Sector-Wise analysis of projects,63,567
FR_201003_568,,N25000016,568,CONST. & DEV. OF 2 OFFSHORE CONTAINER BERTHS & TER -,,,SHIPPING & PORTS,2010-03,2007-11,,366.0,,366.0,,,1.43,2010-12,,2010-12,,,,0,0,,,,FR_MARCH_2010.pdf,Sector-Wise analysis of projects,63,568
FR_201003_569,,N25000038,569,"OPERATION, MANAG. & MAINT. OF MULTI USER-JETTY FOR -",,,SHIPPING & PORTS,2010-03,2006-06,,230.0,,230.0,,,,2010-12,,2010-12,,,,0,0,,,,FR_MARCH_2010.pdf,Sector-Wise analysis of projects,63,569
FR_201003_570,,N25000037,570,C/O IMPOUNDED DOCK AT TUNA FOR HANDELLING DRAFT VE -,,,SHIPPING & PORTS,2010-03,2005-04,,882.0,,1140.0,,,0.16,2011-02,,2011-02,,,,0,0,,,,FR_MARCH_2010.pdf,Sector-Wise analysis of projects,63,570
FR_201003_571,,N25000039,571,CONSTRUCTION OF 13 & 14 CARGO BERTH AT KANDLA -,,,SHIPPING & PORTS,2010-03,2005-12,,702.0,,755.5,,,0.73,2011-03,,2011-03,,,,0,0,,,,FR_MARCH_2010.pdf,Sector-Wise analysis of projects,63,571
FR_201003_572,,N25000014,572,ACQUISITION OF 4 NO. OF ANCHOR HANDLING CUM SUPPLY -,,,SHIPPING & PORTS,2010-03,2007-10,,359.44,,359.44,,,211.21,2011-04,,2011-04,,,,0,0,,,,FR_MARCH_2010.pdf,Sector-Wise analysis of projects,63,572
FR_201003_573,,N25000042,573,Acquisition of two nos. of 120 B.P -,,,SHIPPING & PORTS,2010-03,2009-04,,2908.48,,2908.48,,,58.18,2011-03,,2011-06,,,,0,0,,,,FR_MARCH_2010.pdf,Sector-Wise analysis of projects,63,573
FR_201003_574,,N25000032,574,ACQUISITION OF 4 NOS. OF 115000 DWT CRUDE OIL CARR -,,,SHIPPING & PORTS,2010-03,2008-08,,1108.12,,1168.42,,,374.36,2011-04,,2011-12,,,,0,0,,,,FR_MARCH_2010.pdf,Sector-Wise analysis of projects,63,574
FR_201003_575,,N25000043,575,Acquisition of Two nos. of 3060 DWT -,,,SHIPPING & PORTS,2010-03,2009-04,,2770.32,,2770.42,,,554.06,2011-09,,2011-12,,,,0,0,,,,FR_MARCH_2010.pdf,Sector-Wise analysis of projects,63,575
FR_201003_576,,N25000033,576,ACQUISITION OF 6 NOS. OF 57000 DWT HANDYMAX BULK C -,,,SHIPPING & PORTS,2010-03,2007-11,,1061.96,,1061.96,,,219.98,2012-03,,2012-01,,,,0,0,,,,FR_MARCH_2010.pdf,Sector-Wise analysis of projects,63,576
FR_201003_577,,N25000048,577,SETTING UP OF LNG REGASIFICATION TERMINAL AT PUTHU -,,,SHIPPING & PORTS,2010-03,2009-03,,3500.0,,3500.0,,,,2012-01,,2012-01,,,,0,0,,,,FR_MARCH_2010.pdf,Sector-Wise analysis of projects,63,577
FR_201003_578,,N25000031,578,ACQUISITION OF 4 NOS. OF 80655 DWT PANAMAX BULK CA -,,,SHIPPING & PORTS,2010-03,2008-08,,1066.91,,968.35,,,222.91,2012-09,,2012-08,,,,0,0,,,,FR_MARCH_2010.pdf,Sector-Wise analysis of projects,63,578
FR_201003_579,,N25000003,579,DEEPENING AND WIDENING OF MAIN HARBOUR CHANNEL AND -,,,SHIPPING & PORTS,2010-03,2005-10,,800.0,62.0,800.0,,,4.63,2008-10,,,,,,0,0,,,,FR_MARCH_2010.pdf,Sector-Wise analysis of projects,63,579
FR_201003_580,,N25000035,580,"ENNORE MANALI EXPRESS WAY,F/O SPECIAL PURPOSE VEHI -",,,SHIPPING & PORTS,2010-03,2002-10,,150.0,,309.0,,,23.26,2005-09,,,,,,0,0,,,,FR_MARCH_2010.pdf,Sector-Wise analysis of projects,64,580
FR_201003_581,,N25000047,581,SETTING UP OF AN INTERNATIONAL CRUISE TERMINAL AT - Total,,,SHIPPING & PORTS,2010-03,2008-03,,375.0,24147.63,375.0,,,4002.18,2009-01,,,,,,0,0,,,,FR_MARCH_2010.pdf,Sector-Wise analysis of projects,64,581
FR_201003_582,,260100099,582,PROJ.III OF NIB-II OF MESSAGING STORAGE -,,,TELECOMMUNICATIONS,2010-03,2003-11,,250.0,,425.51,,,68.5,2005-12,,2009-10,,,,0,0,,,,FR_MARCH_2010.pdf,Sector-Wise analysis of projects,64,582
FR_201003_583,,N26000028,583,COMMISSIONING OF GSM EQUIPMENT OF 650K LINES (PH- -,,,TELECOMMUNICATIONS,2010-03,2006-11,,364.52,,364.52,,,51.44,2006-12,,2009-10,,,,0,0,,,,FR_MARCH_2010.pdf,Sector-Wise analysis of projects,64,583
FR_201003_584,,N26000034,584,GSM BASED NETWORK EXPANSION PLAN PH-4 -,,,TELECOMMUNICATIONS,2010-03,2007-02,,239.19,,239.19,,,104.48,2008-04,,2009-12,,,,0,0,,,,FR_MARCH_2010.pdf,Sector-Wise analysis of projects,64,584
FR_201003_585,,N26000036,585,KOLKATA TELECOM DISTRICT PH-4 -,,,TELECOMMUNICATIONS,2010-03,2006-09,,208.5,,208.5,,,146.38,2008-09,,2009-12,,,,0,0,,,,FR_MARCH_2010.pdf,Sector-Wise analysis of projects,64,585
FR_201003_586,,N26000039,586,GSM EQUIPMENT OF 900K LINES(2G) AND 300K LINES(3G) -,3G,,TELECOMMUNICATIONS,2010-03,2007-06,,601.49,,601.49,,,422.85,2008-12,,2009-12,,,,0,0,,,,FR_MARCH_2010.pdf,Sector-Wise analysis of projects,64,586
FR_201003_587,,N26000040,587,GSM EQUIPMENT OF 216650 LINES(2G) PH-5.1 -,2G,,TELECOMMUNICATIONS,2010-03,2008-01,,192.48,,192.48,,,113.34,2009-03,,2009-12,,,,0,0,,,,FR_MARCH_2010.pdf,Sector-Wise analysis of projects,64,587
FR_201003_588,,N26000042,588,GSM EQUIPMENT OF 1006280 LINES IN TAMILNADU PH-4.5 -,,,TELECOMMUNICATIONS,2010-03,2008-06,,409.21,,483.54,,,470.24,2008-12,,2009-12,,,,0,0,,,,FR_MARCH_2010.pdf,Sector-Wise analysis of projects,64,588
FR_201003_589,,N26000046,589,GSM EQUIPMENT OF 700K LINES(2G) AND 150K LINES(3G) -,3G,,TELECOMMUNICATIONS,2010-03,2007-11,,277.34,,277.34,,,180.93,2009-03,,2009-12,,,,0,0,,,,FR_MARCH_2010.pdf,Sector-Wise analysis of projects,64,589
FR_201003_590,,N26000060,590,"BIHAR TELECOM CIRCLE PHASE-V.1, 2G &3G -",,,TELECOMMUNICATIONS,2010-03,2007-04,,366.0,,366.0,,,,2009-09,,2009-12,,,,0,0,,,,FR_MARCH_2010.pdf,Sector-Wise analysis of projects,64,590
FR_201003_591,,N26000041,591,GSM EQUIPMENT OF 390K LINES(2G) AND 130K LINES(3G) -,3G,,TELECOMMUNICATIONS,2010-03,2008-02,,373.94,,373.94,,,169.33,2008-12,,2010-01,,,,0,0,,,,FR_MARCH_2010.pdf,Sector-Wise analysis of projects,64,591
FR_201003_592,,N26000049,592,EXPANSION OF 750K GSM LINES -,,,TELECOMMUNICATIONS,2010-03,2006-10,,0.0,,278.16,,,175.77,2008-12,2009-12,2010-01,,,,0,0,,,,FR_MARCH_2010.pdf,Sector-Wise analysis of projects,64,592
FR_201003_593,,N26000050,593,GSM EQUIPMENT-480K LINES(2G) & 220K LINES(3G) IN -,3G,,TELECOMMUNICATIONS,2010-03,2007-05,,335.91,,335.91,,,110.83,2009-03,,2010-01,,,,0,0,,,,FR_MARCH_2010.pdf,Sector-Wise analysis of projects,64,593
FR_201003_594,,N26000058,594,UTTARANCHAL TELECOM CIRCLE PHASE-VI (2G & 3G) -,2G & 3G,,TELECOMMUNICATIONS,2010-03,2009-01,,149.15,,149.15,,,40.87,2009-06,,2010-01,,,,0,0,,,,FR_MARCH_2010.pdf,Sector-Wise analysis of projects,64,594
FR_201003_595,,N26000062,595,"Assam Telecom Circle, Phase-V.I, 2G & 3G -",,,TELECOMMUNICATIONS,2010-03,2007-06,,336.81,,336.81,,,64.5,2009-01,,2010-01,,,,0,0,,,,FR_MARCH_2010.pdf,Sector-Wise analysis of projects,64,595
FR_201003_596,,260100051,596,NATIONAL RADIO SPECTRUM MANAGEMENTand MONIT. SY. I -,,,TELECOMMUNICATIONS,2010-03,2000-08,,279.97,,172.04,,,136.24,2004-12,,2010-02,,,,0,0,,,,FR_MARCH_2010.pdf,Sector-Wise analysis of projects,64,596
FR_201003_597,,N26000016,597,CONVERGENT BILLING AND CRM(MUMBAI) -,MUMBAI,,TELECOMMUNICATIONS,2010-03,2006-01,,247.0,,247.0,,,119.5,2007-02,2009-12,2010-03,,,,0,0,,,,FR_MARCH_2010.pdf,Sector-Wise analysis of projects,64,597
FR_201003_598,,N26000029,598,EXPANSION OF EXISTING 750K GSM NETWORK PE NO. 992 -,,,TELECOMMUNICATIONS,2010-03,2006-06,,231.38,,168.3,,,94.13,2007-10,2009-12,2010-03,,,,0,0,,,,FR_MARCH_2010.pdf,Sector-Wise analysis of projects,64,598
FR_201003_599,,N26000038,599,500K BROADBAND ACCESS H/W EQUIPMENT DELHI AND MUMB -,,,TELECOMMUNICATIONS,2010-03,2007-04,,134.25,,133.75,,,34.05,2008-06,2010-02,2010-03,,,,0,0,,,,FR_MARCH_2010.pdf,Sector-Wise analysis of projects,64,599
FR_201003_600,,N26000052,600,DELHI EXP. OF 1250K LINES OF 2G/3G GSM LINES -,,,TELECOMMUNICATIONS,2010-03,2007-02,,463.61,,463.61,,,104.6,2009-12,2009-12,2010-03,,,,0,0,,,,FR_MARCH_2010.pdf,Sector-Wise analysis of projects,64,600
FR_201003_601,,N26000037,601,NIB-II PROJECT RURAL BROADBAND -,,,TELECOMMUNICATIONS,2010-03,2007-12,,312.86,63.0,353.0,,,161.35,2008-02,,2010-05,,,,0,0,,,,FR_MARCH_2010.pdf,Sector-Wise analysis of projects,64,601
FR_201003_602,,N26000043,602,GSM EQUIPMENT OF 3125K LINES(2G) AND 625K LINES(3 -,2G,,TELECOMMUNICATIONS,2010-03,2008-09,,1799.94,,1799.94,,,73.54,2009-09,,2010-06,,,,0,0,,,,FR_MARCH_2010.pdf,Sector-Wise analysis of projects,65,602
FR_201003_603,,N26000051,603,GSM EQUIPMENT OF 1625K LINES(2G) & 325K LINES IN M -,2G,,TELECOMMUNICATIONS,2010-03,2008-06,,908.3,,916.7,,,151.7,2009-08,,2010-06,,,,0,0,,,,FR_MARCH_2010.pdf,Sector-Wise analysis of projects,65,603
FR_201003_604,,N26000061,604,EXPANSION OF EXISTING 2G&3G GSM N/W BY 750 KPE NO -,,,TELECOMMUNICATIONS,2010-03,2008-10,,180.53,2.0,180.53,,,25.97,2009-12,,2010-06,,,,0,0,,,,FR_MARCH_2010.pdf,Sector-Wise analysis of projects,65,604
FR_201003_605,,N26000065,605,Execution of telecom network requirement of defence -,,,TELECOMMUNICATIONS,2010-03,2006-05,,1077.0,,1077.0,,,841.0,2009-03,,2010-09,,,,0,0,,,,FR_MARCH_2010.pdf,Sector-Wise analysis of projects,65,605
FR_201003_606,,N26000072,606,"Implementation of FTTH, the state of the art access ,gpon eq -",,,TELECOMMUNICATIONS,2010-03,2007-12,,952.88,,952.88,,,,2010-03,,2010-10,,,,0,0,,,,FR_MARCH_2010.pdf,Sector-Wise analysis of projects,65,606
FR_201003_607,,N26000073,607,"Implementation of FTTH, the state of the art Acces -",,,TELECOMMUNICATIONS,2010-03,2007-12,,152.65,,152.65,,,,2010-03,,2010-10,,,,0,0,,,,FR_MARCH_2010.pdf,Sector-Wise analysis of projects,65,607
FR_201003_608,,N26000074,608,Procurement of DXC equipment -,,,TELECOMMUNICATIONS,2010-03,2008-02,,229.0,,229.0,,,,2010-03,,2010-11,,,,0,0,,,,FR_MARCH_2010.pdf,Sector-Wise analysis of projects,65,608
FR_201003_609,,N26000075,609,Procurement of 24 F OF cable. -,,,TELECOMMUNICATIONS,2010-03,2008-02,,199.0,,136.0,,,,2010-03,,2010-11,,,,0,0,,,,FR_MARCH_2010.pdf,Sector-Wise analysis of projects,65,609
FR_201003_610,,N26000011,610,CONVERGENT BILLING AND CRM- MTNL(DELHI) -,DELHI,,TELECOMMUNICATIONS,2010-03,2005-12,,249.0,,229.41,,,67.67,2007-02,2009-11,2010-12,,,,0,0,,,,FR_MARCH_2010.pdf,Sector-Wise analysis of projects,65,610
FR_201003_611,,N26000066,611,Procurement of 2.5G DWDM equipment -,,,TELECOMMUNICATIONS,2010-03,2006-08,,424.0,,424.0,,,,2009-03,,2010-12,,,,0,0,,,,FR_MARCH_2010.pdf,Sector-Wise analysis of projects,65,611
FR_201003_612,,N26000067,612,Procurement of 10G (40 chl) DWDM equipment -,40 chl,,TELECOMMUNICATIONS,2010-03,2006-08,,590.1,,590.1,,,,2009-03,,2010-12,,,,0,0,,,,FR_MARCH_2010.pdf,Sector-Wise analysis of projects,65,612
FR_201003_613,,N26000068,613,Procurement of 10G 40 CHL (12 chi equipped) DWDM -,12 chi equipped,,TELECOMMUNICATIONS,2010-03,2007-12,,545.5,,545.5,,,,2010-03,,2010-12,,,,0,0,,,,FR_MARCH_2010.pdf,Sector-Wise analysis of projects,65,613
FR_201003_614,,N26000069,614,Procurement of STM-1 SDH equipment -,,,TELECOMMUNICATIONS,2010-03,2007-02,,154.03,,154.03,,,,2010-03,,2010-12,,,,0,0,,,,FR_MARCH_2010.pdf,Sector-Wise analysis of projects,65,614
FR_201003_615,,N26000070,615,Procurement of STM-16 MADM equipment -,,,TELECOMMUNICATIONS,2010-03,2008-03,,355.92,,355.92,,,,2010-03,,2010-12,,,,0,0,,,,FR_MARCH_2010.pdf,Sector-Wise analysis of projects,65,615
FR_201003_616,,N26000071,616,Procurement of STM-16 ADM equipment -,,,TELECOMMUNICATIONS,2010-03,2007-02,,477.0,,477.0,,,,2010-03,,2010-12,,,,0,0,,,,FR_MARCH_2010.pdf,Sector-Wise analysis of projects,65,616
FR_201003_617,,260100095,617,GSM EXPANSION PH.IV (B) (BSNL) MAHARASHTRA -,BSNL,,TELECOMMUNICATIONS,2010-03,2005-07,,1174.75,,1174.75,,,371.41,2006-03,,,,,,0,0,,,,FR_MARCH_2010.pdf,Sector-Wise analysis of projects,65,617
FR_201003_618,,N26000015,618,IMPLEMENTATION AND EXECUTION OF NEW TECHNOLOGY -,,,TELECOMMUNICATIONS,2010-03,2004-10,,160.0,,135.0,,,94.77,2006-06,,,,,,0,0,,,,FR_MARCH_2010.pdf,Sector-Wise analysis of projects,65,618
FR_201003_619,,N26000026,619,EXP. OF 750K GSM LINES OF 2.5 GSM AND VALIDATION EQU -,,,TELECOMMUNICATIONS,2010-03,2007-02,,741.77,,278.16,,,151.37,2007-10,,,,,,0,0,,,,FR_MARCH_2010.pdf,Sector-Wise analysis of projects,65,619
FR_201003_620,,N26000063,620,MANAGED LEASED LINE NETWORK PH-VI -,,,TELECOMMUNICATIONS,2010-03,2008-11,,350.0,,350.0,,,,,,,,,,0,0,,,,FR_MARCH_2010.pdf,Sector-Wise analysis of projects,65,620
FR_201003_621,,N26000064,621,CENTRALISED TRANSMISSION NMS - Total,,,TELECOMMUNICATIONS,2010-03,2009-08,,300.0,16794.98,300.0,,,4546.76,,,,,,,0,0,,,,FR_MARCH_2010.pdf,Sector-Wise analysis of projects,65,621
FR_201003_622,,N28000029,622,"C/O of Jawahar Lal Nehru Bhawan at Janpath,New Del -",,,URBAN DEVELOPMENT,2010-03,2005-09,,143.95,,143.95,,,96.76,,,2010-01,,,,0,0,,,,FR_MARCH_2010.pdf,Sector-Wise analysis of projects,65,622
FR_201003_623,,N28000042,623,Upgradation of govt medical colg jammu &C/O supers -,,,URBAN DEVELOPMENT,2010-03,2007-05,,100.0,64.0,101.0,,,28.76,2009-04,,2010-01,,,,0,0,,,,FR_MARCH_2010.pdf,Sector-Wise analysis of projects,65,623
FR_201003_624,,N28000048,624,C/o office building for IDBI at bandra Kurla Compl -,,,URBAN DEVELOPMENT,2010-03,2006-11,,114.18,173.08,114.18,,,60.09,2009-04,,2010-02,,,,0,0,,,,FR_MARCH_2010.pdf,Sector-Wise analysis of projects,66,624
FR_201003_625,,N28000030,625,"C/O Bldg for Cabinet Sectt at pocket- 5A,Lodhi Road -",,,URBAN DEVELOPMENT,2010-03,2004-02,,146.18,,146.18,,,79.12,,,2009-11,,,,0,0,,,,FR_MARCH_2010.pdf,Sector-Wise analysis of projects,66,625
FR_201003_626,,N28000016,626,C/O GENERAL POOL OFFICE COMPLEX AT INA -,,,URBAN DEVELOPMENT,2010-03,2004-10,,83.67,,135.03,,,,2010-02,,2010-02,,,,0,0,,,,FR_MARCH_2010.pdf,Sector-Wise analysis of projects,66,626
FR_201003_627,,N28000043,627,C/o Institute of traumatology for GMC srinagar und -,,,URBAN DEVELOPMENT,2010-03,2007-06,,100.0,,101.0,,,8.47,2009-10,,2010-06,,,,0,0,,,,FR_MARCH_2010.pdf,Sector-Wise analysis of projects,66,627
FR_201003_628,,280100002,628,DELHI MRTS PHASE-II PROJECT -,,,URBAN DEVELOPMENT,2010-03,2005-08,,8118.0,8605.36,8676.0,,,13719.69,2010-06,,2010-11,,,,0,7,,,,FR_MARCH_2010.pdf,Sector-Wise analysis of projects,66,628
FR_201003_629,,N28000027,629,"Development of Minto Road Area,New Delhi,C/O 140 t -",,,URBAN DEVELOPMENT,2010-03,2008-08,,135.53,,135.53,,,12.19,2010-12,,2011-04,,,,0,0,,,,FR_MARCH_2010.pdf,Sector-Wise analysis of projects,66,629
FR_201003_630,,N28000008,630,BANGALORE METRO RAIL PROJECT - Total,,,URBAN DEVELOPMENT,2010-03,2006-05,,6395.0,8158.0,6395.0,,,2267.57,2011-12,2012-09,2012-06,,,,0,1,,,,FR_MARCH_2010.pdf,Sector-Wise analysis of projects,66,630
FR_201003_631,,300100001,631,PAGLADIYA DAM PROJECT - Total Grand Total,,,WATER RESOURCES,2010-03,2001-01,,542.9,542.9,1187.0,,,35.49,2007-12,,2012-12,,,,0,0,,,,FR_MARCH_2010.pdf,Sector-Wise analysis of projects,66,631
