observation_id,project_id,project_code,serial_no,project_name,agency,state,sector,report_date,approval_date,approval_date_revised,original_cost_crore,revised_cost_crore,anticipated_cost_crore,cost_overrun_original_crore,cost_overrun_revised_crore,cumulative_expenditure_crore,original_completion_date,revised_completion_date,anticipated_completion_date,time_overrun_original_months,time_overrun_revised_months,additional_delay_months,milestones_achieved,milestones_total,physical_progress_pct,delay_reason,status,source.report,source.table,source.page,source.serial_no
FR_200909_001,,020100041,1,KAIGA 3 and 4 UNITS (NPCIL) -,NPCIL,,ATOMIC ENERGY,2009-09,2001-05,,4213.0,,3282.0,,,2450.0,2009-10,2007-09,2010-01,,,,71,75,,,,FR_SEP_2009.pdf,Sector-Wise analysis of projects,25,1
FR_200909_002,,020100042,2,RAJASTHAN ATOMIC POWER PROJECT 5 and 6 (NPCIL) -,NPCIL,,ATOMIC ENERGY,2009-09,2002-04,,3072.0,,3072.0,,,2049.0,2008-02,,2010-01,,,,61,75,,,,FR_SEP_2009.pdf,Sector-Wise analysis of projects,25,2
FR_200909_003,,020100044,3,"PROTOTYPE FAST BREEDER REACTOR (BHAVINI, 500 MWE) -","BHAVINI, 500 MWE",,ATOMIC ENERGY,2009-09,2003-09,,3492.0,,3492.0,,,1997.67,2010-09,,2010-09,,,,8,80,,,,FR_SEP_2009.pdf,Sector-Wise analysis of projects,25,3
FR_200909_004,,020100040,4,KUDANKULAM APP (NPCIL) -,NPCIL,,ATOMIC ENERGY,2009-09,2001-12,,13171.0,,13171.0,,,12313.0,2008-12,,2010-12,,,,61,119,,,,FR_SEP_2009.pdf,Sector-Wise analysis of projects,25,4
FR_200909_005,,N02000007,5,URANIUM ORE MINE & PROCESSING PLANT AT TUMMALAPALL - Total,,,ATOMIC ENERGY,2009-09,2007-09,,1106.29,25054.29,1106.29,,,356.94,2011-04,,2011-04,,,,0,0,,,,FR_SEP_2009.pdf,Sector-Wise analysis of projects,25,5
FR_200909_006,,N04000016,6,CONSTRUCTION OF NEW INTERNATIONAL TERMINAL BUILDING -,,,CIVIL AVIATION,2009-09,2006-10,,245.58,295.0,245.58,,,196.49,2008-12,,2009-10,,,,1,28,,,,FR_SEP_2009.pdf,Sector-Wise analysis of projects,25,6
FR_200909_007,,N04000017,7,CONSTRUCTION OF NEW INTERNATIONAL TERMINAL BLDG. A -,,,CIVIL AVIATION,2009-09,2007-02,,290.92,,290.92,,,146.12,2009-02,,2009-10,,,,1,24,,,,FR_SEP_2009.pdf,Sector-Wise analysis of projects,25,7
FR_200909_008,,N04000034,8,C/O NEW EXPANDABLE MODULAR INTEGRATED BLDG. RAIPUR -,,,CIVIL AVIATION,2009-09,2008-03,,129.65,,129.65,,,28.9,2009-09,,2009-12,,,,0,0,,,,FR_SEP_2009.pdf,Sector-Wise analysis of projects,25,8
FR_200909_009,,N04000035,9,C/O EXPANDABLE MODULAR INTEGRATED TER. BULD. RAJA -,,,CIVIL AVIATION,2009-09,2008-03,,135.04,,135.04,,,37.06,2009-09,,2009-12,,,,0,0,,,,FR_SEP_2009.pdf,Sector-Wise analysis of projects,25,9
FR_200909_010,,N04000039,10,C/O INTEGERATED CARGO COMPLEX(PH-III) AT CHENNAI A -,PH-III,,CIVIL AVIATION,2009-09,2008-08,,144.94,,144.94,,,18.66,2010-04,,2010-01,,,,0,0,,,,FR_SEP_2009.pdf,Sector-Wise analysis of projects,25,10
FR_200909_011,,N04000036,11,C/O EXPANDABLE MODULAR TER. BULD. AT DABH INDORE -,,,CIVIL AVIATION,2009-09,2008-02,,135.6,,135.6,,,29.54,2009-10,,2010-02,,,,0,0,,,,FR_SEP_2009.pdf,Sector-Wise analysis of projects,25,11
FR_200909_012,,N04000040,12,D/O OF TERMINAL BLDG. AND PAVEMENT WORKS AT CHENNA -,,,CIVIL AVIATION,2009-09,2008-01,,535.0,,535.0,,,101.82,2010-06,,2010-06,,,,0,0,,,,FR_SEP_2009.pdf,Sector-Wise analysis of projects,25,12
FR_200909_013,,N04000038,13,D/O KAMARAJ DOMESTIC TER-PH-II & EXP. ANNA INT. TE -,,,CIVIL AVIATION,2009-09,2008-08,,1273.0,1212.0,1273.0,,,178.68,2011-01,,2011-01,,,,0,0,,,,FR_SEP_2009.pdf,Sector-Wise analysis of projects,25,13
FR_200909_014,,N04000037,14,C/O INTEGRATED PASSENGER TER. BULD. NSCBI AIRPORT - Total,,,CIVIL AVIATION,2009-09,2008-08,,1942.51,4832.24,1942.51,,,184.77,2011-05,,2011-05,,,,0,0,,,,FR_SEP_2009.pdf,Sector-Wise analysis of projects,25,14
FR_200909_015,,060100090,15,BARSINGSAR MINE 2.10 MTPA LIGNITE (NLC) -,NLC,,COAL,2009-09,2004-12,,254.07,,254.6,,,204.42,2009-06,,2009-11,,,,11,21,,,,FR_SEP_2009.pdf,Sector-Wise analysis of projects,25,15
FR_200909_016,,060100088,16,EXPANSION OF MINE-II (10.5 MTPA TO 15.0 MTPA) (NLC) -,NLC,,COAL,2009-09,2004-10,,2161.28,23.0,2295.93,,,1658.39,2009-06,,2010-02,,,,25,23,,,,FR_SEP_2009.pdf,Sector-Wise analysis of projects,25,16
FR_200909_017,,060100089,17,BARSINGSAR TPS (2X125MW) (NLC) -,NLC,,COAL,2009-09,2004-12,,1114.18,,1626.09,,,1296.88,2009-06,,2010-03,,,,22,26,,,,FR_SEP_2009.pdf,Sector-Wise analysis of projects,26,17
FR_200909_018,,060100093,18,GEVRA EXPANSION OCP (SECL) (25 MTY) -,25 MTY,,COAL,2009-09,2005-07,,1667.55,,1667.55,,,825.7,2010-03,,2010-03,,,,3,7,,,,FR_SEP_2009.pdf,Sector-Wise analysis of projects,26,18
FR_200909_019,,060100094,19,DIPKA EXPANSION OCP (SECL) (20 MTY) -,20 MTY,,COAL,2009-09,2005-07,,1268.53,,1268.53,,,744.9,2010-03,,2010-03,,,,2,6,,,,FR_SEP_2009.pdf,Sector-Wise analysis of projects,26,19
FR_200909_020,,N06000007,20,KRISHNASHILA (NCL) (4MTY) -,4MTY,,COAL,2009-09,2006-05,,789.88,,789.88,,,134.33,2010-03,,2010-03,,,,0,1,,,,FR_SEP_2009.pdf,Sector-Wise analysis of projects,26,20
FR_200909_021,,N06000030,21,BHARATPUR OC EXPANSION PHASE- III PROJECT -,,,COAL,2009-09,2007-02,,131.39,,131.39,,,358.14,2010-03,,2010-03,,,,0,0,,,,FR_SEP_2009.pdf,Sector-Wise analysis of projects,26,21
FR_200909_022,,N06000044,22,BALRAM OCP EXTENSION -,,,COAL,2009-09,2007-12,,172.08,,172.08,,,471.3,2009-03,,2010-03,,,,0,0,,,,FR_SEP_2009.pdf,Sector-Wise analysis of projects,26,22
FR_200909_023,,N06000057,23,JHANJRA CONTINEOUS MINAR FOR JHANJRA UG-II -,,,COAL,2009-09,2009-02,,122.35,,122.35,,,,2010-03,,2010-03,,,,0,0,,,,FR_SEP_2009.pdf,Sector-Wise analysis of projects,26,23
FR_200909_024,,060100087,24,TPS-II EXPANSION (1470MW TO 1970MW) (NLC) -,NLC,,COAL,2009-09,2004-10,,2030.78,,2453.57,,,1819.97,2009-06,,2010-11,,,,18,24,,,,FR_SEP_2009.pdf,Sector-Wise analysis of projects,26,24
FR_200909_025,,N06000058,25,AUGMENTATION OF PRODUCTION AT SAPRI UG MINE -,,,COAL,2009-09,1987-09,,147.86,,147.86,,,25.5,2012-03,,2011-03,,,,0,0,,,,FR_SEP_2009.pdf,Sector-Wise analysis of projects,26,25
FR_200909_026,,N06000069,26,LAKHANPUR OC EXP. PROJECT PH-II -,,,COAL,2009-09,2004-03,,98.74,,116.54,,,245.46,2007-03,,2011-03,,,,0,0,,,,FR_SEP_2009.pdf,Sector-Wise analysis of projects,26,26
FR_200909_027,,060100092,27,KULDA OCP (MAHANADI COALFIELDS LTD.) -,MAHANADI COALFIELDS LTD.,,COAL,2009-09,2005-01,,302.96,,302.96,,,56.83,2010-03,,2012-03,,,,0,4,,,,FR_SEP_2009.pdf,Sector-Wise analysis of projects,26,27
FR_200909_028,,060100096,28,ASHOK EXPN.OCP -CCL (5 MTY) -,5 MTY,,COAL,2009-09,2006-04,,471.66,341.63,471.66,,,99.97,2011-03,,2012-03,,,,0,0,,,,FR_SEP_2009.pdf,Sector-Wise analysis of projects,26,28
FR_200909_029,,N06000009,29,BLOCK-B OCP NCL (3.5 MTY) -,3.5 MTY,,COAL,2009-09,2006-06,,746.04,,746.04,,,134.08,2012-03,,2012-03,,,,0,1,,,,FR_SEP_2009.pdf,Sector-Wise analysis of projects,26,29
FR_200909_030,,N06000017,30,SHANTIKHANI LONGWALL PROJ- SCCL -,,,COAL,2009-09,2006-10,,249.03,,249.03,,,28.42,2012-03,,2012-03,,,,0,0,,,,FR_SEP_2009.pdf,Sector-Wise analysis of projects,26,30
FR_200909_031,,N06000020,31,JHANJRA LONGWAL UG PHASE II -,,,COAL,2009-09,2006-11,,287.18,,287.17,,,,2009-11,,2012-03,,,,0,0,,,,FR_SEP_2009.pdf,Sector-Wise analysis of projects,26,31
FR_200909_032,,N06000033,32,"NIGAHI OC EXPANSION PROJECT 10 MTY TO 15 MTY, SINGRAULI -",,,COAL,2009-09,2007-10,,529.4,,259.4,,,,2012-03,,2012-03,,,,0,0,,,,FR_SEP_2009.pdf,Sector-Wise analysis of projects,26,32
FR_200909_033,,N06000045,33,PELMA OC -,,,COAL,2009-09,2008-07,,448.32,,448.32,,,,2012-03,,2012-03,,,,0,0,,,,FR_SEP_2009.pdf,Sector-Wise analysis of projects,26,33
FR_200909_034,,N06000067,34,ANANTA OC EXPANSION PH-II -,,,COAL,2009-09,2008-08,,207.28,,207.28,,,240.77,2012-03,,2012-03,,,,0,0,,,,FR_SEP_2009.pdf,Sector-Wise analysis of projects,26,34
FR_200909_035,,N06000016,35,ADRIYALA SHAFT PROJECT -,,,COAL,2009-09,2006-09,,212.34,,212.34,,,17.34,2013-03,,2012-09,,,,2,11,,,,FR_SEP_2009.pdf,Sector-Wise analysis of projects,26,35
FR_200909_036,,N06000047,36,TUTICORIN THERMAL POWER PROJECT -,,,COAL,2009-09,2008-05,,4904.54,,4904.54,,,441.21,2012-08,,2012-09,,,,0,0,,,,FR_SEP_2009.pdf,Sector-Wise analysis of projects,26,36
FR_200909_037,,N06000048,37,KAKATIYA LAONGWALL -,,,COAL,2009-09,2008-12,,453.63,,453.63,,,40.54,2012-12,,2012-12,,,,0,0,,,,FR_SEP_2009.pdf,Sector-Wise analysis of projects,26,37
FR_200909_038,,N06000008,38,KUSMUNDA EXPN.OCP(SECL)(10MTY) -,10MTY,,COAL,2009-09,2006-06,,737.65,,1188.31,,,580.07,2011-03,2013-03,2013-03,,,,0,4,,,,FR_SEP_2009.pdf,Sector-Wise analysis of projects,26,38
FR_200909_039,,N06000015,39,MAGADH OC (CCL) -,CCL,,COAL,2009-09,2006-07,,469.78,706.4,469.78,,,12.12,2012-07,,2013-03,,,,0,0,,,,FR_SEP_2009.pdf,Sector-Wise analysis of projects,26,39
FR_200909_040,,N06000025,40,JALLARAM SHAFT PROJECT -,,,COAL,2009-09,2013-03,,467.78,,467.78,,,10.37,2013-03,,2013-03,,,,0,7,,,,FR_SEP_2009.pdf,Sector-Wise analysis of projects,26,40
FR_200909_041,,N06000035,41,KANIHA OCP -,,,COAL,2009-09,2007-12,,457.77,,457.77,,,48.95,2012-03,,2013-03,,,,0,0,,,,FR_SEP_2009.pdf,Sector-Wise analysis of projects,26,41
FR_200909_042,,N06000049,42,Batura OC -,,,COAL,2009-09,2008-09,,203.82,24.0,203.82,,,,2013-03,,2013-03,,,,0,0,,,,FR_SEP_2009.pdf,Sector-Wise analysis of projects,26,42
FR_200909_043,,N06000059,43,NARAYANKURI UG -,,,COAL,2009-09,2009-02,,149.06,,149.06,,,,2013-03,,2013-03,,,,0,0,,,,FR_SEP_2009.pdf,Sector-Wise analysis of projects,27,43
FR_200909_044,,N06000060,44,CHITRA EAST OCP -,,,COAL,2009-09,2007-08,,112.69,,112.69,,,,2010-11,,2013-03,,,,0,0,,,,FR_SEP_2009.pdf,Sector-Wise analysis of projects,27,44
FR_200909_045,,N06000068,45,HINGULA OC-II EXP. PH-II (15 MTY) -,15 MTY,,COAL,2009-09,2008-11,,475.93,,479.53,,,167.77,2013-03,,2013-03,,,,0,0,,,,FR_SEP_2009.pdf,Sector-Wise analysis of projects,27,45
FR_200909_046,,N06000019,46,BINA EXTN. PROJ -,,,COAL,2009-09,2006-11,,168.97,,168.97,,,75.42,2014-03,,2013-11,,,,1,1,,,,FR_SEP_2009.pdf,Sector-Wise analysis of projects,27,46
FR_200909_047,,N06000010,47,AMLOHRI EPR (NCL) (6 MTY) -,6 MTY,,COAL,2009-09,2006-05,,1352.04,,1352.04,,,26.69,2014-03,,2014-03,,,,1,1,,,,FR_SEP_2009.pdf,Sector-Wise analysis of projects,27,47
FR_200909_048,,N06000046,48,CHURCHA UG -,,,COAL,2009-09,2008-06,,462.35,,462.35,,,235.11,2014-06,,2014-03,,,,0,0,,,,FR_SEP_2009.pdf,Sector-Wise analysis of projects,27,48
FR_200909_049,,N06000056,49,RAJMAHAL OC EXP. -,,,COAL,2009-09,2006-02,,50.08,,153.82,,,2.76,2010-03,,2014-03,,,,0,0,,,,FR_SEP_2009.pdf,Sector-Wise analysis of projects,27,49
FR_200909_050,,N06000066,50,PENGANGA OC -,,,COAL,2009-09,2008-10,,339.77,,339.77,,,,2014-03,,2014-03,,,,0,0,,,,FR_SEP_2009.pdf,Sector-Wise analysis of projects,27,50
FR_200909_051,,N06000042,51,GOPAL PRASAD OCP -,,,COAL,2009-09,2008-02,,395.87,,395.87,,,22.6,2013-03,,2015-03,,,,0,0,,,,FR_SEP_2009.pdf,Sector-Wise analysis of projects,27,51
FR_200909_052,,N06000065,52,BAROUD OC EXPANSION -,,,COAL,2009-09,2008-07,,135.58,,135.58,,,23.26,2015-03,,2015-03,,,,0,0,,,,FR_SEP_2009.pdf,Sector-Wise analysis of projects,27,52
FR_200909_053,,N06000034,53,BHUBANESWARI OCP -,,,COAL,2009-09,2007-12,,490.1,,490.1,,,54.46,2014-03,,2016-03,,,,0,0,,,,FR_SEP_2009.pdf,Sector-Wise analysis of projects,27,53
FR_200909_054,,N06000043,54,TALABIRA OCP - Total,,,COAL,2009-09,2008-03,,447.72,25688.03,447.72,,,5.32,2015-03,,2016-03,,,,0,0,,,,FR_SEP_2009.pdf,Sector-Wise analysis of projects,27,54
FR_200909_055,,100100054,55,"SECOND PHASE EXPANSION OF CAPTIVE ALUMINIUM,SMELTER AND POWE - Total",,,MINES,2009-09,2004-10,,4091.51,4091.51,4091.51,,,3316.0,2008-12,,2009-11,,,,18,111,,,,FR_SEP_2009.pdf,Sector-Wise analysis of projects,27,55
FR_200909_056,,N12000018,56,Deve. of Bailadila Iron Ore Deposit- II(B)(NMDC) -,NMDC,,STEEL,2009-09,2003-01,,295.89,,607.17,,,188.36,2009-10,,2009-10,,,,2,21,,,,FR_SEP_2009.pdf,Sector-Wise analysis of projects,27,56
FR_200909_057,,N12000024,57,"INSTALLATION OF NEW COKE OVEN GAS HOLDER, ROURKELA -",,,STEEL,2009-09,2007-07,,123.22,,123.22,,,73.84,2009-06,,2009-10,,,,0,0,,,,FR_SEP_2009.pdf,Sector-Wise analysis of projects,27,57
FR_200909_058,,N12000036,58,SIMULTANEOUS BLOWING OF BOF CONVERTER OF SMS-II -,,,STEEL,2009-09,2008-01,,197.66,,197.66,,,72.36,2009-10,,2009-11,,,,0,0,,,,FR_SEP_2009.pdf,Sector-Wise analysis of projects,27,58
FR_200909_059,,N12000021,59,REBUILDING OF COKE OVEN BATTRY NO.-4 -,,,STEEL,2009-09,2007-05,,248.94,,248.94,,,140.61,2009-08,,2009-12,,,,0,0,,,,FR_SEP_2009.pdf,Sector-Wise analysis of projects,27,59
FR_200909_060,,N12000025,60,"INSTALLATION OF 700 TPD OXYGEN PLANT, ROURKELA -",,,STEEL,2009-09,2007-07,,302.7,,302.7,,,186.33,2009-06,,2009-12,,,,0,0,,,,FR_SEP_2009.pdf,Sector-Wise analysis of projects,27,60
FR_200909_061,,N12000054,61,REBUILDING OF COKE OVEN BATTERY NO-6 (BSP) -,BSP,,STEEL,2009-09,2008-07,,172.78,,191.0,,,37.82,2010-01,,2010-01,,,,0,0,,,,FR_SEP_2009.pdf,Sector-Wise analysis of projects,27,61
FR_200909_062,,N12000049,62,ENHANCEMENT OF LOADING CAPACITY AT BOLANI IRON ORE -,,,STEEL,2009-09,2008-06,,124.88,,119.88,,,30.8,2009-12,,2010-02,,,,0,0,,,,FR_SEP_2009.pdf,Sector-Wise analysis of projects,27,62
FR_200909_063,,120100069,63,COAL DUST INJECTION IN BF-2 and 3 -,,,STEEL,2009-09,2006-04,,132.73,25.0,133.92,,,84.05,2008-05,,2010-03,,,,0,2,,,,FR_SEP_2009.pdf,Sector-Wise analysis of projects,27,63
FR_200909_064,,N12000016,64,REBUILIDING OF COKE OVEN BATTERY-10 -,,,STEEL,2009-09,2007-03,,416.5,,416.5,,,197.79,2009-09,,2010-03,,,,0,0,,,,FR_SEP_2009.pdf,Sector-Wise analysis of projects,28,64
FR_200909_065,,N12000035,65,REBUILDING OF BLAST FURNANCE NO.2(BOKARO STEEL PL -,,,STEEL,2009-09,2007-10,,892.32,,892.32,,,434.93,2009-08,,2010-03,,,,0,0,,,,FR_SEP_2009.pdf,Sector-Wise analysis of projects,28,65
FR_200909_066,,N12000037,66,Pulverised coal injection system for bf- 1&2 -,,,STEEL,2009-09,2007-11,,125.0,,187.0,,,30.66,2009-09,,2010-03,,,,0,0,,,,FR_SEP_2009.pdf,Sector-Wise analysis of projects,28,66
FR_200909_067,,N12000050,67,EXPANSION OF SALEM STEEL PLANT -,,,STEEL,2009-09,2008-01,,1902.0,,1902.0,,,928.96,2010-03,,2010-06,,,,0,0,,,,FR_SEP_2009.pdf,Sector-Wise analysis of projects,28,67
FR_200909_068,,N12000060,68,AIR SEPARATION PLANT (ASU-4) -,ASU-4,,STEEL,2009-09,2008-03,,96.0,,163.31,,,28.15,2010-06,,2010-06,,,,0,0,,,,FR_SEP_2009.pdf,Sector-Wise analysis of projects,28,68
FR_200909_069,,N12000069,69,330 TPH BOILER-6 AND AUXILIARY SYSTEM -,,,STEEL,2009-09,2007-07,,260.0,,319.89,,,79.91,2010-02,,2010-08,,,,0,0,,,,FR_SEP_2009.pdf,Sector-Wise analysis of projects,28,69
FR_200909_070,,N12000033,70,Rebuilding of coke oven battery No.1 & 2 (Bokaro S -,,,STEEL,2009-09,2007-10,,500.9,,500.9,,,99.18,2010-04,,2010-10,,,,0,0,,,,FR_SEP_2009.pdf,Sector-Wise analysis of projects,28,70
FR_200909_071,,N12000052,71,Air Separation Plant(ASU-5) -,ASU-5,,STEEL,2009-09,2008-06,,129.5,,145.0,,,3.32,2010-12,,2010-12,,,,0,0,,,,FR_SEP_2009.pdf,Sector-Wise analysis of projects,28,71
FR_200909_072,,N12000039,72,POWER PLANT-I -,,,STEEL,2009-09,2007-09,,462.0,,465.0,,,40.51,2009-12,,2011-01,,,,0,0,,,,FR_SEP_2009.pdf,Sector-Wise analysis of projects,28,72
FR_200909_073,,N12000068,73,67.5 MW TG-5 AUX. S'TEM EMERGENCY POWER REQUIREM -,,,STEEL,2009-09,2007-07,,230.0,,382.0,,,90.09,2010-02,,2011-01,,,,0,0,,,,FR_SEP_2009.pdf,Sector-Wise analysis of projects,28,73
FR_200909_074,,N12000023,74,"700TPD ARI SEPARATION UNIT-4 AT OXYGEN PLANT-II, BHILLAI -",,,STEEL,2009-09,2007-07,,244.3,,232.96,,,41.79,2009-07,,2011-05,,,,0,0,,,,FR_SEP_2009.pdf,Sector-Wise analysis of projects,28,74
FR_200909_075,,N12000034,75,INSTALLATION OF NEW TURBO BLOWER IN TURBO BLOWER S -,,,STEEL,2009-09,2007-10,,105.33,,116.35,,,8.3,2009-08,,2011-05,,,,0,0,,,,FR_SEP_2009.pdf,Sector-Wise analysis of projects,28,75
FR_200909_076,,120100067,76,EXPANSION OF RINL/VSP FROM 3 MTPY-6.3 MTPY OF LIQUID STEEL -,,,STEEL,2009-09,2005-10,,8692.0,,12228.0,,,4620.0,2009-10,,2011-06,,,,0,126,,,,FR_SEP_2009.pdf,Sector-Wise analysis of projects,28,76
FR_200909_077,,N12000038,77,COKE OVEN BATTERY NO. 4 PHASE- II -,,,STEEL,2009-09,2007-08,,108.0,,168.95,,,15.05,2009-10,,2011-06,,,,0,0,,,,FR_SEP_2009.pdf,Sector-Wise analysis of projects,28,77
FR_200909_078,,N12000051,78,EXPANSION OF IISCO STEEL PLANT -,,,STEEL,2009-09,2008-02,,14443.0,,14443.0,,,4244.35,2010-07,,2011-06,,,,0,0,,,,FR_SEP_2009.pdf,Sector-Wise analysis of projects,28,78
FR_200909_079,,N12000055,79,EXPANSION OF BOKARO STEEL PLANT -,,,STEEL,2009-09,2008-01,,3316.0,,3316.0,,,512.42,2010-12,,2011-10,,,,0,0,,,,FR_SEP_2009.pdf,Sector-Wise analysis of projects,28,79
FR_200909_080,,N12000053,80,Augmentation of Iron Ore Storage in RMHP -,,,STEEL,2009-09,2008-05,,480.0,,480.18,,,,2010-09,,2011-12,,,,0,0,,,,FR_SEP_2009.pdf,Sector-Wise analysis of projects,28,80
FR_200909_081,,N12000056,81,EXPENSION OF ROURKELA STEEL PLANT -,,,STEEL,2009-09,2008-09,,6133.0,,6171.0,,,791.05,2011-02,,2012-03,,,,0,0,,,,FR_SEP_2009.pdf,Sector-Wise analysis of projects,28,81
FR_200909_082,,N12000057,82,EXPANSION OF BHILAI STEEL PLANT -,,,STEEL,2009-09,2008-09,,5185.0,,4792.0,,,1050.5,2011-05,,2012-09,,,,0,0,,,,FR_SEP_2009.pdf,Sector-Wise analysis of projects,28,82
FR_200909_083,,N12000010,83,COKING COAL FACILITIES IN COAL HANDLING PLANT -,,,STEEL,2009-09,2006-09,,133.91,,134.32,,,103.45,2008-03,,,,,,0,3,,,,FR_SEP_2009.pdf,Sector-Wise analysis of projects,28,83
FR_200909_084,,N12000022,84,INSTALLATION OF MSDS-V AND TRANSMISSION NETWORK F - Total,,,STEEL,2009-09,2007-05,,143.02,45596.58,143.02,,,104.49,2008-11,,,,,,0,0,,,,FR_SEP_2009.pdf,Sector-Wise analysis of projects,28,84
FR_200909_085,,160100232,85,DEVELOPMENT OF BASSEIN EAST (ONGCL) -,ONGCL,,PETROLEUM,2009-09,2003-04,,985.17,26.0,1688.38,,,1568.46,2006-03,,2009-09,,,,0,0,,,,FR_SEP_2009.pdf,Sector-Wise analysis of projects,28,85
FR_200909_086,,160100281,86,CLEAN FUELS PROJECT AT VISAKH REFINERY(HPCL) -,HPCL,,PETROLEUM,2009-09,2003-04,,1635.0,,2147.79,,,2095.36,2006-05,,2009-12,,,,29,45,,,,FR_SEP_2009.pdf,Sector-Wise analysis of projects,29,86
FR_200909_087,,160100289,87,INST. OF FACILITIES FOR IMPROVEMENT IN DIESEL QUALITY (IOCL) -,IOCL,,PETROLEUM,2009-09,2005-11,,1876.0,,2869.0,,,2284.3,2009-04,2009-12,2009-12,,,,31,36,,,,FR_SEP_2009.pdf,Sector-Wise analysis of projects,29,87
FR_200909_088,,N16000018,88,DADRI- PANIPAT R-LNG SPUR PIPELINE -,,,PETROLEUM,2009-09,2005-06,,250.66,,350.0,,,274.99,2008-06,,2009-12,,,,0,0,,,,FR_SEP_2009.pdf,Sector-Wise analysis of projects,29,88
FR_200909_089,,N16000023,89,DEVELOPMENT OF C-SERIES FIELDS -,,,PETROLEUM,2009-09,2006-08,,3195.16,,1800.0,,,1518.87,2008-12,,2009-12,,,,0,0,,,,FR_SEP_2009.pdf,Sector-Wise analysis of projects,29,89
FR_200909_090,,N16000028,90,"CRUDE OIL RECEIPT FACILITIES,KOCHI REFINERY -",,,PETROLEUM,2009-09,2006-04,,2591.8,,3941.41,,,1481.92,2009-09,,2009-12,,,,0,0,,,,FR_SEP_2009.pdf,Sector-Wise analysis of projects,29,90
FR_200909_091,,N16000029,91,CHENNAI-BANGALORE PIPELINE -,,,PETROLEUM,2009-09,2007-07,,232.11,,273.0,,,172.43,2009-07,,2009-12,,,,0,0,,,,FR_SEP_2009.pdf,Sector-Wise analysis of projects,29,91
FR_200909_092,,N16000034,92,INST. OF FCC GASOLINE DESULPHUN UNIT AT MATHURA RE -,,,PETROLEUM,2009-09,2008-01,,348.0,,348.0,,,144.43,2009-12,,2009-12,,,,0,0,,,,FR_SEP_2009.pdf,Sector-Wise analysis of projects,29,92
FR_200909_093,,N16000035,93,MSQ UPGRADATION PROJECT AT PANIPAT REFINERY -,,,PETROLEUM,2009-09,2008-01,,1131.0,,1131.0,,,652.4,2009-12,,2009-12,,,,0,0,,,,FR_SEP_2009.pdf,Sector-Wise analysis of projects,29,93
FR_200909_094,,N16000041,94,LPG PROCESSING & COMPRESSION -,,,PETROLEUM,2009-09,2007-08,,142.0,,139.07,,,19.44,2009-10,,2009-12,,,,0,0,,,,FR_SEP_2009.pdf,Sector-Wise analysis of projects,29,94
FR_200909_095,,N16000047,95,CHAINSA-JHAJJAR PIPE LINE PROJECT -,,,PETROLEUM,2009-09,2007-11,,967.77,,571.64,,,292.14,2009-09,,2009-12,,,,0,0,,,,FR_SEP_2009.pdf,Sector-Wise analysis of projects,29,95
FR_200909_096,,N16000021,96,RESIDUE UPGRADATION AND MS/HSD QUALITY IMPROVEMENT -,,,PETROLEUM,2009-09,2007-01,,5693.0,,5882.0,,,3959.6,2010-01,,2010-01,,,,0,0,,,,FR_SEP_2009.pdf,Sector-Wise analysis of projects,29,96
FR_200909_097,,160100292,97,PANIPAT NAPHTA CRACKER PROJECT -,,,PETROLEUM,2009-09,2006-04,,12138.0,,14439.0,,,10171.23,2009-09,2009-11,2010-02,,,,61,101,,,,FR_SEP_2009.pdf,Sector-Wise analysis of projects,29,97
FR_200909_098,,160100215,98,IOR LAKWA - LAKHMANI (ONGCL) -,ONGCL,,PETROLEUM,2009-09,2001-09,,345.1,,429.38,,,465.19,2007-03,,2010-03,,,,3,3,,,,FR_SEP_2009.pdf,Sector-Wise analysis of projects,29,98
FR_200909_099,,160100217,99,"IOR, RUDRASAGAR (ONGCL) -",ONGCL,,PETROLEUM,2009-09,2001-09,,113.9,,219.22,,,130.97,2006-03,,2010-03,,,,6,6,,,,FR_SEP_2009.pdf,Sector-Wise analysis of projects,29,99
FR_200909_100,,N16000049,100,SULTANPUR NEEMRANA PIPE LINE PROJECT -,,,PETROLEUM,2009-09,2007-11,,396.13,,396.13,,,27.2,2009-10,,2010-03,,,,0,0,,,,FR_SEP_2009.pdf,Sector-Wise analysis of projects,29,100
FR_200909_101,,N16000048,101,VIJAPUR DADRI-BAWANA PIPE LINE PROJECT -,,,PETROLEUM,2009-09,2007-11,,5595.31,,3860.0,,,2722.96,2009-11,,2010-04,,,,0,0,,,,FR_SEP_2009.pdf,Sector-Wise analysis of projects,29,101
FR_200909_102,,N16000062,102,HEERA RECONSTRUCTION -,,,PETROLEUM,2009-09,2008-05,,706.7,,706.7,,,42.91,2010-04,,2010-04,,,,0,0,,,,FR_SEP_2009.pdf,Sector-Wise analysis of projects,29,102
FR_200909_103,,N16000026,103,LUBDE OIL BASE STOCK QUALITY UPGRADATION AT MUMBAI -,,,PETROLEUM,2009-09,2006-10,,638.9,,1030.0,,,437.06,2009-04,,2010-05,,,,0,0,,,,FR_SEP_2009.pdf,Sector-Wise analysis of projects,29,103
FR_200909_104,,N16000044,104,REVAMPING OF WIN PLATFORM AT MH ASSET -,,,PETROLEUM,2009-09,2008-05,,333.4,,330.4,,,0.35,2010-05,,2010-05,,,,0,0,,,,FR_SEP_2009.pdf,Sector-Wise analysis of projects,29,104
FR_200909_105,,N16000045,105,MNW-NF BRIDGE PROJECT -,,,PETROLEUM,2009-09,2008-05,,175.21,,162.12,,,58.19,2009-03,,2010-05,,,,0,0,,,,FR_SEP_2009.pdf,Sector-Wise analysis of projects,29,105
FR_200909_106,,N16000046,106,DEVELOPMENT OF B-46 CLUSTER FIELD -,,,PETROLEUM,2009-09,2007-06,,1436.21,,1436.21,,,,2010-07,,2010-05,,,,0,0,,,,FR_SEP_2009.pdf,Sector-Wise analysis of projects,29,106
FR_200909_107,,N16000055,107,BARGE BUMPER-BOAT LANDING- RISER PROTECTOR PROJECT -,,,PETROLEUM,2009-09,2008-05,,289.6,,289.6,,,155.95,2010-05,,2010-05,,,,0,0,,,,FR_SEP_2009.pdf,Sector-Wise analysis of projects,29,107
FR_200909_108,,N16000056,108,INSTALLATION OF FCCV AT MUMBAI REFINERY -,,,PETROLEUM,2009-09,2007-03,,900.47,,900.47,,,396.73,2009-09,,2010-05,,,,0,0,,,,FR_SEP_2009.pdf,Sector-Wise analysis of projects,29,108
FR_200909_109,,N16000067,109,SINGLE POINT MOORING PROJECT AT VISAKHAPATNAM -,,,PETROLEUM,2009-09,2008-11,,643.46,27.0,643.46,,,63.84,2010-05,,2010-05,,,,0,0,,,,FR_SEP_2009.pdf,Sector-Wise analysis of projects,29,109
FR_200909_110,,N16000009,110,"DIESEL HYDRO TREATMENT PROJECT,BRPL DHALIGAON -",,,PETROLEUM,2009-09,2006-06,,1431.91,,1646.39,,,1133.88,2009-09,,2010-06,,,,0,0,,,,FR_SEP_2009.pdf,Sector-Wise analysis of projects,30,110
FR_200909_111,,N16000024,111,HEERA AND SOUTH HEERA RE- DEVELOPMENT PROJECT -,,,PETROLEUM,2009-09,2006-09,,2305.3,,1339.25,,,1131.39,2010-06,2010-06,2010-06,,,,0,0,,,,FR_SEP_2009.pdf,Sector-Wise analysis of projects,30,111
FR_200909_112,,N16000036,112,MSQ UPGRADATION PROJECT AT GUWAHATI REFINERY -,,,PETROLEUM,2009-09,2008-04,,372.0,,372.0,,,77.8,2010-02,,2010-06,,,,0,0,,,,FR_SEP_2009.pdf,Sector-Wise analysis of projects,30,112
FR_200909_113,,N16000037,113,MSQ UPGRADATION PROJECT AT DIGBOI REFINERY -,,,PETROLEUM,2009-09,2008-04,,356.0,,356.0,,,72.12,2010-02,,2010-06,,,,0,0,,,,FR_SEP_2009.pdf,Sector-Wise analysis of projects,30,113
FR_200909_114,,N16000038,114,MSQ UPGRADATION PROJECT AT BARAUNI REFINERY -,,,PETROLEUM,2009-09,2008-04,,1492.0,,1492.0,,,314.63,2010-04,,2010-06,,,,0,0,,,,FR_SEP_2009.pdf,Sector-Wise analysis of projects,30,114
FR_200909_115,,N16000040,115,MSQ IMPROVMENT PROJECT -,,,PETROLEUM,2009-09,2008-04,,293.6,,293.6,,,61.98,2009-12,,2010-06,,,,0,0,,,,FR_SEP_2009.pdf,Sector-Wise analysis of projects,30,115
FR_200909_116,,N16000042,116,TWO PIPELINE REPLACEMENT PROJECT AT AHMEDABAD MEHS -,,,PETROLEUM,2009-09,2008-03,,188.18,,143.84,,,66.65,2010-06,,2010-06,,,,0,0,,,,FR_SEP_2009.pdf,Sector-Wise analysis of projects,30,116
FR_200909_117,,160100168,117,"C2-C3 AND LPG RECOVERY FROM LNG, DAHEJ (ONGC) -",ONGC,,PETROLEUM,2009-09,2003-12,,900.92,,1493.49,,,592.91,2006-06,2008-05,2010-07,,,,0,2,,,,FR_SEP_2009.pdf,Sector-Wise analysis of projects,30,117
FR_200909_118,,N16000017,118,EXPANSION OF PANIPAT REFINERY FROM 12 TO 15 MMTPA -,,,PETROLEUM,2009-09,2005-06,,806.0,,1007.83,,,490.82,2008-03,2009-12,2010-08,,,,18,48,,,,FR_SEP_2009.pdf,Sector-Wise analysis of projects,30,118
FR_200909_119,,N16000050,119,BAWANA NANGAL PIPE LINE PROJECT -,,,PETROLEUM,2009-09,2010-10,,1816.07,,1816.07,,,5.23,2010-10,,2010-10,,,,0,0,,,,FR_SEP_2009.pdf,Sector-Wise analysis of projects,30,119
FR_200909_120,,N16000052,120,DAHEJ-VIJAYPUR PIPE LINE PROJECT -,,,PETROLEUM,2009-09,2007-11,,4429.38,,3000.0,,,12.2,2010-10,,2010-10,,,,0,0,,,,FR_SEP_2009.pdf,Sector-Wise analysis of projects,30,120
FR_200909_121,,N16000053,121,COMPRESSOR STATIONS (VIJAYPUR AND JHABUA) PHASE-I -,VIJAYPUR AND JHABUA,,PETROLEUM,2009-09,2007-11,,1512.0,,1512.0,,,4.56,2011-10,,2010-10,,,,0,0,,,,FR_SEP_2009.pdf,Sector-Wise analysis of projects,30,121
FR_200909_122,,N16000066,122,CONSTRUCTION OF NEW TERMINAL AT ENNORE CHENNAI -,,,PETROLEUM,2009-09,2008-01,,224.0,,224.0,,,32.76,2010-12,,2010-12,,,,0,0,,,,FR_SEP_2009.pdf,Sector-Wise analysis of projects,30,122
FR_200909_123,,N16000076,123,Guru Govind Singh Refinary Product Evacuation -,,,PETROLEUM,2009-09,2009-01,,605.4,,605.4,,,,2010-12,,2010-12,,,,0,0,,,,FR_SEP_2009.pdf,Sector-Wise analysis of projects,30,123
FR_200909_124,,N16000074,124,CAPACITY AUGMENTATION OF AGRA& FEROZABAD REGION -,,,PETROLEUM,2009-09,2009-07,,199.57,,125.02,,,,2011-01,,2011-01,,,,0,0,,,,FR_SEP_2009.pdf,Sector-Wise analysis of projects,30,124
FR_200909_125,,160100216,125,IOR GELEKI (ONGCL) -,ONGCL,,PETROLEUM,2009-09,2001-09,,390.09,,834.9,,,906.91,2007-03,,2011-03,,,,6,6,,,,FR_SEP_2009.pdf,Sector-Wise analysis of projects,30,125
FR_200909_126,,N16000039,126,MUMBAI HIGH SOUTH REDEVELOPMENT PH-2 -,,,PETROLEUM,2009-09,2007-06,,1252.75,,8061.42,,,3401.98,2009-06,,2011-04,,,,0,0,,,,FR_SEP_2009.pdf,Sector-Wise analysis of projects,30,126
FR_200909_127,,N16000054,127,COMPRESSOR STATIONS (KAILARAS &CHAINSA) -,KAILARAS &CHAINSA,,PETROLEUM,2009-09,2007-11,,1061.93,,1061.93,,,1.1,2011-11,,2011-04,,,,0,0,,,,FR_SEP_2009.pdf,Sector-Wise analysis of projects,30,127
FR_200909_128,,N16000063,128,NEELAM RECONSTRUCTION -,,,PETROLEUM,2009-09,2008-05,,305.08,,305.08,,,18.52,2011-04,,2011-04,,,,0,0,,,,FR_SEP_2009.pdf,Sector-Wise analysis of projects,30,128
FR_200909_129,,160100231,129,INTEGRATED DEV OF G1 and GS-15 (ONGCL) -,ONGCL,,PETROLEUM,2009-09,2003-04,,429.82,,1262.93,,,1079.16,2005-03,,2011-05,,,,0,0,,,,FR_SEP_2009.pdf,Sector-Wise analysis of projects,30,129
FR_200909_130,,N16000059,130,BRANCH PIPELINE FROM KSPL VIRAMGAON TO KANDLA -,,,PETROLEUM,2009-09,2009-02,,349.0,,349.0,,,0.52,2011-08,,2011-08,,,,0,0,,,,FR_SEP_2009.pdf,Sector-Wise analysis of projects,30,130
FR_200909_131,,N16000075,131,Construction of Tank and Blending Facility at Vadi -,,,PETROLEUM,2009-09,2009-02,,267.0,,349.0,,,2.79,2011-08,,2011-08,,,,0,0,,,,FR_SEP_2009.pdf,Sector-Wise analysis of projects,30,131
FR_200909_132,,N16000077,132,Construction of Tanks and Blending Facility at Vad -,,,PETROLEUM,2009-09,2009-02,,267.0,,349.0,,,,2011-08,,2011-08,,,,0,0,,,,FR_SEP_2009.pdf,Sector-Wise analysis of projects,30,132
FR_200909_133,,N16000068,133,DIESEL HYDROTREATOR PROJECT AT VISAKH REFINERY -,,,PETROLEUM,2009-09,2009-03,,3597.0,,3597.0,,,60.31,2011-09,,2011-09,,,,0,0,,,,FR_SEP_2009.pdf,Sector-Wise analysis of projects,30,133
FR_200909_134,,N16000069,134,DIESEL HYDROTREATOR PROJECT AT MUMBAI REFINERY -,,,PETROLEUM,2009-09,2009-03,,3284.0,28.0,3284.0,,,37.01,2011-09,,2011-09,,,,0,0,,,,FR_SEP_2009.pdf,Sector-Wise analysis of projects,30,134
FR_200909_135,,N16000051,135,JHAJJAR HISSAR PIPE LINE PROJECT -,,,PETROLEUM,2009-09,2007-11,,281.07,,281.07,,,1.0,2010-10,,2011-12,,,,0,0,,,,FR_SEP_2009.pdf,Sector-Wise analysis of projects,31,135
FR_200909_136,,N16000057,136,RESITMENT OF MARKETING INSTALATION AT VISAKH -,,,PETROLEUM,2009-09,2009-01,,756.0,,756.0,,,90.33,2011-12,,2011-12,,,,0,0,,,,FR_SEP_2009.pdf,Sector-Wise analysis of projects,31,136
FR_200909_137,,N16000064,137,ADDITIONAL GAS PROCESSING UNITS AT URAN -,,,PETROLEUM,2009-09,2008-10,,1797.35,,1797.35,,,,2011-12,,2011-12,,,,0,0,,,,FR_SEP_2009.pdf,Sector-Wise analysis of projects,31,137
FR_200909_138,,N16000065,138,ADDITIONAL GAS PROCESSING FACILITI AT HAZIRA -,,,PETROLEUM,2009-09,2008-02,,370.11,,370.11,,,,2011-04,,2011-12,,,,0,0,,,,FR_SEP_2009.pdf,Sector-Wise analysis of projects,31,138
FR_200909_139,,N16000070,139,MORADABAD-KASHIPUR-RUDRAPUR PIPELINE PROJECT. -,,,PETROLEUM,2009-09,2009-07,,238.68,,238.68,,,,2012-01,,2012-01,,,,0,0,,,,FR_SEP_2009.pdf,Sector-Wise analysis of projects,31,139
FR_200909_140,,N16000031,140,OFFSHORE GRID INTERCONNECTIVITY PROJECT IN MUMBAI HIGH -,,,PETROLEUM,2009-09,2007-01,,740.02,,740.02,,,217.15,2010-03,2012-03,2012-03,,,,0,0,,,,FR_SEP_2009.pdf,Sector-Wise analysis of projects,31,140
FR_200909_141,,N16000033,141,DEVELOPMENT OF B-193 CLUSTER FIELDS -,,,PETROLEUM,2009-09,2007-06,,3248.78,,2710.1,,,0.61,2010-03,2010-08,2012-03,,,,0,0,,,,FR_SEP_2009.pdf,Sector-Wise analysis of projects,31,141
FR_200909_142,,N16000032,142,DEVELOPMENT OF B-22 CLUSTER FIELDS -,,,PETROLEUM,2009-09,2007-01,,1552.63,,1849.5,,,5.24,2009-02,2010-09,2012-04,,,,0,0,,,,FR_SEP_2009.pdf,Sector-Wise analysis of projects,31,142
FR_200909_143,,N16000030,143,CONSTRUCTION OF NEW PROCESS COMPLEX MHN -,,,PETROLEUM,2009-09,2007-01,,2853.29,,2853.29,,,0.54,2010-05,,2012-05,,,,0,0,,,,FR_SEP_2009.pdf,Sector-Wise analysis of projects,31,143
FR_200909_144,,N16000060,144,MUMBAI HIGH NORTH DEVELOPMENT PHASE-II -,,,PETROLEUM,2009-09,2009-01,,6855.93,,6855.93,,,0.54,2012-09,,2012-09,,,,0,0,,,,FR_SEP_2009.pdf,Sector-Wise analysis of projects,31,144
FR_200909_145,,N16000058,145,PARADIP REFINERY PROJECT -,,,PETROLEUM,2009-09,2009-02,,29777.0,,29777.0,,,2093.19,2012-03,,2012-11,,,,0,0,,,,FR_SEP_2009.pdf,Sector-Wise analysis of projects,31,145
FR_200909_146,,N16000071,146,KOCHI-KANJIRKOD BANGALORE- MANGALORE PIPELINE PROJE -,,,PETROLEUM,2009-09,2009-06,,3032.0,,3032.0,,,,2012-12,,2012-12,,,,0,0,,,,FR_SEP_2009.pdf,Sector-Wise analysis of projects,31,146
FR_200909_147,,N16000073,147,DHABOL-BANGALORE PIPELINE PROJECT -,,,PETROLEUM,2009-09,2009-06,,4543.43,,4543.43,,,,2012-12,,2012-12,,,,0,0,,,,FR_SEP_2009.pdf,Sector-Wise analysis of projects,31,147
FR_200909_148,,N16000072,148,JAGDISHPUR-HALDIA PIPELINE PROJECT -,,,PETROLEUM,2009-09,2009-07,,7596.18,,7596.18,,,,2013-01,,2013-01,,,,0,0,,,,FR_SEP_2009.pdf,Sector-Wise analysis of projects,31,148
FR_200909_149,,N16000061,149,ASSAM RENEWAL PROJECT FOR GROUP A - Total,,,PETROLEUM,2009-09,2009-03,,2465.15,137003.68,2378.86,,,41050.75,2013-03,,2013-03,,,,0,0,,,,FR_SEP_2009.pdf,Sector-Wise analysis of projects,31,149
FR_200909_150,,180100253,150,SYSTEM STRENGTHENING - VII OF SOUTHERN REGION (PGCIL) -,PGCIL,,POWER,2009-09,2005-05,,279.3,,340.14,,,276.43,2009-07,,2009-10,,,,5,18,,,,FR_SEP_2009.pdf,Sector-Wise analysis of projects,31,150
FR_200909_151,,180100257,151,SIPAT-II SUPP. TRANS. SYSTEM (PGCIL) -,PGCIL,,POWER,2009-09,2005-06,,813.67,,820.45,,,776.41,2008-06,,2009-11,,,,9,22,,,,FR_SEP_2009.pdf,Sector-Wise analysis of projects,31,151
FR_200909_152,,180100263,152,KOLDAM HEP TRANSMISSION LINE (PGCIL) -,PGCIL,,POWER,2009-09,2005-09,,464.91,,464.91,,,158.49,2008-09,2008-09,2009-11,,,,9,22,,,,FR_SEP_2009.pdf,Sector-Wise analysis of projects,31,152
FR_200909_153,,180100220,153,SEWA- II H.E.P (NHPC) -,NHPC,,POWER,2009-09,2003-09,,665.46,,1018.98,,,857.06,2007-09,,2009-12,,,,8,36,,,,FR_SEP_2009.pdf,Sector-Wise analysis of projects,31,153
FR_200909_154,,N18000017,154,NORTHERN REGION SYSTEM STRENGHTENING SCHEME-V -,,,POWER,2009-09,2006-06,,721.25,,721.25,,,546.48,2009-06,,2009-12,,,,4,19,,,,FR_SEP_2009.pdf,Sector-Wise analysis of projects,31,154
FR_200909_155,,N18000020,155,SYSTEM STRENGTHENING IN SOUTH-WESTERN PART-B NORTHERN -,,,POWER,2009-09,2006-10,,150.26,29.0,153.54,,,106.83,2009-10,,2009-12,,,,5,20,,,,FR_SEP_2009.pdf,Sector-Wise analysis of projects,31,155
FR_200909_156,,N18000026,156,ENHANCEMENT OF TRANSMISSION CAPACITY IN EAST-WEST -,,,POWER,2009-09,2006-10,,103.8,,103.8,,,63.65,2009-06,,2009-12,,,,0,0,,,,FR_SEP_2009.pdf,Sector-Wise analysis of projects,32,156
FR_200909_157,,180100247,157,NEYVELI TS-II TRANSIMISSION SYSTEM (PGCIL) -,PGCIL,,POWER,2009-09,2005-01,,691.83,,913.35,,,697.46,2007-12,,2010-02,,,,13,20,,,,FR_SEP_2009.pdf,Sector-Wise analysis of projects,32,157
FR_200909_158,,180100258,158,KUNADANKULAM-APP TRANS. SYSTEM (PGCIL) -,PGCIL,,POWER,2009-09,2005-05,,1779.29,,1896.65,,,1417.96,2008-11,,2010-02,,,,20,38,,,,FR_SEP_2009.pdf,Sector-Wise analysis of projects,32,158
FR_200909_159,,N18000011,159,KORBA STPP STAGE-III -,,,POWER,2009-09,2006-08,,2448.5,,2448.49,,,1652.71,2010-02,,2010-02,,,,2,24,,,,FR_SEP_2009.pdf,Sector-Wise analysis of projects,32,159
FR_200909_160,,N18000021,160,NORTHERN REGION SYSTEM STRENGTHENING SCHEME-VI -,,,POWER,2009-09,2007-01,,186.95,,186.95,,,119.22,2009-07,,2010-02,,,,2,21,,,,FR_SEP_2009.pdf,Sector-Wise analysis of projects,32,160
FR_200909_161,,180100165,161,TUIRIAL HE PROJECT(NEEPCO) -,NEEPCO,,POWER,2009-09,1998-07,,368.72,,836.14,,,318.09,2006-07,,2010-03,,,,2,5,,,,FR_SEP_2009.pdf,Sector-Wise analysis of projects,32,161
FR_200909_162,,180100246,162,KAIGA 3&4 TRANSMISSION SYSTEM (PGCIL) -,PGCIL,,POWER,2009-09,2005-03,,596.45,1007.16,1007.16,,,690.96,2007-12,,2010-03,,,,7,18,,,,FR_SEP_2009.pdf,Sector-Wise analysis of projects,32,162
FR_200909_163,,180100256,163,KOTESWAR TRANSMISSION SYSTEM (PGCIL) -,PGCIL,,POWER,2009-09,2006-06,,260.34,,266.61,,,124.54,2008-06,,2010-03,,,,6,20,,,,FR_SEP_2009.pdf,Sector-Wise analysis of projects,32,163
FR_200909_164,,180100260,164,TRANSMISSION SY. ASSOCIATED WITH BARH GENER. PROJECT(P.GR.) -,P.GR.,,POWER,2009-09,2005-12,,3779.46,,3779.46,,,3009.36,2009-09,,2010-03,,,,11,30,,,,FR_SEP_2009.pdf,Sector-Wise analysis of projects,32,164
FR_200909_165,,260100100,165,EAST-WEST TRANSNISSION CORRIDOR STRENGTHNING SCHEME -,,,POWER,2009-09,2006-06,,803.7,,803.76,,,499.04,2009-06,,2010-03,,,,0,20,,,,FR_SEP_2009.pdf,Sector-Wise analysis of projects,32,165
FR_200909_166,,N18000004,166,EASTERN REGION STRENGTHENING SCHEME-I -,,,POWER,2009-09,2006-10,,975.96,,975.96,,,475.65,2009-10,,2010-03,,,,2,20,,,,FR_SEP_2009.pdf,Sector-Wise analysis of projects,32,166
FR_200909_167,,N18000037,167,TR. SYSTEM FOR STARTUP POWER TO DVC & MAITHON RB G -,,,POWER,2009-09,2008-04,,290.49,,290.49,,,176.39,2010-04,,2010-04,,,,0,0,,,,FR_SEP_2009.pdf,Sector-Wise analysis of projects,32,167
FR_200909_168,,N18000033,168,EASTERN REGION STRENGTHENING SCHEME-II -,,,POWER,2009-09,2007-12,,227.52,,227.52,,,78.43,2010-06,,2010-06,,,,0,0,,,,FR_SEP_2009.pdf,Sector-Wise analysis of projects,32,168
FR_200909_169,,N18000022,169,WESTERN REGION STRENGTHENING SCHEME-II -,,,POWER,2009-09,2006-07,,5221.23,,5221.23,,,1570.88,2010-07,,2010-07,,,,2,20,,,,FR_SEP_2009.pdf,Sector-Wise analysis of projects,32,169
FR_200909_170,,N18000062,170,TR. SYSTEM ASSOCIATED WITH TUTICORIN JV TPS -,,,POWER,2009-09,2009-02,,353.57,,353.57,,,19.81,2010-07,,2010-07,,,,0,0,,,,FR_SEP_2009.pdf,Sector-Wise analysis of projects,32,170
FR_200909_171,,180100241,171,"CHAMERA,STAGE-III (NHPC) -",NHPC,,POWER,2009-09,2005-08,,1405.63,,1584.35,,,938.91,2010-08,,2010-08,,,,0,0,,,,FR_SEP_2009.pdf,Sector-Wise analysis of projects,32,171
FR_200909_172,,N18000006,172,NIMOO BAZGO HYDROELECTRIC PROJECT -,,,POWER,2009-09,2006-08,,611.01,,796.0,,,348.23,2010-08,,2010-08,,,,0,0,,,,FR_SEP_2009.pdf,Sector-Wise analysis of projects,32,172
FR_200909_173,,N18000016,173,Farakka STPP Stage-III -,,,POWER,2009-09,2006-07,,2570.44,,2570.44,,,1311.44,2010-08,,2010-08,,,,10,26,,,,FR_SEP_2009.pdf,Sector-Wise analysis of projects,32,173
FR_200909_174,,N18000035,174,WESTERN REGION STRENGTHENING SCHEME-V -,,,POWER,2009-09,2007-12,,477.69,,477.69,,,168.88,2010-09,,2010-09,,,,0,0,,,,FR_SEP_2009.pdf,Sector-Wise analysis of projects,32,174
FR_200909_175,,N18000040,175,EST. OF 400/220 KV GIS POOLING STATION NEAR CHAMER -,,,POWER,2009-09,2007-09,,262.1,,262.1,,,125.19,2010-09,,2010-09,,,,0,0,,,,FR_SEP_2009.pdf,Sector-Wise analysis of projects,32,175
FR_200909_176,,N18000013,176,National Capital Thermal Power Project Stage-II -,,,POWER,2009-09,2006-10,,5135.33,,5135.33,,,3209.89,2010-10,,2010-10,,,,8,40,,,,FR_SEP_2009.pdf,Sector-Wise analysis of projects,32,176
FR_200909_177,,180100250,177,PARBATI H.E.P. STAGE -III (NHPC) -,NHPC,,POWER,2009-09,2005-10,,2304.56,,2217.0,,,805.58,2010-10,,2010-11,,,,0,0,,,,FR_SEP_2009.pdf,Sector-Wise analysis of projects,32,177
FR_200909_178,,N18000018,178,TRANSMISSION SYSTEM ASSOCIATED WITH PARBATI-III HE -,,,POWER,2009-09,2006-07,,557.24,,557.24,,,216.71,2010-01,,2010-11,,,,0,22,,,,FR_SEP_2009.pdf,Sector-Wise analysis of projects,32,178
FR_200909_179,,N18000038,179,WESTERN REGION STREGTHENING SCHEME-VI -,,,POWER,2009-09,2008-02,,340.72,30.0,340.72,,,70.34,2010-11,,2010-11,,,,0,0,,,,FR_SEP_2009.pdf,Sector-Wise analysis of projects,32,179
FR_200909_180,,N18000039,180,NORTHERN REGION SYSTEM STRENGHTENING SCHEME-XII -,,,POWER,2009-09,2008-02,,261.55,,261.55,,,51.44,2010-11,,2010-11,,,,0,0,,,,FR_SEP_2009.pdf,Sector-Wise analysis of projects,33,180
FR_200909_181,,N18000070,181,SYSTEM STRANGHTENING SCHEME- VIII OF SOUTHERN REGIO -,,,POWER,2009-09,2008-02,,105.84,,105.84,,,29.05,2010-11,,2010-11,,,,0,0,,,,FR_SEP_2009.pdf,Sector-Wise analysis of projects,33,181
FR_200909_182,,180100184,182,KOTESHWAR HEP(THDC) -,THDC,,POWER,2009-09,2000-04,,1301.56,,1301.56,,,1438.41,2005-04,,2010-12,,,,0,0,,,,FR_SEP_2009.pdf,Sector-Wise analysis of projects,33,182
FR_200909_183,,N18000034,183,NORTHERN REGION SYSTEM STRENGTHENING-XI -,,,POWER,2009-09,2007-12,,417.76,,417.76,,,186.2,2010-12,,2010-12,,,,0,0,,,,FR_SEP_2009.pdf,Sector-Wise analysis of projects,33,183
FR_200909_184,,N18000036,184,NORTHERN REGION SYSTEM STRENGTHENING SCHEME-X -,,,POWER,2009-09,2007-12,,408.36,,408.36,,,203.22,2010-12,,2010-12,,,,0,0,,,,FR_SEP_2009.pdf,Sector-Wise analysis of projects,33,184
FR_200909_185,,N18000050,185,WESTERN REGION STRENGHTENING SCHEME-IX -,,,POWER,2009-09,2008-04,,230.89,,230.89,,,4.88,2011-01,,2011-01,,,,0,0,,,,FR_SEP_2009.pdf,Sector-Wise analysis of projects,33,185
FR_200909_186,,180100222,186,"TESSTA LOW DAM STAGE - II, III (NHPC) -",NHPC,,POWER,2009-09,2003-10,,768.92,,1279.4,,,993.11,2007-03,,2011-02,,,,1,25,,,,FR_SEP_2009.pdf,Sector-Wise analysis of projects,33,186
FR_200909_187,,180100251,187,URI H.E.P STAGE -II (NHPC) -,NHPC,,POWER,2009-09,2005-08,,1729.29,,1724.79,,,903.08,2009-11,,2011-02,,,,0,0,,,,FR_SEP_2009.pdf,Sector-Wise analysis of projects,33,187
FR_200909_188,,N18000007,188,CHUTAK HYDRO-ELECTRIC PROJECT -,,,POWER,2009-09,2006-08,,621.26,,802.0,,,290.43,2011-02,,2011-02,,,,0,0,,,,FR_SEP_2009.pdf,Sector-Wise analysis of projects,33,188
FR_200909_189,,180100229,189,SIPAT STPP STAGE - I (NTPC) -,NTPC,,POWER,2009-09,2003-12,,8323.39,,8323.39,,,6234.15,2009-12,,2011-03,,,,33,56,,,,FR_SEP_2009.pdf,Sector-Wise analysis of projects,33,189
FR_200909_190,,N18000023,190,TRANSMISSION SYSTEM ASSOCIATED WITH URI-II -,,,POWER,2009-09,2006-10,,238.25,,238.25,,,152.9,,,2011-05,,,,0,0,,,,FR_SEP_2009.pdf,Sector-Wise analysis of projects,33,190
FR_200909_191,,N18000032,191,SIMHADRI STPP STAGE -II -,,,POWER,2009-09,2007-08,,5103.39,,5038.53,,,1865.66,2011-05,,2011-05,,,,0,0,,,,FR_SEP_2009.pdf,Sector-Wise analysis of projects,33,191
FR_200909_192,,N18000043,192,TRANSMISSION SYSTEM ASSOCIATED WITH FARAKKA-III -,,,POWER,2009-09,2008-12,,204.07,,204.07,,,15.14,2011-06,,2011-06,,,,0,0,,,,FR_SEP_2009.pdf,Sector-Wise analysis of projects,33,192
FR_200909_193,,N18000059,193,TR. SYSTEM ASSOCIATED WITH CORBA III GENERATION PR -,,,POWER,2009-09,2009-02,,276.61,,276.61,,,24.07,2011-06,,2011-06,,,,0,0,,,,FR_SEP_2009.pdf,Sector-Wise analysis of projects,33,193
FR_200909_194,,N18000055,194,NORTHERN REGION SYSTEM STRENGHTENING SCHEME-IX -,,,POWER,2009-09,2008-07,,525.14,,525.14,,,235.13,2011-07,,2011-07,,,,0,0,,,,FR_SEP_2009.pdf,Sector-Wise analysis of projects,33,194
FR_200909_195,,N18000064,195,TR. SYSTEM ASSOCIATED WITH CHAMERA III HEP -,,,POWER,2009-09,2008-04,,297.37,,297.37,,,98.1,2011-07,,2011-07,,,,0,0,,,,FR_SEP_2009.pdf,Sector-Wise analysis of projects,33,195
FR_200909_196,,N18000067,196,SYSTEM STRENGHTENING -XI IN SOUTHERN REGION -,,,POWER,2009-09,2009-03,,196.1,,196.1,,,3.58,2011-07,,2011-07,,,,0,0,,,,FR_SEP_2009.pdf,Sector-Wise analysis of projects,33,196
FR_200909_197,,180100243,197,"TEESTA LOW DAM HEP, STAGE-IV (NHPC) -",NHPC,,POWER,2009-09,2005-09,,1061.38,,1061.38,,,557.37,2009-09,,2011-08,,,,0,0,,,,FR_SEP_2009.pdf,Sector-Wise analysis of projects,33,197
FR_200909_198,,N18000057,198,NORTHERN REGION SYSTEM STRENGHTENING SCHEME-XIV -,,,POWER,2009-09,2009-02,,132.19,,132.19,,,9.62,2011-08,,2011-08,,,,0,0,,,,FR_SEP_2009.pdf,Sector-Wise analysis of projects,33,198
FR_200909_199,,N18000058,199,NORTHERN REGION SYSTEM STRENGHTENING SCHEME-XVII -,,,POWER,2009-09,2009-02,,210.79,,210.79,,,,2011-08,,2011-08,,,,0,0,,,,FR_SEP_2009.pdf,Sector-Wise analysis of projects,33,199
FR_200909_200,,N18000044,200,SYSTEM STRENGHTENING IN NR GRID FOR KARCHAM WANGTO -,,,POWER,2009-09,2008-12,,328.97,,328.97,,,23.6,2011-09,,2011-09,,,,0,0,,,,FR_SEP_2009.pdf,Sector-Wise analysis of projects,33,200
FR_200909_201,,N18000041,201,BONGAIGAON THERMAL POWER PROJECT -,,,POWER,2009-09,2008-01,,4375.35,31.0,4375.35,,,550.81,2011-07,,2011-11,,,,0,0,,,,FR_SEP_2009.pdf,Sector-Wise analysis of projects,33,201
FR_200909_202,,N18000052,202,NORTHERN REGION SYSTEM STRENGHTENING SCHEME-XV -,,,POWER,2009-09,2009-02,,520.48,,520.48,,,86.18,2011-11,,2011-11,,,,0,0,,,,FR_SEP_2009.pdf,Sector-Wise analysis of projects,34,202
FR_200909_203,,N18000053,203,NORTHERN REGION SYSTEM STRENGHTENING SCHEME-XVIII -,,,POWER,2009-09,2009-02,,509.66,,509.66,,,5.33,2011-11,,2011-11,,,,0,0,,,,FR_SEP_2009.pdf,Sector-Wise analysis of projects,34,203
FR_200909_204,,N18000054,204,NORTHERN REGION SYSTEM STRENGHTENING SCHEME-XIII -,,,POWER,2009-09,2009-02,,317.69,,317.69,,,0.37,2011-11,,2011-11,,,,0,0,,,,FR_SEP_2009.pdf,Sector-Wise analysis of projects,34,204
FR_200909_205,,N18000063,205,TR. SYSTEM ASSOCIATED WITH RAMPUR HEP -,,,POWER,2009-09,2009-02,,184.19,,184.19,,,11.24,2011-11,,2011-11,,,,0,0,,,,FR_SEP_2009.pdf,Sector-Wise analysis of projects,34,205
FR_200909_206,,180100211,206,KOLDAM HEP (NTPC) -,NTPC,,POWER,2009-09,2002-10,,4527.15,,4527.15,,,2823.71,2009-04,,2011-12,,,,19,41,,,,FR_SEP_2009.pdf,Sector-Wise analysis of projects,34,206
FR_200909_207,,N18000071,207,TRIPURA GAS BASED POWER PROJECT -,,,POWER,2009-09,2009-07,,421.01,,421.01,,,59.72,2012-01,,2012-01,,,,0,0,,,,FR_SEP_2009.pdf,Sector-Wise analysis of projects,34,207
FR_200909_208,,N18000049,208,WESTERN REGION STRENGHTENING SCHEME-X -,,,POWER,2009-09,2009-02,,664.96,,664.96,,,17.07,2012-02,,2012-02,,,,0,0,,,,FR_SEP_2009.pdf,Sector-Wise analysis of projects,34,208
FR_200909_209,,N18000051,209,WESTERN REGION SYSTEM STRENGHTENING SCHEME-XI -,,,POWER,2009-09,2009-02,,409.5,,409.5,,,,2012-02,,2012-02,,,,0,0,,,,FR_SEP_2009.pdf,Sector-Wise analysis of projects,34,209
FR_200909_210,,N18000056,210,NORTHERN REGION SYSTEM STRENGHTENING SCHEME-XIX -,,,POWER,2009-09,2009-02,,410.29,,410.29,,,5.5,2012-02,,2012-02,,,,0,0,,,,FR_SEP_2009.pdf,Sector-Wise analysis of projects,34,210
FR_200909_211,,N18000060,211,SYSTEM STRENGHTENING SCHEME- IX OF SOUTHERN REGIONA -,,,POWER,2009-09,2009-02,,120.62,,120.62,,,3.25,2012-02,,2012-02,,,,0,0,,,,FR_SEP_2009.pdf,Sector-Wise analysis of projects,34,211
FR_200909_212,,N18000068,212,765 KV SYSTEM FOR CENTRAL PART OF NORTHERN GRID PA -,,,POWER,2009-09,2009-02,,1347.32,,1347.32,,,72.01,2012-02,,2012-02,,,,0,0,,,,FR_SEP_2009.pdf,Sector-Wise analysis of projects,34,212
FR_200909_213,,N18000024,213,RAMPUR HEP(412 MW) -,412 MW,,POWER,2009-09,2007-01,,2047.03,,2047.03,,,625.24,2012-01,,2012-03,,,,2,10,,,,FR_SEP_2009.pdf,Sector-Wise analysis of projects,34,213
FR_200909_214,,N18000045,214,PARA HYDRO ELECTRIC PROJECT -,,,POWER,2009-09,2008-12,,573.99,,573.99,,,57.36,2012-08,,2012-08,,,,0,0,,,,FR_SEP_2009.pdf,Sector-Wise analysis of projects,34,214
FR_200909_215,,N18000048,215,MOUDA STPP -,,,POWER,2009-09,2007-11,,5459.28,,5459.28,,,537.05,2012-02,,2012-08,,,,0,0,,,,FR_SEP_2009.pdf,Sector-Wise analysis of projects,34,215
FR_200909_216,,N18000065,216,SUPPLIMENTARY TRANSMISSION ASSOCIATED WITH DVC AND -,,,POWER,2009-09,2008-08,,2360.95,,2360.95,,,432.22,2012-08,,2012-08,,,,0,0,,,,FR_SEP_2009.pdf,Sector-Wise analysis of projects,34,216
FR_200909_217,,N18000069,217,765 KV POOLING STATION & NETWORK WITH DVC AND MAIT -,,,POWER,2009-09,2008-08,,7075.33,,7075.33,,,1006.71,2012-08,,2012-08,,,,0,0,,,,FR_SEP_2009.pdf,Sector-Wise analysis of projects,34,217
FR_200909_218,,N18000061,218,TR. SYSTEM ASSOCIATED WITH MUNDRA ULTRA MEGA POWER -,,,POWER,2009-09,2008-10,,4824.12,,4824.12,,,144.38,2012-10,,2012-10,,,,0,0,,,,FR_SEP_2009.pdf,Sector-Wise analysis of projects,34,218
FR_200909_219,,180100221,219,LOWER SUBANSIRI H.E.P (NHPC) -,NHPC,,POWER,2009-09,2003-09,,6285.33,,7452.99,,,3394.8,2010-09,,2012-12,,,,2,11,,,,FR_SEP_2009.pdf,Sector-Wise analysis of projects,34,219
FR_200909_220,,180100261,220,TRANSMISSION SYSTEM ASSOCIATED WITH PARBATI = II HEP -,,,POWER,2009-09,2005-12,,358.42,,358.42,,,6.09,2008-12,2010-09,2012-12,,,,0,15,,,,FR_SEP_2009.pdf,Sector-Wise analysis of projects,34,220
FR_200909_221,,N18000005,221,LOHARINAG-PAL HEP(4X150MW) -,4X150MW,,POWER,2009-09,2006-06,,2895.1,,2895.1,,,507.06,2011-11,,2012-12,,,,6,34,,,,FR_SEP_2009.pdf,Sector-Wise analysis of projects,34,221
FR_200909_222,,N18000046,222,TRANSMISSION SYSTEM ASSOCIATED WITH SASAN ULTRA ME -,,,POWER,2009-09,2008-12,,7031.88,,7031.88,,,177.94,2012-12,,2012-12,,,,0,0,,,,FR_SEP_2009.pdf,Sector-Wise analysis of projects,34,222
FR_200909_223,,180100210,223,PARBATI HEP (NHPC) II -,NHPC,,POWER,2009-09,2002-09,,3919.59,32.0,3954.49,,,2509.38,2009-09,,2013-03,,,,1,20,,,,FR_SEP_2009.pdf,Sector-Wise analysis of projects,34,223
FR_200909_224,,N18000014,224,Tapovan-Vishnugad HEP (4x130MW) -,4x130MW,,POWER,2009-09,2006-11,,2978.48,,2978.48,,,604.66,2013-03,,2013-03,,,,5,31,,,,FR_SEP_2009.pdf,Sector-Wise analysis of projects,35,224
FR_200909_225,,N18000010,225,TEHRI PUMPED STORAGE PLANT(1000MW) -,1000MW,,POWER,2009-09,2006-07,,1657.0,,1657.6,,,251.59,2010-07,,2013-04,,,,0,0,,,,FR_SEP_2009.pdf,Sector-Wise analysis of projects,35,225
FR_200909_226,,180100239,226,KAMENG HYDROELECTRIC PROJECT (NEEPCO) -,NEEPCO,,POWER,2009-09,2004-12,,2496.9,,3253.22,,,972.9,2009-12,,2013-05,,,,37,165,,,,FR_SEP_2009.pdf,Sector-Wise analysis of projects,35,226
FR_200909_227,,N18000042,227,VISHNUGAD PIPALKOTI HYDRO ELECTRIC PROJECT -,,,POWER,2009-09,2008-08,,2491.58,,2491.58,,,72.04,2013-06,,2013-06,,,,0,0,,,,FR_SEP_2009.pdf,Sector-Wise analysis of projects,35,227
FR_200909_228,,N18000047,228,BARH STPP STAGE -II -,,,POWER,2009-09,2008-02,,7341.04,,7341.04,,,557.96,2013-08,,2013-08,,,,0,0,,,,FR_SEP_2009.pdf,Sector-Wise analysis of projects,35,228
FR_200909_229,,N18000066,229,NORTH- EAST NORTH WESTERN INTERCONNECTOR I PROJECT -,,,POWER,2009-09,2009-02,,11130.19,,11130.19,,,255.13,2013-08,,2013-08,,,,0,0,,,,FR_SEP_2009.pdf,Sector-Wise analysis of projects,35,229
FR_200909_230,,180100242,230,BARH STPP(3X660MW) NTPC -,3X660MW,,POWER,2009-09,2003-12,,8692.97,,8692.97,,,4318.07,2010-11,,2013-10,,,,15,51,,,,FR_SEP_2009.pdf,Sector-Wise analysis of projects,35,230
FR_200909_231,,N18000031,231,KISHANGANGA HEP -,,,POWER,2009-09,2007-07,,2238.67,3642.04,3642.04,,,184.25,2014-07,,2016-01,,,,0,0,,,,FR_SEP_2009.pdf,Sector-Wise analysis of projects,35,231
FR_200909_232,,180100078,232,LOKTAK D/S HEP(NHPC) - Total Health & Family Welfare,NHPC,,POWER,2009-09,1999-12,,578.62,153835.15,578.62,,,28.33,2006-06,,,,,,0,0,,,,FR_SEP_2009.pdf,Sector-Wise analysis of projects,35,232
FR_200909_233,,210100001,233,NORTH EAST INDIRA GANDHI INST- ITUTE OF HEALTH & MS - Total,,,POWER,2009-09,1986-05,,71.18,422.6,443.15,,,381.31,1999-03,2005-03,,,,,7,16,,,,FR_SEP_2009.pdf,Sector-Wise analysis of projects,35,233
FR_200909_234,,220100116,234,RAJKOT-VERAVAL & WANSJALIYA- JETALSAR GC(WR) -,WR,,RAILWAYS,2009-09,1992-04,,112.53,193.61,232.75,,,451.93,1996-03,2009-06,2009-08,,,,0,0,,,,FR_SEP_2009.pdf,Sector-Wise analysis of projects,35,234
FR_200909_235,,220100312,235,"RAJGIR-TILAIYA (NL), ECR -",NL,,RAILWAYS,2009-09,2001-04,,180.82,180.82,180.82,,,230.44,2006-03,,2009-09,,,,0,0,,,,FR_SEP_2009.pdf,Sector-Wise analysis of projects,35,235
FR_200909_236,,N22000048,236,"VALLAPARPADM- IDAPALLY,(NL)(RVNL) -",RVNL,,RAILWAYS,2009-09,2006-07,,246.5,,246.5,,,283.1,2009-03,2009-03,2009-11,,,,0,0,,,,FR_SEP_2009.pdf,Sector-Wise analysis of projects,35,236
FR_200909_237,,220100243,237,"AGRA-ETAWAH VIA FATEBAD & BAD (NL),NCR -",NL,,RAILWAYS,2009-09,1999-04,,108.0,,214.09,,,110.8,2009-12,,2009-12,,,,0,0,,,,FR_SEP_2009.pdf,Sector-Wise analysis of projects,35,237
FR_200909_238,,220100300,238,"KURLA-BHANDUP,5 AND 6TH P.I.,MUMBAI,CR -",,,RAILWAYS,2009-09,1995-04,,49.84,102.9,136.45,,,114.25,2002-03,,2009-12,,,,0,0,,,,FR_SEP_2009.pdf,Sector-Wise analysis of projects,35,238
FR_200909_239,,220100318,239,"ETAWAH-MAINPURI (NL),NCR -",NL,,RAILWAYS,2009-09,2001-09,,129.7,129.7,142.48,,,84.91,2008-12,,2009-12,,,,0,0,,,,FR_SEP_2009.pdf,Sector-Wise analysis of projects,35,239
FR_200909_240,,N22000002,240,MANSI-PURNIA (EXTENSION OF MANSI-SAHARSA) GAN -,EXTENSION OF MANSI-SAHARSA,,RAILWAYS,2009-09,1996-04,,114.01,283.95,322.87,,,229.01,,,2009-12,,,,0,0,,,,FR_SEP_2009.pdf,Sector-Wise analysis of projects,35,240
FR_200909_241,,N22000052,241,HARNOUT -SET.UP OF W/S TO UND. POH OF UP TO50 COAC -,,,RAILWAYS,2009-09,2003-04,,98.74,,224.51,,,41.39,,,2009-12,,,,0,0,,,,FR_SEP_2009.pdf,Sector-Wise analysis of projects,35,241
FR_200909_242,,N22000055,242,ABOHAR- FAZILKA -,,,RAILWAYS,2009-09,2001-09,,86.44,,209.57,,,145.6,2009-03,,2010-02,,,,0,0,,,,FR_SEP_2009.pdf,Sector-Wise analysis of projects,35,242
FR_200909_243,,220100009,243,FREIGHT OPERATIONS INFORMATION SYSTEM (FOIS) -,FOIS,,RAILWAYS,2009-09,1984-03,,520.0,422.79,634.13,,,430.19,1995-03,,2010-03,,,,0,0,,,,FR_SEP_2009.pdf,Sector-Wise analysis of projects,35,243
FR_200909_244,,220100131,244,AMBALA-MORADABAD(RE) -,RE,,RAILWAYS,2009-09,1993-03,,152.21,157.76,265.0,,,265.33,1998-03,,2010-03,,,,0,0,,,,FR_SEP_2009.pdf,Sector-Wise analysis of projects,35,244
FR_200909_245,,220100148,245,LANJHIGARH-JUNAGARH NL(ECOR) -,ECOR,,RAILWAYS,2009-09,1993-04,,100.0,142.98,170.0,,,93.24,2002-03,,2010-03,,,,0,0,,,,FR_SEP_2009.pdf,Sector-Wise analysis of projects,35,245
FR_200909_246,,220100151,246,CALICUT-MANGALORE (DL) (SR) -,SR,,RAILWAYS,2009-09,1996-02,,240.0,,572.51,,,561.78,,,2010-03,,,,0,0,,,,FR_SEP_2009.pdf,Sector-Wise analysis of projects,36,246
FR_200909_247,,220100162,247,"MIRAJ-LATUR ROAD(GC),CR -",GC,,RAILWAYS,2009-09,1993-04,,225.0,360.63,816.4,,,640.42,2001-03,,2010-03,,,,0,0,,,,FR_SEP_2009.pdf,Sector-Wise analysis of projects,36,247
FR_200909_248,,220100212,248,"KOTTUR-HARIHAR(NL),(SWR) -",SWR,,RAILWAYS,2009-09,1995-04,,65.94,,281.2,,,246.86,,,2010-03,,,,0,0,,,,FR_SEP_2009.pdf,Sector-Wise analysis of projects,36,248
FR_200909_249,,220100224,249,"NEW JALPAIGURI-NEW BONGAIGAON (GC),NEFR -",GC,,RAILWAYS,2009-09,1998-11,,536.85,,960.48,,,970.9,2003-03,,2010-03,,,,0,0,,,,FR_SEP_2009.pdf,Sector-Wise analysis of projects,36,249
FR_200909_250,,220100240,250,"JAYANAGAR-DARBHANGA-NARKATIA GANJ(GC),ECR -",GC,,RAILWAYS,2009-09,1997-04,,233.0,335.77,501.69,,,278.12,,,2010-03,,,,0,0,,,,FR_SEP_2009.pdf,Sector-Wise analysis of projects,36,250
FR_200909_251,,220100244,251,TAHANJAVUR-VILLUPURAM GAUGE CONVERSION (G.C)(SR) -,SR,,RAILWAYS,2009-09,2001-10,,223.0,,356.9,,,538.81,2008-11,,2010-03,,,,0,0,,,,FR_SEP_2009.pdf,Sector-Wise analysis of projects,36,251
FR_200909_252,,220100251,252,VILLUPURAM-KATPADI (GC)(SR) -,SR,,RAILWAYS,2009-09,2000-02,,175.0,,502.14,,,426.97,,,2010-03,,,,0,0,,,,FR_SEP_2009.pdf,Sector-Wise analysis of projects,36,252
FR_200909_253,,220100258,253,"JALANDHAR-PATHANKOT-JAMMU- TAWI (LD),NR -",LD,,RAILWAYS,2009-09,2002-03,,409.0,625.3,639.54,,,728.28,2007-06,,2010-03,,,,0,0,,,,FR_SEP_2009.pdf,Sector-Wise analysis of projects,36,253
FR_200909_254,,220100264,254,DEOGHAR-DUMKA NEW BG LINE (DOUBL.)(ER) -,ER,,RAILWAYS,2009-09,1999-02,,180.73,320.66,335.0,,,298.11,2006-12,2008-12,2010-03,,,,0,0,,,,FR_SEP_2009.pdf,Sector-Wise analysis of projects,36,254
FR_200909_255,,220100268,255,TOLLYGANJ-GARIA(MTP) -,MTP,,RAILWAYS,2009-09,2000-03,,907.69,,1032.76,,,934.99,2006-12,,2010-03,,,,0,0,,,,FR_SEP_2009.pdf,Sector-Wise analysis of projects,36,255
FR_200909_256,,220100282,256,"DHARMAVARAM-PAKALA (GC), SCR -",GC,,RAILWAYS,2009-09,1997-04,,200.0,294.99,546.49,,,466.42,2009-02,,2010-03,,,,0,0,,,,FR_SEP_2009.pdf,Sector-Wise analysis of projects,36,256
FR_200909_257,,220100286,257,"RAJATGARH-BARANG(LD),ECOR -",LD,,RAILWAYS,2009-09,1999-04,,166.16,243.2,243.4,,,179.46,2009-02,,2010-03,,,,0,0,,,,FR_SEP_2009.pdf,Sector-Wise analysis of projects,36,257
FR_200909_258,,220100291,258,BHILDI-SAMDARI (GC) -,GC,,RAILWAYS,2009-09,1999-04,,244.74,479.0,479.0,,,435.96,2009-03,,2010-03,,,,0,0,,,,FR_SEP_2009.pdf,Sector-Wise analysis of projects,36,258
FR_200909_259,,220100313,259,"SRIGANGANAGAR-SARUPSAR (GC), NWR -",GC,,RAILWAYS,2009-09,1997-04,,143.92,,168.8,,,4.77,,,2010-03,,,,0,0,,,,FR_SEP_2009.pdf,Sector-Wise analysis of projects,36,259
FR_200909_260,,220100322,260,PRATAPNAGAR-CHOTA UDAIPUR (GC) (WR) -,WR,,RAILWAYS,2009-09,2005-04,,148.61,227.52,227.52,,,215.9,2008-03,2009-03,2010-03,,,,0,0,,,,FR_SEP_2009.pdf,Sector-Wise analysis of projects,36,260
FR_200909_261,,220100323,261,RUPSA-BANGRIPOSI (GC)(SER) -,SER,,RAILWAYS,2009-09,1996-02,,57.94,137.56,137.57,,,131.08,1998-03,2005-08,2010-03,,,,0,0,,,,FR_SEP_2009.pdf,Sector-Wise analysis of projects,36,261
FR_200909_262,,220100327,262,KHURDA ROAD - BARANG 3RD LINE (DL) (ECOR) -,ECOR,,RAILWAYS,2009-09,2000-04,,133.41,211.9,211.9,,,123.98,2009-03,,2010-03,,,,0,0,,,,FR_SEP_2009.pdf,Sector-Wise analysis of projects,36,262
FR_200909_263,,N22000046,263,"PODAPAHAR-BANSPANI,(LD)(SER) -",SER,,RAILWAYS,2009-09,2006-04,,129.74,129.74,129.74,,,123.13,2006-03,,2010-03,,,,0,0,,,,FR_SEP_2009.pdf,Sector-Wise analysis of projects,36,263
FR_200909_264,,N22000049,264,OBULAVARIPALLE- KRISHNAPATNAM(RVNL) -,RVNL,,RAILWAYS,2009-09,2006-07,,743.0,729.8,732.8,,,142.77,2008-03,2008-06,2010-03,,,,0,0,,,,FR_SEP_2009.pdf,Sector-Wise analysis of projects,36,264
FR_200909_265,,N22000056,265,SHIMOGA-TALAGUPPA -,,,RAILWAYS,2009-09,1992-12,,46.0,,158.95,,,204.55,,,2010-03,,,,0,0,,,,FR_SEP_2009.pdf,Sector-Wise analysis of projects,36,265
FR_200909_266,,N22000078,266,NEW GUWAHATI-DIGARU PATCH DOUBLING PH-I -,,,RAILWAYS,2009-09,2007-09,,99.84,99.84,110.94,,,57.98,2010-03,,2010-03,,,,0,0,,,,FR_SEP_2009.pdf,Sector-Wise analysis of projects,36,266
FR_200909_267,,220100233,267,"CONV.OF 1500V DC TRACTION TO 25 KV AC,WR -",,,RAILWAYS,2009-09,1996-07,,273.67,648.76,1160.52,,,382.26,,,2010-06,,,,0,0,,,,FR_SEP_2009.pdf,Sector-Wise analysis of projects,36,267
FR_200909_268,,220100260,268,REINGUNTA-GUNTAKAL(RE) -,RE,,RAILWAYS,2009-09,2000-06,,168.34,296.2,296.2,,,191.76,2003-04,2010-03,2010-06,,,,0,0,,,,FR_SEP_2009.pdf,Sector-Wise analysis of projects,36,268
FR_200909_269,,220100271,269,"BARAMATI - LONAND (NL), CR -",NL,,RAILWAYS,2009-09,1998-03,,75.0,,138.48,,,32.64,,,2010-06,,,,0,0,,,,FR_SEP_2009.pdf,Sector-Wise analysis of projects,36,269
FR_200909_270,,220100326,270,CUTTACK - BARANG (LD) -,LD,,RAILWAYS,2009-09,1995-04,,127.13,,135.0,,,113.27,,,2010-06,,,,0,0,,,,FR_SEP_2009.pdf,Sector-Wise analysis of projects,36,270
FR_200909_271,,N22000027,271,PALWAL-BHUTESWAR 3RD LINE DOUBLING(NCR)(RVNL) -,RVNL,,RAILWAYS,2009-09,2005-04,,240.0,329.7,330.0,,,208.6,2009-03,2009-12,2010-06,,,,0,0,,,,FR_SEP_2009.pdf,Sector-Wise analysis of projects,36,271
FR_200909_272,,220100329,272,RAICHUR-GUNTAKAL(DL)(SCR) -,SCR,,RAILWAYS,2009-09,2003-04,,136.62,221.9,221.9,,,74.6,2007-12,2010-03,2010-07,,,,0,0,,,,FR_SEP_2009.pdf,Sector-Wise analysis of projects,37,272
FR_200909_273,,N22000053,273,CHHAPRA-SETTING UP OF WHEEL MANUFACTURING PLANT -,,,RAILWAYS,2009-09,2005-03,,470.09,,881.19,,,86.35,,,2010-07,,,,0,0,,,,FR_SEP_2009.pdf,Sector-Wise analysis of projects,37,273
FR_200909_274,,N22000081,274,BHARUCH-SAMNI-DAHEJ GAUGE CONVERSIN -,,,RAILWAYS,2009-09,2005-09,,200.8,200.8,200.8,,,66.08,,,2010-09,,,,0,0,,,,FR_SEP_2009.pdf,Sector-Wise analysis of projects,37,274
FR_200909_275,,220100321,275,BILASPUR-URKURA (DL) -,DL,,RAILWAYS,2009-09,1997-04,,151.52,273.0,273.0,,,250.28,2009-03,,2010-11,,,,0,0,,,,FR_SEP_2009.pdf,Sector-Wise analysis of projects,37,275
FR_200909_276,,220100325,276,SUKINDA ROAD - ANGUL (NL)(ECOR) -,ECOR,,RAILWAYS,2009-09,1998-04,,183.23,,638.0,,,0.81,2015-02,,2010-11,,,,0,0,,,,FR_SEP_2009.pdf,Sector-Wise analysis of projects,37,276
FR_200909_277,,220100164,277,BELAPUR-SEAWOOD-URAN ELECTRIF-IED DOUBLE LINE(MTP)- PH-I -,MTP,,RAILWAYS,2009-09,1996-03,,401.81,,495.44,,,128.99,2004-03,,2010-12,,,,0,0,,,,FR_SEP_2009.pdf,Sector-Wise analysis of projects,37,277
FR_200909_278,,220100247,278,KATIHAR - JOGBANI (GC)(NEFR) -,NEFR,,RAILWAYS,2009-09,2001-09,,100.0,492.98,672.38,,,630.6,,,2010-12,,,,0,0,,,,FR_SEP_2009.pdf,Sector-Wise analysis of projects,37,278
FR_200909_279,,220100272,279,"TARAKESWAR - BISHNUPUR NEW BG LINE (NL), ER -",NL,,RAILWAYS,2009-09,2000-04,,157.96,,567.0,,,157.19,2009-12,,2010-12,,,,0,0,,,,FR_SEP_2009.pdf,Sector-Wise analysis of projects,37,279
FR_200909_280,,N22000033,280,AJMER-PHULERA-RINGUS-REWARI (G.C.)(NWR)(RVNL) -,RVNL,,RAILWAYS,2009-09,2005-04,,352.0,718.3,718.6,,,598.72,2008-03,2008-08,2010-12,,,,0,0,,,,FR_SEP_2009.pdf,Sector-Wise analysis of projects,37,280
FR_200909_281,,N22000034,281,ALIGARH-GAZIABAD 3RD LINE DOUBLING (RVNL) -,RVNL,,RAILWAYS,2009-09,2003-04,,230.73,399.73,399.5,,,252.65,2009-03,2008-12,2010-12,,,,0,0,,,,FR_SEP_2009.pdf,Sector-Wise analysis of projects,37,281
FR_200909_282,,N22000091,282,BARDHAMAN-KATWA (GC) -,GC,,RAILWAYS,2009-09,2007-04,,245.15,,245.15,,,7.53,2010-12,,2010-12,,,,0,0,,,,FR_SEP_2009.pdf,Sector-Wise analysis of projects,37,282
FR_200909_283,,N22000093,283,MUMBAI URBAN TRANSPORT PROJECT PHASE-I -,,,RAILWAYS,2009-09,2003-04,,3125.2,,4174.0,,,2953.67,2010-12,,2010-12,,,,0,0,,,,FR_SEP_2009.pdf,Sector-Wise analysis of projects,37,283
FR_200909_284,,220100279,284,"REWARI-ROHTAK (NL),NR -",NL,,RAILWAYS,2009-09,2004-01,,149.38,330.23,457.17,,,305.66,2010-02,,2011-02,,,,0,0,,,,FR_SEP_2009.pdf,Sector-Wise analysis of projects,37,284
FR_200909_285,,220100284,285,KHURDA ROAD-BOLANGIR(NL)ECOR -,NL,,RAILWAYS,2009-09,1994-04,,355.38,,1000.0,,,79.07,,,2011-02,,,,0,0,,,,FR_SEP_2009.pdf,Sector-Wise analysis of projects,37,285
FR_200909_286,,220100328,286,TALCHER-BIMALAGARH(NL)(ECOR) -,ECOR,,RAILWAYS,2009-09,2005-04,,726.96,810.78,810.78,,,32.36,,,2011-02,,,,0,0,,,,FR_SEP_2009.pdf,Sector-Wise analysis of projects,37,286
FR_200909_287,,220100062,287,"VIRAMGAM-BHILDI(WR),GC -",WR,,RAILWAYS,2009-09,1990-04,,155.66,,356.87,,,177.18,2010-03,,2011-03,,,,0,0,,,,FR_SEP_2009.pdf,Sector-Wise analysis of projects,37,287
FR_200909_288,,220100118,288,AMRAVATI-NARKHER NL(CR) -,CR,,RAILWAYS,2009-09,1994-06,,120.9,175.3,284.27,,,245.8,1999-06,,2011-03,,,,0,0,,,,FR_SEP_2009.pdf,Sector-Wise analysis of projects,37,288
FR_200909_289,,220100194,289,"MUZAFFARPUR-SITAMARHI(NL),ECR -",NL,,RAILWAYS,2009-09,1997-03,,100.0,,332.75,,,211.11,,,2011-03,,,,0,0,,,,FR_SEP_2009.pdf,Sector-Wise analysis of projects,37,289
FR_200909_290,,220100214,290,"RANCHI-LOHARDAGA(GC),SER -",GC,,RAILWAYS,2009-09,1997-04,,193.78,194.07,449.83,,,237.53,2004-06,,2011-03,,,,0,0,,,,FR_SEP_2009.pdf,Sector-Wise analysis of projects,37,290
FR_200909_291,,220100267,291,GOOTY- RENIGUNTA PATCH DOUBLING PH-II (DL) (SCR) -,SCR,,RAILWAYS,2009-09,2002-05,,304.5,306.0,306.0,,,329.92,,,2011-03,,,,0,0,,,,FR_SEP_2009.pdf,Sector-Wise analysis of projects,37,291
FR_200909_292,,220100306,292,"KODERMA GIRIDH (NL), ECR -",NL,,RAILWAYS,2009-09,1996-04,,371.36,,371.36,,,234.34,,,2011-03,,,,0,0,,,,FR_SEP_2009.pdf,Sector-Wise analysis of projects,37,292
FR_200909_293,,N22000094,293,ELECTRIFICATION OF KHURJA- MEERUT-SAHARANPUR & G'BA -,,,RAILWAYS,2009-09,2008-02,,171.1,,171.1,,,43.83,2011-03,,2011-03,,,,0,0,,,,FR_SEP_2009.pdf,Sector-Wise analysis of projects,37,293
FR_200909_294,,N22000095,294,ELECTRIFICATION OF MORADABAD- ROZA -,,,RAILWAYS,2009-09,2006-03,,258.35,,258.35,,,9.3,2011-03,,2011-03,,,,0,0,,,,FR_SEP_2009.pdf,Sector-Wise analysis of projects,37,294
FR_200909_295,,N22000096,295,RAJPIPLA-ANKELASHWAR (GC) -,GC,,RAILWAYS,2009-09,2006-04,,196.97,,196.97,,,12.84,2011-03,,2011-03,,,,0,0,,,,FR_SEP_2009.pdf,Sector-Wise analysis of projects,37,295
FR_200909_296,,220100168,296,"MANDARHILL-DUMKA-RAMPURHAT (NL),ER -",NL,,RAILWAYS,2009-09,1995-04,,184.0,35.0,676.0,,,267.34,2010-12,,2011-06,,,,0,0,,,,FR_SEP_2009.pdf,Sector-Wise analysis of projects,37,296
FR_200909_297,,220100303,297,"HAJIPUR-SUGAULI VIA VAISHALI (NL), ECR -",NL,,RAILWAYS,2009-09,2003-04,,324.66,,528.65,,,98.08,,,2011-06,,,,0,0,,,,FR_SEP_2009.pdf,Sector-Wise analysis of projects,38,297
FR_200909_298,,N22000089,298,SITAMARHI-RAXAUL-NARKATIAGANJ (GC) -,GC,,RAILWAYS,2009-09,1997-04,,501.69,,501.69,,,278.12,2010-03,,2011-06,,,,0,0,,,,FR_SEP_2009.pdf,Sector-Wise analysis of projects,38,298
FR_200909_299,,N22000076,299,PANSPURA-KHARAGPUR 3D LINE -,,,RAILWAYS,2009-09,2007-09,,252.5,252.5,252.5,,,18.83,2010-02,,2011-11,,,,0,0,,,,FR_SEP_2009.pdf,Sector-Wise analysis of projects,38,299
FR_200909_300,,220100241,300,"CHANDIGARH-LUDHIANA(NEW BG LINE),NR -",NEW BG LINE,,RAILWAYS,2009-09,1997-07,,248.44,576.27,587.08,,,610.28,,,2011-12,,,,0,0,,,,FR_SEP_2009.pdf,Sector-Wise analysis of projects,38,300
FR_200909_301,,220100285,301,HARIDASPUR-PARADEEP(NL) -,NL,,RAILWAYS,2009-09,1996-04,,301.64,735.1,735.82,,,159.76,2009-09,,2011-12,,,,0,0,,,,FR_SEP_2009.pdf,Sector-Wise analysis of projects,38,301
FR_200909_302,,N22000088,302,UTRATIA-ZAFRABAD (LINE DOUBLING) -,LINE DOUBLING,,RAILWAYS,2009-09,2006-04,,325.0,,469.03,,,26.42,2010-03,,2011-12,,,,0,0,,,,FR_SEP_2009.pdf,Sector-Wise analysis of projects,38,302
FR_200909_303,,220100170,303,"LUMDING-SILCHAR(GC),NEFR -",GC,,RAILWAYS,2009-09,1996-04,,648.0,1676.31,4010.7,,,1835.46,2009-03,,2012-03,,,,0,0,,,,FR_SEP_2009.pdf,Sector-Wise analysis of projects,38,303
FR_200909_304,,220100226,304,DLW GM 4000 / 3000 HP DIESEL LOCOS -,,,RAILWAYS,2009-09,1999-04,,155.54,,141.4,,,103.18,2003-03,,2012-03,,,,0,0,,,,FR_SEP_2009.pdf,Sector-Wise analysis of projects,38,304
FR_200909_305,,220100280,305,"JIND-SONEPAT (NL),NR -",NL,,RAILWAYS,2009-09,2004-01,,190.81,238.56,234.45,,,52.77,,,2012-03,,,,0,0,,,,FR_SEP_2009.pdf,Sector-Wise analysis of projects,38,305
FR_200909_306,,220100304,306,"KOSI BRIDGE (NL), ECR -",NL,,RAILWAYS,2009-09,2002-04,,323.41,,322.95,,,95.63,,,2012-03,,,,0,0,,,,FR_SEP_2009.pdf,Sector-Wise analysis of projects,38,306
FR_200909_307,,N22000028,307,EXT. OF MRTS FROM VELACHERY TO STN. THOMAS -,,,RAILWAYS,2009-09,2006-04,,415.59,,495.74,,,45.46,,,2012-03,,,,0,0,,,,FR_SEP_2009.pdf,Sector-Wise analysis of projects,38,307
FR_200909_308,,N22000075,308,SALKA ROAD -ANUPNAGAR LINE DOUBLING -,,,RAILWAYS,2009-09,2006-09,,324.9,,324.9,,,54.03,2010-03,,2012-03,,,,0,0,,,,FR_SEP_2009.pdf,Sector-Wise analysis of projects,38,308
FR_200909_309,,220100133,309,"UDHAMPUR-SRINAGAR-BARAMULLA (NL),NR -",NL,,RAILWAYS,2009-09,1995-03,,2500.0,,11270.0,,,5735.26,2001-03,,2012-12,,,,0,0,,,,FR_SEP_2009.pdf,Sector-Wise analysis of projects,38,309
FR_200909_310,,220100181,310,AHMEDNAGAR-PARLI VAIJNATH(NL) CR -,NL,,RAILWAYS,2009-09,1997-02,,353.08,353.08,462.67,,,43.39,,,2012-12,,,,0,0,,,,FR_SEP_2009.pdf,Sector-Wise analysis of projects,38,310
FR_200909_311,,220100273,311,"DEOGHAR - SULTANGANJ (INL), ER -",INL,,RAILWAYS,2009-09,2000-04,,138.0,258.24,607.09,,,121.77,2012-12,,2012-12,,,,0,0,,,,FR_SEP_2009.pdf,Sector-Wise analysis of projects,38,311
FR_200909_312,,220100307,312,"RAIL-CUM-ROAD BRIDGE AT MUNGER (NL), ECR -",NL,,RAILWAYS,2009-09,2002-04,,921.0,,921.0,,,236.87,2009-03,,2012-12,,,,0,0,,,,FR_SEP_2009.pdf,Sector-Wise analysis of projects,38,312
FR_200909_313,,220100308,313,"PATNA GANGA BRIDGE (NL), ECR -",NL,,RAILWAYS,2009-09,2001-04,,624.47,,1480.71,,,445.84,2007-10,,2012-12,,,,0,0,,,,FR_SEP_2009.pdf,Sector-Wise analysis of projects,38,313
FR_200909_314,,N22000077,314,BHOPAL BINA 3D LINE DOUBLING -,,,RAILWAYS,2009-09,2007-09,,687.2,,687.2,,,0.95,2010-03,,2012-12,,,,0,0,,,,FR_SEP_2009.pdf,Sector-Wise analysis of projects,38,314
FR_200909_315,,220100263,315,QUILON-TIRUNELVELI-TENKASI- VIRUDHUNAGAR(SR)(GC) -,GC,,RAILWAYS,2009-09,1998-03,,280.0,,900.0,,,504.36,,,2013-03,,,,0,0,,,,FR_SEP_2009.pdf,Sector-Wise analysis of projects,38,315
FR_200909_316,,220100315,316,"RANGIA-MURKONGSELEK, (GC) NEFR -",GC,,RAILWAYS,2009-09,2004-01,,912.7,912.7,1556.23,,,92.68,,,2013-03,,,,0,0,,,,FR_SEP_2009.pdf,Sector-Wise analysis of projects,38,316
FR_200909_317,,220100201,317,"BRAHAMAPUTRA BRIDGE AT BOGIBIL & LINK LINES,NEFR -",,,RAILWAYS,2009-09,1996-04,,1000.0,1500.0,3087.44,,,1560.89,2008-04,2011-12,2014-03,,,,0,0,,,,FR_SEP_2009.pdf,Sector-Wise analysis of projects,38,317
FR_200909_318,,220100266,318,"MAYNAGURI TO JOGIGHOPA VIA CHANGRA (NL),NEFR -",NL,,RAILWAYS,2009-09,2000-02,,733.0,735.0,1502.29,,,385.47,2008-12,,2014-03,,,,0,0,,,,FR_SEP_2009.pdf,Sector-Wise analysis of projects,38,318
FR_200909_319,,N22000083,319,CONSTRUCTION OF NEW LINE FROM HARMATI-ITANAGAR/NAR -,,,RAILWAYS,2009-09,1996-09,,156.0,,160.48,,,40.56,,,2014-03,,,,0,0,,,,FR_SEP_2009.pdf,Sector-Wise analysis of projects,38,319
FR_200909_320,,N22000086,320,NEW B.G. LINE FROM AZARA TO BYRNIHAT (NATINAL PROJ -,,,RAILWAYS,2009-09,2006-09,,200.0,200.0,546.47,,,0.48,,,2014-03,,,,0,0,,,,FR_SEP_2009.pdf,Sector-Wise analysis of projects,38,320
FR_200909_321,,N22000092,321,MUMBAI URBAN TRANSPORT PROJECT PHASE-II -,,,RAILWAYS,2009-09,2008-04,,5300.0,36.0,5300.0,,,60.0,2014-03,,2014-03,,,,0,0,,,,FR_SEP_2009.pdf,Sector-Wise analysis of projects,38,321
FR_200909_322,,220100288,322,JIRIBAM TO IMPHAL (TUPUI)(NL)(NEFR) -,NEFR,,RAILWAYS,2009-09,2003-04,,727.56,727.53,2492.53,,,110.81,2011-03,,2016-03,,,,0,0,,,,FR_SEP_2009.pdf,Sector-Wise analysis of projects,39,322
FR_200909_323,,220100007,323,"GUNA-ETAWAH(NCR), NL -",NCR,,RAILWAYS,2009-09,1985-04,,158.77,274.56,432.46,,,425.3,1994-03,,,,,,0,0,,,,FR_SEP_2009.pdf,Sector-Wise analysis of projects,39,323
FR_200909_324,,220100106,324,PEDAPALLI-KARIMNAGAR- NIZAMABAD NL(SCR) -,SCR,,RAILWAYS,2009-09,1994-12,,124.43,408.43,517.63,,,306.82,,,,,,,0,0,,,,FR_SEP_2009.pdf,Sector-Wise analysis of projects,39,324
FR_200909_325,,220100125,325,"HOTGI-GADAG(GC),SWR -",GC,,RAILWAYS,2009-09,1994-04,,180.0,,318.66,,,452.61,1999-03,2003-03,,,,,0,0,,,,FR_SEP_2009.pdf,Sector-Wise analysis of projects,39,325
FR_200909_326,,220100135,326,"EKLAKHI-BALURGHAT(NL),NEFR -",NL,,RAILWAYS,2009-09,1986-01,,36.8,274.41,285.93,,,225.15,,,,,,,0,0,,,,FR_SEP_2009.pdf,Sector-Wise analysis of projects,39,326
FR_200909_327,,220100149,327,"DALLIRAJHARA- JAGDALPUR,NL,SECR -",,,RAILWAYS,2009-09,1995-04,,369.0,,968.6,,,0.43,,,,,,,0,0,,,,FR_SEP_2009.pdf,Sector-Wise analysis of projects,39,327
FR_200909_328,,220100183,328,"HASSAN-BANGALORE VIA SHRAVANA-BELGOLA(NL),SWR -",NL,,RAILWAYS,2009-09,1997-02,,295.0,,412.91,,,339.75,,,,,,,0,0,,,,FR_SEP_2009.pdf,Sector-Wise analysis of projects,39,328
FR_200909_329,,220100184,329,"DAUSA-GANGAPUR CITY(NL),NWR -",NL,,RAILWAYS,2009-09,1997-02,,151.84,,208.83,,,30.98,,,,,,,0,0,,,,FR_SEP_2009.pdf,Sector-Wise analysis of projects,39,329
FR_200909_330,,220100185,330,"AJMER-UDAIPUR-CHITTAURGARH (GC),NWR -",GC,,RAILWAYS,2009-09,1996-09,,262.0,433.39,456.0,,,470.63,2000-03,,,,,,0,0,,,,FR_SEP_2009.pdf,Sector-Wise analysis of projects,39,330
FR_200909_331,,220100186,331,"GONDIA-JABALPUR(GC),(SECR) -",SECR,,RAILWAYS,2009-09,1997-02,,356.0,,511.86,,,413.02,1998-03,,,,,,0,0,,,,FR_SEP_2009.pdf,Sector-Wise analysis of projects,39,331
FR_200909_332,,220100187,332,"SURENDRANAGAR- BHAVNAGAR(GC),WR -",GC,,RAILWAYS,2009-09,1997-03,,437.4,,563.25,,,518.76,2004-03,2005-03,,,,,0,0,,,,FR_SEP_2009.pdf,Sector-Wise analysis of projects,39,332
FR_200909_333,,220100188,333,"NANGALDAM-TALWARA(NL),NR -",NL,,RAILWAYS,2009-09,1981-03,,37.68,,730.0,,,908.04,,,,,,,0,0,,,,FR_SEP_2009.pdf,Sector-Wise analysis of projects,39,333
FR_200909_334,,220100190,334,"KADUR-CHIKMAGALUR- SAKLESHPUR (NL),(SWR) -",SWR,,RAILWAYS,2009-09,1996-04,,157.0,,274.29,,,71.76,,,,,,,0,0,,,,FR_SEP_2009.pdf,Sector-Wise analysis of projects,39,334
FR_200909_335,,220100191,335,"KARUR-SALEM(NL),SR -",NL,,RAILWAYS,2009-09,1997-02,,155.55,155.0,613.11,,,271.78,,,,,,,0,0,,,,FR_SEP_2009.pdf,Sector-Wise analysis of projects,39,335
FR_200909_336,,220100192,336,"NANDYAL-YERRAGUNTLA(NL),SCR -",NL,,RAILWAYS,2009-09,1997-03,,155.74,164.36,429.09,,,227.62,2009-02,,,,,,0,0,,,,FR_SEP_2009.pdf,Sector-Wise analysis of projects,39,336
FR_200909_337,,220100193,337,"HUBLI-AKOLA(NL),SWR -",NL,,RAILWAYS,2009-09,1995-04,,227.0,,997.58,,,49.28,,,,,,,0,0,,,,FR_SEP_2009.pdf,Sector-Wise analysis of projects,39,337
FR_200909_338,,220100195,338,"HOSPET-GUNTAKAL(LD),SCR -",LD,,RAILWAYS,2009-09,1996-03,,105.22,268.0,268.0,,,275.41,1999-12,2008-03,,,,,0,0,,,,FR_SEP_2009.pdf,Sector-Wise analysis of projects,39,338
FR_200909_339,,220100197,339,"KANPUR-KASGANJ- MATHURA(GC),NER -",GC,,RAILWAYS,2009-09,1997-03,,395.0,598.98,661.72,,,510.14,,,,,,,0,0,,,,FR_SEP_2009.pdf,Sector-Wise analysis of projects,39,339
FR_200909_340,,220100205,340,"MUNEERABAD- MAHABOOBNAGAR(NL),SCR -",NL,,RAILWAYS,2009-09,1996-04,,377.32,218.24,497.47,,,52.36,,,,,,,0,0,,,,FR_SEP_2009.pdf,Sector-Wise analysis of projects,39,340
FR_200909_341,,220100208,341,HOWRAH-AMTA-CHAMPADANGA NL (SER) -,SER,,RAILWAYS,2009-09,1974-04,,31.42,154.3,154.3,,,88.77,2007-03,2007-03,,,,,0,0,,,,FR_SEP_2009.pdf,Sector-Wise analysis of projects,39,341
FR_200909_342,,220100220,342,MACHERLA-NALGONDA(NL)(SCR) -,SCR,,RAILWAYS,2009-09,1998-07,,125.0,,243.17,,,0.27,2008-07,,,,,,0,0,,,,FR_SEP_2009.pdf,Sector-Wise analysis of projects,39,342
FR_200909_343,,220100221,343,2ND BRIDGE ON BIRUPA AND MAHANADI(B and S) (ECOR) -,ECOR,,RAILWAYS,2009-09,1997-04,,93.1,109.45,122.0,,,126.11,,,,,,,0,0,,,,FR_SEP_2009.pdf,Sector-Wise analysis of projects,39,343
FR_200909_344,,220100222,344,"KODERMA-RANCHI VIA BARKAKHANA (NL),ECR -",NL,,RAILWAYS,2009-09,1999-03,,491.19,,1099.2,,,540.09,2005-07,,,,,,0,0,,,,FR_SEP_2009.pdf,Sector-Wise analysis of projects,39,344
FR_200909_345,,220100232,345,"LALITPUR-SATNA-REWA-SINGRULI NL, (NCR) -",NCR,,RAILWAYS,2009-09,1998-09,,925.0,925.0,925.0,,,309.11,2008-05,,,,,,0,0,,,,FR_SEP_2009.pdf,Sector-Wise analysis of projects,39,345
FR_200909_346,,220100249,346,KUTTIPURAM-CALICUT INCLD. SHORANUR-M-LORE (DL) (SR) -,SR,,RAILWAYS,2009-09,2001-03,,178.76,177.34,219.94,,,190.49,,,,,,,0,0,,,,FR_SEP_2009.pdf,Sector-Wise analysis of projects,39,346
FR_200909_347,,220100252,347,ANGAMALI-SABARIMALA (N.L.)(SR) -,SR,,RAILWAYS,2009-09,1998-10,,550.0,550.0,550.0,,,60.58,,,,,,,0,0,,,,FR_SEP_2009.pdf,Sector-Wise analysis of projects,40,347
FR_200909_348,,220100253,348,"PURNA-AKOLA (G.C), SCR -",G.C,,RAILWAYS,2009-09,2000-02,,228.0,,497.63,,,477.14,,,,,,,0,0,,,,FR_SEP_2009.pdf,Sector-Wise analysis of projects,40,348
FR_200909_349,,220100254,349,"BIDAR-GULBARGA,SCR(NL) -",NL,,RAILWAYS,2009-09,1999-02,,242.42,369.7,369.7,,,117.78,2009-05,,,,,,0,0,,,,FR_SEP_2009.pdf,Sector-Wise analysis of projects,40,349
FR_200909_350,,220100255,350,GONDA-GORAKHPUR LOOP WITH ANAND NAGAR-NAUTANWA GC (NER) -,NER,,RAILWAYS,2009-09,2002-03,,383.15,,381.17,,,80.02,,,,,,,0,0,,,,FR_SEP_2009.pdf,Sector-Wise analysis of projects,40,350
FR_200909_351,,220100256,351,KAPTANGANJ-THAWE-SIWAN- CHHAPRA GC (NER) -,NER,,RAILWAYS,2009-09,2001-09,,320.1,,320.1,,,108.05,,,,,,,0,0,,,,FR_SEP_2009.pdf,Sector-Wise analysis of projects,40,351
FR_200909_352,,220100257,352,KHAGARIA-KUSHESHWAR ASTHAN (NL) (ECR) -,ECR,,RAILWAYS,2009-09,1997-03,,78.23,,162.87,,,56.34,,,,,,,0,0,,,,FR_SEP_2009.pdf,Sector-Wise analysis of projects,40,352
FR_200909_353,,220100262,353,TIRUCHIRAPPALI-NAGORE- KARAIKKAL(SR)(GC) -,GC,,RAILWAYS,2009-09,1995-09,,100.0,,548.96,,,353.63,,,,,,,0,0,,,,FR_SEP_2009.pdf,Sector-Wise analysis of projects,40,353
FR_200909_354,,220100265,354,KOTLPALLI-NARASAPUR (NL) (SCR) -,SCR,,RAILWAYS,2009-09,2001-12,,330.0,329.05,695.0,,,9.41,,,,,,,0,0,,,,FR_SEP_2009.pdf,Sector-Wise analysis of projects,40,354
FR_200909_355,,220100270,355,"GADWAL - RAICHUR (NL), SCR -",NL,,RAILWAYS,2009-09,1998-04,,92.63,108.51,207.8,,,106.09,,,,,,,0,0,,,,FR_SEP_2009.pdf,Sector-Wise analysis of projects,40,355
FR_200909_356,,220100274,356,BANGLORE - SATYAMANGALAM (NL)(SWR) -,SWR,,RAILWAYS,2009-09,1999-02,,138.0,,901.62,,,0.28,,,,,,,0,0,,,,FR_SEP_2009.pdf,Sector-Wise analysis of projects,40,356
FR_200909_357,,220100277,357,BANKURA - DAMODAR (GC) (SER) -,SER,,RAILWAYS,2009-09,1998-03,,111.9,111.9,111.9,,,274.56,2005-03,2008-12,,,,,0,0,,,,FR_SEP_2009.pdf,Sector-Wise analysis of projects,40,357
FR_200909_358,,220100278,358,"HAPUR-KANKATHER (LD),NR -",LD,,RAILWAYS,2009-09,2003-04,,106.64,117.31,106.64,,,138.75,2007-03,,,,,,0,0,,,,FR_SEP_2009.pdf,Sector-Wise analysis of projects,40,358
FR_200909_359,,220100281,359,"SURAT-KOSAMBA (LD),WR -",LD,,RAILWAYS,2009-09,2000-04,,133.0,,133.0,,,,,,,,,,0,0,,,,FR_SEP_2009.pdf,Sector-Wise analysis of projects,40,359
FR_200909_360,,220100283,360,TANUR (KUTTIPURAM) GURUVAYUR (NL) (SR) -,SR,,RAILWAYS,2009-09,1995-04,,40.0,,137.71,,,8.69,,,,,,,0,0,,,,FR_SEP_2009.pdf,Sector-Wise analysis of projects,40,360
FR_200909_361,,220100290,361,"REWARI-SADULPUR-HISSAR (GC),NWR -",GC,,RAILWAYS,2009-09,1997-04,,198.96,,364.19,,,77.05,,,,,,,0,0,,,,FR_SEP_2009.pdf,Sector-Wise analysis of projects,40,361
FR_200909_362,,220100305,362,"KODERMA-TILAIYA (NL), ECR -",NL,,RAILWAYS,2009-09,2002-04,,459.91,,459.91,,,36.4,,,,,,,0,0,,,,FR_SEP_2009.pdf,Sector-Wise analysis of projects,40,362
FR_200909_363,,220100309,363,"BARBIGHA - SHEKHPURA + NEORA- DANIAWAN (NL), ECR -",NL,,RAILWAYS,2009-09,2002-04,,120.23,,120.23,,,220.17,,,,,,,0,0,,,,FR_SEP_2009.pdf,Sector-Wise analysis of projects,40,363
FR_200909_364,,220100310,364,"BIHARSHARIFF-BARBIGHA (NL), ECR -",NL,,RAILWAYS,2009-09,2001-04,,103.86,,103.86,,,28.93,,,,,,,0,0,,,,FR_SEP_2009.pdf,Sector-Wise analysis of projects,40,364
FR_200909_365,,220100311,365,"DANIAWAN-BIHARSARIF (NL), ECR -",NL,,RAILWAYS,2009-09,2001-04,,104.79,,104.79,,,34.13,,,,,,,0,0,,,,FR_SEP_2009.pdf,Sector-Wise analysis of projects,40,365
FR_200909_366,,220100314,366,"RAMGANJMUNDI-BHOPAL (NL),WCR -",NL,,RAILWAYS,2009-09,2001-04,,727.13,727.13,726.05,,,99.8,,,,,,,0,0,,,,FR_SEP_2009.pdf,Sector-Wise analysis of projects,40,366
FR_200909_367,,220100316,367,MAHARAJGANJ-MASRAKH (NL) - NER -,NL,,RAILWAYS,2009-09,2003-04,,104.1,,113.75,,,40.35,,,,,,,0,0,,,,FR_SEP_2009.pdf,Sector-Wise analysis of projects,40,367
FR_200909_368,,220100317,368,KICHHA-KHATIMA (NL) - NER -,NL,,RAILWAYS,2009-09,2003-04,,165.67,,165.67,,,0.15,,,,,,,0,0,,,,FR_SEP_2009.pdf,Sector-Wise analysis of projects,40,368
FR_200909_369,,220100319,369,HATHUA-BHATNI (N L) (NER) -,NER,,RAILWAYS,2009-09,2005-04,,200.73,,230.03,,,45.76,,,,,,,0,0,,,,FR_SEP_2009.pdf,Sector-Wise analysis of projects,40,369
FR_200909_370,,220100324,370,CHHINDWARA - NAGPUR (GC)(SECR) -,SECR,,RAILWAYS,2009-09,2005-04,,383.79,,585.93,,,102.78,,,,,,,0,0,,,,FR_SEP_2009.pdf,Sector-Wise analysis of projects,40,370
FR_200909_371,,220100330,371,GUNTUR-GUNTAKAL- KALLURU(GL)(SCR) -,SCR,,RAILWAYS,2009-09,1992-04,,458.45,,573.12,,,555.49,,,,,,,0,0,,,,FR_SEP_2009.pdf,Sector-Wise analysis of projects,40,371
FR_200909_372,,N22000029,372,BHATNI-JIRADEI PATCH DOUBLING (NER) -,NER,,RAILWAYS,2009-09,2006-04,,100.27,38.0,100.27,,,0.01,,,,,,,0,0,,,,FR_SEP_2009.pdf,Sector-Wise analysis of projects,40,372
FR_200909_373,,N22000030,373,MUNDERWA-BABHNAN PATCH DOUBLING(NER) -,NER,,RAILWAYS,2009-09,2006-04,,102.1,,102.1,,,22.75,,,,,,,0,0,,,,FR_SEP_2009.pdf,Sector-Wise analysis of projects,41,373
FR_200909_374,,N22000032,374,MANOHARABAD-KOTHPALL NEW LINE(SCR) -,SCR,,RAILWAYS,2009-09,2006-04,,378.56,,670.0,,,0.43,,,,,,,0,0,,,,FR_SEP_2009.pdf,Sector-Wise analysis of projects,41,374
FR_200909_375,,N22000045,375,"GAELKERA-MANOHARPUR,(LD)(SER) -",SER,,RAILWAYS,2009-09,1998-03,,186.92,186.92,283.1,,,1.86,2006-02,,,,,,0,0,,,,FR_SEP_2009.pdf,Sector-Wise analysis of projects,41,375
FR_200909_376,,N22000054,376,SETTING UP EAST COAST RLY.ZN. (SER) -,SER,,RAILWAYS,2009-09,1997-04,,41.67,,129.78,,,90.84,,,,,,,0,0,,,,FR_SEP_2009.pdf,Sector-Wise analysis of projects,41,376
FR_200909_377,,N22000057,377,"PATTABIRAM-ARAKKONAM,SR -",,,RAILWAYS,2009-09,2002-04,,71.94,,124.0,,,151.76,2004-03,,,,,,0,0,,,,FR_SEP_2009.pdf,Sector-Wise analysis of projects,41,377
FR_200909_378,,N22000058,378,"AMROHA-KANKATHER,NR -",,,RAILWAYS,2009-09,2000-04,,57.0,107.29,103.57,,,104.98,2005-03,,,,,,0,0,,,,FR_SEP_2009.pdf,Sector-Wise analysis of projects,41,378
FR_200909_379,,N22000079,379,MAYLADUTHURAI-THIRUVARUR- KARAIKUDI-THIRU 'PONDI'-A -,,,RAILWAYS,2009-09,2007-09,,404.19,404.19,711.15,,,24.47,,,,,,,0,0,,,,FR_SEP_2009.pdf,Sector-Wise analysis of projects,41,379
FR_200909_380,,N22000080,380,DINDIGUL-POLLACHI-PALGHAT- POLLACHI AND COIMBATORE -,,,RAILWAYS,2009-09,2006-09,,343.17,343.17,639.0,,,128.61,,,,,,,0,0,,,,FR_SEP_2009.pdf,Sector-Wise analysis of projects,41,380
FR_200909_381,,N22000082,381,ALUABARI ROAD SILIGURI JANCTION VIA GALGALIA -,,,RAILWAYS,2009-09,2006-12,,170.0,170.0,255.96,,,49.32,,,,,,,0,0,,,,FR_SEP_2009.pdf,Sector-Wise analysis of projects,41,381
FR_200909_382,,N22000084,382,TINDIVANAM-GINGEE- TIRUVANNAMALAI (NL) -,NL,,RAILWAYS,2009-09,2006-09,,125.0,,227.4,,,9.64,,,,,,,0,0,,,,FR_SEP_2009.pdf,Sector-Wise analysis of projects,41,382
FR_200909_383,,N22000085,383,TIDIVANAM-NAGARI (NL) -,NL,,RAILWAYS,2009-09,2006-09,,456.0,456.0,582.83,,,15.18,,,,,,,0,0,,,,FR_SEP_2009.pdf,Sector-Wise analysis of projects,41,383
FR_200909_384,,N22000087,384,NEW B.G. LINE FROM ARARIA TO GALGALIA (THAKURGUNG) - Total,THAKURGUNG,,RAILWAYS,2009-09,2006-09,,300.0,300.0,529.88,,,18.3,,,,,,,0,0,,,,FR_SEP_2009.pdf,Sector-Wise analysis of projects,41,384
FR_200909_385,,240100203,385,"ALLAHABAD BYPASS (KM.158- KM.198) GQ, NH-2 -",KM.158- KM.198,,ROAD TRANSPORT & HIGHWAYS,2009-09,2000-04,,440.93,,440.93,,,588.51,2006-12,,2009-10,,,,0,0,,,,FR_SEP_2009.pdf,Sector-Wise analysis of projects,41,385
FR_200909_386,,240100204,386,"ALLAHABAD BYPASS (KM.198- KM.242.708) GQ, NH-2 -",KM.198- KM.242.708,,ROAD TRANSPORT & HIGHWAYS,2009-09,2000-04,,534.39,,534.39,,,631.48,2007-05,,2009-10,,,,0,0,,,,FR_SEP_2009.pdf,Sector-Wise analysis of projects,41,386
FR_200909_387,,240101187,387,GORHAR-BARWA ADDA (GQ) KM.320- KM.398.75 (NH-2) -,NH-2,,ROAD TRANSPORT & HIGHWAYS,2009-09,2000-04,,399.75,,399.75,,,386.81,2005-03,,2009-10,,,,0,0,,,,FR_SEP_2009.pdf,Sector-Wise analysis of projects,41,387
FR_200909_388,,240106232,388,CHITTORGARH BYPASS(RJ-6) NH-76 KM.159 TO KM.213 -,RJ-6,,ROAD TRANSPORT & HIGHWAYS,2009-09,2005-03,,133.03,,133.03,,,244.8,2005-08,,2009-10,,,,0,0,,,,FR_SEP_2009.pdf,Sector-Wise analysis of projects,41,388
FR_200909_389,,240106268,389,"JALANDAR-AMRITSAR, KM.407/100 TO KM.456/100, NH-1 -",,,ROAD TRANSPORT & HIGHWAYS,2009-09,2005-03,,263.0,,263.0,,,330.9,2009-02,,2009-10,,,,0,0,,,,FR_SEP_2009.pdf,Sector-Wise analysis of projects,41,389
FR_200909_390,,240106284,390,HYDERABAD BANGALORE SECTION(NH-7)(NHAI) -,NHAI,,ROAD TRANSPORT & HIGHWAYS,2009-09,2003-12,,611.44,,592.0,,,827.6,2009-03,,2009-10,,,,0,0,,,,FR_SEP_2009.pdf,Sector-Wise analysis of projects,41,390
FR_200909_391,,N24000039,391,"JAWAHARLAL NEHRU PORT PHASE- II,SH-54 -",,,ROAD TRANSPORT & HIGHWAYS,2009-09,2000-04,,143.0,,143.0,,,120.3,2007-05,,2009-10,,,,0,0,,,,FR_SEP_2009.pdf,Sector-Wise analysis of projects,41,391
FR_200909_392,,N24000066,392,"PANIPAT TO PANCHI GUJRAN, NH-1 -",,,ROAD TRANSPORT & HIGHWAYS,2009-09,2003-12,,109.0,,109.0,,,124.7,2008-10,,2009-10,,,,0,0,,,,FR_SEP_2009.pdf,Sector-Wise analysis of projects,41,392
FR_200909_393,,N24000105,393,ELEVATED HIGHWAY FROM SILK BOARD JUNCTION TO ELECT -,,,ROAD TRANSPORT & HIGHWAYS,2009-09,2005-03,,450.0,,450.0,,,833.2,2008-07,,2009-10,,,,0,0,,,,FR_SEP_2009.pdf,Sector-Wise analysis of projects,41,393
FR_200909_394,,240106216,394,"GAGODHAR-GARAMORE(PK-IV,NH15) KM 245 TO 281.3 AND 308 TO 254 -","PK-IV,NH15",,ROAD TRANSPORT & HIGHWAYS,2009-09,2003-12,,412.78,39.0,479.54,,,402.3,2007-11,,2009-11,,,,0,0,,,,FR_SEP_2009.pdf,Sector-Wise analysis of projects,41,394
FR_200909_395,,240106240,395,"MADURAI -KANIAKUMARI SECTION (NS-41/TN) NH-7,KM.80 TO KM.120 -",NS-41/TN,,ROAD TRANSPORT & HIGHWAYS,2009-09,2003-12,,323.36,,323.36,,,189.5,2008-03,,2009-11,,,,0,0,,,,FR_SEP_2009.pdf,Sector-Wise analysis of projects,42,395
FR_200909_396,,240106241,396,"MADURAI -KANNIAKUMARI SEC. (NS- 42/TN) NH-7, KM.120 TO KM.160 -",NS- 42/TN,,ROAD TRANSPORT & HIGHWAYS,2009-09,2003-12,,507.49,,507.49,,,283.6,2008-03,,2009-11,,,,0,0,,,,FR_SEP_2009.pdf,Sector-Wise analysis of projects,42,396
FR_200909_397,,240106272,397,"KARUR TO MADURAI (NH-7), KM.305.6 TO KM.373.275, NH-7 -",NH-7,,ROAD TRANSPORT & HIGHWAYS,2009-09,2003-12,,327.2,,327.2,,,457.6,2009-01,,2009-11,,,,0,0,,,,FR_SEP_2009.pdf,Sector-Wise analysis of projects,42,397
FR_200909_398,,240106273,398,"SALEM TO KERALA BORDER SEC(TN6), KM.203.96 NH7 TO KM 53 NH47 -",TN6,,ROAD TRANSPORT & HIGHWAYS,2009-09,2003-12,,469.8,,469.8,,,665.8,2008-12,,2009-11,,,,0,0,,,,FR_SEP_2009.pdf,Sector-Wise analysis of projects,42,398
FR_200909_399,,240106285,399,TRICHY BYPASS END TO TOVARAMKURCHI (NH-45B)(NHAI) -,NHAI,,ROAD TRANSPORT & HIGHWAYS,2009-09,2005-03,,261.0,,261.0,,,269.6,2008-08,,2009-11,,,,0,0,,,,FR_SEP_2009.pdf,Sector-Wise analysis of projects,42,399
FR_200909_400,,N24000054,400,"TOVARAMKURCHI-MADURAI,NH45B (NHAI) -",NHAI,,ROAD TRANSPORT & HIGHWAYS,2009-09,2000-04,,263.0,,263.0,,,296.57,2008-08,,2009-11,,,,0,0,,,,FR_SEP_2009.pdf,Sector-Wise analysis of projects,42,400
FR_200909_401,,N24000060,401,AP/KARNATKA BORDER-NANDI HILL CROSSING AND DEVANHA -,,,ROAD TRANSPORT & HIGHWAYS,2009-09,2003-12,,402.8,,402.8,,,447.3,2009-03,,2009-11,,,,0,0,,,,FR_SEP_2009.pdf,Sector-Wise analysis of projects,42,401
FR_200909_402,,N24000083,402,"PADALUR-TRICHY, NH-45 -",,,ROAD TRANSPORT & HIGHWAYS,2009-09,2005-03,,320.0,,320.0,,,575.4,2009-05,,2009-11,,,,0,0,,,,FR_SEP_2009.pdf,Sector-Wise analysis of projects,42,402
FR_200909_403,,N24000086,403,"SIX LANING OF BANGLORE-HOSUR SECTION OF NH-7, PHAS -",,,ROAD TRANSPORT & HIGHWAYS,2009-09,2005-03,,110.0,,110.0,,,102.8,2008-07,,2009-11,,,,0,0,,,,FR_SEP_2009.pdf,Sector-Wise analysis of projects,42,403
FR_200909_404,,N24000092,404,"KADAL TO ARMUR, NH-7 -",,,ROAD TRANSPORT & HIGHWAYS,2009-09,2003-12,,271.73,,271.73,,,279.7,2009-11,,2009-11,,,,0,0,,,,FR_SEP_2009.pdf,Sector-Wise analysis of projects,42,404
FR_200909_405,,240101151,405,BHUBANESWAR-KHURDA (GQ) KM.387.7-KM.418 (NH-5) -,NH-5,,ROAD TRANSPORT & HIGHWAYS,2009-09,2000-04,,140.85,,140.85,,,147.88,2004-01,,2009-12,,,,0,0,,,,FR_SEP_2009.pdf,Sector-Wise analysis of projects,42,405
FR_200909_406,,240101153,406,SUNAKHALA-GANJAM (GQ) KM.338- KM.284 (NH-5) -,NH-5,,ROAD TRANSPORT & HIGHWAYS,2009-09,2000-04,,225.0,,225.0,,,145.54,2004-04,,2009-12,,,,0,0,,,,FR_SEP_2009.pdf,Sector-Wise analysis of projects,42,406
FR_200909_407,,240101173,407,AGRA-SHIKOHABAD (GQ) KM.199.66- KM.250.50 (NH-2) -,NH-2,,ROAD TRANSPORT & HIGHWAYS,2009-09,2000-04,,367.49,,367.49,,,415.56,2005-03,,2009-12,,,,0,0,,,,FR_SEP_2009.pdf,Sector-Wise analysis of projects,42,407
FR_200909_408,,240101178,408,FATEHPUR-KHAGA (GQ) KM.38- KM.115 (NH-2) -,NH-2,,ROAD TRANSPORT & HIGHWAYS,2009-09,2000-04,,372.4,,372.4,,,380.72,2004-07,,2009-12,,,,0,0,,,,FR_SEP_2009.pdf,Sector-Wise analysis of projects,42,408
FR_200909_409,,240101181,409,VARANASI-MOHANIA (GQ) KM.317- 329 & KM.0-KM.65 (NH-2) -,NH-2,,ROAD TRANSPORT & HIGHWAYS,2009-09,2000-04,,467.93,,467.93,,,446.73,2005-03,,2009-12,,,,0,0,,,,FR_SEP_2009.pdf,Sector-Wise analysis of projects,42,409
FR_200909_410,,240106202,410,"CHENNAI BYPASS (NHAI) OTHERS, NH-45, 4 & 5 -",NHAI,,ROAD TRANSPORT & HIGHWAYS,2009-09,2003-12,,480.0,,480.0,,,716.49,2007-11,,2009-12,,,,0,0,,,,FR_SEP_2009.pdf,Sector-Wise analysis of projects,42,410
FR_200909_411,,240106203,411,IMPROVEMENT OF ACCESS OF GQ WITHIN CHENNAI CITY(NHAI) OTHERS -,NHAI,,ROAD TRANSPORT & HIGHWAYS,2009-09,2003-12,,210.0,,210.0,,,561.04,2007-04,,2009-12,,,,0,0,,,,FR_SEP_2009.pdf,Sector-Wise analysis of projects,42,411
FR_200909_412,,240106204,412,"GARHMUKTESHWAR-MURADABAD (NHAI) OTHERS KM.93-149.25, NH-24 -",NHAI,,ROAD TRANSPORT & HIGHWAYS,2009-09,2003-12,,275.0,,275.0,,,247.86,2007-09,,2009-12,,,,0,0,,,,FR_SEP_2009.pdf,Sector-Wise analysis of projects,42,412
FR_200909_413,,240106205,413,"HAPUR-GARHMUKTESWAR (OTHERS) KM.58-93, NH-24 -",OTHERS,,ROAD TRANSPORT & HIGHWAYS,2009-09,2005-03,,220.0,,220.0,,,112.47,2007-09,,2009-12,,,,0,0,,,,FR_SEP_2009.pdf,Sector-Wise analysis of projects,42,413
FR_200909_414,,240106220,414,"JHANSI BYPASS (UP-3), KM.104- KM.91, NH-25 -",UP-3,,ROAD TRANSPORT & HIGHWAYS,2009-09,2003-12,,158.06,,158.06,,,130.5,2005-08,,2009-12,,,,0,0,,,,FR_SEP_2009.pdf,Sector-Wise analysis of projects,42,414
FR_200909_415,,240106227,415,"PURNEA-FORBESGANJ (BR-1) PHASE-II, KM.309 TO 268, NH-57 -",BR-1,,ROAD TRANSPORT & HIGHWAYS,2009-09,2003-12,,276.0,,276.0,,,309.3,2008-04,,2009-12,,,,0,0,,,,FR_SEP_2009.pdf,Sector-Wise analysis of projects,42,415
FR_200909_416,,240106228,416,"PURNEA-FORBESGANJ (BR-2) PHASE-II, KM.268 TO 230, NH-57 -",BR-2,,ROAD TRANSPORT & HIGHWAYS,2009-09,2003-12,,310.0,40.0,310.0,,,321.0,2008-04,,2009-12,,,,0,0,,,,FR_SEP_2009.pdf,Sector-Wise analysis of projects,42,416
FR_200909_417,,240106231,417,GOGUNDA TO UDAIPUR (RJ-3) NH.76 KM.104 TO KM.73 -,RJ-3,,ROAD TRANSPORT & HIGHWAYS,2009-09,2003-12,,266.0,,288.06,,,360.1,2007-08,,2009-12,,,,0,0,,,,FR_SEP_2009.pdf,Sector-Wise analysis of projects,43,417
FR_200909_418,,240106237,418,"PATHANKOT- BHOGPUR, KM.26- KM.70, NH-1A -",,,ROAD TRANSPORT & HIGHWAYS,2009-09,2003-12,,284.0,,284.0,,,268.8,2008-05,,2009-12,,,,0,0,,,,FR_SEP_2009.pdf,Sector-Wise analysis of projects,43,418
FR_200909_419,,240106256,419,"MEERUT-MUZAFFARNAGAR, NH-58 PHASE-III, KM.52.25 TO KM.131.00 -",,,ROAD TRANSPORT & HIGHWAYS,2009-09,2005-03,,359.0,,359.0,,,448.3,2009-03,,2009-12,,,,0,0,,,,FR_SEP_2009.pdf,Sector-Wise analysis of projects,43,419
FR_200909_420,,240106257,420,"DHULE-PIMPALGAON, NH-3, KM.380 TOKM. 265 -",,,ROAD TRANSPORT & HIGHWAYS,2009-09,2005-03,,556.0,,556.0,,,531.8,2009-03,,2009-12,,,,0,0,,,,FR_SEP_2009.pdf,Sector-Wise analysis of projects,43,420
FR_200909_421,,240106302,421,"SAGAR - RAJMARG CHORAHA,KM 255-297, NH-26 (NHAI) -",NHAI,,ROAD TRANSPORT & HIGHWAYS,2009-09,2003-12,,206.96,,206.96,,,51.79,2008-10,,2009-12,,,,0,0,,,,FR_SEP_2009.pdf,Sector-Wise analysis of projects,43,421
FR_200909_422,,N24000029,422,SIMRAHI TO RING-BUND (MISSIONG LINE) (BR-4) -,BR-4,,ROAD TRANSPORT & HIGHWAYS,2009-09,2003-12,,100.5,,100.5,,,145.9,2008-04,,2009-12,,,,0,0,,,,FR_SEP_2009.pdf,Sector-Wise analysis of projects,43,422
FR_200909_423,,N24000037,423,THRISSUR TO ANGAMALI (NH-47) -,NH-47,,ROAD TRANSPORT & HIGHWAYS,2009-09,2003-12,,312.5,,312.5,,,477.0,2009-03,,2009-12,,,,0,0,,,,FR_SEP_2009.pdf,Sector-Wise analysis of projects,43,423
FR_200909_424,,N24000040,424,NEW MANGALORE PORT NH-17 AND 48 -,,,ROAD TRANSPORT & HIGHWAYS,2009-09,2000-04,,196.5,,196.5,,,132.44,2008-06,,2009-12,,,,0,0,,,,FR_SEP_2009.pdf,Sector-Wise analysis of projects,43,424
FR_200909_425,,N24000055,425,"NAGPUR-KONDHALI,NH-6(NHAI) -",NHAI,,ROAD TRANSPORT & HIGHWAYS,2009-09,2005-03,,168.0,,168.0,,,227.74,2008-12,,2009-12,,,,0,0,,,,FR_SEP_2009.pdf,Sector-Wise analysis of projects,43,425
FR_200909_426,,N24000069,426,"BARA TO ORAI, NH-2, 25 -",,,ROAD TRANSPORT & HIGHWAYS,2009-09,2003-12,,465.0,,465.0,,,23.82,2009-04,,2009-12,,,,0,0,,,,FR_SEP_2009.pdf,Sector-Wise analysis of projects,43,426
FR_200909_427,,N24000115,427,PATHANKOT BHOGPUR NH-1A -,,,ROAD TRANSPORT & HIGHWAYS,2009-09,2003-12,,229.0,,229.0,,,,2010-05,,2009-12,,,,0,0,,,,FR_SEP_2009.pdf,Sector-Wise analysis of projects,43,427
FR_200909_428,,240106276,428,"MADURAI-ARUPKOTTAI-TUTICORIN, KM.138.8 TO KM.264.5, NH-45 B -",,,ROAD TRANSPORT & HIGHWAYS,2009-09,2005-03,,629.0,,629.0,,,698.8,2010-11,,2010-01,,,,0,0,,,,FR_SEP_2009.pdf,Sector-Wise analysis of projects,43,428
FR_200909_429,,240106260,429,"AURANG-RAIPUR, NH-6, KM.232 TO KM.281 -",,,ROAD TRANSPORT & HIGHWAYS,2009-09,2005-03,,190.0,,190.0,,,182.0,2009-01,,2010-02,,,,0,0,,,,FR_SEP_2009.pdf,Sector-Wise analysis of projects,43,429
FR_200909_430,,N24000107,430,NH CONNECTIVITY TO ICTT VALLARPADAEU NH - SH -,,,ROAD TRANSPORT & HIGHWAYS,2009-09,2005-03,,557.0,,557.0,,,717.37,2010-02,,2010-02,,,,0,0,,,,FR_SEP_2009.pdf,Sector-Wise analysis of projects,43,430
FR_200909_431,,240102193,431,"KUNJWANI-VIJAYPUR(NS-15) (NS & EW-PH-I) KM.80-KM.97.20,NH-1A -",NS & EW-PH-I,,ROAD TRANSPORT & HIGHWAYS,2009-09,2000-04,,110.0,,110.0,,,135.13,2004-12,,2010-03,,,,0,0,,,,FR_SEP_2009.pdf,Sector-Wise analysis of projects,43,431
FR_200909_432,,240103191,432,"PURNEA-GOYAKOTA SEC.(EW) (NS & EW-PH-I) KM.419-KM.447, NH-31 -",NS & EW-PH-I,,ROAD TRANSPORT & HIGHWAYS,2009-09,2000-04,,205.73,,205.73,,,240.9,2004-07,,2010-03,,,,0,0,,,,FR_SEP_2009.pdf,Sector-Wise analysis of projects,43,432
FR_200909_433,,240106207,433,DEVDHARI-KELAPUR -,,,ROAD TRANSPORT & HIGHWAYS,2009-09,2003-12,,144.0,,144.0,,,95.12,2005-07,,2010-03,,,,0,0,,,,FR_SEP_2009.pdf,Sector-Wise analysis of projects,43,433
FR_200909_434,,240106210,434,"BORKHEDI-JAM (NS-22/MH) PH.II KM.36.6 TO KM.64.0, NH-7 -",NS-22/MH,,ROAD TRANSPORT & HIGHWAYS,2009-09,2003-12,,110.0,,110.0,,,105.7,2005-06,,2010-03,,,,0,0,,,,FR_SEP_2009.pdf,Sector-Wise analysis of projects,43,434
FR_200909_435,,240106249,435,"ORAI TO JHANSI (UP-4),NH-25, KM.170.0 TO KM.104.0 -",UP-4,,ROAD TRANSPORT & HIGHWAYS,2009-09,2003-12,,451.97,,451.97,,,366.3,2008-04,,2010-03,,,,0,0,,,,FR_SEP_2009.pdf,Sector-Wise analysis of projects,43,435
FR_200909_436,,240106289,436,NAGAON BYPASS (NH-37)(NHAI) -,NHAI,,ROAD TRANSPORT & HIGHWAYS,2009-09,2003-12,,230.0,,230.0,,,137.1,2008-06,,2010-03,,,,0,0,,,,FR_SEP_2009.pdf,Sector-Wise analysis of projects,43,436
FR_200909_437,,N24000056,437,"THANJAUR-TRICHY,NH-67(NHAI) -",NHAI,,ROAD TRANSPORT & HIGHWAYS,2009-09,2005-03,,280.0,,280.0,,,524.6,2009-06,,2010-03,,,,0,0,,,,FR_SEP_2009.pdf,Sector-Wise analysis of projects,43,437
FR_200909_438,,N24000093,438,"MAHARASHTRA/AP BORDER TO ISLAM NAGAR,(NS-2/BOT/AP-6),NH-7 -",NS-2/BOT/AP-6,,ROAD TRANSPORT & HIGHWAYS,2009-09,2003-12,,360.42,,360.42,,,208.3,2009-11,,2010-03,,,,0,0,,,,FR_SEP_2009.pdf,Sector-Wise analysis of projects,43,438
FR_200909_439,,N24000104,439,BANGALORE-NEELAMANGLALA NH-4 -,,,ROAD TRANSPORT & HIGHWAYS,2009-09,2005-03,,445.0,41.0,445.0,,,594.9,2010-07,,2010-03,,,,0,0,,,,FR_SEP_2009.pdf,Sector-Wise analysis of projects,43,439
FR_200909_440,,240100206,440,"COCHIN PORT, NH-47 (PORT CONNECTIVITY) KMS 348 - KMS 358 -",PORT CONNECTIVITY,,ROAD TRANSPORT & HIGHWAYS,2009-09,2000-04,,106.0,,193.0,,,75.88,2006-08,,2010-04,,,,0,0,,,,FR_SEP_2009.pdf,Sector-Wise analysis of projects,44,440
FR_200909_441,,240102202,441,"KANYAKUMARI-PANAGUDI (NS CORR. PH-II) (KM 203-233.60), NH-7 -",KM 203-233.60,,ROAD TRANSPORT & HIGHWAYS,2009-09,2004-01,,120.0,,120.0,,,47.27,2006-09,,2010-04,,,,0,0,,,,FR_SEP_2009.pdf,Sector-Wise analysis of projects,44,441
FR_200909_442,,240106236,442,VIJAYAPUR TO PATHANKOT (NS- 35/J&K) NH-1A KM.50 TO KM.80 -,NS- 35/J&K,,ROAD TRANSPORT & HIGHWAYS,2009-09,2003-12,,166.27,,166.27,,,63.26,2008-03,,2010-04,,,,0,0,,,,FR_SEP_2009.pdf,Sector-Wise analysis of projects,44,442
FR_200909_443,,N24000076,443,HYDERABAD-BANGALORE SEC.(NS CORR.PH-II)[KM 251-293 -,NS CORR.PH-II,,ROAD TRANSPORT & HIGHWAYS,2009-09,2003-12,,208.46,,208.46,,,140.7,2009-08,,2010-04,,,,0,0,,,,FR_SEP_2009.pdf,Sector-Wise analysis of projects,44,443
FR_200909_444,,N24000079,444,HYDERABAD-BANGALORE SEC.(NS CORR.PH-II)[KM 376-418 -,NS CORR.PH-II,,ROAD TRANSPORT & HIGHWAYS,2009-09,2003-12,,205.92,,205.92,,,144.4,2009-08,,2010-04,,,,0,0,,,,FR_SEP_2009.pdf,Sector-Wise analysis of projects,44,444
FR_200909_445,,N24000080,445,HYDERABAD-BANGALORE SEC.(NS CORR.PH-II)[KM 418-463 -,NS CORR.PH-II,,ROAD TRANSPORT & HIGHWAYS,2009-09,2003-12,,243.64,,243.64,,,192.7,2009-08,,2010-04,,,,0,0,,,,FR_SEP_2009.pdf,Sector-Wise analysis of projects,44,445
FR_200909_446,,N24000081,446,HYDERABAD-BANGALORE SEC.(NS CORR.PH-II)[KM 211-251 -,NS CORR.PH-II,,ROAD TRANSPORT & HIGHWAYS,2009-09,2003-12,,194.8,,194.8,,,124.6,2009-08,,2010-04,,,,0,0,,,,FR_SEP_2009.pdf,Sector-Wise analysis of projects,44,446
FR_200909_447,,240101134,447,CHITRADURGA BY PASS (GQ) KM.207-KM.189 (NH-4) -,NH-4,,ROAD TRANSPORT & HIGHWAYS,2009-09,2000-04,,104.0,,104.0,,,138.91,2004-08,,2010-05,,,,0,0,,,,FR_SEP_2009.pdf,Sector-Wise analysis of projects,44,447
FR_200909_448,,240106235,448,VIJAYAPUR TO PATHANKOT (J&K) NH-1A KM.16.35 TO KM.50.00 -,J&K,,ROAD TRANSPORT & HIGHWAYS,2009-09,2003-12,,193.09,,193.09,,,81.77,2008-03,,2010-05,,,,0,0,,,,FR_SEP_2009.pdf,Sector-Wise analysis of projects,44,448
FR_200909_449,,240106262,449,"GONDE-VADAPE(THANE), NH-3, KM.440/000 TO KM.539/500 -",THANE,,ROAD TRANSPORT & HIGHWAYS,2009-09,2005-03,,579.0,,579.0,,,480.24,2009-04,,2010-05,,,,0,0,,,,FR_SEP_2009.pdf,Sector-Wise analysis of projects,44,449
FR_200909_450,,240106300,450,"LALITPUR TO SAGAR KM 132 TO KM 187, NH-26 (NHAI) -",NHAI,,ROAD TRANSPORT & HIGHWAYS,2009-09,2003-12,,225.0,,225.0,,,123.5,2008-10,,2010-05,,,,0,0,,,,FR_SEP_2009.pdf,Sector-Wise analysis of projects,44,450
FR_200909_451,,N24000122,451,DELHI/ HARYANA BORDER TO ROHTAK -,,,ROAD TRANSPORT & HIGHWAYS,2009-09,2007-04,,486.0,,486.0,,,64.42,2010-05,,2010-05,,,,0,0,,,,FR_SEP_2009.pdf,Sector-Wise analysis of projects,44,451
FR_200909_452,,240100207,452,"SILCHAR-UDARBAND (PH.II) HN-54, KM.309 TO KM.275 -",PH.II,,ROAD TRANSPORT & HIGHWAYS,2009-09,2003-12,,157.47,,154.57,,,111.0,2007-09,,2010-06,,,,0,0,,,,FR_SEP_2009.pdf,Sector-Wise analysis of projects,44,452
FR_200909_453,,240101133,453,HARIHAR-CHITRADURGA (GQ) KM.284-KM.207 (NH-4) -,NH-4,,ROAD TRANSPORT & HIGHWAYS,2009-09,2000-04,,318.0,,207.56,,,35.11,2004-08,,2010-06,,,,0,0,,,,FR_SEP_2009.pdf,Sector-Wise analysis of projects,44,453
FR_200909_454,,240106222,454,"AYODHYA - LUCKNOW (LMNHP-I) NH- 28, KM.45 TO KM.8.2 -",LMNHP-I,,ROAD TRANSPORT & HIGHWAYS,2009-09,2003-12,,193.0,,193.0,,,242.0,2008-10,,2010-06,,,,0,0,,,,FR_SEP_2009.pdf,Sector-Wise analysis of projects,44,454
FR_200909_455,,240106225,455,"AYODHYA - LUCKNOW (LMNHP-II) KM.93.075 TO KM.45, NH-28 -",LMNHP-II,,ROAD TRANSPORT & HIGHWAYS,2009-09,2003-12,,217.0,,217.0,,,266.6,2008-10,,2010-06,,,,0,0,,,,FR_SEP_2009.pdf,Sector-Wise analysis of projects,44,455
FR_200909_456,,240106245,456,"GORAKHPUR-AYODHYA (LMNHP- 6),NH-28, KM.251.70 TO KM.208.00 -",LMNHP- 6,,ROAD TRANSPORT & HIGHWAYS,2009-09,2003-12,,239.0,,239.0,,,275.2,2008-10,,2010-06,,,,0,0,,,,FR_SEP_2009.pdf,Sector-Wise analysis of projects,44,456
FR_200909_457,,240106247,457,"GORAKHPUR-AYODHYA (LMNHP- 4),NH-28, KM.164.00 TO KM.135.00 -",LMNHP- 4,,ROAD TRANSPORT & HIGHWAYS,2009-09,2003-12,,205.0,,205.0,,,217.3,2008-10,,2010-06,,,,0,0,,,,FR_SEP_2009.pdf,Sector-Wise analysis of projects,44,457
FR_200909_458,,240106248,458,"AYODHYA-LUCKNOW (LMNHP-3),NH- 28, KM.135.000 TO KM.93.075 -",LMNHP-3,,ROAD TRANSPORT & HIGHWAYS,2009-09,2003-12,,212.0,,212.0,,,262.4,2008-10,,2010-06,,,,0,0,,,,FR_SEP_2009.pdf,Sector-Wise analysis of projects,44,458
FR_200909_459,,240106250,459,"ORAI TO JHANSI (UP-5),NH-25, KM.220.0 TO KM.170.0 -",UP-5,,ROAD TRANSPORT & HIGHWAYS,2009-09,2003-12,,340.68,,340.68,,,189.9,2008-03,,2010-06,,,,0,0,,,,FR_SEP_2009.pdf,Sector-Wise analysis of projects,44,459
FR_200909_460,,240106291,460,KASIA TO GORAKHPUR (NH- 28)(NHAI) -,NHAI,,ROAD TRANSPORT & HIGHWAYS,2009-09,2003-12,,242.0,,242.0,,,255.7,2008-12,,2010-06,,,,0,0,,,,FR_SEP_2009.pdf,Sector-Wise analysis of projects,44,460
FR_200909_461,,240106292,461,UP/BIHAR BORDER TO KASIA (NH- 28)(NHAI) -,NHAI,,ROAD TRANSPORT & HIGHWAYS,2009-09,2003-12,,227.0,,227.0,,,222.9,2008-12,,2010-06,,,,0,0,,,,FR_SEP_2009.pdf,Sector-Wise analysis of projects,44,461
FR_200909_462,,240106295,462,"DARBHANGA-MUZAFFARPUR, NH-57 (NHAI) -",NHAI,,ROAD TRANSPORT & HIGHWAYS,2009-09,2003-12,,305.0,42.0,305.0,,,298.6,2008-06,,2010-06,,,,0,0,,,,FR_SEP_2009.pdf,Sector-Wise analysis of projects,44,462
FR_200909_463,,240106296,463,"DARBHANGA-MUZAFFARPUR(KM 30 TO KM 0), NH-57 (NHAI) -",NHAI,,ROAD TRANSPORT & HIGHWAYS,2009-09,2003-12,,291.8,,291.8,,,334.2,2008-06,,2010-06,,,,0,0,,,,FR_SEP_2009.pdf,Sector-Wise analysis of projects,45,463
FR_200909_464,,240106297,464,"KOTA BYPASS,RJ-4, NH-76 (NHAI) -",NHAI,,ROAD TRANSPORT & HIGHWAYS,2009-09,2003-12,,275.0,,250.39,,,142.1,2008-10,,2010-06,,,,0,0,,,,FR_SEP_2009.pdf,Sector-Wise analysis of projects,45,464
FR_200909_465,,N24000028,465,SILIGURI TO ISLAMPUR (WB-7) -,WB-7,,ROAD TRANSPORT & HIGHWAYS,2009-09,2003-12,,225.0,,225.0,,,131.1,2008-07,,2010-06,,,,0,0,,,,FR_SEP_2009.pdf,Sector-Wise analysis of projects,45,465
FR_200909_466,,N24000030,466,RINGBUNDS TO JHAJHANPUR (BR-6) -,BR-6,,ROAD TRANSPORT & HIGHWAYS,2009-09,2003-12,,340.0,,340.0,,,350.1,2008-06,,2010-06,,,,0,0,,,,FR_SEP_2009.pdf,Sector-Wise analysis of projects,45,466
FR_200909_467,,N24000035,467,NALBARI TO BIJNI (AS-8) -,AS-8,,ROAD TRANSPORT & HIGHWAYS,2009-09,2003-12,,200.0,,200.0,,,129.0,2008-06,,2010-06,,,,0,0,,,,FR_SEP_2009.pdf,Sector-Wise analysis of projects,45,467
FR_200909_468,,N24000036,468,SITAPUR-LUCKNOW -,,,ROAD TRANSPORT & HIGHWAYS,2009-09,2005-03,,322.0,,322.0,,,171.2,2009-06,,2010-06,,,,0,0,,,,FR_SEP_2009.pdf,Sector-Wise analysis of projects,45,468
FR_200909_469,,N24000045,469,ASSAM/WB BORDER TO GAIRKATTA (WB-1) -,WB-1,,ROAD TRANSPORT & HIGHWAYS,2009-09,2003-12,,221.82,,221.82,,,135.0,2008-11,,2010-06,,,,0,0,,,,FR_SEP_2009.pdf,Sector-Wise analysis of projects,45,469
FR_200909_470,,N24000050,470,NALBARI TO BIJNI (AS-9) -,AS-9,,ROAD TRANSPORT & HIGHWAYS,2009-09,2003-12,,142.0,,142.0,,,100.9,2008-06,,2010-06,,,,0,0,,,,FR_SEP_2009.pdf,Sector-Wise analysis of projects,45,470
FR_200909_471,,N24000057,471,"GANJAM-ICCHAPURUM,NH-5(NHAI) -",NHAI,,ROAD TRANSPORT & HIGHWAYS,2009-09,2000-04,,263.27,,263.27,,,182.81,2004-02,,2010-06,,,,0,0,,,,FR_SEP_2009.pdf,Sector-Wise analysis of projects,45,471
FR_200909_472,,N24000077,472,HYDERABAD-BANGALORE SEC.(NS CORR.PH-II)[KM 293.4-3 -,NS CORR.PH-II,,ROAD TRANSPORT & HIGHWAYS,2009-09,2003-12,,239.19,,239.19,,,152.1,2009-09,,2010-06,,,,0,0,,,,FR_SEP_2009.pdf,Sector-Wise analysis of projects,45,472
FR_200909_473,,N24000078,473,HYDERABAD-BANGALORE SEC.(NS CORR.PH-II)[KM 336-376 -,NS CORR.PH-II,,ROAD TRANSPORT & HIGHWAYS,2009-09,2003-12,,243.38,,243.38,,,152.2,2008-09,,2010-06,,,,0,0,,,,FR_SEP_2009.pdf,Sector-Wise analysis of projects,45,473
FR_200909_474,,N24000087,474,"KURALI-KIRATPUR, NH-21 -",,,ROAD TRANSPORT & HIGHWAYS,2009-09,2005-03,,309.0,,309.0,,,215.6,2010-06,,2010-06,,,,0,0,,,,FR_SEP_2009.pdf,Sector-Wise analysis of projects,45,474
FR_200909_475,,N24000090,475,KOSI BRIDGE INCLUDING APPROACHES AND GUIDE BOND AN -,,,ROAD TRANSPORT & HIGHWAYS,2009-09,2003-12,,418.04,,418.04,,,216.0,2010-03,,2010-06,,,,0,0,,,,FR_SEP_2009.pdf,Sector-Wise analysis of projects,45,475
FR_200909_476,,N24000094,476,"LAKHNAADON TO MP/MH BORDER,KM 596.75-653 (NS- 1/BOT/MP-2),NH7 -",NS- 1/BOT/MP-2,,ROAD TRANSPORT & HIGHWAYS,2009-09,2003-12,,407.6,,407.6,,,171.4,2010-06,,2010-06,,,,0,0,,,,FR_SEP_2009.pdf,Sector-Wise analysis of projects,45,476
FR_200909_477,,N24000096,477,"JHANSI TO LALITPUR, NH-25,26 -",,,ROAD TRANSPORT & HIGHWAYS,2009-09,2003-12,,355.06,,355.06,,,238.4,2009-09,,2010-06,,,,0,0,,,,FR_SEP_2009.pdf,Sector-Wise analysis of projects,45,477
FR_200909_478,,N24000097,478,"JHANSI TO LALITPUR, NH-26 -",,,ROAD TRANSPORT & HIGHWAYS,2009-09,2003-12,,276.09,,276.09,,,183.2,2009-09,,2010-06,,,,0,0,,,,FR_SEP_2009.pdf,Sector-Wise analysis of projects,45,478
FR_200909_479,,N24000121,479,AMRITSAR-WAGHA BORDER -,,,ROAD TRANSPORT & HIGHWAYS,2009-09,2008-06,,205.88,,205.88,,,92.93,2010-06,,2010-06,,,,0,0,,,,FR_SEP_2009.pdf,Sector-Wise analysis of projects,45,479
FR_200909_480,,240101132,480,HAVERI-HARIHAR (GQ) KM.340- KM.284 (NH-4) -,NH-4,,ROAD TRANSPORT & HIGHWAYS,2009-09,2000-04,,241.0,,196.65,,,31.19,2004-08,,2010-07,,,,0,0,,,,FR_SEP_2009.pdf,Sector-Wise analysis of projects,45,480
FR_200909_481,,N24000099,481,TRICHY - DINDIGUAL NH-45 -,,,ROAD TRANSPORT & HIGHWAYS,2009-09,2005-03,,576.0,,576.0,,,163.0,2010-07,,2010-07,,,,0,0,,,,FR_SEP_2009.pdf,Sector-Wise analysis of projects,45,481
FR_200909_482,,N24000100,482,PONDICHERY - TINDIVANAU NH-66 -,,,ROAD TRANSPORT & HIGHWAYS,2009-09,2005-03,,285.0,,285.0,,,181.2,2010-07,,2010-07,,,,0,0,,,,FR_SEP_2009.pdf,Sector-Wise analysis of projects,45,482
FR_200909_483,,N24000101,483,TRICHY - KORUR NH-67 -,,,ROAD TRANSPORT & HIGHWAYS,2009-09,2005-03,,516.0,,516.0,,,213.3,2010-07,,2010-07,,,,0,0,,,,FR_SEP_2009.pdf,Sector-Wise analysis of projects,45,483
FR_200909_484,,N24000103,484,NEELAMANGALAR JUNCTION ON NH- 4 SMITH NH-48 TO DEVI -,,,ROAD TRANSPORT & HIGHWAYS,2009-09,2005-03,,441.0,,441.0,,,320.8,2010-07,,2010-07,,,,0,0,,,,FR_SEP_2009.pdf,Sector-Wise analysis of projects,45,484
FR_200909_485,,N24000106,485,BANGLORE - HOSKOTE MUDBOGAL SECTION NH-4 -,,,ROAD TRANSPORT & HIGHWAYS,2009-09,2005-03,,565.0,,565.0,,,449.4,2010-07,,2010-07,,,,0,0,,,,FR_SEP_2009.pdf,Sector-Wise analysis of projects,45,485
FR_200909_486,,N24000109,486,ISLAM NAGAR TO KADTAL -,,,ROAD TRANSPORT & HIGHWAYS,2009-09,2003-12,,546.83,,546.83,,,316.0,2010-03,,2010-07,,,,0,0,,,,FR_SEP_2009.pdf,Sector-Wise analysis of projects,45,486
FR_200909_487,,240106286,487,LANKA TO DABOKA (NH-54)(NHAI) -,NHAI,,ROAD TRANSPORT & HIGHWAYS,2009-09,2003-12,,225.0,,225.0,,,99.85,2008-06,,2010-08,,,,0,0,,,,FR_SEP_2009.pdf,Sector-Wise analysis of projects,45,487
FR_200909_488,,N24000117,488,ZIRAKPUR(HARYANA) - PARWANOO(HIMACHAL PRADESH) -,HIMACHAL PRADESH,,ROAD TRANSPORT & HIGHWAYS,2009-09,2008-02,,295.0,43.0,295.0,,,182.1,2010-08,,2010-08,,,,0,0,,,,FR_SEP_2009.pdf,Sector-Wise analysis of projects,45,488
FR_200909_489,,240103192,489,LUCKNOW-BYPASS (EW) (NS & EW- PH-I) NH-25 & NH-28 VIA NH-56 -,NS & EW- PH-I,,ROAD TRANSPORT & HIGHWAYS,2009-09,2000-04,,182.52,,111.78,,,0.59,2004-06,,2010-09,,,,0,0,,,,FR_SEP_2009.pdf,Sector-Wise analysis of projects,46,489
FR_200909_490,,240104196,490,HALDIA PORT (PORT CONNECTIVITY) (NH-41) -,NH-41,,ROAD TRANSPORT & HIGHWAYS,2009-09,2000-04,,273.0,,522.0,,,191.6,2005-03,,2010-09,,,,0,0,,,,FR_SEP_2009.pdf,Sector-Wise analysis of projects,46,490
FR_200909_491,,240106299,491,"LALITPUR TO SAGAR, NH-26 (NHAI) -",NHAI,,ROAD TRANSPORT & HIGHWAYS,2009-09,2003-12,,198.0,,198.0,,,66.84,2008-11,,2010-09,,,,0,0,,,,FR_SEP_2009.pdf,Sector-Wise analysis of projects,46,491
FR_200909_492,,N24000095,492,"LAKHNADON TO MP/MH BORDER (NS-1/BOT/MP-2), NH-7 -",NS-1/BOT/MP-2,,ROAD TRANSPORT & HIGHWAYS,2009-09,2003-12,,263.17,,263.17,,,198.0,2009-09,,2010-09,,,,0,0,,,,FR_SEP_2009.pdf,Sector-Wise analysis of projects,46,492
FR_200909_493,,N24000110,493,LUMDING TO DABOKA -,,,ROAD TRANSPORT & HIGHWAYS,2009-09,2003-12,,130.0,,130.0,,,27.22,2010-08,,2010-09,,,,0,0,,,,FR_SEP_2009.pdf,Sector-Wise analysis of projects,46,493
FR_200909_494,,N24000120,494,WAINGANGA BRIDGE - CHHATISGARH-MAHARASHTRA -,,,ROAD TRANSPORT & HIGHWAYS,2009-09,2008-03,,424.0,,424.0,,,275.6,2010-09,,2010-09,,,,0,0,,,,FR_SEP_2009.pdf,Sector-Wise analysis of projects,46,494
FR_200909_495,,N24000088,495,"GWALIOR BYPSS, NH-75,3 -",,,ROAD TRANSPORT & HIGHWAYS,2009-09,2003-12,,300.93,,300.93,,,155.6,2009-10,,2010-10,,,,0,0,,,,FR_SEP_2009.pdf,Sector-Wise analysis of projects,46,495
FR_200909_496,,240106209,496,JAM-WADNER -,,,ROAD TRANSPORT & HIGHWAYS,2009-09,2003-12,,145.0,,145.0,,,68.18,2005-07,,2010-12,,,,0,0,,,,FR_SEP_2009.pdf,Sector-Wise analysis of projects,46,496
FR_200909_497,,240106226,497,"BIJNI TO ASSAM/WB BORDER PH.II, KM.30.00 TO 0.00, NH-31 C -",,,ROAD TRANSPORT & HIGHWAYS,2009-09,2003-12,,230.0,,230.0,,,87.7,2005-06,,2010-12,,,,0,0,,,,FR_SEP_2009.pdf,Sector-Wise analysis of projects,46,497
FR_200909_498,,240106246,498,"GORAKHPUR-AYODHYA (LMNHP- 5),NH-28, KM.208.00 TO KM.164.00 -",LMNHP- 5,,ROAD TRANSPORT & HIGHWAYS,2009-09,2003-12,,227.0,,227.0,,,172.7,2008-10,,2010-12,,,,0,0,,,,FR_SEP_2009.pdf,Sector-Wise analysis of projects,46,498
FR_200909_499,,240106277,499,"HARANGAJO TO MAIBANG (AS-23), KM.126.450 TO KM.140.700 -",AS-23,,ROAD TRANSPORT & HIGHWAYS,2009-09,2003-12,,280.0,,280.0,,,96.15,2009-02,,2010-12,,,,0,0,,,,FR_SEP_2009.pdf,Sector-Wise analysis of projects,46,499
FR_200909_500,,240106278,500,"MAIBANG TO LUNDING (AS-25), KM.83.400 TO KM.111.000 -",AS-25,,ROAD TRANSPORT & HIGHWAYS,2009-09,2003-12,,199.81,,199.81,,,27.54,2009-04,,2010-12,,,,0,0,,,,FR_SEP_2009.pdf,Sector-Wise analysis of projects,46,500
FR_200909_501,,240106279,501,"MAIBANG TO LUNDING (AS-26), KM.60.500 TO KM.83.400, NH-54 -",AS-26,,ROAD TRANSPORT & HIGHWAYS,2009-09,2003-12,,167.64,,167.64,,,39.49,2008-11,,2010-12,,,,0,0,,,,FR_SEP_2009.pdf,Sector-Wise analysis of projects,46,501
FR_200909_502,,240106280,502,"MAIBANG TO LUNDING (AS-24), KM.111.000 TO KM.126.450 -",AS-24,,ROAD TRANSPORT & HIGHWAYS,2009-09,2003-12,,155.04,,155.04,,,27.96,2008-11,,2010-12,,,,0,0,,,,FR_SEP_2009.pdf,Sector-Wise analysis of projects,46,502
FR_200909_503,,240106281,503,"MAIBANG TO LUNDING (AS-27), KM.40.000 TO KM.60.500 -",AS-27,,ROAD TRANSPORT & HIGHWAYS,2009-09,2003-12,,200.0,,200.0,,,36.15,2009-04,,2010-12,,,,0,0,,,,FR_SEP_2009.pdf,Sector-Wise analysis of projects,46,503
FR_200909_504,,240106288,504,DAKOBA TO NAGAON (NH-36)(NHAI) -,NHAI,,ROAD TRANSPORT & HIGHWAYS,2009-09,2003-12,,225.0,,225.0,,,86.47,2008-06,,2010-12,,,,0,0,,,,FR_SEP_2009.pdf,Sector-Wise analysis of projects,46,504
FR_200909_505,,240106290,505,BIJNI TO ASSAM WB BORDER (NH- 31.C)(1)(NHAI) -,NHAI,,ROAD TRANSPORT & HIGHWAYS,2009-09,2003-12,,195.0,,195.0,,,68.72,2008-06,,2010-12,,,,0,0,,,,FR_SEP_2009.pdf,Sector-Wise analysis of projects,46,505
FR_200909_506,,240106293,506,BIJNI TO ASSAM /WB.BORDER (NH- 31.C)(2)(NHAI) -,NHAI,,ROAD TRANSPORT & HIGHWAYS,2009-09,2003-12,,237.8,,237.8,,,66.24,2008-06,,2010-12,,,,0,0,,,,FR_SEP_2009.pdf,Sector-Wise analysis of projects,46,506
FR_200909_507,,240106294,507,FORBESGANJ TO SIMRAHI (NH- 57)(NHAI) -,NHAI,,ROAD TRANSPORT & HIGHWAYS,2009-09,2003-12,,332.94,,332.94,,,124.4,2008-09,,2010-12,,,,0,0,,,,FR_SEP_2009.pdf,Sector-Wise analysis of projects,46,507
FR_200909_508,,240106301,508,"SAGAR BY PASS,KM 187 TO KM 211 , NH-26 (NHAI) -",NHAI,,ROAD TRANSPORT & HIGHWAYS,2009-09,2003-12,,151.3,,151.3,,,83.78,2008-10,,2010-12,,,,0,0,,,,FR_SEP_2009.pdf,Sector-Wise analysis of projects,46,508
FR_200909_509,,240106303,509,"SAGAR - RAJMARG CHORAHA,KM 211 TO KM 255, NH-26 (NHAI) -",NHAI,,ROAD TRANSPORT & HIGHWAYS,2009-09,2003-12,,203.43,,203.43,,,63.28,2008-10,,2010-12,,,,0,0,,,,FR_SEP_2009.pdf,Sector-Wise analysis of projects,46,509
FR_200909_510,,240106304,510,"RAJMARG CHORAHA TO LAKHNANDON,KM 297 TO KM 351, NH-26 (NHAI) -",NHAI,,ROAD TRANSPORT & HIGHWAYS,2009-09,2003-12,,251.03,44.0,251.03,,,62.13,2008-10,,2010-12,,,,0,0,,,,FR_SEP_2009.pdf,Sector-Wise analysis of projects,46,510
FR_200909_511,,240106305,511,"RAJMARG CHORAHA TO LAKHNANDON,KM 351 TO KM 405.7, NH-26 (NHA -",,,ROAD TRANSPORT & HIGHWAYS,2009-09,2003-12,,229.91,,229.91,,,29.18,2008-10,,2010-12,,,,0,0,,,,FR_SEP_2009.pdf,Sector-Wise analysis of projects,47,511
FR_200909_512,,N24000038,512,GUWHATI TO NALBARI (AS-4) -,AS-4,,ROAD TRANSPORT & HIGHWAYS,2009-09,2003-12,,175.96,,175.96,,,47.21,2008-04,,2010-12,,,,0,0,,,,FR_SEP_2009.pdf,Sector-Wise analysis of projects,47,512
FR_200909_513,,N24000042,513,NAGAON TO DHARAMTUL (AS-2) -,AS-2,,ROAD TRANSPORT & HIGHWAYS,2009-09,2003-12,,264.72,,264.72,,,75.54,2008-06,,2010-12,,,,0,0,,,,FR_SEP_2009.pdf,Sector-Wise analysis of projects,47,513
FR_200909_514,,N24000044,514,SONAPUR TO GUWAHTI (AS-3) -,AS-3,,ROAD TRANSPORT & HIGHWAYS,2009-09,2003-12,,245.0,,245.0,,,179.1,2008-03,,2010-12,,,,0,0,,,,FR_SEP_2009.pdf,Sector-Wise analysis of projects,47,514
FR_200909_515,,N24000046,515,GUWAHATI TO NALBARI (AS-5) -,AS-5,,ROAD TRANSPORT & HIGHWAYS,2009-09,2003-12,,198.16,,198.16,,,74.09,2008-04,,2010-12,,,,0,0,,,,FR_SEP_2009.pdf,Sector-Wise analysis of projects,47,515
FR_200909_516,,N24000047,516,NALBARI TO BIJNI (AS-6) -,AS-6,,ROAD TRANSPORT & HIGHWAYS,2009-09,2003-12,,225.0,,225.0,,,105.8,2008-06,,2010-12,,,,0,0,,,,FR_SEP_2009.pdf,Sector-Wise analysis of projects,47,516
FR_200909_517,,N24000048,517,NALBARI T BIJNI (AS-7) -,AS-7,,ROAD TRANSPORT & HIGHWAYS,2009-09,2003-12,,208.0,,208.0,,,55.66,2008-04,,2010-12,,,,0,0,,,,FR_SEP_2009.pdf,Sector-Wise analysis of projects,47,517
FR_200909_518,,N24000049,518,"DHARAMTUL TO SONAPUR,KM 205- 183 (AS-20) -",AS-20,,ROAD TRANSPORT & HIGHWAYS,2009-09,2003-12,,160.0,,160.0,,,49.83,2008-05,,2010-12,,,,0,0,,,,FR_SEP_2009.pdf,Sector-Wise analysis of projects,47,518
FR_200909_519,,N24000051,519,DHARAMTUL TO SONAPUR (AS-19) -,AS-19,,ROAD TRANSPORT & HIGHWAYS,2009-09,2003-12,,200.0,,200.0,,,78.52,2008-06,,2010-12,,,,0,0,,,,FR_SEP_2009.pdf,Sector-Wise analysis of projects,47,519
FR_200909_520,,N24000061,520,"HARANGAJO TO MAIBANG,km 164.08- 190.587 NH-54 -",,,ROAD TRANSPORT & HIGHWAYS,2009-09,2003-12,,212.0,,212.0,,,33.75,2007-09,,2010-12,,,,0,0,,,,FR_SEP_2009.pdf,Sector-Wise analysis of projects,47,520
FR_200909_521,,N24000062,521,"HARANGAJO TO MAIBANG, NH-54 -",,,ROAD TRANSPORT & HIGHWAYS,2009-09,2003-12,,196.0,,196.0,,,23.32,2009-07,,2010-12,,,,0,0,,,,FR_SEP_2009.pdf,Sector-Wise analysis of projects,47,521
FR_200909_522,,N24000063,522,"BRAHMPUTRA BRIDGE,NH NO-31 -",,,ROAD TRANSPORT & HIGHWAYS,2009-09,2003-12,,217.61,,217.61,,,57.53,2010-04,,2010-12,,,,0,0,,,,FR_SEP_2009.pdf,Sector-Wise analysis of projects,47,522
FR_200909_523,,N24000068,523,"CHAMBAL BRIDGE, NH-76 (RJ-5) -",RJ-5,,ROAD TRANSPORT & HIGHWAYS,2009-09,2003-12,,275.0,,281.31,,,150.4,2010-02,,2010-12,,,,0,0,,,,FR_SEP_2009.pdf,Sector-Wise analysis of projects,47,523
FR_200909_524,,N24000085,524,"GORAKHPUR BYPASS, NH-28, PHASE-II EAST-WEST CORRID -",,,ROAD TRANSPORT & HIGHWAYS,2009-09,2003-12,,600.24,,600.24,,,361.2,2009-10,,2010-12,,,,0,0,,,,FR_SEP_2009.pdf,Sector-Wise analysis of projects,47,524
FR_200909_525,,N24000089,525,"GWALIOR-JHANSI, NH-75 -",,,ROAD TRANSPORT & HIGHWAYS,2009-09,2003-12,,604.0,,604.0,,,176.8,2009-12,,2010-12,,,,0,0,,,,FR_SEP_2009.pdf,Sector-Wise analysis of projects,47,525
FR_200909_526,,N24000116,526,BALASORE BHADRAK (REVIVED) KM 136.5 - 199.14 NH-5 -,REVIVED,,ROAD TRANSPORT & HIGHWAYS,2009-09,2000-04,,228.7,,228.7,,,192.36,2004-02,,2010-12,,,,0,0,,,,FR_SEP_2009.pdf,Sector-Wise analysis of projects,47,526
FR_200909_527,,N24000102,527,SALEM - U / UNDRUPET(BOT -1/TN- 06) NH -68 -,BOT -1/TN- 06,,ROAD TRANSPORT & HIGHWAYS,2009-09,2005-03,,941.0,,941.0,,,266.6,2011-01,,2011-01,,,,0,0,,,,FR_SEP_2009.pdf,Sector-Wise analysis of projects,47,527
FR_200909_528,,N24000118,528,END OF DURG BYPASS- CHHATISGARH/MAHARASHTRA BORDER -,,,ROAD TRANSPORT & HIGHWAYS,2009-09,2008-01,,464.0,,464.0,,,169.3,2011-01,,2011-01,,,,0,0,,,,FR_SEP_2009.pdf,Sector-Wise analysis of projects,47,528
FR_200909_529,,N24000098,529,"AGRA-BYPASS(NS-1/UP-1),KM 176.8- 13.03 NH-2,3 -",NS-1/UP-1,,ROAD TRANSPORT & HIGHWAYS,2009-09,2003-12,,348.16,,348.16,,,77.75,2007-09,,2011-02,,,,0,0,,,,FR_SEP_2009.pdf,Sector-Wise analysis of projects,47,529
FR_200909_530,,240106223,530,"MEHSI TO KOTWA (LMNHP-II), PH.II, KM.480 TO KM.440, NH-28 -",LMNHP-II,,ROAD TRANSPORT & HIGHWAYS,2009-09,2003-12,,239.0,,239.0,,,161.3,2005-07,,2011-03,,,,0,0,,,,FR_SEP_2009.pdf,Sector-Wise analysis of projects,47,530
FR_200909_531,,240106224,531,"MUZZAFFARPUR TO MEHSI (LMNHP- 12), KM.520 TO 480, NH-28 -",LMNHP- 12,,ROAD TRANSPORT & HIGHWAYS,2009-09,2003-12,,275.0,,275.0,,,181.6,2005-07,,2011-03,,,,0,0,,,,FR_SEP_2009.pdf,Sector-Wise analysis of projects,47,531
FR_200909_532,,240106243,532,"KOTWA TO DEWAPUR(10 LMNHP),NH-28 PHASE-II, KM.440 TO KM.402 -",10 LMNHP,,ROAD TRANSPORT & HIGHWAYS,2009-09,2003-12,,240.0,,240.0,,,119.7,2008-10,,2011-03,,,,0,0,,,,FR_SEP_2009.pdf,Sector-Wise analysis of projects,47,532
FR_200909_533,,N24000031,533,JHAJHARPUR TO DARBANGA (BR-7) -,BR-7,,ROAD TRANSPORT & HIGHWAYS,2009-09,2003-12,,340.0,,340.0,,,163.3,2008-09,,2011-03,,,,0,0,,,,FR_SEP_2009.pdf,Sector-Wise analysis of projects,47,533
FR_200909_534,,N24000108,534,DHOLPUR - MORENA SECTION (INCLUDING CHAMBOL BRIDGE -,,,ROAD TRANSPORT & HIGHWAYS,2009-09,2003-12,,232.45,45.0,232.45,,,78.27,2010-09,,2011-03,,,,0,0,,,,FR_SEP_2009.pdf,Sector-Wise analysis of projects,47,534
FR_200909_535,,N24000119,535,KALGHAT-MP/MAHARASHTRA BORDER KM 16.6-84.70 -,,,ROAD TRANSPORT & HIGHWAYS,2009-09,2008-11,,549.0,,549.0,,,313.9,2010-05,,2011-05,,,,0,0,,,,FR_SEP_2009.pdf,Sector-Wise analysis of projects,48,535
FR_200909_536,,240106221,536,"GANGA BRIDGE TO RAMDEVI CROSSING PH.II NH-25, KM.75-80.06 -",,,ROAD TRANSPORT & HIGHWAYS,2009-09,2003-12,,155.0,,201.66,,,38.29,2008-09,,2011-06,,,,0,0,,,,FR_SEP_2009.pdf,Sector-Wise analysis of projects,48,536
FR_200909_537,,240106283,537,KELARPUR-PIMPALKATTI-KM 153 TO KM 175 -,,,ROAD TRANSPORT & HIGHWAYS,2009-09,2003-12,,117.4,,117.4,,,129.83,2008-11,,2011-06,,,,0,0,,,,FR_SEP_2009.pdf,Sector-Wise analysis of projects,48,537
FR_200909_538,,240106208,538,DEVDHARI-WADNER - Total,,,ROAD TRANSPORT & HIGHWAYS,2009-09,2003-12,,145.0,44286.22,145.0,,,24.71,2005-07,,,,,,0,0,,,,FR_SEP_2009.pdf,Sector-Wise analysis of projects,48,538
FR_200909_539,,N25000015,539,RAIL CONNECTIVITY TO ICTT AT VALLARPADAM -,,,SHIPPING & PORTS,2009-09,2007-03,,245.67,,298.17,,,264.01,2009-04,,2009-11,,,,0,0,,,,FR_SEP_2009.pdf,Sector-Wise analysis of projects,48,539
FR_200909_540,,N25000034,540,CONSTRUCTION OF CAR /CLEAN CARGO TERMINAL -,,,SHIPPING & PORTS,2009-09,2009-01,,100.0,,100.0,,,0.5,2010-01,,2010-01,,,,0,0,,,,FR_SEP_2009.pdf,Sector-Wise analysis of projects,48,540
FR_200909_541,,250100112,541,ESTABLISHMENT OF VESSEL TRAFFIC SERVICES IN GULF OF KUTCH -,,,SHIPPING & PORTS,2009-09,2002-01,,165.0,,165.0,,,36.18,2005-12,,2010-03,,,,0,0,,,,FR_SEP_2009.pdf,Sector-Wise analysis of projects,48,541
FR_200909_542,,N25000004,542,DEEPENING OF CHEENEL AT PARADIP PORT -,,,SHIPPING & PORTS,2009-09,2005-12,,154.84,,253.36,,,99.38,2007-06,2009-01,2010-03,,,,0,0,,,,FR_SEP_2009.pdf,Sector-Wise analysis of projects,48,542
FR_200909_543,,N25000013,543,ACQUISITION OF TWO NOS.OF 470000 DWT MR TANKERS -,,,SHIPPING & PORTS,2009-09,2006-12,,411.32,,411.32,,,277.87,2010-03,,2010-03,,,,0,0,,,,FR_SEP_2009.pdf,Sector-Wise analysis of projects,48,543
FR_200909_544,,N25000029,544,ACQUISITION OF 6 NOS. 60470 DWT LR-I PRODUCT TANKE -,,,SHIPPING & PORTS,2009-09,2006-10,,1658.59,,1658.59,,,318.24,2010-07,,2010-07,,,,0,0,,,,FR_SEP_2009.pdf,Sector-Wise analysis of projects,48,544
FR_200909_545,,N25000030,545,ACQUISITION OF 2 NOS. OF 105000 DWT LR-II TANKERS -,,,SHIPPING & PORTS,2009-09,2007-08,,586.58,,586.58,,,173.68,2010-11,,2010-11,,,,0,0,,,,FR_SEP_2009.pdf,Sector-Wise analysis of projects,48,545
FR_200909_546,,N25000016,546,CONST. & DEV. OF 2 OFFSHORE CONTAINER BERTHS & TER -,,,SHIPPING & PORTS,2009-09,2007-11,,366.0,444.86,366.0,,,1.43,2010-12,,2010-12,,,,0,0,,,,FR_SEP_2009.pdf,Sector-Wise analysis of projects,48,546
FR_200909_547,,N25000038,547,"OPERATION, MANAG. & MAINT. OF MULTI USER-JETTY FOR -",,,SHIPPING & PORTS,2009-09,2006-06,,230.0,,230.0,,,,2010-12,,2010-12,,,,0,0,,,,FR_SEP_2009.pdf,Sector-Wise analysis of projects,48,547
FR_200909_548,,N25000037,548,C/O IMPOUNDED DOCK AT TUNA FOR HANDELLING DRAFT VE -,,,SHIPPING & PORTS,2009-09,2005-04,,882.0,,882.0,,,0.16,2011-02,,2011-02,,,,0,0,,,,FR_SEP_2009.pdf,Sector-Wise analysis of projects,48,548
FR_200909_549,,N25000039,549,CONSTRUCTION OF 13 & 14 CARGO BERTH AT KANDLA -,,,SHIPPING & PORTS,2009-09,2005-12,,702.0,,702.0,,,0.73,2011-03,,2011-03,,,,0,0,,,,FR_SEP_2009.pdf,Sector-Wise analysis of projects,48,549
FR_200909_550,,N25000014,550,ACQUISITION OF 4 NO. OF ANCHOR HANDLING CUM SUPPLY -,,,SHIPPING & PORTS,2009-09,2007-10,,359.44,,359.44,,,200.91,2011-04,,2011-04,,,,0,0,,,,FR_SEP_2009.pdf,Sector-Wise analysis of projects,48,550
FR_200909_551,,N25000032,551,ACQUISITION OF 4 NOS. OF 115000 DWT CRUDE OIL CARR -,,,SHIPPING & PORTS,2009-09,2008-08,,1108.12,,1168.42,,,341.48,2011-04,,2011-12,,,,0,0,,,,FR_SEP_2009.pdf,Sector-Wise analysis of projects,48,551
FR_200909_552,,N25000033,552,ACQUISITION OF 6 NOS. OF 57000 DWT HANDYMAX BULK C -,,,SHIPPING & PORTS,2009-09,2007-11,,1061.96,,1061.96,,,219.98,2012-03,,2012-01,,,,0,0,,,,FR_SEP_2009.pdf,Sector-Wise analysis of projects,48,552
FR_200909_553,,N25000031,553,ACQUISITION OF 4 NOS. OF 80655 DWT PANAMAX BULK CA -,,,SHIPPING & PORTS,2009-09,2008-08,,1066.91,,968.35,,,222.91,2012-09,,2012-08,,,,0,0,,,,FR_SEP_2009.pdf,Sector-Wise analysis of projects,48,553
FR_200909_554,,250100175,554,SETHUSAMUDRAM SHIP CHANNEL PROJECT -,,,SHIPPING & PORTS,2009-09,2005-06,,2427.4,46.0,2427.4,,,808.71,2008-10,,,,,,0,0,,,,FR_SEP_2009.pdf,Sector-Wise analysis of projects,48,554
FR_200909_555,,N25000003,555,DEEPENING AND WIDENING OF MAIN HARBOUR CHANNEL AND -,,,SHIPPING & PORTS,2009-09,2005-10,,800.0,,800.0,,,4.24,2008-10,,,,,,0,0,,,,FR_SEP_2009.pdf,Sector-Wise analysis of projects,49,555
FR_200909_556,,N25000035,556,"ENNORE MANALI EXPRESS WAY,F/O SPECIAL PURPOSE VEHI - Total",,,SHIPPING & PORTS,2009-09,2002-10,,150.0,12475.83,309.0,,,23.26,2005-09,,,,,,0,0,,,,FR_SEP_2009.pdf,Sector-Wise analysis of projects,49,556
FR_200909_557,,N26000029,557,EXPANSION OF EXISTING 750K GSM NETWORK PE NO. 992 -,,,TELECOMMUNICATIONS,2009-09,2006-06,,231.38,,168.3,,,92.36,2007-10,,2009-08,,,,0,0,,,,FR_SEP_2009.pdf,Sector-Wise analysis of projects,49,557
FR_200909_558,,N26000038,558,500K BROADBAND ACCESS H/W EQUIPMENT DELHI AND MUMB -,,,TELECOMMUNICATIONS,2009-09,2007-04,,134.25,,133.75,,,34.05,2008-06,,2009-08,,,,0,0,,,,FR_SEP_2009.pdf,Sector-Wise analysis of projects,49,558
FR_200909_559,,N26000039,559,GSM EQUIPMENT OF 900K LINES(2G) AND 300K LINES(3G) -,3G,,TELECOMMUNICATIONS,2009-09,2007-06,,601.49,,601.49,,,399.77,2008-12,,2009-08,,,,0,0,,,,FR_SEP_2009.pdf,Sector-Wise analysis of projects,49,559
FR_200909_560,,N26000040,560,GSM EQUIPMENT OF 216650 LINES(2G) PH-5.1 -,2G,,TELECOMMUNICATIONS,2009-09,2008-01,,192.48,,192.48,,,45.97,2009-03,,2009-08,,,,0,0,,,,FR_SEP_2009.pdf,Sector-Wise analysis of projects,49,560
FR_200909_561,,N26000041,561,GSM EQUIPMENT OF 390K LINES(2G) AND 130K LINES(3G) -,3G,,TELECOMMUNICATIONS,2009-09,2008-02,,373.94,,373.94,,,154.6,2008-12,,2009-08,,,,0,0,,,,FR_SEP_2009.pdf,Sector-Wise analysis of projects,49,561
FR_200909_562,,N26000050,562,GSM EQUIPMENT-480K LINES(2G) & 220K LINES(3G) IN -,3G,,TELECOMMUNICATIONS,2009-09,2007-05,,335.91,,335.91,,,10.96,2009-03,,2009-08,,,,0,0,,,,FR_SEP_2009.pdf,Sector-Wise analysis of projects,49,562
FR_200909_563,,N26000059,563,ANDHRA PRADESH TELECOM CIRCLE PHASE-IV GSM -,,,TELECOMMUNICATIONS,2009-09,2008-03,,567.4,,482.29,,,226.88,2009-06,,2009-08,,,,0,0,,,,FR_SEP_2009.pdf,Sector-Wise analysis of projects,49,563
FR_200909_564,,N26000037,564,NIB-II PROJECT RURAL BROADBAND -,,,TELECOMMUNICATIONS,2009-09,2007-12,,312.86,,353.0,,,118.44,2008-02,,2009-09,,,,0,0,,,,FR_SEP_2009.pdf,Sector-Wise analysis of projects,49,564
FR_200909_565,,N26000042,565,GSM EQUIPMENT OF 1006280 LINES IN TAMILNADU PH-4.5 -,,,TELECOMMUNICATIONS,2009-09,2008-06,,409.21,,409.21,,,465.49,2008-12,,2009-09,,,,0,0,,,,FR_SEP_2009.pdf,Sector-Wise analysis of projects,49,565
FR_200909_566,,N26000043,566,GSM EQUIPMENT OF 3125K LINES(2G) AND 625K LINES(3 -,2G,,TELECOMMUNICATIONS,2009-09,2008-09,,1799.94,,1799.94,,,26.37,2009-09,,2009-09,,,,0,0,,,,FR_SEP_2009.pdf,Sector-Wise analysis of projects,49,566
FR_200909_567,,N26000044,567,GSM EQUIPMENT OF 1015K LINES PH-4.5 -,,,TELECOMMUNICATIONS,2009-09,2008-10,,350.84,,350.84,,,180.64,2008-11,,2009-09,,,,0,0,,,,FR_SEP_2009.pdf,Sector-Wise analysis of projects,49,567
FR_200909_568,,N26000045,568,GSM EQUIPMENT OF 1162K LINES PH-4.5 -,,,TELECOMMUNICATIONS,2009-09,2008-03,,325.0,,325.0,,,220.75,2008-12,,2009-09,,,,0,0,,,,FR_SEP_2009.pdf,Sector-Wise analysis of projects,49,568
FR_200909_569,,N26000046,569,GSM EQUIPMENT OF 700K LINES(2G) AND 150K LINES(3G) -,3G,,TELECOMMUNICATIONS,2009-09,2007-11,,277.34,,277.34,,,165.46,2009-03,,2009-09,,,,0,0,,,,FR_SEP_2009.pdf,Sector-Wise analysis of projects,49,569
FR_200909_570,,N26000051,570,GSM EQUIPMENT OF 1625K LINES(2G) & 325K LINES IN M -,2G,,TELECOMMUNICATIONS,2009-09,2008-06,,908.3,,916.7,,,151.7,2009-08,,2009-09,,,,0,0,,,,FR_SEP_2009.pdf,Sector-Wise analysis of projects,49,570
FR_200909_571,,N26000060,571,"BIHAR TELECOM CIRCLE PHASE-V.1, 2G &3G -",,,TELECOMMUNICATIONS,2009-09,2007-04,,366.0,,366.0,,,,2009-09,,2009-09,,,,0,0,,,,FR_SEP_2009.pdf,Sector-Wise analysis of projects,49,571
FR_200909_572,,N26000028,572,COMMISSIONING OF GSM EQUIPMENT OF 650K LINES (PH- -,,,TELECOMMUNICATIONS,2009-09,2006-11,,364.52,,364.52,,,51.44,2006-12,,2009-10,,,,0,0,,,,FR_SEP_2009.pdf,Sector-Wise analysis of projects,49,572
FR_200909_573,,N26000033,573,GSM BASED NETWORK PH-4 -,,,TELECOMMUNICATIONS,2009-09,2007-11,,174.36,,174.36,,,71.5,2007-11,,2009-10,,,,0,0,,,,FR_SEP_2009.pdf,Sector-Wise analysis of projects,49,573
FR_200909_574,,N26000034,574,GSM BASED NETWORK EXPANSION PLAN PH-4 -,,,TELECOMMUNICATIONS,2009-09,2007-02,,239.19,,239.19,,,104.48,2008-04,,2009-10,,,,0,0,,,,FR_SEP_2009.pdf,Sector-Wise analysis of projects,49,574
FR_200909_575,,N26000036,575,KOLKATA TELECOM DISTRICT PH-4 -,,,TELECOMMUNICATIONS,2009-09,2006-09,,208.5,,208.5,,,146.38,2008-09,,2009-10,,,,0,0,,,,FR_SEP_2009.pdf,Sector-Wise analysis of projects,49,575
FR_200909_576,,N26000049,576,EXPANSION OF 750K GSM LINES -,,,TELECOMMUNICATIONS,2009-09,2006-10,,278.16,47.0,278.16,,,152.53,2008-12,,2009-10,,,,0,0,,,,FR_SEP_2009.pdf,Sector-Wise analysis of projects,49,576
FR_200909_577,,N26000062,577,"Assam Telecom Circle, Phase-V.I, 2G & 3G -",,,TELECOMMUNICATIONS,2009-09,2007-06,,336.81,,174.36,,,71.5,2009-01,,2009-10,,,,0,0,,,,FR_SEP_2009.pdf,Sector-Wise analysis of projects,50,577
FR_200909_578,,N26000011,578,CONVERGENT BILLING AND CRM- MTNL(DELHI) -,DELHI,,TELECOMMUNICATIONS,2009-09,2005-12,,249.0,,229.41,,,67.67,2007-02,,2009-11,,,,0,0,,,,FR_SEP_2009.pdf,Sector-Wise analysis of projects,50,578
FR_200909_579,,N26000016,579,CONVERGENT BILLING AND CRM(MUMBAI) -,MUMBAI,,TELECOMMUNICATIONS,2009-09,2006-01,,247.0,,247.0,,,119.5,2007-02,,2009-12,,,,0,0,,,,FR_SEP_2009.pdf,Sector-Wise analysis of projects,50,579
FR_200909_580,,N26000052,580,DELHI EXP. OF 1250K LINES OF 2G/3G GSM LINES -,,,TELECOMMUNICATIONS,2009-09,2007-02,,463.61,,463.61,,,16.37,2009-12,,2009-12,,,,0,0,,,,FR_SEP_2009.pdf,Sector-Wise analysis of projects,50,580
FR_200909_581,,N26000061,581,EXPANSION OF EXISTING 2G&3G GSM N/W BY 750 KPE NO -,,,TELECOMMUNICATIONS,2009-09,2008-10,,180.53,,180.53,,,3.78,2009-12,,2009-12,,,,0,0,,,,FR_SEP_2009.pdf,Sector-Wise analysis of projects,50,581
FR_200909_582,,260100051,582,NATIONAL RADIO SPECTRUM MANAGEMENTand MONIT. SY. I -,,,TELECOMMUNICATIONS,2009-09,2000-08,,279.97,,172.04,,,136.16,2004-12,,2010-02,,,,0,0,,,,FR_SEP_2009.pdf,Sector-Wise analysis of projects,50,582
FR_200909_583,,260100095,583,GSM EXPANSION PH.IV (B) (BSNL) MAHARASHTRA -,BSNL,,TELECOMMUNICATIONS,2009-09,2005-07,,1174.75,,1174.75,,,341.41,2006-03,,,,,,0,0,,,,FR_SEP_2009.pdf,Sector-Wise analysis of projects,50,583
FR_200909_584,,260100099,584,PROJ.III OF NIB-II OF MESSAGING STORAGE -,,,TELECOMMUNICATIONS,2009-09,2003-11,,250.0,,425.51,,,68.5,2005-12,,,,,,0,0,,,,FR_SEP_2009.pdf,Sector-Wise analysis of projects,50,584
FR_200909_585,,N26000015,585,IMPLEMENTATION AND EXECUTION OF NEW TECHNOLOGY -,,,TELECOMMUNICATIONS,2009-09,2004-10,,160.0,,135.0,,,94.77,2006-06,,,,,,0,0,,,,FR_SEP_2009.pdf,Sector-Wise analysis of projects,50,585
FR_200909_586,,N26000026,586,EXP. OF 750K GSM LINES OF 2.5 GSM AND VALIDATION EQU -,,,TELECOMMUNICATIONS,2009-09,2007-02,,741.77,,278.16,,,151.37,2007-10,,,,,,0,0,,,,FR_SEP_2009.pdf,Sector-Wise analysis of projects,50,586
FR_200909_587,,N26000058,587,UTTARANCHAL TELECOM CIRCLE PHASE-VI (2G & 3G) - Total,2G & 3G,,TELECOMMUNICATIONS,2009-09,2009-01,,149.15,12683.66,149.15,,,40.87,2009-06,,,,,,0,0,,,,FR_SEP_2009.pdf,Sector-Wise analysis of projects,50,587
FR_200909_588,,N28000016,588,C/O GENERAL POOL OFFICE COMPLEX AT INA -,,,URBAN DEVELOPMENT,2009-09,2004-10,,83.67,,135.03,,,,2010-02,,2010-02,,,,0,0,,,,FR_SEP_2009.pdf,Sector-Wise analysis of projects,50,588
FR_200909_589,,280100002,589,DELHI MRTS PHASE-II PROJECT -,,,URBAN DEVELOPMENT,2009-09,2005-08,,8118.0,8605.36,8676.0,,,10933.06,2010-06,,2010-10,,,,0,7,,,,FR_SEP_2009.pdf,Sector-Wise analysis of projects,50,589
FR_200909_590,,N28000008,590,BANGALORE METRO RAIL PROJECT - Total,,,URBAN DEVELOPMENT,2009-09,2006-05,,6395.0,14596.67,6395.0,,,1305.48,2011-12,,2011-12,,,,0,0,,,,FR_SEP_2009.pdf,Sector-Wise analysis of projects,50,590
FR_200909_591,,300100001,591,PAGLADIYA DAM PROJECT - Total Grand Total,,,WATER RESOURCES,2009-09,2001-01,,542.9,542.9,1187.0,,,35.49,2007-12,,2012-12,,,,0,0,,,,FR_SEP_2009.pdf,Sector-Wise analysis of projects,50,591
