observation_id,project_id,project_code,serial_no,project_name,agency,state,sector,report_date,approval_date,approval_date_revised,original_cost_crore,revised_cost_crore,anticipated_cost_crore,cost_overrun_original_crore,cost_overrun_revised_crore,cumulative_expenditure_crore,original_completion_date,revised_completion_date,anticipated_completion_date,time_overrun_original_months,time_overrun_revised_months,additional_delay_months,milestones_achieved,milestones_total,physical_progress_pct,delay_reason,status,source.report,source.table,source.page,source.serial_no
FR_201105_001,,020100044,1,"PROTOTYPE FAST BREEDER REACTOR (BHAVINI, 500 MWE) - BHAVNI,Tamil Nadu","BHAVINI, 500 MWE",,ATOMIC ENERGY,2011-05,2003-09,,3492.0,,5677.0,,,3001.38,2010-09,,2012-01,,,,8,80,,,,FR_MAY_2011.pdf,Sector-Wise analysis of projects,36,1
FR_201105_002,,N02000007,2,"URANIUM ORE MINE & PROCESSING PLANT AT TUMMALAPALL - UCIL,Andhra Pradesh",,,ATOMIC ENERGY,2011-05,2007-09,,1106.29,,1106.29,,,966.78,2011-04,,2012-04,,,,0,1,,,,FR_MAY_2011.pdf,Sector-Wise analysis of projects,36,2
FR_201105_003,,020100040,3,"KUDANKULAM APP (NPCIL) - NPCIL,Tamil Nadu",NPCIL,,ATOMIC ENERGY,2011-05,2001-12,,13171.0,,15824.0,,,13811.0,2008-12,,2012-05,,,,61,119,,,,FR_MAY_2011.pdf,Sector-Wise analysis of projects,36,3
FR_201105_004,,N02000010,4,"KAKRAPAR ATOMIC POWER PROJECT - 3&4 - NPCIL, Total",,,ATOMIC ENERGY,2011-05,2009-10,,11459.0,29228.29,11459.0,,,626.0,2015-12,2016-05,2016-11,,,,0,70,,,,FR_MAY_2011.pdf,Sector-Wise analysis of projects,36,4
FR_201105_005,,N04000037,5,"C/O INTEGRATED PASSENGER TER. BULD. NSCBI AIRPORT - AAI,West Bengal",,,CIVIL AVIATION,2011-05,2008-08,,1942.51,,1942.51,,,1158.51,2011-05,,2011-08,,,,0,0,,,,FR_MAY_2011.pdf,Sector-Wise analysis of projects,36,5
FR_201105_006,,N04000038,6,"D/O KAMARAJ DOMESTIC TER-PH-II & EXP. ANNA INT. TE(K1) - AAI,Tamil Nadu",K1,,CIVIL AVIATION,2011-05,2008-08,,1273.0,,1273.0,,,835.91,2011-01,,2011-10,,,,0,0,,,,FR_MAY_2011.pdf,Sector-Wise analysis of projects,36,6
FR_201105_007,,N04000069,7,"Construction of New International Terminal Building - AAI,Goa",,,CIVIL AVIATION,2011-05,2010-05,,204.73,,204.73,,,32.5,2012-05,,2012-05,,,,0,0,,,,FR_MAY_2011.pdf,Sector-Wise analysis of projects,36,7
FR_201105_008,,N04000050,8,"C/o new Airport at Pakyong(Sikkim) Airport - AAI,Sikkim",Sikkim,,CIVIL AVIATION,2011-05,2009-01,,309.4,,264.29,,,136.56,2011-01,,2012-06,,,,0,0,,,,FR_MAY_2011.pdf,Sector-Wise analysis of projects,36,8
FR_201105_009,,N04000065,9,"GAGAN PROJECT - AAI,Multi State Total",,,CIVIL AVIATION,2011-05,2008-09,,393.6,4123.24,393.6,,,275.83,2013-06,,2013-06,,,,0,0,,,,FR_MAY_2011.pdf,Sector-Wise analysis of projects,36,9
FR_201105_010,,060100089,10,"BARSINGSAR TPS (2X125MW) (NLC) - NLC,Rajasthan",NLC,,COAL,2011-05,2004-12,,1114.18,1626.09,1626.09,,,1599.6,2009-06,,2011-08,,,,59,26,,,,FR_MAY_2011.pdf,Sector-Wise analysis of projects,36,10
FR_201105_011,,060100087,11,"TPS-II EXPANSION (1470MW TO 1970MW) (NLC) - NLC,Tamil Nadu",NLC,,COAL,2011-05,2004-10,,2030.78,2453.57,2453.57,,,2199.49,2009-06,,2012-03,,,,60,24,,,,FR_MAY_2011.pdf,Sector-Wise analysis of projects,36,11
FR_201105_012,,060100092,12,"KULDA OCP (MAHANADI COALFIELDS LTD.) - MCL,Orissa",MAHANADI COALFIELDS LTD.,,COAL,2011-05,2005-01,,302.96,,302.96,,,76.52,2010-03,,2012-03,,,,0,4,,,,FR_MAY_2011.pdf,Sector-Wise analysis of projects,36,12
FR_201105_013,,N06000033,13,"NIGAHI OC EXPANSION PROJECT 10 MTY TO 15 MTY, SINGRAULI - NCL,Madhya pradesh",,,COAL,2011-05,2007-10,,259.4,,259.4,,,1.49,2012-03,,2012-03,,,,0,1,,,,FR_MAY_2011.pdf,Sector-Wise analysis of projects,36,13
FR_201105_014,,N06000044,14,"BALRAM OCP EXTENSION - MCL,Orissa",,,COAL,2011-05,2007-12,,172.08,,172.08,,,111.23,2009-03,,2012-03,,,,0,2,,,,FR_MAY_2011.pdf,Sector-Wise analysis of projects,36,14
FR_201105_015,,N06000067,15,"ANANTA OC EXPANSION PH-III - MCL,Orissa",,,COAL,2011-05,2008-08,,207.28,,207.28,,,38.29,2012-03,,2012-03,,,,0,0,,,,FR_MAY_2011.pdf,Sector-Wise analysis of projects,36,15
FR_201105_016,,N06000078,16,"RAMAGUNDAM OC-II EXTENSION - SCCL,Andhra Pradesh",,,COAL,2011-05,2009-12,,418.97,,418.97,,,73.65,2012-03,,2012-03,,,,28,27,,,,FR_MAY_2011.pdf,Sector-Wise analysis of projects,36,16
FR_201105_017,,N06000080,17,"MANUGURU OC-II EXTENSION PHASE-II - SCCL,Andhra Pradesh",,,COAL,2011-05,2010-03,,181.19,,181.19,,,0.93,2012-03,,2012-03,,,,7,34,,,,FR_MAY_2011.pdf,Sector-Wise analysis of projects,37,17
FR_201105_018,,N06000047,18,"TUTICORIN THERMAL POWER PROJECT - NLC,Tamil Nadu",,,COAL,2011-05,2008-05,,4904.54,4909.54,4909.54,,,1724.26,,,2012-10,,,,0,6,,,,FR_MAY_2011.pdf,Sector-Wise analysis of projects,37,18
FR_201105_019,,060100096,19,"ASHOK EXPN.OCP -CCL (5 MTY) - CCL,Jharkhandd",5 MTY,,COAL,2011-05,2006-04,,471.66,341.63,341.63,,,101.65,2011-03,2013-03,2013-03,,,,0,2,,,,FR_MAY_2011.pdf,Sector-Wise analysis of projects,37,19
FR_201105_020,,N06000007,20,"KRISHNASHILA (NCL) (4MTY) - NCL,Madhya pradesh",4MTY,,COAL,2011-05,2006-05,,789.88,,741.56,,,,2010-03,,2013-03,,,,0,2,,,,FR_MAY_2011.pdf,Sector-Wise analysis of projects,37,20
FR_201105_021,,N06000008,21,"KUSMUNDA EXPN.OCP(SECL)(10MTY) - SECL,Chhatisgarh",10MTY,,COAL,2011-05,2006-06,,737.65,,1188.31,,,609.15,2013-03,,2013-03,,,,0,3,,,,FR_MAY_2011.pdf,Sector-Wise analysis of projects,37,21
FR_201105_022,,N06000035,22,"KANIHA OCP - MCL,Multi State",,,COAL,2011-05,2007-12,,457.77,,457.77,,,97.0,2013-03,,2013-03,,,,0,2,,,,FR_MAY_2011.pdf,Sector-Wise analysis of projects,37,22
FR_201105_023,,N06000068,23,"HINGULA OC-II EXP. PH-II (15 MTY) - MCL,Orissa",15 MTY,,COAL,2011-05,2008-11,,479.53,,479.63,,,31.51,2013-03,,2013-03,,,,0,2,,,,FR_MAY_2011.pdf,Sector-Wise analysis of projects,37,23
FR_201105_024,,N06000085,24,"Purnadih OCP - CCL,Jharkhandd",,,COAL,2011-05,2008-07,,210.98,,210.98,,,23.08,2013-03,,2013-03,,,,0,2,,,,FR_MAY_2011.pdf,Sector-Wise analysis of projects,37,24
FR_201105_025,,N06000016,25,"ADRIYALA SHAFT PROJECT - SCCL,Andhra Pradesh",,,COAL,2011-05,2006-09,,212.34,779.26,779.26,,,158.25,2013-03,2012-09,2013-06,,,,2,22,,,,FR_MAY_2011.pdf,Sector-Wise analysis of projects,37,25
FR_201105_026,,060100093,26,"GEVRA EXPANSION OCP (SECL) (25 MTY) - SECL,Chhatisgarh",25 MTY,,COAL,2011-05,2005-07,,1667.55,,2675.67,,,1064.86,2010-03,,2014-03,,,,3,2,,,,FR_MAY_2011.pdf,Sector-Wise analysis of projects,37,26
FR_201105_027,,060100094,27,"DIPKA EXPANSION OCP (SECL) (20 MTY) - SECL,Chhatisgarh",20 MTY,,COAL,2011-05,2005-07,,1268.53,,1943.66,,,1069.3,2010-03,,2014-03,,,,2,3,,,,FR_MAY_2011.pdf,Sector-Wise analysis of projects,37,27
FR_201105_028,,N06000019,28,"BINA EXTN. PROJ - NCL,Multi State",,,COAL,2011-05,2006-11,,168.97,,168.97,,,145.92,2014-03,,2014-03,,,,1,2,,,,FR_MAY_2011.pdf,Sector-Wise analysis of projects,37,28
FR_201105_029,,N06000046,29,"CHURCHA UG - SECL,Chhatisgarh",,,COAL,2011-05,2008-06,,462.35,,462.35,,,256.4,2014-03,,2014-03,,,,0,2,,,,FR_MAY_2011.pdf,Sector-Wise analysis of projects,37,29
FR_201105_030,,N06000056,30,"RAJMAHAL OC EXP. - ECL,Multi State",,,COAL,2011-05,2006-02,,50.08,153.82,153.82,,,17.63,2011-03,,2014-03,,,,0,3,,,,FR_MAY_2011.pdf,Sector-Wise analysis of projects,37,30
FR_201105_031,,N06000066,31,"PENGANGA OC - WCL,",,,COAL,2011-05,2008-10,,339.77,,339.77,,,0.1,,,2014-03,,,,0,0,,,,FR_MAY_2011.pdf,Sector-Wise analysis of projects,37,31
FR_201105_032,,N06000076,32,"KARTALI (EAST) OC - SECL,Chhatisgarh",EAST,,COAL,2011-05,2008-07,,178.44,,178.44,,,,2014-03,,2014-03,,,,0,1,,,,FR_MAY_2011.pdf,Sector-Wise analysis of projects,37,32
FR_201105_033,,N06000081,33,"MANIKPUR OC EXPANTION - SECL,Chhatisgarh",,,COAL,2011-05,2009-11,,321.5,,321.5,,,223.01,2014-03,,2014-03,,,,0,1,,,,FR_MAY_2011.pdf,Sector-Wise analysis of projects,37,33
FR_201105_034,,N06000083,34,"Churi Benti UG - CCL,Jharkhandd",,,COAL,2011-05,2007-06,,163.51,,163.51,,,33.6,2011-03,2012-03,2014-03,,,,0,2,,,,FR_MAY_2011.pdf,Sector-Wise analysis of projects,37,34
FR_201105_035,,N06000084,35,"North Urimari OCP - CCL,Jharkhandd",,,COAL,2011-05,2007-12,,179.87,,179.87,,,66.47,2012-03,,2014-03,,,,0,2,,,,FR_MAY_2011.pdf,Sector-Wise analysis of projects,37,35
FR_201105_036,,N06000086,36,"Tapin OCP - CCL,Jharkhandd",,,COAL,2011-05,2008-08,,264.68,,264.68,,,76.04,2012-03,2013-03,2014-03,,,,0,2,,,,FR_MAY_2011.pdf,Sector-Wise analysis of projects,37,36
FR_201105_037,,N06000088,37,"KARMA OCP - CCL,Jharkhandd",,,COAL,2011-05,2009-06,,162.46,,162.46,,,25.21,2014-03,,2014-03,,,,0,0,,,,FR_MAY_2011.pdf,Sector-Wise analysis of projects,37,37
FR_201105_038,,N06000009,38,"BLOCK-B OCP NCL (3.5 MTY) - NCL,Madhya pradesh",3.5 MTY,,COAL,2011-05,2006-06,,746.04,,437.34,,,138.07,2012-03,,2015-03,,,,0,2,,,,FR_MAY_2011.pdf,Sector-Wise analysis of projects,37,38
FR_201105_039,,N06000020,39,"JHANJRA LONGWAL UG PHASE II - ECL,West Bengal",,,COAL,2011-05,2006-11,,287.18,,287.17,,,,2011-03,,2015-03,,,,1,5,,,,FR_MAY_2011.pdf,Sector-Wise analysis of projects,37,39
FR_201105_040,,N06000042,40,"GOPAL PRASAD OCP - MCL,Orissa",,,COAL,2011-05,2008-02,,395.87,,395.87,,,23.97,2013-03,2015-03,2015-03,,,,0,3,,,,FR_MAY_2011.pdf,Sector-Wise analysis of projects,37,40
FR_201105_041,,N06000045,41,"PELMA OC - SECL,Chhatisgarh",,,COAL,2011-05,2008-07,,448.32,,448.32,,,,2015-03,,2015-03,,,,0,1,,,,FR_MAY_2011.pdf,Sector-Wise analysis of projects,38,41
FR_201105_042,,N06000048,42,"KAKATIYA LAONGWALL - SCCL,Multi State",,,COAL,2011-05,2008-12,,453.63,,453.63,,,64.4,2012-12,,2015-03,,,,11,44,,,,FR_MAY_2011.pdf,Sector-Wise analysis of projects,38,42
FR_201105_043,,N06000049,43,"Batura OC - SECL,Madhya pradesh",,,COAL,2011-05,2008-09,,203.82,,203.82,,,,2015-03,,2015-03,,,,0,1,,,,FR_MAY_2011.pdf,Sector-Wise analysis of projects,38,43
FR_201105_044,,N06000075,44,"JAGANNATHPOR OC - SECL,Chhatisgarh",,,COAL,2011-05,2008-09,,152.43,,152.43,,,,2015-03,,2015-03,,,,0,1,,,,FR_MAY_2011.pdf,Sector-Wise analysis of projects,38,44
FR_201105_045,,N06000079,45,"RKP OCP PHASE-I - SCCL,Uttaranchal",,,COAL,2011-05,2010-03,,209.78,,209.78,,,16.26,2015-03,,2015-03,,,,4,31,,,,FR_MAY_2011.pdf,Sector-Wise analysis of projects,38,45
FR_201105_046,,N06000089,46,"Kistaram OCP - SCCL,Andhra Pradesh",,,COAL,2011-05,2010-11,,242.29,,242.29,,,,2015-03,,2015-03,,,,0,28,,,,FR_MAY_2011.pdf,Sector-Wise analysis of projects,38,46
FR_201105_047,,N06000010,47,"AMLOHRI EPR (NCL) (6 MTY) - NCL,Madhya pradesh",6 MTY,,COAL,2011-05,2006-05,,1352.04,1143.54,1143.54,,,67.11,2014-03,,2016-03,,,,1,2,,,,FR_MAY_2011.pdf,Sector-Wise analysis of projects,38,47
FR_201105_048,,N06000015,48,"MAGADH OC (CCL) - CCL,Jharkhandd",CCL,,COAL,2011-05,2006-07,,469.78,706.4,706.4,,,16.23,2012-07,2014-03,2016-03,,,,0,2,,,,FR_MAY_2011.pdf,Sector-Wise analysis of projects,38,48
FR_201105_049,,N06000043,49,"TALABIRA OCP - MCL,Orissa",,,COAL,2011-05,2008-03,,447.72,,447.72,,,35.2,2015-03,,2016-03,,,,0,2,,,,FR_MAY_2011.pdf,Sector-Wise analysis of projects,38,49
FR_201105_050,,N06000082,50,"AMLAI OC EXPANSION SECTOR 'B' (1.50 MTY) - SECL,Chhatisgarh",1.50 MTY,,COAL,2011-05,2009-11,,198.59,,198.59,,,109.84,2016-03,,2016-03,,,,0,1,,,,FR_MAY_2011.pdf,Sector-Wise analysis of projects,38,50
FR_201105_051,,N06000087,51,"Rajrappa RCE OCP - CCL,Jharkhandd",,,COAL,2011-05,2009-12,,510.85,,510.85,,,289.69,2016-03,,2016-03,,,,0,2,,,,FR_MAY_2011.pdf,Sector-Wise analysis of projects,38,51
FR_201105_052,,N06000034,52,"BHUBANESWARI OCP - MCL,Orissa",,,COAL,2011-05,2007-12,,490.1,,490.1,,,80.33,2017-03,,2017-03,,,,0,1,,,,FR_MAY_2011.pdf,Sector-Wise analysis of projects,38,52
FR_201105_053,,N06000017,53,"SHANTIKHANI LONGWALL PROJ- SCCL - SCCL,Andhra Pradesh",,,COAL,2011-05,2006-10,,249.03,,249.03,,,38.43,2012-03,,2012-03,,,,13,42,,,,FR_MAY_2011.pdf,Sector-Wise analysis of projects,38,53
FR_201105_054,,N06000025,54,"JALLARAM SHAFT PROJECT - SCCL,Andhra Pradesh Total",,,COAL,2011-05,2013-03,,467.78,25504.15,467.78,,,12.31,2013-03,,2013-03,,,,0,83,,,,FR_MAY_2011.pdf,Sector-Wise analysis of projects,38,54
FR_201105_055,,N08000007,55,"CAPACITY ENHANCEMENT OF VIJAIPUR-I PLANTS - NFL,Madhya pradesh",,,FERTILISERS,2011-05,2008-09,,325.0,,325.0,,,,2011-07,,2011-07,,,,0,0,,,,FR_MAY_2011.pdf,Sector-Wise analysis of projects,38,55
FR_201105_056,,N08000008,56,"CAPACITY ENHANCEMENT OF AMMONIA AND UREA PLANT VIJ - NFL,Madhya pradesh",,,FERTILISERS,2011-05,2008-09,,438.0,,438.0,,,,2011-07,,2011-07,,,,0,0,,,,FR_MAY_2011.pdf,Sector-Wise analysis of projects,38,56
FR_201105_057,,N08000003,57,"THAL AMMONIA REVAMP PROJECT - RCF,Haryana",,,FERTILISERS,2011-05,2009-01,,488.75,,488.75,,,85.96,2011-11,,2011-11,,,,2,22,,,,FR_MAY_2011.pdf,Sector-Wise analysis of projects,38,57
FR_201105_058,,N08000004,58,"PANIPAT - AMMONIA PLANT FEEDSTOCK CHANGEOVER PROJE - NFL,Haryana",,,FERTILISERS,2011-05,2010-01,,1292.84,,1292.84,,,132.25,2013-01,,2013-01,,,,0,5,,,,FR_MAY_2011.pdf,Sector-Wise analysis of projects,38,58
FR_201105_059,,N08000005,59,"BATHINDA - AMMONIA PLANT FEEDSTOCK CHANGEOVER PROJ - NFL,Punjab",,,FERTILISERS,2011-05,2010-01,,1294.19,,1294.19,,,115.95,2013-01,,2013-01,,,,0,5,,,,FR_MAY_2011.pdf,Sector-Wise analysis of projects,38,59
FR_201105_060,,N08000006,60,"NANGAL - AMMONIA PLANT FEEDSTOCK PROJECT - NFL,Punjab",,,FERTILISERS,2011-05,2010-01,,1478.63,,1478.63,,,119.71,2012-12,,2013-01,,,,0,8,,,,FR_MAY_2011.pdf,Sector-Wise analysis of projects,38,60
FR_201105_061,,100100054,61,"SECOND PHASE EXPANSION OF CAPTIVE ALUMINIUM,SMELTER AND POWE - NALCO,Orissa Total",,,MINES,2011-05,2004-10,,4091.51,4401.76,4401.76,,,3983.0,2008-12,2011-01,2011-05,,,,117,110,,,,FR_MAY_2011.pdf,Sector-Wise analysis of projects,39,61
FR_201105_062,,N12000054,62,"REBUILDING OF COKE OVEN BATTERY NO-6 (BSP) - SAIL,Jharkhandd",BSP,,STEEL,2011-05,2008-07,,172.78,,172.78,,,129.87,2010-01,,2011-06,,,,0,1,,,,FR_MAY_2011.pdf,Sector-Wise analysis of projects,39,62
FR_201105_063,,N12000023,63,"700TPD ARI SEPARATION UNIT-4 AT OXYGEN PLANT-II, BHILLAI - SAIL,Chhatisgarh",,,STEEL,2011-05,2007-07,,111.28,232.93,232.93,,,148.35,,,2011-07,,,,0,1,,,,FR_MAY_2011.pdf,Sector-Wise analysis of projects,39,63
FR_201105_064,,N12000033,64,"Rebuilding of coke oven battery No.1 & 2 (Bokaro S - SAIL,Jharkhandd",,,STEEL,2011-05,2007-10,,500.9,,500.9,,,174.51,2010-04,,2011-09,,,,0,2,,,,FR_MAY_2011.pdf,Sector-Wise analysis of projects,39,64
FR_201105_065,,N12000069,65,"330 TPH BOILER-6 AND AUXILIARY SYSTEM - RINL,Andhra Pradesh",,,STEEL,2011-05,2007-07,,260.0,,350.0,,,216.05,,,2011-09,,,,1,2,,,,FR_MAY_2011.pdf,Sector-Wise analysis of projects,39,65
FR_201105_066,,N12000068,66,"67.5 MW TG-5 AUX. S'TEM EMERGENCY POWER REQUIREM - RINL,Andhra Pradesh",,,STEEL,2011-05,2007-07,,230.0,,343.58,,,220.64,,,2011-10,,,,2,3,,,,FR_MAY_2011.pdf,Sector-Wise analysis of projects,39,66
FR_201105_067,,N12000051,67,"EXPANSION OF IISCO STEEL PLANT - SAIL,",,,STEEL,2011-05,2008-02,,14443.0,16408.0,16408.0,,,10895.83,2011-12,,2011-12,,,,1,14,,,,FR_MAY_2011.pdf,Sector-Wise analysis of projects,39,67
FR_201105_068,,N12000055,68,"EXPANSION OF BOKARO STEEL PLANT - SAIL,Jharkhandd",,,STEEL,2011-05,2008-01,,3316.0,6325.0,6325.0,,,1968.86,2011-12,,2011-12,,,,0,11,,,,FR_MAY_2011.pdf,Sector-Wise analysis of projects,39,68
FR_201105_069,,120100067,69,"EXPANSION OF RINL/VSP FROM 3 MTPY-6.3 MTPY OF LIQUID STEEL - RINL,Andhra Pradesh",,,STEEL,2011-05,2005-10,,8692.0,,12291.0,,,8370.23,2009-10,,2012-03,,,,45,59,,,,FR_MAY_2011.pdf,Sector-Wise analysis of projects,39,69
FR_201105_070,,N12000018,70,"Bailadila Iron Ore Deposit- IIB(NMDC) - NMDC,Chhatisgarh",NMDC,,STEEL,2011-05,2007-01,,295.89,,607.17,,,282.27,,,2012-03,,,,3,7,,,,FR_MAY_2011.pdf,Sector-Wise analysis of projects,39,70
FR_201105_071,,N12000053,71,"Augmentation of Iron Ore Storage in RMHP - RINL,Multi State",,,STEEL,2011-05,2008-05,,480.0,,480.84,,,90.9,2012-05,,2012-05,,,,1,2,,,,FR_MAY_2011.pdf,Sector-Wise analysis of projects,39,71
FR_201105_072,,N12000038,72,"COKE OVEN BATTERY NO. 4 PHASE- II - RINL,Andhra Pradesh",,,STEEL,2011-05,2007-08,,108.0,,216.68,,,41.11,2012-10,,2012-10,,,,3,4,,,,FR_MAY_2011.pdf,Sector-Wise analysis of projects,39,72
FR_201105_073,,N12000056,73,"EXPENSION OF ROURKELA STEEL PLANT - SAIL,Orissa",,,STEEL,2011-05,2008-09,,6133.0,,11812.0,,,1253.17,2011-02,,2013-03,,,,0,0,,,,FR_MAY_2011.pdf,Sector-Wise analysis of projects,39,73
FR_201105_074,,N12000057,74,"EXPANSION OF BHILAI STEEL PLANT - SAIL,Chhatisgarh",,,STEEL,2011-05,2008-09,,5185.0,17265.0,17265.0,,,2594.45,2013-03,,2013-03,,,,0,20,,,,FR_MAY_2011.pdf,Sector-Wise analysis of projects,39,74
FR_201105_075,,N12000072,75,"1.2 MTPA PELLET PLANT DONIMALAI - NMDC,Karnataka",,,STEEL,2011-05,2011-04,,572.0,,572.0,,,,2013-04,,2013-04,,,,0,0,,,,FR_MAY_2011.pdf,Sector-Wise analysis of projects,39,75
FR_201105_076,,N12000073,76,"7.0 MTPA KUMARASWAMY IRON ORE MINE - NMDC,Karnataka Total",,,STEEL,2011-05,2011-02,,898.55,41398.4,898.55,,,26386.24,2013-05,,2013-05,,,,0,0,,,,FR_MAY_2011.pdf,Sector-Wise analysis of projects,39,76
FR_201105_077,,N16000080,77,"CAPACITY EXP. CUM MODERNISATION PH-II - BPCL,Kerala",,,PETROLEUM,2011-05,2009-09,,2591.8,3941.41,3941.41,,,3252.92,2009-12,,2010-12,,,,0,0,,,,FR_MAY_2011.pdf,Sector-Wise analysis of projects,40,77
FR_201105_078,,160100168,78,"C2-C3 AND LPG RECOVERY FROM LNG, DAHEJ (ONGC) - ONGC,Gujarat",ONGC,,PETROLEUM,2011-05,2003-12,,900.92,1493.49,976.08,,,774.32,2008-05,2010-07,2011-04,,,,0,2,,,,FR_MAY_2011.pdf,Sector-Wise analysis of projects,40,78
FR_201105_079,,N16000111,79,"Pipeline Replacement project-2 - ONGC,Multi State",,,PETROLEUM,2011-05,2007-12,,2553.28,3796.21,3796.21,,,3614.84,2011-05,,2011-05,,,,0,0,,,,FR_MAY_2011.pdf,Sector-Wise analysis of projects,40,79
FR_201105_080,,N16000009,80,"DIESEL HYDRO TREATMENT PROJECT,BRPL DHALIGAON - BRPL,Assam",,,PETROLEUM,2011-05,2006-06,,1431.91,1646.39,1690.13,,,1577.7,2009-09,,2011-06,,,,0,0,,,,FR_MAY_2011.pdf,Sector-Wise analysis of projects,40,80
FR_201105_081,,N16000062,81,"HEERA RECONSTRUCTION - ONGC,Maharashtra",,,PETROLEUM,2011-05,2008-05,,706.7,,706.7,,,578.6,2010-04,,2011-06,,,,0,0,,,,FR_MAY_2011.pdf,Sector-Wise analysis of projects,40,81
FR_201105_082,,N16000063,82,"NEELAM RECONSTRUCTION - ONGC,Maharashtra",,,PETROLEUM,2011-05,2008-05,,305.08,,305.08,,,229.89,2011-04,,2011-06,,,,0,0,,,,FR_MAY_2011.pdf,Sector-Wise analysis of projects,40,82
FR_201105_083,,N16000070,83,"KARANPUR MORADABAD-KASHIPUR- RUDRAPUR PIPELINE PROJECT PHASE- - GAIL,Multi State",,,PETROLEUM,2011-05,2009-07,,238.68,196.25,200.0,,,85.74,2011-06,,2011-06,,,,1,8,,,,FR_MAY_2011.pdf,Sector-Wise analysis of projects,40,83
FR_201105_084,,N16000083,84,"REFRIGERATED LPG STORAGE AT JNPT - BPCL,Maharashtra",,,PETROLEUM,2011-05,2008-06,,304.4,,304.4,,,227.2,2010-12,,2011-06,,,,0,0,,,,FR_MAY_2011.pdf,Sector-Wise analysis of projects,40,84
FR_201105_085,,N16000096,85,"North Tapti Gas Field Development - ONGC,Multi State",,,PETROLEUM,2011-05,2008-07,,589.7,755.76,755.76,,,411.26,2011-03,2011-05,2011-06,,,,0,0,,,,FR_MAY_2011.pdf,Sector-Wise analysis of projects,40,85
FR_201105_086,,N16000102,86,"Integrated Sugar, Ethanol, Cogen Power Plant at Sugauli - HPCL,Bihar",,,PETROLEUM,2011-05,2009-06,,613.54,,727.88,,,620.66,2010-12,,2011-06,,,,0,0,,,,FR_MAY_2011.pdf,Sector-Wise analysis of projects,40,86
FR_201105_087,,N16000040,87,"MSQ QUALITY UP GRADATION PROJECT AT BONGAIGAON REF - IOCL,Assam",,,PETROLEUM,2011-05,2008-04,,293.6,,293.6,,,219.75,2009-12,,2011-07,,,,0,0,,,,FR_MAY_2011.pdf,Sector-Wise analysis of projects,40,87
FR_201105_088,,N16000066,88,"CONSTRUCTION OF NEW TERMINAL AT ENNORE CHENNAI - HPCL,Tamil Nadu",,,PETROLEUM,2011-05,2008-01,,224.0,299.0,299.0,,,198.79,2010-12,2011-08,2011-08,,,,0,0,,,,FR_MAY_2011.pdf,Sector-Wise analysis of projects,40,88
FR_201105_089,,N16000052,89,"DAHEJ-VIJAYPUR PIPE LINE PROJECT(PHASE-II) - GAIL,Multi State",PHASE-II,,PETROLEUM,2011-05,2007-11,,4403.26,4403.26,2500.0,,,2135.08,2011-10,2011-09,2011-09,,,,0,2,,,,FR_MAY_2011.pdf,Sector-Wise analysis of projects,40,89
FR_201105_090,,N16000057,90,"RESITEMENT OF MARKETING INSTALATION AT VISAKHAPATT - HPCL,Andhra Pradesh",,,PETROLEUM,2011-05,2009-01,,756.0,,756.0,,,637.09,2011-12,,2011-09,,,,0,0,,,,FR_MAY_2011.pdf,Sector-Wise analysis of projects,40,90
FR_201105_091,,N16000024,91,"HEERA AND SOUTH HEERA RE- DEVELOPMENT PROJECT - ONGC,Maharashtra",,,PETROLEUM,2011-05,2006-09,,2305.3,700.0,3005.3,,,2416.96,2010-06,2010-06,2011-10,,,,0,0,,,,FR_MAY_2011.pdf,Sector-Wise analysis of projects,40,91
FR_201105_092,,N16000115,92,"CONSTRUCTION OF TANKS AND BLENDING FACILITY AT VAD - IOCL,Gujarat",,,PETROLEUM,2011-05,2009-02,,267.0,,267.0,,,160.0,2012-09,,2011-10,,,,0,0,,,,FR_MAY_2011.pdf,Sector-Wise analysis of projects,40,92
FR_201105_093,,N16000023,93,"DEVELOPMENT OF C-SERIES FIELDS - ONGC,Maharashtra",,,PETROLEUM,2011-05,2006-08,,3195.16,,2800.0,,,2520.91,2008-12,2008-12,2011-11,,,,0,0,,,,FR_MAY_2011.pdf,Sector-Wise analysis of projects,40,93
FR_201105_094,,N16000050,94,"BAWANA NANGAL PIPE LINE PROJECT - GAIL,Multi State",,,PETROLEUM,2011-05,2007-11,,1816.07,1816.07,1400.0,,,807.12,2011-12,,2011-12,,,,0,1,,,,FR_MAY_2011.pdf,Sector-Wise analysis of projects,40,94
FR_201105_095,,N16000053,95,"COMPRESSOR STATIONS (VIJAYPUR AND JHABUA) PHASE-I - GAIL,Madhya pradesh",VIJAYPUR AND JHABUA,,PETROLEUM,2011-05,2007-11,,1512.0,1434.0,982.0,,,837.1,2011-04,2011-12,2011-12,,,,0,3,,,,FR_MAY_2011.pdf,Sector-Wise analysis of projects,40,95
FR_201105_096,,N16000054,96,"COMPRESSOR STATIONS (KAILARAS &CHAINSA) - GAIL,Multi State",KAILARAS &CHAINSA,,PETROLEUM,2011-05,2007-11,,1167.0,1167.0,810.0,,,448.39,2011-04,2011-12,2011-12,,,,0,2,,,,FR_MAY_2011.pdf,Sector-Wise analysis of projects,40,96
FR_201105_097,,N16000059,97,"BRANCH PIPELINE FROM KSPL VIRAMGAON TO KANDLA - IOCL,Gujarat",,,PETROLEUM,2011-05,2009-02,,250.0,349.0,250.0,,,169.28,2013-03,,2011-12,,,,0,0,,,,FR_MAY_2011.pdf,Sector-Wise analysis of projects,41,97
FR_201105_098,,N16000084,98,"CONSTRUCTION OF 12 OFFSHORE SUPPLY VESSELS(OSV) - ONGC,Multi State",OSV,,PETROLEUM,2011-05,2007-06,,736.65,,736.65,,,210.29,2011-09,,2011-12,,,,0,0,,,,FR_MAY_2011.pdf,Sector-Wise analysis of projects,41,98
FR_201105_099,,N16000109,99,"EURO-IV DHDT - CPCL,Tamil Nadu",,,PETROLEUM,2011-05,2008-09,,2615.69,,2615.69,,,1528.91,2011-05,,2011-12,,,,0,116,,,,FR_MAY_2011.pdf,Sector-Wise analysis of projects,41,99
FR_201105_100,,N16000114,100,"MRPL Phase-III Expansion - Mangalore Refin,Karnataka",,,PETROLEUM,2011-05,2008-08,,12412.0,12160.26,12160.26,,,5898.46,2012-01,,2012-01,,,,0,0,,,,FR_MAY_2011.pdf,Sector-Wise analysis of projects,41,100
FR_201105_101,,N16000045,101,"MNW-NF BRIDGE PROJECT - ONGC,Maharashtra",,,PETROLEUM,2011-05,2008-05,,175.21,,162.12,,,58.26,2009-03,,2012-02,,,,0,0,,,,FR_MAY_2011.pdf,Sector-Wise analysis of projects,41,101
FR_201105_102,,N16000031,102,"OFFSHORE GRID INTERCONNECTIVITY PROJECT IN MUMBAI HIGH - ONGC,Maharashtra",,,PETROLEUM,2011-05,2007-01,,740.02,,740.02,,,412.78,2010-03,2012-03,2012-03,,,,0,0,,,,FR_MAY_2011.pdf,Sector-Wise analysis of projects,41,102
FR_201105_103,,N16000068,103,"DIESEL HYDROTREATOR PROJECT AT VISAKH REFINERY - HPCL,Andhra Pradesh",,,PETROLEUM,2011-05,2009-03,,3597.0,2730.0,2730.0,,,447.73,2011-09,2012-03,2012-03,,,,0,0,,,,FR_MAY_2011.pdf,Sector-Wise analysis of projects,41,103
FR_201105_104,,N16000071,104,"KOCHI-KANJIRKOD BANGALORE- MANGALORE PIPELINE PROJECT PHASE-I - GAIL,Multi State",,,PETROLEUM,2011-05,2009-06,,348.0,348.0,260.0,,,114.08,2012-03,2012-12,2012-03,,,,6,12,,,,FR_MAY_2011.pdf,Sector-Wise analysis of projects,41,104
FR_201105_105,,N16000093,105,"VKPL UPGRADATION AND LAYING OF SPURLINE (TO BHILWARA AND CHI - GAIL,Multi State",,,PETROLEUM,2011-05,2009-12,,463.32,,340.0,,,95.29,2011-06,2012-03,2012-03,,,,3,9,,,,FR_MAY_2011.pdf,Sector-Wise analysis of projects,41,105
FR_201105_106,,N16000126,106,"SETTING UP 100 MW COMMERCIAL WIND ENERGY GENERATION - GAIL,Multi State",,,PETROLEUM,2011-05,2011-05,,616.0,,616.0,,,,2012-03,,2012-03,,,,0,0,,,,FR_MAY_2011.pdf,Sector-Wise analysis of projects,41,106
FR_201105_107,,N16000106,107,"ASSAM GAS CRACKER PROJECT - BCPL,Assam",,,PETROLEUM,2011-05,2006-04,,5460.61,,5460.61,,,2285.02,,,2012-04,,,,0,30,,,,FR_MAY_2011.pdf,Sector-Wise analysis of projects,41,107
FR_201105_108,,160100231,108,"INTEGRATED DEV OF G1 and GS-15 (ONGCL) - ONGC,Multi State",ONGCL,,PETROLEUM,2011-05,2003-04,,429.82,2218.01,2218.01,,,1237.61,2006-04,2011-05,2012-05,,,,0,0,,,,FR_MAY_2011.pdf,Sector-Wise analysis of projects,41,108
FR_201105_109,,N16000030,109,"CONSTRUCTION OF NEW PROCESS COMPLEX MHN - ONGC,Maharashtra",,,PETROLEUM,2011-05,2007-01,,2853.29,6326.4,6326.4,,,3113.55,2010-05,2012-05,2012-05,,,,0,0,,,,FR_MAY_2011.pdf,Sector-Wise analysis of projects,41,109
FR_201105_110,,N16000032,110,"DEVELOPMENT OF B-22 CLUSTER FIELDS - ONGC,Maharashtra",,,PETROLEUM,2011-05,2007-01,,2323.4,2920.82,2920.82,,,1093.65,2010-09,2012-03,2012-05,,,,0,0,,,,FR_MAY_2011.pdf,Sector-Wise analysis of projects,41,110
FR_201105_111,,N16000044,111,"REVAMPING OF WIN PLATFORM AT MH ASSET - ONGC,Maharashtra",,,PETROLEUM,2011-05,2008-05,,333.4,837.54,656.51,,,12.28,2010-05,2012-04,2012-05,,,,0,0,,,,FR_MAY_2011.pdf,Sector-Wise analysis of projects,41,111
FR_201105_112,,N16000046,112,"DEVELOPMENT OF B-46 CLUSTER FIELD - ONGC,Maharashtra",,,PETROLEUM,2011-05,2007-06,,1436.21,,1436.21,,,52.56,2010-07,2012-05,2012-05,,,,0,0,,,,FR_MAY_2011.pdf,Sector-Wise analysis of projects,41,112
FR_201105_113,,N16000110,113,"CDU/VDU-II - CPCL,Tamil Nadu",,,PETROLEUM,2011-05,2010-03,,333.99,,333.99,,,36.86,2012-05,,2012-05,,,,5,36,,,,FR_MAY_2011.pdf,Sector-Wise analysis of projects,41,113
FR_201105_114,,N16000033,114,"DEVELOPMENT OF B-193 CLUSTER FIELDS - ONGC,Maharashtra",,,PETROLEUM,2011-05,2007-06,,3248.78,5633.44,5633.44,,,1113.85,2010-08,2012-03,2012-06,,,,0,0,,,,FR_MAY_2011.pdf,Sector-Wise analysis of projects,41,114
FR_201105_115,,N16000086,115,"ADDITIONAL DEV. OF D-1 FIELD - ONGC,Multi State",,,PETROLEUM,2011-05,2010-01,,2163.64,,2163.64,,,466.18,2012-06,,2012-06,,,,0,0,,,,FR_MAY_2011.pdf,Sector-Wise analysis of projects,41,115
FR_201105_116,,N16000090,116,"INTEGRATED OFFSHORE CRUDE OIL HANDLING FACILITIES - IOCL,Orissa",,,PETROLEUM,2011-05,2009-12,,1492.33,,1492.33,,,663.21,,,2012-06,,,,6,9,,,,FR_MAY_2011.pdf,Sector-Wise analysis of projects,42,116
FR_201105_117,,N16000119,117,"Wind Power Project - ONGC,Gujarat",,,PETROLEUM,2011-05,2010-07,,1106.0,,1106.0,,,,2012-06,,2012-06,,,,0,0,,,,FR_MAY_2011.pdf,Sector-Wise analysis of projects,42,117
FR_201105_118,,N16000065,118,"ADDITIONAL GAS PROCESSING FACILITI AT HAZIRA - ONGC,Gujarat",,,PETROLEUM,2011-05,2008-02,,370.11,,370.11,,,50.26,2011-04,,2012-07,,,,0,0,,,,FR_MAY_2011.pdf,Sector-Wise analysis of projects,42,118
FR_201105_119,,N16000094,119,"BNPL SPURLINE (UTTRANCHAL & PUNJAB) - GAIL,Multi State",UTTRANCHAL & PUNJAB,,PETROLEUM,2011-05,2009-12,,540.92,,400.0,,,56.2,2011-06,2012-07,2012-07,,,,7,9,,,,FR_MAY_2011.pdf,Sector-Wise analysis of projects,42,119
FR_201105_120,,N16000113,120,"Polypropylene unit - Mangalore Refin,Karnataka",,,PETROLEUM,2011-05,2009-05,,1803.78,,1803.78,,,289.6,2012-07,,2012-07,,,,0,0,,,,FR_MAY_2011.pdf,Sector-Wise analysis of projects,42,120
FR_201105_121,,N16000073,121,"DHABOL-BANGALORE PIPELINE PROJECT PHASE-I - GAIL,Multi State",,,PETROLEUM,2011-05,2009-06,,4543.43,4508.38,2500.0,,,605.45,2012-03,2012-08,2012-08,,,,11,10,,,,FR_MAY_2011.pdf,Sector-Wise analysis of projects,42,121
FR_201105_122,,N16000098,122,"Up-gradation of Konaban GGS and Pipeline Grid Project - ONGC,Tripura",,,PETROLEUM,2011-05,2008-07,,288.04,288.04,288.04,,,45.06,2012-08,,2012-08,,,,0,0,,,,FR_MAY_2011.pdf,Sector-Wise analysis of projects,42,122
FR_201105_123,,N16000060,123,"MUMBAI HIGH NORTH DEVELOPMENT PHASE-II - ONGC,Maharashtra",,,PETROLEUM,2011-05,2009-01,,7133.39,,6855.93,,,2003.05,2012-09,,2012-09,,,,0,0,,,,FR_MAY_2011.pdf,Sector-Wise analysis of projects,42,123
FR_201105_124,,N16000088,124,"PARADIP-RAIPUR-SAMBALPUR- RANCHI PIPELINE - IOCL,Multi State",,,PETROLEUM,2011-05,2009-08,,1793.0,,1793.0,,,315.6,2012-09,,2012-09,,,,0,15,,,,FR_MAY_2011.pdf,Sector-Wise analysis of projects,42,124
FR_201105_125,,N16000117,125,"Construction of 6 ETPs - ONGC,Gujarat",,,PETROLEUM,2011-05,2009-03,,302.26,,302.26,,,15.78,2012-09,,2012-09,,,,0,0,,,,FR_MAY_2011.pdf,Sector-Wise analysis of projects,42,125
FR_201105_126,,N16000058,126,"PARADIP REFINERY PROJECT - IOCL,Orissa",,,PETROLEUM,2011-05,2009-02,,29777.0,,29777.0,,,7148.66,,,2012-11,,,,107,103,,,,FR_MAY_2011.pdf,Sector-Wise analysis of projects,42,126
FR_201105_127,,N16000064,127,"ADDITIONAL GAS PROCESSING UNITS AT URAN - ONGC,Maharashtra",,,PETROLEUM,2011-05,2008-10,,1797.35,,1797.35,,,49.86,2011-12,,2013-01,,,,0,0,,,,FR_MAY_2011.pdf,Sector-Wise analysis of projects,42,127
FR_201105_128,,N16000107,128,"Fluidized catalytic cracking unit(FCCU) revamp - IOCL,Uttar Pradesh",FCCU,,PETROLEUM,2011-05,2010-07,,1000.0,,1000.0,,,9.77,,,2013-01,,,,11,18,,,,FR_MAY_2011.pdf,Sector-Wise analysis of projects,42,128
FR_201105_129,,N16000116,129,"Development of SB-14 field - ONGC,Multi State",,,PETROLEUM,2011-05,2011-01,,410.44,,410.44,,,,2013-01,,2013-01,,,,0,0,,,,FR_MAY_2011.pdf,Sector-Wise analysis of projects,42,129
FR_201105_130,,N16000108,130,"BUTADIENE EXTRACTION UNIT (BDEU) AT PANIPAT - IOCL,Haryana",BDEU,,PETROLEUM,2011-05,2009-11,,341.5,,341.5,,,5.49,,,2013-02,,,,12,42,,,,FR_MAY_2011.pdf,Sector-Wise analysis of projects,42,130
FR_201105_131,,160100217,131,"IOR, RUDRASAGAR (ONGCL) - ONGC,Assam",ONGCL,,PETROLEUM,2011-05,2001-09,,113.9,438.85,438.85,,,218.08,2006-03,2013-03,2013-03,,,,6,6,,,,FR_MAY_2011.pdf,Sector-Wise analysis of projects,42,131
FR_201105_132,,N16000039,132,"MUMBAI HIGH SOUTH REDEVELOPMENT PH-2 - ONGC,Maharashtra",,,PETROLEUM,2011-05,2007-10,,5713.03,8813.41,8813.41,,,6653.89,2010-05,2013-03,2013-03,,,,0,0,,,,FR_MAY_2011.pdf,Sector-Wise analysis of projects,42,132
FR_201105_133,,N16000061,133,"ASSAM RENEWAL PROJECT FOR GROUP A - ONGC,Assam",,,PETROLEUM,2011-05,2009-03,,2465.15,,2378.86,,,281.62,2013-03,,2013-03,,,,0,0,,,,FR_MAY_2011.pdf,Sector-Wise analysis of projects,42,133
FR_201105_134,,N16000103,134,"Construction of one Multipurpose Support Vessel - ONGC,Multi State",,,PETROLEUM,2011-05,2010-01,,723.64,,723.64,,,,2013-03,,2013-03,,,,0,0,,,,FR_MAY_2011.pdf,Sector-Wise analysis of projects,42,134
FR_201105_135,,N16000104,135,"Development of Cluster-7 Fields - ONGC,Multi State",,,PETROLEUM,2011-05,2010-03,,3241.03,,3241.03,,,,2013-03,,2013-03,,,,0,0,,,,FR_MAY_2011.pdf,Sector-Wise analysis of projects,42,135
FR_201105_136,,N16000118,136,"Development of BHE and BH-35 Area. - ONGC,Multi State",,,PETROLEUM,2011-05,2010-08,,372.11,,372.11,,,,2013-03,,2013-03,,,,0,0,,,,FR_MAY_2011.pdf,Sector-Wise analysis of projects,42,136
FR_201105_137,,N16000081,137,"HYDROCRACKER REVAMP SETTING UP A NEW CCR AT MUMB - BPCL,Maharashtra",,,PETROLEUM,2011-05,2008-02,,825.0,1827.0,1827.0,,,128.33,2013-04,,2013-04,,,,0,203,,,,FR_MAY_2011.pdf,Sector-Wise analysis of projects,43,137
FR_201105_138,,N16000089,138,"DE-BOTTLENECKING OF SMPL (Salaya-Mathura crude pip - IOCL,Maharashtra",,,PETROLEUM,2011-05,2009-12,,1584.0,,1584.0,,,1.69,,,2013-08,,,,0,0,,,,FR_MAY_2011.pdf,Sector-Wise analysis of projects,43,138
FR_201105_139,,N16000123,139,"Construction of 23 Immediate Supply Vessels (ISV) - ONGC,Multi State",ISV,,PETROLEUM,2011-05,2010-11,,331.2,,331.2,,,,2013-08,,2013-08,,,,0,0,,,,FR_MAY_2011.pdf,Sector-Wise analysis of projects,43,139
FR_201105_140,,N16000105,140,"Development of WO-16 Cluster Fields - ONGC,Multi State",,,PETROLEUM,2011-05,2010-06,,2523.0,,2523.0,,,,2014-01,,2014-01,,,,0,0,,,,FR_MAY_2011.pdf,Sector-Wise analysis of projects,43,140
FR_201105_141,,N16000101,141,"Wax Project - NRL,Assam",,,PETROLEUM,2011-05,2010-08,,576.6,,576.6,,,1.74,2014-02,,2014-02,,,,0,0,,,,FR_MAY_2011.pdf,Sector-Wise analysis of projects,43,141
FR_201105_142,,N16000112,142,"Petrochemical Complex-II - GAIL,Multi State",,,PETROLEUM,2011-05,2010-08,,8140.0,,8140.0,,,85.38,2014-02,,2014-02,,,,0,0,,,,FR_MAY_2011.pdf,Sector-Wise analysis of projects,43,142
FR_201105_143,,160100215,143,"IOR LAKWA - LAKHMANI (ONGCL) - ONGC,Assam",ONGCL,,PETROLEUM,2011-05,2001-09,,345.1,663.69,663.69,,,559.61,2007-03,2014-03,2014-03,,,,3,3,,,,FR_MAY_2011.pdf,Sector-Wise analysis of projects,43,143
FR_201105_144,,N16000120,144,"Ahmedabad Redevelopment - ONGC,Gujarat",,,PETROLEUM,2011-05,2010-11,,1916.1,,1916.1,,,,2014-12,,2014-12,,,,0,0,,,,FR_MAY_2011.pdf,Sector-Wise analysis of projects,43,144
FR_201105_145,,N16000122,145,"Ankleswar Redevelopment - ONGC,Gujarat",,,PETROLEUM,2011-05,2010-11,,2189.63,,2189.63,,,,2014-12,,2014-12,,,,0,0,,,,FR_MAY_2011.pdf,Sector-Wise analysis of projects,43,145
FR_201105_146,,N16000121,146,"Mehesana Redevelopment - ONGC,Gujarat",,,PETROLEUM,2011-05,2010-11,,3823.0,,3823.0,,,,2015-04,,2015-04,,,,0,0,,,,FR_MAY_2011.pdf,Sector-Wise analysis of projects,43,146
FR_201105_147,,160100216,147,"IOR GELEKI (ONGCL) - ONGC,Assam",ONGCL,,PETROLEUM,2011-05,2001-09,,390.09,1674.11,1674.11,,,1209.98,2007-03,2017-03,2017-03,,,,6,6,,,,FR_MAY_2011.pdf,Sector-Wise analysis of projects,43,147
FR_201105_148,,N16000051,148,"JHAJJAR HISSAR PIPE LINE PROJECT - GAIL,Haryana",,,PETROLEUM,2011-05,2007-11,,281.07,,281.07,,,3.29,2010-10,,,,,,0,0,,,,FR_MAY_2011.pdf,Sector-Wise analysis of projects,43,148
FR_201105_149,,N16000069,149,"DIESEL HYDROTREATOR PROJECT AT MUMBAI REFINERY - HPCL,Maharashtra",,,PETROLEUM,2011-05,2009-03,,3284.0,2174.0,2174.0,,,384.0,2011-09,2012-03,2011-09,,,,0,0,,,,FR_MAY_2011.pdf,Sector-Wise analysis of projects,43,149
FR_201105_150,,N16000072,150,"JAGDISHPUR-HALDIA PIPELINE PROJECT PHASE-I - GAIL,Multi State Total",,,PETROLEUM,2011-05,2009-07,,7596.18,6652.22,6652.22,,,0.8,2012-03,,,,,,0,0,,,,FR_MAY_2011.pdf,Sector-Wise analysis of projects,43,150
FR_201105_151,,180100256,151,"KOTESWAR TRANSMISSION SYSTEM (PGCIL) - PGCIL,Uttaranchal",PGCIL,,POWER,2011-05,2006-06,,260.34,,241.27,,,184.12,2008-06,,2011-06,,,,9,20,,,,FR_MAY_2011.pdf,Sector-Wise analysis of projects,43,151
FR_201105_152,,260100100,152,"EAST-WEST TRANSNISSION CORRIDOR STRENGTHNING SCHEME - PGCIL,Multi State",,,POWER,2011-05,2006-06,,803.7,,803.76,,,665.56,2009-06,,2011-06,,,,1,20,,,,FR_MAY_2011.pdf,Sector-Wise analysis of projects,43,152
FR_201105_153,,N18000043,153,"TRANSMISSION SYSTEM ASSOCIATED WITH FARAKKA-III - PGCIL,Multi State",,,POWER,2011-05,2008-12,,204.07,,204.07,,,110.58,2011-06,,2011-06,,,,0,0,,,,FR_MAY_2011.pdf,Sector-Wise analysis of projects,43,153
FR_201105_154,,N18000059,154,"TRANSMISSION SYSTEM ASSOCIATED WITH KORBA III GENE - PGCIL,Madhya pradesh",,,POWER,2011-05,2009-02,,276.61,,276.61,,,197.24,2011-06,,2011-06,,,,0,0,,,,FR_MAY_2011.pdf,Sector-Wise analysis of projects,43,154
FR_201105_155,,180100241,155,"CHAMERA,STAGE-III (NHPC) - NHPC,Himachal Pr.",NHPC,,POWER,2011-05,2005-08,,1405.63,,1405.63,,,1609.35,2010-08,,2011-08,,,,0,0,,,,FR_MAY_2011.pdf,Sector-Wise analysis of projects,43,155
FR_201105_156,,N18000007,156,"CHUTAK HYDRO-ELECTRIC PROJECT (NHPC) - NHPC,J & K",NHPC,,POWER,2011-05,2006-08,,621.28,,621.28,,,642.99,2011-02,,2011-08,,,,0,1,,,,FR_MAY_2011.pdf,Sector-Wise analysis of projects,44,156
FR_201105_157,,N18000040,157,"EST. OF 400/220 KV GIS POOLING STATION NEAR CHAMER - PGCIL,Himachal Pr.",,,POWER,2011-05,2007-09,,262.1,,262.1,,,163.6,2010-09,,2011-08,,,,0,0,,,,FR_MAY_2011.pdf,Sector-Wise analysis of projects,44,157
FR_201105_158,,N18000023,158,"TRANSMISSION SYSTEM ASSOCIATEDWITH URI-II - PGCIL,J & K",,,POWER,2011-05,2006-10,,238.25,,227.03,,,210.01,2011-05,2011-05,2011-09,,,,0,0,,,,FR_MAY_2011.pdf,Sector-Wise analysis of projects,44,158
FR_201105_159,,N18000033,159,"EASTERN REGION STRENGTHENING SCHEME-II - PGCIL,Multi State",,,POWER,2011-05,2007-12,,227.52,,227.52,,,132.47,2010-06,,2011-09,,,,0,0,,,,FR_MAY_2011.pdf,Sector-Wise analysis of projects,44,159
FR_201105_160,,N18000050,160,"WESTERN REGION STRENGHTENING SCHEME-IX - PGCIL,Multi State",,,POWER,2011-05,2008-04,,230.89,,230.89,,,77.04,2011-01,,2011-10,,,,0,1,,,,FR_MAY_2011.pdf,Sector-Wise analysis of projects,44,160
FR_201105_161,,N18000018,161,"TRANSMISSION SYSTEM ASSOCIATED WITH PARBATI-III HEP - PGCIL,Himachal Pr.",,,POWER,2011-05,2006-07,,557.24,,639.52,,,459.86,2010-01,,2011-11,,,,0,22,,,,FR_MAY_2011.pdf,Sector-Wise analysis of projects,44,161
FR_201105_162,,N18000054,162,"NORTHERN REGION SYSTEM STRENGHTENING SCHEME-XIII - PGCIL,Multi State",,,POWER,2011-05,2009-02,,317.69,,317.69,,,49.8,2011-11,,2011-11,,,,0,0,,,,FR_MAY_2011.pdf,Sector-Wise analysis of projects,44,162
FR_201105_163,,180100250,163,"PARBATI H.E.P. STAGE -III (NHPC) - NHPC,Himachal Pr.",NHPC,,POWER,2011-05,2005-10,,2304.52,,2304.52,,,1461.01,2010-10,,2011-12,,,,0,0,,,,FR_MAY_2011.pdf,Sector-Wise analysis of projects,44,163
FR_201105_164,,180100251,164,"URI H.E.P STAGE -II (NHPC) - NHPC,J & K",NHPC,,POWER,2011-05,2005-08,,1724.79,,1724.79,,,1451.77,2009-11,,2011-12,,,,0,0,,,,FR_MAY_2011.pdf,Sector-Wise analysis of projects,44,164
FR_201105_165,,180100260,165,"TRANSMISSION SY. ASSOCIATED WITH BARH GENER. PROJECT(P.GR.) - PGCIL,Bihar",P.GR.,,POWER,2011-05,2005-12,,3779.46,,3725.13,,,3477.7,2009-09,,2011-12,,,,15,30,,,,FR_MAY_2011.pdf,Sector-Wise analysis of projects,44,165
FR_201105_166,,N18000022,166,"WESTERN REGION STRENGTHENING SCHEME-II - PGCIL,Rajasthan",,,POWER,2011-05,2006-07,,5221.23,,4978.56,,,2894.24,2010-07,,2011-12,,,,3,20,,,,FR_MAY_2011.pdf,Sector-Wise analysis of projects,44,166
FR_201105_167,,N18000032,167,"SIMHADRI STPP STAGE -II - NTPC,",,,POWER,2011-05,2007-08,,5103.39,,5038.83,,,3910.0,,,2011-12,,,,0,6,,,,FR_MAY_2011.pdf,Sector-Wise analysis of projects,44,167
FR_201105_168,,N18000064,168,"TR. SYSTEM ASSOCIATED WITH CHAMERA III HEP - PGCIL,Multi State",,,POWER,2011-05,2008-04,,297.37,,297.37,,,289.14,2011-07,,2011-12,,,,0,0,,,,FR_MAY_2011.pdf,Sector-Wise analysis of projects,44,168
FR_201105_169,,N18000049,169,"WESTERN REGION STRENGHTENING SCHEME-X - PGCIL,Multi State",,,POWER,2011-05,2009-02,,664.96,,664.96,,,229.52,2012-02,,2012-02,,,,0,0,,,,FR_MAY_2011.pdf,Sector-Wise analysis of projects,44,169
FR_201105_170,,N18000051,170,"WESTERN REGION SYSTEM STRENGHTENING SCHEME-XI - PGCIL,Multi State",,,POWER,2011-05,2009-02,,409.5,,409.5,,,31.5,2012-02,,2012-02,,,,0,0,,,,FR_MAY_2011.pdf,Sector-Wise analysis of projects,44,170
FR_201105_171,,N18000058,171,"NORTHERN REGION SYSTEM STRENGHTENING SCHEME-XVII - PGCIL,Rajasthan",,,POWER,2011-05,2009-02,,210.79,,210.79,,,143.12,2011-08,,2012-02,,,,0,0,,,,FR_MAY_2011.pdf,Sector-Wise analysis of projects,44,171
FR_201105_172,,N18000062,172,"TR. SYSTEM ASSOCIATED WITH TUTICORIN JV TPS - PGCIL,Multi State",,,POWER,2011-05,2009-02,,353.57,,353.57,,,204.48,2010-07,2012-02,2012-02,,,,0,0,,,,FR_MAY_2011.pdf,Sector-Wise analysis of projects,44,172
FR_201105_173,,N18000067,173,"SYSTEM STRENGHTENING -XI IN SOUTHERN REGION - PGCIL,Multi State",,,POWER,2011-05,2009-03,,196.1,,196.1,,,60.47,2011-07,,2012-02,,,,0,0,,,,FR_MAY_2011.pdf,Sector-Wise analysis of projects,44,173
FR_201105_174,,180100184,174,"KOTESHWAR HEP(THDC) - THDCL,Uttaranchal",THDC,,POWER,2011-05,2000-04,,1301.56,,2398.39,,,2381.37,2005-04,,2012-03,,,,2,12,,,,FR_MAY_2011.pdf,Sector-Wise analysis of projects,44,174
FR_201105_175,,180100229,175,"SIPAT STPP STAGE - I (NTPC) - NTPC,Chhatisgarh",NTPC,,POWER,2011-05,2003-12,,8323.39,,8323.39,,,7128.0,2009-12,,2012-03,,,,33,56,,,,FR_MAY_2011.pdf,Sector-Wise analysis of projects,45,175
FR_201105_176,,180100258,176,"KUDANKULAM-APP TRANS. SYSTEM (PGCIL) - PGCIL,Tamil Nadu",PGCIL,,POWER,2011-05,2005-05,,1779.29,,1946.85,,,1708.94,2008-11,,2012-03,,,,25,38,,,,FR_MAY_2011.pdf,Sector-Wise analysis of projects,45,176
FR_201105_177,,N18000004,177,"EASTERN REGION STRENGTHENING SCHEME-I - PGCIL,Multi State",,,POWER,2011-05,2006-10,,975.96,,894.26,,,682.82,2009-10,,2012-03,,,,2,20,,,,FR_MAY_2011.pdf,Sector-Wise analysis of projects,45,177
FR_201105_178,,N18000086,178,"System Strengthening -X of SR - PGCIL,Multi State",,,POWER,2011-05,2009-12,,276.61,,276.61,,,64.84,2012-04,,2012-04,,,,0,0,,,,FR_MAY_2011.pdf,Sector-Wise analysis of projects,45,178
FR_201105_179,,180100222,179,"TESSTA LOW DAM STAGE III HYDROELECTRIC POWER PROJE - NHPC,West Bengal",,,POWER,2011-05,2003-10,,768.92,,768.92,,,1319.23,2007-03,,2012-05,,,,1,25,,,,FR_MAY_2011.pdf,Sector-Wise analysis of projects,45,179
FR_201105_180,,N18000006,180,"NIMOO BAZGO HYDROELECTRIC PROJECT - NHPC,J & K",,,POWER,2011-05,2006-08,,611.02,,611.02,,,634.88,2010-08,,2012-06,,,,0,0,,,,FR_MAY_2011.pdf,Sector-Wise analysis of projects,45,180
FR_201105_181,,N18000078,181,"765KV SYSTEM FOR CENTRAL PART OF NORTHERN REGION G - PGCIL,Multi State",,,POWER,2011-05,2009-07,,1736.36,,1736.36,,,274.0,2012-06,,2012-06,,,,0,0,,,,FR_MAY_2011.pdf,Sector-Wise analysis of projects,45,181
FR_201105_182,,N18000082,182,"IMMEDIATE EVACUATION SYSTEM FOR NABINAGAR TPS - PGCIL,Bihar",,,POWER,2011-05,2010-02,,215.86,,215.86,,,101.79,2012-06,,2012-06,,,,0,0,,,,FR_MAY_2011.pdf,Sector-Wise analysis of projects,45,182
FR_201105_183,,N18000085,183,"System Strengthening -XII of SR - PGCIL,Multi State",,,POWER,2011-05,2010-02,,232.34,,232.34,,,6.89,2012-06,,2012-06,,,,0,0,,,,FR_MAY_2011.pdf,Sector-Wise analysis of projects,45,183
FR_201105_184,,N18000065,184,"SUPPLIMENTARY TRANSMISSION ASSOCIATED WITH DVC AND - PGCIL,Multi State",,,POWER,2011-05,2008-08,,2360.95,,2360.95,,,1631.54,2012-08,,2012-08,,,,0,0,,,,FR_MAY_2011.pdf,Sector-Wise analysis of projects,45,184
FR_201105_185,,N18000069,185,"765 KV POOLING STATION & NETWORK WITH DVC AND MAITHOB RBC - PGCIL,Multi State",,,POWER,2011-05,2008-08,,7075.33,,7075.33,,,3758.75,2012-08,,2012-08,,,,0,0,,,,FR_MAY_2011.pdf,Sector-Wise analysis of projects,45,185
FR_201105_186,,N18000081,186,"System Strengthening in NR for SASAN & MUNDRA (UMPP) - PGCIL,Multi State",UMPP,,POWER,2011-05,2009-12,,1216.83,,1216.83,,,275.04,2012-08,,2012-08,,,,0,0,,,,FR_MAY_2011.pdf,Sector-Wise analysis of projects,45,186
FR_201105_187,,N18000061,187,"TR. SYSTEM ASSOCIATED WITH MUNDRA ULTRA MEGA POWER PROJECT - PGCIL,Multi State",,,POWER,2011-05,2008-10,,4824.12,,4824.12,,,1722.37,2012-10,,2012-10,,,,0,0,,,,FR_MAY_2011.pdf,Sector-Wise analysis of projects,45,187
FR_201105_188,,N18000084,188,"MAUDA TRANSMISSION SYSTEM - PGCIL,Maharashtra",,,POWER,2011-05,2010-02,,469.38,,469.38,,,111.94,2012-10,,2012-10,,,,0,0,,,,FR_MAY_2011.pdf,Sector-Wise analysis of projects,45,188
FR_201105_189,,N18000089,189,"INTERCONNECTION BETWEEN ELECTTRICAL GRIDS OF INDIA AND B - PGCIL,Multi State",,,POWER,2011-05,2010-10,,160.32,,160.32,,,11.23,2012-10,,2012-10,,,,0,0,,,,FR_MAY_2011.pdf,Sector-Wise analysis of projects,45,189
FR_201105_190,,N18000048,190,"MOUDA STPP (NTPC) - NTPC,Maharashtra",NTPC,,POWER,2011-05,2007-11,,5459.28,,6010.89,,,2449.0,,,2012-11,,,,0,16,,,,FR_MAY_2011.pdf,Sector-Wise analysis of projects,45,190
FR_201105_191,,N18000076,191,"TRANSMISSION SYSTEM OF VINDHYACHAL-IV AND RIHAND-I - PGCIL,Multi State",,,POWER,2011-05,2010-03,,4672.99,,4672.99,,,264.04,2012-11,,2012-11,,,,0,0,,,,FR_MAY_2011.pdf,Sector-Wise analysis of projects,45,191
FR_201105_192,,N18000083,192,"NORTHERN REGION TRANSMISSION STRENGTHENING SCHEME - PGCIL,Multi State",,,POWER,2011-05,2010-03,,965.58,,965.58,,,202.2,2012-11,,2012-11,,,,0,0,,,,FR_MAY_2011.pdf,Sector-Wise analysis of projects,45,192
FR_201105_193,,N18000100,193,"EASTERN REGION TRANSMISSION SYSTEM-III - PGCIL,Multi State",,,POWER,2011-05,2010-07,,1272.8,,1272.8,,,85.21,2012-11,,2012-11,,,,0,0,,,,FR_MAY_2011.pdf,Sector-Wise analysis of projects,45,193
FR_201105_194,,180100243,194,"TEESTA LOW DAM HEP, STAGE-IV (NHPC) - NHPC,West Bengal",NHPC,,POWER,2011-05,2005-09,,1061.38,,1061.38,,,953.1,2009-09,,2012-12,,,,0,0,,,,FR_MAY_2011.pdf,Sector-Wise analysis of projects,46,194
FR_201105_195,,N18000046,195,"TRANSMISSION SYSTEM ASSOCIATED WITH SASAN ULTRA ME - PGCIL,Multi State",,,POWER,2011-05,2008-12,,7031.88,,7031.88,,,2248.33,2012-12,,2012-12,,,,0,0,,,,FR_MAY_2011.pdf,Sector-Wise analysis of projects,46,195
FR_201105_196,,N18000072,196,"VINDHYACHAL STTP STAGE-IV (NTPC) - NTPC,",NTPC,,POWER,2011-05,2009-01,,5915.0,,5915.0,,,1910.0,,,2012-12,,,,0,15,,,,FR_MAY_2011.pdf,Sector-Wise analysis of projects,46,196
FR_201105_197,,N18000073,197,"RIHAND STTP STAGE-III (2X500MW) (NTPC) - NTPC,",NTPC,,POWER,2011-05,2009-01,,6230.81,,6230.81,,,1796.0,,,2012-12,,,,0,16,,,,FR_MAY_2011.pdf,Sector-Wise analysis of projects,46,197
FR_201105_198,,N18000080,198,"Trans. System associated with PALLATANA GBPP & BPT - PGCIL,Multi State",,,POWER,2011-05,2010-02,,2144.0,,2144.0,,,197.77,2012-12,,2012-12,,,,0,0,,,,FR_MAY_2011.pdf,Sector-Wise analysis of projects,46,198
FR_201105_199,,N18000088,199,"NORTHERN REGION SYSTEM STRENGHTENING SCHEME-XX - PGCIL,Multi State",,,POWER,2011-05,2010-10,,182.68,,182.68,,,25.54,2013-01,,2013-01,,,,0,0,,,,FR_MAY_2011.pdf,Sector-Wise analysis of projects,46,199
FR_201105_200,,N18000098,200,"Transmission system for transfer of power from Gen. - PGCIL,Multi State",,,POWER,2011-05,2010-05,,250.03,,250.03,,,17.35,2013-01,,2013-01,,,,0,0,,,,FR_MAY_2011.pdf,Sector-Wise analysis of projects,46,200
FR_201105_201,,180100211,201,"KOLDAM HEP (NTPC) - NTPC,Himachal Pr.",NTPC,,POWER,2011-05,2002-10,,4527.15,,4527.15,,,3657.0,2009-04,,2013-03,,,,19,9,,,,FR_MAY_2011.pdf,Sector-Wise analysis of projects,46,201
FR_201105_202,,N18000035,202,"WESTERN REGION STRENGTHENING SCHEME-V - PGCIL,Maharashtra",,,POWER,2011-05,2007-12,,477.69,,477.69,,,337.28,2010-09,,2013-03,,,,0,0,,,,FR_MAY_2011.pdf,Sector-Wise analysis of projects,46,202
FR_201105_203,,N18000052,203,"NORTHERN REGION SYSTEM STRENGHTENING SCHEME-XV - PGCIL,Multi State",,,POWER,2011-05,2009-02,,520.48,,520.48,,,249.06,2011-11,,2013-03,,,,0,0,,,,FR_MAY_2011.pdf,Sector-Wise analysis of projects,46,203
FR_201105_204,,N18000053,204,"NORTHERN REGION SYSTEM STRENGHTENING SCHEME-XVIII - PGCIL,Multi State",,,POWER,2011-05,2009-02,,509.66,,509.66,,,233.23,2011-11,,2013-03,,,,0,0,,,,FR_MAY_2011.pdf,Sector-Wise analysis of projects,46,204
FR_201105_205,,N18000056,205,"NORTHERN REGION SYSTEM STRENGHTENING SCHEME-XIX - PGCIL,Multi State",,,POWER,2011-05,2009-02,,410.29,,410.29,,,115.67,2012-02,,2013-03,,,,0,0,,,,FR_MAY_2011.pdf,Sector-Wise analysis of projects,46,205
FR_201105_206,,N18000068,206,"765 KV SYSTEM FOR CENTRAL PART OF NORTHERN GRID PA - PGCIL,Multi State",,,POWER,2011-05,2009-02,,1347.32,,1347.32,,,787.9,2012-02,,2013-03,,,,0,0,,,,FR_MAY_2011.pdf,Sector-Wise analysis of projects,46,206
FR_201105_207,,N18000079,207,"765KV SYSTEM FOR CENTRAL PART OF NORTHERN GRID PAR - PGCIL,Multi State",,,POWER,2011-05,2009-11,,1075.12,,1075.12,,,216.15,2012-05,,2013-03,,,,0,0,,,,FR_MAY_2011.pdf,Sector-Wise analysis of projects,46,207
FR_201105_208,,N18000087,208,"TRANSMISSION SYSTEM FOR PHASE-I GEN PROJECT IN ORI - PGCIL,Orissa",,,POWER,2011-05,2010-09,,2074.86,,2074.86,,,99.43,2013-03,,2013-03,,,,0,0,,,,FR_MAY_2011.pdf,Sector-Wise analysis of projects,46,208
FR_201105_209,,N18000095,209,"NORTHERN REGION SYSTEM STRENGTHENING SCHEME- XXI - PGCIL,Multi State",,,POWER,2011-05,2010-08,,1677.57,,1677.57,,,62.92,2013-04,,2013-04,,,,0,0,,,,FR_MAY_2011.pdf,Sector-Wise analysis of projects,46,209
FR_201105_210,,N18000097,210,"SUPPLEMENTARY TRANSMISSION ASSOCIATED WITH VELLUR - PGCIL,Multi State",,,POWER,2011-05,2010-08,,170.36,,170.36,,,8.7,2013-04,,2013-04,,,,0,0,,,,FR_MAY_2011.pdf,Sector-Wise analysis of projects,46,210
FR_201105_211,,N18000071,211,"TRIPURA GAS BASED POWER PROJECT - NEEPCO,Tripura",,,POWER,2011-05,2009-07,,421.01,,623.44,,,66.06,2012-01,,2013-07,,,,0,0,,,,FR_MAY_2011.pdf,Sector-Wise analysis of projects,46,211
FR_201105_212,,N18000094,212,"NORTHERN REGION SYSTEM STRENGTHENING SCHEME XVI - PGCIL,Multi State",,,POWER,2011-05,2010-07,,752.64,,752.64,,,33.37,2013-07,,2013-07,,,,0,0,,,,FR_MAY_2011.pdf,Sector-Wise analysis of projects,46,212
FR_201105_213,,N18000045,213,"PARE HYDRO ELECTRIC PROJECT(110 MW) - NEEPCO,Arunachal Pr.",110 MW,,POWER,2011-05,2008-12,,573.99,,573.99,,,186.98,2013-08,2013-08,2013-08,,,,8,17,,,,FR_MAY_2011.pdf,Sector-Wise analysis of projects,47,213
FR_201105_214,,N18000090,214,"TRANSMISSION SYSTEM ASSOCIATED WITH KRISHNAPATNAM - PGCIL,Andhra Pradesh",,,POWER,2011-05,2010-12,,779.21,,779.21,,,54.88,2013-08,,2013-08,,,,0,0,,,,FR_MAY_2011.pdf,Sector-Wise analysis of projects,47,214
FR_201105_215,,N18000091,215,"NORTHERN REGION SYSTEM STRENGTHENING SCHEME-XXII - PGCIL,Multi State",,,POWER,2011-05,2010-12,,209.78,,209.78,,,15.15,2013-08,,2013-08,,,,0,0,,,,FR_MAY_2011.pdf,Sector-Wise analysis of projects,47,215
FR_201105_216,,N18000092,216,"Establishment of pooling stations at Rajgarh - PGCIL,Chhatisgarh",,,POWER,2011-05,2010-12,,1719.52,,1719.52,,,122.97,2013-08,,2013-08,,,,0,0,,,,FR_MAY_2011.pdf,Sector-Wise analysis of projects,47,216
FR_201105_217,,N18000024,217,"RAMPUR HEP(412 MW) - SJVNL,Himachal Pr.",412 MW,,POWER,2011-05,2007-01,,2047.03,,2047.03,,,1181.28,2012-01,,2013-09,,,,2,10,,,,FR_MAY_2011.pdf,Sector-Wise analysis of projects,47,217
FR_201105_218,,N18000063,218,"TRANSMISSION SYSTEM ASSOCIATED WITH RAMPUR HEP - PGCIL,Multi State",,,POWER,2011-05,2009-02,,184.19,,184.19,,,123.79,2011-11,,2013-09,,,,0,0,,,,FR_MAY_2011.pdf,Sector-Wise analysis of projects,47,218
FR_201105_219,,N18000041,219,"BONGAIGAON THERMAL POWER PROJECT - NTPC,",,,POWER,2011-05,2008-01,,4375.35,,4375.35,,,2122.0,,,2013-10,,,,0,29,,,,FR_MAY_2011.pdf,Sector-Wise analysis of projects,47,219
FR_201105_220,,N18000047,220,"BARH STPP STAGE -II - NTPC,",,,POWER,2011-05,2008-02,,7341.04,,7341.04,,,2205.0,,,2013-10,,,,0,18,,,,FR_MAY_2011.pdf,Sector-Wise analysis of projects,47,220
FR_201105_221,,N18000099,221,"Transmission system for transfer of power from Gen-PART B - PGCIL,Multi State",,,POWER,2011-05,2011-03,,1585.12,,1585.12,,,55.83,2013-11,,2013-11,,,,0,0,,,,FR_MAY_2011.pdf,Sector-Wise analysis of projects,47,221
FR_201105_222,,N18000093,222,"TRANSMISSION SYSTEM FOR PHASE-I GEN. PROJECT IN OR - PGCIL,Orissa",,,POWER,2011-05,2010-12,,2743.19,,2743.19,,,210.01,2013-12,,2013-12,,,,0,0,,,,FR_MAY_2011.pdf,Sector-Wise analysis of projects,47,222
FR_201105_223,,180100165,223,"TUIRIAL HE PROJECT(NEEPCO) - NEEPCO,Mizoram",NEEPCO,,POWER,2011-05,1998-07,,368.72,913.63,913.63,,,228.32,2006-07,2014-01,2014-01,,,,2,5,,,,FR_MAY_2011.pdf,Sector-Wise analysis of projects,47,223
FR_201105_224,,N18000096,224,"TRANS SYSTEM FOR PHASE-I GEN PROJECT IN ORISSA-C - PGCIL,Multi State",,,POWER,2011-05,2011-03,,2569.25,,2569.25,,,,2014-03,,2014-03,,,,0,0,,,,FR_MAY_2011.pdf,Sector-Wise analysis of projects,47,224
FR_201105_225,,N18000014,225,"TAPOVAN-VISHNUGAD HEP (4x130MW) (NTPC) - NTPC,",NTPC,,POWER,2011-05,2006-11,,2978.48,,2978.48,,,1116.0,,,2014-06,,,,5,13,,,,FR_MAY_2011.pdf,Sector-Wise analysis of projects,47,225
FR_201105_226,,180100210,226,"PARBATI HEP (NHPC) II - NHPC,Himachal Pr.",NHPC,,POWER,2011-05,2002-09,,3919.59,,3919.59,,,3179.39,2009-09,,2014-07,,,,1,20,,,,FR_MAY_2011.pdf,Sector-Wise analysis of projects,47,226
FR_201105_227,,180100221,227,"SUBANSIRI LOWER H.E.P (NHPC) - NHPC,Arunachal Pr.",NHPC,,POWER,2011-05,2003-09,,6285.33,,6285.33,,,4932.69,2010-09,,2014-08,,,,2,11,,,,FR_MAY_2011.pdf,Sector-Wise analysis of projects,47,227
FR_201105_228,,180100242,228,"BARH STPP STAGE I (3X660MW) NTPC - NTPC,Bihar",3X660MW,,POWER,2011-05,2003-12,,8693.0,,8693.0,,,5729.0,2010-11,,2014-09,,,,15,51,,,,FR_MAY_2011.pdf,Sector-Wise analysis of projects,47,228
FR_201105_229,,N18000066,229,"NORTH- EAST NORTH WESTERN INTERCONNECTOR I PROJECT - PGCIL,Multi State",,,POWER,2011-05,2009-02,,11130.19,,11130.19,,,2477.88,2013-08,,2014-09,,,,0,0,,,,FR_MAY_2011.pdf,Sector-Wise analysis of projects,47,229
FR_201105_230,,N18000077,230,"TRANS SYSTEM FOR DEVELOPMENT OF POOLING STN IN NR - PGCIL,West Bengal",,,POWER,2011-05,2010-04,,4404.57,,4404.57,,,,2015-01,,2015-01,,,,0,0,,,,FR_MAY_2011.pdf,Sector-Wise analysis of projects,47,230
FR_201105_231,,N18000010,231,"TEHRI PUMPED STORAGE PLANT(1000MW) - THDCL,Uttaranchal",1000MW,,POWER,2011-05,2006-07,,1657.0,,2978.86,,,260.63,2010-07,,2016-01,,,,1,1,,,,FR_MAY_2011.pdf,Sector-Wise analysis of projects,47,231
FR_201105_232,,N18000031,232,"KISHANGANGA HEP - NHPC,J & K",,,POWER,2011-05,2007-07,,2238.67,,3642.04,,,731.24,2014-07,,2016-01,,,,0,0,,,,FR_MAY_2011.pdf,Sector-Wise analysis of projects,47,232
FR_201105_233,,N18000042,233,"VISHNUGAD PIPALKOTI HYDRO ELECTRIC PROJECT - THDCL,Uttaranchal",,,POWER,2011-05,2008-08,,2221.31,2491.45,2491.45,,,154.91,2014-07,,2016-03,,,,0,8,,,,FR_MAY_2011.pdf,Sector-Wise analysis of projects,48,233
FR_201105_234,,180100239,234,"KAMENG HYDROELECTRIC PROJECT (NEEPCO) - NEEPCO,Arunachal Pr.",NEEPCO,,POWER,2011-05,2004-12,,2496.9,,2496.9,,,1465.35,2013-05,2016-06,2016-06,,,,78,22,,,,FR_MAY_2011.pdf,Sector-Wise analysis of projects,48,234
FR_201105_235,,180100246,235,"KAIGA 3&4 TRANSMISSION SYSTEM (PGCIL) - PGCIL,Karnataka Total",PGCIL,,POWER,2011-05,2005-03,,596.45,1007.16,947.96,,,820.09,2007-12,2009-12,,,,,14,18,,,,FR_MAY_2011.pdf,Sector-Wise analysis of projects,48,235
FR_201105_236,,220100286,236,"RAJATGARH-BARANG(LD),ECOR - RVNL,Orissa",LD,,RAILWAYS,2011-05,1999-04,,166.16,,243.4,,,228.8,2009-02,,2010-12,,,,0,0,,,,FR_MAY_2011.pdf,Sector-Wise analysis of projects,48,236
FR_201105_237,,220100327,237,"KHURDA ROAD - BARANG 3RD LINE (DL) (ECOR) - RVNL,Orissa",ECOR,,RAILWAYS,2011-05,2000-04,,133.41,207.0,211.9,,,144.65,2009-03,,2010-12,,,,0,0,,,,FR_MAY_2011.pdf,Sector-Wise analysis of projects,48,237
FR_201105_238,,220100329,238,"RAICHUR-GUNTAKAL(DL)(SCR) - RVNL,Andhra Pradesh",SCR,,RAILWAYS,2011-05,2003-04,,136.62,,221.9,,,,2007-12,2010-03,2010-12,,,,0,0,,,,FR_MAY_2011.pdf,Sector-Wise analysis of projects,48,238
FR_201105_239,,N22000034,239,"ALIGARH-GAZIABAD 3RD LINE DOUBLING (RVNL) - RVNL,Uttar Pradesh",RVNL,,RAILWAYS,2011-05,2003-04,,230.73,399.73,399.5,,,,2009-03,2008-12,2010-12,,,,0,0,,,,FR_MAY_2011.pdf,Sector-Wise analysis of projects,48,239
FR_201105_240,,N22000081,240,"BHARUCH-SAMNI-DAHEJ GAUGE CONVERSIN - RVNL,Gujarat",,,RAILWAYS,2011-05,2005-09,,200.8,,200.8,,,237.62,,,2010-12,,,,0,0,,,,FR_MAY_2011.pdf,Sector-Wise analysis of projects,48,240
FR_201105_241,,220100321,241,"BILASPUR-URKURA (DL) - RVNL,Chhatisgarh",DL,,RAILWAYS,2011-05,1997-04,,151.52,,273.0,,,294.96,2009-03,,2011-03,,,,0,0,,,,FR_MAY_2011.pdf,Sector-Wise analysis of projects,48,241
FR_201105_242,,N22000027,242,"PALWAL-BHUTESWAR 3RD LINE DOUBLING(NCR)(RVNL) - RVNL,Multi State",RVNL,,RAILWAYS,2011-05,2005-04,,240.0,,329.7,,,,2009-03,2009-12,2011-03,,,,0,0,,,,FR_MAY_2011.pdf,Sector-Wise analysis of projects,48,242
FR_201105_243,,N22000093,243,"MUMBAI URBAN TRANSPORT PROJECT PHASE-I, MTP - MRTP,Maharashtra",,,RAILWAYS,2011-05,2003-04,,3125.2,4501.8,4501.8,,,4157.68,2010-12,,2011-06,,,,0,1,,,,FR_MAY_2011.pdf,Sector-Wise analysis of projects,48,243
FR_201105_244,,220100151,244,"CALICUT-MANGALORE (DL) (SR) - SR,Multi State",SR,,RAILWAYS,2011-05,1996-02,,240.0,,579.37,,,592.12,,,2011-07,,,,0,0,,,,FR_MAY_2011.pdf,Sector-Wise analysis of projects,48,244
FR_201105_245,,220100284,245,"KHURDA ROAD-BOLANGIR(NL)ECOR - ECOR,Orissa",NL,,RAILWAYS,2011-05,1994-04,,355.38,470.21,700.0,,,149.34,,,2011-08,,,,0,0,,,,FR_MAY_2011.pdf,Sector-Wise analysis of projects,48,245
FR_201105_246,,220100148,246,"LANJHIGARH-JUNAGARH NL(ECOR) - ECOR,Orissa",ECOR,,RAILWAYS,2011-05,1993-04,,100.0,142.9,170.0,,,181.39,2002-03,,2011-09,,,,0,0,,,,FR_MAY_2011.pdf,Sector-Wise analysis of projects,48,246
FR_201105_247,,N22000076,247,"PANSPURA-KHARAGPUR 3D LINE - RVNL,West Bengal",,,RAILWAYS,2011-05,2007-09,,252.5,,252.5,,,154.69,2010-02,,2011-11,,,,0,0,,,,FR_MAY_2011.pdf,Sector-Wise analysis of projects,48,247
FR_201105_248,,220100007,248,"GUNA-ETAWAH(NCR), NL - NCR,Multi State",NCR,,RAILWAYS,2011-05,1985-04,,158.77,432.46,540.96,,,549.11,1994-03,,2011-12,,,,0,0,,,,FR_MAY_2011.pdf,Sector-Wise analysis of projects,48,248
FR_201105_249,,220100192,249,"NANDYAL-YERRAGUNTLA(NL),SCR - SCR,Andhra Pradesh",NL,,RAILWAYS,2011-05,1996-03,,155.74,164.36,429.49,,,445.5,2009-02,,2011-12,,,,0,0,,,,FR_MAY_2011.pdf,Sector-Wise analysis of projects,48,249
FR_201105_250,,220100285,250,"HARIDASPUR-PARADEEP(NL) - RVNL,Orissa",NL,,RAILWAYS,2011-05,1996-04,,301.64,,735.1,,,194.26,2009-09,,2011-12,,,,0,0,,,,FR_MAY_2011.pdf,Sector-Wise analysis of projects,48,250
FR_201105_251,,220100328,251,"TALCHER-BIMALAGARH(NL)(ECOR) - ECOR,Orissa",ECOR,,RAILWAYS,2011-05,2005-04,,726.96,810.78,810.78,,,73.22,,,2011-12,,,,0,0,,,,FR_MAY_2011.pdf,Sector-Wise analysis of projects,48,251
FR_201105_252,,N22000107,252,"Ramanagram-Mysore doubling with electrification of - SWR,Karnataka",,,RAILWAYS,2011-05,2007-04,,482.0,,482.7,,,203.03,2013-03,,2011-12,,,,0,0,,,,FR_MAY_2011.pdf,Sector-Wise analysis of projects,48,252
FR_201105_253,,220100197,253,"KANPUR-KASGANJ- MATHURA(GC),NER - NER,Uttar Pradesh",GC,,RAILWAYS,2011-05,1997-03,,395.0,1062.36,1577.46,,,1058.17,,,2012-02,,,,0,0,,,,FR_MAY_2011.pdf,Sector-Wise analysis of projects,49,253
FR_201105_254,,220100272,254,"TARAKESWAR - BISHNUPUR NEW BG LINE (NL), ER - ER,West Bengal",NL,,RAILWAYS,2011-05,2000-04,,157.96,762.33,762.33,,,383.65,2009-12,,2012-02,,,,0,0,,,,FR_MAY_2011.pdf,Sector-Wise analysis of projects,49,254
FR_201105_255,,N22000116,255,"Dakshin-barasat-lakshmikantapur (ER) - ER,West Bengal",ER,,RAILWAYS,2011-05,2009-04,,259.51,,259.51,,,56.75,2011-12,,2012-02,,,,0,0,,,,FR_MAY_2011.pdf,Sector-Wise analysis of projects,49,255
FR_201105_256,,220100106,256,"PEDAPALLI-KARIMNAGAR- NIZAMABAD NL(SCR) - SCR,Andhra Pradesh",SCR,,RAILWAYS,2011-05,1994-12,,124.43,407.78,617.62,,,465.9,,,2012-03,,,,0,0,,,,FR_MAY_2011.pdf,Sector-Wise analysis of projects,49,256
FR_201105_257,,220100168,257,"MANDARHILL-DUMKA-RAMPURHAT (NL),ER - ER,Jharkhandd",NL,,RAILWAYS,2011-05,1995-04,,184.0,254.07,675.0,,,421.09,2011-12,,2012-03,,,,0,0,,,,FR_MAY_2011.pdf,Sector-Wise analysis of projects,49,257
FR_201105_258,,220100190,258,"KADUR-CHIKMAGALUR- SAKLESHPUR (NL),(SWR) - SWR,Karnataka",SWR,,RAILWAYS,2011-05,1996-04,,157.0,262.82,262.82,,,194.04,2012-03,,2012-03,,,,0,0,,,,FR_MAY_2011.pdf,Sector-Wise analysis of projects,49,258
FR_201105_259,,220100194,259,"MUZAFFARPUR-SITAMARHI(NL),ECR - ECR,Bihar",NL,,RAILWAYS,2011-05,1997-04,,100.0,322.29,411.22,,,414.15,,,2012-03,,,,0,0,,,,FR_MAY_2011.pdf,Sector-Wise analysis of projects,49,259
FR_201105_260,,220100240,260,"JAYNAGAR-DARBHANGA-NARKATIA GANJ(GC),ECR - ECR,Bihar",GC,,RAILWAYS,2011-05,1997-04,,233.0,335.77,903.56,,,526.52,,,2012-03,,,,0,0,,,,FR_MAY_2011.pdf,Sector-Wise analysis of projects,49,260
FR_201105_261,,220100252,261,"ANGAMALI-SABARIMALA (N.L.)(SR) - SR,Kerala",SR,,RAILWAYS,2011-05,1998-10,,550.0,,550.0,,,69.02,,,2012-03,,,,0,0,,,,FR_MAY_2011.pdf,Sector-Wise analysis of projects,49,261
FR_201105_262,,N22000002,262,"MANSI-PURNIA (EXTENSION OF MANSI-SAHARSA) GAN ECR - ECR,Bihar",EXTENSION OF MANSI-SAHARSA,,RAILWAYS,2011-05,1996-04,,114.01,283.95,427.89,,,332.36,2011-03,,2012-03,,,,0,0,,,,FR_MAY_2011.pdf,Sector-Wise analysis of projects,49,262
FR_201105_263,,N22000052,263,"HARNOUT -SET.UP OF W/S TO UND. POH OF UP TO50 COAC - WS&PU,Bihar",,,RAILWAYS,2011-05,2003-04,,98.74,224.51,337.3,,,180.1,,,2012-03,,,,0,0,,,,FR_MAY_2011.pdf,Sector-Wise analysis of projects,49,263
FR_201105_264,,N22000053,264,"CHHAPRA-SETTING UP OF WHEEL MANUFACTURING PLANT - WS&PU,Bihar",,,RAILWAYS,2011-05,2005-03,,470.09,1417.97,1417.97,,,868.14,,,2012-03,,,,0,0,,,,FR_MAY_2011.pdf,Sector-Wise analysis of projects,49,264
FR_201105_265,,N22000075,265,"SALKA ROAD -ANUPNAGAR LINE DOUBLING - RVNL,Chhatisgarh",,,RAILWAYS,2011-05,2006-09,,324.9,,324.9,,,185.7,2010-03,,2012-03,,,,0,0,,,,FR_MAY_2011.pdf,Sector-Wise analysis of projects,49,265
FR_201105_266,,N22000083,266,"CONSTRUCTION OF NEW LINE FROM HARMATI-ITANAGAR/NAR - NEFR,Arunachal Pr.",,,RAILWAYS,2011-05,1996-09,,156.0,,254.29,,,164.5,,,2012-03,,,,0,0,,,,FR_MAY_2011.pdf,Sector-Wise analysis of projects,49,266
FR_201105_267,,N22000094,267,"ELECTRIFICATION OF KHURJA- MEERUT-SAHARANPUR & G'BA - RE,Uttar Pradesh",,,RAILWAYS,2011-05,2008-02,,171.1,,171.1,,,74.98,2012-03,,2012-03,,,,0,0,,,,FR_MAY_2011.pdf,Sector-Wise analysis of projects,49,267
FR_201105_268,,N22000095,268,"ELECTRIFICATION OF MORADABAD- ROZA - RE,Uttar Pradesh",,,RAILWAYS,2011-05,2004-12,,129.17,,220.0,,,165.75,2011-03,,2012-03,,,,0,0,,,,FR_MAY_2011.pdf,Sector-Wise analysis of projects,49,268
FR_201105_269,,N22000097,269,"TAMLUK DIGHA,LINE DOUBLING (SER) - SER,West Bengal",SER,,RAILWAYS,2011-05,1984-03,,293.97,,723.27,,,372.55,2005-06,2011-07,2012-03,,,,0,0,,,,FR_MAY_2011.pdf,Sector-Wise analysis of projects,49,269
FR_201105_270,,N22000106,270,"Sadulpur-Bikaner and Ratangarh- Degana Gauge Canves - NWR,Rajasthan",,,RAILWAYS,2011-05,2007-04,,643.36,,803.39,,,774.66,2011-03,,2012-03,,,,0,0,,,,FR_MAY_2011.pdf,Sector-Wise analysis of projects,49,270
FR_201105_271,,N22000115,271,"Tinpahar - Sahibganj (ER) - ER,Jharkhandd",ER,,RAILWAYS,2011-05,2008-04,,167.73,,167.73,,,41.89,2012-03,,2012-03,,,,0,0,,,,FR_MAY_2011.pdf,Sector-Wise analysis of projects,49,271
FR_201105_272,,N22000120,272,"Rattam-Mhow-Khandwa-Akola (GC) - WR,Madhya pradesh",GC,,RAILWAYS,2011-05,2008-04,,603.04,,603.04,,,28.78,2012-03,,2012-03,,,,0,0,,,,FR_MAY_2011.pdf,Sector-Wise analysis of projects,49,272
FR_201105_273,,N22000123,273,"Bhuj-Naliya(GC) with extension from naliyate vayor - WR,Gujarat",GC,,RAILWAYS,2011-05,2008-04,,318.24,,318.24,,,0.53,2012-03,,2012-03,,,,0,0,,,,FR_MAY_2011.pdf,Sector-Wise analysis of projects,50,273
FR_201105_274,,220100208,274,"HOWRAH-AMTA-CHAMPADANGA NL (SER) - SER,West Bengal",SER,,RAILWAYS,2011-05,1974-04,,31.42,154.3,499.16,,,131.08,2007-03,2007-03,2012-06,,,,0,0,,,,FR_MAY_2011.pdf,Sector-Wise analysis of projects,50,274
FR_201105_275,,220100188,275,"NANGALDAM-TALWARA(NL),NR - (NR),Multi State",NR,,RAILWAYS,2011-05,1981-03,,37.68,450.0,730.0,,,319.27,2012-07,,2012-07,,,,0,0,,,,FR_MAY_2011.pdf,Sector-Wise analysis of projects,50,275
FR_201105_276,,220100233,276,"CONV.OF 1500V DC TRACTION TO 25 KV AC,WR - RE,Maharashtra",,,RAILWAYS,2011-05,1996-07,,273.67,1160.52,1404.0,,,563.89,,,2012-12,,,,0,0,,,,FR_MAY_2011.pdf,Sector-Wise analysis of projects,50,276
FR_201105_277,,220100241,277,"CHANDIGARH-LUDHIANA(NEW BG LINE),NR - (NR),Punjab",NR,,RAILWAYS,2011-05,1998-07,,248.44,576.27,1104.4,,,739.28,2012-12,,2012-12,,,,0,0,,,,FR_MAY_2011.pdf,Sector-Wise analysis of projects,50,277
FR_201105_278,,220100277,278,"BANKURA - DAMODAR (GC) (SER) - SER,West Bengal",SER,,RAILWAYS,2011-05,1998-03,,111.9,,1211.22,,,379.62,2005-03,2008-12,2012-12,,,,0,0,,,,FR_MAY_2011.pdf,Sector-Wise analysis of projects,50,278
FR_201105_279,,220100280,279,"JIND-SONEPAT (NL),NR - (NR),Haryana",NR,,RAILWAYS,2011-05,2004-01,,190.81,238.56,401.83,,,235.42,2012-03,,2012-12,,,,0,0,,,,FR_MAY_2011.pdf,Sector-Wise analysis of projects,50,279
FR_201105_280,,220100304,280,"KOSI BRIDGE (NL), ECR - ECR,Bihar",NL,,RAILWAYS,2011-05,2002-04,,323.41,,341.41,,,229.7,,,2012-12,,,,0,0,,,,FR_MAY_2011.pdf,Sector-Wise analysis of projects,50,280
FR_201105_281,,220100307,281,"RAIL-CUM-ROAD BRIDGE AT MUNGER (NL), ECR - ECR,Bihar",NL,,RAILWAYS,2011-05,2002-04,,921.0,,921.0,,,462.04,2009-03,,2012-12,,,,0,0,,,,FR_MAY_2011.pdf,Sector-Wise analysis of projects,50,281
FR_201105_282,,220100308,282,"PATNA GANGA BRIDGE (NL), ECR - ECR,Bihar",NL,,RAILWAYS,2011-05,2001-04,,624.47,,1389.98,,,908.13,2007-10,,2012-12,,,,0,0,,,,FR_MAY_2011.pdf,Sector-Wise analysis of projects,50,282
FR_201105_283,,N22000077,283,"BHOPAL BINA 3D LINE DOUBLING - RVNL,Madhya pradesh",,,RAILWAYS,2011-05,2007-09,,687.2,,687.2,,,306.18,2010-03,,2012-12,,,,0,0,,,,FR_MAY_2011.pdf,Sector-Wise analysis of projects,50,283
FR_201105_284,,N22000119,284,"Bandel-Naihati new rail bridge in replacement of j - ER,West Bengal",,,RAILWAYS,2011-05,1999-04,,207.52,,207.52,,,97.88,2012-12,,2012-12,,,,0,0,,,,FR_MAY_2011.pdf,Sector-Wise analysis of projects,50,284
FR_201105_285,,220100062,285,"VIRAMGAM-BHILDI(WR),GC - WR,Multi State",WR,,RAILWAYS,2011-05,1990-04,,155.66,356.87,356.87,,,141.42,2013-03,,2013-03,,,,0,0,,,,FR_MAY_2011.pdf,Sector-Wise analysis of projects,50,285
FR_201105_286,,220100184,286,"DAUSA-GANGAPUR CITY(NL),NWR - NWR,Rajasthan",NL,,RAILWAYS,2011-05,1997-02,,151.84,410.08,410.08,,,142.04,,,2013-03,,,,0,0,,,,FR_MAY_2011.pdf,Sector-Wise analysis of projects,50,286
FR_201105_287,,220100315,287,"RANGIA-MURKONGSELEK, (GC) ALONG WITH LINKED FINGER - NEFR,Multi State",GC,,RAILWAYS,2011-05,2004-01,,915.7,912.7,1556.23,,,589.56,,,2013-03,,,,0,0,,,,FR_MAY_2011.pdf,Sector-Wise analysis of projects,50,287
FR_201105_288,,N22000121,288,"Ahmedabad-Himmatnagar-Udaipur (WR) - WR,Gujarat",WR,,RAILWAYS,2011-05,2008-04,,394.13,,350.81,,,,2013-03,,2013-03,,,,0,0,,,,FR_MAY_2011.pdf,Sector-Wise analysis of projects,50,288
FR_201105_289,,N22000028,289,"EXT. OF MRTS FROM VELACHERY TO STN. THOMAS, MTP - MRTP,Tamil Nadu",,,RAILWAYS,2011-05,2006-04,,495.74,495.74,495.74,,,113.48,2013-06,,2013-06,,,,0,0,,,,FR_MAY_2011.pdf,Sector-Wise analysis of projects,50,289
FR_201105_290,,N22000117,290,"Ghutiasharif-Canning (ER) - ER,West Bengal",ER,,RAILWAYS,2011-05,2009-04,,189.97,,189.97,,,48.77,2011-12,,2013-11,,,,0,0,,,,FR_MAY_2011.pdf,Sector-Wise analysis of projects,50,290
FR_201105_291,,220100324,291,"CHHINDWARA - NAGPUR (GC)(SECR) - SECR,Madhya pradesh",SECR,,RAILWAYS,2011-05,2005-04,,383.79,,585.93,,,159.94,,,2013-12,,,,0,0,,,,FR_MAY_2011.pdf,Sector-Wise analysis of projects,50,291
FR_201105_292,,N22000126,292,"Katakhal to Bhairabi - NEFR,Assam",,,RAILWAYS,2011-05,1998-04,,227.9,,223.01,,,81.3,2012-12,,2013-12,,,,0,0,,,,FR_MAY_2011.pdf,Sector-Wise analysis of projects,50,292
FR_201105_293,,N22000127,293,"Lumding-SILCHAR Jiribam, Badarpur- Baraigram Kumarg - NEFR,Multi State",,,RAILWAYS,2011-05,1996-04,,1676.31,,4091.33,,,2682.87,2009-03,,2013-12,,,,0,0,,,,FR_MAY_2011.pdf,Sector-Wise analysis of projects,50,293
FR_201105_294,,220100201,294,"RAIL-CUM-ROAD BRIDGE OVER RIVER BRAHAMAPUTRA BRIDG - NEFR,Assam",,,RAILWAYS,2011-05,1997-09,,1000.0,1500.0,3230.01,,,2186.05,2008-04,2014-03,2014-03,,,,0,0,,,,FR_MAY_2011.pdf,Sector-Wise analysis of projects,50,294
FR_201105_295,,220100266,295,"NEW MAYNAGURI TO JOGIGHOPA VIA CHANGRABANDHA (NL), - NEFR,Multi State",NL,,RAILWAYS,2011-05,2000-04,,733.0,,1655.8,,,725.92,2008-12,,2014-03,,,,0,0,,,,FR_MAY_2011.pdf,Sector-Wise analysis of projects,51,295
FR_201105_296,,N22000099,296,"AGARTALA SABROOM, NL, NEFR - NEFR,Tripura",,,RAILWAYS,2011-05,2008-04,,813.34,,1141.76,,,190.07,2014-03,,2014-03,,,,0,0,,,,FR_MAY_2011.pdf,Sector-Wise analysis of projects,51,296
FR_201105_297,,N22000100,297,"BHAIRABI SAIRONG, NL, NEFR - NEFR,Mizoram",,,RAILWAYS,2011-05,2008-04,,619.34,,2429.41,,,2.9,2014-04,,2014-03,,,,0,0,,,,FR_MAY_2011.pdf,Sector-Wise analysis of projects,51,297
FR_201105_298,,N22000113,298,"Jaipur - Ringus - Churu and Sikar - Loharu Guage C - NWR,Rajasthan",,,RAILWAYS,2011-05,2008-04,,653.19,,653.19,,,3.51,2014-03,,2014-03,,,,0,0,,,,FR_MAY_2011.pdf,Sector-Wise analysis of projects,51,298
FR_201105_299,,N22000114,299,"Suratpura - Hanumangarh - Sriganganagar Guage Conv - NWR,Rajasthan",,,RAILWAYS,2011-05,2008-04,,516.23,,516.23,,,18.22,2014-03,,2014-03,,,,0,0,,,,FR_MAY_2011.pdf,Sector-Wise analysis of projects,51,299
FR_201105_300,,N22000122,300,"Udhna-Jalgaon with electrification(doubling) (WR) - WR,Gujarat",WR,,RAILWAYS,2011-05,2008-04,,1389.62,,1389.62,,,151.97,2014-03,,2014-03,,,,0,0,,,,FR_MAY_2011.pdf,Sector-Wise analysis of projects,51,300
FR_201105_301,,N22000088,301,"UTRATIA-ZAFRABAD, NR (LINE DOUBLING) - (NR),Uttar Pradesh",NR,,RAILWAYS,2011-05,2006-04,,325.0,,369.9,,,93.63,2010-03,2014-06,2014-06,,,,0,0,,,,FR_MAY_2011.pdf,Sector-Wise analysis of projects,51,301
FR_201105_302,,220100303,302,"HAJIPUR-SUGAULI VIA VAISHALI (NL), ECR - ECR,Bihar",NL,,RAILWAYS,2011-05,2003-04,,324.66,,324.66,,,159.96,,,2015-03,,,,0,0,,,,FR_MAY_2011.pdf,Sector-Wise analysis of projects,51,302
FR_201105_303,,N22000092,303,"MUMBAI URBAN TRANSPORT PROJECT PHASE-II, MTP - MRTP,Maharashtra",,,RAILWAYS,2011-05,2008-04,,5300.0,,5300.0,,,239.18,2014-03,,2015-03,,,,0,0,,,,FR_MAY_2011.pdf,Sector-Wise analysis of projects,51,303
FR_201105_304,,N22000102,304,"SEVOK RANGPO, NEFR - NEFR,Sikkim",,,RAILWAYS,2011-05,2008-04,,1339.48,,3380.57,,,52.69,2015-12,,2015-03,,,,0,0,,,,FR_MAY_2011.pdf,Sector-Wise analysis of projects,51,304
FR_201105_305,,N22000112,305,"Himmatnagar - Udaipur Gauge Canvession (NWR) - NWR,Rajasthan",NWR,,RAILWAYS,2011-05,2008-04,,829.74,,829.74,,,,2015-03,,2015-03,,,,0,0,,,,FR_MAY_2011.pdf,Sector-Wise analysis of projects,51,305
FR_201105_306,,N22000124,306,"New Line from Dimapur to Zubza(Kohima) national pr - NEFR,Nagaland",Kohima,,RAILWAYS,2011-05,2006-04,,850.0,,850.0,,,7.98,2015-03,,2015-03,,,,0,0,,,,FR_MAY_2011.pdf,Sector-Wise analysis of projects,51,306
FR_201105_307,,220100288,307,"JIRIBAM TO IMPHAL (TUPUI)(NL)(NEFR) - NEFR,Multi State",NEFR,,RAILWAYS,2011-05,2003-04,,727.56,727.53,3056.85,,,419.75,2011-03,2014-03,2016-03,,,,0,0,,,,FR_MAY_2011.pdf,Sector-Wise analysis of projects,51,307
FR_201105_308,,N22000109,308,"New Work for Construction of Metro railway from Ba - RVNL,West Bengal",,,RAILWAYS,2011-05,2010-04,,2069.6,,2069.6,,,0.21,2014-03,,2016-03,,,,0,0,,,,FR_MAY_2011.pdf,Sector-Wise analysis of projects,51,308
FR_201105_309,,N22000110,309,"New Work for Construction of Metro railway from NS - RVNL,West Bengal",,,RAILWAYS,2011-05,2010-04,,3951.98,,3951.98,,,1.42,2016-03,,2016-03,,,,0,0,,,,FR_MAY_2011.pdf,Sector-Wise analysis of projects,51,309
FR_201105_310,,N22000111,310,"New Work for Construction of Metro railway - RVNL,West Bengal",,,RAILWAYS,2011-05,2010-04,,2619.02,,2619.02,,,19.73,2016-03,,2016-03,,,,0,0,,,,FR_MAY_2011.pdf,Sector-Wise analysis of projects,51,310
FR_201105_311,,N22000108,311,"New Work for Construction of Metro railway from No - RVNL,West Bengal",,,RAILWAYS,2011-05,2010-04,,2397.72,,2397.72,,,,2016-03,,2016-06,,,,0,0,,,,FR_MAY_2011.pdf,Sector-Wise analysis of projects,51,311
FR_201105_312,,220100133,312,"UDHAMPUR-SRINAGAR-BARAMULLA (NL),NR - (NR),J & K",NR,,RAILWAYS,2011-05,1995-03,,2500.0,8000.0,11270.0,,,7168.53,2001-03,,2017-12,,,,0,0,,,,FR_MAY_2011.pdf,Sector-Wise analysis of projects,51,312
FR_201105_313,,220100009,313,"FREIGHT OPERATIONS INFORMATION SYSTEM (FOIS) - FOIS,Multi State",FOIS,,RAILWAYS,2011-05,1984-03,,520.0,422.79,634.13,,,480.19,1995-03,,,,,,0,0,,,,FR_MAY_2011.pdf,Sector-Wise analysis of projects,51,313
FR_201105_314,,220100116,314,"RAJKOT-VERAVAL (GC) AND WANSJALIYA-JETALSAR GC AN - WR,Gujarat",GC,,RAILWAYS,2011-05,1992-04,,112.53,320.66,464.5,,,507.39,1996-03,2009-08,,,,,0,0,,,,FR_MAY_2011.pdf,Sector-Wise analysis of projects,52,314
FR_201105_315,,220100135,315,"New BG line Rly line from Eklakhi- Balurghat includ - NEFR,West Bengal",,,RAILWAYS,2011-05,1983-04,,36.8,274.41,415.23,,,133.43,,,,,,,0,0,,,,FR_MAY_2011.pdf,Sector-Wise analysis of projects,52,315
FR_201105_316,,220100149,316,"DALLI-RAJHARA - RAOGHAT(PART OF DALLI-RAJHARA-JAGD - RVNL,Chhatisgarh",,,RAILWAYS,2011-05,1995-04,,304.0,,968.6,,,83.06,2012-12,,,,,,0,0,,,,FR_MAY_2011.pdf,Sector-Wise analysis of projects,52,316
FR_201105_317,,220100181,317,"AHMEDNAGAR-PARLI VAIJNATH(NL) CR - CR,Maharashtra",NL,,RAILWAYS,2011-05,1997-02,,353.08,462.67,1010.0,,,78.19,,,,,,,0,0,,,,FR_MAY_2011.pdf,Sector-Wise analysis of projects,52,317
FR_201105_318,,220100183,318,"HASSAN-BANGALORE VIA SHRAVANA-BELGOLA(NL),SWR - SWR,Karnataka",NL,,RAILWAYS,2011-05,1997-02,,295.0,,412.91,,,452.09,,,,,,,0,0,,,,FR_MAY_2011.pdf,Sector-Wise analysis of projects,52,318
FR_201105_319,,220100186,319,"GONDIA-JABALPUR(GC),(SECR) - SECR,Multi State",SECR,,RAILWAYS,2011-05,1997-02,,386.3,,1038.0,,,524.23,1998-03,,,,,,0,0,,,,FR_MAY_2011.pdf,Sector-Wise analysis of projects,52,319
FR_201105_320,,220100191,320,"KARUR-SALEM(NL),SR - SR,Tamil Nadu",NL,,RAILWAYS,2011-05,1997-02,,155.55,,712.0,,,533.4,,,,,,,0,0,,,,FR_MAY_2011.pdf,Sector-Wise analysis of projects,52,320
FR_201105_321,,220100193,321,"HUBLI-ANKOLA(NL),SWR - SWR,Karnataka",NL,,RAILWAYS,2011-05,1995-04,,227.0,,997.58,,,64.07,,,,,,,0,0,,,,FR_MAY_2011.pdf,Sector-Wise analysis of projects,52,321
FR_201105_322,,220100205,322,"MUNEERABAD- MAHABOOBNAGAR(NL),SCR - SCR,Multi State",NL,,RAILWAYS,2011-05,1997-04,,218.24,377.32,497.47,,,83.34,,,,,,,0,0,,,,FR_MAY_2011.pdf,Sector-Wise analysis of projects,52,322
FR_201105_323,,220100220,323,"MACHERLA-NALGONDA(NL)(SCR) - SCR,Andhra Pradesh",SCR,,RAILWAYS,2011-05,1998-07,,125.0,,363.26,,,0.27,2008-07,,,,,,0,0,,,,FR_MAY_2011.pdf,Sector-Wise analysis of projects,52,323
FR_201105_324,,220100222,324,"KODERMA-RANCHI VIA BARKAKANA (NL),ECR - ECR,Jharkhandd",NL,,RAILWAYS,2011-05,1999-03,,491.19,1099.2,1099.2,,,1014.1,2005-07,,,,,,0,0,,,,FR_MAY_2011.pdf,Sector-Wise analysis of projects,52,324
FR_201105_325,,220100251,325,"VILLUPURAM-KATPADI (GC)(SR) - SR,Tamil Nadu",SR,,RAILWAYS,2011-05,2000-02,,175.0,,513.16,,,538.29,,,,,,,0,0,,,,FR_MAY_2011.pdf,Sector-Wise analysis of projects,52,325
FR_201105_326,,220100257,326,"KHAGARIA-KUSHESHWAR ASTHAN (NL) (ECR) - ECR,Bihar",ECR,,RAILWAYS,2011-05,1997-04,,78.23,,162.87,,,82.96,,,,,,,0,0,,,,FR_MAY_2011.pdf,Sector-Wise analysis of projects,52,326
FR_201105_327,,220100258,327,"JALANDHAR-PATHANKOT-JAMMU- TAWI (LD),NR - (NR),Multi State",NR,,RAILWAYS,2011-05,2002-03,,409.0,625.3,847.76,,,809.39,2007-06,,,,,,0,0,,,,FR_MAY_2011.pdf,Sector-Wise analysis of projects,52,327
FR_201105_328,,220100260,328,"REINGUNTA-GUNTAKAL(RE) - RVNL,Andhra Pradesh",RE,,RAILWAYS,2011-05,2000-06,,168.34,,296.2,,,297.07,2003-04,2010-03,,,,,0,0,,,,FR_MAY_2011.pdf,Sector-Wise analysis of projects,52,328
FR_201105_329,,220100262,329,"TIRUCHIRAPPALI-NAGORE- KARAIKKAL(SR)(GC) - SR,Tamil Nadu",GC,,RAILWAYS,2011-05,1995-09,,100.0,,548.96,,,458.15,,,,,,,0,0,,,,FR_MAY_2011.pdf,Sector-Wise analysis of projects,52,329
FR_201105_330,,220100265,330,"KOTLPALLI-NARASAPUR (NL) (SCR) - SCR,Andhra Pradesh",SCR,,RAILWAYS,2011-05,2001-12,,330.0,,695.0,,,9.44,,,,,,,0,0,,,,FR_MAY_2011.pdf,Sector-Wise analysis of projects,52,330
FR_201105_331,,220100273,331,"DEOGHAR - SULTANGANJ (INL), ER - ER,Multi State",INL,,RAILWAYS,2011-05,2000-04,,138.0,519.67,607.09,,,297.46,2012-12,,,,,,0,0,,,,FR_MAY_2011.pdf,Sector-Wise analysis of projects,52,331
FR_201105_332,,220100274,332,"BANGLORE - SATYAMANGALAM (NL)(SWR) - SWR,Karnataka",SWR,,RAILWAYS,2011-05,1999-02,,138.0,,901.62,,,0.29,,,,,,,0,0,,,,FR_MAY_2011.pdf,Sector-Wise analysis of projects,52,332
FR_201105_333,,220100305,333,"KODERMA-TILAIYA (NL), ECR - ECR,Jharkhandd",NL,,RAILWAYS,2011-05,2002-04,,459.91,,418.17,,,70.29,,,,,,,0,0,,,,FR_MAY_2011.pdf,Sector-Wise analysis of projects,52,333
FR_201105_334,,220100314,334,"RAMGANJMUNDI-BHOPAL (NL),WCR - WCR,Madhya pradesh",NL,,RAILWAYS,2011-05,2001-04,,727.13,727.13,1225.0,,,205.74,,,,,,,0,0,,,,FR_MAY_2011.pdf,Sector-Wise analysis of projects,52,334
FR_201105_335,,220100323,335,"RUPSA-BANGRIPOSI (GC)(SER) - SER,Orissa",SER,,RAILWAYS,2011-05,1996-02,,57.94,,173.49,,,170.73,1998-03,2005-08,,,,,0,0,,,,FR_MAY_2011.pdf,Sector-Wise analysis of projects,52,335
FR_201105_336,,220100325,336,"SUKINDA ROAD - ANGUL (NL)(ECOR) - RVNL,Orissa",ECOR,,RAILWAYS,2011-05,1998-04,,183.23,,638.0,,,24.93,2015-02,,,,,,0,0,,,,FR_MAY_2011.pdf,Sector-Wise analysis of projects,53,336
FR_201105_337,,N22000032,337,"MANOHARABAD-KOTHPALL NEW LINE(SCR) - SCR,Andhra Pradesh",SCR,,RAILWAYS,2011-05,2006-04,,378.56,671.82,791.6,,,0.74,,,,,,,0,0,,,,FR_MAY_2011.pdf,Sector-Wise analysis of projects,53,337
FR_201105_338,,N22000045,338,"GOELKERA-MANOHARPUR,(LD)(SER) - SER,Jharkhandd",SER,,RAILWAYS,2011-05,1997-03,,186.92,,261.7,,,14.68,2006-02,,,,,,0,0,,,,FR_MAY_2011.pdf,Sector-Wise analysis of projects,53,338
FR_201105_339,,N22000049,339,"OBULAVARIPALLE- KRISHNAPATNAM(RVNL) - RVNL,Andhra Pradesh",RVNL,,RAILWAYS,2011-05,2006-07,,743.0,,732.8,,,281.83,2008-03,2008-06,,,,,0,0,,,,FR_MAY_2011.pdf,Sector-Wise analysis of projects,53,339
FR_201105_340,,N22000079,340,"MAYLADUTHURAI-THIRUVARUR- KARAIKUDI-THIRU 'PONDI'-A - SR,Tamil Nadu",,,RAILWAYS,2011-05,2007-09,,404.19,,900.0,,,160.0,,,,,,,0,0,,,,FR_MAY_2011.pdf,Sector-Wise analysis of projects,53,340
FR_201105_341,,N22000080,341,"DINDIGUL-POLLACHI-PALGHAT- POLLACHI AND COIMBATORE - SR,Tamil Nadu",,,RAILWAYS,2011-05,2006-09,,343.17,,900.0,,,373.46,,,,,,,0,0,,,,FR_MAY_2011.pdf,Sector-Wise analysis of projects,53,341
FR_201105_342,,N22000084,342,"TINDIVANAM-GINGEE- TIRUVANNAMALAI (NL) - SR,Tamil Nadu",NL,,RAILWAYS,2011-05,2006-09,,125.0,,227.4,,,20.45,,,,,,,0,0,,,,FR_MAY_2011.pdf,Sector-Wise analysis of projects,53,342
FR_201105_343,,N22000085,343,"TIDIVANAM-NAGARI (NL) - SR,Tamil Nadu",NL,,RAILWAYS,2011-05,2006-09,,456.0,,582.83,,,75.9,,,,,,,0,0,,,,FR_MAY_2011.pdf,Sector-Wise analysis of projects,53,343
FR_201105_344,,N22000087,344,"NEW B.G. LINE FROM ARARIA TO GALGALIA (THAKURGUNG) - NEFR,Bihar",THAKURGUNG,,RAILWAYS,2011-05,2006-09,,300.0,300.0,529.88,,,34.57,,,,,,,0,0,,,,FR_MAY_2011.pdf,Sector-Wise analysis of projects,53,344
FR_201105_345,,N22000101,345,"KISHANGANJ JALALGARH, NL, NEFR - NEFR,Bihar",,,RAILWAYS,2011-05,2008-04,,282.92,,359.86,,,0.71,,,,,,,0,0,,,,FR_MAY_2011.pdf,Sector-Wise analysis of projects,53,345
FR_201105_346,,220100118,346,"AMRAVATI-NARKHER NL(CR) - CR,Maharashtra",CR,,RAILWAYS,2011-05,1994-06,,120.9,284.27,488.76,,,430.95,1999-06,2011-03,,,,,0,0,,,,FR_MAY_2011.pdf,Sector-Wise analysis of projects,53,346
FR_201105_347,,220100164,347,"BELAPUR-SEAWOOD-URAN ELECTRIF-IED DOUBLE LINE(MTP) - MRTP,Maharashtra",MTP,,RAILWAYS,2011-05,1996-03,,401.81,495.44,495.44,,,164.54,2004-03,,,,,,0,0,,,,FR_MAY_2011.pdf,Sector-Wise analysis of projects,53,347
FR_201105_348,,220100185,348,"AJMER-UDAIPUR-CHITTAURGARH (GC),NWR - NWR,Rajasthan",GC,,RAILWAYS,2011-05,1996-09,,262.0,456.0,567.23,,,546.68,2010-11,,,,,,0,0,,,,FR_MAY_2011.pdf,Sector-Wise analysis of projects,53,348
FR_201105_349,,220100187,349,"SURENDRANAGAR- BHAVNAGAR(GC),WR - WR,Gujarat",GC,,RAILWAYS,2011-05,1997-03,,437.4,589.86,563.25,,,544.24,2004-03,2010-03,,,,,0,0,,,,FR_MAY_2011.pdf,Sector-Wise analysis of projects,53,349
FR_201105_350,,220100212,350,"KOTTUR-HARIHAR(NL),(SWR) - SWR,Karnataka",SWR,,RAILWAYS,2011-05,1995-04,,65.94,281.2,302.23,,,321.23,2011-03,,,,,,0,0,,,,FR_MAY_2011.pdf,Sector-Wise analysis of projects,53,350
FR_201105_351,,220100214,351,"RANCHI-LOHARDAGA(GC),SER - SER,Jharkhandd",GC,,RAILWAYS,2011-05,1997-04,,194.07,,456.45,,,263.34,2004-06,2005-04,,,,,0,0,,,,FR_MAY_2011.pdf,Sector-Wise analysis of projects,53,351
FR_201105_352,,220100232,352,"LALITPUR-SATNA-REWA-SINGRULI NL, (NCR) - NCR,Multi State",NCR,,RAILWAYS,2011-05,1998-09,,925.0,,925.0,,,495.62,2008-05,2011-03,,,,,0,0,,,,FR_MAY_2011.pdf,Sector-Wise analysis of projects,53,352
FR_201105_353,,220100243,353,"AGRA-ETAWAH VIA FATEHABAD AND BAH (NL) NCR - NCR,Uttar Pradesh",NL,,RAILWAYS,2011-05,1999-04,,108.0,214.09,227.42,,,217.89,2009-12,2011-03,,,,,0,0,,,,FR_MAY_2011.pdf,Sector-Wise analysis of projects,53,353
FR_201105_354,,220100247,354,"KATIHAR - JOGBANI (GC)(NEFR) - NEFR,Multi State",NEFR,,RAILWAYS,2011-05,2001-09,,100.0,492.98,744.69,,,716.2,2010-12,,,,,,0,0,,,,FR_MAY_2011.pdf,Sector-Wise analysis of projects,53,354
FR_201105_355,,220100255,355,"GONDA-GORAKHPUR LOOP WITH ANAND NAGAR-NAUTANWA GC (NER) - NER,Uttar Pradesh",NER,,RAILWAYS,2011-05,2002-03,,381.17,863.23,863.23,,,287.38,,,,,,,0,0,,,,FR_MAY_2011.pdf,Sector-Wise analysis of projects,53,355
FR_201105_356,,220100256,356,"KAPTANGANJ-THAWE-SIWAN- CHHAPRA GC (NER) - NER,Multi State",NER,,RAILWAYS,2011-05,1999-04,,323.4,,522.56,,,239.95,,,,,,,0,1,,,,FR_MAY_2011.pdf,Sector-Wise analysis of projects,54,356
FR_201105_357,,220100263,357,"QUILON-TIRUNELVELI-TENKASI- VIRUDHUNAGAR(SR)(GC) - SR,Multi State",GC,,RAILWAYS,2011-05,1998-03,,280.0,,1029.0,,,662.5,,,,,,,0,0,,,,FR_MAY_2011.pdf,Sector-Wise analysis of projects,54,357
FR_201105_358,,220100268,358,"TOLLYGANJ-GARIA with extension to Dum Dum-Noapara - MRTP,West Bengal",,,RAILWAYS,2011-05,2000-03,,907.69,1032.76,3176.1,,,2945.43,2006-12,2010-08,,,,,0,0,,,,FR_MAY_2011.pdf,Sector-Wise analysis of projects,54,358
FR_201105_359,,220100270,359,"GADWAL - RAICHUR (NL), SCR - SCR,Multi State",NL,,RAILWAYS,2011-05,1998-04,,92.63,108.91,228.09,,,221.51,2011-02,,,,,,0,0,,,,FR_MAY_2011.pdf,Sector-Wise analysis of projects,54,359
FR_201105_360,,220100279,360,"REWARI-ROHTAK (NL),NR - (NR),Haryana",NR,,RAILWAYS,2011-05,2004-01,,149.38,330.23,475.28,,,421.89,2010-02,2011-02,,,,,0,0,,,,FR_MAY_2011.pdf,Sector-Wise analysis of projects,54,360
FR_201105_361,,220100306,361,"KODERMA GIRIDH (NL), ECR - ECR,Jharkhandd",NL,,RAILWAYS,2011-05,1996-04,,371.36,,452.35,,,346.13,,,,,,,0,0,,,,FR_MAY_2011.pdf,Sector-Wise analysis of projects,54,361
FR_201105_362,,220100313,362,"SRIGANGANAGAR-SARUPSAR (GC), NWR - NWR,Rajasthan",GC,,RAILWAYS,2011-05,2001-04,,143.92,258.6,258.6,,,228.79,2011-03,,,,,,0,0,,,,FR_MAY_2011.pdf,Sector-Wise analysis of projects,54,362
FR_201105_363,,220100316,363,"MAHARAJGANJ-MASRAKH (NL) - NER - NER,Bihar",NL,,RAILWAYS,2011-05,2003-04,,218.19,,218.19,,,63.42,,,,,,,0,0,,,,FR_MAY_2011.pdf,Sector-Wise analysis of projects,54,363
FR_201105_364,,220100319,364,"HATHUA-BHATNI (N L) (NER) - NER,Multi State",NER,,RAILWAYS,2011-05,2005-04,,230.03,,230.03,,,126.8,,,,,,,0,0,,,,FR_MAY_2011.pdf,Sector-Wise analysis of projects,54,364
FR_201105_365,,220100322,365,"PRATAPNAGAR-CHOTA UDAIPUR (GC) (WR) - WR,Gujarat",WR,,RAILWAYS,2011-05,2005-04,,148.61,,227.52,,,256.44,2008-03,2010-10,,,,,0,0,,,,FR_MAY_2011.pdf,Sector-Wise analysis of projects,54,365
FR_201105_366,,N22000082,366,"ALUABARI ROAD SILIGURI JUNCTION VIA GALGALIA, NEFR - NEFR,Multi State",,,RAILWAYS,2011-05,2006-12,,170.0,170.0,415.5,,,355.38,2011-03,,2011-03,,,,0,0,,,,FR_MAY_2011.pdf,Sector-Wise analysis of projects,54,366
FR_201105_367,,N22000086,367,"NEW B.G. LINE FROM TETELIA TO BYRNIHAT (NATIONAL P - NEFR,Assam",,,RAILWAYS,2011-05,2006-09,,200.0,,384.04,,,46.05,,,,,,,0,0,,,,FR_MAY_2011.pdf,Sector-Wise analysis of projects,54,367
FR_201105_368,,N22000091,368,"BARDHAMAN-KATWA, ER (GC) - ER,West Bengal",GC,,RAILWAYS,2011-05,2007-04,,245.15,,245.15,,,134.79,2010-12,2011-03,,,,,0,0,,,,FR_MAY_2011.pdf,Sector-Wise analysis of projects,54,368
FR_201105_369,,N22000096,369,"RAJPIPLA-ANKELASHWAR, WR (GC) - WR,Gujarat",GC,,RAILWAYS,2011-05,2006-04,,196.97,,196.97,,,145.48,2011-03,,,,,,0,0,,,,FR_MAY_2011.pdf,Sector-Wise analysis of projects,54,369
FR_201105_370,,N22000118,370,"Pandabeswar-Chinpai doubling (ER) - ER,West Bengal",ER,,RAILWAYS,2011-05,2004-04,,225.68,,225.68,,,125.98,2010-12,,,,,,0,0,,,,FR_MAY_2011.pdf,Sector-Wise analysis of projects,54,370
FR_201105_371,,N22000125,371,"Bhavnagar-workshop facilities for 50 BG coaches PO - WR,Gujarat Total",,,RAILWAYS,2011-05,2006-04,,117.36,196.95,196.95,,,167.3,2011-03,2011-03,,,,,0,0,,,,FR_MAY_2011.pdf,Sector-Wise analysis of projects,54,371
FR_201105_372,,N24000037,372,"THRISSUR TO ANGAMALI (NH-47) - NHAI,Kerala",NH-47,,ROAD TRANSPORT & HIGHWAYS,2011-05,2003-12,,312.5,,312.5,,,598.9,2009-03,,2011-05,,,,0,0,,,,FR_MAY_2011.pdf,Sector-Wise analysis of projects,54,372
FR_201105_373,,240101132,373,"HAVERI-HARIHAR (GQ) KM.340- KM.284 (NH-4) - NHAI,Karnataka",NH-4,,ROAD TRANSPORT & HIGHWAYS,2011-05,2000-04,,241.0,,196.65,,,138.59,2004-08,,2011-06,,,,0,0,,,,FR_MAY_2011.pdf,Sector-Wise analysis of projects,54,373
FR_201105_374,,240101133,374,"HARIHAR-CHITRADURGA (GQ) KM.284-KM.207 (NH-4) - NHAI,Karnataka",NH-4,,ROAD TRANSPORT & HIGHWAYS,2011-05,2000-04,,318.0,,207.56,,,148.38,2004-08,,2011-06,,,,0,0,,,,FR_MAY_2011.pdf,Sector-Wise analysis of projects,54,374
FR_201105_375,,240103191,375,"PURNEA-GOYAKOTA SEC.(EW) (NS & EW-PH-I) KM.419-KM.447, NH-31 - NHAI,Bihar",NS & EW-PH-I,,ROAD TRANSPORT & HIGHWAYS,2011-05,2000-04,,205.73,,205.73,,,247.7,2004-07,,2011-06,,,,0,0,,,,FR_MAY_2011.pdf,Sector-Wise analysis of projects,54,375
FR_201105_376,,240104196,376,"HALDIA PORT (PORT CONNECTIVITY) (NH-41) - NHAI,West Bengal",NH-41,,ROAD TRANSPORT & HIGHWAYS,2011-05,2000-04,,273.0,,522.0,,,476.6,2005-03,,2011-06,,,,0,0,,,,FR_MAY_2011.pdf,Sector-Wise analysis of projects,55,376
FR_201105_377,,240106203,377,"IMPROVEMENT OF ACCESS OF GQ WITHIN CHENNAI CITY(NHAI) OTHERS - NHAI,Tamil Nadu",NHAI,,ROAD TRANSPORT & HIGHWAYS,2011-05,2003-12,,210.0,,210.0,,,672.3,2007-04,,2011-06,,,,0,0,,,,FR_MAY_2011.pdf,Sector-Wise analysis of projects,55,377
FR_201105_378,,240106204,378,"GARHMUKTESHWAR-MURADABAD (NHAI) OTHERS KM.93-149.25, NH-24 - NHAI,Uttar Pradesh",NHAI,,ROAD TRANSPORT & HIGHWAYS,2011-05,2003-12,,275.0,,275.0,,,288.1,2007-09,,2011-06,,,,0,0,,,,FR_MAY_2011.pdf,Sector-Wise analysis of projects,55,378
FR_201105_379,,240106205,379,"HAPUR-GARHMUKTESWAR (OTHERS) KM.58-93, NH-24 - NHAI,Uttar Pradesh",OTHERS,,ROAD TRANSPORT & HIGHWAYS,2011-05,2005-03,,220.0,,220.0,,,213.8,2007-09,,2011-06,,,,0,0,,,,FR_MAY_2011.pdf,Sector-Wise analysis of projects,55,379
FR_201105_380,,240106216,380,"GAGODHAR-GARAMORE(PK-IV,NH15) KM 245 TO 281.3 AND 308 TO 254 - NHAI,Gujarat","PK-IV,NH15",,ROAD TRANSPORT & HIGHWAYS,2011-05,2003-12,,412.78,,479.54,,,435.9,2007-11,,2011-06,,,,0,0,,,,FR_MAY_2011.pdf,Sector-Wise analysis of projects,55,380
FR_201105_381,,240106222,381,"AYODHYA - LUCKNOW (LMNHP-I) NH- 28, KM.45 TO KM.8.2 - NHAI,Uttar Pradesh",LMNHP-I,,ROAD TRANSPORT & HIGHWAYS,2011-05,2003-12,,193.0,,193.0,,,324.4,2008-10,,2011-06,,,,0,0,,,,FR_MAY_2011.pdf,Sector-Wise analysis of projects,55,381
FR_201105_382,,240106225,382,"AYODHYA - LUCKNOW (LMNHP-II) KM.93.075 TO KM.45, NH-28 - NHAI,Uttar Pradesh",LMNHP-II,,ROAD TRANSPORT & HIGHWAYS,2011-05,2003-12,,217.0,,217.0,,,345.6,2008-10,,2011-06,,,,0,0,,,,FR_MAY_2011.pdf,Sector-Wise analysis of projects,55,382
FR_201105_383,,240106243,383,"KOTWA TO DEWAPUR(10 LMNHP),NH-28 PHASE-II, KM.440 TO KM.402 - NHAI,Bihar",10 LMNHP,,ROAD TRANSPORT & HIGHWAYS,2011-05,2003-12,,240.0,,240.0,,,242.6,2008-10,,2011-06,,,,0,0,,,,FR_MAY_2011.pdf,Sector-Wise analysis of projects,55,383
FR_201105_384,,240106246,384,"GORAKHPUR-AYODHYA (LMNHP- 5),NH-28, KM.208.00 TO KM.164.00 - NHAI,Uttar Pradesh",LMNHP- 5,,ROAD TRANSPORT & HIGHWAYS,2011-05,2003-12,,227.0,,227.0,,,381.7,2008-10,,2011-06,,,,0,0,,,,FR_MAY_2011.pdf,Sector-Wise analysis of projects,55,384
FR_201105_385,,240106250,385,"ORAI TO JHANSI (UP-5),NH-25, KM.220.0 TO KM.170.0 - NHAI,Uttar Pradesh",UP-5,,ROAD TRANSPORT & HIGHWAYS,2011-05,2003-12,,340.68,,340.68,,,337.1,2008-03,,2011-06,,,,0,0,,,,FR_MAY_2011.pdf,Sector-Wise analysis of projects,55,385
FR_201105_386,,240106256,386,"MEERUT-MUZAFFARNAGAR, NH-58 PHASE-III, KM.52.25 TO KM.131.00 - NHAI,Uttar Pradesh",,,ROAD TRANSPORT & HIGHWAYS,2011-05,2005-03,,359.0,,359.0,,,772.8,2009-03,,2011-06,,,,0,0,,,,FR_MAY_2011.pdf,Sector-Wise analysis of projects,55,386
FR_201105_387,,240106260,387,"AURANG-RAIPUR, NH-6, KM.232 TO KM.281 - NHAI,Chhatisgarh",,,ROAD TRANSPORT & HIGHWAYS,2011-05,2005-03,,190.0,,190.0,,,227.0,2009-01,,2011-06,,,,0,0,,,,FR_MAY_2011.pdf,Sector-Wise analysis of projects,55,387
FR_201105_388,,240106292,388,"UP/BIHAR BORDER TO KASIA (NH- 28)(NHAI) - NHAI,Uttar Pradesh",NHAI,,ROAD TRANSPORT & HIGHWAYS,2011-05,2003-12,,227.0,,227.0,,,357.5,2008-12,,2011-06,,,,0,0,,,,FR_MAY_2011.pdf,Sector-Wise analysis of projects,55,388
FR_201105_389,,240106294,389,"FORBESGANJ TO SIMRAHI (NH- 57)(NHAI) - NHAI,Bihar",NHAI,,ROAD TRANSPORT & HIGHWAYS,2011-05,2003-12,,332.94,,332.94,,,255.2,2008-09,,2011-06,,,,0,0,,,,FR_MAY_2011.pdf,Sector-Wise analysis of projects,55,389
FR_201105_390,,240106299,390,"LALITPUR TO SAGAR, NH-26 (NHAI) - NHAI,Madhya pradesh",NHAI,,ROAD TRANSPORT & HIGHWAYS,2011-05,2003-12,,198.0,,198.0,,,183.4,2008-11,,2011-06,,,,0,0,,,,FR_MAY_2011.pdf,Sector-Wise analysis of projects,55,390
FR_201105_391,,240106304,391,"RAJMARG CHORAHA TO LAKHNANDON,KM 297 TO KM 351, NH-26 (NHAI) - NHAI,Madhya pradesh",NHAI,,ROAD TRANSPORT & HIGHWAYS,2011-05,2003-12,,251.03,,251.03,,,247.2,2008-10,,2011-06,,,,0,0,,,,FR_MAY_2011.pdf,Sector-Wise analysis of projects,55,391
FR_201105_392,,240106305,392,"RAJMARG CHORAHA TO LAKHNANDON,KM 351 TO KM 405.7, NH-26 (NHA - NHAI,Madhya pradesh",,,ROAD TRANSPORT & HIGHWAYS,2011-05,2003-12,,229.91,,229.91,,,197.6,2008-10,,2011-06,,,,0,0,,,,FR_MAY_2011.pdf,Sector-Wise analysis of projects,55,392
FR_201105_393,,N24000030,393,"RINGBUNDS TO JHAJHANPUR (BR-6) - NHAI,Bihar",BR-6,,ROAD TRANSPORT & HIGHWAYS,2011-05,2003-12,,340.0,,340.0,,,548.1,2008-06,,2011-06,,,,0,0,,,,FR_MAY_2011.pdf,Sector-Wise analysis of projects,55,393
FR_201105_394,,N24000036,394,"SITAPUR-LUCKNOW - NHAI,Uttar Pradesh",,,ROAD TRANSPORT & HIGHWAYS,2011-05,2005-03,,322.0,,322.0,,,553.7,2009-06,,2011-06,,,,0,0,,,,FR_MAY_2011.pdf,Sector-Wise analysis of projects,56,394
FR_201105_395,,N24000057,395,"GANJAM-ICCHAPURUM,NH-5(NHAI) - NHAI,Orissa",NHAI,,ROAD TRANSPORT & HIGHWAYS,2011-05,2000-04,,263.27,,263.27,,,243.75,2004-02,,2011-06,,,,0,0,,,,FR_MAY_2011.pdf,Sector-Wise analysis of projects,56,395
FR_201105_396,,N24000085,396,"GORAKHPUR BYPASS, NH-28, PHASE-II EAST-WEST CORRID - NHAI,Uttar Pradesh",,,ROAD TRANSPORT & HIGHWAYS,2011-05,2003-12,,600.24,,600.24,,,665.5,2009-10,,2011-06,,,,0,0,,,,FR_MAY_2011.pdf,Sector-Wise analysis of projects,56,396
FR_201105_397,,N24000087,397,"KURALI-KIRATPUR, NH-21 - NHAI,Punjab",,,ROAD TRANSPORT & HIGHWAYS,2011-05,2005-03,,309.0,,309.0,,,553.6,2010-06,,2011-06,,,,0,0,,,,FR_MAY_2011.pdf,Sector-Wise analysis of projects,56,397
FR_201105_398,,N24000089,398,"GWALIOR-JHANSI, NH-75 - NHAI,Multi State",,,ROAD TRANSPORT & HIGHWAYS,2011-05,2003-12,,604.0,,604.0,,,412.1,2009-12,,2011-06,,,,0,0,,,,FR_MAY_2011.pdf,Sector-Wise analysis of projects,56,398
FR_201105_399,,N24000096,399,"JHANSI TO LALITPUR, NH-25,26 - NHAI,Uttar Pradesh",,,ROAD TRANSPORT & HIGHWAYS,2011-05,2003-12,,355.06,,355.06,,,294.4,2009-09,,2011-06,,,,0,0,,,,FR_MAY_2011.pdf,Sector-Wise analysis of projects,56,399
FR_201105_400,,N24000097,400,"JHANSI TO LALITPUR, NH-26 - NHAI,Uttar Pradesh",,,ROAD TRANSPORT & HIGHWAYS,2011-05,2003-12,,276.09,,276.09,,,294.9,2009-09,,2011-06,,,,0,0,,,,FR_MAY_2011.pdf,Sector-Wise analysis of projects,56,400
FR_201105_401,,N24000099,401,"TRICHY - DINDIGUAL NH-45 - NHAI,Tamil Nadu",,,ROAD TRANSPORT & HIGHWAYS,2011-05,2005-03,,576.0,,576.0,,,653.5,2010-07,,2011-06,,,,0,0,,,,FR_MAY_2011.pdf,Sector-Wise analysis of projects,56,401
FR_201105_402,,N24000100,402,"PONDICHERY - TINDIVANAU NH-66 - NHAI,Tamil Nadu",,,ROAD TRANSPORT & HIGHWAYS,2011-05,2005-03,,285.0,,285.0,,,355.8,2010-07,,2011-06,,,,0,0,,,,FR_MAY_2011.pdf,Sector-Wise analysis of projects,56,402
FR_201105_403,,N24000101,403,"TRICHY - KORUR NH-67 - NHAI,Tamil Nadu",,,ROAD TRANSPORT & HIGHWAYS,2011-05,2005-03,,516.0,,516.0,,,548.7,2010-07,,2011-06,,,,0,0,,,,FR_MAY_2011.pdf,Sector-Wise analysis of projects,56,403
FR_201105_404,,N24000102,404,"SALEM - U / UNDRUPET(BOT -1/TN- 06) NH -68 - NHAI,Tamil Nadu",BOT -1/TN- 06,,ROAD TRANSPORT & HIGHWAYS,2011-05,2005-03,,941.0,,941.0,,,1803.0,2011-01,,2011-06,,,,0,0,,,,FR_MAY_2011.pdf,Sector-Wise analysis of projects,56,404
FR_201105_405,,N24000103,405,"NEELAMANGALAR JUNCTION ON NH- 4 SMITH NH-48 TO DEVI - NHAI,Karnataka",,,ROAD TRANSPORT & HIGHWAYS,2011-05,2005-03,,441.0,,441.0,,,825.3,2010-07,,2011-06,,,,0,0,,,,FR_MAY_2011.pdf,Sector-Wise analysis of projects,56,405
FR_201105_406,,N24000106,406,"BANGLORE - HOSKOTE MUDBOGAL SECTION NH-4 - NHAI,Karnataka",,,ROAD TRANSPORT & HIGHWAYS,2011-05,2005-03,,565.0,,565.0,,,1080.0,2010-07,,2011-06,,,,0,0,,,,FR_MAY_2011.pdf,Sector-Wise analysis of projects,56,406
FR_201105_407,,N24000116,407,"BALASORE BHADRAK (REVIVED) KM 136.5 - 199.14 NH-5 - NHAI,Orissa",REVIVED,,ROAD TRANSPORT & HIGHWAYS,2011-05,2000-04,,228.7,,228.7,,,141.87,2004-02,,2011-06,,,,0,0,,,,FR_MAY_2011.pdf,Sector-Wise analysis of projects,56,407
FR_201105_408,,N24000118,408,"END OF DURG BYPASS- CHHATISGARH/MAHARASHTRA BORDER - NHAI,Chhatisgarh",,,ROAD TRANSPORT & HIGHWAYS,2011-05,2008-01,,464.0,,464.0,,,419.9,2011-01,,2011-06,,,,0,0,,,,FR_MAY_2011.pdf,Sector-Wise analysis of projects,56,408
FR_201105_409,,240106235,409,"VIJAYAPUR TO PATHANKOT (J&K) NH-1A KM.16.35 TO KM.50.00 - NHAI,J & K",J&K,,ROAD TRANSPORT & HIGHWAYS,2011-05,2003-12,,193.09,,166.3,,,174.1,2008-03,,2011-07,,,,0,0,,,,FR_MAY_2011.pdf,Sector-Wise analysis of projects,56,409
FR_201105_410,,240106236,410,"VIJAYAPUR TO PATHANKOT (NS- 35/J&K) NH-1A KM.50 TO KM.80 - NHAI,J & K",NS- 35/J&K,,ROAD TRANSPORT & HIGHWAYS,2011-05,2003-12,,166.27,,193.1,,,142.2,2008-03,,2011-07,,,,0,0,,,,FR_MAY_2011.pdf,Sector-Wise analysis of projects,56,410
FR_201105_411,,240106300,411,"LALITPUR TO SAGAR KM 132 TO KM 187, NH-26 (NHAI) - NHAI,Madhya pradesh",NHAI,,ROAD TRANSPORT & HIGHWAYS,2011-05,2003-12,,225.0,,225.0,,,248.4,2008-10,,2011-07,,,,0,0,,,,FR_MAY_2011.pdf,Sector-Wise analysis of projects,56,411
FR_201105_412,,N24000040,412,"NEW MANGALORE PORT NH-17 AND 48 - NHAI,Karnataka",,,ROAD TRANSPORT & HIGHWAYS,2011-05,2000-04,,196.5,,196.5,,,228.8,2008-06,,2011-07,,,,0,0,,,,FR_MAY_2011.pdf,Sector-Wise analysis of projects,56,412
FR_201105_413,,240106276,413,"MADURAI-ARUPKOTTAI-TUTICORIN, KM.138.8 TO KM.264.5, NH-45 B - NHAI,Tamil Nadu",,,ROAD TRANSPORT & HIGHWAYS,2011-05,2005-03,,629.0,,629.0,,,910.0,2010-11,,2011-08,,,,0,0,,,,FR_MAY_2011.pdf,Sector-Wise analysis of projects,56,413
FR_201105_414,,N24000055,414,"NAGPUR-KONDHALI,NH-6(NHAI) - NHAI,Maharashtra",NHAI,,ROAD TRANSPORT & HIGHWAYS,2011-05,2005-03,,168.0,,168.0,,,385.3,2008-12,,2011-08,,,,0,0,,,,FR_MAY_2011.pdf,Sector-Wise analysis of projects,56,414
FR_201105_415,,N24000131,415,"Surat- Dahisar(Six Lane) Km 263 to Km 502 - NHAI,Multi State",Six Lane,,ROAD TRANSPORT & HIGHWAYS,2011-05,2009-02,,1693.75,,1693.75,,,2339.0,2011-08,,2011-08,,,,0,0,,,,FR_MAY_2011.pdf,Sector-Wise analysis of projects,57,415
FR_201105_416,,N24000045,416,"ASSAM/WB BORDER TO GAIRKATTA (WB-1) - NHAI,West Bengal",WB-1,,ROAD TRANSPORT & HIGHWAYS,2011-05,2003-12,,221.82,,221.82,,,218.9,2008-11,,2011-09,,,,0,0,,,,FR_MAY_2011.pdf,Sector-Wise analysis of projects,57,416
FR_201105_417,,240101153,417,"SUNAKHALA-GANJAM (GQ) KM.338- KM.284 (NH-5) - NHAI,Orissa",NH-5,,ROAD TRANSPORT & HIGHWAYS,2011-05,2000-04,,225.0,,241.53,,,62.44,2004-04,,2011-10,,,,0,0,,,,FR_MAY_2011.pdf,Sector-Wise analysis of projects,57,417
FR_201105_418,,240106288,418,"DAKOBA TO NAGAON (NH-36)(NHAI) - NHAI,Assam",NHAI,,ROAD TRANSPORT & HIGHWAYS,2011-05,2003-12,,225.0,,225.0,,,246.0,2008-06,,2011-10,,,,0,0,,,,FR_MAY_2011.pdf,Sector-Wise analysis of projects,57,418
FR_201105_419,,N24000129,419,"Chennai-Tada(Six lane) - NHAI,Tamil Nadu",Six lane,,ROAD TRANSPORT & HIGHWAYS,2011-05,2009-04,,353.37,,353.37,,,171.5,2011-10,,2011-10,,,,0,0,,,,FR_MAY_2011.pdf,Sector-Wise analysis of projects,57,419
FR_201105_420,,N24000132,420,"Chilkaluripet-Vijaywada 6 lane (km 355 to Km 434.1) - NHAI,Andhra Pradesh",km 355 to Km 434.1,,ROAD TRANSPORT & HIGHWAYS,2011-05,2009-05,,572.3,,572.3,,,498.3,2011-10,,2011-10,,,,0,0,,,,FR_MAY_2011.pdf,Sector-Wise analysis of projects,57,420
FR_201105_421,,240106297,421,"KOTA BYPASS,RJ-4, NH-76 (NHAI) - NHAI,Rajasthan",NHAI,,ROAD TRANSPORT & HIGHWAYS,2011-05,2003-12,,275.0,,250.39,,,275.3,2008-10,,2011-11,,,,0,0,,,,FR_MAY_2011.pdf,Sector-Wise analysis of projects,57,421
FR_201105_422,,240106301,422,"SAGAR BY PASS,KM 187 TO KM 211 , NH-26 (NHAI) - NHAI,Uttar Pradesh",NHAI,,ROAD TRANSPORT & HIGHWAYS,2011-05,2003-12,,151.3,,151.3,,,166.9,2008-10,,2011-11,,,,0,0,,,,FR_MAY_2011.pdf,Sector-Wise analysis of projects,57,422
FR_201105_423,,N24000122,423,"DELHI/ HARYANA BORDER TO ROHTAK - NHAI,Haryana",,,ROAD TRANSPORT & HIGHWAYS,2011-05,2007-04,,486.0,,486.0,,,520.7,2010-05,,2011-11,,,,0,0,,,,FR_MAY_2011.pdf,Sector-Wise analysis of projects,57,423
FR_201105_424,,N24000133,424,"Panipat-Jalandhar 6 lane(Km 96 to 387.1 km) - NHAI,Haryana",Km 96 to 387.1 km,,ROAD TRANSPORT & HIGHWAYS,2011-05,2009-05,,1108.0,,2288.0,,,2372.0,2011-11,,2011-11,,,,0,0,,,,FR_MAY_2011.pdf,Sector-Wise analysis of projects,57,424
FR_201105_425,,240101173,425,"AGRA-SHIKOHABAD (GQ) KM.199.66- KM.250.50 (NH-2) - NHAI,Uttar Pradesh",NH-2,,ROAD TRANSPORT & HIGHWAYS,2011-05,2000-04,,367.49,,367.49,,,453.68,2005-03,,2011-12,,,,0,0,,,,FR_MAY_2011.pdf,Sector-Wise analysis of projects,57,425
FR_201105_426,,240106221,426,"GANGA BRIDGE TO RAMDEVI CROSSING PH.II NH-25, KM.75-80.06 - NHAI,Uttar Pradesh",,,ROAD TRANSPORT & HIGHWAYS,2011-05,2003-12,,155.0,,201.66,,,80.78,2008-09,,2011-12,,,,0,0,,,,FR_MAY_2011.pdf,Sector-Wise analysis of projects,57,426
FR_201105_427,,240106223,427,"MEHSI TO KOTWA (LMNHP-II), PH.II, KM.480 TO KM.440, NH-28 - NHAI,Bihar",LMNHP-II,,ROAD TRANSPORT & HIGHWAYS,2011-05,2003-12,,239.0,,239.0,,,317.6,2005-07,,2011-12,,,,0,0,,,,FR_MAY_2011.pdf,Sector-Wise analysis of projects,57,427
FR_201105_428,,240106226,428,"BIJNI TO ASSAM/WB BORDER PH.II, KM.30.00 TO 0.00, NH-31 C - NHAI,Assam",,,ROAD TRANSPORT & HIGHWAYS,2011-05,2003-12,,230.0,,230.0,,,200.3,2005-06,,2011-12,,,,0,0,,,,FR_MAY_2011.pdf,Sector-Wise analysis of projects,57,428
FR_201105_429,,240106277,429,"HARANGAJO TO MAIBANG (AS-23), KM.126.450 TO KM.140.700 - NHAI,Assam",AS-23,,ROAD TRANSPORT & HIGHWAYS,2011-05,2003-12,,280.0,,280.0,,,216.0,2009-02,,2011-12,,,,0,0,,,,FR_MAY_2011.pdf,Sector-Wise analysis of projects,57,429
FR_201105_430,,240106281,430,"MAIBANG TO LUNDING (AS-27), KM.40.000 TO KM.60.500 - NHAI,Assam",AS-27,,ROAD TRANSPORT & HIGHWAYS,2011-05,2003-12,,200.0,,200.0,,,74.7,2009-04,,2011-12,,,,0,0,,,,FR_MAY_2011.pdf,Sector-Wise analysis of projects,57,430
FR_201105_431,,240106290,431,"BIJNI TO ASSAM WB BORDER (NH- 31.C)(1)(NHAI) - NHAI,Assam",NHAI,,ROAD TRANSPORT & HIGHWAYS,2011-05,2003-12,,195.0,,195.0,,,163.1,2008-06,,2011-12,,,,0,0,,,,FR_MAY_2011.pdf,Sector-Wise analysis of projects,57,431
FR_201105_432,,240106291,432,"KASIA TO GORAKHPUR (NH- 28)(NHAI) - NHAI,Uttar Pradesh",NHAI,,ROAD TRANSPORT & HIGHWAYS,2011-05,2003-12,,242.0,,242.0,,,371.0,2008-12,,2011-12,,,,0,0,,,,FR_MAY_2011.pdf,Sector-Wise analysis of projects,57,432
FR_201105_433,,240106293,433,"BIJNI TO ASSAM /WB.BORDER (NH- 31.C)(2)(NHAI) - NHAI,Assam",NHAI,,ROAD TRANSPORT & HIGHWAYS,2011-05,2003-12,,237.8,,237.8,,,188.7,2008-06,,2011-12,,,,0,0,,,,FR_MAY_2011.pdf,Sector-Wise analysis of projects,57,433
FR_201105_434,,240106303,434,"SAGAR - RAJMARG CHORAHA,KM 211 TO KM 255, NH-26 (NHAI) - NHAI,Madhya pradesh",NHAI,,ROAD TRANSPORT & HIGHWAYS,2011-05,2003-12,,203.43,,203.43,,,199.8,2008-10,,2011-12,,,,0,0,,,,FR_MAY_2011.pdf,Sector-Wise analysis of projects,57,434
FR_201105_435,,N24000031,435,"JHAJHARPUR TO DARBANGA (BR-7) - NHAI,Bihar",BR-7,,ROAD TRANSPORT & HIGHWAYS,2011-05,2003-12,,340.0,,340.0,,,411.0,2008-09,,2011-12,,,,0,0,,,,FR_MAY_2011.pdf,Sector-Wise analysis of projects,58,435
FR_201105_436,,N24000035,436,"NALBARI TO BIJNI (AS-8) - NHAI,Assam",AS-8,,ROAD TRANSPORT & HIGHWAYS,2011-05,2003-12,,200.0,,200.0,,,249.8,2008-06,,2011-12,,,,0,0,,,,FR_MAY_2011.pdf,Sector-Wise analysis of projects,58,436
FR_201105_437,,N24000042,437,"NAGAON TO DHARAMTUL (AS-2) - NHAI,Assam",AS-2,,ROAD TRANSPORT & HIGHWAYS,2011-05,2003-12,,264.72,,264.72,,,235.0,2008-06,,2011-12,,,,0,0,,,,FR_MAY_2011.pdf,Sector-Wise analysis of projects,58,437
FR_201105_438,,N24000044,438,"SONAPUR TO GUWAHTI (AS-3) - NHAI,Assam",AS-3,,ROAD TRANSPORT & HIGHWAYS,2011-05,2003-12,,245.0,,245.0,,,462.2,2008-03,,2011-12,,,,0,0,,,,FR_MAY_2011.pdf,Sector-Wise analysis of projects,58,438
FR_201105_439,,N24000047,439,"NALBARI TO BIJNI (AS-6) - NHAI,Assam",AS-6,,ROAD TRANSPORT & HIGHWAYS,2011-05,2003-12,,225.0,,225.0,,,160.9,2008-06,,2011-12,,,,0,0,,,,FR_MAY_2011.pdf,Sector-Wise analysis of projects,58,439
FR_201105_440,,N24000048,440,"NALBARI T BIJNI (AS-7) - NHAI,Assam",AS-7,,ROAD TRANSPORT & HIGHWAYS,2011-05,2003-12,,208.0,,208.0,,,197.2,2008-04,,2011-12,,,,0,0,,,,FR_MAY_2011.pdf,Sector-Wise analysis of projects,58,440
FR_201105_441,,N24000049,441,"DHARAMTUL TO SONAPUR,KM 205- 183 (AS-20) - NHAI,Assam",AS-20,,ROAD TRANSPORT & HIGHWAYS,2011-05,2003-12,,160.0,,160.0,,,111.6,2008-05,,2011-12,,,,0,0,,,,FR_MAY_2011.pdf,Sector-Wise analysis of projects,58,441
FR_201105_442,,N24000051,442,"DHARAMTUL TO SONAPUR (AS-19) - NHAI,Assam",AS-19,,ROAD TRANSPORT & HIGHWAYS,2011-05,2003-12,,200.0,,200.0,,,180.1,2008-06,,2011-12,,,,0,0,,,,FR_MAY_2011.pdf,Sector-Wise analysis of projects,58,442
FR_201105_443,,N24000056,443,"THANJAUR-TRICHY,NH-67(NHAI) - NHAI,Tamil Nadu",NHAI,,ROAD TRANSPORT & HIGHWAYS,2011-05,2005-03,,280.0,,280.0,,,580.0,2009-06,,2011-12,,,,0,0,,,,FR_MAY_2011.pdf,Sector-Wise analysis of projects,58,443
FR_201105_444,,N24000090,444,"KOSI BRIDGE INCLUDING APPROACHES AND GUIDE BOND AN - NHAI,Bihar",,,ROAD TRANSPORT & HIGHWAYS,2011-05,2003-12,,418.04,,418.04,,,301.3,2010-03,,2011-12,,,,0,0,,,,FR_MAY_2011.pdf,Sector-Wise analysis of projects,58,444
FR_201105_445,,N24000115,445,"PATHANKOT BHOGPUR NH-1A - NHAI,Punjab",,,ROAD TRANSPORT & HIGHWAYS,2011-05,2003-12,,229.0,,284.0,,,324.7,2010-05,,2011-12,,,,0,0,,,,FR_MAY_2011.pdf,Sector-Wise analysis of projects,58,445
FR_201105_446,,N24000117,446,"ZIRAKPUR(HARYANA) - PARWANOO(HIMACHAL PRADESH) - NHAI,Multi State",HIMACHAL PRADESH,,ROAD TRANSPORT & HIGHWAYS,2011-05,2008-02,,295.0,,295.0,,,622.9,2010-08,,2011-12,,,,0,0,,,,FR_MAY_2011.pdf,Sector-Wise analysis of projects,58,446
FR_201105_447,,N24000143,447,"Armur to kadloor yellareddy - NHAI,Andhra Pradesh",,,ROAD TRANSPORT & HIGHWAYS,2011-05,2010-02,,390.56,,390.56,,,344.2,2012-02,,2012-02,,,,0,0,,,,FR_MAY_2011.pdf,Sector-Wise analysis of projects,58,447
FR_201105_448,,240100207,448,"SILCHAR-UDARBAND (PH.II) HN-54, KM.309 TO KM.275 - NHAI,Assam",PH.II,,ROAD TRANSPORT & HIGHWAYS,2011-05,2003-12,,157.47,,154.57,,,171.0,2007-09,,2012-03,,,,0,0,,,,FR_MAY_2011.pdf,Sector-Wise analysis of projects,58,448
FR_201105_449,,N24000038,449,"GUWHATI TO NALBARI (AS-4) - NHAI,Assam",AS-4,,ROAD TRANSPORT & HIGHWAYS,2011-05,2003-12,,175.96,,175.96,,,109.3,2008-04,,2012-03,,,,0,0,,,,FR_MAY_2011.pdf,Sector-Wise analysis of projects,58,449
FR_201105_450,,N24000046,450,"GUWAHATI TO NALBARI (AS-5) - NHAI,Assam",AS-5,,ROAD TRANSPORT & HIGHWAYS,2011-05,2003-12,,198.16,,198.16,,,169.6,2008-04,,2012-03,,,,0,0,,,,FR_MAY_2011.pdf,Sector-Wise analysis of projects,58,450
FR_201105_451,,N24000063,451,"BRAHMPUTRA BRIDGE,NH NO-31 - NHAI,Assam",,,ROAD TRANSPORT & HIGHWAYS,2011-05,2003-12,,217.61,,217.61,,,125.5,2010-04,,2012-03,,,,0,0,,,,FR_MAY_2011.pdf,Sector-Wise analysis of projects,58,451
FR_201105_452,,N24000068,452,"CHAMBAL BRIDGE, NH-76 (RJ-5) - NHAI,Rajasthan",RJ-5,,ROAD TRANSPORT & HIGHWAYS,2011-05,2003-12,,275.0,,281.31,,,178.5,2010-02,,2012-03,,,,0,0,,,,FR_MAY_2011.pdf,Sector-Wise analysis of projects,58,452
FR_201105_453,,N24000107,453,"NH CONNECTIVITY TO ICTT VALLARPADAEU NH - SH - NHAI,Kerala",,,ROAD TRANSPORT & HIGHWAYS,2011-05,2005-03,,557.0,,557.0,,,930.9,2010-02,,2012-05,,,,0,0,,,,FR_MAY_2011.pdf,Sector-Wise analysis of projects,58,453
FR_201105_454,,N24000127,454,"Pune-sholapur,pkg1 - NHAI,Maharashtra",,,ROAD TRANSPORT & HIGHWAYS,2011-05,2009-11,,1110.0,,1110.0,,,611.4,2012-05,,2012-05,,,,0,0,,,,FR_MAY_2011.pdf,Sector-Wise analysis of projects,58,454
FR_201105_455,,N24000128,455,"Kishangarh-Ajmer-Beawer - NHAI,Rajasthan",,,ROAD TRANSPORT & HIGHWAYS,2011-05,2009-11,,795.0,,795.0,,,776.4,2012-05,,2012-05,,,,0,0,,,,FR_MAY_2011.pdf,Sector-Wise analysis of projects,58,455
FR_201105_456,,N24000142,456,"Hyderabad-yadgiri N.H no-202 - NHAI,Andhra Pradesh",,,ROAD TRANSPORT & HIGHWAYS,2011-05,2010-08,,388.0,,388.0,,,268.0,2012-05,,2012-05,,,,0,0,,,,FR_MAY_2011.pdf,Sector-Wise analysis of projects,58,456
FR_201105_457,,240106244,457,"DEEWAPUR TO UP/BIHAR BORDER (LMNHP-9)-NH-28, KM.402-360.915 - NHAI,Bihar",LMNHP-9,,ROAD TRANSPORT & HIGHWAYS,2011-05,2003-12,,300.0,,300.0,,,156.1,2008-10,,2012-06,,,,0,0,,,,FR_MAY_2011.pdf,Sector-Wise analysis of projects,58,457
FR_201105_458,,N24000088,458,"GWALIOR BYPSS, NH-75,3 - NHAI,Madhya pradesh",,,ROAD TRANSPORT & HIGHWAYS,2011-05,2003-12,,300.93,,300.93,,,293.9,2009-10,,2012-06,,,,0,0,,,,FR_MAY_2011.pdf,Sector-Wise analysis of projects,59,458
FR_201105_459,,N24000108,459,"DHOLPUR - MORENA SECTION (INCLUDING CHAMBOL BRIDGE - NHAI,Multi State",,,ROAD TRANSPORT & HIGHWAYS,2011-05,2003-12,,232.45,,232.45,,,157.0,2010-09,,2012-06,,,,0,0,,,,FR_MAY_2011.pdf,Sector-Wise analysis of projects,59,459
FR_201105_460,,N24000126,460,"MP/Maharashtra Border-Dhula - NHAI,Maharashtra",,,ROAD TRANSPORT & HIGHWAYS,2011-05,2009-12,,835.0,,835.0,,,374.0,2012-06,,2012-06,,,,0,0,,,,FR_MAY_2011.pdf,Sector-Wise analysis of projects,59,460
FR_201105_461,,N24000130,461,"Gurgaon-Kotputli Km 42.70 to 54.4 Km - NHAI,Multi State",,,ROAD TRANSPORT & HIGHWAYS,2011-05,2009-04,,1673.7,,1673.7,,,1478.0,2011-10,,2012-06,,,,0,0,,,,FR_MAY_2011.pdf,Sector-Wise analysis of projects,59,461
FR_201105_462,,N24000123,462,"PIMPALGAON-NASIK-GONDE, NH-3 (NHDP-PHASE-III) - NHAI,Maharashtra",NHDP-PHASE-III,,ROAD TRANSPORT & HIGHWAYS,2011-05,2005-03,,940.0,,940.0,,,300.7,2012-07,,2012-07,,,,0,0,,,,FR_MAY_2011.pdf,Sector-Wise analysis of projects,59,462
FR_201105_463,,240106237,463,"PATHANKOT- BHOGPUR, KM.26- KM.70, NH-1A - NHAI,Punjab",,,ROAD TRANSPORT & HIGHWAYS,2011-05,2003-12,,284.0,,359.0,,,109.3,2008-05,,2012-08,,,,0,0,,,,FR_MAY_2011.pdf,Sector-Wise analysis of projects,59,463
FR_201105_464,,N24000149,464,"SIX LANNING OF VADAKKANCHERRY THRISSURESECTION - NHAI,Kerala",,,ROAD TRANSPORT & HIGHWAYS,2011-05,2010-02,,617.0,,617.0,,,154.5,2012-08,,2012-08,,,,0,0,,,,FR_MAY_2011.pdf,Sector-Wise analysis of projects,59,464
FR_201105_465,,N24000094,465,"LAKHNAADON TO MP/MH BORDER,KM 596.75-653 (NS- 1/BOT/MP-2),NH7 - NHAI,Madhya pradesh",NS- 1/BOT/MP-2,,ROAD TRANSPORT & HIGHWAYS,2011-05,2003-12,,407.6,,407.6,,,183.5,2010-06,,2012-10,,,,0,0,,,,FR_MAY_2011.pdf,Sector-Wise analysis of projects,59,465
FR_201105_466,,N24000095,466,"LAKHNADON TO MP/MH BORDER (NS-1/BOT/MP-2), NH-7 - NHAI,Madhya pradesh",NS-1/BOT/MP-2,,ROAD TRANSPORT & HIGHWAYS,2011-05,2003-12,,263.17,,263.17,,,232.7,2009-09,,2012-10,,,,0,0,,,,FR_MAY_2011.pdf,Sector-Wise analysis of projects,59,466
FR_201105_467,,N24000124,467,"Four Lanning from MP/Maharashtra Border to nagpur - NHAI,Maharashtra",,,ROAD TRANSPORT & HIGHWAYS,2011-05,2010-04,,1170.52,,1170.52,,,4.41,2011-06,,2012-10,,,,0,0,,,,FR_MAY_2011.pdf,Sector-Wise analysis of projects,59,467
FR_201105_468,,N24000125,468,"Gujarat/Maharashtra BorderSurat-Hazira Port Section - NHAI,Gujarat",,,ROAD TRANSPORT & HIGHWAYS,2011-05,2010-03,,1509.1,,1509.1,,,726.7,2012-09,,2012-10,,,,0,0,,,,FR_MAY_2011.pdf,Sector-Wise analysis of projects,59,468
FR_201105_469,,N24000134,469,"Hyderabad-Vijaywada Km. 40 to 221.50 Km - NHAI,Andhra Pradesh",,,ROAD TRANSPORT & HIGHWAYS,2011-05,2010-04,,1740.0,,1740.0,,,804.6,2012-10,,2012-10,,,,0,0,,,,FR_MAY_2011.pdf,Sector-Wise analysis of projects,59,469
FR_201105_470,,N24000147,470,"AMRITSAR-PATHANKOT - NHAI,Punjab",,,ROAD TRANSPORT & HIGHWAYS,2011-05,2010-05,,705.0,,705.0,,,588.4,2012-11,,2012-11,,,,0,0,,,,FR_MAY_2011.pdf,Sector-Wise analysis of projects,59,470
FR_201105_471,,N24000150,471,"WADNER-DEVDHARI(NS-60/MH)(KM 94-123 KM) - NHAI,Maharashtra",KM 94-123 KM,,ROAD TRANSPORT & HIGHWAYS,2011-05,2011-02,,193.45,,193.45,,,29.04,2012-11,,2012-11,,,,0,0,,,,FR_MAY_2011.pdf,Sector-Wise analysis of projects,59,471
FR_201105_472,,N24000160,472,"UGRADATION OF HYDERABAD- BANGALORE SECTION - NHAI,Karnataka",,,ROAD TRANSPORT & HIGHWAYS,2011-05,2010-11,,680.0,,680.0,,,,2012-11,,2012-11,,,,0,0,,,,FR_MAY_2011.pdf,Sector-Wise analysis of projects,59,472
FR_201105_473,,N24000028,473,"SILIGURI TO ISLAMPUR (WB-7) - NHAI,West Bengal",WB-7,,ROAD TRANSPORT & HIGHWAYS,2011-05,2003-12,,225.0,,225.0,,,173.6,2008-07,,2012-12,,,,0,0,,,,FR_MAY_2011.pdf,Sector-Wise analysis of projects,59,473
FR_201105_474,,N24000135,474,"Jaipur-Tonk-Deoli - NHAI,Rajasthan",,,ROAD TRANSPORT & HIGHWAYS,2011-05,2010-06,,792.06,,792.06,,,355.1,2012-12,,2012-12,,,,0,0,,,,FR_MAY_2011.pdf,Sector-Wise analysis of projects,59,474
FR_201105_475,,N24000141,475,"Hazaribagh-Ranchi - NHAI,Jharkhandd",,,ROAD TRANSPORT & HIGHWAYS,2011-05,2010-08,,625.07,,625.07,,,542.9,2013-01,,2013-01,,,,0,0,,,,FR_MAY_2011.pdf,Sector-Wise analysis of projects,59,475
FR_201105_476,,N24000137,476,"Bijapur-Hungund Section - NHAI,Karnataka",,,ROAD TRANSPORT & HIGHWAYS,2011-05,2010-09,,748.0,,748.0,,,695.0,2010-09,,2013-03,,,,0,0,,,,FR_MAY_2011.pdf,Sector-Wise analysis of projects,59,476
FR_201105_477,,N24000138,477,"Hungund-Surathkal and Mangalore- Knt/Kerala Border - NHAI,Karnataka",,,ROAD TRANSPORT & HIGHWAYS,2011-05,2010-09,,946.0,,946.0,,,,2013-03,,2013-03,,,,0,0,,,,FR_MAY_2011.pdf,Sector-Wise analysis of projects,59,477
FR_201105_478,,N24000144,478,"CHENGAPALLI TO COIMBATORE BYPASS KM-102.035-144.740 KM - NHAI,Tamil Nadu",,,ROAD TRANSPORT & HIGHWAYS,2011-05,2010-09,,852.0,,852.0,,,197.7,2013-03,,2013-03,,,,0,0,,,,FR_MAY_2011.pdf,Sector-Wise analysis of projects,60,478
FR_201105_479,,N24000146,479,"KUNDUPUR-SURATHKAL & MANGLORE - NHAI,Karnataka",,,ROAD TRANSPORT & HIGHWAYS,2011-05,2010-09,,671.0,,671.0,,,173.2,2013-03,,2013-03,,,,0,0,,,,FR_MAY_2011.pdf,Sector-Wise analysis of projects,60,479
FR_201105_480,,N24000156,480,"PUNE-SATARA(NH-4) - NHAI,Maharashtra",NH-4,,ROAD TRANSPORT & HIGHWAYS,2011-05,2010-10,,1724.55,,1724.55,,,96.94,2013-03,,2013-03,,,,0,0,,,,FR_MAY_2011.pdf,Sector-Wise analysis of projects,60,480
FR_201105_481,,N24000136,481,"Indore-Jhabua-Gujrat/MP - NHAI,Madhya pradesh",,,ROAD TRANSPORT & HIGHWAYS,2011-05,2010-10,,1175.0,,1175.0,,,138.7,2013-04,,2013-04,,,,0,0,,,,FR_MAY_2011.pdf,Sector-Wise analysis of projects,60,481
FR_201105_482,,N24000145,482,"CUDDAPAH-MYDUKUR-KURNOOL KM-167.750-356.502 KM - NHAI,Andhra Pradesh",,,ROAD TRANSPORT & HIGHWAYS,2011-05,2010-11,,1585.0,,1585.0,,,125.0,2013-05,,2013-05,,,,0,0,,,,FR_MAY_2011.pdf,Sector-Wise analysis of projects,60,482
FR_201105_483,,N24000152,483,"DEVIHALLI-HASSAN - NHAI,Karnataka",,,ROAD TRANSPORT & HIGHWAYS,2011-05,2010-12,,453.0,,453.0,,,97.36,2013-05,,2013-05,,,,0,0,,,,FR_MAY_2011.pdf,Sector-Wise analysis of projects,60,483
FR_201105_484,,N24000159,484,"INDORE-DEWAS(NH-3) - NHAI,Madhya pradesh",NH-3,,ROAD TRANSPORT & HIGHWAYS,2011-05,2010-11,,325.0,,325.0,,,138.7,2013-05,,2013-05,,,,0,0,,,,FR_MAY_2011.pdf,Sector-Wise analysis of projects,60,484
FR_201105_485,,N24000098,485,"AGRA-BYPASS(NS-1/UP-1),KM 176.8- 13.03 NH-2,3 - NHAI,Uttar Pradesh",NS-1/UP-1,,ROAD TRANSPORT & HIGHWAYS,2011-05,2003-12,,348.16,,348.16,,,110.9,2007-09,,2013-06,,,,0,0,,,,FR_MAY_2011.pdf,Sector-Wise analysis of projects,60,485
FR_201105_486,,N24000154,486,"MURADABAD-BAREILY - NHAI,Uttar Pradesh",,,ROAD TRANSPORT & HIGHWAYS,2011-05,2010-04,,1267.0,,1267.0,,,,2013-06,,2013-06,,,,0,0,,,,FR_MAY_2011.pdf,Sector-Wise analysis of projects,60,486
FR_201105_487,,N24000158,487,"BELGAUM-DHARWAD(NH-4) - NHAI,Karnataka",NH-4,,ROAD TRANSPORT & HIGHWAYS,2011-05,2010-12,,480.0,,480.0,,,,2013-06,,2013-06,,,,0,0,,,,FR_MAY_2011.pdf,Sector-Wise analysis of projects,60,487
FR_201105_488,,240106278,488,"MAIBANG TO LUNDING (AS-25), KM.83.400 TO KM.111.000 - NHAI,Assam",AS-25,,ROAD TRANSPORT & HIGHWAYS,2011-05,2003-12,,199.81,,385.13,,,29.6,2009-04,,2013-07,,,,0,0,,,,FR_MAY_2011.pdf,Sector-Wise analysis of projects,60,488
FR_201105_489,,240106280,489,"MAIBANG TO LUNDING (AS-24), KM.111.000 TO KM.126.450 - NHAI,Assam",AS-24,,ROAD TRANSPORT & HIGHWAYS,2011-05,2003-12,,155.04,,280.13,,,39.25,2008-11,,2013-07,,,,0,0,,,,FR_MAY_2011.pdf,Sector-Wise analysis of projects,60,489
FR_201105_490,,N24000148,490,"DEOLI-KOTA - NHAI,Rajasthan",,,ROAD TRANSPORT & HIGHWAYS,2011-05,2011-01,,953.0,,593.0,,,50.83,2013-07,,2013-07,,,,0,0,,,,FR_MAY_2011.pdf,Sector-Wise analysis of projects,60,490
FR_201105_491,,N24000157,491,"CHITRADURGA-TUMKUR(NH-4) - NHAI,Karnataka",NH-4,,ROAD TRANSPORT & HIGHWAYS,2011-05,2011-03,,839.0,,839.0,,,,2013-08,,2013-08,,,,0,0,,,,FR_MAY_2011.pdf,Sector-Wise analysis of projects,60,491
FR_201105_492,,N24000139,492,"New 4 Lane elevated road from chennai airport - NHAI,Tamil Nadu",,,ROAD TRANSPORT & HIGHWAYS,2011-05,2010-09,,1655.0,,1655.0,,,0.18,2013-09,,2013-09,,,,0,0,,,,FR_MAY_2011.pdf,Sector-Wise analysis of projects,60,492
FR_201105_493,,N24000153,493,"4 LANNING OF BELGUM-KHANPUR SECTION AND 2 LANING - NHAI,Karnataka",,,ROAD TRANSPORT & HIGHWAYS,2011-05,2011-03,,359.0,,359.0,,,0.99,2013-09,,2013-09,,,,0,0,,,,FR_MAY_2011.pdf,Sector-Wise analysis of projects,60,493
FR_201105_494,,N24000140,494,"Talegaon-amravati - NHAI,Maharashtra",,,ROAD TRANSPORT & HIGHWAYS,2011-05,2009-11,,567.0,,567.0,,,10.04,2013-11,,2013-11,,,,0,0,,,,FR_MAY_2011.pdf,Sector-Wise analysis of projects,60,494
FR_201105_495,,240106279,495,"MAIBANG TO LUNDING (AS-26), KM.60.500 TO KM.83.400, NH-54 - NHAI,Assam",AS-26,,ROAD TRANSPORT & HIGHWAYS,2011-05,2003-12,,167.64,,167.64,,,40.71,2008-11,,2013-12,,,,0,0,,,,FR_MAY_2011.pdf,Sector-Wise analysis of projects,60,495
FR_201105_496,,N24000061,496,"HARANGAJO TO MAIBANG,km 164.08- 190.587 NH-54 - NHAI,Assam",,,ROAD TRANSPORT & HIGHWAYS,2011-05,2003-12,,212.0,,212.0,,,38.61,2007-09,,2013-12,,,,0,0,,,,FR_MAY_2011.pdf,Sector-Wise analysis of projects,60,496
FR_201105_497,,N24000062,497,"HARANGAJO TO MAIBANG, NH-54 - NHAI,Assam",,,ROAD TRANSPORT & HIGHWAYS,2011-05,2003-12,,196.0,,196.0,,,27.66,2009-07,,2013-12,,,,0,0,,,,FR_MAY_2011.pdf,Sector-Wise analysis of projects,60,497
FR_201105_498,,N24000155,498,"4 LANING OF NAGPUR-BETUL - NHAI,Multi State",,,ROAD TRANSPORT & HIGHWAYS,2011-05,2011-02,,2498.76,,2498.76,,,,2014-08,,2014-08,,,,0,0,,,,FR_MAY_2011.pdf,Sector-Wise analysis of projects,60,498
FR_201105_499,,N24000151,499,"PANIPAT-ROHTAK - NHAI,Haryana",,,ROAD TRANSPORT & HIGHWAYS,2011-05,2011-04,,807.0,,807.0,,,299.9,2014-10,,2014-10,,,,0,0,,,,FR_MAY_2011.pdf,Sector-Wise analysis of projects,60,499
FR_201105_500,,250100175,500,"SETHUSAMUDRAM SHIP CHANNEL PROJECT - PORT TRUST,Tamil Nadu",,,SHIPPING & PORTS,2011-05,2005-06,,2427.4,,2427.4,,,820.91,2008-10,,2010-11,,,,0,0,,,,FR_MAY_2011.pdf,Sector-Wise analysis of projects,61,500
FR_201105_501,,N25000055,501,"DEVELOPMENT OF COAL TERMINAL - ENNORE PORT LTD,Tamil Nadu",,,SHIPPING & PORTS,2011-05,2006-09,,399.13,,399.13,,,,2010-08,,2011-03,,,,0,0,,,,FR_MAY_2011.pdf,Sector-Wise analysis of projects,61,501
FR_201105_502,,N25000056,502,"DEVELOPMENT OF IRON ORE TERMINAL - ENNORE PORT LTD,Tamil Nadu",,,SHIPPING & PORTS,2011-05,2006-09,,370.0,,370.0,,,,2010-08,,2011-04,,,,0,0,,,,FR_MAY_2011.pdf,Sector-Wise analysis of projects,61,502
FR_201105_503,,N25000004,503,"DEEPENING OF CHANNEL AT PARADIP PORT - PORT TRUST,Orissa",,,SHIPPING & PORTS,2011-05,2005-12,,154.84,253.36,253.36,,,223.6,2007-12,2009-07,2011-06,,,,0,0,,,,FR_MAY_2011.pdf,Sector-Wise analysis of projects,61,503
FR_201105_504,,N25000038,504,"Construction & License out the OPERATION, MANAG. & - PORT TRUST,Karnataka",,,SHIPPING & PORTS,2011-05,2006-06,,230.0,,272.5,,,219.0,2010-12,,2011-06,,,,0,0,,,,FR_MAY_2011.pdf,Sector-Wise analysis of projects,61,504
FR_201105_505,,N25000054,505,"MARINE LIQUID TERMINALS - ENNORE TANK,Tamil Nadu",,,SHIPPING & PORTS,2011-05,2004-10,,196.25,,196.25,,,,2006-06,2011-09,2011-09,,,,0,0,,,,FR_MAY_2011.pdf,Sector-Wise analysis of projects,61,505
FR_201105_506,,250100112,506,"ESTABLISHMENT OF VESSEL TRAFFIC SERVICES IN GULF OF KUTCH - SHIPP.,Gujarat",,,SHIPPING & PORTS,2011-05,2002-01,,165.0,,165.0,,,90.1,2005-12,2008-01,2011-10,,,,0,0,,,,FR_MAY_2011.pdf,Sector-Wise analysis of projects,61,506
FR_201105_507,,N25000014,507,"ACQUISITION OF 4 NO. OF ANCHOR HANDLING CUM SUPPLY - SHIPP.,Maharashtra",,,SHIPPING & PORTS,2011-05,2007-10,,359.44,,359.44,,,354.81,2011-04,2011-06,2011-11,,,,0,0,,,,FR_MAY_2011.pdf,Sector-Wise analysis of projects,61,507
FR_201105_508,,N25000042,508,"Acquisition of two nos. of 120 B.P - SHIPP.,Maharashtra",,,SHIPPING & PORTS,2011-05,2009-04,,290.85,,290.85,,,86.46,2011-06,2012-01,2012-01,,,,0,0,,,,FR_MAY_2011.pdf,Sector-Wise analysis of projects,61,508
FR_201105_509,,N25000033,509,"ACQUISITION OF 6 NOS. OF 57000 DWT HANDYMAX BULK C - SHIPP.,Maharashtra",,,SHIPPING & PORTS,2011-05,2007-11,,1061.96,,1061.96,,,280.33,2012-03,,2012-03,,,,0,0,,,,FR_MAY_2011.pdf,Sector-Wise analysis of projects,61,509
FR_201105_510,,N25000035,510,"ENNORE MANALI EXPRESS WAY,F/O SPECIAL PURPOSE VEHI - SHIPP.,Tamil Nadu",,,SHIPPING & PORTS,2011-05,2002-10,,150.0,600.0,600.0,,,67.0,2006-03,,2012-03,,,,0,0,,,,FR_MAY_2011.pdf,Sector-Wise analysis of projects,61,510
FR_201105_511,,N25000050,511,"Modification & Strengthening of Existing Berth No. 1 to 6 - PORT TRUST,Gujarat",,,SHIPPING & PORTS,2011-05,2010-06,,277.0,,277.0,,,0.04,2012-03,,2012-03,,,,0,0,,,,FR_MAY_2011.pdf,Sector-Wise analysis of projects,61,511
FR_201105_512,,N25000043,512,"Acquisition of Two nos. of 3060 DWT - PORT TRUST,Maharashtra",,,SHIPPING & PORTS,2011-05,2009-04,,277.03,,277.03,,,55.41,2011-12,2012-05,2012-05,,,,0,0,,,,FR_MAY_2011.pdf,Sector-Wise analysis of projects,61,512
FR_201105_513,,N25000016,513,"CONST. & DEV. OF 2 OFFSHORE CONTAINER BERTHS & TER - MUMBAI PORT TRU,Maharashtra",,,SHIPPING & PORTS,2011-05,2007-11,,1228.0,1460.0,1460.0,,,269.69,2010-12,2012-09,2012-09,,,,0,0,,,,FR_MAY_2011.pdf,Sector-Wise analysis of projects,61,513
FR_201105_514,,N25000031,514,"ACQUISITION OF 4 NOS. OF 80655 DWT PANAMAX BULK CA - SHIPP.,Maharashtra",,,SHIPPING & PORTS,2011-05,2008-08,,1066.91,,968.35,,,222.91,2012-09,,2012-09,,,,0,0,,,,FR_MAY_2011.pdf,Sector-Wise analysis of projects,61,514
FR_201105_515,,N25000049,515,"Mechanization of coal handling facilities to 200 - PORT TRUST,Andhra Pradesh",,,SHIPPING & PORTS,2011-05,2010-02,,444.1,,444.1,,,,2010-06,,2012-11,,,,0,0,,,,FR_MAY_2011.pdf,Sector-Wise analysis of projects,61,515
FR_201105_516,,N25000051,516,"Acquisition of 4 nos of 82000 DWT kamsavmax Bulk carriers - SHIPP.,Maharashtra",,,SHIPPING & PORTS,2011-05,2010-08,,612.72,,612.72,,,61.31,2012-12,,2012-12,,,,0,0,,,,FR_MAY_2011.pdf,Sector-Wise analysis of projects,61,516
FR_201105_517,,N25000037,517,"C/O Berthing and Allied Facilities off tekra near - PORT TRUST,Gujarat",,,SHIPPING & PORTS,2011-05,2005-04,,882.0,,1060.0,,,0.16,2011-02,,2013-03,,,,0,0,,,,FR_MAY_2011.pdf,Sector-Wise analysis of projects,62,517
FR_201105_518,,N25000039,518,"CONSTRUCTION OF 13 & 14 CARGO BERTH AT KANDLA - PORT TRUST,Gujarat",,,SHIPPING & PORTS,2011-05,2005-12,,702.0,,755.5,,,0.73,2011-03,,2013-03,,,,0,0,,,,FR_MAY_2011.pdf,Sector-Wise analysis of projects,62,518
FR_201105_519,,N25000047,519,"SETTING UP OF AN INTERNATIONAL CRUISE TERMINAL AT - PORT TRUST,Kerala",,,SHIPPING & PORTS,2011-05,2008-03,,375.0,272.5,272.5,,,,2009-01,,2013-05,,,,0,0,,,,FR_MAY_2011.pdf,Sector-Wise analysis of projects,62,519
FR_201105_520,,N25000052,520,"Acquistion of three(3) nos of 6500TEU Cellular container - SHIPP.,Maharashtra",3,,SHIPPING & PORTS,2011-05,2010-10,,1028.1,,1028.1,,,202.04,2013-12,,2013-12,,,,0,0,,,,FR_MAY_2011.pdf,Sector-Wise analysis of projects,62,520
FR_201105_521,,N25000053,521,"Acquisition of two(2) Nos. of 317000 DWT very large crude - SHIPP.,Maharashtra",2,,SHIPPING & PORTS,2011-05,2010-10,,966.46,,966.46,,,189.92,2014-02,,2014-02,,,,0,0,,,,FR_MAY_2011.pdf,Sector-Wise analysis of projects,62,521
FR_201105_522,,N25000003,522,"DEEPENING AND WIDENING OF MUMBAI HARBOUR CHANNEL A - PORT TRUST,Maharashtra Total",,,SHIPPING & PORTS,2011-05,2005-10,,800.0,14464.19,800.0,,,5.75,2008-10,,,,,,0,0,,,,FR_MAY_2011.pdf,Sector-Wise analysis of projects,62,522
FR_201105_523,,N26000043,523,"GSM EQUIPMENT OF 3125K LINES(2G) AND 625K LINES(3 - BSNL,Maharashtra",2G,,TELECOMMUNICATIONS,2011-05,2008-09,,1799.94,,1799.94,,,50.11,2009-09,,2010-02,,,,0,0,,,,FR_MAY_2011.pdf,Sector-Wise analysis of projects,62,523
FR_201105_524,,260100099,524,"PROJ.III OF NIB-II OF MESSAGING STORAGE - BSNL,Multi State",,,TELECOMMUNICATIONS,2011-05,2003-11,,250.0,,425.51,,,102.34,2005-12,,2010-10,,,,0,0,,,,FR_MAY_2011.pdf,Sector-Wise analysis of projects,62,524
FR_201105_525,,N26000072,525,"Implementation of FTTH, the state of the art access ,gpon eq - BSNL,Multi State",,,TELECOMMUNICATIONS,2011-05,2007-12,,952.88,,952.88,,,,2010-03,,2010-10,,,,0,0,,,,FR_MAY_2011.pdf,Sector-Wise analysis of projects,62,525
FR_201105_526,,N26000073,526,"Implementation of FTTH, the state of the art Acces - BSNL,Multi State",,,TELECOMMUNICATIONS,2011-05,2007-12,,152.65,,152.65,,,,2010-03,,2010-10,,,,0,0,,,,FR_MAY_2011.pdf,Sector-Wise analysis of projects,62,526
FR_201105_527,,N26000074,527,"Procurement of DXC equipment - BSNL,Multi State",,,TELECOMMUNICATIONS,2011-05,2008-02,,229.0,,229.0,,,,2010-03,,2010-11,,,,0,0,,,,FR_MAY_2011.pdf,Sector-Wise analysis of projects,62,527
FR_201105_528,,N26000037,528,"NIB-II PROJECT RURAL BROADBAND - BSNL,Multi State",,,TELECOMMUNICATIONS,2011-05,2007-12,,312.86,234.24,353.0,,,210.69,2008-02,,2010-12,,,,0,0,,,,FR_MAY_2011.pdf,Sector-Wise analysis of projects,62,528
FR_201105_529,,N26000066,529,"Procurement of 2.5G DWDM equipment - BSNL,Multi State",,,TELECOMMUNICATIONS,2011-05,2006-08,,424.0,,424.0,,,,2009-03,,2010-12,,,,0,0,,,,FR_MAY_2011.pdf,Sector-Wise analysis of projects,62,529
FR_201105_530,,N26000068,530,"Procurement of 10G 40 CHL (12 chi equipped) DWDM - BSNL,Multi State",12 chi equipped,,TELECOMMUNICATIONS,2011-05,2007-12,,545.5,,545.5,,,,2010-03,,2010-12,,,,0,0,,,,FR_MAY_2011.pdf,Sector-Wise analysis of projects,62,530
FR_201105_531,,N26000069,531,"Procurement of STM-1 SDH equipment - BSNL,Multi State",,,TELECOMMUNICATIONS,2011-05,2007-02,,154.03,,154.03,,,,2010-03,,2010-12,,,,0,0,,,,FR_MAY_2011.pdf,Sector-Wise analysis of projects,62,531
FR_201105_532,,N26000070,532,"Procurement of STM-16 MADM equipment - BSNL,Multi State",,,TELECOMMUNICATIONS,2011-05,2008-03,,355.92,,355.92,,,,2010-03,,2010-12,,,,0,0,,,,FR_MAY_2011.pdf,Sector-Wise analysis of projects,62,532
FR_201105_533,,N26000071,533,"Procurement of STM-16 ADM equipment - BSNL,Multi State",,,TELECOMMUNICATIONS,2011-05,2007-02,,477.0,,477.0,,,,2010-03,,2010-12,,,,0,0,,,,FR_MAY_2011.pdf,Sector-Wise analysis of projects,62,533
FR_201105_534,,N26000085,534,"GSM equipment of 375000Lines (2G) 75000lines 3(G) - BSNL,West Bengal",G,,TELECOMMUNICATIONS,2011-05,2008-06,,170.23,,170.23,,,127.26,2009-06,,2011-01,,,,0,0,,,,FR_MAY_2011.pdf,Sector-Wise analysis of projects,62,534
FR_201105_535,,N26000040,535,"GSM EQUIPMENT OF 216650 LINES(2G) PH-5.1 - BSNL,Haryana",2G,,TELECOMMUNICATIONS,2011-05,2008-01,,192.48,,192.48,,,110.82,2009-03,,2011-02,,,,0,0,,,,FR_MAY_2011.pdf,Sector-Wise analysis of projects,63,535
FR_201105_536,,N26000041,536,"GSM EQUIPMENT OF 390K LINES(2G) AND 130K LINES(3G) - BSNL,Punjab",3G,,TELECOMMUNICATIONS,2011-05,2008-02,,373.94,,373.94,,,171.01,2008-12,,2011-02,,,,0,0,,,,FR_MAY_2011.pdf,Sector-Wise analysis of projects,63,536
FR_201105_537,,N26000046,537,"GSM EQUIPMENT OF 700K LINES(2G) AND 150K LINES(3G) - BSNL,Orissa",3G,,TELECOMMUNICATIONS,2011-05,2007-11,,277.34,,377.54,,,128.29,2009-03,,2011-02,,,,0,0,,,,FR_MAY_2011.pdf,Sector-Wise analysis of projects,63,537
FR_201105_538,,N26000058,538,"UTTARANCHAL TELECOM CIRCLE PHASE-VI (2G & 3G) - BSNL,Uttaranchal",2G & 3G,,TELECOMMUNICATIONS,2011-05,2009-01,,149.15,158.72,158.72,,,25.67,2009-06,,2011-02,,,,0,0,,,,FR_MAY_2011.pdf,Sector-Wise analysis of projects,63,538
FR_201105_539,,N26000062,539,"Assam Telecom Circle, Phase-V.I, 2G & 3G - BSNL,Assam",,,TELECOMMUNICATIONS,2011-05,2007-06,,336.81,,336.81,,,105.16,2009-01,,2011-02,,,,0,0,,,,FR_MAY_2011.pdf,Sector-Wise analysis of projects,63,539
FR_201105_540,,N26000083,540,"GSM equipment of 975000Lines (2G) 325000 lines 3(G - BSNL,Uttar Pradesh",2G,,TELECOMMUNICATIONS,2011-05,2009-02,,625.53,,625.53,,,19.52,2010-02,,2011-02,,,,0,0,,,,FR_MAY_2011.pdf,Sector-Wise analysis of projects,63,540
FR_201105_541,,N26000086,541,"GSM equipment of 945000Lines (2G) 225000lines 3(G) - BSNL,Bihar",G,,TELECOMMUNICATIONS,2011-05,2007-10,,366.0,,529.32,,,112.89,2008-10,,2011-02,,,,0,0,,,,FR_MAY_2011.pdf,Sector-Wise analysis of projects,63,541
FR_201105_542,,N26000091,542,"GSM equipment of 1900000Lines (2G) 401700 lines 3( - BSNL,Tamil Nadu",2G,,TELECOMMUNICATIONS,2011-05,2009-01,,760.2,,1312.52,,,579.17,2011-03,,2011-02,,,,0,1,,,,FR_MAY_2011.pdf,Sector-Wise analysis of projects,63,542
FR_201105_543,,N26000093,543,"GSM equipment of 1500000Lines (2G) 264700lines 3(G - BSNL,Andhra Pradesh",2G,,TELECOMMUNICATIONS,2011-05,2009-01,,922.91,,922.91,,,161.71,2010-01,,2011-02,,,,0,0,,,,FR_MAY_2011.pdf,Sector-Wise analysis of projects,63,543
FR_201105_544,,N26000094,544,"GSM equipment of 1900000Lines (2G) 335500lines 3(G - BSNL,Kerala",2G,,TELECOMMUNICATIONS,2011-05,2009-01,,848.7,,848.7,,,399.04,2010-01,,2011-02,,,,0,0,,,,FR_MAY_2011.pdf,Sector-Wise analysis of projects,63,544
FR_201105_545,,N26000095,545,"GSM equipment of 614000Lines (2G) 150000lines 3(G) - BSNL,Tamil Nadu",G,,TELECOMMUNICATIONS,2011-05,2009-01,,315.19,,315.19,,,68.99,2010-01,,2011-02,,,,0,0,,,,FR_MAY_2011.pdf,Sector-Wise analysis of projects,63,545
FR_201105_546,,N26000039,546,"GSM EQUIPMENT OF 900K LINES(2G) AND 300K LINES(3G) - BSNL,Rajasthan",3G,,TELECOMMUNICATIONS,2011-05,2007-06,,601.49,,601.49,,,438.0,2008-12,,2011-03,,,,0,0,,,,FR_MAY_2011.pdf,Sector-Wise analysis of projects,63,546
FR_201105_547,,N26000050,547,"GSM EQUIPMENT-480K LINES(2G) & 220K LINES(3G) IN - BSNL,Uttar Pradesh",3G,,TELECOMMUNICATIONS,2011-05,2007-05,,335.91,,335.91,,,140.73,2009-03,,2011-03,,,,0,0,,,,FR_MAY_2011.pdf,Sector-Wise analysis of projects,63,547
FR_201105_548,,N26000081,548,"GSM equipment of 900000Lines (2G) PunjabPhase V.2 - BSNL,Punjab",2G,,TELECOMMUNICATIONS,2011-05,2008-09,,241.49,,601.49,,,480.57,2009-09,,2011-03,,,,0,0,,,,FR_MAY_2011.pdf,Sector-Wise analysis of projects,63,548
FR_201105_549,,N26000082,549,"GSM equipment of 200000Lines (2G) UP(West)Phase V. - BSNL,Uttar Pradesh",West,,TELECOMMUNICATIONS,2011-05,2008-10,,336.84,,336.84,,,22.06,2009-10,,2011-03,,,,0,0,,,,FR_MAY_2011.pdf,Sector-Wise analysis of projects,63,549
FR_201105_550,,N26000084,550,"GSM equipment of 1100000Lines (2G) UP East Phase - BSNL,Uttar Pradesh",2G,,TELECOMMUNICATIONS,2011-05,2009-09,,624.75,,624.75,,,11.21,2010-09,,2011-03,,,,0,0,,,,FR_MAY_2011.pdf,Sector-Wise analysis of projects,63,550
FR_201105_551,,N26000087,551,"GSM equipment of 849862Lines (2G) 150138 lines 3(G - BSNL,West Bengal",2G,,TELECOMMUNICATIONS,2011-05,2008-02,,584.33,,584.33,,,171.99,2009-02,,2011-03,,,,0,0,,,,FR_MAY_2011.pdf,Sector-Wise analysis of projects,63,551
FR_201105_552,,N26000089,552,"GSM equipment of 1867000Lines (2G) 383000 lines 3( - BSNL,Gujarat",2G,,TELECOMMUNICATIONS,2011-05,2008-08,,868.0,,868.0,,,191.48,2009-08,,2011-03,,,,0,0,,,,FR_MAY_2011.pdf,Sector-Wise analysis of projects,63,552
FR_201105_553,,N26000090,553,"GSM equipment of 1625000Lines (2G) 325000 lines 3( - BSNL,Madhya pradesh",2G,,TELECOMMUNICATIONS,2011-05,2009-11,,916.7,,916.7,,,151.7,2010-11,,2011-03,,,,0,0,,,,FR_MAY_2011.pdf,Sector-Wise analysis of projects,64,553
FR_201105_554,,N26000092,554,"GSM equipment of 1700000Lines (2G) 234100 lines 3( - BSNL,Karnataka",2G,,TELECOMMUNICATIONS,2011-05,2008-10,,677.75,719.9,719.9,,,238.44,2009-10,,2011-03,,,,0,0,,,,FR_MAY_2011.pdf,Sector-Wise analysis of projects,64,554
FR_201105_555,,N26000096,555,"ERP implementation in BSNL on Turnkey basis - BSNL,Multi State",,,TELECOMMUNICATIONS,2011-05,2009-10,,384.0,,384.0,,,12.01,2010-10,,2011-04,,,,0,0,,,,FR_MAY_2011.pdf,Sector-Wise analysis of projects,64,555
FR_201105_556,,N26000011,556,"CONVERGENT BILLING AND CRM- MTNL(DELHI) - MTNL,Delhi",DELHI,,TELECOMMUNICATIONS,2011-05,2005-12,,249.0,229.41,229.41,,,66.2,2007-02,,2011-08,,,,0,0,,,,FR_MAY_2011.pdf,Sector-Wise analysis of projects,64,556
FR_201105_557,,N26000016,557,"CONVERGENT BILLING AND CRM(MUMBAI) - MTNL,Maharashtra",MUMBAI,,TELECOMMUNICATIONS,2011-05,2006-01,,247.0,,247.0,,,75.89,2007-02,,2011-08,,,,0,0,,,,FR_MAY_2011.pdf,Sector-Wise analysis of projects,64,557
FR_201105_558,,N26000078,558,"FTTH BO-3474 /08-09 in Mumbai - MTNL,Maharashtra",,,TELECOMMUNICATIONS,2011-05,2010-04,,389.86,389.86,389.86,,,3.06,2011-09,,2011-09,,,,0,0,,,,FR_MAY_2011.pdf,Sector-Wise analysis of projects,64,558
FR_201105_559,,N26000029,559,"EXPANSION OF EXISTING 750K GSM NETWORK PE NO. 992 - BSNL,Maharashtra",,,TELECOMMUNICATIONS,2011-05,2006-06,,231.38,,168.3,,,94.13,2007-10,,,,,,0,0,,,,FR_MAY_2011.pdf,Sector-Wise analysis of projects,64,559
FR_201105_560,,N26000063,560,"MANAGED LEASED LINE NETWORK PH-VI - BSNL,Multi State",,,TELECOMMUNICATIONS,2011-05,2008-11,,350.0,,350.0,,,,,,,,,,0,0,,,,FR_MAY_2011.pdf,Sector-Wise analysis of projects,64,560
FR_201105_561,,N26000065,561,"Execution of telecom network requirement of defence - BSNL,Multi State",,,TELECOMMUNICATIONS,2011-05,2006-05,,1077.0,,1077.0,,,841.0,2009-03,,,,,,0,0,,,,FR_MAY_2011.pdf,Sector-Wise analysis of projects,64,561
FR_201105_562,,N26000067,562,"Procurement of 10G (40 chl) DWDM equipment - BSNL,Multi State",40 chl,,TELECOMMUNICATIONS,2011-05,2006-08,,590.1,,590.1,,,,2009-03,,,,,,0,0,,,,FR_MAY_2011.pdf,Sector-Wise analysis of projects,64,562
FR_201105_563,,N26000088,563,"GSM equipment of 799000Lines (2G) 101000 lines 3(G - BSNL,Jharkhandd Total",2G,,TELECOMMUNICATIONS,2011-05,2008-03,,328.13,20025.99,392.44,,,5311.14,2009-03,,,,,,0,0,,,,FR_MAY_2011.pdf,Sector-Wise analysis of projects,64,563
FR_201105_564,,N28000048,564,"C/o office building for IDBI at bandra Kurla Compl - CPWD,Maharashtra",,,URBAN DEVELOPMENT,2011-05,2006-11,,114.18,173.08,181.3,,,79.96,2009-04,,2011-01,,,,0,0,,,,FR_MAY_2011.pdf,Sector-Wise analysis of projects,64,564
FR_201105_565,,280100002,565,"DELHI MRTS PHASE-II PROJECT - DMRC,Delhi",,,URBAN DEVELOPMENT,2011-05,2005-08,,8676.0,8605.36,18894.36,,,17548.44,2010-06,,2011-06,,,,0,10,,,,FR_MAY_2011.pdf,Sector-Wise analysis of projects,64,565
FR_201105_566,,N28000008,566,"BANGALORE METRO RAIL PROJECT - MRTP,Karnataka Total",,,URBAN DEVELOPMENT,2011-05,2006-05,,6395.0,15185.18,11609.0,,,2267.57,2011-12,,2013-03,,,,6,6,,,,FR_MAY_2011.pdf,Sector-Wise analysis of projects,64,566
FR_201105_567,,300100001,567,"PAGLADIYA DAM PROJECT - MoWR,Assam Total Grand Total",,,WATER RESOURCES,2011-05,2001-01,,542.9,542.9,1187.0,,,35.49,2007-12,,2012-12,,,,0,0,,,,FR_MAY_2011.pdf,Sector-Wise analysis of projects,64,567
