observation_id,project_id,project_code,serial_no,project_name,agency,state,sector,report_date,approval_date,approval_date_revised,original_cost_crore,revised_cost_crore,anticipated_cost_crore,cost_overrun_original_crore,cost_overrun_revised_crore,cumulative_expenditure_crore,original_completion_date,revised_completion_date,anticipated_completion_date,time_overrun_original_months,time_overrun_revised_months,additional_delay_months,milestones_achieved,milestones_total,physical_progress_pct,delay_reason,status,source.report,source.table,source.page,source.serial_no
FR_201103_001,,N02000007,1,"URANIUM ORE MINE & PROCESSING PLANT AT TUMMALAPALL - UCIL,Andhra Pradesh",,,ATOMIC ENERGY,2011-03,2007-09,,1106.29,,1106.29,,,925.69,2011-04,,2011-12,,,,0,1,,,,FR_MARCH_2011.pdf,Sector-Wise analysis of projects,42,1
FR_201103_002,,020100044,2,"PROTOTYPE FAST BREEDER REACTOR (BHAVINI, 500 MWE) - BHAVNI,Tamil Nadu","BHAVINI, 500 MWE",,ATOMIC ENERGY,2011-03,2003-09,,3492.0,,5677.0,,,2944.81,2010-09,,2012-01,,,,8,80,,,,FR_MARCH_2011.pdf,Sector-Wise analysis of projects,42,2
FR_201103_003,,020100040,3,"KUDANKULAM APP (NPCIL) - NPCIL,Tamil Nadu Total",NPCIL,,ATOMIC ENERGY,2011-03,2001-12,,13171.0,17769.29,15824.0,,,13561.0,2008-12,,2012-03,,,,61,119,,,,FR_MARCH_2011.pdf,Sector-Wise analysis of projects,42,3
FR_201103_004,,N04000068,4,"CONSTRACTION OF RCC/PRE STRESSD CONCRETE BRIDGE K3 - AAI,Tamil Nadu",,,CIVIL AVIATION,2011-03,2009-06,,213.35,,213.35,,,227.95,2010-09,,2011-03,,,,0,0,,,,FR_MARCH_2011.pdf,Sector-Wise analysis of projects,42,4
FR_201103_005,,N04000038,5,"D/O KAMARAJ DOMESTIC TER-PH-II & EXP. ANNA INT. TE(K1) - AAI,Tamil Nadu",K1,,CIVIL AVIATION,2011-03,2008-08,,1273.0,,1273.0,,,714.65,2011-01,,2011-01,,,,0,0,,,,FR_MARCH_2011.pdf,Sector-Wise analysis of projects,42,5
FR_201103_006,,N04000037,6,"C/O INTEGRATED PASSENGER TER. BULD. NSCBI AIRPORT - AAI,West Bengal",,,CIVIL AVIATION,2011-03,2008-08,,1942.51,,1942.51,,,,2011-05,,2011-08,,,,0,0,,,,FR_MARCH_2011.pdf,Sector-Wise analysis of projects,42,6
FR_201103_007,,N04000069,7,"Construction of New International Terminal Building - AAI,Goa",,,CIVIL AVIATION,2011-03,2010-05,,204.73,,204.73,,,25.64,2012-05,,2012-05,,,,0,0,,,,FR_MARCH_2011.pdf,Sector-Wise analysis of projects,42,7
FR_201103_008,,N04000050,8,"C/o new Airport at Pakyong(Sikkim) Airport - AAI,Sikkim",Sikkim,,CIVIL AVIATION,2011-03,2009-01,,264.29,,264.29,,,105.01,2011-01,,2012-06,,,,0,0,,,,FR_MARCH_2011.pdf,Sector-Wise analysis of projects,42,8
FR_201103_009,,N04000065,9,"GAGAN PROJECT - AAI,Multi State",,,CIVIL AVIATION,2011-03,2008-09,,393.6,,393.6,,,262.69,2013-06,,2013-06,,,,0,0,,,,FR_MARCH_2011.pdf,Sector-Wise analysis of projects,42,9
FR_201103_010,,N04000040,10,"D/O OF TERMINAL BLDG. AND PAVEMENT WORKS AT CHENNA - AAI,Tamil Nadu",,,CIVIL AVIATION,2011-03,2008-01,,535.0,,535.0,,,143.97,2010-06,,,,,,0,0,,,,FR_MARCH_2011.pdf,Sector-Wise analysis of projects,42,10
FR_201103_011,,N04000056,11,"Extension of Secondary Runway(K2) - AAI,Tamil Nadu Total",K2,,CIVIL AVIATION,2011-03,2008-08,,230.0,13.0,230.0,,,232.82,2011-01,,,,,,0,0,,,,FR_MARCH_2011.pdf,Sector-Wise analysis of projects,42,11
FR_201103_012,,060100089,12,"BARSINGSAR TPS (2X125MW) (NLC) - NLC,Rajasthan",NLC,,COAL,2011-03,2004-12,,1114.18,1626.09,1626.09,,,1576.46,2009-06,,2011-06,,,,59,26,,,,FR_MARCH_2011.pdf,Sector-Wise analysis of projects,42,12
FR_201103_013,,060100087,13,"TPS-II EXPANSION (1470MW TO 1970MW) (NLC) - NLC,Tamil Nadu",NLC,,COAL,2011-03,2004-10,,2030.78,2453.57,2453.57,,,2453.57,2009-06,,2012-03,,,,59,24,,,,FR_MARCH_2011.pdf,Sector-Wise analysis of projects,42,13
FR_201103_014,,060100092,14,"KULDA OCP (MAHANADI COALFIELDS LTD.) - MCL,Orissa",MAHANADI COALFIELDS LTD.,,COAL,2011-03,2005-01,,302.96,,302.96,,,75.95,2010-03,2012-03,2012-03,,,,0,4,,,,FR_MARCH_2011.pdf,Sector-Wise analysis of projects,42,14
FR_201103_015,,N06000017,15,"SHANTIKHANI LONGWALL PROJ- SCCL - SCCL,Andhra Pradesh",,,COAL,2011-03,2006-10,,249.03,,249.03,,,38.37,2012-03,,2012-03,,,,12,42,,,,FR_MARCH_2011.pdf,Sector-Wise analysis of projects,42,15
FR_201103_016,,N06000033,16,"NIGAHI OC EXPANSION PROJECT 10 MTY TO 15 MTY, SINGRAULI - NCL,Madhya pradesh",,,COAL,2011-03,2007-10,,259.4,,259.4,,,1.49,2012-03,,2012-03,,,,0,1,,,,FR_MARCH_2011.pdf,Sector-Wise analysis of projects,42,16
FR_201103_017,,N06000044,17,"BALRAM OCP EXTENSION - MCL,Orissa",,,COAL,2011-03,2007-12,,172.08,,172.08,,,109.64,2009-03,2010-03,2012-03,,,,0,2,,,,FR_MARCH_2011.pdf,Sector-Wise analysis of projects,43,17
FR_201103_018,,N06000067,18,"ANANTA OC EXPANSION PH-III - MCL,Orissa",,,COAL,2011-03,2008-08,,207.28,,207.28,,,55.95,2012-03,,2012-03,,,,0,0,,,,FR_MARCH_2011.pdf,Sector-Wise analysis of projects,43,18
FR_201103_019,,N06000078,19,"RAMAGUNDAM OC-II EXTENSION - SCCL,",,,COAL,2011-03,2009-12,,418.97,,418.97,,,71.6,2012-03,,2012-03,,,,18,27,,,,FR_MARCH_2011.pdf,Sector-Wise analysis of projects,43,19
FR_201103_020,,N06000080,20,"MANUGURU OC-II EXTENSION PHASE-II - SCCL,",,,COAL,2011-03,2010-03,,181.19,,181.19,,,0.9,2012-03,,2012-03,,,,6,34,,,,FR_MARCH_2011.pdf,Sector-Wise analysis of projects,43,20
FR_201103_021,,N06000047,21,"TUTICORIN THERMAL POWER PROJECT - NLC,Tamil Nadu",,,COAL,2011-03,2008-05,,4904.54,,4909.54,,,1609.59,2012-08,,2012-08,,,,0,3,,,,FR_MARCH_2011.pdf,Sector-Wise analysis of projects,43,21
FR_201103_022,,060100096,22,"ASHOK EXPN.OCP -CCL (5 MTY) - CCL,Jharkhandd",5 MTY,,COAL,2011-03,2006-04,,471.66,341.63,341.63,,,101.16,2011-03,2013-03,2013-03,,,,0,2,,,,FR_MARCH_2011.pdf,Sector-Wise analysis of projects,43,22
FR_201103_023,,N06000007,23,"KRISHNASHILA (NCL) (4MTY) - NCL,Madhya pradesh",4MTY,,COAL,2011-03,2006-05,,789.88,741.56,741.56,,,137.36,2010-03,,2013-03,,,,0,2,,,,FR_MARCH_2011.pdf,Sector-Wise analysis of projects,43,23
FR_201103_024,,N06000008,24,"KUSMUNDA EXPN.OCP(SECL)(10MTY) - SECL,",10MTY,,COAL,2011-03,2006-06,,737.65,1188.31,1188.31,,,556.97,2013-03,,2013-03,,,,0,3,,,,FR_MARCH_2011.pdf,Sector-Wise analysis of projects,43,24
FR_201103_025,,N06000025,25,"JALLARAM SHAFT PROJECT - SCCL,",,,COAL,2011-03,2013-03,,467.78,,467.78,,,11.73,2013-03,,2013-03,,,,0,83,,,,FR_MARCH_2011.pdf,Sector-Wise analysis of projects,43,25
FR_201103_026,,N06000035,26,"KANIHA OCP - MCL,Multi State",,,COAL,2011-03,2007-12,,457.77,,457.77,,,69.11,2013-03,,2013-03,,,,0,2,,,,FR_MARCH_2011.pdf,Sector-Wise analysis of projects,43,26
FR_201103_027,,N06000068,27,"HINGULA OC-II EXP. PH-II (15 MTY) - MCL,Orissa",15 MTY,,COAL,2011-03,2008-11,,479.53,,479.53,,,205.31,2013-03,,2013-03,,,,0,2,,,,FR_MARCH_2011.pdf,Sector-Wise analysis of projects,43,27
FR_201103_028,,N06000085,28,"Purnadih OCP - CCL,Jharkhandd",,,COAL,2011-03,2008-07,,210.98,,210.98,,,23.01,2013-03,,2013-03,,,,0,2,,,,FR_MARCH_2011.pdf,Sector-Wise analysis of projects,43,28
FR_201103_029,,N06000016,29,"ADRIYALA SHAFT PROJECT - SCCL,Andhra Pradesh",,,COAL,2011-03,2006-09,,212.34,779.26,779.26,,,154.25,2013-03,2012-09,2013-06,,,,2,22,,,,FR_MARCH_2011.pdf,Sector-Wise analysis of projects,43,29
FR_201103_030,,060100093,30,"GEVRA EXPANSION OCP (SECL) (25 MTY) - SECL,Chhatisgarh",25 MTY,,COAL,2011-03,2005-07,,1667.55,2675.67,2675.67,,,1049.83,2010-03,2014-03,2014-03,,,,3,2,,,,FR_MARCH_2011.pdf,Sector-Wise analysis of projects,43,30
FR_201103_031,,060100094,31,"DIPKA EXPANSION OCP (SECL) (20 MTY) - SECL,Chhatisgarh",20 MTY,,COAL,2011-03,2005-07,,1268.53,1943.66,1943.66,,,949.45,2010-03,2014-03,2014-03,,,,2,3,,,,FR_MARCH_2011.pdf,Sector-Wise analysis of projects,43,31
FR_201103_032,,N06000019,32,"BINA EXTN. PROJ - NCL,Multi State",,,COAL,2011-03,2006-11,,168.97,,168.97,,,145.92,2014-03,,2014-03,,,,1,2,,,,FR_MARCH_2011.pdf,Sector-Wise analysis of projects,43,32
FR_201103_033,,N06000046,33,"CHURCHA UG - SECL,",,,COAL,2011-03,2008-06,,462.35,,462.35,,,255.9,2014-03,,2014-03,,,,0,2,,,,FR_MARCH_2011.pdf,Sector-Wise analysis of projects,43,33
FR_201103_034,,N06000056,34,"RAJMAHAL OC EXP. - ECL,",,,COAL,2011-03,2006-02,,50.08,153.82,153.82,,,17.11,2011-03,2014-03,2014-03,,,,0,3,,,,FR_MARCH_2011.pdf,Sector-Wise analysis of projects,43,34
FR_201103_035,,N06000066,35,"PENGANGA OC - WCL,Andhra Pradesh",,,COAL,2011-03,2008-10,,339.77,,339.77,,,0.1,2014-03,,2014-03,,,,1,2,,,,FR_MARCH_2011.pdf,Sector-Wise analysis of projects,43,35
FR_201103_036,,N06000076,36,"KARTALI (EAST) OC - SECL,",EAST,,COAL,2011-03,2008-07,,178.44,,178.44,,,,2014-03,,2014-03,,,,0,1,,,,FR_MARCH_2011.pdf,Sector-Wise analysis of projects,43,36
FR_201103_037,,N06000081,37,"MANIKPUR OC EXPANTION - SECL,",,,COAL,2011-03,2009-11,,321.5,,321.5,,,213.92,2014-03,,2014-03,,,,0,1,,,,FR_MARCH_2011.pdf,Sector-Wise analysis of projects,43,37
FR_201103_038,,N06000083,38,"Churi Benti UG - CCL,Jharkhandd",,,COAL,2011-03,2007-06,,163.51,,163.51,,,33.54,2011-03,2012-03,2014-03,,,,0,2,,,,FR_MARCH_2011.pdf,Sector-Wise analysis of projects,43,38
FR_201103_039,,N06000084,39,"North Urimari OCP - CCL,Jharkhandd",,,COAL,2011-03,2007-12,,179.87,,179.87,,,66.43,2012-03,,2014-03,,,,0,2,,,,FR_MARCH_2011.pdf,Sector-Wise analysis of projects,43,39
FR_201103_040,,N06000086,40,"Tapin OCP - CCL,Jharkhandd",,,COAL,2011-03,2008-08,,264.68,,264.68,,,76.0,2012-03,2013-03,2014-03,,,,0,2,,,,FR_MARCH_2011.pdf,Sector-Wise analysis of projects,43,40
FR_201103_041,,N06000088,41,"KARMA OCP - CCL,Jharkhandd",,,COAL,2011-03,2009-06,,162.46,,162.46,,,25.13,2014-03,,2014-03,,,,0,0,,,,FR_MARCH_2011.pdf,Sector-Wise analysis of projects,43,41
FR_201103_042,,N06000009,42,"BLOCK-B OCP NCL (3.5 MTY) - NCL,Madhya pradesh",3.5 MTY,,COAL,2011-03,2006-06,,746.04,437.34,437.34,,,137.59,2012-03,2015-03,2015-03,,,,0,2,,,,FR_MARCH_2011.pdf,Sector-Wise analysis of projects,44,42
FR_201103_043,,N06000020,43,"JHANJRA LONGWAL UG PHASE II - ECL,",,,COAL,2011-03,2006-11,,287.18,,287.17,,,,2011-03,2015-03,2015-03,,,,1,5,,,,FR_MARCH_2011.pdf,Sector-Wise analysis of projects,44,43
FR_201103_044,,N06000042,44,"GOPAL PRASAD OCP - MCL,Orissa",,,COAL,2011-03,2008-02,,395.87,,395.87,,,23.97,2013-03,2015-03,2015-03,,,,0,3,,,,FR_MARCH_2011.pdf,Sector-Wise analysis of projects,44,44
FR_201103_045,,N06000045,45,"PELMA OC - SECL,",,,COAL,2011-03,2008-07,,448.32,,448.32,,,,2015-03,,2015-03,,,,0,1,,,,FR_MARCH_2011.pdf,Sector-Wise analysis of projects,44,45
FR_201103_046,,N06000048,46,"KAKATIYA LAONGWALL - SCCL,",,,COAL,2011-03,2008-12,,453.63,,453.63,,,60.2,2012-12,,2015-03,,,,11,44,,,,FR_MARCH_2011.pdf,Sector-Wise analysis of projects,44,46
FR_201103_047,,N06000049,47,"Batura OC - SECL,",,,COAL,2011-03,2008-09,,203.82,,203.82,,,,2015-03,,2015-03,,,,0,1,,,,FR_MARCH_2011.pdf,Sector-Wise analysis of projects,44,47
FR_201103_048,,N06000075,48,"JAGANNATHPOR OC - SECL,Chhatisgarh",,,COAL,2011-03,2008-09,,152.43,,152.43,,,,2015-03,,2015-03,,,,0,1,,,,FR_MARCH_2011.pdf,Sector-Wise analysis of projects,44,48
FR_201103_049,,N06000079,49,"RKP OCP PHASE-I - SCCL,",,,COAL,2011-03,2010-03,,209.78,,209.78,,,15.88,2015-03,,2015-03,,,,4,31,,,,FR_MARCH_2011.pdf,Sector-Wise analysis of projects,44,49
FR_201103_050,,N06000089,50,"Kistaram OCP - SCCL,",,,COAL,2011-03,2010-11,,242.29,,242.29,,,,2015-03,,2015-03,,,,0,28,,,,FR_MARCH_2011.pdf,Sector-Wise analysis of projects,44,50
FR_201103_051,,N06000010,51,"AMLOHRI EPR (NCL) (6 MTY) - NCL,Madhya pradesh",6 MTY,,COAL,2011-03,2006-05,,1352.04,1143.54,1143.54,,,66.42,2014-03,2016-03,2016-03,,,,1,2,,,,FR_MARCH_2011.pdf,Sector-Wise analysis of projects,44,51
FR_201103_052,,N06000015,52,"MAGADH OC (CCL) - CCL,Jharkhandd",CCL,,COAL,2011-03,2006-07,,469.78,706.4,706.4,,,16.19,2012-07,2014-03,2016-03,,,,0,2,,,,FR_MARCH_2011.pdf,Sector-Wise analysis of projects,44,52
FR_201103_053,,N06000043,53,"TALABIRA OCP - MCL,Orissa",,,COAL,2011-03,2008-03,,447.72,,447.72,,,35.2,2015-03,2016-03,2016-03,,,,0,2,,,,FR_MARCH_2011.pdf,Sector-Wise analysis of projects,44,53
FR_201103_054,,N06000082,54,"AMLAI OC EXPANSION SECTOR 'B' (1.50 MTY) - SECL,",1.50 MTY,,COAL,2011-03,2009-11,,198.59,,198.59,,,108.57,2016-03,,2016-03,,,,0,1,,,,FR_MARCH_2011.pdf,Sector-Wise analysis of projects,44,54
FR_201103_055,,N06000087,55,"Rajrappa RCE OCP - CCL,Jharkhandd",,,COAL,2011-03,2009-12,,510.85,,510.85,,,289.64,2016-03,,2016-03,,,,0,2,,,,FR_MARCH_2011.pdf,Sector-Wise analysis of projects,44,55
FR_201103_056,,N06000034,56,"BHUBANESWARI OCP - MCL,Orissa Total",,,COAL,2011-03,2007-12,,490.1,25504.15,490.1,,,72.77,2017-03,,2017-03,,,,0,1,,,,FR_MARCH_2011.pdf,Sector-Wise analysis of projects,44,56
FR_201103_057,,N08000007,57,"CAPACITY ENHANCEMENT OF VIJAIPUR-I PLANTS - NFL,Madhya pradesh",,,FERTILISERS,2011-03,2008-09,,325.0,,325.0,,,,2011-07,,2011-07,,,,0,0,,,,FR_MARCH_2011.pdf,Sector-Wise analysis of projects,44,57
FR_201103_058,,N08000008,58,"CAPACITY ENHANCEMENT OF AMMONIA AND UREA PLANT VIJ - NFL,Madhya pradesh",,,FERTILISERS,2011-03,2008-09,,438.0,,438.0,,,,2011-07,,2011-07,,,,0,0,,,,FR_MARCH_2011.pdf,Sector-Wise analysis of projects,44,58
FR_201103_059,,N08000003,59,"THAL AMMONIA REVAMP PROJECT - RCF,Haryana",,,FERTILISERS,2011-03,2009-01,,488.75,,488.75,,,74.79,2011-11,,2011-11,,,,2,22,,,,FR_MARCH_2011.pdf,Sector-Wise analysis of projects,44,59
FR_201103_060,,N08000004,60,"PANIPAT - AMMONIA PLANT FEEDSTOCK CHANGEOVER PROJE - NFL,Haryana",,,FERTILISERS,2011-03,2010-01,,1292.84,,1292.84,,,109.54,2013-01,,2013-01,,,,0,5,,,,FR_MARCH_2011.pdf,Sector-Wise analysis of projects,44,60
FR_201103_061,,N08000005,61,"BATHINDA - AMMONIA PLANT FEEDSTOCK CHANGEOVER PROJ - NFL,Punjab",,,FERTILISERS,2011-03,2010-01,,1294.19,,1294.19,,,97.13,2013-01,,2013-01,,,,0,5,,,,FR_MARCH_2011.pdf,Sector-Wise analysis of projects,44,61
FR_201103_062,,N08000006,62,"NANGAL - AMMONIA PLANT FEEDSTOCK PROJECT - NFL,Punjab Total",,,FERTILISERS,2011-03,2010-01,,1478.63,5317.41,1478.63,,,108.64,2012-12,,2013-01,,,,0,8,,,,FR_MARCH_2011.pdf,Sector-Wise analysis of projects,44,62
FR_201103_063,,100100054,63,"SECOND PHASE EXPANSION OF CAPTIVE ALUMINIUM,SMELTER AND POWE - NALCO,Orissa Total",,,MINES,2011-03,2004-10,,4091.51,4401.76,4401.76,,,3957.31,2008-12,2011-01,2011-05,,,,117,110,,,,FR_MARCH_2011.pdf,Sector-Wise analysis of projects,45,63
FR_201103_064,,N12000054,64,"REBUILDING OF COKE OVEN BATTERY NO-6 (BSP) - SAIL,Jharkhandd",BSP,,STEEL,2011-03,2008-07,,172.78,,172.78,,,125.72,2010-01,,2011-06,,,,0,1,,,,FR_MARCH_2011.pdf,Sector-Wise analysis of projects,45,64
FR_201103_065,,N12000023,65,"700TPD ARI SEPARATION UNIT-4 AT OXYGEN PLANT-II, BHILLAI - SAIL,Chhatisgarh",,,STEEL,2011-03,2007-07,,111.28,232.93,232.93,,,133.41,,,2011-07,,,,0,1,,,,FR_MARCH_2011.pdf,Sector-Wise analysis of projects,45,65
FR_201103_066,,N12000069,66,"330 TPH BOILER-6 AND AUXILIARY SYSTEM - RINL,Andhra Pradesh",,,STEEL,2011-03,2007-07,,260.0,,350.0,,,208.61,,,2011-07,,,,0,1,,,,FR_MARCH_2011.pdf,Sector-Wise analysis of projects,45,66
FR_201103_067,,N12000068,67,"67.5 MW TG-5 AUX. S'TEM EMERGENCY POWER REQUIREM - RINL,Andhra Pradesh",,,STEEL,2011-03,2007-07,,230.0,,343.58,,,216.15,2010-02,,2011-08,,,,0,0,,,,FR_MARCH_2011.pdf,Sector-Wise analysis of projects,45,67
FR_201103_068,,N12000033,68,"Rebuilding of coke oven battery No.1 & 2 (Bokaro S - SAIL,Jharkhandd",,,STEEL,2011-03,2007-10,,500.9,,500.9,,,268.63,2010-04,,2011-09,,,,0,2,,,,FR_MARCH_2011.pdf,Sector-Wise analysis of projects,45,68
FR_201103_069,,N12000018,69,"Deve. of Bailadila Iron Ore Deposit- II(B)(NMDC) - NMDC,Chhatisgarh",NMDC,,STEEL,2011-03,2003-01,,295.89,,607.17,,,261.72,,,2011-10,,,,2,21,,,,FR_MARCH_2011.pdf,Sector-Wise analysis of projects,45,69
FR_201103_070,,N12000055,70,"EXPANSION OF BOKARO STEEL PLANT - SAIL,Jharkhandd",,,STEEL,2011-03,2008-01,,3316.0,6325.0,6325.0,,,1873.68,2011-12,,2011-12,,,,0,7,,,,FR_MARCH_2011.pdf,Sector-Wise analysis of projects,45,70
FR_201103_071,,120100067,71,"EXPANSION OF RINL/VSP FROM 3 MTPY-6.3 MTPY OF LIQUID STEEL - RINL,Andhra Pradesh",,,STEEL,2011-03,2005-10,,8692.0,,12291.0,,,8156.0,2009-10,,2012-03,,,,5,25,,,,FR_MARCH_2011.pdf,Sector-Wise analysis of projects,45,71
FR_201103_072,,N12000051,72,"EXPANSION OF IISCO STEEL PLANT - SAIL,West Bengal",,,STEEL,2011-03,2008-02,,14443.0,,14443.0,,,10618.26,2010-09,2011-12,2012-03,,,,0,6,,,,FR_MARCH_2011.pdf,Sector-Wise analysis of projects,45,72
FR_201103_073,,N12000053,73,"Augmentation of Iron Ore Storage in RMHP - RINL,",,,STEEL,2011-03,2008-05,,480.0,,480.84,,,80.19,,,2012-05,,,,0,1,,,,FR_MARCH_2011.pdf,Sector-Wise analysis of projects,45,73
FR_201103_074,,N12000038,74,"COKE OVEN BATTERY NO. 4 PHASE- II - RINL,Andhra Pradesh",,,STEEL,2011-03,2007-08,,108.0,,216.68,,,32.54,2009-10,,2012-10,,,,0,0,,,,FR_MARCH_2011.pdf,Sector-Wise analysis of projects,45,74
FR_201103_075,,N12000056,75,"EXPENSION OF ROURKELA STEEL PLANT - SAIL,Orissa",,,STEEL,2011-03,2008-09,,6133.0,,11812.0,,,1253.17,2011-02,,2013-03,,,,0,0,,,,FR_MARCH_2011.pdf,Sector-Wise analysis of projects,45,75
FR_201103_076,,N12000057,76,"EXPANSION OF BHILAI STEEL PLANT - SAIL,Chhatisgarh Total",,,STEEL,2011-03,2008-09,,5185.0,17265.0,17265.0,,,2448.23,2013-03,,2013-03,,,,0,8,,,,FR_MARCH_2011.pdf,Sector-Wise analysis of projects,45,76
FR_201103_077,,N16000076,77,"Guru Govind Singh Refinary Products Evacuation Project - HPCL,Punjab",,,PETROLEUM,2011-03,2009-01,,605.4,605.4,510.0,,,394.35,2010-12,2010-12,2010-12,,,,17,17,,,,FR_MARCH_2011.pdf,Sector-Wise analysis of projects,45,77
FR_201103_078,,N16000080,78,"CAPACITY EXP. CUM MODERNISATION PH-II - BPCL,Kerala",,,PETROLEUM,2011-03,2009-09,,2591.8,3941.41,3941.41,,,3274.25,2009-12,,2010-12,,,,0,0,,,,FR_MARCH_2011.pdf,Sector-Wise analysis of projects,45,78
FR_201103_079,,160100168,79,"C2-C3 AND LPG RECOVERY FROM LNG, DAHEJ (ONGC) - ONGC,Gujarat",ONGC,,PETROLEUM,2011-03,2003-12,,900.92,1493.49,976.08,,,766.67,2008-05,2010-07,2011-02,,,,0,2,,,,FR_MARCH_2011.pdf,Sector-Wise analysis of projects,46,79
FR_201103_080,,N16000083,80,"REFRIGERAPED LPG STORAGE AT JNPT - BPCL,Maharashtra",,,PETROLEUM,2011-03,2008-06,,304.4,,304.4,,,211.91,2010-12,,2011-03,,,,0,0,,,,FR_MARCH_2011.pdf,Sector-Wise analysis of projects,46,80
FR_201103_081,,N16000049,81,"SULTANPUR NEEMRANA PIPE LINE PROJECT (Spurline to CJPL) - GAIL,Multi State",Spurline to CJPL,,PETROLEUM,2011-03,2007-11,,396.13,,266.0,,,188.54,2009-10,,2011-04,,,,0,0,,,,FR_MARCH_2011.pdf,Sector-Wise analysis of projects,46,81
FR_201103_082,,N16000062,82,"HEERA RECONSTRUCTION - ONGC,Maharashtra",,,PETROLEUM,2011-03,2008-05,,706.7,,706.7,,,551.47,2010-04,,2011-04,,,,0,0,,,,FR_MARCH_2011.pdf,Sector-Wise analysis of projects,46,82
FR_201103_083,,N16000063,83,"NEELAM RECONSTRUCTION - ONGC,Maharashtra",,,PETROLEUM,2011-03,2008-05,,305.08,,305.08,,,182.22,2011-04,,2011-04,,,,0,0,,,,FR_MARCH_2011.pdf,Sector-Wise analysis of projects,46,83
FR_201103_084,,160100231,84,"INTEGRATED DEV OF G1 and GS-15 (ONGCL) - ONGC,Multi State",ONGCL,,PETROLEUM,2011-03,2003-04,,429.82,2218.01,2218.01,,,948.49,2006-04,2011-05,2011-05,,,,0,0,,,,FR_MARCH_2011.pdf,Sector-Wise analysis of projects,46,84
FR_201103_085,,N16000045,85,"MNW-NF BRIDGE PROJECT - ONGC,Maharashtra",,,PETROLEUM,2011-03,2008-05,,175.21,,175.21,,,58.26,2009-03,,2011-05,,,,0,0,,,,FR_MARCH_2011.pdf,Sector-Wise analysis of projects,46,85
FR_201103_086,,N16000096,86,"North Tapti Gas Field Development - ONGC,Multi State",,,PETROLEUM,2011-03,2008-07,,589.7,755.76,755.76,,,287.89,2011-03,2011-05,2011-05,,,,0,0,,,,FR_MARCH_2011.pdf,Sector-Wise analysis of projects,46,86
FR_201103_087,,N16000111,87,"Pipeline Replacement project-2 - ONGC,Multi State",,,PETROLEUM,2011-03,2007-12,,2553.28,3796.21,3796.21,,,3459.59,2011-05,,2011-05,,,,0,0,,,,FR_MARCH_2011.pdf,Sector-Wise analysis of projects,46,87
FR_201103_088,,N16000009,88,"DIESEL HYDRO TREATMENT PROJECT,BRPL DHALIGAON - BRPL,Assam",,,PETROLEUM,2011-03,2006-06,,1431.91,1646.39,1690.13,,,1568.98,2009-09,,2011-06,,,,0,0,,,,FR_MARCH_2011.pdf,Sector-Wise analysis of projects,46,88
FR_201103_089,,N16000102,89,"Integrated Sugar, Ethanol, Cogen Power Plant at Sugauli - HPCL,Bihar",,,PETROLEUM,2011-03,2009-06,,613.54,,727.88,,,261.36,2010-12,,2011-06,,,,0,0,,,,FR_MARCH_2011.pdf,Sector-Wise analysis of projects,46,89
FR_201103_090,,N16000040,90,"MSQ IMPROVMENT PROJECT - IOCL,Assam",,,PETROLEUM,2011-03,2008-04,,293.6,,294.0,,,217.86,2009-12,,2011-07,,,,0,0,,,,FR_MARCH_2011.pdf,Sector-Wise analysis of projects,46,90
FR_201103_091,,N16000057,91,"RESITMENT OF MARKETING INSTALATION AT VISAKH - HPCL,Andhra Pradesh",,,PETROLEUM,2011-03,2009-01,,756.0,,756.0,,,334.5,2011-12,,2011-08,,,,0,0,,,,FR_MARCH_2011.pdf,Sector-Wise analysis of projects,46,91
FR_201103_092,,N16000066,92,"CONSTRUCTION OF NEW TERMINAL AT ENNORE CHENNAI - HPCL,Tamil Nadu",,,PETROLEUM,2011-03,2008-01,,224.0,,299.0,,,131.46,2010-12,2011-02,2011-08,,,,0,0,,,,FR_MARCH_2011.pdf,Sector-Wise analysis of projects,46,92
FR_201103_093,,N16000052,93,"DAHEJ-VIJAYPUR PIPE LINE PROJECT(PHASE-II) - GAIL,Multi State",PHASE-II,,PETROLEUM,2011-03,2007-11,,4403.26,4403.26,2500.0,,,1357.26,2011-10,2011-09,2011-09,,,,0,2,,,,FR_MARCH_2011.pdf,Sector-Wise analysis of projects,46,93
FR_201103_094,,N16000054,94,"COMPRESSOR STATIONS (KAILARAS &CHAINSA) - GAIL,Multi State",KAILARAS &CHAINSA,,PETROLEUM,2011-03,2007-11,,1167.0,1167.0,810.0,,,280.39,2011-04,2011-04,2011-09,,,,0,2,,,,FR_MARCH_2011.pdf,Sector-Wise analysis of projects,46,94
FR_201103_095,,N16000024,95,"HEERA AND SOUTH HEERA RE- DEVELOPMENT PROJECT - ONGC,Maharashtra",,,PETROLEUM,2011-03,2006-09,,2305.3,,2305.3,,,2416.96,2010-06,2010-06,2011-10,,,,0,0,,,,FR_MARCH_2011.pdf,Sector-Wise analysis of projects,46,95
FR_201103_096,,N16000115,96,"Construction of tanks and blending facility at vadinar - IOCL,Gujarat",,,PETROLEUM,2011-03,2009-02,,267.0,,267.0,,,156.4,2012-09,,2011-10,,,,0,0,,,,FR_MARCH_2011.pdf,Sector-Wise analysis of projects,46,96
FR_201103_097,,N16000023,97,"DEVELOPMENT OF C-SERIES FIELDS - ONGC,Maharashtra",,,PETROLEUM,2011-03,2006-08,,3195.16,,3195.16,,,2520.91,2008-12,2008-12,2011-11,,,,0,0,,,,FR_MARCH_2011.pdf,Sector-Wise analysis of projects,46,97
FR_201103_098,,N16000050,98,"BAWANA NANGAL PIPE LINE PROJECT - GAIL,Multi State",,,PETROLEUM,2011-03,2007-11,,1816.07,1816.07,1200.0,,,677.71,2011-04,,2011-12,,,,0,1,,,,FR_MARCH_2011.pdf,Sector-Wise analysis of projects,46,98
FR_201103_099,,N16000053,99,"COMPRESSOR STATIONS (VIJAYPUR AND JHABUA) PHASE-I - GAIL,Madhya pradesh",VIJAYPUR AND JHABUA,,PETROLEUM,2011-03,2007-11,,1512.0,1434.0,975.0,,,773.6,2011-04,,2011-12,,,,0,3,,,,FR_MARCH_2011.pdf,Sector-Wise analysis of projects,46,99
FR_201103_100,,N16000059,100,"BRANCH PIPELINE FROM KSPL VIRAMGAON TO KANDLA - IOCL,Gujarat",,,PETROLEUM,2011-03,2009-02,,250.0,,250.0,,,158.07,2013-03,,2011-12,,,,0,0,,,,FR_MARCH_2011.pdf,Sector-Wise analysis of projects,47,100
FR_201103_101,,N16000071,101,"KOCHI-KANJIRKOD BANGALORE- MANGALORE PIPELINE PROJECT PHASE-I - GAIL,Multi State",,,PETROLEUM,2011-03,2009-06,,348.0,348.0,260.0,,,100.24,2012-03,,2011-12,,,,6,12,,,,FR_MARCH_2011.pdf,Sector-Wise analysis of projects,47,101
FR_201103_102,,N16000084,102,"CONSTRUCTION OF 12 OFFSHORE SUPPLY VESSELS(OSV) - ONGC,Multi State",OSV,,PETROLEUM,2011-03,2007-06,,736.65,,736.65,,,210.29,2011-09,,2011-12,,,,0,0,,,,FR_MARCH_2011.pdf,Sector-Wise analysis of projects,47,102
FR_201103_103,,N16000093,103,"VKPL UPGRADATION AND LAYING OF SPURLINE (TO BHILWARA AND CHI - GAIL,Multi State",,,PETROLEUM,2011-03,2009-12,,463.32,,375.0,,,58.03,2011-06,,2011-12,,,,3,9,,,,FR_MARCH_2011.pdf,Sector-Wise analysis of projects,47,103
FR_201103_104,,N16000109,104,"EURO-IV DHDT - CPCL,Tamil Nadu",,,PETROLEUM,2011-03,2008-09,,2615.69,,2615.69,,,1498.47,2011-05,,2011-12,,,,0,116,,,,FR_MARCH_2011.pdf,Sector-Wise analysis of projects,47,104
FR_201103_105,,N16000081,105,"HYDROCRACKER REVAMP & SETTING - BPCL,Maharashtra",,,PETROLEUM,2011-03,2008-02,,825.0,,825.0,,,99.58,2011-12,,2012-01,,,,0,203,,,,FR_MARCH_2011.pdf,Sector-Wise analysis of projects,47,105
FR_201103_106,,N16000094,106,"BNPL SPURLINE (UTTRANCHAL & PUNJAB) - GAIL,Multi State",UTTRANCHAL & PUNJAB,,PETROLEUM,2011-03,2009-12,,540.92,,375.0,,,21.89,2011-06,2012-07,2012-01,,,,7,9,,,,FR_MARCH_2011.pdf,Sector-Wise analysis of projects,47,106
FR_201103_107,,N16000114,107,"MRPL Phase-III Expansion - Mangalore Refin,Karnataka",,,PETROLEUM,2011-03,2008-08,,12412.0,,12160.0,,,5100.0,2012-01,,2012-01,,,,0,0,,,,FR_MARCH_2011.pdf,Sector-Wise analysis of projects,47,107
FR_201103_108,,N16000031,108,"OFFSHORE GRID INTERCONNECTIVITY PROJECT IN MUMBAI HIGH - ONGC,Maharashtra",,,PETROLEUM,2011-03,2007-01,,740.02,,740.02,,,411.64,2010-03,2012-03,2012-03,,,,0,0,,,,FR_MARCH_2011.pdf,Sector-Wise analysis of projects,47,108
FR_201103_109,,N16000068,109,"DIESEL HYDROTREATOR PROJECT AT VISAKH REFINERY - HPCL,Andhra Pradesh",,,PETROLEUM,2011-03,2009-03,,3597.0,,3597.0,,,354.02,2011-09,,2012-03,,,,0,0,,,,FR_MARCH_2011.pdf,Sector-Wise analysis of projects,47,109
FR_201103_110,,N16000069,110,"DIESEL HYDROTREATOR PROJECT AT MUMBAI REFINERY - HPCL,Maharashtra",,,PETROLEUM,2011-03,2009-03,,3284.0,,3284.0,,,227.38,2011-09,,2012-03,,,,0,0,,,,FR_MARCH_2011.pdf,Sector-Wise analysis of projects,47,110
FR_201103_111,,N16000073,111,"DHABOL-BANGALORE PIPELINE PROJECT PHASE-I - GAIL,Multi State",,,PETROLEUM,2011-03,2009-06,,4543.43,4508.38,2500.0,,,390.05,2012-03,,2012-03,,,,11,10,,,,FR_MARCH_2011.pdf,Sector-Wise analysis of projects,47,111
FR_201103_112,,N16000032,112,"DEVELOPMENT OF B-22 CLUSTER FIELDS - ONGC,Maharashtra",,,PETROLEUM,2011-03,2007-01,,2323.4,2920.82,2920.82,,,608.56,2010-09,2012-03,2012-04,,,,0,0,,,,FR_MARCH_2011.pdf,Sector-Wise analysis of projects,47,112
FR_201103_113,,N16000106,113,"Assam gas Cracker project - BCPL,",,,PETROLEUM,2011-03,2006-04,,5460.61,,5460.61,,,,,,2012-04,,,,0,30,,,,FR_MARCH_2011.pdf,Sector-Wise analysis of projects,47,113
FR_201103_114,,N16000030,114,"CONSTRUCTION OF NEW PROCESS COMPLEX MHN - ONGC,Maharashtra",,,PETROLEUM,2011-03,2007-01,,2853.29,6326.4,6326.4,,,2445.44,2010-05,2012-05,2012-05,,,,0,0,,,,FR_MARCH_2011.pdf,Sector-Wise analysis of projects,47,114
FR_201103_115,,N16000044,115,"REVAMPING OF WIN PLATFORM AT MH ASSET - ONGC,Maharashtra",,,PETROLEUM,2011-03,2008-05,,333.4,837.54,656.51,,,3.34,2010-05,2012-04,2012-05,,,,0,0,,,,FR_MARCH_2011.pdf,Sector-Wise analysis of projects,47,115
FR_201103_116,,N16000046,116,"DEVELOPMENT OF B-46 CLUSTER FIELD - ONGC,Maharashtra",,,PETROLEUM,2011-03,2007-06,,1436.21,1456.96,1456.96,,,,2010-07,2012-05,2012-05,,,,0,0,,,,FR_MARCH_2011.pdf,Sector-Wise analysis of projects,47,116
FR_201103_117,,N16000110,117,"CDU/VDU-II - CPCL,Tamil Nadu",,,PETROLEUM,2011-03,2010-03,,333.99,,333.99,,,27.26,2012-05,2010-08,2012-05,,,,5,36,,,,FR_MARCH_2011.pdf,Sector-Wise analysis of projects,47,117
FR_201103_118,,N16000033,118,"DEVELOPMENT OF B-193 CLUSTER FIELDS - ONGC,Maharashtra",,,PETROLEUM,2011-03,2007-06,,3248.78,5633.44,5633.44,,,594.29,2010-08,2012-03,2012-06,,,,0,0,,,,FR_MARCH_2011.pdf,Sector-Wise analysis of projects,47,118
FR_201103_119,,N16000086,119,"ADDITIONAL DEV. OF D-1 FIELD - ONGC,Multi State",,,PETROLEUM,2011-03,2010-01,,2163.64,,2163.64,,,397.69,2012-06,,2012-06,,,,0,0,,,,FR_MARCH_2011.pdf,Sector-Wise analysis of projects,47,119
FR_201103_120,,N16000090,120,"Integrated offshore crude Oil handling facilities at Paradip - IOCL,Orissa",,,PETROLEUM,2011-03,2009-12,,1492.33,,1492.33,,,614.18,2012-06,,2012-06,,,,0,0,,,,FR_MARCH_2011.pdf,Sector-Wise analysis of projects,48,120
FR_201103_121,,N16000119,121,"Wind Power Project - ONGC,Gujarat",,,PETROLEUM,2011-03,2010-07,,1106.0,,1106.0,,,,2012-06,,2012-06,,,,0,0,,,,FR_MARCH_2011.pdf,Sector-Wise analysis of projects,48,121
FR_201103_122,,N16000065,122,"ADDITIONAL GAS PROCESSING FACILITI AT HAZIRA - ONGC,Gujarat",,,PETROLEUM,2011-03,2008-02,,370.11,,370.11,,,46.0,2011-04,,2012-07,,,,0,0,,,,FR_MARCH_2011.pdf,Sector-Wise analysis of projects,48,122
FR_201103_123,,N16000113,123,"Polypropylene unit - Mangalore Refin,Karnataka",,,PETROLEUM,2011-03,2009-05,,1803.78,,1803.78,,,150.84,2012-07,,2012-07,,,,0,0,,,,FR_MARCH_2011.pdf,Sector-Wise analysis of projects,48,123
FR_201103_124,,N16000098,124,"Up-gradation of Konaban GGS and Pipeline Grid Project - ONGC,Tripura",,,PETROLEUM,2011-03,2008-07,,288.04,288.04,253.66,,,45.06,2012-08,,2012-08,,,,0,0,,,,FR_MARCH_2011.pdf,Sector-Wise analysis of projects,48,124
FR_201103_125,,N16000060,125,"MUMBAI HIGH NORTH DEVELOPMENT PHASE-II - ONGC,Maharashtra",,,PETROLEUM,2011-03,2009-01,,7133.39,,7133.39,,,1659.23,2012-09,,2012-09,,,,0,0,,,,FR_MARCH_2011.pdf,Sector-Wise analysis of projects,48,125
FR_201103_126,,N16000088,126,"Paradip-Raipur-Sambalpur Ranchi Pipeline - IOCL,Multi State",,,PETROLEUM,2011-03,2009-08,,1793.0,,1793.0,,,212.14,,,2012-09,,,,0,15,,,,FR_MARCH_2011.pdf,Sector-Wise analysis of projects,48,126
FR_201103_127,,N16000099,127,"Construction of six Effluent Treatment Plants (ETP) - ONGC,Gujarat",ETP,,PETROLEUM,2011-03,2009-03,,234.78,234.78,234.78,,,15.78,2012-09,,2012-09,,,,0,0,,,,FR_MARCH_2011.pdf,Sector-Wise analysis of projects,48,127
FR_201103_128,,N16000117,128,"Construction of 6 ETPs - ONGC,Gujarat",,,PETROLEUM,2011-03,2009-03,,302.26,,302.26,,,15.78,2012-09,,2012-09,,,,0,0,,,,FR_MARCH_2011.pdf,Sector-Wise analysis of projects,48,128
FR_201103_129,,N16000058,129,"PARADIP REFINERY PROJECT - IOCL,Orissa",,,PETROLEUM,2011-03,2009-02,,29777.0,,29777.0,,,6404.95,,,2012-11,,,,107,103,,,,FR_MARCH_2011.pdf,Sector-Wise analysis of projects,48,129
FR_201103_130,,N16000125,130,"Development of SB-14 Field - ONGC,Multi State",,,PETROLEUM,2011-03,2011-01,,410.44,,410.44,,,,2012-12,,2012-12,,,,0,0,,,,FR_MARCH_2011.pdf,Sector-Wise analysis of projects,48,130
FR_201103_131,,N16000064,131,"ADDITIONAL GAS PROCESSING UNITS AT URAN - ONGC,Maharashtra",,,PETROLEUM,2011-03,2008-10,,1797.35,,890.37,,,49.86,2011-12,,2013-01,,,,0,0,,,,FR_MARCH_2011.pdf,Sector-Wise analysis of projects,48,131
FR_201103_132,,N16000107,132,"Fluidized catalytic cracking unit(FCCU) revamp - IOCL,Uttar Pradesh",FCCU,,PETROLEUM,2011-03,2010-07,,1000.0,,1000.0,,,8.93,2013-01,,2013-01,,,,0,0,,,,FR_MARCH_2011.pdf,Sector-Wise analysis of projects,48,132
FR_201103_133,,N16000116,133,"Development of SB-14 field - ONGC,Multi State",,,PETROLEUM,2011-03,2011-01,,410.44,,410.44,,,,2013-01,,2013-01,,,,0,0,,,,FR_MARCH_2011.pdf,Sector-Wise analysis of projects,48,133
FR_201103_134,,N16000108,134,"Butadiene Extraction Unit(BDEU) at Panipat - IOCL,Haryana",BDEU,,PETROLEUM,2011-03,2009-11,,341.5,,341.5,,,2.68,2013-02,,2013-02,,,,0,0,,,,FR_MARCH_2011.pdf,Sector-Wise analysis of projects,48,134
FR_201103_135,,160100217,135,"IOR, RUDRASAGAR (ONGCL) - ONGC,Assam",ONGCL,,PETROLEUM,2011-03,2001-09,,113.9,438.85,438.85,,,218.08,2006-03,2013-03,2013-03,,,,6,6,,,,FR_MARCH_2011.pdf,Sector-Wise analysis of projects,48,135
FR_201103_136,,N16000039,136,"MUMBAI HIGH SOUTH REDEVELOPMENT PH-2 - ONGC,Maharashtra",,,PETROLEUM,2011-03,2007-10,,5713.03,,8813.41,,,6212.68,2010-05,2013-03,2013-03,,,,0,0,,,,FR_MARCH_2011.pdf,Sector-Wise analysis of projects,48,136
FR_201103_137,,N16000061,137,"ASSAM RENEWAL PROJECT FOR GROUP A - ONGC,Assam",,,PETROLEUM,2011-03,2009-03,,2465.15,,2378.86,,,281.62,2013-03,,2013-03,,,,0,0,,,,FR_MARCH_2011.pdf,Sector-Wise analysis of projects,48,137
FR_201103_138,,N16000103,138,"Construction of one Multipurpose Support Vessel - ONGC,Multi State",,,PETROLEUM,2011-03,2010-01,,723.64,,723.64,,,,2013-03,,2013-03,,,,0,0,,,,FR_MARCH_2011.pdf,Sector-Wise analysis of projects,48,138
FR_201103_139,,N16000104,139,"Development of Cluster-7 Fields - ONGC,Multi State",,,PETROLEUM,2011-03,2010-03,,3241.03,,3241.03,,,,2013-03,,2013-03,,,,0,0,,,,FR_MARCH_2011.pdf,Sector-Wise analysis of projects,48,139
FR_201103_140,,N16000118,140,"Development of BHE and BH-35 Area. - ONGC,Multi State",,,PETROLEUM,2011-03,2010-08,,372.11,,372.11,,,,2013-03,,2013-03,,,,0,0,,,,FR_MARCH_2011.pdf,Sector-Wise analysis of projects,48,140
FR_201103_141,,N16000123,141,"Construction of 23 Immediate Supply Vessels (ISV) - ONGC,Multi State",ISV,,PETROLEUM,2011-03,2010-11,,331.2,,331.2,,,,2013-08,,2013-03,,,,0,0,,,,FR_MARCH_2011.pdf,Sector-Wise analysis of projects,48,141
FR_201103_142,,N16000124,142,"Development of BHE & BH-35 Area - ONGC,Multi State",,,PETROLEUM,2011-03,2010-08,,372.11,,372.11,,,,2013-03,,2013-03,,,,0,0,,,,FR_MARCH_2011.pdf,Sector-Wise analysis of projects,49,142
FR_201103_143,,N16000089,143,"De-bottlenecking of SMPL - IOCL,Maharashtra",,,PETROLEUM,2011-03,2009-12,,1584.0,,1584.0,,,1.69,,,2013-08,,,,0,0,,,,FR_MARCH_2011.pdf,Sector-Wise analysis of projects,49,143
FR_201103_144,,N16000105,144,"Development of WO-16 Cluster Fields - ONGC,Multi State",,,PETROLEUM,2011-03,2010-06,,2523.0,,2523.0,,,,2014-01,,2014-01,,,,0,0,,,,FR_MARCH_2011.pdf,Sector-Wise analysis of projects,49,144
FR_201103_145,,N16000101,145,"Wax Project - NRL,Assam",,,PETROLEUM,2011-03,2010-08,,576.6,,576.6,,,8.18,2014-02,,2014-02,,,,0,0,,,,FR_MARCH_2011.pdf,Sector-Wise analysis of projects,49,145
FR_201103_146,,N16000112,146,"Petrochemical Complex-II - GAIL,Multi State",,,PETROLEUM,2011-03,2010-08,,8140.0,,8140.0,,,62.33,2014-02,,2014-02,,,,0,0,,,,FR_MARCH_2011.pdf,Sector-Wise analysis of projects,49,146
FR_201103_147,,160100215,147,"IOR LAKWA - LAKHMANI (ONGCL) - ONGC,Assam",ONGCL,,PETROLEUM,2011-03,2001-09,,345.1,663.69,663.69,,,559.61,2007-03,2014-03,2014-03,,,,3,3,,,,FR_MARCH_2011.pdf,Sector-Wise analysis of projects,49,147
FR_201103_148,,N16000120,148,"Ahmedabad Redevelopment - ONGC,Gujarat",,,PETROLEUM,2011-03,2010-11,,1916.1,,1916.1,,,,2014-12,,2014-12,,,,0,0,,,,FR_MARCH_2011.pdf,Sector-Wise analysis of projects,49,148
FR_201103_149,,N16000122,149,"Ankleswar Redevelopment - ONGC,Gujarat",,,PETROLEUM,2011-03,2010-11,,2189.63,,2189.63,,,,2014-12,,2014-12,,,,0,0,,,,FR_MARCH_2011.pdf,Sector-Wise analysis of projects,49,149
FR_201103_150,,N16000121,150,"Mehesana Redevelopment - ONGC,Gujarat",,,PETROLEUM,2011-03,2010-11,,3823.0,,3823.0,,,,2015-04,,2015-04,,,,0,0,,,,FR_MARCH_2011.pdf,Sector-Wise analysis of projects,49,150
FR_201103_151,,160100216,151,"IOR GELEKI (ONGCL) - ONGC,Assam",ONGCL,,PETROLEUM,2011-03,2001-09,,390.09,1674.11,1674.11,,,1184.06,2007-03,2017-03,2017-03,,,,6,6,,,,FR_MARCH_2011.pdf,Sector-Wise analysis of projects,49,151
FR_201103_152,,N16000051,152,"JHAJJAR HISSAR PIPE LINE PROJECT - GAIL,Haryana",,,PETROLEUM,2011-03,2007-11,,281.07,,281.07,,,3.29,2010-10,,,,,,0,0,,,,FR_MARCH_2011.pdf,Sector-Wise analysis of projects,49,152
FR_201103_153,,N16000072,153,"JAGDISHPUR-HALDIA PIPELINE PROJECT PHASE-I - GAIL,Multi State Total",,,PETROLEUM,2011-03,2009-07,,7596.18,167009.99,6652.22,,,0.65,2012-03,,2012-03,,,,0,0,,,,FR_MARCH_2011.pdf,Sector-Wise analysis of projects,49,153
FR_201103_154,,N18000016,154,"Farakka STPP Stage-III - NTPC,West Bengal",,,POWER,2011-03,2006-07,,2570.44,,2570.44,,,1896.0,2010-08,,2011-03,,,,13,26,,,,FR_MARCH_2011.pdf,Sector-Wise analysis of projects,49,154
FR_201103_155,,N18000037,155,"TR. SYSTEM FOR STARTUP POWER TO DVC & MAITHON RB G - PGCIL,Haryana",,,POWER,2011-03,2008-04,,290.49,,299.08,,,333.3,2010-04,,2011-04,,,,0,0,,,,FR_MARCH_2011.pdf,Sector-Wise analysis of projects,49,155
FR_201103_156,,180100256,156,"KOTESWAR TRANSMISSION SYSTEM (PGCIL) - PGCIL,Uttaranchal",PGCIL,,POWER,2011-03,2006-06,,260.34,,241.27,,,164.36,2008-06,,2011-06,,,,9,20,,,,FR_MARCH_2011.pdf,Sector-Wise analysis of projects,49,156
FR_201103_157,,260100100,157,"EAST-WEST TRANSNISSION CORRIDOR STRENGTHNING SCHEME - PGCIL,Multi State",,,POWER,2011-03,2006-06,,803.7,,803.76,,,644.31,2009-06,,2011-06,,,,1,20,,,,FR_MARCH_2011.pdf,Sector-Wise analysis of projects,49,157
FR_201103_158,,N18000004,158,"EASTERN REGION STRENGTHENING SCHEME-I - PGCIL,Multi State",,,POWER,2011-03,2006-10,,975.96,,894.26,,,638.75,2009-10,,2011-06,,,,2,20,,,,FR_MARCH_2011.pdf,Sector-Wise analysis of projects,49,158
FR_201103_159,,N18000033,159,"EASTERN REGION STRENGTHENING SCHEME-II - PGCIL,Multi State",,,POWER,2011-03,2007-12,,227.52,,227.52,,,126.68,2010-06,,2011-06,,,,0,0,,,,FR_MARCH_2011.pdf,Sector-Wise analysis of projects,49,159
FR_201103_160,,N18000043,160,"TRANSMISSION SYSTEM ASSOCIATED WITH FARAKKA-III - PGCIL,Multi State",,,POWER,2011-03,2008-12,,204.07,,204.07,,,102.35,2011-06,,2011-06,,,,0,0,,,,FR_MARCH_2011.pdf,Sector-Wise analysis of projects,49,160
FR_201103_161,,N18000050,161,"WESTERN REGION STRENGHTENING SCHEME-IX - PGCIL,Multi State",,,POWER,2011-03,2008-04,,230.89,,230.89,,,71.85,2011-01,,2011-06,,,,0,1,,,,FR_MARCH_2011.pdf,Sector-Wise analysis of projects,49,161
FR_201103_162,,N18000059,162,"TRANSMISSION SYSTEM ASSOCIATED WITH CORBA III GENE - PGCIL,Madhya pradesh",,,POWER,2011-03,2009-02,,276.61,,276.61,,,190.98,2011-06,,2011-06,,,,0,0,,,,FR_MARCH_2011.pdf,Sector-Wise analysis of projects,50,162
FR_201103_163,,N18000023,163,"Transmission system associated with Uri-II HEP - PGCIL,J & K",,,POWER,2011-03,2006-10,,238.25,,227.03,,,206.1,2011-05,2011-05,2011-07,,,,0,0,,,,FR_MARCH_2011.pdf,Sector-Wise analysis of projects,50,163
FR_201103_164,,N18000064,164,"TR. SYSTEM ASSOCIATED WITH CHAMERA III HEP - PGCIL,Multi State",,,POWER,2011-03,2008-04,,297.37,,297.37,,,278.23,2011-07,,2011-07,,,,0,0,,,,FR_MARCH_2011.pdf,Sector-Wise analysis of projects,50,164
FR_201103_165,,N18000067,165,"SYSTEM STRENGHTENING -XI IN SOUTHERN REGION - PGCIL,Multi State",,,POWER,2011-03,2009-03,,196.1,,196.1,,,51.42,2011-07,,2011-07,,,,0,0,,,,FR_MARCH_2011.pdf,Sector-Wise analysis of projects,50,165
FR_201103_166,,180100241,166,"CHAMERA,STAGE-III (NHPC) - NHPC,Himachal Pr.",NHPC,,POWER,2011-03,2005-08,,1405.63,,1405.63,,,1554.83,2010-08,,2011-08,,,,0,0,,,,FR_MARCH_2011.pdf,Sector-Wise analysis of projects,50,166
FR_201103_167,,N18000007,167,"CHUTAK HYDRO-ELECTRIC PROJECT (NHPC) - NHPC,J & K",NHPC,,POWER,2011-03,2006-08,,621.28,,621.28,,,622.08,2011-02,,2011-08,,,,0,1,,,,FR_MARCH_2011.pdf,Sector-Wise analysis of projects,50,167
FR_201103_168,,N18000040,168,"EST. OF 400/220 KV GIS POOLING STATION NEAR CHAMER - PGCIL,Himachal Pr.",,,POWER,2011-03,2007-09,,262.1,,262.1,,,154.67,2010-09,,2011-08,,,,0,0,,,,FR_MARCH_2011.pdf,Sector-Wise analysis of projects,50,168
FR_201103_169,,N18000058,169,"NORTHERN REGION SYSTEM STRENGHTENING SCHEME-XVII - PGCIL,Rajasthan",,,POWER,2011-03,2009-02,,210.79,,210.79,,,134.49,2011-08,,2011-08,,,,0,0,,,,FR_MARCH_2011.pdf,Sector-Wise analysis of projects,50,169
FR_201103_170,,N18000006,170,"NIMOO BAZGO HYDROELECTRIC PROJECT (NHPC) - NHPC,J & K",NHPC,,POWER,2011-03,2006-08,,611.02,,611.02,,,622.61,2010-08,,2011-09,,,,0,0,,,,FR_MARCH_2011.pdf,Sector-Wise analysis of projects,50,170
FR_201103_171,,180100260,171,"TRANSMISSION SY. ASSOCIATED WITH BARH GENER. PROJECT(P.GR.) - PGCIL,Bihar",P.GR.,,POWER,2011-03,2005-12,,3779.46,,3725.13,,,3436.48,2009-09,,2011-10,,,,15,30,,,,FR_MARCH_2011.pdf,Sector-Wise analysis of projects,50,171
FR_201103_172,,180100251,172,"URI H.E.P STAGE -II (NHPC) - NHPC,J & K",NHPC,,POWER,2011-03,2005-08,,1724.79,,1724.79,,,1401.4,2009-11,,2011-11,,,,0,0,,,,FR_MARCH_2011.pdf,Sector-Wise analysis of projects,50,172
FR_201103_173,,N18000018,173,"TRANSMISSION SYSTEM ASSOCIATED WITH PARBATI-III HE - PGCIL,Himachal Pr.",,,POWER,2011-03,2006-07,,557.24,,639.52,,,426.11,2010-01,,2011-11,,,,0,22,,,,FR_MARCH_2011.pdf,Sector-Wise analysis of projects,50,173
FR_201103_174,,N18000052,174,"NORTHERN REGION SYSTEM STRENGHTENING SCHEME-XV - PGCIL,Multi State",,,POWER,2011-03,2009-02,,520.48,,520.48,,,226.05,2011-11,,2011-11,,,,0,0,,,,FR_MARCH_2011.pdf,Sector-Wise analysis of projects,50,174
FR_201103_175,,N18000053,175,"NORTHERN REGION SYSTEM STRENGHTENING SCHEME-XVIII - PGCIL,Multi State",,,POWER,2011-03,2009-02,,509.66,,509.66,,,219.02,2011-11,,2011-11,,,,0,0,,,,FR_MARCH_2011.pdf,Sector-Wise analysis of projects,50,175
FR_201103_176,,N18000054,176,"NORTHERN REGION SYSTEM STRENGHTENING SCHEME-XIII - PGCIL,Multi State",,,POWER,2011-03,2009-02,,317.69,,317.69,,,48.11,2011-11,,2011-11,,,,0,0,,,,FR_MARCH_2011.pdf,Sector-Wise analysis of projects,50,176
FR_201103_177,,N18000063,177,"TRANSMISSION SYSTEM ASSOCIATED WITH RAMPUR HEP - PGCIL,Multi State",,,POWER,2011-03,2009-02,,184.19,,184.19,,,113.15,2011-11,,2011-11,,,,0,0,,,,FR_MARCH_2011.pdf,Sector-Wise analysis of projects,50,177
FR_201103_178,,180100250,178,"PARBATI H.E.P. STAGE -III (NHPC) - NHPC,Himachal Pr.",NHPC,,POWER,2011-03,2005-10,,2304.52,,2304.52,,,1402.45,2010-10,,2011-12,,,,0,0,,,,FR_MARCH_2011.pdf,Sector-Wise analysis of projects,50,178
FR_201103_179,,N18000022,179,"WESTERN REGION STRENGTHENING SCHEME-II - PGCIL,Rajasthan",,,POWER,2011-03,2006-07,,5221.23,,4978.56,,,2774.05,2010-07,,2011-12,,,,3,20,,,,FR_MARCH_2011.pdf,Sector-Wise analysis of projects,50,179
FR_201103_180,,N18000032,180,"SIMHADRI STPP STAGE -II (NTPC) - NTPC,Andhra Pradesh",NTPC,,POWER,2011-03,2007-08,,5103.39,,5038.53,,,3675.0,2011-05,,2011-12,,,,0,0,,,,FR_MARCH_2011.pdf,Sector-Wise analysis of projects,50,180
FR_201103_181,,N18000049,181,"WESTERN REGION STRENGHTENING SCHEME-X - PGCIL,Multi State",,,POWER,2011-03,2009-02,,664.96,,664.96,,,208.92,2012-02,,2012-02,,,,0,0,,,,FR_MARCH_2011.pdf,Sector-Wise analysis of projects,50,181
FR_201103_182,,N18000051,182,"WESTERN REGION SYSTEM STRENGHTENING SCHEME-XI - PGCIL,Multi State",,,POWER,2011-03,2009-02,,409.5,,409.5,,,23.62,2012-02,,2012-02,,,,0,0,,,,FR_MARCH_2011.pdf,Sector-Wise analysis of projects,51,182
FR_201103_183,,N18000056,183,"NORTHERN REGION SYSTEM STRENGHTENING SCHEME-XIX - PGCIL,Multi State",,,POWER,2011-03,2009-02,,410.29,,410.29,,,109.14,2012-02,,2012-02,,,,0,0,,,,FR_MARCH_2011.pdf,Sector-Wise analysis of projects,51,183
FR_201103_184,,N18000062,184,"TR. SYSTEM ASSOCIATED WITH TUTICORIN JV TPS - PGCIL,Multi State",,,POWER,2011-03,2009-02,,353.57,,353.57,,,199.46,2010-07,2012-02,2012-02,,,,0,0,,,,FR_MARCH_2011.pdf,Sector-Wise analysis of projects,51,184
FR_201103_185,,N18000068,185,"765 KV SYSTEM FOR CENTRAL PART OF NORTHERN GRID PA - PGCIL,Multi State",,,POWER,2011-03,2009-02,,1347.32,,1347.32,,,695.17,2012-02,,2012-02,,,,0,0,,,,FR_MARCH_2011.pdf,Sector-Wise analysis of projects,51,185
FR_201103_186,,180100184,186,"KOTESHWAR HEP(THDC) - THDCL,Uttaranchal",THDC,,POWER,2011-03,2000-04,,1301.56,,2398.39,,,2306.88,2005-04,,2012-03,,,,2,1,,,,FR_MARCH_2011.pdf,Sector-Wise analysis of projects,51,186
FR_201103_187,,180100229,187,"SIPAT STPP STAGE - I (NTPC) - NTPC,Chhatisgarh",NTPC,,POWER,2011-03,2003-12,,8323.39,,8323.39,,,6916.0,2009-12,,2012-03,,,,33,56,,,,FR_MARCH_2011.pdf,Sector-Wise analysis of projects,51,187
FR_201103_188,,180100258,188,"KUDANKULAM-APP TRANS. SYSTEM (PGCIL) - PGCIL,Tamil Nadu",PGCIL,,POWER,2011-03,2005-05,,1779.29,,1946.85,,,1672.4,2008-11,,2012-03,,,,25,38,,,,FR_MARCH_2011.pdf,Sector-Wise analysis of projects,51,188
FR_201103_189,,N18000086,189,"System Strengthening -X of SR - PGCIL,Multi State",,,POWER,2011-03,2009-12,,276.61,,276.61,,,33.05,2012-04,,2012-03,,,,0,0,,,,FR_MARCH_2011.pdf,Sector-Wise analysis of projects,51,189
FR_201103_190,,180100222,190,"TESSTA LOW DAM - III HYDROELECTRIC POWER PROJECT - NHPC,West Bengal",,,POWER,2011-03,2003-10,,768.92,,768.92,,,1273.57,2007-03,,2012-05,,,,1,25,,,,FR_MARCH_2011.pdf,Sector-Wise analysis of projects,51,190
FR_201103_191,,N18000079,191,"765KV System for central part of Northern Region Grid - PGCIL,Multi State",,,POWER,2011-03,2009-11,,1075.12,,1075.12,,,168.45,2012-05,,2012-05,,,,0,0,,,,FR_MARCH_2011.pdf,Sector-Wise analysis of projects,51,191
FR_201103_192,,N18000078,192,"765KV System for Central part of Northern Region G - PGCIL,Multi State",,,POWER,2011-03,2009-07,,1736.36,,1736.36,,,186.47,2012-06,,2012-06,,,,0,0,,,,FR_MARCH_2011.pdf,Sector-Wise analysis of projects,51,192
FR_201103_193,,N18000082,193,"Immsdiate evacuation system for NABINAGAR TPS - PGCIL,Bihar",,,POWER,2011-03,2010-02,,215.86,,215.86,,,74.98,2012-06,,2012-06,,,,0,0,,,,FR_MARCH_2011.pdf,Sector-Wise analysis of projects,51,193
FR_201103_194,,N18000085,194,"System Strengthening -XII of SR - PGCIL,Multi State",,,POWER,2011-03,2010-02,,232.34,,232.34,,,6.3,2012-06,,2012-06,,,,0,0,,,,FR_MARCH_2011.pdf,Sector-Wise analysis of projects,51,194
FR_201103_195,,N18000065,195,"SUPPLIMENTARY TRANSMISSION ASSOCIATED WITH DVC AND - PGCIL,Multi State",,,POWER,2011-03,2008-08,,2360.95,,2360.95,,,1537.64,2012-08,,2012-08,,,,0,0,,,,FR_MARCH_2011.pdf,Sector-Wise analysis of projects,51,195
FR_201103_196,,N18000069,196,"765 KV POOLING STATION & NETWORK WITH DVC AND MAIT - PGCIL,Multi State",,,POWER,2011-03,2008-08,,7075.33,,7075.33,,,3298.25,2012-08,,2012-08,,,,0,0,,,,FR_MARCH_2011.pdf,Sector-Wise analysis of projects,51,196
FR_201103_197,,N18000081,197,"System Strengthening in NR for SASAN & MUNDRA (UMPP) - PGCIL,Multi State",UMPP,,POWER,2011-03,2009-12,,1216.83,,1216.83,,,207.0,2012-08,,2012-08,,,,0,0,,,,FR_MARCH_2011.pdf,Sector-Wise analysis of projects,51,197
FR_201103_198,,N18000061,198,"TRANSMISSION SYSTEM ASSOCIATED WITH MUNDRA ULTRA M - PGCIL,Multi State",,,POWER,2011-03,2008-10,,4824.12,,4824.12,,,1379.93,2012-10,,2012-10,,,,0,0,,,,FR_MARCH_2011.pdf,Sector-Wise analysis of projects,51,198
FR_201103_199,,N18000084,199,"MAUDA Transmission System - PGCIL,Maharashtra",,,POWER,2011-03,2010-02,,469.38,,469.38,,,63.02,2012-10,,2012-10,,,,0,0,,,,FR_MARCH_2011.pdf,Sector-Wise analysis of projects,51,199
FR_201103_200,,N18000089,200,"INTERCONNECTION BETWEEN ELECTTRICAL GRIDS OF I - PGCIL,Multi State",,,POWER,2011-03,2010-10,,160.32,,160.32,,,3.72,2012-10,,2012-10,,,,0,0,,,,FR_MARCH_2011.pdf,Sector-Wise analysis of projects,51,200
FR_201103_201,,N18000048,201,"MOUDA STPP (NTPC) - NTPC,Maharashtra",NTPC,,POWER,2011-03,2007-11,,5459.28,,6010.89,,,2069.0,2012-08,,2012-11,,,,0,0,,,,FR_MARCH_2011.pdf,Sector-Wise analysis of projects,51,201
FR_201103_202,,N18000076,202,"Transmission System of Vindhuachal -IV & Rihand -I - PGCIL,Multi State",,,POWER,2011-03,2010-03,,4672.99,,4672.99,,,75.2,2012-11,,2012-11,,,,0,0,,,,FR_MARCH_2011.pdf,Sector-Wise analysis of projects,52,202
FR_201103_203,,N18000083,203,"Northern Region Transmission Strengthening Scheme - PGCIL,Multi State",,,POWER,2011-03,2010-03,,965.58,,965.58,,,133.28,2012-11,,2012-11,,,,0,0,,,,FR_MARCH_2011.pdf,Sector-Wise analysis of projects,52,203
FR_201103_204,,N18000090,204,"Transmission system associated with krishnapatnam-part-A - PGCIL,Andhra Pradesh",,,POWER,2011-03,2010-12,,779.21,,779.21,,,3.71,2013-08,,2012-11,,,,0,0,,,,FR_MARCH_2011.pdf,Sector-Wise analysis of projects,52,204
FR_201103_205,,180100243,205,"TEESTA LOW DAM HEP, STAGE-IV (NHPC) - NHPC,West Bengal",NHPC,,POWER,2011-03,2005-09,,1061.38,,1061.38,,,928.52,2009-09,,2012-12,,,,0,0,,,,FR_MARCH_2011.pdf,Sector-Wise analysis of projects,52,205
FR_201103_206,,180100261,206,"TRANSMISSION SYSTEM ASSOCIATED WITH PARBATI = II HEP - PGCIL,Himachal Pr.",,,POWER,2011-03,2005-12,,358.42,,358.42,,,14.74,2008-12,2010-09,2012-12,,,,0,15,,,,FR_MARCH_2011.pdf,Sector-Wise analysis of projects,52,206
FR_201103_207,,N18000046,207,"TRANSMISSION SYSTEM ASSOCIATED WITH SASAN ULTRA ME - PGCIL,Multi State",,,POWER,2011-03,2008-12,,7031.88,,7031.88,,,1974.24,2012-12,,2012-12,,,,0,0,,,,FR_MARCH_2011.pdf,Sector-Wise analysis of projects,52,207
FR_201103_208,,N18000072,208,"VINDHYACHAL STTP STAGE-IV (NTPC) - NTPC,Madhya pradesh",NTPC,,POWER,2011-03,2009-01,,5915.0,,5915.0,,,1564.0,2012-10,,2012-12,,,,0,0,,,,FR_MARCH_2011.pdf,Sector-Wise analysis of projects,52,208
FR_201103_209,,N18000073,209,"RIHAND STTP STAGE-III (2X500MW) (NTPC) - NTPC,Uttar Pradesh",NTPC,,POWER,2011-03,2009-01,,6230.81,,6230.81,,,1445.0,2012-10,,2012-12,,,,0,0,,,,FR_MARCH_2011.pdf,Sector-Wise analysis of projects,52,209
FR_201103_210,,N18000080,210,"Trans. System associated with PALLATANA GBPP & BPT - PGCIL,Multi State",,,POWER,2011-03,2010-02,,2144.0,,2144.0,,,151.85,2012-12,,2012-12,,,,0,0,,,,FR_MARCH_2011.pdf,Sector-Wise analysis of projects,52,210
FR_201103_211,,N18000088,211,"NORTHERN REGION SYSTEM STRENGHTENING SCHEME-XX - PGCIL,Multi State",,,POWER,2011-03,2010-10,,182.68,,182.68,,,,2013-01,,2013-01,,,,0,0,,,,FR_MARCH_2011.pdf,Sector-Wise analysis of projects,52,211
FR_201103_212,,180100211,212,"KOLDAM HEP (NTPC) - NTPC,Himachal Pr.",NTPC,,POWER,2011-03,2002-10,,4527.15,,4527.15,,,3507.0,2009-04,,2013-03,,,,19,41,,,,FR_MARCH_2011.pdf,Sector-Wise analysis of projects,52,212
FR_201103_213,,N18000035,213,"WESTERN REGION STRENGTHENING SCHEME-V - PGCIL,Maharashtra",,,POWER,2011-03,2007-12,,477.69,,477.69,,,333.53,2010-09,,2013-03,,,,0,0,,,,FR_MARCH_2011.pdf,Sector-Wise analysis of projects,52,213
FR_201103_214,,N18000087,214,"Transmission System for phase-1 generation project - PGCIL,Orissa",,,POWER,2011-03,2010-09,,2074.86,,2074.86,,,48.01,2013-03,,2013-03,,,,0,0,,,,FR_MARCH_2011.pdf,Sector-Wise analysis of projects,52,214
FR_201103_215,,N18000041,215,"BONGAIGAON THERMAL POWER PROJECT (NTPC) - NTPC,Assam",NTPC,,POWER,2011-03,2008-01,,4375.35,,4375.35,,,1831.0,2011-07,,2013-04,,,,0,0,,,,FR_MARCH_2011.pdf,Sector-Wise analysis of projects,52,215
FR_201103_216,,N18000071,216,"TRIPURA GAS BASED POWER PROJECT - NEEPCO,Tripura",,,POWER,2011-03,2009-07,,421.01,,623.44,,,63.59,2012-01,,2013-07,,,,0,0,,,,FR_MARCH_2011.pdf,Sector-Wise analysis of projects,52,216
FR_201103_217,,N18000045,217,"PARE HYDRO ELECTRIC PROJECT(110 MW) - NEEPCO,Arunachal Pr.",110 MW,,POWER,2011-03,2008-12,,573.99,,573.99,,,182.47,2013-08,2013-08,2013-08,,,,8,17,,,,FR_MARCH_2011.pdf,Sector-Wise analysis of projects,52,217
FR_201103_218,,N18000066,218,"NORTH- EAST NORTH WESTERN INTERCONNECTOR I PROJECT - PGCIL,Multi State",,,POWER,2011-03,2009-02,,11130.19,,11130.19,,,2072.84,2013-08,,2013-08,,,,0,0,,,,FR_MARCH_2011.pdf,Sector-Wise analysis of projects,52,218
FR_201103_219,,N18000091,219,"Northern Region system strengthening scheme-XXII - PGCIL,Multi State",,,POWER,2011-03,2010-12,,209.78,,209.78,,,10.35,2013-08,,2013-08,,,,0,0,,,,FR_MARCH_2011.pdf,Sector-Wise analysis of projects,52,219
FR_201103_220,,N18000092,220,"Establishment of pooling stations at Rajgarh - PGCIL,Chhatisgarh",,,POWER,2011-03,2010-12,,1719.52,,1719.52,,,32.91,2013-08,,2013-08,,,,0,0,,,,FR_MARCH_2011.pdf,Sector-Wise analysis of projects,52,220
FR_201103_221,,N18000024,221,"RAMPUR HEP(412 MW) - SJVNL,Himachal Pr.",412 MW,,POWER,2011-03,2007-01,,2047.03,,2047.03,,,1127.52,2012-01,,2013-09,,,,2,10,,,,FR_MARCH_2011.pdf,Sector-Wise analysis of projects,53,221
FR_201103_222,,N18000047,222,"BARH STPP STAGE -II (NTPC) - NTPC,Bihar",NTPC,,POWER,2011-03,2008-02,,7341.04,,7341.04,,,1755.0,2013-08,,2013-10,,,,0,0,,,,FR_MARCH_2011.pdf,Sector-Wise analysis of projects,53,222
FR_201103_223,,180100221,223,"LOWER SUBANSIRI H.E.P (NHPC) - NHPC,Arunachal Pr.",NHPC,,POWER,2011-03,2003-09,,6285.33,,6285.33,,,4844.54,2010-09,,2013-12,,,,2,11,,,,FR_MARCH_2011.pdf,Sector-Wise analysis of projects,53,223
FR_201103_224,,N18000093,224,"Transmission system for phase-I generation project - PGCIL,Orissa",,,POWER,2011-03,2010-12,,2743.19,,2743.19,,,30.63,2013-12,,2013-12,,,,0,0,,,,FR_MARCH_2011.pdf,Sector-Wise analysis of projects,53,224
FR_201103_225,,180100165,225,"TUIRIAL HE PROJECT(NEEPCO) - NEEPCO,Mizoram",NEEPCO,,POWER,2011-03,1998-07,,368.72,913.63,913.63,,,226.09,2006-07,2014-01,2014-01,,,,2,5,,,,FR_MARCH_2011.pdf,Sector-Wise analysis of projects,53,225
FR_201103_226,,N18000014,226,"Tapovan-Vishnugad HEP (4x130MW) (NTPC) - NTPC,Uttaranchal",NTPC,,POWER,2011-03,2006-11,,2978.48,,2978.48,,,1018.0,2013-03,,2014-02,,,,5,31,,,,FR_MARCH_2011.pdf,Sector-Wise analysis of projects,53,226
FR_201103_227,,180100210,227,"PARBATI HEP (NHPC) II - NHPC,Himachal Pr.",NHPC,,POWER,2011-03,2002-09,,3919.59,,3919.59,,,3084.87,2009-09,,2014-07,,,,1,20,,,,FR_MARCH_2011.pdf,Sector-Wise analysis of projects,53,227
FR_201103_228,,180100242,228,"BARH STPP(3X660MW) NTPC - NTPC,Bihar",3X660MW,,POWER,2011-03,2003-12,,8693.0,,8692.97,,,5361.0,2010-11,,2014-09,,,,15,51,,,,FR_MARCH_2011.pdf,Sector-Wise analysis of projects,53,228
FR_201103_229,,N18000077,229,"Transm System for development of Pooling stn. in N - PGCIL,West Bengal",,,POWER,2011-03,2010-04,,4404.57,,4404.57,,,,2015-01,,2015-01,,,,0,0,,,,FR_MARCH_2011.pdf,Sector-Wise analysis of projects,53,229
FR_201103_230,,N18000010,230,"TEHRI PUMPED STORAGE PLANT(1000MW) - THDCL,Uttaranchal",1000MW,,POWER,2011-03,2006-07,,1657.0,,2978.86,,,252.14,2010-07,,2015-03,,,,0,0,,,,FR_MARCH_2011.pdf,Sector-Wise analysis of projects,53,230
FR_201103_231,,N18000031,231,"KISHANGANGA HEP - NHPC,J & K",,,POWER,2011-03,2007-07,,2238.67,,3642.04,,,688.64,2014-07,,2016-01,,,,0,0,,,,FR_MARCH_2011.pdf,Sector-Wise analysis of projects,53,231
FR_201103_232,,N18000042,232,"VISHNUGAD PIPALKOTI HYDRO ELECTRIC PROJECT - THDCL,Uttaranchal",,,POWER,2011-03,2008-08,,2221.31,,2491.58,,,146.49,2014-07,,2016-03,,,,0,8,,,,FR_MARCH_2011.pdf,Sector-Wise analysis of projects,53,232
FR_201103_233,,180100239,233,"KAMENG HYDROELECTRIC PROJECT (NEEPCO) - NEEPCO,Arunachal Pr.",NEEPCO,,POWER,2011-03,2004-12,,2496.9,,2496.9,,,1410.14,2009-12,2016-06,2016-06,,,,78,21,,,,FR_MARCH_2011.pdf,Sector-Wise analysis of projects,53,233
FR_201103_234,,180100246,234,"KAIGA 3&4 TRANSMISSION SYSTEM (PGCIL) - PGCIL,Karnataka Total",PGCIL,,POWER,2011-03,2005-03,,596.45,1007.16,947.96,,,801.35,2007-12,2009-12,,,,,14,18,,,,FR_MARCH_2011.pdf,Sector-Wise analysis of projects,53,234
FR_201103_235,,220100286,235,"RAJATGARH-BARANG(LD),ECOR - RVNL,Orissa",LD,,RAILWAYS,2011-03,1999-04,,166.16,,243.4,,,227.21,2009-02,,2010-12,,,,0,0,,,,FR_MARCH_2011.pdf,Sector-Wise analysis of projects,53,235
FR_201103_236,,220100327,236,"KHURDA ROAD - BARANG 3RD LINE (DL) (ECOR) - RVNL,Orissa",ECOR,,RAILWAYS,2011-03,2000-04,,133.41,207.0,211.9,,,,2009-03,,2010-12,,,,0,0,,,,FR_MARCH_2011.pdf,Sector-Wise analysis of projects,53,236
FR_201103_237,,220100329,237,"RAICHUR-GUNTAKAL(DL)(SCR) - RVNL,Andhra Pradesh",SCR,,RAILWAYS,2011-03,2003-04,,136.62,,221.9,,,139.1,2007-12,2010-03,2010-12,,,,0,0,,,,FR_MARCH_2011.pdf,Sector-Wise analysis of projects,53,237
FR_201103_238,,N22000034,238,"ALIGARH-GAZIABAD 3RD LINE DOUBLING (RVNL) - RVNL,Uttar Pradesh",RVNL,,RAILWAYS,2011-03,2003-04,,230.73,399.73,399.5,,,289.67,2009-03,2008-12,2010-12,,,,0,0,,,,FR_MARCH_2011.pdf,Sector-Wise analysis of projects,53,238
FR_201103_239,,N22000081,239,"BHARUCH-SAMNI-DAHEJ GAUGE CONVERSIN - RVNL,Gujarat",,,RAILWAYS,2011-03,2005-09,,200.8,,200.8,,,214.2,,,2010-12,,,,0,0,,,,FR_MARCH_2011.pdf,Sector-Wise analysis of projects,53,239
FR_201103_240,,220100232,240,"LALITPUR-SATNA-REWA-SINGRULI NL, (NCR) - NCR,Multi State",NCR,,RAILWAYS,2011-03,1998-09,,925.0,,925.0,,,493.7,2008-05,,2011-03,,,,0,0,,,,FR_MARCH_2011.pdf,Sector-Wise analysis of projects,53,240
FR_201103_241,,220100321,241,"BILASPUR-URKURA (DL) - RVNL,Chhatisgarh",DL,,RAILWAYS,2011-03,1997-04,,151.52,,273.0,,,268.07,2009-03,,2011-03,,,,0,0,,,,FR_MARCH_2011.pdf,Sector-Wise analysis of projects,53,241
FR_201103_242,,N22000027,242,"PALWAL-BHUTESWAR 3RD LINE DOUBLING(NCR)(RVNL) - RVNL,Multi State",RVNL,,RAILWAYS,2011-03,2005-04,,240.0,,329.7,,,275.4,2009-03,2009-12,2011-03,,,,0,0,,,,FR_MARCH_2011.pdf,Sector-Wise analysis of projects,54,242
FR_201103_243,,N22000082,243,"ALUABARI ROAD SILIGURI JANCTION VIA GALGALIA, NEFR - NEFR,Multi State",,,RAILWAYS,2011-03,2006-12,,170.0,170.0,272.11,,,349.61,,,2011-03,,,,0,0,,,,FR_MARCH_2011.pdf,Sector-Wise analysis of projects,54,243
FR_201103_244,,N22000125,244,"Bhavnagar-workshop facilities for 50 BG coaches PO - WR,Gujarat",,,RAILWAYS,2011-03,2006-04,,117.36,196.95,196.95,,,156.82,2011-03,,2011-03,,,,0,0,,,,FR_MARCH_2011.pdf,Sector-Wise analysis of projects,54,244
FR_201103_245,,N22000093,245,"MUMBAI URBAN TRANSPORT PROJECT PHASE-I, MTP - MRTP,Maharashtra",,,RAILWAYS,2011-03,2003-04,,3125.2,4174.4,4501.8,,,4087.96,2010-12,,2011-06,,,,0,1,,,,FR_MARCH_2011.pdf,Sector-Wise analysis of projects,54,245
FR_201103_246,,N22000097,246,"TAMLUK DIGHA,LINE DOUBLING (SER) - SER,West Bengal",SER,,RAILWAYS,2011-03,1984-03,,293.97,,415.41,,,361.97,2005-06,2011-07,2011-07,,,,0,0,,,,FR_MARCH_2011.pdf,Sector-Wise analysis of projects,54,246
FR_201103_247,,220100284,247,"KHURDA ROAD-BOLANGIR(NL)ECOR - ECOR,Orissa",NL,,RAILWAYS,2011-03,1994-04,,355.38,470.21,700.0,,,143.87,,,2011-08,,,,0,0,,,,FR_MARCH_2011.pdf,Sector-Wise analysis of projects,54,247
FR_201103_248,,220100148,248,"LANJHIGARH-JUNAGARH NL(ECOR) - ECOR,Orissa",ECOR,,RAILWAYS,2011-03,1993-04,,100.0,142.9,170.0,,,178.2,2002-03,,2011-09,,,,0,0,,,,FR_MARCH_2011.pdf,Sector-Wise analysis of projects,54,248
FR_201103_249,,N22000076,249,"PANSPURA-KHARAGPUR 3D LINE - RVNL,West Bengal",,,RAILWAYS,2011-03,2007-09,,252.5,,252.5,,,147.13,2010-02,,2011-11,,,,0,0,,,,FR_MARCH_2011.pdf,Sector-Wise analysis of projects,54,249
FR_201103_250,,220100007,250,"GUNA-ETAWAH(NCR), NL - NCR,Multi State",NCR,,RAILWAYS,2011-03,1985-04,,158.77,432.46,540.96,,,512.7,1994-03,,2011-12,,,,0,0,,,,FR_MARCH_2011.pdf,Sector-Wise analysis of projects,54,250
FR_201103_251,,220100192,251,"NANDYAL-YERRAGUNTLA(NL),SCR - SCR,Andhra Pradesh",NL,,RAILWAYS,2011-03,1996-03,,155.74,164.36,429.49,,,401.33,2009-02,,2011-12,,,,0,0,,,,FR_MARCH_2011.pdf,Sector-Wise analysis of projects,54,251
FR_201103_252,,220100285,252,"HARIDASPUR-PARADEEP(NL) - RVNL,Orissa",NL,,RAILWAYS,2011-03,1996-04,,301.64,,735.1,,,191.04,2009-09,,2011-12,,,,0,0,,,,FR_MARCH_2011.pdf,Sector-Wise analysis of projects,54,252
FR_201103_253,,220100328,253,"TALCHER-BIMALAGARH(NL)(ECOR) - ECOR,Orissa",ECOR,,RAILWAYS,2011-03,2005-04,,726.96,810.78,810.78,,,72.14,,,2011-12,,,,0,0,,,,FR_MARCH_2011.pdf,Sector-Wise analysis of projects,54,253
FR_201103_254,,N22000116,254,"Dakshin-barasat-lakshmikantapur (ER) - ER,West Bengal",ER,,RAILWAYS,2011-03,2009-04,,259.51,,259.51,,,50.71,2011-12,,2011-12,,,,0,0,,,,FR_MARCH_2011.pdf,Sector-Wise analysis of projects,54,254
FR_201103_255,,N22000117,255,"Ghutiarisharif-Canning (ER) - ER,West Bengal",ER,,RAILWAYS,2011-03,2009-04,,189.97,,189.97,,,43.98,2011-12,,2011-12,,,,0,0,,,,FR_MARCH_2011.pdf,Sector-Wise analysis of projects,54,255
FR_201103_256,,220100197,256,"KANPUR-KASGANJ- MATHURA(GC),NER - NER,Uttar Pradesh",GC,,RAILWAYS,2011-03,1997-03,,395.0,1062.36,1577.46,,,1117.17,,,2012-02,,,,0,0,,,,FR_MARCH_2011.pdf,Sector-Wise analysis of projects,54,256
FR_201103_257,,220100106,257,"PEDAPALLI-KARIMNAGAR- NIZAMABAD NL(SCR) - SCR,Andhra Pradesh",SCR,,RAILWAYS,2011-03,1994-12,,124.43,407.78,617.63,,,465.67,,,2012-03,,,,0,0,,,,FR_MARCH_2011.pdf,Sector-Wise analysis of projects,54,257
FR_201103_258,,220100190,258,"KADUR-CHIKMAGALUR- SAKLESHPUR (NL),(SWR) - SWR,Karnataka",SWR,,RAILWAYS,2011-03,1996-04,,157.0,262.82,262.82,,,179.88,2012-03,,2012-03,,,,0,0,,,,FR_MARCH_2011.pdf,Sector-Wise analysis of projects,54,258
FR_201103_259,,220100194,259,"MUZAFFARPUR-SITAMARHI(NL),ECR - ECR,Bihar",NL,,RAILWAYS,2011-03,1997-04,,100.0,322.29,322.29,,,393.94,,,2012-03,,,,0,0,,,,FR_MARCH_2011.pdf,Sector-Wise analysis of projects,54,259
FR_201103_260,,220100240,260,"JAYANAGAR-DARBHANGA-NARKATIA GANJ(GC),ECR - ECR,Bihar",GC,,RAILWAYS,2011-03,1997-04,,233.0,335.77,727.52,,,509.74,,,2012-03,,,,0,0,,,,FR_MARCH_2011.pdf,Sector-Wise analysis of projects,54,260
FR_201103_261,,220100304,261,"KOSI BRIDGE (NL), ECR - ECR,Bihar",NL,,RAILWAYS,2011-03,2002-04,,323.41,,341.41,,,205.57,,,2012-03,,,,0,0,,,,FR_MARCH_2011.pdf,Sector-Wise analysis of projects,54,261
FR_201103_262,,N22000002,262,"MANSI-PURNIA (EXTENSION OF MANSI-SAHARSA) GAN ECR - ECR,Bihar",EXTENSION OF MANSI-SAHARSA,,RAILWAYS,2011-03,1996-04,,114.01,283.95,348.78,,,326.45,2011-03,,2012-03,,,,0,0,,,,FR_MARCH_2011.pdf,Sector-Wise analysis of projects,54,262
FR_201103_263,,N22000052,263,"HARNOUT -SET.UP OF W/S TO UND. POH OF UP TO50 COAC - WS&PU,Bihar",,,RAILWAYS,2011-03,2003-04,,98.74,224.51,337.3,,,175.15,,,2012-03,,,,0,0,,,,FR_MARCH_2011.pdf,Sector-Wise analysis of projects,54,263
FR_201103_264,,N22000053,264,"CHHAPRA-SETTING UP OF WHEEL MANUFACTURING PLANT - WS&PU,Bihar",,,RAILWAYS,2011-03,2005-03,,470.09,1417.97,1417.97,,,813.57,,,2012-03,,,,0,0,,,,FR_MARCH_2011.pdf,Sector-Wise analysis of projects,55,264
FR_201103_265,,N22000075,265,"SALKA ROAD -ANUPNAGAR LINE DOUBLING - RVNL,Chhatisgarh",,,RAILWAYS,2011-03,2006-09,,324.9,,324.9,,,165.1,2010-03,,2012-03,,,,0,0,,,,FR_MARCH_2011.pdf,Sector-Wise analysis of projects,55,265
FR_201103_266,,N22000083,266,"CONSTRUCTION OF NEW LINE FROM HARMATI-ITANAGAR/NAR - NEFR,Arunachal Pr.",,,RAILWAYS,2011-03,1996-09,,156.0,,160.48,,,160.5,,,2012-03,,,,0,0,,,,FR_MARCH_2011.pdf,Sector-Wise analysis of projects,55,266
FR_201103_267,,N22000094,267,"ELECTRIFICATION OF KHURJA- MEERUT-SAHARANPUR & G'BA - RE,Uttar Pradesh",,,RAILWAYS,2011-03,2008-02,,171.1,,171.1,,,124.8,2012-03,,2012-03,,,,0,0,,,,FR_MARCH_2011.pdf,Sector-Wise analysis of projects,55,267
FR_201103_268,,N22000095,268,"ELECTRIFICATION OF MORADABAD- ROZA - RE,Uttar Pradesh",,,RAILWAYS,2011-03,2004-12,,129.17,,220.0,,,203.22,2011-03,,2012-03,,,,0,0,,,,FR_MARCH_2011.pdf,Sector-Wise analysis of projects,55,268
FR_201103_269,,N22000106,269,"Sadulpur-Bikaner and Ratangarh- Degana Gauge Canves - NWR,Rajasthan",,,RAILWAYS,2011-03,2007-04,,643.36,,803.39,,,749.1,2011-03,,2012-03,,,,0,0,,,,FR_MARCH_2011.pdf,Sector-Wise analysis of projects,55,269
FR_201103_270,,N22000115,270,"Tinpahar - Sahibganj (ER) - ER,Jharkhandd",ER,,RAILWAYS,2011-03,2008-04,,167.73,,167.73,,,34.3,2012-03,,2012-03,,,,0,0,,,,FR_MARCH_2011.pdf,Sector-Wise analysis of projects,55,270
FR_201103_271,,N22000120,271,"Rattam-Mhow-Khandwa-Akola (GC) - WR,Madhya pradesh",GC,,RAILWAYS,2011-03,2008-04,,603.04,,603.04,,,27.28,2012-03,,2012-03,,,,0,0,,,,FR_MARCH_2011.pdf,Sector-Wise analysis of projects,55,271
FR_201103_272,,N22000123,272,"Bhuj-Naliya(GC) with extension from naliyate vayor - WR,Gujarat",GC,,RAILWAYS,2011-03,2008-04,,318.24,,318.24,,,0.1,2012-03,,2012-03,,,,0,0,,,,FR_MARCH_2011.pdf,Sector-Wise analysis of projects,55,272
FR_201103_273,,220100324,273,"CHHINDWARA - NAGPUR (GC)(SECR) - SECR,Madhya pradesh",SECR,,RAILWAYS,2011-03,2005-04,,383.79,,585.93,,,157.94,,,2012-06,,,,0,0,,,,FR_MARCH_2011.pdf,Sector-Wise analysis of projects,55,273
FR_201103_274,,220100188,274,"NANGALDAM-TALWARA(NL),NR - (NR),Multi State",NR,,RAILWAYS,2011-03,1981-03,,37.68,450.0,730.0,,,313.1,2012-07,,2012-07,,,,0,0,,,,FR_MARCH_2011.pdf,Sector-Wise analysis of projects,55,274
FR_201103_275,,220100149,275,"DALLIRAJDHARA - RAOGHAT(PART OF DALLIRAJHARA- JAGDALPUR),NL,R - RVNL,Chhatisgarh",PART OF DALLIRAJHARA- JAGDALPUR,,RAILWAYS,2011-03,1995-04,,304.0,631.78,631.78,,,82.83,2012-12,,2012-12,,,,0,0,,,,FR_MARCH_2011.pdf,Sector-Wise analysis of projects,55,275
FR_201103_276,,220100233,276,"CONV.OF 1500V DC TRACTION TO 25 KV AC,WR - RE,Maharashtra",,,RAILWAYS,2011-03,1996-07,,273.67,1160.52,1404.0,,,537.68,,,2012-12,,,,0,0,,,,FR_MARCH_2011.pdf,Sector-Wise analysis of projects,55,276
FR_201103_277,,220100241,277,"CHANDIGARH-LUDHIANA(NEW BG LINE),NR - (NR),Punjab",NR,,RAILWAYS,2011-03,1998-07,,248.44,576.27,1103.47,,,722.07,2012-12,,2012-12,,,,0,0,,,,FR_MARCH_2011.pdf,Sector-Wise analysis of projects,55,277
FR_201103_278,,220100277,278,"BANKURA - DAMODAR (GC) (SER) - SER,West Bengal",SER,,RAILWAYS,2011-03,1998-03,,111.9,,325.17,,,368.83,2005-03,2008-12,2012-12,,,,0,0,,,,FR_MARCH_2011.pdf,Sector-Wise analysis of projects,55,278
FR_201103_279,,220100280,279,"JIND-SONEPAT (NL),NR - (NR),Haryana",NR,,RAILWAYS,2011-03,2004-01,,190.81,238.56,234.45,,,214.58,2012-03,,2012-12,,,,0,0,,,,FR_MARCH_2011.pdf,Sector-Wise analysis of projects,55,279
FR_201103_280,,220100307,280,"RAIL-CUM-ROAD BRIDGE AT MUNGER (NL), ECR - ECR,Bihar",NL,,RAILWAYS,2011-03,2002-04,,921.0,,981.0,,,436.45,2009-03,,2012-12,,,,0,0,,,,FR_MARCH_2011.pdf,Sector-Wise analysis of projects,55,280
FR_201103_281,,220100308,281,"PATNA GANGA BRIDGE (NL), ECR - ECR,Bihar",NL,,RAILWAYS,2011-03,2001-04,,624.47,,1389.0,,,891.63,2007-10,,2012-12,,,,0,0,,,,FR_MARCH_2011.pdf,Sector-Wise analysis of projects,55,281
FR_201103_282,,N22000077,282,"BHOPAL BINA 3D LINE DOUBLING - RVNL,Madhya pradesh",,,RAILWAYS,2011-03,2007-09,,687.2,,687.2,,,294.26,2010-03,,2012-12,,,,0,0,,,,FR_MARCH_2011.pdf,Sector-Wise analysis of projects,55,282
FR_201103_283,,N22000119,283,"Bandel-Naihati new rail bridge in replacement of j - ER,West Bengal",,,RAILWAYS,2011-03,1999-04,,207.52,,207.52,,,97.17,2012-12,,2012-12,,,,0,0,,,,FR_MARCH_2011.pdf,Sector-Wise analysis of projects,55,283
FR_201103_284,,N22000126,284,"Katakhal to Bhairabi - NEFR,Assam",,,RAILWAYS,2011-03,1998-04,,227.9,,227.9,,,80.72,2012-12,,2012-12,,,,0,0,,,,FR_MARCH_2011.pdf,Sector-Wise analysis of projects,55,284
FR_201103_285,,220100062,285,"VIRAMGAM-BHILDI(WR),GC - WR,Multi State",WR,,RAILWAYS,2011-03,1990-04,,155.66,356.87,356.87,,,139.18,2013-03,,2013-03,,,,0,0,,,,FR_MARCH_2011.pdf,Sector-Wise analysis of projects,55,285
FR_201103_286,,220100184,286,"DAUSA-GANGAPUR CITY(NL),NWR - NWR,Rajasthan",NL,,RAILWAYS,2011-03,1997-02,,151.84,410.08,410.08,,,136.89,,,2013-03,,,,0,0,,,,FR_MARCH_2011.pdf,Sector-Wise analysis of projects,56,286
FR_201103_287,,220100263,287,"QUILON-TIRUNELVELI-TENKASI- VIRUDHUNAGAR(SR)(GC) - SR,Multi State",GC,,RAILWAYS,2011-03,1998-03,,280.0,,1029.0,,,653.18,,,2013-03,,,,0,0,,,,FR_MARCH_2011.pdf,Sector-Wise analysis of projects,56,287
FR_201103_288,,220100315,288,"RANGIA-MURKONGSELEK, (GC) NEFR - NEFR,Multi State",GC,,RAILWAYS,2011-03,2004-01,,915.7,912.7,1556.23,,,565.31,,,2013-03,,,,0,0,,,,FR_MARCH_2011.pdf,Sector-Wise analysis of projects,56,288
FR_201103_289,,N22000121,289,"Ahmedabad-Himmatnagar-Udaipur (WR) - WR,Gujarat",WR,,RAILWAYS,2011-03,2008-04,,394.13,,350.81,,,,2013-03,,2013-03,,,,0,0,,,,FR_MARCH_2011.pdf,Sector-Wise analysis of projects,56,289
FR_201103_290,,N22000028,290,"EXT. OF MRTS FROM VELACHERY TO STN. THOMAS, MTP - MRTP,Tamil Nadu",,,RAILWAYS,2011-03,2006-04,,495.74,495.74,495.74,,,108.5,2013-06,,2013-06,,,,0,0,,,,FR_MARCH_2011.pdf,Sector-Wise analysis of projects,56,290
FR_201103_291,,N22000107,291,"Ramanagram-Mysore doubling with electrification of - SWR,Karnataka",,,RAILWAYS,2011-03,2007-04,,482.0,,482.0,,,174.55,2013-03,,2013-12,,,,0,0,,,,FR_MARCH_2011.pdf,Sector-Wise analysis of projects,56,291
FR_201103_292,,N22000127,292,"Lumding-silchar jiribam, badarpur- baraigram kumarghat - NEFR,Multi State",,,RAILWAYS,2011-03,1996-04,,1676.31,,3909.49,,,2629.95,2009-03,,2013-12,,,,0,0,,,,FR_MARCH_2011.pdf,Sector-Wise analysis of projects,56,292
FR_201103_293,,220100201,293,"RAIL-CUM-ROAD BRIDGE OVER RIVER BRAHAMAPUTRA BRIDG - NEFR,Assam",,,RAILWAYS,2011-03,1997-09,,1000.0,1500.0,3230.01,,,2162.02,2008-04,2014-03,2014-03,,,,0,0,,,,FR_MARCH_2011.pdf,Sector-Wise analysis of projects,56,293
FR_201103_294,,220100266,294,"NEW MAYNAGURI TO JOGIGHOPA VIA CHANGRABANDHA (NL), - NEFR,Multi State",NL,,RAILWAYS,2011-03,2000-04,,733.0,,1655.8,,,672.73,2008-12,,2014-03,,,,0,0,,,,FR_MARCH_2011.pdf,Sector-Wise analysis of projects,56,294
FR_201103_295,,N22000099,295,"AGARTALA SABROOM, NL, NEFR - NEFR,Tripura",,,RAILWAYS,2011-03,2008-04,,813.34,,1141.76,,,165.64,2014-03,,2014-03,,,,0,0,,,,FR_MARCH_2011.pdf,Sector-Wise analysis of projects,56,295
FR_201103_296,,N22000100,296,"BHAIRABI SAIRONG, NEFR - NEFR,Mizoram",,,RAILWAYS,2011-03,2008-04,,619.34,,2429.41,,,2.89,2014-04,,2014-03,,,,0,0,,,,FR_MARCH_2011.pdf,Sector-Wise analysis of projects,56,296
FR_201103_297,,N22000109,297,"New Work for Construction of Metro railway from Ba - RVNL,West Bengal",,,RAILWAYS,2011-03,2010-04,,2069.6,,2069.6,,,0.21,2014-03,,2014-03,,,,0,0,,,,FR_MARCH_2011.pdf,Sector-Wise analysis of projects,56,297
FR_201103_298,,N22000113,298,"Jaipur - Ringus - Churu and Sikar - Lohatu Guage C - NWR,Rajasthan",,,RAILWAYS,2011-03,2008-04,,653.19,,653.19,,,3.13,2014-03,,2014-03,,,,0,0,,,,FR_MARCH_2011.pdf,Sector-Wise analysis of projects,56,298
FR_201103_299,,N22000114,299,"Suratpura - Hanumangarh - Sriganganagar Guage Canv - NWR,Rajasthan",,,RAILWAYS,2011-03,2008-04,,516.23,,516.23,,,7.92,2014-03,,2014-03,,,,0,0,,,,FR_MARCH_2011.pdf,Sector-Wise analysis of projects,56,299
FR_201103_300,,N22000122,300,"Udhna-Jalgaon with electrification(doubling) (WR) - WR,Gujarat",WR,,RAILWAYS,2011-03,2008-04,,1389.62,,1389.62,,,116.09,2014-03,,2014-03,,,,0,0,,,,FR_MARCH_2011.pdf,Sector-Wise analysis of projects,56,300
FR_201103_301,,N22000088,301,"UTRATIA-ZAFRABAD, NR (LINE DOUBLING) - (NR),Uttar Pradesh",NR,,RAILWAYS,2011-03,2006-04,,325.0,,369.9,,,92.32,2010-03,2014-06,2014-06,,,,0,0,,,,FR_MARCH_2011.pdf,Sector-Wise analysis of projects,56,301
FR_201103_302,,220100303,302,"HAJIPUR-SUGAULI VIA VAISHALI (NL), ECR - ECR,Bihar",NL,,RAILWAYS,2011-03,2003-04,,324.66,,324.66,,,154.91,,,2015-03,,,,0,0,,,,FR_MARCH_2011.pdf,Sector-Wise analysis of projects,56,302
FR_201103_303,,N22000092,303,"MUMBAI URBAN TRANSPORT PROJECT PHASE-II, MTP - MRTP,Maharashtra",,,RAILWAYS,2011-03,2008-04,,5300.0,,5300.0,,,171.0,2014-03,,2015-03,,,,0,0,,,,FR_MARCH_2011.pdf,Sector-Wise analysis of projects,56,303
FR_201103_304,,N22000102,304,"SEVOK RANGPO, NEFR - NEFR,Sikkim",,,RAILWAYS,2011-03,2008-04,,1339.48,,3380.57,,,52.94,2015-12,,2015-03,,,,0,0,,,,FR_MARCH_2011.pdf,Sector-Wise analysis of projects,56,304
FR_201103_305,,N22000112,305,"Himmatnagar - Udaipur Gauge Canvession (NWR) - NWR,Rajasthan",NWR,,RAILWAYS,2011-03,2008-04,,829.74,,829.74,,,0.09,2015-03,,2015-03,,,,0,0,,,,FR_MARCH_2011.pdf,Sector-Wise analysis of projects,56,305
FR_201103_306,,N22000124,306,"New Line from Dimapur to Zubza(Kohima) national pr - NEFR,Nagaland",Kohima,,RAILWAYS,2011-03,2006-04,,850.0,,850.0,,,7.98,2015-03,,2015-03,,,,0,0,,,,FR_MARCH_2011.pdf,Sector-Wise analysis of projects,57,306
FR_201103_307,,220100288,307,"JIRIBAM TO IMPHAL (TUPUI)(NL)(NEFR) - NEFR,Multi State",NEFR,,RAILWAYS,2011-03,2003-04,,727.56,727.53,3056.85,,,396.69,2011-03,2014-03,2016-03,,,,0,0,,,,FR_MARCH_2011.pdf,Sector-Wise analysis of projects,57,307
FR_201103_308,,N22000108,308,"New Work for Construction of Metro railway from No - RVNL,West Bengal",,,RAILWAYS,2011-03,2010-04,,2397.72,,2397.72,,,,2016-03,,2016-03,,,,0,0,,,,FR_MARCH_2011.pdf,Sector-Wise analysis of projects,57,308
FR_201103_309,,N22000110,309,"New Work for Construction of Metro railway from NS - RVNL,West Bengal",,,RAILWAYS,2011-03,2010-04,,3951.98,,3951.98,,,1.42,2016-03,,2016-03,,,,0,0,,,,FR_MARCH_2011.pdf,Sector-Wise analysis of projects,57,309
FR_201103_310,,N22000111,310,"New Work for Construction of Metro railway - RVNL,West Bengal",,,RAILWAYS,2011-03,2010-04,,2619.02,,2619.02,,,19.4,2016-03,,2016-03,,,,0,0,,,,FR_MARCH_2011.pdf,Sector-Wise analysis of projects,57,310
FR_201103_311,,220100133,311,"UDHAMPUR-SRINAGAR-BARAMULLA (NL),NR - (NR),J & K",NR,,RAILWAYS,2011-03,1995-03,,2500.0,8000.0,11270.0,,,7166.01,2001-03,,2017-12,,,,0,0,,,,FR_MARCH_2011.pdf,Sector-Wise analysis of projects,57,311
FR_201103_312,,220100009,312,"FREIGHT OPERATIONS INFORMATION SYSTEM (FOIS) - FOIS,Multi State",FOIS,,RAILWAYS,2011-03,1984-03,,520.0,422.79,634.13,,,534.28,1995-03,,,,,,0,0,,,,FR_MARCH_2011.pdf,Sector-Wise analysis of projects,57,312
FR_201103_313,,220100116,313,"RAJKOT-VERAVAL (GC) AND WANSJALIYA-JETALSAR GC AN - WR,Gujarat",GC,,RAILWAYS,2011-03,1992-04,,112.53,320.66,464.5,,,504.2,1996-03,2002-07,,,,,0,0,,,,FR_MARCH_2011.pdf,Sector-Wise analysis of projects,57,313
FR_201103_314,,220100135,314,"New BG line Rly line from Eklakhi- Balurghat includ - NEFR,West Bengal",,,RAILWAYS,2011-03,1983-04,,36.8,274.41,285.93,,,233.02,,,,,,,0,0,,,,FR_MARCH_2011.pdf,Sector-Wise analysis of projects,57,314
FR_201103_315,,220100151,315,"CALICUT-MANGALORE (DL) (SR) - SR,Multi State",SR,,RAILWAYS,2011-03,1996-02,,240.0,,579.37,,,589.87,,,,,,,0,0,,,,FR_MARCH_2011.pdf,Sector-Wise analysis of projects,57,315
FR_201103_316,,220100181,316,"AHMEDNAGAR-PARLI VAIJNATH(NL) CR - CR,Maharashtra",NL,,RAILWAYS,2011-03,1997-02,,353.08,462.67,1010.0,,,93.97,,,,,,,0,0,,,,FR_MARCH_2011.pdf,Sector-Wise analysis of projects,57,316
FR_201103_317,,220100183,317,"HASSAN-BANGALORE VIA SHRAVANA-BELGOLA(NL),SWR - SWR,Karnataka",NL,,RAILWAYS,2011-03,1997-02,,295.0,,412.91,,,449.87,,,,,,,0,0,,,,FR_MARCH_2011.pdf,Sector-Wise analysis of projects,57,317
FR_201103_318,,220100186,318,"GONDIA-JABALPUR(GC),(SECR) - SECR,Multi State",SECR,,RAILWAYS,2011-03,1997-02,,386.3,,1038.0,,,520.42,1998-03,,,,,,0,0,,,,FR_MARCH_2011.pdf,Sector-Wise analysis of projects,57,318
FR_201103_319,,220100191,319,"KARUR-SALEM(NL),SR - SR,Tamil Nadu",NL,,RAILWAYS,2011-03,1997-02,,155.55,,712.0,,,522.06,,,,,,,0,0,,,,FR_MARCH_2011.pdf,Sector-Wise analysis of projects,57,319
FR_201103_320,,220100193,320,"HUBLI-ANKOLA(NL),SWR - SWR,Karnataka",NL,,RAILWAYS,2011-03,1995-04,,227.0,,997.58,,,58.2,,,,,,,0,0,,,,FR_MARCH_2011.pdf,Sector-Wise analysis of projects,57,320
FR_201103_321,,220100205,321,"MUNEERABAD- MAHABOOBNAGAR(NL),SCR - SCR,Multi State",NL,,RAILWAYS,2011-03,1997-04,,218.24,377.32,497.47,,,78.27,,,,,,,0,0,,,,FR_MARCH_2011.pdf,Sector-Wise analysis of projects,57,321
FR_201103_322,,220100208,322,"HOWRAH-AMTA-CHAMPADANGA NL (SER) - SER,West Bengal",SER,,RAILWAYS,2011-03,1974-04,,31.42,154.3,154.3,,,128.54,2007-03,2007-03,,,,,0,0,,,,FR_MARCH_2011.pdf,Sector-Wise analysis of projects,57,322
FR_201103_323,,220100220,323,"MACHERLA-NALGONDA(NL)(SCR) - SCR,Andhra Pradesh",SCR,,RAILWAYS,2011-03,1998-07,,125.0,,363.26,,,0.27,2008-07,,,,,,0,0,,,,FR_MARCH_2011.pdf,Sector-Wise analysis of projects,57,323
FR_201103_324,,220100222,324,"KODERMA-RANCHI VIA BARKAKHANA (NL),ECR - ECR,Jharkhandd",NL,,RAILWAYS,2011-03,1999-03,,491.19,1099.2,1099.2,,,988.38,2005-07,,,,,,0,0,,,,FR_MARCH_2011.pdf,Sector-Wise analysis of projects,57,324
FR_201103_325,,220100251,325,"VILLUPURAM-KATPADI (GC)(SR) - SR,Tamil Nadu",SR,,RAILWAYS,2011-03,2000-02,,175.0,,513.16,,,535.83,,,,,,,0,0,,,,FR_MARCH_2011.pdf,Sector-Wise analysis of projects,57,325
FR_201103_326,,220100252,326,"ANGAMALI-SABARIMALA (N.L.)(SR) - SR,Kerala",SR,,RAILWAYS,2011-03,1998-10,,550.0,,550.0,,,68.13,,,,,,,0,0,,,,FR_MARCH_2011.pdf,Sector-Wise analysis of projects,57,326
FR_201103_327,,220100257,327,"KHAGARIA-KUSHESHWAR ASTHAN (NL) (ECR) - ECR,Bihar",ECR,,RAILWAYS,2011-03,1997-04,,78.23,,162.87,,,86.25,,,,,,,0,0,,,,FR_MARCH_2011.pdf,Sector-Wise analysis of projects,57,327
FR_201103_328,,220100258,328,"JALANDHAR-PATHANKOT-JAMMU- TAWI (LD),NR - (NR),Multi State",NR,,RAILWAYS,2011-03,2002-03,,409.0,625.3,639.54,,,804.25,2007-06,,,,,,0,0,,,,FR_MARCH_2011.pdf,Sector-Wise analysis of projects,58,328
FR_201103_329,,220100260,329,"REINGUNTA-GUNTAKAL(RE) - RVNL,Andhra Pradesh",RE,,RAILWAYS,2011-03,2000-06,,168.34,,296.2,,,,2003-04,2010-03,,,,,0,0,,,,FR_MARCH_2011.pdf,Sector-Wise analysis of projects,58,329
FR_201103_330,,220100262,330,"TIRUCHIRAPPALI-NAGORE- KARAIKKAL(SR)(GC) - SR,Tamil Nadu",GC,,RAILWAYS,2011-03,1995-09,,100.0,,548.96,,,454.48,,,,,,,0,0,,,,FR_MARCH_2011.pdf,Sector-Wise analysis of projects,58,330
FR_201103_331,,220100265,331,"KOTLPALLI-NARASAPUR (NL) (SCR) - SCR,Andhra Pradesh",SCR,,RAILWAYS,2011-03,2001-12,,330.0,,695.0,,,9.44,,,,,,,0,0,,,,FR_MARCH_2011.pdf,Sector-Wise analysis of projects,58,331
FR_201103_332,,220100273,332,"DEOGHAR - SULTANGANJ (INL), ER - ER,Multi State",INL,,RAILWAYS,2011-03,2000-04,,138.0,519.67,607.09,,,293.52,2012-12,,,,,,0,0,,,,FR_MARCH_2011.pdf,Sector-Wise analysis of projects,58,332
FR_201103_333,,220100274,333,"BANGLORE - SATYAMANGALAM (NL)(SWR) - SWR,Karnataka",SWR,,RAILWAYS,2011-03,1999-02,,138.0,,901.62,,,0.29,,,,,,,0,0,,,,FR_MARCH_2011.pdf,Sector-Wise analysis of projects,58,333
FR_201103_334,,220100305,334,"KODERMA-TILAIYA (NL), ECR - ECR,Jharkhandd",NL,,RAILWAYS,2011-03,2002-04,,459.91,,418.17,,,68.62,,,,,,,0,0,,,,FR_MARCH_2011.pdf,Sector-Wise analysis of projects,58,334
FR_201103_335,,220100314,335,"RAMGANJMUNDI-BHOPAL (NL),WCR - WCR,Madhya pradesh",NL,,RAILWAYS,2011-03,2001-04,,727.13,727.13,1225.0,,,201.05,,,,,,,0,0,,,,FR_MARCH_2011.pdf,Sector-Wise analysis of projects,58,335
FR_201103_336,,220100325,336,"SUKINDA ROAD - ANGUL (NL)(ECOR) - RVNL,Orissa",ECOR,,RAILWAYS,2011-03,1998-04,,183.23,,638.0,,,,2015-02,,,,,,0,0,,,,FR_MARCH_2011.pdf,Sector-Wise analysis of projects,58,336
FR_201103_337,,220100330,337,"GUNTUR-GUNTAKAL- KALLURU(GL)(SCR) - SCR,Andhra Pradesh",SCR,,RAILWAYS,2011-03,1992-04,,458.45,,573.12,,,555.49,,,,,,,0,0,,,,FR_MARCH_2011.pdf,Sector-Wise analysis of projects,58,337
FR_201103_338,,N22000032,338,"MANOHARABAD-KOTHPALL NEW LINE(SCR) - SCR,Andhra Pradesh",SCR,,RAILWAYS,2011-03,2006-04,,378.56,671.82,791.6,,,0.74,,,,,,,0,0,,,,FR_MARCH_2011.pdf,Sector-Wise analysis of projects,58,338
FR_201103_339,,N22000049,339,"OBULAVARIPALLE- KRISHNAPATNAM(RVNL) - RVNL,Andhra Pradesh",RVNL,,RAILWAYS,2011-03,2006-07,,743.0,,732.8,,,274.28,2008-03,2008-06,,,,,0,0,,,,FR_MARCH_2011.pdf,Sector-Wise analysis of projects,58,339
FR_201103_340,,N22000079,340,"MAYLADUTHURAI-THIRUVARUR- KARAIKUDI-THIRU 'PONDI'-A - SR,Tamil Nadu",,,RAILWAYS,2011-03,2007-09,,404.19,,900.0,,,145.38,,,,,,,0,0,,,,FR_MARCH_2011.pdf,Sector-Wise analysis of projects,58,340
FR_201103_341,,N22000080,341,"DINDIGUL-POLLACHI-PALGHAT- POLLACHI AND COIMBATORE - SR,Tamil Nadu",,,RAILWAYS,2011-03,2006-09,,343.17,,900.0,,,359.3,,,,,,,0,0,,,,FR_MARCH_2011.pdf,Sector-Wise analysis of projects,58,341
FR_201103_342,,N22000084,342,"TINDIVANAM-GINGEE- TIRUVANNAMALAI (NL) - SR,Tamil Nadu",NL,,RAILWAYS,2011-03,2006-09,,125.0,,227.4,,,20.4,,,,,,,0,0,,,,FR_MARCH_2011.pdf,Sector-Wise analysis of projects,58,342
FR_201103_343,,N22000085,343,"TIDIVANAM-NAGARI (NL) - SR,Tamil Nadu",NL,,RAILWAYS,2011-03,2006-09,,456.0,,582.83,,,70.01,,,,,,,0,0,,,,FR_MARCH_2011.pdf,Sector-Wise analysis of projects,58,343
FR_201103_344,,N22000087,344,"NEW B.G. LINE FROM ARARIA TO GALGALIA (THAKURGUNG) - NEFR,Bihar",THAKURGUNG,,RAILWAYS,2011-03,2006-09,,300.0,300.0,529.88,,,31.12,,,,,,,0,0,,,,FR_MARCH_2011.pdf,Sector-Wise analysis of projects,58,344
FR_201103_345,,N22000101,345,"KISHANGANJ JALALGARH, NEFR - NEFR,Bihar",,,RAILWAYS,2011-03,2008-04,,282.92,,333.76,,,0.71,,,,,,,0,0,,,,FR_MARCH_2011.pdf,Sector-Wise analysis of projects,58,345
FR_201103_346,,220100118,346,"AMRAVATI-NARKHER NL(CR) - CR,Maharashtra",CR,,RAILWAYS,2011-03,1994-06,,120.9,284.27,488.76,,,429.58,1999-06,2011-03,2011-03,,,,0,0,,,,FR_MARCH_2011.pdf,Sector-Wise analysis of projects,58,346
FR_201103_347,,220100164,347,"BELAPUR-SEAWOOD-URAN ELECTRIF-IED DOUBLE LINE(MTP) - MRTP,Maharashtra",MTP,,RAILWAYS,2011-03,1996-03,,401.81,495.44,495.44,,,162.68,2004-03,,,,,,0,0,,,,FR_MARCH_2011.pdf,Sector-Wise analysis of projects,58,347
FR_201103_348,,220100168,348,"MANDARHILL-DUMKA-RAMPURHAT (NL),ER - ER,Jharkhandd",NL,,RAILWAYS,2011-03,1995-04,,184.0,254.07,675.0,,,409.17,2011-12,,,,,,0,0,,,,FR_MARCH_2011.pdf,Sector-Wise analysis of projects,58,348
FR_201103_349,,220100185,349,"AJMER-UDAIPUR-CHITTAURGARH (GC),NWR - NWR,Rajasthan",GC,,RAILWAYS,2011-03,1996-09,,262.0,456.0,567.23,,,547.31,2010-11,,,,,,0,0,,,,FR_MARCH_2011.pdf,Sector-Wise analysis of projects,59,349
FR_201103_350,,220100187,350,"SURENDRANAGAR- BHAVNAGAR(GC),WR - WR,Gujarat",GC,,RAILWAYS,2011-03,1997-03,,437.4,589.86,563.25,,,540.93,2004-03,2010-03,,,,,0,0,,,,FR_MARCH_2011.pdf,Sector-Wise analysis of projects,59,350
FR_201103_351,,220100212,351,"KOTTUR-HARIHAR(NL),(SWR) - SWR,Karnataka",SWR,,RAILWAYS,2011-03,1995-04,,65.94,281.2,281.2,,,323.1,2011-03,,2011-03,,,,0,0,,,,FR_MARCH_2011.pdf,Sector-Wise analysis of projects,59,351
FR_201103_352,,220100214,352,"RANCHI-LOHARDAGA(GC),SER - SER,Jharkhandd",GC,,RAILWAYS,2011-03,1997-04,,194.07,,456.45,,,264.11,2004-06,2005-04,2011-03,,,,0,0,,,,FR_MARCH_2011.pdf,Sector-Wise analysis of projects,59,352
FR_201103_353,,220100243,353,"AGRA-ETAWAH VIA FATEBAD & BAD (NL),NCR - NCR,Uttar Pradesh",NL,,RAILWAYS,2011-03,1999-04,,108.0,214.09,214.09,,,177.7,2009-12,2011-03,2011-03,,,,0,0,,,,FR_MARCH_2011.pdf,Sector-Wise analysis of projects,59,353
FR_201103_354,,220100247,354,"KATIHAR - JOGBANI (GC)(NEFR) - NEFR,Multi State",NEFR,,RAILWAYS,2011-03,2001-09,,100.0,492.98,724.31,,,707.5,2010-12,,,,,,0,0,,,,FR_MARCH_2011.pdf,Sector-Wise analysis of projects,59,354
FR_201103_355,,220100255,355,"GONDA-GORAKHPUR LOOP WITH ANAND NAGAR-NAUTANWA GC (NER) - NER,Uttar Pradesh",NER,,RAILWAYS,2011-03,2002-03,,381.17,863.23,863.23,,,257.38,,,2013-03,,,,0,0,,,,FR_MARCH_2011.pdf,Sector-Wise analysis of projects,59,355
FR_201103_356,,220100256,356,"KAPTANGANJ-THAWE-SIWAN- CHHAPRA GC (NER) - NER,Multi State",NER,,RAILWAYS,2011-03,1999-04,,323.4,,522.56,,,374.95,,,2011-03,,,,0,1,,,,FR_MARCH_2011.pdf,Sector-Wise analysis of projects,59,356
FR_201103_357,,220100264,357,"DEOGHAR-DUMKA NEW BG LINE (DOUBL.)(ER) - ER,Jharkhandd",ER,,RAILWAYS,2011-03,1999-02,,180.73,,358.0,,,347.43,2006-12,2011-02,2011-02,,,,0,0,,,,FR_MARCH_2011.pdf,Sector-Wise analysis of projects,59,357
FR_201103_358,,220100268,358,"TOLLYGANJ-GARIA with extension to Dum Dum-Naopara - MRTP,West Bengal",,,RAILWAYS,2011-03,2000-03,,907.69,1032.76,2812.07,,,2690.75,2006-12,2010-08,2011-03,,,,0,0,,,,FR_MARCH_2011.pdf,Sector-Wise analysis of projects,59,358
FR_201103_359,,220100270,359,"GADWAL - RAICHUR (NL), SCR - SCR,Multi State",NL,,RAILWAYS,2011-03,1998-04,,92.63,108.91,228.09,,,219.3,2011-02,,2011-02,,,,0,0,,,,FR_MARCH_2011.pdf,Sector-Wise analysis of projects,59,359
FR_201103_360,,220100272,360,"TARAKESWAR - BISHNUPUR NEW BG LINE (NL), ER - ER,West Bengal",NL,,RAILWAYS,2011-03,2000-04,,157.96,762.33,762.33,,,358.14,2009-12,,,,,,0,0,,,,FR_MARCH_2011.pdf,Sector-Wise analysis of projects,59,360
FR_201103_361,,220100279,361,"REWARI-ROHTAK (NL),NR - (NR),Haryana",NR,,RAILWAYS,2011-03,2004-01,,149.38,330.23,475.16,,,449.82,2010-02,2011-02,2011-02,,,,0,0,,,,FR_MARCH_2011.pdf,Sector-Wise analysis of projects,59,361
FR_201103_362,,220100306,362,"KODERMA GIRIDH (NL), ECR - ECR,Jharkhandd",NL,,RAILWAYS,2011-03,1996-04,,371.36,,452.35,,,330.81,,,,,,,0,0,,,,FR_MARCH_2011.pdf,Sector-Wise analysis of projects,59,362
FR_201103_363,,220100313,363,"SRIGANGANAGAR-SARUPSAR (GC), NWR - NWR,Rajasthan",GC,,RAILWAYS,2011-03,2001-04,,143.92,258.6,258.6,,,223.19,2011-03,,2011-03,,,,0,0,,,,FR_MARCH_2011.pdf,Sector-Wise analysis of projects,59,363
FR_201103_364,,220100316,364,"MAHARAJGANJ-MASRAKH (NL) - NER - NER,Bihar",NL,,RAILWAYS,2011-03,2003-04,,218.19,,218.19,,,97.32,,,2011-03,,,,0,0,,,,FR_MARCH_2011.pdf,Sector-Wise analysis of projects,59,364
FR_201103_365,,220100319,365,"HATHUA-BHATNI (N L) (NER) - NER,Multi State",NER,,RAILWAYS,2011-03,2005-04,,230.03,,230.03,,,133.6,,,2011-03,,,,0,0,,,,FR_MARCH_2011.pdf,Sector-Wise analysis of projects,59,365
FR_201103_366,,220100322,366,"PRATAPNAGAR-CHOTA UDAIPUR (GC) (WR) - WR,Gujarat",WR,,RAILWAYS,2011-03,2005-04,,148.61,,227.52,,,255.3,2008-03,2010-10,,,,,0,0,,,,FR_MARCH_2011.pdf,Sector-Wise analysis of projects,59,366
FR_201103_367,,N22000045,367,"GOELKERA-MANOHARPUR,(LD)(SER) - SER,Jharkhandd",SER,,RAILWAYS,2011-03,1997-03,,186.92,,283.1,,,1.86,2006-02,2006-02,2012-01,,,,0,0,,,,FR_MARCH_2011.pdf,Sector-Wise analysis of projects,59,367
FR_201103_368,,N22000056,368,"SHIMOGA-TALAGUPPA (SWR), GC - SWR,Karnataka",SWR,,RAILWAYS,2011-03,1992-12,,46.0,218.0,218.0,,,246.36,2011-02,,2011-02,,,,0,0,,,,FR_MARCH_2011.pdf,Sector-Wise analysis of projects,59,368
FR_201103_369,,N22000086,369,"NEW B.G. LINE FROM TETELIA TO BYRNIHAT (NATIONAL P - NEFR,Assam",,,RAILWAYS,2011-03,2006-09,,200.0,,384.04,,,46.05,,,,,,,0,0,,,,FR_MARCH_2011.pdf,Sector-Wise analysis of projects,59,369
FR_201103_370,,N22000091,370,"BARDHAMAN-KATWA, ER (GC) - ER,West Bengal",GC,,RAILWAYS,2011-03,2007-04,,245.15,,245.15,,,130.15,2010-12,2011-03,2011-03,,,,0,0,,,,FR_MARCH_2011.pdf,Sector-Wise analysis of projects,59,370
FR_201103_371,,N22000096,371,"RAJPIPLA-ANKELASHWAR, WR (GC) - WR,Gujarat",GC,,RAILWAYS,2011-03,2006-04,,196.97,,196.97,,,142.14,2011-03,,2011-03,,,,0,0,,,,FR_MARCH_2011.pdf,Sector-Wise analysis of projects,60,371
FR_201103_372,,N22000118,372,"Pandabeswar-Chinpai doubling (ER) - ER,West Bengal Total",ER,,RAILWAYS,2011-03,2004-04,,225.68,67069.85,225.68,,,121.83,2010-12,,,,,,0,0,,,,FR_MARCH_2011.pdf,Sector-Wise analysis of projects,60,372
FR_201103_373,,240103191,373,"PURNEA-GOYAKOTA SEC.(EW) (NS & EW-PH-I) KM.419-KM.447, NH-31 - NHAI,Bihar",NS & EW-PH-I,,ROAD TRANSPORT & HIGHWAYS,2011-03,2000-04,,205.73,,205.73,,,247.7,2004-07,,2011-04,,,,0,0,,,,FR_MARCH_2011.pdf,Sector-Wise analysis of projects,60,373
FR_201103_374,,240106203,374,"IMPROVEMENT OF ACCESS OF GQ WITHIN CHENNAI CITY(NHAI) OTHERS - NHAI,Tamil Nadu",NHAI,,ROAD TRANSPORT & HIGHWAYS,2011-03,2003-12,,210.0,,210.0,,,670.4,2007-04,,2011-04,,,,0,0,,,,FR_MARCH_2011.pdf,Sector-Wise analysis of projects,60,374
FR_201103_375,,240106223,375,"MEHSI TO KOTWA (LMNHP-II), PH.II, KM.480 TO KM.440, NH-28 - NHAI,Bihar",LMNHP-II,,ROAD TRANSPORT & HIGHWAYS,2011-03,2003-12,,239.0,,239.0,,,317.62,2005-07,,2011-04,,,,0,0,,,,FR_MARCH_2011.pdf,Sector-Wise analysis of projects,60,375
FR_201103_376,,240106240,376,"MADURAI -KANIAKUMARI SECTION (NS-41/TN) NH-7,KM.80 TO KM.120 - NHAI,Tamil Nadu",NS-41/TN,,ROAD TRANSPORT & HIGHWAYS,2011-03,2003-12,,323.36,,323.36,,,200.98,2008-03,,2011-04,,,,0,0,,,,FR_MARCH_2011.pdf,Sector-Wise analysis of projects,60,376
FR_201103_377,,240106276,377,"MADURAI-ARUPKOTTAI-TUTICORIN, KM.138.8 TO KM.264.5, NH-45 B - NHAI,Tamil Nadu",,,ROAD TRANSPORT & HIGHWAYS,2011-03,2005-03,,629.0,,629.0,,,910.04,2010-11,,2011-04,,,,0,0,,,,FR_MARCH_2011.pdf,Sector-Wise analysis of projects,60,377
FR_201103_378,,240106289,378,"NAGAON BYPASS (NH-37)(NHAI) - NHAI,Assam",NHAI,,ROAD TRANSPORT & HIGHWAYS,2011-03,2003-12,,230.0,,230.0,,,312.0,2008-06,,2011-04,,,,0,0,,,,FR_MARCH_2011.pdf,Sector-Wise analysis of projects,60,378
FR_201103_379,,240106297,379,"KOTA BYPASS,RJ-4, NH-76 (NHAI) - NHAI,Rajasthan",NHAI,,ROAD TRANSPORT & HIGHWAYS,2011-03,2003-12,,275.0,,250.39,,,275.3,2008-10,,2011-04,,,,0,0,,,,FR_MARCH_2011.pdf,Sector-Wise analysis of projects,60,379
FR_201103_380,,N24000037,380,"THRISSUR TO ANGAMALI (NH-47) - NHAI,Kerala",NH-47,,ROAD TRANSPORT & HIGHWAYS,2011-03,2003-12,,312.5,,312.5,,,592.1,2009-03,,2011-04,,,,0,0,,,,FR_MARCH_2011.pdf,Sector-Wise analysis of projects,60,380
FR_201103_381,,N24000057,381,"GANJAM-ICCHAPURUM,NH-5(NHAI) - NHAI,Orissa",NHAI,,ROAD TRANSPORT & HIGHWAYS,2011-03,2000-04,,263.27,,263.27,,,242.21,2004-02,,2011-04,,,,0,0,,,,FR_MARCH_2011.pdf,Sector-Wise analysis of projects,60,381
FR_201103_382,,N24000087,382,"KURALI-KIRATPUR, NH-21 - NHAI,Punjab",,,ROAD TRANSPORT & HIGHWAYS,2011-03,2005-03,,309.0,,309.0,,,553.56,2010-06,,2011-04,,,,0,0,,,,FR_MARCH_2011.pdf,Sector-Wise analysis of projects,60,382
FR_201103_383,,N24000099,383,"TRICHY - DINDIGUAL NH-45 - NHAI,Tamil Nadu",,,ROAD TRANSPORT & HIGHWAYS,2011-03,2005-03,,576.0,,576.0,,,613.96,2010-07,,2011-04,,,,0,0,,,,FR_MARCH_2011.pdf,Sector-Wise analysis of projects,60,383
FR_201103_384,,N24000100,384,"PONDICHERY - TINDIVANAU NH-66 - NHAI,Tamil Nadu",,,ROAD TRANSPORT & HIGHWAYS,2011-03,2005-03,,285.0,,285.0,,,355.83,2010-07,,2011-04,,,,0,0,,,,FR_MARCH_2011.pdf,Sector-Wise analysis of projects,60,384
FR_201103_385,,N24000116,385,"BALASORE BHADRAK (REVIVED) KM 136.5 - 199.14 NH-5 - NHAI,Orissa",REVIVED,,ROAD TRANSPORT & HIGHWAYS,2011-03,2000-04,,228.7,,228.7,,,132.29,2004-02,,2011-04,,,,0,0,,,,FR_MARCH_2011.pdf,Sector-Wise analysis of projects,60,385
FR_201103_386,,N24000118,386,"END OF DURG BYPASS- CHHATISGARH/MAHARASHTRA BORDER - NHAI,Chhatisgarh",,,ROAD TRANSPORT & HIGHWAYS,2011-03,2008-01,,464.0,,464.0,,,418.4,2011-01,,2011-04,,,,0,0,,,,FR_MARCH_2011.pdf,Sector-Wise analysis of projects,60,386
FR_201103_387,,240106262,387,"GONDE-VADAPE(THANE), NH-3, KM.440/000 TO KM.539/500 - NHAI,Maharashtra",THANE,,ROAD TRANSPORT & HIGHWAYS,2011-03,2005-03,,579.0,,579.0,,,765.86,2009-04,,2011-05,,,,0,0,,,,FR_MARCH_2011.pdf,Sector-Wise analysis of projects,60,387
FR_201103_388,,240106291,388,"KASIA TO GORAKHPUR (NH- 28)(NHAI) - NHAI,Uttar Pradesh",NHAI,,ROAD TRANSPORT & HIGHWAYS,2011-03,2003-12,,242.0,,242.0,,,348.34,2008-12,,2011-05,,,,0,0,,,,FR_MARCH_2011.pdf,Sector-Wise analysis of projects,60,388
FR_201103_389,,N24000097,389,"JHANSI TO LALITPUR, NH-26 - NHAI,Uttar Pradesh",,,ROAD TRANSPORT & HIGHWAYS,2011-03,2003-12,,276.09,,276.09,,,294.85,2009-09,,2011-05,,,,0,0,,,,FR_MARCH_2011.pdf,Sector-Wise analysis of projects,60,389
FR_201103_390,,N24000117,390,"ZIRAKPUR(HARYANA) - PARWANOO(HIMACHAL PRADESH) - NHAI,Multi State",HIMACHAL PRADESH,,ROAD TRANSPORT & HIGHWAYS,2011-03,2008-02,,295.0,,295.0,,,622.81,2010-08,,2011-05,,,,0,0,,,,FR_MARCH_2011.pdf,Sector-Wise analysis of projects,61,390
FR_201103_391,,N24000119,391,"KALGHAT-MP/MAHARASHTRA BORDER KM 16.6-84.70 - NHAI,Madhya pradesh",,,ROAD TRANSPORT & HIGHWAYS,2011-03,2008-11,,549.0,,549.0,,,792.5,2010-05,,2011-05,,,,0,0,,,,FR_MARCH_2011.pdf,Sector-Wise analysis of projects,61,391
FR_201103_392,,N24000122,392,"DELHI/ HARYANA BORDER TO ROHTAK - NHAI,Haryana",,,ROAD TRANSPORT & HIGHWAYS,2011-03,2007-04,,486.0,,486.0,,,491.96,2010-05,,2011-05,,,,0,0,,,,FR_MARCH_2011.pdf,Sector-Wise analysis of projects,61,392
FR_201103_393,,240101132,393,"HAVERI-HARIHAR (GQ) KM.340- KM.284 (NH-4) - NHAI,Karnataka",NH-4,,ROAD TRANSPORT & HIGHWAYS,2011-03,2000-04,,241.0,,196.65,,,135.4,2004-08,,2011-06,,,,0,0,,,,FR_MARCH_2011.pdf,Sector-Wise analysis of projects,61,393
FR_201103_394,,240101133,394,"HARIHAR-CHITRADURGA (GQ) KM.284-KM.207 (NH-4) - NHAI,Karnataka",NH-4,,ROAD TRANSPORT & HIGHWAYS,2011-03,2000-04,,318.0,,207.56,,,145.22,2004-08,,2011-06,,,,0,0,,,,FR_MARCH_2011.pdf,Sector-Wise analysis of projects,61,394
FR_201103_395,,240104196,395,"HALDIA PORT (PORT CONNECTIVITY) (NH-41) - NHAI,West Bengal",NH-41,,ROAD TRANSPORT & HIGHWAYS,2011-03,2000-04,,273.0,,522.0,,,379.17,2005-03,,2011-06,,,,0,0,,,,FR_MARCH_2011.pdf,Sector-Wise analysis of projects,61,395
FR_201103_396,,240106204,396,"GARHMUKTESHWAR-MURADABAD (NHAI) OTHERS KM.93-149.25, NH-24 - NHAI,Uttar Pradesh",NHAI,,ROAD TRANSPORT & HIGHWAYS,2011-03,2003-12,,275.0,,275.0,,,288.0,2007-09,,2011-06,,,,0,0,,,,FR_MARCH_2011.pdf,Sector-Wise analysis of projects,61,396
FR_201103_397,,240106205,397,"HAPUR-GARHMUKTESWAR (OTHERS) KM.58-93, NH-24 - NHAI,Uttar Pradesh",OTHERS,,ROAD TRANSPORT & HIGHWAYS,2011-03,2005-03,,220.0,,220.0,,,200.9,2007-09,,2011-06,,,,0,0,,,,FR_MARCH_2011.pdf,Sector-Wise analysis of projects,61,397
FR_201103_398,,240106216,398,"GAGODHAR-GARAMORE(PK-IV,NH15) KM 245 TO 281.3 AND 308 TO 254 - NHAI,Gujarat","PK-IV,NH15",,ROAD TRANSPORT & HIGHWAYS,2011-03,2003-12,,412.78,,479.54,,,435.53,2007-11,,2011-06,,,,0,0,,,,FR_MARCH_2011.pdf,Sector-Wise analysis of projects,61,398
FR_201103_399,,240106222,399,"AYODHYA - LUCKNOW (LMNHP-I) NH- 28, KM.45 TO KM.8.2 - NHAI,Uttar Pradesh",LMNHP-I,,ROAD TRANSPORT & HIGHWAYS,2011-03,2003-12,,193.0,,193.0,,,321.11,2008-10,,2011-06,,,,0,0,,,,FR_MARCH_2011.pdf,Sector-Wise analysis of projects,61,399
FR_201103_400,,240106225,400,"AYODHYA - LUCKNOW (LMNHP-II) KM.93.075 TO KM.45, NH-28 - NHAI,Uttar Pradesh",LMNHP-II,,ROAD TRANSPORT & HIGHWAYS,2011-03,2003-12,,217.0,,217.0,,,345.41,2008-10,,2011-06,,,,0,0,,,,FR_MARCH_2011.pdf,Sector-Wise analysis of projects,61,400
FR_201103_401,,240106235,401,"VIJAYAPUR TO PATHANKOT (J&K) NH-1A KM.16.35 TO KM.50.00 - NHAI,J & K",J&K,,ROAD TRANSPORT & HIGHWAYS,2011-03,2003-12,,193.09,,166.3,,,167.6,2008-03,,2011-06,,,,0,0,,,,FR_MARCH_2011.pdf,Sector-Wise analysis of projects,61,401
FR_201103_402,,240106236,402,"VIJAYAPUR TO PATHANKOT (NS- 35/J&K) NH-1A KM.50 TO KM.80 - NHAI,J & K",NS- 35/J&K,,ROAD TRANSPORT & HIGHWAYS,2011-03,2003-12,,166.27,,193.1,,,136.88,2008-03,,2011-06,,,,0,0,,,,FR_MARCH_2011.pdf,Sector-Wise analysis of projects,61,402
FR_201103_403,,240106243,403,"KOTWA TO DEWAPUR(10 LMNHP),NH-28 PHASE-II, KM.440 TO KM.402 - NHAI,Bihar",10 LMNHP,,ROAD TRANSPORT & HIGHWAYS,2011-03,2003-12,,240.0,,240.0,,,240.86,2008-10,,2011-06,,,,0,0,,,,FR_MARCH_2011.pdf,Sector-Wise analysis of projects,61,403
FR_201103_404,,240106246,404,"GORAKHPUR-AYODHYA (LMNHP- 5),NH-28, KM.208.00 TO KM.164.00 - NHAI,Uttar Pradesh",LMNHP- 5,,ROAD TRANSPORT & HIGHWAYS,2011-03,2003-12,,227.0,,227.0,,,341.38,2008-10,,2011-06,,,,0,0,,,,FR_MARCH_2011.pdf,Sector-Wise analysis of projects,61,404
FR_201103_405,,240106250,405,"ORAI TO JHANSI (UP-5),NH-25, KM.220.0 TO KM.170.0 - NHAI,Uttar Pradesh",UP-5,,ROAD TRANSPORT & HIGHWAYS,2011-03,2003-12,,340.68,,340.68,,,333.65,2008-03,,2011-06,,,,0,0,,,,FR_MARCH_2011.pdf,Sector-Wise analysis of projects,61,405
FR_201103_406,,240106256,406,"MEERUT-MUZAFFARNAGAR, NH-58 PHASE-III, KM.52.25 TO KM.131.00 - NHAI,Uttar Pradesh",,,ROAD TRANSPORT & HIGHWAYS,2011-03,2005-03,,359.0,,359.0,,,772.84,2009-03,,2011-06,,,,0,0,,,,FR_MARCH_2011.pdf,Sector-Wise analysis of projects,61,406
FR_201103_407,,240106260,407,"AURANG-RAIPUR, NH-6, KM.232 TO KM.281 - NHAI,Chhatisgarh",,,ROAD TRANSPORT & HIGHWAYS,2011-03,2005-03,,190.0,,190.0,,,227.0,2009-01,,2011-06,,,,0,0,,,,FR_MARCH_2011.pdf,Sector-Wise analysis of projects,61,407
FR_201103_408,,240106292,408,"UP/BIHAR BORDER TO KASIA (NH- 28)(NHAI) - NHAI,Uttar Pradesh",NHAI,,ROAD TRANSPORT & HIGHWAYS,2011-03,2003-12,,227.0,,227.0,,,333.08,2008-12,,2011-06,,,,0,0,,,,FR_MARCH_2011.pdf,Sector-Wise analysis of projects,61,408
FR_201103_409,,240106294,409,"FORBESGANJ TO SIMRAHI (NH- 57)(NHAI) - NHAI,Bihar",NHAI,,ROAD TRANSPORT & HIGHWAYS,2011-03,2003-12,,332.94,,332.94,,,248.75,2008-09,,2011-06,,,,0,0,,,,FR_MARCH_2011.pdf,Sector-Wise analysis of projects,62,409
FR_201103_410,,240106299,410,"LALITPUR TO SAGAR, NH-26 (NHAI) - NHAI,Madhya pradesh",NHAI,,ROAD TRANSPORT & HIGHWAYS,2011-03,2003-12,,198.0,,198.0,,,170.14,2008-11,,2011-06,,,,0,0,,,,FR_MARCH_2011.pdf,Sector-Wise analysis of projects,62,410
FR_201103_411,,240106304,411,"RAJMARG CHORAHA TO LAKHNANDON,KM 297 TO KM 351, NH-26 (NHAI) - NHAI,Madhya pradesh",NHAI,,ROAD TRANSPORT & HIGHWAYS,2011-03,2003-12,,251.03,,251.03,,,247.23,2008-10,,2011-06,,,,0,0,,,,FR_MARCH_2011.pdf,Sector-Wise analysis of projects,62,411
FR_201103_412,,240106305,412,"RAJMARG CHORAHA TO LAKHNANDON,KM 351 TO KM 405.7, NH-26 (NHA - NHAI,Madhya pradesh",,,ROAD TRANSPORT & HIGHWAYS,2011-03,2003-12,,229.91,,229.91,,,197.6,2008-10,,2011-06,,,,0,0,,,,FR_MARCH_2011.pdf,Sector-Wise analysis of projects,62,412
FR_201103_413,,N24000030,413,"RINGBUNDS TO JHAJHANPUR (BR-6) - NHAI,Bihar",BR-6,,ROAD TRANSPORT & HIGHWAYS,2011-03,2003-12,,340.0,,340.0,,,534.99,2008-06,,2011-06,,,,0,0,,,,FR_MARCH_2011.pdf,Sector-Wise analysis of projects,62,413
FR_201103_414,,N24000036,414,"SITAPUR-LUCKNOW - NHAI,Uttar Pradesh",,,ROAD TRANSPORT & HIGHWAYS,2011-03,2005-03,,322.0,,322.0,,,553.7,2009-06,,2011-06,,,,0,0,,,,FR_MARCH_2011.pdf,Sector-Wise analysis of projects,62,414
FR_201103_415,,N24000085,415,"GORAKHPUR BYPASS, NH-28, PHASE-II EAST-WEST CORRID - NHAI,Uttar Pradesh",,,ROAD TRANSPORT & HIGHWAYS,2011-03,2003-12,,600.24,,600.24,,,636.52,2009-10,,2011-06,,,,0,0,,,,FR_MARCH_2011.pdf,Sector-Wise analysis of projects,62,415
FR_201103_416,,N24000088,416,"GWALIOR BYPSS, NH-75,3 - NHAI,Madhya pradesh",,,ROAD TRANSPORT & HIGHWAYS,2011-03,2003-12,,300.93,,300.93,,,293.85,2009-10,,2011-06,,,,0,0,,,,FR_MARCH_2011.pdf,Sector-Wise analysis of projects,62,416
FR_201103_417,,N24000089,417,"GWALIOR-JHANSI, NH-75 - NHAI,Multi State",,,ROAD TRANSPORT & HIGHWAYS,2011-03,2003-12,,604.0,,604.0,,,411.85,2009-12,,2011-06,,,,0,0,,,,FR_MARCH_2011.pdf,Sector-Wise analysis of projects,62,417
FR_201103_418,,N24000096,418,"JHANSI TO LALITPUR, NH-25,26 - NHAI,Uttar Pradesh",,,ROAD TRANSPORT & HIGHWAYS,2011-03,2003-12,,355.06,,355.06,,,294.38,2009-09,,2011-06,,,,0,0,,,,FR_MARCH_2011.pdf,Sector-Wise analysis of projects,62,418
FR_201103_419,,N24000101,419,"TRICHY - KORUR NH-67 - NHAI,Tamil Nadu",,,ROAD TRANSPORT & HIGHWAYS,2011-03,2005-03,,516.0,,516.0,,,548.66,2010-07,,2011-06,,,,0,0,,,,FR_MARCH_2011.pdf,Sector-Wise analysis of projects,62,419
FR_201103_420,,N24000102,420,"SALEM - U / UNDRUPET(BOT -1/TN- 06) NH -68 - NHAI,Tamil Nadu",BOT -1/TN- 06,,ROAD TRANSPORT & HIGHWAYS,2011-03,2005-03,,941.0,,941.0,,,1803.0,2011-01,,2011-06,,,,0,0,,,,FR_MARCH_2011.pdf,Sector-Wise analysis of projects,62,420
FR_201103_421,,N24000103,421,"NEELAMANGALAR JUNCTION ON NH- 4 SMITH NH-48 TO DEVI - NHAI,Karnataka",,,ROAD TRANSPORT & HIGHWAYS,2011-03,2005-03,,441.0,,441.0,,,785.7,2010-07,,2011-06,,,,0,0,,,,FR_MARCH_2011.pdf,Sector-Wise analysis of projects,62,421
FR_201103_422,,N24000106,422,"BANGLORE - HOSKOTE MUDBOGAL SECTION NH-4 - NHAI,Karnataka",,,ROAD TRANSPORT & HIGHWAYS,2011-03,2005-03,,565.0,,565.0,,,1035.0,2010-07,,2011-06,,,,0,0,,,,FR_MARCH_2011.pdf,Sector-Wise analysis of projects,62,422
FR_201103_423,,240106300,423,"LALITPUR TO SAGAR KM 132 TO KM 187, NH-26 (NHAI) - NHAI,Madhya pradesh",NHAI,,ROAD TRANSPORT & HIGHWAYS,2011-03,2003-12,,225.0,,225.0,,,236.43,2008-10,,2011-07,,,,0,0,,,,FR_MARCH_2011.pdf,Sector-Wise analysis of projects,62,423
FR_201103_424,,N24000040,424,"NEW MANGALORE PORT NH-17 AND 48 - NHAI,Karnataka",,,ROAD TRANSPORT & HIGHWAYS,2011-03,2000-04,,196.5,,196.5,,,221.2,2008-06,,2011-07,,,,0,0,,,,FR_MARCH_2011.pdf,Sector-Wise analysis of projects,62,424
FR_201103_425,,N24000055,425,"NAGPUR-KONDHALI,NH-6(NHAI) - NHAI,Maharashtra",NHAI,,ROAD TRANSPORT & HIGHWAYS,2011-03,2005-03,,168.0,,168.0,,,385.27,2008-12,,2011-08,,,,0,0,,,,FR_MARCH_2011.pdf,Sector-Wise analysis of projects,62,425
FR_201103_426,,N24000131,426,"Surat- Dahisar(Six Lane) Km 263 to Km 502 - NHAI,Multi State",Six Lane,,ROAD TRANSPORT & HIGHWAYS,2011-03,2009-02,,1693.75,,1693.75,,,2102.0,2011-08,,2011-08,,,,0,0,,,,FR_MARCH_2011.pdf,Sector-Wise analysis of projects,62,426
FR_201103_427,,N24000045,427,"ASSAM/WB BORDER TO GAIRKATTA (WB-1) - NHAI,West Bengal",WB-1,,ROAD TRANSPORT & HIGHWAYS,2011-03,2003-12,,221.82,,221.82,,,209.72,2008-11,,2011-09,,,,0,0,,,,FR_MARCH_2011.pdf,Sector-Wise analysis of projects,62,427
FR_201103_428,,240101153,428,"SUNAKHALA-GANJAM (GQ) KM.338- KM.284 (NH-5) - NHAI,Orissa",NH-5,,ROAD TRANSPORT & HIGHWAYS,2011-03,2000-04,,225.0,,241.53,,,60.74,2004-04,,2011-10,,,,0,0,,,,FR_MARCH_2011.pdf,Sector-Wise analysis of projects,62,428
FR_201103_429,,240106288,429,"DAKOBA TO NAGAON (NH-36)(NHAI) - NHAI,Assam",NHAI,,ROAD TRANSPORT & HIGHWAYS,2011-03,2003-12,,225.0,,225.0,,,238.86,2008-06,,2011-10,,,,0,0,,,,FR_MARCH_2011.pdf,Sector-Wise analysis of projects,62,429
FR_201103_430,,N24000129,430,"Chennai-Tada(Six lane) - NHAI,Tamil Nadu",Six lane,,ROAD TRANSPORT & HIGHWAYS,2011-03,2009-04,,353.37,,353.37,,,171.5,2011-10,,2011-10,,,,0,0,,,,FR_MARCH_2011.pdf,Sector-Wise analysis of projects,62,430
FR_201103_431,,N24000132,431,"Chilkaluripet-Vijaywada 6 lane (km 355 to Km 434.1) - NHAI,Andhra Pradesh",km 355 to Km 434.1,,ROAD TRANSPORT & HIGHWAYS,2011-03,2009-05,,572.3,,572.3,,,444.7,2011-10,,2011-10,,,,0,0,,,,FR_MARCH_2011.pdf,Sector-Wise analysis of projects,63,431
FR_201103_432,,240106301,432,"SAGAR BY PASS,KM 187 TO KM 211 , NH-26 (NHAI) - NHAI,Uttar Pradesh",NHAI,,ROAD TRANSPORT & HIGHWAYS,2011-03,2003-12,,151.3,,151.3,,,158.49,2008-10,,2011-11,,,,0,0,,,,FR_MARCH_2011.pdf,Sector-Wise analysis of projects,63,432
FR_201103_433,,N24000133,433,"Panipat-Jalandhar 6 lane(Km 96 to 387.1 km) - NHAI,Haryana",Km 96 to 387.1 km,,ROAD TRANSPORT & HIGHWAYS,2011-03,2009-05,,1108.0,,2288.0,,,2137.0,2011-11,,2011-11,,,,0,0,,,,FR_MARCH_2011.pdf,Sector-Wise analysis of projects,63,433
FR_201103_434,,240101173,434,"AGRA-SHIKOHABAD (GQ) KM.199.66- KM.250.50 (NH-2) - NHAI,Uttar Pradesh",NH-2,,ROAD TRANSPORT & HIGHWAYS,2011-03,2000-04,,367.49,,367.49,,,453.68,2005-03,,2011-12,,,,0,0,,,,FR_MARCH_2011.pdf,Sector-Wise analysis of projects,63,434
FR_201103_435,,240106221,435,"GANGA BRIDGE TO RAMDEVI CROSSING PH.II NH-25, KM.75-80.06 - NHAI,Uttar Pradesh",,,ROAD TRANSPORT & HIGHWAYS,2011-03,2003-12,,155.0,,201.66,,,76.56,2008-09,,2011-12,,,,0,0,,,,FR_MARCH_2011.pdf,Sector-Wise analysis of projects,63,435
FR_201103_436,,240106226,436,"BIJNI TO ASSAM/WB BORDER PH.II, KM.30.00 TO 0.00, NH-31 C - NHAI,Assam",,,ROAD TRANSPORT & HIGHWAYS,2011-03,2003-12,,230.0,,230.0,,,192.0,2005-06,,2011-12,,,,0,0,,,,FR_MARCH_2011.pdf,Sector-Wise analysis of projects,63,436
FR_201103_437,,240106277,437,"HARANGAJO TO MAIBANG (AS-23), KM.126.450 TO KM.140.700 - NHAI,Assam",AS-23,,ROAD TRANSPORT & HIGHWAYS,2011-03,2003-12,,280.0,,280.0,,,209.6,2009-02,,2011-12,,,,0,0,,,,FR_MARCH_2011.pdf,Sector-Wise analysis of projects,63,437
FR_201103_438,,240106281,438,"MAIBANG TO LUNDING (AS-27), KM.40.000 TO KM.60.500 - NHAI,Assam",AS-27,,ROAD TRANSPORT & HIGHWAYS,2011-03,2003-12,,200.0,,200.0,,,73.55,2009-04,,2011-12,,,,0,0,,,,FR_MARCH_2011.pdf,Sector-Wise analysis of projects,63,438
FR_201103_439,,240106290,439,"BIJNI TO ASSAM WB BORDER (NH- 31.C)(1)(NHAI) - NHAI,Assam",NHAI,,ROAD TRANSPORT & HIGHWAYS,2011-03,2003-12,,195.0,,195.0,,,159.8,2008-06,,2011-12,,,,0,0,,,,FR_MARCH_2011.pdf,Sector-Wise analysis of projects,63,439
FR_201103_440,,240106293,440,"BIJNI TO ASSAM /WB.BORDER (NH- 31.C)(2)(NHAI) - NHAI,Assam",NHAI,,ROAD TRANSPORT & HIGHWAYS,2011-03,2003-12,,237.8,,237.8,,,184.7,2008-06,,2011-12,,,,0,0,,,,FR_MARCH_2011.pdf,Sector-Wise analysis of projects,63,440
FR_201103_441,,240106303,441,"SAGAR - RAJMARG CHORAHA,KM 211 TO KM 255, NH-26 (NHAI) - NHAI,Madhya pradesh",NHAI,,ROAD TRANSPORT & HIGHWAYS,2011-03,2003-12,,203.43,,203.43,,,181.43,2008-10,,2011-12,,,,0,0,,,,FR_MARCH_2011.pdf,Sector-Wise analysis of projects,63,441
FR_201103_442,,N24000031,442,"JHAJHARPUR TO DARBANGA (BR-7) - NHAI,Bihar",BR-7,,ROAD TRANSPORT & HIGHWAYS,2011-03,2003-12,,340.0,,340.0,,,410.7,2008-09,,2011-12,,,,0,0,,,,FR_MARCH_2011.pdf,Sector-Wise analysis of projects,63,442
FR_201103_443,,N24000035,443,"NALBARI TO BIJNI (AS-8) - NHAI,Assam",AS-8,,ROAD TRANSPORT & HIGHWAYS,2011-03,2003-12,,200.0,,200.0,,,244.42,2008-06,,2011-12,,,,0,0,,,,FR_MARCH_2011.pdf,Sector-Wise analysis of projects,63,443
FR_201103_444,,N24000042,444,"NAGAON TO DHARAMTUL (AS-2) - NHAI,Assam",AS-2,,ROAD TRANSPORT & HIGHWAYS,2011-03,2003-12,,264.72,,264.72,,,229.4,2008-06,,2011-12,,,,0,0,,,,FR_MARCH_2011.pdf,Sector-Wise analysis of projects,63,444
FR_201103_445,,N24000044,445,"SONAPUR TO GUWAHTI (AS-3) - NHAI,Assam",AS-3,,ROAD TRANSPORT & HIGHWAYS,2011-03,2003-12,,245.0,,245.0,,,458.58,2008-03,,2011-12,,,,0,0,,,,FR_MARCH_2011.pdf,Sector-Wise analysis of projects,63,445
FR_201103_446,,N24000047,446,"NALBARI TO BIJNI (AS-6) - NHAI,Assam",AS-6,,ROAD TRANSPORT & HIGHWAYS,2011-03,2003-12,,225.0,,225.0,,,160.9,2008-06,,2011-12,,,,0,0,,,,FR_MARCH_2011.pdf,Sector-Wise analysis of projects,63,446
FR_201103_447,,N24000048,447,"NALBARI T BIJNI (AS-7) - NHAI,Assam",AS-7,,ROAD TRANSPORT & HIGHWAYS,2011-03,2003-12,,208.0,,208.0,,,173.6,2008-04,,2011-12,,,,0,0,,,,FR_MARCH_2011.pdf,Sector-Wise analysis of projects,63,447
FR_201103_448,,N24000049,448,"DHARAMTUL TO SONAPUR,KM 205- 183 (AS-20) - NHAI,Assam",AS-20,,ROAD TRANSPORT & HIGHWAYS,2011-03,2003-12,,160.0,,160.0,,,98.01,2008-05,,2011-12,,,,0,0,,,,FR_MARCH_2011.pdf,Sector-Wise analysis of projects,63,448
FR_201103_449,,N24000051,449,"DHARAMTUL TO SONAPUR (AS-19) - NHAI,Assam",AS-19,,ROAD TRANSPORT & HIGHWAYS,2011-03,2003-12,,200.0,,200.0,,,175.3,2008-06,,2011-12,,,,0,0,,,,FR_MARCH_2011.pdf,Sector-Wise analysis of projects,63,449
FR_201103_450,,N24000056,450,"THANJAUR-TRICHY,NH-67(NHAI) - NHAI,Tamil Nadu",NHAI,,ROAD TRANSPORT & HIGHWAYS,2011-03,2005-03,,280.0,,280.0,,,579.25,2009-06,,2011-12,,,,0,0,,,,FR_MARCH_2011.pdf,Sector-Wise analysis of projects,63,450
FR_201103_451,,N24000090,451,"KOSI BRIDGE INCLUDING APPROACHES AND GUIDE BOND AN - NHAI,Bihar",,,ROAD TRANSPORT & HIGHWAYS,2011-03,2003-12,,418.04,,418.04,,,279.4,2010-03,,2011-12,,,,0,0,,,,FR_MARCH_2011.pdf,Sector-Wise analysis of projects,63,451
FR_201103_452,,N24000143,452,"Armur to kadloor yellareddy - NHAI,Andhra Pradesh",,,ROAD TRANSPORT & HIGHWAYS,2011-03,2010-02,,390.56,,390.56,,,278.2,2012-02,,2012-02,,,,0,0,,,,FR_MARCH_2011.pdf,Sector-Wise analysis of projects,63,452
FR_201103_453,,240100207,453,"SILCHAR-UDARBAND (PH.II) HN-54, KM.309 TO KM.275 - NHAI,Assam",PH.II,,ROAD TRANSPORT & HIGHWAYS,2011-03,2003-12,,157.47,,154.57,,,166.9,2007-09,,2012-03,,,,0,0,,,,FR_MARCH_2011.pdf,Sector-Wise analysis of projects,64,453
FR_201103_454,,N24000038,454,"GUWHATI TO NALBARI (AS-4) - NHAI,Assam",AS-4,,ROAD TRANSPORT & HIGHWAYS,2011-03,2003-12,,175.96,,175.96,,,101.65,2008-04,,2012-03,,,,0,0,,,,FR_MARCH_2011.pdf,Sector-Wise analysis of projects,64,454
FR_201103_455,,N24000046,455,"GUWAHATI TO NALBARI (AS-5) - NHAI,Assam",AS-5,,ROAD TRANSPORT & HIGHWAYS,2011-03,2003-12,,198.16,,198.16,,,157.22,2008-04,,2012-03,,,,0,0,,,,FR_MARCH_2011.pdf,Sector-Wise analysis of projects,64,455
FR_201103_456,,N24000063,456,"BRAHMPUTRA BRIDGE,NH NO-31 - NHAI,Assam",,,ROAD TRANSPORT & HIGHWAYS,2011-03,2003-12,,217.61,,217.61,,,113.47,2010-04,,2012-03,,,,0,0,,,,FR_MARCH_2011.pdf,Sector-Wise analysis of projects,64,456
FR_201103_457,,N24000068,457,"CHAMBAL BRIDGE, NH-76 (RJ-5) - NHAI,Rajasthan",RJ-5,,ROAD TRANSPORT & HIGHWAYS,2011-03,2003-12,,275.0,,281.31,,,178.4,2010-02,,2012-03,,,,0,0,,,,FR_MARCH_2011.pdf,Sector-Wise analysis of projects,64,457
FR_201103_458,,N24000107,458,"NH CONNECTIVITY TO ICTT VALLARPADAEU NH - SH - NHAI,Kerala",,,ROAD TRANSPORT & HIGHWAYS,2011-03,2005-03,,557.0,,557.0,,,926.06,2010-02,,2012-05,,,,0,0,,,,FR_MARCH_2011.pdf,Sector-Wise analysis of projects,64,458
FR_201103_459,,N24000127,459,"Pune-sholapur,pkg1 - NHAI,Maharashtra",,,ROAD TRANSPORT & HIGHWAYS,2011-03,2009-11,,1110.0,,1110.0,,,501.8,2012-05,,2012-05,,,,0,0,,,,FR_MARCH_2011.pdf,Sector-Wise analysis of projects,64,459
FR_201103_460,,N24000128,460,"Kishangarh-Ajmer-Beawer - NHAI,Rajasthan",,,ROAD TRANSPORT & HIGHWAYS,2011-03,2009-11,,795.0,,795.0,,,559.4,2012-05,,2012-05,,,,0,0,,,,FR_MARCH_2011.pdf,Sector-Wise analysis of projects,64,460
FR_201103_461,,N24000142,461,"Hyderabad-yadgiri N.H no-202 - NHAI,Andhra Pradesh",,,ROAD TRANSPORT & HIGHWAYS,2011-03,2010-08,,388.0,,388.0,,,246.6,2012-05,,2012-05,,,,0,0,,,,FR_MARCH_2011.pdf,Sector-Wise analysis of projects,64,461
FR_201103_462,,240106244,462,"DEEWAPUR TO UP/BIHAR BORDER (LMNHP-9)-NH-28, KM.402-360.915 - NHAI,Bihar",LMNHP-9,,ROAD TRANSPORT & HIGHWAYS,2011-03,2003-12,,300.0,,300.0,,,151.14,2008-10,,2012-06,,,,0,0,,,,FR_MARCH_2011.pdf,Sector-Wise analysis of projects,64,462
FR_201103_463,,N24000108,463,"DHOLPUR - MORENA SECTION (INCLUDING CHAMBOL BRIDGE - NHAI,Multi State",,,ROAD TRANSPORT & HIGHWAYS,2011-03,2003-12,,232.45,,232.45,,,157.0,2010-09,,2012-06,,,,0,0,,,,FR_MARCH_2011.pdf,Sector-Wise analysis of projects,64,463
FR_201103_464,,N24000126,464,"MP/Maharashtra Border-Dhula - NHAI,Maharashtra",,,ROAD TRANSPORT & HIGHWAYS,2011-03,2009-12,,835.0,,835.0,,,289.9,2012-06,,2012-06,,,,0,0,,,,FR_MARCH_2011.pdf,Sector-Wise analysis of projects,64,464
FR_201103_465,,N24000130,465,"Gurgaon-Kotputli Km 42.70 to 54.4 Km - NHAI,Multi State",,,ROAD TRANSPORT & HIGHWAYS,2011-03,2009-04,,1673.7,,1673.7,,,1478.0,2011-10,,2012-06,,,,0,0,,,,FR_MARCH_2011.pdf,Sector-Wise analysis of projects,64,465
FR_201103_466,,N24000123,466,"PIMPALGAON-NASIK-GONDE, NH-3 (NHDP-PHASE-III) - NHAI,Maharashtra",NHDP-PHASE-III,,ROAD TRANSPORT & HIGHWAYS,2011-03,2005-03,,940.0,,940.0,,,298.6,2012-07,,2012-07,,,,0,0,,,,FR_MARCH_2011.pdf,Sector-Wise analysis of projects,64,466
FR_201103_467,,240106237,467,"PATHANKOT- BHOGPUR, KM.26- KM.70, NH-1A - NHAI,Punjab",,,ROAD TRANSPORT & HIGHWAYS,2011-03,2003-12,,284.0,,359.0,,,93.38,2008-05,,2012-08,,,,0,0,,,,FR_MARCH_2011.pdf,Sector-Wise analysis of projects,64,467
FR_201103_468,,N24000115,468,"PATHANKOT BHOGPUR NH-1A - NHAI,Punjab",,,ROAD TRANSPORT & HIGHWAYS,2011-03,2003-12,,229.0,,359.0,,,93.38,2010-05,,2012-08,,,,0,0,,,,FR_MARCH_2011.pdf,Sector-Wise analysis of projects,64,468
FR_201103_469,,N24000094,469,"LAKHNAADON TO MP/MH BORDER,KM 596.75-653 (NS- 1/BOT/MP-2),NH7 - NHAI,Madhya pradesh",NS- 1/BOT/MP-2,,ROAD TRANSPORT & HIGHWAYS,2011-03,2003-12,,407.6,,407.6,,,183.27,2010-06,,2012-10,,,,0,0,,,,FR_MARCH_2011.pdf,Sector-Wise analysis of projects,64,469
FR_201103_470,,N24000095,470,"LAKHNADON TO MP/MH BORDER (NS-1/BOT/MP-2), NH-7 - NHAI,Madhya pradesh",NS-1/BOT/MP-2,,ROAD TRANSPORT & HIGHWAYS,2011-03,2003-12,,263.17,,263.17,,,232.7,2009-09,,2012-10,,,,0,0,,,,FR_MARCH_2011.pdf,Sector-Wise analysis of projects,64,470
FR_201103_471,,N24000124,471,"Four Lanning from MP/Maharashtra Border to nagpur - NHAI,Maharashtra",,,ROAD TRANSPORT & HIGHWAYS,2011-03,2010-04,,1170.52,,1170.52,,,4.41,2011-06,,2012-10,,,,0,0,,,,FR_MARCH_2011.pdf,Sector-Wise analysis of projects,64,471
FR_201103_472,,N24000125,472,"Gujarat/Maharashtra BorderSurat-Hazira Port Section - NHAI,Gujarat",,,ROAD TRANSPORT & HIGHWAYS,2011-03,2010-03,,1509.1,,1509.1,,,608.8,2012-09,,2012-10,,,,0,0,,,,FR_MARCH_2011.pdf,Sector-Wise analysis of projects,64,472
FR_201103_473,,N24000134,473,"Hyderabad-Vijaywada Km. 40 to 221.50 Km - NHAI,Andhra Pradesh",,,ROAD TRANSPORT & HIGHWAYS,2011-03,2010-04,,1740.0,,1740.0,,,527.0,2012-10,,2012-10,,,,0,0,,,,FR_MARCH_2011.pdf,Sector-Wise analysis of projects,64,473
FR_201103_474,,N24000147,474,"AMRITSAR-PATHANKOT - NHAI,Punjab",,,ROAD TRANSPORT & HIGHWAYS,2011-03,2010-05,,705.0,,705.0,,,518.79,2012-11,,2012-11,,,,0,0,,,,FR_MARCH_2011.pdf,Sector-Wise analysis of projects,64,474
FR_201103_475,,N24000028,475,"SILIGURI TO ISLAMPUR (WB-7) - NHAI,West Bengal",WB-7,,ROAD TRANSPORT & HIGHWAYS,2011-03,2003-12,,225.0,,225.0,,,173.08,2008-07,,2012-12,,,,0,0,,,,FR_MARCH_2011.pdf,Sector-Wise analysis of projects,65,475
FR_201103_476,,N24000135,476,"Jaipur-Tonk-Deoli - NHAI,Rajasthan",,,ROAD TRANSPORT & HIGHWAYS,2011-03,2010-06,,792.06,,792.06,,,355.1,2012-12,,2012-12,,,,0,0,,,,FR_MARCH_2011.pdf,Sector-Wise analysis of projects,65,476
FR_201103_477,,N24000141,477,"Hazaribagh-Ranchi - NHAI,Jharkhandd",,,ROAD TRANSPORT & HIGHWAYS,2011-03,2010-08,,625.07,,625.07,,,528.9,2013-01,,2013-01,,,,0,0,,,,FR_MARCH_2011.pdf,Sector-Wise analysis of projects,65,477
FR_201103_478,,N24000137,478,"Bijapur-Hungund Section - NHAI,Karnataka",,,ROAD TRANSPORT & HIGHWAYS,2011-03,2010-09,,748.0,,748.0,,,620.6,2010-09,,2013-03,,,,0,0,,,,FR_MARCH_2011.pdf,Sector-Wise analysis of projects,65,478
FR_201103_479,,N24000138,479,"Hungund-Surathkal and Mangalore- Knt/Kerala Border - NHAI,Karnataka",,,ROAD TRANSPORT & HIGHWAYS,2011-03,2010-09,,946.0,,946.0,,,,2013-03,,2013-03,,,,0,0,,,,FR_MARCH_2011.pdf,Sector-Wise analysis of projects,65,479
FR_201103_480,,N24000144,480,"CHENGAPALLI TO COIMBATORE BYPASS KM-102.035-144.740 KM - NHAI,Tamil Nadu",,,ROAD TRANSPORT & HIGHWAYS,2011-03,2010-09,,852.0,,852.0,,,29.53,2013-03,,2013-03,,,,0,0,,,,FR_MARCH_2011.pdf,Sector-Wise analysis of projects,65,480
FR_201103_481,,N24000146,481,"KUNDUPUR-SURATHKAL & MANGLORE - NHAI,Karnataka",,,ROAD TRANSPORT & HIGHWAYS,2011-03,2010-09,,671.0,,671.0,,,173.2,2013-03,,2013-03,,,,0,0,,,,FR_MARCH_2011.pdf,Sector-Wise analysis of projects,65,481
FR_201103_482,,N24000136,482,"Indore-Jhabua-Gujrat/MP - NHAI,Madhya pradesh",,,ROAD TRANSPORT & HIGHWAYS,2011-03,2010-10,,1175.0,,1175.0,,,138.7,2013-04,,2013-04,,,,0,0,,,,FR_MARCH_2011.pdf,Sector-Wise analysis of projects,65,482
FR_201103_483,,N24000145,483,"CUDDAPAH-MYDUKUR-KURNOOL KM-167.750-356.502 KM - NHAI,Andhra Pradesh",,,ROAD TRANSPORT & HIGHWAYS,2011-03,2010-11,,1585.0,,1585.0,,,68.17,2013-05,,2013-05,,,,0,0,,,,FR_MARCH_2011.pdf,Sector-Wise analysis of projects,65,483
FR_201103_484,,N24000098,484,"AGRA-BYPASS(NS-1/UP-1),KM 176.8- 13.03 NH-2,3 - NHAI,Uttar Pradesh",NS-1/UP-1,,ROAD TRANSPORT & HIGHWAYS,2011-03,2003-12,,348.16,,348.16,,,109.8,2007-09,,2013-06,,,,0,0,,,,FR_MARCH_2011.pdf,Sector-Wise analysis of projects,65,484
FR_201103_485,,N24000148,485,"DEOLI-KOTA - NHAI,Rajasthan",,,ROAD TRANSPORT & HIGHWAYS,2011-03,2011-01,,953.0,,953.0,,,1.43,2013-07,,2013-07,,,,0,0,,,,FR_MARCH_2011.pdf,Sector-Wise analysis of projects,65,485
FR_201103_486,,N24000139,486,"New 4 Lane elevated road from chennai airport - NHAI,Tamil Nadu",,,ROAD TRANSPORT & HIGHWAYS,2011-03,2010-09,,1655.0,,1655.0,,,0.18,2013-09,,2013-09,,,,0,0,,,,FR_MARCH_2011.pdf,Sector-Wise analysis of projects,65,486
FR_201103_487,,N24000140,487,"Talegaon-amravati - NHAI,Maharashtra",,,ROAD TRANSPORT & HIGHWAYS,2011-03,2009-11,,567.0,,567.0,,,10.04,2013-11,,2013-11,,,,0,0,,,,FR_MARCH_2011.pdf,Sector-Wise analysis of projects,65,487
FR_201103_488,,240106278,488,"MAIBANG TO LUNDING (AS-25), KM.83.400 TO KM.111.000 - NHAI,Assam",AS-25,,ROAD TRANSPORT & HIGHWAYS,2011-03,2003-12,,199.81,,385.13,,,29.6,2009-04,,2013-12,,,,0,0,,,,FR_MARCH_2011.pdf,Sector-Wise analysis of projects,65,488
FR_201103_489,,240106279,489,"MAIBANG TO LUNDING (AS-26), KM.60.500 TO KM.83.400, NH-54 - NHAI,Assam",AS-26,,ROAD TRANSPORT & HIGHWAYS,2011-03,2003-12,,167.64,,167.64,,,40.71,2008-11,,2013-12,,,,0,0,,,,FR_MARCH_2011.pdf,Sector-Wise analysis of projects,65,489
FR_201103_490,,240106280,490,"MAIBANG TO LUNDING (AS-24), KM.111.000 TO KM.126.450 - NHAI,Assam",AS-24,,ROAD TRANSPORT & HIGHWAYS,2011-03,2003-12,,155.04,,280.13,,,29.12,2008-11,,2013-12,,,,0,0,,,,FR_MARCH_2011.pdf,Sector-Wise analysis of projects,65,490
FR_201103_491,,N24000061,491,"HARANGAJO TO MAIBANG,km 164.08- 190.587 NH-54 - NHAI,Assam",,,ROAD TRANSPORT & HIGHWAYS,2011-03,2003-12,,212.0,,212.0,,,38.58,2007-09,,2013-12,,,,0,0,,,,FR_MARCH_2011.pdf,Sector-Wise analysis of projects,65,491
FR_201103_492,,N24000062,492,"HARANGAJO TO MAIBANG, NH-54 - NHAI,Assam Total",,,ROAD TRANSPORT & HIGHWAYS,2011-03,2003-12,,196.0,53244.18,196.0,,,27.64,2009-07,,2013-12,,,,0,0,,,,FR_MARCH_2011.pdf,Sector-Wise analysis of projects,65,492
FR_201103_493,,250100175,493,"SETHUSAMUDRAM SHIP CHANNEL PROJECT - PORT TRUST,Tamil Nadu",,,SHIPPING & PORTS,2011-03,2005-06,,2427.4,,2427.4,,,820.5,2008-10,,2010-11,,,,0,0,,,,FR_MARCH_2011.pdf,Sector-Wise analysis of projects,65,493
FR_201103_494,,N25000032,494,"ACQUISITION OF 4 NOS. OF 115000 DWT CRUDE OIL CARR - SHIPP.,Maharashtra",,,SHIPPING & PORTS,2011-03,2008-08,,1108.12,,1238.88,,,1238.88,2011-04,2011-03,2011-03,,,,0,0,,,,FR_MARCH_2011.pdf,Sector-Wise analysis of projects,66,494
FR_201103_495,,N25000055,495,"DEVELOPMENT OF COAL TERMINAL - ENNORE PORT LTD,Tamil Nadu",,,SHIPPING & PORTS,2011-03,2006-09,,399.13,,399.13,,,335.0,2010-08,,2011-03,,,,0,0,,,,FR_MARCH_2011.pdf,Sector-Wise analysis of projects,66,495
FR_201103_496,,N25000056,496,"DEVELOPMENT OF IRON ORE TERMINAL - ENNORE PORT LTD,Tamil Nadu",,,SHIPPING & PORTS,2011-03,2006-09,,370.0,,370.0,,,356.12,2010-08,,2011-04,,,,0,0,,,,FR_MARCH_2011.pdf,Sector-Wise analysis of projects,66,496
FR_201103_497,,N25000004,497,"DEEPENING OF CHANNEL AT PARADIP PORT - PORT TRUST,Orissa",,,SHIPPING & PORTS,2011-03,2005-12,,154.84,253.36,253.36,,,223.6,2007-12,2009-07,2011-06,,,,0,0,,,,FR_MARCH_2011.pdf,Sector-Wise analysis of projects,66,497
FR_201103_498,,N25000014,498,"ACQUISITION OF 4 NO. OF ANCHOR HANDLING CUM SUPPLY - SHIPP.,Maharashtra",,,SHIPPING & PORTS,2011-03,2007-10,,359.44,,359.44,,,354.81,2011-04,2011-06,2011-06,,,,0,0,,,,FR_MARCH_2011.pdf,Sector-Wise analysis of projects,66,498
FR_201103_499,,N25000038,499,"Construction & License out the OPERATION, MANAG. & - PORT TRUST,Karnataka",,,SHIPPING & PORTS,2011-03,2006-06,,230.0,,230.0,,,219.0,2010-12,,2011-06,,,,0,0,,,,FR_MARCH_2011.pdf,Sector-Wise analysis of projects,66,499
FR_201103_500,,N25000054,500,"MARINE LIQUID TERMINALS - ENNORE TANK,Tamil Nadu",,,SHIPPING & PORTS,2011-03,2004-10,,196.25,,196.25,,,,2006-06,2011-09,2011-09,,,,0,0,,,,FR_MARCH_2011.pdf,Sector-Wise analysis of projects,66,500
FR_201103_501,,250100112,501,"ESTABLISHMENT OF VESSEL TRAFFIC SERVICES IN GULF OF KUTCH - SHIPP.,Gujarat",,,SHIPPING & PORTS,2011-03,2002-01,,165.0,,165.0,,,117.11,2005-12,2008-01,2011-10,,,,0,0,,,,FR_MARCH_2011.pdf,Sector-Wise analysis of projects,66,501
FR_201103_502,,N25000042,502,"Acquisition of two nos. of 120 B.P - PORT TRUST,Maharashtra",,,SHIPPING & PORTS,2011-03,2009-04,,290.85,,290.85,,,86.46,2011-06,2012-01,2012-01,,,,0,0,,,,FR_MARCH_2011.pdf,Sector-Wise analysis of projects,66,502
FR_201103_503,,N25000033,503,"ACQUISITION OF 6 NOS. OF 57000 DWT HANDYMAX BULK C - SHIPP.,Maharashtra",,,SHIPPING & PORTS,2011-03,2007-11,,1061.96,,1061.96,,,240.52,2012-03,,2012-03,,,,0,0,,,,FR_MARCH_2011.pdf,Sector-Wise analysis of projects,66,503
FR_201103_504,,N25000035,504,"ENNORE MANALI EXPRESS WAY,F/O SPECIAL PURPOSE VEHI - SHIPP.,Tamil Nadu",,,SHIPPING & PORTS,2011-03,2002-10,,150.0,600.0,600.0,,,67.0,2006-03,,2012-03,,,,0,0,,,,FR_MARCH_2011.pdf,Sector-Wise analysis of projects,66,504
FR_201103_505,,N25000048,505,"SETTING UP OF LNG REGASIFICATION TERMINAL AT PUTHU - PORT TRUST,Kerala",,,SHIPPING & PORTS,2011-03,2009-03,,3500.0,,3512.0,,,1778.0,2012-01,2012-03,2012-03,,,,0,0,,,,FR_MARCH_2011.pdf,Sector-Wise analysis of projects,66,505
FR_201103_506,,N25000050,506,"Modification & Strengthening of Existing Berth No. 1 to 6 - PORT TRUST,Gujarat",,,SHIPPING & PORTS,2011-03,2010-06,,277.0,,277.0,,,0.2,2012-03,,2012-03,,,,0,0,,,,FR_MARCH_2011.pdf,Sector-Wise analysis of projects,66,506
FR_201103_507,,N25000043,507,"Acquisition of Two nos. of 3060 DWT - PORT TRUST,Maharashtra",,,SHIPPING & PORTS,2011-03,2009-04,,277.03,,277.03,,,55.41,2011-12,2012-05,2012-05,,,,0,0,,,,FR_MARCH_2011.pdf,Sector-Wise analysis of projects,66,507
FR_201103_508,,N25000016,508,"CONST. & DEV. OF 2 OFFSHORE CONTAINER BERTHS & TER - MUMBAI PORT TRU,Maharashtra",,,SHIPPING & PORTS,2011-03,2007-11,,1228.0,1460.0,1460.0,,,463.69,2010-12,2012-09,2012-09,,,,0,0,,,,FR_MARCH_2011.pdf,Sector-Wise analysis of projects,66,508
FR_201103_509,,N25000031,509,"ACQUISITION OF 4 NOS. OF 80655 DWT PANAMAX BULK CA - SHIPP.,Maharashtra",,,SHIPPING & PORTS,2011-03,2008-08,,1066.91,,968.35,,,222.91,2012-09,,2012-09,,,,0,0,,,,FR_MARCH_2011.pdf,Sector-Wise analysis of projects,66,509
FR_201103_510,,N25000049,510,"Mechanization of coal handling facilities to 200 - PORT TRUST,Andhra Pradesh",,,SHIPPING & PORTS,2011-03,2010-02,,444.1,,444.1,,,,2010-06,,2012-11,,,,0,0,,,,FR_MARCH_2011.pdf,Sector-Wise analysis of projects,66,510
FR_201103_511,,N25000051,511,"Acquisition of 4 nos of 82000 DWT kamsavmax Bulk carriers - SHIPP.,Maharashtra",,,SHIPPING & PORTS,2011-03,2010-08,,612.72,,612.72,,,61.31,2012-12,,2012-12,,,,0,0,,,,FR_MARCH_2011.pdf,Sector-Wise analysis of projects,66,511
FR_201103_512,,N25000037,512,"C/O Berthing and Allied Facilities off tekra near - PORT TRUST,Gujarat",,,SHIPPING & PORTS,2011-03,2005-04,,882.0,,1060.0,,,0.27,2011-02,,2013-03,,,,0,0,,,,FR_MARCH_2011.pdf,Sector-Wise analysis of projects,67,512
FR_201103_513,,N25000039,513,"CONSTRUCTION OF 13 & 14 CARGO BERTH AT KANDLA - PORT TRUST,Gujarat",,,SHIPPING & PORTS,2011-03,2005-12,,702.0,,755.5,,,0.73,2011-03,,2013-03,,,,0,0,,,,FR_MARCH_2011.pdf,Sector-Wise analysis of projects,67,513
FR_201103_514,,N25000047,514,"SETTING UP OF AN INTERNATIONAL CRUISE TERMINAL AT - PORT TRUST,Kerala",,,SHIPPING & PORTS,2011-03,2008-03,,375.0,272.5,272.5,,,,2009-01,,2013-05,,,,0,0,,,,FR_MARCH_2011.pdf,Sector-Wise analysis of projects,67,514
FR_201103_515,,N25000052,515,"Acquistion of three(3) nos of 6500TEU Cellular container - SHIPP.,Maharashtra",3,,SHIPPING & PORTS,2011-03,2010-10,,1028.1,,1028.1,,,202.04,2013-12,,2013-12,,,,0,0,,,,FR_MARCH_2011.pdf,Sector-Wise analysis of projects,67,515
FR_201103_516,,N25000053,516,"Acquisition of two(2) Nos. of 317000 DWT very large crude - SHIPP.,Maharashtra",2,,SHIPPING & PORTS,2011-03,2010-10,,966.46,,966.46,,,189.92,2014-02,,2014-02,,,,0,0,,,,FR_MARCH_2011.pdf,Sector-Wise analysis of projects,67,516
FR_201103_517,,N25000003,517,"DEEPENING AND WIDENING OF MUMBAI HARBOUR CHANNEL A - PORT TRUST,Maharashtra Total",,,SHIPPING & PORTS,2011-03,2005-10,,800.0,19072.31,800.0,,,5.75,2008-10,,,,,,0,0,,,,FR_MARCH_2011.pdf,Sector-Wise analysis of projects,67,517
FR_201103_518,,N26000043,518,"GSM EQUIPMENT OF 3125K LINES(2G) AND 625K LINES(3 - BSNL,Maharashtra",2G,,TELECOMMUNICATIONS,2011-03,2008-09,,1799.94,,1799.94,,,225.78,2009-09,,2010-02,,,,0,0,,,,FR_MARCH_2011.pdf,Sector-Wise analysis of projects,67,518
FR_201103_519,,260100099,519,"PROJ.III OF NIB-II OF MESSAGING STORAGE - BSNL,Multi State",,,TELECOMMUNICATIONS,2011-03,2003-11,,250.0,,425.51,,,109.31,2005-12,,2010-10,,,,0,0,,,,FR_MARCH_2011.pdf,Sector-Wise analysis of projects,67,519
FR_201103_520,,N26000072,520,"Implementation of FTTH, the state of the art access ,gpon eq - BSNL,Multi State",,,TELECOMMUNICATIONS,2011-03,2007-12,,952.88,,952.88,,,,2010-03,,2010-10,,,,0,0,,,,FR_MARCH_2011.pdf,Sector-Wise analysis of projects,67,520
FR_201103_521,,N26000073,521,"Implementation of FTTH, the state of the art Acces - BSNL,Multi State",,,TELECOMMUNICATIONS,2011-03,2007-12,,152.65,,152.65,,,,2010-03,,2010-10,,,,0,0,,,,FR_MARCH_2011.pdf,Sector-Wise analysis of projects,67,521
FR_201103_522,,N26000074,522,"Procurement of DXC equipment - BSNL,Multi State",,,TELECOMMUNICATIONS,2011-03,2008-02,,229.0,,229.0,,,,2010-03,,2010-11,,,,0,0,,,,FR_MARCH_2011.pdf,Sector-Wise analysis of projects,67,522
FR_201103_523,,N26000037,523,"NIB-II PROJECT RURAL BROADBAND - BSNL,Multi State",,,TELECOMMUNICATIONS,2011-03,2007-12,,312.86,234.24,353.0,,,234.24,2008-02,,2010-12,,,,0,0,,,,FR_MARCH_2011.pdf,Sector-Wise analysis of projects,67,523
FR_201103_524,,N26000066,524,"Procurement of 2.5G DWDM equipment - BSNL,Multi State",,,TELECOMMUNICATIONS,2011-03,2006-08,,424.0,,424.0,,,,2009-03,,2010-12,,,,0,0,,,,FR_MARCH_2011.pdf,Sector-Wise analysis of projects,67,524
FR_201103_525,,N26000068,525,"Procurement of 10G 40 CHL (12 chi equipped) DWDM - BSNL,Multi State",12 chi equipped,,TELECOMMUNICATIONS,2011-03,2007-12,,545.5,,545.5,,,,2010-03,,2010-12,,,,0,0,,,,FR_MARCH_2011.pdf,Sector-Wise analysis of projects,67,525
FR_201103_526,,N26000069,526,"Procurement of STM-1 SDH equipment - BSNL,Multi State",,,TELECOMMUNICATIONS,2011-03,2007-02,,154.03,,154.03,,,,2010-03,,2010-12,,,,0,0,,,,FR_MARCH_2011.pdf,Sector-Wise analysis of projects,67,526
FR_201103_527,,N26000070,527,"Procurement of STM-16 MADM equipment - BSNL,Multi State",,,TELECOMMUNICATIONS,2011-03,2008-03,,355.92,,355.92,,,,2010-03,,2010-12,,,,0,0,,,,FR_MARCH_2011.pdf,Sector-Wise analysis of projects,67,527
FR_201103_528,,N26000071,528,"Procurement of STM-16 ADM equipment - BSNL,Multi State",,,TELECOMMUNICATIONS,2011-03,2007-02,,477.0,,477.0,,,,2010-03,,2010-12,,,,0,0,,,,FR_MARCH_2011.pdf,Sector-Wise analysis of projects,67,528
FR_201103_529,,N26000085,529,"GSM equipment of 375000Lines (2G) 75000lines 3(G) - BSNL,West Bengal",G,,TELECOMMUNICATIONS,2011-03,2008-06,,170.23,,170.23,,,127.42,2009-06,,2011-01,,,,0,0,,,,FR_MARCH_2011.pdf,Sector-Wise analysis of projects,67,529
FR_201103_530,,N26000088,530,"GSM equipment of 799000Lines (2G) 101000 lines 3(G - BSNL,Jharkhandd",2G,,TELECOMMUNICATIONS,2011-03,2008-03,,328.13,,328.12,,,164.58,2009-03,,2011-01,,,,0,0,,,,FR_MARCH_2011.pdf,Sector-Wise analysis of projects,68,530
FR_201103_531,,N26000040,531,"GSM EQUIPMENT OF 216650 LINES(2G) PH-5.1 - BSNL,Haryana",2G,,TELECOMMUNICATIONS,2011-03,2008-01,,192.48,,192.48,,,110.97,2009-03,,2011-02,,,,0,0,,,,FR_MARCH_2011.pdf,Sector-Wise analysis of projects,68,531
FR_201103_532,,N26000041,532,"GSM EQUIPMENT OF 390K LINES(2G) AND 130K LINES(3G) - BSNL,Punjab",3G,,TELECOMMUNICATIONS,2011-03,2008-02,,373.94,,373.94,,,179.26,2008-12,,2011-02,,,,0,0,,,,FR_MARCH_2011.pdf,Sector-Wise analysis of projects,68,532
FR_201103_533,,N26000046,533,"GSM EQUIPMENT OF 700K LINES(2G) AND 150K LINES(3G) - BSNL,Orissa",3G,,TELECOMMUNICATIONS,2011-03,2007-11,,277.34,,377.54,,,308.13,2009-03,,2011-02,,,,0,0,,,,FR_MARCH_2011.pdf,Sector-Wise analysis of projects,68,533
FR_201103_534,,N26000058,534,"UTTARANCHAL TELECOM CIRCLE PHASE-VI (2G & 3G) - BSNL,Uttaranchal",2G & 3G,,TELECOMMUNICATIONS,2011-03,2009-01,,149.15,158.72,158.72,,,88.17,2009-06,,2011-02,,,,0,0,,,,FR_MARCH_2011.pdf,Sector-Wise analysis of projects,68,534
FR_201103_535,,N26000062,535,"Assam Telecom Circle, Phase-V.I, 2G & 3G - BSNL,Assam",,,TELECOMMUNICATIONS,2011-03,2007-06,,336.81,,336.81,,,136.76,2009-01,,2011-02,,,,0,0,,,,FR_MARCH_2011.pdf,Sector-Wise analysis of projects,68,535
FR_201103_536,,N26000083,536,"GSM equipment of 975000Lines (2G) 325000 lines 3(G - BSNL,Uttar Pradesh",2G,,TELECOMMUNICATIONS,2011-03,2009-02,,625.53,,625.53,,,242.56,2010-02,,2011-02,,,,0,0,,,,FR_MARCH_2011.pdf,Sector-Wise analysis of projects,68,536
FR_201103_537,,N26000086,537,"GSM equipment of 945000Lines (2G) 225000lines 3(G) - BSNL,Bihar",G,,TELECOMMUNICATIONS,2011-03,2007-10,,366.0,,529.32,,,225.42,2008-10,,2011-02,,,,0,0,,,,FR_MARCH_2011.pdf,Sector-Wise analysis of projects,68,537
FR_201103_538,,N26000091,538,"GSM equipment of 1900000Lines (2G) 401700 lines 3( - BSNL,",2G,,TELECOMMUNICATIONS,2011-03,2009-01,,760.2,,1312.52,,,759.33,2011-03,,2011-02,,,,0,1,,,,FR_MARCH_2011.pdf,Sector-Wise analysis of projects,68,538
FR_201103_539,,N26000093,539,"GSM equipment of 1500000Lines (2G) 264700lines 3(G - BSNL,Andhra Pradesh",2G,,TELECOMMUNICATIONS,2011-03,2009-01,,922.91,,922.91,,,346.88,2010-01,,2011-02,,,,0,0,,,,FR_MARCH_2011.pdf,Sector-Wise analysis of projects,68,539
FR_201103_540,,N26000094,540,"GSM equipment of 1900000Lines (2G) 335500lines 3(G - BSNL,Kerala",2G,,TELECOMMUNICATIONS,2011-03,2009-01,,848.7,,848.7,,,513.15,2010-01,,2011-02,,,,0,0,,,,FR_MARCH_2011.pdf,Sector-Wise analysis of projects,68,540
FR_201103_541,,N26000095,541,"GSM equipment of 614000Lines (2G) 150000lines 3(G) - BSNL,Tamil Nadu",G,,TELECOMMUNICATIONS,2011-03,2009-01,,315.19,,315.19,,,113.45,2010-01,,2011-02,,,,0,0,,,,FR_MARCH_2011.pdf,Sector-Wise analysis of projects,68,541
FR_201103_542,,N26000039,542,"GSM EQUIPMENT OF 900K LINES(2G) AND 300K LINES(3G) - BSNL,Rajasthan",3G,,TELECOMMUNICATIONS,2011-03,2007-06,,601.49,,601.49,,,480.57,2008-12,,2011-03,,,,0,0,,,,FR_MARCH_2011.pdf,Sector-Wise analysis of projects,68,542
FR_201103_543,,N26000050,543,"GSM EQUIPMENT-480K LINES(2G) & 220K LINES(3G) IN - BSNL,Uttar Pradesh",3G,,TELECOMMUNICATIONS,2011-03,2007-05,,335.91,,335.91,,,169.43,2009-03,,2011-03,,,,0,0,,,,FR_MARCH_2011.pdf,Sector-Wise analysis of projects,68,543
FR_201103_544,,N26000081,544,"GSM equipment of 900000Lines (2G) PunjabPhase V.2 - BSNL,Punjab",2G,,TELECOMMUNICATIONS,2011-03,2008-09,,241.49,,241.49,,,94.98,2009-09,,2011-03,,,,0,0,,,,FR_MARCH_2011.pdf,Sector-Wise analysis of projects,68,544
FR_201103_545,,N26000082,545,"GSM equipment of 200000Lines (2G) UP(West)Phase V. - BSNL,Uttar Pradesh",West,,TELECOMMUNICATIONS,2011-03,2008-10,,336.84,,336.84,,,31.26,2009-10,,2011-03,,,,0,0,,,,FR_MARCH_2011.pdf,Sector-Wise analysis of projects,68,545
FR_201103_546,,N26000084,546,"GSM equipment of 1100000Lines (2G) UP East Phase - BSNL,Uttar Pradesh",2G,,TELECOMMUNICATIONS,2011-03,2009-09,,624.75,,624.75,,,74.65,2010-09,,2011-03,,,,0,0,,,,FR_MARCH_2011.pdf,Sector-Wise analysis of projects,68,546
FR_201103_547,,N26000087,547,"GSM equipment of 849862Lines (2G) 150138 lines 3(G - BSNL,West Bengal",2G,,TELECOMMUNICATIONS,2011-03,2008-02,,584.33,,584.33,,,398.08,2009-02,,2011-03,,,,0,0,,,,FR_MARCH_2011.pdf,Sector-Wise analysis of projects,68,547
FR_201103_548,,N26000089,548,"GSM equipment of 1867000Lines (2G) 383000 lines 3( - BSNL,Gujarat",2G,,TELECOMMUNICATIONS,2011-03,2008-08,,868.0,,868.0,,,345.63,2009-08,,2011-03,,,,0,0,,,,FR_MARCH_2011.pdf,Sector-Wise analysis of projects,68,548
FR_201103_549,,N26000090,549,"GSM equipment of 1625000Lines (2G) 325000 lines 3( - BSNL,Madhya pradesh",2G,,TELECOMMUNICATIONS,2011-03,2009-11,,916.7,,916.7,,,232.83,2010-11,,2011-03,,,,0,0,,,,FR_MARCH_2011.pdf,Sector-Wise analysis of projects,69,549
FR_201103_550,,N26000092,550,"GSM equipment of 1700000Lines (2G) 234100 lines 3( - BSNL,Karnataka",2G,,TELECOMMUNICATIONS,2011-03,2008-10,,677.75,719.9,719.9,,,395.06,2009-10,,2011-03,,,,0,0,,,,FR_MARCH_2011.pdf,Sector-Wise analysis of projects,69,550
FR_201103_551,,N26000096,551,"ERP implementation in BSNL on Turnkey basis - BSNL,Multi State",,,TELECOMMUNICATIONS,2011-03,2009-10,,384.0,,384.0,,,138.65,2010-10,,2011-04,,,,0,0,,,,FR_MARCH_2011.pdf,Sector-Wise analysis of projects,69,551
FR_201103_552,,N26000011,552,"CONVERGENT BILLING AND CRM- MTNL(DELHI) - MTNL,Delhi",DELHI,,TELECOMMUNICATIONS,2011-03,2005-12,,249.0,229.41,229.41,,,66.2,2007-02,,2011-08,,,,0,0,,,,FR_MARCH_2011.pdf,Sector-Wise analysis of projects,69,552
FR_201103_553,,N26000016,553,"CONVERGENT BILLING AND CRM(MUMBAI) - MTNL,Maharashtra",MUMBAI,,TELECOMMUNICATIONS,2011-03,2006-01,,247.0,,247.0,,,75.89,2007-02,,2011-08,,,,0,0,,,,FR_MARCH_2011.pdf,Sector-Wise analysis of projects,69,553
FR_201103_554,,N26000078,554,"FTTH BO-3474 /08-09 in Mumbai - MTNL,Maharashtra",,,TELECOMMUNICATIONS,2011-03,2010-04,,389.86,,389.86,,,3.06,2011-09,,2011-09,,,,0,0,,,,FR_MARCH_2011.pdf,Sector-Wise analysis of projects,69,554
FR_201103_555,,N26000029,555,"EXPANSION OF EXISTING 750K GSM NETWORK PE NO. 992 - BSNL,Maharashtra",,,TELECOMMUNICATIONS,2011-03,2006-06,,231.38,,168.3,,,94.13,2007-10,,,,,,0,0,,,,FR_MARCH_2011.pdf,Sector-Wise analysis of projects,69,555
FR_201103_556,,N26000063,556,"MANAGED LEASED LINE NETWORK PH-VI - BSNL,Multi State",,,TELECOMMUNICATIONS,2011-03,2008-11,,350.0,,350.0,,,,,,,,,,0,0,,,,FR_MARCH_2011.pdf,Sector-Wise analysis of projects,69,556
FR_201103_557,,N26000065,557,"Execution of telecom network requirement of defence - BSNL,Multi State",,,TELECOMMUNICATIONS,2011-03,2006-05,,1077.0,,1077.0,,,841.0,2009-03,,,,,,0,0,,,,FR_MARCH_2011.pdf,Sector-Wise analysis of projects,69,557
FR_201103_558,,N26000067,558,"Procurement of 10G (40 chl) DWDM equipment - BSNL,Multi State Total",40 chl,,TELECOMMUNICATIONS,2011-03,2006-08,,590.1,20025.99,590.1,,,7326.83,2009-03,,,,,,0,0,,,,FR_MARCH_2011.pdf,Sector-Wise analysis of projects,69,558
FR_201103_559,,N28000048,559,"C/o office building for IDBI at bandra Kurla Compl - CPWD,Maharashtra",,,URBAN DEVELOPMENT,2011-03,2006-11,,114.18,173.08,181.3,,,93.8,2009-04,,2011-01,,,,0,0,,,,FR_MARCH_2011.pdf,Sector-Wise analysis of projects,69,559
FR_201103_560,,280100002,560,"DELHI MRTS PHASE-II PROJECT - DMRC,Delhi",,,URBAN DEVELOPMENT,2011-03,2005-08,,8676.0,8605.36,18894.36,,,17467.38,2010-06,,2011-06,,,,0,10,,,,FR_MARCH_2011.pdf,Sector-Wise analysis of projects,69,560
FR_201103_561,,N28000008,561,"BANGALORE METRO RAIL PROJECT - MRTP,Karnataka Total",,,URBAN DEVELOPMENT,2011-03,2006-05,,6395.0,15185.18,11609.0,,,3954.59,2011-12,,2013-03,,,,6,6,,,,FR_MARCH_2011.pdf,Sector-Wise analysis of projects,69,561
FR_201103_562,,300100001,562,"PAGLADIYA DAM PROJECT - MoWR,Assam Total Grand Total",,,WATER RESOURCES,2011-03,2001-01,,542.9,542.9,1187.0,,,35.49,2007-12,,2012-12,,,,0,0,,,,FR_MARCH_2011.pdf,Sector-Wise analysis of projects,69,562
