observation_id,project_id,project_code,serial_no,project_name,agency,state,sector,report_date,approval_date,approval_date_revised,original_cost_crore,revised_cost_crore,anticipated_cost_crore,cost_overrun_original_crore,cost_overrun_revised_crore,cumulative_expenditure_crore,original_completion_date,revised_completion_date,anticipated_completion_date,time_overrun_original_months,time_overrun_revised_months,additional_delay_months,milestones_achieved,milestones_total,physical_progress_pct,delay_reason,status,source.report,source.table,source.page,source.serial_no
FR_201011_001,,020100041,1,"KAIGA 3 and 4 UNITS (NPCIL) - NPCIL,Karnataka",NPCIL,,ATOMIC ENERGY,2010-11,2001-05,,4213.0,,4213.0,,,2593.0,2009-10,2007-09,2010-12,,,,71,75,,,,FR_NOV_2010.pdf,Sector-Wise analysis of projects,34,1
FR_201011_002,,N02000007,2,"URANIUM ORE MINE & PROCESSING PLANT AT TUMMALAPALL - UCIL,Andhra Pradesh",,,ATOMIC ENERGY,2010-11,2007-09,,1106.29,,1106.29,,,486.37,,,2011-04,,,,0,1,,,,FR_NOV_2010.pdf,Sector-Wise analysis of projects,34,2
FR_201011_003,,020100044,3,"PROTOTYPE FAST BREEDER REACTOR (BHAVINI, 500 MWE) - BHAVNI,Tamil Nadu","BHAVINI, 500 MWE",,ATOMIC ENERGY,2010-11,2003-09,,3492.0,,5677.0,,,2592.29,2010-09,,2011-09,,,,8,80,,,,FR_NOV_2010.pdf,Sector-Wise analysis of projects,34,3
FR_201011_004,,020100040,4,"KUDANKULAM APP (NPCIL) - NPCIL,Tamil Nadu Total",NPCIL,,ATOMIC ENERGY,2010-11,2001-12,,13171.0,21982.29,13171.0,,,13293.0,2008-12,,2011-12,,,,61,119,,,,FR_NOV_2010.pdf,Sector-Wise analysis of projects,34,4
FR_201011_005,,N04000017,5,"CONSTRUCTION OF NEW INTERNATIONAL TERMINAL BLDG. A - AAI,Gujarat",,,CIVIL AVIATION,2010-11,2007-02,,290.92,,290.92,,,198.32,,,2011-01,,,,1,24,,,,FR_NOV_2010.pdf,Sector-Wise analysis of projects,34,5
FR_201011_006,,N04000038,6,"D/O KAMARAJ DOMESTIC TER-PH-II & EXP. ANNA INT. TE(K1) - AAI,Tamil Nadu",K1,,CIVIL AVIATION,2010-11,2008-08,,1273.0,,1273.0,,,657.78,2011-01,,2011-01,,,,0,0,,,,FR_NOV_2010.pdf,Sector-Wise analysis of projects,34,6
FR_201011_007,,N04000050,7,"C/o new Airport at Pakyong(Sikkim) Airport - AAI,Sikkim",Sikkim,,CIVIL AVIATION,2010-11,2009-01,,264.29,,264.29,,,79.17,2011-01,,2011-01,,,,0,0,,,,FR_NOV_2010.pdf,Sector-Wise analysis of projects,34,7
FR_201011_008,,N04000056,8,"Extension of Secondary Runway(K2) - AAI,Tamil Nadu",K2,,CIVIL AVIATION,2010-11,2008-08,,230.0,,230.0,,,207.69,2011-01,,2011-01,,,,0,0,,,,FR_NOV_2010.pdf,Sector-Wise analysis of projects,34,8
FR_201011_009,,N04000068,9,"CONSTRACTION OF RCC/PRE STRESSD CONCRETE BRIDGE K3 - AAI,Tamil Nadu",,,CIVIL AVIATION,2010-11,2009-06,,213.35,,213.35,,,182.35,2010-09,,2011-02,,,,0,0,,,,FR_NOV_2010.pdf,Sector-Wise analysis of projects,34,9
FR_201011_010,,N04000037,10,"C/O INTEGRATED PASSENGER TER. BULD. NSCBI AIRPORT - AAI,West Bengal",,,CIVIL AVIATION,2010-11,2008-08,,1942.51,,1942.51,,,832.54,2011-05,,2011-08,,,,0,0,,,,FR_NOV_2010.pdf,Sector-Wise analysis of projects,34,10
FR_201011_011,,N04000069,11,"Construction of New International Terminal Building - AAI,Goa",,,CIVIL AVIATION,2010-11,2010-05,,204.73,,204.73,,,16.04,2012-05,,2012-05,,,,0,0,,,,FR_NOV_2010.pdf,Sector-Wise analysis of projects,34,11
FR_201011_012,,N04000065,12,"GAGAN PROJECT - AAI,Multi State Total",,,CIVIL AVIATION,2010-11,2008-09,,393.6,4812.4,393.6,,,205.95,2013-06,,,,,,0,0,,,,FR_NOV_2010.pdf,Sector-Wise analysis of projects,34,12
FR_201011_013,,060100089,13,"BARSINGSAR TPS (2X125MW) (NLC) - NLC,Rajasthan",NLC,,COAL,2010-11,2004-12,,1114.18,1626.09,1626.09,,,1512.91,2009-06,,2010-12,,,,59,26,,,,FR_NOV_2010.pdf,Sector-Wise analysis of projects,34,13
FR_201011_014,,N06000044,14,"BALRAM OCP EXTENSION - MCL,Orissa",,,COAL,2010-11,2007-12,,172.08,,172.08,,,156.09,2009-03,,2011-03,,,,0,0,,,,FR_NOV_2010.pdf,Sector-Wise analysis of projects,34,14
FR_201011_015,,N06000083,15,"Churi Benti UG - CCL,Jharkhandd",,,COAL,2010-11,2007-06,,163.51,,163.51,,,33.46,2011-03,,2011-03,,,,0,2,,,,FR_NOV_2010.pdf,Sector-Wise analysis of projects,34,15
FR_201011_016,,060100087,16,"TPS-II EXPANSION (1470MW TO 1970MW) (NLC) - NLC,Tamil Nadu",NLC,,COAL,2010-11,2004-10,,2030.78,2453.57,2453.57,,,2048.6,2009-06,,2011-10,,,,41,24,,,,FR_NOV_2010.pdf,Sector-Wise analysis of projects,34,16
FR_201011_017,,060100092,17,"KULDA OCP (MAHANADI COALFIELDS LTD.) - MCL,Orissa",MAHANADI COALFIELDS LTD.,,COAL,2010-11,2005-01,,302.96,33.0,302.96,,,65.08,2010-03,,2012-03,,,,0,4,,,,FR_NOV_2010.pdf,Sector-Wise analysis of projects,34,17
FR_201011_018,,060100096,18,"ASHOK EXPN.OCP -CCL (5 MTY) - CCL,Jharkhandd",5 MTY,,COAL,2010-11,2006-04,,471.66,341.63,341.63,,,102.68,2011-03,2012-03,2012-03,,,,0,2,,,,FR_NOV_2010.pdf,Sector-Wise analysis of projects,35,18
FR_201011_019,,N06000017,19,"SHANTIKHANI LONGWALL PROJ- SCCL - SCCL,Andhra Pradesh",,,COAL,2010-11,2006-10,,249.03,,249.03,,,38.85,2012-03,,2012-03,,,,8,42,,,,FR_NOV_2010.pdf,Sector-Wise analysis of projects,35,19
FR_201011_020,,N06000033,20,"NIGAHI OC EXPANSION PROJECT 10 MTY TO 15 MTY, SINGRAULI - NCL,Madhya pradesh",,,COAL,2010-11,2007-10,,259.4,,259.4,,,0.96,2012-03,2012-03,2012-03,,,,0,1,,,,FR_NOV_2010.pdf,Sector-Wise analysis of projects,35,20
FR_201011_021,,N06000067,21,"ANANTA OC EXPANSION PH-III - MCL,Orissa",,,COAL,2010-11,2008-08,,207.28,,207.28,,,58.66,2012-03,,2012-03,,,,0,0,,,,FR_NOV_2010.pdf,Sector-Wise analysis of projects,35,21
FR_201011_022,,N06000078,22,"RAMAGUNDAM OC-II EXTENSION - SCCL,Andhra Pradesh",,,COAL,2010-11,2009-12,,418.57,418.97,418.97,,,69.69,,,2012-03,,,,7,7,,,,FR_NOV_2010.pdf,Sector-Wise analysis of projects,35,22
FR_201011_023,,N06000080,23,"MANUGURU OC-II EXTENSION PHASE-II - SCCL,Andhra Pradesh",,,COAL,2010-11,2010-03,,181.91,,181.19,,,0.9,,,2012-03,,,,2,8,,,,FR_NOV_2010.pdf,Sector-Wise analysis of projects,35,23
FR_201011_024,,N06000084,24,"North Urimari OCP - CCL,Jharkhandd",,,COAL,2010-11,2007-12,,179.87,,179.87,,,68.37,2012-03,,2012-03,,,,0,2,,,,FR_NOV_2010.pdf,Sector-Wise analysis of projects,35,24
FR_201011_025,,N06000086,25,"Tapin OCP - CCL,Jharkhandd",,,COAL,2010-11,2008-08,,264.68,,264.68,,,78.66,2012-03,,2012-03,,,,0,2,,,,FR_NOV_2010.pdf,Sector-Wise analysis of projects,35,25
FR_201011_026,,N06000047,26,"TUTICORIN THERMAL POWER PROJECT - NLC,Tamil Nadu",,,COAL,2010-11,2008-05,,4904.54,,4909.54,,,1190.95,2012-08,,2012-08,,,,0,0,,,,FR_NOV_2010.pdf,Sector-Wise analysis of projects,35,26
FR_201011_027,,N06000007,27,"KRISHNASHILA (NCL) (4MTY) - NCL,Madhya pradesh",4MTY,,COAL,2010-11,2006-05,,789.88,741.56,741.56,,,136.68,2010-03,2013-03,2013-03,,,,0,2,,,,FR_NOV_2010.pdf,Sector-Wise analysis of projects,35,27
FR_201011_028,,N06000008,28,"KUSMUNDA EXPN.OCP(SECL)(10MTY) - SECL,Chhatisgarh",10MTY,,COAL,2010-11,2006-06,,737.65,,1188.31,,,555.92,2011-03,,2013-03,,,,0,4,,,,FR_NOV_2010.pdf,Sector-Wise analysis of projects,35,28
FR_201011_029,,N06000015,29,"MAGADH OC (CCL) - CCL,Jharkhandd",CCL,,COAL,2010-11,2006-07,,469.78,706.4,706.4,,,16.23,2012-07,2013-03,2013-03,,,,0,2,,,,FR_NOV_2010.pdf,Sector-Wise analysis of projects,35,29
FR_201011_030,,N06000025,30,"JALLARAM SHAFT PROJECT - SCCL,Andhra Pradesh",,,COAL,2010-11,2013-03,,467.78,,467.78,,,11.42,2013-03,,2013-03,,,,0,83,,,,FR_NOV_2010.pdf,Sector-Wise analysis of projects,35,30
FR_201011_031,,N06000035,31,"KANIHA OCP - MCL,Multi State",,,COAL,2010-11,2007-12,,457.77,,457.77,,,52.04,,,2013-03,,,,0,2,,,,FR_NOV_2010.pdf,Sector-Wise analysis of projects,35,31
FR_201011_032,,N06000068,32,"HINGULA OC-II EXP. PH-II (15 MTY) - MCL,Orissa",15 MTY,,COAL,2010-11,2008-11,,475.93,,479.63,,,24.66,2013-03,,2013-03,,,,0,0,,,,FR_NOV_2010.pdf,Sector-Wise analysis of projects,35,32
FR_201011_033,,N06000085,33,"Purnadih OCP - CCL,Jharkhandd",,,COAL,2010-11,2008-07,,210.98,,210.98,,,20.05,2013-03,,2013-03,,,,0,2,,,,FR_NOV_2010.pdf,Sector-Wise analysis of projects,35,33
FR_201011_034,,N06000016,34,"ADRIYALA SHAFT PROJECT - SCCL,Andhra Pradesh",,,COAL,2010-11,2006-09,,212.34,779.26,779.26,,,133.86,2013-03,2012-07,2013-06,,,,2,22,,,,FR_NOV_2010.pdf,Sector-Wise analysis of projects,35,34
FR_201011_035,,060100093,35,"GEVRA EXPANSION OCP (SECL) (25 MTY) - SECL,Chhatisgarh",25 MTY,,COAL,2010-11,2005-07,,1667.55,,2675.67,,,1019.05,2010-03,,2014-03,,,,3,7,,,,FR_NOV_2010.pdf,Sector-Wise analysis of projects,35,35
FR_201011_036,,060100094,36,"DIPKA EXPANSION OCP (SECL) (20 MTY) - SECL,Chhatisgarh",20 MTY,,COAL,2010-11,2005-07,,1268.53,,1943.66,,,907.54,2010-03,,2014-03,,,,2,6,,,,FR_NOV_2010.pdf,Sector-Wise analysis of projects,35,36
FR_201011_037,,N06000019,37,"BINA EXTN. PROJ - NCL,Multi State",,,COAL,2010-11,2006-11,,168.97,,168.97,,,140.51,2014-03,2014-03,2014-03,,,,1,1,,,,FR_NOV_2010.pdf,Sector-Wise analysis of projects,35,37
FR_201011_038,,N06000046,38,"CHURCHA UG - SECL,Chhatisgarh",,,COAL,2010-11,2008-06,,462.35,,462.35,,,254.18,2014-06,,2014-03,,,,0,0,,,,FR_NOV_2010.pdf,Sector-Wise analysis of projects,35,38
FR_201011_039,,N06000056,39,"RAJMAHAL OC EXP. - ECL,Jharkhandd",,,COAL,2010-11,2006-02,,50.08,153.82,153.82,,,14.77,2014-03,,2014-03,,,,0,1,,,,FR_NOV_2010.pdf,Sector-Wise analysis of projects,35,39
FR_201011_040,,N06000066,40,"PENGANGA OC - WCL,Andhra Pradesh",,,COAL,2010-11,2008-10,,339.77,,339.77,,,0.05,2014-03,,2014-03,,,,0,1,,,,FR_NOV_2010.pdf,Sector-Wise analysis of projects,35,40
FR_201011_041,,N06000076,41,"KARTALI (EAST) OC - SECL,Chhatisgarh",EAST,,COAL,2010-11,2008-07,,178.44,34.0,178.44,,,,2014-03,,2014-03,,,,0,0,,,,FR_NOV_2010.pdf,Sector-Wise analysis of projects,35,41
FR_201011_042,,N06000081,42,"MANIKPUR OC EXPANTION - SECL,Chhatisgarh",,,COAL,2010-11,2009-11,,321.42,,321.5,,,213.57,2013-03,,2014-03,,,,0,0,,,,FR_NOV_2010.pdf,Sector-Wise analysis of projects,36,42
FR_201011_043,,N06000009,43,"BLOCK-B OCP NCL (3.5 MTY) - NCL,Madhya pradesh",3.5 MTY,,COAL,2010-11,2006-06,,746.04,,437.34,,,137.16,2012-03,2015-03,2015-03,,,,0,1,,,,FR_NOV_2010.pdf,Sector-Wise analysis of projects,36,43
FR_201011_044,,N06000020,44,"JHANJRA LONGWAL UG PHASE II - ECL,West Bengal",,,COAL,2010-11,2006-11,,287.18,,287.17,,,,2009-11,,2015-03,,,,0,0,,,,FR_NOV_2010.pdf,Sector-Wise analysis of projects,36,44
FR_201011_045,,N06000042,45,"GOPAL PRASAD OCP - MCL,Orissa",,,COAL,2010-11,2008-02,,395.87,,395.87,,,24.33,2013-03,,2015-03,,,,0,0,,,,FR_NOV_2010.pdf,Sector-Wise analysis of projects,36,45
FR_201011_046,,N06000045,46,"PELMA OC - SECL,Chhatisgarh",,,COAL,2010-11,2008-07,,448.32,,448.32,,,,2012-03,2015-03,2015-03,,,,0,0,,,,FR_NOV_2010.pdf,Sector-Wise analysis of projects,36,46
FR_201011_047,,N06000048,47,"KAKATIYA LAONGWALL - SCCL,Multi State",,,COAL,2010-11,2008-12,,453.63,,453.63,,,53.3,2012-12,,2015-03,,,,7,44,,,,FR_NOV_2010.pdf,Sector-Wise analysis of projects,36,47
FR_201011_048,,N06000049,48,"Batura OC - BCCL,Madhya pradesh",,,COAL,2010-11,2008-09,,203.82,,203.82,,,,2013-03,,2015-03,,,,0,0,,,,FR_NOV_2010.pdf,Sector-Wise analysis of projects,36,48
FR_201011_049,,N06000075,49,"JAGANNATHPOR OC - SECL,Chhatisgarh",,,COAL,2010-11,2008-09,,152.43,,152.43,,,,2015-03,,2015-03,,,,0,0,,,,FR_NOV_2010.pdf,Sector-Wise analysis of projects,36,49
FR_201011_050,,N06000079,50,"RKP OCP PHASE-I - SCCL,Uttaranchal",,,COAL,2010-11,2010-03,,201.58,209.78,209.78,,,14.89,,,2015-03,,,,0,8,,,,FR_NOV_2010.pdf,Sector-Wise analysis of projects,36,50
FR_201011_051,,N06000010,51,"AMLOHRI EPR (NCL) (6 MTY) - NCL,Madhya pradesh",6 MTY,,COAL,2010-11,2006-05,,1352.04,1143.54,1143.54,,,32.29,2014-03,2016-03,2016-03,,,,1,2,,,,FR_NOV_2010.pdf,Sector-Wise analysis of projects,36,51
FR_201011_052,,N06000043,52,"TALABIRA OCP - MCL,Orissa",,,COAL,2010-11,2008-03,,447.72,,447.72,,,6.04,2015-03,,2016-03,,,,0,0,,,,FR_NOV_2010.pdf,Sector-Wise analysis of projects,36,52
FR_201011_053,,N06000082,53,"AMLAI OC EXPANSION SECTOR 'B' (1.50 MTY) - SECL,Chhatisgarh",1.50 MTY,,COAL,2010-11,2009-11,,158.59,,198.59,,,92.09,2016-03,,2016-03,,,,0,0,,,,FR_NOV_2010.pdf,Sector-Wise analysis of projects,36,53
FR_201011_054,,N06000087,54,"Rajrappa RCE OCP - CCL,Jharkhandd",,,COAL,2010-11,2009-12,,510.85,,510.85,,,290.99,2016-03,,2016-03,,,,0,2,,,,FR_NOV_2010.pdf,Sector-Wise analysis of projects,36,54
FR_201011_055,,N06000034,55,"BHUBANESWARI OCP - MCL,",,,COAL,2010-11,2007-12,,490.0,,490.1,,,59.35,,,2017-03,,,,0,1,,,,FR_NOV_2010.pdf,Sector-Wise analysis of projects,36,55
FR_201011_056,,N06000088,56,"KARMA OCP - CCL,Jharkhandd Total",,,COAL,2010-11,2009-06,,162.46,25210.2,162.46,,,9636.83,,,,,,,0,0,,,,FR_NOV_2010.pdf,Sector-Wise analysis of projects,36,56
FR_201011_057,,N08000007,57,"CAPACITY ENHANCEMENT OF VIJAIPUR-I PLANTS - NFL,Madhya pradesh",,,FERTILISERS,2010-11,2008-09,,325.0,,325.0,,,15.86,2011-07,,2011-07,,,,0,0,,,,FR_NOV_2010.pdf,Sector-Wise analysis of projects,36,57
FR_201011_058,,N08000008,58,"CAPACITY ENHANCEMENT OF AMMONIA AND UREA PLANT VIJ - NFL,Madhya pradesh",,,FERTILISERS,2010-11,2008-09,,438.0,,438.0,,,29.06,2011-07,,2011-07,,,,0,0,,,,FR_NOV_2010.pdf,Sector-Wise analysis of projects,36,58
FR_201011_059,,N08000003,59,"THAL AMMONIA REVAMP PROJECT - RCF,Haryana",,,FERTILISERS,2010-11,2009-01,,488.75,,488.75,,,29.87,2011-11,,2011-11,,,,2,22,,,,FR_NOV_2010.pdf,Sector-Wise analysis of projects,36,59
FR_201011_060,,N08000006,60,"NANGAL - AMMONIA PLANT FEEDSTOCK PROJECT - NFL,Punjab",,,FERTILISERS,2010-11,2010-01,,1478.63,,1478.63,,,43.41,2012-12,,2012-12,,,,0,8,,,,FR_NOV_2010.pdf,Sector-Wise analysis of projects,36,60
FR_201011_061,,N08000004,61,"PANIPAT - AMMONIA PLANT FEEDSTOCK CHANGEOVER PROJE - NFL,Haryana",,,FERTILISERS,2010-11,2010-01,,1292.84,,1292.84,,,71.49,2013-01,,2013-01,,,,0,5,,,,FR_NOV_2010.pdf,Sector-Wise analysis of projects,36,61
FR_201011_062,,N08000005,62,"BATHINDA - AMMONIA PLANT FEEDSTOCK CHANGEOVER PROJ - NFL,Punjab Total",,,FERTILISERS,2010-11,2010-01,,1294.19,5317.41,1294.19,,,61.56,2013-01,,2013-01,,,,0,5,,,,FR_NOV_2010.pdf,Sector-Wise analysis of projects,36,62
FR_201011_063,,100100054,63,"SECOND PHASE EXPANSION OF CAPTIVE ALUMINIUM,SMELTER AND POWE - NALCO,Orissa Total",,,MINES,2010-11,2004-10,,4091.51,4401.76,4401.76,,,3893.98,2008-12,2011-01,2011-03,,,,116,110,,,,FR_NOV_2010.pdf,Sector-Wise analysis of projects,37,63
FR_201011_064,,N12000050,64,"EXPANSION OF SALEM STEEL PLANT - SAIL,Tamil Nadu",,,STEEL,2010-11,2008-01,,1902.0,,1902.0,,,1754.78,2011-06,,2010-09,,,,2,6,,,,FR_NOV_2010.pdf,Sector-Wise analysis of projects,37,64
FR_201011_065,,N12000025,65,"INSTALLATION OF 700 TPD OXYGEN PLANT, ROURKELA - SAIL,Orissa",,,STEEL,2010-11,2007-07,,302.7,,302.7,,,244.97,2009-06,,2010-10,,,,0,0,,,,FR_NOV_2010.pdf,Sector-Wise analysis of projects,37,65
FR_201011_066,,N12000036,66,"SIMULTANEOUS BLOWING OF BOF CONVERTER OF SMS-II - SAIL,Orissa",,,STEEL,2010-11,2008-01,,197.66,,197.66,,,130.32,2009-11,,2010-10,,,,0,0,,,,FR_NOV_2010.pdf,Sector-Wise analysis of projects,37,66
FR_201011_067,,N12000060,67,"AIR SEPARATION PLANT (ASU-4) - RINL,Andhra Pradesh",ASU-4,,STEEL,2010-11,2008-03,,96.0,,170.0,,,73.03,2010-06,,2010-12,,,,0,0,,,,FR_NOV_2010.pdf,Sector-Wise analysis of projects,37,67
FR_201011_068,,N12000054,68,"REBUILDING OF COKE OVEN BATTERY NO-6 (BSP) - SAIL,Jharkhandd",BSP,,STEEL,2010-11,2008-07,,172.78,,172.78,,,118.69,2010-01,,2011-02,,,,0,1,,,,FR_NOV_2010.pdf,Sector-Wise analysis of projects,37,68
FR_201011_069,,N12000023,69,"700TPD ARI SEPARATION UNIT-4 AT OXYGEN PLANT-II, BHILLAI - SAIL,Madhya pradesh",,,STEEL,2010-11,2007-07,,111.28,232.93,232.93,,,92.07,2011-05,,2011-05,,,,0,1,,,,FR_NOV_2010.pdf,Sector-Wise analysis of projects,37,69
FR_201011_070,,N12000018,70,"Deve. of Bailadila Iron Ore Deposit- II(B)(NMDC) - NMDC,",NMDC,,STEEL,2010-11,2003-01,,295.89,,607.17,,,237.14,,,2011-06,,,,2,21,,,,FR_NOV_2010.pdf,Sector-Wise analysis of projects,37,70
FR_201011_071,,N12000069,71,"330 TPH BOILER-6 AND AUXILIARY SYSTEM - RINL,Andhra Pradesh",,,STEEL,2010-11,2007-07,,260.0,,350.0,,,190.59,2010-08,,2011-06,,,,0,1,,,,FR_NOV_2010.pdf,Sector-Wise analysis of projects,37,71
FR_201011_072,,N12000033,72,"Rebuilding of coke oven battery No.1 & 2 (Bokaro S - SAIL,Jharkhandd",,,STEEL,2010-11,2007-10,,500.9,,500.9,,,227.82,2010-04,,2011-08,,,,0,2,,,,FR_NOV_2010.pdf,Sector-Wise analysis of projects,37,72
FR_201011_073,,N12000068,73,"67.5 MW TG-5 AUX. S'TEM EMERGENCY POWER REQUIREM - RINL,Andhra Pradesh",,,STEEL,2010-11,2007-07,,230.0,343.58,343.58,,,193.1,2010-02,2011-02,2011-08,,,,0,0,,,,FR_NOV_2010.pdf,Sector-Wise analysis of projects,37,73
FR_201011_074,,N12000051,74,"EXPANSION OF IISCO STEEL PLANT - SAIL,West Bengal",,,STEEL,2010-11,2008-02,,14443.0,,14443.0,,,9520.22,2011-06,2011-12,2011-12,,,,0,6,,,,FR_NOV_2010.pdf,Sector-Wise analysis of projects,37,74
FR_201011_075,,N12000055,75,"EXPANSION OF BOKARO STEEL PLANT - SAIL,Jharkhandd",,,STEEL,2010-11,2008-01,,3316.0,6325.0,6325.0,,,1501.74,2011-12,2011-12,2011-12,,,,0,7,,,,FR_NOV_2010.pdf,Sector-Wise analysis of projects,37,75
FR_201011_076,,120100067,76,"EXPANSION OF RINL/VSP FROM 3 MTPY-6.3 MTPY OF LIQUID STEEL - RINL,Andhra Pradesh",,,STEEL,2010-11,2005-10,,8692.0,,12499.0,,,7446.0,2009-10,,2012-03,,,,4,16,,,,FR_NOV_2010.pdf,Sector-Wise analysis of projects,37,76
FR_201011_077,,N12000053,77,"Augmentation of Iron Ore Storage in RMHP - RINL,Andhra Pradesh",,,STEEL,2010-11,2008-05,,480.0,,480.84,,,52.58,2010-09,,2012-05,,,,0,0,,,,FR_NOV_2010.pdf,Sector-Wise analysis of projects,37,77
FR_201011_078,,N12000038,78,"COKE OVEN BATTERY NO. 4 PHASE- II - RINL,Andhra Pradesh",,,STEEL,2010-11,2007-08,,108.0,,216.68,,,25.19,2009-10,,2012-10,,,,0,0,,,,FR_NOV_2010.pdf,Sector-Wise analysis of projects,37,78
FR_201011_079,,N12000056,79,"EXPENSION OF ROURKELA STEEL PLANT - SAIL,Orissa",,,STEEL,2010-11,2008-09,,6133.0,,8128.0,,,2506.34,2011-02,,2013-03,,,,0,0,,,,FR_NOV_2010.pdf,Sector-Wise analysis of projects,37,79
FR_201011_080,,N12000057,80,"EXPANSION OF BHILAI STEEL PLANT - SAIL,Chhatisgarh",,,STEEL,2010-11,2008-09,,5185.0,17265.0,17265.0,,,1711.17,2013-03,2013-03,2013-03,,,,0,8,,,,FR_NOV_2010.pdf,Sector-Wise analysis of projects,37,80
FR_201011_081,,N12000035,81,"REBUILDING OF BLAST FURNANCE NO.2(BOKARO STEEL PL - SAIL,Jharkhandd",,,STEEL,2010-11,2007-10,,892.32,,892.32,,,616.57,2009-08,,,,,,2,1,,,,FR_NOV_2010.pdf,Sector-Wise analysis of projects,38,81
FR_201011_082,,N12000039,82,"POWER PLANT-I - RINL,Andhra Pradesh Total",,,STEEL,2010-11,2007-09,,462.0,43780.53,350.0,,,84.4,2009-12,,,,,,0,0,,,,FR_NOV_2010.pdf,Sector-Wise analysis of projects,38,82
FR_201011_083,,N16000056,83,"INSTALLATION OF FCCV AT MUMBAI REFINERY - HPCL,Maharashtra",,,PETROLEUM,2010-11,2007-03,,900.47,,900.47,,,1332.68,2009-09,,2010-11,,,,0,0,,,,FR_NOV_2010.pdf,Sector-Wise analysis of projects,38,83
FR_201011_084,,N16000036,84,"MSQ UPGRADATION PROJECT AT GUWAHATI REFINERY - IOCL,",,,PETROLEUM,2010-11,2008-04,,372.0,,276.0,,,227.16,,,2010-12,,,,0,28,,,,FR_NOV_2010.pdf,Sector-Wise analysis of projects,38,84
FR_201011_085,,N16000037,85,"MSQ UPGRADATION PROJECT AT DIGBOI REFINERY - IOCL,Assam",,,PETROLEUM,2010-11,2008-04,,356.0,,251.0,,,218.45,,,2010-12,,,,0,27,,,,FR_NOV_2010.pdf,Sector-Wise analysis of projects,38,85
FR_201011_086,,N16000038,86,"MSQ UPGRADATION PROJECT AT BARAUNI REFINERY - IOCL,Bihar",,,PETROLEUM,2010-11,2008-04,,1492.0,,1525.0,,,1098.99,2010-04,,2010-12,,,,0,0,,,,FR_NOV_2010.pdf,Sector-Wise analysis of projects,38,86
FR_201011_087,,N16000076,87,"Guru Govind Singh Refinary Products Evacuation Project - HPCL,Punjab",,,PETROLEUM,2010-11,2009-01,,605.4,605.4,510.0,,,311.58,2010-12,2010-12,2010-12,,,,17,17,,,,FR_NOV_2010.pdf,Sector-Wise analysis of projects,38,87
FR_201011_088,,N16000080,88,"CAPACITY EXP. CUM MODERNISATION PH-II - BPCL,Kerala",,,PETROLEUM,2010-11,2009-09,,2591.8,3941.41,3941.41,,,3179.63,2009-12,,2010-12,,,,0,0,,,,FR_NOV_2010.pdf,Sector-Wise analysis of projects,38,88
FR_201011_089,,N16000102,89,"Integrated Sugar, Ethanol, Cogen Power Plant at Sugauli - HPCL,Bihar",,,PETROLEUM,2010-11,2009-06,,613.54,,727.88,,,315.52,2010-12,,2010-12,,,,0,0,,,,FR_NOV_2010.pdf,Sector-Wise analysis of projects,38,89
FR_201011_090,,N16000021,90,"RESIDUE UPGRADATION AND MS/HSD QUALITY IMPROVEMENT - IOCL,Gujarat",,,PETROLEUM,2010-11,2007-01,,5693.0,6898.0,6898.0,,,5822.64,2010-06,,2011-01,,,,57,42,,,,FR_NOV_2010.pdf,Sector-Wise analysis of projects,38,90
FR_201011_091,,N16000048,91,"VIJAPUR DADRI-BAWANA PIPE LINE PROJECT - GAIL,Multi State",,,PETROLEUM,2010-11,2007-11,,5595.31,4316.0,3700.0,,,3307.01,2009-11,2010-04,2011-01,,,,0,0,,,,FR_NOV_2010.pdf,Sector-Wise analysis of projects,38,91
FR_201011_092,,N16000049,92,"SULTANPUR NEEMRANA PIPE LINE PROJECT (Spurline to CJPL) - GAIL,Multi State",Spurline to CJPL,,PETROLEUM,2010-11,2007-11,,396.13,,396.13,,,185.56,2009-10,2010-06,2011-01,,,,0,0,,,,FR_NOV_2010.pdf,Sector-Wise analysis of projects,38,92
FR_201011_093,,160100168,93,"C2-C3 AND LPG RECOVERY FROM LNG, DAHEJ (ONGC) - ONGC,Gujarat",ONGC,,PETROLEUM,2010-11,2003-12,,900.92,1493.49,976.08,,,735.45,2006-06,2010-07,2011-02,,,,0,2,,,,FR_NOV_2010.pdf,Sector-Wise analysis of projects,38,93
FR_201011_094,,N16000066,94,"CONSTRUCTION OF NEW TERMINAL AT ENNORE CHENNAI - HPCL,Tamil Nadu",,,PETROLEUM,2010-11,2008-01,,224.0,,224.0,,,136.12,2010-12,2011-02,2011-02,,,,0,0,,,,FR_NOV_2010.pdf,Sector-Wise analysis of projects,38,94
FR_201011_095,,160100215,95,"IOR LAKWA - LAKHMANI (ONGCL) - ONGC,Assam",ONGCL,,PETROLEUM,2010-11,2001-09,,345.1,,600.0,,,552.27,2007-03,,2011-03,,,,3,3,,,,FR_NOV_2010.pdf,Sector-Wise analysis of projects,38,95
FR_201011_096,,160100216,96,"IOR GELEKI (ONGCL) - ONGC,Assam",ONGCL,,PETROLEUM,2010-11,2001-09,,390.09,834.9,1200.0,,,1138.77,2007-03,2011-03,2011-03,,,,6,6,,,,FR_NOV_2010.pdf,Sector-Wise analysis of projects,38,96
FR_201011_097,,160100217,97,"IOR, RUDRASAGAR (ONGCL) - ONGC,Assam",ONGCL,,PETROLEUM,2010-11,2001-09,,113.9,219.22,219.22,,,198.22,2006-03,,2011-03,,,,6,6,,,,FR_NOV_2010.pdf,Sector-Wise analysis of projects,38,97
FR_201011_098,,N16000009,98,"DIESEL HYDRO TREATMENT PROJECT,BRPL DHALIGAON - BRPL,Assam",,,PETROLEUM,2010-11,2006-06,,1431.91,1646.39,1676.0,,,1463.68,2009-09,,2011-03,,,,0,0,,,,FR_NOV_2010.pdf,Sector-Wise analysis of projects,38,98
FR_201011_099,,N16000023,99,"DEVELOPMENT OF C-SERIES FIELDS - ONGC,Maharashtra",,,PETROLEUM,2010-11,2006-08,,3195.16,,2800.0,,,2520.63,2008-12,2008-12,2011-03,,,,0,0,,,,FR_NOV_2010.pdf,Sector-Wise analysis of projects,39,99
FR_201011_100,,N16000024,100,"HEERA AND SOUTH HEERA RE- DEVELOPMENT PROJECT - ONGC,Maharashtra",,,PETROLEUM,2010-11,2006-09,,2305.3,,2305.3,,,2061.15,2010-06,2010-06,2011-03,,,,0,0,,,,FR_NOV_2010.pdf,Sector-Wise analysis of projects,39,100
FR_201011_101,,N16000040,101,"MSQ IMPROVMENT PROJECT - IOCL,Assam",,,PETROLEUM,2010-11,2008-04,,293.6,,294.0,,,196.15,2009-12,,2011-03,,,,0,0,,,,FR_NOV_2010.pdf,Sector-Wise analysis of projects,39,101
FR_201011_102,,N16000083,102,"REFRIGERAPED LPG STORAGE AT JNPT - BPCL,Maharashtra",,,PETROLEUM,2010-11,2008-06,,304.4,,304.4,,,169.86,2010-12,,2011-03,,,,0,0,,,,FR_NOV_2010.pdf,Sector-Wise analysis of projects,39,102
FR_201011_103,,N16000050,103,"BAWANA NANGAL PIPE LINE PROJECT - GAIL,Multi State",,,PETROLEUM,2010-11,2011-07,,1816.07,1816.07,1400.0,,,482.68,2011-04,,2011-04,,,,0,1,,,,FR_NOV_2010.pdf,Sector-Wise analysis of projects,39,103
FR_201011_104,,N16000052,104,"DAHEJ-VIJAYPUR PIPE LINE PROJECT(PHASE-II) - GAIL,Multi State",PHASE-II,,PETROLEUM,2010-11,2007-11,,4429.38,4403.0,2800.0,,,1844.64,2011-10,2011-04,2011-04,,,,0,2,,,,FR_NOV_2010.pdf,Sector-Wise analysis of projects,39,104
FR_201011_105,,N16000053,105,"COMPRESSOR STATIONS (VIJAYPUR AND JHABUA) PHASE-I - GAIL,",VIJAYPUR AND JHABUA,,PETROLEUM,2010-11,2007-11,,1512.0,1434.0,1434.0,,,728.24,2011-04,,2011-04,,,,0,3,,,,FR_NOV_2010.pdf,Sector-Wise analysis of projects,39,105
FR_201011_106,,N16000054,106,"COMPRESSOR STATIONS (KAILARAS &CHAINSA) - GAIL,Multi State",KAILARAS &CHAINSA,,PETROLEUM,2010-11,2007-11,,1167.0,1167.0,810.0,,,46.71,2011-04,2011-04,2011-04,,,,0,2,,,,FR_NOV_2010.pdf,Sector-Wise analysis of projects,39,106
FR_201011_107,,N16000062,107,"HEERA RECONSTRUCTION - ONGC,Maharashtra",,,PETROLEUM,2010-11,2008-05,,706.7,,706.7,,,474.75,2010-04,,2011-04,,,,0,0,,,,FR_NOV_2010.pdf,Sector-Wise analysis of projects,39,107
FR_201011_108,,N16000063,108,"NEELAM RECONSTRUCTION - ONGC,Maharashtra",,,PETROLEUM,2010-11,2008-05,,305.08,,305.08,,,88.25,2011-04,,2011-04,,,,0,0,,,,FR_NOV_2010.pdf,Sector-Wise analysis of projects,39,108
FR_201011_109,,160100231,109,"INTEGRATED DEV OF G1 and GS-15 (ONGCL) - ONGC,Multi State",ONGCL,,PETROLEUM,2010-11,2003-04,,429.82,2218.01,2218.01,,,1234.69,2005-03,2011-05,2011-05,,,,0,0,,,,FR_NOV_2010.pdf,Sector-Wise analysis of projects,39,109
FR_201011_110,,N16000045,110,"MNW-NF BRIDGE PROJECT - ONGC,Maharashtra",,,PETROLEUM,2010-11,2008-05,,175.21,,162.12,,,58.26,2009-03,,2011-05,,,,0,0,,,,FR_NOV_2010.pdf,Sector-Wise analysis of projects,39,110
FR_201011_111,,N16000096,111,"North Tapti Gas Field Development - ONGC,Multi State",,,PETROLEUM,2010-11,2010-01,,589.7,755.76,755.76,,,78.13,2011-03,2011-05,2011-05,,,,0,0,,,,FR_NOV_2010.pdf,Sector-Wise analysis of projects,39,111
FR_201011_112,,N16000091,112,"BNPL superlines(Uttranchal & Punjab) - GAIL,Multi State",Uttranchal & Punjab,,PETROLEUM,2010-11,2009-12,,540.92,,540.92,,,0.96,2011-05,,2011-06,,,,0,0,,,,FR_NOV_2010.pdf,Sector-Wise analysis of projects,39,112
FR_201011_113,,N16000093,113,"VKPL UPGRADATION AND LAYING OF SPURLINE (TO BHILWARA AND CHI - GAIL,Multi State",,,PETROLEUM,2010-11,2009-12,,463.32,,463.32,,,0.13,2011-06,,2011-06,,,,3,9,,,,FR_NOV_2010.pdf,Sector-Wise analysis of projects,39,113
FR_201011_114,,N16000094,114,"BNPL SPURLINE (UTTRANCHAL & PUNJAB) - GAIL,Multi State",UTTRANCHAL & PUNJAB,,PETROLEUM,2010-11,2009-12,,540.92,,540.92,,,1.35,2011-06,,2011-06,,,,7,9,,,,FR_NOV_2010.pdf,Sector-Wise analysis of projects,39,114
FR_201011_115,,N16000068,115,"DIESEL HYDROTREATOR PROJECT AT VISAKH REFINERY - HPCL,Andhra Pradesh",,,PETROLEUM,2010-11,2009-03,,3597.0,,3597.0,,,146.54,2011-09,,2011-09,,,,0,0,,,,FR_NOV_2010.pdf,Sector-Wise analysis of projects,39,115
FR_201011_116,,N16000069,116,"DIESEL HYDROTREATOR PROJECT AT MUMBAI REFINERY - HPCL,Maharashtra",,,PETROLEUM,2010-11,2009-03,,3284.0,,3284.0,,,108.33,2011-09,,2011-09,,,,0,0,,,,FR_NOV_2010.pdf,Sector-Wise analysis of projects,39,116
FR_201011_117,,N16000057,117,"RESITMENT OF MARKETING INSTALATION AT VISAKH - HPCL,Andhra Pradesh",,,PETROLEUM,2010-11,2009-01,,756.0,,756.0,,,492.96,2011-12,,2011-12,,,,0,0,,,,FR_NOV_2010.pdf,Sector-Wise analysis of projects,39,117
FR_201011_118,,N16000059,118,"BRANCH PIPELINE FROM KSPL VIRAMGAON TO KANDLA - IOCL,Gujarat",,,PETROLEUM,2010-11,2009-02,,349.0,,349.0,,,123.86,2011-08,,2011-12,,,,0,0,,,,FR_NOV_2010.pdf,Sector-Wise analysis of projects,39,118
FR_201011_119,,N16000071,119,"KOCHI-KANJIRKOD BANGALORE- MANGALORE PIPELINE PROJECT PHASE-I - GAIL,Multi State",,,PETROLEUM,2010-11,2009-06,,348.0,38.0,348.0,,,8.7,2012-03,,2011-12,,,,6,12,,,,FR_NOV_2010.pdf,Sector-Wise analysis of projects,39,119
FR_201011_120,,N16000081,120,"HYDROCRACKER REVAMP & SETTING - BPCL,Maharashtra",,,PETROLEUM,2010-11,2008-02,,825.0,,825.0,,,85.27,,,2011-12,,,,0,203,,,,FR_NOV_2010.pdf,Sector-Wise analysis of projects,40,120
FR_201011_121,,N16000084,121,"CONSTRUCTION OF 12 OFFSHORE SUPPLY VESSELS(OSV) - ONGC,Multi State",OSV,,PETROLEUM,2010-11,2007-06,,736.65,,736.65,,,154.37,2011-12,,2011-12,,,,0,0,,,,FR_NOV_2010.pdf,Sector-Wise analysis of projects,40,121
FR_201011_122,,N16000086,122,"ADDITIONAL DEV. OF D-1 FIELD - ONGC,Multi State",,,PETROLEUM,2010-11,2010-01,,2163.64,,2163.64,,,110.39,2011-12,,2011-12,,,,0,0,,,,FR_NOV_2010.pdf,Sector-Wise analysis of projects,40,122
FR_201011_123,,N16000109,123,"EURO-IV DHDT - CPCL,",,,PETROLEUM,2010-11,2008-09,,2615.69,,2615.69,,,1253.31,,,2011-12,,,,0,116,,,,FR_NOV_2010.pdf,Sector-Wise analysis of projects,40,123
FR_201011_124,,N16000031,124,"OFFSHORE GRID INTERCONNECTIVITY PROJECT IN MUMBAI HIGH - ONGC,Maharashtra",,,PETROLEUM,2010-11,2007-01,,740.02,,740.02,,,411.41,2010-03,2012-03,2012-03,,,,0,0,,,,FR_NOV_2010.pdf,Sector-Wise analysis of projects,40,124
FR_201011_125,,N16000073,125,"DHABOL-BANGALORE PIPELINE PROJECT PHASE-I - GAIL,Multi State",,,PETROLEUM,2010-11,2009-06,,4543.43,4508.38,2600.0,,,37.73,2012-03,,2012-03,,,,11,10,,,,FR_NOV_2010.pdf,Sector-Wise analysis of projects,40,125
FR_201011_126,,N16000110,126,"CDU/VDU-II - CPCL,",,,PETROLEUM,2010-11,2010-03,,333.99,,333.99,,,15.69,,,2012-03,,,,4,36,,,,FR_NOV_2010.pdf,Sector-Wise analysis of projects,40,126
FR_201011_127,,N16000106,127,"Assam gas Cracker project - BCPL,Assam",,,PETROLEUM,2010-11,2006-04,,5460.61,,5460.61,,,1246.69,,,2012-04,,,,0,2,,,,FR_NOV_2010.pdf,Sector-Wise analysis of projects,40,127
FR_201011_128,,N16000030,128,"CONSTRUCTION OF NEW PROCESS COMPLEX MHN - ONGC,Maharashtra",,,PETROLEUM,2010-11,2007-01,,2853.29,6326.4,6326.4,,,1683.89,2010-05,2012-05,2012-05,,,,0,0,,,,FR_NOV_2010.pdf,Sector-Wise analysis of projects,40,128
FR_201011_129,,N16000032,129,"DEVELOPMENT OF B-22 CLUSTER FIELDS - ONGC,Maharashtra",,,PETROLEUM,2010-11,2007-01,,1552.63,2920.82,2920.82,,,165.0,2009-02,2012-03,2012-05,,,,0,0,,,,FR_NOV_2010.pdf,Sector-Wise analysis of projects,40,129
FR_201011_130,,N16000044,130,"REVAMPING OF WIN PLATFORM AT MH ASSET - ONGC,Maharashtra",,,PETROLEUM,2010-11,2008-05,,333.4,,330.4,,,2.45,2010-05,,2012-05,,,,0,0,,,,FR_NOV_2010.pdf,Sector-Wise analysis of projects,40,130
FR_201011_131,,N16000046,131,"DEVELOPMENT OF B-46 CLUSTER FIELD - ONGC,Maharashtra",,,PETROLEUM,2010-11,2007-06,,1436.21,,1436.21,,,,2010-07,2012-05,2012-05,,,,0,0,,,,FR_NOV_2010.pdf,Sector-Wise analysis of projects,40,131
FR_201011_132,,N16000033,132,"DEVELOPMENT OF B-193 CLUSTER FIELDS - ONGC,Maharashtra",,,PETROLEUM,2010-11,2007-06,,3248.78,5633.44,5633.44,,,89.83,2010-03,2012-03,2012-06,,,,0,0,,,,FR_NOV_2010.pdf,Sector-Wise analysis of projects,40,132
FR_201011_133,,N16000090,133,"Integrated offshore crude Oil handling facilities at Paradip - IOCL,Orissa",,,PETROLEUM,2010-11,2009-12,,1492.33,,1492.33,,,154.65,2012-06,,2012-06,,,,0,0,,,,FR_NOV_2010.pdf,Sector-Wise analysis of projects,40,133
FR_201011_134,,N16000097,134,"Additional Development of D-1 Field - ONGC,Multi State",,,PETROLEUM,2010-11,2010-01,,2163.64,,2163.64,,,213.44,2011-12,2012-06,2012-06,,,,0,0,,,,FR_NOV_2010.pdf,Sector-Wise analysis of projects,40,134
FR_201011_135,,N16000065,135,"ADDITIONAL GAS PROCESSING FACILITI AT HAZIRA - ONGC,Gujarat",,,PETROLEUM,2010-11,2008-02,,370.11,,370.11,,,17.75,2011-04,,2012-07,,,,0,0,,,,FR_NOV_2010.pdf,Sector-Wise analysis of projects,40,135
FR_201011_136,,N16000098,136,"Up-gradation of Konaban GGS and Pipeline Grid Project - ONGC,Tripura",,,PETROLEUM,2010-11,2008-07,,288.04,288.04,288.04,,,10.5,2012-08,,2012-08,,,,0,0,,,,FR_NOV_2010.pdf,Sector-Wise analysis of projects,40,136
FR_201011_137,,N16000060,137,"MUMBAI HIGH NORTH DEVELOPMENT PHASE-II - ONGC,Maharashtra",,,PETROLEUM,2010-11,2009-01,,6855.93,,6855.93,,,1077.44,2012-09,,2012-09,,,,0,0,,,,FR_NOV_2010.pdf,Sector-Wise analysis of projects,40,137
FR_201011_138,,N16000088,138,"Paradip-Raipur-Sambalpur Ranchi Pipeline - IOCL,Multi State",,,PETROLEUM,2010-11,2009-08,,1793.0,,1793.0,,,21.05,2012-09,,2012-09,,,,0,0,,,,FR_NOV_2010.pdf,Sector-Wise analysis of projects,40,138
FR_201011_139,,N16000099,139,"Construction of six Effluent Treatment Plants (ETP) - ONGC,Gujarat",ETP,,PETROLEUM,2010-11,2009-03,,234.78,234.78,234.78,,,,2012-09,,2012-09,,,,0,0,,,,FR_NOV_2010.pdf,Sector-Wise analysis of projects,40,139
FR_201011_140,,N16000058,140,"PARADIP REFINERY PROJECT - IOCL,Orissa",,,PETROLEUM,2010-11,2009-02,,29777.0,,29777.0,,,4794.53,,,2012-11,,,,58,103,,,,FR_NOV_2010.pdf,Sector-Wise analysis of projects,41,140
FR_201011_141,,N16000064,141,"ADDITIONAL GAS PROCESSING UNITS AT URAN - ONGC,Maharashtra",,,PETROLEUM,2010-11,2008-10,,1797.35,,1797.35,,,9.78,2011-12,,2013-01,,,,0,0,,,,FR_NOV_2010.pdf,Sector-Wise analysis of projects,41,141
FR_201011_142,,N16000072,142,"JAGDISHPUR-HALDIA PIPELINE PROJECT PHASE-I - GAIL,Multi State",,,PETROLEUM,2010-11,2009-07,,7596.18,,6652.22,,,0.65,2013-01,,2013-01,,,,0,0,,,,FR_NOV_2010.pdf,Sector-Wise analysis of projects,41,142
FR_201011_143,,N16000107,143,"Fluidized catalytic cracking unit(FCCU) revamp - IOCL,Uttar Pradesh",FCCU,,PETROLEUM,2010-11,2010-07,,1000.0,,1000.0,,,7.93,2013-01,,2013-01,,,,0,0,,,,FR_NOV_2010.pdf,Sector-Wise analysis of projects,41,143
FR_201011_144,,N16000108,144,"Butadiene Extraction Unit(BDEU) at Panipat - IOCL,Haryana",BDEU,,PETROLEUM,2010-11,2009-11,,341.5,,341.5,,,,2013-02,,2013-02,,,,0,0,,,,FR_NOV_2010.pdf,Sector-Wise analysis of projects,41,144
FR_201011_145,,N16000039,145,"MUMBAI HIGH SOUTH REDEVELOPMENT PH-2 - ONGC,Maharashtra",,,PETROLEUM,2010-11,2007-06,,1252.75,8813.41,8813.41,,,5434.52,2009-06,2013-03,2013-03,,,,0,0,,,,FR_NOV_2010.pdf,Sector-Wise analysis of projects,41,145
FR_201011_146,,N16000061,146,"ASSAM RENEWAL PROJECT FOR GROUP A - ONGC,Assam",,,PETROLEUM,2010-11,2009-03,,2465.15,,2378.86,,,211.94,2013-03,,2013-03,,,,0,0,,,,FR_NOV_2010.pdf,Sector-Wise analysis of projects,41,146
FR_201011_147,,N16000103,147,"Construction of one Multipurpose Support Vessel - ONGC,Multi State",,,PETROLEUM,2010-11,2010-01,,723.64,,723.64,,,,2013-03,,2013-03,,,,0,0,,,,FR_NOV_2010.pdf,Sector-Wise analysis of projects,41,147
FR_201011_148,,N16000104,148,"Development of Cluster-7 Fields - ONGC,Multi State",,,PETROLEUM,2010-11,2010-03,,3241.03,,3241.03,,,,2013-03,,2013-03,,,,0,0,,,,FR_NOV_2010.pdf,Sector-Wise analysis of projects,41,148
FR_201011_149,,N16000105,149,"Development of WO-16 Cluster Fields - ONGC,Multi State",,,PETROLEUM,2010-11,2010-06,,2523.0,,2523.0,,,,2014-01,,2014-01,,,,0,0,,,,FR_NOV_2010.pdf,Sector-Wise analysis of projects,41,149
FR_201011_150,,N16000101,150,"Wax Project - NRL,Assam",,,PETROLEUM,2010-11,2010-08,,576.6,,576.6,,,6.48,2014-02,,2014-02,,,,0,0,,,,FR_NOV_2010.pdf,Sector-Wise analysis of projects,41,150
FR_201011_151,,N16000051,151,"JHAJJAR HISSAR PIPE LINE PROJECT - GAIL,Haryana",,,PETROLEUM,2010-11,2007-11,,281.07,,281.07,,,2.13,2010-10,,,,,,0,0,,,,FR_NOV_2010.pdf,Sector-Wise analysis of projects,41,151
FR_201011_152,,N16000089,152,"De-bottlenecking of SMPL - IOCL,Maharashtra Total",,,PETROLEUM,2010-11,2009-12,,1584.0,142330.59,1584.0,,,48309.52,,,2012-12,,,,0,0,,,,FR_NOV_2010.pdf,Sector-Wise analysis of projects,41,152
FR_201011_153,,N18000011,153,"KORBA STPP STAGE-III - NTPC,Madhya pradesh",,,POWER,2010-11,2006-08,,2448.5,,2448.49,,,2103.0,2010-02,,2010-12,,,,5,24,,,,FR_NOV_2010.pdf,Sector-Wise analysis of projects,41,153
FR_201011_154,,N18000040,154,"EST. OF 400/220 KV GIS POOLING STATION NEAR CHAMER - PGCIL,Himachal Pr.",,,POWER,2010-11,2007-09,,262.1,,262.1,,,142.59,2010-09,,2010-12,,,,0,0,,,,FR_NOV_2010.pdf,Sector-Wise analysis of projects,41,154
FR_201011_155,,N18000064,155,"TR. SYSTEM ASSOCIATED WITH CHAMERA III HEP - PGCIL,Multi State",,,POWER,2010-11,2008-04,,297.37,,297.37,,,246.39,2011-07,,2010-12,,,,0,0,,,,FR_NOV_2010.pdf,Sector-Wise analysis of projects,41,155
FR_201011_156,,N18000033,156,"EASTERN REGION STRENGTHENING SCHEME-II - PGCIL,Multi State",,,POWER,2010-11,2007-12,,227.52,,227.52,,,117.46,2010-06,,2011-01,,,,0,0,,,,FR_NOV_2010.pdf,Sector-Wise analysis of projects,41,156
FR_201011_157,,N18000037,157,"TR. SYSTEM FOR STARTUP POWER TO DVC & MAITHON RB G - PGCIL,Haryana",,,POWER,2010-11,2008-04,,290.49,,299.08,,,309.36,2010-04,,2011-01,,,,0,0,,,,FR_NOV_2010.pdf,Sector-Wise analysis of projects,41,157
FR_201011_158,,260100100,158,"EAST-WEST TRANSNISSION CORRIDOR STRENGTHNING SCHEME - PGCIL,Multi State",,,POWER,2010-11,2006-06,,803.7,40.0,803.76,,,622.67,2009-06,,2011-02,,,,1,20,,,,FR_NOV_2010.pdf,Sector-Wise analysis of projects,41,158
FR_201011_159,,N18000016,159,"Farakka STPP Stage-III - NTPC,West Bengal",,,POWER,2010-11,2006-07,,2570.44,,2570.44,,,1812.0,2010-08,,2011-02,,,,13,26,,,,FR_NOV_2010.pdf,Sector-Wise analysis of projects,42,159
FR_201011_160,,180100258,160,"KUNADANKULAM-APP TRANS. SYSTEM (PGCIL) - PGCIL,Tamil Nadu",PGCIL,,POWER,2010-11,2005-05,,1779.29,,1946.85,,,1626.71,2008-11,,2011-03,,,,25,38,,,,FR_NOV_2010.pdf,Sector-Wise analysis of projects,42,160
FR_201011_161,,180100260,161,"TRANSMISSION SY. ASSOCIATED WITH BARH GENER. PROJECT(P.GR.) - PGCIL,Bihar",P.GR.,,POWER,2010-11,2005-12,,3779.46,,3725.13,,,3422.62,2009-09,,2011-03,,,,15,30,,,,FR_NOV_2010.pdf,Sector-Wise analysis of projects,42,161
FR_201011_162,,N18000004,162,"EASTERN REGION STRENGTHENING SCHEME-I - PGCIL,Uttar Pradesh",,,POWER,2010-11,2006-10,,975.96,,894.26,,,626.81,2009-10,,2011-03,,,,2,20,,,,FR_NOV_2010.pdf,Sector-Wise analysis of projects,42,162
FR_201011_163,,N18000022,163,"WESTERN REGION STRENGTHENING SCHEME-II - PGCIL,Rajasthan",,,POWER,2010-11,2006-07,,5221.23,,4978.56,,,2656.48,2010-07,,2011-03,,,,3,20,,,,FR_NOV_2010.pdf,Sector-Wise analysis of projects,42,163
FR_201011_164,,N18000035,164,"WESTERN REGION STRENGTHENING SCHEME-V - PGCIL,Maharashtra",,,POWER,2010-11,2007-12,,477.69,,477.69,,,325.0,2010-09,,2011-03,,,,0,0,,,,FR_NOV_2010.pdf,Sector-Wise analysis of projects,42,164
FR_201011_165,,N18000038,165,"WESTERN REGION STREGTHENING SCHEME-VI - PGCIL,Gujarat",,,POWER,2010-11,2008-02,,340.72,,340.72,,,154.32,2010-11,,2011-03,,,,0,0,,,,FR_NOV_2010.pdf,Sector-Wise analysis of projects,42,165
FR_201011_166,,N18000050,166,"WESTERN REGION STRENGHTENING SCHEME-IX - PGCIL,Multi State",,,POWER,2010-11,2008-04,,230.89,,230.89,,,54.57,2011-01,,2011-03,,,,0,0,,,,FR_NOV_2010.pdf,Sector-Wise analysis of projects,42,166
FR_201011_167,,N18000023,167,"Transmission system associated with Uri-II HEP - PGCIL,J & K",,,POWER,2010-11,2006-10,,238.25,,227.03,,,196.33,,,2011-05,,,,0,0,,,,FR_NOV_2010.pdf,Sector-Wise analysis of projects,42,167
FR_201011_168,,N18000032,168,"SIMHADRI STPP STAGE -II (NTPC) - NTPC,Andhra Pradesh",NTPC,,POWER,2010-11,2007-08,,5103.39,,5103.39,,,3394.0,2011-05,,2011-05,,,,0,0,,,,FR_NOV_2010.pdf,Sector-Wise analysis of projects,42,168
FR_201011_169,,N18000018,169,"TRANSMISSION SYSTEM ASSOCIATED WITH PARBATI-III HE - PGCIL,Himachal Pr.",,,POWER,2010-11,2006-07,,557.24,,639.52,,,409.85,2010-01,,2011-06,,,,0,22,,,,FR_NOV_2010.pdf,Sector-Wise analysis of projects,42,169
FR_201011_170,,N18000043,170,"TRANSMISSION SYSTEM ASSOCIATED WITH FARAKKA-III - PGCIL,Multi State",,,POWER,2010-11,2008-12,,204.07,,204.07,,,92.45,2011-06,,2011-06,,,,0,0,,,,FR_NOV_2010.pdf,Sector-Wise analysis of projects,42,170
FR_201011_171,,N18000059,171,"TRANSMISSION SYSTEM ASSOCIATED WITH CORBA III GENE - PGCIL,Madhya pradesh",,,POWER,2010-11,2009-02,,276.61,,276.61,,,163.39,2011-06,,2011-06,,,,0,0,,,,FR_NOV_2010.pdf,Sector-Wise analysis of projects,42,171
FR_201011_172,,N18000067,172,"SYSTEM STRENGHTENING -XI IN SOUTHERN REGION - PGCIL,Multi State",,,POWER,2010-11,2009-03,,196.1,,196.1,,,26.53,2011-07,,2011-07,,,,0,0,,,,FR_NOV_2010.pdf,Sector-Wise analysis of projects,42,172
FR_201011_173,,180100241,173,"CHAMERA,STAGE-III (NHPC) - NHPC,Himachal Pr.",NHPC,,POWER,2010-11,2005-08,,1405.63,,1405.63,,,1347.01,2010-08,,2011-08,,,,0,0,,,,FR_NOV_2010.pdf,Sector-Wise analysis of projects,42,173
FR_201011_174,,N18000007,174,"CHUTAK HYDRO-ELECTRIC PROJECT (NHPC) - NHPC,J & K",NHPC,,POWER,2010-11,2006-08,,621.26,,621.28,,,555.49,2011-02,,2011-08,,,,0,1,,,,FR_NOV_2010.pdf,Sector-Wise analysis of projects,42,174
FR_201011_175,,N18000058,175,"NORTHERN REGION SYSTEM STRENGHTENING SCHEME-XVII - PGCIL,Rajasthan",,,POWER,2010-11,2009-02,,210.79,,210.79,,,99.65,2011-08,,2011-08,,,,0,0,,,,FR_NOV_2010.pdf,Sector-Wise analysis of projects,42,175
FR_201011_176,,N18000006,176,"NIMOO BAZGO HYDROELECTRIC PROJECT (NHPC) - NHPC,J & K",NHPC,,POWER,2010-11,2006-08,,611.01,,611.02,,,549.54,2010-08,,2011-09,,,,0,0,,,,FR_NOV_2010.pdf,Sector-Wise analysis of projects,42,176
FR_201011_177,,N18000044,177,"SYSTEM STRENGHTENING IN NR GRID FOR KARCHAM WANGTO - PGCIL,Multi State",,,POWER,2010-11,2008-12,,328.97,,328.97,,,161.47,2011-09,,2011-09,,,,0,0,,,,FR_NOV_2010.pdf,Sector-Wise analysis of projects,42,177
FR_201011_178,,180100251,178,"URI H.E.P STAGE -II (NHPC) - NHPC,J & K",NHPC,,POWER,2010-11,2005-08,,1729.29,41.0,1724.79,,,1264.9,2009-11,,2011-11,,,,0,0,,,,FR_NOV_2010.pdf,Sector-Wise analysis of projects,42,178
FR_201011_179,,N18000052,179,"NORTHERN REGION SYSTEM STRENGHTENING SCHEME-XV - PGCIL,Multi State",,,POWER,2010-11,2009-02,,520.48,,520.48,,,203.79,2011-11,,2011-11,,,,0,0,,,,FR_NOV_2010.pdf,Sector-Wise analysis of projects,43,179
FR_201011_180,,N18000053,180,"NORTHERN REGION SYSTEM STRENGHTENING SCHEME-XVIII - PGCIL,Multi State",,,POWER,2010-11,2009-02,,509.66,,509.66,,,145.88,2011-11,,2011-11,,,,0,0,,,,FR_NOV_2010.pdf,Sector-Wise analysis of projects,43,180
FR_201011_181,,N18000054,181,"NORTHERN REGION SYSTEM STRENGHTENING SCHEME-XIII - PGCIL,Multi State",,,POWER,2010-11,2009-02,,317.69,,317.69,,,15.18,2011-11,,2011-11,,,,0,0,,,,FR_NOV_2010.pdf,Sector-Wise analysis of projects,43,181
FR_201011_182,,N18000063,182,"TRANSMISSION SYSTEM ASSOCIATED WITH RAMPUR HEP - PGCIL,Multi State",,,POWER,2010-11,2009-02,,184.19,,184.19,,,82.81,2011-11,,2011-11,,,,0,0,,,,FR_NOV_2010.pdf,Sector-Wise analysis of projects,43,182
FR_201011_183,,180100222,183,"TESSTA LOW DAM - III HYDROELECTRIC POWER PROJECT - NHPC,West Bengal",,,POWER,2010-11,2003-10,,768.92,,768.92,,,1226.24,2007-03,,2011-12,,,,1,25,,,,FR_NOV_2010.pdf,Sector-Wise analysis of projects,43,183
FR_201011_184,,180100229,184,"SIPAT STPP STAGE - I (NTPC) - NTPC,Chhatisgarh",NTPC,,POWER,2010-11,2003-12,,8323.39,,8323.39,,,6633.0,2009-12,,2011-12,,,,33,56,,,,FR_NOV_2010.pdf,Sector-Wise analysis of projects,43,184
FR_201011_185,,180100250,185,"PARBATI H.E.P. STAGE -III (NHPC) - NHPC,Himachal Pr.",NHPC,,POWER,2010-11,2005-10,,2304.56,,2304.52,,,1206.78,2010-10,,2011-12,,,,0,0,,,,FR_NOV_2010.pdf,Sector-Wise analysis of projects,43,185
FR_201011_186,,180100256,186,"KOTESWAR TRANSMISSION SYSTEM (PGCIL) - PGCIL,Uttaranchal",PGCIL,,POWER,2010-11,2006-06,,260.34,,241.27,,,157.81,2008-06,,2011-12,,,,8,20,,,,FR_NOV_2010.pdf,Sector-Wise analysis of projects,43,186
FR_201011_187,,N18000071,187,"TRIPURA GAS BASED POWER PROJECT - NEEPCO,Tripura",,,POWER,2010-11,2009-07,,421.01,,623.44,,,58.82,2012-01,,2012-01,,,,0,0,,,,FR_NOV_2010.pdf,Sector-Wise analysis of projects,43,187
FR_201011_188,,N18000049,188,"WESTERN REGION STRENGHTENING SCHEME-X - PGCIL,Multi State",,,POWER,2010-11,2009-02,,664.96,,664.96,,,70.35,2012-02,,2012-02,,,,0,0,,,,FR_NOV_2010.pdf,Sector-Wise analysis of projects,43,188
FR_201011_189,,N18000051,189,"WESTERN REGION SYSTEM STRENGHTENING SCHEME-XI - PGCIL,Multi State",,,POWER,2010-11,2009-02,,409.5,,409.5,,,12.78,2012-02,,2012-02,,,,0,0,,,,FR_NOV_2010.pdf,Sector-Wise analysis of projects,43,189
FR_201011_190,,N18000056,190,"NORTHERN REGION SYSTEM STRENGHTENING SCHEME-XIX - PGCIL,Multi State",,,POWER,2010-11,2009-02,,410.29,,410.29,,,106.55,2012-02,,2012-02,,,,0,0,,,,FR_NOV_2010.pdf,Sector-Wise analysis of projects,43,190
FR_201011_191,,N18000062,191,"TR. SYSTEM ASSOCIATED WITH TUTICORIN JV TPS - PGCIL,Multi State",,,POWER,2010-11,2009-02,,353.57,,353.57,,,156.28,2010-07,,2012-02,,,,0,0,,,,FR_NOV_2010.pdf,Sector-Wise analysis of projects,43,191
FR_201011_192,,N18000068,192,"765 KV SYSTEM FOR CENTRAL PART OF NORTHERN GRID PA - PGCIL,Multi State",,,POWER,2010-11,2009-02,,1347.32,,1347.32,,,492.24,2012-02,,2012-02,,,,0,0,,,,FR_NOV_2010.pdf,Sector-Wise analysis of projects,43,192
FR_201011_193,,180100184,193,"KOTESHWAR HEP(THDC) - THDCL,Uttaranchal",THDC,,POWER,2010-11,2000-04,,1301.56,,2398.39,,,2109.43,2005-04,,2012-03,,,,2,1,,,,FR_NOV_2010.pdf,Sector-Wise analysis of projects,43,193
FR_201011_194,,N18000086,194,"System Strengthening -X of SR - PGCIL,Multi State",,,POWER,2010-11,2009-12,,276.61,,276.61,,,16.4,2012-04,,2012-04,,,,0,0,,,,FR_NOV_2010.pdf,Sector-Wise analysis of projects,43,194
FR_201011_195,,N18000079,195,"765KV System for central part of Northern Region Grid - PGCIL,Multi State",,,POWER,2010-11,2009-11,,1075.12,,1075.12,,,107.25,2012-05,,2012-05,,,,0,0,,,,FR_NOV_2010.pdf,Sector-Wise analysis of projects,43,195
FR_201011_196,,N18000078,196,"765KV System for Central part of Northern Region G - PGCIL,Multi State",,,POWER,2010-11,2009-07,,1736.36,,1736.36,,,,2012-06,,2012-06,,,,0,0,,,,FR_NOV_2010.pdf,Sector-Wise analysis of projects,43,196
FR_201011_197,,N18000082,197,"Immsdiate evacuation system for NABINAGAR TPS - PGCIL,Bihar",,,POWER,2010-11,2010-02,,215.86,,215.86,,,34.02,2012-06,,2012-06,,,,0,0,,,,FR_NOV_2010.pdf,Sector-Wise analysis of projects,43,197
FR_201011_198,,N18000085,198,"System Strengthening -XII of SR - PGCIL,Multi State",,,POWER,2010-11,2010-02,,232.34,42.0,232.34,,,4.8,2012-06,,2012-06,,,,0,0,,,,FR_NOV_2010.pdf,Sector-Wise analysis of projects,43,198
FR_201011_199,,180100243,199,"TEESTA LOW DAM HEP, STAGE-IV (NHPC) - NHPC,West Bengal",NHPC,,POWER,2010-11,2005-09,,1061.38,,1061.38,,,833.27,2009-09,,2012-08,,,,0,0,,,,FR_NOV_2010.pdf,Sector-Wise analysis of projects,44,199
FR_201011_200,,N18000045,200,"PARE HYDRO ELECTRIC PROJECT(110 MW) - NEEPCO,Arunachal Pr.",110 MW,,POWER,2010-11,2008-12,,573.99,,573.99,,,135.81,2012-08,,2012-08,,,,4,13,,,,FR_NOV_2010.pdf,Sector-Wise analysis of projects,44,200
FR_201011_201,,N18000065,201,"SUPPLIMENTARY TRANSMISSION ASSOCIATED WITH DVC AND - PGCIL,Multi State",,,POWER,2010-11,2008-08,,2360.95,,2360.95,,,1389.88,2012-08,,2012-08,,,,0,0,,,,FR_NOV_2010.pdf,Sector-Wise analysis of projects,44,201
FR_201011_202,,N18000069,202,"765 KV POOLING STATION & NETWORK WITH DVC AND MAIT - PGCIL,Multi State",,,POWER,2010-11,2008-08,,7075.33,,7075.33,,,2716.55,2012-08,,2012-08,,,,0,0,,,,FR_NOV_2010.pdf,Sector-Wise analysis of projects,44,202
FR_201011_203,,N18000081,203,"System Strengthening in NR for SASAN & MUNDRA (UMPP) - PGCIL,Multi State",UMPP,,POWER,2010-11,2009-12,,1216.83,,1216.83,,,112.82,2012-08,,2012-08,,,,0,0,,,,FR_NOV_2010.pdf,Sector-Wise analysis of projects,44,203
FR_201011_204,,N18000041,204,"BONGAIGAON THERMAL POWER PROJECT (NTPC) - NTPC,Assam",NTPC,,POWER,2010-11,2008-01,,4375.35,,4375.35,,,1539.0,2011-07,,2012-10,,,,0,0,,,,FR_NOV_2010.pdf,Sector-Wise analysis of projects,44,204
FR_201011_205,,N18000048,205,"MOUDA STPP (NTPC) - NTPC,Maharashtra",NTPC,,POWER,2010-11,2007-11,,5459.28,,6010.89,,,1577.0,2012-02,2012-08,2012-10,,,,0,0,,,,FR_NOV_2010.pdf,Sector-Wise analysis of projects,44,205
FR_201011_206,,N18000061,206,"TRANSMISSION SYSTEM ASSOCIATED WITH MUNDRA ULTRA M - PGCIL,Multi State",,,POWER,2010-11,2008-10,,4824.12,,4824.12,,,1064.44,2012-10,,2012-10,,,,0,0,,,,FR_NOV_2010.pdf,Sector-Wise analysis of projects,44,206
FR_201011_207,,N18000084,207,"MAUDA Transmission System - PGCIL,Maharashtra",,,POWER,2010-11,2010-02,,469.38,,469.38,,,17.82,2012-10,,2012-10,,,,0,0,,,,FR_NOV_2010.pdf,Sector-Wise analysis of projects,44,207
FR_201011_208,,N18000089,208,"INTERCONNECTION BETWEEN ELECTTRICAL GRIDS OF I - PGCIL,Multi State",,,POWER,2010-11,2012-10,,160.32,,160.32,,,,2012-10,,2012-10,,,,0,0,,,,FR_NOV_2010.pdf,Sector-Wise analysis of projects,44,208
FR_201011_209,,N18000076,209,"Transmission System of Vindhuachal -IV & Rihand -I - PGCIL,Multi State",,,POWER,2010-11,2010-03,,4672.99,,4672.99,,,11.89,2012-11,,2012-11,,,,0,0,,,,FR_NOV_2010.pdf,Sector-Wise analysis of projects,44,209
FR_201011_210,,N18000083,210,"Northern Region Transmission Strengthening Scheme - PGCIL,Multi State",,,POWER,2010-11,2012-03,,965.58,,965.58,,,82.29,2012-11,,2012-11,,,,0,0,,,,FR_NOV_2010.pdf,Sector-Wise analysis of projects,44,210
FR_201011_211,,180100261,211,"TRANSMISSION SYSTEM ASSOCIATED WITH PARBATI = II HEP - PGCIL,Himachal Pr.",,,POWER,2010-11,2005-12,,358.42,,358.42,,,6.57,2008-12,2010-09,2012-12,,,,0,15,,,,FR_NOV_2010.pdf,Sector-Wise analysis of projects,44,211
FR_201011_212,,N18000005,212,"LOHARINAG-PAL HEP(4X150MW) - NTPC,Uttaranchal",4X150MW,,POWER,2010-11,2006-06,,2895.1,,2895.1,,,552.33,2011-11,,2012-12,,,,6,34,,,,FR_NOV_2010.pdf,Sector-Wise analysis of projects,44,212
FR_201011_213,,N18000046,213,"TRANSMISSION SYSTEM ASSOCIATED WITH SASAN ULTRA ME - PGCIL,Multi State",,,POWER,2010-11,2008-12,,7031.88,,7031.88,,,1449.39,2012-12,,2012-12,,,,0,0,,,,FR_NOV_2010.pdf,Sector-Wise analysis of projects,44,213
FR_201011_214,,N18000072,214,"VINDHYACHAL STTP STAGE-IV (NTPC) - NTPC,Madhya pradesh",NTPC,,POWER,2010-11,2009-01,,5915.0,,5915.0,,,1206.0,2012-11,,2012-12,,,,0,0,,,,FR_NOV_2010.pdf,Sector-Wise analysis of projects,44,214
FR_201011_215,,N18000073,215,"RIHAND STTP STAGE-III (2X500MW) (NTPC) - NTPC,Uttar Pradesh",NTPC,,POWER,2010-11,2009-01,,6230.81,,6230.81,,,1066.0,2012-11,,2012-12,,,,0,0,,,,FR_NOV_2010.pdf,Sector-Wise analysis of projects,44,215
FR_201011_216,,N18000080,216,"Trans. System associated with PALLATANA GBPP & BPT - PGCIL,Multi State",,,POWER,2010-11,2010-02,,2144.0,,2144.0,,,93.5,2012-12,,2012-12,,,,0,0,,,,FR_NOV_2010.pdf,Sector-Wise analysis of projects,44,216
FR_201011_217,,N18000088,217,"NORTHERN REGION SYSTEM STRENGHTENING SCHEME-XX - PGCIL,Multi State",,,POWER,2010-11,2010-10,,182.68,43.0,182.68,,,,2013-01,,2013-01,,,,0,0,,,,FR_NOV_2010.pdf,Sector-Wise analysis of projects,44,217
FR_201011_218,,N18000087,218,"Transmission System for phase-1 generation project - PGCIL,Orissa",,,POWER,2010-11,2010-09,,2074.86,,2074.86,,,,2013-02,,2013-02,,,,0,0,,,,FR_NOV_2010.pdf,Sector-Wise analysis of projects,45,218
FR_201011_219,,180100211,219,"KOLDAM HEP (NTPC) - NTPC,Himachal Pr.",NTPC,,POWER,2010-11,2002-10,,4527.15,,4527.15,,,3370.0,2009-04,,2013-03,,,,19,41,,,,FR_NOV_2010.pdf,Sector-Wise analysis of projects,45,219
FR_201011_220,,N18000014,220,"Tapovan-Vishnugad HEP (4x130MW) (NTPC) - NTPC,Uttaranchal",NTPC,,POWER,2010-11,2006-11,,2978.48,,2978.48,,,937.0,2013-03,,2013-03,,,,5,31,,,,FR_NOV_2010.pdf,Sector-Wise analysis of projects,45,220
FR_201011_221,,180100239,221,"KAMENG HYDROELECTRIC PROJECT (NEEPCO) - NEEPCO,Arunachal Pr.",NEEPCO,,POWER,2010-11,2004-12,,2496.9,,2496.9,,,1305.26,2013-05,2013-05,2013-05,,,,77,22,,,,FR_NOV_2010.pdf,Sector-Wise analysis of projects,45,221
FR_201011_222,,N18000066,222,"NORTH- EAST NORTH WESTERN INTERCONNECTOR I PROJECT - PGCIL,Multi State",,,POWER,2010-11,2009-02,,11130.19,,11130.19,,,1533.48,2013-08,,2013-08,,,,0,0,,,,FR_NOV_2010.pdf,Sector-Wise analysis of projects,45,222
FR_201011_223,,N18000024,223,"RAMPUR HEP(412 MW) - SJVNL,Himachal Pr.",412 MW,,POWER,2010-11,2007-01,,2047.03,,2047.03,,,1001.38,2012-01,,2013-09,,,,2,10,,,,FR_NOV_2010.pdf,Sector-Wise analysis of projects,45,223
FR_201011_224,,N18000047,224,"BARH STPP STAGE -II (NTPC) - NTPC,Bihar",NTPC,,POWER,2010-11,2008-02,,7341.04,,7341.04,,,1304.0,2013-08,,2013-10,,,,0,0,,,,FR_NOV_2010.pdf,Sector-Wise analysis of projects,45,224
FR_201011_225,,180100221,225,"LOWER SUBANSIRI H.E.P (NHPC) - NHPC,Arunachal Pr.",NHPC,,POWER,2010-11,2003-09,,6285.33,,6285.33,,,4306.42,2010-09,,2013-12,,,,2,11,,,,FR_NOV_2010.pdf,Sector-Wise analysis of projects,45,225
FR_201011_226,,180100210,226,"PARBATI HEP (NHPC) II - NHPC,Himachal Pr.",NHPC,,POWER,2010-11,2002-09,,3919.59,,3919.59,,,2979.7,2009-09,,2014-07,,,,1,20,,,,FR_NOV_2010.pdf,Sector-Wise analysis of projects,45,226
FR_201011_227,,180100242,227,"BARH STPP(3X660MW) NTPC - NTPC,Bihar",3X660MW,,POWER,2010-11,2003-12,,8692.97,,8693.0,,,5123.0,2010-11,,2014-09,,,,15,51,,,,FR_NOV_2010.pdf,Sector-Wise analysis of projects,45,227
FR_201011_228,,N18000077,228,"Transm System for development of Pooling stn. in N - PGCIL,West Bengal",,,POWER,2010-11,2010-04,,4404.57,,4404.57,,,,2015-01,,2015-01,,,,0,0,,,,FR_NOV_2010.pdf,Sector-Wise analysis of projects,45,228
FR_201011_229,,N18000010,229,"TEHRI PUMPED STORAGE PLANT(1000MW) - THDCL,Uttaranchal",1000MW,,POWER,2010-11,2006-07,,1657.0,,2978.86,,,249.73,2010-07,,2015-03,,,,0,0,,,,FR_NOV_2010.pdf,Sector-Wise analysis of projects,45,229
FR_201011_230,,N18000042,230,"VISHNUGAD PIPALKOTI HYDRO ELECTRIC PROJECT - THDCL,Uttaranchal",,,POWER,2010-11,2008-08,,2491.58,,2491.58,,,134.95,2014-07,,2015-03,,,,0,8,,,,FR_NOV_2010.pdf,Sector-Wise analysis of projects,45,230
FR_201011_231,,N18000031,231,"KISHANGANGA HEP - NHPC,J & K",,,POWER,2010-11,2007-07,,2238.67,,3642.04,,,515.57,2014-07,,2016-01,,,,0,0,,,,FR_NOV_2010.pdf,Sector-Wise analysis of projects,45,231
FR_201011_232,,180100078,232,"LOKTAK D/S HEP(NHPC) - NHPC,Manipur",NHPC,,POWER,2010-11,1999-12,,578.62,,578.62,,,28.33,2006-06,,,,,,0,0,,,,FR_NOV_2010.pdf,Sector-Wise analysis of projects,45,232
FR_201011_233,,180100165,233,"TUIRIAL HE PROJECT(NEEPCO) - NEEPCO,Mizoram",NEEPCO,,POWER,2010-11,1998-07,,368.72,,913.63,,,217.71,2006-07,,,,,,2,5,,,,FR_NOV_2010.pdf,Sector-Wise analysis of projects,45,233
FR_201011_234,,180100246,234,"KAIGA 3&4 TRANSMISSION SYSTEM (PGCIL) - PGCIL,Karnataka",PGCIL,,POWER,2010-11,2005-03,,596.45,1007.16,947.96,,,777.39,2007-12,,,,,,14,18,,,,FR_NOV_2010.pdf,Sector-Wise analysis of projects,45,234
FR_201011_235,,N18000013,235,"National Capital Thermal Power Project Stage-II - NTPC,Uttar Pradesh Total",,,POWER,2010-11,2006-10,,5135.33,179759.57,5135.33,,,4000.0,2010-10,,,,,,12,40,,,,FR_NOV_2010.pdf,Sector-Wise analysis of projects,45,235
FR_201011_236,,220100291,236,"BHILDI-SAMDARI (GC) - RVNL,Gujarat",GC,,RAILWAYS,2010-11,1999-04,,244.74,479.0,479.0,,,,2009-03,,2010-03,,,,0,0,,,,FR_NOV_2010.pdf,Sector-Wise analysis of projects,45,236
FR_201011_237,,N22000049,237,"OBULAVARIPALLE- KRISHNAPATNAM(RVNL) - RVNL,Andhra Pradesh",RVNL,,RAILWAYS,2010-11,2006-07,,743.0,,732.8,,,,2008-03,2008-06,2010-03,,,,0,0,,,,FR_NOV_2010.pdf,Sector-Wise analysis of projects,45,237
FR_201011_238,,220100325,238,"SUKINDA ROAD - ANGUL (NL)(ECOR) - RVNL,Orissa",ECOR,,RAILWAYS,2010-11,1998-04,,183.23,44.0,638.0,,,24.7,2015-02,,2010-11,,,,0,0,,,,FR_NOV_2010.pdf,Sector-Wise analysis of projects,45,238
FR_201011_239,,N22000048,239,"VALLAPARPADM- IDAPALLY,(NL)(RVNL) - RVNL,Kerala",RVNL,,RAILWAYS,2010-11,2006-07,,246.5,246.5,246.5,,,,2009-03,2009-03,2009-11,,,,0,0,,,,FR_NOV_2010.pdf,Sector-Wise analysis of projects,46,239
FR_201011_240,,220100212,240,"KOTTUR-HARIHAR(NL),(SWR) - SWR,Karnataka",SWR,,RAILWAYS,2010-11,1995-04,,65.94,,281.2,,,312.68,,,2010-09,,,,0,0,,,,FR_NOV_2010.pdf,Sector-Wise analysis of projects,46,240
FR_201011_241,,220100322,241,"PRATAPNAGAR-CHOTA UDAIPUR (GC) (WR) - WR,Gujarat",WR,,RAILWAYS,2010-11,2005-04,,148.61,,227.52,,,245.92,2008-03,2009-03,2010-10,,,,0,0,,,,FR_NOV_2010.pdf,Sector-Wise analysis of projects,46,241
FR_201011_242,,220100185,242,"AJMER-UDAIPUR-CHITTAURGARH (GC),NWR - NWR,Rajasthan",GC,,RAILWAYS,2010-11,1996-09,,262.0,456.0,567.23,,,546.55,2000-03,,2010-11,,,,0,0,,,,FR_NOV_2010.pdf,Sector-Wise analysis of projects,46,242
FR_201011_243,,220100247,243,"KATIHAR - JOGBANI (GC)(NEFR) - NEFR,Multi State",NEFR,,RAILWAYS,2010-11,2001-09,,100.0,492.98,724.31,,,695.8,,,2010-12,,,,0,0,,,,FR_NOV_2010.pdf,Sector-Wise analysis of projects,46,243
FR_201011_244,,220100286,244,"RAJATGARH-BARANG(LD),ECOR - RVNL,Orissa",LD,,RAILWAYS,2010-11,1999-04,,166.16,,243.4,,,,2009-02,,2010-12,,,,0,0,,,,FR_NOV_2010.pdf,Sector-Wise analysis of projects,46,244
FR_201011_245,,220100327,245,"KHURDA ROAD - BARANG 3RD LINE (DL) (ECOR) - RVNL,Orissa",ECOR,,RAILWAYS,2010-11,2000-04,,133.41,207.0,211.9,,,159.3,2009-03,,2010-12,,,,0,0,,,,FR_NOV_2010.pdf,Sector-Wise analysis of projects,46,245
FR_201011_246,,220100329,246,"RAICHUR-GUNTAKAL(DL)(SCR) - RVNL,Andhra Pradesh",SCR,,RAILWAYS,2010-11,2003-04,,136.62,,221.9,,,,2007-12,2010-03,2010-12,,,,0,0,,,,FR_NOV_2010.pdf,Sector-Wise analysis of projects,46,246
FR_201011_247,,N22000034,247,"ALIGARH-GAZIABAD 3RD LINE DOUBLING (RVNL) - RVNL,Uttar Pradesh",RVNL,,RAILWAYS,2010-11,2003-04,,230.73,399.73,399.5,,,,2009-03,2008-12,2010-12,,,,0,0,,,,FR_NOV_2010.pdf,Sector-Wise analysis of projects,46,247
FR_201011_248,,N22000081,248,"BHARUCH-SAMNI-DAHEJ GAUGE CONVERSIN - RVNL,Gujarat",,,RAILWAYS,2010-11,2005-09,,200.8,,200.8,,,187.21,,,2010-12,,,,0,0,,,,FR_NOV_2010.pdf,Sector-Wise analysis of projects,46,248
FR_201011_249,,N22000118,249,"Pandabeswar-Chinpai doubling (ER) - ER,",ER,,RAILWAYS,2010-11,2004-04,,225.68,,225.68,,,112.81,2010-12,,2010-12,,,,0,0,,,,FR_NOV_2010.pdf,Sector-Wise analysis of projects,46,249
FR_201011_250,,220100264,250,"DEOGHAR-DUMKA NEW BG LINE (DOUBL.)(ER) - ER,Jharkhandd",ER,,RAILWAYS,2010-11,1999-02,,180.73,,358.0,,,330.78,2006-12,2008-12,2011-02,,,,0,0,,,,FR_NOV_2010.pdf,Sector-Wise analysis of projects,46,250
FR_201011_251,,220100279,251,"REWARI-ROHTAK (NL),NR - (NR),Haryana",NR,,RAILWAYS,2010-11,2004-01,,149.38,330.23,475.16,,,418.48,2010-02,,2011-02,,,,0,0,,,,FR_NOV_2010.pdf,Sector-Wise analysis of projects,46,251
FR_201011_252,,220100328,252,"TALCHER-BIMALAGARH(NL)(ECOR) - ECOR,Orissa",ECOR,,RAILWAYS,2010-11,2005-04,,726.96,,810.78,,,39.55,,,2011-02,,,,0,0,,,,FR_NOV_2010.pdf,Sector-Wise analysis of projects,46,252
FR_201011_253,,N22000056,253,"SHIMOGA-TALAGUPPA (SWR), GC - SWR,Karnataka",SWR,,RAILWAYS,2010-11,1992-12,,46.0,,218.0,,,227.16,,,2011-02,,,,0,0,,,,FR_NOV_2010.pdf,Sector-Wise analysis of projects,46,253
FR_201011_254,,220100118,254,"AMRAVATI-NARKHER NL(CR) - CR,Maharashtra",CR,,RAILWAYS,2010-11,1994-06,,120.9,284.27,488.76,,,352.17,1999-06,,2011-03,,,,0,0,,,,FR_NOV_2010.pdf,Sector-Wise analysis of projects,46,254
FR_201011_255,,220100194,255,"MUZAFFARPUR-SITAMARHI(NL),ECR - ECR,Bihar",NL,,RAILWAYS,2010-11,1997-03,,100.0,,322.29,,,378.47,,,2011-03,,,,0,0,,,,FR_NOV_2010.pdf,Sector-Wise analysis of projects,46,255
FR_201011_256,,220100214,256,"RANCHI-LOHARDAGA(GC),SER - SER,Jharkhandd",GC,,RAILWAYS,2010-11,1997-04,,193.78,,456.45,,,247.29,2004-06,,2011-03,,,,0,0,,,,FR_NOV_2010.pdf,Sector-Wise analysis of projects,46,256
FR_201011_257,,220100232,257,"LALITPUR-SATNA-REWA-SINGRULI NL, (NCR) - NCR,Multi State",NCR,,RAILWAYS,2010-11,1998-09,,925.0,,925.0,,,476.7,2008-05,,2011-03,,,,0,0,,,,FR_NOV_2010.pdf,Sector-Wise analysis of projects,46,257
FR_201011_258,,220100243,258,"AGRA-ETAWAH VIA FATEBAD & BAD (NL),NCR - NCR,Uttar Pradesh",NL,,RAILWAYS,2010-11,1999-04,,108.0,,214.09,,,152.4,2009-12,,2011-03,,,,0,0,,,,FR_NOV_2010.pdf,Sector-Wise analysis of projects,46,258
FR_201011_259,,220100267,259,"GOOTY- RENIGUNTA PATCH DOUBLING PH-II (DL) (SCR) - SCR,Andhra Pradesh",SCR,,RAILWAYS,2010-11,2002-05,,304.5,,306.0,,,341.81,,,2011-03,,,,0,0,,,,FR_NOV_2010.pdf,Sector-Wise analysis of projects,46,259
FR_201011_260,,220100268,260,"TOLLYGANJ-GARIA with extension to Dum Dum-Naopara - MRTP,West Bengal",,,RAILWAYS,2010-11,2000-03,,907.69,1032.76,5573.82,,,2935.94,2006-12,2010-08,2011-03,,,,0,0,,,,FR_NOV_2010.pdf,Sector-Wise analysis of projects,46,260
FR_201011_261,,220100313,261,"SRIGANGANAGAR-SARUPSAR (GC), NWR - NWR,Rajasthan",GC,,RAILWAYS,2010-11,1997-04,,143.92,,258.6,,,152.39,,,2011-03,,,,0,0,,,,FR_NOV_2010.pdf,Sector-Wise analysis of projects,47,261
FR_201011_262,,220100319,262,"HATHUA-BHATNI (N L) (NER) - NER,Multi State",NER,,RAILWAYS,2010-11,2005-04,,200.73,,230.03,,,130.77,,,2011-03,,,,0,0,,,,FR_NOV_2010.pdf,Sector-Wise analysis of projects,47,262
FR_201011_263,,220100321,263,"BILASPUR-URKURA (DL) - RVNL,Chhatisgarh",DL,,RAILWAYS,2010-11,1997-04,,151.52,,273.0,,,,2009-03,,2011-03,,,,0,0,,,,FR_NOV_2010.pdf,Sector-Wise analysis of projects,47,263
FR_201011_264,,N22000002,264,"MANSI-PURNIA (EXTENSION OF MANSI-SAHARSA) GAN ECR - ECR,Bihar",EXTENSION OF MANSI-SAHARSA,,RAILWAYS,2010-11,1996-04,,114.01,283.95,348.78,,,318.31,,,2011-03,,,,0,0,,,,FR_NOV_2010.pdf,Sector-Wise analysis of projects,47,264
FR_201011_265,,N22000027,265,"PALWAL-BHUTESWAR 3RD LINE DOUBLING(NCR)(RVNL) - RVNL,Multi State",RVNL,,RAILWAYS,2010-11,2005-04,,240.0,,329.7,,,,2009-03,2009-12,2011-03,,,,0,0,,,,FR_NOV_2010.pdf,Sector-Wise analysis of projects,47,265
FR_201011_266,,N22000082,266,"ALUABARI ROAD SILIGURI JANCTION VIA GALGALIA, NEFR - NEFR,Multi State",,,RAILWAYS,2010-11,2006-12,,170.0,255.96,272.11,,,202.03,,,2011-03,,,,0,0,,,,FR_NOV_2010.pdf,Sector-Wise analysis of projects,47,266
FR_201011_267,,N22000091,267,"BARDHAMAN-KATWA, ER (GC) - ER,West Bengal",GC,,RAILWAYS,2010-11,2007-04,,245.15,,245.15,,,77.36,2010-12,,2011-03,,,,0,0,,,,FR_NOV_2010.pdf,Sector-Wise analysis of projects,47,267
FR_201011_268,,N22000094,268,"ELECTRIFICATION OF KHURJA- MEERUT-SAHARANPUR & G'BA - RE,Uttar Pradesh",,,RAILWAYS,2010-11,2008-02,,171.1,,171.1,,,43.83,2011-03,,2011-03,,,,0,0,,,,FR_NOV_2010.pdf,Sector-Wise analysis of projects,47,268
FR_201011_269,,N22000095,269,"ELECTRIFICATION OF MORADABAD- ROZA - RE,Uttar Pradesh",,,RAILWAYS,2010-11,2006-03,,258.35,,258.35,,,9.38,2011-03,,2011-03,,,,0,0,,,,FR_NOV_2010.pdf,Sector-Wise analysis of projects,47,269
FR_201011_270,,N22000096,270,"RAJPIPLA-ANKELASHWAR, WR (GC) - WR,Gujarat",GC,,RAILWAYS,2010-11,2006-04,,196.97,,196.97,,,127.14,2011-03,,2011-03,,,,0,0,,,,FR_NOV_2010.pdf,Sector-Wise analysis of projects,47,270
FR_201011_271,,N22000106,271,"Sadulpur-Bikaner and Ratangarh- Degana Gauge Canves - NWR,Rajasthan",,,RAILWAYS,2010-11,2007-04,,643.36,,803.39,,,716.11,2011-03,,2011-03,,,,0,0,,,,FR_NOV_2010.pdf,Sector-Wise analysis of projects,47,271
FR_201011_272,,N22000125,272,"Bhavnagar-workshop facilities for 50 BG coaches PO - WR,Gujarat",,,RAILWAYS,2010-11,2006-04,,117.36,196.95,196.95,,,144.37,2011-03,,2011-03,,,,0,0,,,,FR_NOV_2010.pdf,Sector-Wise analysis of projects,47,272
FR_201011_273,,N22000093,273,"MUMBAI URBAN TRANSPORT PROJECT PHASE-I, MTP - MRTP,Maharashtra",,,RAILWAYS,2010-11,2003-04,,3125.2,,4103.2,,,4036.58,2010-12,,2011-06,,,,0,1,,,,FR_NOV_2010.pdf,Sector-Wise analysis of projects,47,273
FR_201011_274,,N22000076,274,"PANSPURA-KHARAGPUR 3D LINE - RVNL,West Bengal",,,RAILWAYS,2010-11,2007-09,,252.5,,252.5,,,,2010-02,,2011-11,,,,0,0,,,,FR_NOV_2010.pdf,Sector-Wise analysis of projects,47,274
FR_201011_275,,220100285,275,"HARIDASPUR-PARADEEP(NL) - RVNL,Orissa",NL,,RAILWAYS,2010-11,1996-04,,301.64,,735.1,,,,2009-09,,2011-12,,,,0,0,,,,FR_NOV_2010.pdf,Sector-Wise analysis of projects,47,275
FR_201011_276,,N22000116,276,"Dakshin-barasat-lakshmikantapur (ER) - ER,West Bengal",ER,,RAILWAYS,2010-11,2009-04,,259.51,,259.51,,,32.47,2011-12,,2011-12,,,,0,0,,,,FR_NOV_2010.pdf,Sector-Wise analysis of projects,47,276
FR_201011_277,,N22000117,277,"Ghutiarisharif-Canning (ER) - ER,West Bengal",ER,,RAILWAYS,2010-11,2009-04,,189.97,,189.97,,,32.69,2011-12,,2011-12,,,,0,0,,,,FR_NOV_2010.pdf,Sector-Wise analysis of projects,47,277
FR_201011_278,,220100240,278,"JAYANAGAR-DARBHANGA-NARKATIA GANJ(GC),ECR - ECR,Bihar",GC,,RAILWAYS,2010-11,1997-04,,233.0,335.77,727.52,,,483.94,,,2012-03,,,,0,0,,,,FR_NOV_2010.pdf,Sector-Wise analysis of projects,47,278
FR_201011_279,,220100304,279,"KOSI BRIDGE (NL), ECR - ECR,Bihar",NL,,RAILWAYS,2010-11,2002-04,,323.41,,341.41,,,188.1,,,2012-03,,,,0,0,,,,FR_NOV_2010.pdf,Sector-Wise analysis of projects,47,279
FR_201011_280,,N22000028,280,"EXT. OF MRTS FROM VELACHERY TO STN. THOMAS, MTP - MRTP,Tamil Nadu",,,RAILWAYS,2010-11,2006-04,,415.59,,495.74,,,93.88,,,2012-03,,,,0,0,,,,FR_NOV_2010.pdf,Sector-Wise analysis of projects,47,280
FR_201011_281,,N22000075,281,"SALKA ROAD -ANUPNAGAR LINE DOUBLING - RVNL,Chhatisgarh",,,RAILWAYS,2010-11,2006-09,,324.9,,324.9,,,118.69,2010-03,,2012-03,,,,0,0,,,,FR_NOV_2010.pdf,Sector-Wise analysis of projects,47,281
FR_201011_282,,N22000083,282,"CONSTRUCTION OF NEW LINE FROM HARMATI-ITANAGAR/NAR - NEFR,Arunachal Pr.",,,RAILWAYS,2010-11,1996-09,,156.0,46.0,160.48,,,104.77,,,2012-03,,,,0,0,,,,FR_NOV_2010.pdf,Sector-Wise analysis of projects,47,282
FR_201011_283,,N22000115,283,"Tinpahar - Sahibganj (ER) - ER,Jharkhandd",ER,,RAILWAYS,2010-11,2008-04,,167.73,,167.73,,,27.38,2012-03,,2012-03,,,,0,0,,,,FR_NOV_2010.pdf,Sector-Wise analysis of projects,48,283
FR_201011_284,,N22000120,284,"Rattam-Mhow-Khandwa-Akola (GC) - WR,Madhya pradesh",GC,,RAILWAYS,2010-11,2008-04,,603.04,,603.04,,,22.04,2012-03,,2012-03,,,,0,0,,,,FR_NOV_2010.pdf,Sector-Wise analysis of projects,48,284
FR_201011_285,,N22000123,285,"Bhuj-Naliya(GC) with extension from naliyate vayor - ER,Gujarat",GC,,RAILWAYS,2010-11,2008-04,,318.24,,318.24,,,,2012-03,,2012-03,,,,0,0,,,,FR_NOV_2010.pdf,Sector-Wise analysis of projects,48,285
FR_201011_286,,N22000097,286,"TAMLUK DIGHA - LD,West Bengal",,,RAILWAYS,2010-11,1984-03,,293.97,,293.97,,,313.13,2005-06,,2012-04,,,,0,0,,,,FR_NOV_2010.pdf,Sector-Wise analysis of projects,48,286
FR_201011_287,,220100188,287,"NANGALDAM-TALWARA(NL),NR - (NR),Multi State",NR,,RAILWAYS,2010-11,1981-03,,37.68,450.0,730.0,,,290.23,,,2012-07,,,,0,0,,,,FR_NOV_2010.pdf,Sector-Wise analysis of projects,48,287
FR_201011_288,,220100007,288,"GUNA-ETAWAH(NCR), NL - NCR,Multi State",NCR,,RAILWAYS,2010-11,1985-04,,158.77,432.46,540.96,,,489.1,1994-03,,2012-12,,,,0,0,,,,FR_NOV_2010.pdf,Sector-Wise analysis of projects,48,288
FR_201011_289,,220100233,289,"CONV.OF 1500V DC TRACTION TO 25 KV AC,WR - RE,Maharashtra",,,RAILWAYS,2010-11,1996-07,,273.67,1160.52,2100.0,,,519.88,,,2012-12,,,,0,0,,,,FR_NOV_2010.pdf,Sector-Wise analysis of projects,48,289
FR_201011_290,,220100241,290,"CHANDIGARH-LUDHIANA(NEW BG LINE),NR - (NR),Punjab",NR,,RAILWAYS,2010-11,1997-07,,248.44,576.27,1103.47,,,709.36,,,2012-12,,,,0,0,,,,FR_NOV_2010.pdf,Sector-Wise analysis of projects,48,290
FR_201011_291,,220100255,291,"GONDA-GORAKHPUR LOOP WITH ANAND NAGAR-NAUTANWA GC (NER) - NER,Uttar Pradesh",NER,,RAILWAYS,2010-11,2002-03,,383.15,,863.23,,,335.28,,,2012-12,,,,0,0,,,,FR_NOV_2010.pdf,Sector-Wise analysis of projects,48,291
FR_201011_292,,220100280,292,"JIND-SONEPAT (NL),NR - (NR),Haryana",NR,,RAILWAYS,2010-11,2004-01,,190.81,238.56,234.45,,,163.01,2012-03,,2012-12,,,,0,0,,,,FR_NOV_2010.pdf,Sector-Wise analysis of projects,48,292
FR_201011_293,,220100307,293,"RAIL-CUM-ROAD BRIDGE AT MUNGER (NL), ECR - ECR,Bihar",NL,,RAILWAYS,2010-11,2002-04,,921.0,,981.0,,,420.77,2009-03,,2012-12,,,,0,0,,,,FR_NOV_2010.pdf,Sector-Wise analysis of projects,48,293
FR_201011_294,,220100308,294,"PATNA GANGA BRIDGE (NL), ECR - ECR,Bihar",NL,,RAILWAYS,2010-11,2001-04,,624.47,,1389.0,,,738.72,2007-10,,2012-12,,,,0,0,,,,FR_NOV_2010.pdf,Sector-Wise analysis of projects,48,294
FR_201011_295,,N22000077,295,"BHOPAL BINA 3D LINE DOUBLING - RVNL,Madhya pradesh",,,RAILWAYS,2010-11,2007-09,,687.2,,687.2,,,224.54,2010-03,,2012-12,,,,0,0,,,,FR_NOV_2010.pdf,Sector-Wise analysis of projects,48,295
FR_201011_296,,N22000088,296,"UTRATIA-ZAFRABAD, NR (LINE DOUBLING) - (NR),Uttar Pradesh",NR,,RAILWAYS,2010-11,2006-04,,325.0,,369.9,,,88.25,2010-03,,2012-12,,,,0,0,,,,FR_NOV_2010.pdf,Sector-Wise analysis of projects,48,296
FR_201011_297,,N22000119,297,"Bandel-Naihati new rail bridge in replacement of j - ER,West Bengal",,,RAILWAYS,2010-11,1999-04,,207.52,,207.52,,,93.22,2012-12,,2012-12,,,,0,0,,,,FR_NOV_2010.pdf,Sector-Wise analysis of projects,48,297
FR_201011_298,,220100184,298,"DAUSA-GANGAPUR CITY(NL),NWR - NWR,Rajasthan",NL,,RAILWAYS,2010-11,1997-02,,151.84,,410.08,,,114.62,,,2013-03,,,,0,0,,,,FR_NOV_2010.pdf,Sector-Wise analysis of projects,48,298
FR_201011_299,,220100263,299,"QUILON-TIRUNELVELI-TENKASI- VIRUDHUNAGAR(SR)(GC) - SR,Multi State",GC,,RAILWAYS,2010-11,1998-03,,280.0,,1029.0,,,608.4,,,2013-03,,,,0,0,,,,FR_NOV_2010.pdf,Sector-Wise analysis of projects,48,299
FR_201011_300,,220100315,300,"RANGIA-MURKONGSELEK, (GC) NEFR - NEFR,Multi State",GC,,RAILWAYS,2010-11,2004-01,,912.7,912.7,1556.23,,,337.1,,,2013-03,,,,0,0,,,,FR_NOV_2010.pdf,Sector-Wise analysis of projects,48,300
FR_201011_301,,N22000107,301,"Ramanagram-Musore doubling with deiltification of - SWR,Karnataka",,,RAILWAYS,2010-11,2007-04,,482.0,,482.0,,,139.15,2013-03,,2013-03,,,,0,0,,,,FR_NOV_2010.pdf,Sector-Wise analysis of projects,48,301
FR_201011_302,,N22000121,302,"Ahmedabad-Himmatnagar-Udaipur (WR) - WR,Gujarat",WR,,RAILWAYS,2010-11,2008-04,,394.13,,394.13,,,0.03,2013-03,,2013-03,,,,0,0,,,,FR_NOV_2010.pdf,Sector-Wise analysis of projects,48,302
FR_201011_303,,220100324,303,"CHHINDWARA - NAGPUR (GC)(SECR) - SECR,Madhya pradesh",SECR,,RAILWAYS,2010-11,2005-04,,383.79,,585.93,,,139.81,,,2013-12,,,,0,0,,,,FR_NOV_2010.pdf,Sector-Wise analysis of projects,48,303
FR_201011_304,,220100201,304,"RAIL-CUM-ROAD BRIDGE OVER RIVER BRAHAMAPUTRA BRIDG - NEFR,Assam",,,RAILWAYS,2010-11,1996-04,,1000.0,1500.0,3230.02,,,1958.06,2008-04,2011-12,2014-03,,,,0,0,,,,FR_NOV_2010.pdf,Sector-Wise analysis of projects,48,304
FR_201011_305,,220100266,305,"NEW MAYNAGURI TO JOGIGHOPA VIA CHANGRABANDHA (NL), - NEFR,Multi State",NL,,RAILWAYS,2010-11,2000-02,,733.0,,1655.8,,,574.72,2008-12,,2014-03,,,,0,0,,,,FR_NOV_2010.pdf,Sector-Wise analysis of projects,49,305
FR_201011_306,,N22000099,306,"AGARTALA SABROOM, NL, NEFR - NEFR,Tripura",,,RAILWAYS,2010-11,2008-04,,813.34,,813.34,,,111.38,2014-03,,2014-03,,,,0,0,,,,FR_NOV_2010.pdf,Sector-Wise analysis of projects,49,306
FR_201011_307,,N22000100,307,"BHAIRABI SAIRONG, NEFR - NEFR,Mizoram",,,RAILWAYS,2010-11,2008-04,,619.34,,2429.41,,,1.61,2014-04,,2014-03,,,,0,0,,,,FR_NOV_2010.pdf,Sector-Wise analysis of projects,49,307
FR_201011_308,,N22000109,308,"New Work for Construction of Metro railway from Bu - RVNL,West Bengal",,,RAILWAYS,2010-11,2010-04,,2069.6,,2069.6,,,,2014-03,,2014-03,,,,0,0,,,,FR_NOV_2010.pdf,Sector-Wise analysis of projects,49,308
FR_201011_309,,N22000113,309,"Jaipur - Ringus - Churu and Sikar - Lohatu Guage C - NWR,Rajasthan",,,RAILWAYS,2010-11,2008-04,,653.19,,653.19,,,1.89,2014-03,,2014-03,,,,0,0,,,,FR_NOV_2010.pdf,Sector-Wise analysis of projects,49,309
FR_201011_310,,N22000114,310,"Suratpura - Hanumangarh - Sriganganagar Guage Canv - NWR,Rajasthan",,,RAILWAYS,2010-11,2008-04,,516.23,,516.23,,,1.7,2014-03,,2014-03,,,,0,0,,,,FR_NOV_2010.pdf,Sector-Wise analysis of projects,49,310
FR_201011_311,,N22000122,311,"Udhna-Jalgaon with electrification(doubling) (WR) - WR,Gujarat",WR,,RAILWAYS,2010-11,2008-04,,1389.62,,1389.62,,,60.11,2014-03,,2014-03,,,,0,0,,,,FR_NOV_2010.pdf,Sector-Wise analysis of projects,49,311
FR_201011_312,,220100303,312,"HAJIPUR-SUGAULI VIA VAISHALI (NL), ECR - ECR,Bihar",NL,,RAILWAYS,2010-11,2003-04,,324.66,,324.66,,,137.31,,,2015-03,,,,0,0,,,,FR_NOV_2010.pdf,Sector-Wise analysis of projects,49,312
FR_201011_313,,N22000092,313,"MUMBAI URBAN TRANSPORT PROJECT PHASE-II, MTP - MRTP,Maharashtra",,,RAILWAYS,2010-11,2008-04,,5300.0,,5300.0,,,148.59,2014-03,,2015-03,,,,0,0,,,,FR_NOV_2010.pdf,Sector-Wise analysis of projects,49,313
FR_201011_314,,N22000102,314,"SEVOK RANGPO, NEFR - NEFR,Sikkim",,,RAILWAYS,2010-11,2008-04,,1339.48,,3380.57,,,52.9,2015-12,,2015-03,,,,0,0,,,,FR_NOV_2010.pdf,Sector-Wise analysis of projects,49,314
FR_201011_315,,N22000112,315,"Himmatnagar - Udaipur Gauge Canvession (NWR) - NWR,Rajasthan",NWR,,RAILWAYS,2010-11,2008-04,,829.74,,829.74,,,,2015-03,,2015-03,,,,0,0,,,,FR_NOV_2010.pdf,Sector-Wise analysis of projects,49,315
FR_201011_316,,N22000124,316,"New Line from Dimapur to Zubza(Kohima) national pr - NEFR,Nagaland",Kohima,,RAILWAYS,2010-11,2006-04,,850.0,,850.0,,,5.16,2015-03,,2015-03,,,,0,0,,,,FR_NOV_2010.pdf,Sector-Wise analysis of projects,49,316
FR_201011_317,,220100288,317,"JIRIBAM TO IMPHAL (TUPUI)(NL)(NEFR) - NEFR,Multi State",NEFR,,RAILWAYS,2010-11,2003-04,,727.56,727.53,3123.52,,,255.39,2011-03,,2016-03,,,,0,0,,,,FR_NOV_2010.pdf,Sector-Wise analysis of projects,49,317
FR_201011_318,,N22000108,318,"New Work for Construction of Metro railway from No - RVNL,West Bengal",,,RAILWAYS,2010-11,2010-04,,3447.41,,5573.83,,,,2016-03,,2016-03,,,,0,0,,,,FR_NOV_2010.pdf,Sector-Wise analysis of projects,49,318
FR_201011_319,,N22000110,319,"New Work for Construction of Metro railway from NS - RVNL,West Bengal",,,RAILWAYS,2010-11,2010-04,,3951.98,,3951.98,,,,2016-03,,2016-03,,,,0,0,,,,FR_NOV_2010.pdf,Sector-Wise analysis of projects,49,319
FR_201011_320,,N22000111,320,"New Work for Construction of Metro railway - RVNL,West Bengal",,,RAILWAYS,2010-11,2010-04,,2619.02,,2619.02,,,,2016-03,,2016-03,,,,0,0,,,,FR_NOV_2010.pdf,Sector-Wise analysis of projects,49,320
FR_201011_321,,220100133,321,"UDHAMPUR-SRINAGAR-BARAMULLA (NL),NR - (NR),J & K",NR,,RAILWAYS,2010-11,1995-03,,2500.0,8000.0,11270.0,,,6624.21,2001-03,,2017-12,,,,0,0,,,,FR_NOV_2010.pdf,Sector-Wise analysis of projects,49,321
FR_201011_322,,220100009,322,"FREIGHT OPERATIONS INFORMATION SYSTEM (FOIS) - FOIS,Multi State",FOIS,,RAILWAYS,2010-11,1984-03,,520.0,422.79,634.13,,,526.02,1995-03,2010-03,,,,,0,0,,,,FR_NOV_2010.pdf,Sector-Wise analysis of projects,49,322
FR_201011_323,,220100106,323,"PEDAPALLI-KARIMNAGAR- NIZAMABAD NL(SCR) - SCR,Andhra Pradesh",SCR,,RAILWAYS,2010-11,1994-12,,124.43,,617.63,,,386.41,,,,,,,0,0,,,,FR_NOV_2010.pdf,Sector-Wise analysis of projects,49,323
FR_201011_324,,220100116,324,"RAJKOT-VERAVAL (GC) AND WANSJALIYA-JETALSAR GC AN - WR,Gujarat",GC,,RAILWAYS,2010-11,1992-04,,112.53,320.66,464.5,,,498.52,1996-03,2009-06,,,,,0,0,,,,FR_NOV_2010.pdf,Sector-Wise analysis of projects,49,324
FR_201011_325,,220100125,325,"HOTGI-GADAG(GC),SWR - SWR,Multi State",GC,,RAILWAYS,2010-11,1994-04,,180.0,,318.66,,,452.61,1999-03,2003-03,,,,,0,0,,,,FR_NOV_2010.pdf,Sector-Wise analysis of projects,50,325
FR_201011_326,,220100131,326,"AMBALA-MORADABAD(RE) - RE,Multi State",RE,,RAILWAYS,2010-11,1993-03,,152.21,157.76,265.0,,,265.33,1998-03,,,,,,0,0,,,,FR_NOV_2010.pdf,Sector-Wise analysis of projects,50,326
FR_201011_327,,220100135,327,"New BG line Rly line from Eklakhi- Balurghat includ - NEFR,West Bengal",,,RAILWAYS,2010-11,1986-01,,36.8,274.41,285.93,,,232.31,,,,,,,0,0,,,,FR_NOV_2010.pdf,Sector-Wise analysis of projects,50,327
FR_201011_328,,220100148,328,"LANJHIGARH-JUNAGARH NL(ECOR) - ECR,Orissa",ECOR,,RAILWAYS,2010-11,1993-04,,100.0,119.29,170.0,,,111.69,2002-03,,,,,,0,0,,,,FR_NOV_2010.pdf,Sector-Wise analysis of projects,50,328
FR_201011_329,,220100149,329,"DALLIRAJHARA- JAGDALPUR,NL,SECR - SECR,Chhatisgarh",,,RAILWAYS,2010-11,1995-04,,369.0,968.6,1317.24,,,50.08,,,,,,,0,0,,,,FR_NOV_2010.pdf,Sector-Wise analysis of projects,50,329
FR_201011_330,,220100151,330,"CALICUT-MANGALORE (DL) (SR) - SR,Multi State",SR,,RAILWAYS,2010-11,1996-02,,240.0,,579.37,,,581.69,,,,,,,0,0,,,,FR_NOV_2010.pdf,Sector-Wise analysis of projects,50,330
FR_201011_331,,220100168,331,"MANDARHILL-DUMKA-RAMPURHAT (NL),ER - ER,Jharkhandd",NL,,RAILWAYS,2010-11,1995-04,,184.0,,675.0,,,361.41,2011-12,,,,,,0,0,,,,FR_NOV_2010.pdf,Sector-Wise analysis of projects,50,331
FR_201011_332,,220100181,332,"AHMEDNAGAR-PARLI VAIJNATH(NL) CR - CR,Maharashtra",NL,,RAILWAYS,2010-11,1997-02,,353.08,462.67,1010.0,,,67.32,,,,,,,0,0,,,,FR_NOV_2010.pdf,Sector-Wise analysis of projects,50,332
FR_201011_333,,220100183,333,"HASSAN-BANGALORE VIA SHRAVANA-BELGOLA(NL),SWR - SWR,Karnataka",NL,,RAILWAYS,2010-11,1997-02,,295.0,,412.91,,,473.63,,,,,,,0,0,,,,FR_NOV_2010.pdf,Sector-Wise analysis of projects,50,333
FR_201011_334,,220100186,334,"GONDIA-JABALPUR(GC),(SECR) - SECR,Multi State",SECR,,RAILWAYS,2010-11,1997-02,,356.0,,1038.0,,,491.58,1998-03,,,,,,0,0,,,,FR_NOV_2010.pdf,Sector-Wise analysis of projects,50,334
FR_201011_335,,220100190,335,"KADUR-CHIKMAGALUR- SAKLESHPUR (NL),(SWR) - SWR,Karnataka",SWR,,RAILWAYS,2010-11,1996-04,,157.0,,157.0,,,119.88,2012-03,,,,,,0,0,,,,FR_NOV_2010.pdf,Sector-Wise analysis of projects,50,335
FR_201011_336,,220100191,336,"KARUR-SALEM(NL),SR - SR,Tamil Nadu",NL,,RAILWAYS,2010-11,1997-02,,155.55,,712.0,,,432.8,,,,,,,0,0,,,,FR_NOV_2010.pdf,Sector-Wise analysis of projects,50,336
FR_201011_337,,220100192,337,"NANDYAL-YERRAGUNTLA(NL),SCR - SCR,Andhra Pradesh",NL,,RAILWAYS,2010-11,1997-03,,155.74,164.36,429.49,,,363.58,2009-02,,,,,,0,0,,,,FR_NOV_2010.pdf,Sector-Wise analysis of projects,50,337
FR_201011_338,,220100193,338,"HUBLI-AKOLA(NL),SWR - SWR,Karnataka",NL,,RAILWAYS,2010-11,1995-04,,227.0,,997.58,,,54.94,,,,,,,0,0,,,,FR_NOV_2010.pdf,Sector-Wise analysis of projects,50,338
FR_201011_339,,220100197,339,"KANPUR-KASGANJ- MATHURA(GC),NER - NER,Uttar Pradesh",GC,,RAILWAYS,2010-11,1997-03,,395.0,1062.36,1548.95,,,1117.42,,,,,,,0,0,,,,FR_NOV_2010.pdf,Sector-Wise analysis of projects,50,339
FR_201011_340,,220100205,340,"MUNEERABAD- MAHABOOBNAGAR(NL),SCR - SCR,Multi State",NL,,RAILWAYS,2010-11,1996-04,,377.32,236.41,497.47,,,82.45,,,,,,,0,0,,,,FR_NOV_2010.pdf,Sector-Wise analysis of projects,50,340
FR_201011_341,,220100208,341,"HOWRAH-AMTA-CHAMPADANGA NL (SER) - SER,West Bengal",SER,,RAILWAYS,2010-11,1974-04,,31.42,154.3,154.3,,,106.79,2007-03,2007-03,,,,,0,0,,,,FR_NOV_2010.pdf,Sector-Wise analysis of projects,50,341
FR_201011_342,,220100220,342,"MACHERLA-NALGONDA(NL)(SCR) - SCR,Andhra Pradesh",SCR,,RAILWAYS,2010-11,1998-07,,125.0,,363.26,,,0.27,2008-07,,,,,,0,0,,,,FR_NOV_2010.pdf,Sector-Wise analysis of projects,50,342
FR_201011_343,,220100222,343,"KODERMA-RANCHI VIA BARKAKHANA (NL),ECR - ECR,Jharkhandd",NL,,RAILWAYS,2010-11,1999-03,,491.19,,1099.2,,,846.72,2005-07,,,,,,0,0,,,,FR_NOV_2010.pdf,Sector-Wise analysis of projects,50,343
FR_201011_344,,220100249,344,"KUTTIPURAM-CALICUT INCLD. SHORANUR-M-LORE (DL) (SR) - SR,Kerala",SR,,RAILWAYS,2010-11,2001-03,,178.76,177.34,219.94,,,190.49,,,,,,,0,0,,,,FR_NOV_2010.pdf,Sector-Wise analysis of projects,50,344
FR_201011_345,,220100251,345,"VILLUPURAM-KATPADI (GC)(SR) - SR,Tamil Nadu",SR,,RAILWAYS,2010-11,2000-02,,175.0,,513.16,,,520.42,,,,,,,0,0,,,,FR_NOV_2010.pdf,Sector-Wise analysis of projects,50,345
FR_201011_346,,220100252,346,"ANGAMALI-SABARIMALA (N.L.)(SR) - SR,Kerala",SR,,RAILWAYS,2010-11,1998-10,,550.0,,550.0,,,65.39,,,,,,,0,0,,,,FR_NOV_2010.pdf,Sector-Wise analysis of projects,50,346
FR_201011_347,,220100253,347,"PURNA-AKOLA (G.C), SCR - SCR,Maharashtra",G.C,,RAILWAYS,2010-11,2000-02,,228.0,49.0,497.63,,,477.14,,,,,,,0,0,,,,FR_NOV_2010.pdf,Sector-Wise analysis of projects,50,347
FR_201011_348,,220100254,348,"GULBARGA-BIDAR,SCR(NL) - SCR,Karnataka",NL,,RAILWAYS,2010-11,1999-02,,242.42,369.7,369.7,,,151.69,2009-05,,,,,,0,0,,,,FR_NOV_2010.pdf,Sector-Wise analysis of projects,51,348
FR_201011_349,,220100256,349,"KAPTANGANJ-THAWE-SIWAN- CHHAPRA GC (NER) - NER,Multi State",NER,,RAILWAYS,2010-11,2001-09,,320.1,,522.56,,,306.05,,,,,,,0,1,,,,FR_NOV_2010.pdf,Sector-Wise analysis of projects,51,349
FR_201011_350,,220100257,350,"KHAGARIA-KUSHESHWAR ASTHAN (NL) (ECR) - ECR,Bihar",ECR,,RAILWAYS,2010-11,1997-03,,78.23,,162.87,,,79.22,,,,,,,0,0,,,,FR_NOV_2010.pdf,Sector-Wise analysis of projects,51,350
FR_201011_351,,220100258,351,"JALANDHAR-PATHANKOT-JAMMU- TAWI (LD),NR - (NR),Multi State",NR,,RAILWAYS,2010-11,2002-03,,409.0,408.76,639.54,,,783.08,2007-06,,,,,,0,0,,,,FR_NOV_2010.pdf,Sector-Wise analysis of projects,51,351
FR_201011_352,,220100260,352,"REINGUNTA-GUNTAKAL(RE) - RVNL,Andhra Pradesh",RE,,RAILWAYS,2010-11,2000-06,,168.34,,296.2,,,272.46,2003-04,2010-03,,,,,0,0,,,,FR_NOV_2010.pdf,Sector-Wise analysis of projects,51,352
FR_201011_353,,220100262,353,"TIRUCHIRAPPALI-NAGORE- KARAIKKAL(SR)(GC) - SR,Tamil Nadu",GC,,RAILWAYS,2010-11,1995-09,,100.0,,548.96,,,432.28,,,,,,,0,0,,,,FR_NOV_2010.pdf,Sector-Wise analysis of projects,51,353
FR_201011_354,,220100265,354,"KOTLPALLI-NARASAPUR (NL) (SCR) - SCR,Andhra Pradesh",SCR,,RAILWAYS,2010-11,2001-12,,330.0,,695.0,,,9.41,,,,,,,0,0,,,,FR_NOV_2010.pdf,Sector-Wise analysis of projects,51,354
FR_201011_355,,220100270,355,"GADWAL - RAICHUR (NL), SCR - SCR,Multi State",NL,,RAILWAYS,2010-11,1998-04,,92.63,,228.09,,,198.33,,,,,,,0,0,,,,FR_NOV_2010.pdf,Sector-Wise analysis of projects,51,355
FR_201011_356,,220100273,356,"DEOGHAR - SULTANGANJ (INL), ER - ER,Multi State",INL,,RAILWAYS,2010-11,2000-04,,138.0,240.59,607.09,,,253.6,2012-12,,,,,,0,0,,,,FR_NOV_2010.pdf,Sector-Wise analysis of projects,51,356
FR_201011_357,,220100274,357,"BANGLORE - SATYAMANGALAM (NL)(SWR) - SWR,Karnataka",SWR,,RAILWAYS,2010-11,1999-02,,138.0,,901.62,,,0.29,,,,,,,0,0,,,,FR_NOV_2010.pdf,Sector-Wise analysis of projects,51,357
FR_201011_358,,220100277,358,"BANKURA - DAMODAR (GC) (SER) - SER,West Bengal",SER,,RAILWAYS,2010-11,1998-03,,111.9,,325.17,,,311.98,2005-03,2008-12,,,,,0,0,,,,FR_NOV_2010.pdf,Sector-Wise analysis of projects,51,358
FR_201011_359,,220100284,359,"KHURDA ROAD-BOLANGIR(NL)ECOR - ECR,Orissa",NL,,RAILWAYS,2010-11,1994-04,,355.38,,700.0,,,97.09,,,,,,,0,0,,,,FR_NOV_2010.pdf,Sector-Wise analysis of projects,51,359
FR_201011_360,,220100305,360,"KODERMA-TILAIYA (NL), ECR - ECR,Jharkhandd",NL,,RAILWAYS,2010-11,2002-04,,459.91,,418.17,,,61.34,,,,,,,0,0,,,,FR_NOV_2010.pdf,Sector-Wise analysis of projects,51,360
FR_201011_361,,220100314,361,"RAMGANJMUNDI-BHOPAL (NL),WCR - WCR,Madhya pradesh",NL,,RAILWAYS,2010-11,2001-04,,727.13,727.13,1225.0,,,152.79,,,,,,,0,0,,,,FR_NOV_2010.pdf,Sector-Wise analysis of projects,51,361
FR_201011_362,,220100316,362,"MAHARAJGANJ-MASRAKH (NL) - NER - NER,Bihar",NL,,RAILWAYS,2010-11,2003-04,,104.1,,218.19,,,74.11,,,,,,,0,0,,,,FR_NOV_2010.pdf,Sector-Wise analysis of projects,51,362
FR_201011_363,,220100317,363,"KICHHA-KHATIMA (NL) - NER - NER,Uttaranchal",NL,,RAILWAYS,2010-11,2003-04,,165.67,,165.67,,,0.15,,,,,,,0,0,,,,FR_NOV_2010.pdf,Sector-Wise analysis of projects,51,363
FR_201011_364,,220100330,364,"GUNTUR-GUNTAKAL- KALLURU(GL)(SCR) - SCR,Andhra Pradesh",SCR,,RAILWAYS,2010-11,1992-04,,458.45,,573.12,,,555.49,,,,,,,0,0,,,,FR_NOV_2010.pdf,Sector-Wise analysis of projects,51,364
FR_201011_365,,N22000032,365,"MANOHARABAD-KOTHPALL NEW LINE(SCR) - SCR,Andhra Pradesh",SCR,,RAILWAYS,2010-11,2006-04,,378.56,,671.82,,,1.05,,,,,,,0,0,,,,FR_NOV_2010.pdf,Sector-Wise analysis of projects,51,365
FR_201011_366,,N22000045,366,"GAELKERA-MANOHARPUR,(LD)(SER) - SER,Jharkhandd",SER,,RAILWAYS,2010-11,1998-03,,186.92,,261.7,,,0.08,2006-02,,,,,,0,0,,,,FR_NOV_2010.pdf,Sector-Wise analysis of projects,51,366
FR_201011_367,,N22000052,367,"HARNOUT -SET.UP OF W/S TO UND. POH OF UP TO50 COAC - WS&PU,Bihar",,,RAILWAYS,2010-11,2003-04,,98.74,,224.51,,,41.39,,,,,,,0,0,,,,FR_NOV_2010.pdf,Sector-Wise analysis of projects,51,367
FR_201011_368,,N22000053,368,"CHHAPRA-SETTING UP OF WHEEL MANUFACTURING PLANT - WS&PU,Bihar",,,RAILWAYS,2010-11,2005-03,,470.09,,881.19,,,86.35,,,,,,,0,0,,,,FR_NOV_2010.pdf,Sector-Wise analysis of projects,51,368
FR_201011_369,,N22000079,369,"MAYLADUTHURAI-THIRUVARUR- KARAIKUDI-THIRU 'PONDI'-A - SR,Tamil Nadu",,,RAILWAYS,2010-11,2007-09,,404.19,50.0,900.0,,,98.25,,,,,,,0,0,,,,FR_NOV_2010.pdf,Sector-Wise analysis of projects,51,369
FR_201011_370,,N22000080,370,"DINDIGUL-POLLACHI-PALGHAT- POLLACHI AND COIMBATORE - SR,Tamil Nadu",,,RAILWAYS,2010-11,2006-09,,343.17,,900.0,,,284.2,,,,,,,0,0,,,,FR_NOV_2010.pdf,Sector-Wise analysis of projects,52,370
FR_201011_371,,N22000084,371,"TINDIVANAM-GINGEE- TIRUVANNAMALAI (NL) - SR,Tamil Nadu",NL,,RAILWAYS,2010-11,2006-09,,125.0,,227.4,,,17.44,,,,,,,0,0,,,,FR_NOV_2010.pdf,Sector-Wise analysis of projects,52,371
FR_201011_372,,N22000085,372,"TIDIVANAM-NAGARI (NL) - SR,Tamil Nadu",NL,,RAILWAYS,2010-11,2006-09,,456.0,,582.83,,,42.02,,,,,,,0,0,,,,FR_NOV_2010.pdf,Sector-Wise analysis of projects,52,372
FR_201011_373,,N22000087,373,"NEW B.G. LINE FROM ARARIA TO GALGALIA (THAKURGUNG) - NEFR,Bihar",THAKURGUNG,,RAILWAYS,2010-11,2006-09,,300.0,300.0,529.88,,,27.33,,,,,,,0,0,,,,FR_NOV_2010.pdf,Sector-Wise analysis of projects,52,373
FR_201011_374,,N22000101,374,"KISHANGANJ JALALGARH, NEFR - NEFR,Bihar",,,RAILWAYS,2010-11,2008-04,,282.92,,333.76,,,0.71,,,,,,,0,0,,,,FR_NOV_2010.pdf,Sector-Wise analysis of projects,52,374
FR_201011_375,,N22000103,375,"RESTORATION WITH GAUGE CONVERSION OF SILIGHAT TOWN - GC,Assam",,,RAILWAYS,2010-11,1993-04,,100.41,,949.22,,,15.65,2009-12,,,,,,0,0,,,,FR_NOV_2010.pdf,Sector-Wise analysis of projects,52,375
FR_201011_376,,220100062,376,"VIRAMGAM-BHILDI(WR),GC - WR,Multi State",WR,,RAILWAYS,2010-11,1990-04,,155.66,,356.87,,,131.6,2013-03,,2011-03,,,,0,0,,,,FR_NOV_2010.pdf,Sector-Wise analysis of projects,52,376
FR_201011_377,,220100162,377,"MIRAJ-LATUR ROAD(GC),CR - CR,Maharashtra",GC,,RAILWAYS,2010-11,1993-04,,225.0,323.0,816.4,,,827.29,2001-03,2010-03,,,,,0,0,,,,FR_NOV_2010.pdf,Sector-Wise analysis of projects,52,377
FR_201011_378,,220100164,378,"BELAPUR-SEAWOOD-URAN ELECTRIF-IED DOUBLE LINE(MTP) - MRTP,Maharashtra",MTP,,RAILWAYS,2010-11,1996-03,,401.81,,495.44,,,156.46,2004-03,,2010-12,,,,0,0,,,,FR_NOV_2010.pdf,Sector-Wise analysis of projects,52,378
FR_201011_379,,220100187,379,"SURENDRANAGAR- BHAVNAGAR(GC),WR - WR,Gujarat",GC,,RAILWAYS,2010-11,1997-03,,437.4,,563.25,,,540.9,2004-03,2010-03,,,,,0,0,,,,FR_NOV_2010.pdf,Sector-Wise analysis of projects,52,379
FR_201011_380,,220100272,380,"TARAKESWAR - BISHNUPUR NEW BG LINE (NL), ER - ER,West Bengal",NL,,RAILWAYS,2010-11,2000-04,,157.96,,762.33,,,313.01,2009-12,,2010-12,,,,0,0,,,,FR_NOV_2010.pdf,Sector-Wise analysis of projects,52,380
FR_201011_381,,220100306,381,"KODERMA GIRIDH (NL), ECR - ECR,Jharkhandd",NL,,RAILWAYS,2010-11,1996-04,,371.36,,452.35,,,295.09,,,2011-03,,,,0,0,,,,FR_NOV_2010.pdf,Sector-Wise analysis of projects,52,381
FR_201011_382,,N22000086,382,"NEW B.G. LINE FROM TETELIA TO BYRNIHAT (NATIONAL P - NEFR,Assam Total",,,RAILWAYS,2010-11,2006-09,,200.0,68578.35,390.0,,,0.93,,,2014-03,,,,0,0,,,,FR_NOV_2010.pdf,Sector-Wise analysis of projects,52,382
FR_201011_383,,240100206,383,"COCHIN PORT, NH-47 (PORT CONNECTIVITY) KMS 348 - KMS 358 - NHAI,Kerala",PORT CONNECTIVITY,,ROAD TRANSPORT & HIGHWAYS,2010-11,2000-04,,106.0,,193.0,,,141.7,2006-08,,2010-12,,,,0,0,,,,FR_NOV_2010.pdf,Sector-Wise analysis of projects,52,383
FR_201011_384,,240101132,384,"HAVERI-HARIHAR (GQ) KM.340- KM.284 (NH-4) - NHAI,Karnataka",NH-4,,ROAD TRANSPORT & HIGHWAYS,2010-11,2000-04,,241.0,,196.65,,,102.51,2004-08,,2010-12,,,,0,0,,,,FR_NOV_2010.pdf,Sector-Wise analysis of projects,52,384
FR_201011_385,,240101133,385,"HARIHAR-CHITRADURGA (GQ) KM.284-KM.207 (NH-4) - NHAI,Karnataka",NH-4,,ROAD TRANSPORT & HIGHWAYS,2010-11,2000-04,,318.0,,207.56,,,112.45,2004-08,,2010-12,,,,0,0,,,,FR_NOV_2010.pdf,Sector-Wise analysis of projects,52,385
FR_201011_386,,240103191,386,"PURNEA-GOYAKOTA SEC.(EW) (NS & EW-PH-I) KM.419-KM.447, NH-31 - NHAI,Bihar",NS & EW-PH-I,,ROAD TRANSPORT & HIGHWAYS,2010-11,2000-04,,205.73,,205.73,,,244.9,2004-07,,2010-12,,,,0,0,,,,FR_NOV_2010.pdf,Sector-Wise analysis of projects,52,386
FR_201011_387,,240106202,387,"CHENNAI BYPASS (NHAI) OTHERS, NH-45, 4 & 5 - NHAI,Tamil Nadu",NHAI,,ROAD TRANSPORT & HIGHWAYS,2010-11,2003-12,,480.0,51.0,480.0,,,844.2,2007-11,,2010-12,,,,0,0,,,,FR_NOV_2010.pdf,Sector-Wise analysis of projects,52,387
FR_201011_388,,240106203,388,"IMPROVEMENT OF ACCESS OF GQ WITHIN CHENNAI CITY(NHAI) OTHERS - NHAI,Tamil Nadu",NHAI,,ROAD TRANSPORT & HIGHWAYS,2010-11,2003-12,,210.0,,210.0,,,658.5,2007-04,,2010-12,,,,0,0,,,,FR_NOV_2010.pdf,Sector-Wise analysis of projects,53,388
FR_201011_389,,240106204,389,"GARHMUKTESHWAR-MURADABAD (NHAI) OTHERS KM.93-149.25, NH-24 - NHAI,Uttar Pradesh",NHAI,,ROAD TRANSPORT & HIGHWAYS,2010-11,2003-12,,275.0,,275.0,,,286.7,2007-09,,2010-12,,,,0,0,,,,FR_NOV_2010.pdf,Sector-Wise analysis of projects,53,389
FR_201011_390,,240106216,390,"GAGODHAR-GARAMORE(PK-IV,NH15) KM 245 TO 281.3 AND 308 TO 254 - NHAI,Gujarat","PK-IV,NH15",,ROAD TRANSPORT & HIGHWAYS,2010-11,2003-12,,412.78,,479.54,,,424.8,2007-11,,2010-12,,,,0,0,,,,FR_NOV_2010.pdf,Sector-Wise analysis of projects,53,390
FR_201011_391,,240106222,391,"AYODHYA - LUCKNOW (LMNHP-I) NH- 28, KM.45 TO KM.8.2 - NHAI,Uttar Pradesh",LMNHP-I,,ROAD TRANSPORT & HIGHWAYS,2010-11,2003-12,,193.0,,193.0,,,307.1,2008-10,,2010-12,,,,0,0,,,,FR_NOV_2010.pdf,Sector-Wise analysis of projects,53,391
FR_201011_392,,240106225,392,"AYODHYA - LUCKNOW (LMNHP-II) KM.93.075 TO KM.45, NH-28 - NHAI,Uttar Pradesh",LMNHP-II,,ROAD TRANSPORT & HIGHWAYS,2010-11,2003-12,,217.0,,217.0,,,333.8,2008-10,,2010-12,,,,0,0,,,,FR_NOV_2010.pdf,Sector-Wise analysis of projects,53,392
FR_201011_393,,240106235,393,"VIJAYAPUR TO PATHANKOT (J&K) NH-1A KM.16.35 TO KM.50.00 - NHAI,J & K",J&K,,ROAD TRANSPORT & HIGHWAYS,2010-11,2003-12,,193.09,,193.1,,,105.3,2008-03,,2010-12,,,,0,0,,,,FR_NOV_2010.pdf,Sector-Wise analysis of projects,53,393
FR_201011_394,,240106240,394,"MADURAI -KANIAKUMARI SECTION (NS-41/TN) NH-7,KM.80 TO KM.120 - NHAI,Tamil Nadu",NS-41/TN,,ROAD TRANSPORT & HIGHWAYS,2010-11,2003-12,,323.36,,323.36,,,189.9,2008-03,,2010-12,,,,0,0,,,,FR_NOV_2010.pdf,Sector-Wise analysis of projects,53,394
FR_201011_395,,240106245,395,"GORAKHPUR-AYODHYA (LMNHP- 6),NH-28, KM.251.70 TO KM.208.00 - NHAI,Uttar Pradesh",LMNHP- 6,,ROAD TRANSPORT & HIGHWAYS,2010-11,2003-12,,239.0,,239.0,,,395.7,2008-10,,2010-12,,,,0,0,,,,FR_NOV_2010.pdf,Sector-Wise analysis of projects,53,395
FR_201011_396,,240106247,396,"GORAKHPUR-AYODHYA (LMNHP- 4),NH-28, KM.164.00 TO KM.135.00 - NHAI,Uttar Pradesh",LMNHP- 4,,ROAD TRANSPORT & HIGHWAYS,2010-11,2003-12,,205.0,,205.0,,,324.4,2008-10,,2010-12,,,,0,0,,,,FR_NOV_2010.pdf,Sector-Wise analysis of projects,53,396
FR_201011_397,,240106248,397,"AYODHYA-LUCKNOW (LMNHP-3),NH- 28, KM.135.000 TO KM.93.075 - NHAI,Uttar Pradesh",LMNHP-3,,ROAD TRANSPORT & HIGHWAYS,2010-11,2003-12,,212.0,,212.0,,,367.6,2008-10,,2010-12,,,,0,0,,,,FR_NOV_2010.pdf,Sector-Wise analysis of projects,53,397
FR_201011_398,,240106260,398,"AURANG-RAIPUR, NH-6, KM.232 TO KM.281 - NHAI,Chhatisgarh",,,ROAD TRANSPORT & HIGHWAYS,2010-11,2005-03,,190.0,,190.0,,,227.0,2009-01,,2010-12,,,,0,0,,,,FR_NOV_2010.pdf,Sector-Wise analysis of projects,53,398
FR_201011_399,,240106276,399,"MADURAI-ARUPKOTTAI-TUTICORIN, KM.138.8 TO KM.264.5, NH-45 B - NHAI,Tamil Nadu",,,ROAD TRANSPORT & HIGHWAYS,2010-11,2005-03,,629.0,,629.0,,,905.8,2010-11,,2010-12,,,,0,0,,,,FR_NOV_2010.pdf,Sector-Wise analysis of projects,53,399
FR_201011_400,,240106289,400,"NAGAON BYPASS (NH-37)(NHAI) - NHAI,Assam",NHAI,,ROAD TRANSPORT & HIGHWAYS,2010-11,2003-12,,230.0,,230.0,,,291.8,2008-06,,2010-12,,,,0,0,,,,FR_NOV_2010.pdf,Sector-Wise analysis of projects,53,400
FR_201011_401,,240106296,401,"DARBHANGA-MUZAFFARPUR(KM 30 TO KM 0), NH-57 (NHAI) - NHAI,Bihar",NHAI,,ROAD TRANSPORT & HIGHWAYS,2010-11,2003-12,,291.8,,291.8,,,436.1,2008-06,,2010-12,,,,0,0,,,,FR_NOV_2010.pdf,Sector-Wise analysis of projects,53,401
FR_201011_402,,240106297,402,"KOTA BYPASS,RJ-4, NH-76 (NHAI) - NHAI,Rajasthan",NHAI,,ROAD TRANSPORT & HIGHWAYS,2010-11,2003-12,,275.0,,250.39,,,261.2,2008-10,,2010-12,,,,0,0,,,,FR_NOV_2010.pdf,Sector-Wise analysis of projects,53,402
FR_201011_403,,240106302,403,"SAGAR - RAJMARG CHORAHA,KM 255-297, NH-26 (NHAI) - NHAI,Madhya pradesh",NHAI,,ROAD TRANSPORT & HIGHWAYS,2010-11,2003-12,,206.96,,206.96,,,281.9,2008-10,,2010-12,,,,0,0,,,,FR_NOV_2010.pdf,Sector-Wise analysis of projects,53,403
FR_201011_404,,N24000028,404,"SILIGURI TO ISLAMPUR (WB-7) - NHAI,West Bengal",WB-7,,ROAD TRANSPORT & HIGHWAYS,2010-11,2003-12,,225.0,,225.0,,,172.8,2008-07,,2010-12,,,,0,0,,,,FR_NOV_2010.pdf,Sector-Wise analysis of projects,53,404
FR_201011_405,,N24000037,405,"THRISSUR TO ANGAMALI (NH-47) - NHAI,Kerala",NH-47,,ROAD TRANSPORT & HIGHWAYS,2010-11,2003-12,,312.5,,312.5,,,571.1,2009-03,,2010-12,,,,0,0,,,,FR_NOV_2010.pdf,Sector-Wise analysis of projects,53,405
FR_201011_406,,N24000040,406,"NEW MANGALORE PORT NH-17 AND 48 - NHAI,Karnataka",,,ROAD TRANSPORT & HIGHWAYS,2010-11,2000-04,,196.5,,196.5,,,202.7,2008-06,,2010-12,,,,0,0,,,,FR_NOV_2010.pdf,Sector-Wise analysis of projects,53,406
FR_201011_407,,N24000045,407,"ASSAM/WB BORDER TO GAIRKATTA (WB-1) - NHAI,West Bengal",WB-1,,ROAD TRANSPORT & HIGHWAYS,2010-11,2003-12,,221.82,52.0,221.82,,,189.3,2008-11,,2010-12,,,,0,0,,,,FR_NOV_2010.pdf,Sector-Wise analysis of projects,53,407
FR_201011_408,,N24000055,408,"NAGPUR-KONDHALI,NH-6(NHAI) - NHAI,Maharashtra",NHAI,,ROAD TRANSPORT & HIGHWAYS,2010-11,2005-03,,168.0,,168.0,,,305.4,2008-12,,2010-12,,,,0,0,,,,FR_NOV_2010.pdf,Sector-Wise analysis of projects,54,408
FR_201011_409,,N24000056,409,"THANJAUR-TRICHY,NH-67(NHAI) - NHAI,Tamil Nadu",NHAI,,ROAD TRANSPORT & HIGHWAYS,2010-11,2005-03,,280.0,,280.0,,,574.4,2009-06,,2010-12,,,,0,0,,,,FR_NOV_2010.pdf,Sector-Wise analysis of projects,54,409
FR_201011_410,,N24000076,410,"HYDERABAD-BANGALORE SEC.(NS CORR.PH-II)[KM 251-293 - NHAI,Andhra Pradesh",NS CORR.PH-II,,ROAD TRANSPORT & HIGHWAYS,2010-11,2003-12,,208.46,,208.46,,,197.8,2009-08,,2010-12,,,,0,0,,,,FR_NOV_2010.pdf,Sector-Wise analysis of projects,54,410
FR_201011_411,,N24000077,411,"HYDERABAD-BANGALORE SEC.(NS CORR.PH-II)[KM 293.4-3 - NHAI,Andhra Pradesh",NS CORR.PH-II,,ROAD TRANSPORT & HIGHWAYS,2010-11,2003-12,,239.19,,239.19,,,224.8,2009-09,,2010-12,,,,0,0,,,,FR_NOV_2010.pdf,Sector-Wise analysis of projects,54,411
FR_201011_412,,N24000078,412,"HYDERABAD-BANGALORE SEC.(NS CORR.PH-II)[KM 336-376 - NHAI,Andhra Pradesh",NS CORR.PH-II,,ROAD TRANSPORT & HIGHWAYS,2010-11,2003-12,,243.38,,243.38,,,286.4,2008-09,,2010-12,,,,0,0,,,,FR_NOV_2010.pdf,Sector-Wise analysis of projects,54,412
FR_201011_413,,N24000081,413,"HYDERABAD-BANGALORE SEC.(NS CORR.PH-II)[KM 211-251 - NHAI,Andhra Pradesh",NS CORR.PH-II,,ROAD TRANSPORT & HIGHWAYS,2010-11,2003-12,,194.8,,194.8,,,179.7,2009-08,,2010-12,,,,0,0,,,,FR_NOV_2010.pdf,Sector-Wise analysis of projects,54,413
FR_201011_414,,N24000104,414,"BANGALORE-NEELAMANGLALA NH-4 - NHAI,Karnataka",,,ROAD TRANSPORT & HIGHWAYS,2010-11,2005-03,,445.0,,445.0,,,803.4,2010-07,,2010-12,,,,0,0,,,,FR_NOV_2010.pdf,Sector-Wise analysis of projects,54,414
FR_201011_415,,N24000106,415,"BANGLORE - HOSKOTE MUDBOGAL SECTION NH-4 - NHAI,Karnataka",,,ROAD TRANSPORT & HIGHWAYS,2010-11,2005-03,,565.0,,565.0,,,919.2,2010-07,,2010-12,,,,0,0,,,,FR_NOV_2010.pdf,Sector-Wise analysis of projects,54,415
FR_201011_416,,N24000116,416,"BALASORE BHADRAK (REVIVED) KM 136.5 - 199.14 NH-5 - NHAI,Orissa",REVIVED,,ROAD TRANSPORT & HIGHWAYS,2010-11,2000-04,,228.7,,228.7,,,112.07,2004-02,,2010-12,,,,0,0,,,,FR_NOV_2010.pdf,Sector-Wise analysis of projects,54,416
FR_201011_417,,240106262,417,"GONDE-VADAPE(THANE), NH-3, KM.440/000 TO KM.539/500 - NHAI,Maharashtra",THANE,,ROAD TRANSPORT & HIGHWAYS,2010-11,2005-03,,579.0,,579.0,,,693.5,2009-04,,2011-01,,,,0,0,,,,FR_NOV_2010.pdf,Sector-Wise analysis of projects,54,417
FR_201011_418,,N24000035,418,"NALBARI TO BIJNI (AS-8) - NHAI,Assam",AS-8,,ROAD TRANSPORT & HIGHWAYS,2010-11,2003-12,,200.0,,200.0,,,197.2,2008-06,,2011-01,,,,0,0,,,,FR_NOV_2010.pdf,Sector-Wise analysis of projects,54,418
FR_201011_419,,N24000099,419,"TRICHY - DINDIGUAL NH-45 - NHAI,Tamil Nadu",,,ROAD TRANSPORT & HIGHWAYS,2010-11,2005-03,,576.0,,576.0,,,340.0,2010-07,,2011-01,,,,0,0,,,,FR_NOV_2010.pdf,Sector-Wise analysis of projects,54,419
FR_201011_420,,N24000100,420,"PONDICHERY - TINDIVANAU NH-66 - NHAI,Tamil Nadu",,,ROAD TRANSPORT & HIGHWAYS,2010-11,2005-03,,285.0,,285.0,,,241.4,2010-07,,2011-01,,,,0,0,,,,FR_NOV_2010.pdf,Sector-Wise analysis of projects,54,420
FR_201011_421,,N24000118,421,"END OF DURG BYPASS- CHHATISGARH/MAHARASHTRA BORDER - NHAI,Chhatisgarh",,,ROAD TRANSPORT & HIGHWAYS,2010-11,2008-01,,464.0,,464.0,,,411.4,2011-01,,2011-01,,,,0,0,,,,FR_NOV_2010.pdf,Sector-Wise analysis of projects,54,421
FR_201011_422,,240100207,422,"SILCHAR-UDARBAND (PH.II) HN-54, KM.309 TO KM.275 - NHAI,Assam",PH.II,,ROAD TRANSPORT & HIGHWAYS,2010-11,2003-12,,157.47,,154.57,,,140.1,2007-09,,2011-03,,,,0,0,,,,FR_NOV_2010.pdf,Sector-Wise analysis of projects,54,422
FR_201011_423,,240101173,423,"AGRA-SHIKOHABAD (GQ) KM.199.66- KM.250.50 (NH-2) - NHAI,Uttar Pradesh",NH-2,,ROAD TRANSPORT & HIGHWAYS,2010-11,2000-04,,367.49,,367.49,,,453.68,2005-03,,2011-03,,,,0,0,,,,FR_NOV_2010.pdf,Sector-Wise analysis of projects,54,423
FR_201011_424,,240104196,424,"HALDIA PORT (PORT CONNECTIVITY) (NH-41) - NHAI,West Bengal",NH-41,,ROAD TRANSPORT & HIGHWAYS,2010-11,2000-04,,273.0,,522.0,,,342.6,2005-03,,2011-03,,,,0,0,,,,FR_NOV_2010.pdf,Sector-Wise analysis of projects,54,424
FR_201011_425,,240106220,425,"JHANSI BYPASS (UP-3), KM.104- KM.91, NH-25 - NHAI,Uttar Pradesh",UP-3,,ROAD TRANSPORT & HIGHWAYS,2010-11,2003-12,,158.06,,158.06,,,158.3,2005-08,,2011-03,,,,0,0,,,,FR_NOV_2010.pdf,Sector-Wise analysis of projects,54,425
FR_201011_426,,240106223,426,"MEHSI TO KOTWA (LMNHP-II), PH.II, KM.480 TO KM.440, NH-28 - NHAI,Bihar",LMNHP-II,,ROAD TRANSPORT & HIGHWAYS,2010-11,2003-12,,239.0,,239.0,,,280.1,2005-07,,2011-03,,,,0,0,,,,FR_NOV_2010.pdf,Sector-Wise analysis of projects,54,426
FR_201011_427,,240106224,427,"MUZZAFFARPUR TO MEHSI (LMNHP- 12), KM.520 TO 480, NH-28 - NHAI,Bihar",LMNHP- 12,,ROAD TRANSPORT & HIGHWAYS,2010-11,2003-12,,275.0,53.0,275.0,,,307.2,2005-07,,2011-03,,,,0,0,,,,FR_NOV_2010.pdf,Sector-Wise analysis of projects,54,427
FR_201011_428,,240106243,428,"KOTWA TO DEWAPUR(10 LMNHP),NH-28 PHASE-II, KM.440 TO KM.402 - NHAI,Bihar",10 LMNHP,,ROAD TRANSPORT & HIGHWAYS,2010-11,2003-12,,240.0,,240.0,,,213.0,2008-10,,2011-03,,,,0,0,,,,FR_NOV_2010.pdf,Sector-Wise analysis of projects,55,428
FR_201011_429,,240106249,429,"ORAI TO JHANSI (UP-4),NH-25, KM.170.0 TO KM.104.0 - NHAI,Uttar Pradesh",UP-4,,ROAD TRANSPORT & HIGHWAYS,2010-11,2003-12,,451.97,,451.97,,,518.8,2008-04,,2011-03,,,,0,0,,,,FR_NOV_2010.pdf,Sector-Wise analysis of projects,55,429
FR_201011_430,,240106250,430,"ORAI TO JHANSI (UP-5),NH-25, KM.220.0 TO KM.170.0 - NHAI,Uttar Pradesh",UP-5,,ROAD TRANSPORT & HIGHWAYS,2010-11,2003-12,,340.68,,340.68,,,310.8,2008-03,,2011-03,,,,0,0,,,,FR_NOV_2010.pdf,Sector-Wise analysis of projects,55,430
FR_201011_431,,240106256,431,"MEERUT-MUZAFFARNAGAR, NH-58 PHASE-III, KM.52.25 TO KM.131.00 - NHAI,Uttar Pradesh",,,ROAD TRANSPORT & HIGHWAYS,2010-11,2005-03,,359.0,,359.0,,,632.8,2009-03,,2011-03,,,,0,0,,,,FR_NOV_2010.pdf,Sector-Wise analysis of projects,55,431
FR_201011_432,,240106286,432,"LANKA TO DABOKA (NH-54)(NHAI) - NHAI,Assam",NHAI,,ROAD TRANSPORT & HIGHWAYS,2010-11,2003-12,,225.0,,225.0,,,204.4,2008-06,,2011-03,,,,0,0,,,,FR_NOV_2010.pdf,Sector-Wise analysis of projects,55,432
FR_201011_433,,240106299,433,"LALITPUR TO SAGAR, NH-26 (NHAI) - NHAI,Madhya pradesh",NHAI,,ROAD TRANSPORT & HIGHWAYS,2010-11,2003-12,,198.0,,198.0,,,146.3,2008-11,,2011-03,,,,0,0,,,,FR_NOV_2010.pdf,Sector-Wise analysis of projects,55,433
FR_201011_434,,240106300,434,"LALITPUR TO SAGAR KM 132 TO KM 187, NH-26 (NHAI) - NHAI,Madhya pradesh",NHAI,,ROAD TRANSPORT & HIGHWAYS,2010-11,2003-12,,225.0,,225.0,,,215.0,2008-10,,2011-03,,,,0,0,,,,FR_NOV_2010.pdf,Sector-Wise analysis of projects,55,434
FR_201011_435,,N24000030,435,"RINGBUNDS TO JHAJHANPUR (BR-6) - NHAI,Bihar",BR-6,,ROAD TRANSPORT & HIGHWAYS,2010-11,2003-12,,340.0,,340.0,,,496.9,2008-06,,2011-03,,,,0,0,,,,FR_NOV_2010.pdf,Sector-Wise analysis of projects,55,435
FR_201011_436,,N24000036,436,"SITAPUR-LUCKNOW - NHAI,Uttar Pradesh",,,ROAD TRANSPORT & HIGHWAYS,2010-11,2005-03,,322.0,,322.0,,,275.4,2009-06,,2011-03,,,,0,0,,,,FR_NOV_2010.pdf,Sector-Wise analysis of projects,55,436
FR_201011_437,,N24000069,437,"BARA TO ORAI, NH-2, 25 - NHAI,Uttar Pradesh",,,ROAD TRANSPORT & HIGHWAYS,2010-11,2003-12,,465.0,,465.0,,,36.22,2009-04,,2011-03,,,,0,0,,,,FR_NOV_2010.pdf,Sector-Wise analysis of projects,55,437
FR_201011_438,,N24000087,438,"KURALI-KIRATPUR, NH-21 - NHAI,Punjab",,,ROAD TRANSPORT & HIGHWAYS,2010-11,2005-03,,309.0,,309.0,,,538.3,2010-06,,2011-03,,,,0,0,,,,FR_NOV_2010.pdf,Sector-Wise analysis of projects,55,438
FR_201011_439,,N24000088,439,"GWALIOR BYPSS, NH-75,3 - NHAI,Madhya pradesh",,,ROAD TRANSPORT & HIGHWAYS,2010-11,2003-12,,300.93,,300.93,,,232.1,2009-10,,2011-03,,,,0,0,,,,FR_NOV_2010.pdf,Sector-Wise analysis of projects,55,439
FR_201011_440,,N24000096,440,"JHANSI TO LALITPUR, NH-25,26 - NHAI,Uttar Pradesh",,,ROAD TRANSPORT & HIGHWAYS,2010-11,2003-12,,355.06,,355.06,,,244.5,2009-09,,2011-03,,,,0,0,,,,FR_NOV_2010.pdf,Sector-Wise analysis of projects,55,440
FR_201011_441,,N24000097,441,"JHANSI TO LALITPUR, NH-26 - NHAI,Uttar Pradesh",,,ROAD TRANSPORT & HIGHWAYS,2010-11,2003-12,,276.09,,276.09,,,184.6,2009-09,,2011-03,,,,0,0,,,,FR_NOV_2010.pdf,Sector-Wise analysis of projects,55,441
FR_201011_442,,N24000103,442,"NEELAMANGALAR JUNCTION ON NH- 4 SMITH NH-48 TO DEVI - NHAI,Karnataka",,,ROAD TRANSPORT & HIGHWAYS,2010-11,2005-03,,441.0,,441.0,,,655.2,2010-07,,2011-03,,,,0,0,,,,FR_NOV_2010.pdf,Sector-Wise analysis of projects,55,442
FR_201011_443,,N24000108,443,"DHOLPUR - MORENA SECTION (INCLUDING CHAMBOL BRIDGE - NHAI,Multi State",,,ROAD TRANSPORT & HIGHWAYS,2010-11,2003-12,,232.45,,232.45,,,133.2,2010-09,,2011-03,,,,0,0,,,,FR_NOV_2010.pdf,Sector-Wise analysis of projects,55,443
FR_201011_444,,N24000057,444,"GANJAM-ICCHAPURUM,NH-5(NHAI) - NHAI,Orissa",NHAI,,ROAD TRANSPORT & HIGHWAYS,2010-11,2000-04,,263.27,,263.27,,,230.18,2004-02,,2011-04,,,,0,0,,,,FR_NOV_2010.pdf,Sector-Wise analysis of projects,55,444
FR_201011_445,,240106291,445,"KASIA TO GORAKHPUR (NH- 28)(NHAI) - NHAI,Uttar Pradesh",NHAI,,ROAD TRANSPORT & HIGHWAYS,2010-11,2003-12,,242.0,,242.0,,,332.1,2008-12,,2011-05,,,,0,0,,,,FR_NOV_2010.pdf,Sector-Wise analysis of projects,55,445
FR_201011_446,,N24000117,446,"ZIRAKPUR(HARYANA) - PARWANOO(HIMACHAL PRADESH) - NHAI,Multi State",HIMACHAL PRADESH,,ROAD TRANSPORT & HIGHWAYS,2010-11,2008-02,,295.0,,295.0,,,589.3,2010-08,,2011-05,,,,0,0,,,,FR_NOV_2010.pdf,Sector-Wise analysis of projects,55,446
FR_201011_447,,N24000119,447,"KALGHAT-MP/MAHARASHTRA BORDER KM 16.6-84.70 - NHAI,Madhya pradesh",,,ROAD TRANSPORT & HIGHWAYS,2010-11,2008-11,,549.0,,549.0,,,674.4,2010-05,,2011-05,,,,0,0,,,,FR_NOV_2010.pdf,Sector-Wise analysis of projects,55,447
FR_201011_448,,N24000122,448,"DELHI/ HARYANA BORDER TO ROHTAK - NHAI,Haryana",,,ROAD TRANSPORT & HIGHWAYS,2010-11,2007-04,,486.0,,486.0,,,437.9,2010-05,,2011-05,,,,0,0,,,,FR_NOV_2010.pdf,Sector-Wise analysis of projects,55,448
FR_201011_449,,240106205,449,"HAPUR-GARHMUKTESWAR (OTHERS) KM.58-93, NH-24 - NHAI,Uttar Pradesh",OTHERS,,ROAD TRANSPORT & HIGHWAYS,2010-11,2005-03,,220.0,54.0,220.0,,,175.1,2007-09,,2011-06,,,,0,0,,,,FR_NOV_2010.pdf,Sector-Wise analysis of projects,55,449
FR_201011_450,,240106221,450,"GANGA BRIDGE TO RAMDEVI CROSSING PH.II NH-25, KM.75-80.06 - NHAI,Uttar Pradesh",,,ROAD TRANSPORT & HIGHWAYS,2010-11,2003-12,,155.0,,201.66,,,69.92,2008-09,,2011-06,,,,0,0,,,,FR_NOV_2010.pdf,Sector-Wise analysis of projects,56,450
FR_201011_451,,240106236,451,"VIJAYAPUR TO PATHANKOT (NS- 35/J&K) NH-1A KM.50 TO KM.80 - NHAI,J & K",NS- 35/J&K,,ROAD TRANSPORT & HIGHWAYS,2010-11,2003-12,,166.27,,193.1,,,115.7,2008-03,,2011-06,,,,0,0,,,,FR_NOV_2010.pdf,Sector-Wise analysis of projects,56,451
FR_201011_452,,240106246,452,"GORAKHPUR-AYODHYA (LMNHP- 5),NH-28, KM.208.00 TO KM.164.00 - NHAI,Uttar Pradesh",LMNHP- 5,,ROAD TRANSPORT & HIGHWAYS,2010-11,2003-12,,227.0,,227.0,,,288.7,2008-10,,2011-06,,,,0,0,,,,FR_NOV_2010.pdf,Sector-Wise analysis of projects,56,452
FR_201011_453,,240106292,453,"UP/BIHAR BORDER TO KASIA (NH- 28)(NHAI) - NHAI,Uttar Pradesh",NHAI,,ROAD TRANSPORT & HIGHWAYS,2010-11,2003-12,,227.0,,227.0,,,320.5,2008-12,,2011-06,,,,0,0,,,,FR_NOV_2010.pdf,Sector-Wise analysis of projects,56,453
FR_201011_454,,240106294,454,"FORBESGANJ TO SIMRAHI (NH- 57)(NHAI) - NHAI,Bihar",NHAI,,ROAD TRANSPORT & HIGHWAYS,2010-11,2003-12,,332.94,,332.94,,,226.7,2008-09,,2011-06,,,,0,0,,,,FR_NOV_2010.pdf,Sector-Wise analysis of projects,56,454
FR_201011_455,,240106304,455,"RAJMARG CHORAHA TO LAKHNANDON,KM 297 TO KM 351, NH-26 (NHAI) - NHAI,Madhya pradesh",NHAI,,ROAD TRANSPORT & HIGHWAYS,2010-11,2003-12,,251.03,,251.03,,,205.6,2008-10,,2011-06,,,,0,0,,,,FR_NOV_2010.pdf,Sector-Wise analysis of projects,56,455
FR_201011_456,,240106305,456,"RAJMARG CHORAHA TO LAKHNANDON,KM 351 TO KM 405.7, NH-26 (NHA - NHAI,Madhya pradesh",,,ROAD TRANSPORT & HIGHWAYS,2010-11,2003-12,,229.91,,229.91,,,150.3,2008-10,,2011-06,,,,0,0,,,,FR_NOV_2010.pdf,Sector-Wise analysis of projects,56,456
FR_201011_457,,N24000085,457,"GORAKHPUR BYPASS, NH-28, PHASE-II EAST-WEST CORRID - NHAI,Uttar Pradesh",,,ROAD TRANSPORT & HIGHWAYS,2010-11,2003-12,,600.24,,600.24,,,538.0,2009-10,,2011-06,,,,0,0,,,,FR_NOV_2010.pdf,Sector-Wise analysis of projects,56,457
FR_201011_458,,N24000089,458,"GWALIOR-JHANSI, NH-75 - NHAI,Multi State",,,ROAD TRANSPORT & HIGHWAYS,2010-11,2003-12,,604.0,,604.0,,,257.9,2009-12,,2011-06,,,,0,0,,,,FR_NOV_2010.pdf,Sector-Wise analysis of projects,56,458
FR_201011_459,,N24000090,459,"KOSI BRIDGE INCLUDING APPROACHES AND GUIDE BOND AN - NHAI,Bihar",,,ROAD TRANSPORT & HIGHWAYS,2010-11,2003-12,,418.04,,418.04,,,255.6,2010-03,,2011-06,,,,0,0,,,,FR_NOV_2010.pdf,Sector-Wise analysis of projects,56,459
FR_201011_460,,N24000101,460,"TRICHY - KORUR NH-67 - NHAI,Tamil Nadu",,,ROAD TRANSPORT & HIGHWAYS,2010-11,2005-03,,516.0,,516.0,,,502.5,2010-07,,2011-06,,,,0,0,,,,FR_NOV_2010.pdf,Sector-Wise analysis of projects,56,460
FR_201011_461,,N24000102,461,"SALEM - U / UNDRUPET(BOT -1/TN- 06) NH -68 - NHAI,Tamil Nadu",BOT -1/TN- 06,,ROAD TRANSPORT & HIGHWAYS,2010-11,2005-03,,941.0,,941.0,,,598.5,2011-01,,2011-06,,,,0,0,,,,FR_NOV_2010.pdf,Sector-Wise analysis of projects,56,461
FR_201011_462,,N24000131,462,"Surat- Dahisar(Six Lane) Km 263 to Km 502 - NHAI,Multi State",Six Lane,,ROAD TRANSPORT & HIGHWAYS,2010-11,2009-02,,1693.75,,1693.75,,,1547.0,2011-08,,2011-08,,,,0,0,,,,FR_NOV_2010.pdf,Sector-Wise analysis of projects,56,462
FR_201011_463,,240101153,463,"SUNAKHALA-GANJAM (GQ) KM.338- KM.284 (NH-5) - NHAI,Orissa",NH-5,,ROAD TRANSPORT & HIGHWAYS,2010-11,2000-04,,225.0,,241.53,,,28.94,2004-04,,2011-10,,,,0,0,,,,FR_NOV_2010.pdf,Sector-Wise analysis of projects,56,463
FR_201011_464,,240106288,464,"DAKOBA TO NAGAON (NH-36)(NHAI) - NHAI,Assam",NHAI,,ROAD TRANSPORT & HIGHWAYS,2010-11,2003-12,,225.0,,225.0,,,207.6,2008-06,,2011-10,,,,0,0,,,,FR_NOV_2010.pdf,Sector-Wise analysis of projects,56,464
FR_201011_465,,N24000124,465,"Four Lanning from MP/Maharashtra Border to nagpur - NHAI,Maharashtra",,,ROAD TRANSPORT & HIGHWAYS,2010-11,2010-04,,1170.52,,1170.52,,,4.41,2011-06,,2011-10,,,,0,0,,,,FR_NOV_2010.pdf,Sector-Wise analysis of projects,56,465
FR_201011_466,,N24000129,466,"Chennai-Tada(Six lane) - NHAI,Tamil Nadu",Six lane,,ROAD TRANSPORT & HIGHWAYS,2010-11,2009-04,,353.37,,353.37,,,70.68,2011-10,,2011-10,,,,0,0,,,,FR_NOV_2010.pdf,Sector-Wise analysis of projects,56,466
FR_201011_467,,N24000130,467,"Gurgaon-Kotputli Km 42.70 to 54.4 Km - NHAI,Multi State",,,ROAD TRANSPORT & HIGHWAYS,2010-11,2009-04,,1673.7,,1673.7,,,972.0,2011-10,,2011-10,,,,0,0,,,,FR_NOV_2010.pdf,Sector-Wise analysis of projects,56,467
FR_201011_468,,N24000132,468,"Chilkaluripet-Vijaywada 6 lane (km 355 to Km 434.1) - NHAI,Andhra Pradesh",km 355 to Km 434.1,,ROAD TRANSPORT & HIGHWAYS,2010-11,2009-05,,572.3,,572.3,,,10.92,2011-10,,2011-10,,,,0,0,,,,FR_NOV_2010.pdf,Sector-Wise analysis of projects,56,468
FR_201011_469,,240106295,469,"DARBHANGA-MUZAFFARPUR, NH-57 (NHAI) - NHAI,Bihar",NHAI,,ROAD TRANSPORT & HIGHWAYS,2010-11,2003-12,,305.0,55.0,305.0,,,468.8,2008-06,,2011-11,,,,0,0,,,,FR_NOV_2010.pdf,Sector-Wise analysis of projects,56,469
FR_201011_470,,240106301,470,"SAGAR BY PASS,KM 187 TO KM 211 , NH-26 (NHAI) - NHAI,Uttar Pradesh",NHAI,,ROAD TRANSPORT & HIGHWAYS,2010-11,2003-12,,151.3,,151.3,,,137.3,2008-10,,2011-11,,,,0,0,,,,FR_NOV_2010.pdf,Sector-Wise analysis of projects,57,470
FR_201011_471,,N24000133,471,"Panipat-Jalandhar 6 lane(Km 96 to 387.1 km) - NHAI,Haryana",Km 96 to 387.1 km,,ROAD TRANSPORT & HIGHWAYS,2010-11,2009-05,,1108.0,,2288.0,,,1409.0,2011-11,,2011-11,,,,0,0,,,,FR_NOV_2010.pdf,Sector-Wise analysis of projects,57,471
FR_201011_472,,240106226,472,"BIJNI TO ASSAM/WB BORDER PH.II, KM.30.00 TO 0.00, NH-31 C - NHAI,Assam",,,ROAD TRANSPORT & HIGHWAYS,2010-11,2003-12,,230.0,,230.0,,,137.9,2005-06,,2011-12,,,,0,0,,,,FR_NOV_2010.pdf,Sector-Wise analysis of projects,57,472
FR_201011_473,,240106277,473,"HARANGAJO TO MAIBANG (AS-23), KM.126.450 TO KM.140.700 - NHAI,Assam",AS-23,,ROAD TRANSPORT & HIGHWAYS,2010-11,2003-12,,280.0,,280.0,,,174.7,2009-02,,2011-12,,,,0,0,,,,FR_NOV_2010.pdf,Sector-Wise analysis of projects,57,473
FR_201011_474,,240106281,474,"MAIBANG TO LUNDING (AS-27), KM.40.000 TO KM.60.500 - NHAI,Assam",AS-27,,ROAD TRANSPORT & HIGHWAYS,2010-11,2003-12,,200.0,,200.0,,,64.29,2009-04,,2011-12,,,,0,0,,,,FR_NOV_2010.pdf,Sector-Wise analysis of projects,57,474
FR_201011_475,,240106290,475,"BIJNI TO ASSAM WB BORDER (NH- 31.C)(1)(NHAI) - NHAI,Assam",NHAI,,ROAD TRANSPORT & HIGHWAYS,2010-11,2003-12,,195.0,,195.0,,,126.3,2008-06,,2011-12,,,,0,0,,,,FR_NOV_2010.pdf,Sector-Wise analysis of projects,57,475
FR_201011_476,,240106293,476,"BIJNI TO ASSAM /WB.BORDER (NH- 31.C)(2)(NHAI) - NHAI,Assam",NHAI,,ROAD TRANSPORT & HIGHWAYS,2010-11,2003-12,,237.8,,237.8,,,126.4,2008-06,,2011-12,,,,0,0,,,,FR_NOV_2010.pdf,Sector-Wise analysis of projects,57,476
FR_201011_477,,240106303,477,"SAGAR - RAJMARG CHORAHA,KM 211 TO KM 255, NH-26 (NHAI) - NHAI,Madhya pradesh",NHAI,,ROAD TRANSPORT & HIGHWAYS,2010-11,2003-12,,203.43,,203.43,,,154.6,2008-10,,2011-12,,,,0,0,,,,FR_NOV_2010.pdf,Sector-Wise analysis of projects,57,477
FR_201011_478,,N24000031,478,"JHAJHARPUR TO DARBANGA (BR-7) - NHAI,Bihar",BR-7,,ROAD TRANSPORT & HIGHWAYS,2010-11,2003-12,,340.0,,340.0,,,358.8,2008-09,,2011-12,,,,0,0,,,,FR_NOV_2010.pdf,Sector-Wise analysis of projects,57,478
FR_201011_479,,N24000042,479,"NAGAON TO DHARAMTUL (AS-2) - NHAI,Assam",AS-2,,ROAD TRANSPORT & HIGHWAYS,2010-11,2003-12,,264.72,,264.72,,,193.8,2008-06,,2011-12,,,,0,0,,,,FR_NOV_2010.pdf,Sector-Wise analysis of projects,57,479
FR_201011_480,,N24000044,480,"SONAPUR TO GUWAHTI (AS-3) - NHAI,Assam",AS-3,,ROAD TRANSPORT & HIGHWAYS,2010-11,2003-12,,245.0,,245.0,,,254.5,2008-03,,2011-12,,,,0,0,,,,FR_NOV_2010.pdf,Sector-Wise analysis of projects,57,480
FR_201011_481,,N24000047,481,"NALBARI TO BIJNI (AS-6) - NHAI,Assam",AS-6,,ROAD TRANSPORT & HIGHWAYS,2010-11,2003-12,,225.0,,225.0,,,151.4,2008-06,,2011-12,,,,0,0,,,,FR_NOV_2010.pdf,Sector-Wise analysis of projects,57,481
FR_201011_482,,N24000048,482,"NALBARI T BIJNI (AS-7) - NHAI,Assam",AS-7,,ROAD TRANSPORT & HIGHWAYS,2010-11,2003-12,,208.0,,208.0,,,168.6,2008-04,,2011-12,,,,0,0,,,,FR_NOV_2010.pdf,Sector-Wise analysis of projects,57,482
FR_201011_483,,N24000049,483,"DHARAMTUL TO SONAPUR,KM 205- 183 (AS-20) - NHAI,Assam",AS-20,,ROAD TRANSPORT & HIGHWAYS,2010-11,2003-12,,160.0,,160.0,,,87.38,2008-05,,2011-12,,,,0,0,,,,FR_NOV_2010.pdf,Sector-Wise analysis of projects,57,483
FR_201011_484,,N24000051,484,"DHARAMTUL TO SONAPUR (AS-19) - NHAI,Assam",AS-19,,ROAD TRANSPORT & HIGHWAYS,2010-11,2003-12,,200.0,,200.0,,,152.5,2008-06,,2011-12,,,,0,0,,,,FR_NOV_2010.pdf,Sector-Wise analysis of projects,57,484
FR_201011_485,,N24000038,485,"GUWHATI TO NALBARI (AS-4) - NHAI,Assam",AS-4,,ROAD TRANSPORT & HIGHWAYS,2010-11,2003-12,,175.96,,175.96,,,96.64,2008-04,,2012-03,,,,0,0,,,,FR_NOV_2010.pdf,Sector-Wise analysis of projects,57,485
FR_201011_486,,N24000046,486,"GUWAHATI TO NALBARI (AS-5) - NHAI,Assam",AS-5,,ROAD TRANSPORT & HIGHWAYS,2010-11,2003-12,,198.16,,198.16,,,144.4,2008-04,,2012-03,,,,0,0,,,,FR_NOV_2010.pdf,Sector-Wise analysis of projects,57,486
FR_201011_487,,N24000063,487,"BRAHMPUTRA BRIDGE,NH NO-31 - NHAI,Assam",,,ROAD TRANSPORT & HIGHWAYS,2010-11,2003-12,,217.61,,217.61,,,76.93,2010-04,,2012-03,,,,0,0,,,,FR_NOV_2010.pdf,Sector-Wise analysis of projects,57,487
FR_201011_488,,N24000068,488,"CHAMBAL BRIDGE, NH-76 (RJ-5) - NHAI,Rajasthan",RJ-5,,ROAD TRANSPORT & HIGHWAYS,2010-11,2003-12,,275.0,,281.31,,,177.5,2010-02,,2012-03,,,,0,0,,,,FR_NOV_2010.pdf,Sector-Wise analysis of projects,57,488
FR_201011_489,,N24000107,489,"NH CONNECTIVITY TO ICTT VALLARPADAEU NH - SH - NHAI,Kerala",,,ROAD TRANSPORT & HIGHWAYS,2010-11,2005-03,,557.0,,557.0,,,926.1,2010-02,,2012-05,,,,0,0,,,,FR_NOV_2010.pdf,Sector-Wise analysis of projects,57,489
FR_201011_490,,N24000127,490,"Pune-sholapur,pkg1 - NHAI,Maharashtra",,,ROAD TRANSPORT & HIGHWAYS,2010-11,2009-11,,1110.0,,1110.0,,,339.8,2012-05,,2012-05,,,,0,0,,,,FR_NOV_2010.pdf,Sector-Wise analysis of projects,57,490
FR_201011_491,,N24000128,491,"Kishangarh-Ajmer-Beawer - NHAI,Rajasthan",,,ROAD TRANSPORT & HIGHWAYS,2010-11,2009-11,,795.0,56.0,795.0,,,431.7,2012-05,,2012-05,,,,0,0,,,,FR_NOV_2010.pdf,Sector-Wise analysis of projects,57,491
FR_201011_492,,240106244,492,"DEEWAPUR TO UP/BIHAR BORDER (LMNHP-9)-NH-28, KM.402-360.915 - NHAI,Bihar",LMNHP-9,,ROAD TRANSPORT & HIGHWAYS,2010-11,2003-12,,300.0,,300.0,,,133.5,2008-10,,2012-06,,,,0,0,,,,FR_NOV_2010.pdf,Sector-Wise analysis of projects,58,492
FR_201011_493,,N24000126,493,"MP/Maharashtra Border-Dhula - NHAI,Maharashtra",,,ROAD TRANSPORT & HIGHWAYS,2010-11,2009-12,,835.0,,835.0,,,67.6,2012-06,,2012-06,,,,0,0,,,,FR_NOV_2010.pdf,Sector-Wise analysis of projects,58,493
FR_201011_494,,N24000123,494,"PIMPALGAON-NASIK-GONDE, NH-3 (NHDP-PHASE-III) - NHAI,Maharashtra",NHDP-PHASE-III,,ROAD TRANSPORT & HIGHWAYS,2010-11,2005-03,,940.0,,940.0,,,95.5,2012-07,,2012-07,,,,0,0,,,,FR_NOV_2010.pdf,Sector-Wise analysis of projects,58,494
FR_201011_495,,240106237,495,"PATHANKOT- BHOGPUR, KM.26- KM.70, NH-1A - NHAI,Punjab",,,ROAD TRANSPORT & HIGHWAYS,2010-11,2003-12,,284.0,,359.0,,,52.44,2008-05,,2012-08,,,,0,0,,,,FR_NOV_2010.pdf,Sector-Wise analysis of projects,58,495
FR_201011_496,,N24000115,496,"PATHANKOT BHOGPUR NH-1A - NHAI,Punjab",,,ROAD TRANSPORT & HIGHWAYS,2010-11,2003-12,,229.0,,359.0,,,58.55,2010-05,,2012-08,,,,0,0,,,,FR_NOV_2010.pdf,Sector-Wise analysis of projects,58,496
FR_201011_497,,N24000094,497,"LAKHNAADON TO MP/MH BORDER,KM 596.75-653 (NS- 1/BOT/MP-2),NH7 - NHAI,Madhya pradesh",NS- 1/BOT/MP-2,,ROAD TRANSPORT & HIGHWAYS,2010-11,2003-12,,407.6,,407.6,,,182.2,2010-06,,2012-09,,,,0,0,,,,FR_NOV_2010.pdf,Sector-Wise analysis of projects,58,497
FR_201011_498,,N24000095,498,"LAKHNADON TO MP/MH BORDER (NS-1/BOT/MP-2), NH-7 - NHAI,Madhya pradesh",NS-1/BOT/MP-2,,ROAD TRANSPORT & HIGHWAYS,2010-11,2003-12,,263.17,,263.17,,,232.5,2009-09,,2012-09,,,,0,0,,,,FR_NOV_2010.pdf,Sector-Wise analysis of projects,58,498
FR_201011_499,,N24000125,499,"Gujarat/Maharashtra BorderSurat-Hazira Port Section - NHAI,Gujarat",,,ROAD TRANSPORT & HIGHWAYS,2010-11,2010-03,,1509.1,,1509.1,,,467.9,2012-09,,2012-10,,,,0,0,,,,FR_NOV_2010.pdf,Sector-Wise analysis of projects,58,499
FR_201011_500,,N24000098,500,"AGRA-BYPASS(NS-1/UP-1),KM 176.8- 13.03 NH-2,3 - NHAI,Uttar Pradesh",NS-1/UP-1,,ROAD TRANSPORT & HIGHWAYS,2010-11,2003-12,,348.16,,348.16,,,108.9,2007-09,,2013-06,,,,0,0,,,,FR_NOV_2010.pdf,Sector-Wise analysis of projects,58,500
FR_201011_501,,240106278,501,"MAIBANG TO LUNDING (AS-25), KM.83.400 TO KM.111.000 - NHAI,Assam",AS-25,,ROAD TRANSPORT & HIGHWAYS,2010-11,2003-12,,199.81,,199.81,,,28.52,2009-04,,2013-12,,,,0,0,,,,FR_NOV_2010.pdf,Sector-Wise analysis of projects,58,501
FR_201011_502,,240106279,502,"MAIBANG TO LUNDING (AS-26), KM.60.500 TO KM.83.400, NH-54 - NHAI,Assam",AS-26,,ROAD TRANSPORT & HIGHWAYS,2010-11,2003-12,,167.64,,167.64,,,39.52,2008-11,,2013-12,,,,0,0,,,,FR_NOV_2010.pdf,Sector-Wise analysis of projects,58,502
FR_201011_503,,240106280,503,"MAIBANG TO LUNDING (AS-24), KM.111.000 TO KM.126.450 - NHAI,Assam",AS-24,,ROAD TRANSPORT & HIGHWAYS,2010-11,2003-12,,155.04,,155.04,,,28.37,2008-11,,2013-12,,,,0,0,,,,FR_NOV_2010.pdf,Sector-Wise analysis of projects,58,503
FR_201011_504,,N24000061,504,"HARANGAJO TO MAIBANG,km 164.08- 190.587 NH-54 - NHAI,Assam",,,ROAD TRANSPORT & HIGHWAYS,2010-11,2003-12,,212.0,,212.0,,,37.62,2007-09,,2013-12,,,,0,0,,,,FR_NOV_2010.pdf,Sector-Wise analysis of projects,58,504
FR_201011_505,,N24000062,505,"HARANGAJO TO MAIBANG, NH-54 - NHAI,Assam Total",,,ROAD TRANSPORT & HIGHWAYS,2010-11,2003-12,,196.0,44403.11,196.0,,,25.33,2009-07,,2013-12,,,,0,0,,,,FR_NOV_2010.pdf,Sector-Wise analysis of projects,58,505
FR_201011_506,,250100175,506,"SETHUSAMUDRAM SHIP CHANNEL PROJECT - PORT TRUST,Tamil Nadu",,,SHIPPING & PORTS,2010-11,2005-06,,2427.4,,2427.4,,,819.36,2008-10,,2010-11,,,,0,0,,,,FR_NOV_2010.pdf,Sector-Wise analysis of projects,58,506
FR_201011_507,,N25000015,507,"RAIL CONNECTIVITY TO ICTT AT VALLARPADAM - PORT TRUST,Kerala",,,SHIPPING & PORTS,2010-11,2007-03,,245.67,298.17,395.05,,,297.76,2009-04,2009-11,2010-12,,,,0,0,,,,FR_NOV_2010.pdf,Sector-Wise analysis of projects,58,507
FR_201011_508,,N25000016,508,"CONST. & DEV. OF 2 OFFSHORE CONTAINER BERTHS & TER - MUMBAI PORT TRU,Maharashtra",,,SHIPPING & PORTS,2010-11,2007-11,,366.0,57.0,366.0,,,1.43,2010-12,,2010-12,,,,0,0,,,,FR_NOV_2010.pdf,Sector-Wise analysis of projects,58,508
FR_201011_509,,N25000038,509,"OPERATION, MANAG. & MAINT. OF MULTI USER-JETTY FOR - PORT TRUST,Karnataka",,,SHIPPING & PORTS,2010-11,2006-06,,230.0,,230.0,,,,2010-12,,2010-12,,,,0,0,,,,FR_NOV_2010.pdf,Sector-Wise analysis of projects,59,509
FR_201011_510,,250100112,510,"ESTABLISHMENT OF VESSEL TRAFFIC SERVICES IN GULF OF KUTCH - SHIPP.,Gujarat",,,SHIPPING & PORTS,2010-11,2002-01,,165.0,,165.0,,,107.58,2005-12,,2011-01,,,,0,0,,,,FR_NOV_2010.pdf,Sector-Wise analysis of projects,59,510
FR_201011_511,,N25000037,511,"C/O Berthing and Allied Facilities off tekra near - PORT TRUST,Gujarat",,,SHIPPING & PORTS,2010-11,2005-04,,882.0,,1140.0,,,0.38,2011-02,,2011-02,,,,0,0,,,,FR_NOV_2010.pdf,Sector-Wise analysis of projects,59,511
FR_201011_512,,N25000004,512,"DEEPENING OF CHEENEL AT PARADIP PORT - PORT TRUST,Orissa",,,SHIPPING & PORTS,2010-11,2005-12,,154.84,253.36,253.36,,,222.07,2007-06,2009-07,2011-03,,,,0,0,,,,FR_NOV_2010.pdf,Sector-Wise analysis of projects,59,512
FR_201011_513,,N25000030,513,"ACQUISITION OF 2 NOS. OF 105000 DWT LR-II TANKERS - SHIPP.,Maharashtra",,,SHIPPING & PORTS,2010-11,2007-08,,586.58,,586.58,,,634.09,2010-11,,2011-03,,,,0,0,,,,FR_NOV_2010.pdf,Sector-Wise analysis of projects,59,513
FR_201011_514,,N25000039,514,"CONSTRUCTION OF 13 & 14 CARGO BERTH AT KANDLA - PORT TRUST,Gujarat",,,SHIPPING & PORTS,2010-11,2005-12,,702.0,,755.5,,,0.73,2011-03,,2011-03,,,,0,0,,,,FR_NOV_2010.pdf,Sector-Wise analysis of projects,59,514
FR_201011_515,,N25000014,515,"ACQUISITION OF 4 NO. OF ANCHOR HANDLING CUM SUPPLY - SHIPP.,Maharashtra",,,SHIPPING & PORTS,2010-11,2007-10,,359.44,,359.44,,,324.5,2011-04,,2011-04,,,,0,0,,,,FR_NOV_2010.pdf,Sector-Wise analysis of projects,59,515
FR_201011_516,,N25000042,516,"Acquisition of two nos. of 120 B.P - PORT TRUST,Maharashtra",,,SHIPPING & PORTS,2010-11,2009-04,,290.85,,290.85,,,72.59,2011-03,,2011-06,,,,0,0,,,,FR_NOV_2010.pdf,Sector-Wise analysis of projects,59,516
FR_201011_517,,N25000032,517,"ACQUISITION OF 4 NOS. OF 115000 DWT CRUDE OIL CARR - SHIPP.,Maharashtra",,,SHIPPING & PORTS,2010-11,2008-08,,1108.12,,1168.42,,,760.34,2011-04,,2011-12,,,,0,0,,,,FR_NOV_2010.pdf,Sector-Wise analysis of projects,59,517
FR_201011_518,,N25000043,518,"Acquisition of Two nos. of 3060 DWT - PORT TRUST,Maharashtra",,,SHIPPING & PORTS,2010-11,2009-04,,277.03,,277.03,,,55.4,2011-09,,2011-12,,,,0,0,,,,FR_NOV_2010.pdf,Sector-Wise analysis of projects,59,518
FR_201011_519,,N25000033,519,"ACQUISITION OF 6 NOS. OF 57000 DWT HANDYMAX BULK C - SHIPP.,Maharashtra",,,SHIPPING & PORTS,2010-11,2007-11,,1061.96,,1061.96,,,219.98,2012-03,,2012-01,,,,0,0,,,,FR_NOV_2010.pdf,Sector-Wise analysis of projects,59,519
FR_201011_520,,N25000048,520,"SETTING UP OF LNG REGASIFICATION TERMINAL AT PUTHU - PORT TRUST,Kerala",,,SHIPPING & PORTS,2010-11,2009-03,,3500.0,,3500.0,,,2948.0,2012-01,,2012-01,,,,0,0,,,,FR_NOV_2010.pdf,Sector-Wise analysis of projects,59,520
FR_201011_521,,N25000035,521,"ENNORE MANALI EXPRESS WAY,F/O SPECIAL PURPOSE VEHI - SHIPP.,Tamil Nadu",,,SHIPPING & PORTS,2010-11,2002-10,,150.0,600.0,600.0,,,10.0,2005-09,,2012-03,,,,0,0,,,,FR_NOV_2010.pdf,Sector-Wise analysis of projects,59,521
FR_201011_522,,N25000050,522,"Modification & Strengthening of Existing Berth No. 1 to 6 - PORT TRUST,Gujarat",,,SHIPPING & PORTS,2010-11,2010-06,,277.0,,252.0,,,,2012-03,,2012-03,,,,0,0,,,,FR_NOV_2010.pdf,Sector-Wise analysis of projects,59,522
FR_201011_523,,N25000031,523,"ACQUISITION OF 4 NOS. OF 80655 DWT PANAMAX BULK CA - SHIPP.,Maharashtra",,,SHIPPING & PORTS,2010-11,2008-08,,1066.91,,968.35,,,222.91,2012-09,,2012-08,,,,0,0,,,,FR_NOV_2010.pdf,Sector-Wise analysis of projects,59,523
FR_201011_524,,N25000049,524,"Mechanization of coal handling facilities to 200 - PORT TRUST,Andhra Pradesh",,,SHIPPING & PORTS,2010-11,2010-02,,444.1,,444.1,,,,2010-06,,2012-11,,,,0,0,,,,FR_NOV_2010.pdf,Sector-Wise analysis of projects,59,524
FR_201011_525,,N25000051,525,"Acquisition of 4 nos of 82000 DWT kamsavmax Bulk carriers - SHIPP.,Maharashtra",,,SHIPPING & PORTS,2010-11,2010-08,,612.72,,612.72,,,61.31,2012-12,,2012-12,,,,0,0,,,,FR_NOV_2010.pdf,Sector-Wise analysis of projects,59,525
FR_201011_526,,N25000047,526,"SETTING UP OF AN INTERNATIONAL CRUISE TERMINAL AT - PORT TRUST,Kerala",,,SHIPPING & PORTS,2010-11,2008-03,,375.0,,272.5,,,,2009-01,,2013-05,,,,0,0,,,,FR_NOV_2010.pdf,Sector-Wise analysis of projects,59,526
FR_201011_527,,N25000003,527,"DEEPENING AND WIDENING OF MAIN HARBOUR CHANNEL AND - PORT TRUST,Maharashtra",,,SHIPPING & PORTS,2010-11,2005-10,,800.0,58.0,800.0,,,5.22,2008-10,,,,,,0,0,,,,FR_NOV_2010.pdf,Sector-Wise analysis of projects,59,527
FR_201011_528,,N26000043,528,"GSM EQUIPMENT OF 3125K LINES(2G) AND 625K LINES(3 - BSNL,Maharashtra",2G,,TELECOMMUNICATIONS,2010-11,2008-09,,1799.94,,1799.94,,,216.14,2009-09,,2010-02,,,,0,0,,,,FR_NOV_2010.pdf,Sector-Wise analysis of projects,60,528
FR_201011_529,,260100099,529,"PROJ.III OF NIB-II OF MESSAGING STORAGE - BSNL,Multi State",,,TELECOMMUNICATIONS,2010-11,2003-11,,250.0,,425.51,,,109.31,2005-12,,2010-10,,,,0,0,,,,FR_NOV_2010.pdf,Sector-Wise analysis of projects,60,529
FR_201011_530,,N26000072,530,"Implementation of FTTH, the state of the art access ,gpon eq - BSNL,Multi State",,,TELECOMMUNICATIONS,2010-11,2007-12,,952.88,,952.88,,,,2010-03,,2010-10,,,,0,0,,,,FR_NOV_2010.pdf,Sector-Wise analysis of projects,60,530
FR_201011_531,,N26000073,531,"Implementation of FTTH, the state of the art Acces - BSNL,Multi State",,,TELECOMMUNICATIONS,2010-11,2007-12,,152.65,,152.65,,,,2010-03,,2010-10,,,,0,0,,,,FR_NOV_2010.pdf,Sector-Wise analysis of projects,60,531
FR_201011_532,,N26000074,532,"Procurement of DXC equipment - BSNL,Multi State",,,TELECOMMUNICATIONS,2010-11,2008-02,,229.0,,229.0,,,,2010-03,,2010-11,,,,0,0,,,,FR_NOV_2010.pdf,Sector-Wise analysis of projects,60,532
FR_201011_533,,N26000016,533,"CONVERGENT BILLING AND CRM(MUMBAI) - MTNL,Maharashtra",MUMBAI,,TELECOMMUNICATIONS,2010-11,2006-01,,247.0,,247.0,,,73.73,2007-02,2010-03,2010-12,,,,0,0,,,,FR_NOV_2010.pdf,Sector-Wise analysis of projects,60,533
FR_201011_534,,N26000037,534,"NIB-II PROJECT RURAL BROADBAND - BSNL,Multi State",,,TELECOMMUNICATIONS,2010-11,2007-12,,312.86,234.24,353.0,,,234.24,2008-02,,2010-12,,,,0,0,,,,FR_NOV_2010.pdf,Sector-Wise analysis of projects,60,534
FR_201011_535,,N26000066,535,"Procurement of 2.5G DWDM equipment - BSNL,Multi State",,,TELECOMMUNICATIONS,2010-11,2006-08,,424.0,,424.0,,,,2009-03,,2010-12,,,,0,0,,,,FR_NOV_2010.pdf,Sector-Wise analysis of projects,60,535
FR_201011_536,,N26000067,536,"Procurement of 10G (40 chl) DWDM equipment - BSNL,Multi State",40 chl,,TELECOMMUNICATIONS,2010-11,2006-08,,590.1,,590.1,,,,2009-03,,2010-12,,,,0,0,,,,FR_NOV_2010.pdf,Sector-Wise analysis of projects,60,536
FR_201011_537,,N26000068,537,"Procurement of 10G 40 CHL (12 chi equipped) DWDM - BSNL,Multi State",12 chi equipped,,TELECOMMUNICATIONS,2010-11,2007-12,,545.5,,545.5,,,,2010-03,,2010-12,,,,0,0,,,,FR_NOV_2010.pdf,Sector-Wise analysis of projects,60,537
FR_201011_538,,N26000069,538,"Procurement of STM-1 SDH equipment - BSNL,Multi State",,,TELECOMMUNICATIONS,2010-11,2007-02,,154.03,,154.03,,,,2010-03,,2010-12,,,,0,0,,,,FR_NOV_2010.pdf,Sector-Wise analysis of projects,60,538
FR_201011_539,,N26000070,539,"Procurement of STM-16 MADM equipment - BSNL,Multi State",,,TELECOMMUNICATIONS,2010-11,2008-03,,355.92,,355.92,,,,2010-03,,2010-12,,,,0,0,,,,FR_NOV_2010.pdf,Sector-Wise analysis of projects,60,539
FR_201011_540,,N26000071,540,"Procurement of STM-16 ADM equipment - BSNL,Multi State",,,TELECOMMUNICATIONS,2010-11,2007-02,,477.0,,477.0,,,,2010-03,,2010-12,,,,0,0,,,,FR_NOV_2010.pdf,Sector-Wise analysis of projects,60,540
FR_201011_541,,N26000062,541,"Assam Telecom Circle, Phase-V.I, 2G & 3G - BSNL,Assam",,,TELECOMMUNICATIONS,2010-11,2007-06,,336.81,,336.81,,,105.16,2009-01,,2011-01,,,,0,0,,,,FR_NOV_2010.pdf,Sector-Wise analysis of projects,60,541
FR_201011_542,,N26000084,542,"GSM equipment of 1100000Lines (2G) UP East Phase - BSNL,Uttar Pradesh",2G,,TELECOMMUNICATIONS,2010-11,2009-09,,624.75,,624.75,,,75.25,2010-09,,2011-01,,,,0,0,,,,FR_NOV_2010.pdf,Sector-Wise analysis of projects,60,542
FR_201011_543,,N26000085,543,"GSM equipment of 375000Lines (2G) 75000lines 3(G) - BSNL,West Bengal",G,,TELECOMMUNICATIONS,2010-11,2008-06,,170.23,,170.23,,,127.46,2009-06,,2011-01,,,,0,0,,,,FR_NOV_2010.pdf,Sector-Wise analysis of projects,60,543
FR_201011_544,,N26000086,544,"GSM equipment of 945000Lines (2G) 225000lines 3(G) - BSNL,Bihar",G,,TELECOMMUNICATIONS,2010-11,2007-10,,366.0,,529.32,,,219.08,2008-10,,2011-01,,,,0,0,,,,FR_NOV_2010.pdf,Sector-Wise analysis of projects,60,544
FR_201011_545,,N26000088,545,"GSM equipment of 799000Lines (2G) 101000 lines 3(G - BSNL,Jharkhandd",2G,,TELECOMMUNICATIONS,2010-11,2008-03,,328.13,392.44,392.44,,,164.58,2009-03,,2011-01,,,,0,0,,,,FR_NOV_2010.pdf,Sector-Wise analysis of projects,60,545
FR_201011_546,,N26000093,546,"GSM equipment of 1500000Lines (2G) 264700lines 3(G - BSNL,Andhra Pradesh",2G,,TELECOMMUNICATIONS,2010-11,2009-01,,922.91,59.0,922.91,,,266.06,2010-01,,2011-01,,,,0,0,,,,FR_NOV_2010.pdf,Sector-Wise analysis of projects,60,546
FR_201011_547,,N26000095,547,"GSM equipment of 614000Lines (2G) 150000lines 3(G) - BSNL,Tamil Nadu",G,,TELECOMMUNICATIONS,2010-11,2009-01,,315.19,,315.19,,,107.88,2010-01,,2011-01,,,,0,0,,,,FR_NOV_2010.pdf,Sector-Wise analysis of projects,61,547
FR_201011_548,,N26000036,548,"KOLKATA TELECOM DISTRICT PH-4 - BSNL,West Bengal",,,TELECOMMUNICATIONS,2010-11,2006-09,,208.5,,208.5,,,146.0,2008-09,,2011-02,,,,0,0,,,,FR_NOV_2010.pdf,Sector-Wise analysis of projects,61,548
FR_201011_549,,N26000039,549,"GSM EQUIPMENT OF 900K LINES(2G) AND 300K LINES(3G) - BSNL,Rajasthan",3G,,TELECOMMUNICATIONS,2010-11,2007-06,,601.49,,601.49,,,477.08,2008-12,,2011-02,,,,0,0,,,,FR_NOV_2010.pdf,Sector-Wise analysis of projects,61,549
FR_201011_550,,N26000040,550,"GSM EQUIPMENT OF 216650 LINES(2G) PH-5.1 - BSNL,Haryana",2G,,TELECOMMUNICATIONS,2010-11,2008-01,,192.48,,192.48,,,110.88,2009-03,,2011-02,,,,0,0,,,,FR_NOV_2010.pdf,Sector-Wise analysis of projects,61,550
FR_201011_551,,N26000041,551,"GSM EQUIPMENT OF 390K LINES(2G) AND 130K LINES(3G) - BSNL,Punjab",3G,,TELECOMMUNICATIONS,2010-11,2008-02,,373.94,,373.94,,,176.33,2008-12,,2011-02,,,,0,0,,,,FR_NOV_2010.pdf,Sector-Wise analysis of projects,61,551
FR_201011_552,,N26000046,552,"GSM EQUIPMENT OF 700K LINES(2G) AND 150K LINES(3G) - BSNL,Orissa",3G,,TELECOMMUNICATIONS,2010-11,2007-11,,277.34,,277.34,,,307.0,2009-03,,2011-02,,,,0,0,,,,FR_NOV_2010.pdf,Sector-Wise analysis of projects,61,552
FR_201011_553,,N26000050,553,"GSM EQUIPMENT-480K LINES(2G) & 220K LINES(3G) IN - BSNL,Uttar Pradesh",3G,,TELECOMMUNICATIONS,2010-11,2007-05,,335.91,,335.91,,,169.43,2009-03,,2011-02,,,,0,0,,,,FR_NOV_2010.pdf,Sector-Wise analysis of projects,61,553
FR_201011_554,,N26000058,554,"UTTARANCHAL TELECOM CIRCLE PHASE-VI (2G & 3G) - BSNL,Uttaranchal",2G & 3G,,TELECOMMUNICATIONS,2010-11,2009-01,,149.15,158.72,158.72,,,88.17,2009-06,,2011-02,,,,0,0,,,,FR_NOV_2010.pdf,Sector-Wise analysis of projects,61,554
FR_201011_555,,N26000081,555,"GSM equipment of 900000Lines (2G) PunjabPhase V.2 - BSNL,Punjab",2G,,TELECOMMUNICATIONS,2010-11,2008-09,,241.49,,241.49,,,90.5,2009-09,,2011-02,,,,0,0,,,,FR_NOV_2010.pdf,Sector-Wise analysis of projects,61,555
FR_201011_556,,N26000082,556,"GSM equipment of 200000Lines (2G) UP(West)Phase V. - BSNL,Uttar Pradesh",West,,TELECOMMUNICATIONS,2010-11,2008-10,,336.84,,336.84,,,31.15,2009-10,,2011-02,,,,0,0,,,,FR_NOV_2010.pdf,Sector-Wise analysis of projects,61,556
FR_201011_557,,N26000083,557,"GSM equipment of 975000Lines (2G) 325000 lines 3(G - BSNL,Uttar Pradesh",2G,,TELECOMMUNICATIONS,2010-11,2009-02,,625.53,,625.53,,,242.56,2010-02,,2011-02,,,,0,0,,,,FR_NOV_2010.pdf,Sector-Wise analysis of projects,61,557
FR_201011_558,,N26000087,558,"GSM equipment of 849862Lines (2G) 150138 lines 3(G - BSNL,West Bengal",2G,,TELECOMMUNICATIONS,2010-11,2008-02,,584.33,,584.33,,,378.85,2009-02,,2011-02,,,,0,0,,,,FR_NOV_2010.pdf,Sector-Wise analysis of projects,61,558
FR_201011_559,,N26000089,559,"GSM equipment of 1867000Lines (2G) 383000 lines 3( - BSNL,Gujarat",2G,,TELECOMMUNICATIONS,2010-11,2008-08,,868.0,,868.0,,,274.3,2009-08,,2011-02,,,,0,0,,,,FR_NOV_2010.pdf,Sector-Wise analysis of projects,61,559
FR_201011_560,,N26000090,560,"GSM equipment of 1625000Lines (2G) 325000 lines 3( - BSNL,Madhya pradesh",2G,,TELECOMMUNICATIONS,2010-11,2009-11,,916.7,,916.7,,,211.83,2010-11,,2011-02,,,,0,0,,,,FR_NOV_2010.pdf,Sector-Wise analysis of projects,61,560
FR_201011_561,,N26000091,561,"GSM equipment of 1900000Lines (2G) 401700 lines 3( - BSNL,Tamil Nadu",2G,,TELECOMMUNICATIONS,2010-11,2009-01,,760.2,,810.37,,,748.3,2010-01,,2011-02,,,,0,0,,,,FR_NOV_2010.pdf,Sector-Wise analysis of projects,61,561
FR_201011_562,,N26000092,562,"GSM equipment of 1700000Lines (2G) 234100 lines 3( - BSNL,Karnataka",2G,,TELECOMMUNICATIONS,2010-11,2008-10,,677.75,719.7,719.7,,,308.06,2009-10,,2011-02,,,,0,0,,,,FR_NOV_2010.pdf,Sector-Wise analysis of projects,61,562
FR_201011_563,,N26000094,563,"GSM equipment of 1900000Lines (2G) 335500lines 3(G - BSNL,Kerala",2G,,TELECOMMUNICATIONS,2010-11,2009-01,,848.7,,848.7,,,441.28,2010-01,,2011-02,,,,0,0,,,,FR_NOV_2010.pdf,Sector-Wise analysis of projects,61,563
FR_201011_564,,N26000011,564,"CONVERGENT BILLING AND CRM- MTNL(DELHI) - MTNL,Delhi",DELHI,,TELECOMMUNICATIONS,2010-11,2005-12,,249.0,,229.41,,,66.2,2007-02,2009-11,2011-03,,,,0,0,,,,FR_NOV_2010.pdf,Sector-Wise analysis of projects,61,564
FR_201011_565,,N26000096,565,"ERP implementation in BSNL on Turnkey basis - BSNL,Multi State",,,TELECOMMUNICATIONS,2010-11,2009-10,,384.0,60.0,384.0,,,12.72,2010-10,,2011-04,,,,0,0,,,,FR_NOV_2010.pdf,Sector-Wise analysis of projects,61,565
FR_201011_566,,N26000078,566,"FTTH BO-3474 /08-09 in Mumbai - MTNL,Maharashtra",,,TELECOMMUNICATIONS,2010-11,2011-09,,389.86,,389.86,,,2.13,2011-09,,2011-09,,,,0,0,,,,FR_NOV_2010.pdf,Sector-Wise analysis of projects,62,566
FR_201011_567,,N26000029,567,"EXPANSION OF EXISTING 750K GSM NETWORK PE NO. 992 - BSNL,Maharashtra",,,TELECOMMUNICATIONS,2010-11,2006-06,,231.38,,168.3,,,94.13,2007-10,,,,,,0,0,,,,FR_NOV_2010.pdf,Sector-Wise analysis of projects,62,567
FR_201011_568,,N26000063,568,"MANAGED LEASED LINE NETWORK PH-VI - BSNL,Multi State",,,TELECOMMUNICATIONS,2010-11,2008-11,,350.0,,350.0,,,,,,,,,,0,0,,,,FR_NOV_2010.pdf,Sector-Wise analysis of projects,62,568
FR_201011_569,,N26000065,569,"Execution of telecom network requirement of defence - BSNL,Multi State Total",,,TELECOMMUNICATIONS,2010-11,2006-05,,1077.0,20234.49,1077.0,,,841.0,2009-03,,,,,,0,0,,,,FR_NOV_2010.pdf,Sector-Wise analysis of projects,62,569
FR_201011_570,,280100002,570,"DELHI MRTS PHASE-II PROJECT - DMRC,Delhi",,,URBAN DEVELOPMENT,2010-11,2005-08,,8676.0,8605.36,18894.36,,,16254.46,2010-06,,2010-12,,,,0,8,,,,FR_NOV_2010.pdf,Sector-Wise analysis of projects,62,570
FR_201011_571,,N28000008,571,"BANGALORE METRO RAIL PROJECT - MRTP,Karnataka Total",,,URBAN DEVELOPMENT,2010-11,2006-05,,6395.0,3.0,11609.0,,,3523.65,2011-12,,2013-03,,,,6,6,,,,FR_NOV_2010.pdf,Sector-Wise analysis of projects,62,571
FR_201011_572,,300100001,572,"PAGLADIYA DAM PROJECT - MoWR,Assam Total Grand Total",,,WATER RESOURCES,2010-11,2001-01,,542.9,542.9,1187.0,,,35.49,2007-12,,2012-12,,,,0,0,,,,FR_NOV_2010.pdf,Sector-Wise analysis of projects,62,572
