observation_id,project_id,project_code,serial_no,project_name,agency,state,sector,report_date,approval_date,approval_date_revised,original_cost_crore,revised_cost_crore,anticipated_cost_crore,cost_overrun_original_crore,cost_overrun_revised_crore,cumulative_expenditure_crore,original_completion_date,revised_completion_date,anticipated_completion_date,time_overrun_original_months,time_overrun_revised_months,additional_delay_months,milestones_achieved,milestones_total,physical_progress_pct,delay_reason,status,source.report,source.table,source.page,source.serial_no
FR_201008_001,,020100041,1,"KAIGA 3 and 4 UNITS (NPCIL) - NPCIL,Karnataka",NPCIL,,ATOMIC ENERGY,2010-08,2001-05,,4213.0,,3282.0,,,2564.0,2009-10,2007-09,2010-08,,,,71,75,,,,fr_Aug_2010.pdf,Sector-Wise analysis of projects,28,1
FR_201008_002,,N02000007,2,"URANIUM ORE MINE & PROCESSING PLANT AT TUMMALAPALL - UCIL,Andhra Pradesh",,,ATOMIC ENERGY,2010-08,2007-09,,1106.29,,1106.29,,,732.55,,,2011-04,,,,0,1,,,,fr_Aug_2010.pdf,Sector-Wise analysis of projects,28,2
FR_201008_003,,020100040,3,"KUDANKULAM APP (NPCIL) - NPCIL,Tamil Nadu",NPCIL,,ATOMIC ENERGY,2010-08,2001-12,,13171.0,,13171.0,,,13113.0,2008-12,,2011-06,,,,61,119,,,,fr_Aug_2010.pdf,Sector-Wise analysis of projects,28,3
FR_201008_004,,020100044,4,"PROTOTYPE FAST BREEDER REACTOR (BHAVINI, 500 MWE) - BHAVNI,Tamil Nadu Total","BHAVINI, 500 MWE",,ATOMIC ENERGY,2010-08,2003-09,,3492.0,21982.29,5677.0,,,2592.29,2010-09,,2011-09,,,,8,80,,,,fr_Aug_2010.pdf,Sector-Wise analysis of projects,28,4
FR_201008_005,,N04000068,5,"CONSTRACTION OF RCC/PRE STRESSD CONCRETE BRIDGE K3 - AAI,Tamil Nadu",,,CIVIL AVIATION,2010-08,2009-06,,213.35,,213.35,,,112.0,2010-09,,2010-11,,,,0,0,,,,fr_Aug_2010.pdf,Sector-Wise analysis of projects,28,5
FR_201008_006,,N04000040,6,"D/O OF TERMINAL BLDG. AND PAVEMENT WORKS AT CHENNA - AAI,Tamil Nadu",,,CIVIL AVIATION,2010-08,2008-01,,535.0,,535.0,,,331.8,2010-06,,2010-12,,,,0,0,,,,fr_Aug_2010.pdf,Sector-Wise analysis of projects,28,6
FR_201008_007,,N04000038,7,"D/O KAMARAJ DOMESTIC TER-PH-II & EXP. ANNA INT. TE(K1) - AAI,Tamil Nadu",K1,,CIVIL AVIATION,2010-08,2008-08,,1273.0,,1273.0,,,418.29,2011-01,,2011-01,,,,0,0,,,,fr_Aug_2010.pdf,Sector-Wise analysis of projects,28,7
FR_201008_008,,N04000056,8,"Extension of Secondary Runway(K2) - AAI,Tamil Nadu",K2,,CIVIL AVIATION,2010-08,2008-08,,230.0,,230.0,,,188.12,2011-01,,2011-01,,,,0,0,,,,fr_Aug_2010.pdf,Sector-Wise analysis of projects,28,8
FR_201008_009,,N04000037,9,"C/O INTEGRATED PASSENGER TER. BULD. NSCBI AIRPORT - AAI,West Bengal",,,CIVIL AVIATION,2010-08,2008-08,,1942.51,,1942.51,,,818.87,2011-05,,2011-08,,,,0,0,,,,fr_Aug_2010.pdf,Sector-Wise analysis of projects,28,9
FR_201008_010,,N04000069,10,"Construction of New International Terminal Building - AAI,Goa",,,CIVIL AVIATION,2010-08,2010-05,,204.73,,204.73,,,5.97,2012-05,,2012-05,,,,0,0,,,,fr_Aug_2010.pdf,Sector-Wise analysis of projects,28,10
FR_201008_011,,N04000017,11,"CONSTRUCTION OF NEW INTERNATIONAL TERMINAL BLDG. A - AAI,Gujarat",,,CIVIL AVIATION,2010-08,2007-02,,290.92,,290.92,,,177.2,,,,,,,1,24,,,,fr_Aug_2010.pdf,Sector-Wise analysis of projects,28,11
FR_201008_012,,N04000050,12,"C/o new Airport at Pakyong(Sikkim) Airport - AAI,Sikkim",Sikkim,,CIVIL AVIATION,2010-08,2009-01,,264.29,,264.29,,,10.02,2011-01,,,,,,0,0,,,,fr_Aug_2010.pdf,Sector-Wise analysis of projects,28,12
FR_201008_013,,N04000065,13,"GAGAN PROJECT - AAI,Multi State Total",,,CIVIL AVIATION,2010-08,2008-09,,393.6,5347.4,393.6,,,160.29,2013-06,,,,,,0,0,,,,fr_Aug_2010.pdf,Sector-Wise analysis of projects,28,13
FR_201008_014,,060100089,14,"BARSINGSAR TPS (2X125MW) (NLC) - NLC,Rajasthan",NLC,,COAL,2010-08,2004-12,,1114.18,1626.09,1626.09,,,1471.94,2009-06,,2010-10,,,,59,26,,,,fr_Aug_2010.pdf,Sector-Wise analysis of projects,28,14
FR_201008_015,,060100090,15,"BARSINGSAR MINE 2.10 MTPA LIGNITE (NLC) - NLC,Rajasthan",NLC,,COAL,2010-08,2004-12,,254.07,1687.78,1687.78,,,1687.78,2009-06,,2010-10,,,,36,21,,,,fr_Aug_2010.pdf,Sector-Wise analysis of projects,28,15
FR_201008_016,,N06000044,16,"BALRAM OCP EXTENSION - MCL,Orissa",,,COAL,2010-08,2007-12,,172.08,26.0,172.08,,,484.92,2009-03,,2011-03,,,,0,0,,,,fr_Aug_2010.pdf,Sector-Wise analysis of projects,28,16
FR_201008_017,,060100087,17,"TPS-II EXPANSION (1470MW TO 1970MW) (NLC) - NLC,Tamil Nadu",NLC,,COAL,2010-08,2004-10,,2030.78,2453.57,2453.57,,,2011.28,2009-06,,2011-06,,,,41,24,,,,fr_Aug_2010.pdf,Sector-Wise analysis of projects,29,17
FR_201008_018,,060100092,18,"KULDA OCP (MAHANADI COALFIELDS LTD.) - MCL,Orissa",MAHANADI COALFIELDS LTD.,,COAL,2010-08,2005-01,,302.96,,302.96,,,60.29,2010-03,,2012-03,,,,0,4,,,,fr_Aug_2010.pdf,Sector-Wise analysis of projects,29,18
FR_201008_019,,060100093,19,"GEVRA EXPANSION OCP (SECL) (25 MTY) - SECL,Chhatisgarh",25 MTY,,COAL,2010-08,2005-07,,1667.55,1667.55,1667.55,,,1011.42,2010-03,,2012-03,,,,3,7,,,,fr_Aug_2010.pdf,Sector-Wise analysis of projects,29,19
FR_201008_020,,060100096,20,"ASHOK EXPN.OCP -CCL (5 MTY) - CCL,Jharkhandd",5 MTY,,COAL,2010-08,2006-04,,471.66,341.63,341.63,,,101.73,2011-03,,2012-03,,,,0,0,,,,fr_Aug_2010.pdf,Sector-Wise analysis of projects,29,20
FR_201008_021,,N06000017,21,"SHANTIKHANI LONGWALL PROJ- SCCL - SCCL,Andhra Pradesh",,,COAL,2010-08,2006-10,,249.03,,249.03,,,37.64,2012-03,,2012-03,,,,8,42,,,,fr_Aug_2010.pdf,Sector-Wise analysis of projects,29,21
FR_201008_022,,N06000033,22,"NIGAHI OC EXPANSION PROJECT 10 MTY TO 15 MTY, SINGRAULI - NCL,Madhya pradesh",,,COAL,2010-08,2007-10,,529.4,,259.4,,,0.63,2012-03,,2012-03,,,,0,0,,,,fr_Aug_2010.pdf,Sector-Wise analysis of projects,29,22
FR_201008_023,,N06000067,23,"ANANTA OC EXPANSION PH-III - MCL,Orissa",,,COAL,2010-08,2008-08,,207.28,,207.28,,,255.66,2012-03,,2012-03,,,,0,0,,,,fr_Aug_2010.pdf,Sector-Wise analysis of projects,29,23
FR_201008_024,,N06000078,24,"RAMAGUNDAM OC-II EXTENSION - SCCL,Andhra Pradesh",,,COAL,2010-08,2009-12,,418.57,,418.97,,,92.97,,,2012-03,,,,7,27,,,,fr_Aug_2010.pdf,Sector-Wise analysis of projects,29,24
FR_201008_025,,N06000080,25,"MANUGURU OC-II EXTENSION PHASE-II - SCCL,Andhra Pradesh",,,COAL,2010-08,2010-03,,181.91,,181.19,,,0.07,,,2012-03,,,,2,34,,,,fr_Aug_2010.pdf,Sector-Wise analysis of projects,29,25
FR_201008_026,,N06000084,26,"North Urimari OCP - CCL,Jharkhandd",,,COAL,2010-08,2007-12,,179.87,,179.87,,,64.95,2012-03,,2012-03,,,,0,0,,,,fr_Aug_2010.pdf,Sector-Wise analysis of projects,29,26
FR_201008_027,,N06000086,27,"Tapin OCP - CCL,Jharkhandd",,,COAL,2010-08,2008-08,,264.68,,264.68,,,71.9,2012-03,,2012-03,,,,0,0,,,,fr_Aug_2010.pdf,Sector-Wise analysis of projects,29,27
FR_201008_028,,N06000047,28,"TUTICORIN THERMAL POWER PROJECT - NLC,Tamil Nadu",,,COAL,2010-08,2008-05,,4904.54,,4904.54,,,971.86,2012-08,,2012-08,,,,0,0,,,,fr_Aug_2010.pdf,Sector-Wise analysis of projects,29,28
FR_201008_029,,N06000016,29,"ADRIYALA SHAFT PROJECT - SCCL,Andhra Pradesh",,,COAL,2010-08,2006-09,,212.34,779.26,779.26,,,128.78,2013-03,2012-09,2012-09,,,,2,22,,,,fr_Aug_2010.pdf,Sector-Wise analysis of projects,29,29
FR_201008_030,,N06000048,30,"KAKATIYA LAONGWALL - SCCL,Andhra Pradesh",,,COAL,2010-08,2008-12,,453.63,,453.63,,,50.48,2012-12,,2012-12,,,,7,44,,,,fr_Aug_2010.pdf,Sector-Wise analysis of projects,29,30
FR_201008_031,,N06000007,31,"KRISHNASHILA (NCL) (4MTY) - NCL,Madhya pradesh",4MTY,,COAL,2010-08,2006-05,,789.88,741.56,741.56,,,136.38,2010-03,,2013-03,,,,0,1,,,,fr_Aug_2010.pdf,Sector-Wise analysis of projects,29,31
FR_201008_032,,N06000008,32,"KUSMUNDA EXPN.OCP(SECL)(10MTY) - SECL,Chhatisgarh",10MTY,,COAL,2010-08,2006-06,,737.65,,1188.31,,,554.18,2011-03,2013-03,2013-03,,,,0,4,,,,fr_Aug_2010.pdf,Sector-Wise analysis of projects,29,32
FR_201008_033,,N06000015,33,"MAGADH OC (CCL) - CCL,Jharkhandd",CCL,,COAL,2010-08,2006-07,,469.78,,706.4,,,16.23,2012-07,,2013-03,,,,0,1,,,,fr_Aug_2010.pdf,Sector-Wise analysis of projects,29,33
FR_201008_034,,N06000025,34,"JALLARAM SHAFT PROJECT - SCCL,Andhra Pradesh",,,COAL,2010-08,2013-03,,467.78,,467.78,,,11.4,,,2013-03,,,,0,83,,,,fr_Aug_2010.pdf,Sector-Wise analysis of projects,29,34
FR_201008_035,,N06000035,35,"KANIHA OCP - MCL,Multi State",,,COAL,2010-08,2007-12,,457.77,,457.77,,,51.42,,,2013-03,,,,0,2,,,,fr_Aug_2010.pdf,Sector-Wise analysis of projects,29,35
FR_201008_036,,N06000068,36,"HINGULA OC-II EXP. PH-II (15 MTY) - MCL,Orissa",15 MTY,,COAL,2010-08,2008-11,,475.93,,479.53,,,212.54,2013-03,,2013-03,,,,0,0,,,,fr_Aug_2010.pdf,Sector-Wise analysis of projects,29,36
FR_201008_037,,N06000083,37,"Churi Benti UG - CCL,Jharkhandd",,,COAL,2010-08,2007-06,,163.51,,163.51,,,33.46,2011-03,,2013-03,,,,0,0,,,,fr_Aug_2010.pdf,Sector-Wise analysis of projects,29,37
FR_201008_038,,N06000085,38,"Purnadih OCP - CCL,Jharkhandd",,,COAL,2010-08,2008-07,,210.98,,210.98,,,20.05,2013-03,,2013-03,,,,0,0,,,,fr_Aug_2010.pdf,Sector-Wise analysis of projects,29,38
FR_201008_039,,060100094,39,"DIPKA EXPANSION OCP (SECL) (20 MTY) - SECL,Chhatisgarh",20 MTY,,COAL,2010-08,2005-07,,1268.53,1943.6,1943.66,,,887.03,2010-03,,2014-03,,,,2,6,,,,fr_Aug_2010.pdf,Sector-Wise analysis of projects,29,39
FR_201008_040,,N06000019,40,"BINA EXTN. PROJ - NCL,Multi State",,,COAL,2010-08,2006-11,,168.97,168.97,168.97,,,137.83,2014-03,,2014-03,,,,1,1,,,,fr_Aug_2010.pdf,Sector-Wise analysis of projects,30,40
FR_201008_041,,N06000046,41,"CHURCHA UG - SECL,Chhatisgarh",,,COAL,2010-08,2008-06,,462.35,462.35,462.35,,,247.25,2014-06,,2014-03,,,,0,0,,,,fr_Aug_2010.pdf,Sector-Wise analysis of projects,30,41
FR_201008_042,,N06000056,42,"RAJMAHAL OC EXP. - ECL,Jharkhandd",,,COAL,2010-08,2006-02,,50.08,153.82,153.82,,,14.77,2010-03,2014-03,2014-03,,,,0,0,,,,fr_Aug_2010.pdf,Sector-Wise analysis of projects,30,42
FR_201008_043,,N06000066,43,"PENGANGA OC - WCL,Andhra Pradesh",,,COAL,2010-08,2008-10,,339.77,,339.77,,,,,,2014-03,,,,0,1,,,,fr_Aug_2010.pdf,Sector-Wise analysis of projects,30,43
FR_201008_044,,N06000076,44,"KARTALI (EAST) OC - SECL,Chhatisgarh",EAST,,COAL,2010-08,2008-07,,178.44,,178.44,,,,2014-03,,2014-03,,,,0,0,,,,fr_Aug_2010.pdf,Sector-Wise analysis of projects,30,44
FR_201008_045,,N06000081,45,"MANIKPUR OC EXPANTION - SECL,Chhatisgarh",,,COAL,2010-08,2009-11,,321.42,,321.5,,,211.51,2013-03,,2014-03,,,,0,0,,,,fr_Aug_2010.pdf,Sector-Wise analysis of projects,30,45
FR_201008_046,,N06000009,46,"BLOCK-B OCP NCL (3.5 MTY) - NCL,Madhya pradesh",3.5 MTY,,COAL,2010-08,2006-06,,746.04,,437.34,,,136.51,2012-03,,2015-03,,,,0,1,,,,fr_Aug_2010.pdf,Sector-Wise analysis of projects,30,46
FR_201008_047,,N06000020,47,"JHANJRA LONGWAL UG PHASE II - ECL,West Bengal",,,COAL,2010-08,2006-11,,287.18,,287.17,,,,2009-11,,2015-03,,,,0,0,,,,fr_Aug_2010.pdf,Sector-Wise analysis of projects,30,47
FR_201008_048,,N06000042,48,"GOPAL PRASAD OCP - MCL,Orissa",,,COAL,2010-08,2008-02,,395.87,,395.87,,,24.33,2013-03,,2015-03,,,,0,0,,,,fr_Aug_2010.pdf,Sector-Wise analysis of projects,30,48
FR_201008_049,,N06000045,49,"PELMA OC - SECL,Chhatisgarh",,,COAL,2010-08,2008-07,,448.32,,448.32,,,,2012-03,,2015-03,,,,0,0,,,,fr_Aug_2010.pdf,Sector-Wise analysis of projects,30,49
FR_201008_050,,N06000049,50,"Batura OC - BCCL,Madhya pradesh",,,COAL,2010-08,2008-09,,203.82,,203.82,,,,2013-03,,2015-03,,,,0,0,,,,fr_Aug_2010.pdf,Sector-Wise analysis of projects,30,50
FR_201008_051,,N06000075,51,"JAGANNATHPOR OC - SECL,Chhatisgarh",,,COAL,2010-08,2008-09,,152.43,,152.43,,,,2015-03,,2015-03,,,,0,0,,,,fr_Aug_2010.pdf,Sector-Wise analysis of projects,30,51
FR_201008_052,,N06000079,52,"RKP OCP PHASE-I - SCCL,Uttaranchal",,,COAL,2010-08,2010-03,,201.58,209.78,209.78,,,0.18,,,2015-03,,,,0,31,,,,fr_Aug_2010.pdf,Sector-Wise analysis of projects,30,52
FR_201008_053,,N06000010,53,"AMLOHRI EPR (NCL) (6 MTY) - NCL,Madhya pradesh",6 MTY,,COAL,2010-08,2006-05,,1352.04,1143.54,1143.54,,,27.32,2014-03,,2016-03,,,,1,1,,,,fr_Aug_2010.pdf,Sector-Wise analysis of projects,30,53
FR_201008_054,,N06000034,54,"BHUBANESWARI OCP - MCL,Orissa",,,COAL,2010-08,2007-12,,490.1,,490.1,,,57.71,2014-03,,2016-03,,,,0,0,,,,fr_Aug_2010.pdf,Sector-Wise analysis of projects,30,54
FR_201008_055,,N06000043,55,"TALABIRA OCP - MCL,Orissa",,,COAL,2010-08,2008-03,,447.72,,447.72,,,6.04,2015-03,,2016-03,,,,0,0,,,,fr_Aug_2010.pdf,Sector-Wise analysis of projects,30,55
FR_201008_056,,N06000082,56,"AMLAI OC EXPANSION SECTOR 'B' (1.50 MTY) - SECL,Chhatisgarh",1.50 MTY,,COAL,2010-08,2009-11,,158.59,,198.59,,,91.67,2016-03,,2016-03,,,,0,0,,,,fr_Aug_2010.pdf,Sector-Wise analysis of projects,30,56
FR_201008_057,,N06000087,57,"Rajrappa RCE OCP - CCL,Jharkhandd Total",,,COAL,2010-08,2009-12,,510.85,25571.91,510.85,,,290.79,2016-03,,2016-03,,,,0,0,,,,fr_Aug_2010.pdf,Sector-Wise analysis of projects,30,57
FR_201008_058,,N08000003,58,"THAL AMMONIA REVAMP PROJECT - RCF,Haryana",,,FERTILISERS,2010-08,2009-01,,488.75,,488.75,,,110.69,,,2011-03,,,,0,22,,,,fr_Aug_2010.pdf,Sector-Wise analysis of projects,30,58
FR_201008_059,,N08000007,59,"CAPACITY ENHANCEMENT OF VIJAIPUR-I PLANTS - FACT,Madhya pradesh",,,FERTILISERS,2010-08,2008-09,,325.0,,325.0,,,,2011-07,,2011-07,,,,0,0,,,,fr_Aug_2010.pdf,Sector-Wise analysis of projects,30,59
FR_201008_060,,N08000008,60,"CAPACITY ENHANCEMENT OF AMMONIA AND UREA PLANT VIJ - FACT,Madhya pradesh",,,FERTILISERS,2010-08,2008-09,,438.0,,438.0,,,,2011-07,,2011-07,,,,0,0,,,,fr_Aug_2010.pdf,Sector-Wise analysis of projects,30,60
FR_201008_061,,N08000004,61,"PANIPAT - AMMONIA PLANT FEEDSTOCK CHANGEOVER PROJE - NFL,Haryana",,,FERTILISERS,2010-08,2010-01,,1292.84,28.0,1292.84,,,,,,2012-10,,,,0,5,,,,fr_Aug_2010.pdf,Sector-Wise analysis of projects,30,61
FR_201008_062,,N08000005,62,"BATHINDA - AMMONIA PLANT FEEDSTOCK CHANGEOVER PROJ - FACT,Punjab",,,FERTILISERS,2010-08,2010-01,,1294.19,,1294.19,,,,,,2012-10,,,,0,5,,,,fr_Aug_2010.pdf,Sector-Wise analysis of projects,31,62
FR_201008_063,,N08000006,63,"NANGAL - AMMONIA PLANT FEEDSTOCK PROJECT - FACT,Punjab Total",,,FERTILISERS,2010-08,2010-01,,1478.63,5317.41,1478.63,,,110.69,,,2012-10,,,,0,8,,,,fr_Aug_2010.pdf,Sector-Wise analysis of projects,31,63
FR_201008_064,,100100054,64,"SECOND PHASE EXPANSION OF CAPTIVE ALUMINIUM,SMELTER AND POWE - NALCO,Orissa Total",,,MINES,2010-08,2004-10,,4091.51,4091.51,4091.51,,,3316.0,2008-12,,,,,,18,111,,,,fr_Aug_2010.pdf,Sector-Wise analysis of projects,31,64
FR_201008_065,,N12000039,65,"POWER PLANT-I - RINL,Andhra Pradesh",,,STEEL,2010-08,2007-09,,462.0,,350.0,,,84.4,2009-12,,2010-08,,,,0,0,,,,fr_Aug_2010.pdf,Sector-Wise analysis of projects,31,65
FR_201008_066,,N12000069,66,"330 TPH BOILER-6 AND AUXILIARY SYSTEM - RINL,Andhra Pradesh",,,STEEL,2010-08,2007-07,,260.0,,353.0,,,80.0,2010-02,,2010-08,,,,0,0,,,,fr_Aug_2010.pdf,Sector-Wise analysis of projects,31,66
FR_201008_067,,N12000035,67,"REBUILDING OF BLAST FURNANCE NO.2(BOKARO STEEL PL - SAIL,Jharkhandd",,,STEEL,2010-08,2007-10,,892.32,,892.32,,,616.57,,,2010-07,,,,2,1,,,,fr_Aug_2010.pdf,Sector-Wise analysis of projects,31,67
FR_201008_068,,N12000016,68,"REBUILIDING OF COKE OVEN BATTERY-10 - SAIL,West Bengal",,,STEEL,2010-08,2007-03,,416.5,436.54,436.54,,,301.73,,,2010-08,,,,2,1,,,,fr_Aug_2010.pdf,Sector-Wise analysis of projects,31,68
FR_201008_069,,N12000025,69,"INSTALLATION OF 700 TPD OXYGEN PLANT, ROURKELA - SAIL,Orissa",,,STEEL,2010-08,2007-07,,302.7,,302.7,,,240.43,2009-06,,2010-09,,,,0,0,,,,fr_Aug_2010.pdf,Sector-Wise analysis of projects,31,69
FR_201008_070,,N12000036,70,"SIMULTANEOUS BLOWING OF BOF CONVERTER OF SMS-II - SAIL,Orissa",,,STEEL,2010-08,2008-01,,197.66,,197.66,,,125.03,,,2010-09,,,,0,0,,,,fr_Aug_2010.pdf,Sector-Wise analysis of projects,31,70
FR_201008_071,,N12000050,71,"EXPANSION OF SALEM STEEL PLANT - SAIL,Tamil Nadu",,,STEEL,2010-08,2008-01,,1902.0,,1902.0,,,1651.61,,,2010-09,,,,2,6,,,,fr_Aug_2010.pdf,Sector-Wise analysis of projects,31,71
FR_201008_072,,N12000054,72,"REBUILDING OF COKE OVEN BATTERY NO-6 (BSP) - SAIL,Jharkhandd",BSP,,STEEL,2010-08,2008-07,,172.78,,172.78,,,104.15,,,2010-11,,,,0,1,,,,fr_Aug_2010.pdf,Sector-Wise analysis of projects,31,72
FR_201008_073,,N12000068,73,"67.5 MW TG-5 AUX. S'TEM EMERGENCY POWER REQUIREM - RINL,Andhra Pradesh",,,STEEL,2010-08,2007-07,,230.0,,358.0,,,114.32,2010-02,,2011-01,,,,0,0,,,,fr_Aug_2010.pdf,Sector-Wise analysis of projects,31,73
FR_201008_074,,N12000033,74,"Rebuilding of coke oven battery No.1 & 2 (Bokaro S - SAIL,Jharkhandd",,,STEEL,2010-08,2007-10,,500.9,,500.9,,,210.23,,,2011-04,,,,0,2,,,,fr_Aug_2010.pdf,Sector-Wise analysis of projects,31,74
FR_201008_075,,N12000023,75,"700TPD ARI SEPARATION UNIT-4 AT OXYGEN PLANT-II, BHILLAI - SAIL,Madhya pradesh",,,STEEL,2010-08,2007-07,,111.28,232.93,232.93,,,60.62,,,2011-05,,,,0,1,,,,fr_Aug_2010.pdf,Sector-Wise analysis of projects,31,75
FR_201008_076,,120100067,76,"EXPANSION OF RINL/VSP FROM 3 MTPY-6.3 MTPY OF LIQUID STEEL - RINL,Andhra Pradesh",,,STEEL,2010-08,2005-10,,8692.0,,12228.0,,,6203.0,2009-10,,2011-06,,,,0,126,,,,fr_Aug_2010.pdf,Sector-Wise analysis of projects,31,76
FR_201008_077,,N12000038,77,"COKE OVEN BATTERY NO. 4 PHASE- II - RINL,Andhra Pradesh",,,STEEL,2010-08,2007-08,,108.0,29.0,168.95,,,12.0,2009-10,,2011-06,,,,0,0,,,,fr_Aug_2010.pdf,Sector-Wise analysis of projects,31,77
FR_201008_078,,N12000051,78,"EXPANSION OF IISCO STEEL PLANT - SAIL,West Bengal",,,STEEL,2010-08,2008-02,,14443.0,,14443.0,,,8292.02,,,2011-06,,,,0,6,,,,fr_Aug_2010.pdf,Sector-Wise analysis of projects,32,78
FR_201008_079,,N12000053,79,"Augmentation of Iron Ore Storage in RMHP - RINL,Andhra Pradesh",,,STEEL,2010-08,2008-05,,480.0,,480.84,,,4.04,2010-09,,2011-12,,,,0,0,,,,fr_Aug_2010.pdf,Sector-Wise analysis of projects,32,79
FR_201008_080,,N12000055,80,"EXPANSION OF BOKARO STEEL PLANT - SAIL,Jharkhandd",,,STEEL,2010-08,2008-01,,3316.0,6325.0,6325.0,,,1235.63,2011-12,,2011-12,,,,0,7,,,,fr_Aug_2010.pdf,Sector-Wise analysis of projects,32,80
FR_201008_081,,N12000056,81,"EXPENSION OF ROURKELA STEEL PLANT - SAIL,Orissa",,,STEEL,2010-08,2008-09,,6133.0,,8128.0,,,2506.34,2011-02,,2013-03,,,,0,0,,,,fr_Aug_2010.pdf,Sector-Wise analysis of projects,32,81
FR_201008_082,,N12000057,82,"EXPANSION OF BHILAI STEEL PLANT - SAIL,Chhatisgarh",,,STEEL,2010-08,2008-09,,5185.0,17265.0,17265.0,,,1241.83,2013-03,,2013-03,,,,0,8,,,,fr_Aug_2010.pdf,Sector-Wise analysis of projects,32,82
FR_201008_083,,N12000018,83,"Deve. of Bailadila Iron Ore Deposit- II(B)(NMDC) - NMDC,Andhra Pradesh",NMDC,,STEEL,2010-08,2003-01,,295.89,607.17,607.17,,,220.32,,,,,,,2,21,,,,fr_Aug_2010.pdf,Sector-Wise analysis of projects,32,83
FR_201008_084,,N12000060,84,"AIR SEPARATION PLANT (ASU-4) - RINL,Andhra Pradesh Total",ASU-4,,STEEL,2010-08,2008-03,,96.0,44197.03,170.0,,,42.02,2010-06,,,,,,0,0,,,,fr_Aug_2010.pdf,Sector-Wise analysis of projects,32,84
FR_201008_085,,N16000067,85,"SINGLE POINT MOORING PROJECT AT VISAKHAPATNAM - HPCL,Andhra Pradesh",,,PETROLEUM,2010-08,2008-11,,643.46,,643.46,,,489.52,,,2010-05,,,,0,2,,,,fr_Aug_2010.pdf,Sector-Wise analysis of projects,32,85
FR_201008_086,,N16000018,86,"DADRI- PANIPAT R-LNG SPUR PIPELINE - IOCL,Haryana",,,PETROLEUM,2010-08,2005-06,,250.66,,389.0,,,350.96,2008-06,,2010-07,,,,0,0,,,,fr_Aug_2010.pdf,Sector-Wise analysis of projects,32,86
FR_201008_087,,160100289,87,"INST. OF FACILITIES FOR IMPROVEMENT IN DIESEL QUALITY (IOCL) - IOCL,West Bengal",IOCL,,PETROLEUM,2010-08,2005-11,,1876.0,2869.0,3154.0,,,2736.14,2009-04,2009-12,2010-02,,,,41,36,,,,fr_Aug_2010.pdf,Sector-Wise analysis of projects,32,87
FR_201008_088,,N16000047,88,"CHAINSA-JHAJJAR PIPE LINE PROJECT - GAIL,Haryana",,,PETROLEUM,2010-08,2007-11,,967.77,,571.64,,,416.9,2009-09,,2010-03,,,,0,0,,,,fr_Aug_2010.pdf,Sector-Wise analysis of projects,32,88
FR_201008_089,,N16000078,89,"BINA DESPATCH TERMINAL - BPCL,Madhya pradesh",,,PETROLEUM,2010-08,2007-05,,490.71,639.11,639.11,,,581.93,2009-12,2010-03,2010-03,,,,0,0,,,,fr_Aug_2010.pdf,Sector-Wise analysis of projects,32,89
FR_201008_090,,N16000026,90,"LUBE OIL BASE STOCK QUALITY UPGRADATION AT MUMBAI REFINERY - HPCL,Maharashtra",,,PETROLEUM,2010-08,2006-10,,638.9,1030.0,1030.0,,,748.41,2009-04,,2010-07,,,,0,0,,,,fr_Aug_2010.pdf,Sector-Wise analysis of projects,32,90
FR_201008_091,,N16000049,91,"SULTANPUR NEEMRANA PIPE LINE PROJECT (Spurline to CJPL) - GAIL,Multi State",Spurline to CJPL,,PETROLEUM,2010-08,2007-11,,396.13,,396.13,,,185.56,2009-10,2010-06,2010-09,,,,0,0,,,,fr_Aug_2010.pdf,Sector-Wise analysis of projects,32,91
FR_201008_092,,N16000080,92,"CAPACITY EXP. CUM MODERNISATION PH-II - BPCL,Kerala",,,PETROLEUM,2010-08,2009-09,,2591.8,3941.41,3941.41,,,2720.3,2009-12,,2010-09,,,,0,0,,,,fr_Aug_2010.pdf,Sector-Wise analysis of projects,32,92
FR_201008_093,,160100168,93,"C2-C3 AND LPG RECOVERY FROM LNG, DAHEJ (ONGC) - ONGC,Gujarat",ONGC,,PETROLEUM,2010-08,2003-12,,900.92,,1493.49,,,714.62,2006-06,2010-07,2010-10,,,,0,2,,,,fr_Aug_2010.pdf,Sector-Wise analysis of projects,32,93
FR_201008_094,,N16000009,94,"DIESEL HYDRO TREATMENT PROJECT,BRPL DHALIGAON - BRPL,Assam",,,PETROLEUM,2010-08,2006-06,,1431.91,1646.39,1676.0,,,1421.01,2009-09,,2010-10,,,,0,0,,,,fr_Aug_2010.pdf,Sector-Wise analysis of projects,32,94
FR_201008_095,,N16000017,95,"EXPANSION OF PANIPAT REFINERY FROM 12 TO 15 MMTPA - IOCL,Haryana",,,PETROLEUM,2010-08,2005-06,,1007.83,30.0,1087.0,,,773.91,2009-12,2009-12,2010-10,,,,18,49,,,,fr_Aug_2010.pdf,Sector-Wise analysis of projects,32,95
FR_201008_096,,N16000036,96,"MSQ UPGRADATION PROJECT AT GUWAHATI REFINERY - IOCL,Assam",,,PETROLEUM,2010-08,2008-04,,372.0,,325.0,,,215.62,2010-02,,2010-10,,,,0,0,,,,fr_Aug_2010.pdf,Sector-Wise analysis of projects,33,96
FR_201008_097,,N16000037,97,"MSQ UPGRADATION PROJECT AT DIGBOI REFINERY - IOCL,Assam",,,PETROLEUM,2010-08,2008-04,,356.0,,300.0,,,203.83,2010-02,,2010-10,,,,0,0,,,,fr_Aug_2010.pdf,Sector-Wise analysis of projects,33,97
FR_201008_098,,N16000038,98,"MSQ UPGRADATION PROJECT AT BARAUNI REFINERY - IOCL,Bihar",,,PETROLEUM,2010-08,2008-04,,1492.0,,1505.0,,,997.58,2010-04,,2010-10,,,,0,0,,,,fr_Aug_2010.pdf,Sector-Wise analysis of projects,33,98
FR_201008_099,,N16000040,99,"MSQ IMPROVMENT PROJECT - BRPL,Assam",,,PETROLEUM,2010-08,2008-04,,293.6,,293.6,,,179.45,2009-12,,2010-10,,,,0,0,,,,fr_Aug_2010.pdf,Sector-Wise analysis of projects,33,99
FR_201008_100,,N16000048,100,"VIJAPUR DADRI-BAWANA PIPE LINE PROJECT - GAIL,Multi State",,,PETROLEUM,2010-08,2007-11,,5595.31,4262.0,4262.0,,,3260.61,2009-11,2010-04,2010-10,,,,0,0,,,,fr_Aug_2010.pdf,Sector-Wise analysis of projects,33,100
FR_201008_101,,N16000051,101,"JHAJJAR HISSAR PIPE LINE PROJECT - GAIL,Haryana",,,PETROLEUM,2010-08,2007-11,,281.07,,281.07,,,1.13,2010-10,,2010-10,,,,0,0,,,,fr_Aug_2010.pdf,Sector-Wise analysis of projects,33,101
FR_201008_102,,N16000053,102,"COMPRESSOR STATIONS (VIJAYPUR AND JHABUA) PHASE-I - GAIL,Multi State",VIJAYPUR AND JHABUA,,PETROLEUM,2010-08,2007-11,,1512.0,1434.0,1434.0,,,635.39,2011-04,,2010-10,,,,0,2,,,,fr_Aug_2010.pdf,Sector-Wise analysis of projects,33,102
FR_201008_103,,N16000056,103,"INSTALLATION OF FCCV AT MUMBAI REFINERY - HPCL,Maharashtra",,,PETROLEUM,2010-08,2007-03,,900.47,,900.47,,,,2009-09,,2010-10,,,,0,0,,,,fr_Aug_2010.pdf,Sector-Wise analysis of projects,33,103
FR_201008_104,,N16000021,104,"RESIDUE UPGRADATION AND MS/HSD QUALITY IMPROVEMENT - IOCL,Gujarat",,,PETROLEUM,2010-08,2007-01,,5693.0,6898.0,6898.0,,,5625.54,2010-01,2010-06,2010-11,,,,0,0,,,,fr_Aug_2010.pdf,Sector-Wise analysis of projects,33,104
FR_201008_105,,N16000076,105,"Guru Govind Singh Refinary Products Evacuation Project - HPCL,Punjab",,,PETROLEUM,2010-08,2009-01,,605.4,605.4,605.4,,,246.17,2010-12,2010-12,2010-12,,,,12,17,,,,fr_Aug_2010.pdf,Sector-Wise analysis of projects,33,105
FR_201008_106,,N16000083,106,"REFRIGERAPED LPG STORAGE AT JNPT - BPCL,Maharashtra",,,PETROLEUM,2010-08,2008-06,,304.4,,304.4,,,120.3,2010-12,,2010-12,,,,0,0,,,,fr_Aug_2010.pdf,Sector-Wise analysis of projects,33,106
FR_201008_107,,N16000102,107,"Integrated Sugar, Ethanol, Cogen Power Plant at Sugauli - HPCL,Bihar",,,PETROLEUM,2010-08,2009-06,,613.54,,727.88,,,5.58,2010-12,,2010-12,,,,0,0,,,,fr_Aug_2010.pdf,Sector-Wise analysis of projects,33,107
FR_201008_108,,N16000070,108,"KARANPUR MORADABAD-KASHIPUR- RUDRAPUR PIPELINE PROJECT PHASE- - GAIL,Multi State",,,PETROLEUM,2010-08,2009-07,,238.68,196.25,196.25,,,2.28,,,2011-01,,,,1,8,,,,fr_Aug_2010.pdf,Sector-Wise analysis of projects,33,108
FR_201008_109,,N16000074,109,"CAPACITY AUGMENTATION OF AGRA& FEROZABAD REGION - GAIL,Uttar Pradesh",,,PETROLEUM,2010-08,2009-07,,199.57,,199.57,,,19.55,,,2011-01,,,,9,7,,,,fr_Aug_2010.pdf,Sector-Wise analysis of projects,33,109
FR_201008_110,,N16000066,110,"CONSTRUCTION OF NEW TERMINAL AT ENNORE CHENNAI - HPCL,Tamil Nadu",,,PETROLEUM,2010-08,2008-01,,224.0,,224.0,,,111.22,2010-12,2011-02,2011-02,,,,0,0,,,,fr_Aug_2010.pdf,Sector-Wise analysis of projects,33,110
FR_201008_111,,160100215,111,"IOR LAKWA - LAKHMANI (ONGCL) - ONGC,Assam",ONGCL,,PETROLEUM,2010-08,2001-09,,345.1,,600.0,,,542.47,2007-03,,2011-03,,,,3,3,,,,fr_Aug_2010.pdf,Sector-Wise analysis of projects,33,111
FR_201008_112,,160100216,112,"IOR GELEKI (ONGCL) - ONGC,Assam",ONGCL,,PETROLEUM,2010-08,2001-09,,390.09,834.9,1200.0,,,1124.74,2007-03,,2011-03,,,,6,6,,,,fr_Aug_2010.pdf,Sector-Wise analysis of projects,33,112
FR_201008_113,,160100217,113,"IOR, RUDRASAGAR (ONGCL) - ONGC,Assam",ONGCL,,PETROLEUM,2010-08,2001-09,,113.9,,219.22,,,,2006-03,,2011-03,,,,6,6,,,,fr_Aug_2010.pdf,Sector-Wise analysis of projects,33,113
FR_201008_114,,N16000023,114,"DEVELOPMENT OF C-SERIES FIELDS - ONGC,Maharashtra",,,PETROLEUM,2010-08,2006-08,,3195.16,,2800.0,,,2520.63,2008-12,2008-12,2011-03,,,,0,0,,,,fr_Aug_2010.pdf,Sector-Wise analysis of projects,33,114
FR_201008_115,,N16000024,115,"HEERA AND SOUTH HEERA RE- DEVELOPMENT PROJECT - ONGC,Maharashtra",,,PETROLEUM,2010-08,2006-09,,2305.3,31.0,2305.3,,,2061.12,2010-06,2010-06,2011-03,,,,0,0,,,,fr_Aug_2010.pdf,Sector-Wise analysis of projects,33,115
FR_201008_116,,N16000085,116,"NORTH TAPTI GAS FIELD DEV. - ONGC,Gujarat",,,PETROLEUM,2010-08,2008-07,,589.7,,589.7,,,,2011-03,,2011-03,,,,0,0,,,,fr_Aug_2010.pdf,Sector-Wise analysis of projects,34,116
FR_201008_117,,N16000096,117,"North Tapti Gas Field Development - ONGC,Multi State",,,PETROLEUM,2010-08,2010-01,,589.7,755.56,755.56,,,13.53,2011-03,,2011-03,,,,0,0,,,,fr_Aug_2010.pdf,Sector-Wise analysis of projects,34,117
FR_201008_118,,N16000050,118,"BAWANA NANGAL PIPE LINE PROJECT - GAIL,Multi State",,,PETROLEUM,2010-08,2010-10,,1816.07,1816.07,1816.07,,,368.93,2011-04,,2011-04,,,,0,2,,,,fr_Aug_2010.pdf,Sector-Wise analysis of projects,34,118
FR_201008_119,,N16000052,119,"DAHEJ-VIJAYPUR PIPE LINE PROJECT(PHASE-II) - GAIL,Gujarat",PHASE-II,,PETROLEUM,2010-08,2007-11,,4429.38,4403.0,2800.0,,,1475.72,2011-04,,2011-04,,,,0,2,,,,fr_Aug_2010.pdf,Sector-Wise analysis of projects,34,119
FR_201008_120,,N16000054,120,"COMPRESSOR STATIONS (KAILARAS &CHAINSA) - GAIL,Multi State",KAILARAS &CHAINSA,,PETROLEUM,2010-08,2007-11,,1061.93,1167.0,1167.0,,,22.36,2011-04,,2011-04,,,,0,2,,,,fr_Aug_2010.pdf,Sector-Wise analysis of projects,34,120
FR_201008_121,,N16000062,121,"HEERA RECONSTRUCTION - ONGC,Maharashtra",,,PETROLEUM,2010-08,2008-05,,706.7,,706.7,,,450.38,2010-04,,2011-04,,,,0,0,,,,fr_Aug_2010.pdf,Sector-Wise analysis of projects,34,121
FR_201008_122,,N16000063,122,"NEELAM RECONSTRUCTION - ONGC,Maharashtra",,,PETROLEUM,2010-08,2008-05,,305.08,,305.08,,,69.38,2011-04,,2011-04,,,,0,0,,,,fr_Aug_2010.pdf,Sector-Wise analysis of projects,34,122
FR_201008_123,,160100231,123,"INTEGRATED DEV OF G1 and GS-15 (ONGCL) - ONGC,Multi State",ONGCL,,PETROLEUM,2010-08,2003-04,,429.82,2218.01,2218.01,,,1234.69,2005-03,2011-05,2011-05,,,,0,0,,,,fr_Aug_2010.pdf,Sector-Wise analysis of projects,34,123
FR_201008_124,,N16000044,124,"REVAMPING OF WIN PLATFORM AT MH ASSET - ONGC,Maharashtra",,,PETROLEUM,2010-08,2008-05,,333.4,,330.4,,,0.39,2010-05,,2011-05,,,,0,0,,,,fr_Aug_2010.pdf,Sector-Wise analysis of projects,34,124
FR_201008_125,,N16000045,125,"MNW-NF BRIDGE PROJECT - ONGC,Maharashtra",,,PETROLEUM,2010-08,2008-05,,175.21,,162.12,,,58.19,2009-03,,2011-05,,,,0,0,,,,fr_Aug_2010.pdf,Sector-Wise analysis of projects,34,125
FR_201008_126,,N16000094,126,"BNPL SPURLINE (UTTRANCHAL & PUNJAB) - GAIL,Multi State",UTTRANCHAL & PUNJAB,,PETROLEUM,2010-08,2009-12,,540.92,,540.92,,,0.13,,,2011-05,,,,7,9,,,,fr_Aug_2010.pdf,Sector-Wise analysis of projects,34,126
FR_201008_127,,N16000093,127,"VKPL UPGRADATION AND LAYING OF SPURLINE (TO BHILWARA AND CHI - GAIL,Multi State",,,PETROLEUM,2010-08,2009-12,,463.32,,463.32,,,0.13,,,2011-06,,,,3,9,,,,fr_Aug_2010.pdf,Sector-Wise analysis of projects,34,127
FR_201008_128,,N16000075,128,"Construction of Tank and Blending Facility at Vadi - IOCL,Gujarat",,,PETROLEUM,2010-08,2009-02,,267.0,,267.0,,,72.99,,,2011-08,,,,0,1,,,,fr_Aug_2010.pdf,Sector-Wise analysis of projects,34,128
FR_201008_129,,N16000068,129,"DIESEL HYDROTREATOR PROJECT AT VISAKH REFINERY - HPCL,Andhra Pradesh",,,PETROLEUM,2010-08,2009-03,,3597.0,,3597.0,,,113.5,2011-09,,2011-09,,,,0,0,,,,fr_Aug_2010.pdf,Sector-Wise analysis of projects,34,129
FR_201008_130,,N16000069,130,"DIESEL HYDROTREATOR PROJECT AT MUMBAI REFINERY - HPCL,Maharashtra",,,PETROLEUM,2010-08,2009-03,,3284.0,,3284.0,,,,2011-09,,2011-09,,,,0,0,,,,fr_Aug_2010.pdf,Sector-Wise analysis of projects,34,130
FR_201008_131,,N16000057,131,"RESITMENT OF MARKETING INSTALATION AT VISAKH - HPCL,Andhra Pradesh",,,PETROLEUM,2010-08,2009-01,,756.0,,756.0,,,420.12,2011-12,,2011-12,,,,0,0,,,,fr_Aug_2010.pdf,Sector-Wise analysis of projects,34,131
FR_201008_132,,N16000059,132,"BRANCH PIPELINE FROM KSPL VIRAMGAON TO KANDLA - IOCL,Gujarat",,,PETROLEUM,2010-08,2009-02,,349.0,,349.0,,,40.73,2011-08,,2011-12,,,,0,0,,,,fr_Aug_2010.pdf,Sector-Wise analysis of projects,34,132
FR_201008_133,,N16000081,133,"HYDROCRACKER REVAMP & SETTING - BPCL,Maharashtra",,,PETROLEUM,2010-08,2008-02,,825.0,,825.0,,,72.8,2011-12,,2011-12,,,,0,0,,,,fr_Aug_2010.pdf,Sector-Wise analysis of projects,34,133
FR_201008_134,,N16000084,134,"CONSTRUCTION OF 12 OFFSHORE SUPPLY VESSELS(OSV) - ONGC,Multi State",OSV,,PETROLEUM,2010-08,2007-06,,736.65,,736.65,,,154.37,2011-12,,2011-12,,,,0,0,,,,fr_Aug_2010.pdf,Sector-Wise analysis of projects,34,134
FR_201008_135,,N16000086,135,"ADDITIONAL DEV. OF D-1 FIELD - ONGC,Multi State",,,PETROLEUM,2010-08,2010-01,,2163.64,32.0,2163.64,,,,2011-12,,2011-12,,,,0,0,,,,fr_Aug_2010.pdf,Sector-Wise analysis of projects,34,135
FR_201008_136,,N16000097,136,"Additional Development of D-1 Field - ONGC,Multi State",,,PETROLEUM,2010-08,2010-01,,2163.64,,2163.64,,,61.29,2011-12,,2011-12,,,,0,0,,,,fr_Aug_2010.pdf,Sector-Wise analysis of projects,35,136
FR_201008_137,,N16000031,137,"OFFSHORE GRID INTERCONNECTIVITY PROJECT IN MUMBAI HIGH - ONGC,Maharashtra",,,PETROLEUM,2010-08,2007-01,,740.02,,740.02,,,411.41,2010-03,2012-03,2012-03,,,,0,0,,,,fr_Aug_2010.pdf,Sector-Wise analysis of projects,35,137
FR_201008_138,,N16000072,138,"JAGDISHPUR-HALDIA PIPELINE PROJECT PHASE-I - GAIL,Gujarat",,,PETROLEUM,2010-08,2009-07,,7596.18,,6652.22,,,0.65,2013-01,,2012-03,,,,0,0,,,,fr_Aug_2010.pdf,Sector-Wise analysis of projects,35,138
FR_201008_139,,N16000090,139,"Integrated offshore crude Oil handling facilities at Paradip - IOCL,Maharashtra",,,PETROLEUM,2010-08,2009-12,,1492.33,,1492.33,,,22.57,2012-06,,2012-03,,,,0,0,,,,fr_Aug_2010.pdf,Sector-Wise analysis of projects,35,139
FR_201008_140,,N16000100,140,"ASSAM GAS CRACKER PROJECT - BCPL,Assam",,,PETROLEUM,2010-08,2006-04,,5460.61,,5460.61,,,954.64,2012-04,,2012-04,,,,0,0,,,,fr_Aug_2010.pdf,Sector-Wise analysis of projects,35,140
FR_201008_141,,N16000106,141,"Assam gas Cracker project - BCPL,Assam",,,PETROLEUM,2010-08,2006-04,,5460.61,,5460.61,,,,2012-04,,2012-04,,,,0,0,,,,fr_Aug_2010.pdf,Sector-Wise analysis of projects,35,141
FR_201008_142,,N16000030,142,"CONSTRUCTION OF NEW PROCESS COMPLEX MHN - ONGC,Maharashtra",,,PETROLEUM,2010-08,2007-01,,2853.29,,6326.4,,,1018.44,2010-05,,2012-05,,,,0,0,,,,fr_Aug_2010.pdf,Sector-Wise analysis of projects,35,142
FR_201008_143,,N16000032,143,"DEVELOPMENT OF B-22 CLUSTER FIELDS - ONGC,Maharashtra",,,PETROLEUM,2010-08,2007-01,,1552.63,2920.82,2920.82,,,88.82,2009-02,2010-09,2012-05,,,,0,0,,,,fr_Aug_2010.pdf,Sector-Wise analysis of projects,35,143
FR_201008_144,,N16000046,144,"DEVELOPMENT OF B-46 CLUSTER FIELD - ONGC,Maharashtra",,,PETROLEUM,2010-08,2007-06,,1436.21,,1436.21,,,,2010-07,,2012-05,,,,0,0,,,,fr_Aug_2010.pdf,Sector-Wise analysis of projects,35,144
FR_201008_145,,N16000033,145,"DEVELOPMENT OF B-193 CLUSTER FIELDS - ONGC,Maharashtra",,,PETROLEUM,2010-08,2007-06,,3248.78,5633.44,5633.44,,,26.94,2010-03,2010-08,2012-06,,,,0,0,,,,fr_Aug_2010.pdf,Sector-Wise analysis of projects,35,145
FR_201008_146,,N16000065,146,"ADDITIONAL GAS PROCESSING FACILITI AT HAZIRA - ONGC,Gujarat",,,PETROLEUM,2010-08,2008-02,,370.11,,370.11,,,8.53,2011-04,,2012-07,,,,0,0,,,,fr_Aug_2010.pdf,Sector-Wise analysis of projects,35,146
FR_201008_147,,N16000098,147,"Up-gradation of Konaban GGS and Pipeline Grid Project - ONGC,Tripura",,,PETROLEUM,2010-08,2008-07,,288.04,288.04,288.04,,,,2012-08,,2012-08,,,,0,0,,,,fr_Aug_2010.pdf,Sector-Wise analysis of projects,35,147
FR_201008_148,,N16000060,148,"MUMBAI HIGH NORTH DEVELOPMENT PHASE-II - ONGC,Maharashtra",,,PETROLEUM,2010-08,2009-01,,6855.93,,6855.93,,,632.36,2012-09,,2012-09,,,,0,0,,,,fr_Aug_2010.pdf,Sector-Wise analysis of projects,35,148
FR_201008_149,,N16000088,149,"Paradip-Raipur-Sambalpur Ranchi Pipeline - IOCL,Maharashtra",,,PETROLEUM,2010-08,2009-08,,1793.0,,1793.0,,,9.39,2012-09,,2012-09,,,,0,0,,,,fr_Aug_2010.pdf,Sector-Wise analysis of projects,35,149
FR_201008_150,,N16000099,150,"Construction of six Effluent Treatment Plants (ETP) - ONGC,Gujarat",ETP,,PETROLEUM,2010-08,2009-03,,234.78,234.78,234.78,,,,2012-09,,2012-09,,,,0,0,,,,fr_Aug_2010.pdf,Sector-Wise analysis of projects,35,150
FR_201008_151,,N16000058,151,"PARADIP REFINERY PROJECT - IOCL,Orissa",,,PETROLEUM,2010-08,2009-02,,29777.0,,29777.0,,,4005.01,,,2012-11,,,,0,82,,,,fr_Aug_2010.pdf,Sector-Wise analysis of projects,35,151
FR_201008_152,,N16000071,152,"KOCHI-KANJIRKOD BANGALORE- MANGALORE PIPELINE PROJECT PHASE-I - GAIL,Uttar Pradesh",,,PETROLEUM,2010-08,2009-06,,3032.0,348.0,348.0,,,6.55,,,2012-12,,,,6,12,,,,fr_Aug_2010.pdf,Sector-Wise analysis of projects,35,152
FR_201008_153,,N16000073,153,"DHABOL-BANGALORE PIPELINE PROJECT PHASE-I - GAIL,Multi State",,,PETROLEUM,2010-08,2009-06,,4543.43,4508.38,4508.38,,,7.2,,,2012-12,,,,11,10,,,,fr_Aug_2010.pdf,Sector-Wise analysis of projects,35,153
FR_201008_154,,N16000089,154,"De-bottlenecking of SMPL - IOCL,Maharashtra",,,PETROLEUM,2010-08,2009-12,,1584.0,33.0,1584.0,,,1.55,,,2012-12,,,,0,0,,,,fr_Aug_2010.pdf,Sector-Wise analysis of projects,35,154
FR_201008_155,,N16000064,155,"ADDITIONAL GAS PROCESSING UNITS AT URAN - ONGC,Maharashtra",,,PETROLEUM,2010-08,2008-10,,1797.35,,1797.35,,,9.78,2011-12,,2013-01,,,,0,0,,,,fr_Aug_2010.pdf,Sector-Wise analysis of projects,36,155
FR_201008_156,,N16000039,156,"MUMBAI HIGH SOUTH REDEVELOPMENT PH-2 - ONGC,Maharashtra",,,PETROLEUM,2010-08,2007-06,,1252.75,8813.41,8813.41,,,4858.5,2009-06,2013-03,2013-03,,,,0,0,,,,fr_Aug_2010.pdf,Sector-Wise analysis of projects,36,156
FR_201008_157,,N16000061,157,"ASSAM RENEWAL PROJECT FOR GROUP A - ONGC,Assam",,,PETROLEUM,2010-08,2009-03,,2465.15,,2378.86,,,211.94,2013-03,,2013-03,,,,0,0,,,,fr_Aug_2010.pdf,Sector-Wise analysis of projects,36,157
FR_201008_158,,N16000103,158,"Construction of one Multipurpose Support Vessel - ONGC,Multi State",,,PETROLEUM,2010-08,2010-01,,723.64,,723.64,,,,2013-03,,2013-03,,,,0,0,,,,fr_Aug_2010.pdf,Sector-Wise analysis of projects,36,158
FR_201008_159,,N16000104,159,"Development of Cluster-7 Fields - ONGC,Multi State",,,PETROLEUM,2010-08,2010-03,,3241.03,,3241.03,,,,2013-03,,2013-03,,,,0,0,,,,fr_Aug_2010.pdf,Sector-Wise analysis of projects,36,159
FR_201008_160,,N16000105,160,"Development of WO-16 Cluster Fields - ONGC,Multi State",,,PETROLEUM,2010-08,2010-06,,2523.0,,2523.0,,,,2014-01,,2014-01,,,,0,0,,,,fr_Aug_2010.pdf,Sector-Wise analysis of projects,36,160
FR_201008_161,,N16000101,161,"Wax Project - NRL,Assam",,,PETROLEUM,2010-08,2010-08,,576.6,,576.6,,,6.48,2014-02,,2014-02,,,,0,0,,,,fr_Aug_2010.pdf,Sector-Wise analysis of projects,36,161
FR_201008_162,,160100292,162,"PANIPAT NAPHTA CRACKER PROJECT - IOCL,Haryana",,,PETROLEUM,2010-08,2006-04,,14439.0,,15292.0,,,12054.37,2009-11,2009-11,,,,,61,101,,,,fr_Aug_2010.pdf,Sector-Wise analysis of projects,36,162
FR_201008_163,,N16000028,163,"CAPACITY EXPANSION AND MODERNISATION OF KOCHI REFINERY - BPCL,Kerala",,,PETROLEUM,2010-08,2006-04,,2591.8,,3941.41,,,1793.0,2009-09,,,,,,0,0,,,,fr_Aug_2010.pdf,Sector-Wise analysis of projects,36,163
FR_201008_164,,N16000034,164,"INST. OF FCC GASOLINE DESULPHUN UNIT AT MATHURA RE - IOCL,Uttar Pradesh",,,PETROLEUM,2010-08,2008-01,,348.0,,348.0,,,186.58,2009-12,,,,,,0,0,,,,fr_Aug_2010.pdf,Sector-Wise analysis of projects,36,164
FR_201008_165,,N16000035,165,"MSQ UPGRADATION PROJECT AT PANIPAT REFINERY - IOCL,Haryana Total",,,PETROLEUM,2010-08,2008-01,,1131.0,171218.11,1131.0,,,750.71,2009-12,,,,,,0,0,,,,fr_Aug_2010.pdf,Sector-Wise analysis of projects,36,165
FR_201008_166,,180100165,166,"TUIRIAL HE PROJECT(NEEPCO) - NEEPCO,Mizoram",NEEPCO,,POWER,2010-08,1998-07,,368.72,877.06,913.63,,,216.34,2006-07,,2010-03,,,,2,5,,,,fr_Aug_2010.pdf,Sector-Wise analysis of projects,36,166
FR_201008_167,,180100246,167,"KAIGA 3&4 TRANSMISSION SYSTEM (PGCIL) - PGCIL,Karnataka",PGCIL,,POWER,2010-08,2005-03,,596.45,1007.16,947.96,,,770.22,2007-12,,2010-06,,,,14,18,,,,fr_Aug_2010.pdf,Sector-Wise analysis of projects,36,167
FR_201008_168,,180100220,168,"SEWA- II H.E.P (NHPC) - NHPC,J & K",NHPC,,POWER,2010-08,2003-09,,665.46,,1016.74,,,982.76,2007-09,,2010-07,,,,8,36,,,,fr_Aug_2010.pdf,Sector-Wise analysis of projects,36,168
FR_201008_169,,N18000039,169,"NORTHERN REGION SYSTEM STRENGHTENING SCHEME-XII - PGCIL,Haryana",,,POWER,2010-08,2008-02,,261.55,,261.55,,,137.3,2010-11,,2010-08,,,,0,0,,,,fr_Aug_2010.pdf,Sector-Wise analysis of projects,36,169
FR_201008_170,,N18000034,170,"NORTHERN REGION SYSTEM STRENGTHENING-XI - PGCIL,Multi State",,,POWER,2010-08,2007-12,,417.76,,417.76,,,259.72,2010-12,,2010-09,,,,0,0,,,,fr_Aug_2010.pdf,Sector-Wise analysis of projects,36,170
FR_201008_171,,N18000036,171,"NORTHERN REGION SYSTEM STRENGTHENING SCHEME-X - PGCIL,Uttar Pradesh",,,POWER,2010-08,2007-12,,408.36,,408.36,,,289.85,2010-12,,2010-09,,,,0,0,,,,fr_Aug_2010.pdf,Sector-Wise analysis of projects,36,171
FR_201008_172,,N18000040,172,"EST. OF 400/220 KV GIS POOLING STATION NEAR CHAMER - NHPC,Himachal Pr.",,,POWER,2010-08,2007-09,,262.1,,262.1,,,138.49,2010-09,,2010-09,,,,0,0,,,,fr_Aug_2010.pdf,Sector-Wise analysis of projects,36,172
FR_201008_173,,N18000055,173,"NORTHERN REGION SYSTEM STRENGHTENING SCHEME-IX - PGCIL,Multi State",,,POWER,2010-08,2008-07,,525.14,34.0,525.14,,,341.01,2011-07,,2010-09,,,,0,0,,,,fr_Aug_2010.pdf,Sector-Wise analysis of projects,36,173
FR_201008_174,,N18000011,174,"KORBA STPP STAGE-III - NTPC,Madhya pradesh",,,POWER,2010-08,2006-08,,2448.5,,2448.49,,,2048.0,2010-02,,2010-10,,,,5,24,,,,fr_Aug_2010.pdf,Sector-Wise analysis of projects,37,174
FR_201008_175,,N18000013,175,"National Capital Thermal Power Project Stage-II - NTPC,Uttar Pradesh",,,POWER,2010-08,2006-10,,5135.33,,5135.33,,,4062.0,2010-10,,2010-10,,,,11,40,,,,fr_Aug_2010.pdf,Sector-Wise analysis of projects,37,175
FR_201008_176,,N18000033,176,"EASTERN REGION STRENGTHENING SCHEME-II - NHPC,Multi State",,,POWER,2010-08,2007-12,,227.52,,227.52,,,115.3,2010-06,,2010-10,,,,0,0,,,,fr_Aug_2010.pdf,Sector-Wise analysis of projects,37,176
FR_201008_177,,180100256,177,"KOTESWAR TRANSMISSION SYSTEM (PGCIL) - PGCIL,Uttaranchal",PGCIL,,POWER,2010-08,2006-06,,260.34,,241.27,,,150.88,2008-06,,2010-11,,,,8,20,,,,fr_Aug_2010.pdf,Sector-Wise analysis of projects,37,177
FR_201008_178,,N18000038,178,"WESTERN REGION STREGTHENING SCHEME-VI - PGCIL,Gujarat",,,POWER,2010-08,2008-02,,340.72,,340.72,,,144.13,2010-11,,2010-11,,,,0,0,,,,fr_Aug_2010.pdf,Sector-Wise analysis of projects,37,178
FR_201008_179,,180100184,179,"KOTESHWAR HEP(THDC) - THDCL,Uttaranchal",THDC,,POWER,2010-08,2000-04,,1301.56,,2398.39,,,1978.54,2005-04,,2010-12,,,,2,22,,,,fr_Aug_2010.pdf,Sector-Wise analysis of projects,37,179
FR_201008_180,,180100241,180,"CHAMERA,STAGE-III (NHPC) - NHPC,Himachal Pr.",NHPC,,POWER,2010-08,2005-08,,1405.63,,1405.63,,,1258.91,2010-08,,2010-12,,,,0,0,,,,fr_Aug_2010.pdf,Sector-Wise analysis of projects,37,180
FR_201008_181,,180100260,181,"TRANSMISSION SY. ASSOCIATED WITH BARH GENER. PROJECT(P.GR.) - PGCIL,Bihar",P.GR.,,POWER,2010-08,2005-12,,3779.46,,3725.13,,,3407.04,2009-09,,2010-12,,,,15,30,,,,fr_Aug_2010.pdf,Sector-Wise analysis of projects,37,181
FR_201008_182,,260100100,182,"EAST-WEST TRANSNISSION CORRIDOR STRENGTHNING SCHEME - PGCIL,Multi State",,,POWER,2010-08,2006-06,,803.7,,803.76,,,611.43,2009-06,,2010-12,,,,1,20,,,,fr_Aug_2010.pdf,Sector-Wise analysis of projects,37,182
FR_201008_183,,N18000004,183,"EASTERN REGION STRENGTHENING SCHEME-I - PGCIL,Uttar Pradesh",,,POWER,2010-08,2006-10,,975.96,,894.26,,,614.89,2009-10,,2010-12,,,,2,20,,,,fr_Aug_2010.pdf,Sector-Wise analysis of projects,37,183
FR_201008_184,,N18000006,184,"NIMOO BAZGO HYDROELECTRIC PROJECT - NHPC,J & K",,,POWER,2010-08,2006-08,,611.01,,611.02,,,493.74,2010-08,,2010-12,,,,0,0,,,,fr_Aug_2010.pdf,Sector-Wise analysis of projects,37,184
FR_201008_185,,N18000037,185,"TR. SYSTEM FOR STARTUP POWER TO DVC & MAITHON RB G - PGCIL,Haryana",,,POWER,2010-08,2008-04,,290.49,,290.49,,,291.8,2010-04,,2010-12,,,,0,0,,,,fr_Aug_2010.pdf,Sector-Wise analysis of projects,37,185
FR_201008_186,,N18000064,186,"TR. SYSTEM ASSOCIATED WITH CHAMERA III HEP - PGCIL,Multi State",,,POWER,2010-08,2008-04,,297.37,,297.37,,,193.75,2011-07,,2010-12,,,,0,0,,,,fr_Aug_2010.pdf,Sector-Wise analysis of projects,37,186
FR_201008_187,,N18000050,187,"WESTERN REGION STRENGHTENING SCHEME-IX - PGCIL,Multi State",,,POWER,2010-08,2008-04,,230.89,,230.89,,,35.85,2011-01,,2011-01,,,,0,0,,,,fr_Aug_2010.pdf,Sector-Wise analysis of projects,37,187
FR_201008_188,,180100251,188,"URI H.E.P STAGE -II (NHPC) - NHPC,J & K",NHPC,,POWER,2010-08,2005-08,,1729.29,,1724.79,,,1187.42,2009-11,,2011-02,,,,0,0,,,,fr_Aug_2010.pdf,Sector-Wise analysis of projects,37,188
FR_201008_189,,N18000007,189,"CHUTAK HYDRO-ELECTRIC PROJECT - NHPC,J & K",,,POWER,2010-08,2006-08,,621.26,,621.28,,,484.67,2011-02,,2011-02,,,,0,1,,,,fr_Aug_2010.pdf,Sector-Wise analysis of projects,37,189
FR_201008_190,,N18000016,190,"Farakka STPP Stage-III - NTPC,West Bengal",,,POWER,2010-08,2006-07,,2570.44,,2570.44,,,1743.0,2010-08,,2011-02,,,,13,26,,,,fr_Aug_2010.pdf,Sector-Wise analysis of projects,37,190
FR_201008_191,,180100258,191,"KUNADANKULAM-APP TRANS. SYSTEM (PGCIL) - PGCIL,Tamil Nadu",PGCIL,,POWER,2010-08,2005-05,,1779.29,,1946.85,,,1599.01,2008-11,,2011-03,,,,25,38,,,,fr_Aug_2010.pdf,Sector-Wise analysis of projects,37,191
FR_201008_192,,N18000022,192,"WESTERN REGION STRENGTHENING SCHEME-II - PGCIL,Rajasthan",,,POWER,2010-08,2006-07,,5221.23,,4978.56,,,2529.96,2010-07,,2011-03,,,,3,20,,,,fr_Aug_2010.pdf,Sector-Wise analysis of projects,37,192
FR_201008_193,,N18000035,193,"WESTERN REGION STRENGTHENING SCHEME-V - PGCIL,Maharashtra",,,POWER,2010-08,2007-12,,477.69,35.0,477.69,,,298.72,2010-09,,2011-03,,,,0,0,,,,fr_Aug_2010.pdf,Sector-Wise analysis of projects,37,193
FR_201008_194,,N18000023,194,"URI-II - PGCIL,J & K",,,POWER,2010-08,2006-10,,238.25,,238.25,,,190.12,,,2011-05,,,,0,0,,,,fr_Aug_2010.pdf,Sector-Wise analysis of projects,38,194
FR_201008_195,,N18000032,195,"SIMHADRI STPP STAGE -II - NTPC,Andhra Pradesh",,,POWER,2010-08,2007-08,,5103.39,,5038.53,,,3206.0,2011-05,,2011-05,,,,0,0,,,,fr_Aug_2010.pdf,Sector-Wise analysis of projects,38,195
FR_201008_196,,180100250,196,"PARBATI H.E.P. STAGE -III (NHPC) - NHPC,Himachal Pr.",NHPC,,POWER,2010-08,2005-10,,2304.56,,2304.52,,,1110.27,2010-10,,2011-06,,,,0,0,,,,fr_Aug_2010.pdf,Sector-Wise analysis of projects,38,196
FR_201008_197,,N18000018,197,"TRANSMISSION SYSTEM ASSOCIATED WITH PARBATI-III HE - PGCIL,Himachal Pr.",,,POWER,2010-08,2006-07,,557.24,,639.52,,,356.95,2010-01,,2011-06,,,,0,22,,,,fr_Aug_2010.pdf,Sector-Wise analysis of projects,38,197
FR_201008_198,,N18000043,198,"TRANSMISSION SYSTEM ASSOCIATED WITH FARAKKA-III - PGCIL,Multi State",,,POWER,2010-08,2008-12,,204.07,,204.07,,,78.16,2011-06,,2011-06,,,,0,0,,,,fr_Aug_2010.pdf,Sector-Wise analysis of projects,38,198
FR_201008_199,,N18000059,199,"TR. SYSTEM ASSOCIATED WITH CORBA III GENERATION PR - PGCIL,Madhya pradesh",,,POWER,2010-08,2009-02,,276.61,,276.61,,,135.33,2011-06,,2011-06,,,,0,0,,,,fr_Aug_2010.pdf,Sector-Wise analysis of projects,38,199
FR_201008_200,,N18000067,200,"SYSTEM STRENGHTENING -XI IN SOUTHERN REGION - PGCIL,Multi State",,,POWER,2010-08,2009-03,,196.1,,196.1,,,20.6,2011-07,,2011-07,,,,0,0,,,,fr_Aug_2010.pdf,Sector-Wise analysis of projects,38,200
FR_201008_201,,N18000058,201,"NORTHERN REGION SYSTEM STRENGHTENING SCHEME-XVII - PGCIL,Rajasthan",,,POWER,2010-08,2009-02,,210.79,,210.79,,,88.85,2011-08,,2011-08,,,,0,0,,,,fr_Aug_2010.pdf,Sector-Wise analysis of projects,38,201
FR_201008_202,,N18000044,202,"SYSTEM STRENGHTENING IN NR GRID FOR KARCHAM WANGTO - PGCIL,Multi State",,,POWER,2010-08,2008-12,,328.97,,328.97,,,140.33,2011-09,,2011-09,,,,0,0,,,,fr_Aug_2010.pdf,Sector-Wise analysis of projects,38,202
FR_201008_203,,N18000052,203,"NORTHERN REGION SYSTEM STRENGHTENING SCHEME-XV - PGCIL,Multi State",,,POWER,2010-08,2009-02,,520.48,,520.48,,,188.26,2011-11,,2011-11,,,,0,0,,,,fr_Aug_2010.pdf,Sector-Wise analysis of projects,38,203
FR_201008_204,,N18000053,204,"NORTHERN REGION SYSTEM STRENGHTENING SCHEME-XVIII - PGCIL,Multi State",,,POWER,2010-08,2009-02,,509.66,,509.66,,,96.82,2011-11,,2011-11,,,,0,0,,,,fr_Aug_2010.pdf,Sector-Wise analysis of projects,38,204
FR_201008_205,,N18000054,205,"NORTHERN REGION SYSTEM STRENGHTENING SCHEME-XIII - PGCIL,Multi State",,,POWER,2010-08,2009-02,,317.69,,317.69,,,,2011-11,,2011-11,,,,0,0,,,,fr_Aug_2010.pdf,Sector-Wise analysis of projects,38,205
FR_201008_206,,N18000063,206,"TR. SYSTEM ASSOCIATED WITH RAMPUR HEP - PGCIL,Multi State",,,POWER,2010-08,2009-02,,184.19,,184.19,,,56.76,2011-11,,2011-11,,,,0,0,,,,fr_Aug_2010.pdf,Sector-Wise analysis of projects,38,206
FR_201008_207,,180100222,207,"TESSTA LOW DAM STAGE - II, III (NHPC) - NHPC,West Bengal",NHPC,,POWER,2010-08,2003-10,,768.92,,1279.4,,,1179.12,2007-03,,2011-12,,,,1,25,,,,fr_Aug_2010.pdf,Sector-Wise analysis of projects,38,207
FR_201008_208,,180100229,208,"SIPAT STPP STAGE - I (NTPC) - NTPC,Chhatisgarh",NTPC,,POWER,2010-08,2003-12,,8323.39,,8323.39,,,6952.0,2009-12,,2011-12,,,,33,56,,,,fr_Aug_2010.pdf,Sector-Wise analysis of projects,38,208
FR_201008_209,,N18000071,209,"TRIPURA GAS BASED POWER PROJECT - NEEPCO,Tripura",,,POWER,2010-08,2009-07,,421.01,,623.44,,,54.68,2012-01,,2012-01,,,,0,0,,,,fr_Aug_2010.pdf,Sector-Wise analysis of projects,38,209
FR_201008_210,,N18000049,210,"WESTERN REGION STRENGHTENING SCHEME-X - PGCIL,Multi State",,,POWER,2010-08,2009-02,,664.96,,664.96,,,65.13,2012-02,,2012-02,,,,0,0,,,,fr_Aug_2010.pdf,Sector-Wise analysis of projects,38,210
FR_201008_211,,N18000051,211,"WESTERN REGION SYSTEM STRENGHTENING SCHEME-XI - PGCIL,Multi State",,,POWER,2010-08,2009-02,,409.5,,409.5,,,4.51,2012-02,,2012-02,,,,0,0,,,,fr_Aug_2010.pdf,Sector-Wise analysis of projects,38,211
FR_201008_212,,N18000056,212,"NORTHERN REGION SYSTEM STRENGHTENING SCHEME-XIX - PGCIL,Multi State",,,POWER,2010-08,2009-02,,410.29,36.0,410.29,,,81.86,2012-02,,2012-02,,,,0,0,,,,fr_Aug_2010.pdf,Sector-Wise analysis of projects,38,212
FR_201008_213,,N18000062,213,"TR. SYSTEM ASSOCIATED WITH TUTICORIN JV TPS - PGCIL,Multi State",,,POWER,2010-08,2009-02,,353.57,,353.57,,,128.52,2010-07,,2012-02,,,,0,0,,,,fr_Aug_2010.pdf,Sector-Wise analysis of projects,39,213
FR_201008_214,,N18000068,214,"765 KV SYSTEM FOR CENTRAL PART OF NORTHERN GRID PA - PGCIL,Multi State",,,POWER,2010-08,2009-02,,1347.32,,1347.32,,,388.91,2012-02,,2012-02,,,,0,0,,,,fr_Aug_2010.pdf,Sector-Wise analysis of projects,39,214
FR_201008_215,,180100211,215,"KOLDAM HEP (NTPC) - NTPC,Himachal Pr.",NTPC,,POWER,2010-08,2002-10,,4527.15,,4527.15,,,3285.0,2009-04,,2012-03,,,,19,41,,,,fr_Aug_2010.pdf,Sector-Wise analysis of projects,39,215
FR_201008_216,,N18000024,216,"RAMPUR HEP(412 MW) - SJVNL,Himachal Pr.",412 MW,,POWER,2010-08,2007-01,,2047.03,,2047.03,,,931.64,2012-01,,2012-03,,,,2,10,,,,fr_Aug_2010.pdf,Sector-Wise analysis of projects,39,216
FR_201008_217,,N18000041,217,"BONGAIGAON THERMAL POWER PROJECT - NTPC,Assam",,,POWER,2010-08,2008-01,,4375.35,,4375.35,,,1327.0,2011-07,,2012-03,,,,0,0,,,,fr_Aug_2010.pdf,Sector-Wise analysis of projects,39,217
FR_201008_218,,N18000086,218,"System Strengthening -X of SR - PGCIL,Multi State",,,POWER,2010-08,2009-12,,276.61,,276.61,,,14.63,2012-04,,2012-04,,,,0,0,,,,fr_Aug_2010.pdf,Sector-Wise analysis of projects,39,218
FR_201008_219,,N18000079,219,"765KV System for central part of Northern Region Grid - PGCIL,Multi State",,,POWER,2010-08,2009-11,,1075.12,,1075.12,,,85.48,2012-05,,2012-05,,,,0,0,,,,fr_Aug_2010.pdf,Sector-Wise analysis of projects,39,219
FR_201008_220,,N18000078,220,"765KV System for Central part of Northern Region G - PGCIL,Multi State",,,POWER,2010-08,2009-07,,1736.36,,1736.36,,,,2012-06,,2012-06,,,,0,0,,,,fr_Aug_2010.pdf,Sector-Wise analysis of projects,39,220
FR_201008_221,,N18000082,221,"Immsdiate evacuation system for NABINAGAR TPS - PGCIL,Bihar",,,POWER,2010-08,2010-02,,215.86,,215.86,,,10.12,2012-06,,2012-06,,,,0,0,,,,fr_Aug_2010.pdf,Sector-Wise analysis of projects,39,221
FR_201008_222,,N18000085,222,"System Strengthening -XII of SR - PGCIL,Multi State",,,POWER,2010-08,2010-02,,232.34,,232.34,,,4.56,2012-06,,2012-06,,,,0,0,,,,fr_Aug_2010.pdf,Sector-Wise analysis of projects,39,222
FR_201008_223,,180100243,223,"TEESTA LOW DAM HEP, STAGE-IV (NHPC) - NHPC,West Bengal",NHPC,,POWER,2010-08,2005-09,,1061.38,,1061.38,,,777.87,2009-09,,2012-08,,,,0,0,,,,fr_Aug_2010.pdf,Sector-Wise analysis of projects,39,223
FR_201008_224,,N18000045,224,"PARE HYDRO ELECTRIC PROJECT(110 MW) - NEEPCO,Arunachal Pr.",110 MW,,POWER,2010-08,2008-12,,573.99,,573.99,,,108.37,2012-08,,2012-08,,,,4,21,,,,fr_Aug_2010.pdf,Sector-Wise analysis of projects,39,224
FR_201008_225,,N18000065,225,"SUPPLIMENTARY TRANSMISSION ASSOCIATED WITH DVC AND - PGCIL,Multi State",,,POWER,2010-08,2008-08,,2360.95,,2360.95,,,1225.46,2012-08,,2012-08,,,,0,0,,,,fr_Aug_2010.pdf,Sector-Wise analysis of projects,39,225
FR_201008_226,,N18000069,226,"765 KV POOLING STATION & NETWORK WITH DVC AND MAIT - PGCIL,Multi State",,,POWER,2010-08,2008-08,,7075.33,,7075.33,,,2355.09,2012-08,,2012-08,,,,0,0,,,,fr_Aug_2010.pdf,Sector-Wise analysis of projects,39,226
FR_201008_227,,N18000081,227,"System Strengthening in NR for SASAN & MUNDRA (UMPP) - PGCIL,Multi State",UMPP,,POWER,2010-08,2009-12,,1216.83,,1216.83,,,88.45,2012-08,,2012-08,,,,0,0,,,,fr_Aug_2010.pdf,Sector-Wise analysis of projects,39,227
FR_201008_228,,N18000048,228,"MOUDA STPP - NTPC,Maharashtra",,,POWER,2010-08,2007-11,,5459.28,,6010.89,,,1378.0,2012-02,,2012-10,,,,0,0,,,,fr_Aug_2010.pdf,Sector-Wise analysis of projects,39,228
FR_201008_229,,N18000061,229,"TR. SYSTEM ASSOCIATED WITH MUNDRA ULTRA MEGA POWER - PGCIL,Multi State",,,POWER,2010-08,2008-10,,4824.12,,4824.12,,,729.08,2012-10,,2012-10,,,,0,0,,,,fr_Aug_2010.pdf,Sector-Wise analysis of projects,39,229
FR_201008_230,,N18000084,230,"MAUDA Transmission System - PGCIL,Maharashtra",,,POWER,2010-08,2010-02,,469.38,,469.38,,,9.84,2012-10,,2012-10,,,,0,0,,,,fr_Aug_2010.pdf,Sector-Wise analysis of projects,39,230
FR_201008_231,,N18000076,231,"Transmission System of Vindhuachal -IV & Rihand -I - PGCIL,Multi State",,,POWER,2010-08,2010-03,,4672.99,,4672.99,,,11.89,2012-11,,2012-11,,,,0,0,,,,fr_Aug_2010.pdf,Sector-Wise analysis of projects,39,231
FR_201008_232,,N18000083,232,"Northern Region Transmission Strengthening Scheme - PGCIL,Multi State",,,POWER,2010-08,2012-03,,965.58,37.0,965.58,,,64.68,2012-11,,2012-11,,,,0,0,,,,fr_Aug_2010.pdf,Sector-Wise analysis of projects,39,232
FR_201008_233,,180100221,233,"LOWER SUBANSIRI H.E.P (NHPC) - NHPC,Arunachal Pr.",NHPC,,POWER,2010-08,2003-09,,6285.33,,7451.99,,,4159.51,2010-09,,2012-12,,,,2,11,,,,fr_Aug_2010.pdf,Sector-Wise analysis of projects,40,233
FR_201008_234,,180100261,234,"TRANSMISSION SYSTEM ASSOCIATED WITH PARBATI = II HEP - PGCIL,Himachal Pr.",,,POWER,2010-08,2005-12,,358.42,,358.42,,,6.57,2008-12,2010-09,2012-12,,,,0,15,,,,fr_Aug_2010.pdf,Sector-Wise analysis of projects,40,234
FR_201008_235,,N18000005,235,"LOHARINAG-PAL HEP(4X150MW) - NTPC,Uttaranchal",4X150MW,,POWER,2010-08,2006-06,,2895.1,,2895.1,,,552.33,2011-11,,2012-12,,,,6,34,,,,fr_Aug_2010.pdf,Sector-Wise analysis of projects,40,235
FR_201008_236,,N18000046,236,"TRANSMISSION SYSTEM ASSOCIATED WITH SASAN ULTRA ME - PGCIL,Multi State",,,POWER,2010-08,2008-12,,7031.88,,7031.88,,,1185.43,2012-12,,2012-12,,,,0,0,,,,fr_Aug_2010.pdf,Sector-Wise analysis of projects,40,236
FR_201008_237,,N18000072,237,"VINDHYACHAL STTP STAGE-IV - NTPC,Madhya pradesh",,,POWER,2010-08,2009-01,,5915.0,,5915.0,,,978.0,2012-11,,2012-12,,,,0,0,,,,fr_Aug_2010.pdf,Sector-Wise analysis of projects,40,237
FR_201008_238,,N18000073,238,"RIHAND STTP STAGE-III (2X500MW) - NTPC,Uttar Pradesh",2X500MW,,POWER,2010-08,2009-01,,6230.81,,6230.81,,,817.0,2012-11,,2012-12,,,,0,0,,,,fr_Aug_2010.pdf,Sector-Wise analysis of projects,40,238
FR_201008_239,,N18000080,239,"Trans. System associated with PALLATANA GBPP & BPT - PGCIL,Multi State",,,POWER,2010-08,2010-02,,2144.0,,2144.0,,,64.15,2012-12,,2012-12,,,,0,0,,,,fr_Aug_2010.pdf,Sector-Wise analysis of projects,40,239
FR_201008_240,,180100210,240,"PARBATI HEP (NHPC) II - NHPC,Himachal Pr.",NHPC,,POWER,2010-08,2002-09,,3919.59,,3919.59,,,2877.68,2009-09,,2013-03,,,,1,20,,,,fr_Aug_2010.pdf,Sector-Wise analysis of projects,40,240
FR_201008_241,,N18000014,241,"Tapovan-Vishnugad HEP (4x130MW) - NTPC,Uttaranchal",4x130MW,,POWER,2010-08,2006-11,,2978.48,,2978.48,,,894.0,2013-03,,2013-03,,,,5,31,,,,fr_Aug_2010.pdf,Sector-Wise analysis of projects,40,241
FR_201008_242,,180100239,242,"KAMENG HYDROELECTRIC PROJECT (NEEPCO) - NEEPCO,Arunachal Pr.",NEEPCO,,POWER,2010-08,2004-12,,2496.9,,3253.22,,,1217.03,2013-05,,2013-05,,,,77,54,,,,fr_Aug_2010.pdf,Sector-Wise analysis of projects,40,242
FR_201008_243,,N18000047,243,"BARH STPP STAGE -II - NTPC,Bihar",,,POWER,2010-08,2008-02,,7341.04,,7341.04,,,1074.0,2013-08,,2013-08,,,,0,0,,,,fr_Aug_2010.pdf,Sector-Wise analysis of projects,40,243
FR_201008_244,,N18000066,244,"NORTH- EAST NORTH WESTERN INTERCONNECTOR I PROJECT - PGCIL,Multi State",,,POWER,2010-08,2009-02,,11130.19,,11130.19,,,1288.66,2013-08,,2013-08,,,,0,0,,,,fr_Aug_2010.pdf,Sector-Wise analysis of projects,40,244
FR_201008_245,,180100242,245,"BARH STPP(3X660MW) NTPC - NTPC,Bihar",3X660MW,,POWER,2010-08,2003-12,,8692.97,,8692.97,,,4963.0,2010-11,,2014-04,,,,15,51,,,,fr_Aug_2010.pdf,Sector-Wise analysis of projects,40,245
FR_201008_246,,N18000077,246,"Transm System for development of Pooling stn. in N - PGCIL,West Bengal",,,POWER,2010-08,2010-04,,4404.57,,4404.57,,,,2015-01,,2015-01,,,,0,0,,,,fr_Aug_2010.pdf,Sector-Wise analysis of projects,40,246
FR_201008_247,,N18000010,247,"TEHRI PUMPED STORAGE PLANT(1000MW) - THDCL,Uttaranchal",1000MW,,POWER,2010-08,2006-07,,1657.0,,3124.76,,,248.92,2010-07,,2015-03,,,,0,0,,,,fr_Aug_2010.pdf,Sector-Wise analysis of projects,40,247
FR_201008_248,,N18000042,248,"VISHNUGAD PIPALKOTI HYDRO ELECTRIC PROJECT - THDCL,Uttaranchal",,,POWER,2010-08,2008-08,,2491.58,,2491.58,,,120.01,2014-07,,2015-03,,,,0,8,,,,fr_Aug_2010.pdf,Sector-Wise analysis of projects,40,248
FR_201008_249,,N18000031,249,"KISHANGANGA HEP - NHPC,J & K",,,POWER,2010-08,2007-07,,2238.67,,3642.04,,,334.63,2014-07,,2016-01,,,,0,0,,,,fr_Aug_2010.pdf,Sector-Wise analysis of projects,40,249
FR_201008_250,,180100078,250,"LOKTAK D/S HEP(NHPC) - NHPC,Manipur Total Health & Family Welfare",NHPC,,POWER,2010-08,1999-12,,578.62,179619.98,578.62,,,28.33,2006-06,,,,,,0,0,,,,fr_Aug_2010.pdf,Sector-Wise analysis of projects,40,250
FR_201008_251,,210100001,251,"NORTH EAST INDIRA GANDHI INST- ITUTE OF HEALTH & MS - H&FW,Meghalaya Total",,,POWER,2010-08,1986-05,,71.18,422.6,443.15,,,477.33,1999-03,2005-03,,,,,7,16,,,,fr_Aug_2010.pdf,Sector-Wise analysis of projects,40,251
FR_201008_252,,220100312,252,"RAJGIR-TILAIYA (NL), ECR - ECR,Bihar",NL,,RAILWAYS,2010-08,2001-04,,180.82,180.82,180.82,,,264.46,2006-03,,2010-01,,,,0,0,,,,fr_Aug_2010.pdf,Sector-Wise analysis of projects,41,252
FR_201008_253,,220100116,253,"RAJKOT-VERAVAL & WANSJALIYA- JETALSAR GC(WR) - WR,Gujarat",WR,,RAILWAYS,2010-08,1992-04,,112.53,320.66,464.5,,,501.12,1996-03,2009-06,2010-06,,,,0,0,,,,fr_Aug_2010.pdf,Sector-Wise analysis of projects,41,253
FR_201008_254,,N22000048,254,"VALLAPARPADM- IDAPALLY,(NL)(RVNL) - RVNL,Kerala",RVNL,,RAILWAYS,2010-08,2006-07,,246.5,246.5,246.5,,,322.52,2009-03,2009-03,2009-11,,,,0,0,,,,fr_Aug_2010.pdf,Sector-Wise analysis of projects,41,254
FR_201008_255,,220100244,255,"TAHANJAVUR-VILLUPURAM GAUGE CONVERSION (G.C)(SR) - RVNL,Tamil Nadu",SR,,RAILWAYS,2010-08,2001-10,,223.0,,665.0,,,586.85,2008-11,,2010-03,,,,0,0,,,,fr_Aug_2010.pdf,Sector-Wise analysis of projects,41,255
FR_201008_256,,220100282,256,"DHARMAVARAM-PAKALA (GC), SCR - SCR,Andhra Pradesh",GC,,RAILWAYS,2010-08,1997-04,,200.0,294.99,610.07,,,567.49,2009-02,,2010-03,,,,0,0,,,,fr_Aug_2010.pdf,Sector-Wise analysis of projects,41,256
FR_201008_257,,220100291,257,"BHILDI-SAMDARI (GC) - RVNL,Gujarat",GC,,RAILWAYS,2010-08,1999-04,,244.74,479.0,479.0,,,475.51,2009-03,,2010-03,,,,0,0,,,,fr_Aug_2010.pdf,Sector-Wise analysis of projects,41,257
FR_201008_258,,220100322,258,"PRATAPNAGAR-CHOTA UDAIPUR (GC) (WR) - WR,Gujarat",WR,,RAILWAYS,2010-08,2005-04,,148.61,,227.52,,,236.0,2008-03,2009-03,2010-03,,,,0,0,,,,fr_Aug_2010.pdf,Sector-Wise analysis of projects,41,258
FR_201008_259,,N22000049,259,"OBULAVARIPALLE- KRISHNAPATNAM(RVNL) - RVNL,Andhra Pradesh",RVNL,,RAILWAYS,2010-08,2006-07,,743.0,732.8,732.8,,,226.85,2008-03,2008-06,2010-03,,,,0,0,,,,fr_Aug_2010.pdf,Sector-Wise analysis of projects,41,259
FR_201008_260,,220100260,260,"REINGUNTA-GUNTAKAL(RE) - RVNL,Andhra Pradesh",RE,,RAILWAYS,2010-08,2000-06,,168.34,,296.2,,,259.66,2003-04,2010-03,2010-06,,,,0,0,,,,fr_Aug_2010.pdf,Sector-Wise analysis of projects,41,260
FR_201008_261,,N22000055,261,"ABOHAR- FAZILKA - NL,Punjab",,,RAILWAYS,2010-08,2001-09,,86.44,,209.57,,,199.51,2009-03,,2010-07,,,,0,0,,,,fr_Aug_2010.pdf,Sector-Wise analysis of projects,41,261
FR_201008_262,,220100212,262,"KOTTUR-HARIHAR(NL),(SWR) - SWR,Karnataka",SWR,,RAILWAYS,2010-08,1995-04,,65.94,,325.0,,,304.76,,,2010-09,,,,0,0,,,,fr_Aug_2010.pdf,Sector-Wise analysis of projects,41,262
FR_201008_263,,220100268,263,"TOLLYGANJ-GARIA(MTP) - MRTP,West Bengal",MTP,,RAILWAYS,2010-08,2000-03,,907.69,,1032.76,,,837.97,2006-12,,2010-09,,,,0,0,,,,fr_Aug_2010.pdf,Sector-Wise analysis of projects,41,263
FR_201008_264,,220100264,264,"DEOGHAR-DUMKA NEW BG LINE (DOUBL.)(ER) - ER,Jharkhandd",ER,,RAILWAYS,2010-08,1999-02,,180.73,,358.0,,,321.56,2006-12,2008-12,2010-11,,,,0,0,,,,fr_Aug_2010.pdf,Sector-Wise analysis of projects,41,264
FR_201008_265,,220100325,265,"SUKINDA ROAD - ANGUL (NL)(ECOR) - RVNL,Orissa",ECOR,,RAILWAYS,2010-08,1998-04,,183.23,,638.0,,,24.68,2015-02,,2010-11,,,,0,0,,,,fr_Aug_2010.pdf,Sector-Wise analysis of projects,41,265
FR_201008_266,,220100164,266,"BELAPUR-SEAWOOD-URAN ELECTRIF-IED DOUBLE LINE(MTP)- PH-I - MRTP,Maharashtra",MTP,,RAILWAYS,2010-08,1996-03,,401.81,,495.44,,,155.05,2004-03,,2010-12,,,,0,0,,,,fr_Aug_2010.pdf,Sector-Wise analysis of projects,41,266
FR_201008_267,,220100247,267,"KATIHAR - JOGBANI (GC)(NEFR) - NEFR,Multi State",NEFR,,RAILWAYS,2010-08,2001-09,,100.0,492.98,724.31,,,690.13,,,2010-12,,,,0,0,,,,fr_Aug_2010.pdf,Sector-Wise analysis of projects,41,267
FR_201008_268,,220100272,268,"TARAKESWAR - BISHNUPUR NEW BG LINE (NL), ER - ER,West Bengal",NL,,RAILWAYS,2010-08,2000-04,,157.96,,762.33,,,279.72,2009-12,,2010-12,,,,0,0,,,,fr_Aug_2010.pdf,Sector-Wise analysis of projects,41,268
FR_201008_269,,220100286,269,"RAJATGARH-BARANG(LD),ECOR - RVNL,Orissa",LD,,RAILWAYS,2010-08,1999-04,,166.16,,243.4,,,,2009-02,,2010-12,,,,0,0,,,,fr_Aug_2010.pdf,Sector-Wise analysis of projects,41,269
FR_201008_270,,220100327,270,"KHURDA ROAD - BARANG 3RD LINE (DL) (ECOR) - RVNL,Orissa",ECOR,,RAILWAYS,2010-08,2000-04,,133.41,207.0,211.9,,,151.69,2009-03,,2010-12,,,,0,0,,,,fr_Aug_2010.pdf,Sector-Wise analysis of projects,41,270
FR_201008_271,,220100329,271,"RAICHUR-GUNTAKAL(DL)(SCR) - RVNL,Andhra Pradesh",SCR,,RAILWAYS,2010-08,2003-04,,136.62,,221.9,,,122.28,2007-12,2010-03,2010-12,,,,0,0,,,,fr_Aug_2010.pdf,Sector-Wise analysis of projects,41,271
FR_201008_272,,N22000033,272,"AJMER-PHULERA-RINGUS-REWARI (G.C.)(NWR)(RVNL) - RVNL,Rajasthan",RVNL,,RAILWAYS,2010-08,2005-04,,352.0,716.64,718.3,,,616.44,2008-03,2008-08,2010-12,,,,0,0,,,,fr_Aug_2010.pdf,Sector-Wise analysis of projects,41,272
FR_201008_273,,N22000034,273,"ALIGARH-GAZIABAD 3RD LINE DOUBLING (RVNL) - RVNL,Uttar Pradesh",RVNL,,RAILWAYS,2010-08,2003-04,,230.73,399.73,399.5,,,267.17,2009-03,2008-12,2010-12,,,,0,0,,,,fr_Aug_2010.pdf,Sector-Wise analysis of projects,42,273
FR_201008_274,,N22000081,274,"BHARUCH-SAMNI-DAHEJ GAUGE CONVERSIN - RVNL,Gujarat",,,RAILWAYS,2010-08,2005-09,,200.8,200.8,200.8,,,166.53,,,2010-12,,,,0,0,,,,fr_Aug_2010.pdf,Sector-Wise analysis of projects,42,274
FR_201008_275,,N22000093,275,"MUMBAI URBAN TRANSPORT PROJECT PHASE-I - MRTP,Maharashtra",,,RAILWAYS,2010-08,2003-04,,3125.2,,4103.2,,,3840.09,,,2010-12,,,,0,1,,,,fr_Aug_2010.pdf,Sector-Wise analysis of projects,42,275
FR_201008_276,,220100190,276,"KADUR-CHIKMAGALUR- SAKLESHPUR (NL),(SWR) - SWR,Karnataka",SWR,,RAILWAYS,2010-08,1996-04,,157.0,,465.0,,,112.11,,,2011-02,,,,0,0,,,,fr_Aug_2010.pdf,Sector-Wise analysis of projects,42,276
FR_201008_277,,220100194,277,"MUZAFFARPUR-SITAMARHI(NL),ECR - ECR,Bihar",NL,,RAILWAYS,2010-08,1997-03,,100.0,,332.29,,,365.44,,,2011-02,,,,0,0,,,,fr_Aug_2010.pdf,Sector-Wise analysis of projects,42,277
FR_201008_278,,220100279,278,"REWARI-ROHTAK (NL),NR - (NR),Haryana",NR,,RAILWAYS,2010-08,2004-01,,149.38,330.23,475.16,,,397.92,2010-02,,2011-02,,,,0,0,,,,fr_Aug_2010.pdf,Sector-Wise analysis of projects,42,278
FR_201008_279,,220100328,279,"TALCHER-BIMALAGARH(NL)(ECOR) - ECR,Orissa",ECOR,,RAILWAYS,2010-08,2005-04,,726.96,,810.78,,,52.5,,,2011-02,,,,0,0,,,,fr_Aug_2010.pdf,Sector-Wise analysis of projects,42,279
FR_201008_280,,N22000056,280,"SHIMOGA-TALAGUPPA - GC,Karnataka",,,RAILWAYS,2010-08,1992-12,,46.0,,405.6,,,223.83,,,2011-02,,,,0,0,,,,fr_Aug_2010.pdf,Sector-Wise analysis of projects,42,280
FR_201008_281,,220100062,281,"VIRAMGAM-BHILDI(WR),GC - WR,Multi State",WR,,RAILWAYS,2010-08,1990-04,,155.66,,356.87,,,123.93,2010-03,,2011-03,,,,0,0,,,,fr_Aug_2010.pdf,Sector-Wise analysis of projects,42,281
FR_201008_282,,220100118,282,"AMRAVATI-NARKHER NL(CR) - CR,Maharashtra",CR,,RAILWAYS,2010-08,1994-06,,120.9,175.3,488.76,,,353.66,1999-06,,2011-03,,,,0,0,,,,fr_Aug_2010.pdf,Sector-Wise analysis of projects,42,282
FR_201008_283,,220100214,283,"RANCHI-LOHARDAGA(GC),SER - SER,Jharkhandd",GC,,RAILWAYS,2010-08,1997-04,,193.78,,456.45,,,247.29,2004-06,,2011-03,,,,0,0,,,,fr_Aug_2010.pdf,Sector-Wise analysis of projects,42,283
FR_201008_284,,220100232,284,"LALITPUR-SATNA-REWA-SINGRULI NL, (NCR) - NCR,Multi State",NCR,,RAILWAYS,2010-08,1998-09,,925.0,,925.0,,,471.3,2008-05,,2011-03,,,,0,0,,,,fr_Aug_2010.pdf,Sector-Wise analysis of projects,42,284
FR_201008_285,,220100243,285,"AGRA-ETAWAH VIA FATEBAD & BAD (NL),NCR - NCR,Uttar Pradesh",NL,,RAILWAYS,2010-08,1999-04,,108.0,,214.09,,,152.4,2009-12,,2011-03,,,,0,0,,,,fr_Aug_2010.pdf,Sector-Wise analysis of projects,42,285
FR_201008_286,,220100267,286,"GOOTY- RENIGUNTA PATCH DOUBLING PH-II (DL) (SCR) - SCR,Andhra Pradesh",SCR,,RAILWAYS,2010-08,2002-05,,304.5,,306.0,,,341.81,,,2011-03,,,,0,0,,,,fr_Aug_2010.pdf,Sector-Wise analysis of projects,42,286
FR_201008_287,,220100284,287,"KHURDA ROAD-BOLANGIR(NL)ECOR - ECR,Orissa",NL,,RAILWAYS,2010-08,1994-04,,355.38,,700.0,,,99.6,,,2011-03,,,,0,0,,,,fr_Aug_2010.pdf,Sector-Wise analysis of projects,42,287
FR_201008_288,,220100306,288,"KODERMA GIRIDH (NL), ECR - ECR,Jharkhandd",NL,,RAILWAYS,2010-08,1996-04,,371.36,,452.35,,,266.35,,,2011-03,,,,0,0,,,,fr_Aug_2010.pdf,Sector-Wise analysis of projects,42,288
FR_201008_289,,220100313,289,"SRIGANGANAGAR-SARUPSAR (GC), NWR - NWR,Rajasthan",GC,,RAILWAYS,2010-08,1997-04,,143.92,,168.8,,,70.43,,,2011-03,,,,0,0,,,,fr_Aug_2010.pdf,Sector-Wise analysis of projects,42,289
FR_201008_290,,220100319,290,"HATHUA-BHATNI (N L) (NER) - NER,Multi State",NER,,RAILWAYS,2010-08,2005-04,,200.73,,230.03,,,129.96,,,2011-03,,,,0,0,,,,fr_Aug_2010.pdf,Sector-Wise analysis of projects,42,290
FR_201008_291,,220100321,291,"BILASPUR-URKURA (DL) - RVNL,Chhatisgarh",DL,,RAILWAYS,2010-08,1997-04,,151.52,,273.0,,,263.51,2009-03,,2011-03,,,,0,0,,,,fr_Aug_2010.pdf,Sector-Wise analysis of projects,42,291
FR_201008_292,,N22000002,292,"MANSI-PURNIA (EXTENSION OF MANSI-SAHARSA) GAN - ECR,Bihar",EXTENSION OF MANSI-SAHARSA,,RAILWAYS,2010-08,1996-04,,114.01,283.95,348.78,,,317.07,,,2011-03,,,,0,0,,,,fr_Aug_2010.pdf,Sector-Wise analysis of projects,42,292
FR_201008_293,,N22000027,293,"PALWAL-BHUTESWAR 3RD LINE DOUBLING(NCR)(RVNL) - RVNL,Multi State",RVNL,,RAILWAYS,2010-08,2005-04,,240.0,329.7,329.7,,,264.84,2009-03,2009-12,2011-03,,,,0,0,,,,fr_Aug_2010.pdf,Sector-Wise analysis of projects,42,293
FR_201008_294,,N22000082,294,"ALUABARI ROAD SILIGURI JANCTION VIA GALGALIA - NEFR,Multi State",,,RAILWAYS,2010-08,2006-12,,170.0,255.96,272.11,,,183.84,,,2011-03,,,,0,0,,,,fr_Aug_2010.pdf,Sector-Wise analysis of projects,43,294
FR_201008_295,,N22000091,295,"BARDHAMAN-KATWA (GC) - GC,West Bengal",GC,,RAILWAYS,2010-08,2007-04,,245.15,,245.15,,,53.49,2010-12,,2011-03,,,,0,0,,,,fr_Aug_2010.pdf,Sector-Wise analysis of projects,43,295
FR_201008_296,,N22000094,296,"ELECTRIFICATION OF KHURJA- MEERUT-SAHARANPUR & G'BA - RE,Uttar Pradesh",,,RAILWAYS,2010-08,2008-02,,171.1,,171.1,,,43.83,2011-03,,2011-03,,,,0,0,,,,fr_Aug_2010.pdf,Sector-Wise analysis of projects,43,296
FR_201008_297,,N22000095,297,"ELECTRIFICATION OF MORADABAD- ROZA - RE,Uttar Pradesh",,,RAILWAYS,2010-08,2006-03,,258.35,,258.35,,,9.38,2011-03,,2011-03,,,,0,0,,,,fr_Aug_2010.pdf,Sector-Wise analysis of projects,43,297
FR_201008_298,,N22000096,298,"RAJPIPLA-ANKELASHWAR (GC) - GC,Gujarat",GC,,RAILWAYS,2010-08,2006-04,,196.97,,196.97,,,120.3,2011-03,,2011-03,,,,0,0,,,,fr_Aug_2010.pdf,Sector-Wise analysis of projects,43,298
FR_201008_299,,N22000076,299,"PANSPURA-KHARAGPUR 3D LINE - RVNL,West Bengal",,,RAILWAYS,2010-08,2007-09,,252.5,252.5,252.5,,,82.24,2010-02,,2011-11,,,,0,0,,,,fr_Aug_2010.pdf,Sector-Wise analysis of projects,43,299
FR_201008_300,,220100285,300,"HARIDASPUR-PARADEEP(NL) - RVNL,Orissa",NL,,RAILWAYS,2010-08,1996-04,,301.64,,735.1,,,175.76,2009-09,,2011-12,,,,0,0,,,,fr_Aug_2010.pdf,Sector-Wise analysis of projects,43,300
FR_201008_301,,220100240,301,"JAYANAGAR-DARBHANGA-NARKATIA GANJ(GC),ECR - ECR,Bihar",GC,,RAILWAYS,2010-08,1997-04,,233.0,335.77,727.52,,,470.54,,,2012-03,,,,0,0,,,,fr_Aug_2010.pdf,Sector-Wise analysis of projects,43,301
FR_201008_302,,220100304,302,"KOSI BRIDGE (NL), ECR - ECR,Bihar",NL,,RAILWAYS,2010-08,2002-04,,323.41,,341.41,,,180.12,,,2012-03,,,,0,0,,,,fr_Aug_2010.pdf,Sector-Wise analysis of projects,43,302
FR_201008_303,,N22000028,303,"EXT. OF MRTS FROM VELACHERY TO STN. THOMAS - MRTP,Tamil Nadu",,,RAILWAYS,2010-08,2006-04,,415.59,,495.74,,,80.1,,,2012-03,,,,0,0,,,,fr_Aug_2010.pdf,Sector-Wise analysis of projects,43,303
FR_201008_304,,N22000075,304,"SALKA ROAD -ANUPNAGAR LINE DOUBLING - RVNL,Chhatisgarh",,,RAILWAYS,2010-08,2006-09,,324.9,,324.9,,,103.73,2010-03,,2012-03,,,,0,0,,,,fr_Aug_2010.pdf,Sector-Wise analysis of projects,43,304
FR_201008_305,,N22000089,305,"SITAMARHI-RAXAUL-NARKATIAGANJ (GC) - GC,Bihar",GC,,RAILWAYS,2010-08,1997-04,,501.69,,501.69,,,45.9,2010-03,,2012-03,,,,0,0,,,,fr_Aug_2010.pdf,Sector-Wise analysis of projects,43,305
FR_201008_306,,N22000097,306,"TAMLUK DIGHA - LD,West Bengal",,,RAILWAYS,2010-08,1984-03,,293.97,,293.97,,,313.13,2005-06,,2012-04,,,,0,0,,,,fr_Aug_2010.pdf,Sector-Wise analysis of projects,43,306
FR_201008_307,,220100188,307,"NANGALDAM-TALWARA(NL),NR - (NR),Multi State",NR,,RAILWAYS,2010-08,1981-03,,37.68,450.0,730.0,,,281.91,,,2012-07,,,,0,0,,,,fr_Aug_2010.pdf,Sector-Wise analysis of projects,43,307
FR_201008_308,,220100007,308,"GUNA-ETAWAH(NCR), NL - NCR,Multi State",NCR,,RAILWAYS,2010-08,1985-04,,158.77,274.56,432.46,,,479.3,1994-03,,2012-12,,,,0,0,,,,fr_Aug_2010.pdf,Sector-Wise analysis of projects,43,308
FR_201008_309,,220100233,309,"CONV.OF 1500V DC TRACTION TO 25 KV AC,WR - RE,Maharashtra",,,RAILWAYS,2010-08,1996-07,,273.67,1160.52,1800.0,,,501.49,,,2012-12,,,,0,0,,,,fr_Aug_2010.pdf,Sector-Wise analysis of projects,43,309
FR_201008_310,,220100241,310,"CHANDIGARH-LUDHIANA(NEW BG LINE),NR - (NR),Punjab",NR,,RAILWAYS,2010-08,1997-07,,248.44,576.27,1103.47,,,675.91,,,2012-12,,,,0,0,,,,fr_Aug_2010.pdf,Sector-Wise analysis of projects,43,310
FR_201008_311,,220100255,311,"GONDA-GORAKHPUR LOOP WITH ANAND NAGAR-NAUTANWA GC (NER) - NER,Uttar Pradesh",NER,,RAILWAYS,2010-08,2002-03,,383.15,,863.23,,,325.79,,,2012-12,,,,0,0,,,,fr_Aug_2010.pdf,Sector-Wise analysis of projects,43,311
FR_201008_312,,220100280,312,"JIND-SONEPAT (NL),NR - (NR),Haryana",NR,,RAILWAYS,2010-08,2004-01,,190.81,238.56,234.45,,,156.64,,,2012-12,,,,0,0,,,,fr_Aug_2010.pdf,Sector-Wise analysis of projects,43,312
FR_201008_313,,220100307,313,"RAIL-CUM-ROAD BRIDGE AT MUNGER (NL), ECR - ECR,Bihar",NL,,RAILWAYS,2010-08,2002-04,,921.0,,981.0,,,340.69,2009-03,,2012-12,,,,0,0,,,,fr_Aug_2010.pdf,Sector-Wise analysis of projects,43,313
FR_201008_314,,220100308,314,"PATNA GANGA BRIDGE (NL), ECR - ECR,Bihar",NL,,RAILWAYS,2010-08,2001-04,,624.47,,1480.71,,,445.84,2007-10,,2012-12,,,,0,0,,,,fr_Aug_2010.pdf,Sector-Wise analysis of projects,43,314
FR_201008_315,,N22000077,315,"BHOPAL BINA 3D LINE DOUBLING - RVNL,Madhya pradesh",,,RAILWAYS,2010-08,2007-09,,687.2,41.0,687.2,,,125.24,2010-03,,2012-12,,,,0,0,,,,fr_Aug_2010.pdf,Sector-Wise analysis of projects,43,315
FR_201008_316,,N22000088,316,"UTRATIA-ZAFRABAD (LINE DOUBLING) - LD,Uttar Pradesh",LINE DOUBLING,,RAILWAYS,2010-08,2006-04,,325.0,,496.03,,,88.08,2010-03,,2012-12,,,,0,0,,,,fr_Aug_2010.pdf,Sector-Wise analysis of projects,44,316
FR_201008_317,,220100184,317,"DAUSA-GANGAPUR CITY(NL),NWR - NWR,Rajasthan",NL,,RAILWAYS,2010-08,1997-02,,151.84,,410.08,,,101.53,,,2013-03,,,,0,0,,,,fr_Aug_2010.pdf,Sector-Wise analysis of projects,44,317
FR_201008_318,,220100263,318,"QUILON-TIRUNELVELI-TENKASI- VIRUDHUNAGAR(SR)(GC) - SR,Multi State",GC,,RAILWAYS,2010-08,1998-03,,280.0,,1029.0,,,570.96,,,2013-03,,,,0,0,,,,fr_Aug_2010.pdf,Sector-Wise analysis of projects,44,318
FR_201008_319,,220100315,319,"RANGIA-MURKONGSELEK, (GC) NEFR - NEFR,Multi State",GC,,RAILWAYS,2010-08,2004-01,,912.7,912.7,1556.23,,,289.74,,,2013-03,,,,0,0,,,,fr_Aug_2010.pdf,Sector-Wise analysis of projects,44,319
FR_201008_320,,220100201,320,"BRAHAMAPUTRA BRIDGE AT BOGIBIL & LINK LINES,NEFR - NEFR,Assam",,,RAILWAYS,2010-08,1996-04,,1000.0,1500.0,3230.02,,,1912.11,2008-04,2011-12,2014-03,,,,0,0,,,,fr_Aug_2010.pdf,Sector-Wise analysis of projects,44,320
FR_201008_321,,220100266,321,"MAYNAGURI TO JOGIGHOPA VIA CHANGRA (NL),NEFR - NEFR,Multi State",NL,,RAILWAYS,2010-08,2000-02,,733.0,,1655.8,,,520.84,2008-12,,2014-03,,,,0,0,,,,fr_Aug_2010.pdf,Sector-Wise analysis of projects,44,321
FR_201008_322,,N22000083,322,"CONSTRUCTION OF NEW LINE FROM HARMATI-ITANAGAR/NAR - NEFR,Arunachal Pr.",,,RAILWAYS,2010-08,1996-09,,156.0,,160.48,,,97.39,,,2014-03,,,,0,0,,,,fr_Aug_2010.pdf,Sector-Wise analysis of projects,44,322
FR_201008_323,,N22000086,323,"NEW B.G. LINE FROM AZARA TO BYRNIHAT (NATINAL PROJ - NEFR,Assam",,,RAILWAYS,2010-08,2006-09,,200.0,,390.0,,,0.78,,,2014-03,,,,0,0,,,,fr_Aug_2010.pdf,Sector-Wise analysis of projects,44,323
FR_201008_324,,N22000099,324,"AGARTALA SABROOM - NL,Tripura",,,RAILWAYS,2010-08,2008-04,,813.34,,813.34,,,92.97,2014-03,,2014-03,,,,0,0,,,,fr_Aug_2010.pdf,Sector-Wise analysis of projects,44,324
FR_201008_325,,N22000100,325,"BHAIRABI SAIRONG - NL,Mizoram",,,RAILWAYS,2010-08,2008-04,,619.34,,2429.41,,,0.82,2014-04,,2014-03,,,,0,0,,,,fr_Aug_2010.pdf,Sector-Wise analysis of projects,44,325
FR_201008_326,,220100303,326,"HAJIPUR-SUGAULI VIA VAISHALI (NL), ECR - ECR,Bihar",NL,,RAILWAYS,2010-08,2003-04,,324.66,,324.66,,,132.39,,,2015-03,,,,0,0,,,,fr_Aug_2010.pdf,Sector-Wise analysis of projects,44,326
FR_201008_327,,N22000092,327,"MUMBAI URBAN TRANSPORT PROJECT PHASE-II - MRTP,Maharashtra",,,RAILWAYS,2010-08,2008-04,,5300.0,,5300.0,,,128.36,2014-03,,2015-03,,,,0,0,,,,fr_Aug_2010.pdf,Sector-Wise analysis of projects,44,327
FR_201008_328,,N22000102,328,"SEVOK RANGPO - LD,Sikkim",,,RAILWAYS,2010-08,2008-04,,1339.48,,1339.48,,,1.42,2015-12,,2015-12,,,,0,0,,,,fr_Aug_2010.pdf,Sector-Wise analysis of projects,44,328
FR_201008_329,,220100288,329,"JIRIBAM TO IMPHAL (TUPUI)(NL)(NEFR) - NEFR,Multi State",NEFR,,RAILWAYS,2010-08,2003-04,,727.56,727.53,3123.52,,,222.4,2011-03,,2016-03,,,,0,0,,,,fr_Aug_2010.pdf,Sector-Wise analysis of projects,44,329
FR_201008_330,,220100133,330,"UDHAMPUR-SRINAGAR-BARAMULLA (NL),NR - (NR),J & K",NR,,RAILWAYS,2010-08,1995-03,,2500.0,,16000.0,,,6748.81,2001-03,,2017-12,,,,0,0,,,,fr_Aug_2010.pdf,Sector-Wise analysis of projects,44,330
FR_201008_331,,220100009,331,"FREIGHT OPERATIONS INFORMATION SYSTEM (FOIS) - FOIS,Multi State",FOIS,,RAILWAYS,2010-08,1984-03,,520.0,422.79,634.13,,,556.48,1995-03,,,,,,0,0,,,,fr_Aug_2010.pdf,Sector-Wise analysis of projects,44,331
FR_201008_332,,220100106,332,"PEDAPALLI-KARIMNAGAR- NIZAMABAD NL(SCR) - SCR,Andhra Pradesh",SCR,,RAILWAYS,2010-08,1994-12,,124.43,,617.63,,,376.19,,,,,,,0,0,,,,fr_Aug_2010.pdf,Sector-Wise analysis of projects,44,332
FR_201008_333,,220100125,333,"HOTGI-GADAG(GC),SWR - SWR,Multi State",GC,,RAILWAYS,2010-08,1994-04,,180.0,,318.66,,,452.61,1999-03,2003-03,,,,,0,0,,,,fr_Aug_2010.pdf,Sector-Wise analysis of projects,44,333
FR_201008_334,,220100131,334,"AMBALA-MORADABAD(RE) - RE,Multi State",RE,,RAILWAYS,2010-08,1993-03,,152.21,157.76,265.0,,,265.33,1998-03,,,,,,0,0,,,,fr_Aug_2010.pdf,Sector-Wise analysis of projects,44,334
FR_201008_335,,220100135,335,"EKLAKHI-BALURGHAT(NL),NEFR - NEFR,West Bengal",NL,,RAILWAYS,2010-08,1986-01,,36.8,274.41,285.93,,,232.01,,,,,,,0,0,,,,fr_Aug_2010.pdf,Sector-Wise analysis of projects,44,335
FR_201008_336,,220100148,336,"LANJHIGARH-JUNAGARH NL(ECOR) - ECR,Orissa",ECOR,,RAILWAYS,2010-08,1993-04,,100.0,142.98,170.0,,,133.06,2002-03,2011-03,,,,,0,0,,,,fr_Aug_2010.pdf,Sector-Wise analysis of projects,44,336
FR_201008_337,,220100149,337,"DALLIRAJHARA- JAGDALPUR,NL,SECR - SECR,Chhatisgarh",,,RAILWAYS,2010-08,1995-04,,369.0,,968.6,,,0.43,,,,,,,0,0,,,,fr_Aug_2010.pdf,Sector-Wise analysis of projects,45,337
FR_201008_338,,220100151,338,"CALICUT-MANGALORE (DL) (SR) - SR,Multi State",SR,,RAILWAYS,2010-08,1996-02,,240.0,,579.37,,,576.95,,,,,,,0,0,,,,fr_Aug_2010.pdf,Sector-Wise analysis of projects,45,338
FR_201008_339,,220100162,339,"MIRAJ-LATUR ROAD(GC),CR - CR,Maharashtra",GC,,RAILWAYS,2010-08,1993-04,,225.0,323.0,816.4,,,808.55,2001-03,,,,,,0,0,,,,fr_Aug_2010.pdf,Sector-Wise analysis of projects,45,339
FR_201008_340,,220100168,340,"MANDARHILL-DUMKA-RAMPURHAT (NL),ER - ER,Jharkhandd",NL,,RAILWAYS,2010-08,1995-04,,184.0,,675.0,,,330.0,2010-12,,,,,,0,0,,,,fr_Aug_2010.pdf,Sector-Wise analysis of projects,45,340
FR_201008_341,,220100181,341,"AHMEDNAGAR-PARLI VAIJNATH(NL) CR - CR,Maharashtra",NL,,RAILWAYS,2010-08,1997-02,,353.08,,1010.0,,,67.32,,,,,,,0,0,,,,fr_Aug_2010.pdf,Sector-Wise analysis of projects,45,341
FR_201008_342,,220100185,342,"AJMER-UDAIPUR-CHITTAURGARH (GC),NWR - NWR,Rajasthan",GC,,RAILWAYS,2010-08,1996-09,,262.0,433.39,456.0,,,470.63,2000-03,,,,,,0,0,,,,fr_Aug_2010.pdf,Sector-Wise analysis of projects,45,342
FR_201008_343,,220100186,343,"GONDIA-JABALPUR(GC),(SECR) - SECR,Multi State",SECR,,RAILWAYS,2010-08,1997-02,,356.0,,511.86,,,413.02,1998-03,,,,,,0,0,,,,fr_Aug_2010.pdf,Sector-Wise analysis of projects,45,343
FR_201008_344,,220100187,344,"SURENDRANAGAR- BHAVNAGAR(GC),WR - WR,Gujarat",GC,,RAILWAYS,2010-08,1997-03,,437.4,,563.25,,,540.21,2004-03,2005-03,,,,,0,0,,,,fr_Aug_2010.pdf,Sector-Wise analysis of projects,45,344
FR_201008_345,,220100191,345,"KARUR-SALEM(NL),SR - SR,Tamil Nadu",NL,,RAILWAYS,2010-08,1997-02,,155.55,,712.0,,,384.68,,,,,,,0,0,,,,fr_Aug_2010.pdf,Sector-Wise analysis of projects,45,345
FR_201008_346,,220100192,346,"NANDYAL-YERRAGUNTLA(NL),SCR - SCR,Andhra Pradesh",NL,,RAILWAYS,2010-08,1997-03,,155.74,164.36,429.49,,,352.1,2009-02,,,,,,0,0,,,,fr_Aug_2010.pdf,Sector-Wise analysis of projects,45,346
FR_201008_347,,220100193,347,"HUBLI-AKOLA(NL),SWR - SWR,Karnataka",NL,,RAILWAYS,2010-08,1995-04,,227.0,,337.82,,,53.93,,,,,,,0,0,,,,fr_Aug_2010.pdf,Sector-Wise analysis of projects,45,347
FR_201008_348,,220100195,348,"HOSPET-GUNTAKAL(LD),SCR - RVNL,Multi State",LD,,RAILWAYS,2010-08,1996-03,,105.22,,268.0,,,283.49,1999-12,2008-03,,,,,0,0,,,,fr_Aug_2010.pdf,Sector-Wise analysis of projects,45,348
FR_201008_349,,220100197,349,"KANPUR-KASGANJ- MATHURA(GC),NER - NER,Uttar Pradesh",GC,,RAILWAYS,2010-08,1997-03,,395.0,1062.36,1548.95,,,1101.82,,,,,,,0,0,,,,fr_Aug_2010.pdf,Sector-Wise analysis of projects,45,349
FR_201008_350,,220100205,350,"MUNEERABAD- MAHABOOBNAGAR(NL),SCR - SCR,Multi State",NL,,RAILWAYS,2010-08,1996-04,,377.32,236.41,497.47,,,72.0,,,,,,,0,0,,,,fr_Aug_2010.pdf,Sector-Wise analysis of projects,45,350
FR_201008_351,,220100208,351,"HOWRAH-AMTA-CHAMPADANGA NL (SER) - SER,West Bengal",SER,,RAILWAYS,2010-08,1974-04,,31.42,154.3,154.3,,,106.79,2007-03,2007-03,,,,,0,0,,,,fr_Aug_2010.pdf,Sector-Wise analysis of projects,45,351
FR_201008_352,,220100220,352,"MACHERLA-NALGONDA(NL)(SCR) - SCR,Andhra Pradesh",SCR,,RAILWAYS,2010-08,1998-07,,125.0,,363.26,,,0.27,2008-07,,,,,,0,0,,,,fr_Aug_2010.pdf,Sector-Wise analysis of projects,45,352
FR_201008_353,,220100222,353,"KODERMA-RANCHI VIA BARKAKHANA (NL),ECR - ECR,Jharkhandd",NL,,RAILWAYS,2010-08,1999-03,,491.19,,1099.2,,,711.79,2005-07,,,,,,0,0,,,,fr_Aug_2010.pdf,Sector-Wise analysis of projects,45,353
FR_201008_354,,220100249,354,"KUTTIPURAM-CALICUT INCLD. SHORANUR-M-LORE (DL) (SR) - SR,Kerala",SR,,RAILWAYS,2010-08,2001-03,,178.76,177.34,219.94,,,190.49,,,,,,,0,0,,,,fr_Aug_2010.pdf,Sector-Wise analysis of projects,45,354
FR_201008_355,,220100251,355,"VILLUPURAM-KATPADI (GC)(SR) - SR,Tamil Nadu",SR,,RAILWAYS,2010-08,2000-02,,175.0,,513.16,,,494.53,,,,,,,0,0,,,,fr_Aug_2010.pdf,Sector-Wise analysis of projects,45,355
FR_201008_356,,220100252,356,"ANGAMALI-SABARIMALA (N.L.)(SR) - SR,Kerala",SR,,RAILWAYS,2010-08,1998-10,,550.0,,550.0,,,64.9,,,,,,,0,0,,,,fr_Aug_2010.pdf,Sector-Wise analysis of projects,45,356
FR_201008_357,,220100253,357,"PURNA-AKOLA (G.C), SCR - SCR,Maharashtra",G.C,,RAILWAYS,2010-08,2000-02,,228.0,,497.63,,,477.14,,,,,,,0,0,,,,fr_Aug_2010.pdf,Sector-Wise analysis of projects,45,357
FR_201008_358,,220100254,358,"BIDAR-GULBARGA,SCR(NL) - SCR,Karnataka",NL,,RAILWAYS,2010-08,1999-02,,242.42,369.7,369.7,,,159.17,2009-05,,,,,,0,0,,,,fr_Aug_2010.pdf,Sector-Wise analysis of projects,45,358
FR_201008_359,,220100256,359,"KAPTANGANJ-THAWE-SIWAN- CHHAPRA GC (NER) - NER,Multi State",NER,,RAILWAYS,2010-08,2001-09,,320.1,,522.56,,,282.57,,,,,,,0,1,,,,fr_Aug_2010.pdf,Sector-Wise analysis of projects,46,359
FR_201008_360,,220100257,360,"KHAGARIA-KUSHESHWAR ASTHAN (NL) (ECR) - ECR,Bihar",ECR,,RAILWAYS,2010-08,1997-03,,78.23,,162.87,,,72.45,,,,,,,0,0,,,,fr_Aug_2010.pdf,Sector-Wise analysis of projects,46,360
FR_201008_361,,220100258,361,"JALANDHAR-PATHANKOT-JAMMU- TAWI (LD),NR - (NR),Multi State",NR,,RAILWAYS,2010-08,2002-03,,409.0,408.76,639.54,,,770.3,2007-06,,,,,,0,0,,,,fr_Aug_2010.pdf,Sector-Wise analysis of projects,46,361
FR_201008_362,,220100262,362,"TIRUCHIRAPPALI-NAGORE- KARAIKKAL(SR)(GC) - SR,Tamil Nadu",GC,,RAILWAYS,2010-08,1995-09,,100.0,,548.96,,,411.96,,,,,,,0,0,,,,fr_Aug_2010.pdf,Sector-Wise analysis of projects,46,362
FR_201008_363,,220100265,363,"KOTLPALLI-NARASAPUR (NL) (SCR) - SCR,Andhra Pradesh",SCR,,RAILWAYS,2010-08,2001-12,,330.0,,695.0,,,9.41,,,,,,,0,0,,,,fr_Aug_2010.pdf,Sector-Wise analysis of projects,46,363
FR_201008_364,,220100270,364,"GADWAL - RAICHUR (NL), SCR - SCR,Multi State",NL,,RAILWAYS,2010-08,1998-04,,92.63,,228.09,,,158.59,,,,,,,0,0,,,,fr_Aug_2010.pdf,Sector-Wise analysis of projects,46,364
FR_201008_365,,220100273,365,"DEOGHAR - SULTANGANJ (INL), ER - ER,Multi State",INL,,RAILWAYS,2010-08,2000-04,,138.0,240.59,607.09,,,238.57,2012-12,,,,,,0,0,,,,fr_Aug_2010.pdf,Sector-Wise analysis of projects,46,365
FR_201008_366,,220100274,366,"BANGLORE - SATYAMANGALAM (NL)(SWR) - SWR,Karnataka",SWR,,RAILWAYS,2010-08,1999-02,,138.0,,1300.0,,,0.29,,,,,,,0,0,,,,fr_Aug_2010.pdf,Sector-Wise analysis of projects,46,366
FR_201008_367,,220100277,367,"BANKURA - DAMODAR (GC) (SER) - SER,West Bengal",SER,,RAILWAYS,2010-08,1998-03,,111.9,,325.17,,,311.98,2005-03,2008-12,,,,,0,0,,,,fr_Aug_2010.pdf,Sector-Wise analysis of projects,46,367
FR_201008_368,,220100305,368,"KODERMA-TILAIYA (NL), ECR - ECR,Jharkhandd",NL,,RAILWAYS,2010-08,2002-04,,459.91,,418.17,,,52.53,,,,,,,0,0,,,,fr_Aug_2010.pdf,Sector-Wise analysis of projects,46,368
FR_201008_369,,220100314,369,"RAMGANJMUNDI-BHOPAL (NL),WCR - WCR,Madhya pradesh",NL,,RAILWAYS,2010-08,2001-04,,727.13,727.13,1225.0,,,145.39,,,,,,,0,0,,,,fr_Aug_2010.pdf,Sector-Wise analysis of projects,46,369
FR_201008_370,,220100316,370,"MAHARAJGANJ-MASRAKH (NL) - NER - NER,Bihar",NL,,RAILWAYS,2010-08,2003-04,,104.1,,218.19,,,72.12,,,,,,,0,0,,,,fr_Aug_2010.pdf,Sector-Wise analysis of projects,46,370
FR_201008_371,,220100317,371,"KICHHA-KHATIMA (NL) - NER - NER,Uttaranchal",NL,,RAILWAYS,2010-08,2003-04,,165.67,,165.67,,,0.15,,,,,,,0,0,,,,fr_Aug_2010.pdf,Sector-Wise analysis of projects,46,371
FR_201008_372,,220100324,372,"CHHINDWARA - NAGPUR (GC)(SECR) - SECR,Madhya pradesh",SECR,,RAILWAYS,2010-08,2005-04,,383.79,,585.93,,,102.78,,,,,,,0,0,,,,fr_Aug_2010.pdf,Sector-Wise analysis of projects,46,372
FR_201008_373,,220100330,373,"GUNTUR-GUNTAKAL- KALLURU(GL)(SCR) - SCR,Andhra Pradesh",SCR,,RAILWAYS,2010-08,1992-04,,458.45,,573.12,,,555.49,,,,,,,0,0,,,,fr_Aug_2010.pdf,Sector-Wise analysis of projects,46,373
FR_201008_374,,N22000032,374,"MANOHARABAD-KOTHPALL NEW LINE(SCR) - SCR,Andhra Pradesh",SCR,,RAILWAYS,2010-08,2006-04,,378.56,,671.82,,,0.74,,,,,,,0,0,,,,fr_Aug_2010.pdf,Sector-Wise analysis of projects,46,374
FR_201008_375,,N22000045,375,"GAELKERA-MANOHARPUR,(LD)(SER) - SER,Jharkhandd",SER,,RAILWAYS,2010-08,1998-03,,186.92,,261.7,,,0.08,2006-02,,,,,,0,0,,,,fr_Aug_2010.pdf,Sector-Wise analysis of projects,46,375
FR_201008_376,,N22000052,376,"HARNOUT -SET.UP OF W/S TO UND. POH OF UP TO50 COAC - WS&PU,Bihar",,,RAILWAYS,2010-08,2003-04,,98.74,,224.51,,,41.39,,,,,,,0,0,,,,fr_Aug_2010.pdf,Sector-Wise analysis of projects,46,376
FR_201008_377,,N22000053,377,"CHHAPRA-SETTING UP OF WHEEL MANUFACTURING PLANT - WS&PU,Bihar",,,RAILWAYS,2010-08,2005-03,,470.09,,881.19,,,86.35,,,,,,,0,0,,,,fr_Aug_2010.pdf,Sector-Wise analysis of projects,46,377
FR_201008_378,,N22000079,378,"MAYLADUTHURAI-THIRUVARUR- KARAIKUDI-THIRU 'PONDI'-A - SR,Tamil Nadu",,,RAILWAYS,2010-08,2007-09,,404.19,,900.0,,,66.36,,,,,,,0,0,,,,fr_Aug_2010.pdf,Sector-Wise analysis of projects,46,378
FR_201008_379,,N22000080,379,"DINDIGUL-POLLACHI-PALGHAT- POLLACHI AND COIMBATORE - SR,Tamil Nadu",,,RAILWAYS,2010-08,2006-09,,343.17,44.0,900.0,,,225.25,,,,,,,0,0,,,,fr_Aug_2010.pdf,Sector-Wise analysis of projects,46,379
FR_201008_380,,N22000084,380,"TINDIVANAM-GINGEE- TIRUVANNAMALAI (NL) - SR,Tamil Nadu",NL,,RAILWAYS,2010-08,2006-09,,125.0,,227.4,,,14.64,,,,,,,0,0,,,,fr_Aug_2010.pdf,Sector-Wise analysis of projects,47,380
FR_201008_381,,N22000085,381,"TIDIVANAM-NAGARI (NL) - SR,Tamil Nadu",NL,,RAILWAYS,2010-08,2006-09,,456.0,,582.83,,,36.39,,,,,,,0,0,,,,fr_Aug_2010.pdf,Sector-Wise analysis of projects,47,381
FR_201008_382,,N22000087,382,"NEW B.G. LINE FROM ARARIA TO GALGALIA (THAKURGUNG) - NEFR,Bihar",THAKURGUNG,,RAILWAYS,2010-08,2006-09,,300.0,300.0,529.88,,,26.09,,,,,,,0,0,,,,fr_Aug_2010.pdf,Sector-Wise analysis of projects,47,382
FR_201008_383,,N22000098,383,"BHAKURA DAMODAR - LD,West Bengal",,,RAILWAYS,2010-08,1998-03,,282.7,,325.17,,,48.64,2008-07,,,,,,0,0,,,,fr_Aug_2010.pdf,Sector-Wise analysis of projects,47,383
FR_201008_384,,N22000101,384,"KISHANGANJ JALALGARH - NL,Bihar",,,RAILWAYS,2010-08,2008-04,,282.92,,333.76,,,0.71,,,,,,,0,0,,,,fr_Aug_2010.pdf,Sector-Wise analysis of projects,47,384
FR_201008_385,,N22000103,385,"RESTORATION WITH GAUGE CONVERSION OF SILIGHAT TOWN - GC,Assam",,,RAILWAYS,2010-08,1993-04,,100.41,,949.22,,,15.65,2009-12,,,,,,0,0,,,,fr_Aug_2010.pdf,Sector-Wise analysis of projects,47,385
FR_201008_386,,220100183,386,"HASSAN-BANGALORE VIA SHRAVANA-BELGOLA(NL),SWR - SWR,Karnataka",NL,,RAILWAYS,2010-08,1997-02,,295.0,412.91,913.51,,,431.87,,,,,,,0,0,,,,fr_Aug_2010.pdf,Sector-Wise analysis of projects,47,386
FR_201008_387,,220100224,387,"NEW JALPAIGURI-NEW BONGAIGAON (GC),NEFR - NEFR,Multi State Total",GC,,RAILWAYS,2010-08,1998-11,,536.85,51111.74,1010.0,,,1005.45,2003-03,,,,,,0,0,,,,fr_Aug_2010.pdf,Sector-Wise analysis of projects,47,387
FR_201008_388,,N24000093,388,"MAHARASHTRA/AP BORDER TO ISLAM NAGAR,(NS-2/BOT/AP-6),NH-7 - NHAI,Andhra Pradesh",NS-2/BOT/AP-6,,ROAD TRANSPORT & HIGHWAYS,2010-08,2003-12,,360.42,,360.42,,,478.4,2009-11,,2010-07,,,,0,0,,,,fr_Aug_2010.pdf,Sector-Wise analysis of projects,47,388
FR_201008_389,,240106241,389,"MADURAI -KANNIAKUMARI SEC. (NS- 42/TN) NH-7, KM.120 TO KM.160 - NHAI,Tamil Nadu",NS- 42/TN,,ROAD TRANSPORT & HIGHWAYS,2010-08,2003-12,,507.49,,507.49,,,342.8,2008-03,,2010-08,,,,0,0,,,,fr_Aug_2010.pdf,Sector-Wise analysis of projects,47,389
FR_201008_390,,N24000109,390,"ISLAM NAGAR TO KADTAL - NHAI,Andhra Pradesh",,,ROAD TRANSPORT & HIGHWAYS,2010-08,2003-12,,546.83,,546.83,,,667.8,2010-03,,2010-08,,,,0,0,,,,fr_Aug_2010.pdf,Sector-Wise analysis of projects,47,390
FR_201008_391,,240104196,391,"HALDIA PORT (PORT CONNECTIVITY) (NH-41) - NHAI,West Bengal",NH-41,,ROAD TRANSPORT & HIGHWAYS,2010-08,2000-04,,273.0,,522.0,,,328.7,2005-03,,2010-09,,,,0,0,,,,fr_Aug_2010.pdf,Sector-Wise analysis of projects,47,391
FR_201008_392,,240106268,392,"JALANDAR-AMRITSAR, KM.407/100 TO KM.456/100, NH-1 - NHAI,Punjab",,,ROAD TRANSPORT & HIGHWAYS,2010-08,2005-03,,263.0,,263.0,,,419.7,2009-02,,2010-09,,,,0,0,,,,fr_Aug_2010.pdf,Sector-Wise analysis of projects,47,392
FR_201008_393,,240106276,393,"MADURAI-ARUPKOTTAI-TUTICORIN, KM.138.8 TO KM.264.5, NH-45 B - NHAI,Tamil Nadu",,,ROAD TRANSPORT & HIGHWAYS,2010-08,2005-03,,629.0,,629.0,,,876.9,2010-11,,2010-09,,,,0,0,,,,fr_Aug_2010.pdf,Sector-Wise analysis of projects,47,393
FR_201008_394,,240106289,394,"NAGAON BYPASS (NH-37)(NHAI) - NHAI,Assam",NHAI,,ROAD TRANSPORT & HIGHWAYS,2010-08,2003-12,,230.0,,230.0,,,285.5,2008-06,,2010-09,,,,0,0,,,,fr_Aug_2010.pdf,Sector-Wise analysis of projects,47,394
FR_201008_395,,240106297,395,"KOTA BYPASS,RJ-4, NH-76 (NHAI) - NHAI,Rajasthan",NHAI,,ROAD TRANSPORT & HIGHWAYS,2010-08,2003-12,,275.0,,250.39,,,247.7,2008-10,,2010-09,,,,0,0,,,,fr_Aug_2010.pdf,Sector-Wise analysis of projects,47,395
FR_201008_396,,N24000077,396,"HYDERABAD-BANGALORE SEC.(NS CORR.PH-II)[KM 293.4-3 - NHAI,Andhra Pradesh",NS CORR.PH-II,,ROAD TRANSPORT & HIGHWAYS,2010-08,2003-12,,239.19,,239.19,,,224.5,2009-09,,2010-09,,,,0,0,,,,fr_Aug_2010.pdf,Sector-Wise analysis of projects,47,396
FR_201008_397,,N24000079,397,"HYDERABAD-BANGALORE SEC.(NS CORR.PH-II)[KM 376-418 - NHAI,Andhra Pradesh",NS CORR.PH-II,,ROAD TRANSPORT & HIGHWAYS,2010-08,2003-12,,205.92,45.0,205.92,,,204.4,2009-08,,2010-09,,,,0,0,,,,fr_Aug_2010.pdf,Sector-Wise analysis of projects,47,397
FR_201008_398,,N24000081,398,"HYDERABAD-BANGALORE SEC.(NS CORR.PH-II)[KM 211-251 - NHAI,Andhra Pradesh",NS CORR.PH-II,,ROAD TRANSPORT & HIGHWAYS,2010-08,2003-12,,194.8,,194.8,,,174.0,2009-08,,2010-09,,,,0,0,,,,fr_Aug_2010.pdf,Sector-Wise analysis of projects,48,398
FR_201008_399,,N24000095,399,"LAKHNADON TO MP/MH BORDER (NS-1/BOT/MP-2), NH-7 - NHAI,Madhya pradesh",NS-1/BOT/MP-2,,ROAD TRANSPORT & HIGHWAYS,2010-08,2003-12,,263.17,,263.17,,,232.5,2009-09,,2010-09,,,,0,0,,,,fr_Aug_2010.pdf,Sector-Wise analysis of projects,48,399
FR_201008_400,,N24000096,400,"JHANSI TO LALITPUR, NH-25,26 - NHAI,Uttar Pradesh",,,ROAD TRANSPORT & HIGHWAYS,2010-08,2003-12,,355.06,,355.06,,,243.5,2009-09,,2010-09,,,,0,0,,,,fr_Aug_2010.pdf,Sector-Wise analysis of projects,48,400
FR_201008_401,,N24000097,401,"JHANSI TO LALITPUR, NH-26 - NHAI,Uttar Pradesh",,,ROAD TRANSPORT & HIGHWAYS,2010-08,2003-12,,276.09,,276.09,,,184.6,2009-09,,2010-09,,,,0,0,,,,fr_Aug_2010.pdf,Sector-Wise analysis of projects,48,401
FR_201008_402,,N24000104,402,"BANGALORE-NEELAMANGLALA NH-4 - NHAI,Karnataka",,,ROAD TRANSPORT & HIGHWAYS,2010-08,2005-03,,445.0,,445.0,,,800.7,2010-07,,2010-09,,,,0,0,,,,fr_Aug_2010.pdf,Sector-Wise analysis of projects,48,402
FR_201008_403,,N24000120,403,"WAINGANGA BRIDGE - CHHATISGARH-MAHARASHTRA - NHAI,Multi State",,,ROAD TRANSPORT & HIGHWAYS,2010-08,2008-03,,424.0,,424.0,,,298.4,2010-09,,2010-09,,,,0,0,,,,fr_Aug_2010.pdf,Sector-Wise analysis of projects,48,403
FR_201008_404,,N24000121,404,"AMRITSAR-WAGHA BORDER - NHAI,Punjab",,,ROAD TRANSPORT & HIGHWAYS,2010-08,2008-06,,205.88,,205.88,,,214.4,2010-06,,2010-09,,,,0,0,,,,fr_Aug_2010.pdf,Sector-Wise analysis of projects,48,404
FR_201008_405,,240100206,405,"COCHIN PORT, NH-47 (PORT CONNECTIVITY) KMS 348 - KMS 358 - NHAI,Kerala",PORT CONNECTIVITY,,ROAD TRANSPORT & HIGHWAYS,2010-08,2000-04,,106.0,,193.0,,,141.7,2006-08,,2010-10,,,,0,0,,,,fr_Aug_2010.pdf,Sector-Wise analysis of projects,48,405
FR_201008_406,,240101178,406,"FATEHPUR-KHAGA (GQ) KM.38- KM.115 (NH-2) - NHAI,Uttar Pradesh",NH-2,,ROAD TRANSPORT & HIGHWAYS,2010-08,2000-04,,372.4,,372.4,,,406.05,2004-07,,2010-10,,,,0,0,,,,fr_Aug_2010.pdf,Sector-Wise analysis of projects,48,406
FR_201008_407,,240101181,407,"VARANASI-MOHANIA (GQ) KM.317- 329 & KM.0-KM.65 (NH-2) - NHAI,Multi State",NH-2,,ROAD TRANSPORT & HIGHWAYS,2010-08,2000-04,,467.93,,467.93,,,452.2,2005-03,,2010-10,,,,0,0,,,,fr_Aug_2010.pdf,Sector-Wise analysis of projects,48,407
FR_201008_408,,240101187,408,"GORHAR-BARWA ADDA (GQ) KM.320- KM.398.75 (NH-2) - NHAI,Jharkhandd",NH-2,,ROAD TRANSPORT & HIGHWAYS,2010-08,2000-04,,399.75,,399.75,,,424.96,2005-03,,2010-10,,,,0,0,,,,fr_Aug_2010.pdf,Sector-Wise analysis of projects,48,408
FR_201008_409,,240106222,409,"AYODHYA - LUCKNOW (LMNHP-I) NH- 28, KM.45 TO KM.8.2 - NHAI,Uttar Pradesh",LMNHP-I,,ROAD TRANSPORT & HIGHWAYS,2010-08,2003-12,,193.0,,193.0,,,284.1,2008-10,,2010-10,,,,0,0,,,,fr_Aug_2010.pdf,Sector-Wise analysis of projects,48,409
FR_201008_410,,240106225,410,"AYODHYA - LUCKNOW (LMNHP-II) KM.93.075 TO KM.45, NH-28 - NHAI,Uttar Pradesh",LMNHP-II,,ROAD TRANSPORT & HIGHWAYS,2010-08,2003-12,,217.0,,217.0,,,310.3,2008-10,,2010-10,,,,0,0,,,,fr_Aug_2010.pdf,Sector-Wise analysis of projects,48,410
FR_201008_411,,240106245,411,"GORAKHPUR-AYODHYA (LMNHP- 6),NH-28, KM.251.70 TO KM.208.00 - NHAI,Uttar Pradesh",LMNHP- 6,,ROAD TRANSPORT & HIGHWAYS,2010-08,2003-12,,239.0,,239.0,,,373.7,2008-10,,2010-10,,,,0,0,,,,fr_Aug_2010.pdf,Sector-Wise analysis of projects,48,411
FR_201008_412,,240106247,412,"GORAKHPUR-AYODHYA (LMNHP- 4),NH-28, KM.164.00 TO KM.135.00 - NHAI,Uttar Pradesh",LMNHP- 4,,ROAD TRANSPORT & HIGHWAYS,2010-08,2003-12,,205.0,,205.0,,,300.1,2008-10,,2010-10,,,,0,0,,,,fr_Aug_2010.pdf,Sector-Wise analysis of projects,48,412
FR_201008_413,,240106248,413,"AYODHYA-LUCKNOW (LMNHP-3),NH- 28, KM.135.000 TO KM.93.075 - NHAI,Uttar Pradesh",LMNHP-3,,ROAD TRANSPORT & HIGHWAYS,2010-08,2003-12,,212.0,,212.0,,,330.6,2008-10,,2010-10,,,,0,0,,,,fr_Aug_2010.pdf,Sector-Wise analysis of projects,48,413
FR_201008_414,,240106249,414,"ORAI TO JHANSI (UP-4),NH-25, KM.170.0 TO KM.104.0 - NHAI,Uttar Pradesh",UP-4,,ROAD TRANSPORT & HIGHWAYS,2010-08,2003-12,,451.97,,451.97,,,493.9,2008-04,,2010-10,,,,0,0,,,,fr_Aug_2010.pdf,Sector-Wise analysis of projects,48,414
FR_201008_415,,N24000076,415,"HYDERABAD-BANGALORE SEC.(NS CORR.PH-II)[KM 251-293 - NHAI,Andhra Pradesh",NS CORR.PH-II,,ROAD TRANSPORT & HIGHWAYS,2010-08,2003-12,,208.46,,208.46,,,193.7,2009-08,,2010-10,,,,0,0,,,,fr_Aug_2010.pdf,Sector-Wise analysis of projects,48,415
FR_201008_416,,N24000078,416,"HYDERABAD-BANGALORE SEC.(NS CORR.PH-II)[KM 336-376 - NHAI,Andhra Pradesh",NS CORR.PH-II,,ROAD TRANSPORT & HIGHWAYS,2010-08,2003-12,,243.38,46.0,243.38,,,261.4,2008-09,,2010-10,,,,0,0,,,,fr_Aug_2010.pdf,Sector-Wise analysis of projects,48,416
FR_201008_417,,N24000087,417,"KURALI-KIRATPUR, NH-21 - NHAI,Punjab",,,ROAD TRANSPORT & HIGHWAYS,2010-08,2005-03,,309.0,,309.0,,,482.8,2010-06,,2010-10,,,,0,0,,,,fr_Aug_2010.pdf,Sector-Wise analysis of projects,49,417
FR_201008_418,,N24000088,418,"GWALIOR BYPSS, NH-75,3 - NHAI,Madhya pradesh",,,ROAD TRANSPORT & HIGHWAYS,2010-08,2003-12,,300.93,,300.93,,,232.0,2009-10,,2010-10,,,,0,0,,,,fr_Aug_2010.pdf,Sector-Wise analysis of projects,49,418
FR_201008_419,,N24000100,419,"PONDICHERY - TINDIVANAU NH-66 - NHAI,Tamil Nadu",,,ROAD TRANSPORT & HIGHWAYS,2010-08,2005-03,,285.0,,285.0,,,239.8,2010-07,,2010-10,,,,0,0,,,,fr_Aug_2010.pdf,Sector-Wise analysis of projects,49,419
FR_201008_420,,N24000106,420,"BANGLORE - HOSKOTE MUDBOGAL SECTION NH-4 - NHAI,Karnataka",,,ROAD TRANSPORT & HIGHWAYS,2010-08,2005-03,,565.0,,565.0,,,864.1,2010-07,,2010-10,,,,0,0,,,,fr_Aug_2010.pdf,Sector-Wise analysis of projects,49,420
FR_201008_421,,240106202,421,"CHENNAI BYPASS (NHAI) OTHERS, NH-45, 4 & 5 - NHAI,Tamil Nadu",NHAI,,ROAD TRANSPORT & HIGHWAYS,2010-08,2003-12,,480.0,,480.0,,,833.1,2007-11,,2010-11,,,,0,0,,,,fr_Aug_2010.pdf,Sector-Wise analysis of projects,49,421
FR_201008_422,,240101132,422,"HAVERI-HARIHAR (GQ) KM.340- KM.284 (NH-4) - NHAI,Karnataka",NH-4,,ROAD TRANSPORT & HIGHWAYS,2010-08,2000-04,,241.0,,196.65,,,83.0,2004-08,,2010-12,,,,0,0,,,,fr_Aug_2010.pdf,Sector-Wise analysis of projects,49,422
FR_201008_423,,240101133,423,"HARIHAR-CHITRADURGA (GQ) KM.284-KM.207 (NH-4) - NHAI,Karnataka",NH-4,,ROAD TRANSPORT & HIGHWAYS,2010-08,2000-04,,318.0,,207.56,,,93.63,2004-08,,2010-12,,,,0,0,,,,fr_Aug_2010.pdf,Sector-Wise analysis of projects,49,423
FR_201008_424,,240101173,424,"AGRA-SHIKOHABAD (GQ) KM.199.66- KM.250.50 (NH-2) - NHAI,Uttar Pradesh",NH-2,,ROAD TRANSPORT & HIGHWAYS,2010-08,2000-04,,367.49,,367.49,,,425.61,2005-03,,2010-12,,,,0,0,,,,fr_Aug_2010.pdf,Sector-Wise analysis of projects,49,424
FR_201008_425,,240103191,425,"PURNEA-GOYAKOTA SEC.(EW) (NS & EW-PH-I) KM.419-KM.447, NH-31 - NHAI,Bihar",NS & EW-PH-I,,ROAD TRANSPORT & HIGHWAYS,2010-08,2000-04,,205.73,,205.73,,,244.3,2004-07,,2010-12,,,,0,0,,,,fr_Aug_2010.pdf,Sector-Wise analysis of projects,49,425
FR_201008_426,,240106203,426,"IMPROVEMENT OF ACCESS OF GQ WITHIN CHENNAI CITY(NHAI) OTHERS - NHAI,Tamil Nadu",NHAI,,ROAD TRANSPORT & HIGHWAYS,2010-08,2003-12,,210.0,,210.0,,,650.4,2007-04,,2010-12,,,,0,0,,,,fr_Aug_2010.pdf,Sector-Wise analysis of projects,49,426
FR_201008_427,,240106204,427,"GARHMUKTESHWAR-MURADABAD (NHAI) OTHERS KM.93-149.25, NH-24 - NHAI,Uttar Pradesh",NHAI,,ROAD TRANSPORT & HIGHWAYS,2010-08,2003-12,,275.0,,275.0,,,284.0,2007-09,,2010-12,,,,0,0,,,,fr_Aug_2010.pdf,Sector-Wise analysis of projects,49,427
FR_201008_428,,240106216,428,"GAGODHAR-GARAMORE(PK-IV,NH15) KM 245 TO 281.3 AND 308 TO 254 - NHAI,Gujarat","PK-IV,NH15",,ROAD TRANSPORT & HIGHWAYS,2010-08,2003-12,,412.78,,479.54,,,423.9,2007-11,,2010-12,,,,0,0,,,,fr_Aug_2010.pdf,Sector-Wise analysis of projects,49,428
FR_201008_429,,240106235,429,"VIJAYAPUR TO PATHANKOT (J&K) NH-1A KM.16.35 TO KM.50.00 - NHAI,J & K",J&K,,ROAD TRANSPORT & HIGHWAYS,2010-08,2003-12,,193.09,,193.09,,,137.0,2008-03,,2010-12,,,,0,0,,,,fr_Aug_2010.pdf,Sector-Wise analysis of projects,49,429
FR_201008_430,,240106236,430,"VIJAYAPUR TO PATHANKOT (NS- 35/J&K) NH-1A KM.50 TO KM.80 - NHAI,J & K",NS- 35/J&K,,ROAD TRANSPORT & HIGHWAYS,2010-08,2003-12,,166.27,,166.27,,,101.2,2008-03,,2010-12,,,,0,0,,,,fr_Aug_2010.pdf,Sector-Wise analysis of projects,49,430
FR_201008_431,,240106237,431,"PATHANKOT- BHOGPUR, KM.26- KM.70, NH-1A - NHAI,Punjab",,,ROAD TRANSPORT & HIGHWAYS,2010-08,2003-12,,284.0,,284.0,,,296.0,2008-05,,2010-12,,,,0,0,,,,fr_Aug_2010.pdf,Sector-Wise analysis of projects,49,431
FR_201008_432,,240106240,432,"MADURAI -KANIAKUMARI SECTION (NS-41/TN) NH-7,KM.80 TO KM.120 - NHAI,Tamil Nadu",NS-41/TN,,ROAD TRANSPORT & HIGHWAYS,2010-08,2003-12,,323.36,,323.36,,,189.0,2008-03,,2010-12,,,,0,0,,,,fr_Aug_2010.pdf,Sector-Wise analysis of projects,49,432
FR_201008_433,,240106250,433,"ORAI TO JHANSI (UP-5),NH-25, KM.220.0 TO KM.170.0 - NHAI,Uttar Pradesh",UP-5,,ROAD TRANSPORT & HIGHWAYS,2010-08,2003-12,,340.68,,340.68,,,298.2,2008-03,,2010-12,,,,0,0,,,,fr_Aug_2010.pdf,Sector-Wise analysis of projects,49,433
FR_201008_434,,240106256,434,"MEERUT-MUZAFFARNAGAR, NH-58 PHASE-III, KM.52.25 TO KM.131.00 - NHAI,Uttar Pradesh",,,ROAD TRANSPORT & HIGHWAYS,2010-08,2005-03,,359.0,,359.0,,,570.3,2009-03,,2010-12,,,,0,0,,,,fr_Aug_2010.pdf,Sector-Wise analysis of projects,49,434
FR_201008_435,,240106260,435,"AURANG-RAIPUR, NH-6, KM.232 TO KM.281 - NHAI,Chhatisgarh",,,ROAD TRANSPORT & HIGHWAYS,2010-08,2005-03,,190.0,47.0,190.0,,,204.7,2009-01,,2010-12,,,,0,0,,,,fr_Aug_2010.pdf,Sector-Wise analysis of projects,49,435
FR_201008_436,,240106278,436,"MAIBANG TO LUNDING (AS-25), KM.83.400 TO KM.111.000 - NHAI,Assam",AS-25,,ROAD TRANSPORT & HIGHWAYS,2010-08,2003-12,,199.81,,199.81,,,28.39,2009-04,,2010-12,,,,0,0,,,,fr_Aug_2010.pdf,Sector-Wise analysis of projects,50,436
FR_201008_437,,240106279,437,"MAIBANG TO LUNDING (AS-26), KM.60.500 TO KM.83.400, NH-54 - NHAI,Assam",AS-26,,ROAD TRANSPORT & HIGHWAYS,2010-08,2003-12,,167.64,,167.64,,,39.49,2008-11,,2010-12,,,,0,0,,,,fr_Aug_2010.pdf,Sector-Wise analysis of projects,50,437
FR_201008_438,,240106291,438,"KASIA TO GORAKHPUR (NH- 28)(NHAI) - NHAI,Uttar Pradesh",NHAI,,ROAD TRANSPORT & HIGHWAYS,2010-08,2003-12,,242.0,,242.0,,,324.5,2008-12,,2010-12,,,,0,0,,,,fr_Aug_2010.pdf,Sector-Wise analysis of projects,50,438
FR_201008_439,,240106292,439,"UP/BIHAR BORDER TO KASIA (NH- 28)(NHAI) - NHAI,Uttar Pradesh",NHAI,,ROAD TRANSPORT & HIGHWAYS,2010-08,2003-12,,227.0,,227.0,,,300.9,2008-12,,2010-12,,,,0,0,,,,fr_Aug_2010.pdf,Sector-Wise analysis of projects,50,439
FR_201008_440,,240106295,440,"DARBHANGA-MUZAFFARPUR, NH-57 (NHAI) - NHAI,Bihar",NHAI,,ROAD TRANSPORT & HIGHWAYS,2010-08,2003-12,,305.0,,305.0,,,455.6,2008-06,,2010-12,,,,0,0,,,,fr_Aug_2010.pdf,Sector-Wise analysis of projects,50,440
FR_201008_441,,240106296,441,"DARBHANGA-MUZAFFARPUR(KM 30 TO KM 0), NH-57 (NHAI) - NHAI,Bihar",NHAI,,ROAD TRANSPORT & HIGHWAYS,2010-08,2003-12,,291.8,,291.8,,,423.2,2008-06,,2010-12,,,,0,0,,,,fr_Aug_2010.pdf,Sector-Wise analysis of projects,50,441
FR_201008_442,,240106302,442,"SAGAR - RAJMARG CHORAHA,KM 255-297, NH-26 (NHAI) - NHAI,Madhya pradesh",NHAI,,ROAD TRANSPORT & HIGHWAYS,2010-08,2003-12,,206.96,,206.96,,,281.9,2008-10,,2010-12,,,,0,0,,,,fr_Aug_2010.pdf,Sector-Wise analysis of projects,50,442
FR_201008_443,,N24000028,443,"SILIGURI TO ISLAMPUR (WB-7) - NHAI,West Bengal",WB-7,,ROAD TRANSPORT & HIGHWAYS,2010-08,2003-12,,225.0,,225.0,,,169.7,2008-07,,2010-12,,,,0,0,,,,fr_Aug_2010.pdf,Sector-Wise analysis of projects,50,443
FR_201008_444,,N24000030,444,"RINGBUNDS TO JHAJHANPUR (BR-6) - NHAI,Bihar",BR-6,,ROAD TRANSPORT & HIGHWAYS,2010-08,2003-12,,340.0,,340.0,,,479.7,2008-06,,2010-12,,,,0,0,,,,fr_Aug_2010.pdf,Sector-Wise analysis of projects,50,444
FR_201008_445,,N24000036,445,"SITAPUR-LUCKNOW - NHAI,Uttar Pradesh",,,ROAD TRANSPORT & HIGHWAYS,2010-08,2005-03,,322.0,,322.0,,,275.4,2009-06,,2010-12,,,,0,0,,,,fr_Aug_2010.pdf,Sector-Wise analysis of projects,50,445
FR_201008_446,,N24000037,446,"THRISSUR TO ANGAMALI (NH-47) - NHAI,Kerala",NH-47,,ROAD TRANSPORT & HIGHWAYS,2010-08,2003-12,,312.5,,312.5,,,477.0,2009-03,,2010-12,,,,0,0,,,,fr_Aug_2010.pdf,Sector-Wise analysis of projects,50,446
FR_201008_447,,N24000040,447,"NEW MANGALORE PORT NH-17 AND 48 - NHAI,Karnataka",,,ROAD TRANSPORT & HIGHWAYS,2010-08,2000-04,,196.5,,196.5,,,196.1,2008-06,,2010-12,,,,0,0,,,,fr_Aug_2010.pdf,Sector-Wise analysis of projects,50,447
FR_201008_448,,N24000045,448,"ASSAM/WB BORDER TO GAIRKATTA (WB-1) - NHAI,West Bengal",WB-1,,ROAD TRANSPORT & HIGHWAYS,2010-08,2003-12,,221.82,,221.82,,,185.3,2008-11,,2010-12,,,,0,0,,,,fr_Aug_2010.pdf,Sector-Wise analysis of projects,50,448
FR_201008_449,,N24000055,449,"NAGPUR-KONDHALI,NH-6(NHAI) - NHAI,Maharashtra",NHAI,,ROAD TRANSPORT & HIGHWAYS,2010-08,2005-03,,168.0,,168.0,,,305.4,2008-12,,2010-12,,,,0,0,,,,fr_Aug_2010.pdf,Sector-Wise analysis of projects,50,449
FR_201008_450,,N24000056,450,"THANJAUR-TRICHY,NH-67(NHAI) - NHAI,Tamil Nadu",NHAI,,ROAD TRANSPORT & HIGHWAYS,2010-08,2005-03,,280.0,,280.0,,,565.5,2009-06,,2010-12,,,,0,0,,,,fr_Aug_2010.pdf,Sector-Wise analysis of projects,50,450
FR_201008_451,,N24000069,451,"BARA TO ORAI, NH-2, 25 - NHAI,Uttar Pradesh",,,ROAD TRANSPORT & HIGHWAYS,2010-08,2003-12,,465.0,,465.0,,,33.65,2009-04,,2010-12,,,,0,0,,,,fr_Aug_2010.pdf,Sector-Wise analysis of projects,50,451
FR_201008_452,,N24000080,452,"HYDERABAD-BANGALORE SEC.(NS CORR.PH-II)[KM 418-463 - NHAI,Andhra Pradesh",NS CORR.PH-II,,ROAD TRANSPORT & HIGHWAYS,2010-08,2003-12,,243.64,,243.64,,,189.9,2009-08,,2010-12,,,,0,0,,,,fr_Aug_2010.pdf,Sector-Wise analysis of projects,50,452
FR_201008_453,,N24000094,453,"LAKHNAADON TO MP/MH BORDER,KM 596.75-653 (NS- 1/BOT/MP-2),NH7 - NHAI,Madhya pradesh",NS- 1/BOT/MP-2,,ROAD TRANSPORT & HIGHWAYS,2010-08,2003-12,,407.6,,407.6,,,182.0,2010-06,,2010-12,,,,0,0,,,,fr_Aug_2010.pdf,Sector-Wise analysis of projects,50,453
FR_201008_454,,N24000101,454,"TRICHY - KORUR NH-67 - NHAI,Tamil Nadu",,,ROAD TRANSPORT & HIGHWAYS,2010-08,2005-03,,516.0,,516.0,,,213.3,2010-07,,2010-12,,,,0,0,,,,fr_Aug_2010.pdf,Sector-Wise analysis of projects,50,454
FR_201008_455,,N24000116,455,"BALASORE BHADRAK (REVIVED) KM 136.5 - 199.14 NH-5 - NHAI,Orissa",REVIVED,,ROAD TRANSPORT & HIGHWAYS,2010-08,2000-04,,228.7,,228.7,,,88.78,2004-02,,2010-12,,,,0,0,,,,fr_Aug_2010.pdf,Sector-Wise analysis of projects,50,455
FR_201008_456,,N24000117,456,"ZIRAKPUR(HARYANA) - PARWANOO(HIMACHAL PRADESH) - NHAI,Multi State",HIMACHAL PRADESH,,ROAD TRANSPORT & HIGHWAYS,2010-08,2008-02,,295.0,48.0,295.0,,,474.1,2010-08,,2010-12,,,,0,0,,,,fr_Aug_2010.pdf,Sector-Wise analysis of projects,50,456
FR_201008_457,,240106262,457,"GONDE-VADAPE(THANE), NH-3, KM.440/000 TO KM.539/500 - NHAI,Maharashtra",THANE,,ROAD TRANSPORT & HIGHWAYS,2010-08,2005-03,,579.0,,579.0,,,678.7,2009-04,,2011-01,,,,0,0,,,,fr_Aug_2010.pdf,Sector-Wise analysis of projects,51,457
FR_201008_458,,N24000035,458,"NALBARI TO BIJNI (AS-8) - NHAI,Assam",AS-8,,ROAD TRANSPORT & HIGHWAYS,2010-08,2003-12,,200.0,,200.0,,,182.39,2008-06,,2011-01,,,,0,0,,,,fr_Aug_2010.pdf,Sector-Wise analysis of projects,51,458
FR_201008_459,,N24000099,459,"TRICHY - DINDIGUAL NH-45 - NHAI,Tamil Nadu",,,ROAD TRANSPORT & HIGHWAYS,2010-08,2005-03,,576.0,,576.0,,,330.9,2010-07,,2011-01,,,,0,0,,,,fr_Aug_2010.pdf,Sector-Wise analysis of projects,51,459
FR_201008_460,,N24000102,460,"SALEM - U / UNDRUPET(BOT -1/TN- 06) NH -68 - NHAI,Tamil Nadu",BOT -1/TN- 06,,ROAD TRANSPORT & HIGHWAYS,2010-08,2005-03,,941.0,,941.0,,,527.0,2011-01,,2011-01,,,,0,0,,,,fr_Aug_2010.pdf,Sector-Wise analysis of projects,51,460
FR_201008_461,,N24000118,461,"END OF DURG BYPASS- CHHATISGARH/MAHARASHTRA BORDER - NHAI,Chhatisgarh",,,ROAD TRANSPORT & HIGHWAYS,2010-08,2008-01,,464.0,,464.0,,,334.8,2011-01,,2011-01,,,,0,0,,,,fr_Aug_2010.pdf,Sector-Wise analysis of projects,51,461
FR_201008_462,,N24000098,462,"AGRA-BYPASS(NS-1/UP-1),KM 176.8- 13.03 NH-2,3 - NHAI,Uttar Pradesh",NS-1/UP-1,,ROAD TRANSPORT & HIGHWAYS,2010-08,2003-12,,348.16,,348.16,,,108.9,2007-09,,2011-02,,,,0,0,,,,fr_Aug_2010.pdf,Sector-Wise analysis of projects,51,462
FR_201008_463,,240100207,463,"SILCHAR-UDARBAND (PH.II) HN-54, KM.309 TO KM.275 - NHAI,Assam",PH.II,,ROAD TRANSPORT & HIGHWAYS,2010-08,2003-12,,157.47,,154.57,,,137.8,2007-09,,2011-03,,,,0,0,,,,fr_Aug_2010.pdf,Sector-Wise analysis of projects,51,463
FR_201008_464,,240106220,464,"JHANSI BYPASS (UP-3), KM.104- KM.91, NH-25 - NHAI,Uttar Pradesh",UP-3,,ROAD TRANSPORT & HIGHWAYS,2010-08,2003-12,,158.06,,158.06,,,157.3,2005-08,,2011-03,,,,0,0,,,,fr_Aug_2010.pdf,Sector-Wise analysis of projects,51,464
FR_201008_465,,240106223,465,"MEHSI TO KOTWA (LMNHP-II), PH.II, KM.480 TO KM.440, NH-28 - NHAI,Bihar",LMNHP-II,,ROAD TRANSPORT & HIGHWAYS,2010-08,2003-12,,239.0,,239.0,,,255.1,2005-07,,2011-03,,,,0,0,,,,fr_Aug_2010.pdf,Sector-Wise analysis of projects,51,465
FR_201008_466,,240106224,466,"MUZZAFFARPUR TO MEHSI (LMNHP- 12), KM.520 TO 480, NH-28 - NHAI,Bihar",LMNHP- 12,,ROAD TRANSPORT & HIGHWAYS,2010-08,2003-12,,275.0,,275.0,,,286.0,2005-07,,2011-03,,,,0,0,,,,fr_Aug_2010.pdf,Sector-Wise analysis of projects,51,466
FR_201008_467,,240106243,467,"KOTWA TO DEWAPUR(10 LMNHP),NH-28 PHASE-II, KM.440 TO KM.402 - NHAI,Bihar",10 LMNHP,,ROAD TRANSPORT & HIGHWAYS,2010-08,2003-12,,240.0,,240.0,,,197.6,2008-10,,2011-03,,,,0,0,,,,fr_Aug_2010.pdf,Sector-Wise analysis of projects,51,467
FR_201008_468,,240106246,468,"GORAKHPUR-AYODHYA (LMNHP- 5),NH-28, KM.208.00 TO KM.164.00 - NHAI,Uttar Pradesh",LMNHP- 5,,ROAD TRANSPORT & HIGHWAYS,2010-08,2003-12,,227.0,,227.0,,,250.5,2008-10,,2011-03,,,,0,0,,,,fr_Aug_2010.pdf,Sector-Wise analysis of projects,51,468
FR_201008_469,,240106277,469,"HARANGAJO TO MAIBANG (AS-23), KM.126.450 TO KM.140.700 - NHAI,Assam",AS-23,,ROAD TRANSPORT & HIGHWAYS,2010-08,2003-12,,280.0,,280.0,,,139.4,2009-02,,2011-03,,,,0,0,,,,fr_Aug_2010.pdf,Sector-Wise analysis of projects,51,469
FR_201008_470,,240106286,470,"LANKA TO DABOKA (NH-54)(NHAI) - NHAI,Assam",NHAI,,ROAD TRANSPORT & HIGHWAYS,2010-08,2003-12,,225.0,,225.0,,,199.2,2008-06,,2011-03,,,,0,0,,,,fr_Aug_2010.pdf,Sector-Wise analysis of projects,51,470
FR_201008_471,,240106294,471,"FORBESGANJ TO SIMRAHI (NH- 57)(NHAI) - NHAI,Bihar",NHAI,,ROAD TRANSPORT & HIGHWAYS,2010-08,2003-12,,332.94,,332.94,,,204.4,2008-09,,2011-03,,,,0,0,,,,fr_Aug_2010.pdf,Sector-Wise analysis of projects,51,471
FR_201008_472,,240106299,472,"LALITPUR TO SAGAR, NH-26 (NHAI) - NHAI,Madhya pradesh",NHAI,,ROAD TRANSPORT & HIGHWAYS,2010-08,2003-12,,198.0,,198.0,,,131.2,2008-11,,2011-03,,,,0,0,,,,fr_Aug_2010.pdf,Sector-Wise analysis of projects,51,472
FR_201008_473,,240106300,473,"LALITPUR TO SAGAR KM 132 TO KM 187, NH-26 (NHAI) - NHAI,Madhya pradesh",NHAI,,ROAD TRANSPORT & HIGHWAYS,2010-08,2003-12,,225.0,,225.0,,,204.3,2008-10,,2011-03,,,,0,0,,,,fr_Aug_2010.pdf,Sector-Wise analysis of projects,51,473
FR_201008_474,,N24000044,474,"SONAPUR TO GUWAHTI (AS-3) - NHAI,Assam",AS-3,,ROAD TRANSPORT & HIGHWAYS,2010-08,2003-12,,245.0,,245.0,,,245.8,2008-03,,2011-03,,,,0,0,,,,fr_Aug_2010.pdf,Sector-Wise analysis of projects,51,474
FR_201008_475,,N24000047,475,"NALBARI TO BIJNI (AS-6) - NHAI,Assam",AS-6,,ROAD TRANSPORT & HIGHWAYS,2010-08,2003-12,,225.0,,225.0,,,141.6,2008-06,,2011-03,,,,0,0,,,,fr_Aug_2010.pdf,Sector-Wise analysis of projects,51,475
FR_201008_476,,N24000085,476,"GORAKHPUR BYPASS, NH-28, PHASE-II EAST-WEST CORRID - NHAI,Uttar Pradesh",,,ROAD TRANSPORT & HIGHWAYS,2010-08,2003-12,,600.24,49.0,600.24,,,519.0,2009-10,,2011-03,,,,0,0,,,,fr_Aug_2010.pdf,Sector-Wise analysis of projects,51,476
FR_201008_477,,N24000089,477,"GWALIOR-JHANSI, NH-75 - NHAI,Multi State",,,ROAD TRANSPORT & HIGHWAYS,2010-08,2003-12,,604.0,,604.0,,,257.4,2009-12,,2011-03,,,,0,0,,,,fr_Aug_2010.pdf,Sector-Wise analysis of projects,52,477
FR_201008_478,,N24000103,478,"NEELAMANGALAR JUNCTION ON NH- 4 SMITH NH-48 TO DEVI - NHAI,Karnataka",,,ROAD TRANSPORT & HIGHWAYS,2010-08,2005-03,,441.0,,441.0,,,600.6,2010-07,,2011-03,,,,0,0,,,,fr_Aug_2010.pdf,Sector-Wise analysis of projects,52,478
FR_201008_479,,N24000108,479,"DHOLPUR - MORENA SECTION (INCLUDING CHAMBOL BRIDGE - NHAI,Multi State",,,ROAD TRANSPORT & HIGHWAYS,2010-08,2003-12,,232.45,,232.45,,,121.8,2010-09,,2011-03,,,,0,0,,,,fr_Aug_2010.pdf,Sector-Wise analysis of projects,52,479
FR_201008_480,,240106281,480,"MAIBANG TO LUNDING (AS-27), KM.40.000 TO KM.60.500 - NHAI,Assam",AS-27,,ROAD TRANSPORT & HIGHWAYS,2010-08,2003-12,,200.0,,200.0,,,63.1,2009-04,,2011-04,,,,0,0,,,,fr_Aug_2010.pdf,Sector-Wise analysis of projects,52,480
FR_201008_481,,N24000057,481,"GANJAM-ICCHAPURUM,NH-5(NHAI) - NHAI,Orissa",NHAI,,ROAD TRANSPORT & HIGHWAYS,2010-08,2000-04,,263.27,,263.27,,,219.73,2004-02,,2011-04,,,,0,0,,,,fr_Aug_2010.pdf,Sector-Wise analysis of projects,52,481
FR_201008_482,,N24000119,482,"KALGHAT-MP/MAHARASHTRA BORDER KM 16.6-84.70 - NHAI,Madhya pradesh",,,ROAD TRANSPORT & HIGHWAYS,2010-08,2008-11,,549.0,,549.0,,,622.1,2010-05,,2011-05,,,,0,0,,,,fr_Aug_2010.pdf,Sector-Wise analysis of projects,52,482
FR_201008_483,,N24000122,483,"DELHI/ HARYANA BORDER TO ROHTAK - NHAI,Haryana",,,ROAD TRANSPORT & HIGHWAYS,2010-08,2007-04,,486.0,,486.0,,,287.0,2010-05,,2011-05,,,,0,0,,,,fr_Aug_2010.pdf,Sector-Wise analysis of projects,52,483
FR_201008_484,,240106221,484,"GANGA BRIDGE TO RAMDEVI CROSSING PH.II NH-25, KM.75-80.06 - NHAI,Uttar Pradesh",,,ROAD TRANSPORT & HIGHWAYS,2010-08,2003-12,,155.0,,201.66,,,61.17,2008-09,,2011-06,,,,0,0,,,,fr_Aug_2010.pdf,Sector-Wise analysis of projects,52,484
FR_201008_485,,240106304,485,"RAJMARG CHORAHA TO LAKHNANDON,KM 297 TO KM 351, NH-26 (NHAI) - NHAI,Madhya pradesh",NHAI,,ROAD TRANSPORT & HIGHWAYS,2010-08,2003-12,,251.03,,251.03,,,205.6,2008-10,,2011-06,,,,0,0,,,,fr_Aug_2010.pdf,Sector-Wise analysis of projects,52,485
FR_201008_486,,240106305,486,"RAJMARG CHORAHA TO LAKHNANDON,KM 351 TO KM 405.7, NH-26 (NHA - NHAI,Madhya pradesh",,,ROAD TRANSPORT & HIGHWAYS,2010-08,2003-12,,229.91,,229.91,,,150.3,2008-10,,2011-06,,,,0,0,,,,fr_Aug_2010.pdf,Sector-Wise analysis of projects,52,486
FR_201008_487,,N24000090,487,"KOSI BRIDGE INCLUDING APPROACHES AND GUIDE BOND AN - NHAI,Bihar",,,ROAD TRANSPORT & HIGHWAYS,2010-08,2003-12,,418.04,,418.04,,,251.2,2010-03,,2011-06,,,,0,0,,,,fr_Aug_2010.pdf,Sector-Wise analysis of projects,52,487
FR_201008_488,,240101153,488,"SUNAKHALA-GANJAM (GQ) KM.338- KM.284 (NH-5) - NHAI,Orissa",NH-5,,ROAD TRANSPORT & HIGHWAYS,2010-08,2000-04,,225.0,,225.0,,,,2004-04,,2011-10,,,,0,0,,,,fr_Aug_2010.pdf,Sector-Wise analysis of projects,52,488
FR_201008_489,,240106288,489,"DAKOBA TO NAGAON (NH-36)(NHAI) - NHAI,Assam",NHAI,,ROAD TRANSPORT & HIGHWAYS,2010-08,2003-12,,225.0,,225.0,,,199.3,2008-06,,2011-10,,,,0,0,,,,fr_Aug_2010.pdf,Sector-Wise analysis of projects,52,489
FR_201008_490,,N24000107,490,"NH CONNECTIVITY TO ICTT VALLARPADAEU NH - SH - NHAI,Kerala",,,ROAD TRANSPORT & HIGHWAYS,2010-08,2005-03,,557.0,,557.0,,,505.0,2010-02,,2011-10,,,,0,0,,,,fr_Aug_2010.pdf,Sector-Wise analysis of projects,52,490
FR_201008_491,,240106205,491,"HAPUR-GARHMUKTESWAR (OTHERS) KM.58-93, NH-24 - NHAI,Uttar Pradesh",OTHERS,,ROAD TRANSPORT & HIGHWAYS,2010-08,2005-03,,220.0,,220.0,,,165.8,2007-09,,2011-11,,,,0,0,,,,fr_Aug_2010.pdf,Sector-Wise analysis of projects,52,491
FR_201008_492,,240106301,492,"SAGAR BY PASS,KM 187 TO KM 211 , NH-26 (NHAI) - NHAI,Uttar Pradesh",NHAI,,ROAD TRANSPORT & HIGHWAYS,2010-08,2003-12,,151.3,,151.3,,,128.8,2008-10,,2011-11,,,,0,0,,,,fr_Aug_2010.pdf,Sector-Wise analysis of projects,52,492
FR_201008_493,,240106226,493,"BIJNI TO ASSAM/WB BORDER PH.II, KM.30.00 TO 0.00, NH-31 C - NHAI,Assam",,,ROAD TRANSPORT & HIGHWAYS,2010-08,2003-12,,230.0,,230.0,,,115.3,2005-06,,2011-12,,,,0,0,,,,fr_Aug_2010.pdf,Sector-Wise analysis of projects,52,493
FR_201008_494,,240106290,494,"BIJNI TO ASSAM WB BORDER (NH- 31.C)(1)(NHAI) - NHAI,Assam",NHAI,,ROAD TRANSPORT & HIGHWAYS,2010-08,2003-12,,195.0,50.0,195.0,,,123.7,2008-06,,2011-12,,,,0,0,,,,fr_Aug_2010.pdf,Sector-Wise analysis of projects,52,494
FR_201008_495,,240106293,495,"BIJNI TO ASSAM /WB.BORDER (NH- 31.C)(2)(NHAI) - NHAI,Assam",NHAI,,ROAD TRANSPORT & HIGHWAYS,2010-08,2003-12,,237.8,,237.8,,,114.2,2008-06,,2011-12,,,,0,0,,,,fr_Aug_2010.pdf,Sector-Wise analysis of projects,53,495
FR_201008_496,,240106303,496,"SAGAR - RAJMARG CHORAHA,KM 211 TO KM 255, NH-26 (NHAI) - NHAI,Madhya pradesh",NHAI,,ROAD TRANSPORT & HIGHWAYS,2010-08,2003-12,,203.43,,203.43,,,135.8,2008-10,,2011-12,,,,0,0,,,,fr_Aug_2010.pdf,Sector-Wise analysis of projects,53,496
FR_201008_497,,N24000031,497,"JHAJHARPUR TO DARBANGA (BR-7) - NHAI,Bihar",BR-7,,ROAD TRANSPORT & HIGHWAYS,2010-08,2003-12,,340.0,,340.0,,,329.8,2008-09,,2011-12,,,,0,0,,,,fr_Aug_2010.pdf,Sector-Wise analysis of projects,53,497
FR_201008_498,,N24000042,498,"NAGAON TO DHARAMTUL (AS-2) - NHAI,Assam",AS-2,,ROAD TRANSPORT & HIGHWAYS,2010-08,2003-12,,264.72,,264.72,,,185.9,2008-06,,2011-12,,,,0,0,,,,fr_Aug_2010.pdf,Sector-Wise analysis of projects,53,498
FR_201008_499,,N24000048,499,"NALBARI T BIJNI (AS-7) - NHAI,Assam",AS-7,,ROAD TRANSPORT & HIGHWAYS,2010-08,2003-12,,208.0,,208.0,,,161.4,2008-04,,2011-12,,,,0,0,,,,fr_Aug_2010.pdf,Sector-Wise analysis of projects,53,499
FR_201008_500,,N24000049,500,"DHARAMTUL TO SONAPUR,KM 205- 183 (AS-20) - NHAI,Assam",AS-20,,ROAD TRANSPORT & HIGHWAYS,2010-08,2003-12,,160.0,,160.0,,,84.52,2008-05,,2011-12,,,,0,0,,,,fr_Aug_2010.pdf,Sector-Wise analysis of projects,53,500
FR_201008_501,,N24000051,501,"DHARAMTUL TO SONAPUR (AS-19) - NHAI,Assam",AS-19,,ROAD TRANSPORT & HIGHWAYS,2010-08,2003-12,,200.0,,200.0,,,148.1,2008-06,,2011-12,,,,0,0,,,,fr_Aug_2010.pdf,Sector-Wise analysis of projects,53,501
FR_201008_502,,N24000038,502,"GUWHATI TO NALBARI (AS-4) - NHAI,Assam",AS-4,,ROAD TRANSPORT & HIGHWAYS,2010-08,2003-12,,175.96,,175.96,,,95.02,2008-04,,2012-03,,,,0,0,,,,fr_Aug_2010.pdf,Sector-Wise analysis of projects,53,502
FR_201008_503,,N24000046,503,"GUWAHATI TO NALBARI (AS-5) - NHAI,Assam",AS-5,,ROAD TRANSPORT & HIGHWAYS,2010-08,2003-12,,198.16,,198.16,,,135.3,2008-04,,2012-03,,,,0,0,,,,fr_Aug_2010.pdf,Sector-Wise analysis of projects,53,503
FR_201008_504,,N24000068,504,"CHAMBAL BRIDGE, NH-76 (RJ-5) - NHAI,Rajasthan",RJ-5,,ROAD TRANSPORT & HIGHWAYS,2010-08,2003-12,,275.0,,281.31,,,177.32,2010-02,,2012-03,,,,0,0,,,,fr_Aug_2010.pdf,Sector-Wise analysis of projects,53,504
FR_201008_505,,N24000123,505,"PIMPALGAON-NASIK-GONDE, NH-3 (NHDP-PHASE-III) - NHAI,Maharashtra",NHDP-PHASE-III,,ROAD TRANSPORT & HIGHWAYS,2010-08,2005-03,,940.0,,940.0,,,0.33,2012-07,,2012-07,,,,0,0,,,,fr_Aug_2010.pdf,Sector-Wise analysis of projects,53,505
FR_201008_506,,N24000115,506,"PATHANKOT BHOGPUR NH-1A - NHAI,Punjab",,,ROAD TRANSPORT & HIGHWAYS,2010-08,2003-12,,229.0,,229.0,,,40.81,2010-05,,2012-08,,,,0,0,,,,fr_Aug_2010.pdf,Sector-Wise analysis of projects,53,506
FR_201008_507,,240106280,507,"MAIBANG TO LUNDING (AS-24), KM.111.000 TO KM.126.450 - NHAI,Assam",AS-24,,ROAD TRANSPORT & HIGHWAYS,2010-08,2003-12,,155.04,,155.04,,,28.27,2008-11,,2012-12,,,,0,0,,,,fr_Aug_2010.pdf,Sector-Wise analysis of projects,53,507
FR_201008_508,,N24000061,508,"HARANGAJO TO MAIBANG,km 164.08- 190.587 NH-54 - NHAI,Assam",,,ROAD TRANSPORT & HIGHWAYS,2010-08,2003-12,,212.0,,212.0,,,35.04,2007-09,,2012-12,,,,0,0,,,,fr_Aug_2010.pdf,Sector-Wise analysis of projects,53,508
FR_201008_509,,N24000062,509,"HARANGAJO TO MAIBANG, NH-54 - NHAI,Assam",,,ROAD TRANSPORT & HIGHWAYS,2010-08,2003-12,,196.0,,196.0,,,25.11,2009-07,,2012-12,,,,0,0,,,,fr_Aug_2010.pdf,Sector-Wise analysis of projects,53,509
FR_201008_510,,N24000063,510,"BRAHMPUTRA BRIDGE,NH NO-31 - NHAI,Assam",,,ROAD TRANSPORT & HIGHWAYS,2010-08,2003-12,,217.61,,217.61,,,75.23,2010-04,,2012-12,,,,0,0,,,,fr_Aug_2010.pdf,Sector-Wise analysis of projects,53,510
FR_201008_511,,240100203,511,"ALLAHABAD BYPASS (KM.158- KM.198) GQ, NH-2 - NHAI,Uttar Pradesh",KM.158- KM.198,,ROAD TRANSPORT & HIGHWAYS,2010-08,2000-04,,440.93,,440.93,,,641.4,2006-12,,,,,,0,0,,,,fr_Aug_2010.pdf,Sector-Wise analysis of projects,53,511
FR_201008_512,,240100204,512,"ALLAHABAD BYPASS (KM.198- KM.242.708) GQ, NH-2 - NHAI,Uttar Pradesh",KM.198- KM.242.708,,ROAD TRANSPORT & HIGHWAYS,2010-08,2000-04,,534.39,,534.39,,,716.15,2007-05,,,,,,0,0,,,,fr_Aug_2010.pdf,Sector-Wise analysis of projects,53,512
FR_201008_513,,240106227,513,"PURNEA-FORBESGANJ (BR-1) PHASE-II, KM.309 TO 268, NH-57 - NHAI,Bihar",BR-1,,ROAD TRANSPORT & HIGHWAYS,2010-08,2003-12,,276.0,,276.0,,,360.0,2008-04,,,,,,0,0,,,,fr_Aug_2010.pdf,Sector-Wise analysis of projects,53,513
FR_201008_514,,240106228,514,"PURNEA-FORBESGANJ (BR-2) PHASE-II, KM.268 TO 230, NH-57 - NHAI,Bihar",BR-2,,ROAD TRANSPORT & HIGHWAYS,2010-08,2003-12,,310.0,,310.0,,,392.26,2008-04,,,,,,0,0,,,,fr_Aug_2010.pdf,Sector-Wise analysis of projects,53,514
FR_201008_515,,240106244,515,"DEEWAPUR TO UP/BIHAR BORDER (LMNHP-9)-NH-28, KM.402-360.915 - NHAI,Bihar",LMNHP-9,,ROAD TRANSPORT & HIGHWAYS,2010-08,2003-12,,300.0,51.0,300.0,,,,2008-10,,,,,,0,0,,,,fr_Aug_2010.pdf,Sector-Wise analysis of projects,53,515
FR_201008_516,,240106257,516,"DHULE-PIMPALGAON, NH-3, KM.380 TOKM. 265 - NHAI,Maharashtra",,,ROAD TRANSPORT & HIGHWAYS,2010-08,2005-03,,556.0,,556.0,,,568.5,2009-03,,,,,,0,0,,,,fr_Aug_2010.pdf,Sector-Wise analysis of projects,54,516
FR_201008_517,,240106273,517,"SALEM TO KERALA BORDER SEC(TN6), KM.203.96 NH7 TO KM 53 NH47 - NHAI,Tamil Nadu",TN6,,ROAD TRANSPORT & HIGHWAYS,2010-08,2003-12,,469.8,,469.8,,,665.8,2008-12,,,,,,0,0,,,,fr_Aug_2010.pdf,Sector-Wise analysis of projects,54,517
FR_201008_518,,240106285,518,"TRICHY BYPASS END TO TOVARAMKURCHI (NH-45B)(NHAI) - NHAI,Tamil Nadu",NHAI,,ROAD TRANSPORT & HIGHWAYS,2010-08,2005-03,,261.0,,261.0,,,286.3,2008-08,,,,,,0,0,,,,fr_Aug_2010.pdf,Sector-Wise analysis of projects,54,518
FR_201008_519,,N24000054,519,"TOVARAMKURCHI-MADURAI,NH45B (NHAI) - NHAI,Tamil Nadu",NHAI,,ROAD TRANSPORT & HIGHWAYS,2010-08,2000-04,,263.0,,263.0,,,317.74,2008-08,,,,,,0,0,,,,fr_Aug_2010.pdf,Sector-Wise analysis of projects,54,519
FR_201008_520,,N24000060,520,"AP/KARNATKA BORDER-NANDI HILL CROSSING AND DEVANHA - NHAI,Karnataka",,,ROAD TRANSPORT & HIGHWAYS,2010-08,2003-12,,402.8,,402.8,,,453.7,2009-03,,,,,,0,0,,,,fr_Aug_2010.pdf,Sector-Wise analysis of projects,54,520
FR_201008_521,,N24000083,521,"PADALUR-TRICHY, NH-45 - NHAI,Tamil Nadu",,,ROAD TRANSPORT & HIGHWAYS,2010-08,2005-03,,320.0,,320.0,,,636.1,2009-05,,,,,,0,0,,,,fr_Aug_2010.pdf,Sector-Wise analysis of projects,54,521
FR_201008_522,,N24000105,522,"ELEVATED HIGHWAY FROM SILK BOARD JUNCTION TO ELECT - NHAI,Karnataka Total",,,ROAD TRANSPORT & HIGHWAYS,2010-08,2005-03,,450.0,41863.55,450.0,,,876.61,2008-07,,,,,,0,0,,,,fr_Aug_2010.pdf,Sector-Wise analysis of projects,54,522
FR_201008_523,,N25000004,523,"DEEPENING OF CHEENEL AT PARADIP PORT - PORT TRUST,Orissa",,,SHIPPING & PORTS,2010-08,2005-12,,154.84,,253.36,,,221.5,2007-06,2009-01,2010-09,,,,0,0,,,,fr_Aug_2010.pdf,Sector-Wise analysis of projects,54,523
FR_201008_524,,N25000046,524,"DEV. & OPRATION OF AN INTERNATIONAL CONTAINER TRA - PORT TRUST,Kerala",,,SHIPPING & PORTS,2010-08,2004-11,,2118.0,,2118.0,,,,2004-11,,2010-10,,,,0,0,,,,fr_Aug_2010.pdf,Sector-Wise analysis of projects,54,524
FR_201008_525,,250100175,525,"SETHUSAMUDRAM SHIP CHANNEL PROJECT - PORT TRUST,Tamil Nadu",,,SHIPPING & PORTS,2010-08,2005-06,,2427.4,,2427.4,,,818.87,2008-10,,2010-11,,,,0,0,,,,fr_Aug_2010.pdf,Sector-Wise analysis of projects,54,525
FR_201008_526,,N25000016,526,"CONST. & DEV. OF 2 OFFSHORE CONTAINER BERTHS & TER - MUMBAI PORT TRU,Maharashtra",,,SHIPPING & PORTS,2010-08,2007-11,,366.0,,366.0,,,1.43,2010-12,,2010-12,,,,0,0,,,,fr_Aug_2010.pdf,Sector-Wise analysis of projects,54,526
FR_201008_527,,N25000038,527,"OPERATION, MANAG. & MAINT. OF MULTI USER-JETTY FOR - PORT TRUST,Karnataka",,,SHIPPING & PORTS,2010-08,2006-06,,230.0,,230.0,,,,2010-12,,2010-12,,,,0,0,,,,fr_Aug_2010.pdf,Sector-Wise analysis of projects,54,527
FR_201008_528,,250100112,528,"ESTABLISHMENT OF VESSEL TRAFFIC SERVICES IN GULF OF KUTCH - SHIPP.,Gujarat",,,SHIPPING & PORTS,2010-08,2002-01,,165.0,,165.0,,,105.24,2005-12,,2011-01,,,,0,0,,,,fr_Aug_2010.pdf,Sector-Wise analysis of projects,54,528
FR_201008_529,,N25000037,529,"C/O IMPOUNDED DOCK AT TUNA FOR HANDELLING DRAFT VE - PORT TRUST,Gujarat",,,SHIPPING & PORTS,2010-08,2005-04,,882.0,,1140.0,,,0.16,2011-02,,2011-02,,,,0,0,,,,fr_Aug_2010.pdf,Sector-Wise analysis of projects,54,529
FR_201008_530,,N25000029,530,"ACQUISITION OF 6 NOS. 60470 DWT LR-I PRODUCT TANKE - SHIPP.,Maharashtra",,,SHIPPING & PORTS,2010-08,2006-10,,1658.59,,1658.59,,,998.07,2010-07,,2011-03,,,,0,0,,,,fr_Aug_2010.pdf,Sector-Wise analysis of projects,54,530
FR_201008_531,,N25000030,531,"ACQUISITION OF 2 NOS. OF 105000 DWT LR-II TANKERS - SHIPP.,Maharashtra",,,SHIPPING & PORTS,2010-08,2007-08,,586.58,,586.58,,,307.02,2010-11,,2011-03,,,,0,0,,,,fr_Aug_2010.pdf,Sector-Wise analysis of projects,54,531
FR_201008_532,,N25000039,532,"CONSTRUCTION OF 13 & 14 CARGO BERTH AT KANDLA - PORT TRUST,Gujarat",,,SHIPPING & PORTS,2010-08,2005-12,,702.0,52.0,755.5,,,0.73,2011-03,,2011-03,,,,0,0,,,,fr_Aug_2010.pdf,Sector-Wise analysis of projects,54,532
FR_201008_533,,N25000014,533,"ACQUISITION OF 4 NO. OF ANCHOR HANDLING CUM SUPPLY - SHIPP.,Maharashtra",,,SHIPPING & PORTS,2010-08,2007-10,,359.44,,359.44,,,262.97,2011-04,,2011-04,,,,0,0,,,,fr_Aug_2010.pdf,Sector-Wise analysis of projects,55,533
FR_201008_534,,N25000042,534,"Acquisition of two nos. of 120 B.P - PORT TRUST,Maharashtra",,,SHIPPING & PORTS,2010-08,2009-04,,2908.48,,2908.48,,,72.59,2011-03,,2011-06,,,,0,0,,,,fr_Aug_2010.pdf,Sector-Wise analysis of projects,55,534
FR_201008_535,,N25000032,535,"ACQUISITION OF 4 NOS. OF 115000 DWT CRUDE OIL CARR - SHIPP.,Maharashtra",,,SHIPPING & PORTS,2010-08,2008-08,,1108.12,,1168.42,,,503.24,2011-04,,2011-12,,,,0,0,,,,fr_Aug_2010.pdf,Sector-Wise analysis of projects,55,535
FR_201008_536,,N25000043,536,"Acquisition of Two nos. of 3060 DWT - PORT TRUST,Maharashtra",,,SHIPPING & PORTS,2010-08,2009-04,,2770.32,,2770.42,,,55.4,2011-09,,2011-12,,,,0,0,,,,fr_Aug_2010.pdf,Sector-Wise analysis of projects,55,536
FR_201008_537,,N25000033,537,"ACQUISITION OF 6 NOS. OF 57000 DWT HANDYMAX BULK C - SHIPP.,Maharashtra",,,SHIPPING & PORTS,2010-08,2007-11,,1061.96,,1061.96,,,219.98,2012-03,,2012-01,,,,0,0,,,,fr_Aug_2010.pdf,Sector-Wise analysis of projects,55,537
FR_201008_538,,N25000048,538,"SETTING UP OF LNG REGASIFICATION TERMINAL AT PUTHU - PORT TRUST,Kerala",,,SHIPPING & PORTS,2010-08,2009-03,,3500.0,,3500.0,,,,2012-01,,2012-01,,,,0,0,,,,fr_Aug_2010.pdf,Sector-Wise analysis of projects,55,538
FR_201008_539,,N25000031,539,"ACQUISITION OF 4 NOS. OF 80655 DWT PANAMAX BULK CA - SHIPP.,Maharashtra",,,SHIPPING & PORTS,2010-08,2008-08,,1066.91,,968.35,,,222.91,2012-09,,2012-08,,,,0,0,,,,fr_Aug_2010.pdf,Sector-Wise analysis of projects,55,539
FR_201008_540,,N25000049,540,"Mechanization of coal handling facilities to 200 - PORT TRUST,Andhra Pradesh",,,SHIPPING & PORTS,2010-08,2010-02,,444.1,,444.1,,,,2010-06,,2012-11,,,,0,0,,,,fr_Aug_2010.pdf,Sector-Wise analysis of projects,55,540
FR_201008_541,,N25000003,541,"DEEPENING AND WIDENING OF MAIN HARBOUR CHANNEL AND - PORT TRUST,Maharashtra",,,SHIPPING & PORTS,2010-08,2005-10,,800.0,,800.0,,,0.59,2008-10,,,,,,0,0,,,,fr_Aug_2010.pdf,Sector-Wise analysis of projects,55,541
FR_201008_542,,N25000013,542,"ACQUISITION OF TWO NOS.OF 470000 DWT MR TANKERS - SHIPP.,Maharashtra",,,SHIPPING & PORTS,2010-08,2006-12,,411.32,,411.32,,,406.28,2010-03,,,,,,0,0,,,,fr_Aug_2010.pdf,Sector-Wise analysis of projects,55,542
FR_201008_543,,N25000015,543,"RAIL CONNECTIVITY TO ICTT AT VALLARPADAM - MUMBAI PORT TRU,Kerala",,,SHIPPING & PORTS,2010-08,2007-03,,245.67,,298.17,,,7.69,2009-04,,,,,,0,0,,,,fr_Aug_2010.pdf,Sector-Wise analysis of projects,55,543
FR_201008_544,,N25000035,544,"ENNORE MANALI EXPRESS WAY,F/O SPECIAL PURPOSE VEHI - SHIPP.,Tamil Nadu",,,SHIPPING & PORTS,2010-08,2002-10,,150.0,,309.0,,,23.26,2005-09,,,,,,0,0,,,,fr_Aug_2010.pdf,Sector-Wise analysis of projects,55,544
FR_201008_545,,N25000047,545,"SETTING UP OF AN INTERNATIONAL CRUISE TERMINAL AT - PORT TRUST,Kerala Total",,,SHIPPING & PORTS,2010-08,2008-03,,375.0,24491.73,375.0,,,4227.93,2009-01,,,,,,0,0,,,,fr_Aug_2010.pdf,Sector-Wise analysis of projects,55,545
FR_201008_546,,N26000028,546,"COMMISSIONING OF GSM EQUIPMENT OF 650K LINES (PH- - BSNL,Maharashtra",,,TELECOMMUNICATIONS,2010-08,2006-11,,364.52,,364.52,,,51.44,2006-12,,2009-08,,,,0,0,,,,fr_Aug_2010.pdf,Sector-Wise analysis of projects,55,546
FR_201008_547,,260100099,547,"PROJ.III OF NIB-II OF MESSAGING STORAGE - BSNL,Multi State",,,TELECOMMUNICATIONS,2010-08,2003-11,,250.0,,425.51,,,109.31,2005-12,,2010-07,,,,0,0,,,,fr_Aug_2010.pdf,Sector-Wise analysis of projects,55,547
FR_201008_548,,N26000034,548,"GSM BASED NETWORK EXPANSION PLAN PH-4 - BSNL,Chhatisgarh",,,TELECOMMUNICATIONS,2010-08,2007-02,,239.19,,239.19,,,96.97,2008-04,,2010-07,,,,0,0,,,,fr_Aug_2010.pdf,Sector-Wise analysis of projects,55,548
FR_201008_549,,N26000037,549,"NIB-II PROJECT RURAL BROADBAND - BSNL,Multi State",,,TELECOMMUNICATIONS,2010-08,2007-12,,312.86,53.0,353.0,,,231.12,2008-02,,2010-07,,,,0,0,,,,fr_Aug_2010.pdf,Sector-Wise analysis of projects,55,549
FR_201008_550,,N26000079,550,"GSM equipment of 2,00,000Lines (2G) Rajasthan ( Ph - BSNL,Rajasthan",2G,,TELECOMMUNICATIONS,2010-08,2009-09,,577.35,,577.35,,,39.7,2010-09,,2010-07,,,,0,0,,,,fr_Aug_2010.pdf,Sector-Wise analysis of projects,56,550
FR_201008_551,,N26000087,551,"GSM equipment of 849862Lines (2G) 150138 lines 3(G - BSNL,West Bengal",2G,,TELECOMMUNICATIONS,2010-08,2008-02,,584.33,,584.33,,,377.04,2009-02,,2010-08,,,,0,0,,,,fr_Aug_2010.pdf,Sector-Wise analysis of projects,56,551
FR_201008_552,,N26000095,552,"GSM equipment of 614000Lines (2G) 150000lines 3(G) - BSNL,Tamil Nadu",G,,TELECOMMUNICATIONS,2010-08,2009-01,,315.19,,315.19,,,68.99,2010-01,,2010-08,,,,0,0,,,,fr_Aug_2010.pdf,Sector-Wise analysis of projects,56,552
FR_201008_553,,N26000036,553,"KOLKATA TELECOM DISTRICT PH-4 - BSNL,West Bengal",,,TELECOMMUNICATIONS,2010-08,2006-09,,208.5,,208.5,,,146.0,2008-09,,2010-09,,,,0,0,,,,fr_Aug_2010.pdf,Sector-Wise analysis of projects,56,553
FR_201008_554,,N26000050,554,"GSM EQUIPMENT-480K LINES(2G) & 220K LINES(3G) IN - BSNL,Uttar Pradesh",3G,,TELECOMMUNICATIONS,2010-08,2007-05,,335.91,,335.91,,,157.24,2009-03,,2010-09,,,,0,0,,,,fr_Aug_2010.pdf,Sector-Wise analysis of projects,56,554
FR_201008_555,,N26000058,555,"UTTARANCHAL TELECOM CIRCLE PHASE-VI (2G & 3G) - BSNL,Uttaranchal",2G & 3G,,TELECOMMUNICATIONS,2010-08,2009-01,,149.15,158.72,158.72,,,88.17,2009-06,,2010-09,,,,0,0,,,,fr_Aug_2010.pdf,Sector-Wise analysis of projects,56,555
FR_201008_556,,N26000065,556,"Execution of telecom network requirement of defence - BSNL,Multi State",,,TELECOMMUNICATIONS,2010-08,2006-05,,1077.0,,1077.0,,,841.0,2009-03,,2010-09,,,,0,0,,,,fr_Aug_2010.pdf,Sector-Wise analysis of projects,56,556
FR_201008_557,,N26000090,557,"GSM equipment of 1625000Lines (2G) 325000 lines 3( - BSNL,Madhya pradesh",2G,,TELECOMMUNICATIONS,2010-08,2009-11,,916.7,,916.7,,,185.06,2010-11,,2010-09,,,,0,0,,,,fr_Aug_2010.pdf,Sector-Wise analysis of projects,56,557
FR_201008_558,,N26000091,558,"GSM equipment of 1900000Lines (2G) 401700 lines 3( - BSNL,Tamil Nadu",2G,,TELECOMMUNICATIONS,2010-08,2009-01,,760.2,,810.37,,,685.28,2010-01,,2010-09,,,,0,0,,,,fr_Aug_2010.pdf,Sector-Wise analysis of projects,56,558
FR_201008_559,,N26000039,559,"GSM EQUIPMENT OF 900K LINES(2G) AND 300K LINES(3G) - BSNL,Rajasthan",3G,,TELECOMMUNICATIONS,2010-08,2007-06,,601.49,,601.49,,,467.21,2008-12,,2010-10,,,,0,0,,,,fr_Aug_2010.pdf,Sector-Wise analysis of projects,56,559
FR_201008_560,,N26000040,560,"GSM EQUIPMENT OF 216650 LINES(2G) PH-5.1 - BSNL,Haryana",2G,,TELECOMMUNICATIONS,2010-08,2008-01,,192.48,,192.48,,,110.82,2009-03,,2010-10,,,,0,0,,,,fr_Aug_2010.pdf,Sector-Wise analysis of projects,56,560
FR_201008_561,,N26000043,561,"GSM EQUIPMENT OF 3125K LINES(2G) AND 625K LINES(3 - BSNL,Maharashtra",2G,,TELECOMMUNICATIONS,2010-08,2008-09,,1799.94,,1799.94,,,64.5,2009-09,,2010-10,,,,0,0,,,,fr_Aug_2010.pdf,Sector-Wise analysis of projects,56,561
FR_201008_562,,N26000046,562,"GSM EQUIPMENT OF 700K LINES(2G) AND 150K LINES(3G) - BSNL,Orissa",3G,,TELECOMMUNICATIONS,2010-08,2007-11,,277.34,,277.34,,,292.21,2009-03,,2010-10,,,,0,0,,,,fr_Aug_2010.pdf,Sector-Wise analysis of projects,56,562
FR_201008_563,,N26000060,563,"BIHAR TELECOM CIRCLE PHASE-V.1, 2G &3G - BSNL,Bihar",,,TELECOMMUNICATIONS,2010-08,2007-04,,366.0,529.32,529.32,,,202.66,2009-09,,2010-10,,,,0,0,,,,fr_Aug_2010.pdf,Sector-Wise analysis of projects,56,563
FR_201008_564,,N26000062,564,"Assam Telecom Circle, Phase-V.I, 2G & 3G - BSNL,Assam",,,TELECOMMUNICATIONS,2010-08,2007-06,,336.81,,336.81,,,105.16,2009-01,,2010-10,,,,0,0,,,,fr_Aug_2010.pdf,Sector-Wise analysis of projects,56,564
FR_201008_565,,N26000072,565,"Implementation of FTTH, the state of the art access ,gpon eq - BSNL,Multi State",,,TELECOMMUNICATIONS,2010-08,2007-12,,952.88,,952.88,,,,2010-03,,2010-10,,,,0,0,,,,fr_Aug_2010.pdf,Sector-Wise analysis of projects,56,565
FR_201008_566,,N26000073,566,"Implementation of FTTH, the state of the art Acces - BSNL,Multi State",,,TELECOMMUNICATIONS,2010-08,2007-12,,152.65,,152.65,,,,2010-03,,2010-10,,,,0,0,,,,fr_Aug_2010.pdf,Sector-Wise analysis of projects,56,566
FR_201008_567,,N26000076,567,"Provision of data network for CWG delhi - MTNL,Delhi",,,TELECOMMUNICATIONS,2010-08,2009-11,,488.76,,488.76,,,,2010-10,,2010-10,,,,0,0,,,,fr_Aug_2010.pdf,Sector-Wise analysis of projects,56,567
FR_201008_568,,N26000080,568,"GSM equipment of 4,50,000 Lines (2G) Haryana (Phas - BSNL,Haryana",2G,,TELECOMMUNICATIONS,2010-08,2008-09,,216.54,96.24,216.54,,,51.39,2009-09,,2010-10,,,,0,0,,,,fr_Aug_2010.pdf,Sector-Wise analysis of projects,56,568
FR_201008_569,,N26000081,569,"GSM equipment of 900000Lines (2G) PunjabPhase V.2 - BSNL,Punjab",2G,,TELECOMMUNICATIONS,2010-08,2008-09,,241.49,,241.49,,,89.66,2009-09,,2010-10,,,,0,0,,,,fr_Aug_2010.pdf,Sector-Wise analysis of projects,57,569
FR_201008_570,,N26000082,570,"GSM equipment of 200000Lines (2G) UP(West)Phase V. - BSNL,Uttar Pradesh",West,,TELECOMMUNICATIONS,2010-08,2008-10,,336.84,,336.84,,,22.23,2009-10,,2010-10,,,,0,0,,,,fr_Aug_2010.pdf,Sector-Wise analysis of projects,57,570
FR_201008_571,,N26000083,571,"GSM equipment of 975000Lines (2G) 325000 lines 3(G - BSNL,Uttar Pradesh",2G,,TELECOMMUNICATIONS,2010-08,2009-02,,625.53,625.53,625.53,,,242.56,2010-02,,2010-10,,,,0,0,,,,fr_Aug_2010.pdf,Sector-Wise analysis of projects,57,571
FR_201008_572,,N26000084,572,"GSM equipment of 1100000Lines (2G) UP East Phase - BSNL,Uttar Pradesh",2G,,TELECOMMUNICATIONS,2010-08,2009-09,,624.75,,624.75,,,75.25,2010-09,,2010-10,,,,0,0,,,,fr_Aug_2010.pdf,Sector-Wise analysis of projects,57,572
FR_201008_573,,N26000085,573,"GSM equipment of 375000Lines (2G) 75000lines 3(G) - BSNL,West Bengal",G,,TELECOMMUNICATIONS,2010-08,2008-06,,170.23,,167.2,,,127.33,2009-06,,2010-10,,,,0,0,,,,fr_Aug_2010.pdf,Sector-Wise analysis of projects,57,573
FR_201008_574,,N26000086,574,"GSM equipment of 945000Lines (2G) 225000lines 3(G) - BSNL,Bihar",G,,TELECOMMUNICATIONS,2010-08,2007-10,,366.0,,529.32,,,202.66,2008-10,,2010-10,,,,0,0,,,,fr_Aug_2010.pdf,Sector-Wise analysis of projects,57,574
FR_201008_575,,N26000088,575,"GSM equipment of 799000Lines (2G) 101000 lines 3(G - BSNL,Jharkhandd",2G,,TELECOMMUNICATIONS,2010-08,2008-03,,328.13,392.44,392.44,,,150.12,2009-03,,2010-10,,,,0,0,,,,fr_Aug_2010.pdf,Sector-Wise analysis of projects,57,575
FR_201008_576,,N26000089,576,"GSM equipment of 1867000Lines (2G) 383000 lines 3( - BSNL,Gujarat",2G,,TELECOMMUNICATIONS,2010-08,2008-08,,868.0,,868.0,,,234.87,2009-08,,2010-10,,,,0,0,,,,fr_Aug_2010.pdf,Sector-Wise analysis of projects,57,576
FR_201008_577,,N26000092,577,"GSM equipment of 1700000Lines (2G) 234100 lines 3( - BSNL,Karnataka",2G,,TELECOMMUNICATIONS,2010-08,2008-10,,677.75,719.9,719.9,,,282.08,2009-10,,2010-10,,,,0,0,,,,fr_Aug_2010.pdf,Sector-Wise analysis of projects,57,577
FR_201008_578,,N26000093,578,"GSM equipment of 1500000Lines (2G) 264700lines 3(G - BSNL,Andhra Pradesh",2G,,TELECOMMUNICATIONS,2010-08,2009-01,,922.91,,922.91,,,202.14,2010-01,,2010-10,,,,0,0,,,,fr_Aug_2010.pdf,Sector-Wise analysis of projects,57,578
FR_201008_579,,N26000094,579,"GSM equipment of 1900000Lines (2G) 335500lines 3(G - BSNL,Kerala",2G,,TELECOMMUNICATIONS,2010-08,2009-01,,848.7,,848.7,,,445.52,2010-01,,2010-10,,,,0,0,,,,fr_Aug_2010.pdf,Sector-Wise analysis of projects,57,579
FR_201008_580,,N26000096,580,"ERP implementation in BSNL on Turnkey basis - BSNL,Multi State",,,TELECOMMUNICATIONS,2010-08,2009-10,,384.0,,384.0,,,12.64,2010-10,,2010-10,,,,0,0,,,,fr_Aug_2010.pdf,Sector-Wise analysis of projects,57,580
FR_201008_581,,N26000041,581,"GSM EQUIPMENT OF 390K LINES(2G) AND 130K LINES(3G) - BSNL,Punjab",3G,,TELECOMMUNICATIONS,2010-08,2008-02,,373.94,,373.94,,,176.33,2008-12,,2010-11,,,,0,0,,,,fr_Aug_2010.pdf,Sector-Wise analysis of projects,57,581
FR_201008_582,,N26000051,582,"GSM EQUIPMENT OF 1625K LINES(2G) & 325K LINES IN M - BSNL,Madhya pradesh",2G,,TELECOMMUNICATIONS,2010-08,2008-06,,908.3,,916.7,,,185.06,2009-08,,2010-11,,,,0,0,,,,fr_Aug_2010.pdf,Sector-Wise analysis of projects,57,582
FR_201008_583,,N26000074,583,"Procurement of DXC equipment - BSNL,Multi State",,,TELECOMMUNICATIONS,2010-08,2008-02,,229.0,,229.0,,,,2010-03,,2010-11,,,,0,0,,,,fr_Aug_2010.pdf,Sector-Wise analysis of projects,57,583
FR_201008_584,,N26000075,584,"Procurement of 24 F OF cable. - BSNL,Multi State",,,TELECOMMUNICATIONS,2010-08,2008-02,,199.0,,199.0,,,,2010-03,,2010-11,,,,0,0,,,,fr_Aug_2010.pdf,Sector-Wise analysis of projects,57,584
FR_201008_585,,N26000016,585,"CONVERGENT BILLING AND CRM(MUMBAI) - MTNL,Maharashtra",MUMBAI,,TELECOMMUNICATIONS,2010-08,2006-01,,247.0,,247.0,,,,2007-02,,2010-12,,,,0,0,,,,fr_Aug_2010.pdf,Sector-Wise analysis of projects,57,585
FR_201008_586,,N26000066,586,"Procurement of 2.5G DWDM equipment - BSNL,Multi State",,,TELECOMMUNICATIONS,2010-08,2006-08,,424.0,,424.0,,,,2009-03,,2010-12,,,,0,0,,,,fr_Aug_2010.pdf,Sector-Wise analysis of projects,57,586
FR_201008_587,,N26000067,587,"Procurement of 10G (40 chl) DWDM equipment - BSNL,Multi State",40 chl,,TELECOMMUNICATIONS,2010-08,2006-08,,590.1,55.0,590.1,,,,2009-03,,2010-12,,,,0,0,,,,fr_Aug_2010.pdf,Sector-Wise analysis of projects,57,587
FR_201008_588,,N26000068,588,"Procurement of 10G 40 CHL (12 chi equipped) DWDM - BSNL,Multi State",12 chi equipped,,TELECOMMUNICATIONS,2010-08,2007-12,,545.5,,545.5,,,,2010-03,,2010-12,,,,0,0,,,,fr_Aug_2010.pdf,Sector-Wise analysis of projects,58,588
FR_201008_589,,N26000069,589,"Procurement of STM-1 SDH equipment - BSNL,Multi State",,,TELECOMMUNICATIONS,2010-08,2007-02,,154.03,,154.03,,,,2010-03,,2010-12,,,,0,0,,,,fr_Aug_2010.pdf,Sector-Wise analysis of projects,58,589
FR_201008_590,,N26000070,590,"Procurement of STM-16 MADM equipment - BSNL,Multi State",,,TELECOMMUNICATIONS,2010-08,2008-03,,355.92,,355.92,,,,2010-03,,2010-12,,,,0,0,,,,fr_Aug_2010.pdf,Sector-Wise analysis of projects,58,590
FR_201008_591,,N26000071,591,"Procurement of STM-16 ADM equipment - BSNL,Multi State",,,TELECOMMUNICATIONS,2010-08,2007-02,,477.0,,477.0,,,,2010-03,,2010-12,,,,0,0,,,,fr_Aug_2010.pdf,Sector-Wise analysis of projects,58,591
FR_201008_592,,N26000077,592,"Expn of existing 2G & 3G GSM N/W by 750k - MTNL,Maharashtra",,,TELECOMMUNICATIONS,2010-08,2008-10,,180.53,,180.53,,,,2010-06,,2010-12,,,,0,0,,,,fr_Aug_2010.pdf,Sector-Wise analysis of projects,58,592
FR_201008_593,,N26000011,593,"CONVERGENT BILLING AND CRM- MTNL(DELHI) - MTNL,Delhi",DELHI,,TELECOMMUNICATIONS,2010-08,2005-12,,249.0,,229.41,,,,2007-02,,2011-03,,,,0,0,,,,fr_Aug_2010.pdf,Sector-Wise analysis of projects,58,593
FR_201008_594,,N26000078,594,"FTTH BO-3474 /08-09 in Mumbai - MTNL,Maharashtra",,,TELECOMMUNICATIONS,2010-08,2011-09,,389.86,,389.86,,,2.09,2011-09,,2011-09,,,,0,0,,,,fr_Aug_2010.pdf,Sector-Wise analysis of projects,58,594
FR_201008_595,,260100051,595,"NATIONAL RADIO SPECTRUM MANAGEMENTand MONIT. SY. I - DOT,Delhi",,,TELECOMMUNICATIONS,2010-08,2000-08,,279.97,,172.04,,,136.24,2004-12,,,,,,0,0,,,,fr_Aug_2010.pdf,Sector-Wise analysis of projects,58,595
FR_201008_596,,260100095,596,"GSM EXPANSION PH.IV (B) (BSNL) MAHARASHTRA - BSNL,Maharashtra",BSNL,,TELECOMMUNICATIONS,2010-08,2005-07,,1174.75,,1174.75,,,371.41,2006-03,,,,,,0,0,,,,fr_Aug_2010.pdf,Sector-Wise analysis of projects,58,596
FR_201008_597,,N26000015,597,"IMPLEMENTATION AND EXECUTION OF NEW TECHNOLOGY - BSNL,Multi State",,,TELECOMMUNICATIONS,2010-08,2004-10,,160.0,,160.0,,,94.77,2006-06,,,,,,0,0,,,,fr_Aug_2010.pdf,Sector-Wise analysis of projects,58,597
FR_201008_598,,N26000026,598,"EXP. OF 750K GSM LINES OF 2.5 GSM AND VALIDATION EQU - MTNL,Delhi",,,TELECOMMUNICATIONS,2010-08,2007-02,,741.77,,278.16,,,151.37,2007-10,,,,,,0,0,,,,fr_Aug_2010.pdf,Sector-Wise analysis of projects,58,598
FR_201008_599,,N26000029,599,"EXPANSION OF EXISTING 750K GSM NETWORK PE NO. 992 - BSNL,Maharashtra",,,TELECOMMUNICATIONS,2010-08,2006-06,,231.38,,168.3,,,94.13,2007-10,,,,,,0,0,,,,fr_Aug_2010.pdf,Sector-Wise analysis of projects,58,599
FR_201008_600,,N26000042,600,"GSM EQUIPMENT OF 1006280 LINES IN TAMILNADU PH-4.5 - BSNL,Tamil Nadu",,,TELECOMMUNICATIONS,2010-08,2008-06,,409.21,,483.54,,,470.24,2008-12,,,,,,0,0,,,,fr_Aug_2010.pdf,Sector-Wise analysis of projects,58,600
FR_201008_601,,N26000061,601,"EXPANSION OF EXISTING 2G&3G GSM N/W BY 750 KPE NO - MTNL,Delhi",,,TELECOMMUNICATIONS,2010-08,2008-10,,180.53,,180.53,,,25.97,2009-12,,,,,,0,0,,,,fr_Aug_2010.pdf,Sector-Wise analysis of projects,58,601
FR_201008_602,,N26000063,602,"MANAGED LEASED LINE NETWORK PH-VI - BSNL,Multi State",,,TELECOMMUNICATIONS,2010-08,2008-11,,350.0,,350.0,,,,,,,,,,0,0,,,,fr_Aug_2010.pdf,Sector-Wise analysis of projects,58,602
FR_201008_603,,N26000064,603,"CENTRALISED TRANSMISSION NMS - BSNL,Multi State Total",,,TELECOMMUNICATIONS,2010-08,2009-08,,300.0,27020.91,300.0,,,8165.94,,,,,,,0,0,,,,fr_Aug_2010.pdf,Sector-Wise analysis of projects,58,603
FR_201008_604,,280100002,604,"DELHI MRTS PHASE-II PROJECT - DMRC,Delhi",,,URBAN DEVELOPMENT,2010-08,2005-08,,8676.0,8605.36,18894.36,,,15560.43,2010-06,,2010-09,,,,0,8,,,,fr_Aug_2010.pdf,Sector-Wise analysis of projects,58,604
FR_201008_605,,N28000008,605,"BANGALORE METRO RAIL PROJECT - MRTP,Karnataka Total",,,URBAN DEVELOPMENT,2010-08,2006-05,,6395.0,8158.0,11609.0,,,2954.59,2011-12,2013-03,2013-03,,,,6,6,,,,fr_Aug_2010.pdf,Sector-Wise analysis of projects,58,605
FR_201008_606,,300100001,606,"PAGLADIYA DAM PROJECT - MoWR,Assam Total Grand Total",,,WATER RESOURCES,2010-08,2001-01,,542.9,542.9,1187.0,,,35.49,2007-12,,2012-12,,,,0,0,,,,fr_Aug_2010.pdf,Sector-Wise analysis of projects,59,606
