observation_id,project_id,project_code,serial_no,project_name,agency,state,sector,report_date,approval_date,approval_date_revised,original_cost_crore,revised_cost_crore,anticipated_cost_crore,cost_overrun_original_crore,cost_overrun_revised_crore,cumulative_expenditure_crore,original_completion_date,revised_completion_date,anticipated_completion_date,time_overrun_original_months,time_overrun_revised_months,additional_delay_months,milestones_achieved,milestones_total,physical_progress_pct,delay_reason,status,source.report,source.table,source.page,source.serial_no
FR_201001_001,,020100042,1,RAJASTHAN ATOMIC POWER PROJECT 5 and 6 (NPCIL) -,NPCIL,,ATOMIC ENERGY,2010-01,2002-04,,3072.0,,3072.0,,,2109.0,2008-02,,2010-02,,,,0,75,,,,FR_JAN_2010.pdf,Sector-Wise analysis of projects,33,1
FR_201001_002,,020100041,2,KAIGA 3 and 4 UNITS (NPCIL) -,NPCIL,,ATOMIC ENERGY,2010-01,2001-05,,4213.0,,3282.0,,,2508.0,2009-10,2007-09,2010-03,,,,0,75,,,,FR_JAN_2010.pdf,Sector-Wise analysis of projects,33,2
FR_201001_003,,020100040,3,KUDANKULAM APP (NPCIL) -,NPCIL,,ATOMIC ENERGY,2010-01,2001-12,,13171.0,,13171.0,,,12571.0,2008-12,,2011-03,,,,0,119,,,,FR_JAN_2010.pdf,Sector-Wise analysis of projects,33,3
FR_201001_004,,N02000007,4,URANIUM ORE MINE & PROCESSING PLANT AT TUMMALAPALL -,,,ATOMIC ENERGY,2010-01,2007-09,,1106.29,,1106.29,,,467.22,2011-04,,2011-04,,,,0,0,,,,FR_JAN_2010.pdf,Sector-Wise analysis of projects,33,4
FR_201001_005,,020100044,5,"PROTOTYPE FAST BREEDER REACTOR (BHAVINI, 500 MWE) - Total","BHAVINI, 500 MWE",,ATOMIC ENERGY,2010-01,2003-09,,3492.0,25054.29,5677.0,,,2247.73,2010-09,,2011-09,,,,0,80,,,,FR_JAN_2010.pdf,Sector-Wise analysis of projects,33,5
FR_201001_006,,N04000052,6,Construction of New Integrated Terminal Building -,,,CIVIL AVIATION,2010-01,2006-10,,147.0,,147.0,,,125.52,2008-09,2009-02,2009-10,,,,0,0,,,,FR_JAN_2010.pdf,Sector-Wise analysis of projects,33,6
FR_201001_007,,N04000057,7,C/O PASSENGER LOUNGE BIRSI AIRPORT -,,,CIVIL AVIATION,2010-01,2006-03,,108.07,,108.07,,,130.02,2008-08,,2009-10,,,,0,0,,,,FR_JAN_2010.pdf,Sector-Wise analysis of projects,33,7
FR_201001_008,,N04000016,8,CONSTRUCTION OF NEW INTERNATIONAL TERMINAL BUILDING -,,,CIVIL AVIATION,2010-01,2006-10,,245.58,295.0,245.58,,,224.79,2008-12,,2009-12,,,,0,28,,,,FR_JAN_2010.pdf,Sector-Wise analysis of projects,33,8
FR_201001_009,,N04000034,9,C/O NEW EXPANDABLE MODULAR INTEGRATED BLDG. RAIPUR -,,,CIVIL AVIATION,2010-01,2008-03,,129.65,135.72,129.65,,,35.92,2009-09,2010-03,2010-03,,,,0,0,,,,FR_JAN_2010.pdf,Sector-Wise analysis of projects,33,9
FR_201001_010,,N04000035,10,C/O EXPANDABLE MODULAR INTEGRATED TER. BULD. RAJA -,,,CIVIL AVIATION,2010-01,2008-03,,135.04,,135.04,,,58.25,2009-09,,2010-03,,,,0,0,,,,FR_JAN_2010.pdf,Sector-Wise analysis of projects,33,10
FR_201001_011,,N04000042,11,Construction of New Integrated Passenger Terminal -,,,CIVIL AVIATION,2010-01,2006-03,,129.38,,129.38,,,47.16,2009-04,2009-10,2010-03,,,,0,0,,,,FR_JAN_2010.pdf,Sector-Wise analysis of projects,33,11
FR_201001_012,,N04000047,12,Construction of New Expandable Modular Integrated -,,,CIVIL AVIATION,2010-01,2008-03,,135.72,,135.72,,,31.2,2009-09,2009-12,2010-03,,,,0,0,,,,FR_JAN_2010.pdf,Sector-Wise analysis of projects,33,12
FR_201001_013,,N04000051,13,Construction of New Integrated terminal building -,,,CIVIL AVIATION,2010-01,2007-04,,128.96,,128.96,,,53.91,2009-02,2009-06,2010-03,,,,0,0,,,,FR_JAN_2010.pdf,Sector-Wise analysis of projects,33,13
FR_201001_014,,N04000036,14,C/O EXPANDABLE MODULAR TER. BULD. AT DABH INDORE -,,,CIVIL AVIATION,2010-01,2008-02,,135.6,,135.6,,,44.76,2009-10,,2010-05,,,,0,0,,,,FR_JAN_2010.pdf,Sector-Wise analysis of projects,33,14
FR_201001_015,,N04000040,15,D/O OF TERMINAL BLDG. AND PAVEMENT WORKS AT CHENNA -,,,CIVIL AVIATION,2010-01,2008-01,,535.0,,535.0,,,143.97,2010-06,,2010-06,,,,0,0,,,,FR_JAN_2010.pdf,Sector-Wise analysis of projects,33,15
FR_201001_016,,N04000049,16,C/o new Integrated terminal Bldg. at Birsa Munda -,,,CIVIL AVIATION,2010-01,2009-01,,137.79,,137.79,,,12.5,2010-01,2010-02,2010-06,,,,0,0,,,,FR_JAN_2010.pdf,Sector-Wise analysis of projects,33,16
FR_201001_017,,N04000039,17,C/O INTEGERATED CARGO COMPLEX(PH-III) AT CHENNAI A -,PH-III,,CIVIL AVIATION,2010-01,2008-08,,144.94,,144.94,,,21.86,2010-04,,2010-12,,,,0,1,,,,FR_JAN_2010.pdf,Sector-Wise analysis of projects,33,17
FR_201001_018,,N04000038,18,D/O KAMARAJ DOMESTIC TER-PH-II & EXP. ANNA INT. TE -,,,CIVIL AVIATION,2010-01,2008-08,,1273.0,1212.0,1273.0,,,255.24,2011-01,,2011-01,,,,0,0,,,,FR_JAN_2010.pdf,Sector-Wise analysis of projects,33,18
FR_201001_019,,N04000037,19,C/O INTEGRATED PASSENGER TER. BULD. NSCBI AIRPORT -,,,CIVIL AVIATION,2010-01,2008-08,,1942.51,,1942.51,,,245.58,2011-05,,2011-05,,,,0,0,,,,FR_JAN_2010.pdf,Sector-Wise analysis of projects,34,19
FR_201001_020,,N04000017,20,CONSTRUCTION OF NEW INTERNATIONAL TERMINAL BLDG. A -,,,CIVIL AVIATION,2010-01,2007-02,,290.92,,290.92,,,227.34,2009-02,,,,,,0,24,,,,FR_JAN_2010.pdf,Sector-Wise analysis of projects,34,20
FR_201001_021,,N04000050,21,C/o new Airport-SH: E/W in cutting and filling geogrid -,,,CIVIL AVIATION,2010-01,2009-01,,264.29,,264.0,,,15.02,2011-01,,,,,,0,0,,,,FR_JAN_2010.pdf,Sector-Wise analysis of projects,34,21
FR_201001_022,,N04000056,22,DEV. OF KAMRAJ DOMESTIC CHENNAI AIRPORT -,,,CIVIL AVIATION,2010-01,2008-08,,1808.0,,1808.0,,,417.36,2011-01,,,,,,0,0,,,,FR_JAN_2010.pdf,Sector-Wise analysis of projects,34,22
FR_201001_023,,N04000065,23,GAGAN PROJECT - Total,,,CIVIL AVIATION,2010-01,2008-09,,393.6,8085.05,393.6,,,160.29,2013-06,,,,,,0,0,,,,FR_JAN_2010.pdf,Sector-Wise analysis of projects,34,23
FR_201001_024,,060100088,24,EXPANSION OF MINE-II (10.5 MTPA TO 15.0 MTPA) (NLC) -,NLC,,COAL,2010-01,2004-10,,2161.28,2295.93,2295.93,,,1767.74,2009-06,,2010-02,,,,0,23,,,,FR_JAN_2010.pdf,Sector-Wise analysis of projects,34,24
FR_201001_025,,060100090,25,BARSINGSAR MINE 2.10 MTPA LIGNITE (NLC) -,NLC,,COAL,2010-01,2004-12,,254.07,254.6,254.6,,,211.48,2009-06,,2010-02,,,,0,21,,,,FR_JAN_2010.pdf,Sector-Wise analysis of projects,34,25
FR_201001_026,,060100093,26,GEVRA EXPANSION OCP (SECL) (25 MTY) -,25 MTY,,COAL,2010-01,2005-07,,1667.55,,1667.55,,,956.59,2010-03,,2010-03,,,,0,7,,,,FR_JAN_2010.pdf,Sector-Wise analysis of projects,34,26
FR_201001_027,,060100094,27,DIPKA EXPANSION OCP (SECL) (20 MTY) -,20 MTY,,COAL,2010-01,2005-07,,1268.53,,1268.53,,,767.8,2010-03,,2010-03,,,,0,6,,,,FR_JAN_2010.pdf,Sector-Wise analysis of projects,34,27
FR_201001_028,,N06000007,28,KRISHNASHILA (NCL) (4MTY) -,4MTY,,COAL,2010-01,2006-05,,789.88,,789.88,,,134.46,2010-03,,2010-03,,,,0,1,,,,FR_JAN_2010.pdf,Sector-Wise analysis of projects,34,28
FR_201001_029,,N06000030,29,BHARATPUR OC EXPANSION PHASE- III PROJECT -,,,COAL,2010-01,2007-02,,131.39,,131.39,,,382.9,2010-03,,2010-03,,,,0,0,,,,FR_JAN_2010.pdf,Sector-Wise analysis of projects,34,29
FR_201001_030,,N06000044,30,BALRAM OCP EXTENSION -,,,COAL,2010-01,2007-12,,172.08,,172.08,,,473.97,2009-03,,2010-03,,,,0,0,,,,FR_JAN_2010.pdf,Sector-Wise analysis of projects,34,30
FR_201001_031,,N06000077,31,KTK OC Sector-I -,,,COAL,2010-01,2008-01,,91.5,,115.33,,,115.33,2010-09,,2010-03,,,,0,0,,,,FR_JAN_2010.pdf,Sector-Wise analysis of projects,34,31
FR_201001_032,,060100089,32,BARSINGSAR TPS (2X125MW) (NLC) -,NLC,,COAL,2010-01,2004-12,,1114.18,1626.09,1626.09,,,1373.06,2009-06,,2010-09,,,,0,26,,,,FR_JAN_2010.pdf,Sector-Wise analysis of projects,34,32
FR_201001_033,,N06000069,33,LAKHANPUR OC EXP. PROJECT PH-II -,,,COAL,2010-01,2004-03,,98.74,,116.54,,,247.82,2007-03,,2011-03,,,,0,0,,,,FR_JAN_2010.pdf,Sector-Wise analysis of projects,34,33
FR_201001_034,,060100087,34,TPS-II EXPANSION (1470MW TO 1970MW) (NLC) -,NLC,,COAL,2010-01,2004-10,,2030.78,2453.57,2453.57,,,1905.58,2009-06,,2011-06,,,,0,24,,,,FR_JAN_2010.pdf,Sector-Wise analysis of projects,34,34
FR_201001_035,,N06000057,35,JHANJRA CONTINEOUS MINAR FOR JHANJRA UG-II -,,,COAL,2010-01,2009-02,,122.35,,122.35,,,,2010-03,2011-12,2011-12,,,,0,0,,,,FR_JAN_2010.pdf,Sector-Wise analysis of projects,34,35
FR_201001_036,,N06000020,36,JHANJRA LONGWAL UG PHASE II -,,,COAL,2010-01,2006-11,,287.18,,287.17,,,,2009-11,2012-01,2012-01,,,,0,0,,,,FR_JAN_2010.pdf,Sector-Wise analysis of projects,34,36
FR_201001_037,,060100092,37,KULDA OCP (MAHANADI COALFIELDS LTD.) -,MAHANADI COALFIELDS LTD.,,COAL,2010-01,2005-01,,302.96,,302.96,,,57.9,2010-03,,2012-03,,,,0,4,,,,FR_JAN_2010.pdf,Sector-Wise analysis of projects,34,37
FR_201001_038,,060100096,38,ASHOK EXPN.OCP -CCL (5 MTY) -,5 MTY,,COAL,2010-01,2006-04,,471.66,341.63,341.63,,,100.54,2011-03,,2012-03,,,,0,0,,,,FR_JAN_2010.pdf,Sector-Wise analysis of projects,34,38
FR_201001_039,,N06000009,39,BLOCK-B OCP NCL (3.5 MTY) -,3.5 MTY,,COAL,2010-01,2006-06,,746.04,,746.04,,,134.83,2012-03,,2012-03,,,,0,1,,,,FR_JAN_2010.pdf,Sector-Wise analysis of projects,34,39
FR_201001_040,,N06000017,40,SHANTIKHANI LONGWALL PROJ- SCCL -,,,COAL,2010-01,2006-10,,249.03,,249.03,,,31.43,2012-03,,2012-03,,,,0,0,,,,FR_JAN_2010.pdf,Sector-Wise analysis of projects,34,40
FR_201001_041,,N06000033,41,"NIGAHI OC EXPANSION PROJECT 10 MTY TO 15 MTY, SINGRAULI -",,,COAL,2010-01,2007-10,,529.4,32.0,259.4,,,,2012-03,,2012-03,,,,0,0,,,,FR_JAN_2010.pdf,Sector-Wise analysis of projects,34,41
FR_201001_042,,N06000067,42,ANANTA OC EXPANSION PH-II -,,,COAL,2010-01,2008-08,,207.28,,207.28,,,249.85,2012-03,,2012-03,,,,0,0,,,,FR_JAN_2010.pdf,Sector-Wise analysis of projects,35,42
FR_201001_043,,N06000047,43,TUTICORIN THERMAL POWER PROJECT -,,,COAL,2010-01,2008-05,,4904.54,,4904.54,,,542.84,2012-08,,2012-08,,,,0,0,,,,FR_JAN_2010.pdf,Sector-Wise analysis of projects,35,43
FR_201001_044,,N06000016,44,ADRIYALA SHAFT PROJECT -,,,COAL,2010-01,2006-09,,212.34,779.26,779.26,,,18.65,2013-03,,2012-09,,,,0,11,,,,FR_JAN_2010.pdf,Sector-Wise analysis of projects,35,44
FR_201001_045,,N06000048,45,KAKATIYA LAONGWALL -,,,COAL,2010-01,2008-12,,453.63,,453.63,,,42.48,2012-12,,2012-12,,,,0,0,,,,FR_JAN_2010.pdf,Sector-Wise analysis of projects,35,45
FR_201001_046,,N06000008,46,KUSMUNDA EXPN.OCP(SECL)(10MTY) -,10MTY,,COAL,2010-01,2006-06,,737.65,,1188.31,,,581.69,2011-03,2013-03,2013-03,,,,0,4,,,,FR_JAN_2010.pdf,Sector-Wise analysis of projects,35,46
FR_201001_047,,N06000015,47,MAGADH OC (CCL) -,CCL,,COAL,2010-01,2006-07,,469.78,706.4,706.4,,,12.12,2012-07,,2013-03,,,,0,1,,,,FR_JAN_2010.pdf,Sector-Wise analysis of projects,35,47
FR_201001_048,,N06000025,48,JALLARAM SHAFT PROJECT -,,,COAL,2010-01,2013-03,,467.78,,467.78,,,11.29,2013-03,,2013-03,,,,0,7,,,,FR_JAN_2010.pdf,Sector-Wise analysis of projects,35,48
FR_201001_049,,N06000035,49,KANIHA OCP -,,,COAL,2010-01,2007-12,,457.77,,457.77,,,48.96,2012-03,,2013-03,,,,0,0,,,,FR_JAN_2010.pdf,Sector-Wise analysis of projects,35,49
FR_201001_050,,N06000059,50,NARAYANKURI UG -,,,COAL,2010-01,2009-02,,149.06,,149.06,,,,2013-03,,2013-03,,,,0,0,,,,FR_JAN_2010.pdf,Sector-Wise analysis of projects,35,50
FR_201001_051,,N06000060,51,CHITRA EAST OCP -,,,COAL,2010-01,2007-08,,112.69,,112.69,,,,2010-11,,2013-03,,,,0,0,,,,FR_JAN_2010.pdf,Sector-Wise analysis of projects,35,51
FR_201001_052,,N06000068,52,HINGULA OC-II EXP. PH-II (15 MTY) -,15 MTY,,COAL,2010-01,2008-11,,475.93,,479.53,,,175.35,2013-03,,2013-03,,,,0,0,,,,FR_JAN_2010.pdf,Sector-Wise analysis of projects,35,52
FR_201001_053,,N06000019,53,BINA EXTN. PROJ -,,,COAL,2010-01,2006-11,,168.97,,168.97,,,135.46,2014-03,,2013-11,,,,0,1,,,,FR_JAN_2010.pdf,Sector-Wise analysis of projects,35,53
FR_201001_054,,N06000010,54,AMLOHRI EPR (NCL) (6 MTY) -,6 MTY,,COAL,2010-01,2006-05,,1352.04,,1352.04,,,26.98,2014-03,,2014-03,,,,0,1,,,,FR_JAN_2010.pdf,Sector-Wise analysis of projects,35,54
FR_201001_055,,N06000046,55,CHURCHA UG -,,,COAL,2010-01,2008-06,,462.35,,462.35,,,270.62,2014-06,,2014-03,,,,0,0,,,,FR_JAN_2010.pdf,Sector-Wise analysis of projects,35,55
FR_201001_056,,N06000056,56,RAJMAHAL OC EXP. -,,,COAL,2010-01,2006-02,,50.08,,153.82,,,3.14,2010-03,,2014-03,,,,0,0,,,,FR_JAN_2010.pdf,Sector-Wise analysis of projects,35,56
FR_201001_057,,N06000066,57,PENGANGA OC -,,,COAL,2010-01,2008-10,,339.77,,339.77,,,,2014-03,,2014-03,,,,0,0,,,,FR_JAN_2010.pdf,Sector-Wise analysis of projects,35,57
FR_201001_058,,N06000076,58,KARTALI (EAST) OC -,EAST,,COAL,2010-01,2008-07,,178.44,,178.44,,,,2014-03,,2014-03,,,,0,0,,,,FR_JAN_2010.pdf,Sector-Wise analysis of projects,35,58
FR_201001_059,,N06000042,59,GOPAL PRASAD OCP -,,,COAL,2010-01,2008-02,,395.87,,395.87,,,22.73,2013-03,,2015-03,,,,0,0,,,,FR_JAN_2010.pdf,Sector-Wise analysis of projects,35,59
FR_201001_060,,N06000045,60,PELMA OC -,,,COAL,2010-01,2008-07,,448.32,,448.32,,,,2012-03,,2015-03,,,,0,0,,,,FR_JAN_2010.pdf,Sector-Wise analysis of projects,35,60
FR_201001_061,,N06000049,61,Batura OC -,,,COAL,2010-01,2008-09,,203.82,,203.82,,,,2013-03,,2015-03,,,,0,0,,,,FR_JAN_2010.pdf,Sector-Wise analysis of projects,35,61
FR_201001_062,,N06000065,62,BAROUD OC EXPANSION -,,,COAL,2010-01,2008-07,,135.58,,135.58,,,23.32,2015-03,,2015-03,,,,0,0,,,,FR_JAN_2010.pdf,Sector-Wise analysis of projects,35,62
FR_201001_063,,N06000075,63,JAGANNATHPOR OC -,,,COAL,2010-01,2008-09,,152.43,,152.43,,,,2015-03,,2015-03,,,,0,0,,,,FR_JAN_2010.pdf,Sector-Wise analysis of projects,35,63
FR_201001_064,,N06000034,64,BHUBANESWARI OCP -,,,COAL,2010-01,2007-12,,490.1,,490.1,,,56.52,2014-03,,2016-03,,,,0,0,,,,FR_JAN_2010.pdf,Sector-Wise analysis of projects,35,64
FR_201001_065,,N06000043,65,TALABIRA OCP -,,,COAL,2010-01,2008-03,,447.72,,447.72,,,5.32,2015-03,,2016-03,,,,0,0,,,,FR_JAN_2010.pdf,Sector-Wise analysis of projects,35,65
FR_201001_066,,N06000058,66,AUGMENTATION OF PRODUCTION AT SAPRI UG MINE -,,,COAL,2010-01,1987-09,,147.86,33.0,147.86,,,25.5,2012-03,,,,,,0,0,,,,FR_JAN_2010.pdf,Sector-Wise analysis of projects,35,66
FR_201001_067,,100100054,67,"SECOND PHASE EXPANSION OF CAPTIVE ALUMINIUM,SMELTER AND POWE - Total",,,MINES,2010-01,2004-10,,4091.51,4091.51,4091.51,,,3316.0,2008-12,,2009-11,,,,0,111,,,,FR_JAN_2010.pdf,Sector-Wise analysis of projects,36,67
FR_201001_068,,N12000054,68,REBUILDING OF COKE OVEN BATTERY NO-6 (BSP) -,BSP,,STEEL,2010-01,2008-07,,172.78,,191.0,,,68.46,2010-01,,2010-01,,,,0,0,,,,FR_JAN_2010.pdf,Sector-Wise analysis of projects,36,68
FR_201001_069,,N12000018,69,Deve. of Bailadila Iron Ore Deposit- II(B)(NMDC) -,NMDC,,STEEL,2010-01,2003-01,,295.89,,607.17,,,206.09,2009-10,,2009-10,,,,0,21,,,,FR_JAN_2010.pdf,Sector-Wise analysis of projects,36,69
FR_201001_070,,N12000021,70,REBUILDING OF COKE OVEN BATTRY NO.-4 -,,,STEEL,2010-01,2007-05,,248.94,,248.94,,,164.48,2009-08,,2010-02,,,,0,0,,,,FR_JAN_2010.pdf,Sector-Wise analysis of projects,36,70
FR_201001_071,,N12000035,71,REBUILDING OF BLAST FURNANCE NO.2(BOKARO STEEL PL -,,,STEEL,2010-01,2007-10,,892.32,,892.32,,,497.49,2009-08,,2010-03,,,,0,0,,,,FR_JAN_2010.pdf,Sector-Wise analysis of projects,36,71
FR_201001_072,,N12000036,72,SIMULTANEOUS BLOWING OF BOF CONVERTER OF SMS-II -,,,STEEL,2010-01,2008-01,,197.66,,197.66,,,102.03,2009-10,,2010-03,,,,0,0,,,,FR_JAN_2010.pdf,Sector-Wise analysis of projects,36,72
FR_201001_073,,120100069,73,COAL DUST INJECTION IN BF-2 and 3 -,,,STEEL,2010-01,2006-04,,132.73,,133.92,,,86.34,2008-05,,2010-04,,,,0,2,,,,FR_JAN_2010.pdf,Sector-Wise analysis of projects,36,73
FR_201001_074,,N12000016,74,REBUILIDING OF COKE OVEN BATTERY-10 -,,,STEEL,2010-01,2007-03,,416.5,,416.5,,,234.87,2009-09,,2010-06,,,,0,0,,,,FR_JAN_2010.pdf,Sector-Wise analysis of projects,36,74
FR_201001_075,,N12000049,75,ENHANCEMENT OF LOADING CAPACITY AT BOLANI IRON ORE -,,,STEEL,2010-01,2008-06,,124.88,,119.88,,,46.8,2009-12,,2010-06,,,,0,0,,,,FR_JAN_2010.pdf,Sector-Wise analysis of projects,36,75
FR_201001_076,,N12000050,76,EXPANSION OF SALEM STEEL PLANT -,,,STEEL,2010-01,2008-01,,1902.0,,1902.0,,,1294.03,2010-03,,2010-06,,,,0,0,,,,FR_JAN_2010.pdf,Sector-Wise analysis of projects,36,76
FR_201001_077,,N12000060,77,AIR SEPARATION PLANT (ASU-4) -,ASU-4,,STEEL,2010-01,2008-03,,96.0,,170.0,,,42.02,2010-06,,2010-06,,,,0,0,,,,FR_JAN_2010.pdf,Sector-Wise analysis of projects,36,77
FR_201001_078,,N12000025,78,"INSTALLATION OF 700 TPD OXYGEN PLANT, ROURKELA -",,,STEEL,2010-01,2007-07,,302.7,,302.7,,,225.32,2009-06,,2010-07,,,,0,0,,,,FR_JAN_2010.pdf,Sector-Wise analysis of projects,36,78
FR_201001_079,,N12000037,79,Pulverised coal injection system for bf- 1&2 -,,,STEEL,2010-01,2007-11,,125.0,,133.0,,,36.47,2009-09,,2010-08,,,,0,0,,,,FR_JAN_2010.pdf,Sector-Wise analysis of projects,36,79
FR_201001_080,,N12000039,80,POWER PLANT-I -,,,STEEL,2010-01,2007-09,,462.0,,350.0,,,84.4,2009-12,,2010-08,,,,0,0,,,,FR_JAN_2010.pdf,Sector-Wise analysis of projects,36,80
FR_201001_081,,N12000069,81,330 TPH BOILER-6 AND AUXILIARY SYSTEM -,,,STEEL,2010-01,2007-07,,260.0,,353.0,,,80.0,2010-02,,2010-08,,,,0,0,,,,FR_JAN_2010.pdf,Sector-Wise analysis of projects,36,81
FR_201001_082,,N12000052,82,Air Separation Plant(ASU-5) -,ASU-5,,STEEL,2010-01,2008-06,,129.5,,145.0,,,6.64,2010-12,,2010-12,,,,0,0,,,,FR_JAN_2010.pdf,Sector-Wise analysis of projects,36,82
FR_201001_083,,N12000068,83,67.5 MW TG-5 AUX. S'TEM EMERGENCY POWER REQUIREM -,,,STEEL,2010-01,2007-07,,230.0,,358.0,,,114.32,2010-02,,2011-01,,,,0,0,,,,FR_JAN_2010.pdf,Sector-Wise analysis of projects,36,83
FR_201001_084,,N12000033,84,Rebuilding of coke oven battery No.1 & 2 (Bokaro S -,,,STEEL,2010-01,2007-10,,500.9,,500.9,,,146.77,2010-04,,2011-04,,,,0,0,,,,FR_JAN_2010.pdf,Sector-Wise analysis of projects,36,84
FR_201001_085,,N12000023,85,"700TPD ARI SEPARATION UNIT-4 AT OXYGEN PLANT-II, BHILLAI -",,,STEEL,2010-01,2007-07,,244.3,34.0,232.93,,,48.4,2009-07,,2011-05,,,,0,0,,,,FR_JAN_2010.pdf,Sector-Wise analysis of projects,36,85
FR_201001_086,,N12000034,86,INSTALLATION OF NEW TURBO BLOWER IN TURBO BLOWER S -,,,STEEL,2010-01,2007-10,,105.33,,116.33,,,10.0,2009-08,,2011-05,,,,0,0,,,,FR_JAN_2010.pdf,Sector-Wise analysis of projects,37,86
FR_201001_087,,120100067,87,EXPANSION OF RINL/VSP FROM 3 MTPY-6.3 MTPY OF LIQUID STEEL -,,,STEEL,2010-01,2005-10,,8692.0,,12228.0,,,5523.0,2009-10,,2011-06,,,,0,126,,,,FR_JAN_2010.pdf,Sector-Wise analysis of projects,37,87
FR_201001_088,,N12000038,88,COKE OVEN BATTERY NO. 4 PHASE- II -,,,STEEL,2010-01,2007-08,,108.0,,168.95,,,12.0,2009-10,,2011-06,,,,0,0,,,,FR_JAN_2010.pdf,Sector-Wise analysis of projects,37,88
FR_201001_089,,N12000051,89,EXPANSION OF IISCO STEEL PLANT -,,,STEEL,2010-01,2008-02,,14443.0,,14443.0,,,6085.01,2010-07,,2011-06,,,,0,0,,,,FR_JAN_2010.pdf,Sector-Wise analysis of projects,37,89
FR_201001_090,,N12000053,90,Augmentation of Iron Ore Storage in RMHP -,,,STEEL,2010-01,2008-05,,480.0,,480.84,,,4.04,2010-09,,2011-12,,,,0,0,,,,FR_JAN_2010.pdf,Sector-Wise analysis of projects,37,90
FR_201001_091,,N12000055,91,EXPANSION OF BOKARO STEEL PLANT -,,,STEEL,2010-01,2008-01,,3316.0,,3316.0,,,812.56,2010-12,,2011-12,,,,0,0,,,,FR_JAN_2010.pdf,Sector-Wise analysis of projects,37,91
FR_201001_092,,N12000056,92,EXPENSION OF ROURKELA STEEL PLANT -,,,STEEL,2010-01,2008-09,,6133.0,,6878.0,,,1146.79,2011-02,,2013-03,,,,0,0,,,,FR_JAN_2010.pdf,Sector-Wise analysis of projects,37,92
FR_201001_093,,N12000057,93,EXPANSION OF BHILAI STEEL PLANT -,,,STEEL,2010-01,2008-09,,5185.0,,5516.0,,,1421.42,2011-05,,2013-03,,,,0,0,,,,FR_JAN_2010.pdf,Sector-Wise analysis of projects,37,93
FR_201001_094,,N12000010,94,COKING COAL FACILITIES IN COAL HANDLING PLANT -,,,STEEL,2010-01,2006-09,,133.91,,134.32,,,103.0,2008-03,,,,,,0,3,,,,FR_JAN_2010.pdf,Sector-Wise analysis of projects,37,94
FR_201001_095,,N12000022,95,INSTALLATION OF MSDS-V AND TRANSMISSION NETWORK F - Total,,,STEEL,2010-01,2007-05,,143.02,45473.36,143.02,,,104.49,2008-11,,,,,,0,0,,,,FR_JAN_2010.pdf,Sector-Wise analysis of projects,37,95
FR_201001_096,,160100281,96,CLEAN FUELS PROJECT AT VISAKH REFINERY(HPCL) -,HPCL,,PETROLEUM,2010-01,2003-04,,1635.0,,2147.79,,,2095.36,2006-05,,2009-12,,,,0,45,,,,FR_JAN_2010.pdf,Sector-Wise analysis of projects,37,96
FR_201001_097,,N16000028,97,"CRUDE OIL RECEIPT FACILITIES,KOCHI REFINERY -",,,PETROLEUM,2010-01,2006-04,,2591.8,,3941.41,,,1793.0,2009-09,,2009-12,,,,0,0,,,,FR_JAN_2010.pdf,Sector-Wise analysis of projects,37,97
FR_201001_098,,N16000029,98,CHENNAI-BANGALORE PIPELINE -,,,PETROLEUM,2010-01,2007-07,,232.11,,273.0,,,227.75,2009-07,,2009-12,,,,0,0,,,,FR_JAN_2010.pdf,Sector-Wise analysis of projects,37,98
FR_201001_099,,N16000035,99,MSQ UPGRADATION PROJECT AT PANIPAT REFINERY -,,,PETROLEUM,2010-01,2008-01,,1131.0,,1131.0,,,750.71,2009-12,,2010-01,,,,0,0,,,,FR_JAN_2010.pdf,Sector-Wise analysis of projects,37,99
FR_201001_100,,N16000082,100,SHORT TERM LOW COST MUMBAI REFINERY -,,,PETROLEUM,2010-01,2006-12,,390.0,,230.0,,,164.51,2010-01,,2010-01,,,,0,0,,,,FR_JAN_2010.pdf,Sector-Wise analysis of projects,37,100
FR_201001_101,,160100289,101,INST. OF FACILITIES FOR IMPROVEMENT IN DIESEL QUALITY (IOCL) -,IOCL,,PETROLEUM,2010-01,2005-11,,1876.0,2869.0,2869.0,,,2454.13,2009-04,2009-12,2010-02,,,,0,36,,,,FR_JAN_2010.pdf,Sector-Wise analysis of projects,37,101
FR_201001_102,,N16000018,102,DADRI- PANIPAT R-LNG SPUR PIPELINE -,,,PETROLEUM,2010-01,2005-06,,250.66,350.0,389.0,,,320.18,2008-06,,2010-02,,,,0,0,,,,FR_JAN_2010.pdf,Sector-Wise analysis of projects,37,102
FR_201001_103,,N16000034,103,INST. OF FCC GASOLINE DESULPHUN UNIT AT MATHURA RE -,,,PETROLEUM,2010-01,2008-01,,348.0,,348.0,,,186.58,2009-12,,2010-02,,,,0,0,,,,FR_JAN_2010.pdf,Sector-Wise analysis of projects,37,103
FR_201001_104,,N16000080,104,CAPACITY EXP. CUM MODERNISATION PH-II -,,,PETROLEUM,2010-01,2009-09,,2591.8,3941.41,3941.41,,,2176.19,2009-12,,2010-02,,,,0,0,,,,FR_JAN_2010.pdf,Sector-Wise analysis of projects,37,104
FR_201001_105,,160100292,105,PANIPAT NAPHTA CRACKER PROJECT -,,,PETROLEUM,2010-01,2006-04,,12138.0,,14439.0,,,10968.78,2009-09,2009-11,2010-03,,,,0,101,,,,FR_JAN_2010.pdf,Sector-Wise analysis of projects,37,105
FR_201001_106,,N16000047,106,CHAINSA-JHAJJAR PIPE LINE PROJECT -,,,PETROLEUM,2010-01,2007-11,,967.77,35.0,565.0,,,369.08,2009-09,,2010-03,,,,0,0,,,,FR_JAN_2010.pdf,Sector-Wise analysis of projects,37,106
FR_201001_107,,N16000049,107,SULTANPUR NEEMRANA PIPE LINE PROJECT -,,,PETROLEUM,2010-01,2007-11,,396.13,,396.13,,,,2009-10,,2010-03,,,,0,0,,,,FR_JAN_2010.pdf,Sector-Wise analysis of projects,38,107
FR_201001_108,,N16000078,108,BINA DESPATCH TERMINAL -,,,PETROLEUM,2010-01,2007-05,,490.71,639.11,639.11,,,520.92,2009-12,,2010-03,,,,0,0,,,,FR_JAN_2010.pdf,Sector-Wise analysis of projects,38,108
FR_201001_109,,N16000079,109,BINA KOTA PIPE LINE PROJECT -,,,PETROLEUM,2010-01,2007-07,,405.82,,405.82,,,277.56,2009-12,,2010-03,,,,0,0,,,,FR_JAN_2010.pdf,Sector-Wise analysis of projects,38,109
FR_201001_110,,N16000041,110,LPG PROCESSING & COMPRESSION -,,,PETROLEUM,2010-01,2007-08,,142.0,,139.07,,,57.04,2009-10,,2010-04,,,,0,0,,,,FR_JAN_2010.pdf,Sector-Wise analysis of projects,38,110
FR_201001_111,,N16000048,111,VIJAPUR DADRI-BAWANA PIPE LINE PROJECT -,,,PETROLEUM,2010-01,2007-11,,5595.31,,3860.0,,,3039.32,2009-11,2010-04,2010-04,,,,0,0,,,,FR_JAN_2010.pdf,Sector-Wise analysis of projects,38,111
FR_201001_112,,N16000062,112,HEERA RECONSTRUCTION -,,,PETROLEUM,2010-01,2008-05,,706.7,706.7,706.7,,,102.23,2010-04,,2010-04,,,,0,0,,,,FR_JAN_2010.pdf,Sector-Wise analysis of projects,38,112
FR_201001_113,,N16000023,113,DEVELOPMENT OF C-SERIES FIELDS -,,,PETROLEUM,2010-01,2006-08,,3195.16,,2800.0,,,1557.81,2008-12,,2010-05,,,,0,0,,,,FR_JAN_2010.pdf,Sector-Wise analysis of projects,38,113
FR_201001_114,,N16000026,114,LUBDE OIL BASE STOCK QUALITY UPGRADATION AT MUMBAI -,,,PETROLEUM,2010-01,2006-10,,638.9,,1030.0,,,576.7,2009-04,,2010-05,,,,0,0,,,,FR_JAN_2010.pdf,Sector-Wise analysis of projects,38,114
FR_201001_115,,N16000045,115,MNW-NF BRIDGE PROJECT -,,,PETROLEUM,2010-01,2008-05,,175.21,,162.12,,,,2009-03,,2010-05,,,,0,0,,,,FR_JAN_2010.pdf,Sector-Wise analysis of projects,38,115
FR_201001_116,,N16000055,116,BARGE BUMPER-BOAT LANDING- RISER PROTECTOR PROJECT -,,,PETROLEUM,2010-01,2008-05,,289.6,,289.6,,,173.95,2010-05,,2010-05,,,,0,0,,,,FR_JAN_2010.pdf,Sector-Wise analysis of projects,38,116
FR_201001_117,,N16000067,117,SINGLE POINT MOORING PROJECT AT VISAKHAPATNAM -,,,PETROLEUM,2010-01,2008-11,,643.46,,643.46,,,306.39,2010-05,,2010-05,,,,0,0,,,,FR_JAN_2010.pdf,Sector-Wise analysis of projects,38,117
FR_201001_118,,N16000009,118,"DIESEL HYDRO TREATMENT PROJECT,BRPL DHALIGAON -",,,PETROLEUM,2010-01,2006-06,,1431.91,,1675.72,,,1218.02,2009-09,,2010-06,,,,0,0,,,,FR_JAN_2010.pdf,Sector-Wise analysis of projects,38,118
FR_201001_119,,N16000021,119,RESIDUE UPGRADATION AND MS/HSD QUALITY IMPROVEMENT -,,,PETROLEUM,2010-01,2007-01,,5693.0,,6898.0,,,4774.04,2010-01,,2010-06,,,,0,0,,,,FR_JAN_2010.pdf,Sector-Wise analysis of projects,38,119
FR_201001_120,,N16000024,120,HEERA AND SOUTH HEERA RE- DEVELOPMENT PROJECT -,,,PETROLEUM,2010-01,2006-09,,2305.3,,2305.3,,,1144.34,2010-06,2010-06,2010-06,,,,0,0,,,,FR_JAN_2010.pdf,Sector-Wise analysis of projects,38,120
FR_201001_121,,N16000036,121,MSQ UPGRADATION PROJECT AT GUWAHATI REFINERY -,,,PETROLEUM,2010-01,2008-04,,372.0,,372.0,,,163.13,2010-02,,2010-06,,,,0,0,,,,FR_JAN_2010.pdf,Sector-Wise analysis of projects,38,121
FR_201001_122,,N16000037,122,MSQ UPGRADATION PROJECT AT DIGBOI REFINERY -,,,PETROLEUM,2010-01,2008-04,,356.0,,356.0,,,143.77,2010-02,,2010-06,,,,0,0,,,,FR_JAN_2010.pdf,Sector-Wise analysis of projects,38,122
FR_201001_123,,N16000038,123,MSQ UPGRADATION PROJECT AT BARAUNI REFINERY -,,,PETROLEUM,2010-01,2008-04,,1492.0,,1492.0,,,543.11,2010-04,,2010-06,,,,0,0,,,,FR_JAN_2010.pdf,Sector-Wise analysis of projects,38,123
FR_201001_124,,N16000040,124,MSQ IMPROVMENT PROJECT -,,,PETROLEUM,2010-01,2008-04,,293.6,,293.6,,,129.22,2009-12,,2010-06,,,,0,0,,,,FR_JAN_2010.pdf,Sector-Wise analysis of projects,38,124
FR_201001_125,,N16000042,125,TWO PIPELINE REPLACEMENT PROJECT AT AHMEDABAD MEHS -,,,PETROLEUM,2010-01,2008-03,,188.18,,143.84,,,,2010-06,,2010-06,,,,0,0,,,,FR_JAN_2010.pdf,Sector-Wise analysis of projects,38,125
FR_201001_126,,N16000056,126,INSTALLATION OF FCCV AT MUMBAI REFINERY -,,,PETROLEUM,2010-01,2007-03,,900.47,,900.47,,,493.93,2009-09,,2010-06,,,,0,0,,,,FR_JAN_2010.pdf,Sector-Wise analysis of projects,38,126
FR_201001_127,,160100168,127,"C2-C3 AND LPG RECOVERY FROM LNG, DAHEJ (ONGC) -",ONGC,,PETROLEUM,2010-01,2003-12,,900.92,,1493.49,,,595.34,2006-06,2008-05,2010-07,,,,0,2,,,,FR_JAN_2010.pdf,Sector-Wise analysis of projects,38,127
FR_201001_128,,N16000017,128,EXPANSION OF PANIPAT REFINERY FROM 12 TO 15 MMTPA -,,,PETROLEUM,2010-01,2005-06,,806.0,1007.83,1007.83,,,593.33,2008-03,2009-12,2010-08,,,,0,48,,,,FR_JAN_2010.pdf,Sector-Wise analysis of projects,38,128
FR_201001_129,,N16000050,129,BAWANA NANGAL PIPE LINE PROJECT -,,,PETROLEUM,2010-01,2010-10,,1816.07,36.0,1816.07,,,,2010-10,,2010-10,,,,0,0,,,,FR_JAN_2010.pdf,Sector-Wise analysis of projects,38,129
FR_201001_130,,N16000051,130,JHAJJAR HISSAR PIPE LINE PROJECT -,,,PETROLEUM,2010-01,2007-11,,281.07,,281.07,,,,2010-10,,2010-10,,,,0,0,,,,FR_JAN_2010.pdf,Sector-Wise analysis of projects,39,130
FR_201001_131,,N16000052,131,DAHEJ-VIJAYPUR PIPE LINE PROJECT -,,,PETROLEUM,2010-01,2007-11,,4429.38,,3000.0,,,,2010-10,,2010-10,,,,0,0,,,,FR_JAN_2010.pdf,Sector-Wise analysis of projects,39,131
FR_201001_132,,N16000053,132,COMPRESSOR STATIONS (VIJAYPUR AND JHABUA) PHASE-I -,VIJAYPUR AND JHABUA,,PETROLEUM,2010-01,2007-11,,1512.0,,1212.85,,,,2011-10,,2010-10,,,,0,0,,,,FR_JAN_2010.pdf,Sector-Wise analysis of projects,39,132
FR_201001_133,,N16000066,133,CONSTRUCTION OF NEW TERMINAL AT ENNORE CHENNAI -,,,PETROLEUM,2010-01,2008-01,,224.0,,224.0,,,37.24,2010-12,,2010-12,,,,0,0,,,,FR_JAN_2010.pdf,Sector-Wise analysis of projects,39,133
FR_201001_134,,N16000076,134,Guru Govind Singh Refinary Product Evacuation -,,,PETROLEUM,2010-01,2009-01,,605.4,605.4,605.4,,,103.23,2010-12,2010-12,2010-12,,,,0,18,,,,FR_JAN_2010.pdf,Sector-Wise analysis of projects,39,134
FR_201001_135,,N16000083,135,REFRIGERAPED LPG STORAGE AT JNPT -,,,PETROLEUM,2010-01,2008-06,,304.4,,304.4,,,32.06,2010-12,,2010-12,,,,0,0,,,,FR_JAN_2010.pdf,Sector-Wise analysis of projects,39,135
FR_201001_136,,N16000074,136,CAPACITY AUGMENTATION OF AGRA& FEROZABAD REGION -,,,PETROLEUM,2010-01,2009-07,,199.57,,199.57,,,,2011-01,,2011-01,,,,0,0,,,,FR_JAN_2010.pdf,Sector-Wise analysis of projects,39,136
FR_201001_137,,160100215,137,IOR LAKWA - LAKHMANI (ONGCL) -,ONGCL,,PETROLEUM,2010-01,2001-09,,345.1,,600.0,,,523.08,2007-03,2010-03,2011-03,,,,0,3,,,,FR_JAN_2010.pdf,Sector-Wise analysis of projects,39,137
FR_201001_138,,160100216,138,IOR GELEKI (ONGCL) -,ONGCL,,PETROLEUM,2010-01,2001-09,,390.09,834.9,1200.0,,,987.26,2007-03,2011-03,2011-03,,,,0,6,,,,FR_JAN_2010.pdf,Sector-Wise analysis of projects,39,138
FR_201001_139,,160100217,139,"IOR, RUDRASAGAR (ONGCL) -",ONGCL,,PETROLEUM,2010-01,2001-09,,113.9,,219.22,,,142.38,2006-03,,2011-03,,,,0,6,,,,FR_JAN_2010.pdf,Sector-Wise analysis of projects,39,139
FR_201001_140,,N16000085,140,NORTH TAPTI GAS FIELD DEV. -,,,PETROLEUM,2010-01,2008-07,,589.7,,589.7,,,,2011-03,,2011-03,,,,0,0,,,,FR_JAN_2010.pdf,Sector-Wise analysis of projects,39,140
FR_201001_141,,N16000039,141,MUMBAI HIGH SOUTH REDEVELOPMENT PH-2 -,,,PETROLEUM,2010-01,2007-06,,1252.75,,8061.42,,,3818.71,2009-06,,2011-04,,,,0,0,,,,FR_JAN_2010.pdf,Sector-Wise analysis of projects,39,141
FR_201001_142,,N16000054,142,COMPRESSOR STATIONS (KAILARAS &CHAINSA) -,KAILARAS &CHAINSA,,PETROLEUM,2010-01,2007-11,,1061.93,,1061.78,,,,2011-11,,2011-04,,,,0,0,,,,FR_JAN_2010.pdf,Sector-Wise analysis of projects,39,142
FR_201001_143,,N16000063,143,NEELAM RECONSTRUCTION -,,,PETROLEUM,2010-01,2008-05,,305.08,,305.08,,,,2011-04,,2011-04,,,,0,0,,,,FR_JAN_2010.pdf,Sector-Wise analysis of projects,39,143
FR_201001_144,,160100231,144,INTEGRATED DEV OF G1 and GS-15 (ONGCL) -,ONGCL,,PETROLEUM,2010-01,2003-04,,429.82,1262.93,1262.93,,,1231.4,2005-03,,2011-05,,,,0,0,,,,FR_JAN_2010.pdf,Sector-Wise analysis of projects,39,144
FR_201001_145,,N16000044,145,REVAMPING OF WIN PLATFORM AT MH ASSET -,,,PETROLEUM,2010-01,2008-05,,333.4,,333.4,,,,2010-05,2010-05,2011-05,,,,0,0,,,,FR_JAN_2010.pdf,Sector-Wise analysis of projects,39,145
FR_201001_146,,N16000091,146,BNPL superlines(Uttranchal & Punjab) -,Uttranchal & Punjab,,PETROLEUM,2010-01,2009-12,,540.92,,540.92,,,,2011-05,,2011-05,,,,0,0,,,,FR_JAN_2010.pdf,Sector-Wise analysis of projects,39,146
FR_201001_147,,N16000092,147,VKPL Upgradation and Laying of Superlines -,,,PETROLEUM,2010-01,2009-12,,463.32,,463.32,,,,2011-05,,2011-05,,,,0,0,,,,FR_JAN_2010.pdf,Sector-Wise analysis of projects,39,147
FR_201001_148,,N16000059,148,BRANCH PIPELINE FROM KSPL VIRAMGAON TO KANDLA -,,,PETROLEUM,2010-01,2009-02,,349.0,,349.0,,,3.58,2011-08,,2011-08,,,,0,0,,,,FR_JAN_2010.pdf,Sector-Wise analysis of projects,39,148
FR_201001_149,,N16000075,149,Construction of Tank and Blending Facility at Vadi -,,,PETROLEUM,2010-01,2009-02,,267.0,,267.0,,,26.6,2011-08,,2011-08,,,,0,0,,,,FR_JAN_2010.pdf,Sector-Wise analysis of projects,39,149
FR_201001_150,,N16000077,150,Construction of Tanks and Blending Facility at Vad -,,,PETROLEUM,2010-01,2009-02,,267.0,,349.0,,,26.6,2011-08,,2011-08,,,,0,0,,,,FR_JAN_2010.pdf,Sector-Wise analysis of projects,39,150
FR_201001_151,,N16000068,151,DIESEL HYDROTREATOR PROJECT AT VISAKH REFINERY -,,,PETROLEUM,2010-01,2009-03,,3597.0,,3597.0,,,49.88,2011-09,,2011-09,,,,0,0,,,,FR_JAN_2010.pdf,Sector-Wise analysis of projects,39,151
FR_201001_152,,N16000069,152,DIESEL HYDROTREATOR PROJECT AT MUMBAI REFINERY -,,,PETROLEUM,2010-01,2009-03,,3284.0,,3284.0,,,54.39,2011-09,,2011-09,,,,0,0,,,,FR_JAN_2010.pdf,Sector-Wise analysis of projects,39,152
FR_201001_153,,N16000057,153,RESITMENT OF MARKETING INSTALATION AT VISAKH -,,,PETROLEUM,2010-01,2009-01,,756.0,37.0,756.0,,,139.59,2011-12,,2011-12,,,,0,0,,,,FR_JAN_2010.pdf,Sector-Wise analysis of projects,39,153
FR_201001_154,,N16000064,154,ADDITIONAL GAS PROCESSING UNITS AT URAN -,,,PETROLEUM,2010-01,2008-10,,1797.35,,1797.35,,,,2011-12,,2011-12,,,,0,0,,,,FR_JAN_2010.pdf,Sector-Wise analysis of projects,40,154
FR_201001_155,,N16000065,155,ADDITIONAL GAS PROCESSING FACILITI AT HAZIRA -,,,PETROLEUM,2010-01,2008-02,,370.11,,370.11,,,,2011-04,,2011-12,,,,0,0,,,,FR_JAN_2010.pdf,Sector-Wise analysis of projects,40,155
FR_201001_156,,N16000081,156,HYDROCRACKER REVAMP & SETTING -,,,PETROLEUM,2010-01,2008-02,,825.0,,825.0,,,48.11,2011-12,,2011-12,,,,0,0,,,,FR_JAN_2010.pdf,Sector-Wise analysis of projects,40,156
FR_201001_157,,N16000084,157,CONSTRUCTION OF 12 OFFSHORE SUPPLY VESSELS(OSV) -,OSV,,PETROLEUM,2010-01,2007-06,,736.65,,736.65,,,0.1,2011-12,,2011-12,,,,0,0,,,,FR_JAN_2010.pdf,Sector-Wise analysis of projects,40,157
FR_201001_158,,N16000086,158,ADDITIONAL DEV. OF D-1 FIELD -,,,PETROLEUM,2010-01,2010-01,,2163.64,,2163.64,,,,2011-12,,2011-12,,,,0,0,,,,FR_JAN_2010.pdf,Sector-Wise analysis of projects,40,158
FR_201001_159,,N16000070,159,MORADABAD-KASHIPUR-RUDRAPUR PIPELINE PROJECT. -,,,PETROLEUM,2010-01,2009-07,,238.68,,238.68,,,,2012-01,,2012-01,,,,0,0,,,,FR_JAN_2010.pdf,Sector-Wise analysis of projects,40,159
FR_201001_160,,N16000031,160,OFFSHORE GRID INTERCONNECTIVITY PROJECT IN MUMBAI HIGH -,,,PETROLEUM,2010-01,2007-01,,740.02,,740.02,,,266.78,2010-03,2012-03,2012-03,,,,0,0,,,,FR_JAN_2010.pdf,Sector-Wise analysis of projects,40,160
FR_201001_161,,N16000033,161,DEVELOPMENT OF B-193 CLUSTER FIELDS -,,,PETROLEUM,2010-01,2007-06,,3248.78,5633.44,5633.44,,,,2010-03,2010-08,2012-03,,,,0,0,,,,FR_JAN_2010.pdf,Sector-Wise analysis of projects,40,161
FR_201001_162,,N16000090,162,Integrated crude Oil handling facilities at Paradip -,,,PETROLEUM,2010-01,2009-12,,1492.33,,1492.33,,,16.97,2012-06,,2012-03,,,,0,0,,,,FR_JAN_2010.pdf,Sector-Wise analysis of projects,40,162
FR_201001_163,,N16000032,163,DEVELOPMENT OF B-22 CLUSTER FIELDS -,,,PETROLEUM,2010-01,2007-01,,1552.63,,2920.82,,,5.24,2009-02,2010-09,2012-04,,,,0,0,,,,FR_JAN_2010.pdf,Sector-Wise analysis of projects,40,163
FR_201001_164,,N16000030,164,CONSTRUCTION OF NEW PROCESS COMPLEX MHN -,,,PETROLEUM,2010-01,2007-01,,2853.29,6326.4,6326.4,,,188.14,2010-05,,2012-05,,,,0,0,,,,FR_JAN_2010.pdf,Sector-Wise analysis of projects,40,164
FR_201001_165,,N16000046,165,DEVELOPMENT OF B-46 CLUSTER FIELD -,,,PETROLEUM,2010-01,2007-06,,1436.21,,1436.21,,,,2010-07,,2012-05,,,,0,0,,,,FR_JAN_2010.pdf,Sector-Wise analysis of projects,40,165
FR_201001_166,,N16000060,166,MUMBAI HIGH NORTH DEVELOPMENT PHASE-II -,,,PETROLEUM,2010-01,2009-01,,6855.93,,6855.93,,,478.71,2012-09,,2012-09,,,,0,0,,,,FR_JAN_2010.pdf,Sector-Wise analysis of projects,40,166
FR_201001_167,,N16000088,167,Paradip-Sambalpur-Raipur-Ranchi Pipeline -,,,PETROLEUM,2010-01,2009-08,,1793.0,,1793.0,,,4.07,2012-09,,2012-09,,,,0,0,,,,FR_JAN_2010.pdf,Sector-Wise analysis of projects,40,167
FR_201001_168,,N16000058,168,PARADIP REFINERY PROJECT -,,,PETROLEUM,2010-01,2009-02,,29777.0,,29777.0,,,2581.72,2012-03,,2012-11,,,,0,0,,,,FR_JAN_2010.pdf,Sector-Wise analysis of projects,40,168
FR_201001_169,,N16000071,169,KOCHI-KANJIRKOD BANGALORE- MANGALORE PIPELINE PROJE -,,,PETROLEUM,2010-01,2009-06,,3032.0,,3032.0,,,,2012-12,,2012-12,,,,0,0,,,,FR_JAN_2010.pdf,Sector-Wise analysis of projects,40,169
FR_201001_170,,N16000073,170,DHABOL-BANGALORE PIPELINE PROJECT -,,,PETROLEUM,2010-01,2009-06,,4543.43,,4543.43,,,,2012-12,,2012-12,,,,0,0,,,,FR_JAN_2010.pdf,Sector-Wise analysis of projects,40,170
FR_201001_171,,N16000089,171,De-bottlenecking of SMPL -,,,PETROLEUM,2010-01,2009-12,,1584.0,,1584.0,,,1.51,,,2012-12,,,,0,0,,,,FR_JAN_2010.pdf,Sector-Wise analysis of projects,40,171
FR_201001_172,,N16000072,172,JAGDISHPUR-HALDIA PIPELINE PROJECT -,,,PETROLEUM,2010-01,2009-07,,7596.18,,7596.18,,,,2013-01,,2013-01,,,,0,0,,,,FR_JAN_2010.pdf,Sector-Wise analysis of projects,40,172
FR_201001_173,,N16000061,173,ASSAM RENEWAL PROJECT FOR GROUP A - Total,,,PETROLEUM,2010-01,2009-03,,2465.15,150389.8,2378.86,,,48683.77,2013-03,,2013-03,,,,0,0,,,,FR_JAN_2010.pdf,Sector-Wise analysis of projects,40,173
FR_201001_174,,180100257,174,SIPAT-II SUPP. TRANS. SYSTEM (PGCIL) -,PGCIL,,POWER,2010-01,2005-06,,813.67,,777.15,,,783.41,2008-06,,2009-11,,,,0,22,,,,FR_JAN_2010.pdf,Sector-Wise analysis of projects,40,174
FR_201001_175,,180100220,175,SEWA- II H.E.P (NHPC) -,NHPC,,POWER,2010-01,2003-09,,665.46,38.0,1016.74,,,897.1,2007-09,,2010-01,,,,0,36,,,,FR_JAN_2010.pdf,Sector-Wise analysis of projects,40,175
FR_201001_176,,180100253,176,SYSTEM STRENGTHENING - VII OF SOUTHERN REGION (PGCIL) -,PGCIL,,POWER,2010-01,2005-05,,279.3,,340.14,,,286.17,2009-07,,2010-02,,,,0,18,,,,FR_JAN_2010.pdf,Sector-Wise analysis of projects,41,176
FR_201001_177,,N18000017,177,NORTHERN REGION SYSTEM STRENGHTENING SCHEME-V -,,,POWER,2010-01,2006-06,,721.25,,721.25,,,554.71,2009-06,,2010-02,,,,0,19,,,,FR_JAN_2010.pdf,Sector-Wise analysis of projects,41,177
FR_201001_178,,180100165,178,TUIRIAL HE PROJECT(NEEPCO) -,NEEPCO,,POWER,2010-01,1998-07,,368.72,,836.14,,,319.14,2006-07,,2010-03,,,,0,5,,,,FR_JAN_2010.pdf,Sector-Wise analysis of projects,41,178
FR_201001_179,,180100247,179,NEYVELI TS-II TRANSIMISSION SYSTEM (PGCIL) -,PGCIL,,POWER,2010-01,2005-01,,691.83,,913.33,,,713.51,2007-12,,2010-03,,,,0,20,,,,FR_JAN_2010.pdf,Sector-Wise analysis of projects,41,179
FR_201001_180,,180100256,180,KOTESWAR TRANSMISSION SYSTEM (PGCIL) -,PGCIL,,POWER,2010-01,2006-06,,260.34,,241.27,,,128.27,2008-06,,2010-03,,,,0,20,,,,FR_JAN_2010.pdf,Sector-Wise analysis of projects,41,180
FR_201001_181,,180100258,181,KUNADANKULAM-APP TRANS. SYSTEM (PGCIL) -,PGCIL,,POWER,2010-01,2005-05,,1779.29,,1896.65,,,1498.82,2008-11,,2010-03,,,,0,38,,,,FR_JAN_2010.pdf,Sector-Wise analysis of projects,41,181
FR_201001_182,,180100260,182,TRANSMISSION SY. ASSOCIATED WITH BARH GENER. PROJECT(P.GR.) -,P.GR.,,POWER,2010-01,2005-12,,3779.46,,3779.46,,,3241.96,2009-09,,2010-03,,,,0,30,,,,FR_JAN_2010.pdf,Sector-Wise analysis of projects,41,182
FR_201001_183,,180100263,183,KOLDAM HEP TRANSMISSION LINE (PGCIL) -,PGCIL,,POWER,2010-01,2005-09,,464.91,,464.91,,,162.16,2008-09,2008-09,2010-03,,,,0,22,,,,FR_JAN_2010.pdf,Sector-Wise analysis of projects,41,183
FR_201001_184,,260100100,184,EAST-WEST TRANSNISSION CORRIDOR STRENGTHNING SCHEME -,,,POWER,2010-01,2006-06,,803.7,,803.76,,,553.94,2009-06,,2010-03,,,,0,20,,,,FR_JAN_2010.pdf,Sector-Wise analysis of projects,41,184
FR_201001_185,,N18000004,185,EASTERN REGION STRENGTHENING SCHEME-I -,,,POWER,2010-01,2006-10,,975.96,,975.96,,,498.78,2009-10,,2010-03,,,,0,20,,,,FR_JAN_2010.pdf,Sector-Wise analysis of projects,41,185
FR_201001_186,,N18000020,186,SYSTEM STRENGTHENING IN SOUTH-WESTERN PART-B NORTHERN -,,,POWER,2010-01,2006-10,,150.26,,153.24,,,109.35,2009-10,,2010-03,,,,0,20,,,,FR_JAN_2010.pdf,Sector-Wise analysis of projects,41,186
FR_201001_187,,N18000021,187,NORTHERN REGION SYSTEM STRENGTHENING SCHEME-VI -,,,POWER,2010-01,2007-01,,186.95,,186.95,,,146.14,2009-07,,2010-03,,,,0,21,,,,FR_JAN_2010.pdf,Sector-Wise analysis of projects,41,187
FR_201001_188,,N18000026,188,ENHANCEMENT OF TRANSMISSION CAPACITY IN EAST-WEST -,,,POWER,2010-01,2006-10,,103.8,,103.8,,,70.07,2009-06,,2010-03,,,,0,0,,,,FR_JAN_2010.pdf,Sector-Wise analysis of projects,41,188
FR_201001_189,,180100246,189,KAIGA 3&4 TRANSMISSION SYSTEM (PGCIL) -,PGCIL,,POWER,2010-01,2005-03,,596.45,1007.16,1007.16,,,725.6,2007-12,,2010-06,,,,0,18,,,,FR_JAN_2010.pdf,Sector-Wise analysis of projects,41,189
FR_201001_190,,N18000033,190,EASTERN REGION STRENGTHENING SCHEME-II -,,,POWER,2010-01,2007-12,,227.52,,227.52,,,90.72,2010-06,,2010-06,,,,0,0,,,,FR_JAN_2010.pdf,Sector-Wise analysis of projects,41,190
FR_201001_191,,N18000037,191,TR. SYSTEM FOR STARTUP POWER TO DVC & MAITHON RB G -,,,POWER,2010-01,2008-04,,290.49,,290.49,,,221.38,2010-04,,2010-06,,,,0,0,,,,FR_JAN_2010.pdf,Sector-Wise analysis of projects,41,191
FR_201001_192,,N18000022,192,WESTERN REGION STRENGTHENING SCHEME-II -,,,POWER,2010-01,2006-07,,5221.23,,5221.23,,,1962.04,2010-07,,2010-07,,,,0,20,,,,FR_JAN_2010.pdf,Sector-Wise analysis of projects,41,192
FR_201001_193,,N18000062,193,TR. SYSTEM ASSOCIATED WITH TUTICORIN JV TPS -,,,POWER,2010-01,2009-02,,353.57,,353.57,,,38.88,2010-07,,2010-07,,,,0,0,,,,FR_JAN_2010.pdf,Sector-Wise analysis of projects,41,193
FR_201001_194,,N18000011,194,KORBA STPP STAGE-III -,,,POWER,2010-01,2006-08,,2448.5,,2448.49,,,1777.5,2010-02,,2010-08,,,,0,24,,,,FR_JAN_2010.pdf,Sector-Wise analysis of projects,41,194
FR_201001_195,,N18000035,195,WESTERN REGION STRENGTHENING SCHEME-V -,,,POWER,2010-01,2007-12,,477.69,,477.69,,,266.01,2010-09,,2010-09,,,,0,0,,,,FR_JAN_2010.pdf,Sector-Wise analysis of projects,41,195
FR_201001_196,,N18000040,196,EST. OF 400/220 KV GIS POOLING STATION NEAR CHAMER -,,,POWER,2010-01,2007-09,,262.1,,262.1,,,126.06,2010-09,,2010-09,,,,0,0,,,,FR_JAN_2010.pdf,Sector-Wise analysis of projects,41,196
FR_201001_197,,N18000013,197,National Capital Thermal Power Project Stage-II -,,,POWER,2010-01,2006-10,,5135.33,39.0,5135.33,,,3599.2,2010-10,,2010-10,,,,0,40,,,,FR_JAN_2010.pdf,Sector-Wise analysis of projects,41,197
FR_201001_198,,N18000016,198,Farakka STPP Stage-III -,,,POWER,2010-01,2006-07,,2570.44,,2570.44,,,1491.0,2010-08,,2010-11,,,,0,26,,,,FR_JAN_2010.pdf,Sector-Wise analysis of projects,42,198
FR_201001_199,,N18000038,199,WESTERN REGION STREGTHENING SCHEME-VI -,,,POWER,2010-01,2008-02,,340.72,,340.72,,,98.18,2010-11,,2010-11,,,,0,0,,,,FR_JAN_2010.pdf,Sector-Wise analysis of projects,42,199
FR_201001_200,,N18000039,200,NORTHERN REGION SYSTEM STRENGHTENING SCHEME-XII -,,,POWER,2010-01,2008-02,,261.55,,261.55,,,85.89,2010-11,,2010-11,,,,0,0,,,,FR_JAN_2010.pdf,Sector-Wise analysis of projects,42,200
FR_201001_201,,N18000070,201,SYSTEM STRANGHTENING SCHEME- VIII OF SOUTHERN REGIO -,,,POWER,2010-01,2008-02,,105.84,,105.84,,,51.33,2010-11,,2010-11,,,,0,0,,,,FR_JAN_2010.pdf,Sector-Wise analysis of projects,42,201
FR_201001_202,,180100184,202,KOTESHWAR HEP(THDC) -,THDC,,POWER,2010-01,2000-04,,1301.56,,1301.56,,,1487.95,2005-04,,2010-12,,,,0,0,,,,FR_JAN_2010.pdf,Sector-Wise analysis of projects,42,202
FR_201001_203,,180100241,203,"CHAMERA,STAGE-III (NHPC) -",NHPC,,POWER,2010-01,2005-08,,1405.63,,1405.63,,,1033.14,2010-08,,2010-12,,,,0,0,,,,FR_JAN_2010.pdf,Sector-Wise analysis of projects,42,203
FR_201001_204,,N18000006,204,NIMOO BAZGO HYDROELECTRIC PROJECT -,,,POWER,2010-01,2006-08,,611.01,,611.02,,,404.57,2010-08,,2010-12,,,,0,0,,,,FR_JAN_2010.pdf,Sector-Wise analysis of projects,42,204
FR_201001_205,,N18000034,205,NORTHERN REGION SYSTEM STRENGTHENING-XI -,,,POWER,2010-01,2007-12,,417.76,,417.76,,,206.78,2010-12,,2010-12,,,,0,0,,,,FR_JAN_2010.pdf,Sector-Wise analysis of projects,42,205
FR_201001_206,,N18000036,206,NORTHERN REGION SYSTEM STRENGTHENING SCHEME-X -,,,POWER,2010-01,2007-12,,408.36,,408.36,,,243.46,2010-12,,2010-12,,,,0,0,,,,FR_JAN_2010.pdf,Sector-Wise analysis of projects,42,206
FR_201001_207,,N18000050,207,WESTERN REGION STRENGHTENING SCHEME-IX -,,,POWER,2010-01,2008-04,,230.89,,230.89,,,5.58,2011-01,,2011-01,,,,0,0,,,,FR_JAN_2010.pdf,Sector-Wise analysis of projects,42,207
FR_201001_208,,180100222,208,"TESSTA LOW DAM STAGE - II, III (NHPC) -",NHPC,,POWER,2010-01,2003-10,,768.92,,1279.4,,,1032.85,2007-03,,2011-02,,,,0,25,,,,FR_JAN_2010.pdf,Sector-Wise analysis of projects,42,208
FR_201001_209,,180100251,209,URI H.E.P STAGE -II (NHPC) -,NHPC,,POWER,2010-01,2005-08,,1729.29,,1724.79,,,971.14,2009-11,,2011-02,,,,0,0,,,,FR_JAN_2010.pdf,Sector-Wise analysis of projects,42,209
FR_201001_210,,N18000007,210,CHUTAK HYDRO-ELECTRIC PROJECT -,,,POWER,2010-01,2006-08,,621.26,,621.28,,,358.71,2011-02,,2011-02,,,,0,0,,,,FR_JAN_2010.pdf,Sector-Wise analysis of projects,42,210
FR_201001_211,,N18000023,211,TRANSMISSION SYSTEM ASSOCIATED WITH URI-II -,,,POWER,2010-01,2006-10,,238.25,,238.25,,,165.77,,,2011-05,,,,0,0,,,,FR_JAN_2010.pdf,Sector-Wise analysis of projects,42,211
FR_201001_212,,N18000032,212,SIMHADRI STPP STAGE -II -,,,POWER,2010-01,2007-08,,5103.39,,5038.53,,,2434.3,2011-05,,2011-05,,,,0,0,,,,FR_JAN_2010.pdf,Sector-Wise analysis of projects,42,212
FR_201001_213,,180100250,213,PARBATI H.E.P. STAGE -III (NHPC) -,NHPC,,POWER,2010-01,2005-10,,2304.56,,2304.52,,,865.27,2010-10,,2011-06,,,,0,0,,,,FR_JAN_2010.pdf,Sector-Wise analysis of projects,42,213
FR_201001_214,,N18000018,214,TRANSMISSION SYSTEM ASSOCIATED WITH PARBATI-III HE -,,,POWER,2010-01,2006-07,,557.24,,557.25,,,276.07,2010-01,,2011-06,,,,0,22,,,,FR_JAN_2010.pdf,Sector-Wise analysis of projects,42,214
FR_201001_215,,N18000043,215,TRANSMISSION SYSTEM ASSOCIATED WITH FARAKKA-III -,,,POWER,2010-01,2008-12,,204.07,,204.07,,,38.25,2011-06,,2011-06,,,,0,0,,,,FR_JAN_2010.pdf,Sector-Wise analysis of projects,42,215
FR_201001_216,,N18000059,216,TR. SYSTEM ASSOCIATED WITH CORBA III GENERATION PR -,,,POWER,2010-01,2009-02,,276.61,,276.61,,,62.8,2011-06,,2011-06,,,,0,0,,,,FR_JAN_2010.pdf,Sector-Wise analysis of projects,42,216
FR_201001_217,,N18000055,217,NORTHERN REGION SYSTEM STRENGHTENING SCHEME-IX -,,,POWER,2010-01,2008-07,,525.14,,525.14,,,261.65,2011-07,,2011-07,,,,0,0,,,,FR_JAN_2010.pdf,Sector-Wise analysis of projects,42,217
FR_201001_218,,N18000064,218,TR. SYSTEM ASSOCIATED WITH CHAMERA III HEP -,,,POWER,2010-01,2008-04,,297.37,,297.37,,,133.39,2011-07,,2011-07,,,,0,0,,,,FR_JAN_2010.pdf,Sector-Wise analysis of projects,42,218
FR_201001_219,,N18000067,219,SYSTEM STRENGHTENING -XI IN SOUTHERN REGION -,,,POWER,2010-01,2009-03,,196.1,40.0,196.1,,,8.77,2011-07,,2011-07,,,,0,0,,,,FR_JAN_2010.pdf,Sector-Wise analysis of projects,42,219
FR_201001_220,,180100243,220,"TEESTA LOW DAM HEP, STAGE-IV (NHPC) -",NHPC,,POWER,2010-01,2005-09,,1061.38,,1307.03,,,634.93,2009-09,,2011-08,,,,0,0,,,,FR_JAN_2010.pdf,Sector-Wise analysis of projects,43,220
FR_201001_221,,N18000057,221,NORTHERN REGION SYSTEM STRENGHTENING SCHEME-XIV -,,,POWER,2010-01,2009-02,,132.19,,132.19,,,9.62,2011-08,,2011-08,,,,0,0,,,,FR_JAN_2010.pdf,Sector-Wise analysis of projects,43,221
FR_201001_222,,N18000058,222,NORTHERN REGION SYSTEM STRENGHTENING SCHEME-XVII -,,,POWER,2010-01,2009-02,,210.79,,210.79,,,14.9,2011-08,,2011-08,,,,0,0,,,,FR_JAN_2010.pdf,Sector-Wise analysis of projects,43,222
FR_201001_223,,N18000044,223,SYSTEM STRENGHTENING IN NR GRID FOR KARCHAM WANGTO -,,,POWER,2010-01,2008-12,,328.97,,328.97,,,46.66,2011-09,,2011-09,,,,0,0,,,,FR_JAN_2010.pdf,Sector-Wise analysis of projects,43,223
FR_201001_224,,180100229,224,SIPAT STPP STAGE - I (NTPC) -,NTPC,,POWER,2010-01,2003-12,,8323.39,,8323.39,,,6547.6,2009-12,,2011-10,,,,0,56,,,,FR_JAN_2010.pdf,Sector-Wise analysis of projects,43,224
FR_201001_225,,N18000052,225,NORTHERN REGION SYSTEM STRENGHTENING SCHEME-XV -,,,POWER,2010-01,2009-02,,520.48,,520.48,,,99.63,2011-11,,2011-11,,,,0,0,,,,FR_JAN_2010.pdf,Sector-Wise analysis of projects,43,225
FR_201001_226,,N18000053,226,NORTHERN REGION SYSTEM STRENGHTENING SCHEME-XVIII -,,,POWER,2010-01,2009-02,,509.66,,509.66,,,3.5,2011-11,,2011-11,,,,0,0,,,,FR_JAN_2010.pdf,Sector-Wise analysis of projects,43,226
FR_201001_227,,N18000054,227,NORTHERN REGION SYSTEM STRENGHTENING SCHEME-XIII -,,,POWER,2010-01,2009-02,,317.69,,317.69,,,2.51,2011-11,,2011-11,,,,0,0,,,,FR_JAN_2010.pdf,Sector-Wise analysis of projects,43,227
FR_201001_228,,N18000063,228,TR. SYSTEM ASSOCIATED WITH RAMPUR HEP -,,,POWER,2010-01,2009-02,,184.19,,184.19,,,11.86,2011-11,,2011-11,,,,0,0,,,,FR_JAN_2010.pdf,Sector-Wise analysis of projects,43,228
FR_201001_229,,180100211,229,KOLDAM HEP (NTPC) -,NTPC,,POWER,2010-01,2002-10,,4527.15,,4527.15,,,2980.6,2009-04,,2011-12,,,,0,41,,,,FR_JAN_2010.pdf,Sector-Wise analysis of projects,43,229
FR_201001_230,,N18000071,230,TRIPURA GAS BASED POWER PROJECT -,,,POWER,2010-01,2009-07,,421.01,,623.44,,,60.45,2012-01,,2012-01,,,,0,0,,,,FR_JAN_2010.pdf,Sector-Wise analysis of projects,43,230
FR_201001_231,,N18000041,231,BONGAIGAON THERMAL POWER PROJECT -,,,POWER,2010-01,2008-01,,4375.35,,4375.35,,,801.0,2011-07,,2012-02,,,,0,0,,,,FR_JAN_2010.pdf,Sector-Wise analysis of projects,43,231
FR_201001_232,,N18000049,232,WESTERN REGION STRENGHTENING SCHEME-X -,,,POWER,2010-01,2009-02,,664.96,,664.96,,,18.55,2012-02,,2012-02,,,,0,0,,,,FR_JAN_2010.pdf,Sector-Wise analysis of projects,43,232
FR_201001_233,,N18000051,233,WESTERN REGION SYSTEM STRENGHTENING SCHEME-XI -,,,POWER,2010-01,2009-02,,409.5,,409.5,,,,2012-02,,2012-02,,,,0,0,,,,FR_JAN_2010.pdf,Sector-Wise analysis of projects,43,233
FR_201001_234,,N18000056,234,NORTHERN REGION SYSTEM STRENGHTENING SCHEME-XIX -,,,POWER,2010-01,2009-02,,410.29,,410.29,,,27.86,2012-02,,2012-02,,,,0,0,,,,FR_JAN_2010.pdf,Sector-Wise analysis of projects,43,234
FR_201001_235,,N18000060,235,SYSTEM STRENGHTENING SCHEME- IX OF SOUTHERN REGIONA -,,,POWER,2010-01,2009-02,,120.62,,120.62,,,7.53,2012-02,,2012-02,,,,0,0,,,,FR_JAN_2010.pdf,Sector-Wise analysis of projects,43,235
FR_201001_236,,N18000068,236,765 KV SYSTEM FOR CENTRAL PART OF NORTHERN GRID PA -,,,POWER,2010-01,2009-02,,1347.32,,1347.32,,,116.73,2012-02,,2012-02,,,,0,0,,,,FR_JAN_2010.pdf,Sector-Wise analysis of projects,43,236
FR_201001_237,,N18000024,237,RAMPUR HEP(412 MW) -,412 MW,,POWER,2010-01,2007-01,,2047.03,,2047.03,,,757.3,2012-01,,2012-03,,,,0,10,,,,FR_JAN_2010.pdf,Sector-Wise analysis of projects,43,237
FR_201001_238,,N18000045,238,PARE HYDRO ELECTRIC PROJECT(110 MW) -,110 MW,,POWER,2010-01,2008-12,,573.99,,573.99,,,77.9,2012-08,,2012-08,,,,0,0,,,,FR_JAN_2010.pdf,Sector-Wise analysis of projects,43,238
FR_201001_239,,N18000048,239,MOUDA STPP -,,,POWER,2010-01,2007-11,,5459.28,,5459.28,,,708.1,2012-02,,2012-08,,,,0,0,,,,FR_JAN_2010.pdf,Sector-Wise analysis of projects,43,239
FR_201001_240,,N18000065,240,SUPPLIMENTARY TRANSMISSION ASSOCIATED WITH DVC AND -,,,POWER,2010-01,2008-08,,2360.95,41.0,2360.95,,,603.88,2012-08,,2012-08,,,,0,0,,,,FR_JAN_2010.pdf,Sector-Wise analysis of projects,43,240
FR_201001_241,,N18000069,241,765 KV POOLING STATION & NETWORK WITH DVC AND MAIT -,,,POWER,2010-01,2008-08,,7075.33,,7075.33,,,1285.07,2012-08,,2012-08,,,,0,0,,,,FR_JAN_2010.pdf,Sector-Wise analysis of projects,44,241
FR_201001_242,,N18000061,242,TR. SYSTEM ASSOCIATED WITH MUNDRA ULTRA MEGA POWER -,,,POWER,2010-01,2008-10,,4824.12,,4824.12,,,249.55,2012-10,,2012-10,,,,0,0,,,,FR_JAN_2010.pdf,Sector-Wise analysis of projects,44,242
FR_201001_243,,N18000072,243,VINDHYACHAL STTP STAGE-IV -,,,POWER,2010-01,2009-01,,5915.0,,5915.0,,,411.8,2012-11,,2012-11,,,,0,0,,,,FR_JAN_2010.pdf,Sector-Wise analysis of projects,44,243
FR_201001_244,,N18000073,244,RIHAND STTP STAGE-III (2X500MW) -,2X500MW,,POWER,2010-01,2009-01,,6230.81,,6230.81,,,364.92,2012-11,,2012-11,,,,0,0,,,,FR_JAN_2010.pdf,Sector-Wise analysis of projects,44,244
FR_201001_245,,180100221,245,LOWER SUBANSIRI H.E.P (NHPC) -,NHPC,,POWER,2010-01,2003-09,,6285.33,,6285.33,,,3596.26,2010-09,,2012-12,,,,0,11,,,,FR_JAN_2010.pdf,Sector-Wise analysis of projects,44,245
FR_201001_246,,180100261,246,TRANSMISSION SYSTEM ASSOCIATED WITH PARBATI = II HEP -,,,POWER,2010-01,2005-12,,358.42,,358.42,,,6.09,2008-12,2010-09,2012-12,,,,0,15,,,,FR_JAN_2010.pdf,Sector-Wise analysis of projects,44,246
FR_201001_247,,N18000005,247,LOHARINAG-PAL HEP(4X150MW) -,4X150MW,,POWER,2010-01,2006-06,,2895.1,,2895.1,,,552.33,2011-11,,2012-12,,,,0,34,,,,FR_JAN_2010.pdf,Sector-Wise analysis of projects,44,247
FR_201001_248,,N18000046,248,TRANSMISSION SYSTEM ASSOCIATED WITH SASAN ULTRA ME -,,,POWER,2010-01,2008-12,,7031.88,,7031.88,,,364.96,2012-12,,2012-12,,,,0,0,,,,FR_JAN_2010.pdf,Sector-Wise analysis of projects,44,248
FR_201001_249,,180100210,249,PARBATI HEP (NHPC) II -,NHPC,,POWER,2010-01,2002-09,,3919.59,,3919.59,,,2612.4,2009-09,,2013-03,,,,0,20,,,,FR_JAN_2010.pdf,Sector-Wise analysis of projects,44,249
FR_201001_250,,N18000014,250,Tapovan-Vishnugad HEP (4x130MW) -,4x130MW,,POWER,2010-01,2006-11,,2978.48,,2978.48,,,714.7,2013-03,,2013-03,,,,0,31,,,,FR_JAN_2010.pdf,Sector-Wise analysis of projects,44,250
FR_201001_251,,N18000010,251,TEHRI PUMPED STORAGE PLANT(1000MW) -,1000MW,,POWER,2010-01,2006-07,,1657.0,,1657.6,,,252.91,2010-07,,2013-04,,,,0,0,,,,FR_JAN_2010.pdf,Sector-Wise analysis of projects,44,251
FR_201001_252,,180100239,252,KAMENG HYDROELECTRIC PROJECT (NEEPCO) -,NEEPCO,,POWER,2010-01,2004-12,,2496.9,,3253.22,,,1033.97,2013-05,,2013-05,,,,0,161,,,,FR_JAN_2010.pdf,Sector-Wise analysis of projects,44,252
FR_201001_253,,N18000047,253,BARH STPP STAGE -II -,,,POWER,2010-01,2008-02,,7341.04,,7341.04,,,642.0,2013-08,,2013-08,,,,0,0,,,,FR_JAN_2010.pdf,Sector-Wise analysis of projects,44,253
FR_201001_254,,N18000066,254,NORTH- EAST NORTH WESTERN INTERCONNECTOR I PROJECT -,,,POWER,2010-01,2009-02,,11130.19,,11130.19,,,356.78,2013-08,,2013-08,,,,0,0,,,,FR_JAN_2010.pdf,Sector-Wise analysis of projects,44,254
FR_201001_255,,180100242,255,BARH STPP(3X660MW) NTPC -,3X660MW,,POWER,2010-01,2003-12,,8692.97,,8692.97,,,4573.8,2010-11,,2013-10,,,,0,51,,,,FR_JAN_2010.pdf,Sector-Wise analysis of projects,44,255
FR_201001_256,,N18000042,256,VISHNUGAD PIPALKOTI HYDRO ELECTRIC PROJECT -,,,POWER,2010-01,2008-08,,2491.58,,2491.58,,,93.25,2013-06,,2015-03,,,,0,0,,,,FR_JAN_2010.pdf,Sector-Wise analysis of projects,44,256
FR_201001_257,,N18000031,257,KISHANGANGA HEP -,,,POWER,2010-01,2007-07,,2238.67,3642.04,3642.04,,,215.69,2014-07,,2016-01,,,,0,0,,,,FR_JAN_2010.pdf,Sector-Wise analysis of projects,44,257
FR_201001_258,,180100078,258,LOKTAK D/S HEP(NHPC) - Total Health & Family Welfare,NHPC,,POWER,2010-01,1999-12,,578.62,165980.96,578.62,,,28.33,2006-06,,,,,,0,0,,,,FR_JAN_2010.pdf,Sector-Wise analysis of projects,44,258
FR_201001_259,,210100001,259,NORTH EAST INDIRA GANDHI INST- ITUTE OF HEALTH & MS - Total,,,POWER,2010-01,1986-05,,71.18,422.6,443.15,,,477.33,1999-03,2005-03,,,,,0,16,,,,FR_JAN_2010.pdf,Sector-Wise analysis of projects,44,259
FR_201001_260,,N22000103,260,RESTORATION WITH GAUGE CONVERSION OF SILIGHAT TOWN -,,,RAILWAYS,2010-01,1993-04,,100.41,,949.22,,,148.45,2009-12,,2009-12,,,,0,0,,,,FR_JAN_2010.pdf,Sector-Wise analysis of projects,45,260
FR_201001_261,,220100278,261,"HAPUR-KANKATHER (LD),NR -",LD,,RAILWAYS,2010-01,2003-04,,106.64,117.31,106.64,,,139.06,2007-03,,2008-05,,,,0,0,,,,FR_JAN_2010.pdf,Sector-Wise analysis of projects,45,261
FR_201001_262,,N22000058,262,"AMROHA-KANKATHER,NR -",,,RAILWAYS,2010-01,2000-04,,57.0,107.29,103.57,,,106.47,2005-03,2008-09,2009-05,,,,0,0,,,,FR_JAN_2010.pdf,Sector-Wise analysis of projects,45,262
FR_201001_263,,N22000048,263,"VALLAPARPADM- IDAPALLY,(NL)(RVNL) -",RVNL,,RAILWAYS,2010-01,2006-07,,246.5,246.5,246.5,,,,2009-03,2009-03,2009-11,,,,0,0,,,,FR_JAN_2010.pdf,Sector-Wise analysis of projects,45,263
FR_201001_264,,220100243,264,"AGRA-ETAWAH VIA FATEBAD & BAD (NL),NCR -",NL,,RAILWAYS,2010-01,1999-04,,108.0,214.09,214.09,,,113.4,2009-12,,2009-12,,,,0,0,,,,FR_JAN_2010.pdf,Sector-Wise analysis of projects,45,264
FR_201001_265,,220100318,265,"ETAWAH-MAINPURI (NL),NCR -",NL,,RAILWAYS,2010-01,2001-09,,129.7,129.7,142.48,,,98.84,2008-12,,2009-12,,,,0,0,,,,FR_JAN_2010.pdf,Sector-Wise analysis of projects,45,265
FR_201001_266,,N22000052,266,HARNOUT -SET.UP OF W/S TO UND. POH OF UP TO50 COAC -,,,RAILWAYS,2010-01,2003-04,,98.74,,224.51,,,41.39,,,2009-12,,,,0,0,,,,FR_JAN_2010.pdf,Sector-Wise analysis of projects,45,266
FR_201001_267,,N22000055,267,ABOHAR- FAZILKA -,,,RAILWAYS,2010-01,2001-09,,86.44,,209.57,,,153.0,2009-03,,2010-02,,,,0,0,,,,FR_JAN_2010.pdf,Sector-Wise analysis of projects,45,267
FR_201001_268,,220100009,268,FREIGHT OPERATIONS INFORMATION SYSTEM (FOIS) -,FOIS,,RAILWAYS,2010-01,1984-03,,520.0,422.79,634.13,,,456.48,1995-03,,2010-03,,,,0,0,,,,FR_JAN_2010.pdf,Sector-Wise analysis of projects,45,268
FR_201001_269,,220100131,269,AMBALA-MORADABAD(RE) -,RE,,RAILWAYS,2010-01,1993-03,,152.21,157.76,265.0,,,265.33,1998-03,,2010-03,,,,0,0,,,,FR_JAN_2010.pdf,Sector-Wise analysis of projects,45,269
FR_201001_270,,220100148,270,LANJHIGARH-JUNAGARH NL(ECOR) -,ECOR,,RAILWAYS,2010-01,1993-04,,100.0,142.98,170.0,,,99.32,2002-03,,2010-03,,,,0,0,,,,FR_JAN_2010.pdf,Sector-Wise analysis of projects,45,270
FR_201001_271,,220100151,271,CALICUT-MANGALORE (DL) (SR) -,SR,,RAILWAYS,2010-01,1996-02,,240.0,459.55,571.55,,,567.85,,,2010-03,,,,0,0,,,,FR_JAN_2010.pdf,Sector-Wise analysis of projects,45,271
FR_201001_272,,220100162,272,"MIRAJ-LATUR ROAD(GC),CR -",GC,,RAILWAYS,2010-01,1993-04,,225.0,360.63,816.4,,,693.99,2001-03,,2010-03,,,,0,0,,,,FR_JAN_2010.pdf,Sector-Wise analysis of projects,45,272
FR_201001_273,,220100212,273,"KOTTUR-HARIHAR(NL),(SWR) -",SWR,,RAILWAYS,2010-01,1995-04,,65.94,124.13,281.2,,,68.64,,,2010-03,,,,0,0,,,,FR_JAN_2010.pdf,Sector-Wise analysis of projects,45,273
FR_201001_274,,220100224,274,"NEW JALPAIGURI-NEW BONGAIGAON (GC),NEFR -",GC,,RAILWAYS,2010-01,1998-11,,536.85,,960.48,,,976.28,2003-03,,2010-03,,,,0,0,,,,FR_JAN_2010.pdf,Sector-Wise analysis of projects,45,274
FR_201001_275,,220100240,275,"JAYANAGAR-DARBHANGA-NARKATIA GANJ(GC),ECR -",GC,,RAILWAYS,2010-01,1997-04,,233.0,335.77,501.69,,,278.12,,,2010-03,,,,0,0,,,,FR_JAN_2010.pdf,Sector-Wise analysis of projects,45,275
FR_201001_276,,220100244,276,TAHANJAVUR-VILLUPURAM GAUGE CONVERSION (G.C)(SR) -,SR,,RAILWAYS,2010-01,2001-10,,223.0,356.9,425.9,,,122.25,2008-11,,2010-03,,,,0,0,,,,FR_JAN_2010.pdf,Sector-Wise analysis of projects,45,276
FR_201001_277,,220100251,277,VILLUPURAM-KATPADI (GC)(SR) -,SR,,RAILWAYS,2010-01,2000-02,,175.0,175.0,502.14,,,459.07,,,2010-03,,,,0,0,,,,FR_JAN_2010.pdf,Sector-Wise analysis of projects,45,277
FR_201001_278,,220100258,278,"JALANDHAR-PATHANKOT-JAMMU- TAWI (LD),NR -",LD,,RAILWAYS,2010-01,2002-03,,409.0,625.3,639.54,,,753.18,2007-06,,2010-03,,,,0,0,,,,FR_JAN_2010.pdf,Sector-Wise analysis of projects,45,278
FR_201001_279,,220100270,279,"GADWAL - RAICHUR (NL), SCR -",NL,,RAILWAYS,2010-01,1998-04,,92.63,,219.0,,,115.17,,,2010-03,,,,0,0,,,,FR_JAN_2010.pdf,Sector-Wise analysis of projects,45,279
FR_201001_280,,220100282,280,"DHARMAVARAM-PAKALA (GC), SCR -",GC,,RAILWAYS,2010-01,1997-04,,200.0,546.49,610.07,,,532.11,2009-02,,2010-03,,,,0,0,,,,FR_JAN_2010.pdf,Sector-Wise analysis of projects,45,280
FR_201001_281,,220100291,281,BHILDI-SAMDARI (GC) -,GC,,RAILWAYS,2010-01,1999-04,,244.74,479.0,479.0,,,,2009-03,,2010-03,,,,0,0,,,,FR_JAN_2010.pdf,Sector-Wise analysis of projects,45,281
FR_201001_282,,220100300,282,"KURLA-BHANDUP,5 AND 6TH P.I.,MUMBAI,CR -",,,RAILWAYS,2010-01,1995-04,,49.84,,136.45,,,131.28,2002-03,,2010-03,,,,0,0,,,,FR_JAN_2010.pdf,Sector-Wise analysis of projects,45,282
FR_201001_283,,220100313,283,"SRIGANGANAGAR-SARUPSAR (GC), NWR -",GC,,RAILWAYS,2010-01,1997-04,,143.92,43.0,168.8,,,4.77,,,2010-03,,,,0,0,,,,FR_JAN_2010.pdf,Sector-Wise analysis of projects,45,283
FR_201001_284,,220100322,284,PRATAPNAGAR-CHOTA UDAIPUR (GC) (WR) -,WR,,RAILWAYS,2010-01,2005-04,,148.61,,227.52,,,,2008-03,2009-03,2010-03,,,,0,0,,,,FR_JAN_2010.pdf,Sector-Wise analysis of projects,46,284
FR_201001_285,,220100323,285,RUPSA-BANGRIPOSI (GC)(SER) -,SER,,RAILWAYS,2010-01,1996-02,,57.94,137.56,137.57,,,134.52,1998-03,2005-08,2010-03,,,,0,0,,,,FR_JAN_2010.pdf,Sector-Wise analysis of projects,46,285
FR_201001_286,,220100327,286,KHURDA ROAD - BARANG 3RD LINE (DL) (ECOR) -,ECOR,,RAILWAYS,2010-01,2000-04,,133.41,207.0,211.9,,,,2009-03,,2010-03,,,,0,0,,,,FR_JAN_2010.pdf,Sector-Wise analysis of projects,46,286
FR_201001_287,,N22000002,287,MANSI-PURNIA (EXTENSION OF MANSI-SAHARSA) GAN -,EXTENSION OF MANSI-SAHARSA,,RAILWAYS,2010-01,1996-04,,114.01,283.95,322.87,,,35.59,,,2010-03,,,,0,0,,,,FR_JAN_2010.pdf,Sector-Wise analysis of projects,46,287
FR_201001_288,,N22000046,288,"PODAPAHAR-BANSPANI,(LD)(SER) -",SER,,RAILWAYS,2010-01,2006-04,,129.74,129.74,129.74,,,126.5,2006-03,,2010-03,,,,0,0,,,,FR_JAN_2010.pdf,Sector-Wise analysis of projects,46,288
FR_201001_289,,N22000049,289,OBULAVARIPALLE- KRISHNAPATNAM(RVNL) -,RVNL,,RAILWAYS,2010-01,2006-07,,743.0,732.8,732.8,,,,2008-03,2008-06,2010-03,,,,0,0,,,,FR_JAN_2010.pdf,Sector-Wise analysis of projects,46,289
FR_201001_290,,N22000056,290,SHIMOGA-TALAGUPPA -,,,RAILWAYS,2010-01,1992-12,,46.0,,158.95,,,218.78,,,2010-03,,,,0,0,,,,FR_JAN_2010.pdf,Sector-Wise analysis of projects,46,290
FR_201001_291,,220100233,291,"CONV.OF 1500V DC TRACTION TO 25 KV AC,WR -",,,RAILWAYS,2010-01,1996-07,,273.67,654.51,1160.52,,,434.32,,,2010-06,,,,0,0,,,,FR_JAN_2010.pdf,Sector-Wise analysis of projects,46,291
FR_201001_292,,220100260,292,REINGUNTA-GUNTAKAL(RE) -,RE,,RAILWAYS,2010-01,2000-06,,168.34,,296.2,,,216.6,2003-04,2010-03,2010-06,,,,0,0,,,,FR_JAN_2010.pdf,Sector-Wise analysis of projects,46,292
FR_201001_293,,220100268,293,TOLLYGANJ-GARIA(MTP) -,MTP,,RAILWAYS,2010-01,2000-03,,907.69,,1032.76,,,,2006-12,,2010-06,,,,0,0,,,,FR_JAN_2010.pdf,Sector-Wise analysis of projects,46,293
FR_201001_294,,220100271,294,"BARAMATI - LONAND (NL), CR -",NL,,RAILWAYS,2010-01,1998-03,,75.0,138.48,138.48,,,35.75,,,2010-06,,,,0,0,,,,FR_JAN_2010.pdf,Sector-Wise analysis of projects,46,294
FR_201001_295,,220100286,295,"RAJATGARH-BARANG(LD),ECOR -",LD,,RAILWAYS,2010-01,1999-04,,166.16,,243.4,,,,2009-02,,2010-06,,,,0,0,,,,FR_JAN_2010.pdf,Sector-Wise analysis of projects,46,295
FR_201001_296,,220100329,296,RAICHUR-GUNTAKAL(DL)(SCR) -,SCR,,RAILWAYS,2010-01,2003-04,,136.62,,221.9,,,,2007-12,2010-03,2010-07,,,,0,0,,,,FR_JAN_2010.pdf,Sector-Wise analysis of projects,46,296
FR_201001_297,,N22000053,297,CHHAPRA-SETTING UP OF WHEEL MANUFACTURING PLANT -,,,RAILWAYS,2010-01,2005-03,,470.09,,881.19,,,86.35,,,2010-07,,,,0,0,,,,FR_JAN_2010.pdf,Sector-Wise analysis of projects,46,297
FR_201001_298,,N22000081,298,BHARUCH-SAMNI-DAHEJ GAUGE CONVERSIN -,,,RAILWAYS,2010-01,2005-09,,200.8,200.8,200.8,,,,,,2010-09,,,,0,0,,,,FR_JAN_2010.pdf,Sector-Wise analysis of projects,46,298
FR_201001_299,,220100264,299,DEOGHAR-DUMKA NEW BG LINE (DOUBL.)(ER) -,ER,,RAILWAYS,2010-01,1999-02,,180.73,320.66,335.0,,,297.15,2006-12,2008-12,2010-11,,,,0,0,,,,FR_JAN_2010.pdf,Sector-Wise analysis of projects,46,299
FR_201001_300,,220100321,300,BILASPUR-URKURA (DL) -,DL,,RAILWAYS,2010-01,1997-04,,151.52,,273.0,,,,2009-03,,2010-11,,,,0,0,,,,FR_JAN_2010.pdf,Sector-Wise analysis of projects,46,300
FR_201001_301,,220100325,301,SUKINDA ROAD - ANGUL (NL)(ECOR) -,ECOR,,RAILWAYS,2010-01,1998-04,,183.23,,638.0,,,,2015-02,,2010-11,,,,0,0,,,,FR_JAN_2010.pdf,Sector-Wise analysis of projects,46,301
FR_201001_302,,220100164,302,BELAPUR-SEAWOOD-URAN ELECTRIF-IED DOUBLE LINE(MTP)- PH-I -,MTP,,RAILWAYS,2010-01,1996-03,,401.81,,495.44,,,262.88,2004-03,,2010-12,,,,0,0,,,,FR_JAN_2010.pdf,Sector-Wise analysis of projects,46,302
FR_201001_303,,220100247,303,KATIHAR - JOGBANI (GC)(NEFR) -,NEFR,,RAILWAYS,2010-01,2001-09,,100.0,,672.38,,,650.02,,,2010-12,,,,0,0,,,,FR_JAN_2010.pdf,Sector-Wise analysis of projects,46,303
FR_201001_304,,220100272,304,"TARAKESWAR - BISHNUPUR NEW BG LINE (NL), ER -",NL,,RAILWAYS,2010-01,2000-04,,157.96,479.2,567.0,,,193.47,2009-12,,2010-12,,,,0,0,,,,FR_JAN_2010.pdf,Sector-Wise analysis of projects,46,304
FR_201001_305,,220100326,305,CUTTACK - BARANG (LD) -,LD,,RAILWAYS,2010-01,1995-04,,127.13,,135.1,,,,,,2010-12,,,,0,0,,,,FR_JAN_2010.pdf,Sector-Wise analysis of projects,46,305
FR_201001_306,,N22000033,306,AJMER-PHULERA-RINGUS-REWARI (G.C.)(NWR)(RVNL) -,RVNL,,RAILWAYS,2010-01,2005-04,,352.0,716.64,718.3,,,,2008-03,2008-08,2010-12,,,,0,0,,,,FR_JAN_2010.pdf,Sector-Wise analysis of projects,46,306
FR_201001_307,,N22000034,307,ALIGARH-GAZIABAD 3RD LINE DOUBLING (RVNL) -,RVNL,,RAILWAYS,2010-01,2003-04,,230.73,399.73,399.5,,,254.47,2009-03,2008-12,2010-12,,,,0,0,,,,FR_JAN_2010.pdf,Sector-Wise analysis of projects,46,307
FR_201001_308,,N22000091,308,BARDHAMAN-KATWA (GC) -,GC,,RAILWAYS,2010-01,2007-04,,245.15,,245.15,,,4.0,2010-12,,2010-12,,,,0,0,,,,FR_JAN_2010.pdf,Sector-Wise analysis of projects,47,308
FR_201001_309,,N22000093,309,MUMBAI URBAN TRANSPORT PROJECT PHASE-I -,,,RAILWAYS,2010-01,2003-04,,3125.2,,4174.0,,,3182.58,2010-12,,2010-12,,,,0,0,,,,FR_JAN_2010.pdf,Sector-Wise analysis of projects,47,309
FR_201001_310,,220100279,310,"REWARI-ROHTAK (NL),NR -",NL,,RAILWAYS,2010-01,2004-01,,149.38,330.23,457.17,,,323.4,2010-02,,2011-02,,,,0,0,,,,FR_JAN_2010.pdf,Sector-Wise analysis of projects,47,310
FR_201001_311,,220100284,311,KHURDA ROAD-BOLANGIR(NL)ECOR -,NL,,RAILWAYS,2010-01,1994-04,,355.38,,1000.0,,,79.07,,,2011-02,,,,0,0,,,,FR_JAN_2010.pdf,Sector-Wise analysis of projects,47,311
FR_201001_312,,220100328,312,TALCHER-BIMALAGARH(NL)(ECOR) -,ECOR,,RAILWAYS,2010-01,2005-04,,726.96,810.78,810.78,,,32.36,,,2011-02,,,,0,0,,,,FR_JAN_2010.pdf,Sector-Wise analysis of projects,47,312
FR_201001_313,,220100062,313,"VIRAMGAM-BHILDI(WR),GC -",WR,,RAILWAYS,2010-01,1990-04,,155.66,,356.87,,,183.42,2010-03,,2011-03,,,,0,0,,,,FR_JAN_2010.pdf,Sector-Wise analysis of projects,47,313
FR_201001_314,,220100118,314,AMRAVATI-NARKHER NL(CR) -,CR,,RAILWAYS,2010-01,1994-06,,120.9,284.27,475.0,,,276.51,1999-06,,2011-03,,,,0,0,,,,FR_JAN_2010.pdf,Sector-Wise analysis of projects,47,314
FR_201001_315,,220100194,315,"MUZAFFARPUR-SITAMARHI(NL),ECR -",NL,,RAILWAYS,2010-01,1997-03,,100.0,,332.75,,,50.7,,,2011-03,,,,0,0,,,,FR_JAN_2010.pdf,Sector-Wise analysis of projects,47,315
FR_201001_316,,220100214,316,"RANCHI-LOHARDAGA(GC),SER -",GC,,RAILWAYS,2010-01,1997-04,,193.78,194.07,456.45,,,240.05,2004-06,,2011-03,,,,0,0,,,,FR_JAN_2010.pdf,Sector-Wise analysis of projects,47,316
FR_201001_317,,220100232,317,"LALITPUR-SATNA-REWA-SINGRULI NL, (NCR) -",NCR,,RAILWAYS,2010-01,1998-09,,925.0,925.0,925.0,,,381.1,2008-05,,2011-03,,,,0,0,,,,FR_JAN_2010.pdf,Sector-Wise analysis of projects,47,317
FR_201001_318,,220100267,318,GOOTY- RENIGUNTA PATCH DOUBLING PH-II (DL) (SCR) -,SCR,,RAILWAYS,2010-01,2002-05,,304.5,306.0,306.0,,,341.81,2009-06,,2011-03,,,,0,0,,,,FR_JAN_2010.pdf,Sector-Wise analysis of projects,47,318
FR_201001_319,,220100303,319,"HAJIPUR-SUGAULI VIA VAISHALI (NL), ECR -",NL,,RAILWAYS,2010-01,2003-04,,324.66,,528.65,,,25.89,,,2011-03,,,,0,0,,,,FR_JAN_2010.pdf,Sector-Wise analysis of projects,47,319
FR_201001_320,,220100306,320,"KODERMA GIRIDH (NL), ECR -",NL,,RAILWAYS,2010-01,1996-04,,371.36,,371.36,,,234.34,,,2011-03,,,,0,0,,,,FR_JAN_2010.pdf,Sector-Wise analysis of projects,47,320
FR_201001_321,,N22000027,321,PALWAL-BHUTESWAR 3RD LINE DOUBLING(NCR)(RVNL) -,RVNL,,RAILWAYS,2010-01,2005-04,,240.0,329.7,329.7,,,,2009-03,2009-12,2011-03,,,,0,0,,,,FR_JAN_2010.pdf,Sector-Wise analysis of projects,47,321
FR_201001_322,,N22000078,322,NEW GUWAHATI-DIGARU PATCH DOUBLING PH-I -,,,RAILWAYS,2010-01,2007-09,,99.84,99.84,110.94,,,77.17,2010-03,,2011-03,,,,0,0,,,,FR_JAN_2010.pdf,Sector-Wise analysis of projects,47,322
FR_201001_323,,N22000094,323,ELECTRIFICATION OF KHURJA- MEERUT-SAHARANPUR & G'BA -,,,RAILWAYS,2010-01,2008-02,,171.1,,171.1,,,43.83,2011-03,,2011-03,,,,0,0,,,,FR_JAN_2010.pdf,Sector-Wise analysis of projects,47,323
FR_201001_324,,N22000095,324,ELECTRIFICATION OF MORADABAD- ROZA -,,,RAILWAYS,2010-01,2006-03,,258.35,,258.35,,,9.3,2011-03,,2011-03,,,,0,0,,,,FR_JAN_2010.pdf,Sector-Wise analysis of projects,47,324
FR_201001_325,,N22000096,325,RAJPIPLA-ANKELASHWAR (GC) -,GC,,RAILWAYS,2010-01,2006-04,,196.97,,196.97,,,36.78,2011-03,,2011-03,,,,0,0,,,,FR_JAN_2010.pdf,Sector-Wise analysis of projects,47,325
FR_201001_326,,N22000076,326,PANSPURA-KHARAGPUR 3D LINE -,,,RAILWAYS,2010-01,2007-09,,252.5,252.5,252.5,,,,2010-02,,2011-11,,,,0,0,,,,FR_JAN_2010.pdf,Sector-Wise analysis of projects,47,326
FR_201001_327,,220100241,327,"CHANDIGARH-LUDHIANA(NEW BG LINE),NR -",NEW BG LINE,,RAILWAYS,2010-01,1997-07,,248.44,576.27,587.08,,,628.48,,,2011-12,,,,0,0,,,,FR_JAN_2010.pdf,Sector-Wise analysis of projects,47,327
FR_201001_328,,220100285,328,HARIDASPUR-PARADEEP(NL) -,NL,,RAILWAYS,2010-01,1996-04,,301.64,,735.1,,,,2009-09,,2011-12,,,,0,0,,,,FR_JAN_2010.pdf,Sector-Wise analysis of projects,47,328
FR_201001_329,,N22000088,329,UTRATIA-ZAFRABAD (LINE DOUBLING) -,LINE DOUBLING,,RAILWAYS,2010-01,2006-04,,325.0,,496.03,,,26.97,2010-03,,2011-12,,,,0,0,,,,FR_JAN_2010.pdf,Sector-Wise analysis of projects,47,329
FR_201001_330,,220100170,330,"LUMDING-SILCHAR(GC),NEFR -",GC,,RAILWAYS,2010-01,1996-04,,648.0,1676.31,4074.1,,,1965.78,2009-03,,2012-03,,,,0,0,,,,FR_JAN_2010.pdf,Sector-Wise analysis of projects,47,330
FR_201001_331,,220100226,331,DLW GM 4000 / 3000 HP DIESEL LOCOS -,,,RAILWAYS,2010-01,1999-04,,155.54,,141.4,,,103.18,2003-03,,2012-03,,,,0,0,,,,FR_JAN_2010.pdf,Sector-Wise analysis of projects,47,331
FR_201001_332,,220100280,332,"JIND-SONEPAT (NL),NR -",NL,,RAILWAYS,2010-01,2004-01,,190.81,238.56,234.45,,,57.84,,,2012-03,,,,0,0,,,,FR_JAN_2010.pdf,Sector-Wise analysis of projects,47,332
FR_201001_333,,220100304,333,"KOSI BRIDGE (NL), ECR -",NL,,RAILWAYS,2010-01,2002-04,,323.41,,322.95,,,40.56,,,2012-03,,,,0,0,,,,FR_JAN_2010.pdf,Sector-Wise analysis of projects,48,333
FR_201001_334,,N22000028,334,EXT. OF MRTS FROM VELACHERY TO STN. THOMAS -,,,RAILWAYS,2010-01,2006-04,,415.59,,495.74,,,61.49,,,2012-03,,,,0,0,,,,FR_JAN_2010.pdf,Sector-Wise analysis of projects,48,334
FR_201001_335,,N22000075,335,SALKA ROAD -ANUPNAGAR LINE DOUBLING -,,,RAILWAYS,2010-01,2006-09,,324.9,324.9,324.9,,,,2010-03,,2012-03,,,,0,0,,,,FR_JAN_2010.pdf,Sector-Wise analysis of projects,48,335
FR_201001_336,,N22000089,336,SITAMARHI-RAXAUL-NARKATIAGANJ (GC) -,GC,,RAILWAYS,2010-01,1997-04,,501.69,,501.69,,,45.9,2010-03,,2012-03,,,,0,0,,,,FR_JAN_2010.pdf,Sector-Wise analysis of projects,48,336
FR_201001_337,,N22000097,337,TAMLUK DIGHA -,,,RAILWAYS,2010-01,1984-03,,293.97,,293.97,,,298.27,2005-06,,2012-04,,,,0,0,,,,FR_JAN_2010.pdf,Sector-Wise analysis of projects,48,337
FR_201001_338,,220100307,338,"RAIL-CUM-ROAD BRIDGE AT MUNGER (NL), ECR -",NL,,RAILWAYS,2010-01,2002-04,,921.0,,921.0,,,236.87,2009-03,,2012-12,,,,0,0,,,,FR_JAN_2010.pdf,Sector-Wise analysis of projects,48,338
FR_201001_339,,220100308,339,"PATNA GANGA BRIDGE (NL), ECR -",NL,,RAILWAYS,2010-01,2001-04,,624.47,,1480.71,,,445.84,2007-10,,2012-12,,,,0,0,,,,FR_JAN_2010.pdf,Sector-Wise analysis of projects,48,339
FR_201001_340,,N22000077,340,BHOPAL BINA 3D LINE DOUBLING -,,,RAILWAYS,2010-01,2007-09,,687.2,,687.2,,,,2010-03,,2012-12,,,,0,0,,,,FR_JAN_2010.pdf,Sector-Wise analysis of projects,48,340
FR_201001_341,,220100184,341,"DAUSA-GANGAPUR CITY(NL),NWR -",NL,,RAILWAYS,2010-01,1997-02,,151.84,,410.08,,,88.28,,,2013-03,,,,0,0,,,,FR_JAN_2010.pdf,Sector-Wise analysis of projects,48,341
FR_201001_342,,220100263,342,QUILON-TIRUNELVELI-TENKASI- VIRUDHUNAGAR(SR)(GC) -,GC,,RAILWAYS,2010-01,1998-03,,280.0,280.0,899.42,,,535.46,,,2013-03,,,,0,0,,,,FR_JAN_2010.pdf,Sector-Wise analysis of projects,48,342
FR_201001_343,,220100315,343,"RANGIA-MURKONGSELEK, (GC) NEFR -",GC,,RAILWAYS,2010-01,2004-01,,912.7,915.7,1556.23,,,158.87,,,2013-03,,,,0,0,,,,FR_JAN_2010.pdf,Sector-Wise analysis of projects,48,343
FR_201001_344,,220100201,344,"BRAHAMAPUTRA BRIDGE AT BOGIBIL & LINK LINES,NEFR -",,,RAILWAYS,2010-01,1996-04,,1000.0,1500.0,3087.44,,,1682.94,2008-04,2011-12,2014-03,,,,0,0,,,,FR_JAN_2010.pdf,Sector-Wise analysis of projects,48,344
FR_201001_345,,220100266,345,"MAYNAGURI TO JOGIGHOPA VIA CHANGRA (NL),NEFR -",NL,,RAILWAYS,2010-01,2000-02,,733.0,733.0,1502.29,,,424.34,2008-12,,2014-03,,,,0,0,,,,FR_JAN_2010.pdf,Sector-Wise analysis of projects,48,345
FR_201001_346,,N22000083,346,CONSTRUCTION OF NEW LINE FROM HARMATI-ITANAGAR/NAR -,,,RAILWAYS,2010-01,1996-09,,156.0,156.0,160.48,,,72.47,,,2014-03,,,,0,0,,,,FR_JAN_2010.pdf,Sector-Wise analysis of projects,48,346
FR_201001_347,,N22000086,347,NEW B.G. LINE FROM AZARA TO BYRNIHAT (NATINAL PROJ -,,,RAILWAYS,2010-01,2006-09,,200.0,200.0,546.47,,,0.54,,,2014-03,,,,0,0,,,,FR_JAN_2010.pdf,Sector-Wise analysis of projects,48,347
FR_201001_348,,N22000092,348,MUMBAI URBAN TRANSPORT PROJECT PHASE-II -,,,RAILWAYS,2010-01,2008-04,,5300.0,,5300.0,,,120.0,2014-03,,2014-03,,,,0,0,,,,FR_JAN_2010.pdf,Sector-Wise analysis of projects,48,348
FR_201001_349,,N22000099,349,AGARTALA SABROOM -,,,RAILWAYS,2010-01,2008-04,,813.34,,813.34,,,15.03,2014-03,,2014-03,,,,0,0,,,,FR_JAN_2010.pdf,Sector-Wise analysis of projects,48,349
FR_201001_350,,N22000100,350,BHAIRABI SAIRONG -,,,RAILWAYS,2010-01,2008-04,,619.34,,619.34,,,0.59,2014-04,,2014-04,,,,0,0,,,,FR_JAN_2010.pdf,Sector-Wise analysis of projects,48,350
FR_201001_351,,N22000102,351,SEVOK RANGPO -,,,RAILWAYS,2010-01,2008-04,,1339.48,,1339.48,,,,2015-12,,2015-12,,,,0,0,,,,FR_JAN_2010.pdf,Sector-Wise analysis of projects,48,351
FR_201001_352,,220100288,352,JIRIBAM TO IMPHAL (TUPUI)(NL)(NEFR) -,NEFR,,RAILWAYS,2010-01,2003-04,,727.56,727.53,2492.53,,,129.76,2011-03,,2016-03,,,,0,0,,,,FR_JAN_2010.pdf,Sector-Wise analysis of projects,48,352
FR_201001_353,,220100133,353,"UDHAMPUR-SRINAGAR-BARAMULLA (NL),NR -",NL,,RAILWAYS,2010-01,1995-03,,2500.0,8000.0,11270.0,,,5956.55,2001-03,,2017-12,,,,0,0,,,,FR_JAN_2010.pdf,Sector-Wise analysis of projects,48,353
FR_201001_354,,220100007,354,"GUNA-ETAWAH(NCR), NL -",NCR,,RAILWAYS,2010-01,1985-04,,158.77,274.56,432.46,,,433.9,1994-03,,,,,,0,0,,,,FR_JAN_2010.pdf,Sector-Wise analysis of projects,48,354
FR_201001_355,,220100106,355,PEDAPALLI-KARIMNAGAR- NIZAMABAD NL(SCR) -,SCR,,RAILWAYS,2010-01,1994-12,,124.43,407.78,617.63,,,312.05,,,,,,,0,0,,,,FR_JAN_2010.pdf,Sector-Wise analysis of projects,48,355
FR_201001_356,,220100116,356,RAJKOT-VERAVAL & WANSJALIYA- JETALSAR GC(WR) -,WR,,RAILWAYS,2010-01,1992-04,,112.53,193.61,564.5,,,471.3,1996-03,2009-06,,,,,0,0,,,,FR_JAN_2010.pdf,Sector-Wise analysis of projects,48,356
FR_201001_357,,220100125,357,"HOTGI-GADAG(GC),SWR -",GC,,RAILWAYS,2010-01,1994-04,,180.0,,318.66,,,452.61,1999-03,2003-03,,,,,0,0,,,,FR_JAN_2010.pdf,Sector-Wise analysis of projects,49,357
FR_201001_358,,220100135,358,"EKLAKHI-BALURGHAT(NL),NEFR -",NL,,RAILWAYS,2010-01,1986-01,,36.8,274.41,285.93,,,231.68,,,,,,,0,0,,,,FR_JAN_2010.pdf,Sector-Wise analysis of projects,49,358
FR_201001_359,,220100149,359,"DALLIRAJHARA- JAGDALPUR,NL,SECR -",,,RAILWAYS,2010-01,1995-04,,369.0,,968.6,,,0.43,,,,,,,0,0,,,,FR_JAN_2010.pdf,Sector-Wise analysis of projects,49,359
FR_201001_360,,220100183,360,"HASSAN-BANGALORE VIA SHRAVANA-BELGOLA(NL),SWR -",NL,,RAILWAYS,2010-01,1997-02,,295.0,,412.91,,,42.86,,,,,,,0,0,,,,FR_JAN_2010.pdf,Sector-Wise analysis of projects,49,360
FR_201001_361,,220100185,361,"AJMER-UDAIPUR-CHITTAURGARH (GC),NWR -",GC,,RAILWAYS,2010-01,1996-09,,262.0,433.39,456.0,,,470.63,2000-03,,,,,,0,0,,,,FR_JAN_2010.pdf,Sector-Wise analysis of projects,49,361
FR_201001_362,,220100186,362,"GONDIA-JABALPUR(GC),(SECR) -",SECR,,RAILWAYS,2010-01,1997-02,,356.0,,511.86,,,413.02,1998-03,,,,,,0,0,,,,FR_JAN_2010.pdf,Sector-Wise analysis of projects,49,362
FR_201001_363,,220100187,363,"SURENDRANAGAR- BHAVNAGAR(GC),WR -",GC,,RAILWAYS,2010-01,1997-03,,437.4,,563.25,,,535.4,2004-03,2005-03,,,,,0,0,,,,FR_JAN_2010.pdf,Sector-Wise analysis of projects,49,363
FR_201001_364,,220100188,364,"NANGALDAM-TALWARA(NL),NR -",NL,,RAILWAYS,2010-01,1981-03,,37.68,450.0,730.0,,,216.45,,,,,,,0,0,,,,FR_JAN_2010.pdf,Sector-Wise analysis of projects,49,364
FR_201001_365,,220100190,365,"KADUR-CHIKMAGALUR- SAKLESHPUR (NL),(SWR) -",SWR,,RAILWAYS,2010-01,1996-04,,157.0,,274.29,,,71.76,,,,,,,0,0,,,,FR_JAN_2010.pdf,Sector-Wise analysis of projects,49,365
FR_201001_366,,220100191,366,"KARUR-SALEM(NL),SR -",NL,,RAILWAYS,2010-01,1997-02,,155.55,155.0,613.11,,,290.22,,,,,,,0,0,,,,FR_JAN_2010.pdf,Sector-Wise analysis of projects,49,366
FR_201001_367,,220100192,367,"NANDYAL-YERRAGUNTLA(NL),SCR -",NL,,RAILWAYS,2010-01,1997-03,,155.74,164.36,429.49,,,247.05,2009-02,,,,,,0,0,,,,FR_JAN_2010.pdf,Sector-Wise analysis of projects,49,367
FR_201001_368,,220100193,368,"HUBLI-AKOLA(NL),SWR -",NL,,RAILWAYS,2010-01,1995-04,,227.0,,103.72,,,4.65,,,,,,,0,0,,,,FR_JAN_2010.pdf,Sector-Wise analysis of projects,49,368
FR_201001_369,,220100195,369,"HOSPET-GUNTAKAL(LD),SCR -",LD,,RAILWAYS,2010-01,1996-03,,105.22,,268.0,,,,1999-12,2008-03,,,,,0,0,,,,FR_JAN_2010.pdf,Sector-Wise analysis of projects,49,369
FR_201001_370,,220100197,370,"KANPUR-KASGANJ- MATHURA(GC),NER -",GC,,RAILWAYS,2010-01,1997-03,,395.0,598.98,661.72,,,510.14,,,,,,,0,0,,,,FR_JAN_2010.pdf,Sector-Wise analysis of projects,49,370
FR_201001_371,,220100205,371,"MUNEERABAD- MAHABOOBNAGAR(NL),SCR -",NL,,RAILWAYS,2010-01,1996-04,,377.32,218.24,497.47,,,,,,,,,,0,0,,,,FR_JAN_2010.pdf,Sector-Wise analysis of projects,49,371
FR_201001_372,,220100208,372,HOWRAH-AMTA-CHAMPADANGA NL (SER) -,SER,,RAILWAYS,2010-01,1974-04,,31.42,154.3,154.3,,,89.61,2007-03,2007-03,,,,,0,0,,,,FR_JAN_2010.pdf,Sector-Wise analysis of projects,49,372
FR_201001_373,,220100220,373,MACHERLA-NALGONDA(NL)(SCR) -,SCR,,RAILWAYS,2010-01,1998-07,,125.0,,363.26,,,0.27,2008-07,,,,,,0,0,,,,FR_JAN_2010.pdf,Sector-Wise analysis of projects,49,373
FR_201001_374,,220100222,374,"KODERMA-RANCHI VIA BARKAKHANA (NL),ECR -",NL,,RAILWAYS,2010-01,1999-03,,491.19,,1099.2,,,540.09,2005-07,,,,,,0,0,,,,FR_JAN_2010.pdf,Sector-Wise analysis of projects,49,374
FR_201001_375,,220100249,375,KUTTIPURAM-CALICUT INCLD. SHORANUR-M-LORE (DL) (SR) -,SR,,RAILWAYS,2010-01,2001-03,,178.76,178.71,219.94,,,190.49,,,,,,,0,0,,,,FR_JAN_2010.pdf,Sector-Wise analysis of projects,49,375
FR_201001_376,,220100252,376,ANGAMALI-SABARIMALA (N.L.)(SR) -,SR,,RAILWAYS,2010-01,1998-10,,550.0,550.0,550.0,,,62.05,,,,,,,0,0,,,,FR_JAN_2010.pdf,Sector-Wise analysis of projects,49,376
FR_201001_377,,220100253,377,"PURNA-AKOLA (G.C), SCR -",G.C,,RAILWAYS,2010-01,2000-02,,228.0,,497.63,,,477.14,,,,,,,0,0,,,,FR_JAN_2010.pdf,Sector-Wise analysis of projects,49,377
FR_201001_378,,220100254,378,"BIDAR-GULBARGA,SCR(NL) -",NL,,RAILWAYS,2010-01,1999-02,,242.42,369.7,369.7,,,126.86,2009-05,,,,,,0,0,,,,FR_JAN_2010.pdf,Sector-Wise analysis of projects,49,378
FR_201001_379,,220100255,379,GONDA-GORAKHPUR LOOP WITH ANAND NAGAR-NAUTANWA GC (NER) -,NER,,RAILWAYS,2010-01,2002-03,,383.15,47.0,381.17,,,80.12,,,,,,,0,0,,,,FR_JAN_2010.pdf,Sector-Wise analysis of projects,49,379
FR_201001_380,,220100256,380,KAPTANGANJ-THAWE-SIWAN- CHHAPRA GC (NER) -,NER,,RAILWAYS,2010-01,2001-09,,320.1,,320.1,,,108.05,,,,,,,0,0,,,,FR_JAN_2010.pdf,Sector-Wise analysis of projects,50,380
FR_201001_381,,220100257,381,KHAGARIA-KUSHESHWAR ASTHAN (NL) (ECR) -,ECR,,RAILWAYS,2010-01,1997-03,,78.23,,162.87,,,3.99,,,,,,,0,0,,,,FR_JAN_2010.pdf,Sector-Wise analysis of projects,50,381
FR_201001_382,,220100262,382,TIRUCHIRAPPALI-NAGORE- KARAIKKAL(SR)(GC) -,GC,,RAILWAYS,2010-01,1995-09,,100.0,,548.96,,,374.84,,,,,,,0,0,,,,FR_JAN_2010.pdf,Sector-Wise analysis of projects,50,382
FR_201001_383,,220100265,383,KOTLPALLI-NARASAPUR (NL) (SCR) -,SCR,,RAILWAYS,2010-01,2001-12,,330.0,,695.0,,,9.41,,,,,,,0,0,,,,FR_JAN_2010.pdf,Sector-Wise analysis of projects,50,383
FR_201001_384,,220100274,384,BANGLORE - SATYAMANGALAM (NL)(SWR) -,SWR,,RAILWAYS,2010-01,1999-02,,138.0,,901.62,,,0.28,,,,,,,0,0,,,,FR_JAN_2010.pdf,Sector-Wise analysis of projects,50,384
FR_201001_385,,220100277,385,BANKURA - DAMODAR (GC) (SER) -,SER,,RAILWAYS,2010-01,1998-03,,111.9,111.9,325.17,,,278.36,2005-03,2008-12,,,,,0,0,,,,FR_JAN_2010.pdf,Sector-Wise analysis of projects,50,385
FR_201001_386,,220100281,386,"SURAT-KOSAMBA (LD),WR -",LD,,RAILWAYS,2010-01,2000-04,,133.0,,133.0,,,,,,,,,,0,0,,,,FR_JAN_2010.pdf,Sector-Wise analysis of projects,50,386
FR_201001_387,,220100283,387,TANUR (KUTTIPURAM) GURUVAYUR (NL) (SR) -,SR,,RAILWAYS,2010-01,1995-04,,40.0,,137.71,,,9.71,,,,,,,0,0,,,,FR_JAN_2010.pdf,Sector-Wise analysis of projects,50,387
FR_201001_388,,220100290,388,"REWARI-SADULPUR-HISSAR (GC),NWR -",GC,,RAILWAYS,2010-01,1997-04,,198.96,364.19,410.0,,,377.2,,,,,,,0,0,,,,FR_JAN_2010.pdf,Sector-Wise analysis of projects,50,388
FR_201001_389,,220100305,389,"KODERMA-TILAIYA (NL), ECR -",NL,,RAILWAYS,2010-01,2002-04,,459.91,,459.91,,,36.4,,,,,,,0,0,,,,FR_JAN_2010.pdf,Sector-Wise analysis of projects,50,389
FR_201001_390,,220100309,390,"BARBIGHA - SHEKHPURA + NEORA- DANIAWAN (NL), ECR -",NL,,RAILWAYS,2010-01,2002-04,,120.23,,120.23,,,220.17,,,,,,,0,0,,,,FR_JAN_2010.pdf,Sector-Wise analysis of projects,50,390
FR_201001_391,,220100310,391,"BIHARSHARIFF-BARBIGHA (NL), ECR -",NL,,RAILWAYS,2010-01,2001-04,,103.86,,103.86,,,28.93,,,,,,,0,0,,,,FR_JAN_2010.pdf,Sector-Wise analysis of projects,50,391
FR_201001_392,,220100311,392,"DANIAWAN-BIHARSARIF (NL), ECR -",NL,,RAILWAYS,2010-01,2001-04,,104.79,,104.79,,,34.13,,,,,,,0,0,,,,FR_JAN_2010.pdf,Sector-Wise analysis of projects,50,392
FR_201001_393,,220100312,393,"RAJGIR-TILAIYA (NL), ECR -",NL,,RAILWAYS,2010-01,2001-04,,180.82,180.82,180.82,,,230.44,2006-03,,,,,,0,0,,,,FR_JAN_2010.pdf,Sector-Wise analysis of projects,50,393
FR_201001_394,,220100314,394,"RAMGANJMUNDI-BHOPAL (NL),WCR -",NL,,RAILWAYS,2010-01,2001-04,,727.13,727.13,1225.0,,,109.16,,,,,,,0,0,,,,FR_JAN_2010.pdf,Sector-Wise analysis of projects,50,394
FR_201001_395,,220100316,395,MAHARAJGANJ-MASRAKH (NL) - NER -,NL,,RAILWAYS,2010-01,2003-04,,104.1,,113.75,,,40.35,,,,,,,0,0,,,,FR_JAN_2010.pdf,Sector-Wise analysis of projects,50,395
FR_201001_396,,220100317,396,KICHHA-KHATIMA (NL) - NER -,NL,,RAILWAYS,2010-01,2003-04,,165.67,,165.67,,,0.15,,,,,,,0,0,,,,FR_JAN_2010.pdf,Sector-Wise analysis of projects,50,396
FR_201001_397,,220100319,397,HATHUA-BHATNI (N L) (NER) -,NER,,RAILWAYS,2010-01,2005-04,,200.73,,230.03,,,45.76,,,,,,,0,0,,,,FR_JAN_2010.pdf,Sector-Wise analysis of projects,50,397
FR_201001_398,,220100324,398,CHHINDWARA - NAGPUR (GC)(SECR) -,SECR,,RAILWAYS,2010-01,2005-04,,383.79,,585.93,,,102.78,,,,,,,0,0,,,,FR_JAN_2010.pdf,Sector-Wise analysis of projects,50,398
FR_201001_399,,220100330,399,GUNTUR-GUNTAKAL- KALLURU(GL)(SCR) -,SCR,,RAILWAYS,2010-01,1992-04,,458.45,,573.12,,,555.49,,,,,,,0,0,,,,FR_JAN_2010.pdf,Sector-Wise analysis of projects,50,399
FR_201001_400,,N22000029,400,BHATNI-JIRADEI PATCH DOUBLING (NER) -,NER,,RAILWAYS,2010-01,2006-04,,100.27,,100.27,,,0.01,,,,,,,0,0,,,,FR_JAN_2010.pdf,Sector-Wise analysis of projects,50,400
FR_201001_401,,N22000030,401,MUNDERWA-BABHNAN PATCH DOUBLING(NER) -,NER,,RAILWAYS,2010-01,2006-04,,102.1,,102.1,,,22.75,,,,,,,0,0,,,,FR_JAN_2010.pdf,Sector-Wise analysis of projects,50,401
FR_201001_402,,N22000032,402,MANOHARABAD-KOTHPALL NEW LINE(SCR) -,SCR,,RAILWAYS,2010-01,2006-04,,378.56,,670.0,,,0.74,,,,,,,0,0,,,,FR_JAN_2010.pdf,Sector-Wise analysis of projects,50,402
FR_201001_403,,N22000045,403,"GAELKERA-MANOHARPUR,(LD)(SER) -",SER,,RAILWAYS,2010-01,1998-03,,186.92,261.7,261.7,,,0.08,2006-02,,,,,,0,0,,,,FR_JAN_2010.pdf,Sector-Wise analysis of projects,50,403
FR_201001_404,,N22000054,404,SETTING UP EAST COAST RLY.ZN. (SER) -,SER,,RAILWAYS,2010-01,1997-04,,41.67,,129.78,,,90.84,,,,,,,0,0,,,,FR_JAN_2010.pdf,Sector-Wise analysis of projects,50,404
FR_201001_405,,N22000057,405,"PATTABIRAM-ARAKKONAM,SR -",,,RAILWAYS,2010-01,2002-04,,71.94,48.0,124.0,,,151.76,2004-03,2008-07,,,,,0,0,,,,FR_JAN_2010.pdf,Sector-Wise analysis of projects,50,405
FR_201001_406,,N22000079,406,MAYLADUTHURAI-THIRUVARUR- KARAIKUDI-THIRU 'PONDI'-A -,,,RAILWAYS,2010-01,2007-09,,404.19,404.19,711.15,,,38.83,,,,,,,0,0,,,,FR_JAN_2010.pdf,Sector-Wise analysis of projects,51,406
FR_201001_407,,N22000080,407,DINDIGUL-POLLACHI-PALGHAT- POLLACHI AND COIMBATORE -,,,RAILWAYS,2010-01,2006-09,,343.17,343.17,639.0,,,163.05,,,,,,,0,0,,,,FR_JAN_2010.pdf,Sector-Wise analysis of projects,51,407
FR_201001_408,,N22000082,408,ALUABARI ROAD SILIGURI JANCTION VIA GALGALIA -,,,RAILWAYS,2010-01,2006-12,,170.0,170.0,255.96,,,75.34,,,,,,,0,0,,,,FR_JAN_2010.pdf,Sector-Wise analysis of projects,51,408
FR_201001_409,,N22000084,409,TINDIVANAM-GINGEE- TIRUVANNAMALAI (NL) -,NL,,RAILWAYS,2010-01,2006-09,,125.0,125.0,227.4,,,11.32,,,,,,,0,0,,,,FR_JAN_2010.pdf,Sector-Wise analysis of projects,51,409
FR_201001_410,,N22000085,410,TIDIVANAM-NAGARI (NL) -,NL,,RAILWAYS,2010-01,2006-09,,456.0,456.0,582.83,,,24.27,,,,,,,0,0,,,,FR_JAN_2010.pdf,Sector-Wise analysis of projects,51,410
FR_201001_411,,N22000087,411,NEW B.G. LINE FROM ARARIA TO GALGALIA (THAKURGUNG) -,THAKURGUNG,,RAILWAYS,2010-01,2006-09,,300.0,300.0,529.88,,,20.46,,,,,,,0,0,,,,FR_JAN_2010.pdf,Sector-Wise analysis of projects,51,411
FR_201001_412,,N22000098,412,BHAKURA DAMODAR -,,,RAILWAYS,2010-01,1998-03,,282.7,,325.17,,,274.56,2008-07,,,,,,0,0,,,,FR_JAN_2010.pdf,Sector-Wise analysis of projects,51,412
FR_201001_413,,N22000101,413,KISHANGANJ JALALGARH -,,,RAILWAYS,2010-01,2008-04,,282.92,,359.86,,,0.1,,,,,,,0,0,,,,FR_JAN_2010.pdf,Sector-Wise analysis of projects,51,413
FR_201001_414,,220100168,414,"MANDARHILL-DUMKA-RAMPURHAT (NL),ER -",NL,,RAILWAYS,2010-01,1995-04,,184.0,254.07,676.0,,,288.03,2011-12,,2011-06,,,,0,0,,,,FR_JAN_2010.pdf,Sector-Wise analysis of projects,51,414
FR_201001_415,,220100181,415,AHMEDNAGAR-PARLI VAIJNATH(NL) CR -,NL,,RAILWAYS,2010-01,1997-02,,353.08,353.08,1010.0,,,45.16,2012-12,,2012-12,,,,0,0,,,,FR_JAN_2010.pdf,Sector-Wise analysis of projects,51,415
FR_201001_416,,220100273,416,"DEOGHAR - SULTANGANJ (INL), ER - Total",INL,,RAILWAYS,2010-01,2000-04,,138.0,258.24,607.09,,,168.42,2012-12,,2012-12,,,,0,0,,,,FR_JAN_2010.pdf,Sector-Wise analysis of projects,51,416
FR_201001_417,,N24000039,417,"JAWAHARLAL NEHRU PORT PHASE- II,SH-54 -",,,ROAD TRANSPORT & HIGHWAYS,2010-01,2000-04,,143.0,,143.0,,,,2007-05,,2009-10,,,,0,0,,,,FR_JAN_2010.pdf,Sector-Wise analysis of projects,51,417
FR_201001_418,,240100203,418,"ALLAHABAD BYPASS (KM.158- KM.198) GQ, NH-2 -",KM.158- KM.198,,ROAD TRANSPORT & HIGHWAYS,2010-01,2000-04,,440.93,,440.93,,,,2006-12,,2009-12,,,,0,0,,,,FR_JAN_2010.pdf,Sector-Wise analysis of projects,51,418
FR_201001_419,,240100204,419,"ALLAHABAD BYPASS (KM.198- KM.242.708) GQ, NH-2 -",KM.198- KM.242.708,,ROAD TRANSPORT & HIGHWAYS,2010-01,2000-04,,534.39,,534.39,,,,2007-05,,2009-12,,,,0,0,,,,FR_JAN_2010.pdf,Sector-Wise analysis of projects,51,419
FR_201001_420,,240101151,420,BHUBANESWAR-KHURDA (GQ) KM.387.7-KM.418 (NH-5) -,NH-5,,ROAD TRANSPORT & HIGHWAYS,2010-01,2000-04,,140.85,,140.85,,,148.17,2004-01,,2009-12,,,,0,0,,,,FR_JAN_2010.pdf,Sector-Wise analysis of projects,51,420
FR_201001_421,,N24000054,421,"TOVARAMKURCHI-MADURAI,NH45B (NHAI) -",NHAI,,ROAD TRANSPORT & HIGHWAYS,2010-01,2000-04,,263.0,,263.0,,,,2008-08,,2009-12,,,,0,0,,,,FR_JAN_2010.pdf,Sector-Wise analysis of projects,51,421
FR_201001_422,,N24000060,422,AP/KARNATKA BORDER-NANDI HILL CROSSING AND DEVANHA -,,,ROAD TRANSPORT & HIGHWAYS,2010-01,2003-12,,402.8,,402.8,,,453.7,2009-03,,2009-12,,,,0,0,,,,FR_JAN_2010.pdf,Sector-Wise analysis of projects,51,422
FR_201001_423,,N24000069,423,"BARA TO ORAI, NH-2, 25 -",,,ROAD TRANSPORT & HIGHWAYS,2010-01,2003-12,,465.0,,465.0,,,30.66,2009-04,,2009-12,,,,0,0,,,,FR_JAN_2010.pdf,Sector-Wise analysis of projects,51,423
FR_201001_424,,240101181,424,VARANASI-MOHANIA (GQ) KM.317- 329 & KM.0-KM.65 (NH-2) -,NH-2,,ROAD TRANSPORT & HIGHWAYS,2010-01,2000-04,,467.93,,467.93,,,,2005-03,,2010-01,,,,0,0,,,,FR_JAN_2010.pdf,Sector-Wise analysis of projects,51,424
FR_201001_425,,N24000040,425,NEW MANGALORE PORT NH-17 AND 48 -,,,ROAD TRANSPORT & HIGHWAYS,2010-01,2000-04,,196.5,,196.5,,,,2008-06,,2010-01,,,,0,0,,,,FR_JAN_2010.pdf,Sector-Wise analysis of projects,51,425
FR_201001_426,,N24000105,426,ELEVATED HIGHWAY FROM SILK BOARD JUNCTION TO ELECT -,,,ROAD TRANSPORT & HIGHWAYS,2010-01,2005-03,,450.0,49.0,450.0,,,,2008-07,,2010-01,,,,0,0,,,,FR_JAN_2010.pdf,Sector-Wise analysis of projects,51,426
FR_201001_427,,N24000083,427,"PADALUR-TRICHY, NH-45 -",,,ROAD TRANSPORT & HIGHWAYS,2010-01,2005-03,,320.0,,320.0,,,,2009-05,,2010-02,,,,0,0,,,,FR_JAN_2010.pdf,Sector-Wise analysis of projects,52,427
FR_201001_428,,N24000107,428,NH CONNECTIVITY TO ICTT VALLARPADAEU NH - SH -,,,ROAD TRANSPORT & HIGHWAYS,2010-01,2005-03,,557.0,,557.0,,,,2010-02,,2010-02,,,,0,0,,,,FR_JAN_2010.pdf,Sector-Wise analysis of projects,52,428
FR_201001_429,,240101173,429,AGRA-SHIKOHABAD (GQ) KM.199.66- KM.250.50 (NH-2) -,NH-2,,ROAD TRANSPORT & HIGHWAYS,2010-01,2000-04,,367.49,,367.49,,,418.14,2005-03,,2010-03,,,,0,0,,,,FR_JAN_2010.pdf,Sector-Wise analysis of projects,52,429
FR_201001_430,,240101178,430,FATEHPUR-KHAGA (GQ) KM.38- KM.115 (NH-2) -,NH-2,,ROAD TRANSPORT & HIGHWAYS,2010-01,2000-04,,372.4,,372.4,,,396.04,2004-07,,2010-03,,,,0,0,,,,FR_JAN_2010.pdf,Sector-Wise analysis of projects,52,430
FR_201001_431,,240101187,431,GORHAR-BARWA ADDA (GQ) KM.320- KM.398.75 (NH-2) -,NH-2,,ROAD TRANSPORT & HIGHWAYS,2010-01,2000-04,,399.75,,399.75,,,401.82,2005-03,,2010-03,,,,0,0,,,,FR_JAN_2010.pdf,Sector-Wise analysis of projects,52,431
FR_201001_432,,240103191,432,"PURNEA-GOYAKOTA SEC.(EW) (NS & EW-PH-I) KM.419-KM.447, NH-31 -",NS & EW-PH-I,,ROAD TRANSPORT & HIGHWAYS,2010-01,2000-04,,205.73,,205.73,,,240.89,2004-07,,2010-03,,,,0,0,,,,FR_JAN_2010.pdf,Sector-Wise analysis of projects,52,432
FR_201001_433,,240106202,433,"CHENNAI BYPASS (NHAI) OTHERS, NH-45, 4 & 5 -",NHAI,,ROAD TRANSPORT & HIGHWAYS,2010-01,2003-12,,480.0,,480.0,,,,2007-11,,2010-03,,,,0,0,,,,FR_JAN_2010.pdf,Sector-Wise analysis of projects,52,433
FR_201001_434,,240106207,434,DEVDHARI-KELAPUR -,,,ROAD TRANSPORT & HIGHWAYS,2010-01,2003-12,,144.0,,144.0,,,95.12,2005-07,,2010-03,,,,0,0,,,,FR_JAN_2010.pdf,Sector-Wise analysis of projects,52,434
FR_201001_435,,240106210,435,"BORKHEDI-JAM (NS-22/MH) PH.II KM.36.6 TO KM.64.0, NH-7 -",NS-22/MH,,ROAD TRANSPORT & HIGHWAYS,2010-01,2003-12,,110.0,,110.0,,,105.7,2005-06,,2010-03,,,,0,0,,,,FR_JAN_2010.pdf,Sector-Wise analysis of projects,52,435
FR_201001_436,,240106227,436,"PURNEA-FORBESGANJ (BR-1) PHASE-II, KM.309 TO 268, NH-57 -",BR-1,,ROAD TRANSPORT & HIGHWAYS,2010-01,2003-12,,276.0,,276.0,,,343.51,2008-04,,2010-03,,,,0,0,,,,FR_JAN_2010.pdf,Sector-Wise analysis of projects,52,436
FR_201001_437,,240106228,437,"PURNEA-FORBESGANJ (BR-2) PHASE-II, KM.268 TO 230, NH-57 -",BR-2,,ROAD TRANSPORT & HIGHWAYS,2010-01,2003-12,,310.0,,310.0,,,371.65,2008-04,,2010-03,,,,0,0,,,,FR_JAN_2010.pdf,Sector-Wise analysis of projects,52,437
FR_201001_438,,240106240,438,"MADURAI -KANIAKUMARI SECTION (NS-41/TN) NH-7,KM.80 TO KM.120 -",NS-41/TN,,ROAD TRANSPORT & HIGHWAYS,2010-01,2003-12,,323.36,,323.36,,,189.84,2008-03,,2010-03,,,,0,0,,,,FR_JAN_2010.pdf,Sector-Wise analysis of projects,52,438
FR_201001_439,,240106241,439,"MADURAI -KANNIAKUMARI SEC. (NS- 42/TN) NH-7, KM.120 TO KM.160 -",NS- 42/TN,,ROAD TRANSPORT & HIGHWAYS,2010-01,2003-12,,507.49,,507.49,,,314.5,2008-03,,2010-03,,,,0,0,,,,FR_JAN_2010.pdf,Sector-Wise analysis of projects,52,439
FR_201001_440,,240106257,440,"DHULE-PIMPALGAON, NH-3, KM.380 TOKM. 265 -",,,ROAD TRANSPORT & HIGHWAYS,2010-01,2005-03,,556.0,,556.0,,,568.5,2009-03,,2010-03,,,,0,0,,,,FR_JAN_2010.pdf,Sector-Wise analysis of projects,52,440
FR_201001_441,,240106268,441,"JALANDAR-AMRITSAR, KM.407/100 TO KM.456/100, NH-1 -",,,ROAD TRANSPORT & HIGHWAYS,2010-01,2005-03,,263.0,,263.0,,,367.74,2009-02,,2010-03,,,,0,0,,,,FR_JAN_2010.pdf,Sector-Wise analysis of projects,52,441
FR_201001_442,,240106273,442,"SALEM TO KERALA BORDER SEC(TN6), KM.203.96 NH7 TO KM 53 NH47 -",TN6,,ROAD TRANSPORT & HIGHWAYS,2010-01,2003-12,,469.8,,469.8,,,665.8,2008-12,,2010-03,,,,0,0,,,,FR_JAN_2010.pdf,Sector-Wise analysis of projects,52,442
FR_201001_443,,240106285,443,TRICHY BYPASS END TO TOVARAMKURCHI (NH-45B)(NHAI) -,NHAI,,ROAD TRANSPORT & HIGHWAYS,2010-01,2005-03,,261.0,,261.0,,,,2008-08,,2010-03,,,,0,0,,,,FR_JAN_2010.pdf,Sector-Wise analysis of projects,52,443
FR_201001_444,,240106289,444,NAGAON BYPASS (NH-37)(NHAI) -,NHAI,,ROAD TRANSPORT & HIGHWAYS,2010-01,2003-12,,230.0,,230.0,,,137.1,2008-06,,2010-03,,,,0,0,,,,FR_JAN_2010.pdf,Sector-Wise analysis of projects,52,444
FR_201001_445,,240106302,445,"SAGAR - RAJMARG CHORAHA,KM 255-297, NH-26 (NHAI) -",NHAI,,ROAD TRANSPORT & HIGHWAYS,2010-01,2003-12,,206.96,,206.96,,,51.79,2008-10,,2010-03,,,,0,0,,,,FR_JAN_2010.pdf,Sector-Wise analysis of projects,52,445
FR_201001_446,,N24000029,446,SIMRAHI TO RING-BUND (MISSIONG LINE) (BR-4) -,BR-4,,ROAD TRANSPORT & HIGHWAYS,2010-01,2003-12,,100.5,,100.5,,,160.97,2008-04,,2010-03,,,,0,0,,,,FR_JAN_2010.pdf,Sector-Wise analysis of projects,52,446
FR_201001_447,,N24000086,447,"SIX LANING OF BANGLORE-HOSUR SECTION OF NH-7, PHAS -",,,ROAD TRANSPORT & HIGHWAYS,2010-01,2005-03,,110.0,50.0,110.0,,,113.49,2008-07,,2010-03,,,,0,0,,,,FR_JAN_2010.pdf,Sector-Wise analysis of projects,52,447
FR_201001_448,,N24000093,448,"MAHARASHTRA/AP BORDER TO ISLAM NAGAR,(NS-2/BOT/AP-6),NH-7 -",NS-2/BOT/AP-6,,ROAD TRANSPORT & HIGHWAYS,2010-01,2003-12,,360.42,,360.42,,,438.0,2009-11,,2010-03,,,,0,0,,,,FR_JAN_2010.pdf,Sector-Wise analysis of projects,53,448
FR_201001_449,,N24000104,449,BANGALORE-NEELAMANGLALA NH-4 -,,,ROAD TRANSPORT & HIGHWAYS,2010-01,2005-03,,445.0,,445.0,,,719.6,2010-07,,2010-03,,,,0,0,,,,FR_JAN_2010.pdf,Sector-Wise analysis of projects,53,449
FR_201001_450,,240100206,450,"COCHIN PORT, NH-47 (PORT CONNECTIVITY) KMS 348 - KMS 358 -",PORT CONNECTIVITY,,ROAD TRANSPORT & HIGHWAYS,2010-01,2000-04,,106.0,,193.0,,,108.41,2006-08,,2010-04,,,,0,0,,,,FR_JAN_2010.pdf,Sector-Wise analysis of projects,53,450
FR_201001_451,,N24000055,451,"NAGPUR-KONDHALI,NH-6(NHAI) -",NHAI,,ROAD TRANSPORT & HIGHWAYS,2010-01,2005-03,,168.0,,168.0,,,227.74,2008-12,,2010-04,,,,0,0,,,,FR_JAN_2010.pdf,Sector-Wise analysis of projects,53,451
FR_201001_452,,N24000076,452,HYDERABAD-BANGALORE SEC.(NS CORR.PH-II)[KM 251-293 -,NS CORR.PH-II,,ROAD TRANSPORT & HIGHWAYS,2010-01,2003-12,,208.46,,208.46,,,163.51,2009-08,,2010-04,,,,0,0,,,,FR_JAN_2010.pdf,Sector-Wise analysis of projects,53,452
FR_201001_453,,N24000079,453,HYDERABAD-BANGALORE SEC.(NS CORR.PH-II)[KM 376-418 -,NS CORR.PH-II,,ROAD TRANSPORT & HIGHWAYS,2010-01,2003-12,,205.92,,205.92,,,168.42,2009-08,,2010-04,,,,0,0,,,,FR_JAN_2010.pdf,Sector-Wise analysis of projects,53,453
FR_201001_454,,N24000080,454,HYDERABAD-BANGALORE SEC.(NS CORR.PH-II)[KM 418-463 -,NS CORR.PH-II,,ROAD TRANSPORT & HIGHWAYS,2010-01,2003-12,,243.64,,243.64,,,222.4,2009-08,,2010-04,,,,0,0,,,,FR_JAN_2010.pdf,Sector-Wise analysis of projects,53,454
FR_201001_455,,N24000081,455,HYDERABAD-BANGALORE SEC.(NS CORR.PH-II)[KM 211-251 -,NS CORR.PH-II,,ROAD TRANSPORT & HIGHWAYS,2010-01,2003-12,,194.8,,194.8,,,144.81,2009-08,,2010-04,,,,0,0,,,,FR_JAN_2010.pdf,Sector-Wise analysis of projects,53,455
FR_201001_456,,240101134,456,CHITRADURGA BY PASS (GQ) KM.207-KM.189 (NH-4) -,NH-4,,ROAD TRANSPORT & HIGHWAYS,2010-01,2000-04,,104.0,,104.0,,,143.38,2004-08,,2010-05,,,,0,0,,,,FR_JAN_2010.pdf,Sector-Wise analysis of projects,53,456
FR_201001_457,,240106260,457,"AURANG-RAIPUR, NH-6, KM.232 TO KM.281 -",,,ROAD TRANSPORT & HIGHWAYS,2010-01,2005-03,,190.0,,190.0,,,,2009-01,,2010-05,,,,0,0,,,,FR_JAN_2010.pdf,Sector-Wise analysis of projects,53,457
FR_201001_458,,240106262,458,"GONDE-VADAPE(THANE), NH-3, KM.440/000 TO KM.539/500 -",THANE,,ROAD TRANSPORT & HIGHWAYS,2010-01,2005-03,,579.0,,579.0,,,510.08,2009-04,,2010-05,,,,0,0,,,,FR_JAN_2010.pdf,Sector-Wise analysis of projects,53,458
FR_201001_459,,N24000122,459,DELHI/ HARYANA BORDER TO ROHTAK -,,,ROAD TRANSPORT & HIGHWAYS,2010-01,2007-04,,486.0,,486.0,,,64.42,2010-05,,2010-05,,,,0,0,,,,FR_JAN_2010.pdf,Sector-Wise analysis of projects,53,459
FR_201001_460,,240100207,460,"SILCHAR-UDARBAND (PH.II) HN-54, KM.309 TO KM.275 -",PH.II,,ROAD TRANSPORT & HIGHWAYS,2010-01,2003-12,,157.47,,154.57,,,122.06,2007-09,,2010-06,,,,0,0,,,,FR_JAN_2010.pdf,Sector-Wise analysis of projects,53,460
FR_201001_461,,240101133,461,HARIHAR-CHITRADURGA (GQ) KM.284-KM.207 (NH-4) -,NH-4,,ROAD TRANSPORT & HIGHWAYS,2010-01,2000-04,,318.0,,207.56,,,47.34,2004-08,,2010-06,,,,0,0,,,,FR_JAN_2010.pdf,Sector-Wise analysis of projects,53,461
FR_201001_462,,240106216,462,"GAGODHAR-GARAMORE(PK-IV,NH15) KM 245 TO 281.3 AND 308 TO 254 -","PK-IV,NH15",,ROAD TRANSPORT & HIGHWAYS,2010-01,2003-12,,412.78,,479.54,,,406.66,2007-11,,2010-06,,,,0,0,,,,FR_JAN_2010.pdf,Sector-Wise analysis of projects,53,462
FR_201001_463,,240106220,463,"JHANSI BYPASS (UP-3), KM.104- KM.91, NH-25 -",UP-3,,ROAD TRANSPORT & HIGHWAYS,2010-01,2003-12,,158.06,,158.06,,,144.43,2005-08,,2010-06,,,,0,0,,,,FR_JAN_2010.pdf,Sector-Wise analysis of projects,53,463
FR_201001_464,,240106222,464,"AYODHYA - LUCKNOW (LMNHP-I) NH- 28, KM.45 TO KM.8.2 -",LMNHP-I,,ROAD TRANSPORT & HIGHWAYS,2010-01,2003-12,,193.0,,193.0,,,262.59,2008-10,,2010-06,,,,0,0,,,,FR_JAN_2010.pdf,Sector-Wise analysis of projects,53,464
FR_201001_465,,240106225,465,"AYODHYA - LUCKNOW (LMNHP-II) KM.93.075 TO KM.45, NH-28 -",LMNHP-II,,ROAD TRANSPORT & HIGHWAYS,2010-01,2003-12,,217.0,,217.0,,,287.6,2008-10,,2010-06,,,,0,0,,,,FR_JAN_2010.pdf,Sector-Wise analysis of projects,53,465
FR_201001_466,,240106245,466,"GORAKHPUR-AYODHYA (LMNHP- 6),NH-28, KM.251.70 TO KM.208.00 -",LMNHP- 6,,ROAD TRANSPORT & HIGHWAYS,2010-01,2003-12,,239.0,,239.0,,,325.95,2008-10,,2010-06,,,,0,0,,,,FR_JAN_2010.pdf,Sector-Wise analysis of projects,53,466
FR_201001_467,,240106247,467,"GORAKHPUR-AYODHYA (LMNHP- 4),NH-28, KM.164.00 TO KM.135.00 -",LMNHP- 4,,ROAD TRANSPORT & HIGHWAYS,2010-01,2003-12,,205.0,,205.0,,,238.61,2008-10,,2010-06,,,,0,0,,,,FR_JAN_2010.pdf,Sector-Wise analysis of projects,53,467
FR_201001_468,,240106248,468,"AYODHYA-LUCKNOW (LMNHP-3),NH- 28, KM.135.000 TO KM.93.075 -",LMNHP-3,,ROAD TRANSPORT & HIGHWAYS,2010-01,2003-12,,212.0,,212.0,,,292.12,2008-10,,2010-06,,,,0,0,,,,FR_JAN_2010.pdf,Sector-Wise analysis of projects,53,468
FR_201001_469,,240106249,469,"ORAI TO JHANSI (UP-4),NH-25, KM.170.0 TO KM.104.0 -",UP-4,,ROAD TRANSPORT & HIGHWAYS,2010-01,2003-12,,451.97,51.0,451.97,,,408.96,2008-04,,2010-06,,,,0,0,,,,FR_JAN_2010.pdf,Sector-Wise analysis of projects,53,469
FR_201001_470,,240106256,470,"MEERUT-MUZAFFARNAGAR, NH-58 PHASE-III, KM.52.25 TO KM.131.00 -",,,ROAD TRANSPORT & HIGHWAYS,2010-01,2005-03,,359.0,,359.0,,,533.81,2009-03,,2010-06,,,,0,0,,,,FR_JAN_2010.pdf,Sector-Wise analysis of projects,54,470
FR_201001_471,,240106276,471,"MADURAI-ARUPKOTTAI-TUTICORIN, KM.138.8 TO KM.264.5, NH-45 B -",,,ROAD TRANSPORT & HIGHWAYS,2010-01,2005-03,,629.0,,629.0,,,787.61,2010-11,,2010-06,,,,0,0,,,,FR_JAN_2010.pdf,Sector-Wise analysis of projects,54,471
FR_201001_472,,240106295,472,"DARBHANGA-MUZAFFARPUR, NH-57 (NHAI) -",NHAI,,ROAD TRANSPORT & HIGHWAYS,2010-01,2003-12,,305.0,,305.0,,,342.0,2008-06,,2010-06,,,,0,0,,,,FR_JAN_2010.pdf,Sector-Wise analysis of projects,54,472
FR_201001_473,,240106296,473,"DARBHANGA-MUZAFFARPUR(KM 30 TO KM 0), NH-57 (NHAI) -",NHAI,,ROAD TRANSPORT & HIGHWAYS,2010-01,2003-12,,291.8,,291.8,,,359.65,2008-06,,2010-06,,,,0,0,,,,FR_JAN_2010.pdf,Sector-Wise analysis of projects,54,473
FR_201001_474,,240106297,474,"KOTA BYPASS,RJ-4, NH-76 (NHAI) -",NHAI,,ROAD TRANSPORT & HIGHWAYS,2010-01,2003-12,,275.0,,250.39,,,189.13,2008-10,,2010-06,,,,0,0,,,,FR_JAN_2010.pdf,Sector-Wise analysis of projects,54,474
FR_201001_475,,N24000028,475,SILIGURI TO ISLAMPUR (WB-7) -,WB-7,,ROAD TRANSPORT & HIGHWAYS,2010-01,2003-12,,225.0,,225.0,,,144.1,2008-07,,2010-06,,,,0,0,,,,FR_JAN_2010.pdf,Sector-Wise analysis of projects,54,475
FR_201001_476,,N24000030,476,RINGBUNDS TO JHAJHANPUR (BR-6) -,BR-6,,ROAD TRANSPORT & HIGHWAYS,2010-01,2003-12,,340.0,,340.0,,,391.84,2008-06,,2010-06,,,,0,0,,,,FR_JAN_2010.pdf,Sector-Wise analysis of projects,54,476
FR_201001_477,,N24000037,477,THRISSUR TO ANGAMALI (NH-47) -,NH-47,,ROAD TRANSPORT & HIGHWAYS,2010-01,2003-12,,312.5,,312.5,,,477.0,2009-03,,2010-06,,,,0,0,,,,FR_JAN_2010.pdf,Sector-Wise analysis of projects,54,477
FR_201001_478,,N24000045,478,ASSAM/WB BORDER TO GAIRKATTA (WB-1) -,WB-1,,ROAD TRANSPORT & HIGHWAYS,2010-01,2003-12,,221.82,,221.82,,,155.79,2008-11,,2010-06,,,,0,0,,,,FR_JAN_2010.pdf,Sector-Wise analysis of projects,54,478
FR_201001_479,,N24000056,479,"THANJAUR-TRICHY,NH-67(NHAI) -",NHAI,,ROAD TRANSPORT & HIGHWAYS,2010-01,2005-03,,280.0,,280.0,,,533.5,2009-06,,2010-06,,,,0,0,,,,FR_JAN_2010.pdf,Sector-Wise analysis of projects,54,479
FR_201001_480,,N24000057,480,"GANJAM-ICCHAPURUM,NH-5(NHAI) -",NHAI,,ROAD TRANSPORT & HIGHWAYS,2010-01,2000-04,,263.27,,263.27,,,189.54,2004-02,,2010-06,,,,0,0,,,,FR_JAN_2010.pdf,Sector-Wise analysis of projects,54,480
FR_201001_481,,N24000077,481,HYDERABAD-BANGALORE SEC.(NS CORR.PH-II)[KM 293.4-3 -,NS CORR.PH-II,,ROAD TRANSPORT & HIGHWAYS,2010-01,2003-12,,239.19,,239.19,,,191.72,2009-09,,2010-06,,,,0,0,,,,FR_JAN_2010.pdf,Sector-Wise analysis of projects,54,481
FR_201001_482,,N24000078,482,HYDERABAD-BANGALORE SEC.(NS CORR.PH-II)[KM 336-376 -,NS CORR.PH-II,,ROAD TRANSPORT & HIGHWAYS,2010-01,2003-12,,243.38,,243.38,,,203.1,2008-09,,2010-06,,,,0,0,,,,FR_JAN_2010.pdf,Sector-Wise analysis of projects,54,482
FR_201001_483,,N24000087,483,"KURALI-KIRATPUR, NH-21 -",,,ROAD TRANSPORT & HIGHWAYS,2010-01,2005-03,,309.0,,309.0,,,301.43,2010-06,,2010-06,,,,0,0,,,,FR_JAN_2010.pdf,Sector-Wise analysis of projects,54,483
FR_201001_484,,N24000090,484,KOSI BRIDGE INCLUDING APPROACHES AND GUIDE BOND AN -,,,ROAD TRANSPORT & HIGHWAYS,2010-01,2003-12,,418.04,,418.04,,,223.0,2010-03,,2010-06,,,,0,0,,,,FR_JAN_2010.pdf,Sector-Wise analysis of projects,54,484
FR_201001_485,,N24000094,485,"LAKHNAADON TO MP/MH BORDER,KM 596.75-653 (NS- 1/BOT/MP-2),NH7 -",NS- 1/BOT/MP-2,,ROAD TRANSPORT & HIGHWAYS,2010-01,2003-12,,407.6,,407.6,,,177.6,2010-06,,2010-06,,,,0,0,,,,FR_JAN_2010.pdf,Sector-Wise analysis of projects,54,485
FR_201001_486,,N24000096,486,"JHANSI TO LALITPUR, NH-25,26 -",,,ROAD TRANSPORT & HIGHWAYS,2010-01,2003-12,,355.06,,355.06,,,240.1,2009-09,,2010-06,,,,0,0,,,,FR_JAN_2010.pdf,Sector-Wise analysis of projects,54,486
FR_201001_487,,N24000121,487,AMRITSAR-WAGHA BORDER -,,,ROAD TRANSPORT & HIGHWAYS,2010-01,2008-06,,205.88,,205.88,,,164.0,2010-06,,2010-06,,,,0,0,,,,FR_JAN_2010.pdf,Sector-Wise analysis of projects,54,487
FR_201001_488,,240101132,488,HAVERI-HARIHAR (GQ) KM.340- KM.284 (NH-4) -,NH-4,,ROAD TRANSPORT & HIGHWAYS,2010-01,2000-04,,241.0,,196.65,,,44.98,2004-08,,2010-07,,,,0,0,,,,FR_JAN_2010.pdf,Sector-Wise analysis of projects,54,488
FR_201001_489,,240106235,489,VIJAYAPUR TO PATHANKOT (J&K) NH-1A KM.16.35 TO KM.50.00 -,J&K,,ROAD TRANSPORT & HIGHWAYS,2010-01,2003-12,,193.09,,193.09,,,111.6,2008-03,,2010-07,,,,0,0,,,,FR_JAN_2010.pdf,Sector-Wise analysis of projects,54,489
FR_201001_490,,240106236,490,VIJAYAPUR TO PATHANKOT (NS- 35/J&K) NH-1A KM.50 TO KM.80 -,NS- 35/J&K,,ROAD TRANSPORT & HIGHWAYS,2010-01,2003-12,,166.27,,166.27,,,83.56,2008-03,,2010-07,,,,0,0,,,,FR_JAN_2010.pdf,Sector-Wise analysis of projects,54,490
FR_201001_491,,N24000035,491,NALBARI TO BIJNI (AS-8) -,AS-8,,ROAD TRANSPORT & HIGHWAYS,2010-01,2003-12,,200.0,,200.0,,,148.82,2008-06,,2010-07,,,,0,0,,,,FR_JAN_2010.pdf,Sector-Wise analysis of projects,54,491
FR_201001_492,,N24000100,492,PONDICHERY - TINDIVANAU NH-66 -,,,ROAD TRANSPORT & HIGHWAYS,2010-01,2005-03,,285.0,52.0,285.0,,,204.4,2010-07,,2010-07,,,,0,0,,,,FR_JAN_2010.pdf,Sector-Wise analysis of projects,54,492
FR_201001_493,,N24000103,493,NEELAMANGALAR JUNCTION ON NH- 4 SMITH NH-48 TO DEVI -,,,ROAD TRANSPORT & HIGHWAYS,2010-01,2005-03,,441.0,,441.0,,,321.1,2010-07,,2010-07,,,,0,0,,,,FR_JAN_2010.pdf,Sector-Wise analysis of projects,55,493
FR_201001_494,,N24000106,494,BANGLORE - HOSKOTE MUDBOGAL SECTION NH-4 -,,,ROAD TRANSPORT & HIGHWAYS,2010-01,2005-03,,565.0,,565.0,,,631.9,2010-07,,2010-07,,,,0,0,,,,FR_JAN_2010.pdf,Sector-Wise analysis of projects,55,494
FR_201001_495,,N24000109,495,ISLAM NAGAR TO KADTAL -,,,ROAD TRANSPORT & HIGHWAYS,2010-01,2003-12,,546.83,,546.83,,,666.7,2010-03,,2010-07,,,,0,0,,,,FR_JAN_2010.pdf,Sector-Wise analysis of projects,55,495
FR_201001_496,,240101153,496,SUNAKHALA-GANJAM (GQ) KM.338- KM.284 (NH-5) -,NH-5,,ROAD TRANSPORT & HIGHWAYS,2010-01,2000-04,,225.0,,225.0,,,,2004-04,,2010-08,,,,0,0,,,,FR_JAN_2010.pdf,Sector-Wise analysis of projects,55,496
FR_201001_497,,240106286,497,LANKA TO DABOKA (NH-54)(NHAI) -,NHAI,,ROAD TRANSPORT & HIGHWAYS,2010-01,2003-12,,225.0,,225.0,,,99.85,2008-06,,2010-08,,,,0,0,,,,FR_JAN_2010.pdf,Sector-Wise analysis of projects,55,497
FR_201001_498,,N24000117,498,ZIRAKPUR(HARYANA) - PARWANOO(HIMACHAL PRADESH) -,HIMACHAL PRADESH,,ROAD TRANSPORT & HIGHWAYS,2010-01,2008-02,,295.0,,295.0,,,250.8,2010-08,,2010-08,,,,0,0,,,,FR_JAN_2010.pdf,Sector-Wise analysis of projects,55,498
FR_201001_499,,240103192,499,LUCKNOW-BYPASS (EW) (NS & EW- PH-I) NH-25 & NH-28 VIA NH-56 -,NS & EW- PH-I,,ROAD TRANSPORT & HIGHWAYS,2010-01,2000-04,,182.52,,111.78,,,0.52,2004-06,,2010-09,,,,0,0,,,,FR_JAN_2010.pdf,Sector-Wise analysis of projects,55,499
FR_201001_500,,240104196,500,HALDIA PORT (PORT CONNECTIVITY) (NH-41) -,NH-41,,ROAD TRANSPORT & HIGHWAYS,2010-01,2000-04,,273.0,,522.0,,,249.75,2005-03,,2010-09,,,,0,0,,,,FR_JAN_2010.pdf,Sector-Wise analysis of projects,55,500
FR_201001_501,,N24000095,501,"LAKHNADON TO MP/MH BORDER (NS-1/BOT/MP-2), NH-7 -",NS-1/BOT/MP-2,,ROAD TRANSPORT & HIGHWAYS,2010-01,2003-12,,263.17,,263.17,,,214.8,2009-09,,2010-09,,,,0,0,,,,FR_JAN_2010.pdf,Sector-Wise analysis of projects,55,501
FR_201001_502,,N24000097,502,"JHANSI TO LALITPUR, NH-26 -",,,ROAD TRANSPORT & HIGHWAYS,2010-01,2003-12,,276.09,,276.09,,,184.6,2009-09,,2010-09,,,,0,0,,,,FR_JAN_2010.pdf,Sector-Wise analysis of projects,55,502
FR_201001_503,,N24000110,503,LUMDING TO DABOKA -,,,ROAD TRANSPORT & HIGHWAYS,2010-01,2003-12,,130.0,,130.0,,,45.56,2010-08,,2010-09,,,,0,0,,,,FR_JAN_2010.pdf,Sector-Wise analysis of projects,55,503
FR_201001_504,,N24000120,504,WAINGANGA BRIDGE - CHHATISGARH-MAHARASHTRA -,,,ROAD TRANSPORT & HIGHWAYS,2010-01,2008-03,,424.0,,424.0,,,275.6,2010-09,,2010-09,,,,0,0,,,,FR_JAN_2010.pdf,Sector-Wise analysis of projects,55,504
FR_201001_505,,240102202,505,"KANYAKUMARI-PANAGUDI (NS CORR. PH-II) (KM 203-233.60), NH-7 -",KM 203-233.60,,ROAD TRANSPORT & HIGHWAYS,2010-01,2004-01,,120.0,,120.0,,,84.51,2006-09,,2010-10,,,,0,0,,,,FR_JAN_2010.pdf,Sector-Wise analysis of projects,55,505
FR_201001_506,,240106300,506,"LALITPUR TO SAGAR KM 132 TO KM 187, NH-26 (NHAI) -",NHAI,,ROAD TRANSPORT & HIGHWAYS,2010-01,2003-12,,225.0,,225.0,,,164.4,2008-10,,2010-10,,,,0,0,,,,FR_JAN_2010.pdf,Sector-Wise analysis of projects,55,506
FR_201001_507,,N24000088,507,"GWALIOR BYPSS, NH-75,3 -",,,ROAD TRANSPORT & HIGHWAYS,2010-01,2003-12,,300.93,,300.93,,,172.18,2009-10,,2010-10,,,,0,0,,,,FR_JAN_2010.pdf,Sector-Wise analysis of projects,55,507
FR_201001_508,,240102193,508,"KUNJWANI-VIJAYPUR(NS-15) (NS & EW-PH-I) KM.80-KM.97.20,NH-1A -",NS & EW-PH-I,,ROAD TRANSPORT & HIGHWAYS,2010-01,2000-04,,110.0,,110.0,,,142.24,2004-12,,2010-12,,,,0,0,,,,FR_JAN_2010.pdf,Sector-Wise analysis of projects,55,508
FR_201001_509,,240106203,509,IMPROVEMENT OF ACCESS OF GQ WITHIN CHENNAI CITY(NHAI) OTHERS -,NHAI,,ROAD TRANSPORT & HIGHWAYS,2010-01,2003-12,,210.0,,210.0,,,,2007-04,,2010-12,,,,0,0,,,,FR_JAN_2010.pdf,Sector-Wise analysis of projects,55,509
FR_201001_510,,240106204,510,"GARHMUKTESHWAR-MURADABAD (NHAI) OTHERS KM.93-149.25, NH-24 -",NHAI,,ROAD TRANSPORT & HIGHWAYS,2010-01,2003-12,,275.0,,275.0,,,,2007-09,,2010-12,,,,0,0,,,,FR_JAN_2010.pdf,Sector-Wise analysis of projects,55,510
FR_201001_511,,240106205,511,"HAPUR-GARHMUKTESWAR (OTHERS) KM.58-93, NH-24 -",OTHERS,,ROAD TRANSPORT & HIGHWAYS,2010-01,2005-03,,220.0,,220.0,,,129.09,2007-09,,2010-12,,,,0,0,,,,FR_JAN_2010.pdf,Sector-Wise analysis of projects,55,511
FR_201001_512,,240106209,512,JAM-WADNER -,,,ROAD TRANSPORT & HIGHWAYS,2010-01,2003-12,,145.0,,145.0,,,68.18,2005-07,,2010-12,,,,0,0,,,,FR_JAN_2010.pdf,Sector-Wise analysis of projects,55,512
FR_201001_513,,240106226,513,"BIJNI TO ASSAM/WB BORDER PH.II, KM.30.00 TO 0.00, NH-31 C -",,,ROAD TRANSPORT & HIGHWAYS,2010-01,2003-12,,230.0,,230.0,,,91.6,2005-06,,2010-12,,,,0,0,,,,FR_JAN_2010.pdf,Sector-Wise analysis of projects,55,513
FR_201001_514,,240106237,514,"PATHANKOT- BHOGPUR, KM.26- KM.70, NH-1A -",,,ROAD TRANSPORT & HIGHWAYS,2010-01,2003-12,,284.0,53.0,284.0,,,276.4,2008-05,,2010-12,,,,0,0,,,,FR_JAN_2010.pdf,Sector-Wise analysis of projects,55,514
FR_201001_515,,240106246,515,"GORAKHPUR-AYODHYA (LMNHP- 5),NH-28, KM.208.00 TO KM.164.00 -",LMNHP- 5,,ROAD TRANSPORT & HIGHWAYS,2010-01,2003-12,,227.0,,227.0,,,205.72,2008-10,,2010-12,,,,0,0,,,,FR_JAN_2010.pdf,Sector-Wise analysis of projects,56,515
FR_201001_516,,240106250,516,"ORAI TO JHANSI (UP-5),NH-25, KM.220.0 TO KM.170.0 -",UP-5,,ROAD TRANSPORT & HIGHWAYS,2010-01,2003-12,,340.68,,340.68,,,213.33,2008-03,,2010-12,,,,0,0,,,,FR_JAN_2010.pdf,Sector-Wise analysis of projects,56,516
FR_201001_517,,240106277,517,"HARANGAJO TO MAIBANG (AS-23), KM.126.450 TO KM.140.700 -",AS-23,,ROAD TRANSPORT & HIGHWAYS,2010-01,2003-12,,280.0,,280.0,,,114.18,2009-02,,2010-12,,,,0,0,,,,FR_JAN_2010.pdf,Sector-Wise analysis of projects,56,517
FR_201001_518,,240106278,518,"MAIBANG TO LUNDING (AS-25), KM.83.400 TO KM.111.000 -",AS-25,,ROAD TRANSPORT & HIGHWAYS,2010-01,2003-12,,199.81,,199.81,,,27.66,2009-04,,2010-12,,,,0,0,,,,FR_JAN_2010.pdf,Sector-Wise analysis of projects,56,518
FR_201001_519,,240106279,519,"MAIBANG TO LUNDING (AS-26), KM.60.500 TO KM.83.400, NH-54 -",AS-26,,ROAD TRANSPORT & HIGHWAYS,2010-01,2003-12,,167.64,,167.64,,,39.49,2008-11,,2010-12,,,,0,0,,,,FR_JAN_2010.pdf,Sector-Wise analysis of projects,56,519
FR_201001_520,,240106280,520,"MAIBANG TO LUNDING (AS-24), KM.111.000 TO KM.126.450 -",AS-24,,ROAD TRANSPORT & HIGHWAYS,2010-01,2003-12,,155.04,,155.04,,,27.96,2008-11,,2010-12,,,,0,0,,,,FR_JAN_2010.pdf,Sector-Wise analysis of projects,56,520
FR_201001_521,,240106281,521,"MAIBANG TO LUNDING (AS-27), KM.40.000 TO KM.60.500 -",AS-27,,ROAD TRANSPORT & HIGHWAYS,2010-01,2003-12,,200.0,,200.0,,,55.4,2009-04,,2010-12,,,,0,0,,,,FR_JAN_2010.pdf,Sector-Wise analysis of projects,56,521
FR_201001_522,,240106288,522,DAKOBA TO NAGAON (NH-36)(NHAI) -,NHAI,,ROAD TRANSPORT & HIGHWAYS,2010-01,2003-12,,225.0,,225.0,,,86.47,2008-06,,2010-12,,,,0,0,,,,FR_JAN_2010.pdf,Sector-Wise analysis of projects,56,522
FR_201001_523,,240106290,523,BIJNI TO ASSAM WB BORDER (NH- 31.C)(1)(NHAI) -,NHAI,,ROAD TRANSPORT & HIGHWAYS,2010-01,2003-12,,195.0,,195.0,,,85.85,2008-06,,2010-12,,,,0,0,,,,FR_JAN_2010.pdf,Sector-Wise analysis of projects,56,523
FR_201001_524,,240106291,524,KASIA TO GORAKHPUR (NH- 28)(NHAI) -,NHAI,,ROAD TRANSPORT & HIGHWAYS,2010-01,2003-12,,242.0,,242.0,,,286.26,2008-12,,2010-12,,,,0,0,,,,FR_JAN_2010.pdf,Sector-Wise analysis of projects,56,524
FR_201001_525,,240106292,525,UP/BIHAR BORDER TO KASIA (NH- 28)(NHAI) -,NHAI,,ROAD TRANSPORT & HIGHWAYS,2010-01,2003-12,,227.0,,227.0,,,254.7,2008-12,,2010-12,,,,0,0,,,,FR_JAN_2010.pdf,Sector-Wise analysis of projects,56,525
FR_201001_526,,240106293,526,BIJNI TO ASSAM /WB.BORDER (NH- 31.C)(2)(NHAI) -,NHAI,,ROAD TRANSPORT & HIGHWAYS,2010-01,2003-12,,237.8,,237.8,,,86.79,2008-06,,2010-12,,,,0,0,,,,FR_JAN_2010.pdf,Sector-Wise analysis of projects,56,526
FR_201001_527,,240106301,527,"SAGAR BY PASS,KM 187 TO KM 211 , NH-26 (NHAI) -",NHAI,,ROAD TRANSPORT & HIGHWAYS,2010-01,2003-12,,151.3,,151.3,,,100.1,2008-10,,2010-12,,,,0,0,,,,FR_JAN_2010.pdf,Sector-Wise analysis of projects,56,527
FR_201001_528,,240106303,528,"SAGAR - RAJMARG CHORAHA,KM 211 TO KM 255, NH-26 (NHAI) -",NHAI,,ROAD TRANSPORT & HIGHWAYS,2010-01,2003-12,,203.43,,203.43,,,95.49,2008-10,,2010-12,,,,0,0,,,,FR_JAN_2010.pdf,Sector-Wise analysis of projects,56,528
FR_201001_529,,240106304,529,"RAJMARG CHORAHA TO LAKHNANDON,KM 297 TO KM 351, NH-26 (NHAI) -",NHAI,,ROAD TRANSPORT & HIGHWAYS,2010-01,2003-12,,251.03,,251.03,,,62.13,2008-10,,2010-12,,,,0,0,,,,FR_JAN_2010.pdf,Sector-Wise analysis of projects,56,529
FR_201001_530,,240106305,530,"RAJMARG CHORAHA TO LAKHNANDON,KM 351 TO KM 405.7, NH-26 (NHA -",,,ROAD TRANSPORT & HIGHWAYS,2010-01,2003-12,,229.91,,229.91,,,29.18,2008-10,,2010-12,,,,0,0,,,,FR_JAN_2010.pdf,Sector-Wise analysis of projects,56,530
FR_201001_531,,N24000036,531,SITAPUR-LUCKNOW -,,,ROAD TRANSPORT & HIGHWAYS,2010-01,2005-03,,322.0,,322.0,,,254.27,2009-06,,2010-12,,,,0,0,,,,FR_JAN_2010.pdf,Sector-Wise analysis of projects,56,531
FR_201001_532,,N24000038,532,GUWHATI TO NALBARI (AS-4) -,AS-4,,ROAD TRANSPORT & HIGHWAYS,2010-01,2003-12,,175.96,,175.96,,,53.52,2008-04,,2010-12,,,,0,0,,,,FR_JAN_2010.pdf,Sector-Wise analysis of projects,56,532
FR_201001_533,,N24000042,533,NAGAON TO DHARAMTUL (AS-2) -,AS-2,,ROAD TRANSPORT & HIGHWAYS,2010-01,2003-12,,264.72,,264.72,,,75.54,2008-06,,2010-12,,,,0,0,,,,FR_JAN_2010.pdf,Sector-Wise analysis of projects,56,533
FR_201001_534,,N24000044,534,SONAPUR TO GUWAHTI (AS-3) -,AS-3,,ROAD TRANSPORT & HIGHWAYS,2010-01,2003-12,,245.0,,245.0,,,227.0,2008-03,,2010-12,,,,0,0,,,,FR_JAN_2010.pdf,Sector-Wise analysis of projects,56,534
FR_201001_535,,N24000046,535,GUWAHATI TO NALBARI (AS-5) -,AS-5,,ROAD TRANSPORT & HIGHWAYS,2010-01,2003-12,,198.16,,198.16,,,82.87,2008-04,,2010-12,,,,0,0,,,,FR_JAN_2010.pdf,Sector-Wise analysis of projects,56,535
FR_201001_536,,N24000047,536,NALBARI TO BIJNI (AS-6) -,AS-6,,ROAD TRANSPORT & HIGHWAYS,2010-01,2003-12,,225.0,54.0,225.0,,,113.13,2008-06,,2010-12,,,,0,0,,,,FR_JAN_2010.pdf,Sector-Wise analysis of projects,56,536
FR_201001_537,,N24000048,537,NALBARI T BIJNI (AS-7) -,AS-7,,ROAD TRANSPORT & HIGHWAYS,2010-01,2003-12,,208.0,,208.0,,,106.16,2008-04,,2010-12,,,,0,0,,,,FR_JAN_2010.pdf,Sector-Wise analysis of projects,57,537
FR_201001_538,,N24000049,538,"DHARAMTUL TO SONAPUR,KM 205- 183 (AS-20) -",AS-20,,ROAD TRANSPORT & HIGHWAYS,2010-01,2003-12,,160.0,,160.0,,,54.05,2008-05,,2010-12,,,,0,0,,,,FR_JAN_2010.pdf,Sector-Wise analysis of projects,57,538
FR_201001_539,,N24000050,539,NALBARI TO BIJNI (AS-9) -,AS-9,,ROAD TRANSPORT & HIGHWAYS,2010-01,2003-12,,142.0,,142.0,,,113.51,2008-06,,2010-12,,,,0,0,,,,FR_JAN_2010.pdf,Sector-Wise analysis of projects,57,539
FR_201001_540,,N24000051,540,DHARAMTUL TO SONAPUR (AS-19) -,AS-19,,ROAD TRANSPORT & HIGHWAYS,2010-01,2003-12,,200.0,,200.0,,,78.52,2008-06,,2010-12,,,,0,0,,,,FR_JAN_2010.pdf,Sector-Wise analysis of projects,57,540
FR_201001_541,,N24000061,541,"HARANGAJO TO MAIBANG,km 164.08- 190.587 NH-54 -",,,ROAD TRANSPORT & HIGHWAYS,2010-01,2003-12,,212.0,,212.0,,,34.11,2007-09,,2010-12,,,,0,0,,,,FR_JAN_2010.pdf,Sector-Wise analysis of projects,57,541
FR_201001_542,,N24000062,542,"HARANGAJO TO MAIBANG, NH-54 -",,,ROAD TRANSPORT & HIGHWAYS,2010-01,2003-12,,196.0,,196.0,,,23.32,2009-07,,2010-12,,,,0,0,,,,FR_JAN_2010.pdf,Sector-Wise analysis of projects,57,542
FR_201001_543,,N24000063,543,"BRAHMPUTRA BRIDGE,NH NO-31 -",,,ROAD TRANSPORT & HIGHWAYS,2010-01,2003-12,,217.61,,217.61,,,63.87,2010-04,,2010-12,,,,0,0,,,,FR_JAN_2010.pdf,Sector-Wise analysis of projects,57,543
FR_201001_544,,N24000066,544,"PANIPAT TO PANCHI GUJRAN, NH-1 -",,,ROAD TRANSPORT & HIGHWAYS,2010-01,2003-12,,109.0,,109.0,,,138.9,2008-10,,2010-12,,,,0,0,,,,FR_JAN_2010.pdf,Sector-Wise analysis of projects,57,544
FR_201001_545,,N24000068,545,"CHAMBAL BRIDGE, NH-76 (RJ-5) -",RJ-5,,ROAD TRANSPORT & HIGHWAYS,2010-01,2003-12,,275.0,,281.31,,,176.32,2010-02,,2010-12,,,,0,0,,,,FR_JAN_2010.pdf,Sector-Wise analysis of projects,57,545
FR_201001_546,,N24000085,546,"GORAKHPUR BYPASS, NH-28, PHASE-II EAST-WEST CORRID -",,,ROAD TRANSPORT & HIGHWAYS,2010-01,2003-12,,600.24,,600.24,,,404.32,2009-10,,2010-12,,,,0,0,,,,FR_JAN_2010.pdf,Sector-Wise analysis of projects,57,546
FR_201001_547,,N24000089,547,"GWALIOR-JHANSI, NH-75 -",,,ROAD TRANSPORT & HIGHWAYS,2010-01,2003-12,,604.0,,604.0,,,189.26,2009-12,,2010-12,,,,0,0,,,,FR_JAN_2010.pdf,Sector-Wise analysis of projects,57,547
FR_201001_548,,N24000101,548,TRICHY - KORUR NH-67 -,,,ROAD TRANSPORT & HIGHWAYS,2010-01,2005-03,,516.0,,516.0,,,213.3,2010-07,,2010-12,,,,0,0,,,,FR_JAN_2010.pdf,Sector-Wise analysis of projects,57,548
FR_201001_549,,N24000116,549,BALASORE BHADRAK (REVIVED) KM 136.5 - 199.14 NH-5 -,REVIVED,,ROAD TRANSPORT & HIGHWAYS,2010-01,2000-04,,228.7,,228.7,,,,2004-02,,2010-12,,,,0,0,,,,FR_JAN_2010.pdf,Sector-Wise analysis of projects,57,549
FR_201001_550,,N24000099,550,TRICHY - DINDIGUAL NH-45 -,,,ROAD TRANSPORT & HIGHWAYS,2010-01,2005-03,,576.0,,576.0,,,173.0,2010-07,,2011-01,,,,0,0,,,,FR_JAN_2010.pdf,Sector-Wise analysis of projects,57,550
FR_201001_551,,N24000102,551,SALEM - U / UNDRUPET(BOT -1/TN- 06) NH -68 -,BOT -1/TN- 06,,ROAD TRANSPORT & HIGHWAYS,2010-01,2005-03,,941.0,,941.0,,,266.6,2011-01,,2011-01,,,,0,0,,,,FR_JAN_2010.pdf,Sector-Wise analysis of projects,57,551
FR_201001_552,,N24000118,552,END OF DURG BYPASS- CHHATISGARH/MAHARASHTRA BORDER -,,,ROAD TRANSPORT & HIGHWAYS,2010-01,2008-01,,464.0,,464.0,,,207.7,2011-01,,2011-01,,,,0,0,,,,FR_JAN_2010.pdf,Sector-Wise analysis of projects,57,552
FR_201001_553,,N24000098,553,"AGRA-BYPASS(NS-1/UP-1),KM 176.8- 13.03 NH-2,3 -",NS-1/UP-1,,ROAD TRANSPORT & HIGHWAYS,2010-01,2003-12,,348.16,,348.16,,,102.8,2007-09,,2011-02,,,,0,0,,,,FR_JAN_2010.pdf,Sector-Wise analysis of projects,57,553
FR_201001_554,,240106223,554,"MEHSI TO KOTWA (LMNHP-II), PH.II, KM.480 TO KM.440, NH-28 -",LMNHP-II,,ROAD TRANSPORT & HIGHWAYS,2010-01,2003-12,,239.0,,239.0,,,182.61,2005-07,,2011-03,,,,0,0,,,,FR_JAN_2010.pdf,Sector-Wise analysis of projects,57,554
FR_201001_555,,240106224,555,"MUZZAFFARPUR TO MEHSI (LMNHP- 12), KM.520 TO 480, NH-28 -",LMNHP- 12,,ROAD TRANSPORT & HIGHWAYS,2010-01,2003-12,,275.0,,275.0,,,207.19,2005-07,,2011-03,,,,0,0,,,,FR_JAN_2010.pdf,Sector-Wise analysis of projects,57,555
FR_201001_556,,240106243,556,"KOTWA TO DEWAPUR(10 LMNHP),NH-28 PHASE-II, KM.440 TO KM.402 -",10 LMNHP,,ROAD TRANSPORT & HIGHWAYS,2010-01,2003-12,,240.0,,240.0,,,153.18,2008-10,,2011-03,,,,0,0,,,,FR_JAN_2010.pdf,Sector-Wise analysis of projects,57,556
FR_201001_557,,240106294,557,FORBESGANJ TO SIMRAHI (NH- 57)(NHAI) -,NHAI,,ROAD TRANSPORT & HIGHWAYS,2010-01,2003-12,,332.94,,332.94,,,134.4,2008-09,,2011-03,,,,0,0,,,,FR_JAN_2010.pdf,Sector-Wise analysis of projects,57,557
FR_201001_558,,240106299,558,"LALITPUR TO SAGAR, NH-26 (NHAI) -",NHAI,,ROAD TRANSPORT & HIGHWAYS,2010-01,2003-12,,198.0,,198.0,,,100.84,2008-11,,2011-03,,,,0,0,,,,FR_JAN_2010.pdf,Sector-Wise analysis of projects,57,558
FR_201001_559,,N24000031,559,JHAJHARPUR TO DARBANGA (BR-7) -,BR-7,,ROAD TRANSPORT & HIGHWAYS,2010-01,2003-12,,340.0,55.0,340.0,,,224.54,2008-09,,2011-03,,,,0,0,,,,FR_JAN_2010.pdf,Sector-Wise analysis of projects,57,559
FR_201001_560,,N24000108,560,DHOLPUR - MORENA SECTION (INCLUDING CHAMBOL BRIDGE -,,,ROAD TRANSPORT & HIGHWAYS,2010-01,2003-12,,232.45,,232.45,,,80.84,2010-09,,2011-03,,,,0,0,,,,FR_JAN_2010.pdf,Sector-Wise analysis of projects,58,560
FR_201001_561,,N24000119,561,KALGHAT-MP/MAHARASHTRA BORDER KM 16.6-84.70 -,,,ROAD TRANSPORT & HIGHWAYS,2010-01,2008-11,,549.0,,549.0,,,414.4,2010-05,,2011-05,,,,0,0,,,,FR_JAN_2010.pdf,Sector-Wise analysis of projects,58,561
FR_201001_562,,240106221,562,"GANGA BRIDGE TO RAMDEVI CROSSING PH.II NH-25, KM.75-80.06 -",,,ROAD TRANSPORT & HIGHWAYS,2010-01,2003-12,,155.0,,201.66,,,46.66,2008-09,,2011-06,,,,0,0,,,,FR_JAN_2010.pdf,Sector-Wise analysis of projects,58,562
FR_201001_563,,240106283,563,KELARPUR-PIMPALKATTI-KM 153 TO KM 175 -,,,ROAD TRANSPORT & HIGHWAYS,2010-01,2003-12,,117.4,,117.4,,,29.83,2008-11,,2011-06,,,,0,0,,,,FR_JAN_2010.pdf,Sector-Wise analysis of projects,58,563
FR_201001_564,,N24000123,564,"PIMPALGAON-NASIK-GONDE, NH-3 (NHDP-PHASE-III) -",NHDP-PHASE-III,,ROAD TRANSPORT & HIGHWAYS,2010-01,2005-03,,940.0,,940.0,,,,2012-07,,2012-07,,,,0,0,,,,FR_JAN_2010.pdf,Sector-Wise analysis of projects,58,564
FR_201001_565,,N24000115,565,PATHANKOT BHOGPUR NH-1A -,,,ROAD TRANSPORT & HIGHWAYS,2010-01,2003-12,,229.0,,229.0,,,6.05,2010-05,,2012-08,,,,0,0,,,,FR_JAN_2010.pdf,Sector-Wise analysis of projects,58,565
FR_201001_566,,240106208,566,DEVDHARI-WADNER -,,,ROAD TRANSPORT & HIGHWAYS,2010-01,2003-12,,145.0,,145.0,,,24.71,2005-07,,,,,,0,0,,,,FR_JAN_2010.pdf,Sector-Wise analysis of projects,58,566
FR_201001_567,,240106244,567,"DEEWAPUR TO UP/BIHAR BORDER (LMNHP-9)-NH-28, KM.402-360.915 - Total",LMNHP-9,,ROAD TRANSPORT & HIGHWAYS,2010-01,2003-12,,300.0,43916.82,300.0,,,27818.31,2008-10,,,,,,0,0,,,,FR_JAN_2010.pdf,Sector-Wise analysis of projects,58,567
FR_201001_568,,N25000034,568,CONSTRUCTION OF CAR /CLEAN CARGO TERMINAL -,,,SHIPPING & PORTS,2010-01,2009-01,,100.0,,100.0,,,0.5,2010-01,,2010-01,,,,0,0,,,,FR_JAN_2010.pdf,Sector-Wise analysis of projects,58,568
FR_201001_569,,250100112,569,ESTABLISHMENT OF VESSEL TRAFFIC SERVICES IN GULF OF KUTCH -,,,SHIPPING & PORTS,2010-01,2002-01,,165.0,,165.0,,,72.76,2005-12,,2010-03,,,,0,0,,,,FR_JAN_2010.pdf,Sector-Wise analysis of projects,58,569
FR_201001_570,,N25000013,570,ACQUISITION OF TWO NOS.OF 470000 DWT MR TANKERS -,,,SHIPPING & PORTS,2010-01,2006-12,,411.32,,411.32,,,406.28,2010-03,,2010-03,,,,0,0,,,,FR_JAN_2010.pdf,Sector-Wise analysis of projects,58,570
FR_201001_571,,N25000015,571,RAIL CONNECTIVITY TO ICTT AT VALLARPADAM -,,,SHIPPING & PORTS,2010-01,2007-03,,245.67,,298.17,,,290.01,2009-04,,2010-03,,,,0,0,,,,FR_JAN_2010.pdf,Sector-Wise analysis of projects,58,571
FR_201001_572,,N25000004,572,DEEPENING OF CHEENEL AT PARADIP PORT -,,,SHIPPING & PORTS,2010-01,2005-12,,154.84,,253.36,,,129.62,2007-06,2009-01,2010-04,,,,0,0,,,,FR_JAN_2010.pdf,Sector-Wise analysis of projects,58,572
FR_201001_573,,N25000029,573,ACQUISITION OF 6 NOS. 60470 DWT LR-I PRODUCT TANKE -,,,SHIPPING & PORTS,2010-01,2006-10,,1658.59,,1658.59,,,318.24,2010-07,,2010-07,,,,0,0,,,,FR_JAN_2010.pdf,Sector-Wise analysis of projects,58,573
FR_201001_574,,250100175,574,SETHUSAMUDRAM SHIP CHANNEL PROJECT -,,,SHIPPING & PORTS,2010-01,2005-06,,2427.4,,2427.4,,,813.75,2008-10,,2010-11,,,,0,0,,,,FR_JAN_2010.pdf,Sector-Wise analysis of projects,58,574
FR_201001_575,,N25000030,575,ACQUISITION OF 2 NOS. OF 105000 DWT LR-II TANKERS -,,,SHIPPING & PORTS,2010-01,2007-08,,586.58,,586.58,,,241.64,2010-11,,2010-11,,,,0,0,,,,FR_JAN_2010.pdf,Sector-Wise analysis of projects,58,575
FR_201001_576,,N25000016,576,CONST. & DEV. OF 2 OFFSHORE CONTAINER BERTHS & TER -,,,SHIPPING & PORTS,2010-01,2007-11,,366.0,,366.0,,,1.43,2010-12,,2010-12,,,,0,0,,,,FR_JAN_2010.pdf,Sector-Wise analysis of projects,58,576
FR_201001_577,,N25000038,577,"OPERATION, MANAG. & MAINT. OF MULTI USER-JETTY FOR -",,,SHIPPING & PORTS,2010-01,2006-06,,230.0,,230.0,,,,2010-12,,2010-12,,,,0,0,,,,FR_JAN_2010.pdf,Sector-Wise analysis of projects,58,577
FR_201001_578,,N25000037,578,C/O IMPOUNDED DOCK AT TUNA FOR HANDELLING DRAFT VE -,,,SHIPPING & PORTS,2010-01,2005-04,,882.0,,882.0,,,0.16,2011-02,,2011-02,,,,0,0,,,,FR_JAN_2010.pdf,Sector-Wise analysis of projects,58,578
FR_201001_579,,N25000039,579,CONSTRUCTION OF 13 & 14 CARGO BERTH AT KANDLA -,,,SHIPPING & PORTS,2010-01,2005-12,,702.0,56.0,702.0,,,0.73,2011-03,,2011-03,,,,0,0,,,,FR_JAN_2010.pdf,Sector-Wise analysis of projects,58,579
FR_201001_580,,N25000014,580,ACQUISITION OF 4 NO. OF ANCHOR HANDLING CUM SUPPLY -,,,SHIPPING & PORTS,2010-01,2007-10,,359.44,,359.44,,,211.21,2011-04,,2011-04,,,,0,0,,,,FR_JAN_2010.pdf,Sector-Wise analysis of projects,59,580
FR_201001_581,,N25000042,581,Acquisition of two nos. of 120 B.P -,,,SHIPPING & PORTS,2010-01,2009-04,,2908.48,,2908.48,,,58.18,2011-03,,2011-06,,,,0,0,,,,FR_JAN_2010.pdf,Sector-Wise analysis of projects,59,581
FR_201001_582,,N25000032,582,ACQUISITION OF 4 NOS. OF 115000 DWT CRUDE OIL CARR -,,,SHIPPING & PORTS,2010-01,2008-08,,1108.12,,1168.42,,,374.36,2011-04,,2011-12,,,,0,0,,,,FR_JAN_2010.pdf,Sector-Wise analysis of projects,59,582
FR_201001_583,,N25000043,583,Acquisition of Two nos. of 3060 DWT -,,,SHIPPING & PORTS,2010-01,2009-04,,2770.32,,2770.42,,,554.06,2011-09,,2011-12,,,,0,0,,,,FR_JAN_2010.pdf,Sector-Wise analysis of projects,59,583
FR_201001_584,,N25000033,584,ACQUISITION OF 6 NOS. OF 57000 DWT HANDYMAX BULK C -,,,SHIPPING & PORTS,2010-01,2007-11,,1061.96,,1061.96,,,219.98,2012-03,,2012-01,,,,0,0,,,,FR_JAN_2010.pdf,Sector-Wise analysis of projects,59,584
FR_201001_585,,N25000031,585,ACQUISITION OF 4 NOS. OF 80655 DWT PANAMAX BULK CA -,,,SHIPPING & PORTS,2010-01,2008-08,,1066.91,,968.35,,,222.91,2012-09,,2012-08,,,,0,0,,,,FR_JAN_2010.pdf,Sector-Wise analysis of projects,59,585
FR_201001_586,,N25000003,586,DEEPENING AND WIDENING OF MAIN HARBOUR CHANNEL AND -,,,SHIPPING & PORTS,2010-01,2005-10,,800.0,,800.0,,,4.63,2008-10,,,,,,0,0,,,,FR_JAN_2010.pdf,Sector-Wise analysis of projects,59,586
FR_201001_587,,N25000035,587,"ENNORE MANALI EXPRESS WAY,F/O SPECIAL PURPOSE VEHI - Total",,,SHIPPING & PORTS,2010-01,2002-10,,150.0,18154.63,309.0,,,23.26,2005-09,,,,,,0,0,,,,FR_JAN_2010.pdf,Sector-Wise analysis of projects,59,587
FR_201001_588,,260100099,588,PROJ.III OF NIB-II OF MESSAGING STORAGE -,,,TELECOMMUNICATIONS,2010-01,2003-11,,250.0,,425.51,,,68.5,2005-12,,2009-10,,,,0,0,,,,FR_JAN_2010.pdf,Sector-Wise analysis of projects,59,588
FR_201001_589,,N26000028,589,COMMISSIONING OF GSM EQUIPMENT OF 650K LINES (PH- -,,,TELECOMMUNICATIONS,2010-01,2006-11,,364.52,,364.52,,,51.44,2006-12,,2009-10,,,,0,0,,,,FR_JAN_2010.pdf,Sector-Wise analysis of projects,59,589
FR_201001_590,,N26000011,590,CONVERGENT BILLING AND CRM- MTNL(DELHI) -,DELHI,,TELECOMMUNICATIONS,2010-01,2005-12,,249.0,,229.41,,,67.67,2007-02,,2009-11,,,,0,0,,,,FR_JAN_2010.pdf,Sector-Wise analysis of projects,59,590
FR_201001_591,,N26000016,591,CONVERGENT BILLING AND CRM(MUMBAI) -,MUMBAI,,TELECOMMUNICATIONS,2010-01,2006-01,,247.0,,247.0,,,119.5,2007-02,,2009-12,,,,0,0,,,,FR_JAN_2010.pdf,Sector-Wise analysis of projects,59,591
FR_201001_592,,N26000029,592,EXPANSION OF EXISTING 750K GSM NETWORK PE NO. 992 -,,,TELECOMMUNICATIONS,2010-01,2006-06,,231.38,,168.3,,,93.99,2007-10,,2009-12,,,,0,0,,,,FR_JAN_2010.pdf,Sector-Wise analysis of projects,59,592
FR_201001_593,,N26000034,593,GSM BASED NETWORK EXPANSION PLAN PH-4 -,,,TELECOMMUNICATIONS,2010-01,2007-02,,239.19,,239.19,,,104.48,2008-04,,2009-12,,,,0,0,,,,FR_JAN_2010.pdf,Sector-Wise analysis of projects,59,593
FR_201001_594,,N26000036,594,KOLKATA TELECOM DISTRICT PH-4 -,,,TELECOMMUNICATIONS,2010-01,2006-09,,208.5,,208.5,,,146.38,2008-09,,2009-12,,,,0,0,,,,FR_JAN_2010.pdf,Sector-Wise analysis of projects,59,594
FR_201001_595,,N26000039,595,GSM EQUIPMENT OF 900K LINES(2G) AND 300K LINES(3G) -,3G,,TELECOMMUNICATIONS,2010-01,2007-06,,601.49,,601.49,,,422.85,2008-12,,2009-12,,,,0,0,,,,FR_JAN_2010.pdf,Sector-Wise analysis of projects,59,595
FR_201001_596,,N26000040,596,GSM EQUIPMENT OF 216650 LINES(2G) PH-5.1 -,2G,,TELECOMMUNICATIONS,2010-01,2008-01,,192.48,,192.48,,,113.34,2009-03,,2009-12,,,,0,0,,,,FR_JAN_2010.pdf,Sector-Wise analysis of projects,59,596
FR_201001_597,,N26000042,597,GSM EQUIPMENT OF 1006280 LINES IN TAMILNADU PH-4.5 -,,,TELECOMMUNICATIONS,2010-01,2008-06,,409.21,,483.54,,,470.24,2008-12,,2009-12,,,,0,0,,,,FR_JAN_2010.pdf,Sector-Wise analysis of projects,59,597
FR_201001_598,,N26000046,598,GSM EQUIPMENT OF 700K LINES(2G) AND 150K LINES(3G) -,3G,,TELECOMMUNICATIONS,2010-01,2007-11,,277.34,,277.34,,,180.93,2009-03,,2009-12,,,,0,0,,,,FR_JAN_2010.pdf,Sector-Wise analysis of projects,59,598
FR_201001_599,,N26000060,599,"BIHAR TELECOM CIRCLE PHASE-V.1, 2G &3G -",,,TELECOMMUNICATIONS,2010-01,2007-04,,366.0,57.0,366.0,,,,2009-09,,2009-12,,,,0,0,,,,FR_JAN_2010.pdf,Sector-Wise analysis of projects,59,599
FR_201001_600,,N26000038,600,500K BROADBAND ACCESS H/W EQUIPMENT DELHI AND MUMB -,,,TELECOMMUNICATIONS,2010-01,2007-04,,134.25,,133.75,,,34.05,2008-06,2009-12,2010-01,,,,0,0,,,,FR_JAN_2010.pdf,Sector-Wise analysis of projects,60,600
FR_201001_601,,N26000041,601,GSM EQUIPMENT OF 390K LINES(2G) AND 130K LINES(3G) -,3G,,TELECOMMUNICATIONS,2010-01,2008-02,,373.94,,373.94,,,169.33,2008-12,,2010-01,,,,0,0,,,,FR_JAN_2010.pdf,Sector-Wise analysis of projects,60,601
FR_201001_602,,N26000049,602,EXPANSION OF 750K GSM LINES -,,,TELECOMMUNICATIONS,2010-01,2006-10,,278.16,,278.16,,,175.77,2008-12,2009-12,2010-01,,,,0,0,,,,FR_JAN_2010.pdf,Sector-Wise analysis of projects,60,602
FR_201001_603,,N26000050,603,GSM EQUIPMENT-480K LINES(2G) & 220K LINES(3G) IN -,3G,,TELECOMMUNICATIONS,2010-01,2007-05,,335.91,,335.91,,,110.83,2009-03,,2010-01,,,,0,0,,,,FR_JAN_2010.pdf,Sector-Wise analysis of projects,60,603
FR_201001_604,,N26000058,604,UTTARANCHAL TELECOM CIRCLE PHASE-VI (2G & 3G) -,2G & 3G,,TELECOMMUNICATIONS,2010-01,2009-01,,149.15,,149.15,,,40.87,2009-06,,2010-01,,,,0,0,,,,FR_JAN_2010.pdf,Sector-Wise analysis of projects,60,604
FR_201001_605,,N26000062,605,"Assam Telecom Circle, Phase-V.I, 2G & 3G -",,,TELECOMMUNICATIONS,2010-01,2007-06,,336.81,,336.81,,,64.5,2009-01,,2010-01,,,,0,0,,,,FR_JAN_2010.pdf,Sector-Wise analysis of projects,60,605
FR_201001_606,,260100051,606,NATIONAL RADIO SPECTRUM MANAGEMENTand MONIT. SY. I -,,,TELECOMMUNICATIONS,2010-01,2000-08,,279.97,,172.04,,,136.23,2004-12,,2010-02,,,,0,0,,,,FR_JAN_2010.pdf,Sector-Wise analysis of projects,60,606
FR_201001_607,,N26000052,607,DELHI EXP. OF 1250K LINES OF 2G/3G GSM LINES -,,,TELECOMMUNICATIONS,2010-01,2007-02,,463.61,,463.61,,,104.6,2009-12,2009-12,2010-03,,,,0,0,,,,FR_JAN_2010.pdf,Sector-Wise analysis of projects,60,607
FR_201001_608,,N26000037,608,NIB-II PROJECT RURAL BROADBAND -,,,TELECOMMUNICATIONS,2010-01,2007-12,,312.86,,353.0,,,161.35,2008-02,,2010-05,,,,0,0,,,,FR_JAN_2010.pdf,Sector-Wise analysis of projects,60,608
FR_201001_609,,N26000043,609,GSM EQUIPMENT OF 3125K LINES(2G) AND 625K LINES(3 -,2G,,TELECOMMUNICATIONS,2010-01,2008-09,,1799.94,,1799.94,,,73.54,2009-09,,2010-06,,,,0,0,,,,FR_JAN_2010.pdf,Sector-Wise analysis of projects,60,609
FR_201001_610,,N26000051,610,GSM EQUIPMENT OF 1625K LINES(2G) & 325K LINES IN M -,2G,,TELECOMMUNICATIONS,2010-01,2008-06,,908.3,,916.7,,,151.7,2009-08,,2010-06,,,,0,0,,,,FR_JAN_2010.pdf,Sector-Wise analysis of projects,60,610
FR_201001_611,,N26000061,611,EXPANSION OF EXISTING 2G&3G GSM N/W BY 750 KPE NO -,,,TELECOMMUNICATIONS,2010-01,2008-10,,180.53,2.0,180.53,,,22.42,2009-12,,2010-06,,,,0,0,,,,FR_JAN_2010.pdf,Sector-Wise analysis of projects,60,611
FR_201001_612,,260100095,612,GSM EXPANSION PH.IV (B) (BSNL) MAHARASHTRA -,BSNL,,TELECOMMUNICATIONS,2010-01,2005-07,,1174.75,,1174.75,,,371.41,2006-03,,,,,,0,0,,,,FR_JAN_2010.pdf,Sector-Wise analysis of projects,60,612
FR_201001_613,,N26000015,613,IMPLEMENTATION AND EXECUTION OF NEW TECHNOLOGY -,,,TELECOMMUNICATIONS,2010-01,2004-10,,160.0,,135.0,,,94.77,2006-06,,,,,,0,0,,,,FR_JAN_2010.pdf,Sector-Wise analysis of projects,60,613
FR_201001_614,,N26000026,614,EXP. OF 750K GSM LINES OF 2.5 GSM AND VALIDATION EQU -,,,TELECOMMUNICATIONS,2010-01,2007-02,,741.77,,278.16,,,151.37,2007-10,,,,,,0,0,,,,FR_JAN_2010.pdf,Sector-Wise analysis of projects,60,614
FR_201001_615,,N26000063,615,MANAGED LEASED LINE NETWORK PH-VI -,,,TELECOMMUNICATIONS,2010-01,2008-11,,350.0,,350.0,,,,,,,,,,0,0,,,,FR_JAN_2010.pdf,Sector-Wise analysis of projects,60,615
FR_201001_616,,N26000064,616,CENTRALISED TRANSMISSION NMS - Total,,,TELECOMMUNICATIONS,2010-01,2009-08,,300.0,11916.06,300.0,,,3702.06,,,,,,,0,0,,,,FR_JAN_2010.pdf,Sector-Wise analysis of projects,60,616
FR_201001_617,,N28000016,617,C/O GENERAL POOL OFFICE COMPLEX AT INA -,,,URBAN DEVELOPMENT,2010-01,2004-10,,83.67,,135.03,,,,2010-02,,2010-02,,,,0,0,,,,FR_JAN_2010.pdf,Sector-Wise analysis of projects,60,617
FR_201001_618,,280100002,618,DELHI MRTS PHASE-II PROJECT -,,,URBAN DEVELOPMENT,2010-01,2005-08,,8118.0,8605.36,8676.0,,,12228.48,2010-06,,2010-10,,,,0,7,,,,FR_JAN_2010.pdf,Sector-Wise analysis of projects,60,618
FR_201001_619,,N28000008,619,BANGALORE METRO RAIL PROJECT - Total,,,URBAN DEVELOPMENT,2010-01,2006-05,,6395.0,8158.0,6395.0,,,1636.2,2011-12,2012-09,2011-12,,,,0,0,,,,FR_JAN_2010.pdf,Sector-Wise analysis of projects,60,619
FR_201001_620,,300100001,620,PAGLADIYA DAM PROJECT - Total Grand Total,,,WATER RESOURCES,2010-01,2001-01,,542.9,542.9,1187.0,,,35.49,2007-12,,2012-12,,,,0,0,,,,FR_JAN_2010.pdf,Sector-Wise analysis of projects,61,620
