task,prediction_date,project_id,y_true,predicted_probability
cost,2011-01-01,PRJ_CODE_020100040,1,0.6905936274049276
cost,2011-01-01,PRJ_CODE_020100044,0,0.4263880411151876
cost,2011-01-01,PRJ_CODE_060100087,0,0.43551005629599715
cost,2011-01-01,PRJ_CODE_060100089,0,0.3935198598745611
cost,2011-01-01,PRJ_CODE_060100092,0,0.49070203961253367
cost,2011-01-01,PRJ_CODE_060100093,0,0.457443040987486
cost,2011-01-01,PRJ_CODE_060100094,0,0.4275334448616489
cost,2011-01-01,PRJ_CODE_060100096,0,0.6575357517698032
cost,2011-01-01,PRJ_CODE_100100054,0,0.49125909635140824
cost,2011-01-01,PRJ_CODE_120100067,0,0.18131903051766404
cost,2011-01-01,PRJ_CODE_160100168,0,0.5084206321283911
cost,2011-01-01,PRJ_CODE_160100215,0,0.5224829695262175
cost,2011-01-01,PRJ_CODE_160100216,0,0.5185505861394262
cost,2011-01-01,PRJ_CODE_160100217,0,0.5423094489669761
cost,2011-01-01,PRJ_CODE_160100231,0,0.3906283915538435
cost,2011-01-01,PRJ_CODE_180100165,0,0.5175889409557265
cost,2011-01-01,PRJ_CODE_180100184,0,0.5382589220436932
cost,2011-01-01,PRJ_CODE_180100210,0,0.5815265766052896
cost,2011-01-01,PRJ_CODE_180100211,0,0.5528323673625547
cost,2011-01-01,PRJ_CODE_180100221,0,0.6472903554491936
cost,2011-01-01,PRJ_CODE_180100222,0,0.667765147387976
cost,2011-01-01,PRJ_CODE_180100229,0,0.4165390887414043
cost,2011-01-01,PRJ_CODE_180100239,0,0.30587982940871505
cost,2011-01-01,PRJ_CODE_180100241,0,0.32133367323815215
cost,2011-01-01,PRJ_CODE_180100242,0,0.5913223230618504
cost,2011-01-01,PRJ_CODE_180100243,0,0.3945867119658367
cost,2011-01-01,PRJ_CODE_180100246,0,0.47760921136702444
cost,2011-01-01,PRJ_CODE_180100250,0,0.32186482835020014
cost,2011-01-01,PRJ_CODE_180100251,0,0.3180791614264023
cost,2011-01-01,PRJ_CODE_180100256,0,0.36326375676500233
cost,2011-01-01,PRJ_CODE_180100258,0,0.5915252865644967
cost,2011-01-01,PRJ_CODE_180100260,0,0.490141163344684
cost,2011-01-01,PRJ_CODE_180100261,0,0.5769842550240454
cost,2011-01-01,PRJ_CODE_220100007,0,0.4395822424229577
cost,2011-01-01,PRJ_CODE_220100009,0,0.47057516394163884
cost,2011-01-01,PRJ_CODE_220100062,0,0.30578171683487637
cost,2011-01-01,PRJ_CODE_220100106,0,0.5700471609674346
cost,2011-01-01,PRJ_CODE_220100116,0,0.6044339466118896
cost,2011-01-01,PRJ_CODE_220100118,0,0.5440889812246887
cost,2011-01-01,PRJ_CODE_220100131,0,0.6077000963020923
cost,2011-01-01,PRJ_CODE_220100133,0,0.6076102580674457
cost,2011-01-01,PRJ_CODE_220100135,1,0.4782896402069295
cost,2011-01-01,PRJ_CODE_220100148,0,0.3091375153597641
cost,2011-01-01,PRJ_CODE_220100149,0,0.5728778852699655
cost,2011-01-01,PRJ_CODE_220100151,0,0.6738958938267495
cost,2011-01-01,PRJ_CODE_220100164,0,0.5004718821069474
cost,2011-01-01,PRJ_CODE_220100168,0,0.5117650604950136
cost,2011-01-01,PRJ_CODE_220100181,0,0.5895819201792757
cost,2011-01-01,PRJ_CODE_220100183,0,0.701560414997555
cost,2011-01-01,PRJ_CODE_220100184,0,0.6046793119424997
cost,2011-01-01,PRJ_CODE_220100185,0,0.5045185352068818
cost,2011-01-01,PRJ_CODE_220100186,0,0.5046225684196481
cost,2011-01-01,PRJ_CODE_220100187,0,0.5288942895927434
cost,2011-01-01,PRJ_CODE_220100188,0,0.3845764155571148
cost,2011-01-01,PRJ_CODE_220100190,0,0.4994251279768291
cost,2011-01-01,PRJ_CODE_220100191,0,0.5328525171767967
cost,2011-01-01,PRJ_CODE_220100192,0,0.5094130958143064
cost,2011-01-01,PRJ_CODE_220100193,0,0.5715260177187748
cost,2011-01-01,PRJ_CODE_220100194,1,0.6973015938298599
cost,2011-01-01,PRJ_CODE_220100197,0,0.540383403039776
cost,2011-01-01,PRJ_CODE_220100201,0,0.6190449369383416
cost,2011-01-01,PRJ_CODE_220100205,0,0.572316552241578
cost,2011-01-01,PRJ_CODE_220100208,1,0.25520817019132425
cost,2011-01-01,PRJ_CODE_220100212,0,0.698547662470248
cost,2011-01-01,PRJ_CODE_220100214,0,0.43984599867664415
cost,2011-01-01,PRJ_CODE_220100220,0,0.546245576217899
cost,2011-01-01,PRJ_CODE_220100222,0,0.4794927962454044
cost,2011-01-01,PRJ_CODE_220100232,0,0.34279437627456566
cost,2011-01-01,PRJ_CODE_220100233,0,0.5517032500960604
cost,2011-01-01,PRJ_CODE_220100240,1,0.5393150071078296
cost,2011-01-01,PRJ_CODE_220100241,0,0.4931394827057042
cost,2011-01-01,PRJ_CODE_220100243,0,0.5369421069824613
cost,2011-01-01,PRJ_CODE_220100247,0,0.4635526692379651
cost,2011-01-01,PRJ_CODE_220100249,0,0.6783002490206442
cost,2011-01-01,PRJ_CODE_220100251,0,0.657767178986767
cost,2011-01-01,PRJ_CODE_220100252,0,0.5637782274808882
cost,2011-01-01,PRJ_CODE_220100253,0,0.4513401514021873
cost,2011-01-01,PRJ_CODE_220100254,1,0.5304370617529685
cost,2011-01-01,PRJ_CODE_220100255,0,0.5576915408678329
cost,2011-01-01,PRJ_CODE_220100256,0,0.5894578275321501
cost,2011-01-01,PRJ_CODE_220100257,0,0.59710061717054
cost,2011-01-01,PRJ_CODE_220100258,1,0.6541129877472592
cost,2011-01-01,PRJ_CODE_220100260,0,0.5130826910260244
cost,2011-01-01,PRJ_CODE_220100262,0,0.5330995376826831
cost,2011-01-01,PRJ_CODE_220100263,0,0.5622536573650644
cost,2011-01-01,PRJ_CODE_220100264,0,0.5189371741316704
cost,2011-01-01,PRJ_CODE_220100265,0,0.6186409423458407
cost,2011-01-01,PRJ_CODE_220100266,0,0.6390035347122248
cost,2011-01-01,PRJ_CODE_220100267,0,0.5784041263748646
cost,2011-01-01,PRJ_CODE_220100268,0,0.7623101989151586
cost,2011-01-01,PRJ_CODE_220100270,0,0.6003354517463756
cost,2011-01-01,PRJ_CODE_220100272,0,0.3996742134660664
cost,2011-01-01,PRJ_CODE_220100273,0,0.46646091570755993
cost,2011-01-01,PRJ_CODE_220100274,0,0.5859808305283464
cost,2011-01-01,PRJ_CODE_220100277,1,0.4606244759267814
cost,2011-01-01,PRJ_CODE_220100279,0,0.5327809553635904
cost,2011-01-01,PRJ_CODE_220100280,1,0.6235286818336294
cost,2011-01-01,PRJ_CODE_220100284,0,0.5988241917669758
cost,2011-01-01,PRJ_CODE_220100285,0,0.413822791463307
cost,2011-01-01,PRJ_CODE_220100286,0,0.49738106564535617
cost,2011-01-01,PRJ_CODE_220100288,0,0.5592167520782046
cost,2011-01-01,PRJ_CODE_220100303,0,0.6174160848597849
cost,2011-01-01,PRJ_CODE_220100304,0,0.6470282242632729
cost,2011-01-01,PRJ_CODE_220100305,0,0.5839595005060464
cost,2011-01-01,PRJ_CODE_220100306,0,0.6126674015207636
cost,2011-01-01,PRJ_CODE_220100307,0,0.6768812446711745
cost,2011-01-01,PRJ_CODE_220100308,0,0.535884263254118
cost,2011-01-01,PRJ_CODE_220100313,0,0.614193063683364
cost,2011-01-01,PRJ_CODE_220100314,0,0.5531505105624938
cost,2011-01-01,PRJ_CODE_220100315,0,0.5279798813104412
cost,2011-01-01,PRJ_CODE_220100316,0,0.5139520656510972
cost,2011-01-01,PRJ_CODE_220100317,0,0.5089684481540869
cost,2011-01-01,PRJ_CODE_220100319,0,0.5008903620114112
cost,2011-01-01,PRJ_CODE_220100321,0,0.5378506035624979
cost,2011-01-01,PRJ_CODE_220100322,0,0.583007565748756
cost,2011-01-01,PRJ_CODE_220100324,0,0.5592584770129776
cost,2011-01-01,PRJ_CODE_220100325,0,0.5119162503802198
cost,2011-01-01,PRJ_CODE_220100327,0,0.4731629081317407
cost,2011-01-01,PRJ_CODE_220100328,0,0.3443956579689729
cost,2011-01-01,PRJ_CODE_220100329,0,0.4174222579782685
cost,2011-01-01,PRJ_CODE_220100330,0,0.4874942449865044
cost,2011-01-01,PRJ_CODE_240100207,0,0.31086410740770287
cost,2011-01-01,PRJ_CODE_240101132,0,0.43154980807507914
cost,2011-01-01,PRJ_CODE_240101133,0,0.4379304508981994
cost,2011-01-01,PRJ_CODE_240101153,0,0.5405587258449228
cost,2011-01-01,PRJ_CODE_240101173,0,0.33608089181623196
cost,2011-01-01,PRJ_CODE_240103191,0,0.3245525350651851
cost,2011-01-01,PRJ_CODE_240104196,0,0.48856195895229476
cost,2011-01-01,PRJ_CODE_240106203,0,0.28847595096434425
cost,2011-01-01,PRJ_CODE_240106204,0,0.34581930902903946
cost,2011-01-01,PRJ_CODE_240106205,0,0.08666191916454451
cost,2011-01-01,PRJ_CODE_240106216,0,0.4781611993143746
cost,2011-01-01,PRJ_CODE_240106220,0,0.32699745968364996
cost,2011-01-01,PRJ_CODE_240106221,0,0.5174835273499919
cost,2011-01-01,PRJ_CODE_240106222,0,0.26568911657379407
cost,2011-01-01,PRJ_CODE_240106223,0,0.2820295045329846
cost,2011-01-01,PRJ_CODE_240106224,0,0.3236212216132948
cost,2011-01-01,PRJ_CODE_240106225,0,0.27727356024892863
cost,2011-01-01,PRJ_CODE_240106226,0,0.3397804110836568
cost,2011-01-01,PRJ_CODE_240106235,0,0.4559820721285728
cost,2011-01-01,PRJ_CODE_240106236,0,0.4988235374652498
cost,2011-01-01,PRJ_CODE_240106237,0,0.5146296114075878
cost,2011-01-01,PRJ_CODE_240106240,0,0.2186831034982328
cost,2011-01-01,PRJ_CODE_240106243,0,0.24782590539621985
cost,2011-01-01,PRJ_CODE_240106244,0,0.3818172397170611
cost,2011-01-01,PRJ_CODE_240106246,0,0.2872580306091112
cost,2011-01-01,PRJ_CODE_240106247,0,0.27880144911122734
cost,2011-01-01,PRJ_CODE_240106248,0,0.27727356024892863
cost,2011-01-01,PRJ_CODE_240106250,0,0.24969913639224137
cost,2011-01-01,PRJ_CODE_240106256,0,0.13494304078931213
cost,2011-01-01,PRJ_CODE_240106260,0,0.10876624695681647
cost,2011-01-01,PRJ_CODE_240106262,0,0.17284414273682167
cost,2011-01-01,PRJ_CODE_240106276,0,0.20528903799256254
cost,2011-01-01,PRJ_CODE_240106277,0,0.34087364932293407
cost,2011-01-01,PRJ_CODE_240106278,0,0.507414091825079
cost,2011-01-01,PRJ_CODE_240106279,0,0.5635387515043276
cost,2011-01-01,PRJ_CODE_240106280,0,0.4811714061150894
cost,2011-01-01,PRJ_CODE_240106281,0,0.3102896965408444
cost,2011-01-01,PRJ_CODE_240106286,0,0.2269805681617061
cost,2011-01-01,PRJ_CODE_240106288,0,0.30413937914856337
cost,2011-01-01,PRJ_CODE_240106289,0,0.2887744846135713
cost,2011-01-01,PRJ_CODE_240106290,0,0.29996339327183863
cost,2011-01-01,PRJ_CODE_240106291,0,0.3007643059182253
cost,2011-01-01,PRJ_CODE_240106292,0,0.2780428439750733
cost,2011-01-01,PRJ_CODE_240106293,0,0.343110720883008
cost,2011-01-01,PRJ_CODE_240106294,0,0.2377716512994739
cost,2011-01-01,PRJ_CODE_240106295,0,0.3635436933478013
cost,2011-01-01,PRJ_CODE_240106297,0,0.41024746850293375
cost,2011-01-01,PRJ_CODE_240106299,0,0.2200928454554971
cost,2011-01-01,PRJ_CODE_240106300,0,0.31055823318540404
cost,2011-01-01,PRJ_CODE_240106301,0,0.3802251240642034
cost,2011-01-01,PRJ_CODE_240106303,0,0.31593943720663603
cost,2011-01-01,PRJ_CODE_240106304,0,0.2287705998865042
cost,2011-01-01,PRJ_CODE_240106305,0,0.2239345363675263
cost,2011-01-01,PRJ_CODE_250100112,0,0.24581795152765995
cost,2011-01-01,PRJ_CODE_250100175,0,0.20431726279840257
cost,2011-01-01,PRJ_CODE_260100099,0,0.44747228476855455
cost,2011-01-01,PRJ_CODE_260100100,0,0.5580805201392385
cost,2011-01-01,PRJ_CODE_280100002,0,0.48852240879566744
cost,2011-01-01,PRJ_CODE_300100001,0,0.4219103649683607
cost,2011-01-01,PRJ_CODE_N02000007,0,0.342908816591949
cost,2011-01-01,PRJ_CODE_N04000037,0,0.26295109033199743
cost,2011-01-01,PRJ_CODE_N04000038,0,0.27017180074391056
cost,2011-01-01,PRJ_CODE_N04000050,0,0.16587690532847577
cost,2011-01-01,PRJ_CODE_N04000056,0,0.23137171950453023
cost,2011-01-01,PRJ_CODE_N04000065,0,0.4155714273963542
cost,2011-01-01,PRJ_CODE_N04000068,0,0.24385771748403134
cost,2011-01-01,PRJ_CODE_N04000069,0,0.20517867428312053
cost,2011-01-01,PRJ_CODE_N06000007,0,0.560654780368304
cost,2011-01-01,PRJ_CODE_N06000008,0,0.38326289150420945
cost,2011-01-01,PRJ_CODE_N06000009,0,0.7292682728281026
cost,2011-01-01,PRJ_CODE_N06000010,0,0.5930251687575457
cost,2011-01-01,PRJ_CODE_N06000015,0,0.5195728111620215
cost,2011-01-01,PRJ_CODE_N06000016,0,0.44366239718895195
cost,2011-01-01,PRJ_CODE_N06000017,0,0.45577002710238507
cost,2011-01-01,PRJ_CODE_N06000019,0,0.2299056035946528
cost,2011-01-01,PRJ_CODE_N06000020,0,0.3193628909747891
cost,2011-01-01,PRJ_CODE_N06000025,0,0.28271821694462745
cost,2011-01-01,PRJ_CODE_N06000033,0,0.5745328432090923
cost,2011-01-01,PRJ_CODE_N06000034,0,0.548702270169112
cost,2011-01-01,PRJ_CODE_N06000035,0,0.5072119266493774
cost,2011-01-01,PRJ_CODE_N06000042,0,0.4385927310138068
cost,2011-01-01,PRJ_CODE_N06000043,0,0.43111916372905623
cost,2011-01-01,PRJ_CODE_N06000044,0,0.31807921595315214
cost,2011-01-01,PRJ_CODE_N06000045,0,0.30829519194627675
cost,2011-01-01,PRJ_CODE_N06000046,0,0.3041237304765759
cost,2011-01-01,PRJ_CODE_N06000047,0,0.5733016894879854
cost,2011-01-01,PRJ_CODE_N06000048,0,0.339903631341358
cost,2011-01-01,PRJ_CODE_N06000049,0,0.17495635469254536
cost,2011-01-01,PRJ_CODE_N06000056,0,0.22682537357686652
cost,2011-01-01,PRJ_CODE_N06000066,0,0.34536852641056187
cost,2011-01-01,PRJ_CODE_N06000067,0,0.17215725187415423
cost,2011-01-01,PRJ_CODE_N06000068,0,0.3537134998288003
cost,2011-01-01,PRJ_CODE_N06000075,0,0.22503798570942785
cost,2011-01-01,PRJ_CODE_N06000076,0,0.1975984614709232
cost,2011-01-01,PRJ_CODE_N06000078,0,0.38460522397038993
cost,2011-01-01,PRJ_CODE_N06000079,0,0.4516495952393533
cost,2011-01-01,PRJ_CODE_N06000080,0,0.4523749874928772
cost,2011-01-01,PRJ_CODE_N06000081,0,0.4021040325717833
cost,2011-01-01,PRJ_CODE_N06000082,0,0.5405105167124605
cost,2011-01-01,PRJ_CODE_N06000083,0,0.17259899967416845
cost,2011-01-01,PRJ_CODE_N06000084,0,0.1956953456442719
cost,2011-01-01,PRJ_CODE_N06000085,0,0.17310873696838738
cost,2011-01-01,PRJ_CODE_N06000086,0,0.2350880861317927
cost,2011-01-01,PRJ_CODE_N06000087,0,0.1592873306259645
cost,2011-01-01,PRJ_CODE_N06000088,0,0.43032682148412293
cost,2011-01-01,PRJ_CODE_N06000089,0,0.08414000686066574
cost,2011-01-01,PRJ_CODE_N08000003,0,0.44992467976982664
cost,2011-01-01,PRJ_CODE_N08000004,0,0.28034315426793815
cost,2011-01-01,PRJ_CODE_N08000005,0,0.2894042278766378
cost,2011-01-01,PRJ_CODE_N08000006,0,0.31428302995636087
cost,2011-01-01,PRJ_CODE_N08000007,0,0.3411471710574898
cost,2011-01-01,PRJ_CODE_N08000008,0,0.2668436486872531
cost,2011-01-01,PRJ_CODE_N12000018,0,0.5884829374278815
cost,2011-01-01,PRJ_CODE_N12000023,0,0.3750300433692135
cost,2011-01-01,PRJ_CODE_N12000033,0,0.2724835294213696
cost,2011-01-01,PRJ_CODE_N12000038,0,0.1840343428552323
cost,2011-01-01,PRJ_CODE_N12000051,0,0.5042907002532673
cost,2011-01-01,PRJ_CODE_N12000053,0,0.4973992603251087
cost,2011-01-01,PRJ_CODE_N12000054,0,0.22121186179853797
cost,2011-01-01,PRJ_CODE_N12000055,0,0.3702126997045621
cost,2011-01-01,PRJ_CODE_N12000056,1,0.45719618503433573
cost,2011-01-01,PRJ_CODE_N12000057,0,0.31688201068432464
cost,2011-01-01,PRJ_CODE_N12000060,0,0.20886330322869204
cost,2011-01-01,PRJ_CODE_N12000068,0,0.19726711968102234
cost,2011-01-01,PRJ_CODE_N12000069,0,0.28785773506332735
cost,2011-01-01,PRJ_CODE_N16000009,0,0.4828366236036317
cost,2011-01-01,PRJ_CODE_N16000021,0,0.333697990994585
cost,2011-01-01,PRJ_CODE_N16000023,1,0.7142653719450774
cost,2011-01-01,PRJ_CODE_N16000024,1,0.2845257445176212
cost,2011-01-01,PRJ_CODE_N16000030,0,0.2661712244531902
cost,2011-01-01,PRJ_CODE_N16000031,0,0.3188047484813754
cost,2011-01-01,PRJ_CODE_N16000032,0,0.2560578320573692
cost,2011-01-01,PRJ_CODE_N16000033,0,0.2553954999685587
cost,2011-01-01,PRJ_CODE_N16000039,0,0.1943963428784556
cost,2011-01-01,PRJ_CODE_N16000040,0,0.13812618584605713
cost,2011-01-01,PRJ_CODE_N16000044,1,0.5248985393545743
cost,2011-01-01,PRJ_CODE_N16000045,0,0.1703257559904728
cost,2011-01-01,PRJ_CODE_N16000046,0,0.3580300270377332
cost,2011-01-01,PRJ_CODE_N16000049,0,0.12923395380787586
cost,2011-01-01,PRJ_CODE_N16000050,1,0.8261102213329342
cost,2011-01-01,PRJ_CODE_N16000051,0,0.5298699011800715
cost,2011-01-01,PRJ_CODE_N16000052,0,0.7147050611782286
cost,2011-01-01,PRJ_CODE_N16000053,0,0.831432585345947
cost,2011-01-01,PRJ_CODE_N16000054,0,0.6889130170158465
cost,2011-01-01,PRJ_CODE_N16000056,0,0.3002000772126672
cost,2011-01-01,PRJ_CODE_N16000057,0,0.3628777571326595
cost,2011-01-01,PRJ_CODE_N16000058,0,0.2889303856511499
cost,2011-01-01,PRJ_CODE_N16000059,0,0.1784627241160071
cost,2011-01-01,PRJ_CODE_N16000060,0,0.34942836532882593
cost,2011-01-01,PRJ_CODE_N16000061,0,0.4481433343130866
cost,2011-01-01,PRJ_CODE_N16000062,0,0.23418600276365611
cost,2011-01-01,PRJ_CODE_N16000063,0,0.13453470512492027
cost,2011-01-01,PRJ_CODE_N16000064,0,0.5265955611712055
cost,2011-01-01,PRJ_CODE_N16000065,0,0.4938523413718424
cost,2011-01-01,PRJ_CODE_N16000066,1,0.10804420922976525
cost,2011-01-01,PRJ_CODE_N16000068,0,0.3678925765699155
cost,2011-01-01,PRJ_CODE_N16000069,0,0.39138290608340126
cost,2011-01-01,PRJ_CODE_N16000071,0,0.305159049034851
cost,2011-01-01,PRJ_CODE_N16000072,0,0.6991503479800092
cost,2011-01-01,PRJ_CODE_N16000073,0,0.7528623396351214
cost,2011-01-01,PRJ_CODE_N16000076,0,0.6052785835446066
cost,2011-01-01,PRJ_CODE_N16000080,0,0.4894676586985001
cost,2011-01-01,PRJ_CODE_N16000081,0,0.5368195699148031
cost,2011-01-01,PRJ_CODE_N16000083,0,0.14615676487792068
cost,2011-01-01,PRJ_CODE_N16000084,0,0.3227860582379081
cost,2011-01-01,PRJ_CODE_N16000086,0,0.40655135497573586
cost,2011-01-01,PRJ_CODE_N16000088,0,0.5324876150382335
cost,2011-01-01,PRJ_CODE_N16000089,0,0.5775834900142702
cost,2011-01-01,PRJ_CODE_N16000090,0,0.391751529591611
cost,2011-01-01,PRJ_CODE_N16000091,0,0.8223013886099119
cost,2011-01-01,PRJ_CODE_N16000093,0,0.6280958027493473
cost,2011-01-01,PRJ_CODE_N16000094,0,0.3106500564037636
cost,2011-01-01,PRJ_CODE_N16000096,0,0.27710726713296363
cost,2011-01-01,PRJ_CODE_N16000097,0,0.40392249037864997
cost,2011-01-01,PRJ_CODE_N16000098,0,0.32475638049625016
cost,2011-01-01,PRJ_CODE_N16000099,0,0.2644007437430199
cost,2011-01-01,PRJ_CODE_N16000101,0,0.3183326053164915
cost,2011-01-01,PRJ_CODE_N16000102,0,0.2827431871236622
cost,2011-01-01,PRJ_CODE_N16000103,0,0.28780405561993994
cost,2011-01-01,PRJ_CODE_N16000104,0,0.29437072810663595
cost,2011-01-01,PRJ_CODE_N16000105,0,0.30642335067505105
cost,2011-01-01,PRJ_CODE_N16000106,0,0.4410189872586647
cost,2011-01-01,PRJ_CODE_N16000107,0,0.2701652221068727
cost,2011-01-01,PRJ_CODE_N16000108,0,0.19251701325989887
cost,2011-01-01,PRJ_CODE_N16000109,0,0.41631871012024085
cost,2011-01-01,PRJ_CODE_N16000110,0,0.26244318799093685
cost,2011-01-01,PRJ_CODE_N16000111,1,0.4864468771487004
cost,2011-01-01,PRJ_CODE_N16000112,0,0.3023656405069016
cost,2011-01-01,PRJ_CODE_N18000004,0,0.43926260552483165
cost,2011-01-01,PRJ_CODE_N18000005,0,0.5162062569611956
cost,2011-01-01,PRJ_CODE_N18000006,0,0.43033386271079266
cost,2011-01-01,PRJ_CODE_N18000007,0,0.5666183133402859
cost,2011-01-01,PRJ_CODE_N18000010,0,0.4254597954669877
cost,2011-01-01,PRJ_CODE_N18000014,0,0.4303628830535344
cost,2011-01-01,PRJ_CODE_N18000016,0,0.25507916216652954
cost,2011-01-01,PRJ_CODE_N18000018,0,0.3821828813604822
cost,2011-01-01,PRJ_CODE_N18000022,0,0.5038245183509983
cost,2011-01-01,PRJ_CODE_N18000023,0,0.39955526968894983
cost,2011-01-01,PRJ_CODE_N18000024,0,0.5715338208962603
cost,2011-01-01,PRJ_CODE_N18000031,0,0.33049810166562915
cost,2011-01-01,PRJ_CODE_N18000032,0,0.3651498858153558
cost,2011-01-01,PRJ_CODE_N18000033,0,0.10914068794373281
cost,2011-01-01,PRJ_CODE_N18000035,0,0.13608620427812357
cost,2011-01-01,PRJ_CODE_N18000037,0,0.5657459892330124
cost,2011-01-01,PRJ_CODE_N18000040,0,0.08398883263806706
cost,2011-01-01,PRJ_CODE_N18000041,0,0.3917061387345787
cost,2011-01-01,PRJ_CODE_N18000042,0,0.32604077321089264
cost,2011-01-01,PRJ_CODE_N18000043,0,0.09665354411140634
cost,2011-01-01,PRJ_CODE_N18000044,0,0.12979509456908198
cost,2011-01-01,PRJ_CODE_N18000045,0,0.40189103860697056
cost,2011-01-01,PRJ_CODE_N18000046,0,0.39616033415707863
cost,2011-01-01,PRJ_CODE_N18000047,0,0.4585048339661921
cost,2011-01-01,PRJ_CODE_N18000048,0,0.35640391835457735
cost,2011-01-01,PRJ_CODE_N18000049,0,0.3247149300772849
cost,2011-01-01,PRJ_CODE_N18000050,0,0.2139644040482017
cost,2011-01-01,PRJ_CODE_N18000051,0,0.44160067524905544
cost,2011-01-01,PRJ_CODE_N18000052,0,0.16309241709536462
cost,2011-01-01,PRJ_CODE_N18000053,0,0.1812026346531426
cost,2011-01-01,PRJ_CODE_N18000054,0,0.2503632533152266
cost,2011-01-01,PRJ_CODE_N18000056,0,0.2616007615124775
cost,2011-01-01,PRJ_CODE_N18000058,0,0.09814246645683673
cost,2011-01-01,PRJ_CODE_N18000059,0,0.11042986759797575
cost,2011-01-01,PRJ_CODE_N18000061,0,0.4221639470080707
cost,2011-01-01,PRJ_CODE_N18000062,0,0.18445737189682573
cost,2011-01-01,PRJ_CODE_N18000063,0,0.12919485365931455
cost,2011-01-01,PRJ_CODE_N18000064,0,0.19158152505137852
cost,2011-01-01,PRJ_CODE_N18000065,0,0.44885204634880727
cost,2011-01-01,PRJ_CODE_N18000066,0,0.405262452499749
cost,2011-01-01,PRJ_CODE_N18000067,0,0.12325210609993262
cost,2011-01-01,PRJ_CODE_N18000068,0,0.3818569046083859
cost,2011-01-01,PRJ_CODE_N18000069,0,0.39295745245263936
cost,2011-01-01,PRJ_CODE_N18000071,0,0.5011529409961222
cost,2011-01-01,PRJ_CODE_N18000072,0,0.46018166803439897
cost,2011-01-01,PRJ_CODE_N18000073,0,0.4569188812672021
cost,2011-01-01,PRJ_CODE_N18000076,0,0.4626122268250279
cost,2011-01-01,PRJ_CODE_N18000077,0,0.3595923596920492
cost,2011-01-01,PRJ_CODE_N18000078,0,0.5127159814886209
cost,2011-01-01,PRJ_CODE_N18000079,0,0.3962699976857284
cost,2011-01-01,PRJ_CODE_N18000080,0,0.40878608255185256
cost,2011-01-01,PRJ_CODE_N18000081,0,0.36714126245261747
cost,2011-01-01,PRJ_CODE_N18000082,0,0.2257033542131184
cost,2011-01-01,PRJ_CODE_N18000083,0,0.35706945257690814
cost,2011-01-01,PRJ_CODE_N18000084,0,0.2901740276691648
cost,2011-01-01,PRJ_CODE_N18000085,0,0.3702216715520575
cost,2011-01-01,PRJ_CODE_N18000086,0,0.2675342159108723
cost,2011-01-01,PRJ_CODE_N18000087,0,0.32722748509372795
cost,2011-01-01,PRJ_CODE_N18000088,0,0.18709341661660867
cost,2011-01-01,PRJ_CODE_N18000089,0,0.24751907750852184
cost,2011-01-01,PRJ_CODE_N22000002,1,0.5674646350141107
cost,2011-01-01,PRJ_CODE_N22000027,0,0.33967294936581727
cost,2011-01-01,PRJ_CODE_N22000028,0,0.397530281813739
cost,2011-01-01,PRJ_CODE_N22000032,0,0.3437321187373188
cost,2011-01-01,PRJ_CODE_N22000034,0,0.4579721446678005
cost,2011-01-01,PRJ_CODE_N22000045,0,0.5634384653693719
cost,2011-01-01,PRJ_CODE_N22000048,0,0.2501365752516902
cost,2011-01-01,PRJ_CODE_N22000049,0,0.40222634977019533
cost,2011-01-01,PRJ_CODE_N22000052,1,0.5941208322850545
cost,2011-01-01,PRJ_CODE_N22000053,1,0.5372896026445271
cost,2011-01-01,PRJ_CODE_N22000056,0,0.6741232437803852
cost,2011-01-01,PRJ_CODE_N22000075,0,0.17980065140365392
cost,2011-01-01,PRJ_CODE_N22000076,0,0.13933468102129629
cost,2011-01-01,PRJ_CODE_N22000077,0,0.3908715208176293
cost,2011-01-01,PRJ_CODE_N22000079,0,0.41932604157273023
cost,2011-01-01,PRJ_CODE_N22000080,0,0.34315864512596356
cost,2011-01-01,PRJ_CODE_N22000081,0,0.34174014364537386
cost,2011-01-01,PRJ_CODE_N22000082,1,0.5025286180652471
cost,2011-01-01,PRJ_CODE_N22000083,1,0.6666444261116762
cost,2011-01-01,PRJ_CODE_N22000084,0,0.42680961795306904
cost,2011-01-01,PRJ_CODE_N22000085,0,0.42952413117365407
cost,2011-01-01,PRJ_CODE_N22000086,0,0.4654165885328637
cost,2011-01-01,PRJ_CODE_N22000087,0,0.584245431504195
cost,2011-01-01,PRJ_CODE_N22000088,0,0.6032311965181518
cost,2011-01-01,PRJ_CODE_N22000091,0,0.09677602913456115
cost,2011-01-01,PRJ_CODE_N22000092,0,0.491582304600417
cost,2011-01-01,PRJ_CODE_N22000093,0,0.48722644355995726
cost,2011-01-01,PRJ_CODE_N22000094,0,0.13957246324414713
cost,2011-01-01,PRJ_CODE_N22000095,0,0.2933527006238535
cost,2011-01-01,PRJ_CODE_N22000096,0,0.07414714553295576
cost,2011-01-01,PRJ_CODE_N22000097,1,0.49686151877085616
cost,2011-01-01,PRJ_CODE_N22000099,0,0.33423854135900793
cost,2011-01-01,PRJ_CODE_N22000100,0,0.3668135698443765
cost,2011-01-01,PRJ_CODE_N22000101,0,0.6154248456237897
cost,2011-01-01,PRJ_CODE_N22000102,0,0.4653269290120785
cost,2011-01-01,PRJ_CODE_N22000106,0,0.5033429858159679
cost,2011-01-01,PRJ_CODE_N22000107,0,0.30931732373303045
cost,2011-01-01,PRJ_CODE_N22000108,0,0.6840271794212767
cost,2011-01-01,PRJ_CODE_N22000109,0,0.2669063646253898
cost,2011-01-01,PRJ_CODE_N22000110,0,0.3556256354902984
cost,2011-01-01,PRJ_CODE_N22000111,0,0.3626258446443654
cost,2011-01-01,PRJ_CODE_N22000112,0,0.29318814911674346
cost,2011-01-01,PRJ_CODE_N22000113,0,0.456212679688073
cost,2011-01-01,PRJ_CODE_N22000114,0,0.39986177062773137
cost,2011-01-01,PRJ_CODE_N22000115,0,0.24134575574193576
cost,2011-01-01,PRJ_CODE_N22000116,0,0.23808802829107695
cost,2011-01-01,PRJ_CODE_N22000117,0,0.19710681779827757
cost,2011-01-01,PRJ_CODE_N22000118,0,0.22967001995841949
cost,2011-01-01,PRJ_CODE_N22000119,0,0.2993535234136099
cost,2011-01-01,PRJ_CODE_N22000120,0,0.4129526355896637
cost,2011-01-01,PRJ_CODE_N22000121,0,0.29688633578632684
cost,2011-01-01,PRJ_CODE_N22000122,0,0.4219516052462421
cost,2011-01-01,PRJ_CODE_N22000123,0,0.3894430017315122
cost,2011-01-01,PRJ_CODE_N22000124,0,0.4214970469363788
cost,2011-01-01,PRJ_CODE_N22000125,0,0.39948824251511056
cost,2011-01-01,PRJ_CODE_N22000126,0,0.3813896353169282
cost,2011-01-01,PRJ_CODE_N22000127,0,0.568282705488591
cost,2011-01-01,PRJ_CODE_N24000028,0,0.3414391546962648
cost,2011-01-01,PRJ_CODE_N24000030,0,0.31327094107770115
cost,2011-01-01,PRJ_CODE_N24000031,0,0.3839679788388025
cost,2011-01-01,PRJ_CODE_N24000035,0,0.29634029489171587
cost,2011-01-01,PRJ_CODE_N24000036,0,0.14127459981272195
cost,2011-01-01,PRJ_CODE_N24000037,0,0.30662650300200733
cost,2011-01-01,PRJ_CODE_N24000038,0,0.33071233314246623
cost,2011-01-01,PRJ_CODE_N24000040,0,0.3705242825065061
cost,2011-01-01,PRJ_CODE_N24000042,0,0.3147587439826894
cost,2011-01-01,PRJ_CODE_N24000044,0,0.3593791719912614
cost,2011-01-01,PRJ_CODE_N24000045,0,0.22218943060454446
cost,2011-01-01,PRJ_CODE_N24000046,0,0.30229995603935234
cost,2011-01-01,PRJ_CODE_N24000047,0,0.30799445273952164
cost,2011-01-01,PRJ_CODE_N24000048,0,0.2942880829525296
cost,2011-01-01,PRJ_CODE_N24000049,0,0.32546360343766184
cost,2011-01-01,PRJ_CODE_N24000051,0,0.3030320549788928
cost,2011-01-01,PRJ_CODE_N24000055,0,0.13112035102057076
cost,2011-01-01,PRJ_CODE_N24000056,0,0.17609811585887766
cost,2011-01-01,PRJ_CODE_N24000057,0,0.24612886467997044
cost,2011-01-01,PRJ_CODE_N24000061,0,0.5380953274639585
cost,2011-01-01,PRJ_CODE_N24000062,0,0.5636116522761618
cost,2011-01-01,PRJ_CODE_N24000063,0,0.33827555660887604
cost,2011-01-01,PRJ_CODE_N24000068,0,0.558346797320279
cost,2011-01-01,PRJ_CODE_N24000069,0,0.28984904685395463
cost,2011-01-01,PRJ_CODE_N24000085,0,0.372171767910021
cost,2011-01-01,PRJ_CODE_N24000087,0,0.2611794474423419
cost,2011-01-01,PRJ_CODE_N24000088,0,0.2864068161076058
cost,2011-01-01,PRJ_CODE_N24000089,0,0.31006984231541923
cost,2011-01-01,PRJ_CODE_N24000090,0,0.23030622117740632
cost,2011-01-01,PRJ_CODE_N24000094,0,0.34992471580573953
cost,2011-01-01,PRJ_CODE_N24000095,0,0.3502597695864676
cost,2011-01-01,PRJ_CODE_N24000096,0,0.30786926108877133
cost,2011-01-01,PRJ_CODE_N24000097,0,0.4156437237067828
cost,2011-01-01,PRJ_CODE_N24000098,0,0.4619690229846411
cost,2011-01-01,PRJ_CODE_N24000099,0,0.1917396979973348
cost,2011-01-01,PRJ_CODE_N24000100,0,0.13682659769703298
cost,2011-01-01,PRJ_CODE_N24000101,0,0.17799334453330393
cost,2011-01-01,PRJ_CODE_N24000102,0,0.23923125112709276
cost,2011-01-01,PRJ_CODE_N24000103,0,0.1583666890911874
cost,2011-01-01,PRJ_CODE_N24000106,0,0.16178322045566207
cost,2011-01-01,PRJ_CODE_N24000107,0,0.24459985264216744
cost,2011-01-01,PRJ_CODE_N24000108,0,0.3524762080063929
cost,2011-01-01,PRJ_CODE_N24000115,0,0.4389658091970593
cost,2011-01-01,PRJ_CODE_N24000116,0,0.2507319417919675
cost,2011-01-01,PRJ_CODE_N24000117,0,0.22030167630638528
cost,2011-01-01,PRJ_CODE_N24000118,0,0.2446121676720086
cost,2011-01-01,PRJ_CODE_N24000119,0,0.28449142373288816
cost,2011-01-01,PRJ_CODE_N24000122,0,0.25323105835474535
cost,2011-01-01,PRJ_CODE_N24000123,0,0.36266889205293196
cost,2011-01-01,PRJ_CODE_N24000124,0,0.3604435913373519
cost,2011-01-01,PRJ_CODE_N24000125,0,0.28877182663928047
cost,2011-01-01,PRJ_CODE_N24000126,0,0.302618674921158
cost,2011-01-01,PRJ_CODE_N24000127,0,0.3362508305760992
cost,2011-01-01,PRJ_CODE_N24000128,0,0.32352171392270335
cost,2011-01-01,PRJ_CODE_N24000129,0,0.16630324632080326
cost,2011-01-01,PRJ_CODE_N24000130,0,0.41836767715544204
cost,2011-01-01,PRJ_CODE_N24000131,0,0.4687139319268097
cost,2011-01-01,PRJ_CODE_N24000132,0,0.17441477171623446
cost,2011-01-01,PRJ_CODE_N24000133,0,0.432818206820736
cost,2011-01-01,PRJ_CODE_N24000134,0,0.29503398058895863
cost,2011-01-01,PRJ_CODE_N24000135,0,0.28200767917762454
cost,2011-01-01,PRJ_CODE_N24000136,0,0.31270301577991855
cost,2011-01-01,PRJ_CODE_N24000137,0,0.31918272634247424
cost,2011-01-01,PRJ_CODE_N24000138,0,0.3221499560825541
cost,2011-01-01,PRJ_CODE_N24000139,0,0.37976103495290897
cost,2011-01-01,PRJ_CODE_N24000140,0,0.28788658610831147
cost,2011-01-01,PRJ_CODE_N24000141,0,0.31622968742171964
cost,2011-01-01,PRJ_CODE_N24000142,0,0.3252517763219082
cost,2011-01-01,PRJ_CODE_N24000143,0,0.3674760104194141
cost,2011-01-01,PRJ_CODE_N25000003,0,0.5832048758659992
cost,2011-01-01,PRJ_CODE_N25000004,0,0.42126337303378014
cost,2011-01-01,PRJ_CODE_N25000014,0,0.15600848520804017
cost,2011-01-01,PRJ_CODE_N25000016,0,0.40305571250136235
cost,2011-01-01,PRJ_CODE_N25000031,0,0.5043869245160509
cost,2011-01-01,PRJ_CODE_N25000032,0,0.5553251170513256
cost,2011-01-01,PRJ_CODE_N25000033,0,0.34278312255123855
cost,2011-01-01,PRJ_CODE_N25000035,0,0.4105484874373246
cost,2011-01-01,PRJ_CODE_N25000037,0,0.4184020319256981
cost,2011-01-01,PRJ_CODE_N25000038,1,0.12897094070195286
cost,2011-01-01,PRJ_CODE_N25000039,0,0.5579957403237195
cost,2011-01-01,PRJ_CODE_N25000042,0,0.19832975431210814
cost,2011-01-01,PRJ_CODE_N25000043,0,0.2520443471003867
cost,2011-01-01,PRJ_CODE_N25000047,0,0.5638574216912124
cost,2011-01-01,PRJ_CODE_N25000048,0,0.5035627385516398
cost,2011-01-01,PRJ_CODE_N25000049,0,0.2526400405528038
cost,2011-01-01,PRJ_CODE_N25000050,0,0.32464993580470697
cost,2011-01-01,PRJ_CODE_N25000051,0,0.31456768382950134
cost,2011-01-01,PRJ_CODE_N25000052,0,0.2879585882718824
cost,2011-01-01,PRJ_CODE_N25000053,0,0.2779905331979714
cost,2011-01-01,PRJ_CODE_N26000011,0,0.1633759742612996
cost,2011-01-01,PRJ_CODE_N26000016,0,0.09014759374555804
cost,2011-01-01,PRJ_CODE_N26000029,0,0.6595210849697419
cost,2011-01-01,PRJ_CODE_N26000037,0,0.3660925405848161
cost,2011-01-01,PRJ_CODE_N26000039,0,0.18327176393459615
cost,2011-01-01,PRJ_CODE_N26000040,0,0.11238971031128785
cost,2011-01-01,PRJ_CODE_N26000041,0,0.15770313949148781
cost,2011-01-01,PRJ_CODE_N26000043,0,0.271907926607978
cost,2011-01-01,PRJ_CODE_N26000046,1,0.30558837452875093
cost,2011-01-01,PRJ_CODE_N26000050,0,0.08731015118356374
cost,2011-01-01,PRJ_CODE_N26000058,0,0.3623023256434467
cost,2011-01-01,PRJ_CODE_N26000062,0,0.09655386350154205
cost,2011-01-01,PRJ_CODE_N26000063,0,0.5562656211205577
cost,2011-01-01,PRJ_CODE_N26000065,0,0.4168209106379503
cost,2011-01-01,PRJ_CODE_N26000066,0,0.2728870510481135
cost,2011-01-01,PRJ_CODE_N26000067,0,0.4034088492246274
cost,2011-01-01,PRJ_CODE_N26000068,0,0.36360862301818764
cost,2011-01-01,PRJ_CODE_N26000069,0,0.23505414809478206
cost,2011-01-01,PRJ_CODE_N26000070,0,0.39723709228336107
cost,2011-01-01,PRJ_CODE_N26000071,0,0.28723569882185496
cost,2011-01-01,PRJ_CODE_N26000072,0,0.4427107568884701
cost,2011-01-01,PRJ_CODE_N26000073,0,0.31366900247265755
cost,2011-01-01,PRJ_CODE_N26000074,0,0.3437616452204753
cost,2011-01-01,PRJ_CODE_N26000078,0,0.31273078216080274
cost,2011-01-01,PRJ_CODE_N26000081,1,0.10178007605895975
cost,2011-01-01,PRJ_CODE_N26000082,0,0.18670392342014216
cost,2011-01-01,PRJ_CODE_N26000083,0,0.19641157004394394
cost,2011-01-01,PRJ_CODE_N26000084,0,0.2598102538527073
cost,2011-01-01,PRJ_CODE_N26000085,0,0.1168657016048543
cost,2011-01-01,PRJ_CODE_N26000086,0,0.24462442093130665
cost,2011-01-01,PRJ_CODE_N26000087,0,0.16673886476253696
cost,2011-01-01,PRJ_CODE_N26000088,0,0.33850417964495577
cost,2011-01-01,PRJ_CODE_N26000089,0,0.20754033777289407
cost,2011-01-01,PRJ_CODE_N26000090,0,0.20488696677878782
cost,2011-01-01,PRJ_CODE_N26000091,1,0.5911458491284509
cost,2011-01-01,PRJ_CODE_N26000092,0,0.40229206454359695
cost,2011-01-01,PRJ_CODE_N26000093,0,0.23434847628814937
cost,2011-01-01,PRJ_CODE_N26000094,0,0.2174689603434077
cost,2011-01-01,PRJ_CODE_N26000095,0,0.15766775473314035
cost,2011-01-01,PRJ_CODE_N26000096,0,0.20845637672273631
cost,2011-01-01,PRJ_CODE_N28000008,0,0.3543528122618277
cost,2011-01-01,PRJ_CODE_N28000048,0,0.3565149301798757
cost,2011-03-01,PRJ_CODE_020100040,0,0.4035834919666866
cost,2011-03-01,PRJ_CODE_020100044,0,0.43508982149190556
cost,2011-03-01,PRJ_CODE_060100087,0,0.6050750322028773
cost,2011-03-01,PRJ_CODE_060100089,0,0.5006988398256291
cost,2011-03-01,PRJ_CODE_060100092,0,0.44834660262294446
cost,2011-03-01,PRJ_CODE_060100093,0,0.32892975468716423
cost,2011-03-01,PRJ_CODE_060100094,0,0.3078074835298262
cost,2011-03-01,PRJ_CODE_060100096,0,0.588051063915716
cost,2011-03-01,PRJ_CODE_100100054,0,0.457246825880951
cost,2011-03-01,PRJ_CODE_120100067,0,0.256296922855911
cost,2011-03-01,PRJ_CODE_160100168,0,0.46773913587870314
cost,2011-03-01,PRJ_CODE_160100215,0,0.5511995413790922
cost,2011-03-01,PRJ_CODE_160100216,0,0.5481500180029826
cost,2011-03-01,PRJ_CODE_160100217,0,0.4892347542698935
cost,2011-03-01,PRJ_CODE_160100231,0,0.3775907196558753
cost,2011-03-01,PRJ_CODE_180100165,0,0.5350671580274181
cost,2011-03-01,PRJ_CODE_180100184,0,0.530724609627102
cost,2011-03-01,PRJ_CODE_180100210,0,0.5021014737598546
cost,2011-03-01,PRJ_CODE_180100211,0,0.5023515232430413
cost,2011-03-01,PRJ_CODE_180100221,0,0.6129052076826508
cost,2011-03-01,PRJ_CODE_180100222,0,0.6637241181391227
cost,2011-03-01,PRJ_CODE_180100229,0,0.4521012583355678
cost,2011-03-01,PRJ_CODE_180100239,0,0.20763106314994162
cost,2011-03-01,PRJ_CODE_180100241,0,0.3554086030985173
cost,2011-03-01,PRJ_CODE_180100242,0,0.49842897144718035
cost,2011-03-01,PRJ_CODE_180100243,0,0.3890449068408915
cost,2011-03-01,PRJ_CODE_180100246,0,0.4587670084315276
cost,2011-03-01,PRJ_CODE_180100250,0,0.2474861839306228
cost,2011-03-01,PRJ_CODE_180100251,0,0.2888022137568063
cost,2011-03-01,PRJ_CODE_180100256,0,0.33369668339590175
cost,2011-03-01,PRJ_CODE_180100258,0,0.5733000064142357
cost,2011-03-01,PRJ_CODE_180100260,0,0.5024296133749125
cost,2011-03-01,PRJ_CODE_220100007,0,0.4284142356646694
cost,2011-03-01,PRJ_CODE_220100009,0,0.4505480655030328
cost,2011-03-01,PRJ_CODE_220100062,0,0.38267015196495047
cost,2011-03-01,PRJ_CODE_220100106,0,0.6074349396323827
cost,2011-03-01,PRJ_CODE_220100116,0,0.6306289580825162
cost,2011-03-01,PRJ_CODE_220100118,0,0.5563847860784821
cost,2011-03-01,PRJ_CODE_220100133,0,0.6238985750599574
cost,2011-03-01,PRJ_CODE_220100135,1,0.6483985585992248
cost,2011-03-01,PRJ_CODE_220100148,0,0.6121740229273798
cost,2011-03-01,PRJ_CODE_220100149,1,0.7920914464548878
cost,2011-03-01,PRJ_CODE_220100151,0,0.665931647180484
cost,2011-03-01,PRJ_CODE_220100164,0,0.4966151613443155
cost,2011-03-01,PRJ_CODE_220100168,0,0.5585171012548464
cost,2011-03-01,PRJ_CODE_220100181,0,0.5871775067408264
cost,2011-03-01,PRJ_CODE_220100183,0,0.6818022934286756
cost,2011-03-01,PRJ_CODE_220100184,0,0.48838073707125124
cost,2011-03-01,PRJ_CODE_220100185,0,0.5476133162673509
cost,2011-03-01,PRJ_CODE_220100186,0,0.5373237125222889
cost,2011-03-01,PRJ_CODE_220100187,0,0.5201161290018652
cost,2011-03-01,PRJ_CODE_220100188,0,0.34434378845410546
cost,2011-03-01,PRJ_CODE_220100190,0,0.5629864809653021
cost,2011-03-01,PRJ_CODE_220100191,1,0.6693133218088496
cost,2011-03-01,PRJ_CODE_220100192,0,0.6027573301544366
cost,2011-03-01,PRJ_CODE_220100193,0,0.5990449597302483
cost,2011-03-01,PRJ_CODE_220100194,1,0.7471047856202572
cost,2011-03-01,PRJ_CODE_220100197,0,0.6125731183561779
cost,2011-03-01,PRJ_CODE_220100201,0,0.5634278513334066
cost,2011-03-01,PRJ_CODE_220100205,0,0.49477702900112935
cost,2011-03-01,PRJ_CODE_220100208,1,0.5092352459249155
cost,2011-03-01,PRJ_CODE_220100212,0,0.660039328920766
cost,2011-03-01,PRJ_CODE_220100214,0,0.5034863994078611
cost,2011-03-01,PRJ_CODE_220100220,0,0.573118564276782
cost,2011-03-01,PRJ_CODE_220100222,0,0.470498451355577
cost,2011-03-01,PRJ_CODE_220100232,0,0.35944415600453206
cost,2011-03-01,PRJ_CODE_220100233,0,0.7406798834858486
cost,2011-03-01,PRJ_CODE_220100240,1,0.6375794025954715
cost,2011-03-01,PRJ_CODE_220100241,0,0.560353405080734
cost,2011-03-01,PRJ_CODE_220100243,0,0.515179020657597
cost,2011-03-01,PRJ_CODE_220100247,1,0.6157683775193488
cost,2011-03-01,PRJ_CODE_220100251,0,0.5829162237498331
cost,2011-03-01,PRJ_CODE_220100252,0,0.48265542472861156
cost,2011-03-01,PRJ_CODE_220100255,0,0.48485801246315
cost,2011-03-01,PRJ_CODE_220100256,0,0.6603896186872623
cost,2011-03-01,PRJ_CODE_220100257,0,0.5967287018451631
cost,2011-03-01,PRJ_CODE_220100258,1,0.684012310333666
cost,2011-03-01,PRJ_CODE_220100260,0,0.5167614898599997
cost,2011-03-01,PRJ_CODE_220100262,0,0.6217041846027465
cost,2011-03-01,PRJ_CODE_220100263,0,0.6437085445857026
cost,2011-03-01,PRJ_CODE_220100264,0,0.6370993405189772
cost,2011-03-01,PRJ_CODE_220100265,0,0.6253684596860429
cost,2011-03-01,PRJ_CODE_220100266,0,0.6056372447513639
cost,2011-03-01,PRJ_CODE_220100268,1,0.6520268200982132
cost,2011-03-01,PRJ_CODE_220100270,0,0.5956641950335666
cost,2011-03-01,PRJ_CODE_220100272,0,0.5066179228303348
cost,2011-03-01,PRJ_CODE_220100273,0,0.5099459535755192
cost,2011-03-01,PRJ_CODE_220100274,0,0.6046410481539993
cost,2011-03-01,PRJ_CODE_220100277,1,0.6838357284189975
cost,2011-03-01,PRJ_CODE_220100279,0,0.5351327347442117
cost,2011-03-01,PRJ_CODE_220100280,1,0.6382686019021411
cost,2011-03-01,PRJ_CODE_220100284,0,0.6392205817533089
cost,2011-03-01,PRJ_CODE_220100285,0,0.4629231079561037
cost,2011-03-01,PRJ_CODE_220100286,0,0.552592240756977
cost,2011-03-01,PRJ_CODE_220100288,0,0.42926767102079455
cost,2011-03-01,PRJ_CODE_220100303,0,0.5639614750002904
cost,2011-03-01,PRJ_CODE_220100304,0,0.6378996911669292
cost,2011-03-01,PRJ_CODE_220100305,0,0.5431603407143759
cost,2011-03-01,PRJ_CODE_220100306,0,0.6431013778529904
cost,2011-03-01,PRJ_CODE_220100307,0,0.6228698281957626
cost,2011-03-01,PRJ_CODE_220100308,0,0.5342246665996843
cost,2011-03-01,PRJ_CODE_220100313,0,0.5057264431583676
cost,2011-03-01,PRJ_CODE_220100314,0,0.5280790637095737
cost,2011-03-01,PRJ_CODE_220100315,1,0.5328752540281217
cost,2011-03-01,PRJ_CODE_220100316,0,0.4507887433955197
cost,2011-03-01,PRJ_CODE_220100319,0,0.37484860800475595
cost,2011-03-01,PRJ_CODE_220100321,0,0.6330560001760496
cost,2011-03-01,PRJ_CODE_220100322,0,0.5543491318422549
cost,2011-03-01,PRJ_CODE_220100324,0,0.47835367398497464
cost,2011-03-01,PRJ_CODE_220100325,0,0.4193758875721006
cost,2011-03-01,PRJ_CODE_220100327,0,0.3661850357087511
cost,2011-03-01,PRJ_CODE_220100328,0,0.3770775239987109
cost,2011-03-01,PRJ_CODE_220100329,0,0.40818233770730034
cost,2011-03-01,PRJ_CODE_240100207,0,0.3994927895038304
cost,2011-03-01,PRJ_CODE_240101132,0,0.4660293905149189
cost,2011-03-01,PRJ_CODE_240101133,0,0.4583758317859049
cost,2011-03-01,PRJ_CODE_240101153,0,0.5503603519855753
cost,2011-03-01,PRJ_CODE_240101173,0,0.36339264868276283
cost,2011-03-01,PRJ_CODE_240103191,0,0.36765410314821034
cost,2011-03-01,PRJ_CODE_240104196,0,0.513514787300449
cost,2011-03-01,PRJ_CODE_240106203,0,0.29633233379068136
cost,2011-03-01,PRJ_CODE_240106204,0,0.3574423022747686
cost,2011-03-01,PRJ_CODE_240106205,0,0.1461797119451405
cost,2011-03-01,PRJ_CODE_240106216,0,0.45267248807405297
cost,2011-03-01,PRJ_CODE_240106221,0,0.5116207049531412
cost,2011-03-01,PRJ_CODE_240106222,0,0.315349132018458
cost,2011-03-01,PRJ_CODE_240106223,0,0.33388391634012765
cost,2011-03-01,PRJ_CODE_240106225,0,0.32307056170465653
cost,2011-03-01,PRJ_CODE_240106226,0,0.2534262164834785
cost,2011-03-01,PRJ_CODE_240106235,0,0.4626456641123683
cost,2011-03-01,PRJ_CODE_240106236,0,0.5147338000299905
cost,2011-03-01,PRJ_CODE_240106237,0,0.506988397449043
cost,2011-03-01,PRJ_CODE_240106243,0,0.3291333463977157
cost,2011-03-01,PRJ_CODE_240106244,0,0.39558345264259526
cost,2011-03-01,PRJ_CODE_240106246,0,0.32871040597877205
cost,2011-03-01,PRJ_CODE_240106250,0,0.2843527811897678
cost,2011-03-01,PRJ_CODE_240106256,0,0.13069456479741443
cost,2011-03-01,PRJ_CODE_240106260,0,0.18205292561079722
cost,2011-03-01,PRJ_CODE_240106262,0,0.16031261423909923
cost,2011-03-01,PRJ_CODE_240106276,0,0.24150470966173954
cost,2011-03-01,PRJ_CODE_240106277,0,0.2716076851288467
cost,2011-03-01,PRJ_CODE_240106278,0,0.5510787738182749
cost,2011-03-01,PRJ_CODE_240106279,0,0.46997056246326085
cost,2011-03-01,PRJ_CODE_240106280,0,0.4396135309377247
cost,2011-03-01,PRJ_CODE_240106281,0,0.2426644950864485
cost,2011-03-01,PRJ_CODE_240106288,0,0.3265239852110183
cost,2011-03-01,PRJ_CODE_240106289,0,0.3429970317614906
cost,2011-03-01,PRJ_CODE_240106290,0,0.2362530776627715
cost,2011-03-01,PRJ_CODE_240106291,0,0.33872603918453964
cost,2011-03-01,PRJ_CODE_240106292,0,0.33348120246939117
cost,2011-03-01,PRJ_CODE_240106293,0,0.2570183302622046
cost,2011-03-01,PRJ_CODE_240106294,0,0.2632112578762075
cost,2011-03-01,PRJ_CODE_240106297,0,0.3762869978254263
cost,2011-03-01,PRJ_CODE_240106299,0,0.24476099390919626
cost,2011-03-01,PRJ_CODE_240106300,0,0.33350401291597526
cost,2011-03-01,PRJ_CODE_240106301,0,0.3459668384854037
cost,2011-03-01,PRJ_CODE_240106303,0,0.2616599146891085
cost,2011-03-01,PRJ_CODE_240106304,0,0.35099670736588384
cost,2011-03-01,PRJ_CODE_240106305,0,0.29253605034620567
cost,2011-03-01,PRJ_CODE_250100112,0,0.2688881881689867
cost,2011-03-01,PRJ_CODE_250100175,0,0.20040141752434162
cost,2011-03-01,PRJ_CODE_260100099,0,0.41198726583244893
cost,2011-03-01,PRJ_CODE_260100100,0,0.5508264135357931
cost,2011-03-01,PRJ_CODE_280100002,0,0.5413871300915428
cost,2011-03-01,PRJ_CODE_300100001,0,0.4035682055044975
cost,2011-03-01,PRJ_CODE_N02000007,0,0.5344223518314274
cost,2011-03-01,PRJ_CODE_N04000037,0,0.41604226821542906
cost,2011-03-01,PRJ_CODE_N04000038,0,0.2723734440826417
cost,2011-03-01,PRJ_CODE_N04000040,0,0.3365207039348973
cost,2011-03-01,PRJ_CODE_N04000050,0,0.3153337451599353
cost,2011-03-01,PRJ_CODE_N04000065,0,0.37516085920183156
cost,2011-03-01,PRJ_CODE_N04000068,0,0.38624735873495913
cost,2011-03-01,PRJ_CODE_N04000069,0,0.2557143257171387
cost,2011-03-01,PRJ_CODE_N06000007,0,0.5091341541066784
cost,2011-03-01,PRJ_CODE_N06000008,0,0.3306637187891507
cost,2011-03-01,PRJ_CODE_N06000009,0,0.6981994525704689
cost,2011-03-01,PRJ_CODE_N06000010,0,0.49958952365124887
cost,2011-03-01,PRJ_CODE_N06000015,0,0.4975117223355087
cost,2011-03-01,PRJ_CODE_N06000016,0,0.4064311709108995
cost,2011-03-01,PRJ_CODE_N06000017,0,0.4039981603781279
cost,2011-03-01,PRJ_CODE_N06000019,0,0.3042731873422526
cost,2011-03-01,PRJ_CODE_N06000020,0,0.4520210029930589
cost,2011-03-01,PRJ_CODE_N06000025,0,0.2274418297938345
cost,2011-03-01,PRJ_CODE_N06000033,0,0.6061424974410364
cost,2011-03-01,PRJ_CODE_N06000034,0,0.4546560535795569
cost,2011-03-01,PRJ_CODE_N06000035,0,0.42409326622390425
cost,2011-03-01,PRJ_CODE_N06000042,0,0.39974975716958605
cost,2011-03-01,PRJ_CODE_N06000043,0,0.3056832923082739
cost,2011-03-01,PRJ_CODE_N06000044,0,0.3593140613343987
cost,2011-03-01,PRJ_CODE_N06000045,0,0.24937298159049823
cost,2011-03-01,PRJ_CODE_N06000046,0,0.327047703026771
cost,2011-03-01,PRJ_CODE_N06000047,0,0.6101893583891559
cost,2011-03-01,PRJ_CODE_N06000048,0,0.4062189340080124
cost,2011-03-01,PRJ_CODE_N06000049,0,0.2511845161973517
cost,2011-03-01,PRJ_CODE_N06000056,0,0.20762093048432004
cost,2011-03-01,PRJ_CODE_N06000066,0,0.390324547231639
cost,2011-03-01,PRJ_CODE_N06000067,0,0.22699085127086246
cost,2011-03-01,PRJ_CODE_N06000068,0,0.2963159546492719
cost,2011-03-01,PRJ_CODE_N06000075,0,0.27113453952200106
cost,2011-03-01,PRJ_CODE_N06000076,0,0.21996626517542514
cost,2011-03-01,PRJ_CODE_N06000078,0,0.31868712853094355
cost,2011-03-01,PRJ_CODE_N06000079,0,0.2004300457121046
cost,2011-03-01,PRJ_CODE_N06000080,0,0.344633429320023
cost,2011-03-01,PRJ_CODE_N06000081,0,0.25443115050860254
cost,2011-03-01,PRJ_CODE_N06000082,0,0.4431287122069642
cost,2011-03-01,PRJ_CODE_N06000083,0,0.37470567021523343
cost,2011-03-01,PRJ_CODE_N06000084,0,0.33368126394415737
cost,2011-03-01,PRJ_CODE_N06000085,0,0.2136576802438533
cost,2011-03-01,PRJ_CODE_N06000086,0,0.33228192744447727
cost,2011-03-01,PRJ_CODE_N06000087,0,0.2813039613195205
cost,2011-03-01,PRJ_CODE_N06000088,0,0.3773242200828196
cost,2011-03-01,PRJ_CODE_N06000089,0,0.08515568848815552
cost,2011-03-01,PRJ_CODE_N08000003,0,0.4099570733999732
cost,2011-03-01,PRJ_CODE_N08000004,0,0.2996686502254446
cost,2011-03-01,PRJ_CODE_N08000005,0,0.29794057306763444
cost,2011-03-01,PRJ_CODE_N08000006,0,0.3943125382676864
cost,2011-03-01,PRJ_CODE_N08000007,0,0.39108406129682394
cost,2011-03-01,PRJ_CODE_N08000008,0,0.3830621916148211
cost,2011-03-01,PRJ_CODE_N12000018,0,0.6302791232600847
cost,2011-03-01,PRJ_CODE_N12000023,0,0.35684956224397696
cost,2011-03-01,PRJ_CODE_N12000033,0,0.4335327569865586
cost,2011-03-01,PRJ_CODE_N12000038,0,0.20373467753410998
cost,2011-03-01,PRJ_CODE_N12000051,1,0.5398260074884825
cost,2011-03-01,PRJ_CODE_N12000053,0,0.558112002044023
cost,2011-03-01,PRJ_CODE_N12000054,0,0.3520404115080221
cost,2011-03-01,PRJ_CODE_N12000055,0,0.2814281012193617
cost,2011-03-01,PRJ_CODE_N12000056,0,0.2870890226686204
cost,2011-03-01,PRJ_CODE_N12000057,0,0.32001863012955567
cost,2011-03-01,PRJ_CODE_N12000068,0,0.30979895019006076
cost,2011-03-01,PRJ_CODE_N12000069,0,0.4002922859929576
cost,2011-03-01,PRJ_CODE_N16000009,0,0.5850565455660104
cost,2011-03-01,PRJ_CODE_N16000023,0,0.31959590904338103
cost,2011-03-01,PRJ_CODE_N16000024,1,0.5481473228492811
cost,2011-03-01,PRJ_CODE_N16000030,0,0.3080364386290119
cost,2011-03-01,PRJ_CODE_N16000031,0,0.26453050400973427
cost,2011-03-01,PRJ_CODE_N16000032,0,0.2550455882335832
cost,2011-03-01,PRJ_CODE_N16000033,0,0.26889947074271825
cost,2011-03-01,PRJ_CODE_N16000039,0,0.4074569319648795
cost,2011-03-01,PRJ_CODE_N16000040,0,0.44503443033440926
cost,2011-03-01,PRJ_CODE_N16000044,0,0.3380901962718052
cost,2011-03-01,PRJ_CODE_N16000045,0,0.22535808260558926
cost,2011-03-01,PRJ_CODE_N16000046,0,0.3595066282748045
cost,2011-03-01,PRJ_CODE_N16000050,1,0.7193203424998937
cost,2011-03-01,PRJ_CODE_N16000051,0,0.5367205724191818
cost,2011-03-01,PRJ_CODE_N16000052,0,0.681528402462753
cost,2011-03-01,PRJ_CODE_N16000053,0,0.733863576667806
cost,2011-03-01,PRJ_CODE_N16000054,0,0.6360232148597551
cost,2011-03-01,PRJ_CODE_N16000057,0,0.21425926856814376
cost,2011-03-01,PRJ_CODE_N16000058,0,0.30675286902809595
cost,2011-03-01,PRJ_CODE_N16000059,0,0.6660256332815766
cost,2011-03-01,PRJ_CODE_N16000060,0,0.33245711090038294
cost,2011-03-01,PRJ_CODE_N16000061,0,0.3483605691186888
cost,2011-03-01,PRJ_CODE_N16000062,0,0.3253889722169067
cost,2011-03-01,PRJ_CODE_N16000063,0,0.27365978700651633
cost,2011-03-01,PRJ_CODE_N16000064,1,0.8312657974183861
cost,2011-03-01,PRJ_CODE_N16000065,0,0.39162167377358964
cost,2011-03-01,PRJ_CODE_N16000066,0,0.22429257493011276
cost,2011-03-01,PRJ_CODE_N16000068,0,0.309928039262671
cost,2011-03-01,PRJ_CODE_N16000069,0,0.30814461390775544
cost,2011-03-01,PRJ_CODE_N16000071,0,0.5719489960223952
cost,2011-03-01,PRJ_CODE_N16000072,0,0.7128835484111604
cost,2011-03-01,PRJ_CODE_N16000073,0,0.6757801410701416
cost,2011-03-01,PRJ_CODE_N16000080,0,0.4562028640921843
cost,2011-03-01,PRJ_CODE_N16000081,1,0.5114633447367426
cost,2011-03-01,PRJ_CODE_N16000083,0,0.296791733254205
cost,2011-03-01,PRJ_CODE_N16000084,0,0.23133311452515976
cost,2011-03-01,PRJ_CODE_N16000086,0,0.3559915858042106
cost,2011-03-01,PRJ_CODE_N16000088,0,0.48408679997283627
cost,2011-03-01,PRJ_CODE_N16000089,0,0.6363753053179125
cost,2011-03-01,PRJ_CODE_N16000090,0,0.4256119313700858
cost,2011-03-01,PRJ_CODE_N16000093,0,0.5431089231011168
cost,2011-03-01,PRJ_CODE_N16000094,0,0.8175221330331074
cost,2011-03-01,PRJ_CODE_N16000096,0,0.3736233346906562
cost,2011-03-01,PRJ_CODE_N16000098,1,0.7885106025859774
cost,2011-03-01,PRJ_CODE_N16000099,0,0.32953727820110873
cost,2011-03-01,PRJ_CODE_N16000101,0,0.37326225888444986
cost,2011-03-01,PRJ_CODE_N16000102,0,0.30884402229400587
cost,2011-03-01,PRJ_CODE_N16000103,0,0.3146291648989009
cost,2011-03-01,PRJ_CODE_N16000104,0,0.2994795901093335
cost,2011-03-01,PRJ_CODE_N16000105,0,0.3468935310938179
cost,2011-03-01,PRJ_CODE_N16000106,0,0.5425592151946551
cost,2011-03-01,PRJ_CODE_N16000107,0,0.21293077625298737
cost,2011-03-01,PRJ_CODE_N16000108,0,0.24765979784434933
cost,2011-03-01,PRJ_CODE_N16000109,0,0.36016953859863815
cost,2011-03-01,PRJ_CODE_N16000110,0,0.19379260958759678
cost,2011-03-01,PRJ_CODE_N16000111,0,0.4746350214266708
cost,2011-03-01,PRJ_CODE_N16000112,0,0.42007908403622307
cost,2011-03-01,PRJ_CODE_N16000113,0,0.3480940078114724
cost,2011-03-01,PRJ_CODE_N16000114,0,0.4047143096673339
cost,2011-03-01,PRJ_CODE_N16000115,0,0.3262747423464276
cost,2011-03-01,PRJ_CODE_N16000116,0,0.251164022411595
cost,2011-03-01,PRJ_CODE_N16000117,0,0.27876764202934085
cost,2011-03-01,PRJ_CODE_N16000118,0,0.23276897068795827
cost,2011-03-01,PRJ_CODE_N16000119,0,0.34300885686868526
cost,2011-03-01,PRJ_CODE_N16000120,0,0.21579534385669627
cost,2011-03-01,PRJ_CODE_N16000121,0,0.21405206925890818
cost,2011-03-01,PRJ_CODE_N16000122,0,0.21579534385669627
cost,2011-03-01,PRJ_CODE_N16000123,0,0.22697543348937915
cost,2011-03-01,PRJ_CODE_N18000004,0,0.42910280274114904
cost,2011-03-01,PRJ_CODE_N18000006,0,0.3794125885040988
cost,2011-03-01,PRJ_CODE_N18000007,0,0.548612056886226
cost,2011-03-01,PRJ_CODE_N18000010,0,0.43864112252546206
cost,2011-03-01,PRJ_CODE_N18000014,0,0.4361244022569108
cost,2011-03-01,PRJ_CODE_N18000018,0,0.34267265017327375
cost,2011-03-01,PRJ_CODE_N18000022,0,0.4535069896232688
cost,2011-03-01,PRJ_CODE_N18000023,0,0.2957050411762623
cost,2011-03-01,PRJ_CODE_N18000024,0,0.5286133222965838
cost,2011-03-01,PRJ_CODE_N18000031,0,0.31080196751917416
cost,2011-03-01,PRJ_CODE_N18000032,0,0.3186685054019528
cost,2011-03-01,PRJ_CODE_N18000033,0,0.1818720016183779
cost,2011-03-01,PRJ_CODE_N18000035,0,0.2515631304086768
cost,2011-03-01,PRJ_CODE_N18000037,0,0.571543806301393
cost,2011-03-01,PRJ_CODE_N18000040,0,0.16328256240561576
cost,2011-03-01,PRJ_CODE_N18000041,0,0.36480441887641857
cost,2011-03-01,PRJ_CODE_N18000042,0,0.3322180367744189
cost,2011-03-01,PRJ_CODE_N18000043,0,0.19062824205066156
cost,2011-03-01,PRJ_CODE_N18000045,0,0.36482751351158915
cost,2011-03-01,PRJ_CODE_N18000046,0,0.3558172359342805
cost,2011-03-01,PRJ_CODE_N18000047,0,0.42919681969532214
cost,2011-03-01,PRJ_CODE_N18000048,0,0.363818159325739
cost,2011-03-01,PRJ_CODE_N18000049,0,0.26734937158998856
cost,2011-03-01,PRJ_CODE_N18000050,0,0.37345423808789036
cost,2011-03-01,PRJ_CODE_N18000051,0,0.3156293274216655
cost,2011-03-01,PRJ_CODE_N18000052,0,0.15779517955041836
cost,2011-03-01,PRJ_CODE_N18000053,0,0.17977923991193373
cost,2011-03-01,PRJ_CODE_N18000054,0,0.27765631602477553
cost,2011-03-01,PRJ_CODE_N18000056,0,0.24788120587690993
cost,2011-03-01,PRJ_CODE_N18000058,0,0.19232063380688047
cost,2011-03-01,PRJ_CODE_N18000059,0,0.21631340634507587
cost,2011-03-01,PRJ_CODE_N18000061,0,0.38048018890532526
cost,2011-03-01,PRJ_CODE_N18000062,0,0.25809580662507775
cost,2011-03-01,PRJ_CODE_N18000063,0,0.18577818809602445
cost,2011-03-01,PRJ_CODE_N18000064,0,0.3523333993838553
cost,2011-03-01,PRJ_CODE_N18000065,0,0.40563816128233837
cost,2011-03-01,PRJ_CODE_N18000066,0,0.3988638832281967
cost,2011-03-01,PRJ_CODE_N18000067,0,0.20580539333965908
cost,2011-03-01,PRJ_CODE_N18000068,0,0.31644050659767475
cost,2011-03-01,PRJ_CODE_N18000069,0,0.3626011759702814
cost,2011-03-01,PRJ_CODE_N18000071,0,0.45602412772632434
cost,2011-03-01,PRJ_CODE_N18000072,0,0.3848930021172058
cost,2011-03-01,PRJ_CODE_N18000073,0,0.4141439010673807
cost,2011-03-01,PRJ_CODE_N18000076,0,0.38764863422052015
cost,2011-03-01,PRJ_CODE_N18000077,0,0.3277817571354679
cost,2011-03-01,PRJ_CODE_N18000078,0,0.40254575788523544
cost,2011-03-01,PRJ_CODE_N18000079,0,0.374135430268677
cost,2011-03-01,PRJ_CODE_N18000080,0,0.3142953902559174
cost,2011-03-01,PRJ_CODE_N18000081,0,0.3882676747483479
cost,2011-03-01,PRJ_CODE_N18000082,0,0.2510138149771236
cost,2011-03-01,PRJ_CODE_N18000083,0,0.278928691167887
cost,2011-03-01,PRJ_CODE_N18000084,0,0.2764706848060754
cost,2011-03-01,PRJ_CODE_N18000085,0,0.44120201846342755
cost,2011-03-01,PRJ_CODE_N18000086,0,0.34367826078703745
cost,2011-03-01,PRJ_CODE_N18000087,0,0.25897589492200135
cost,2011-03-01,PRJ_CODE_N18000088,0,0.22139055955813233
cost,2011-03-01,PRJ_CODE_N18000089,0,0.2742527252555446
cost,2011-03-01,PRJ_CODE_N18000090,0,0.2435179344894114
cost,2011-03-01,PRJ_CODE_N18000091,0,0.1933361845288803
cost,2011-03-01,PRJ_CODE_N18000092,0,0.34158065735858006
cost,2011-03-01,PRJ_CODE_N18000093,0,0.3284591151111627
cost,2011-03-01,PRJ_CODE_N22000002,1,0.6258289130984164
cost,2011-03-01,PRJ_CODE_N22000027,0,0.4407185082048115
cost,2011-03-01,PRJ_CODE_N22000028,0,0.302256628118337
cost,2011-03-01,PRJ_CODE_N22000032,0,0.3841241711288885
cost,2011-03-01,PRJ_CODE_N22000034,0,0.4388070763074797
cost,2011-03-01,PRJ_CODE_N22000045,0,0.505808874413937
cost,2011-03-01,PRJ_CODE_N22000049,0,0.37104441153693385
cost,2011-03-01,PRJ_CODE_N22000052,0,0.5856586942937401
cost,2011-03-01,PRJ_CODE_N22000053,0,0.3956142869201678
cost,2011-03-01,PRJ_CODE_N22000056,0,0.6297842974148851
cost,2011-03-01,PRJ_CODE_N22000075,0,0.18617322556124624
cost,2011-03-01,PRJ_CODE_N22000076,0,0.1734960069566004
cost,2011-03-01,PRJ_CODE_N22000077,0,0.27852683456788
cost,2011-03-01,PRJ_CODE_N22000079,0,0.4783325812505568
cost,2011-03-01,PRJ_CODE_N22000080,0,0.4597508892209735
cost,2011-03-01,PRJ_CODE_N22000081,0,0.3941035228977825
cost,2011-03-01,PRJ_CODE_N22000082,1,0.6807012871171317
cost,2011-03-01,PRJ_CODE_N22000083,1,0.7196029811510324
cost,2011-03-01,PRJ_CODE_N22000084,0,0.35526726883058507
cost,2011-03-01,PRJ_CODE_N22000085,0,0.4638754237531878
cost,2011-03-01,PRJ_CODE_N22000086,0,0.42080443535518086
cost,2011-03-01,PRJ_CODE_N22000087,0,0.5777324866355791
cost,2011-03-01,PRJ_CODE_N22000088,0,0.538644876622701
cost,2011-03-01,PRJ_CODE_N22000091,0,0.175684322359238
cost,2011-03-01,PRJ_CODE_N22000092,0,0.47641144367754806
cost,2011-03-01,PRJ_CODE_N22000093,0,0.5307034723317028
cost,2011-03-01,PRJ_CODE_N22000094,0,0.28404097560324365
cost,2011-03-01,PRJ_CODE_N22000095,0,0.7181936542325577
cost,2011-03-01,PRJ_CODE_N22000096,0,0.14189988278396323
cost,2011-03-01,PRJ_CODE_N22000097,1,0.4484102588513252
cost,2011-03-01,PRJ_CODE_N22000099,0,0.4480562308710924
cost,2011-03-01,PRJ_CODE_N22000100,0,0.31015468251805284
cost,2011-03-01,PRJ_CODE_N22000101,0,0.5752811322923682
cost,2011-03-01,PRJ_CODE_N22000102,0,0.3117166842900236
cost,2011-03-01,PRJ_CODE_N22000106,0,0.5534634987505993
cost,2011-03-01,PRJ_CODE_N22000107,0,0.314613287326145
cost,2011-03-01,PRJ_CODE_N22000108,0,0.45534263327766383
cost,2011-03-01,PRJ_CODE_N22000109,0,0.3537564016305735
cost,2011-03-01,PRJ_CODE_N22000110,0,0.45591204290759363
cost,2011-03-01,PRJ_CODE_N22000111,0,0.4219746586796858
cost,2011-03-01,PRJ_CODE_N22000112,0,0.41768137056567595
cost,2011-03-01,PRJ_CODE_N22000113,0,0.4226690364742353
cost,2011-03-01,PRJ_CODE_N22000114,0,0.36601337756407376
cost,2011-03-01,PRJ_CODE_N22000115,0,0.2543056584465088
cost,2011-03-01,PRJ_CODE_N22000116,0,0.2717590065490207
cost,2011-03-01,PRJ_CODE_N22000117,0,0.20744848293542684
cost,2011-03-01,PRJ_CODE_N22000118,0,0.4675006312599495
cost,2011-03-01,PRJ_CODE_N22000119,0,0.33338811341822344
cost,2011-03-01,PRJ_CODE_N22000120,0,0.41029076549896387
cost,2011-03-01,PRJ_CODE_N22000121,0,0.7468331894879102
cost,2011-03-01,PRJ_CODE_N22000122,0,0.4019426276852108
cost,2011-03-01,PRJ_CODE_N22000123,0,0.45157208381578184
cost,2011-03-01,PRJ_CODE_N22000124,0,0.4117069613617885
cost,2011-03-01,PRJ_CODE_N22000125,0,0.429740280910257
cost,2011-03-01,PRJ_CODE_N22000126,0,0.4205165374381023
cost,2011-03-01,PRJ_CODE_N22000127,0,0.6381940282702745
cost,2011-03-01,PRJ_CODE_N24000028,0,0.3416692183807067
cost,2011-03-01,PRJ_CODE_N24000030,0,0.2711414945199607
cost,2011-03-01,PRJ_CODE_N24000031,0,0.2849059128663257
cost,2011-03-01,PRJ_CODE_N24000035,0,0.29636109289470147
cost,2011-03-01,PRJ_CODE_N24000036,0,0.13069456479741443
cost,2011-03-01,PRJ_CODE_N24000037,0,0.2494637028030363
cost,2011-03-01,PRJ_CODE_N24000038,0,0.29627625663986923
cost,2011-03-01,PRJ_CODE_N24000040,0,0.3825429672297016
cost,2011-03-01,PRJ_CODE_N24000042,0,0.24929253282470562
cost,2011-03-01,PRJ_CODE_N24000044,0,0.34979534263537004
cost,2011-03-01,PRJ_CODE_N24000045,0,0.27387044538404115
cost,2011-03-01,PRJ_CODE_N24000046,0,0.2881384723983361
cost,2011-03-01,PRJ_CODE_N24000047,0,0.2577885327026864
cost,2011-03-01,PRJ_CODE_N24000048,0,0.23871078938377024
cost,2011-03-01,PRJ_CODE_N24000049,0,0.26599416587773334
cost,2011-03-01,PRJ_CODE_N24000051,0,0.2438275430822286
cost,2011-03-01,PRJ_CODE_N24000055,0,0.19122965186011956
cost,2011-03-01,PRJ_CODE_N24000056,0,0.19714082210287295
cost,2011-03-01,PRJ_CODE_N24000057,0,0.30243658083528163
cost,2011-03-01,PRJ_CODE_N24000061,0,0.4419663483094934
cost,2011-03-01,PRJ_CODE_N24000062,0,0.4767886170601647
cost,2011-03-01,PRJ_CODE_N24000063,0,0.32872267890475265
cost,2011-03-01,PRJ_CODE_N24000068,0,0.5359373051113805
cost,2011-03-01,PRJ_CODE_N24000085,0,0.3475890450369297
cost,2011-03-01,PRJ_CODE_N24000087,0,0.2077802938973734
cost,2011-03-01,PRJ_CODE_N24000088,0,0.30224519930702076
cost,2011-03-01,PRJ_CODE_N24000089,0,0.2767260707592438
cost,2011-03-01,PRJ_CODE_N24000090,0,0.2507018092947467
cost,2011-03-01,PRJ_CODE_N24000094,0,0.32666298545773015
cost,2011-03-01,PRJ_CODE_N24000095,0,0.34381037189503993
cost,2011-03-01,PRJ_CODE_N24000096,0,0.31818432394194357
cost,2011-03-01,PRJ_CODE_N24000097,0,0.3807330861570099
cost,2011-03-01,PRJ_CODE_N24000098,0,0.40248775773707357
cost,2011-03-01,PRJ_CODE_N24000099,0,0.19332277662371594
cost,2011-03-01,PRJ_CODE_N24000100,0,0.2206582113622603
cost,2011-03-01,PRJ_CODE_N24000101,0,0.17402671995699795
cost,2011-03-01,PRJ_CODE_N24000102,0,0.29747079894288425
cost,2011-03-01,PRJ_CODE_N24000103,0,0.20026786376925618
cost,2011-03-01,PRJ_CODE_N24000106,0,0.15317433829397883
cost,2011-03-01,PRJ_CODE_N24000107,0,0.1731793678530419
cost,2011-03-01,PRJ_CODE_N24000108,0,0.3951612204263437
cost,2011-03-01,PRJ_CODE_N24000115,0,0.4920587868669348
cost,2011-03-01,PRJ_CODE_N24000116,0,0.30065476067205177
cost,2011-03-01,PRJ_CODE_N24000117,0,0.30965038817517315
cost,2011-03-01,PRJ_CODE_N24000118,0,0.361170581235486
cost,2011-03-01,PRJ_CODE_N24000119,0,0.32260278541453635
cost,2011-03-01,PRJ_CODE_N24000122,0,0.2847989506116626
cost,2011-03-01,PRJ_CODE_N24000123,0,0.32254158027710994
cost,2011-03-01,PRJ_CODE_N24000124,0,0.3180834543268517
cost,2011-03-01,PRJ_CODE_N24000125,0,0.2939135512415806
cost,2011-03-01,PRJ_CODE_N24000126,0,0.34862183465212576
cost,2011-03-01,PRJ_CODE_N24000127,0,0.31841524406257865
cost,2011-03-01,PRJ_CODE_N24000128,0,0.33579441390912634
cost,2011-03-01,PRJ_CODE_N24000129,0,0.2187934576745946
cost,2011-03-01,PRJ_CODE_N24000130,0,0.46855506487599224
cost,2011-03-01,PRJ_CODE_N24000131,0,0.5387501862128435
cost,2011-03-01,PRJ_CODE_N24000132,0,0.2901151946906168
cost,2011-03-01,PRJ_CODE_N24000133,0,0.47496218653430844
cost,2011-03-01,PRJ_CODE_N24000134,0,0.25906296334090373
cost,2011-03-01,PRJ_CODE_N24000135,0,0.2297375744334968
cost,2011-03-01,PRJ_CODE_N24000136,0,0.23808949336802807
cost,2011-03-01,PRJ_CODE_N24000137,0,0.28617181732794406
cost,2011-03-01,PRJ_CODE_N24000138,0,0.2311141625261563
cost,2011-03-01,PRJ_CODE_N24000139,0,0.3780316668270096
cost,2011-03-01,PRJ_CODE_N24000140,0,0.34187837391772374
cost,2011-03-01,PRJ_CODE_N24000141,0,0.2826455919587132
cost,2011-03-01,PRJ_CODE_N24000142,0,0.2650327988679934
cost,2011-03-01,PRJ_CODE_N24000143,0,0.29064765469857273
cost,2011-03-01,PRJ_CODE_N24000144,0,0.21994182274421994
cost,2011-03-01,PRJ_CODE_N24000145,0,0.34706831750449646
cost,2011-03-01,PRJ_CODE_N24000146,0,0.24842437947103238
cost,2011-03-01,PRJ_CODE_N24000147,0,0.28002005718979345
cost,2011-03-01,PRJ_CODE_N24000148,0,0.3258012706825663
cost,2011-03-01,PRJ_CODE_N25000003,0,0.5666884667778797
cost,2011-03-01,PRJ_CODE_N25000004,0,0.4098637208318986
cost,2011-03-01,PRJ_CODE_N25000014,0,0.3400474412676233
cost,2011-03-01,PRJ_CODE_N25000016,0,0.39280241741890787
cost,2011-03-01,PRJ_CODE_N25000031,0,0.4506626591272639
cost,2011-03-01,PRJ_CODE_N25000033,0,0.26474895080617894
cost,2011-03-01,PRJ_CODE_N25000035,0,0.39807253604269655
cost,2011-03-01,PRJ_CODE_N25000037,0,0.4510209520928437
cost,2011-03-01,PRJ_CODE_N25000038,1,0.3434134580656473
cost,2011-03-01,PRJ_CODE_N25000039,0,0.5337140132727258
cost,2011-03-01,PRJ_CODE_N25000042,0,0.2560368980369177
cost,2011-03-01,PRJ_CODE_N25000043,0,0.3054184575325941
cost,2011-03-01,PRJ_CODE_N25000047,0,0.5791918453369794
cost,2011-03-01,PRJ_CODE_N25000048,0,0.44755972440145353
cost,2011-03-01,PRJ_CODE_N25000049,0,0.29921335962375245
cost,2011-03-01,PRJ_CODE_N25000050,0,0.3816131775643283
cost,2011-03-01,PRJ_CODE_N25000051,0,0.260466826730076
cost,2011-03-01,PRJ_CODE_N25000052,0,0.3082977166485611
cost,2011-03-01,PRJ_CODE_N25000053,0,0.3082977166485611
cost,2011-03-01,PRJ_CODE_N25000054,0,0.1509683924697217
cost,2011-03-01,PRJ_CODE_N25000055,0,0.2709819951350863
cost,2011-03-01,PRJ_CODE_N25000056,0,0.33020011023225304
cost,2011-03-01,PRJ_CODE_N26000011,0,0.17314191165087137
cost,2011-03-01,PRJ_CODE_N26000016,0,0.15952136981070114
cost,2011-03-01,PRJ_CODE_N26000029,0,0.6320939164194458
cost,2011-03-01,PRJ_CODE_N26000037,0,0.39269339052362856
cost,2011-03-01,PRJ_CODE_N26000039,0,0.23438112970848585
cost,2011-03-01,PRJ_CODE_N26000040,0,0.18008973782188697
cost,2011-03-01,PRJ_CODE_N26000041,0,0.21783953177421367
cost,2011-03-01,PRJ_CODE_N26000043,0,0.312919428435026
cost,2011-03-01,PRJ_CODE_N26000046,0,0.42743649888781415
cost,2011-03-01,PRJ_CODE_N26000050,0,0.16185123236736046
cost,2011-03-01,PRJ_CODE_N26000058,0,0.38157588814080257
cost,2011-03-01,PRJ_CODE_N26000062,0,0.17266935788799068
cost,2011-03-01,PRJ_CODE_N26000063,0,0.5456140332423762
cost,2011-03-01,PRJ_CODE_N26000065,0,0.43441679965784974
cost,2011-03-01,PRJ_CODE_N26000066,0,0.28450284413495985
cost,2011-03-01,PRJ_CODE_N26000067,0,0.4190829268405684
cost,2011-03-01,PRJ_CODE_N26000068,0,0.3068642849849911
cost,2011-03-01,PRJ_CODE_N26000069,0,0.2585160072095326
cost,2011-03-01,PRJ_CODE_N26000070,0,0.444459699731289
cost,2011-03-01,PRJ_CODE_N26000071,0,0.2622775051534302
cost,2011-03-01,PRJ_CODE_N26000072,0,0.3318102858169426
cost,2011-03-01,PRJ_CODE_N26000073,0,0.2974924947610962
cost,2011-03-01,PRJ_CODE_N26000074,0,0.39209426778832185
cost,2011-03-01,PRJ_CODE_N26000078,0,0.4151159120968271
cost,2011-03-01,PRJ_CODE_N26000081,1,0.25696094464243524
cost,2011-03-01,PRJ_CODE_N26000082,0,0.3600339089630298
cost,2011-03-01,PRJ_CODE_N26000083,0,0.24530580935905189
cost,2011-03-01,PRJ_CODE_N26000084,0,0.34583409112096386
cost,2011-03-01,PRJ_CODE_N26000085,0,0.2728538649758424
cost,2011-03-01,PRJ_CODE_N26000086,0,0.2655427032118056
cost,2011-03-01,PRJ_CODE_N26000087,0,0.21232725005077965
cost,2011-03-01,PRJ_CODE_N26000088,1,0.4095851428908533
cost,2011-03-01,PRJ_CODE_N26000089,0,0.266204471846896
cost,2011-03-01,PRJ_CODE_N26000090,0,0.2700072693951891
cost,2011-03-01,PRJ_CODE_N26000091,0,0.33816252459354057
cost,2011-03-01,PRJ_CODE_N26000092,0,0.4064638853157129
cost,2011-03-01,PRJ_CODE_N26000093,0,0.28556167753724515
cost,2011-03-01,PRJ_CODE_N26000094,0,0.2767677512741295
cost,2011-03-01,PRJ_CODE_N26000095,0,0.2919594053511989
cost,2011-03-01,PRJ_CODE_N26000096,0,0.2618669884519254
cost,2011-03-01,PRJ_CODE_N28000008,0,0.30117780637216346
cost,2011-03-01,PRJ_CODE_N28000048,0,0.3203316139668078
cost,2011-05-01,PRJ_CODE_020100040,0,0.46664042944434114
cost,2011-05-01,PRJ_CODE_020100044,0,0.36255967185067184
cost,2011-05-01,PRJ_CODE_060100087,0,0.32200400941307594
cost,2011-05-01,PRJ_CODE_060100089,0,0.446859009645723
cost,2011-05-01,PRJ_CODE_060100092,0,0.3753442853620058
cost,2011-05-01,PRJ_CODE_060100093,0,0.23304903145508013
cost,2011-05-01,PRJ_CODE_060100094,0,0.29100408977349623
cost,2011-05-01,PRJ_CODE_060100096,0,0.6022860292834534
cost,2011-05-01,PRJ_CODE_100100054,0,0.42011444093698314
cost,2011-05-01,PRJ_CODE_120100067,0,0.18587888237858877
cost,2011-05-01,PRJ_CODE_160100168,0,0.4315416864600238
cost,2011-05-01,PRJ_CODE_160100215,0,0.43654511514124367
cost,2011-05-01,PRJ_CODE_160100216,0,0.45411936414998233
cost,2011-05-01,PRJ_CODE_160100217,0,0.43498815542106345
cost,2011-05-01,PRJ_CODE_160100231,0,0.47972972368795874
cost,2011-05-01,PRJ_CODE_180100165,0,0.4505606005736162
cost,2011-05-01,PRJ_CODE_180100184,0,0.716670147532654
cost,2011-05-01,PRJ_CODE_180100210,0,0.4535389581295319
cost,2011-05-01,PRJ_CODE_180100211,0,0.46286912175880035
cost,2011-05-01,PRJ_CODE_180100221,0,0.5417530302728846
cost,2011-05-01,PRJ_CODE_180100222,0,0.5404207645269505
cost,2011-05-01,PRJ_CODE_180100229,0,0.3408684802000554
cost,2011-05-01,PRJ_CODE_180100239,0,0.25271345516362026
cost,2011-05-01,PRJ_CODE_180100241,0,0.2993391240875663
cost,2011-05-01,PRJ_CODE_180100242,0,0.39574386186674887
cost,2011-05-01,PRJ_CODE_180100243,0,0.2637035533243666
cost,2011-05-01,PRJ_CODE_180100246,0,0.44900365054107133
cost,2011-05-01,PRJ_CODE_180100250,0,0.2761621181781057
cost,2011-05-01,PRJ_CODE_180100251,0,0.29753273720105633
cost,2011-05-01,PRJ_CODE_180100258,0,0.4648233638517545
cost,2011-05-01,PRJ_CODE_180100260,0,0.508471368212072
cost,2011-05-01,PRJ_CODE_220100007,0,0.6501454599212219
cost,2011-05-01,PRJ_CODE_220100009,0,0.5071952730502582
cost,2011-05-01,PRJ_CODE_220100062,0,0.4002895416893216
cost,2011-05-01,PRJ_CODE_220100106,1,0.6006048772903745
cost,2011-05-01,PRJ_CODE_220100116,0,0.5721146565631904
cost,2011-05-01,PRJ_CODE_220100118,0,0.4948093263033702
cost,2011-05-01,PRJ_CODE_220100133,1,0.6013782764946932
cost,2011-05-01,PRJ_CODE_220100135,0,0.5967384097785271
cost,2011-05-01,PRJ_CODE_220100148,1,0.5830879208329851
cost,2011-05-01,PRJ_CODE_220100149,0,0.3914699374299779
cost,2011-05-01,PRJ_CODE_220100151,0,0.6583596821495773
cost,2011-05-01,PRJ_CODE_220100164,0,0.45951943853345417
cost,2011-05-01,PRJ_CODE_220100168,0,0.4652399411201285
cost,2011-05-01,PRJ_CODE_220100181,0,0.5559843298451895
cost,2011-05-01,PRJ_CODE_220100183,0,0.6834967287466565
cost,2011-05-01,PRJ_CODE_220100184,0,0.47212106934872733
cost,2011-05-01,PRJ_CODE_220100185,0,0.5468208194126393
cost,2011-05-01,PRJ_CODE_220100186,0,0.505937317838341
cost,2011-05-01,PRJ_CODE_220100187,0,0.4956490380797356
cost,2011-05-01,PRJ_CODE_220100188,0,0.4125639062707925
cost,2011-05-01,PRJ_CODE_220100190,0,0.503169846263405
cost,2011-05-01,PRJ_CODE_220100191,1,0.6446865244969734
cost,2011-05-01,PRJ_CODE_220100192,1,0.63337196749868
cost,2011-05-01,PRJ_CODE_220100193,0,0.555859149019802
cost,2011-05-01,PRJ_CODE_220100194,0,0.7033872900348535
cost,2011-05-01,PRJ_CODE_220100197,0,0.6042048859719057
cost,2011-05-01,PRJ_CODE_220100201,0,0.5212627017279062
cost,2011-05-01,PRJ_CODE_220100205,0,0.40221812060207607
cost,2011-05-01,PRJ_CODE_220100208,0,0.3905106659861403
cost,2011-05-01,PRJ_CODE_220100212,0,0.6360708694863777
cost,2011-05-01,PRJ_CODE_220100214,0,0.502549788355698
cost,2011-05-01,PRJ_CODE_220100220,0,0.5347467479620238
cost,2011-05-01,PRJ_CODE_220100222,0,0.4970140362387295
cost,2011-05-01,PRJ_CODE_220100232,0,0.4759857763199258
cost,2011-05-01,PRJ_CODE_220100233,0,0.7020438294081496
cost,2011-05-01,PRJ_CODE_220100240,0,0.5919719387341782
cost,2011-05-01,PRJ_CODE_220100241,0,0.5075380710890932
cost,2011-05-01,PRJ_CODE_220100243,0,0.5772839243495606
cost,2011-05-01,PRJ_CODE_220100247,1,0.5595969083368384
cost,2011-05-01,PRJ_CODE_220100252,0,0.42042201352718
cost,2011-05-01,PRJ_CODE_220100255,0,0.5261723274418398
cost,2011-05-01,PRJ_CODE_220100256,0,0.6045322115818291
cost,2011-05-01,PRJ_CODE_220100257,0,0.5385356080107977
cost,2011-05-01,PRJ_CODE_220100258,0,0.5628949653121964
cost,2011-05-01,PRJ_CODE_220100260,0,0.6549829851736753
cost,2011-05-01,PRJ_CODE_220100262,0,0.6029732376414968
cost,2011-05-01,PRJ_CODE_220100263,0,0.6521912255103304
cost,2011-05-01,PRJ_CODE_220100265,0,0.5883943755343262
cost,2011-05-01,PRJ_CODE_220100266,0,0.5796155280355246
cost,2011-05-01,PRJ_CODE_220100268,0,0.491517208180599
cost,2011-05-01,PRJ_CODE_220100270,0,0.5382446717469834
cost,2011-05-01,PRJ_CODE_220100272,0,0.4117254630411557
cost,2011-05-01,PRJ_CODE_220100273,0,0.4653970073801776
cost,2011-05-01,PRJ_CODE_220100274,0,0.5678084724118462
cost,2011-05-01,PRJ_CODE_220100277,0,0.4254860782287936
cost,2011-05-01,PRJ_CODE_220100279,0,0.4031128972638848
cost,2011-05-01,PRJ_CODE_220100280,0,0.4103696266603813
cost,2011-05-01,PRJ_CODE_220100284,0,0.5581757172808016
cost,2011-05-01,PRJ_CODE_220100285,0,0.3763077158155454
cost,2011-05-01,PRJ_CODE_220100286,0,0.46773554502858217
cost,2011-05-01,PRJ_CODE_220100288,0,0.5272475501210602
cost,2011-05-01,PRJ_CODE_220100303,0,0.555325599565102
cost,2011-05-01,PRJ_CODE_220100304,0,0.6147761031280368
cost,2011-05-01,PRJ_CODE_220100305,0,0.47747200403164836
cost,2011-05-01,PRJ_CODE_220100306,0,0.5990626757585051
cost,2011-05-01,PRJ_CODE_220100307,0,0.5392520434414214
cost,2011-05-01,PRJ_CODE_220100308,0,0.48906379134360306
cost,2011-05-01,PRJ_CODE_220100313,0,0.4893933916070374
cost,2011-05-01,PRJ_CODE_220100314,0,0.4941890886182888
cost,2011-05-01,PRJ_CODE_220100315,1,0.6066159081216166
cost,2011-05-01,PRJ_CODE_220100316,0,0.5569147418442815
cost,2011-05-01,PRJ_CODE_220100319,0,0.4607319201593096
cost,2011-05-01,PRJ_CODE_220100321,0,0.6395538067463027
cost,2011-05-01,PRJ_CODE_220100322,0,0.5671000556525363
cost,2011-05-01,PRJ_CODE_220100323,0,0.5181410770941544
cost,2011-05-01,PRJ_CODE_220100324,0,0.5421841583912598
cost,2011-05-01,PRJ_CODE_220100325,0,0.39866278078232414
cost,2011-05-01,PRJ_CODE_220100327,0,0.3640790410281891
cost,2011-05-01,PRJ_CODE_220100328,0,0.3187245321430596
cost,2011-05-01,PRJ_CODE_220100329,0,0.3685485434885258
cost,2011-05-01,PRJ_CODE_240100207,0,0.23611329442233267
cost,2011-05-01,PRJ_CODE_240101132,0,0.3855843066658857
cost,2011-05-01,PRJ_CODE_240101133,0,0.37873898545722806
cost,2011-05-01,PRJ_CODE_240101153,0,0.5159615757922833
cost,2011-05-01,PRJ_CODE_240101173,0,0.30336094168354166
cost,2011-05-01,PRJ_CODE_240104196,0,0.5142993361838475
cost,2011-05-01,PRJ_CODE_240106203,0,0.18303336428583022
cost,2011-05-01,PRJ_CODE_240106204,0,0.29561816378940137
cost,2011-05-01,PRJ_CODE_240106205,0,0.09309844706353203
cost,2011-05-01,PRJ_CODE_240106216,0,0.42895374172262524
cost,2011-05-01,PRJ_CODE_240106221,0,0.41606526680976236
cost,2011-05-01,PRJ_CODE_240106222,0,0.18703315597286635
cost,2011-05-01,PRJ_CODE_240106225,0,0.21430760958789039
cost,2011-05-01,PRJ_CODE_240106226,0,0.2065401895293402
cost,2011-05-01,PRJ_CODE_240106235,0,0.3870880593187996
cost,2011-05-01,PRJ_CODE_240106236,0,0.4328734454633821
cost,2011-05-01,PRJ_CODE_240106237,0,0.5010804714404853
cost,2011-05-01,PRJ_CODE_240106243,0,0.2591280144361833
cost,2011-05-01,PRJ_CODE_240106244,0,0.35900082139077455
cost,2011-05-01,PRJ_CODE_240106246,0,0.19678614303749717
cost,2011-05-01,PRJ_CODE_240106250,0,0.1929592936601629
cost,2011-05-01,PRJ_CODE_240106256,0,0.11114884116401566
cost,2011-05-01,PRJ_CODE_240106260,0,0.12072613541763177
cost,2011-05-01,PRJ_CODE_240106276,0,0.21100747905436756
cost,2011-05-01,PRJ_CODE_240106277,0,0.21793574693573214
cost,2011-05-01,PRJ_CODE_240106278,0,0.44752553468411277
cost,2011-05-01,PRJ_CODE_240106279,0,0.3569787057129457
cost,2011-05-01,PRJ_CODE_240106280,0,0.45245486174293803
cost,2011-05-01,PRJ_CODE_240106281,0,0.17231724395029085
cost,2011-05-01,PRJ_CODE_240106288,0,0.22293409831377184
cost,2011-05-01,PRJ_CODE_240106290,0,0.17583541150279242
cost,2011-05-01,PRJ_CODE_240106291,0,0.2632889022018592
cost,2011-05-01,PRJ_CODE_240106292,0,0.21810631264247726
cost,2011-05-01,PRJ_CODE_240106293,0,0.2072011743897937
cost,2011-05-01,PRJ_CODE_240106294,0,0.1910461369390137
cost,2011-05-01,PRJ_CODE_240106297,0,0.34754482504977885
cost,2011-05-01,PRJ_CODE_240106299,0,0.1908841583851138
cost,2011-05-01,PRJ_CODE_240106300,0,0.21247333956430606
cost,2011-05-01,PRJ_CODE_240106301,0,0.22269548481066753
cost,2011-05-01,PRJ_CODE_240106303,0,0.19044143313392364
cost,2011-05-01,PRJ_CODE_240106304,0,0.2686949194699323
cost,2011-05-01,PRJ_CODE_240106305,0,0.22405222984771858
cost,2011-05-01,PRJ_CODE_250100112,0,0.2434783309360104
cost,2011-05-01,PRJ_CODE_250100175,0,0.17964469486248635
cost,2011-05-01,PRJ_CODE_260100099,0,0.3350216922097916
cost,2011-05-01,PRJ_CODE_280100002,0,0.4423421486333105
cost,2011-05-01,PRJ_CODE_300100001,0,0.3563459664695063
cost,2011-05-01,PRJ_CODE_N02000007,0,0.5369358325237045
cost,2011-05-01,PRJ_CODE_N02000010,0,0.22226915499191857
cost,2011-05-01,PRJ_CODE_N04000037,1,0.3399476632374113
cost,2011-05-01,PRJ_CODE_N04000038,1,0.26114800062759425
cost,2011-05-01,PRJ_CODE_N04000050,0,0.5270298901009988
cost,2011-05-01,PRJ_CODE_N04000065,0,0.27267200401980723
cost,2011-05-01,PRJ_CODE_N04000069,0,0.15639992978031575
cost,2011-05-01,PRJ_CODE_N06000007,0,0.4515477794004862
cost,2011-05-01,PRJ_CODE_N06000008,0,0.3656786207128097
cost,2011-05-01,PRJ_CODE_N06000009,1,0.703732996340326
cost,2011-05-01,PRJ_CODE_N06000010,0,0.5368975434318037
cost,2011-05-01,PRJ_CODE_N06000015,0,0.5016406919145736
cost,2011-05-01,PRJ_CODE_N06000016,0,0.32701378038938256
cost,2011-05-01,PRJ_CODE_N06000017,0,0.3417993040475247
cost,2011-05-01,PRJ_CODE_N06000019,0,0.22919000013430996
cost,2011-05-01,PRJ_CODE_N06000020,0,0.3420088240839497
cost,2011-05-01,PRJ_CODE_N06000025,0,0.27709016216125115
cost,2011-05-01,PRJ_CODE_N06000033,0,0.5733626125384568
cost,2011-05-01,PRJ_CODE_N06000034,0,0.48980529437704695
cost,2011-05-01,PRJ_CODE_N06000035,0,0.47340557803609407
cost,2011-05-01,PRJ_CODE_N06000042,0,0.403540766696172
cost,2011-05-01,PRJ_CODE_N06000043,0,0.2649225782395864
cost,2011-05-01,PRJ_CODE_N06000044,0,0.19687106340314262
cost,2011-05-01,PRJ_CODE_N06000045,0,0.15937839996833655
cost,2011-05-01,PRJ_CODE_N06000046,0,0.34564114076300584
cost,2011-05-01,PRJ_CODE_N06000047,0,0.6414812901923942
cost,2011-05-01,PRJ_CODE_N06000048,0,0.44773416896489293
cost,2011-05-01,PRJ_CODE_N06000049,0,0.1532558208117788
cost,2011-05-01,PRJ_CODE_N06000056,0,0.18587620216780235
cost,2011-05-01,PRJ_CODE_N06000066,0,0.43988117708528235
cost,2011-05-01,PRJ_CODE_N06000067,0,0.12162669379460558
cost,2011-05-01,PRJ_CODE_N06000068,0,0.3866008348858827
cost,2011-05-01,PRJ_CODE_N06000075,0,0.14286204640550051
cost,2011-05-01,PRJ_CODE_N06000076,0,0.13954754906104444
cost,2011-05-01,PRJ_CODE_N06000078,0,0.1869140375790634
cost,2011-05-01,PRJ_CODE_N06000079,0,0.17806990836244468
cost,2011-05-01,PRJ_CODE_N06000080,0,0.3207066452471488
cost,2011-05-01,PRJ_CODE_N06000081,0,0.18163335611008713
cost,2011-05-01,PRJ_CODE_N06000082,0,0.14672738964196264
cost,2011-05-01,PRJ_CODE_N06000083,0,0.24480719999906758
cost,2011-05-01,PRJ_CODE_N06000084,0,0.26581419748762375
cost,2011-05-01,PRJ_CODE_N06000085,0,0.24980117442137303
cost,2011-05-01,PRJ_CODE_N06000086,0,0.3184301128668749
cost,2011-05-01,PRJ_CODE_N06000087,0,0.1042124280835453
cost,2011-05-01,PRJ_CODE_N06000088,0,0.33186807752827585
cost,2011-05-01,PRJ_CODE_N06000089,0,0.0658265050694628
cost,2011-05-01,PRJ_CODE_N08000003,0,0.35518210004957623
cost,2011-05-01,PRJ_CODE_N08000004,0,0.3597626792241006
cost,2011-05-01,PRJ_CODE_N08000005,0,0.36625530453129496
cost,2011-05-01,PRJ_CODE_N08000006,0,0.4369019909083456
cost,2011-05-01,PRJ_CODE_N08000007,0,0.36557727404220103
cost,2011-05-01,PRJ_CODE_N08000008,0,0.36784393391193865
cost,2011-05-01,PRJ_CODE_N12000018,0,0.30547845072069046
cost,2011-05-01,PRJ_CODE_N12000023,0,0.37729906953283027
cost,2011-05-01,PRJ_CODE_N12000033,0,0.4082603346334012
cost,2011-05-01,PRJ_CODE_N12000038,0,0.16930164900499595
cost,2011-05-01,PRJ_CODE_N12000051,0,0.18859284613933386
cost,2011-05-01,PRJ_CODE_N12000053,0,0.34393525059488816
cost,2011-05-01,PRJ_CODE_N12000054,0,0.2739537655968048
cost,2011-05-01,PRJ_CODE_N12000055,0,0.2472138795231711
cost,2011-05-01,PRJ_CODE_N12000056,0,0.26832862306744737
cost,2011-05-01,PRJ_CODE_N12000057,0,0.31554820306827075
cost,2011-05-01,PRJ_CODE_N12000068,0,0.37700896247242477
cost,2011-05-01,PRJ_CODE_N12000069,0,0.27317728475498826
cost,2011-05-01,PRJ_CODE_N12000072,0,0.13636626957359135
cost,2011-05-01,PRJ_CODE_N12000073,0,0.3276362221159075
cost,2011-05-01,PRJ_CODE_N16000009,0,0.5835345737847195
cost,2011-05-01,PRJ_CODE_N16000023,0,0.7617822787963151
cost,2011-05-01,PRJ_CODE_N16000024,0,0.3080812747212366
cost,2011-05-01,PRJ_CODE_N16000030,0,0.33950894803373954
cost,2011-05-01,PRJ_CODE_N16000031,0,0.21722718497220053
cost,2011-05-01,PRJ_CODE_N16000032,0,0.3026666575953539
cost,2011-05-01,PRJ_CODE_N16000033,0,0.28672830916352987
cost,2011-05-01,PRJ_CODE_N16000039,0,0.44577828979075856
cost,2011-05-01,PRJ_CODE_N16000040,0,0.23121881883252693
cost,2011-05-01,PRJ_CODE_N16000044,0,0.39439609925210056
cost,2011-05-01,PRJ_CODE_N16000045,0,0.21590150965021213
cost,2011-05-01,PRJ_CODE_N16000046,0,0.441473324704363
cost,2011-05-01,PRJ_CODE_N16000050,0,0.6479606775250655
cost,2011-05-01,PRJ_CODE_N16000051,0,0.5189926991923078
cost,2011-05-01,PRJ_CODE_N16000052,0,0.7233059662818084
cost,2011-05-01,PRJ_CODE_N16000053,0,0.7206395952110558
cost,2011-05-01,PRJ_CODE_N16000054,0,0.6161491801534346
cost,2011-05-01,PRJ_CODE_N16000057,0,0.30224312663151737
cost,2011-05-01,PRJ_CODE_N16000058,0,0.366831314995442
cost,2011-05-01,PRJ_CODE_N16000059,0,0.4619737565021982
cost,2011-05-01,PRJ_CODE_N16000060,0,0.5214543784079851
cost,2011-05-01,PRJ_CODE_N16000061,0,0.3754842028935871
cost,2011-05-01,PRJ_CODE_N16000062,0,0.28858497761695334
cost,2011-05-01,PRJ_CODE_N16000063,0,0.2754717023217365
cost,2011-05-01,PRJ_CODE_N16000064,0,0.409874027625119
cost,2011-05-01,PRJ_CODE_N16000065,0,0.21740903297146358
cost,2011-05-01,PRJ_CODE_N16000066,0,0.21794140428129838
cost,2011-05-01,PRJ_CODE_N16000068,0,0.7477441992603326
cost,2011-05-01,PRJ_CODE_N16000069,1,0.8404984514342725
cost,2011-05-01,PRJ_CODE_N16000070,0,0.6416675363523885
cost,2011-05-01,PRJ_CODE_N16000071,0,0.38100162247922154
cost,2011-05-01,PRJ_CODE_N16000072,0,0.711359845398684
cost,2011-05-01,PRJ_CODE_N16000073,0,0.6489194316802398
cost,2011-05-01,PRJ_CODE_N16000081,0,0.22481596754192648
cost,2011-05-01,PRJ_CODE_N16000083,0,0.33681420494232084
cost,2011-05-01,PRJ_CODE_N16000084,0,0.22264842607899585
cost,2011-05-01,PRJ_CODE_N16000086,0,0.3147611817836538
cost,2011-05-01,PRJ_CODE_N16000088,0,0.39144064689483676
cost,2011-05-01,PRJ_CODE_N16000089,0,0.5333984739290224
cost,2011-05-01,PRJ_CODE_N16000090,0,0.3551996895452255
cost,2011-05-01,PRJ_CODE_N16000093,0,0.6185230692392555
cost,2011-05-01,PRJ_CODE_N16000094,1,0.6954027169015485
cost,2011-05-01,PRJ_CODE_N16000096,0,0.29281995247370984
cost,2011-05-01,PRJ_CODE_N16000098,0,0.33248590714287934
cost,2011-05-01,PRJ_CODE_N16000101,0,0.3261744883960307
cost,2011-05-01,PRJ_CODE_N16000102,0,0.47557322018804576
cost,2011-05-01,PRJ_CODE_N16000103,0,0.2732514947887537
cost,2011-05-01,PRJ_CODE_N16000104,0,0.28314529843487496
cost,2011-05-01,PRJ_CODE_N16000105,0,0.2739163281028179
cost,2011-05-01,PRJ_CODE_N16000106,0,0.3854111519938269
cost,2011-05-01,PRJ_CODE_N16000107,0,0.24659570343327883
cost,2011-05-01,PRJ_CODE_N16000108,0,0.2827412653503488
cost,2011-05-01,PRJ_CODE_N16000109,0,0.37250458806143183
cost,2011-05-01,PRJ_CODE_N16000110,0,0.16933510489207684
cost,2011-05-01,PRJ_CODE_N16000111,0,0.5447300978752051
cost,2011-05-01,PRJ_CODE_N16000112,0,0.3793318709270843
cost,2011-05-01,PRJ_CODE_N16000113,0,0.30358290689021994
cost,2011-05-01,PRJ_CODE_N16000114,0,0.4369442872208928
cost,2011-05-01,PRJ_CODE_N16000115,0,0.2152294948253346
cost,2011-05-01,PRJ_CODE_N16000116,0,0.1898087124181965
cost,2011-05-01,PRJ_CODE_N16000117,0,0.2954394118493855
cost,2011-05-01,PRJ_CODE_N16000118,0,0.16456608689958507
cost,2011-05-01,PRJ_CODE_N16000119,0,0.23977981775506696
cost,2011-05-01,PRJ_CODE_N16000120,0,0.15475828055694862
cost,2011-05-01,PRJ_CODE_N16000121,0,0.15571200836117752
cost,2011-05-01,PRJ_CODE_N16000122,0,0.15475828055694862
cost,2011-05-01,PRJ_CODE_N16000123,0,0.13851098747078008
cost,2011-05-01,PRJ_CODE_N16000126,0,0.266488821779761
cost,2011-05-01,PRJ_CODE_N18000004,0,0.5239827154432259
cost,2011-05-01,PRJ_CODE_N18000006,0,0.3811058845667731
cost,2011-05-01,PRJ_CODE_N18000007,0,0.47795151199396285
cost,2011-05-01,PRJ_CODE_N18000010,0,0.31034618518145196
cost,2011-05-01,PRJ_CODE_N18000014,0,0.4044090884600794
cost,2011-05-01,PRJ_CODE_N18000018,0,0.35713931815824684
cost,2011-05-01,PRJ_CODE_N18000022,0,0.5059129368057003
cost,2011-05-01,PRJ_CODE_N18000023,0,0.2529033964459577
cost,2011-05-01,PRJ_CODE_N18000024,0,0.5378712672340988
cost,2011-05-01,PRJ_CODE_N18000031,0,0.3730153622508833
cost,2011-05-01,PRJ_CODE_N18000032,0,0.5383930099705169
cost,2011-05-01,PRJ_CODE_N18000033,0,0.14391201124814054
cost,2011-05-01,PRJ_CODE_N18000035,0,0.2686982893896529
cost,2011-05-01,PRJ_CODE_N18000040,0,0.13439579611564906
cost,2011-05-01,PRJ_CODE_N18000041,0,0.5262280198473572
cost,2011-05-01,PRJ_CODE_N18000042,1,0.40976804130462496
cost,2011-05-01,PRJ_CODE_N18000043,0,0.11757278616289799
cost,2011-05-01,PRJ_CODE_N18000045,0,0.29126854625939513
cost,2011-05-01,PRJ_CODE_N18000046,0,0.3538858457078621
cost,2011-05-01,PRJ_CODE_N18000047,0,0.5136518442745733
cost,2011-05-01,PRJ_CODE_N18000048,0,0.4716126571451388
cost,2011-05-01,PRJ_CODE_N18000049,0,0.19488231786260518
cost,2011-05-01,PRJ_CODE_N18000050,0,0.3083894999826514
cost,2011-05-01,PRJ_CODE_N18000051,0,0.21255205103214256
cost,2011-05-01,PRJ_CODE_N18000052,0,0.2762497257174613
cost,2011-05-01,PRJ_CODE_N18000053,0,0.2765531951990796
cost,2011-05-01,PRJ_CODE_N18000054,0,0.1907373280351863
cost,2011-05-01,PRJ_CODE_N18000056,0,0.29827586092525304
cost,2011-05-01,PRJ_CODE_N18000058,0,0.1564339017489319
cost,2011-05-01,PRJ_CODE_N18000061,0,0.4008625900505486
cost,2011-05-01,PRJ_CODE_N18000062,0,0.17967406340282469
cost,2011-05-01,PRJ_CODE_N18000063,0,0.258321360762426
cost,2011-05-01,PRJ_CODE_N18000064,0,0.309503122458518
cost,2011-05-01,PRJ_CODE_N18000065,0,0.42812287152713274
cost,2011-05-01,PRJ_CODE_N18000066,0,0.36622021975882696
cost,2011-05-01,PRJ_CODE_N18000067,0,0.11622535459178793
cost,2011-05-01,PRJ_CODE_N18000068,0,0.40442160886755124
cost,2011-05-01,PRJ_CODE_N18000069,0,0.38298220158273205
cost,2011-05-01,PRJ_CODE_N18000071,0,0.32950908243816995
cost,2011-05-01,PRJ_CODE_N18000072,0,0.5331920979599436
cost,2011-05-01,PRJ_CODE_N18000073,0,0.5342669668074284
cost,2011-05-01,PRJ_CODE_N18000076,0,0.3461779098980767
cost,2011-05-01,PRJ_CODE_N18000077,0,0.2816171786226652
cost,2011-05-01,PRJ_CODE_N18000078,0,0.30505600589971565
cost,2011-05-01,PRJ_CODE_N18000079,0,0.3583285313423974
cost,2011-05-01,PRJ_CODE_N18000080,0,0.32275978520644866
cost,2011-05-01,PRJ_CODE_N18000081,0,0.3265972914819809
cost,2011-05-01,PRJ_CODE_N18000082,0,0.1681309427390506
cost,2011-05-01,PRJ_CODE_N18000083,0,0.261394299030405
cost,2011-05-01,PRJ_CODE_N18000084,0,0.2856233802580772
cost,2011-05-01,PRJ_CODE_N18000085,0,0.44745968024710286
cost,2011-05-01,PRJ_CODE_N18000086,0,0.20686419375677897
cost,2011-05-01,PRJ_CODE_N18000087,0,0.297578313627433
cost,2011-05-01,PRJ_CODE_N18000088,0,0.21903220251899436
cost,2011-05-01,PRJ_CODE_N18000089,0,0.26749492553203863
cost,2011-05-01,PRJ_CODE_N18000090,0,0.20573326604277253
cost,2011-05-01,PRJ_CODE_N18000091,0,0.17481718234703775
cost,2011-05-01,PRJ_CODE_N18000092,0,0.23877275138892168
cost,2011-05-01,PRJ_CODE_N18000093,0,0.2317452648816111
cost,2011-05-01,PRJ_CODE_N18000094,0,0.22983062477624688
cost,2011-05-01,PRJ_CODE_N18000095,0,0.2018614793900042
cost,2011-05-01,PRJ_CODE_N18000096,0,0.21592744363206837
cost,2011-05-01,PRJ_CODE_N18000097,0,0.210940979147191
cost,2011-05-01,PRJ_CODE_N18000098,0,0.19419471933083224
cost,2011-05-01,PRJ_CODE_N18000099,0,0.26685936391349585
cost,2011-05-01,PRJ_CODE_N18000100,0,0.22283964277965776
cost,2011-05-01,PRJ_CODE_N22000002,0,0.48985873652593914
cost,2011-05-01,PRJ_CODE_N22000027,0,0.24638917031942495
cost,2011-05-01,PRJ_CODE_N22000028,0,0.1929715029505088
cost,2011-05-01,PRJ_CODE_N22000032,0,0.3956354910064584
cost,2011-05-01,PRJ_CODE_N22000034,0,0.37743858678584785
cost,2011-05-01,PRJ_CODE_N22000045,0,0.4345430582780684
cost,2011-05-01,PRJ_CODE_N22000049,0,0.3174803431766876
cost,2011-05-01,PRJ_CODE_N22000052,0,0.5784191805606159
cost,2011-05-01,PRJ_CODE_N22000053,0,0.38011644087052093
cost,2011-05-01,PRJ_CODE_N22000075,0,0.1475837013804993
cost,2011-05-01,PRJ_CODE_N22000076,0,0.15554135821993592
cost,2011-05-01,PRJ_CODE_N22000077,0,0.24867947806394294
cost,2011-05-01,PRJ_CODE_N22000079,0,0.3912490400085598
cost,2011-05-01,PRJ_CODE_N22000080,0,0.4373815895295354
cost,2011-05-01,PRJ_CODE_N22000081,0,0.2556158176749394
cost,2011-05-01,PRJ_CODE_N22000082,0,0.33621152485085914
cost,2011-05-01,PRJ_CODE_N22000083,0,0.6018487104240886
cost,2011-05-01,PRJ_CODE_N22000084,0,0.32191239881481537
cost,2011-05-01,PRJ_CODE_N22000085,0,0.45508500884618647
cost,2011-05-01,PRJ_CODE_N22000086,0,0.392355824140642
cost,2011-05-01,PRJ_CODE_N22000087,0,0.5277260172242012
cost,2011-05-01,PRJ_CODE_N22000088,0,0.488343900276729
cost,2011-05-01,PRJ_CODE_N22000091,0,0.2811280325620137
cost,2011-05-01,PRJ_CODE_N22000092,0,0.444142736670267
cost,2011-05-01,PRJ_CODE_N22000093,0,0.5190964490718671
cost,2011-05-01,PRJ_CODE_N22000094,0,0.1231379199371545
cost,2011-05-01,PRJ_CODE_N22000095,0,0.5655988562910711
cost,2011-05-01,PRJ_CODE_N22000096,0,0.26529928960986987
cost,2011-05-01,PRJ_CODE_N22000097,0,0.4125760883498368
cost,2011-05-01,PRJ_CODE_N22000099,0,0.4378646038251401
cost,2011-05-01,PRJ_CODE_N22000100,0,0.3100774841012961
cost,2011-05-01,PRJ_CODE_N22000101,0,0.31861553547600224
cost,2011-05-01,PRJ_CODE_N22000102,0,0.293535017463179
cost,2011-05-01,PRJ_CODE_N22000106,0,0.538828382389113
cost,2011-05-01,PRJ_CODE_N22000107,0,0.3632344871764156
cost,2011-05-01,PRJ_CODE_N22000108,0,0.1523967428653953
cost,2011-05-01,PRJ_CODE_N22000109,0,0.31811248625895855
cost,2011-05-01,PRJ_CODE_N22000110,0,0.2924605192595123
cost,2011-05-01,PRJ_CODE_N22000111,0,0.2527906943634879
cost,2011-05-01,PRJ_CODE_N22000112,0,0.2722881795828951
cost,2011-05-01,PRJ_CODE_N22000113,0,0.4576035062789051
cost,2011-05-01,PRJ_CODE_N22000114,0,0.36207301741358683
cost,2011-05-01,PRJ_CODE_N22000115,0,0.17672646576508017
cost,2011-05-01,PRJ_CODE_N22000116,0,0.24226500232455955
cost,2011-05-01,PRJ_CODE_N22000117,0,0.2101363949687688
cost,2011-05-01,PRJ_CODE_N22000118,0,0.4048071166538845
cost,2011-05-01,PRJ_CODE_N22000119,0,0.37214187684079597
cost,2011-05-01,PRJ_CODE_N22000120,0,0.3742395947109007
cost,2011-05-01,PRJ_CODE_N22000121,1,0.611422912630894
cost,2011-05-01,PRJ_CODE_N22000122,0,0.39912399233572937
cost,2011-05-01,PRJ_CODE_N22000123,1,0.45506796354993384
cost,2011-05-01,PRJ_CODE_N22000124,0,0.40438425405968603
cost,2011-05-01,PRJ_CODE_N22000125,0,0.47113964846606554
cost,2011-05-01,PRJ_CODE_N22000126,0,0.4282385209337823
cost,2011-05-01,PRJ_CODE_N22000127,0,0.5734952590467978
cost,2011-05-01,PRJ_CODE_N24000028,0,0.2618714595548775
cost,2011-05-01,PRJ_CODE_N24000030,0,0.19076318396003414
cost,2011-05-01,PRJ_CODE_N24000031,0,0.21384499421743955
cost,2011-05-01,PRJ_CODE_N24000035,0,0.2055273548949827
cost,2011-05-01,PRJ_CODE_N24000036,0,0.10641765855502598
cost,2011-05-01,PRJ_CODE_N24000037,0,0.19666306072956302
cost,2011-05-01,PRJ_CODE_N24000038,0,0.19350646723230056
cost,2011-05-01,PRJ_CODE_N24000040,0,0.3001293764581441
cost,2011-05-01,PRJ_CODE_N24000042,0,0.19884118576925686
cost,2011-05-01,PRJ_CODE_N24000044,0,0.23684907873491273
cost,2011-05-01,PRJ_CODE_N24000045,0,0.2001305772504536
cost,2011-05-01,PRJ_CODE_N24000046,0,0.18500989465962278
cost,2011-05-01,PRJ_CODE_N24000047,0,0.18537094154037656
cost,2011-05-01,PRJ_CODE_N24000048,0,0.19027508667222054
cost,2011-05-01,PRJ_CODE_N24000049,0,0.18831870629455
cost,2011-05-01,PRJ_CODE_N24000051,0,0.1877549021670105
cost,2011-05-01,PRJ_CODE_N24000055,0,0.10126814333304143
cost,2011-05-01,PRJ_CODE_N24000056,0,0.16084823000624898
cost,2011-05-01,PRJ_CODE_N24000057,0,0.2773373974490434
cost,2011-05-01,PRJ_CODE_N24000061,0,0.35654140774452436
cost,2011-05-01,PRJ_CODE_N24000062,0,0.4288936360382559
cost,2011-05-01,PRJ_CODE_N24000063,0,0.21103740314480723
cost,2011-05-01,PRJ_CODE_N24000068,0,0.4632420112961396
cost,2011-05-01,PRJ_CODE_N24000085,0,0.2750374051744324
cost,2011-05-01,PRJ_CODE_N24000087,0,0.2195088433794603
cost,2011-05-01,PRJ_CODE_N24000088,0,0.271457521862744
cost,2011-05-01,PRJ_CODE_N24000089,0,0.23631560817645106
cost,2011-05-01,PRJ_CODE_N24000090,0,0.22734563275756106
cost,2011-05-01,PRJ_CODE_N24000094,0,0.3023968686286013
cost,2011-05-01,PRJ_CODE_N24000095,0,0.3194797896188438
cost,2011-05-01,PRJ_CODE_N24000096,0,0.3577021739402075
cost,2011-05-01,PRJ_CODE_N24000097,0,0.3423114472681068
cost,2011-05-01,PRJ_CODE_N24000098,0,0.30725221807240977
cost,2011-05-01,PRJ_CODE_N24000099,0,0.13694618921242604
cost,2011-05-01,PRJ_CODE_N24000100,0,0.19418392408038404
cost,2011-05-01,PRJ_CODE_N24000101,0,0.1342616428521469
cost,2011-05-01,PRJ_CODE_N24000102,0,0.21284601098607628
cost,2011-05-01,PRJ_CODE_N24000103,0,0.21443737256681503
cost,2011-05-01,PRJ_CODE_N24000107,0,0.12470638386235457
cost,2011-05-01,PRJ_CODE_N24000108,0,0.3268561100996256
cost,2011-05-01,PRJ_CODE_N24000115,0,0.7556296093019736
cost,2011-05-01,PRJ_CODE_N24000116,0,0.2543185332580559
cost,2011-05-01,PRJ_CODE_N24000117,0,0.23820852961677988
cost,2011-05-01,PRJ_CODE_N24000118,0,0.3009880836423135
cost,2011-05-01,PRJ_CODE_N24000122,0,0.2655592905625212
cost,2011-05-01,PRJ_CODE_N24000123,0,0.26187282581940424
cost,2011-05-01,PRJ_CODE_N24000124,0,0.33502255839687906
cost,2011-05-01,PRJ_CODE_N24000125,0,0.2977531432808919
cost,2011-05-01,PRJ_CODE_N24000126,0,0.2753169845376252
cost,2011-05-01,PRJ_CODE_N24000127,0,0.2686039745332676
cost,2011-05-01,PRJ_CODE_N24000128,0,0.4193977332129158
cost,2011-05-01,PRJ_CODE_N24000129,0,0.25421467255105507
cost,2011-05-01,PRJ_CODE_N24000130,0,0.43885252653153073
cost,2011-05-01,PRJ_CODE_N24000131,0,0.49524463904930793
cost,2011-05-01,PRJ_CODE_N24000132,0,0.316314912446412
cost,2011-05-01,PRJ_CODE_N24000133,0,0.5665263552372249
cost,2011-05-01,PRJ_CODE_N24000134,0,0.26518548686203636
cost,2011-05-01,PRJ_CODE_N24000135,0,0.18515068826595638
cost,2011-05-01,PRJ_CODE_N24000136,0,0.17348451182340743
cost,2011-05-01,PRJ_CODE_N24000137,0,0.32780512857973887
cost,2011-05-01,PRJ_CODE_N24000138,0,0.1969141079229292
cost,2011-05-01,PRJ_CODE_N24000139,0,0.3156121578641841
cost,2011-05-01,PRJ_CODE_N24000140,0,0.2566444368160917
cost,2011-05-01,PRJ_CODE_N24000141,0,0.26072738742132356
cost,2011-05-01,PRJ_CODE_N24000142,0,0.18599174202643107
cost,2011-05-01,PRJ_CODE_N24000143,0,0.31741876958909726
cost,2011-05-01,PRJ_CODE_N24000144,0,0.1885824761427675
cost,2011-05-01,PRJ_CODE_N24000145,0,0.19385406752908366
cost,2011-05-01,PRJ_CODE_N24000146,0,0.19229188902364516
cost,2011-05-01,PRJ_CODE_N24000147,0,0.2657459305650133
cost,2011-05-01,PRJ_CODE_N24000148,0,0.7452025736713516
cost,2011-05-01,PRJ_CODE_N24000149,0,0.32688554419410026
cost,2011-05-01,PRJ_CODE_N24000150,0,0.2198247816075735
cost,2011-05-01,PRJ_CODE_N24000151,0,0.2077605994300223
cost,2011-05-01,PRJ_CODE_N24000152,0,0.17039402949565347
cost,2011-05-01,PRJ_CODE_N24000153,0,0.20996855530116204
cost,2011-05-01,PRJ_CODE_N24000154,0,0.20637597130886987
cost,2011-05-01,PRJ_CODE_N24000155,0,0.15433823646085276
cost,2011-05-01,PRJ_CODE_N24000156,0,0.22403634979641354
cost,2011-05-01,PRJ_CODE_N24000157,0,0.19197680605545872
cost,2011-05-01,PRJ_CODE_N24000158,0,0.15608938197568004
cost,2011-05-01,PRJ_CODE_N24000159,0,0.16710800661409606
cost,2011-05-01,PRJ_CODE_N24000160,0,0.23983502281834543
cost,2011-05-01,PRJ_CODE_N25000003,0,0.49206483593800104
cost,2011-05-01,PRJ_CODE_N25000004,0,0.41401579999781135
cost,2011-05-01,PRJ_CODE_N25000014,0,0.23209056510584644
cost,2011-05-01,PRJ_CODE_N25000016,0,0.3314923609596784
cost,2011-05-01,PRJ_CODE_N25000031,0,0.4271908462749969
cost,2011-05-01,PRJ_CODE_N25000033,0,0.21212622848545873
cost,2011-05-01,PRJ_CODE_N25000035,0,0.33205835888841584
cost,2011-05-01,PRJ_CODE_N25000037,0,0.45354885980643317
cost,2011-05-01,PRJ_CODE_N25000038,0,0.4156699442852987
cost,2011-05-01,PRJ_CODE_N25000039,0,0.5279424307223679
cost,2011-05-01,PRJ_CODE_N25000042,0,0.24756175705713623
cost,2011-05-01,PRJ_CODE_N25000043,0,0.1958508229550536
cost,2011-05-01,PRJ_CODE_N25000047,0,0.5496556047991562
cost,2011-05-01,PRJ_CODE_N25000049,0,0.3113978432921525
cost,2011-05-01,PRJ_CODE_N25000050,0,0.3137283076740314
cost,2011-05-01,PRJ_CODE_N25000051,0,0.18846693797580105
cost,2011-05-01,PRJ_CODE_N25000052,0,0.22850306514289073
cost,2011-05-01,PRJ_CODE_N25000053,0,0.23513699118039297
cost,2011-05-01,PRJ_CODE_N25000054,0,0.2090269627388956
cost,2011-05-01,PRJ_CODE_N25000055,0,0.24837039016101048
cost,2011-05-01,PRJ_CODE_N25000056,0,0.23731636537175838
cost,2011-05-01,PRJ_CODE_N26000011,0,0.16706293839314462
cost,2011-05-01,PRJ_CODE_N26000016,0,0.12452964107699158
cost,2011-05-01,PRJ_CODE_N26000029,0,0.5732149176735737
cost,2011-05-01,PRJ_CODE_N26000037,0,0.3558650133022703
cost,2011-05-01,PRJ_CODE_N26000039,0,0.2124138302066896
cost,2011-05-01,PRJ_CODE_N26000040,0,0.10528793415218637
cost,2011-05-01,PRJ_CODE_N26000041,0,0.1480412264172529
cost,2011-05-01,PRJ_CODE_N26000043,0,0.4050290172908407
cost,2011-05-01,PRJ_CODE_N26000046,0,0.17788814611280393
cost,2011-05-01,PRJ_CODE_N26000050,0,0.1263192313917515
cost,2011-05-01,PRJ_CODE_N26000058,0,0.3978777351327523
cost,2011-05-01,PRJ_CODE_N26000062,0,0.13511365967557137
cost,2011-05-01,PRJ_CODE_N26000063,0,0.44427405752765603
cost,2011-05-01,PRJ_CODE_N26000065,0,0.4339935955593397
cost,2011-05-01,PRJ_CODE_N26000066,0,0.2496991872357531
cost,2011-05-01,PRJ_CODE_N26000067,0,0.3253681947387121
cost,2011-05-01,PRJ_CODE_N26000068,0,0.25795318513895577
cost,2011-05-01,PRJ_CODE_N26000069,0,0.1946197532020305
cost,2011-05-01,PRJ_CODE_N26000070,0,0.3388815363597788
cost,2011-05-01,PRJ_CODE_N26000071,0,0.23534115823445562
cost,2011-05-01,PRJ_CODE_N26000072,0,0.30016457039322364
cost,2011-05-01,PRJ_CODE_N26000073,0,0.21677876732357987
cost,2011-05-01,PRJ_CODE_N26000074,0,0.26499316602721334
cost,2011-05-01,PRJ_CODE_N26000078,0,0.4592253017924174
cost,2011-05-01,PRJ_CODE_N26000081,0,0.2926221517502688
cost,2011-05-01,PRJ_CODE_N26000082,0,0.3606795429063894
cost,2011-05-01,PRJ_CODE_N26000083,0,0.4030421393355887
cost,2011-05-01,PRJ_CODE_N26000084,0,0.39879779997554055
cost,2011-05-01,PRJ_CODE_N26000085,0,0.24300776627998755
cost,2011-05-01,PRJ_CODE_N26000086,0,0.25510561911068896
cost,2011-05-01,PRJ_CODE_N26000087,0,0.19895271628311506
cost,2011-05-01,PRJ_CODE_N26000088,0,0.5066541755253233
cost,2011-05-01,PRJ_CODE_N26000089,0,0.2853267107056689
cost,2011-05-01,PRJ_CODE_N26000090,0,0.2865265252445889
cost,2011-05-01,PRJ_CODE_N26000091,0,0.23574059352057336
cost,2011-05-01,PRJ_CODE_N26000092,0,0.39412775424544283
cost,2011-05-01,PRJ_CODE_N26000093,0,0.2863437661727328
cost,2011-05-01,PRJ_CODE_N26000094,0,0.27922369263878877
cost,2011-05-01,PRJ_CODE_N26000095,0,0.29544335944731975
cost,2011-05-01,PRJ_CODE_N26000096,0,0.38846411938641784
cost,2011-05-01,PRJ_CODE_N28000008,0,0.28648077796744675
cost,2011-05-01,PRJ_CODE_N28000048,0,0.288137640265995
cost,2011-07-01,PRJ_CODE_020100040,0,0.3718590149407756
cost,2011-07-01,PRJ_CODE_020100044,0,0.34780213958786227
cost,2011-07-01,PRJ_CODE_060100087,0,0.363539274328078
cost,2011-07-01,PRJ_CODE_060100089,0,0.6472961276354787
cost,2011-07-01,PRJ_CODE_060100092,0,0.4162095883118486
cost,2011-07-01,PRJ_CODE_060100093,0,0.26858427051540057
cost,2011-07-01,PRJ_CODE_060100094,0,0.3176901577894503
cost,2011-07-01,PRJ_CODE_060100096,0,0.5429464203344369
cost,2011-07-01,PRJ_CODE_100100054,0,0.4737494349238222
cost,2011-07-01,PRJ_CODE_120100067,0,0.1593368411741292
cost,2011-07-01,PRJ_CODE_160100215,0,0.49113687605774214
cost,2011-07-01,PRJ_CODE_160100216,0,0.5070149945267018
cost,2011-07-01,PRJ_CODE_160100217,0,0.43641127340841646
cost,2011-07-01,PRJ_CODE_160100231,0,0.3904640395136991
cost,2011-07-01,PRJ_CODE_180100165,0,0.4510507118462447
cost,2011-07-01,PRJ_CODE_180100184,0,0.642861423938883
cost,2011-07-01,PRJ_CODE_180100210,0,0.48729750736256405
cost,2011-07-01,PRJ_CODE_180100211,0,0.4695041434154404
cost,2011-07-01,PRJ_CODE_180100221,0,0.5805199814185685
cost,2011-07-01,PRJ_CODE_180100222,0,0.4861992199321341
cost,2011-07-01,PRJ_CODE_180100229,0,0.3813914280610002
cost,2011-07-01,PRJ_CODE_180100239,0,0.4339369623993609
cost,2011-07-01,PRJ_CODE_180100241,0,0.30861636333723536
cost,2011-07-01,PRJ_CODE_180100242,0,0.47708334942229264
cost,2011-07-01,PRJ_CODE_180100243,0,0.3236306049848568
cost,2011-07-01,PRJ_CODE_180100246,0,0.3826909391009993
cost,2011-07-01,PRJ_CODE_180100250,0,0.28522882842064706
cost,2011-07-01,PRJ_CODE_180100251,0,0.33485412228856803
cost,2011-07-01,PRJ_CODE_180100258,0,0.45607454930049723
cost,2011-07-01,PRJ_CODE_180100260,0,0.35242151202642885
cost,2011-07-01,PRJ_CODE_220100007,0,0.6873170910746202
cost,2011-07-01,PRJ_CODE_220100009,0,0.5213966118782385
cost,2011-07-01,PRJ_CODE_220100062,0,0.3091615176998625
cost,2011-07-01,PRJ_CODE_220100106,0,0.5982043273409661
cost,2011-07-01,PRJ_CODE_220100116,1,0.7143142374619602
cost,2011-07-01,PRJ_CODE_220100118,1,0.5046820404049442
cost,2011-07-01,PRJ_CODE_220100133,1,0.6779100820331069
cost,2011-07-01,PRJ_CODE_220100135,0,0.5947023692818661
cost,2011-07-01,PRJ_CODE_220100148,1,0.6668869460199054
cost,2011-07-01,PRJ_CODE_220100149,0,0.34164579013865004
cost,2011-07-01,PRJ_CODE_220100151,0,0.3783537164564082
cost,2011-07-01,PRJ_CODE_220100164,0,0.4727962578969697
cost,2011-07-01,PRJ_CODE_220100168,0,0.4225035023520815
cost,2011-07-01,PRJ_CODE_220100181,0,0.5655085468602707
cost,2011-07-01,PRJ_CODE_220100183,1,0.6680825833687057
cost,2011-07-01,PRJ_CODE_220100184,0,0.4383311300122042
cost,2011-07-01,PRJ_CODE_220100186,0,0.5003935967255553
cost,2011-07-01,PRJ_CODE_220100188,0,0.2967149963068866
cost,2011-07-01,PRJ_CODE_220100190,0,0.4749635711839927
cost,2011-07-01,PRJ_CODE_220100191,0,0.6320001833830865
cost,2011-07-01,PRJ_CODE_220100192,1,0.6953649931329302
cost,2011-07-01,PRJ_CODE_220100193,0,0.5325648514129113
cost,2011-07-01,PRJ_CODE_220100194,0,0.6868407270806648
cost,2011-07-01,PRJ_CODE_220100197,0,0.6109374129819876
cost,2011-07-01,PRJ_CODE_220100201,0,0.5724674958845906
cost,2011-07-01,PRJ_CODE_220100205,0,0.4087744472389962
cost,2011-07-01,PRJ_CODE_220100208,0,0.3456778281278489
cost,2011-07-01,PRJ_CODE_220100212,0,0.6602669782514856
cost,2011-07-01,PRJ_CODE_220100214,0,0.4795461986923234
cost,2011-07-01,PRJ_CODE_220100220,1,0.5142366888622822
cost,2011-07-01,PRJ_CODE_220100222,0,0.46640649872166623
cost,2011-07-01,PRJ_CODE_220100232,0,0.44086463389175395
cost,2011-07-01,PRJ_CODE_220100233,0,0.5329712498715355
cost,2011-07-01,PRJ_CODE_220100240,0,0.5892008306468087
cost,2011-07-01,PRJ_CODE_220100241,0,0.4504615271437368
cost,2011-07-01,PRJ_CODE_220100243,0,0.7047810619601227
cost,2011-07-01,PRJ_CODE_220100247,0,0.453945081647909
cost,2011-07-01,PRJ_CODE_220100252,1,0.41887742937064715
cost,2011-07-01,PRJ_CODE_220100254,1,0.49561207944000313
cost,2011-07-01,PRJ_CODE_220100255,0,0.50137457802489
cost,2011-07-01,PRJ_CODE_220100256,0,0.6356666866232312
cost,2011-07-01,PRJ_CODE_220100257,0,0.44690014734452865
cost,2011-07-01,PRJ_CODE_220100258,0,0.5626809250751877
cost,2011-07-01,PRJ_CODE_220100260,0,0.6910571764856204
cost,2011-07-01,PRJ_CODE_220100262,0,0.48826593563615067
cost,2011-07-01,PRJ_CODE_220100263,0,0.46333560621969955
cost,2011-07-01,PRJ_CODE_220100265,0,0.5755976442607005
cost,2011-07-01,PRJ_CODE_220100266,0,0.5563732863759447
cost,2011-07-01,PRJ_CODE_220100268,0,0.48120838251928777
cost,2011-07-01,PRJ_CODE_220100270,1,0.6478593999226807
cost,2011-07-01,PRJ_CODE_220100272,0,0.3493847425449084
cost,2011-07-01,PRJ_CODE_220100273,0,0.445053727460499
cost,2011-07-01,PRJ_CODE_220100274,0,0.5762765846707224
cost,2011-07-01,PRJ_CODE_220100277,0,0.4087508253633684
cost,2011-07-01,PRJ_CODE_220100279,0,0.5714138355972646
cost,2011-07-01,PRJ_CODE_220100280,0,0.5286996469548727
cost,2011-07-01,PRJ_CODE_220100284,1,0.5700792049843326
cost,2011-07-01,PRJ_CODE_220100285,0,0.36833912878036684
cost,2011-07-01,PRJ_CODE_220100286,0,0.45087674854754617
cost,2011-07-01,PRJ_CODE_220100288,0,0.5444785816825157
cost,2011-07-01,PRJ_CODE_220100303,0,0.5163582987662874
cost,2011-07-01,PRJ_CODE_220100304,0,0.6071049733709899
cost,2011-07-01,PRJ_CODE_220100305,0,0.5141846043255472
cost,2011-07-01,PRJ_CODE_220100306,0,0.609385272014748
cost,2011-07-01,PRJ_CODE_220100307,0,0.5924862837816872
cost,2011-07-01,PRJ_CODE_220100308,0,0.42336367472302006
cost,2011-07-01,PRJ_CODE_220100313,0,0.5297498619164474
cost,2011-07-01,PRJ_CODE_220100314,0,0.5153917248208151
cost,2011-07-01,PRJ_CODE_220100315,0,0.5568527689908009
cost,2011-07-01,PRJ_CODE_220100316,0,0.593754498312427
cost,2011-07-01,PRJ_CODE_220100319,0,0.45729439078603423
cost,2011-07-01,PRJ_CODE_220100321,0,0.39454468749376537
cost,2011-07-01,PRJ_CODE_220100322,0,0.18753872512925734
cost,2011-07-01,PRJ_CODE_220100323,0,0.6868663056819998
cost,2011-07-01,PRJ_CODE_220100324,0,0.5094058819899245
cost,2011-07-01,PRJ_CODE_220100325,0,0.34858916440961435
cost,2011-07-01,PRJ_CODE_220100327,0,0.39070592890703626
cost,2011-07-01,PRJ_CODE_220100328,0,0.3250800067002159
cost,2011-07-01,PRJ_CODE_220100329,0,0.3721391512999224
cost,2011-07-01,PRJ_CODE_240100207,0,0.2178039982270547
cost,2011-07-01,PRJ_CODE_240101132,0,0.3616192083199527
cost,2011-07-01,PRJ_CODE_240101133,0,0.3819152037298176
cost,2011-07-01,PRJ_CODE_240101153,0,0.5153401500213559
cost,2011-07-01,PRJ_CODE_240101173,0,0.3287474277431148
cost,2011-07-01,PRJ_CODE_240104196,0,0.4641583229805978
cost,2011-07-01,PRJ_CODE_240106204,0,0.26220566446988847
cost,2011-07-01,PRJ_CODE_240106205,0,0.11417819900970572
cost,2011-07-01,PRJ_CODE_240106216,0,0.40598249469441516
cost,2011-07-01,PRJ_CODE_240106221,0,0.42522741432898503
cost,2011-07-01,PRJ_CODE_240106225,0,0.17679628144644505
cost,2011-07-01,PRJ_CODE_240106226,0,0.1800400945152153
cost,2011-07-01,PRJ_CODE_240106235,0,0.36364181598642004
cost,2011-07-01,PRJ_CODE_240106236,0,0.42676168161164985
cost,2011-07-01,PRJ_CODE_240106237,0,0.3930899211899195
cost,2011-07-01,PRJ_CODE_240106243,0,0.22684961947280488
cost,2011-07-01,PRJ_CODE_240106244,0,0.2329194668920501
cost,2011-07-01,PRJ_CODE_240106246,0,0.17738080629478586
cost,2011-07-01,PRJ_CODE_240106250,0,0.20026656784158828
cost,2011-07-01,PRJ_CODE_240106260,0,0.09734236522425675
cost,2011-07-01,PRJ_CODE_240106276,0,0.21812296344056967
cost,2011-07-01,PRJ_CODE_240106277,0,0.18883619048409478
cost,2011-07-01,PRJ_CODE_240106278,0,0.46590580492511474
cost,2011-07-01,PRJ_CODE_240106279,0,0.3440161612072741
cost,2011-07-01,PRJ_CODE_240106280,0,0.4541161391043236
cost,2011-07-01,PRJ_CODE_240106281,0,0.16653299731700644
cost,2011-07-01,PRJ_CODE_240106288,0,0.196164936103518
cost,2011-07-01,PRJ_CODE_240106290,0,0.16160860856333825
cost,2011-07-01,PRJ_CODE_240106291,0,0.20885345694134194
cost,2011-07-01,PRJ_CODE_240106292,0,0.18600185408225253
cost,2011-07-01,PRJ_CODE_240106293,0,0.18139306174294115
cost,2011-07-01,PRJ_CODE_240106294,0,0.17092095121489537
cost,2011-07-01,PRJ_CODE_240106297,0,0.32531313657878963
cost,2011-07-01,PRJ_CODE_240106299,0,0.1619652333308511
cost,2011-07-01,PRJ_CODE_240106300,0,0.1869152756297513
cost,2011-07-01,PRJ_CODE_240106301,0,0.20015917909319988
cost,2011-07-01,PRJ_CODE_240106303,0,0.19298407146515037
cost,2011-07-01,PRJ_CODE_240106304,0,0.256555783704692
cost,2011-07-01,PRJ_CODE_240106305,0,0.18349923943663377
cost,2011-07-01,PRJ_CODE_250100112,0,0.2587739337321731
cost,2011-07-01,PRJ_CODE_250100175,0,0.31880074597483127
cost,2011-07-01,PRJ_CODE_260100099,0,0.38853565555324676
cost,2011-07-01,PRJ_CODE_300100001,0,0.3373032598429163
cost,2011-07-01,PRJ_CODE_N02000007,0,0.4363308152900046
cost,2011-07-01,PRJ_CODE_N02000010,0,0.15657094267027405
cost,2011-07-01,PRJ_CODE_N04000037,1,0.4171614690923355
cost,2011-07-01,PRJ_CODE_N04000038,0,0.2611990053198554
cost,2011-07-01,PRJ_CODE_N04000050,1,0.4906925571266859
cost,2011-07-01,PRJ_CODE_N04000065,1,0.3242311185082564
cost,2011-07-01,PRJ_CODE_N04000069,1,0.1309767864900059
cost,2011-07-01,PRJ_CODE_N06000007,0,0.30375735159235334
cost,2011-07-01,PRJ_CODE_N06000008,0,0.26144079083001265
cost,2011-07-01,PRJ_CODE_N06000009,0,0.6244577779437867
cost,2011-07-01,PRJ_CODE_N06000010,0,0.6400203812992316
cost,2011-07-01,PRJ_CODE_N06000015,0,0.49168755600910313
cost,2011-07-01,PRJ_CODE_N06000016,0,0.36469899708712944
cost,2011-07-01,PRJ_CODE_N06000017,0,0.4022709564897789
cost,2011-07-01,PRJ_CODE_N06000019,0,0.2618436317629389
cost,2011-07-01,PRJ_CODE_N06000020,0,0.3110836455615933
cost,2011-07-01,PRJ_CODE_N06000025,0,0.24496123303295453
cost,2011-07-01,PRJ_CODE_N06000033,0,0.49652994011252904
cost,2011-07-01,PRJ_CODE_N06000034,0,0.44451423966061865
cost,2011-07-01,PRJ_CODE_N06000035,0,0.5133994468586183
cost,2011-07-01,PRJ_CODE_N06000042,0,0.44072973319569825
cost,2011-07-01,PRJ_CODE_N06000043,0,0.43800283993225286
cost,2011-07-01,PRJ_CODE_N06000044,0,0.17811092273857793
cost,2011-07-01,PRJ_CODE_N06000045,0,0.18788491202819393
cost,2011-07-01,PRJ_CODE_N06000046,0,0.3033282035916228
cost,2011-07-01,PRJ_CODE_N06000047,0,0.5546507714747178
cost,2011-07-01,PRJ_CODE_N06000048,0,0.4375913785801592
cost,2011-07-01,PRJ_CODE_N06000049,0,0.16518117437717622
cost,2011-07-01,PRJ_CODE_N06000056,0,0.15852976903930902
cost,2011-07-01,PRJ_CODE_N06000066,0,0.3485488054888622
cost,2011-07-01,PRJ_CODE_N06000067,0,0.24409982838466118
cost,2011-07-01,PRJ_CODE_N06000068,0,0.33852632144192574
cost,2011-07-01,PRJ_CODE_N06000075,0,0.15086432544163755
cost,2011-07-01,PRJ_CODE_N06000076,0,0.14711724599742332
cost,2011-07-01,PRJ_CODE_N06000078,0,0.25060702520431755
cost,2011-07-01,PRJ_CODE_N06000079,0,0.22121924174045435
cost,2011-07-01,PRJ_CODE_N06000080,0,0.28360921927155064
cost,2011-07-01,PRJ_CODE_N06000081,0,0.1676408593076081
cost,2011-07-01,PRJ_CODE_N06000082,0,0.1761524356704327
cost,2011-07-01,PRJ_CODE_N06000083,0,0.2753760108424811
cost,2011-07-01,PRJ_CODE_N06000084,0,0.2586474622377542
cost,2011-07-01,PRJ_CODE_N06000085,0,0.3169567397225769
cost,2011-07-01,PRJ_CODE_N06000086,0,0.295188524133285
cost,2011-07-01,PRJ_CODE_N06000087,0,0.15095365525828908
cost,2011-07-01,PRJ_CODE_N06000088,0,0.3192244335545315
cost,2011-07-01,PRJ_CODE_N06000089,0,0.07461250396407018
cost,2011-07-01,PRJ_CODE_N06000091,0,0.18686104635767822
cost,2011-07-01,PRJ_CODE_N08000003,0,0.3410268490372194
cost,2011-07-01,PRJ_CODE_N08000004,0,0.3421491620120968
cost,2011-07-01,PRJ_CODE_N08000005,0,0.3395646980902486
cost,2011-07-01,PRJ_CODE_N08000006,0,0.3983211872290793
cost,2011-07-01,PRJ_CODE_N08000007,0,0.2881724602008353
cost,2011-07-01,PRJ_CODE_N08000008,0,0.32596133121011944
cost,2011-07-01,PRJ_CODE_N12000018,0,0.17439966972891455
cost,2011-07-01,PRJ_CODE_N12000023,0,0.36756459706941
cost,2011-07-01,PRJ_CODE_N12000038,0,0.25630861436164765
cost,2011-07-01,PRJ_CODE_N12000051,0,0.16782293978638083
cost,2011-07-01,PRJ_CODE_N12000053,0,0.37951551555318075
cost,2011-07-01,PRJ_CODE_N12000055,0,0.2349135221948733
cost,2011-07-01,PRJ_CODE_N12000056,0,0.32393325833771847
cost,2011-07-01,PRJ_CODE_N12000057,0,0.21158855828577516
cost,2011-07-01,PRJ_CODE_N12000068,0,0.37783472953350944
cost,2011-07-01,PRJ_CODE_N12000069,0,0.316562672923824
cost,2011-07-01,PRJ_CODE_N12000072,0,0.13766058680409274
cost,2011-07-01,PRJ_CODE_N12000073,0,0.25451730453036364
cost,2011-07-01,PRJ_CODE_N16000009,0,0.5829512875633138
cost,2011-07-01,PRJ_CODE_N16000023,0,0.7552499365481693
cost,2011-07-01,PRJ_CODE_N16000024,0,0.3087751486325527
cost,2011-07-01,PRJ_CODE_N16000030,0,0.2645017891966973
cost,2011-07-01,PRJ_CODE_N16000031,0,0.18411269646266812
cost,2011-07-01,PRJ_CODE_N16000032,0,0.2576058899603263
cost,2011-07-01,PRJ_CODE_N16000033,0,0.24802796517184714
cost,2011-07-01,PRJ_CODE_N16000039,0,0.35263500834714046
cost,2011-07-01,PRJ_CODE_N16000040,0,0.6225116126262027
cost,2011-07-01,PRJ_CODE_N16000044,0,0.3152667969757371
cost,2011-07-01,PRJ_CODE_N16000045,0,0.18200244143956704
cost,2011-07-01,PRJ_CODE_N16000046,0,0.31800907864782935
cost,2011-07-01,PRJ_CODE_N16000050,0,0.6757735630981712
cost,2011-07-01,PRJ_CODE_N16000051,0,0.4995630128177427
cost,2011-07-01,PRJ_CODE_N16000052,0,0.6977925475099384
cost,2011-07-01,PRJ_CODE_N16000054,0,0.6100558904719525
cost,2011-07-01,PRJ_CODE_N16000057,1,0.3388198140716663
cost,2011-07-01,PRJ_CODE_N16000058,0,0.3165506584712013
cost,2011-07-01,PRJ_CODE_N16000059,0,0.19039683602094304
cost,2011-07-01,PRJ_CODE_N16000060,0,0.47293650819082755
cost,2011-07-01,PRJ_CODE_N16000061,0,0.39659524439424143
cost,2011-07-01,PRJ_CODE_N16000062,0,0.3263493834243386
cost,2011-07-01,PRJ_CODE_N16000063,0,0.17644909699481223
cost,2011-07-01,PRJ_CODE_N16000064,0,0.34151220392942444
cost,2011-07-01,PRJ_CODE_N16000065,0,0.16379690552445317
cost,2011-07-01,PRJ_CODE_N16000066,0,0.3030970185436732
cost,2011-07-01,PRJ_CODE_N16000068,0,0.676187062920976
cost,2011-07-01,PRJ_CODE_N16000069,0,0.3564221709548634
cost,2011-07-01,PRJ_CODE_N16000070,0,0.6116687835495109
cost,2011-07-01,PRJ_CODE_N16000071,0,0.43388652730816135
cost,2011-07-01,PRJ_CODE_N16000072,1,0.7331935025500024
cost,2011-07-01,PRJ_CODE_N16000073,0,0.6966537365835656
cost,2011-07-01,PRJ_CODE_N16000081,0,0.14175129143443968
cost,2011-07-01,PRJ_CODE_N16000083,0,0.2638163037193979
cost,2011-07-01,PRJ_CODE_N16000084,0,0.2559175621325845
cost,2011-07-01,PRJ_CODE_N16000086,0,0.2996491306185581
cost,2011-07-01,PRJ_CODE_N16000088,0,0.3988560248360112
cost,2011-07-01,PRJ_CODE_N16000089,0,0.4517956187565563
cost,2011-07-01,PRJ_CODE_N16000090,0,0.2676133890995487
cost,2011-07-01,PRJ_CODE_N16000093,0,0.5800394931085271
cost,2011-07-01,PRJ_CODE_N16000094,0,0.4576374777226468
cost,2011-07-01,PRJ_CODE_N16000096,0,0.4145338527562477
cost,2011-07-01,PRJ_CODE_N16000098,0,0.2898244455296173
cost,2011-07-01,PRJ_CODE_N16000101,0,0.2640947157694796
cost,2011-07-01,PRJ_CODE_N16000102,0,0.5364977135062963
cost,2011-07-01,PRJ_CODE_N16000103,0,0.25566983782620634
cost,2011-07-01,PRJ_CODE_N16000104,0,0.2847795218539125
cost,2011-07-01,PRJ_CODE_N16000105,0,0.2439216150389725
cost,2011-07-01,PRJ_CODE_N16000106,1,0.43069870477815214
cost,2011-07-01,PRJ_CODE_N16000107,0,0.13927042977821344
cost,2011-07-01,PRJ_CODE_N16000108,0,0.21272469200978644
cost,2011-07-01,PRJ_CODE_N16000109,0,0.44554688802694287
cost,2011-07-01,PRJ_CODE_N16000110,0,0.20339249514414157
cost,2011-07-01,PRJ_CODE_N16000112,0,0.3887805800882972
cost,2011-07-01,PRJ_CODE_N16000113,0,0.2872318606621178
cost,2011-07-01,PRJ_CODE_N16000114,0,0.4855826704242744
cost,2011-07-01,PRJ_CODE_N16000115,0,0.22128599696953108
cost,2011-07-01,PRJ_CODE_N16000116,0,0.1649208061182829
cost,2011-07-01,PRJ_CODE_N16000117,0,0.34838185426548157
cost,2011-07-01,PRJ_CODE_N16000118,0,0.1430314421937896
cost,2011-07-01,PRJ_CODE_N16000119,0,0.18324098292182658
cost,2011-07-01,PRJ_CODE_N16000120,0,0.118539859436952
cost,2011-07-01,PRJ_CODE_N16000121,0,0.11741149171247998
cost,2011-07-01,PRJ_CODE_N16000122,0,0.118539859436952
cost,2011-07-01,PRJ_CODE_N16000123,0,0.13369794469532217
cost,2011-07-01,PRJ_CODE_N16000126,0,0.23756262432807837
cost,2011-07-01,PRJ_CODE_N18000004,0,0.43372322026919974
cost,2011-07-01,PRJ_CODE_N18000005,0,0.46274626483350345
cost,2011-07-01,PRJ_CODE_N18000006,0,0.359125983763672
cost,2011-07-01,PRJ_CODE_N18000007,0,0.3830159873406371
cost,2011-07-01,PRJ_CODE_N18000010,0,0.21123578481244099
cost,2011-07-01,PRJ_CODE_N18000014,0,0.35985519801296767
cost,2011-07-01,PRJ_CODE_N18000018,0,0.28399995379537774
cost,2011-07-01,PRJ_CODE_N18000022,0,0.4554119617756972
cost,2011-07-01,PRJ_CODE_N18000023,0,0.25978134361812105
cost,2011-07-01,PRJ_CODE_N18000024,0,0.5274788347152506
cost,2011-07-01,PRJ_CODE_N18000031,0,0.38438170727864546
cost,2011-07-01,PRJ_CODE_N18000032,0,0.5171672987013195
cost,2011-07-01,PRJ_CODE_N18000033,0,0.2054280096266916
cost,2011-07-01,PRJ_CODE_N18000035,0,0.30670691593560745
cost,2011-07-01,PRJ_CODE_N18000041,0,0.5106306286825124
cost,2011-07-01,PRJ_CODE_N18000042,0,0.27926745958473015
cost,2011-07-01,PRJ_CODE_N18000043,0,0.13886970813348193
cost,2011-07-01,PRJ_CODE_N18000045,0,0.34844888289702614
cost,2011-07-01,PRJ_CODE_N18000046,0,0.396476801641348
cost,2011-07-01,PRJ_CODE_N18000047,0,0.4508756804079709
cost,2011-07-01,PRJ_CODE_N18000048,0,0.27190534912928416
cost,2011-07-01,PRJ_CODE_N18000049,0,0.22593238969814047
cost,2011-07-01,PRJ_CODE_N18000050,0,0.19203021634065348
cost,2011-07-01,PRJ_CODE_N18000051,0,0.21435459051819503
cost,2011-07-01,PRJ_CODE_N18000052,0,0.24233606108281622
cost,2011-07-01,PRJ_CODE_N18000053,0,0.24134002828380857
cost,2011-07-01,PRJ_CODE_N18000054,0,0.19354839708033345
cost,2011-07-01,PRJ_CODE_N18000056,0,0.2554647827415218
cost,2011-07-01,PRJ_CODE_N18000058,0,0.15601420769913665
cost,2011-07-01,PRJ_CODE_N18000061,0,0.43325225698255343
cost,2011-07-01,PRJ_CODE_N18000062,0,0.19454804976277731
cost,2011-07-01,PRJ_CODE_N18000063,0,0.2056652458153575
cost,2011-07-01,PRJ_CODE_N18000064,0,0.2542381842733867
cost,2011-07-01,PRJ_CODE_N18000065,0,0.4440327785656217
cost,2011-07-01,PRJ_CODE_N18000066,0,0.4115045730593578
cost,2011-07-01,PRJ_CODE_N18000067,0,0.12283966832728792
cost,2011-07-01,PRJ_CODE_N18000068,0,0.45629157179759794
cost,2011-07-01,PRJ_CODE_N18000069,0,0.3875811345096294
cost,2011-07-01,PRJ_CODE_N18000071,0,0.29399555503764035
cost,2011-07-01,PRJ_CODE_N18000072,0,0.41172200571225703
cost,2011-07-01,PRJ_CODE_N18000073,0,0.36117654054708065
cost,2011-07-01,PRJ_CODE_N18000076,0,0.3150406359446812
cost,2011-07-01,PRJ_CODE_N18000077,0,0.20023932981244938
cost,2011-07-01,PRJ_CODE_N18000078,0,0.3123881283335645
cost,2011-07-01,PRJ_CODE_N18000079,0,0.2749192288819016
cost,2011-07-01,PRJ_CODE_N18000080,0,0.34594292454560643
cost,2011-07-01,PRJ_CODE_N18000081,0,0.26873108135876034
cost,2011-07-01,PRJ_CODE_N18000082,0,0.1292871042648121
cost,2011-07-01,PRJ_CODE_N18000083,0,0.2789397691523174
cost,2011-07-01,PRJ_CODE_N18000084,0,0.21912741326840648
cost,2011-07-01,PRJ_CODE_N18000085,0,0.3241973607657653
cost,2011-07-01,PRJ_CODE_N18000086,0,0.20957400803625004
cost,2011-07-01,PRJ_CODE_N18000087,0,0.22461260791565427
cost,2011-07-01,PRJ_CODE_N18000088,0,0.1667762156034704
cost,2011-07-01,PRJ_CODE_N18000089,0,0.20410636003693075
cost,2011-07-01,PRJ_CODE_N18000090,0,0.19318214615225857
cost,2011-07-01,PRJ_CODE_N18000091,0,0.14911964795549118
cost,2011-07-01,PRJ_CODE_N18000092,0,0.2060709341978637
cost,2011-07-01,PRJ_CODE_N18000093,0,0.23610773038794167
cost,2011-07-01,PRJ_CODE_N18000094,0,0.18328157936130715
cost,2011-07-01,PRJ_CODE_N18000095,0,0.201415824154863
cost,2011-07-01,PRJ_CODE_N18000096,0,0.1662829528093687
cost,2011-07-01,PRJ_CODE_N18000097,0,0.22227522451105675
cost,2011-07-01,PRJ_CODE_N18000098,0,0.15546084272656585
cost,2011-07-01,PRJ_CODE_N18000099,0,0.22834663791811016
cost,2011-07-01,PRJ_CODE_N18000100,0,0.20999925983764733
cost,2011-07-01,PRJ_CODE_N18000102,0,0.12014053710486658
cost,2011-07-01,PRJ_CODE_N22000002,0,0.5363422800529909
cost,2011-07-01,PRJ_CODE_N22000027,0,0.3044403853214825
cost,2011-07-01,PRJ_CODE_N22000028,0,0.19644803107937445
cost,2011-07-01,PRJ_CODE_N22000032,0,0.365117771399705
cost,2011-07-01,PRJ_CODE_N22000034,0,0.44718269499286056
cost,2011-07-01,PRJ_CODE_N22000045,0,0.5281287562059381
cost,2011-07-01,PRJ_CODE_N22000049,0,0.2597164779799247
cost,2011-07-01,PRJ_CODE_N22000052,0,0.5823474274828584
cost,2011-07-01,PRJ_CODE_N22000053,0,0.3450086992984182
cost,2011-07-01,PRJ_CODE_N22000075,0,0.13338262830666933
cost,2011-07-01,PRJ_CODE_N22000076,0,0.1132720665241309
cost,2011-07-01,PRJ_CODE_N22000077,0,0.2511607035122335
cost,2011-07-01,PRJ_CODE_N22000079,0,0.28895408739269807
cost,2011-07-01,PRJ_CODE_N22000080,0,0.3910898162200813
cost,2011-07-01,PRJ_CODE_N22000081,0,0.19145393884226575
cost,2011-07-01,PRJ_CODE_N22000082,0,0.35456306957002476
cost,2011-07-01,PRJ_CODE_N22000083,0,0.6220249431783788
cost,2011-07-01,PRJ_CODE_N22000084,0,0.2684705896048255
cost,2011-07-01,PRJ_CODE_N22000085,0,0.3651654911727991
cost,2011-07-01,PRJ_CODE_N22000086,0,0.43783996800871033
cost,2011-07-01,PRJ_CODE_N22000087,0,0.48961503640511567
cost,2011-07-01,PRJ_CODE_N22000091,0,0.2705644534598834
cost,2011-07-01,PRJ_CODE_N22000092,0,0.4806959920646806
cost,2011-07-01,PRJ_CODE_N22000093,0,0.5346372979118098
cost,2011-07-01,PRJ_CODE_N22000094,0,0.12757516357455306
cost,2011-07-01,PRJ_CODE_N22000095,1,0.6651943033662182
cost,2011-07-01,PRJ_CODE_N22000096,0,0.10924453522749288
cost,2011-07-01,PRJ_CODE_N22000097,0,0.3704992561499792
cost,2011-07-01,PRJ_CODE_N22000099,0,0.42707342158257056
cost,2011-07-01,PRJ_CODE_N22000100,0,0.26973038523137116
cost,2011-07-01,PRJ_CODE_N22000101,0,0.3589773639569391
cost,2011-07-01,PRJ_CODE_N22000102,0,0.2576407805600232
cost,2011-07-01,PRJ_CODE_N22000106,0,0.5262884605958172
cost,2011-07-01,PRJ_CODE_N22000107,0,0.37406220310461863
cost,2011-07-01,PRJ_CODE_N22000108,0,0.18606734038273354
cost,2011-07-01,PRJ_CODE_N22000109,0,0.3863392645038252
cost,2011-07-01,PRJ_CODE_N22000110,0,0.36002616147641653
cost,2011-07-01,PRJ_CODE_N22000111,0,0.33963468955354853
cost,2011-07-01,PRJ_CODE_N22000112,0,0.25984170391484374
cost,2011-07-01,PRJ_CODE_N22000113,0,0.4985164684555197
cost,2011-07-01,PRJ_CODE_N22000114,0,0.2993582728025068
cost,2011-07-01,PRJ_CODE_N22000115,0,0.14821079152085342
cost,2011-07-01,PRJ_CODE_N22000116,0,0.24126011026729038
cost,2011-07-01,PRJ_CODE_N22000117,0,0.20681446015823146
cost,2011-07-01,PRJ_CODE_N22000118,0,0.40707262433895314
cost,2011-07-01,PRJ_CODE_N22000119,0,0.3503211633566122
cost,2011-07-01,PRJ_CODE_N22000120,0,0.28001541100247074
cost,2011-07-01,PRJ_CODE_N22000121,0,0.23240209689997585
cost,2011-07-01,PRJ_CODE_N22000122,0,0.29413290476523146
cost,2011-07-01,PRJ_CODE_N22000123,0,0.28909388799253455
cost,2011-07-01,PRJ_CODE_N22000124,0,0.5072766273433684
cost,2011-07-01,PRJ_CODE_N22000125,0,0.259094941529489
cost,2011-07-01,PRJ_CODE_N22000126,0,0.39170535571685017
cost,2011-07-01,PRJ_CODE_N22000127,0,0.5055003469824739
cost,2011-07-01,PRJ_CODE_N24000028,0,0.2357107658261187
cost,2011-07-01,PRJ_CODE_N24000030,0,0.17814976214218872
cost,2011-07-01,PRJ_CODE_N24000031,0,0.19871766829173176
cost,2011-07-01,PRJ_CODE_N24000035,0,0.1796770532299771
cost,2011-07-01,PRJ_CODE_N24000036,0,0.1076671212636404
cost,2011-07-01,PRJ_CODE_N24000037,0,0.21812707259674913
cost,2011-07-01,PRJ_CODE_N24000038,0,0.16071506895986196
cost,2011-07-01,PRJ_CODE_N24000040,0,0.30467800723532124
cost,2011-07-01,PRJ_CODE_N24000042,0,0.17815706354986413
cost,2011-07-01,PRJ_CODE_N24000044,0,0.19802429298240565
cost,2011-07-01,PRJ_CODE_N24000045,0,0.1975046370483258
cost,2011-07-01,PRJ_CODE_N24000046,0,0.1622384010259998
cost,2011-07-01,PRJ_CODE_N24000047,0,0.1639333220852394
cost,2011-07-01,PRJ_CODE_N24000048,0,0.1886483392482908
cost,2011-07-01,PRJ_CODE_N24000049,0,0.17033056605354818
cost,2011-07-01,PRJ_CODE_N24000051,0,0.15934561187332502
cost,2011-07-01,PRJ_CODE_N24000055,0,0.08142120414836017
cost,2011-07-01,PRJ_CODE_N24000056,0,0.14681961466802798
cost,2011-07-01,PRJ_CODE_N24000057,0,0.3477687490196169
cost,2011-07-01,PRJ_CODE_N24000061,1,0.35081332451542585
cost,2011-07-01,PRJ_CODE_N24000062,1,0.454252511711722
cost,2011-07-01,PRJ_CODE_N24000063,0,0.20812685677544587
cost,2011-07-01,PRJ_CODE_N24000068,0,0.45022407265361347
cost,2011-07-01,PRJ_CODE_N24000085,0,0.249874157466486
cost,2011-07-01,PRJ_CODE_N24000088,0,0.2690508770821482
cost,2011-07-01,PRJ_CODE_N24000089,0,0.2987742910101159
cost,2011-07-01,PRJ_CODE_N24000090,0,0.21836829983310124
cost,2011-07-01,PRJ_CODE_N24000094,0,0.30163482294695193
cost,2011-07-01,PRJ_CODE_N24000095,0,0.3290813122143335
cost,2011-07-01,PRJ_CODE_N24000096,0,0.3748488243964122
cost,2011-07-01,PRJ_CODE_N24000097,0,0.31475060400327126
cost,2011-07-01,PRJ_CODE_N24000098,0,0.3014241032364397
cost,2011-07-01,PRJ_CODE_N24000099,0,0.10947607456576494
cost,2011-07-01,PRJ_CODE_N24000100,0,0.1692311629269357
cost,2011-07-01,PRJ_CODE_N24000101,0,0.1114433813147486
cost,2011-07-01,PRJ_CODE_N24000102,0,0.17481849027651547
cost,2011-07-01,PRJ_CODE_N24000103,0,0.18068218625235788
cost,2011-07-01,PRJ_CODE_N24000107,0,0.1239852632973671
cost,2011-07-01,PRJ_CODE_N24000108,0,0.29733768247823517
cost,2011-07-01,PRJ_CODE_N24000115,0,0.6918907718859528
cost,2011-07-01,PRJ_CODE_N24000116,0,0.24493644006846657
cost,2011-07-01,PRJ_CODE_N24000117,0,0.22118732136338734
cost,2011-07-01,PRJ_CODE_N24000118,0,0.25151615643728326
cost,2011-07-01,PRJ_CODE_N24000122,0,0.2555045396045782
cost,2011-07-01,PRJ_CODE_N24000123,0,0.22455347474709447
cost,2011-07-01,PRJ_CODE_N24000124,0,0.3788401593216604
cost,2011-07-01,PRJ_CODE_N24000125,0,0.33549023122869526
cost,2011-07-01,PRJ_CODE_N24000126,0,0.21936789011106955
cost,2011-07-01,PRJ_CODE_N24000127,0,0.443234055128507
cost,2011-07-01,PRJ_CODE_N24000128,0,0.3570605097195932
cost,2011-07-01,PRJ_CODE_N24000129,0,0.24476315038471128
cost,2011-07-01,PRJ_CODE_N24000130,0,0.44214079755661034
cost,2011-07-01,PRJ_CODE_N24000131,0,0.4484349934721116
cost,2011-07-01,PRJ_CODE_N24000132,0,0.2751248636810589
cost,2011-07-01,PRJ_CODE_N24000133,0,0.5417166640151442
cost,2011-07-01,PRJ_CODE_N24000134,0,0.34709244146633894
cost,2011-07-01,PRJ_CODE_N24000135,0,0.1847892864491251
cost,2011-07-01,PRJ_CODE_N24000136,0,0.16036680467424083
cost,2011-07-01,PRJ_CODE_N24000137,0,0.3839522952276898
cost,2011-07-01,PRJ_CODE_N24000138,0,0.1518835967433973
cost,2011-07-01,PRJ_CODE_N24000139,0,0.24996538040906657
cost,2011-07-01,PRJ_CODE_N24000140,0,0.22134149618330987
cost,2011-07-01,PRJ_CODE_N24000141,0,0.2797310039540159
cost,2011-07-01,PRJ_CODE_N24000142,0,0.20327741664520207
cost,2011-07-01,PRJ_CODE_N24000143,0,0.312755524548195
cost,2011-07-01,PRJ_CODE_N24000144,0,0.15498305605782867
cost,2011-07-01,PRJ_CODE_N24000145,0,0.20590945496381122
cost,2011-07-01,PRJ_CODE_N24000146,0,0.1568671193029136
cost,2011-07-01,PRJ_CODE_N24000147,0,0.370816418961352
cost,2011-07-01,PRJ_CODE_N24000148,0,0.6973518868532134
cost,2011-07-01,PRJ_CODE_N24000149,0,0.3086928484534188
cost,2011-07-01,PRJ_CODE_N24000150,0,0.14004754481465437
cost,2011-07-01,PRJ_CODE_N24000151,0,0.1697634536476707
cost,2011-07-01,PRJ_CODE_N24000152,0,0.1703804378377147
cost,2011-07-01,PRJ_CODE_N24000153,0,0.18189186571989197
cost,2011-07-01,PRJ_CODE_N24000154,0,0.21626061043789566
cost,2011-07-01,PRJ_CODE_N24000155,0,0.15260882680014815
cost,2011-07-01,PRJ_CODE_N24000156,0,0.19097399985161592
cost,2011-07-01,PRJ_CODE_N24000157,0,0.15768191424148817
cost,2011-07-01,PRJ_CODE_N24000158,0,0.1313069643835167
cost,2011-07-01,PRJ_CODE_N24000159,0,0.1421270515062756
cost,2011-07-01,PRJ_CODE_N24000160,0,0.17672263766729499
cost,2011-07-01,PRJ_CODE_N25000003,0,0.4471409886036808
cost,2011-07-01,PRJ_CODE_N25000004,0,0.23499469954584665
cost,2011-07-01,PRJ_CODE_N25000014,0,0.23439172080411302
cost,2011-07-01,PRJ_CODE_N25000016,0,0.359328140554901
cost,2011-07-01,PRJ_CODE_N25000031,0,0.4538862642187865
cost,2011-07-01,PRJ_CODE_N25000033,0,0.3489460645421555
cost,2011-07-01,PRJ_CODE_N25000035,0,0.4503989278561501
cost,2011-07-01,PRJ_CODE_N25000037,0,0.42309390196807695
cost,2011-07-01,PRJ_CODE_N25000038,0,0.43554143933194234
cost,2011-07-01,PRJ_CODE_N25000039,0,0.33016488990176784
cost,2011-07-01,PRJ_CODE_N25000042,0,0.46785979372629916
cost,2011-07-01,PRJ_CODE_N25000043,0,0.22355502525005624
cost,2011-07-01,PRJ_CODE_N25000047,0,0.5015814709013456
cost,2011-07-01,PRJ_CODE_N25000048,0,0.4284664902286
cost,2011-07-01,PRJ_CODE_N25000049,0,0.25962110248916
cost,2011-07-01,PRJ_CODE_N25000050,0,0.49295893889942255
cost,2011-07-01,PRJ_CODE_N25000051,0,0.3496798813015682
cost,2011-07-01,PRJ_CODE_N25000052,0,0.21796709468787018
cost,2011-07-01,PRJ_CODE_N25000053,0,0.33601491656595667
cost,2011-07-01,PRJ_CODE_N25000054,0,0.20482379503599357
cost,2011-07-01,PRJ_CODE_N25000055,0,0.20531879343199894
cost,2011-07-01,PRJ_CODE_N25000056,0,0.1689432248301505
cost,2011-07-01,PRJ_CODE_N25000058,0,0.2831476051956606
cost,2011-07-01,PRJ_CODE_N25000059,0,0.7019785700364594
cost,2011-07-01,PRJ_CODE_N26000011,0,0.15709535247035136
cost,2011-07-01,PRJ_CODE_N26000016,0,0.11395789708782508
cost,2011-07-01,PRJ_CODE_N26000029,0,0.48832999737476285
cost,2011-07-01,PRJ_CODE_N26000039,0,0.15488255612059307
cost,2011-07-01,PRJ_CODE_N26000040,0,0.10518877246199147
cost,2011-07-01,PRJ_CODE_N26000041,0,0.11156723347509823
cost,2011-07-01,PRJ_CODE_N26000043,0,0.3048161865031227
cost,2011-07-01,PRJ_CODE_N26000046,0,0.3436436196039722
cost,2011-07-01,PRJ_CODE_N26000050,0,0.1245049481717626
cost,2011-07-01,PRJ_CODE_N26000058,0,0.39086025616753445
cost,2011-07-01,PRJ_CODE_N26000062,0,0.11436987802576289
cost,2011-07-01,PRJ_CODE_N26000063,0,0.39185503077002537
cost,2011-07-01,PRJ_CODE_N26000065,0,0.23704683490596212
cost,2011-07-01,PRJ_CODE_N26000066,0,0.22656528409697746
cost,2011-07-01,PRJ_CODE_N26000067,0,0.26150609310474715
cost,2011-07-01,PRJ_CODE_N26000068,0,0.22079458071542435
cost,2011-07-01,PRJ_CODE_N26000069,0,0.18743259831215825
cost,2011-07-01,PRJ_CODE_N26000070,0,0.22486380367364855
cost,2011-07-01,PRJ_CODE_N26000071,0,0.22079458071542435
cost,2011-07-01,PRJ_CODE_N26000072,0,0.23667572860551256
cost,2011-07-01,PRJ_CODE_N26000073,0,0.18743259831215825
cost,2011-07-01,PRJ_CODE_N26000074,0,0.20163639869336022
cost,2011-07-01,PRJ_CODE_N26000078,0,0.5195310858985899
cost,2011-07-01,PRJ_CODE_N26000081,0,0.5282875864226367
cost,2011-07-01,PRJ_CODE_N26000082,0,0.2990354192840224
cost,2011-07-01,PRJ_CODE_N26000083,0,0.3062054643642928
cost,2011-07-01,PRJ_CODE_N26000084,0,0.24945727093171194
cost,2011-07-01,PRJ_CODE_N26000085,0,0.2325943943564556
cost,2011-07-01,PRJ_CODE_N26000086,0,0.397455730472402
cost,2011-07-01,PRJ_CODE_N26000087,0,0.22929536313438775
cost,2011-07-01,PRJ_CODE_N26000088,0,0.5119884487178112
cost,2011-07-01,PRJ_CODE_N26000089,0,0.3316647240144696
cost,2011-07-01,PRJ_CODE_N26000090,0,0.26336397202744294
cost,2011-07-01,PRJ_CODE_N26000091,0,0.7574212913742041
cost,2011-07-01,PRJ_CODE_N26000092,0,0.4264681681856823
cost,2011-07-01,PRJ_CODE_N26000093,0,0.2803317467536849
cost,2011-07-01,PRJ_CODE_N26000094,0,0.37211264750721346
cost,2011-07-01,PRJ_CODE_N26000095,0,0.2913241545955492
cost,2011-07-01,PRJ_CODE_N26000096,0,0.3534859677377285
cost,2011-07-01,PRJ_CODE_N28000008,0,0.1999936175579796
cost,2011-07-01,PRJ_CODE_N28000048,0,0.5929633651030999
cost,2011-09-01,PRJ_CODE_020100040,0,0.36314084863154505
cost,2011-09-01,PRJ_CODE_020100044,0,0.32101518678546215
cost,2011-09-01,PRJ_CODE_060100087,0,0.4709587175676637
cost,2011-09-01,PRJ_CODE_060100089,1,0.6977309377104413
cost,2011-09-01,PRJ_CODE_060100092,0,0.2930231970146093
cost,2011-09-01,PRJ_CODE_060100093,0,0.34384773162744675
cost,2011-09-01,PRJ_CODE_060100094,0,0.3929652867959059
cost,2011-09-01,PRJ_CODE_060100096,0,0.5658108755067933
cost,2011-09-01,PRJ_CODE_100100054,0,0.4540936640768498
cost,2011-09-01,PRJ_CODE_120100067,0,0.15276720442580902
cost,2011-09-01,PRJ_CODE_160100215,0,0.37925649268943656
cost,2011-09-01,PRJ_CODE_160100216,0,0.4166112646877965
cost,2011-09-01,PRJ_CODE_160100217,0,0.3477647370777189
cost,2011-09-01,PRJ_CODE_160100231,0,0.4070028888929809
cost,2011-09-01,PRJ_CODE_180100165,0,0.4173759459541894
cost,2011-09-01,PRJ_CODE_180100184,0,0.6621619273049605
cost,2011-09-01,PRJ_CODE_180100210,1,0.583528548954562
cost,2011-09-01,PRJ_CODE_180100211,0,0.5385915619839452
cost,2011-09-01,PRJ_CODE_180100221,1,0.5934449671568618
cost,2011-09-01,PRJ_CODE_180100222,1,0.6530301438963768
cost,2011-09-01,PRJ_CODE_180100229,0,0.41421853550076704
cost,2011-09-01,PRJ_CODE_180100239,0,0.47077862886120436
cost,2011-09-01,PRJ_CODE_180100241,1,0.45773112744110295
cost,2011-09-01,PRJ_CODE_180100242,0,0.5260924540505406
cost,2011-09-01,PRJ_CODE_180100243,1,0.45048000586465337
cost,2011-09-01,PRJ_CODE_180100246,0,0.3393436510910093
cost,2011-09-01,PRJ_CODE_180100250,1,0.4466632160503748
cost,2011-09-01,PRJ_CODE_180100251,0,0.3795274528925611
cost,2011-09-01,PRJ_CODE_180100258,0,0.5258881807019552
cost,2011-09-01,PRJ_CODE_180100260,1,0.29856346640743525
cost,2011-09-01,PRJ_CODE_220100007,0,0.7013933561492177
cost,2011-09-01,PRJ_CODE_220100009,0,0.4719958477065053
cost,2011-09-01,PRJ_CODE_220100062,0,0.42981061685413957
cost,2011-09-01,PRJ_CODE_220100106,1,0.6280581319920984
cost,2011-09-01,PRJ_CODE_220100118,0,0.5375709589209574
cost,2011-09-01,PRJ_CODE_220100133,0,0.6324452391120564
cost,2011-09-01,PRJ_CODE_220100135,0,0.5500028659070426
cost,2011-09-01,PRJ_CODE_220100148,0,0.3299857397428525
cost,2011-09-01,PRJ_CODE_220100149,0,0.43940127427906883
cost,2011-09-01,PRJ_CODE_220100151,0,0.6309130066943601
cost,2011-09-01,PRJ_CODE_220100164,1,0.541829687460447
cost,2011-09-01,PRJ_CODE_220100168,0,0.4596320692121279
cost,2011-09-01,PRJ_CODE_220100181,0,0.5029131271189686
cost,2011-09-01,PRJ_CODE_220100183,1,0.718211535604168
cost,2011-09-01,PRJ_CODE_220100184,0,0.5465545745378637
cost,2011-09-01,PRJ_CODE_220100186,0,0.5044890781831392
cost,2011-09-01,PRJ_CODE_220100188,0,0.31766792466394345
cost,2011-09-01,PRJ_CODE_220100190,0,0.5110584642645123
cost,2011-09-01,PRJ_CODE_220100191,0,0.6397726439138136
cost,2011-09-01,PRJ_CODE_220100192,0,0.39438626151943756
cost,2011-09-01,PRJ_CODE_220100193,0,0.5185789076801354
cost,2011-09-01,PRJ_CODE_220100194,0,0.7183327179973144
cost,2011-09-01,PRJ_CODE_220100197,0,0.6292747628496883
cost,2011-09-01,PRJ_CODE_220100201,0,0.5953830856817406
cost,2011-09-01,PRJ_CODE_220100205,0,0.5239500810267796
cost,2011-09-01,PRJ_CODE_220100208,0,0.31534630390902285
cost,2011-09-01,PRJ_CODE_220100212,0,0.6883382744404059
cost,2011-09-01,PRJ_CODE_220100214,0,0.516074076842995
cost,2011-09-01,PRJ_CODE_220100220,1,0.5593975448191206
cost,2011-09-01,PRJ_CODE_220100222,0,0.6732578811657293
cost,2011-09-01,PRJ_CODE_220100232,0,0.555463059901506
cost,2011-09-01,PRJ_CODE_220100233,0,0.6127492784998644
cost,2011-09-01,PRJ_CODE_220100240,0,0.6119322282628871
cost,2011-09-01,PRJ_CODE_220100241,0,0.4660164844722979
cost,2011-09-01,PRJ_CODE_220100243,0,0.7175372343937217
cost,2011-09-01,PRJ_CODE_220100247,0,0.44578657609550226
cost,2011-09-01,PRJ_CODE_220100252,0,0.4204916388508479
cost,2011-09-01,PRJ_CODE_220100254,1,0.5583994300858478
cost,2011-09-01,PRJ_CODE_220100255,0,0.5281095137865235
cost,2011-09-01,PRJ_CODE_220100256,0,0.5956845885858856
cost,2011-09-01,PRJ_CODE_220100257,0,0.5032214342444603
cost,2011-09-01,PRJ_CODE_220100258,0,0.5829974871944854
cost,2011-09-01,PRJ_CODE_220100260,0,0.45753801805987016
cost,2011-09-01,PRJ_CODE_220100262,0,0.5638772215952644
cost,2011-09-01,PRJ_CODE_220100263,0,0.5995936261823092
cost,2011-09-01,PRJ_CODE_220100265,0,0.5160558302907233
cost,2011-09-01,PRJ_CODE_220100266,0,0.5528922873831378
cost,2011-09-01,PRJ_CODE_220100268,0,0.5934611631643286
cost,2011-09-01,PRJ_CODE_220100270,1,0.7010449658777255
cost,2011-09-01,PRJ_CODE_220100272,0,0.3500695567154096
cost,2011-09-01,PRJ_CODE_220100273,0,0.41743143103148395
cost,2011-09-01,PRJ_CODE_220100274,0,0.5496306796401115
cost,2011-09-01,PRJ_CODE_220100277,0,0.4660174533256097
cost,2011-09-01,PRJ_CODE_220100279,0,0.691046481013733
cost,2011-09-01,PRJ_CODE_220100280,1,0.5103678777879068
cost,2011-09-01,PRJ_CODE_220100284,0,0.5668427316761563
cost,2011-09-01,PRJ_CODE_220100285,0,0.3688047016809418
cost,2011-09-01,PRJ_CODE_220100286,0,0.525602489583783
cost,2011-09-01,PRJ_CODE_220100288,0,0.5777523873150515
cost,2011-09-01,PRJ_CODE_220100303,0,0.5933667946820909
cost,2011-09-01,PRJ_CODE_220100304,0,0.6071922749841042
cost,2011-09-01,PRJ_CODE_220100305,0,0.5435760215203604
cost,2011-09-01,PRJ_CODE_220100306,0,0.59397201051896
cost,2011-09-01,PRJ_CODE_220100307,0,0.5997102592032666
cost,2011-09-01,PRJ_CODE_220100308,0,0.4297546053019562
cost,2011-09-01,PRJ_CODE_220100313,0,0.5075624966873635
cost,2011-09-01,PRJ_CODE_220100314,0,0.5550064680778358
cost,2011-09-01,PRJ_CODE_220100315,0,0.5657333116806571
cost,2011-09-01,PRJ_CODE_220100316,0,0.5705540232674302
cost,2011-09-01,PRJ_CODE_220100319,0,0.442379599204634
cost,2011-09-01,PRJ_CODE_220100321,0,0.6320632947823688
cost,2011-09-01,PRJ_CODE_220100322,0,0.5856004305435337
cost,2011-09-01,PRJ_CODE_220100323,1,0.7146800348518364
cost,2011-09-01,PRJ_CODE_220100324,0,0.48390349959142726
cost,2011-09-01,PRJ_CODE_220100325,0,0.4028023697102003
cost,2011-09-01,PRJ_CODE_220100327,0,0.345785902593298
cost,2011-09-01,PRJ_CODE_220100328,0,0.3250352035976413
cost,2011-09-01,PRJ_CODE_220100329,0,0.35025677734727284
cost,2011-09-01,PRJ_CODE_240100207,0,0.2765750492450479
cost,2011-09-01,PRJ_CODE_240101132,0,0.3962157570188997
cost,2011-09-01,PRJ_CODE_240101133,0,0.40087022028958474
cost,2011-09-01,PRJ_CODE_240101153,0,0.46823191134934655
cost,2011-09-01,PRJ_CODE_240101173,0,0.3641232140556106
cost,2011-09-01,PRJ_CODE_240104196,0,0.509371873745543
cost,2011-09-01,PRJ_CODE_240106204,0,0.3209709559707455
cost,2011-09-01,PRJ_CODE_240106205,0,0.19172965380879417
cost,2011-09-01,PRJ_CODE_240106216,0,0.47986617846872914
cost,2011-09-01,PRJ_CODE_240106221,0,0.4251049924060234
cost,2011-09-01,PRJ_CODE_240106226,0,0.208678166657844
cost,2011-09-01,PRJ_CODE_240106235,0,0.42286138795166195
cost,2011-09-01,PRJ_CODE_240106236,0,0.43468165015878585
cost,2011-09-01,PRJ_CODE_240106237,0,0.4264860260910988
cost,2011-09-01,PRJ_CODE_240106243,0,0.25982348890085066
cost,2011-09-01,PRJ_CODE_240106244,0,0.21911004046384266
cost,2011-09-01,PRJ_CODE_240106246,0,0.23656264211077668
cost,2011-09-01,PRJ_CODE_240106250,0,0.25377423116698183
cost,2011-09-01,PRJ_CODE_240106260,0,0.17326883090956505
cost,2011-09-01,PRJ_CODE_240106276,0,0.32971752917213165
cost,2011-09-01,PRJ_CODE_240106277,0,0.217459564686228
cost,2011-09-01,PRJ_CODE_240106278,0,0.46094473649496837
cost,2011-09-01,PRJ_CODE_240106279,0,0.42250252702139013
cost,2011-09-01,PRJ_CODE_240106280,0,0.44665752124716623
cost,2011-09-01,PRJ_CODE_240106281,0,0.21028290448325004
cost,2011-09-01,PRJ_CODE_240106288,0,0.2424218795728059
cost,2011-09-01,PRJ_CODE_240106290,0,0.21598413250150356
cost,2011-09-01,PRJ_CODE_240106291,0,0.24530272747049192
cost,2011-09-01,PRJ_CODE_240106292,0,0.23154770177398307
cost,2011-09-01,PRJ_CODE_240106293,0,0.21720009216261904
cost,2011-09-01,PRJ_CODE_240106294,0,0.21657935338644435
cost,2011-09-01,PRJ_CODE_240106297,0,0.3688975149872208
cost,2011-09-01,PRJ_CODE_240106299,0,0.25552759238638256
cost,2011-09-01,PRJ_CODE_240106300,0,0.2583424233749675
cost,2011-09-01,PRJ_CODE_240106301,0,0.26763845415971266
cost,2011-09-01,PRJ_CODE_240106303,0,0.25827862630083614
cost,2011-09-01,PRJ_CODE_240106304,0,0.32675288376148454
cost,2011-09-01,PRJ_CODE_240106305,0,0.2588560949615727
cost,2011-09-01,PRJ_CODE_250100112,0,0.29226474707583083
cost,2011-09-01,PRJ_CODE_250100175,0,0.336707128495084
cost,2011-09-01,PRJ_CODE_260100099,0,0.33406066074734964
cost,2011-09-01,PRJ_CODE_300100001,0,0.3608384237939501
cost,2011-09-01,PRJ_CODE_N02000007,0,0.5555805637990971
cost,2011-09-01,PRJ_CODE_N02000010,0,0.14860688594570706
cost,2011-09-01,PRJ_CODE_N04000037,0,0.3688354799887033
cost,2011-09-01,PRJ_CODE_N04000038,0,0.2524884278438202
cost,2011-09-01,PRJ_CODE_N04000050,1,0.596303122286375
cost,2011-09-01,PRJ_CODE_N04000065,0,0.3518590374716455
cost,2011-09-01,PRJ_CODE_N04000069,1,0.21135624940656672
cost,2011-09-01,PRJ_CODE_N06000007,0,0.289060269048988
cost,2011-09-01,PRJ_CODE_N06000008,0,0.44145717916011856
cost,2011-09-01,PRJ_CODE_N06000009,0,0.6648052519728618
cost,2011-09-01,PRJ_CODE_N06000010,0,0.6432354285235188
cost,2011-09-01,PRJ_CODE_N06000015,0,0.4551778821557252
cost,2011-09-01,PRJ_CODE_N06000016,0,0.42264394245840775
cost,2011-09-01,PRJ_CODE_N06000017,0,0.4373465789113921
cost,2011-09-01,PRJ_CODE_N06000019,0,0.2036183731012647
cost,2011-09-01,PRJ_CODE_N06000020,0,0.29197602485728935
cost,2011-09-01,PRJ_CODE_N06000025,0,0.24396928725833866
cost,2011-09-01,PRJ_CODE_N06000033,0,0.5098411701561472
cost,2011-09-01,PRJ_CODE_N06000034,0,0.46191893764704617
cost,2011-09-01,PRJ_CODE_N06000035,0,0.30543347373613267
cost,2011-09-01,PRJ_CODE_N06000042,0,0.3594126176671161
cost,2011-09-01,PRJ_CODE_N06000043,0,0.3743365903633137
cost,2011-09-01,PRJ_CODE_N06000044,0,0.29557583959577444
cost,2011-09-01,PRJ_CODE_N06000045,0,0.17202383157204107
cost,2011-09-01,PRJ_CODE_N06000046,0,0.4105249870956048
cost,2011-09-01,PRJ_CODE_N06000047,0,0.5723907478585892
cost,2011-09-01,PRJ_CODE_N06000048,0,0.47156534811019035
cost,2011-09-01,PRJ_CODE_N06000049,0,0.17874348017104108
cost,2011-09-01,PRJ_CODE_N06000056,0,0.13615591238129862
cost,2011-09-01,PRJ_CODE_N06000066,0,0.3508041307876883
cost,2011-09-01,PRJ_CODE_N06000067,0,0.27047207971975584
cost,2011-09-01,PRJ_CODE_N06000068,0,0.37722937219923836
cost,2011-09-01,PRJ_CODE_N06000075,0,0.14994376589883734
cost,2011-09-01,PRJ_CODE_N06000076,0,0.15872793633965604
cost,2011-09-01,PRJ_CODE_N06000078,0,0.2208667100684897
cost,2011-09-01,PRJ_CODE_N06000079,0,0.22864274276347774
cost,2011-09-01,PRJ_CODE_N06000080,0,0.2892743013839449
cost,2011-09-01,PRJ_CODE_N06000081,0,0.370781380039168
cost,2011-09-01,PRJ_CODE_N06000082,0,0.15823570297431333
cost,2011-09-01,PRJ_CODE_N06000083,0,0.3333066678875755
cost,2011-09-01,PRJ_CODE_N06000084,0,0.26016962695991974
cost,2011-09-01,PRJ_CODE_N06000085,0,0.27967715989639547
cost,2011-09-01,PRJ_CODE_N06000086,0,0.29900369297024443
cost,2011-09-01,PRJ_CODE_N06000087,0,0.12089897499317238
cost,2011-09-01,PRJ_CODE_N06000088,0,0.3533119982644514
cost,2011-09-01,PRJ_CODE_N06000089,0,0.06556068220484212
cost,2011-09-01,PRJ_CODE_N06000091,0,0.15295490919389937
cost,2011-09-01,PRJ_CODE_N06000093,0,0.18369208190073344
cost,2011-09-01,PRJ_CODE_N06000094,0,0.09513823914583795
cost,2011-09-01,PRJ_CODE_N08000003,0,0.31488056304889833
cost,2011-09-01,PRJ_CODE_N08000004,0,0.2743550154599422
cost,2011-09-01,PRJ_CODE_N08000005,0,0.2755554267958204
cost,2011-09-01,PRJ_CODE_N08000006,0,0.2896957215144171
cost,2011-09-01,PRJ_CODE_N08000007,0,0.2985076418494584
cost,2011-09-01,PRJ_CODE_N08000008,0,0.28707802662219906
cost,2011-09-01,PRJ_CODE_N12000018,0,0.19714153152297026
cost,2011-09-01,PRJ_CODE_N12000023,0,0.3496462658694858
cost,2011-09-01,PRJ_CODE_N12000038,0,0.280668679037962
cost,2011-09-01,PRJ_CODE_N12000051,0,0.19738610328888723
cost,2011-09-01,PRJ_CODE_N12000053,0,0.2641240465843951
cost,2011-09-01,PRJ_CODE_N12000055,0,0.26424977991206366
cost,2011-09-01,PRJ_CODE_N12000057,0,0.18111468529892938
cost,2011-09-01,PRJ_CODE_N12000068,0,0.26196376063320337
cost,2011-09-01,PRJ_CODE_N12000069,0,0.2570033065184195
cost,2011-09-01,PRJ_CODE_N12000072,0,0.13185397262681736
cost,2011-09-01,PRJ_CODE_N12000073,0,0.2625620479220948
cost,2011-09-01,PRJ_CODE_N16000009,0,0.5210823905038056
cost,2011-09-01,PRJ_CODE_N16000023,0,0.6783714512391538
cost,2011-09-01,PRJ_CODE_N16000024,0,0.2882591439377676
cost,2011-09-01,PRJ_CODE_N16000030,0,0.24408438077037484
cost,2011-09-01,PRJ_CODE_N16000031,0,0.26253305149397
cost,2011-09-01,PRJ_CODE_N16000032,0,0.22689469880567073
cost,2011-09-01,PRJ_CODE_N16000033,0,0.22214445854502404
cost,2011-09-01,PRJ_CODE_N16000039,0,0.302162605788258
cost,2011-09-01,PRJ_CODE_N16000044,0,0.27704709849930975
cost,2011-09-01,PRJ_CODE_N16000045,0,0.11052454901199518
cost,2011-09-01,PRJ_CODE_N16000046,0,0.33089352657470894
cost,2011-09-01,PRJ_CODE_N16000050,0,0.6592070737965191
cost,2011-09-01,PRJ_CODE_N16000051,0,0.4708431873411762
cost,2011-09-01,PRJ_CODE_N16000054,0,0.6424424842602026
cost,2011-09-01,PRJ_CODE_N16000057,1,0.48470902719702275
cost,2011-09-01,PRJ_CODE_N16000058,0,0.13823544496389695
cost,2011-09-01,PRJ_CODE_N16000059,0,0.26095627350696726
cost,2011-09-01,PRJ_CODE_N16000060,0,0.3982323573125202
cost,2011-09-01,PRJ_CODE_N16000061,0,0.3479733377024726
cost,2011-09-01,PRJ_CODE_N16000062,0,0.4496538137577825
cost,2011-09-01,PRJ_CODE_N16000063,0,0.2490241733744176
cost,2011-09-01,PRJ_CODE_N16000064,0,0.8446729648904255
cost,2011-09-01,PRJ_CODE_N16000065,0,0.22113646744697774
cost,2011-09-01,PRJ_CODE_N16000066,0,0.41492375634699075
cost,2011-09-01,PRJ_CODE_N16000068,0,0.6958692247079779
cost,2011-09-01,PRJ_CODE_N16000069,0,0.30565628315878923
cost,2011-09-01,PRJ_CODE_N16000070,0,0.518545330045594
cost,2011-09-01,PRJ_CODE_N16000071,0,0.46557231066831456
cost,2011-09-01,PRJ_CODE_N16000072,1,0.6698932197297623
cost,2011-09-01,PRJ_CODE_N16000073,0,0.6868611473229098
cost,2011-09-01,PRJ_CODE_N16000081,0,0.23734693317897124
cost,2011-09-01,PRJ_CODE_N16000083,0,0.22291837856377933
cost,2011-09-01,PRJ_CODE_N16000084,0,0.3208928491231297
cost,2011-09-01,PRJ_CODE_N16000086,0,0.3681577151116144
cost,2011-09-01,PRJ_CODE_N16000088,0,0.3964360611332134
cost,2011-09-01,PRJ_CODE_N16000089,0,0.40728397458863663
cost,2011-09-01,PRJ_CODE_N16000090,0,0.3099939817974428
cost,2011-09-01,PRJ_CODE_N16000093,0,0.5978577238224626
cost,2011-09-01,PRJ_CODE_N16000094,1,0.7586612139643001
cost,2011-09-01,PRJ_CODE_N16000096,0,0.32017285724778854
cost,2011-09-01,PRJ_CODE_N16000098,0,0.2433693891237889
cost,2011-09-01,PRJ_CODE_N16000101,0,0.2782179268299291
cost,2011-09-01,PRJ_CODE_N16000102,0,0.5300906736119726
cost,2011-09-01,PRJ_CODE_N16000103,0,0.2514391759844812
cost,2011-09-01,PRJ_CODE_N16000104,0,0.2563884027701364
cost,2011-09-01,PRJ_CODE_N16000105,0,0.20905220208103875
cost,2011-09-01,PRJ_CODE_N16000106,1,0.5339588345571861
cost,2011-09-01,PRJ_CODE_N16000107,0,0.17316348353779557
cost,2011-09-01,PRJ_CODE_N16000108,0,0.3458377567770547
cost,2011-09-01,PRJ_CODE_N16000109,0,0.4974382247865822
cost,2011-09-01,PRJ_CODE_N16000110,0,0.24561800709598672
cost,2011-09-01,PRJ_CODE_N16000112,0,0.23037703666806578
cost,2011-09-01,PRJ_CODE_N16000113,0,0.3499606598703805
cost,2011-09-01,PRJ_CODE_N16000114,0,0.48260208217744033
cost,2011-09-01,PRJ_CODE_N16000115,0,0.22603943563383136
cost,2011-09-01,PRJ_CODE_N16000116,0,0.15242329095352306
cost,2011-09-01,PRJ_CODE_N16000117,0,0.2844767108735132
cost,2011-09-01,PRJ_CODE_N16000118,0,0.13722241443037886
cost,2011-09-01,PRJ_CODE_N16000119,0,0.3228831220822609
cost,2011-09-01,PRJ_CODE_N16000120,0,0.1148734183430559
cost,2011-09-01,PRJ_CODE_N16000121,0,0.11151049703863046
cost,2011-09-01,PRJ_CODE_N16000122,0,0.1148734183430559
cost,2011-09-01,PRJ_CODE_N16000123,0,0.1006038938443217
cost,2011-09-01,PRJ_CODE_N16000126,0,0.24783502459880563
cost,2011-09-01,PRJ_CODE_N16000127,0,0.10294986797315415
cost,2011-09-01,PRJ_CODE_N16000128,0,0.1615896853157892
cost,2011-09-01,PRJ_CODE_N16000129,0,0.31969758433591133
cost,2011-09-01,PRJ_CODE_N18000004,0,0.4024725767605537
cost,2011-09-01,PRJ_CODE_N18000005,0,0.4326941839455277
cost,2011-09-01,PRJ_CODE_N18000006,1,0.4600946531671775
cost,2011-09-01,PRJ_CODE_N18000007,1,0.6114012043067089
cost,2011-09-01,PRJ_CODE_N18000010,0,0.3845352772479555
cost,2011-09-01,PRJ_CODE_N18000014,0,0.366980837784228
cost,2011-09-01,PRJ_CODE_N18000018,0,0.278089704427463
cost,2011-09-01,PRJ_CODE_N18000022,0,0.49243416140198676
cost,2011-09-01,PRJ_CODE_N18000023,0,0.30441938305010424
cost,2011-09-01,PRJ_CODE_N18000024,0,0.5453450944051277
cost,2011-09-01,PRJ_CODE_N18000031,0,0.3784099616741006
cost,2011-09-01,PRJ_CODE_N18000032,0,0.505020801052116
cost,2011-09-01,PRJ_CODE_N18000033,0,0.3431294081990432
cost,2011-09-01,PRJ_CODE_N18000035,0,0.36042436810113304
cost,2011-09-01,PRJ_CODE_N18000041,0,0.49321964546347724
cost,2011-09-01,PRJ_CODE_N18000042,0,0.2868223269907379
cost,2011-09-01,PRJ_CODE_N18000045,0,0.2628043922544985
cost,2011-09-01,PRJ_CODE_N18000046,0,0.38093008991978605
cost,2011-09-01,PRJ_CODE_N18000047,0,0.41201275397818843
cost,2011-09-01,PRJ_CODE_N18000048,0,0.20662586648854867
cost,2011-09-01,PRJ_CODE_N18000049,0,0.30165927847486373
cost,2011-09-01,PRJ_CODE_N18000051,0,0.31828583077879896
cost,2011-09-01,PRJ_CODE_N18000052,0,0.23551148321075602
cost,2011-09-01,PRJ_CODE_N18000053,0,0.2359261026590047
cost,2011-09-01,PRJ_CODE_N18000054,0,0.29265357374171364
cost,2011-09-01,PRJ_CODE_N18000056,0,0.28609059325679476
cost,2011-09-01,PRJ_CODE_N18000058,0,0.21621132900917164
cost,2011-09-01,PRJ_CODE_N18000061,0,0.4500892005438412
cost,2011-09-01,PRJ_CODE_N18000062,0,0.23928276184853217
cost,2011-09-01,PRJ_CODE_N18000063,0,0.27547988519963884
cost,2011-09-01,PRJ_CODE_N18000064,0,0.26677676940620154
cost,2011-09-01,PRJ_CODE_N18000065,0,0.5277994771219058
cost,2011-09-01,PRJ_CODE_N18000066,0,0.3883087540918415
cost,2011-09-01,PRJ_CODE_N18000067,0,0.1913539075530429
cost,2011-09-01,PRJ_CODE_N18000068,0,0.48458562217202
cost,2011-09-01,PRJ_CODE_N18000069,0,0.43523719820262835
cost,2011-09-01,PRJ_CODE_N18000071,0,0.349095046219326
cost,2011-09-01,PRJ_CODE_N18000072,0,0.367017714407875
cost,2011-09-01,PRJ_CODE_N18000073,0,0.3707655517055328
cost,2011-09-01,PRJ_CODE_N18000076,0,0.32090262459304514
cost,2011-09-01,PRJ_CODE_N18000077,0,0.1686172509230496
cost,2011-09-01,PRJ_CODE_N18000078,0,0.37392692656481336
cost,2011-09-01,PRJ_CODE_N18000079,0,0.31603372556126363
cost,2011-09-01,PRJ_CODE_N18000080,0,0.28111160418655473
cost,2011-09-01,PRJ_CODE_N18000081,0,0.2758911169310845
cost,2011-09-01,PRJ_CODE_N18000082,0,0.20659907188966653
cost,2011-09-01,PRJ_CODE_N18000083,0,0.27033415383772097
cost,2011-09-01,PRJ_CODE_N18000084,0,0.1869541560670463
cost,2011-09-01,PRJ_CODE_N18000085,0,0.40323250031898955
cost,2011-09-01,PRJ_CODE_N18000086,0,0.2142488790860817
cost,2011-09-01,PRJ_CODE_N18000087,0,0.215659782647579
cost,2011-09-01,PRJ_CODE_N18000088,0,0.20532844344257947
cost,2011-09-01,PRJ_CODE_N18000089,0,0.20543161544896923
cost,2011-09-01,PRJ_CODE_N18000090,0,0.173087300356203
cost,2011-09-01,PRJ_CODE_N18000091,0,0.15386288769378548
cost,2011-09-01,PRJ_CODE_N18000092,0,0.16061709706288524
cost,2011-09-01,PRJ_CODE_N18000093,0,0.18962489086194967
cost,2011-09-01,PRJ_CODE_N18000094,0,0.17942375837541036
cost,2011-09-01,PRJ_CODE_N18000095,0,0.18000818659484527
cost,2011-09-01,PRJ_CODE_N18000096,0,0.15298935060700855
cost,2011-09-01,PRJ_CODE_N18000097,0,0.16558764230847972
cost,2011-09-01,PRJ_CODE_N18000098,0,0.16670047859604253
cost,2011-09-01,PRJ_CODE_N18000099,0,0.18193022224357608
cost,2011-09-01,PRJ_CODE_N18000100,0,0.2185267261450637
cost,2011-09-01,PRJ_CODE_N18000102,0,0.09728761406343159
cost,2011-09-01,PRJ_CODE_N22000002,0,0.5623354587451959
cost,2011-09-01,PRJ_CODE_N22000027,0,0.26330021520281693
cost,2011-09-01,PRJ_CODE_N22000028,0,0.21010871972938647
cost,2011-09-01,PRJ_CODE_N22000032,0,0.3574165464356617
cost,2011-09-01,PRJ_CODE_N22000034,0,0.39771994704024927
cost,2011-09-01,PRJ_CODE_N22000045,0,0.5503114691682724
cost,2011-09-01,PRJ_CODE_N22000049,0,0.3314549239994966
cost,2011-09-01,PRJ_CODE_N22000052,0,0.5560714836597133
cost,2011-09-01,PRJ_CODE_N22000053,0,0.40750473042566454
cost,2011-09-01,PRJ_CODE_N22000075,0,0.1604728390515015
cost,2011-09-01,PRJ_CODE_N22000076,1,0.19103210287597971
cost,2011-09-01,PRJ_CODE_N22000077,0,0.25078555898788085
cost,2011-09-01,PRJ_CODE_N22000079,0,0.3548739129787221
cost,2011-09-01,PRJ_CODE_N22000080,0,0.3486004935384018
cost,2011-09-01,PRJ_CODE_N22000081,0,0.2788304762908302
cost,2011-09-01,PRJ_CODE_N22000082,0,0.39739851728627607
cost,2011-09-01,PRJ_CODE_N22000083,1,0.6189160525744991
cost,2011-09-01,PRJ_CODE_N22000084,0,0.2743493906754369
cost,2011-09-01,PRJ_CODE_N22000085,0,0.41723782916759067
cost,2011-09-01,PRJ_CODE_N22000086,0,0.41250187268705774
cost,2011-09-01,PRJ_CODE_N22000087,0,0.4481943515186784
cost,2011-09-01,PRJ_CODE_N22000088,1,0.520428242887065
cost,2011-09-01,PRJ_CODE_N22000091,0,0.3029213222009483
cost,2011-09-01,PRJ_CODE_N22000092,0,0.47501509466181663
cost,2011-09-01,PRJ_CODE_N22000093,0,0.5728340582377742
cost,2011-09-01,PRJ_CODE_N22000094,0,0.16151738246418174
cost,2011-09-01,PRJ_CODE_N22000095,1,0.694139697363041
cost,2011-09-01,PRJ_CODE_N22000096,0,0.29065896786475476
cost,2011-09-01,PRJ_CODE_N22000097,0,0.363689042757809
cost,2011-09-01,PRJ_CODE_N22000099,0,0.3980868436884823
cost,2011-09-01,PRJ_CODE_N22000100,0,0.2645543173790988
cost,2011-09-01,PRJ_CODE_N22000101,0,0.39400518095809367
cost,2011-09-01,PRJ_CODE_N22000102,0,0.3305923675886697
cost,2011-09-01,PRJ_CODE_N22000107,0,0.3724066383775533
cost,2011-09-01,PRJ_CODE_N22000108,0,0.3001072357767623
cost,2011-09-01,PRJ_CODE_N22000109,0,0.1782368808305751
cost,2011-09-01,PRJ_CODE_N22000110,0,0.15018087845113356
cost,2011-09-01,PRJ_CODE_N22000111,0,0.15591474647814038
cost,2011-09-01,PRJ_CODE_N22000112,0,0.22700965747937762
cost,2011-09-01,PRJ_CODE_N22000113,0,0.44411149869642386
cost,2011-09-01,PRJ_CODE_N22000114,0,0.3489098210393448
cost,2011-09-01,PRJ_CODE_N22000115,0,0.16991996811032903
cost,2011-09-01,PRJ_CODE_N22000116,0,0.2550206618109043
cost,2011-09-01,PRJ_CODE_N22000117,0,0.27329693704872665
cost,2011-09-01,PRJ_CODE_N22000118,0,0.4097627207770273
cost,2011-09-01,PRJ_CODE_N22000119,0,0.47175207505031724
cost,2011-09-01,PRJ_CODE_N22000120,0,0.2834864462252514
cost,2011-09-01,PRJ_CODE_N22000121,0,0.3799032408769775
cost,2011-09-01,PRJ_CODE_N22000122,0,0.41521118692338466
cost,2011-09-01,PRJ_CODE_N22000123,0,0.3094734139031195
cost,2011-09-01,PRJ_CODE_N22000124,0,0.4472773234139663
cost,2011-09-01,PRJ_CODE_N22000125,0,0.4969828186760282
cost,2011-09-01,PRJ_CODE_N22000126,0,0.4952517512496455
cost,2011-09-01,PRJ_CODE_N22000127,0,0.6064365260517426
cost,2011-09-01,PRJ_CODE_N24000028,0,0.31488044323872993
cost,2011-09-01,PRJ_CODE_N24000031,0,0.24916739999546894
cost,2011-09-01,PRJ_CODE_N24000035,0,0.23461336659863471
cost,2011-09-01,PRJ_CODE_N24000036,0,0.16488581678436656
cost,2011-09-01,PRJ_CODE_N24000038,0,0.20964068603561503
cost,2011-09-01,PRJ_CODE_N24000040,1,0.3937662302992496
cost,2011-09-01,PRJ_CODE_N24000042,0,0.25583226373160617
cost,2011-09-01,PRJ_CODE_N24000044,0,0.28008790908756637
cost,2011-09-01,PRJ_CODE_N24000045,0,0.26742920589605396
cost,2011-09-01,PRJ_CODE_N24000046,0,0.20999052958950085
cost,2011-09-01,PRJ_CODE_N24000047,0,0.21136257448396142
cost,2011-09-01,PRJ_CODE_N24000048,0,0.24799458268251504
cost,2011-09-01,PRJ_CODE_N24000049,0,0.21979847171268688
cost,2011-09-01,PRJ_CODE_N24000051,0,0.25305414909586454
cost,2011-09-01,PRJ_CODE_N24000055,0,0.16140857551158042
cost,2011-09-01,PRJ_CODE_N24000056,0,0.2247524310270561
cost,2011-09-01,PRJ_CODE_N24000057,0,0.43162088378131597
cost,2011-09-01,PRJ_CODE_N24000061,0,0.4175524234096088
cost,2011-09-01,PRJ_CODE_N24000062,0,0.41202089025547933
cost,2011-09-01,PRJ_CODE_N24000063,0,0.2706380879816859
cost,2011-09-01,PRJ_CODE_N24000068,0,0.6047891210598006
cost,2011-09-01,PRJ_CODE_N24000085,0,0.3586143592211632
cost,2011-09-01,PRJ_CODE_N24000088,0,0.25951651755861466
cost,2011-09-01,PRJ_CODE_N24000089,0,0.3376579166571855
cost,2011-09-01,PRJ_CODE_N24000090,0,0.2880868439929767
cost,2011-09-01,PRJ_CODE_N24000094,0,0.26797296341178456
cost,2011-09-01,PRJ_CODE_N24000095,0,0.2870881022997322
cost,2011-09-01,PRJ_CODE_N24000096,0,0.35462563827903903
cost,2011-09-01,PRJ_CODE_N24000097,0,0.34682536272071707
cost,2011-09-01,PRJ_CODE_N24000098,1,0.34722025721102945
cost,2011-09-01,PRJ_CODE_N24000099,0,0.20724371875358139
cost,2011-09-01,PRJ_CODE_N24000100,0,0.23457200188989383
cost,2011-09-01,PRJ_CODE_N24000101,0,0.18972886802004688
cost,2011-09-01,PRJ_CODE_N24000102,0,0.3552782734312087
cost,2011-09-01,PRJ_CODE_N24000103,0,0.2462388258551129
cost,2011-09-01,PRJ_CODE_N24000107,0,0.1849568697995195
cost,2011-09-01,PRJ_CODE_N24000108,0,0.29592076220515656
cost,2011-09-01,PRJ_CODE_N24000115,0,0.6816853410312788
cost,2011-09-01,PRJ_CODE_N24000116,0,0.28126388414789544
cost,2011-09-01,PRJ_CODE_N24000117,0,0.21099277630257496
cost,2011-09-01,PRJ_CODE_N24000118,0,0.2573414205276741
cost,2011-09-01,PRJ_CODE_N24000122,0,0.2601874582561449
cost,2011-09-01,PRJ_CODE_N24000123,0,0.3282316170656975
cost,2011-09-01,PRJ_CODE_N24000124,0,0.3878863343323216
cost,2011-09-01,PRJ_CODE_N24000125,0,0.3198758294434252
cost,2011-09-01,PRJ_CODE_N24000126,0,0.3062460689960879
cost,2011-09-01,PRJ_CODE_N24000127,0,0.4354869257825164
cost,2011-09-01,PRJ_CODE_N24000128,0,0.4370923012429018
cost,2011-09-01,PRJ_CODE_N24000129,0,0.2685579675710028
cost,2011-09-01,PRJ_CODE_N24000130,0,0.5379384061887138
cost,2011-09-01,PRJ_CODE_N24000131,0,0.4736551860360825
cost,2011-09-01,PRJ_CODE_N24000132,0,0.3389966270196796
cost,2011-09-01,PRJ_CODE_N24000133,0,0.5889588328817157
cost,2011-09-01,PRJ_CODE_N24000134,0,0.34294911074074025
cost,2011-09-01,PRJ_CODE_N24000135,0,0.23453716555657994
cost,2011-09-01,PRJ_CODE_N24000136,0,0.16482999648720373
cost,2011-09-01,PRJ_CODE_N24000137,0,0.3496076936541839
cost,2011-09-01,PRJ_CODE_N24000138,0,0.1838570378649504
cost,2011-09-01,PRJ_CODE_N24000139,0,0.21514305881556975
cost,2011-09-01,PRJ_CODE_N24000140,0,0.20491518876029066
cost,2011-09-01,PRJ_CODE_N24000141,0,0.3214153887395063
cost,2011-09-01,PRJ_CODE_N24000142,0,0.31459564385950617
cost,2011-09-01,PRJ_CODE_N24000143,0,0.29089239790501703
cost,2011-09-01,PRJ_CODE_N24000144,0,0.16072256017636566
cost,2011-09-01,PRJ_CODE_N24000145,0,0.1469031107308706
cost,2011-09-01,PRJ_CODE_N24000146,0,0.1396200128147694
cost,2011-09-01,PRJ_CODE_N24000147,0,0.33626028455391466
cost,2011-09-01,PRJ_CODE_N24000148,0,0.7068837841740453
cost,2011-09-01,PRJ_CODE_N24000149,0,0.2328738269364107
cost,2011-09-01,PRJ_CODE_N24000150,0,0.15253072408555077
cost,2011-09-01,PRJ_CODE_N24000151,0,0.18329008575103575
cost,2011-09-01,PRJ_CODE_N24000152,0,0.13227926173719168
cost,2011-09-01,PRJ_CODE_N24000153,0,0.14768954781518095
cost,2011-09-01,PRJ_CODE_N24000154,0,0.203523352170636
cost,2011-09-01,PRJ_CODE_N24000155,0,0.13914044363096045
cost,2011-09-01,PRJ_CODE_N24000156,0,0.14208277714220566
cost,2011-09-01,PRJ_CODE_N24000157,0,0.13277658071610748
cost,2011-09-01,PRJ_CODE_N24000158,0,0.11953365412682526
cost,2011-09-01,PRJ_CODE_N24000159,0,0.1108447156193739
cost,2011-09-01,PRJ_CODE_N24000160,0,0.1907938954424258
cost,2011-09-01,PRJ_CODE_N24000161,0,0.35011235060265394
cost,2011-09-01,PRJ_CODE_N24000162,0,0.1358927203375497
cost,2011-09-01,PRJ_CODE_N24000163,0,0.17420633812454292
cost,2011-09-01,PRJ_CODE_N24000165,0,0.2193682888817137
cost,2011-09-01,PRJ_CODE_N24000166,0,0.15479588521053753
cost,2011-09-01,PRJ_CODE_N24000167,0,0.18562772940059605
cost,2011-09-01,PRJ_CODE_N24000168,0,0.16204941188282826
cost,2011-09-01,PRJ_CODE_N24000169,0,0.15206965075493675
cost,2011-09-01,PRJ_CODE_N24000170,0,0.15219894975458148
cost,2011-09-01,PRJ_CODE_N24000171,0,0.11110514942527835
cost,2011-09-01,PRJ_CODE_N24000172,0,0.16165487292434605
cost,2011-09-01,PRJ_CODE_N24000173,0,0.14188686076618282
cost,2011-09-01,PRJ_CODE_N25000003,0,0.4915589658759568
cost,2011-09-01,PRJ_CODE_N25000004,0,0.1807390125740334
cost,2011-09-01,PRJ_CODE_N25000014,0,0.2660548313385687
cost,2011-09-01,PRJ_CODE_N25000016,0,0.3114879449266796
cost,2011-09-01,PRJ_CODE_N25000031,0,0.44043552716451057
cost,2011-09-01,PRJ_CODE_N25000033,0,0.35630806002691795
cost,2011-09-01,PRJ_CODE_N25000035,0,0.46532624182854426
cost,2011-09-01,PRJ_CODE_N25000037,0,0.4039763180471096
cost,2011-09-01,PRJ_CODE_N25000038,0,0.4144423401968489
cost,2011-09-01,PRJ_CODE_N25000039,0,0.43309175102173564
cost,2011-09-01,PRJ_CODE_N25000042,0,0.43221467078355946
cost,2011-09-01,PRJ_CODE_N25000043,0,0.27009379162127306
cost,2011-09-01,PRJ_CODE_N25000047,0,0.5388129184847303
cost,2011-09-01,PRJ_CODE_N25000048,0,0.33417879144493573
cost,2011-09-01,PRJ_CODE_N25000049,0,0.21198908309471468
cost,2011-09-01,PRJ_CODE_N25000050,0,0.44837429003558577
cost,2011-09-01,PRJ_CODE_N25000051,0,0.3185434424503767
cost,2011-09-01,PRJ_CODE_N25000052,0,0.17933224118477653
cost,2011-09-01,PRJ_CODE_N25000053,0,0.2749431382903753
cost,2011-09-01,PRJ_CODE_N25000054,0,0.18332922774896782
cost,2011-09-01,PRJ_CODE_N25000055,0,0.2140691082958673
cost,2011-09-01,PRJ_CODE_N25000056,0,0.19714520909407768
cost,2011-09-01,PRJ_CODE_N25000058,0,0.22733457837007592
cost,2011-09-01,PRJ_CODE_N25000059,1,0.6591101808065736
cost,2011-09-01,PRJ_CODE_N26000011,0,0.16065391946288254
cost,2011-09-01,PRJ_CODE_N26000016,0,0.13449822451780616
cost,2011-09-01,PRJ_CODE_N26000029,0,0.5108667463890082
cost,2011-09-01,PRJ_CODE_N26000039,0,0.24814143962359536
cost,2011-09-01,PRJ_CODE_N26000040,0,0.126027718588786
cost,2011-09-01,PRJ_CODE_N26000041,0,0.12694683423269587
cost,2011-09-01,PRJ_CODE_N26000043,0,0.35254904744423066
cost,2011-09-01,PRJ_CODE_N26000046,0,0.26580612289888156
cost,2011-09-01,PRJ_CODE_N26000050,0,0.13705616299618112
cost,2011-09-01,PRJ_CODE_N26000058,0,0.37611161486743583
cost,2011-09-01,PRJ_CODE_N26000062,0,0.12247213584677025
cost,2011-09-01,PRJ_CODE_N26000063,0,0.41177691400052546
cost,2011-09-01,PRJ_CODE_N26000065,0,0.22608132885492677
cost,2011-09-01,PRJ_CODE_N26000066,0,0.17588261079911316
cost,2011-09-01,PRJ_CODE_N26000067,0,0.19657939354978582
cost,2011-09-01,PRJ_CODE_N26000068,0,0.16188438047702353
cost,2011-09-01,PRJ_CODE_N26000069,0,0.15744216194161942
cost,2011-09-01,PRJ_CODE_N26000070,0,0.2169658709566204
cost,2011-09-01,PRJ_CODE_N26000071,0,0.16057173934695013
cost,2011-09-01,PRJ_CODE_N26000072,0,0.2513747613000323
cost,2011-09-01,PRJ_CODE_N26000073,0,0.15744216194161942
cost,2011-09-01,PRJ_CODE_N26000074,0,0.18024958050926956
cost,2011-09-01,PRJ_CODE_N26000078,0,0.45174456438226324
cost,2011-09-01,PRJ_CODE_N26000081,0,0.2652675508980955
cost,2011-09-01,PRJ_CODE_N26000082,0,0.34171793580573734
cost,2011-09-01,PRJ_CODE_N26000083,0,0.2361409767310501
cost,2011-09-01,PRJ_CODE_N26000084,0,0.17796343747636015
cost,2011-09-01,PRJ_CODE_N26000085,0,0.16572867024883411
cost,2011-09-01,PRJ_CODE_N26000086,0,0.14370149479803707
cost,2011-09-01,PRJ_CODE_N26000087,0,0.20357548778283255
cost,2011-09-01,PRJ_CODE_N26000088,0,0.30537108210691916
cost,2011-09-01,PRJ_CODE_N26000089,0,0.2983692569452104
cost,2011-09-01,PRJ_CODE_N26000090,0,0.29524181120246806
cost,2011-09-01,PRJ_CODE_N26000091,0,0.5505108508124662
cost,2011-09-01,PRJ_CODE_N26000092,0,0.4413352881921675
cost,2011-09-01,PRJ_CODE_N26000093,0,0.2825443030956255
cost,2011-09-01,PRJ_CODE_N26000094,0,0.4701636117646139
cost,2011-09-01,PRJ_CODE_N26000095,0,0.2469494433609865
cost,2011-09-01,PRJ_CODE_N26000096,0,0.3388151318973868
cost,2011-09-01,PRJ_CODE_N28000008,0,0.19567029875653436
cost,2011-09-01,PRJ_CODE_N28000048,0,0.5856493173080956
cost,2011-09-01,PRJ_CODE_N28000056,0,0.22851728196416735
cost,2011-09-01,PRJ_CODE_N28000057,0,0.1391037151706807
cost,2011-12-01,PRJ_CODE_020100040,0,0.43702617211212863
cost,2011-12-01,PRJ_CODE_020100044,0,0.42344894995460136
cost,2011-12-01,PRJ_CODE_060100087,1,0.6072692706461152
cost,2011-12-01,PRJ_CODE_060100089,0,0.33965447865254217
cost,2011-12-01,PRJ_CODE_060100092,0,0.33171136593834394
cost,2011-12-01,PRJ_CODE_060100093,0,0.2980031925871613
cost,2011-12-01,PRJ_CODE_060100094,0,0.36190730955253464
cost,2011-12-01,PRJ_CODE_060100096,0,0.6081958757112231
cost,2011-12-01,PRJ_CODE_120100067,0,0.15727733436673272
cost,2011-12-01,PRJ_CODE_160100215,0,0.4428957980790394
cost,2011-12-01,PRJ_CODE_160100216,0,0.4396688842579099
cost,2011-12-01,PRJ_CODE_160100217,0,0.4226835264673689
cost,2011-12-01,PRJ_CODE_160100231,0,0.3932010887559018
cost,2011-12-01,PRJ_CODE_180100165,0,0.344116659218648
cost,2011-12-01,PRJ_CODE_180100184,0,0.730596179653653
cost,2011-12-01,PRJ_CODE_180100210,0,0.5726958067025585
cost,2011-12-01,PRJ_CODE_180100211,0,0.581584710504606
cost,2011-12-01,PRJ_CODE_180100221,0,0.40960191330995627
cost,2011-12-01,PRJ_CODE_180100222,0,0.3006535467673918
cost,2011-12-01,PRJ_CODE_180100229,0,0.4879506681483348
cost,2011-12-01,PRJ_CODE_180100239,0,0.5930492252631513
cost,2011-12-01,PRJ_CODE_180100241,0,0.32491534937273947
cost,2011-12-01,PRJ_CODE_180100242,0,0.5162294502186207
cost,2011-12-01,PRJ_CODE_180100243,0,0.20477244089876076
cost,2011-12-01,PRJ_CODE_180100246,0,0.4412145814393293
cost,2011-12-01,PRJ_CODE_180100250,0,0.22643783366367665
cost,2011-12-01,PRJ_CODE_180100251,0,0.4439360202717505
cost,2011-12-01,PRJ_CODE_180100258,0,0.6936729788961058
cost,2011-12-01,PRJ_CODE_180100260,1,0.6181366971921711
cost,2011-12-01,PRJ_CODE_220100007,0,0.7023536809679826
cost,2011-12-01,PRJ_CODE_220100009,0,0.4235572409307165
cost,2011-12-01,PRJ_CODE_220100062,0,0.39711366949806065
cost,2011-12-01,PRJ_CODE_220100106,0,0.5926515740540996
cost,2011-12-01,PRJ_CODE_220100118,0,0.2706512077614862
cost,2011-12-01,PRJ_CODE_220100133,0,0.6573256210632294
cost,2011-12-01,PRJ_CODE_220100135,0,0.5504124878123834
cost,2011-12-01,PRJ_CODE_220100148,0,0.31958103216125394
cost,2011-12-01,PRJ_CODE_220100149,0,0.4203343603720645
cost,2011-12-01,PRJ_CODE_220100151,0,0.6626810090622853
cost,2011-12-01,PRJ_CODE_220100164,0,0.3843931043074718
cost,2011-12-01,PRJ_CODE_220100168,0,0.4815480605533364
cost,2011-12-01,PRJ_CODE_220100181,0,0.4926745779323152
cost,2011-12-01,PRJ_CODE_220100183,0,0.48883772369478057
cost,2011-12-01,PRJ_CODE_220100184,0,0.5181963541144511
cost,2011-12-01,PRJ_CODE_220100186,0,0.46132458118929254
cost,2011-12-01,PRJ_CODE_220100188,0,0.34321257109976444
cost,2011-12-01,PRJ_CODE_220100190,0,0.5551318023528683
cost,2011-12-01,PRJ_CODE_220100191,0,0.5902230440726106
cost,2011-12-01,PRJ_CODE_220100192,0,0.42096691952612164
cost,2011-12-01,PRJ_CODE_220100193,0,0.4931393565328512
cost,2011-12-01,PRJ_CODE_220100194,0,0.7225531205876257
cost,2011-12-01,PRJ_CODE_220100197,0,0.5964478922070177
cost,2011-12-01,PRJ_CODE_220100201,0,0.6098529717436826
cost,2011-12-01,PRJ_CODE_220100205,0,0.4821808424425206
cost,2011-12-01,PRJ_CODE_220100208,0,0.4106381438920892
cost,2011-12-01,PRJ_CODE_220100212,0,0.673441110077619
cost,2011-12-01,PRJ_CODE_220100214,0,0.5486434712667866
cost,2011-12-01,PRJ_CODE_220100220,0,0.5450273140740786
cost,2011-12-01,PRJ_CODE_220100222,0,0.6483233883512818
cost,2011-12-01,PRJ_CODE_220100232,0,0.5306014922684225
cost,2011-12-01,PRJ_CODE_220100233,0,0.4459277490264913
cost,2011-12-01,PRJ_CODE_220100240,0,0.4580958214197636
cost,2011-12-01,PRJ_CODE_220100241,0,0.48623574182997314
cost,2011-12-01,PRJ_CODE_220100243,0,0.7219693966009271
cost,2011-12-01,PRJ_CODE_220100247,0,0.4620431439862801
cost,2011-12-01,PRJ_CODE_220100252,0,0.357385375688462
cost,2011-12-01,PRJ_CODE_220100254,0,0.5045322607646574
cost,2011-12-01,PRJ_CODE_220100255,0,0.5470876733099563
cost,2011-12-01,PRJ_CODE_220100256,0,0.42606811179244986
cost,2011-12-01,PRJ_CODE_220100257,0,0.5891389873948703
cost,2011-12-01,PRJ_CODE_220100258,0,0.54777727013325
cost,2011-12-01,PRJ_CODE_220100260,0,0.6709279063290049
cost,2011-12-01,PRJ_CODE_220100262,0,0.5699774596556035
cost,2011-12-01,PRJ_CODE_220100263,0,0.5661409629479723
cost,2011-12-01,PRJ_CODE_220100265,0,0.5065171178470547
cost,2011-12-01,PRJ_CODE_220100266,0,0.46856897946223575
cost,2011-12-01,PRJ_CODE_220100268,0,0.6958543716410367
cost,2011-12-01,PRJ_CODE_220100270,0,0.5161657595774833
cost,2011-12-01,PRJ_CODE_220100272,0,0.35474772023131823
cost,2011-12-01,PRJ_CODE_220100273,0,0.40914850257152263
cost,2011-12-01,PRJ_CODE_220100274,0,0.5211408859792238
cost,2011-12-01,PRJ_CODE_220100277,0,0.522226081184165
cost,2011-12-01,PRJ_CODE_220100279,0,0.7001148977247528
cost,2011-12-01,PRJ_CODE_220100280,1,0.5306143526086788
cost,2011-12-01,PRJ_CODE_220100284,0,0.40587839422062766
cost,2011-12-01,PRJ_CODE_220100285,0,0.3975487857533716
cost,2011-12-01,PRJ_CODE_220100286,0,0.5603168523905786
cost,2011-12-01,PRJ_CODE_220100288,0,0.5168842791904761
cost,2011-12-01,PRJ_CODE_220100303,0,0.5662200880565598
cost,2011-12-01,PRJ_CODE_220100304,0,0.5982903422025555
cost,2011-12-01,PRJ_CODE_220100305,0,0.559850227408016
cost,2011-12-01,PRJ_CODE_220100306,0,0.5648359616165394
cost,2011-12-01,PRJ_CODE_220100307,0,0.6007529464424253
cost,2011-12-01,PRJ_CODE_220100308,0,0.4947273304637467
cost,2011-12-01,PRJ_CODE_220100313,0,0.4357667619652652
cost,2011-12-01,PRJ_CODE_220100314,0,0.5402909664220018
cost,2011-12-01,PRJ_CODE_220100315,0,0.48936049873753834
cost,2011-12-01,PRJ_CODE_220100316,0,0.5597609385288568
cost,2011-12-01,PRJ_CODE_220100319,0,0.5120679063725595
cost,2011-12-01,PRJ_CODE_220100321,0,0.6623841021601227
cost,2011-12-01,PRJ_CODE_220100323,0,0.2860898156886333
cost,2011-12-01,PRJ_CODE_220100324,0,0.5044446528566535
cost,2011-12-01,PRJ_CODE_220100325,0,0.4650765240576207
cost,2011-12-01,PRJ_CODE_220100327,0,0.44415952887295346
cost,2011-12-01,PRJ_CODE_220100328,0,0.4251411776731498
cost,2011-12-01,PRJ_CODE_220100329,0,0.38444307216953066
cost,2011-12-01,PRJ_CODE_240100207,0,0.34126626506317403
cost,2011-12-01,PRJ_CODE_240101132,0,0.41079789762328683
cost,2011-12-01,PRJ_CODE_240101133,0,0.40283382813216306
cost,2011-12-01,PRJ_CODE_240101153,0,0.48521011124822916
cost,2011-12-01,PRJ_CODE_240101173,0,0.393353782660424
cost,2011-12-01,PRJ_CODE_240104196,0,0.4482204980066746
cost,2011-12-01,PRJ_CODE_240106204,0,0.3326683768880028
cost,2011-12-01,PRJ_CODE_240106205,0,0.28454895276496994
cost,2011-12-01,PRJ_CODE_240106216,0,0.43479756986247176
cost,2011-12-01,PRJ_CODE_240106221,0,0.4456119632961785
cost,2011-12-01,PRJ_CODE_240106226,0,0.3012962529913067
cost,2011-12-01,PRJ_CODE_240106235,0,0.46003237141233916
cost,2011-12-01,PRJ_CODE_240106236,0,0.4644627230987842
cost,2011-12-01,PRJ_CODE_240106237,0,0.37863573739927664
cost,2011-12-01,PRJ_CODE_240106243,0,0.2798239279540722
cost,2011-12-01,PRJ_CODE_240106244,0,0.23400742813511408
cost,2011-12-01,PRJ_CODE_240106250,0,0.282202753495665
cost,2011-12-01,PRJ_CODE_240106260,0,0.3388542201031088
cost,2011-12-01,PRJ_CODE_240106277,0,0.3718109122899882
cost,2011-12-01,PRJ_CODE_240106278,0,0.4306038163473729
cost,2011-12-01,PRJ_CODE_240106279,0,0.44147251025941
cost,2011-12-01,PRJ_CODE_240106280,0,0.46086332695401017
cost,2011-12-01,PRJ_CODE_240106281,0,0.3408725490331072
cost,2011-12-01,PRJ_CODE_240106288,0,0.2958553134158433
cost,2011-12-01,PRJ_CODE_240106290,0,0.25643188361661545
cost,2011-12-01,PRJ_CODE_240106292,0,0.24742637066591122
cost,2011-12-01,PRJ_CODE_240106293,0,0.34636065686994016
cost,2011-12-01,PRJ_CODE_240106294,0,0.24588750281479155
cost,2011-12-01,PRJ_CODE_240106297,0,0.35806668970494815
cost,2011-12-01,PRJ_CODE_240106300,0,0.26814309021206173
cost,2011-12-01,PRJ_CODE_240106301,0,0.3078300176137335
cost,2011-12-01,PRJ_CODE_240106303,0,0.32008215479766317
cost,2011-12-01,PRJ_CODE_240106304,0,0.36993128246597157
cost,2011-12-01,PRJ_CODE_240106305,0,0.2962018909286767
cost,2011-12-01,PRJ_CODE_250100112,0,0.2543554099758101
cost,2011-12-01,PRJ_CODE_250100175,0,0.3938383308390097
cost,2011-12-01,PRJ_CODE_260100099,0,0.4491780499157555
cost,2011-12-01,PRJ_CODE_300100001,0,0.35786337519207256
cost,2011-12-01,PRJ_CODE_N02000007,0,0.5191141130229732
cost,2011-12-01,PRJ_CODE_N02000010,0,0.276813192008056
cost,2011-12-01,PRJ_CODE_N02000027,0,0.3627988020144272
cost,2011-12-01,PRJ_CODE_N04000037,0,0.35354956769843315
cost,2011-12-01,PRJ_CODE_N04000038,0,0.401564241767803
cost,2011-12-01,PRJ_CODE_N04000050,0,0.23882403572943064
cost,2011-12-01,PRJ_CODE_N04000065,0,0.1985763969890555
cost,2011-12-01,PRJ_CODE_N04000069,0,0.2322346516766691
cost,2011-12-01,PRJ_CODE_N06000007,0,0.3010363347324435
cost,2011-12-01,PRJ_CODE_N06000008,0,0.3905812719314177
cost,2011-12-01,PRJ_CODE_N06000009,0,0.6759653488854677
cost,2011-12-01,PRJ_CODE_N06000010,0,0.6196097150383162
cost,2011-12-01,PRJ_CODE_N06000015,0,0.2606568668384214
cost,2011-12-01,PRJ_CODE_N06000016,0,0.29634518872062493
cost,2011-12-01,PRJ_CODE_N06000017,0,0.3131547450557512
cost,2011-12-01,PRJ_CODE_N06000019,0,0.193330330912898
cost,2011-12-01,PRJ_CODE_N06000020,0,0.29277425490031256
cost,2011-12-01,PRJ_CODE_N06000025,0,0.2086342332930441
cost,2011-12-01,PRJ_CODE_N06000033,0,0.5178873699064669
cost,2011-12-01,PRJ_CODE_N06000034,0,0.4692029751702402
cost,2011-12-01,PRJ_CODE_N06000035,0,0.4308067330952536
cost,2011-12-01,PRJ_CODE_N06000042,0,0.45235732014961505
cost,2011-12-01,PRJ_CODE_N06000043,0,0.3810247292216899
cost,2011-12-01,PRJ_CODE_N06000044,0,0.36495523378262973
cost,2011-12-01,PRJ_CODE_N06000045,0,0.16788031117978305
cost,2011-12-01,PRJ_CODE_N06000046,0,0.4086700337929604
cost,2011-12-01,PRJ_CODE_N06000047,0,0.597195431791
cost,2011-12-01,PRJ_CODE_N06000048,0,0.38190069481698896
cost,2011-12-01,PRJ_CODE_N06000049,0,0.15411493566411363
cost,2011-12-01,PRJ_CODE_N06000056,0,0.16131973697407226
cost,2011-12-01,PRJ_CODE_N06000066,0,0.5032559559380131
cost,2011-12-01,PRJ_CODE_N06000067,0,0.25190878716855103
cost,2011-12-01,PRJ_CODE_N06000068,0,0.41778225648606465
cost,2011-12-01,PRJ_CODE_N06000075,0,0.1259466106458899
cost,2011-12-01,PRJ_CODE_N06000076,0,0.13514740471946918
cost,2011-12-01,PRJ_CODE_N06000078,0,0.2298889113659855
cost,2011-12-01,PRJ_CODE_N06000079,0,0.24203451647249885
cost,2011-12-01,PRJ_CODE_N06000080,0,0.29438526622120553
cost,2011-12-01,PRJ_CODE_N06000081,0,0.40429581547356974
cost,2011-12-01,PRJ_CODE_N06000082,0,0.170324454534207
cost,2011-12-01,PRJ_CODE_N06000083,0,0.19176893881384066
cost,2011-12-01,PRJ_CODE_N06000084,0,0.1852583207583967
cost,2011-12-01,PRJ_CODE_N06000085,0,0.25756532625434403
cost,2011-12-01,PRJ_CODE_N06000086,0,0.25161088800663384
cost,2011-12-01,PRJ_CODE_N06000087,0,0.11271959763522253
cost,2011-12-01,PRJ_CODE_N06000088,0,0.2900397711221426
cost,2011-12-01,PRJ_CODE_N06000089,0,0.08991298853298574
cost,2011-12-01,PRJ_CODE_N06000091,0,0.29702610417686237
cost,2011-12-01,PRJ_CODE_N06000093,0,0.23026904168074447
cost,2011-12-01,PRJ_CODE_N06000094,0,0.11678578411090315
cost,2011-12-01,PRJ_CODE_N06000095,0,0.2625492511024748
cost,2011-12-01,PRJ_CODE_N06000096,0,0.1271771535001551
cost,2011-12-01,PRJ_CODE_N06000098,0,0.1163530908833924
cost,2011-12-01,PRJ_CODE_N08000003,0,0.30247430256889823
cost,2011-12-01,PRJ_CODE_N08000004,0,0.29176833115398954
cost,2011-12-01,PRJ_CODE_N08000005,0,0.28699793030247905
cost,2011-12-01,PRJ_CODE_N08000006,0,0.18593305887629913
cost,2011-12-01,PRJ_CODE_N08000007,0,0.183924816110807
cost,2011-12-01,PRJ_CODE_N08000008,0,0.16242977318297888
cost,2011-12-01,PRJ_CODE_N12000018,0,0.26136220599012205
cost,2011-12-01,PRJ_CODE_N12000023,0,0.18821528399336312
cost,2011-12-01,PRJ_CODE_N12000033,0,0.3466469204172868
cost,2011-12-01,PRJ_CODE_N12000038,0,0.20286256521321222
cost,2011-12-01,PRJ_CODE_N12000051,0,0.16182046717057866
cost,2011-12-01,PRJ_CODE_N12000053,0,0.3006708554627091
cost,2011-12-01,PRJ_CODE_N12000055,0,0.2793505667262408
cost,2011-12-01,PRJ_CODE_N12000056,0,0.2756351960438241
cost,2011-12-01,PRJ_CODE_N12000057,0,0.22429302838076828
cost,2011-12-01,PRJ_CODE_N12000068,0,0.21992034231298133
cost,2011-12-01,PRJ_CODE_N12000069,0,0.22954041825052357
cost,2011-12-01,PRJ_CODE_N12000072,0,0.17047624331623748
cost,2011-12-01,PRJ_CODE_N12000073,0,0.16297357873575852
cost,2011-12-01,PRJ_CODE_N12000074,0,0.2329623277828848
cost,2011-12-01,PRJ_CODE_N12000075,0,0.151523070659602
cost,2011-12-01,PRJ_CODE_N16000009,0,0.5962769030339486
cost,2011-12-01,PRJ_CODE_N16000023,0,0.6891798295236408
cost,2011-12-01,PRJ_CODE_N16000030,0,0.1947235462903505
cost,2011-12-01,PRJ_CODE_N16000031,0,0.26180745972100233
cost,2011-12-01,PRJ_CODE_N16000032,0,0.2269449343234425
cost,2011-12-01,PRJ_CODE_N16000033,0,0.18587591586759625
cost,2011-12-01,PRJ_CODE_N16000039,0,0.3485167003326482
cost,2011-12-01,PRJ_CODE_N16000044,0,0.21322224769363812
cost,2011-12-01,PRJ_CODE_N16000045,0,0.18778656263087262
cost,2011-12-01,PRJ_CODE_N16000046,0,0.258860016912235
cost,2011-12-01,PRJ_CODE_N16000050,0,0.6828819603079007
cost,2011-12-01,PRJ_CODE_N16000051,0,0.5052236590240243
cost,2011-12-01,PRJ_CODE_N16000054,0,0.6785937964089033
cost,2011-12-01,PRJ_CODE_N16000057,0,0.4999597586612606
cost,2011-12-01,PRJ_CODE_N16000058,0,0.18336289132602399
cost,2011-12-01,PRJ_CODE_N16000059,0,0.309136783787673
cost,2011-12-01,PRJ_CODE_N16000060,0,0.43937739967073053
cost,2011-12-01,PRJ_CODE_N16000061,0,0.36099772767219906
cost,2011-12-01,PRJ_CODE_N16000062,0,0.5794664242192102
cost,2011-12-01,PRJ_CODE_N16000063,0,0.2627617467800416
cost,2011-12-01,PRJ_CODE_N16000064,0,0.7580705400555166
cost,2011-12-01,PRJ_CODE_N16000065,0,0.16142257862923487
cost,2011-12-01,PRJ_CODE_N16000066,0,0.3532808566395994
cost,2011-12-01,PRJ_CODE_N16000068,0,0.6837929711795169
cost,2011-12-01,PRJ_CODE_N16000069,0,0.8389389206961174
cost,2011-12-01,PRJ_CODE_N16000070,0,0.5480034154768852
cost,2011-12-01,PRJ_CODE_N16000071,0,0.5760028073040803
cost,2011-12-01,PRJ_CODE_N16000072,0,0.48083942020541703
cost,2011-12-01,PRJ_CODE_N16000073,0,0.7187009458546826
cost,2011-12-01,PRJ_CODE_N16000081,0,0.2194414308541722
cost,2011-12-01,PRJ_CODE_N16000083,0,0.283268627809272
cost,2011-12-01,PRJ_CODE_N16000084,0,0.19280917935167569
cost,2011-12-01,PRJ_CODE_N16000086,0,0.28482451729575936
cost,2011-12-01,PRJ_CODE_N16000088,0,0.8438163695939321
cost,2011-12-01,PRJ_CODE_N16000089,0,0.4464280826105628
cost,2011-12-01,PRJ_CODE_N16000090,0,0.8266034758293693
cost,2011-12-01,PRJ_CODE_N16000093,0,0.5048060223296158
cost,2011-12-01,PRJ_CODE_N16000094,0,0.4590419400420666
cost,2011-12-01,PRJ_CODE_N16000096,0,0.2791052950845899
cost,2011-12-01,PRJ_CODE_N16000098,0,0.16917073136372393
cost,2011-12-01,PRJ_CODE_N16000101,0,0.3107248537235803
cost,2011-12-01,PRJ_CODE_N16000102,0,0.5551673074105894
cost,2011-12-01,PRJ_CODE_N16000103,0,0.24338978106500253
cost,2011-12-01,PRJ_CODE_N16000104,0,0.3546015774264522
cost,2011-12-01,PRJ_CODE_N16000105,0,0.20586494110258133
cost,2011-12-01,PRJ_CODE_N16000106,0,0.20977497044793963
cost,2011-12-01,PRJ_CODE_N16000107,0,0.21575772029193874
cost,2011-12-01,PRJ_CODE_N16000108,0,0.27297101144938424
cost,2011-12-01,PRJ_CODE_N16000109,0,0.5355738792589716
cost,2011-12-01,PRJ_CODE_N16000110,0,0.26828088471842243
cost,2011-12-01,PRJ_CODE_N16000112,0,0.2951610587993368
cost,2011-12-01,PRJ_CODE_N16000113,0,0.32392260710186466
cost,2011-12-01,PRJ_CODE_N16000114,0,0.37314081422882833
cost,2011-12-01,PRJ_CODE_N16000115,0,0.24803672906701393
cost,2011-12-01,PRJ_CODE_N16000116,0,0.20894856188279057
cost,2011-12-01,PRJ_CODE_N16000117,0,0.334090115620435
cost,2011-12-01,PRJ_CODE_N16000118,0,0.2833848328376209
cost,2011-12-01,PRJ_CODE_N16000119,0,0.2567138062335563
cost,2011-12-01,PRJ_CODE_N16000120,0,0.14544229133375863
cost,2011-12-01,PRJ_CODE_N16000121,0,0.14283068592622114
cost,2011-12-01,PRJ_CODE_N16000122,0,0.14544229133375863
cost,2011-12-01,PRJ_CODE_N16000123,0,0.17858572741182702
cost,2011-12-01,PRJ_CODE_N16000126,0,0.212825298014586
cost,2011-12-01,PRJ_CODE_N16000127,0,0.1327255541655478
cost,2011-12-01,PRJ_CODE_N16000128,0,0.16233186167034108
cost,2011-12-01,PRJ_CODE_N16000129,0,0.3320047380555377
cost,2011-12-01,PRJ_CODE_N18000004,0,0.31711954985977386
cost,2011-12-01,PRJ_CODE_N18000005,0,0.39994581883835045
cost,2011-12-01,PRJ_CODE_N18000006,0,0.3406554397822689
cost,2011-12-01,PRJ_CODE_N18000007,0,0.3553867447662611
cost,2011-12-01,PRJ_CODE_N18000010,0,0.3108263252484374
cost,2011-12-01,PRJ_CODE_N18000014,0,0.47067879055345907
cost,2011-12-01,PRJ_CODE_N18000018,0,0.6658133510221724
cost,2011-12-01,PRJ_CODE_N18000022,0,0.332077530573024
cost,2011-12-01,PRJ_CODE_N18000024,0,0.5242154811360852
cost,2011-12-01,PRJ_CODE_N18000031,0,0.38577798569637006
cost,2011-12-01,PRJ_CODE_N18000032,0,0.4607085923127556
cost,2011-12-01,PRJ_CODE_N18000033,0,0.24610731465733454
cost,2011-12-01,PRJ_CODE_N18000035,0,0.355002939178627
cost,2011-12-01,PRJ_CODE_N18000041,0,0.43835008526264024
cost,2011-12-01,PRJ_CODE_N18000042,0,0.17953825069517318
cost,2011-12-01,PRJ_CODE_N18000045,0,0.34811204950487207
cost,2011-12-01,PRJ_CODE_N18000046,0,0.3498452505983056
cost,2011-12-01,PRJ_CODE_N18000047,0,0.2840186076825018
cost,2011-12-01,PRJ_CODE_N18000048,0,0.2492294384793843
cost,2011-12-01,PRJ_CODE_N18000049,0,0.241470602837309
cost,2011-12-01,PRJ_CODE_N18000051,0,0.22660399386761262
cost,2011-12-01,PRJ_CODE_N18000052,0,0.2014707067585488
cost,2011-12-01,PRJ_CODE_N18000053,0,0.2398298928181517
cost,2011-12-01,PRJ_CODE_N18000054,0,0.2502573276348551
cost,2011-12-01,PRJ_CODE_N18000056,0,0.2404425416341151
cost,2011-12-01,PRJ_CODE_N18000058,0,0.22223645948808102
cost,2011-12-01,PRJ_CODE_N18000061,0,0.3848986184998151
cost,2011-12-01,PRJ_CODE_N18000062,0,0.2260471931164339
cost,2011-12-01,PRJ_CODE_N18000063,0,0.2714081642799477
cost,2011-12-01,PRJ_CODE_N18000064,0,0.4779807638221683
cost,2011-12-01,PRJ_CODE_N18000065,0,0.40553435319302794
cost,2011-12-01,PRJ_CODE_N18000066,0,0.41165149738934664
cost,2011-12-01,PRJ_CODE_N18000067,0,0.18308916257094504
cost,2011-12-01,PRJ_CODE_N18000068,0,0.48639427931524837
cost,2011-12-01,PRJ_CODE_N18000069,0,0.37692022906609357
cost,2011-12-01,PRJ_CODE_N18000071,0,0.35611513038333936
cost,2011-12-01,PRJ_CODE_N18000072,0,0.42056745094437337
cost,2011-12-01,PRJ_CODE_N18000073,0,0.41380211000232303
cost,2011-12-01,PRJ_CODE_N18000076,0,0.27330679507230266
cost,2011-12-01,PRJ_CODE_N18000077,0,0.17280558071466634
cost,2011-12-01,PRJ_CODE_N18000078,0,0.29261550802192793
cost,2011-12-01,PRJ_CODE_N18000079,0,0.18800897932852356
cost,2011-12-01,PRJ_CODE_N18000080,0,0.2318284754208527
cost,2011-12-01,PRJ_CODE_N18000081,0,0.24067998545531813
cost,2011-12-01,PRJ_CODE_N18000082,0,0.16314370249335303
cost,2011-12-01,PRJ_CODE_N18000083,0,0.19614754914935814
cost,2011-12-01,PRJ_CODE_N18000084,0,0.20722235455196408
cost,2011-12-01,PRJ_CODE_N18000085,0,0.21394764707751138
cost,2011-12-01,PRJ_CODE_N18000086,0,0.19415736781692997
cost,2011-12-01,PRJ_CODE_N18000087,0,0.2855926679148403
cost,2011-12-01,PRJ_CODE_N18000088,0,0.24143834665334882
cost,2011-12-01,PRJ_CODE_N18000089,0,0.319201509324904
cost,2011-12-01,PRJ_CODE_N18000090,0,0.15803060167519095
cost,2011-12-01,PRJ_CODE_N18000091,0,0.19599601807415465
cost,2011-12-01,PRJ_CODE_N18000092,0,0.1737311171018052
cost,2011-12-01,PRJ_CODE_N18000093,0,0.16698904941863799
cost,2011-12-01,PRJ_CODE_N18000094,0,0.2525373056420565
cost,2011-12-01,PRJ_CODE_N18000095,0,0.2639726935813928
cost,2011-12-01,PRJ_CODE_N18000096,0,0.2125704539156872
cost,2011-12-01,PRJ_CODE_N18000097,0,0.27712647909184907
cost,2011-12-01,PRJ_CODE_N18000098,0,0.253949278054605
cost,2011-12-01,PRJ_CODE_N18000099,0,0.1708649822458732
cost,2011-12-01,PRJ_CODE_N18000100,0,0.25301752622344603
cost,2011-12-01,PRJ_CODE_N18000101,0,0.19482416228177746
cost,2011-12-01,PRJ_CODE_N18000102,0,0.1304348826662221
cost,2011-12-01,PRJ_CODE_N18000103,0,0.1425560793976323
cost,2011-12-01,PRJ_CODE_N18000104,0,0.12965193642486628
cost,2011-12-01,PRJ_CODE_N18000105,0,0.1306999821036717
cost,2011-12-01,PRJ_CODE_N18000106,0,0.1456109618201422
cost,2011-12-01,PRJ_CODE_N18000107,0,0.13098873433238029
cost,2011-12-01,PRJ_CODE_N18000108,0,0.13452296270765826
cost,2011-12-01,PRJ_CODE_N18000109,0,0.12909226171579782
cost,2011-12-01,PRJ_CODE_N18000110,0,0.13098873433238029
cost,2011-12-01,PRJ_CODE_N18000111,0,0.1425560793976323
cost,2011-12-01,PRJ_CODE_N18000113,0,0.14541525323737955
cost,2011-12-01,PRJ_CODE_N18000114,0,0.1450413790239458
cost,2011-12-01,PRJ_CODE_N18000115,0,0.1462080787174547
cost,2011-12-01,PRJ_CODE_N18000116,0,0.2042555194470765
cost,2011-12-01,PRJ_CODE_N22000002,0,0.569605898823655
cost,2011-12-01,PRJ_CODE_N22000027,0,0.353688501265117
cost,2011-12-01,PRJ_CODE_N22000028,0,0.21035355695381214
cost,2011-12-01,PRJ_CODE_N22000032,0,0.3591959265605252
cost,2011-12-01,PRJ_CODE_N22000034,0,0.3708923638474244
cost,2011-12-01,PRJ_CODE_N22000045,0,0.4341223640619272
cost,2011-12-01,PRJ_CODE_N22000049,1,0.3730859014213798
cost,2011-12-01,PRJ_CODE_N22000052,0,0.5502056055604224
cost,2011-12-01,PRJ_CODE_N22000053,0,0.43367687087317347
cost,2011-12-01,PRJ_CODE_N22000075,0,0.16458166550902928
cost,2011-12-01,PRJ_CODE_N22000076,0,0.1607747413301683
cost,2011-12-01,PRJ_CODE_N22000077,0,0.33883913963929757
cost,2011-12-01,PRJ_CODE_N22000079,0,0.3168829539210949
cost,2011-12-01,PRJ_CODE_N22000080,0,0.3564910280794152
cost,2011-12-01,PRJ_CODE_N22000081,0,0.3621045025128843
cost,2011-12-01,PRJ_CODE_N22000082,0,0.3699585660800205
cost,2011-12-01,PRJ_CODE_N22000083,1,0.6077877626793935
cost,2011-12-01,PRJ_CODE_N22000084,0,0.2966096531622586
cost,2011-12-01,PRJ_CODE_N22000085,0,0.41241420086045105
cost,2011-12-01,PRJ_CODE_N22000086,0,0.39169661122642047
cost,2011-12-01,PRJ_CODE_N22000087,0,0.42364817228491375
cost,2011-12-01,PRJ_CODE_N22000088,1,0.5711603318334748
cost,2011-12-01,PRJ_CODE_N22000091,0,0.3200954518134894
cost,2011-12-01,PRJ_CODE_N22000092,0,0.4370231923923396
cost,2011-12-01,PRJ_CODE_N22000093,0,0.39585569898806133
cost,2011-12-01,PRJ_CODE_N22000094,0,0.16746460459183554
cost,2011-12-01,PRJ_CODE_N22000095,0,0.4445312259232897
cost,2011-12-01,PRJ_CODE_N22000096,0,0.2658801505814181
cost,2011-12-01,PRJ_CODE_N22000097,0,0.4918182290235986
cost,2011-12-01,PRJ_CODE_N22000099,0,0.35194694465943804
cost,2011-12-01,PRJ_CODE_N22000100,0,0.19267915678846176
cost,2011-12-01,PRJ_CODE_N22000101,0,0.3615731619708892
cost,2011-12-01,PRJ_CODE_N22000102,0,0.2549147671939581
cost,2011-12-01,PRJ_CODE_N22000107,0,0.30065004414277163
cost,2011-12-01,PRJ_CODE_N22000108,0,0.35833842235393654
cost,2011-12-01,PRJ_CODE_N22000109,0,0.3351768662652458
cost,2011-12-01,PRJ_CODE_N22000110,0,0.2977872991049964
cost,2011-12-01,PRJ_CODE_N22000111,0,0.28462402371547785
cost,2011-12-01,PRJ_CODE_N22000112,0,0.18084309842486143
cost,2011-12-01,PRJ_CODE_N22000113,0,0.34625224106518726
cost,2011-12-01,PRJ_CODE_N22000114,0,0.25261261274954294
cost,2011-12-01,PRJ_CODE_N22000115,0,0.13637525292910913
cost,2011-12-01,PRJ_CODE_N22000116,0,0.22994646692538032
cost,2011-12-01,PRJ_CODE_N22000117,0,0.22273272449549322
cost,2011-12-01,PRJ_CODE_N22000118,0,0.43824587628390566
cost,2011-12-01,PRJ_CODE_N22000119,0,0.4745114761934073
cost,2011-12-01,PRJ_CODE_N22000120,0,0.20110021959859667
cost,2011-12-01,PRJ_CODE_N22000121,0,0.4391063862878928
cost,2011-12-01,PRJ_CODE_N22000122,0,0.34565228882648136
cost,2011-12-01,PRJ_CODE_N22000123,0,0.3199006774025266
cost,2011-12-01,PRJ_CODE_N22000124,0,0.4558695519395187
cost,2011-12-01,PRJ_CODE_N22000125,0,0.43227281840827325
cost,2011-12-01,PRJ_CODE_N22000126,0,0.5099248966336971
cost,2011-12-01,PRJ_CODE_N22000127,0,0.5396636024223951
cost,2011-12-01,PRJ_CODE_N24000028,0,0.3511552325282356
cost,2011-12-01,PRJ_CODE_N24000031,0,0.2554803750010075
cost,2011-12-01,PRJ_CODE_N24000035,0,0.28825117110603693
cost,2011-12-01,PRJ_CODE_N24000038,0,0.31858054072345926
cost,2011-12-01,PRJ_CODE_N24000040,0,0.5525375077699649
cost,2011-12-01,PRJ_CODE_N24000042,0,0.3331219405150835
cost,2011-12-01,PRJ_CODE_N24000044,0,0.29270572168682074
cost,2011-12-01,PRJ_CODE_N24000045,0,0.2686569015686266
cost,2011-12-01,PRJ_CODE_N24000046,0,0.34026834515765525
cost,2011-12-01,PRJ_CODE_N24000047,0,0.2533490072742507
cost,2011-12-01,PRJ_CODE_N24000048,0,0.33826718573867437
cost,2011-12-01,PRJ_CODE_N24000049,0,0.23962888565878812
cost,2011-12-01,PRJ_CODE_N24000051,0,0.30699979564752594
cost,2011-12-01,PRJ_CODE_N24000055,0,0.27122449728557135
cost,2011-12-01,PRJ_CODE_N24000056,0,0.3021508568637432
cost,2011-12-01,PRJ_CODE_N24000057,0,0.46778453293780053
cost,2011-12-01,PRJ_CODE_N24000061,0,0.46896260066419276
cost,2011-12-01,PRJ_CODE_N24000062,0,0.45558720857421076
cost,2011-12-01,PRJ_CODE_N24000063,0,0.30676093341059774
cost,2011-12-01,PRJ_CODE_N24000068,0,0.5375484426021215
cost,2011-12-01,PRJ_CODE_N24000085,0,0.430405540849022
cost,2011-12-01,PRJ_CODE_N24000088,0,0.29165541872395
cost,2011-12-01,PRJ_CODE_N24000089,0,0.3141226227347504
cost,2011-12-01,PRJ_CODE_N24000094,0,0.2821448444228858
cost,2011-12-01,PRJ_CODE_N24000095,0,0.27742955668431013
cost,2011-12-01,PRJ_CODE_N24000096,0,0.315292598218957
cost,2011-12-01,PRJ_CODE_N24000098,0,0.39040530118603206
cost,2011-12-01,PRJ_CODE_N24000101,0,0.31860387797653816
cost,2011-12-01,PRJ_CODE_N24000102,0,0.5830791472331743
cost,2011-12-01,PRJ_CODE_N24000103,0,0.26880066217764287
cost,2011-12-01,PRJ_CODE_N24000107,0,0.277560214523557
cost,2011-12-01,PRJ_CODE_N24000108,0,0.32622746695756955
cost,2011-12-01,PRJ_CODE_N24000115,0,0.7052935515210853
cost,2011-12-01,PRJ_CODE_N24000116,0,0.3117200616711674
cost,2011-12-01,PRJ_CODE_N24000117,0,0.193738745911642
cost,2011-12-01,PRJ_CODE_N24000118,0,0.2447417048276373
cost,2011-12-01,PRJ_CODE_N24000122,0,0.3274268876539425
cost,2011-12-01,PRJ_CODE_N24000123,0,0.2929404281993401
cost,2011-12-01,PRJ_CODE_N24000124,0,0.430202933266053
cost,2011-12-01,PRJ_CODE_N24000125,0,0.42672915507322406
cost,2011-12-01,PRJ_CODE_N24000126,0,0.20410567877961586
cost,2011-12-01,PRJ_CODE_N24000127,0,0.40674730772071627
cost,2011-12-01,PRJ_CODE_N24000128,0,0.5225931882385088
cost,2011-12-01,PRJ_CODE_N24000129,0,0.32686010907994545
cost,2011-12-01,PRJ_CODE_N24000130,0,0.5572199503566909
cost,2011-12-01,PRJ_CODE_N24000131,0,0.5049234371081592
cost,2011-12-01,PRJ_CODE_N24000132,0,0.2908244295172361
cost,2011-12-01,PRJ_CODE_N24000133,0,0.6752402878011152
cost,2011-12-01,PRJ_CODE_N24000134,0,0.43145468994094915
cost,2011-12-01,PRJ_CODE_N24000135,0,0.5205166213564761
cost,2011-12-01,PRJ_CODE_N24000136,0,0.24348502264241959
cost,2011-12-01,PRJ_CODE_N24000137,0,0.39580891516826344
cost,2011-12-01,PRJ_CODE_N24000138,0,0.4282495264746708
cost,2011-12-01,PRJ_CODE_N24000139,0,0.32011269610784765
cost,2011-12-01,PRJ_CODE_N24000140,0,0.2229290906454805
cost,2011-12-01,PRJ_CODE_N24000141,0,0.4653650669149327
cost,2011-12-01,PRJ_CODE_N24000142,0,0.2603048019501817
cost,2011-12-01,PRJ_CODE_N24000143,0,0.2000235716650921
cost,2011-12-01,PRJ_CODE_N24000144,0,0.27423187475930616
cost,2011-12-01,PRJ_CODE_N24000145,0,0.20507628020687224
cost,2011-12-01,PRJ_CODE_N24000146,0,0.2549518787386517
cost,2011-12-01,PRJ_CODE_N24000147,0,0.41587976143591343
cost,2011-12-01,PRJ_CODE_N24000148,0,0.6970364073586083
cost,2011-12-01,PRJ_CODE_N24000149,0,0.27875535628338005
cost,2011-12-01,PRJ_CODE_N24000150,0,0.16756568192333576
cost,2011-12-01,PRJ_CODE_N24000151,0,0.21742187402551938
cost,2011-12-01,PRJ_CODE_N24000152,0,0.17644346025644275
cost,2011-12-01,PRJ_CODE_N24000153,0,0.19183533889725682
cost,2011-12-01,PRJ_CODE_N24000154,0,0.20583504152304039
cost,2011-12-01,PRJ_CODE_N24000155,0,0.2042434753681003
cost,2011-12-01,PRJ_CODE_N24000156,0,0.22607768449715507
cost,2011-12-01,PRJ_CODE_N24000157,0,0.20438218998595117
cost,2011-12-01,PRJ_CODE_N24000158,0,0.1525200110416779
cost,2011-12-01,PRJ_CODE_N24000159,0,0.16771651724243314
cost,2011-12-01,PRJ_CODE_N24000160,0,0.2156409586033157
cost,2011-12-01,PRJ_CODE_N24000161,0,0.34955165918073
cost,2011-12-01,PRJ_CODE_N24000162,0,0.14656331399847566
cost,2011-12-01,PRJ_CODE_N24000163,0,0.20384424766926604
cost,2011-12-01,PRJ_CODE_N24000165,0,0.232027865787345
cost,2011-12-01,PRJ_CODE_N24000166,0,0.18510039106553136
cost,2011-12-01,PRJ_CODE_N24000167,0,0.23506148524727227
cost,2011-12-01,PRJ_CODE_N24000168,0,0.15325147960598448
cost,2011-12-01,PRJ_CODE_N24000169,0,0.12416342092273912
cost,2011-12-01,PRJ_CODE_N24000170,0,0.14286770321209763
cost,2011-12-01,PRJ_CODE_N24000171,0,0.1301587747111646
cost,2011-12-01,PRJ_CODE_N24000172,0,0.1306999821036717
cost,2011-12-01,PRJ_CODE_N24000173,0,0.13523348902081694
cost,2011-12-01,PRJ_CODE_N24000174,0,0.17308327659060016
cost,2011-12-01,PRJ_CODE_N24000175,0,0.1428480920456353
cost,2011-12-01,PRJ_CODE_N24000176,0,0.24299497420302082
cost,2011-12-01,PRJ_CODE_N24000177,0,0.14632438869753944
cost,2011-12-01,PRJ_CODE_N24000178,0,0.13381948685352885
cost,2011-12-01,PRJ_CODE_N24000179,0,0.22808011627353023
cost,2011-12-01,PRJ_CODE_N25000003,0,0.523345589315557
cost,2011-12-01,PRJ_CODE_N25000004,0,0.16832564223566565
cost,2011-12-01,PRJ_CODE_N25000014,0,0.35997325355507787
cost,2011-12-01,PRJ_CODE_N25000016,0,0.33276243063108857
cost,2011-12-01,PRJ_CODE_N25000031,0,0.4714952865660047
cost,2011-12-01,PRJ_CODE_N25000033,0,0.4492345329172084
cost,2011-12-01,PRJ_CODE_N25000035,0,0.3519226352669696
cost,2011-12-01,PRJ_CODE_N25000037,0,0.4614177465664606
cost,2011-12-01,PRJ_CODE_N25000039,0,0.3964676032632402
cost,2011-12-01,PRJ_CODE_N25000042,0,0.37225167338920273
cost,2011-12-01,PRJ_CODE_N25000043,0,0.196557015568831
cost,2011-12-01,PRJ_CODE_N25000047,0,0.592155960378686
cost,2011-12-01,PRJ_CODE_N25000048,0,0.3536564033808744
cost,2011-12-01,PRJ_CODE_N25000049,0,0.2772647047724686
cost,2011-12-01,PRJ_CODE_N25000050,0,0.4639085826418647
cost,2011-12-01,PRJ_CODE_N25000051,0,0.39916158655206646
cost,2011-12-01,PRJ_CODE_N25000052,0,0.2164256458593752
cost,2011-12-01,PRJ_CODE_N25000053,0,0.3534137708548826
cost,2011-12-01,PRJ_CODE_N25000054,0,0.2515075194707483
cost,2011-12-01,PRJ_CODE_N25000056,0,0.21190338473039697
cost,2011-12-01,PRJ_CODE_N25000058,0,0.192732335074386
cost,2011-12-01,PRJ_CODE_N25000059,0,0.4330665658383981
cost,2011-12-01,PRJ_CODE_N26000011,0,0.17909878930145212
cost,2011-12-01,PRJ_CODE_N26000016,0,0.15465681312096108
cost,2011-12-01,PRJ_CODE_N26000029,0,0.5133200305364249
cost,2011-12-01,PRJ_CODE_N26000041,0,0.14237067680086765
cost,2011-12-01,PRJ_CODE_N26000046,0,0.31577116242149256
cost,2011-12-01,PRJ_CODE_N26000058,0,0.3209746649039537
cost,2011-12-01,PRJ_CODE_N26000062,0,0.1351885024704448
cost,2011-12-01,PRJ_CODE_N26000065,0,0.19554564532458574
cost,2011-12-01,PRJ_CODE_N26000072,0,0.219486043444068
cost,2011-12-01,PRJ_CODE_N26000073,0,0.153152541891593
cost,2011-12-01,PRJ_CODE_N26000078,0,0.4277070882332823
cost,2011-12-01,PRJ_CODE_N26000082,0,0.22927002133567922
cost,2011-12-01,PRJ_CODE_N26000088,0,0.2697016987138626
cost,2011-12-01,PRJ_CODE_N26000089,0,0.15752994669622938
cost,2011-12-01,PRJ_CODE_N26000090,0,0.43253914449348474
cost,2011-12-01,PRJ_CODE_N26000093,0,0.20972211899206375
cost,2011-12-01,PRJ_CODE_N26000096,0,0.3564202543371828
cost,2011-12-01,PRJ_CODE_N28000008,0,0.24003946281970936
cost,2011-12-01,PRJ_CODE_N28000048,0,0.6355453750954042
cost,2011-12-01,PRJ_CODE_N28000056,0,0.253441215833674
cost,2011-12-01,PRJ_CODE_N28000057,0,0.1425560793976323
cost,2012-02-01,PRJ_CODE_020100040,0,0.46975061139103363
cost,2012-02-01,PRJ_CODE_020100044,0,0.4163032722270717
cost,2012-02-01,PRJ_CODE_060100087,0,0.29590834402410077
cost,2012-02-01,PRJ_CODE_060100092,0,0.3288366760172294
cost,2012-02-01,PRJ_CODE_060100093,0,0.48262882226995985
cost,2012-02-01,PRJ_CODE_060100094,0,0.5156033591276459
cost,2012-02-01,PRJ_CODE_060100096,0,0.5516992443400407
cost,2012-02-01,PRJ_CODE_120100067,0,0.13116565594095972
cost,2012-02-01,PRJ_CODE_160100215,0,0.517453549602223
cost,2012-02-01,PRJ_CODE_160100216,0,0.47786971769503617
cost,2012-02-01,PRJ_CODE_160100217,0,0.4898840665663541
cost,2012-02-01,PRJ_CODE_160100231,1,0.5643405254726841
cost,2012-02-01,PRJ_CODE_180100165,0,0.580585906361306
cost,2012-02-01,PRJ_CODE_180100184,0,0.7150460148599035
cost,2012-02-01,PRJ_CODE_180100210,0,0.5722397495549929
cost,2012-02-01,PRJ_CODE_180100211,0,0.5434936794916285
cost,2012-02-01,PRJ_CODE_180100221,0,0.4155749578157999
cost,2012-02-01,PRJ_CODE_180100222,0,0.306936291453278
cost,2012-02-01,PRJ_CODE_180100229,0,0.6340589456956373
cost,2012-02-01,PRJ_CODE_180100239,0,0.6085265330054475
cost,2012-02-01,PRJ_CODE_180100241,0,0.32050662965153764
cost,2012-02-01,PRJ_CODE_180100242,0,0.5262822501748813
cost,2012-02-01,PRJ_CODE_180100243,0,0.26332168092193764
cost,2012-02-01,PRJ_CODE_180100246,0,0.531394869340238
cost,2012-02-01,PRJ_CODE_180100250,0,0.23070537378056993
cost,2012-02-01,PRJ_CODE_180100251,0,0.5853600280535027
cost,2012-02-01,PRJ_CODE_180100258,0,0.6893100516856061
cost,2012-02-01,PRJ_CODE_180100260,0,0.7474573833547699
cost,2012-02-01,PRJ_CODE_220100007,0,0.7097329634342533
cost,2012-02-01,PRJ_CODE_220100009,0,0.5237654776520784
cost,2012-02-01,PRJ_CODE_220100062,0,0.4706747267587178
cost,2012-02-01,PRJ_CODE_220100106,1,0.6789218459321423
cost,2012-02-01,PRJ_CODE_220100118,0,0.42176351344193885
cost,2012-02-01,PRJ_CODE_220100133,0,0.6960623242166573
cost,2012-02-01,PRJ_CODE_220100135,1,0.6927770647465912
cost,2012-02-01,PRJ_CODE_220100148,0,0.3710130957527639
cost,2012-02-01,PRJ_CODE_220100149,0,0.5412149896999187
cost,2012-02-01,PRJ_CODE_220100151,0,0.7228919116079504
cost,2012-02-01,PRJ_CODE_220100164,0,0.4443853769498859
cost,2012-02-01,PRJ_CODE_220100168,1,0.6199496180792646
cost,2012-02-01,PRJ_CODE_220100181,1,0.6480470196165772
cost,2012-02-01,PRJ_CODE_220100183,0,0.6397460036985034
cost,2012-02-01,PRJ_CODE_220100184,0,0.6145289865588999
cost,2012-02-01,PRJ_CODE_220100186,0,0.5494567570254864
cost,2012-02-01,PRJ_CODE_220100188,0,0.5583453714824689
cost,2012-02-01,PRJ_CODE_220100190,0,0.6034480745900648
cost,2012-02-01,PRJ_CODE_220100191,0,0.7466043027735821
cost,2012-02-01,PRJ_CODE_220100192,0,0.5975839777793825
cost,2012-02-01,PRJ_CODE_220100193,0,0.5904242807901992
cost,2012-02-01,PRJ_CODE_220100194,1,0.7647016207390355
cost,2012-02-01,PRJ_CODE_220100197,0,0.6833505079977894
cost,2012-02-01,PRJ_CODE_220100201,0,0.6332660105649458
cost,2012-02-01,PRJ_CODE_220100205,1,0.6330428597016055
cost,2012-02-01,PRJ_CODE_220100208,0,0.5061954437841221
cost,2012-02-01,PRJ_CODE_220100212,0,0.7539267224068009
cost,2012-02-01,PRJ_CODE_220100214,0,0.5736423496241091
cost,2012-02-01,PRJ_CODE_220100220,0,0.6215792100386249
cost,2012-02-01,PRJ_CODE_220100222,0,0.690823992155652
cost,2012-02-01,PRJ_CODE_220100232,0,0.5607518143481162
cost,2012-02-01,PRJ_CODE_220100233,0,0.6124257893306975
cost,2012-02-01,PRJ_CODE_220100240,1,0.6060145937554828
cost,2012-02-01,PRJ_CODE_220100241,0,0.5652464318635539
cost,2012-02-01,PRJ_CODE_220100243,0,0.7566163080531506
cost,2012-02-01,PRJ_CODE_220100247,0,0.5366251667179305
cost,2012-02-01,PRJ_CODE_220100252,0,0.5552739110653496
cost,2012-02-01,PRJ_CODE_220100254,1,0.5777576532827481
cost,2012-02-01,PRJ_CODE_220100255,0,0.6315209196759171
cost,2012-02-01,PRJ_CODE_220100256,1,0.6140149098705675
cost,2012-02-01,PRJ_CODE_220100257,0,0.6432099925576662
cost,2012-02-01,PRJ_CODE_220100258,0,0.6073670701876406
cost,2012-02-01,PRJ_CODE_220100260,1,0.7121013242744557
cost,2012-02-01,PRJ_CODE_220100262,0,0.6952857047422769
cost,2012-02-01,PRJ_CODE_220100263,0,0.6632919424205065
cost,2012-02-01,PRJ_CODE_220100265,1,0.6000610491849236
cost,2012-02-01,PRJ_CODE_220100266,0,0.5025975051704312
cost,2012-02-01,PRJ_CODE_220100268,0,0.5867510978577455
cost,2012-02-01,PRJ_CODE_220100270,0,0.5793784509200512
cost,2012-02-01,PRJ_CODE_220100272,1,0.5301478142800283
cost,2012-02-01,PRJ_CODE_220100273,0,0.5290043788289626
cost,2012-02-01,PRJ_CODE_220100274,0,0.6038366342266215
cost,2012-02-01,PRJ_CODE_220100277,1,0.6343855457745468
cost,2012-02-01,PRJ_CODE_220100279,1,0.6680386281075451
cost,2012-02-01,PRJ_CODE_220100280,0,0.4297045303065384
cost,2012-02-01,PRJ_CODE_220100284,0,0.4827317738067981
cost,2012-02-01,PRJ_CODE_220100285,1,0.5474386519405954
cost,2012-02-01,PRJ_CODE_220100286,0,0.49590185784629215
cost,2012-02-01,PRJ_CODE_220100288,1,0.6301839799273514
cost,2012-02-01,PRJ_CODE_220100303,0,0.5678363434900496
cost,2012-02-01,PRJ_CODE_220100304,0,0.6103115926647522
cost,2012-02-01,PRJ_CODE_220100305,0,0.5425580881835388
cost,2012-02-01,PRJ_CODE_220100306,0,0.6577572561490844
cost,2012-02-01,PRJ_CODE_220100307,1,0.6240589881640791
cost,2012-02-01,PRJ_CODE_220100308,0,0.5525958614829101
cost,2012-02-01,PRJ_CODE_220100313,0,0.5257005209032473
cost,2012-02-01,PRJ_CODE_220100314,0,0.560856674387323
cost,2012-02-01,PRJ_CODE_220100315,0,0.4969864741525913
cost,2012-02-01,PRJ_CODE_220100316,0,0.6277918756390823
cost,2012-02-01,PRJ_CODE_220100319,0,0.5645982417001204
cost,2012-02-01,PRJ_CODE_220100321,1,0.6488855873836081
cost,2012-02-01,PRJ_CODE_220100323,0,0.39261828466971993
cost,2012-02-01,PRJ_CODE_220100324,0,0.5773605349688369
cost,2012-02-01,PRJ_CODE_220100325,1,0.5327739132085658
cost,2012-02-01,PRJ_CODE_220100327,0,0.46086918928955917
cost,2012-02-01,PRJ_CODE_220100328,0,0.45042875760011103
cost,2012-02-01,PRJ_CODE_220100329,0,0.4602653892939004
cost,2012-02-01,PRJ_CODE_240100207,0,0.3835703803038089
cost,2012-02-01,PRJ_CODE_240101132,0,0.4349368279652302
cost,2012-02-01,PRJ_CODE_240101133,0,0.4515317477866615
cost,2012-02-01,PRJ_CODE_240101153,0,0.4858807603006607
cost,2012-02-01,PRJ_CODE_240101173,0,0.4278487155637199
cost,2012-02-01,PRJ_CODE_240104196,0,0.4923320931406072
cost,2012-02-01,PRJ_CODE_240106204,0,0.35829675832169494
cost,2012-02-01,PRJ_CODE_240106205,0,0.2547653875118581
cost,2012-02-01,PRJ_CODE_240106221,0,0.4768490555221439
cost,2012-02-01,PRJ_CODE_240106226,0,0.3539065956759553
cost,2012-02-01,PRJ_CODE_240106235,0,0.4721819172090178
cost,2012-02-01,PRJ_CODE_240106236,0,0.5106444931889801
cost,2012-02-01,PRJ_CODE_240106237,0,0.4699106919138329
cost,2012-02-01,PRJ_CODE_240106243,0,0.3772009462863443
cost,2012-02-01,PRJ_CODE_240106244,0,0.3063992867293205
cost,2012-02-01,PRJ_CODE_240106250,0,0.3446195855552047
cost,2012-02-01,PRJ_CODE_240106260,0,0.2914396008535153
cost,2012-02-01,PRJ_CODE_240106277,0,0.3862808491319465
cost,2012-02-01,PRJ_CODE_240106278,0,0.4882960817880349
cost,2012-02-01,PRJ_CODE_240106279,0,0.47301598312498705
cost,2012-02-01,PRJ_CODE_240106280,0,0.4984361037451726
cost,2012-02-01,PRJ_CODE_240106281,0,0.38536343301132053
cost,2012-02-01,PRJ_CODE_240106288,0,0.37867908591083677
cost,2012-02-01,PRJ_CODE_240106290,0,0.3772789059170034
cost,2012-02-01,PRJ_CODE_240106292,0,0.3432436519383003
cost,2012-02-01,PRJ_CODE_240106293,0,0.375524896914621
cost,2012-02-01,PRJ_CODE_240106294,0,0.3554389976206592
cost,2012-02-01,PRJ_CODE_240106297,0,0.378553500652534
cost,2012-02-01,PRJ_CODE_240106300,0,0.36140296998823257
cost,2012-02-01,PRJ_CODE_240106301,0,0.3712060241108363
cost,2012-02-01,PRJ_CODE_240106303,0,0.3691639883761251
cost,2012-02-01,PRJ_CODE_240106304,0,0.36712057193381803
cost,2012-02-01,PRJ_CODE_240106305,0,0.34841613890238937
cost,2012-02-01,PRJ_CODE_250100175,0,0.49845722694047145
cost,2012-02-01,PRJ_CODE_260100099,0,0.47517948210952043
cost,2012-02-01,PRJ_CODE_300100001,0,0.4640103050737569
cost,2012-02-01,PRJ_CODE_N02000007,0,0.5068235232863081
cost,2012-02-01,PRJ_CODE_N02000010,0,0.2617246036813849
cost,2012-02-01,PRJ_CODE_N02000027,0,0.22125967908694008
cost,2012-02-01,PRJ_CODE_N04000037,0,0.2986223505247696
cost,2012-02-01,PRJ_CODE_N04000038,0,0.4112711311866147
cost,2012-02-01,PRJ_CODE_N04000050,0,0.3151689196718217
cost,2012-02-01,PRJ_CODE_N04000065,0,0.26625907235346
cost,2012-02-01,PRJ_CODE_N04000069,0,0.23205544376392984
cost,2012-02-01,PRJ_CODE_N06000007,0,0.3031584557783415
cost,2012-02-01,PRJ_CODE_N06000008,0,0.34600633105454204
cost,2012-02-01,PRJ_CODE_N06000009,0,0.6340070539376821
cost,2012-02-01,PRJ_CODE_N06000010,0,0.6209827183073036
cost,2012-02-01,PRJ_CODE_N06000015,0,0.32569639970673414
cost,2012-02-01,PRJ_CODE_N06000016,0,0.3351466234710021
cost,2012-02-01,PRJ_CODE_N06000017,0,0.33798602041754977
cost,2012-02-01,PRJ_CODE_N06000019,0,0.17778256659251365
cost,2012-02-01,PRJ_CODE_N06000020,0,0.289791039141949
cost,2012-02-01,PRJ_CODE_N06000025,0,0.23192244022132016
cost,2012-02-01,PRJ_CODE_N06000033,0,0.44735869413835827
cost,2012-02-01,PRJ_CODE_N06000034,0,0.4367748690943093
cost,2012-02-01,PRJ_CODE_N06000035,0,0.36058120325975734
cost,2012-02-01,PRJ_CODE_N06000042,0,0.49457084016431874
cost,2012-02-01,PRJ_CODE_N06000043,0,0.42528420424831886
cost,2012-02-01,PRJ_CODE_N06000044,0,0.43661239852692163
cost,2012-02-01,PRJ_CODE_N06000045,0,0.20375343721326072
cost,2012-02-01,PRJ_CODE_N06000046,0,0.4316214367956405
cost,2012-02-01,PRJ_CODE_N06000047,0,0.5889398442794338
cost,2012-02-01,PRJ_CODE_N06000048,0,0.4394765632753207
cost,2012-02-01,PRJ_CODE_N06000049,0,0.22523862111420187
cost,2012-02-01,PRJ_CODE_N06000056,0,0.1473630598533911
cost,2012-02-01,PRJ_CODE_N06000066,0,0.46183480648830866
cost,2012-02-01,PRJ_CODE_N06000067,0,0.2743666011450288
cost,2012-02-01,PRJ_CODE_N06000068,0,0.3512017338448485
cost,2012-02-01,PRJ_CODE_N06000075,0,0.20902277248657017
cost,2012-02-01,PRJ_CODE_N06000076,0,0.19771227483654363
cost,2012-02-01,PRJ_CODE_N06000078,0,0.24450406629538102
cost,2012-02-01,PRJ_CODE_N06000079,0,0.2074227269623678
cost,2012-02-01,PRJ_CODE_N06000080,0,0.2665460784614953
cost,2012-02-01,PRJ_CODE_N06000081,0,0.5438611856869582
cost,2012-02-01,PRJ_CODE_N06000082,0,0.2701136317599175
cost,2012-02-01,PRJ_CODE_N06000083,0,0.1682039022099363
cost,2012-02-01,PRJ_CODE_N06000084,0,0.20289408086853286
cost,2012-02-01,PRJ_CODE_N06000085,0,0.20715934640805067
cost,2012-02-01,PRJ_CODE_N06000086,0,0.2853324264423808
cost,2012-02-01,PRJ_CODE_N06000087,0,0.16377198630333456
cost,2012-02-01,PRJ_CODE_N06000088,0,0.248674829288234
cost,2012-02-01,PRJ_CODE_N06000089,0,0.16060083275435888
cost,2012-02-01,PRJ_CODE_N06000091,0,0.20577933285074196
cost,2012-02-01,PRJ_CODE_N06000093,0,0.23076153027819926
cost,2012-02-01,PRJ_CODE_N06000094,0,0.1916082759633659
cost,2012-02-01,PRJ_CODE_N06000095,0,0.2532754145956933
cost,2012-02-01,PRJ_CODE_N06000096,0,0.1466976289813876
cost,2012-02-01,PRJ_CODE_N06000098,0,0.11995435085978116
cost,2012-02-01,PRJ_CODE_N08000003,0,0.2959423381906097
cost,2012-02-01,PRJ_CODE_N08000004,0,0.27614369799844185
cost,2012-02-01,PRJ_CODE_N08000005,0,0.27181685881560935
cost,2012-02-01,PRJ_CODE_N08000006,0,0.20794358852189426
cost,2012-02-01,PRJ_CODE_N08000007,0,0.20165796584725262
cost,2012-02-01,PRJ_CODE_N08000008,0,0.18737399550933362
cost,2012-02-01,PRJ_CODE_N12000018,0,0.2689941325685007
cost,2012-02-01,PRJ_CODE_N12000023,0,0.26927095341288254
cost,2012-02-01,PRJ_CODE_N12000033,0,0.44328723422353294
cost,2012-02-01,PRJ_CODE_N12000038,0,0.19046021947440536
cost,2012-02-01,PRJ_CODE_N12000051,0,0.19646576578235117
cost,2012-02-01,PRJ_CODE_N12000053,0,0.30572280628351794
cost,2012-02-01,PRJ_CODE_N12000055,0,0.33438231173720157
cost,2012-02-01,PRJ_CODE_N12000056,0,0.22764885367634305
cost,2012-02-01,PRJ_CODE_N12000057,0,0.22154052537723343
cost,2012-02-01,PRJ_CODE_N12000068,0,0.2245969289829942
cost,2012-02-01,PRJ_CODE_N12000069,0,0.2201676501772292
cost,2012-02-01,PRJ_CODE_N12000072,0,0.20817538433923877
cost,2012-02-01,PRJ_CODE_N12000073,0,0.1830421549377746
cost,2012-02-01,PRJ_CODE_N12000074,0,0.15217520334578008
cost,2012-02-01,PRJ_CODE_N12000075,0,0.14503116971157232
cost,2012-02-01,PRJ_CODE_N16000009,0,0.5828985916323954
cost,2012-02-01,PRJ_CODE_N16000023,1,0.7086324144629673
cost,2012-02-01,PRJ_CODE_N16000030,0,0.27473830843071423
cost,2012-02-01,PRJ_CODE_N16000031,0,0.2913096769745606
cost,2012-02-01,PRJ_CODE_N16000032,0,0.22899382923438333
cost,2012-02-01,PRJ_CODE_N16000033,0,0.31327054267518817
cost,2012-02-01,PRJ_CODE_N16000039,0,0.28454621764123994
cost,2012-02-01,PRJ_CODE_N16000044,0,0.30259305063452235
cost,2012-02-01,PRJ_CODE_N16000046,0,0.28264132961463895
cost,2012-02-01,PRJ_CODE_N16000051,0,0.462223753475056
cost,2012-02-01,PRJ_CODE_N16000054,0,0.6548767680422002
cost,2012-02-01,PRJ_CODE_N16000057,0,0.5532465738556787
cost,2012-02-01,PRJ_CODE_N16000058,0,0.1461540351177526
cost,2012-02-01,PRJ_CODE_N16000060,0,0.37709845366961803
cost,2012-02-01,PRJ_CODE_N16000061,0,0.3637744504209819
cost,2012-02-01,PRJ_CODE_N16000064,0,0.6581886354911051
cost,2012-02-01,PRJ_CODE_N16000065,0,0.17869619787426974
cost,2012-02-01,PRJ_CODE_N16000066,0,0.7077344473026149
cost,2012-02-01,PRJ_CODE_N16000068,0,0.728218064204455
cost,2012-02-01,PRJ_CODE_N16000069,0,0.7623390460105086
cost,2012-02-01,PRJ_CODE_N16000070,0,0.5122216601206272
cost,2012-02-01,PRJ_CODE_N16000071,0,0.5059466223905119
cost,2012-02-01,PRJ_CODE_N16000072,0,0.5156322271869304
cost,2012-02-01,PRJ_CODE_N16000073,0,0.6702697932616068
cost,2012-02-01,PRJ_CODE_N16000081,0,0.17831728146921122
cost,2012-02-01,PRJ_CODE_N16000084,0,0.23346596935503738
cost,2012-02-01,PRJ_CODE_N16000086,0,0.2525925117318692
cost,2012-02-01,PRJ_CODE_N16000088,0,0.7504801936711879
cost,2012-02-01,PRJ_CODE_N16000089,0,0.5332440017328127
cost,2012-02-01,PRJ_CODE_N16000090,0,0.6889909376419283
cost,2012-02-01,PRJ_CODE_N16000093,0,0.5431722212753227
cost,2012-02-01,PRJ_CODE_N16000094,0,0.5676994638349147
cost,2012-02-01,PRJ_CODE_N16000096,0,0.2799568250625829
cost,2012-02-01,PRJ_CODE_N16000098,0,0.14593845778150377
cost,2012-02-01,PRJ_CODE_N16000101,0,0.27819893453393735
cost,2012-02-01,PRJ_CODE_N16000103,0,0.2327521135336319
cost,2012-02-01,PRJ_CODE_N16000104,0,0.36834919435812746
cost,2012-02-01,PRJ_CODE_N16000105,0,0.18506644936026706
cost,2012-02-01,PRJ_CODE_N16000106,0,0.30408057284146767
cost,2012-02-01,PRJ_CODE_N16000107,0,0.2176687149626506
cost,2012-02-01,PRJ_CODE_N16000108,0,0.30807153991689346
cost,2012-02-01,PRJ_CODE_N16000109,0,0.5362370419756141
cost,2012-02-01,PRJ_CODE_N16000110,0,0.307018627443421
cost,2012-02-01,PRJ_CODE_N16000112,0,0.2039732722247275
cost,2012-02-01,PRJ_CODE_N16000113,0,0.30572500536742553
cost,2012-02-01,PRJ_CODE_N16000114,0,0.36887984432574467
cost,2012-02-01,PRJ_CODE_N16000115,0,0.22636484865072626
cost,2012-02-01,PRJ_CODE_N16000116,0,0.25852487376898425
cost,2012-02-01,PRJ_CODE_N16000117,0,0.33433878215164653
cost,2012-02-01,PRJ_CODE_N16000118,0,0.3699789630683735
cost,2012-02-01,PRJ_CODE_N16000119,0,0.2982852704440911
cost,2012-02-01,PRJ_CODE_N16000120,0,0.3099398982817615
cost,2012-02-01,PRJ_CODE_N16000121,0,0.3049808208066172
cost,2012-02-01,PRJ_CODE_N16000122,0,0.3099398982817615
cost,2012-02-01,PRJ_CODE_N16000123,0,0.8173992978977896
cost,2012-02-01,PRJ_CODE_N16000127,0,0.16145913983060217
cost,2012-02-01,PRJ_CODE_N16000128,0,0.16468673481386836
cost,2012-02-01,PRJ_CODE_N16000129,1,0.8380729274177542
cost,2012-02-01,PRJ_CODE_N18000004,0,0.4249498672780029
cost,2012-02-01,PRJ_CODE_N18000005,0,0.38747308452200036
cost,2012-02-01,PRJ_CODE_N18000006,0,0.3334074861096395
cost,2012-02-01,PRJ_CODE_N18000007,0,0.36638516019768125
cost,2012-02-01,PRJ_CODE_N18000010,0,0.33740519186316115
cost,2012-02-01,PRJ_CODE_N18000014,0,0.42121412648532774
cost,2012-02-01,PRJ_CODE_N18000018,0,0.46041132489866216
cost,2012-02-01,PRJ_CODE_N18000022,0,0.41944778119963005
cost,2012-02-01,PRJ_CODE_N18000024,0,0.4700800599634239
cost,2012-02-01,PRJ_CODE_N18000031,0,0.32419662454907655
cost,2012-02-01,PRJ_CODE_N18000035,0,0.33524259923771027
cost,2012-02-01,PRJ_CODE_N18000041,0,0.5050753249108304
cost,2012-02-01,PRJ_CODE_N18000042,0,0.3088610618070244
cost,2012-02-01,PRJ_CODE_N18000045,0,0.30266149953977556
cost,2012-02-01,PRJ_CODE_N18000046,0,0.30521537820328737
cost,2012-02-01,PRJ_CODE_N18000047,0,0.3532684826537065
cost,2012-02-01,PRJ_CODE_N18000048,0,0.21127422803732657
cost,2012-02-01,PRJ_CODE_N18000049,0,0.2697270326319029
cost,2012-02-01,PRJ_CODE_N18000051,0,0.31682506172901037
cost,2012-02-01,PRJ_CODE_N18000052,0,0.2296879358228384
cost,2012-02-01,PRJ_CODE_N18000053,0,0.24030649605132617
cost,2012-02-01,PRJ_CODE_N18000054,0,0.2731062405011625
cost,2012-02-01,PRJ_CODE_N18000056,0,0.30021533249700505
cost,2012-02-01,PRJ_CODE_N18000061,0,0.35505436741780133
cost,2012-02-01,PRJ_CODE_N18000063,0,0.2833445050238574
cost,2012-02-01,PRJ_CODE_N18000064,0,0.5302991492365197
cost,2012-02-01,PRJ_CODE_N18000065,0,0.40758982156565654
cost,2012-02-01,PRJ_CODE_N18000066,0,0.4086803328330058
cost,2012-02-01,PRJ_CODE_N18000067,0,0.23096493303211313
cost,2012-02-01,PRJ_CODE_N18000068,0,0.4785007249293319
cost,2012-02-01,PRJ_CODE_N18000069,0,0.35824361164092444
cost,2012-02-01,PRJ_CODE_N18000071,0,0.39273559391247753
cost,2012-02-01,PRJ_CODE_N18000072,0,0.434282496101208
cost,2012-02-01,PRJ_CODE_N18000073,0,0.39290061332165355
cost,2012-02-01,PRJ_CODE_N18000076,0,0.3134231751030985
cost,2012-02-01,PRJ_CODE_N18000077,0,0.19188192375699462
cost,2012-02-01,PRJ_CODE_N18000078,0,0.3607400615602688
cost,2012-02-01,PRJ_CODE_N18000079,0,0.2558370109158344
cost,2012-02-01,PRJ_CODE_N18000080,0,0.2451946083214418
cost,2012-02-01,PRJ_CODE_N18000081,0,0.3060255854056669
cost,2012-02-01,PRJ_CODE_N18000082,0,0.24410333257776934
cost,2012-02-01,PRJ_CODE_N18000083,0,0.184286266590855
cost,2012-02-01,PRJ_CODE_N18000084,0,0.185721387291412
cost,2012-02-01,PRJ_CODE_N18000085,0,0.18270212189469873
cost,2012-02-01,PRJ_CODE_N18000086,0,0.21619240573378506
cost,2012-02-01,PRJ_CODE_N18000087,0,0.22270471455716317
cost,2012-02-01,PRJ_CODE_N18000088,0,0.26405102767273536
cost,2012-02-01,PRJ_CODE_N18000089,0,0.27359993280791595
cost,2012-02-01,PRJ_CODE_N18000090,0,0.1881601671363642
cost,2012-02-01,PRJ_CODE_N18000091,0,0.24949858863036709
cost,2012-02-01,PRJ_CODE_N18000092,0,0.19097401090524999
cost,2012-02-01,PRJ_CODE_N18000093,0,0.18316726650548765
cost,2012-02-01,PRJ_CODE_N18000094,0,0.22999685208804876
cost,2012-02-01,PRJ_CODE_N18000095,0,0.23742751243662613
cost,2012-02-01,PRJ_CODE_N18000096,0,0.14215330049408753
cost,2012-02-01,PRJ_CODE_N18000097,0,0.29322565228173647
cost,2012-02-01,PRJ_CODE_N18000098,0,0.2640282417112343
cost,2012-02-01,PRJ_CODE_N18000099,0,0.1510506382937717
cost,2012-02-01,PRJ_CODE_N18000100,0,0.22110052814383385
cost,2012-02-01,PRJ_CODE_N18000101,0,0.13339619404749928
cost,2012-02-01,PRJ_CODE_N18000102,0,0.17797365267671847
cost,2012-02-01,PRJ_CODE_N18000103,0,0.16571344073657468
cost,2012-02-01,PRJ_CODE_N18000104,0,0.13880365601393094
cost,2012-02-01,PRJ_CODE_N18000105,0,0.12254204988405401
cost,2012-02-01,PRJ_CODE_N18000106,0,0.13780856722799
cost,2012-02-01,PRJ_CODE_N18000107,0,0.13632115877782594
cost,2012-02-01,PRJ_CODE_N18000108,0,0.23281942400618155
cost,2012-02-01,PRJ_CODE_N18000109,0,0.16696567347906172
cost,2012-02-01,PRJ_CODE_N18000110,0,0.129769351439679
cost,2012-02-01,PRJ_CODE_N18000111,0,0.17545339096769613
cost,2012-02-01,PRJ_CODE_N18000112,0,0.13072483276029778
cost,2012-02-01,PRJ_CODE_N18000113,0,0.1330039410389129
cost,2012-02-01,PRJ_CODE_N18000114,0,0.12430583755983483
cost,2012-02-01,PRJ_CODE_N18000115,0,0.1339216227557319
cost,2012-02-01,PRJ_CODE_N18000116,0,0.12827328564789564
cost,2012-02-01,PRJ_CODE_N18000117,0,0.12132597072262803
cost,2012-02-01,PRJ_CODE_N18000118,0,0.22691759504027512
cost,2012-02-01,PRJ_CODE_N18000119,0,0.13897413285379187
cost,2012-02-01,PRJ_CODE_N18000120,0,0.11969385745001501
cost,2012-02-01,PRJ_CODE_N18000121,0,0.13424661536987012
cost,2012-02-01,PRJ_CODE_N18000122,0,0.12887550419273824
cost,2012-02-01,PRJ_CODE_N22000002,1,0.6390466506171146
cost,2012-02-01,PRJ_CODE_N22000027,0,0.5660744195257329
cost,2012-02-01,PRJ_CODE_N22000028,0,0.2203306939803324
cost,2012-02-01,PRJ_CODE_N22000032,0,0.37190471276694015
cost,2012-02-01,PRJ_CODE_N22000034,0,0.48256988740754886
cost,2012-02-01,PRJ_CODE_N22000045,0,0.5346840767869199
cost,2012-02-01,PRJ_CODE_N22000049,1,0.4716332440433055
cost,2012-02-01,PRJ_CODE_N22000052,0,0.5952626713823449
cost,2012-02-01,PRJ_CODE_N22000053,0,0.48147372010709344
cost,2012-02-01,PRJ_CODE_N22000075,1,0.22083151626532754
cost,2012-02-01,PRJ_CODE_N22000076,0,0.29472570001322856
cost,2012-02-01,PRJ_CODE_N22000077,0,0.3263919209209198
cost,2012-02-01,PRJ_CODE_N22000079,0,0.35525331213522027
cost,2012-02-01,PRJ_CODE_N22000080,0,0.4270568367296677
cost,2012-02-01,PRJ_CODE_N22000081,0,0.36509584340300155
cost,2012-02-01,PRJ_CODE_N22000082,0,0.45333214392680965
cost,2012-02-01,PRJ_CODE_N22000083,0,0.6670859873467604
cost,2012-02-01,PRJ_CODE_N22000084,0,0.3704143090660207
cost,2012-02-01,PRJ_CODE_N22000085,0,0.49963955725532994
cost,2012-02-01,PRJ_CODE_N22000086,0,0.3995003017219196
cost,2012-02-01,PRJ_CODE_N22000087,0,0.507780073357031
cost,2012-02-01,PRJ_CODE_N22000088,0,0.16660995412967022
cost,2012-02-01,PRJ_CODE_N22000091,1,0.42371988051775006
cost,2012-02-01,PRJ_CODE_N22000092,0,0.4148995000261278
cost,2012-02-01,PRJ_CODE_N22000093,0,0.5790719871116162
cost,2012-02-01,PRJ_CODE_N22000094,0,0.19857391853356204
cost,2012-02-01,PRJ_CODE_N22000095,0,0.5062053735946163
cost,2012-02-01,PRJ_CODE_N22000096,0,0.2611768036664568
cost,2012-02-01,PRJ_CODE_N22000097,1,0.6015392275771326
cost,2012-02-01,PRJ_CODE_N22000099,0,0.3543384583242638
cost,2012-02-01,PRJ_CODE_N22000100,0,0.20260605525082984
cost,2012-02-01,PRJ_CODE_N22000101,0,0.33562169506270406
cost,2012-02-01,PRJ_CODE_N22000102,0,0.2773069981472629
cost,2012-02-01,PRJ_CODE_N22000107,0,0.39570735979346894
cost,2012-02-01,PRJ_CODE_N22000108,0,0.30120175851340114
cost,2012-02-01,PRJ_CODE_N22000109,0,0.31848572566818817
cost,2012-02-01,PRJ_CODE_N22000110,0,0.3023497693033173
cost,2012-02-01,PRJ_CODE_N22000111,1,0.33082663700732245
cost,2012-02-01,PRJ_CODE_N22000112,0,0.38582098684091354
cost,2012-02-01,PRJ_CODE_N22000113,0,0.31677476520642345
cost,2012-02-01,PRJ_CODE_N22000114,0,0.22708061440710653
cost,2012-02-01,PRJ_CODE_N22000115,0,0.17450701160249976
cost,2012-02-01,PRJ_CODE_N22000116,1,0.28596428927707607
cost,2012-02-01,PRJ_CODE_N22000117,1,0.22708028305193564
cost,2012-02-01,PRJ_CODE_N22000118,1,0.529280479285716
cost,2012-02-01,PRJ_CODE_N22000119,0,0.46346080314380783
cost,2012-02-01,PRJ_CODE_N22000120,0,0.2609589696926372
cost,2012-02-01,PRJ_CODE_N22000121,0,0.4424939260449094
cost,2012-02-01,PRJ_CODE_N22000122,0,0.2861317176637166
cost,2012-02-01,PRJ_CODE_N22000123,0,0.32115564505487587
cost,2012-02-01,PRJ_CODE_N22000124,0,0.40913376717410127
cost,2012-02-01,PRJ_CODE_N22000125,0,0.4492736156557937
cost,2012-02-01,PRJ_CODE_N22000126,0,0.5460068435365406
cost,2012-02-01,PRJ_CODE_N22000127,0,0.5515038730315789
cost,2012-02-01,PRJ_CODE_N24000028,0,0.36194515525584386
cost,2012-02-01,PRJ_CODE_N24000031,0,0.3217160754379467
cost,2012-02-01,PRJ_CODE_N24000035,0,0.3589234112792518
cost,2012-02-01,PRJ_CODE_N24000038,0,0.3581518532344042
cost,2012-02-01,PRJ_CODE_N24000040,1,0.6964445438366419
cost,2012-02-01,PRJ_CODE_N24000042,0,0.3482548143974715
cost,2012-02-01,PRJ_CODE_N24000044,0,0.30940622257568373
cost,2012-02-01,PRJ_CODE_N24000045,0,0.37215374594970163
cost,2012-02-01,PRJ_CODE_N24000046,0,0.37594434551410794
cost,2012-02-01,PRJ_CODE_N24000047,0,0.31985062432776856
cost,2012-02-01,PRJ_CODE_N24000048,0,0.37496470235700285
cost,2012-02-01,PRJ_CODE_N24000049,0,0.3096241254737266
cost,2012-02-01,PRJ_CODE_N24000051,0,0.357728161839083
cost,2012-02-01,PRJ_CODE_N24000055,0,0.2499364690146813
cost,2012-02-01,PRJ_CODE_N24000056,0,0.26341176509068553
cost,2012-02-01,PRJ_CODE_N24000057,0,0.46931195731436004
cost,2012-02-01,PRJ_CODE_N24000061,0,0.49631729613045533
cost,2012-02-01,PRJ_CODE_N24000062,0,0.475655191970032
cost,2012-02-01,PRJ_CODE_N24000063,0,0.3520498842352963
cost,2012-02-01,PRJ_CODE_N24000068,0,0.5463175877949809
cost,2012-02-01,PRJ_CODE_N24000085,0,0.470704498996723
cost,2012-02-01,PRJ_CODE_N24000088,0,0.358069255044766
cost,2012-02-01,PRJ_CODE_N24000089,0,0.45149860397955954
cost,2012-02-01,PRJ_CODE_N24000094,0,0.3053947666642569
cost,2012-02-01,PRJ_CODE_N24000095,0,0.3249606995286731
cost,2012-02-01,PRJ_CODE_N24000096,0,0.4185603793441523
cost,2012-02-01,PRJ_CODE_N24000098,0,0.4678661101302476
cost,2012-02-01,PRJ_CODE_N24000101,0,0.28838390141618975
cost,2012-02-01,PRJ_CODE_N24000102,0,0.5969857425174306
cost,2012-02-01,PRJ_CODE_N24000103,0,0.3040786033153814
cost,2012-02-01,PRJ_CODE_N24000107,0,0.26174073814670484
cost,2012-02-01,PRJ_CODE_N24000108,0,0.3691073253783741
cost,2012-02-01,PRJ_CODE_N24000116,0,0.31338819585990796
cost,2012-02-01,PRJ_CODE_N24000118,0,0.30811934059729335
cost,2012-02-01,PRJ_CODE_N24000122,0,0.2585178521158451
cost,2012-02-01,PRJ_CODE_N24000123,0,0.5653481544728889
cost,2012-02-01,PRJ_CODE_N24000124,0,0.39296799622908085
cost,2012-02-01,PRJ_CODE_N24000125,0,0.36586684059767915
cost,2012-02-01,PRJ_CODE_N24000126,0,0.5497188971207085
cost,2012-02-01,PRJ_CODE_N24000127,0,0.5327208286170327
cost,2012-02-01,PRJ_CODE_N24000128,0,0.5998081084924046
cost,2012-02-01,PRJ_CODE_N24000129,0,0.3636202384858858
cost,2012-02-01,PRJ_CODE_N24000130,0,0.6188787705566972
cost,2012-02-01,PRJ_CODE_N24000131,0,0.5590191562630221
cost,2012-02-01,PRJ_CODE_N24000132,0,0.3024805867874125
cost,2012-02-01,PRJ_CODE_N24000133,0,0.7050070263121584
cost,2012-02-01,PRJ_CODE_N24000134,0,0.39751895845427276
cost,2012-02-01,PRJ_CODE_N24000135,0,0.5031352585473423
cost,2012-02-01,PRJ_CODE_N24000136,0,0.2379462803507875
cost,2012-02-01,PRJ_CODE_N24000137,0,0.5039019310036837
cost,2012-02-01,PRJ_CODE_N24000138,0,0.5929765360860523
cost,2012-02-01,PRJ_CODE_N24000139,0,0.24904374006806432
cost,2012-02-01,PRJ_CODE_N24000140,0,0.2830878631482021
cost,2012-02-01,PRJ_CODE_N24000141,0,0.47178736246984126
cost,2012-02-01,PRJ_CODE_N24000142,0,0.3299365130766038
cost,2012-02-01,PRJ_CODE_N24000143,0,0.22107713664379045
cost,2012-02-01,PRJ_CODE_N24000144,0,0.301753010391623
cost,2012-02-01,PRJ_CODE_N24000145,0,0.2862248332938452
cost,2012-02-01,PRJ_CODE_N24000146,0,0.49501229070817004
cost,2012-02-01,PRJ_CODE_N24000147,0,0.4614188323356991
cost,2012-02-01,PRJ_CODE_N24000148,0,0.5498725672988697
cost,2012-02-01,PRJ_CODE_N24000149,0,0.25301046863745724
cost,2012-02-01,PRJ_CODE_N24000150,0,0.22878806396181203
cost,2012-02-01,PRJ_CODE_N24000151,0,0.30754188674503824
cost,2012-02-01,PRJ_CODE_N24000152,0,0.21572167747649632
cost,2012-02-01,PRJ_CODE_N24000153,0,0.24316070339777948
cost,2012-02-01,PRJ_CODE_N24000154,0,0.38152558844614004
cost,2012-02-01,PRJ_CODE_N24000155,0,0.2200167121025291
cost,2012-02-01,PRJ_CODE_N24000156,0,0.25063295301668315
cost,2012-02-01,PRJ_CODE_N24000157,0,0.18485609239432968
cost,2012-02-01,PRJ_CODE_N24000158,0,0.24120413817586894
cost,2012-02-01,PRJ_CODE_N24000159,0,0.30916013514970736
cost,2012-02-01,PRJ_CODE_N24000160,0,0.29986629416771093
cost,2012-02-01,PRJ_CODE_N24000161,0,0.15998930394016508
cost,2012-02-01,PRJ_CODE_N24000162,0,0.15812622848294955
cost,2012-02-01,PRJ_CODE_N24000163,0,0.19824509510378321
cost,2012-02-01,PRJ_CODE_N24000165,0,0.26764680058614837
cost,2012-02-01,PRJ_CODE_N24000166,0,0.22666548399765601
cost,2012-02-01,PRJ_CODE_N24000167,0,0.4279734912532791
cost,2012-02-01,PRJ_CODE_N24000168,0,0.1534132564641956
cost,2012-02-01,PRJ_CODE_N24000169,0,0.14741138694966768
cost,2012-02-01,PRJ_CODE_N24000170,0,0.14506708846641234
cost,2012-02-01,PRJ_CODE_N24000171,0,0.12650245188856812
cost,2012-02-01,PRJ_CODE_N24000172,0,0.1348060230220804
cost,2012-02-01,PRJ_CODE_N24000173,0,0.13719857584949055
cost,2012-02-01,PRJ_CODE_N24000174,0,0.12098501006833218
cost,2012-02-01,PRJ_CODE_N24000175,0,0.14398176820039024
cost,2012-02-01,PRJ_CODE_N24000176,0,0.26871488387784165
cost,2012-02-01,PRJ_CODE_N24000177,0,0.13500843833252338
cost,2012-02-01,PRJ_CODE_N24000178,0,0.13880365601393094
cost,2012-02-01,PRJ_CODE_N24000179,0,0.17917293515278748
cost,2012-02-01,PRJ_CODE_N24000180,0,0.14488136597577
cost,2012-02-01,PRJ_CODE_N24000181,0,0.1803186055990332
cost,2012-02-01,PRJ_CODE_N24000182,0,0.13722218189437047
cost,2012-02-01,PRJ_CODE_N24000183,0,0.16545355092824912
cost,2012-02-01,PRJ_CODE_N24000184,0,0.13485459082592144
cost,2012-02-01,PRJ_CODE_N24000185,0,0.11770427857774869
cost,2012-02-01,PRJ_CODE_N24000186,0,0.17352114116959624
cost,2012-02-01,PRJ_CODE_N24000187,0,0.16832944236457317
cost,2012-02-01,PRJ_CODE_N24000188,0,0.13153958700369817
cost,2012-02-01,PRJ_CODE_N25000003,0,0.49797969868542247
cost,2012-02-01,PRJ_CODE_N25000004,0,0.23859862170062
cost,2012-02-01,PRJ_CODE_N25000014,0,0.35991798538946246
cost,2012-02-01,PRJ_CODE_N25000016,0,0.32906912079234046
cost,2012-02-01,PRJ_CODE_N25000031,0,0.42695946094825826
cost,2012-02-01,PRJ_CODE_N25000033,0,0.6266977738867917
cost,2012-02-01,PRJ_CODE_N25000035,0,0.4447106750710803
cost,2012-02-01,PRJ_CODE_N25000037,0,0.4218015611943457
cost,2012-02-01,PRJ_CODE_N25000039,0,0.43154174534443596
cost,2012-02-01,PRJ_CODE_N25000042,0,0.42692754998831467
cost,2012-02-01,PRJ_CODE_N25000043,0,0.20318928113076334
cost,2012-02-01,PRJ_CODE_N25000048,1,0.38511462978473204
cost,2012-02-01,PRJ_CODE_N25000049,0,0.3342362735403288
cost,2012-02-01,PRJ_CODE_N25000050,0,0.4477631025530192
cost,2012-02-01,PRJ_CODE_N25000051,0,0.36661015302916383
cost,2012-02-01,PRJ_CODE_N25000052,0,0.2209008782419359
cost,2012-02-01,PRJ_CODE_N25000053,0,0.33575967803599643
cost,2012-02-01,PRJ_CODE_N25000054,0,0.28420222813066054
cost,2012-02-01,PRJ_CODE_N25000055,0,0.2545839958049731
cost,2012-02-01,PRJ_CODE_N25000056,0,0.2652648689643823
cost,2012-02-01,PRJ_CODE_N25000058,0,0.28001270659638583
cost,2012-02-01,PRJ_CODE_N25000059,0,0.444189328769552
cost,2012-02-01,PRJ_CODE_N25000060,0,0.6053780999692452
cost,2012-02-01,PRJ_CODE_N26000011,0,0.21984397343182116
cost,2012-02-01,PRJ_CODE_N26000016,0,0.18071524631079142
cost,2012-02-01,PRJ_CODE_N26000029,0,0.5672650992269301
cost,2012-02-01,PRJ_CODE_N26000041,0,0.19259536651618764
cost,2012-02-01,PRJ_CODE_N26000046,0,0.36911918552204537
cost,2012-02-01,PRJ_CODE_N26000058,0,0.3779042287813261
cost,2012-02-01,PRJ_CODE_N26000062,0,0.19727367064853438
cost,2012-02-01,PRJ_CODE_N26000065,0,0.2809182032965965
cost,2012-02-01,PRJ_CODE_N26000072,0,0.2889668886284383
cost,2012-02-01,PRJ_CODE_N26000073,0,0.22870097655123456
cost,2012-02-01,PRJ_CODE_N26000082,0,0.25488994217955163
cost,2012-02-01,PRJ_CODE_N26000088,0,0.18213059054333317
cost,2012-02-01,PRJ_CODE_N26000089,0,0.2234092865344963
cost,2012-02-01,PRJ_CODE_N26000090,0,0.4822574766976295
cost,2012-02-01,PRJ_CODE_N26000096,0,0.3544741911313434
cost,2012-02-01,PRJ_CODE_N28000008,0,0.22449624383905023
cost,2012-02-01,PRJ_CODE_N28000048,0,0.3726264451896686
cost,2012-02-01,PRJ_CODE_N28000056,0,0.25745254426823055
cost,2012-02-01,PRJ_CODE_N28000057,0,0.35753820073875564
cost,2012-04-01,PRJ_CODE_020100040,0,0.5901707501962441
cost,2012-04-01,PRJ_CODE_020100044,0,0.3978138646202264
cost,2012-04-01,PRJ_CODE_060100087,0,0.3094814202685472
cost,2012-04-01,PRJ_CODE_060100092,0,0.4688200748516979
cost,2012-04-01,PRJ_CODE_060100093,0,0.3542706777471944
cost,2012-04-01,PRJ_CODE_060100094,0,0.4132465692962685
cost,2012-04-01,PRJ_CODE_060100096,0,0.5541593660146682
cost,2012-04-01,PRJ_CODE_120100067,0,0.19001890957227327
cost,2012-04-01,PRJ_CODE_160100215,0,0.5084092315065272
cost,2012-04-01,PRJ_CODE_160100216,0,0.49848463002987264
cost,2012-04-01,PRJ_CODE_160100217,0,0.48580594586422554
cost,2012-04-01,PRJ_CODE_160100231,0,0.5599085360756433
cost,2012-04-01,PRJ_CODE_180100210,0,0.5001206087618827
cost,2012-04-01,PRJ_CODE_180100211,0,0.6719122807578196
cost,2012-04-01,PRJ_CODE_180100221,0,0.45492350281625793
cost,2012-04-01,PRJ_CODE_180100222,0,0.4007117357392369
cost,2012-04-01,PRJ_CODE_180100229,0,0.6816058739258043
cost,2012-04-01,PRJ_CODE_180100239,0,0.5569160068908678
cost,2012-04-01,PRJ_CODE_180100241,0,0.3367089091703852
cost,2012-04-01,PRJ_CODE_180100242,0,0.5287675570769302
cost,2012-04-01,PRJ_CODE_180100243,0,0.42387841462215653
cost,2012-04-01,PRJ_CODE_180100246,0,0.4012954361230183
cost,2012-04-01,PRJ_CODE_180100250,0,0.2706694053811445
cost,2012-04-01,PRJ_CODE_180100251,1,0.6990566584881812
cost,2012-04-01,PRJ_CODE_180100258,1,0.7183290829374918
cost,2012-04-01,PRJ_CODE_180100260,0,0.7069153193855902
cost,2012-04-01,PRJ_CODE_220100007,0,0.7186291219044393
cost,2012-04-01,PRJ_CODE_220100009,0,0.5802168627259175
cost,2012-04-01,PRJ_CODE_220100062,0,0.5246738645213969
cost,2012-04-01,PRJ_CODE_220100106,0,0.637734844224534
cost,2012-04-01,PRJ_CODE_220100118,0,0.5586997823875608
cost,2012-04-01,PRJ_CODE_220100133,0,0.6941832758851921
cost,2012-04-01,PRJ_CODE_220100135,0,0.6363835555665805
cost,2012-04-01,PRJ_CODE_220100148,0,0.4718008170658794
cost,2012-04-01,PRJ_CODE_220100149,0,0.5507098324759142
cost,2012-04-01,PRJ_CODE_220100151,0,0.7435561156727706
cost,2012-04-01,PRJ_CODE_220100164,0,0.4832571318535188
cost,2012-04-01,PRJ_CODE_220100168,0,0.6584483279080902
cost,2012-04-01,PRJ_CODE_220100181,0,0.45973695818559424
cost,2012-04-01,PRJ_CODE_220100183,0,0.6273087808988673
cost,2012-04-01,PRJ_CODE_220100184,0,0.6948935746683805
cost,2012-04-01,PRJ_CODE_220100186,0,0.5697002526201671
cost,2012-04-01,PRJ_CODE_220100188,0,0.567757571995343
cost,2012-04-01,PRJ_CODE_220100190,0,0.6772308669910108
cost,2012-04-01,PRJ_CODE_220100191,0,0.7665720238871093
cost,2012-04-01,PRJ_CODE_220100192,0,0.6549322492644463
cost,2012-04-01,PRJ_CODE_220100193,0,0.6061519856973417
cost,2012-04-01,PRJ_CODE_220100194,0,0.6708759305317256
cost,2012-04-01,PRJ_CODE_220100197,0,0.6768881037157161
cost,2012-04-01,PRJ_CODE_220100201,0,0.635766654775274
cost,2012-04-01,PRJ_CODE_220100205,0,0.6710037443758257
cost,2012-04-01,PRJ_CODE_220100208,0,0.564173408007623
cost,2012-04-01,PRJ_CODE_220100212,0,0.713603704170554
cost,2012-04-01,PRJ_CODE_220100214,0,0.6399704244060015
cost,2012-04-01,PRJ_CODE_220100220,0,0.61417879318162
cost,2012-04-01,PRJ_CODE_220100222,0,0.7086910673762439
cost,2012-04-01,PRJ_CODE_220100232,0,0.4554098404937386
cost,2012-04-01,PRJ_CODE_220100233,0,0.5739618342508727
cost,2012-04-01,PRJ_CODE_220100240,0,0.5829323361687246
cost,2012-04-01,PRJ_CODE_220100241,0,0.6255610937002843
cost,2012-04-01,PRJ_CODE_220100243,0,0.7508056264875376
cost,2012-04-01,PRJ_CODE_220100247,0,0.621269871775799
cost,2012-04-01,PRJ_CODE_220100252,0,0.5637363263438663
cost,2012-04-01,PRJ_CODE_220100254,0,0.5221437254808965
cost,2012-04-01,PRJ_CODE_220100255,0,0.6158281213166331
cost,2012-04-01,PRJ_CODE_220100256,0,0.6115069975888217
cost,2012-04-01,PRJ_CODE_220100257,0,0.6714572078254126
cost,2012-04-01,PRJ_CODE_220100258,0,0.716088970611491
cost,2012-04-01,PRJ_CODE_220100260,0,0.43805397957136827
cost,2012-04-01,PRJ_CODE_220100262,0,0.7136828637059153
cost,2012-04-01,PRJ_CODE_220100263,0,0.6523234177336072
cost,2012-04-01,PRJ_CODE_220100265,0,0.5863760128541348
cost,2012-04-01,PRJ_CODE_220100266,0,0.5418106619711383
cost,2012-04-01,PRJ_CODE_220100268,0,0.6735917533557578
cost,2012-04-01,PRJ_CODE_220100270,0,0.7130946049916216
cost,2012-04-01,PRJ_CODE_220100272,0,0.582394891315165
cost,2012-04-01,PRJ_CODE_220100273,0,0.5739074083084394
cost,2012-04-01,PRJ_CODE_220100274,0,0.6614296807443141
cost,2012-04-01,PRJ_CODE_220100277,0,0.6875519097290048
cost,2012-04-01,PRJ_CODE_220100279,1,0.7124975828288732
cost,2012-04-01,PRJ_CODE_220100280,0,0.7188922082037259
cost,2012-04-01,PRJ_CODE_220100284,0,0.44263249650641867
cost,2012-04-01,PRJ_CODE_220100285,0,0.514878334625198
cost,2012-04-01,PRJ_CODE_220100286,0,0.5806187145979053
cost,2012-04-01,PRJ_CODE_220100288,1,0.6828512938919736
cost,2012-04-01,PRJ_CODE_220100303,1,0.6127842604086257
cost,2012-04-01,PRJ_CODE_220100304,0,0.6163587430034435
cost,2012-04-01,PRJ_CODE_220100305,0,0.5383944469733012
cost,2012-04-01,PRJ_CODE_220100306,0,0.6973283115276258
cost,2012-04-01,PRJ_CODE_220100307,0,0.5743579834890719
cost,2012-04-01,PRJ_CODE_220100308,0,0.5250808622225316
cost,2012-04-01,PRJ_CODE_220100313,0,0.4502281026630428
cost,2012-04-01,PRJ_CODE_220100314,0,0.5414981086688969
cost,2012-04-01,PRJ_CODE_220100315,0,0.5820451289570333
cost,2012-04-01,PRJ_CODE_220100316,0,0.6072621811757158
cost,2012-04-01,PRJ_CODE_220100319,0,0.5636481908463857
cost,2012-04-01,PRJ_CODE_220100321,0,0.5944890110505651
cost,2012-04-01,PRJ_CODE_220100323,0,0.6646369913484325
cost,2012-04-01,PRJ_CODE_220100324,0,0.5495279560651208
cost,2012-04-01,PRJ_CODE_220100325,0,0.5335280882091873
cost,2012-04-01,PRJ_CODE_220100327,0,0.49920779842981416
cost,2012-04-01,PRJ_CODE_220100328,0,0.47661493817896733
cost,2012-04-01,PRJ_CODE_220100329,0,0.5185629203823517
cost,2012-04-01,PRJ_CODE_240100207,0,0.3744386501045826
cost,2012-04-01,PRJ_CODE_240101132,0,0.4923656872565496
cost,2012-04-01,PRJ_CODE_240101133,0,0.48422450279482815
cost,2012-04-01,PRJ_CODE_240101153,0,0.52341874661134
cost,2012-04-01,PRJ_CODE_240101173,0,0.3907299308069155
cost,2012-04-01,PRJ_CODE_240106204,0,0.3546828416230386
cost,2012-04-01,PRJ_CODE_240106205,0,0.23643649704466027
cost,2012-04-01,PRJ_CODE_240106221,0,0.5464912477745765
cost,2012-04-01,PRJ_CODE_240106226,0,0.3720668036032621
cost,2012-04-01,PRJ_CODE_240106235,0,0.4860249360140799
cost,2012-04-01,PRJ_CODE_240106236,0,0.5321224306856777
cost,2012-04-01,PRJ_CODE_240106237,0,0.5146891496090685
cost,2012-04-01,PRJ_CODE_240106243,0,0.3207899916447114
cost,2012-04-01,PRJ_CODE_240106244,0,0.3540594020048364
cost,2012-04-01,PRJ_CODE_240106250,0,0.3356455919935648
cost,2012-04-01,PRJ_CODE_240106260,0,0.23162032421377865
cost,2012-04-01,PRJ_CODE_240106277,0,0.38388286261117865
cost,2012-04-01,PRJ_CODE_240106278,0,0.5352273062800988
cost,2012-04-01,PRJ_CODE_240106279,0,0.5137556536148037
cost,2012-04-01,PRJ_CODE_240106280,0,0.535315016691153
cost,2012-04-01,PRJ_CODE_240106281,0,0.40259184306927087
cost,2012-04-01,PRJ_CODE_240106288,0,0.33593510815094374
cost,2012-04-01,PRJ_CODE_240106290,0,0.3701541908207952
cost,2012-04-01,PRJ_CODE_240106292,0,0.28762494663719224
cost,2012-04-01,PRJ_CODE_240106293,0,0.34016686737211527
cost,2012-04-01,PRJ_CODE_240106294,0,0.32988128599637245
cost,2012-04-01,PRJ_CODE_240106297,0,0.34568736942154055
cost,2012-04-01,PRJ_CODE_240106300,0,0.32366599778652894
cost,2012-04-01,PRJ_CODE_240106301,0,0.37641385192344984
cost,2012-04-01,PRJ_CODE_240106303,0,0.3317257155903869
cost,2012-04-01,PRJ_CODE_240106304,0,0.3523450361429324
cost,2012-04-01,PRJ_CODE_240106305,0,0.32117323083189087
cost,2012-04-01,PRJ_CODE_250100175,0,0.36115810429006917
cost,2012-04-01,PRJ_CODE_260100099,0,0.7705293517864745
cost,2012-04-01,PRJ_CODE_300100001,0,0.43226482502983044
cost,2012-04-01,PRJ_CODE_N02000007,0,0.610490935742965
cost,2012-04-01,PRJ_CODE_N02000010,0,0.23106785113478312
cost,2012-04-01,PRJ_CODE_N02000027,0,0.17848514902164833
cost,2012-04-01,PRJ_CODE_N04000037,0,0.4151114817765288
cost,2012-04-01,PRJ_CODE_N04000038,0,0.49791259325219134
cost,2012-04-01,PRJ_CODE_N04000050,0,0.23436040776958858
cost,2012-04-01,PRJ_CODE_N04000065,0,0.20258477723797946
cost,2012-04-01,PRJ_CODE_N04000069,0,0.200999942085195
cost,2012-04-01,PRJ_CODE_N06000007,0,0.3373600083107492
cost,2012-04-01,PRJ_CODE_N06000008,0,0.2856385044481476
cost,2012-04-01,PRJ_CODE_N06000009,0,0.6625109157149428
cost,2012-04-01,PRJ_CODE_N06000010,0,0.5961571258896939
cost,2012-04-01,PRJ_CODE_N06000015,0,0.3309664598038113
cost,2012-04-01,PRJ_CODE_N06000016,0,0.3564045040188198
cost,2012-04-01,PRJ_CODE_N06000017,0,0.39357999002162614
cost,2012-04-01,PRJ_CODE_N06000019,0,0.173727066849936
cost,2012-04-01,PRJ_CODE_N06000020,0,0.21940468282295233
cost,2012-04-01,PRJ_CODE_N06000025,0,0.17370067799463867
cost,2012-04-01,PRJ_CODE_N06000033,0,0.5318241677040078
cost,2012-04-01,PRJ_CODE_N06000034,0,0.4685953937406167
cost,2012-04-01,PRJ_CODE_N06000035,0,0.2587608330828223
cost,2012-04-01,PRJ_CODE_N06000042,0,0.4694350783059469
cost,2012-04-01,PRJ_CODE_N06000043,0,0.41340540525499203
cost,2012-04-01,PRJ_CODE_N06000044,0,0.39161348263137874
cost,2012-04-01,PRJ_CODE_N06000045,0,0.16679990902735833
cost,2012-04-01,PRJ_CODE_N06000046,0,0.4003030169063185
cost,2012-04-01,PRJ_CODE_N06000047,0,0.543376466256867
cost,2012-04-01,PRJ_CODE_N06000048,0,0.44944102095641314
cost,2012-04-01,PRJ_CODE_N06000049,0,0.17926781647864065
cost,2012-04-01,PRJ_CODE_N06000056,0,0.14300348769598417
cost,2012-04-01,PRJ_CODE_N06000066,0,0.3735291981581646
cost,2012-04-01,PRJ_CODE_N06000067,0,0.23451062327464994
cost,2012-04-01,PRJ_CODE_N06000068,0,0.24335463617559547
cost,2012-04-01,PRJ_CODE_N06000075,0,0.33865510887737343
cost,2012-04-01,PRJ_CODE_N06000076,0,0.3558533702362797
cost,2012-04-01,PRJ_CODE_N06000078,0,0.23027406084425736
cost,2012-04-01,PRJ_CODE_N06000079,0,0.23973441541212
cost,2012-04-01,PRJ_CODE_N06000080,0,0.22030589597134337
cost,2012-04-01,PRJ_CODE_N06000081,0,0.4597044095808473
cost,2012-04-01,PRJ_CODE_N06000082,0,0.5025406802815808
cost,2012-04-01,PRJ_CODE_N06000083,0,0.17479909271620195
cost,2012-04-01,PRJ_CODE_N06000084,0,0.21973613353494814
cost,2012-04-01,PRJ_CODE_N06000085,0,0.18447472095627965
cost,2012-04-01,PRJ_CODE_N06000086,0,0.2607295154202735
cost,2012-04-01,PRJ_CODE_N06000087,0,0.23786985732716268
cost,2012-04-01,PRJ_CODE_N06000088,0,0.24693753529268803
cost,2012-04-01,PRJ_CODE_N06000089,0,0.13864814196678302
cost,2012-04-01,PRJ_CODE_N06000091,0,0.17792174068642438
cost,2012-04-01,PRJ_CODE_N06000093,0,0.09177752479738625
cost,2012-04-01,PRJ_CODE_N06000094,0,0.06897700182725516
cost,2012-04-01,PRJ_CODE_N06000095,0,0.12234031467938768
cost,2012-04-01,PRJ_CODE_N06000096,0,0.1456791916437115
cost,2012-04-01,PRJ_CODE_N06000098,0,0.10340078531849331
cost,2012-04-01,PRJ_CODE_N06000099,0,0.17661878793308616
cost,2012-04-01,PRJ_CODE_N08000004,0,0.37425406378890524
cost,2012-04-01,PRJ_CODE_N08000005,0,0.3888519295827276
cost,2012-04-01,PRJ_CODE_N08000006,0,0.2979867789073266
cost,2012-04-01,PRJ_CODE_N08000007,0,0.24202139770695338
cost,2012-04-01,PRJ_CODE_N08000008,0,0.1764182713727386
cost,2012-04-01,PRJ_CODE_N12000018,0,0.22438852414316662
cost,2012-04-01,PRJ_CODE_N12000023,0,0.2822429606585288
cost,2012-04-01,PRJ_CODE_N12000033,0,0.3722527224132633
cost,2012-04-01,PRJ_CODE_N12000038,0,0.22234205732162896
cost,2012-04-01,PRJ_CODE_N12000051,0,0.2911017178125258
cost,2012-04-01,PRJ_CODE_N12000053,0,0.2770152302085926
cost,2012-04-01,PRJ_CODE_N12000055,0,0.2151162730225129
cost,2012-04-01,PRJ_CODE_N12000056,0,0.371783704020238
cost,2012-04-01,PRJ_CODE_N12000057,0,0.2857797013642402
cost,2012-04-01,PRJ_CODE_N12000068,0,0.30342578958586286
cost,2012-04-01,PRJ_CODE_N12000069,0,0.2766046520636632
cost,2012-04-01,PRJ_CODE_N12000072,0,0.13624864999961647
cost,2012-04-01,PRJ_CODE_N12000073,0,0.20985029566047614
cost,2012-04-01,PRJ_CODE_N12000074,0,0.2478890097126468
cost,2012-04-01,PRJ_CODE_N12000075,0,0.15297339466493662
cost,2012-04-01,PRJ_CODE_N16000023,0,0.22632602734230373
cost,2012-04-01,PRJ_CODE_N16000030,0,0.3044425256049618
cost,2012-04-01,PRJ_CODE_N16000031,0,0.3286295002265206
cost,2012-04-01,PRJ_CODE_N16000032,0,0.2524938030155905
cost,2012-04-01,PRJ_CODE_N16000033,0,0.2839307091941424
cost,2012-04-01,PRJ_CODE_N16000039,0,0.26462085514176675
cost,2012-04-01,PRJ_CODE_N16000044,0,0.3887419564371719
cost,2012-04-01,PRJ_CODE_N16000046,0,0.41096802139203886
cost,2012-04-01,PRJ_CODE_N16000051,0,0.5204069587528695
cost,2012-04-01,PRJ_CODE_N16000054,0,0.6159010018939299
cost,2012-04-01,PRJ_CODE_N16000057,0,0.5743216916244397
cost,2012-04-01,PRJ_CODE_N16000058,0,0.17205224006773434
cost,2012-04-01,PRJ_CODE_N16000060,0,0.29184815250932566
cost,2012-04-01,PRJ_CODE_N16000061,0,0.38258667267099533
cost,2012-04-01,PRJ_CODE_N16000064,0,0.614088847535178
cost,2012-04-01,PRJ_CODE_N16000065,0,0.22786468450749864
cost,2012-04-01,PRJ_CODE_N16000066,0,0.6199167212791798
cost,2012-04-01,PRJ_CODE_N16000068,0,0.6795200803287431
cost,2012-04-01,PRJ_CODE_N16000069,0,0.6653353006086942
cost,2012-04-01,PRJ_CODE_N16000070,1,0.5938813103227838
cost,2012-04-01,PRJ_CODE_N16000071,0,0.5236331166354291
cost,2012-04-01,PRJ_CODE_N16000072,0,0.49339590193164473
cost,2012-04-01,PRJ_CODE_N16000073,0,0.6978977539197405
cost,2012-04-01,PRJ_CODE_N16000081,0,0.16842057973078917
cost,2012-04-01,PRJ_CODE_N16000084,0,0.2280995713759561
cost,2012-04-01,PRJ_CODE_N16000086,0,0.3796942298194087
cost,2012-04-01,PRJ_CODE_N16000088,1,0.6678928202374772
cost,2012-04-01,PRJ_CODE_N16000089,0,0.5350355007834651
cost,2012-04-01,PRJ_CODE_N16000090,1,0.6418111721345013
cost,2012-04-01,PRJ_CODE_N16000093,0,0.5352120252027088
cost,2012-04-01,PRJ_CODE_N16000094,0,0.5473024010536452
cost,2012-04-01,PRJ_CODE_N16000096,0,0.3596366489288926
cost,2012-04-01,PRJ_CODE_N16000098,0,0.1693047060720711
cost,2012-04-01,PRJ_CODE_N16000101,0,0.22807080435116242
cost,2012-04-01,PRJ_CODE_N16000103,0,0.29537758289566235
cost,2012-04-01,PRJ_CODE_N16000104,0,0.26980634977691115
cost,2012-04-01,PRJ_CODE_N16000105,0,0.2586123947405292
cost,2012-04-01,PRJ_CODE_N16000106,0,0.265240288944846
cost,2012-04-01,PRJ_CODE_N16000107,0,0.19216718366748983
cost,2012-04-01,PRJ_CODE_N16000108,0,0.3005874300078601
cost,2012-04-01,PRJ_CODE_N16000109,0,0.41940200054451804
cost,2012-04-01,PRJ_CODE_N16000110,0,0.2667473971972223
cost,2012-04-01,PRJ_CODE_N16000112,0,0.19544283474697327
cost,2012-04-01,PRJ_CODE_N16000113,0,0.3187538878746662
cost,2012-04-01,PRJ_CODE_N16000114,0,0.3011048979756035
cost,2012-04-01,PRJ_CODE_N16000115,0,0.24108843122883492
cost,2012-04-01,PRJ_CODE_N16000116,0,0.3656075470206266
cost,2012-04-01,PRJ_CODE_N16000117,0,0.3372656740863314
cost,2012-04-01,PRJ_CODE_N16000118,0,0.24212274875260612
cost,2012-04-01,PRJ_CODE_N16000119,0,0.8261374455835843
cost,2012-04-01,PRJ_CODE_N16000120,0,0.35361815115213874
cost,2012-04-01,PRJ_CODE_N16000121,0,0.3704878434498282
cost,2012-04-01,PRJ_CODE_N16000122,0,0.35361815115213874
cost,2012-04-01,PRJ_CODE_N16000123,0,0.6501954163800646
cost,2012-04-01,PRJ_CODE_N16000127,0,0.194233422087659
cost,2012-04-01,PRJ_CODE_N16000128,0,0.8202271515165666
cost,2012-04-01,PRJ_CODE_N16000129,0,0.2690813564082637
cost,2012-04-01,PRJ_CODE_N16000131,0,0.10998381009791722
cost,2012-04-01,PRJ_CODE_N16000132,0,0.1864262949396625
cost,2012-04-01,PRJ_CODE_N16000133,0,0.10436877575891086
cost,2012-04-01,PRJ_CODE_N18000004,0,0.4938758214961024
cost,2012-04-01,PRJ_CODE_N18000005,0,0.37343846441868117
cost,2012-04-01,PRJ_CODE_N18000006,0,0.37634719762737423
cost,2012-04-01,PRJ_CODE_N18000007,1,0.7158615828438244
cost,2012-04-01,PRJ_CODE_N18000010,0,0.31685810587363783
cost,2012-04-01,PRJ_CODE_N18000014,0,0.4614376701381893
cost,2012-04-01,PRJ_CODE_N18000018,0,0.6106722103825937
cost,2012-04-01,PRJ_CODE_N18000022,0,0.4109322422440015
cost,2012-04-01,PRJ_CODE_N18000024,0,0.4712609377124292
cost,2012-04-01,PRJ_CODE_N18000031,0,0.34776833580965494
cost,2012-04-01,PRJ_CODE_N18000035,0,0.42540531853529073
cost,2012-04-01,PRJ_CODE_N18000041,0,0.4560253974131373
cost,2012-04-01,PRJ_CODE_N18000042,0,0.30707835605835637
cost,2012-04-01,PRJ_CODE_N18000045,0,0.3243788657323453
cost,2012-04-01,PRJ_CODE_N18000046,0,0.253249756333965
cost,2012-04-01,PRJ_CODE_N18000047,0,0.32744134018252674
cost,2012-04-01,PRJ_CODE_N18000048,0,0.16026064754142688
cost,2012-04-01,PRJ_CODE_N18000051,0,0.2501918248237012
cost,2012-04-01,PRJ_CODE_N18000052,0,0.29897324964030186
cost,2012-04-01,PRJ_CODE_N18000053,0,0.22278075721659085
cost,2012-04-01,PRJ_CODE_N18000054,0,0.2875255575893831
cost,2012-04-01,PRJ_CODE_N18000056,0,0.2780918606670768
cost,2012-04-01,PRJ_CODE_N18000061,0,0.34371854103823596
cost,2012-04-01,PRJ_CODE_N18000063,0,0.28107438423686126
cost,2012-04-01,PRJ_CODE_N18000064,1,0.5325826866711908
cost,2012-04-01,PRJ_CODE_N18000065,0,0.3764975670958845
cost,2012-04-01,PRJ_CODE_N18000066,0,0.30279669401850673
cost,2012-04-01,PRJ_CODE_N18000067,0,0.26367581400965706
cost,2012-04-01,PRJ_CODE_N18000068,0,0.442789518807385
cost,2012-04-01,PRJ_CODE_N18000069,0,0.3897706601764218
cost,2012-04-01,PRJ_CODE_N18000071,0,0.40621393645825027
cost,2012-04-01,PRJ_CODE_N18000072,0,0.2904480807056768
cost,2012-04-01,PRJ_CODE_N18000073,0,0.25874088140083945
cost,2012-04-01,PRJ_CODE_N18000076,0,0.266679654735259
cost,2012-04-01,PRJ_CODE_N18000077,0,0.2498531039538119
cost,2012-04-01,PRJ_CODE_N18000078,0,0.39903017578557765
cost,2012-04-01,PRJ_CODE_N18000079,0,0.31255475959881746
cost,2012-04-01,PRJ_CODE_N18000080,0,0.262760268599925
cost,2012-04-01,PRJ_CODE_N18000081,0,0.42574156789371453
cost,2012-04-01,PRJ_CODE_N18000082,0,0.2395015576423238
cost,2012-04-01,PRJ_CODE_N18000083,0,0.18841114958386673
cost,2012-04-01,PRJ_CODE_N18000085,0,0.21613681936720142
cost,2012-04-01,PRJ_CODE_N18000086,0,0.3360078531351192
cost,2012-04-01,PRJ_CODE_N18000087,0,0.1910940456661874
cost,2012-04-01,PRJ_CODE_N18000088,0,0.19859762849134743
cost,2012-04-01,PRJ_CODE_N18000089,0,0.17832244097720787
cost,2012-04-01,PRJ_CODE_N18000090,0,0.22258561633215002
cost,2012-04-01,PRJ_CODE_N18000091,0,0.19605378025280878
cost,2012-04-01,PRJ_CODE_N18000092,0,0.2218712749203442
cost,2012-04-01,PRJ_CODE_N18000093,0,0.22701785227522991
cost,2012-04-01,PRJ_CODE_N18000094,0,0.23781109971336697
cost,2012-04-01,PRJ_CODE_N18000095,0,0.213309467041535
cost,2012-04-01,PRJ_CODE_N18000096,0,0.1427448819194018
cost,2012-04-01,PRJ_CODE_N18000097,0,0.1960412434934376
cost,2012-04-01,PRJ_CODE_N18000098,0,0.23311961086613486
cost,2012-04-01,PRJ_CODE_N18000099,0,0.15371123136478473
cost,2012-04-01,PRJ_CODE_N18000100,0,0.2305182768204857
cost,2012-04-01,PRJ_CODE_N18000101,0,0.09841564912988893
cost,2012-04-01,PRJ_CODE_N18000102,0,0.18073262719114178
cost,2012-04-01,PRJ_CODE_N18000103,0,0.16949255019765977
cost,2012-04-01,PRJ_CODE_N18000104,0,0.11189998513245639
cost,2012-04-01,PRJ_CODE_N18000105,0,0.12449404257157604
cost,2012-04-01,PRJ_CODE_N18000106,0,0.13403942202950597
cost,2012-04-01,PRJ_CODE_N18000107,0,0.11880810690128732
cost,2012-04-01,PRJ_CODE_N18000108,0,0.14765808474875686
cost,2012-04-01,PRJ_CODE_N18000109,0,0.1051250468820073
cost,2012-04-01,PRJ_CODE_N18000110,0,0.1144081520081813
cost,2012-04-01,PRJ_CODE_N18000111,0,0.15526689530140844
cost,2012-04-01,PRJ_CODE_N18000112,0,0.12233917797603569
cost,2012-04-01,PRJ_CODE_N18000113,0,0.18220132479508752
cost,2012-04-01,PRJ_CODE_N18000114,0,0.10299307847182981
cost,2012-04-01,PRJ_CODE_N18000115,0,0.14442205704629543
cost,2012-04-01,PRJ_CODE_N18000116,0,0.1794734533382064
cost,2012-04-01,PRJ_CODE_N18000117,0,0.15370026948387133
cost,2012-04-01,PRJ_CODE_N18000118,0,0.14553157445506298
cost,2012-04-01,PRJ_CODE_N18000119,0,0.1780702205228314
cost,2012-04-01,PRJ_CODE_N18000120,0,0.1542881405590306
cost,2012-04-01,PRJ_CODE_N18000121,0,0.16696751438073765
cost,2012-04-01,PRJ_CODE_N18000122,0,0.16311675055880873
cost,2012-04-01,PRJ_CODE_N18000123,0,0.11324647824013456
cost,2012-04-01,PRJ_CODE_N18000124,0,0.12494969227076032
cost,2012-04-01,PRJ_CODE_N18000125,0,0.2545589848766886
cost,2012-04-01,PRJ_CODE_N18000126,0,0.14128177399620404
cost,2012-04-01,PRJ_CODE_N18000127,0,0.16886400121348305
cost,2012-04-01,PRJ_CODE_N18000128,0,0.17218791085740476
cost,2012-04-01,PRJ_CODE_N18000129,0,0.10586139861442559
cost,2012-04-01,PRJ_CODE_N22000002,0,0.6949905153228784
cost,2012-04-01,PRJ_CODE_N22000027,0,0.398734051934475
cost,2012-04-01,PRJ_CODE_N22000028,0,0.18068233515669938
cost,2012-04-01,PRJ_CODE_N22000032,0,0.37114267207663226
cost,2012-04-01,PRJ_CODE_N22000045,0,0.6337600708555048
cost,2012-04-01,PRJ_CODE_N22000049,0,0.23516195293754108
cost,2012-04-01,PRJ_CODE_N22000052,0,0.5534262358692735
cost,2012-04-01,PRJ_CODE_N22000053,0,0.446896000235942
cost,2012-04-01,PRJ_CODE_N22000075,0,0.37045985811432086
cost,2012-04-01,PRJ_CODE_N22000076,0,0.36229778206876656
cost,2012-04-01,PRJ_CODE_N22000077,0,0.29498251494467476
cost,2012-04-01,PRJ_CODE_N22000079,0,0.34100439025244667
cost,2012-04-01,PRJ_CODE_N22000080,0,0.3883975835444471
cost,2012-04-01,PRJ_CODE_N22000082,0,0.3966232345054652
cost,2012-04-01,PRJ_CODE_N22000083,0,0.6986134997573171
cost,2012-04-01,PRJ_CODE_N22000084,0,0.37117054896479795
cost,2012-04-01,PRJ_CODE_N22000085,0,0.4620403179152204
cost,2012-04-01,PRJ_CODE_N22000086,0,0.38043133485051417
cost,2012-04-01,PRJ_CODE_N22000087,0,0.5082267956430989
cost,2012-04-01,PRJ_CODE_N22000088,0,0.24507258678773883
cost,2012-04-01,PRJ_CODE_N22000091,0,0.0908545834729308
cost,2012-04-01,PRJ_CODE_N22000092,0,0.43433716300650455
cost,2012-04-01,PRJ_CODE_N22000093,0,0.6070379381212334
cost,2012-04-01,PRJ_CODE_N22000094,0,0.2537104616250474
cost,2012-04-01,PRJ_CODE_N22000095,0,0.4763725879333869
cost,2012-04-01,PRJ_CODE_N22000096,0,0.22336653456728262
cost,2012-04-01,PRJ_CODE_N22000097,0,0.5925118359143916
cost,2012-04-01,PRJ_CODE_N22000099,0,0.32106020050843187
cost,2012-04-01,PRJ_CODE_N22000100,0,0.18882001578388727
cost,2012-04-01,PRJ_CODE_N22000101,0,0.3853578752153866
cost,2012-04-01,PRJ_CODE_N22000102,0,0.32138328431782476
cost,2012-04-01,PRJ_CODE_N22000107,0,0.3070019439071542
cost,2012-04-01,PRJ_CODE_N22000108,0,0.3966992771928462
cost,2012-04-01,PRJ_CODE_N22000109,0,0.3613492214229643
cost,2012-04-01,PRJ_CODE_N22000110,0,0.3881256996805743
cost,2012-04-01,PRJ_CODE_N22000111,1,0.395358799791414
cost,2012-04-01,PRJ_CODE_N22000112,0,0.44967915659118635
cost,2012-04-01,PRJ_CODE_N22000113,0,0.3831715178327217
cost,2012-04-01,PRJ_CODE_N22000114,0,0.21753570995933788
cost,2012-04-01,PRJ_CODE_N22000115,0,0.20522508044745635
cost,2012-04-01,PRJ_CODE_N22000116,0,0.29103760123915856
cost,2012-04-01,PRJ_CODE_N22000117,0,0.15305672914704824
cost,2012-04-01,PRJ_CODE_N22000118,0,0.4303812423531148
cost,2012-04-01,PRJ_CODE_N22000119,0,0.5169381877491022
cost,2012-04-01,PRJ_CODE_N22000120,0,0.2841063540536208
cost,2012-04-01,PRJ_CODE_N22000121,0,0.4231320310288554
cost,2012-04-01,PRJ_CODE_N22000122,0,0.282935724078336
cost,2012-04-01,PRJ_CODE_N22000123,0,0.31275211544382175
cost,2012-04-01,PRJ_CODE_N22000124,0,0.45200154577275364
cost,2012-04-01,PRJ_CODE_N22000125,0,0.41403914184975843
cost,2012-04-01,PRJ_CODE_N22000126,0,0.5781254390210022
cost,2012-04-01,PRJ_CODE_N22000127,0,0.5278656253627052
cost,2012-04-01,PRJ_CODE_N24000028,0,0.3794415556710232
cost,2012-04-01,PRJ_CODE_N24000031,0,0.3266357405552931
cost,2012-04-01,PRJ_CODE_N24000035,0,0.3524323517011614
cost,2012-04-01,PRJ_CODE_N24000038,0,0.37246367730526037
cost,2012-04-01,PRJ_CODE_N24000040,0,0.4623429486547706
cost,2012-04-01,PRJ_CODE_N24000042,0,0.34579084522979125
cost,2012-04-01,PRJ_CODE_N24000044,0,0.30256551752998867
cost,2012-04-01,PRJ_CODE_N24000045,0,0.3393600520902721
cost,2012-04-01,PRJ_CODE_N24000046,0,0.3526866229886022
cost,2012-04-01,PRJ_CODE_N24000047,0,0.3420566270216499
cost,2012-04-01,PRJ_CODE_N24000048,0,0.3320777510156215
cost,2012-04-01,PRJ_CODE_N24000049,0,0.37556101513111917
cost,2012-04-01,PRJ_CODE_N24000051,0,0.36768799275099173
cost,2012-04-01,PRJ_CODE_N24000055,0,0.2166731908537155
cost,2012-04-01,PRJ_CODE_N24000056,0,0.2126244577923479
cost,2012-04-01,PRJ_CODE_N24000057,0,0.4369832024773605
cost,2012-04-01,PRJ_CODE_N24000061,0,0.5359854066477023
cost,2012-04-01,PRJ_CODE_N24000062,0,0.5415182060216432
cost,2012-04-01,PRJ_CODE_N24000063,0,0.42102320427824375
cost,2012-04-01,PRJ_CODE_N24000068,0,0.5851912740689154
cost,2012-04-01,PRJ_CODE_N24000088,0,0.3516436039225114
cost,2012-04-01,PRJ_CODE_N24000089,0,0.4218963488974475
cost,2012-04-01,PRJ_CODE_N24000094,0,0.39286010382980185
cost,2012-04-01,PRJ_CODE_N24000095,0,0.3688202426773487
cost,2012-04-01,PRJ_CODE_N24000096,0,0.3994747548417738
cost,2012-04-01,PRJ_CODE_N24000098,0,0.5391846646879154
cost,2012-04-01,PRJ_CODE_N24000101,0,0.2939002521048941
cost,2012-04-01,PRJ_CODE_N24000102,0,0.49594674189792487
cost,2012-04-01,PRJ_CODE_N24000107,0,0.25684318017399427
cost,2012-04-01,PRJ_CODE_N24000108,0,0.37274017965981776
cost,2012-04-01,PRJ_CODE_N24000116,0,0.37323014919373293
cost,2012-04-01,PRJ_CODE_N24000118,0,0.3213960468617078
cost,2012-04-01,PRJ_CODE_N24000122,0,0.28777997339578465
cost,2012-04-01,PRJ_CODE_N24000123,0,0.5080347590300055
cost,2012-04-01,PRJ_CODE_N24000124,0,0.4075179767381698
cost,2012-04-01,PRJ_CODE_N24000125,0,0.42980353093263163
cost,2012-04-01,PRJ_CODE_N24000126,0,0.4714841831383056
cost,2012-04-01,PRJ_CODE_N24000127,0,0.4188878569540778
cost,2012-04-01,PRJ_CODE_N24000128,0,0.5264433174845817
cost,2012-04-01,PRJ_CODE_N24000129,0,0.35810660788869936
cost,2012-04-01,PRJ_CODE_N24000130,0,0.582589077082881
cost,2012-04-01,PRJ_CODE_N24000131,0,0.5086301034499598
cost,2012-04-01,PRJ_CODE_N24000132,0,0.33754292327021007
cost,2012-04-01,PRJ_CODE_N24000133,0,0.5923571913131034
cost,2012-04-01,PRJ_CODE_N24000134,0,0.4545392249038509
cost,2012-04-01,PRJ_CODE_N24000135,0,0.44242079799845996
cost,2012-04-01,PRJ_CODE_N24000136,0,0.20583014344374215
cost,2012-04-01,PRJ_CODE_N24000138,0,0.6191379682167681
cost,2012-04-01,PRJ_CODE_N24000139,0,0.21867609833922202
cost,2012-04-01,PRJ_CODE_N24000140,0,0.2698590344303196
cost,2012-04-01,PRJ_CODE_N24000141,0,0.38338584998631453
cost,2012-04-01,PRJ_CODE_N24000142,0,0.2845412096306998
cost,2012-04-01,PRJ_CODE_N24000143,0,0.24123222569979166
cost,2012-04-01,PRJ_CODE_N24000144,0,0.2597778644323182
cost,2012-04-01,PRJ_CODE_N24000145,0,0.261767778867806
cost,2012-04-01,PRJ_CODE_N24000146,0,0.6683295780854951
cost,2012-04-01,PRJ_CODE_N24000147,0,0.3960471322727483
cost,2012-04-01,PRJ_CODE_N24000148,0,0.5355140079839841
cost,2012-04-01,PRJ_CODE_N24000149,0,0.2624095982950428
cost,2012-04-01,PRJ_CODE_N24000150,0,0.23302357827683373
cost,2012-04-01,PRJ_CODE_N24000151,0,0.30457677406762973
cost,2012-04-01,PRJ_CODE_N24000152,0,0.220406111440854
cost,2012-04-01,PRJ_CODE_N24000153,0,0.19654846894307043
cost,2012-04-01,PRJ_CODE_N24000154,0,0.47019111751947007
cost,2012-04-01,PRJ_CODE_N24000155,0,0.29994392560936084
cost,2012-04-01,PRJ_CODE_N24000156,0,0.2195663761274772
cost,2012-04-01,PRJ_CODE_N24000157,0,0.17643928629197198
cost,2012-04-01,PRJ_CODE_N24000158,0,0.26074839473967376
cost,2012-04-01,PRJ_CODE_N24000159,0,0.31540875008962493
cost,2012-04-01,PRJ_CODE_N24000160,0,0.3111863057372241
cost,2012-04-01,PRJ_CODE_N24000161,0,0.14040566280532604
cost,2012-04-01,PRJ_CODE_N24000162,0,0.14040566280532604
cost,2012-04-01,PRJ_CODE_N24000163,0,0.17527538911036972
cost,2012-04-01,PRJ_CODE_N24000165,0,0.23937531233566706
cost,2012-04-01,PRJ_CODE_N24000166,0,0.13493937568264153
cost,2012-04-01,PRJ_CODE_N24000167,0,0.4186719585673477
cost,2012-04-01,PRJ_CODE_N24000168,0,0.11628254642330296
cost,2012-04-01,PRJ_CODE_N24000169,0,0.26141339109770867
cost,2012-04-01,PRJ_CODE_N24000170,0,0.15247489178965795
cost,2012-04-01,PRJ_CODE_N24000171,0,0.10538527054468066
cost,2012-04-01,PRJ_CODE_N24000172,0,0.16289900774254784
cost,2012-04-01,PRJ_CODE_N24000173,0,0.13064156629935186
cost,2012-04-01,PRJ_CODE_N24000174,0,0.10667913079539959
cost,2012-04-01,PRJ_CODE_N24000175,0,0.1780950660650044
cost,2012-04-01,PRJ_CODE_N24000176,0,0.18876142643956467
cost,2012-04-01,PRJ_CODE_N24000177,0,0.10440179430318448
cost,2012-04-01,PRJ_CODE_N24000178,0,0.1086155835261997
cost,2012-04-01,PRJ_CODE_N24000179,0,0.18081653902253522
cost,2012-04-01,PRJ_CODE_N24000180,0,0.15719918779643535
cost,2012-04-01,PRJ_CODE_N24000181,0,0.21772446854598
cost,2012-04-01,PRJ_CODE_N24000182,0,0.11280089482485553
cost,2012-04-01,PRJ_CODE_N24000183,0,0.13460212891068868
cost,2012-04-01,PRJ_CODE_N24000184,0,0.12224841529318721
cost,2012-04-01,PRJ_CODE_N24000185,0,0.10574788572698635
cost,2012-04-01,PRJ_CODE_N24000186,0,0.12063033600875611
cost,2012-04-01,PRJ_CODE_N24000187,0,0.1539071221400221
cost,2012-04-01,PRJ_CODE_N24000188,0,0.10667913079539959
cost,2012-04-01,PRJ_CODE_N24000189,0,0.12606126343611943
cost,2012-04-01,PRJ_CODE_N24000190,0,0.13415946626705222
cost,2012-04-01,PRJ_CODE_N24000191,0,0.14665718711269096
cost,2012-04-01,PRJ_CODE_N24000192,0,0.21491577668337647
cost,2012-04-01,PRJ_CODE_N24000193,0,0.13561551383435372
cost,2012-04-01,PRJ_CODE_N24000194,0,0.132785901345949
cost,2012-04-01,PRJ_CODE_N24000195,0,0.1223119403325415
cost,2012-04-01,PRJ_CODE_N24000196,0,0.13024485848852838
cost,2012-04-01,PRJ_CODE_N24000197,0,0.17005544685364496
cost,2012-04-01,PRJ_CODE_N24000198,0,0.28458725973637333
cost,2012-04-01,PRJ_CODE_N24000199,0,0.14216102396092614
cost,2012-04-01,PRJ_CODE_N24000200,0,0.13992963431454342
cost,2012-04-01,PRJ_CODE_N24000201,0,0.1566458626286527
cost,2012-04-01,PRJ_CODE_N24000202,0,0.17306819013729913
cost,2012-04-01,PRJ_CODE_N24000203,0,0.1672540078238366
cost,2012-04-01,PRJ_CODE_N24000204,0,0.16007585947516248
cost,2012-04-01,PRJ_CODE_N24000205,0,0.18529346731579216
cost,2012-04-01,PRJ_CODE_N25000003,0,0.388571914762141
cost,2012-04-01,PRJ_CODE_N25000004,0,0.21864318685939843
cost,2012-04-01,PRJ_CODE_N25000014,0,0.3531180176361319
cost,2012-04-01,PRJ_CODE_N25000016,0,0.38653251105632286
cost,2012-04-01,PRJ_CODE_N25000031,0,0.31689063166003617
cost,2012-04-01,PRJ_CODE_N25000035,0,0.5067672160919319
cost,2012-04-01,PRJ_CODE_N25000037,0,0.46880071983701255
cost,2012-04-01,PRJ_CODE_N25000039,0,0.36855921030236943
cost,2012-04-01,PRJ_CODE_N25000042,0,0.43077391420451605
cost,2012-04-01,PRJ_CODE_N25000043,0,0.2761779251266022
cost,2012-04-01,PRJ_CODE_N25000048,0,0.3419263331149126
cost,2012-04-01,PRJ_CODE_N25000049,0,0.2816466779395223
cost,2012-04-01,PRJ_CODE_N25000050,0,0.5238388665349869
cost,2012-04-01,PRJ_CODE_N25000051,0,0.34978609655962173
cost,2012-04-01,PRJ_CODE_N25000052,0,0.2058119983888146
cost,2012-04-01,PRJ_CODE_N25000053,0,0.32087829584388394
cost,2012-04-01,PRJ_CODE_N25000059,0,0.44675668481555664
cost,2012-04-01,PRJ_CODE_N25000060,0,0.5283512549679937
cost,2012-04-01,PRJ_CODE_N26000011,0,0.21306326410779622
cost,2012-04-01,PRJ_CODE_N26000016,0,0.22809347176040745
cost,2012-04-01,PRJ_CODE_N26000029,0,0.5203550188059154
cost,2012-04-01,PRJ_CODE_N26000041,0,0.18664271349688197
cost,2012-04-01,PRJ_CODE_N26000058,0,0.2746586081845349
cost,2012-04-01,PRJ_CODE_N26000062,0,0.18292339697606982
cost,2012-04-01,PRJ_CODE_N26000065,0,0.22097944497494104
cost,2012-04-01,PRJ_CODE_N26000072,0,0.30315983535278335
cost,2012-04-01,PRJ_CODE_N26000073,0,0.18755739127366736
cost,2012-04-01,PRJ_CODE_N26000082,0,0.2324653980281384
cost,2012-04-01,PRJ_CODE_N26000088,0,0.1686239937141051
cost,2012-04-01,PRJ_CODE_N26000090,0,0.5289076103568173
cost,2012-04-01,PRJ_CODE_N26000096,0,0.33799281470500325
cost,2012-04-01,PRJ_CODE_N26000098,0,0.19732248354730503
cost,2012-04-01,PRJ_CODE_N28000008,0,0.19238960657266968
cost,2012-04-01,PRJ_CODE_N28000048,0,0.30462584919681873
cost,2012-04-01,PRJ_CODE_N28000056,0,0.28755778792938297
cost,2012-04-01,PRJ_CODE_N28000057,0,0.34607971096465295
cost,2012-06-01,PRJ_CODE_020100040,0,0.3743034772758718
cost,2012-06-01,PRJ_CODE_020100044,0,0.32411775487477207
cost,2012-06-01,PRJ_CODE_060100087,0,0.4237571722235468
cost,2012-06-01,PRJ_CODE_060100092,0,0.4752787873715945
cost,2012-06-01,PRJ_CODE_060100093,0,0.2705244531616668
cost,2012-06-01,PRJ_CODE_060100094,0,0.3640903340818285
cost,2012-06-01,PRJ_CODE_060100096,0,0.5177084593167319
cost,2012-06-01,PRJ_CODE_120100067,0,0.29358232236971005
cost,2012-06-01,PRJ_CODE_160100215,0,0.4590970063983729
cost,2012-06-01,PRJ_CODE_160100216,0,0.4835432086620997
cost,2012-06-01,PRJ_CODE_160100217,0,0.42142949084390285
cost,2012-06-01,PRJ_CODE_160100231,0,0.45913248627357683
cost,2012-06-01,PRJ_CODE_180100210,0,0.5421532836030095
cost,2012-06-01,PRJ_CODE_180100211,1,0.6101967903074237
cost,2012-06-01,PRJ_CODE_180100221,0,0.3260479109256413
cost,2012-06-01,PRJ_CODE_180100222,0,0.5039535078435726
cost,2012-06-01,PRJ_CODE_180100229,0,0.6900308057433041
cost,2012-06-01,PRJ_CODE_180100239,0,0.5377025482942419
cost,2012-06-01,PRJ_CODE_180100242,0,0.4936001449188476
cost,2012-06-01,PRJ_CODE_180100243,0,0.42118643299718433
cost,2012-06-01,PRJ_CODE_180100246,0,0.48613028283968995
cost,2012-06-01,PRJ_CODE_180100250,0,0.3786234967242151
cost,2012-06-01,PRJ_CODE_180100251,0,0.4520182590736659
cost,2012-06-01,PRJ_CODE_180100258,0,0.30543008304364444
cost,2012-06-01,PRJ_CODE_220100007,0,0.7156113745640282
cost,2012-06-01,PRJ_CODE_220100009,0,0.47094598340395605
cost,2012-06-01,PRJ_CODE_220100062,0,0.4597616741442746
cost,2012-06-01,PRJ_CODE_220100106,0,0.4406073058370262
cost,2012-06-01,PRJ_CODE_220100118,0,0.49633688948456617
cost,2012-06-01,PRJ_CODE_220100133,0,0.6559337898977337
cost,2012-06-01,PRJ_CODE_220100135,0,0.5782601096609824
cost,2012-06-01,PRJ_CODE_220100148,0,0.3690966807199346
cost,2012-06-01,PRJ_CODE_220100149,0,0.5139327019219297
cost,2012-06-01,PRJ_CODE_220100151,0,0.7242669232366009
cost,2012-06-01,PRJ_CODE_220100164,0,0.516403663000928
cost,2012-06-01,PRJ_CODE_220100168,0,0.5773784468794165
cost,2012-06-01,PRJ_CODE_220100181,1,0.34865323009866306
cost,2012-06-01,PRJ_CODE_220100183,0,0.6025285333805858
cost,2012-06-01,PRJ_CODE_220100184,0,0.6146376803285056
cost,2012-06-01,PRJ_CODE_220100186,0,0.5363985130179029
cost,2012-06-01,PRJ_CODE_220100188,1,0.4002299105858691
cost,2012-06-01,PRJ_CODE_220100190,1,0.621558802333488
cost,2012-06-01,PRJ_CODE_220100191,0,0.7278353932516981
cost,2012-06-01,PRJ_CODE_220100192,0,0.579472691072729
cost,2012-06-01,PRJ_CODE_220100193,1,0.5548282228022394
cost,2012-06-01,PRJ_CODE_220100197,0,0.611045468548811
cost,2012-06-01,PRJ_CODE_220100201,0,0.6029261819340099
cost,2012-06-01,PRJ_CODE_220100205,0,0.6167779208722888
cost,2012-06-01,PRJ_CODE_220100208,0,0.5773574414642085
cost,2012-06-01,PRJ_CODE_220100212,0,0.7223446160888171
cost,2012-06-01,PRJ_CODE_220100214,0,0.5733966001846553
cost,2012-06-01,PRJ_CODE_220100220,0,0.5307723721955887
cost,2012-06-01,PRJ_CODE_220100222,1,0.7059834058256377
cost,2012-06-01,PRJ_CODE_220100232,1,0.46008612719400466
cost,2012-06-01,PRJ_CODE_220100233,0,0.5619193719128557
cost,2012-06-01,PRJ_CODE_220100240,0,0.5258665941835687
cost,2012-06-01,PRJ_CODE_220100241,0,0.5506594626837196
cost,2012-06-01,PRJ_CODE_220100243,0,0.7177100284071748
cost,2012-06-01,PRJ_CODE_220100247,0,0.5830797533561335
cost,2012-06-01,PRJ_CODE_220100252,0,0.5297601577187835
cost,2012-06-01,PRJ_CODE_220100254,0,0.5625904507951907
cost,2012-06-01,PRJ_CODE_220100255,0,0.5649239995947132
cost,2012-06-01,PRJ_CODE_220100256,0,0.5518263264362991
cost,2012-06-01,PRJ_CODE_220100257,0,0.5677833332888131
cost,2012-06-01,PRJ_CODE_220100258,0,0.6960049501240022
cost,2012-06-01,PRJ_CODE_220100260,0,0.5350634127802205
cost,2012-06-01,PRJ_CODE_220100262,0,0.6409292062021257
cost,2012-06-01,PRJ_CODE_220100263,0,0.6013618231928028
cost,2012-06-01,PRJ_CODE_220100265,0,0.5147045100974391
cost,2012-06-01,PRJ_CODE_220100266,0,0.4837813958279951
cost,2012-06-01,PRJ_CODE_220100268,0,0.5435633962155326
cost,2012-06-01,PRJ_CODE_220100270,0,0.6286246238009998
cost,2012-06-01,PRJ_CODE_220100272,0,0.5480372232405412
cost,2012-06-01,PRJ_CODE_220100273,0,0.6021057979880156
cost,2012-06-01,PRJ_CODE_220100274,0,0.5648425580016061
cost,2012-06-01,PRJ_CODE_220100277,0,0.6414681066753317
cost,2012-06-01,PRJ_CODE_220100279,1,0.4744500810657905
cost,2012-06-01,PRJ_CODE_220100280,0,0.40812413928597135
cost,2012-06-01,PRJ_CODE_220100284,0,0.4413090450262839
cost,2012-06-01,PRJ_CODE_220100285,0,0.5042992464562536
cost,2012-06-01,PRJ_CODE_220100286,0,0.7245447198987041
cost,2012-06-01,PRJ_CODE_220100288,0,0.6167700733894074
cost,2012-06-01,PRJ_CODE_220100303,1,0.6139387009348194
cost,2012-06-01,PRJ_CODE_220100304,0,0.5857057281790672
cost,2012-06-01,PRJ_CODE_220100305,0,0.5408495794213576
cost,2012-06-01,PRJ_CODE_220100306,1,0.6142610960850856
cost,2012-06-01,PRJ_CODE_220100307,1,0.5681998399071616
cost,2012-06-01,PRJ_CODE_220100308,1,0.7092090260155647
cost,2012-06-01,PRJ_CODE_220100314,0,0.5131263368663298
cost,2012-06-01,PRJ_CODE_220100315,0,0.4503661281067637
cost,2012-06-01,PRJ_CODE_220100316,0,0.5673794909002561
cost,2012-06-01,PRJ_CODE_220100319,0,0.542219637078411
cost,2012-06-01,PRJ_CODE_220100321,0,0.6197932829207182
cost,2012-06-01,PRJ_CODE_220100323,0,0.5982741167629854
cost,2012-06-01,PRJ_CODE_220100324,0,0.5216358222254198
cost,2012-06-01,PRJ_CODE_220100325,0,0.5350088393980597
cost,2012-06-01,PRJ_CODE_220100327,0,0.5310869462635232
cost,2012-06-01,PRJ_CODE_220100328,0,0.46526095906856374
cost,2012-06-01,PRJ_CODE_220100329,0,0.651842187301982
cost,2012-06-01,PRJ_CODE_240100207,0,0.25658483761866197
cost,2012-06-01,PRJ_CODE_240101132,0,0.49345970255305144
cost,2012-06-01,PRJ_CODE_240101133,0,0.4881511737071215
cost,2012-06-01,PRJ_CODE_240101153,0,0.5231158152212261
cost,2012-06-01,PRJ_CODE_240101173,0,0.37780337200988423
cost,2012-06-01,PRJ_CODE_240106204,0,0.2606639659484979
cost,2012-06-01,PRJ_CODE_240106205,0,0.20238797174198483
cost,2012-06-01,PRJ_CODE_240106221,0,0.46719130492819844
cost,2012-06-01,PRJ_CODE_240106226,0,0.25276766857681054
cost,2012-06-01,PRJ_CODE_240106235,0,0.415140791621439
cost,2012-06-01,PRJ_CODE_240106236,0,0.44677620904476734
cost,2012-06-01,PRJ_CODE_240106237,0,0.47149887139637625
cost,2012-06-01,PRJ_CODE_240106243,0,0.2524134205404447
cost,2012-06-01,PRJ_CODE_240106244,0,0.36974279843239516
cost,2012-06-01,PRJ_CODE_240106250,0,0.2384570540788899
cost,2012-06-01,PRJ_CODE_240106260,0,0.19887581835934126
cost,2012-06-01,PRJ_CODE_240106277,0,0.24856510114467414
cost,2012-06-01,PRJ_CODE_240106278,0,0.4607964055962202
cost,2012-06-01,PRJ_CODE_240106279,0,0.41167320928221723
cost,2012-06-01,PRJ_CODE_240106280,0,0.45540238719362647
cost,2012-06-01,PRJ_CODE_240106281,0,0.2734179480922385
cost,2012-06-01,PRJ_CODE_240106288,0,0.2373914283318776
cost,2012-06-01,PRJ_CODE_240106290,0,0.26279209726812297
cost,2012-06-01,PRJ_CODE_240106293,0,0.2651526940453542
cost,2012-06-01,PRJ_CODE_240106294,0,0.24738427704620497
cost,2012-06-01,PRJ_CODE_240106297,0,0.23928580784467396
cost,2012-06-01,PRJ_CODE_240106301,0,0.2472056459214038
cost,2012-06-01,PRJ_CODE_240106303,0,0.2391744776685406
cost,2012-06-01,PRJ_CODE_240106304,0,0.2862429126195122
cost,2012-06-01,PRJ_CODE_240106305,0,0.26576000013168205
cost,2012-06-01,PRJ_CODE_250100175,0,0.397634401605706
cost,2012-06-01,PRJ_CODE_260100099,0,0.5137543284068676
cost,2012-06-01,PRJ_CODE_300100001,0,0.4252338726250436
cost,2012-06-01,PRJ_CODE_N02000007,0,0.6060730278657429
cost,2012-06-01,PRJ_CODE_N02000010,0,0.23364035915487488
cost,2012-06-01,PRJ_CODE_N02000027,0,0.15248941561920157
cost,2012-06-01,PRJ_CODE_N04000037,0,0.35197303083614245
cost,2012-06-01,PRJ_CODE_N04000038,0,0.44710325636682374
cost,2012-06-01,PRJ_CODE_N04000050,0,0.2035182509263118
cost,2012-06-01,PRJ_CODE_N04000065,0,0.1877350361809127
cost,2012-06-01,PRJ_CODE_N04000069,0,0.187987117193085
cost,2012-06-01,PRJ_CODE_N06000007,0,0.28007134967506425
cost,2012-06-01,PRJ_CODE_N06000008,0,0.2617295336009997
cost,2012-06-01,PRJ_CODE_N06000009,0,0.641137938147379
cost,2012-06-01,PRJ_CODE_N06000010,0,0.5814129674885963
cost,2012-06-01,PRJ_CODE_N06000015,0,0.3336307770816506
cost,2012-06-01,PRJ_CODE_N06000016,1,0.12296819751827219
cost,2012-06-01,PRJ_CODE_N06000017,0,0.3471242067802265
cost,2012-06-01,PRJ_CODE_N06000019,0,0.1784132435272361
cost,2012-06-01,PRJ_CODE_N06000020,0,0.21052288073088887
cost,2012-06-01,PRJ_CODE_N06000025,0,0.3610202354116075
cost,2012-06-01,PRJ_CODE_N06000033,0,0.5253216353651544
cost,2012-06-01,PRJ_CODE_N06000034,0,0.4040012267612543
cost,2012-06-01,PRJ_CODE_N06000035,0,0.25301592073581347
cost,2012-06-01,PRJ_CODE_N06000042,0,0.42580798347320997
cost,2012-06-01,PRJ_CODE_N06000043,0,0.35814583724587173
cost,2012-06-01,PRJ_CODE_N06000044,0,0.3714551465177816
cost,2012-06-01,PRJ_CODE_N06000045,0,0.14895988379263903
cost,2012-06-01,PRJ_CODE_N06000046,0,0.3542212161724921
cost,2012-06-01,PRJ_CODE_N06000047,0,0.5142716260225131
cost,2012-06-01,PRJ_CODE_N06000048,0,0.3632599477615282
cost,2012-06-01,PRJ_CODE_N06000049,0,0.16928261814058995
cost,2012-06-01,PRJ_CODE_N06000056,0,0.11370589798894315
cost,2012-06-01,PRJ_CODE_N06000066,0,0.44156057077419175
cost,2012-06-01,PRJ_CODE_N06000067,0,0.1962797588921918
cost,2012-06-01,PRJ_CODE_N06000068,0,0.27890497237214823
cost,2012-06-01,PRJ_CODE_N06000075,0,0.32044379651453503
cost,2012-06-01,PRJ_CODE_N06000076,0,0.16196128138816435
cost,2012-06-01,PRJ_CODE_N06000078,0,0.3043951376871409
cost,2012-06-01,PRJ_CODE_N06000079,0,0.18155053225935916
cost,2012-06-01,PRJ_CODE_N06000080,0,0.33855284287191517
cost,2012-06-01,PRJ_CODE_N06000081,0,0.36960860987817123
cost,2012-06-01,PRJ_CODE_N06000082,0,0.34738153881473754
cost,2012-06-01,PRJ_CODE_N06000083,0,0.16895356319717234
cost,2012-06-01,PRJ_CODE_N06000084,0,0.1936479745410758
cost,2012-06-01,PRJ_CODE_N06000085,0,0.2012009656564028
cost,2012-06-01,PRJ_CODE_N06000086,0,0.198340451849156
cost,2012-06-01,PRJ_CODE_N06000087,0,0.18188728171131918
cost,2012-06-01,PRJ_CODE_N06000088,0,0.27911537961730337
cost,2012-06-01,PRJ_CODE_N06000089,0,0.12311224758921187
cost,2012-06-01,PRJ_CODE_N06000091,0,0.16497566795365132
cost,2012-06-01,PRJ_CODE_N06000093,0,0.09367584218217669
cost,2012-06-01,PRJ_CODE_N06000094,0,0.07487748622681159
cost,2012-06-01,PRJ_CODE_N06000095,0,0.10900656688732056
cost,2012-06-01,PRJ_CODE_N06000096,0,0.15674264505418437
cost,2012-06-01,PRJ_CODE_N06000098,0,0.11564776949612192
cost,2012-06-01,PRJ_CODE_N06000099,0,0.08769214623768704
cost,2012-06-01,PRJ_CODE_N08000004,0,0.43373800518593775
cost,2012-06-01,PRJ_CODE_N08000005,0,0.42883247587131007
cost,2012-06-01,PRJ_CODE_N08000006,0,0.36350297863676384
cost,2012-06-01,PRJ_CODE_N08000007,0,0.20002453498389436
cost,2012-06-01,PRJ_CODE_N08000008,0,0.16771087635615997
cost,2012-06-01,PRJ_CODE_N12000018,0,0.16508631168082002
cost,2012-06-01,PRJ_CODE_N12000033,0,0.3064886373100229
cost,2012-06-01,PRJ_CODE_N12000038,0,0.1717360793610346
cost,2012-06-01,PRJ_CODE_N12000051,0,0.1883293227368155
cost,2012-06-01,PRJ_CODE_N12000053,0,0.2352593876863602
cost,2012-06-01,PRJ_CODE_N12000055,0,0.1429409023045806
cost,2012-06-01,PRJ_CODE_N12000056,0,0.3386145056818052
cost,2012-06-01,PRJ_CODE_N12000057,0,0.14830422193790063
cost,2012-06-01,PRJ_CODE_N12000068,0,0.2448000689734477
cost,2012-06-01,PRJ_CODE_N12000069,0,0.2724859840507675
cost,2012-06-01,PRJ_CODE_N12000072,0,0.30705468568504496
cost,2012-06-01,PRJ_CODE_N12000073,0,0.3030645957974801
cost,2012-06-01,PRJ_CODE_N12000074,0,0.3105421430403018
cost,2012-06-01,PRJ_CODE_N12000075,0,0.1844808161437494
cost,2012-06-01,PRJ_CODE_N12000076,0,0.12311734097389944
cost,2012-06-01,PRJ_CODE_N16000023,0,0.22426671783007301
cost,2012-06-01,PRJ_CODE_N16000030,0,0.24859154512974585
cost,2012-06-01,PRJ_CODE_N16000031,0,0.27647889606182385
cost,2012-06-01,PRJ_CODE_N16000032,0,0.18170388316740005
cost,2012-06-01,PRJ_CODE_N16000033,0,0.2551580896320077
cost,2012-06-01,PRJ_CODE_N16000039,0,0.2041261634778205
cost,2012-06-01,PRJ_CODE_N16000044,0,0.5217711151788739
cost,2012-06-01,PRJ_CODE_N16000046,0,0.34662696044333363
cost,2012-06-01,PRJ_CODE_N16000051,0,0.5355608014122484
cost,2012-06-01,PRJ_CODE_N16000054,0,0.701893537226171
cost,2012-06-01,PRJ_CODE_N16000057,0,0.6343962802111816
cost,2012-06-01,PRJ_CODE_N16000058,0,0.2024234704960912
cost,2012-06-01,PRJ_CODE_N16000060,0,0.327390181261647
cost,2012-06-01,PRJ_CODE_N16000061,0,0.33793809517346785
cost,2012-06-01,PRJ_CODE_N16000064,0,0.6441702603585474
cost,2012-06-01,PRJ_CODE_N16000065,0,0.21103473071817488
cost,2012-06-01,PRJ_CODE_N16000066,1,0.7303514185563016
cost,2012-06-01,PRJ_CODE_N16000068,0,0.6877290734571228
cost,2012-06-01,PRJ_CODE_N16000069,0,0.6802247667302695
cost,2012-06-01,PRJ_CODE_N16000070,1,0.3727121969180631
cost,2012-06-01,PRJ_CODE_N16000071,0,0.5407435003198937
cost,2012-06-01,PRJ_CODE_N16000072,0,0.5439623811706503
cost,2012-06-01,PRJ_CODE_N16000073,0,0.7084577808611561
cost,2012-06-01,PRJ_CODE_N16000081,0,0.18286095513669134
cost,2012-06-01,PRJ_CODE_N16000084,0,0.2110102102980652
cost,2012-06-01,PRJ_CODE_N16000086,0,0.3475307091630117
cost,2012-06-01,PRJ_CODE_N16000088,1,0.7004695176265319
cost,2012-06-01,PRJ_CODE_N16000089,0,0.5378734664247787
cost,2012-06-01,PRJ_CODE_N16000090,1,0.6401583557773649
cost,2012-06-01,PRJ_CODE_N16000093,0,0.5535705500100662
cost,2012-06-01,PRJ_CODE_N16000094,0,0.5452424157471248
cost,2012-06-01,PRJ_CODE_N16000096,0,0.3422360764810154
cost,2012-06-01,PRJ_CODE_N16000098,0,0.1567337488038982
cost,2012-06-01,PRJ_CODE_N16000101,0,0.1880234314905534
cost,2012-06-01,PRJ_CODE_N16000103,0,0.27016565505883633
cost,2012-06-01,PRJ_CODE_N16000104,1,0.34555535602308074
cost,2012-06-01,PRJ_CODE_N16000105,0,0.3290852862483158
cost,2012-06-01,PRJ_CODE_N16000106,0,0.33934785525865974
cost,2012-06-01,PRJ_CODE_N16000107,0,0.21069553644941932
cost,2012-06-01,PRJ_CODE_N16000108,0,0.2298186960115394
cost,2012-06-01,PRJ_CODE_N16000109,0,0.3397495521576097
cost,2012-06-01,PRJ_CODE_N16000110,0,0.27145607212968476
cost,2012-06-01,PRJ_CODE_N16000112,0,0.18624009411568374
cost,2012-06-01,PRJ_CODE_N16000113,0,0.3357171686479245
cost,2012-06-01,PRJ_CODE_N16000114,0,0.3353105315996433
cost,2012-06-01,PRJ_CODE_N16000115,0,0.19505388749027489
cost,2012-06-01,PRJ_CODE_N16000116,0,0.32903312566015525
cost,2012-06-01,PRJ_CODE_N16000117,0,0.22241244790842948
cost,2012-06-01,PRJ_CODE_N16000118,0,0.2207697022261745
cost,2012-06-01,PRJ_CODE_N16000119,0,0.7028821209872362
cost,2012-06-01,PRJ_CODE_N16000120,0,0.3725308679323346
cost,2012-06-01,PRJ_CODE_N16000121,0,0.3939654745509801
cost,2012-06-01,PRJ_CODE_N16000122,0,0.3725308679323346
cost,2012-06-01,PRJ_CODE_N16000123,0,0.5387010223819302
cost,2012-06-01,PRJ_CODE_N16000127,0,0.25063529325973205
cost,2012-06-01,PRJ_CODE_N16000128,0,0.6661618580458418
cost,2012-06-01,PRJ_CODE_N16000129,0,0.39702160571326567
cost,2012-06-01,PRJ_CODE_N16000131,0,0.0993256574392692
cost,2012-06-01,PRJ_CODE_N16000132,0,0.14221756797011972
cost,2012-06-01,PRJ_CODE_N16000133,0,0.09913791884593935
cost,2012-06-01,PRJ_CODE_N16000136,0,0.07591440953376571
cost,2012-06-01,PRJ_CODE_N16000137,0,0.7920359742997671
cost,2012-06-01,PRJ_CODE_N18000004,0,0.47464105595742245
cost,2012-06-01,PRJ_CODE_N18000006,0,0.3335560797366582
cost,2012-06-01,PRJ_CODE_N18000007,0,0.34915876742956475
cost,2012-06-01,PRJ_CODE_N18000010,0,0.2944155959194098
cost,2012-06-01,PRJ_CODE_N18000014,0,0.45711474724845086
cost,2012-06-01,PRJ_CODE_N18000018,1,0.6598791805781105
cost,2012-06-01,PRJ_CODE_N18000022,0,0.35641039989010226
cost,2012-06-01,PRJ_CODE_N18000024,0,0.49821056284274773
cost,2012-06-01,PRJ_CODE_N18000031,0,0.284230643532231
cost,2012-06-01,PRJ_CODE_N18000035,0,0.39462921034160847
cost,2012-06-01,PRJ_CODE_N18000041,0,0.4186279547355973
cost,2012-06-01,PRJ_CODE_N18000042,0,0.25533563070952614
cost,2012-06-01,PRJ_CODE_N18000045,0,0.31682119513201895
cost,2012-06-01,PRJ_CODE_N18000046,0,0.27603934213637404
cost,2012-06-01,PRJ_CODE_N18000047,0,0.3556948109863275
cost,2012-06-01,PRJ_CODE_N18000048,0,0.15589768959984052
cost,2012-06-01,PRJ_CODE_N18000052,0,0.2804076609654234
cost,2012-06-01,PRJ_CODE_N18000053,0,0.2678268432209868
cost,2012-06-01,PRJ_CODE_N18000054,0,0.2615264070761942
cost,2012-06-01,PRJ_CODE_N18000056,0,0.26426607842363875
cost,2012-06-01,PRJ_CODE_N18000061,0,0.3750569915887032
cost,2012-06-01,PRJ_CODE_N18000063,0,0.2608775033333189
cost,2012-06-01,PRJ_CODE_N18000064,1,0.7355504457859834
cost,2012-06-01,PRJ_CODE_N18000065,0,0.38545486269641743
cost,2012-06-01,PRJ_CODE_N18000066,0,0.2577657299730554
cost,2012-06-01,PRJ_CODE_N18000067,0,0.2080562416695405
cost,2012-06-01,PRJ_CODE_N18000068,0,0.3729396282451062
cost,2012-06-01,PRJ_CODE_N18000069,0,0.39190109560042
cost,2012-06-01,PRJ_CODE_N18000071,0,0.3497294176138909
cost,2012-06-01,PRJ_CODE_N18000072,0,0.2891030339955892
cost,2012-06-01,PRJ_CODE_N18000073,0,0.23032235555940977
cost,2012-06-01,PRJ_CODE_N18000076,0,0.39623640958098205
cost,2012-06-01,PRJ_CODE_N18000077,0,0.31881612589205105
cost,2012-06-01,PRJ_CODE_N18000078,0,0.40762964217300457
cost,2012-06-01,PRJ_CODE_N18000079,0,0.34957195932525814
cost,2012-06-01,PRJ_CODE_N18000080,0,0.4097085172513666
cost,2012-06-01,PRJ_CODE_N18000081,0,0.4397061331362698
cost,2012-06-01,PRJ_CODE_N18000083,0,0.3118618179285446
cost,2012-06-01,PRJ_CODE_N18000085,0,0.2851611798540652
cost,2012-06-01,PRJ_CODE_N18000086,0,0.2470913434064574
cost,2012-06-01,PRJ_CODE_N18000087,0,0.31236678565107
cost,2012-06-01,PRJ_CODE_N18000088,0,0.2107304022889104
cost,2012-06-01,PRJ_CODE_N18000089,0,0.22756618751595675
cost,2012-06-01,PRJ_CODE_N18000090,0,0.2563965305349177
cost,2012-06-01,PRJ_CODE_N18000091,0,0.24013212859040362
cost,2012-06-01,PRJ_CODE_N18000092,0,0.28194879051350596
cost,2012-06-01,PRJ_CODE_N18000093,0,0.2708682338110908
cost,2012-06-01,PRJ_CODE_N18000094,0,0.2654907114429231
cost,2012-06-01,PRJ_CODE_N18000095,0,0.29158366759084925
cost,2012-06-01,PRJ_CODE_N18000096,0,0.2548263948031785
cost,2012-06-01,PRJ_CODE_N18000097,0,0.26129463291836325
cost,2012-06-01,PRJ_CODE_N18000098,0,0.2885380503588178
cost,2012-06-01,PRJ_CODE_N18000099,0,0.2517630949934922
cost,2012-06-01,PRJ_CODE_N18000100,0,0.2650407814481229
cost,2012-06-01,PRJ_CODE_N18000101,0,0.142629208183772
cost,2012-06-01,PRJ_CODE_N18000102,0,0.15420887534591754
cost,2012-06-01,PRJ_CODE_N18000103,0,0.13112532283675146
cost,2012-06-01,PRJ_CODE_N18000104,0,0.11598271175658637
cost,2012-06-01,PRJ_CODE_N18000105,0,0.13432053163166077
cost,2012-06-01,PRJ_CODE_N18000106,0,0.1435895928045998
cost,2012-06-01,PRJ_CODE_N18000107,0,0.13796677950991468
cost,2012-06-01,PRJ_CODE_N18000109,0,0.10280157870258559
cost,2012-06-01,PRJ_CODE_N18000110,0,0.14344543888423872
cost,2012-06-01,PRJ_CODE_N18000111,0,0.12550884226689474
cost,2012-06-01,PRJ_CODE_N18000112,0,0.08961207341095485
cost,2012-06-01,PRJ_CODE_N18000113,0,0.16459921547689282
cost,2012-06-01,PRJ_CODE_N18000114,0,0.07839907765525067
cost,2012-06-01,PRJ_CODE_N18000115,0,0.08624401732710742
cost,2012-06-01,PRJ_CODE_N18000116,0,0.09683721394579292
cost,2012-06-01,PRJ_CODE_N18000117,0,0.09503720335784457
cost,2012-06-01,PRJ_CODE_N18000118,0,0.08674540008967972
cost,2012-06-01,PRJ_CODE_N18000119,0,0.17393831061568532
cost,2012-06-01,PRJ_CODE_N18000120,0,0.17800790610541242
cost,2012-06-01,PRJ_CODE_N18000121,0,0.09604506943040858
cost,2012-06-01,PRJ_CODE_N18000122,0,0.1020919367952105
cost,2012-06-01,PRJ_CODE_N18000123,0,0.1098953462697286
cost,2012-06-01,PRJ_CODE_N18000124,0,0.09704602779815724
cost,2012-06-01,PRJ_CODE_N18000125,0,0.13118800210390377
cost,2012-06-01,PRJ_CODE_N18000126,0,0.07261792793982681
cost,2012-06-01,PRJ_CODE_N18000127,0,0.08160204124086416
cost,2012-06-01,PRJ_CODE_N18000128,0,0.14330077212110978
cost,2012-06-01,PRJ_CODE_N18000129,0,0.06751129666344678
cost,2012-06-01,PRJ_CODE_N18000130,0,0.0877128672321747
cost,2012-06-01,PRJ_CODE_N22000002,0,0.6384326124406541
cost,2012-06-01,PRJ_CODE_N22000027,0,0.664552178420541
cost,2012-06-01,PRJ_CODE_N22000028,0,0.23263365128239868
cost,2012-06-01,PRJ_CODE_N22000032,0,0.315614234017781
cost,2012-06-01,PRJ_CODE_N22000045,0,0.5527577666678154
cost,2012-06-01,PRJ_CODE_N22000049,0,0.32338958240404786
cost,2012-06-01,PRJ_CODE_N22000052,0,0.5094776367093604
cost,2012-06-01,PRJ_CODE_N22000053,0,0.3883712570517895
cost,2012-06-01,PRJ_CODE_N22000075,0,0.29733823998728226
cost,2012-06-01,PRJ_CODE_N22000076,0,0.32389902454765057
cost,2012-06-01,PRJ_CODE_N22000077,0,0.35407162765596484
cost,2012-06-01,PRJ_CODE_N22000079,0,0.3157952053254814
cost,2012-06-01,PRJ_CODE_N22000080,0,0.2605384596801361
cost,2012-06-01,PRJ_CODE_N22000082,0,0.38612701079111067
cost,2012-06-01,PRJ_CODE_N22000083,0,0.6360306487245265
cost,2012-06-01,PRJ_CODE_N22000084,0,0.3179401203829081
cost,2012-06-01,PRJ_CODE_N22000085,0,0.40523482929198956
cost,2012-06-01,PRJ_CODE_N22000086,0,0.3384207152929866
cost,2012-06-01,PRJ_CODE_N22000087,0,0.43475933992973026
cost,2012-06-01,PRJ_CODE_N22000088,0,0.166699108659062
cost,2012-06-01,PRJ_CODE_N22000091,0,0.07254867592788533
cost,2012-06-01,PRJ_CODE_N22000092,0,0.44257150971745696
cost,2012-06-01,PRJ_CODE_N22000093,0,0.49921001094821676
cost,2012-06-01,PRJ_CODE_N22000094,0,0.21291770859173828
cost,2012-06-01,PRJ_CODE_N22000095,0,0.44173463619755093
cost,2012-06-01,PRJ_CODE_N22000097,0,0.5146464558881048
cost,2012-06-01,PRJ_CODE_N22000099,0,0.2782408006169344
cost,2012-06-01,PRJ_CODE_N22000100,0,0.2334879240154245
cost,2012-06-01,PRJ_CODE_N22000101,0,0.3209936600225224
cost,2012-06-01,PRJ_CODE_N22000102,0,0.2672584867943058
cost,2012-06-01,PRJ_CODE_N22000107,0,0.4020181329836123
cost,2012-06-01,PRJ_CODE_N22000108,0,0.492674831791435
cost,2012-06-01,PRJ_CODE_N22000109,1,0.4975080581396968
cost,2012-06-01,PRJ_CODE_N22000110,0,0.4760599682530547
cost,2012-06-01,PRJ_CODE_N22000111,0,0.4740992764552404
cost,2012-06-01,PRJ_CODE_N22000112,0,0.4650041428698656
cost,2012-06-01,PRJ_CODE_N22000113,0,0.3463629272717777
cost,2012-06-01,PRJ_CODE_N22000114,0,0.20340941700926393
cost,2012-06-01,PRJ_CODE_N22000115,0,0.14798582250455417
cost,2012-06-01,PRJ_CODE_N22000116,0,0.10442312183993414
cost,2012-06-01,PRJ_CODE_N22000117,0,0.0885473043095762
cost,2012-06-01,PRJ_CODE_N22000118,0,0.4091827944276032
cost,2012-06-01,PRJ_CODE_N22000119,0,0.48835796256667596
cost,2012-06-01,PRJ_CODE_N22000120,0,0.24667828676879058
cost,2012-06-01,PRJ_CODE_N22000121,0,0.3979741789543505
cost,2012-06-01,PRJ_CODE_N22000122,0,0.19044027685457932
cost,2012-06-01,PRJ_CODE_N22000123,0,0.3079307241196956
cost,2012-06-01,PRJ_CODE_N22000124,0,0.46465250235477534
cost,2012-06-01,PRJ_CODE_N22000125,0,0.36534927395041267
cost,2012-06-01,PRJ_CODE_N22000126,0,0.5430912160102553
cost,2012-06-01,PRJ_CODE_N22000127,0,0.5302343634049711
cost,2012-06-01,PRJ_CODE_N24000028,0,0.28046019316789167
cost,2012-06-01,PRJ_CODE_N24000031,0,0.2234217612111442
cost,2012-06-01,PRJ_CODE_N24000035,0,0.21187576853416634
cost,2012-06-01,PRJ_CODE_N24000038,0,0.2691827835769958
cost,2012-06-01,PRJ_CODE_N24000040,0,0.4733052820803716
cost,2012-06-01,PRJ_CODE_N24000042,0,0.24335624624639765
cost,2012-06-01,PRJ_CODE_N24000044,0,0.20666063907391508
cost,2012-06-01,PRJ_CODE_N24000045,0,0.23170775282626785
cost,2012-06-01,PRJ_CODE_N24000046,0,0.24882155936934372
cost,2012-06-01,PRJ_CODE_N24000047,0,0.24441990533985536
cost,2012-06-01,PRJ_CODE_N24000048,0,0.2218883229629421
cost,2012-06-01,PRJ_CODE_N24000049,0,0.2591340479620237
cost,2012-06-01,PRJ_CODE_N24000051,0,0.23370018441612883
cost,2012-06-01,PRJ_CODE_N24000055,0,0.1706028700065265
cost,2012-06-01,PRJ_CODE_N24000056,0,0.19657958833323935
cost,2012-06-01,PRJ_CODE_N24000057,0,0.4289317739177669
cost,2012-06-01,PRJ_CODE_N24000061,0,0.4415526741760086
cost,2012-06-01,PRJ_CODE_N24000062,0,0.4711636552544282
cost,2012-06-01,PRJ_CODE_N24000063,0,0.27112087902065773
cost,2012-06-01,PRJ_CODE_N24000068,0,0.5170913163665568
cost,2012-06-01,PRJ_CODE_N24000088,0,0.2542827046009514
cost,2012-06-01,PRJ_CODE_N24000089,0,0.38735879158620296
cost,2012-06-01,PRJ_CODE_N24000094,0,0.34427780145586107
cost,2012-06-01,PRJ_CODE_N24000095,0,0.27658059330727414
cost,2012-06-01,PRJ_CODE_N24000096,0,0.30298598975667324
cost,2012-06-01,PRJ_CODE_N24000098,0,0.4432486214243227
cost,2012-06-01,PRJ_CODE_N24000101,0,0.22074517176687136
cost,2012-06-01,PRJ_CODE_N24000102,0,0.44722159670617423
cost,2012-06-01,PRJ_CODE_N24000107,0,0.27656016424029645
cost,2012-06-01,PRJ_CODE_N24000108,0,0.3233573468261353
cost,2012-06-01,PRJ_CODE_N24000116,0,0.33025502222612685
cost,2012-06-01,PRJ_CODE_N24000118,0,0.2783516965735219
cost,2012-06-01,PRJ_CODE_N24000122,0,0.20249305119552907
cost,2012-06-01,PRJ_CODE_N24000123,0,0.47451965446202315
cost,2012-06-01,PRJ_CODE_N24000124,0,0.44260428528916984
cost,2012-06-01,PRJ_CODE_N24000125,0,0.4254381621806634
cost,2012-06-01,PRJ_CODE_N24000126,0,0.4780086096416079
cost,2012-06-01,PRJ_CODE_N24000127,0,0.4199439681202037
cost,2012-06-01,PRJ_CODE_N24000128,0,0.5357703712587594
cost,2012-06-01,PRJ_CODE_N24000129,0,0.3398600069004722
cost,2012-06-01,PRJ_CODE_N24000130,0,0.47762343975315014
cost,2012-06-01,PRJ_CODE_N24000131,0,0.44316472761264386
cost,2012-06-01,PRJ_CODE_N24000132,0,0.3317399760012609
cost,2012-06-01,PRJ_CODE_N24000133,0,0.6122572201348209
cost,2012-06-01,PRJ_CODE_N24000134,0,0.5782932531207609
cost,2012-06-01,PRJ_CODE_N24000135,0,0.3571054341094701
cost,2012-06-01,PRJ_CODE_N24000136,0,0.18265378883936031
cost,2012-06-01,PRJ_CODE_N24000138,0,0.529532094830632
cost,2012-06-01,PRJ_CODE_N24000139,0,0.21800776406218586
cost,2012-06-01,PRJ_CODE_N24000140,0,0.29489830266309575
cost,2012-06-01,PRJ_CODE_N24000141,0,0.37844690901240824
cost,2012-06-01,PRJ_CODE_N24000142,0,0.2540272786432787
cost,2012-06-01,PRJ_CODE_N24000143,0,0.19658197405869038
cost,2012-06-01,PRJ_CODE_N24000144,0,0.30210754813768165
cost,2012-06-01,PRJ_CODE_N24000145,0,0.2981439987018317
cost,2012-06-01,PRJ_CODE_N24000146,0,0.5791301817917969
cost,2012-06-01,PRJ_CODE_N24000147,0,0.31202863425192917
cost,2012-06-01,PRJ_CODE_N24000148,0,0.6214838230027594
cost,2012-06-01,PRJ_CODE_N24000149,0,0.31693243152683637
cost,2012-06-01,PRJ_CODE_N24000150,0,0.21047815834065767
cost,2012-06-01,PRJ_CODE_N24000151,0,0.4733233236361098
cost,2012-06-01,PRJ_CODE_N24000152,0,0.20842809488776712
cost,2012-06-01,PRJ_CODE_N24000153,0,0.19508517882260562
cost,2012-06-01,PRJ_CODE_N24000154,0,0.5036230213039812
cost,2012-06-01,PRJ_CODE_N24000155,0,0.23005471681535392
cost,2012-06-01,PRJ_CODE_N24000156,0,0.28592080817731613
cost,2012-06-01,PRJ_CODE_N24000157,0,0.24353736190604902
cost,2012-06-01,PRJ_CODE_N24000158,0,0.24717275275619882
cost,2012-06-01,PRJ_CODE_N24000159,0,0.23439538114289551
cost,2012-06-01,PRJ_CODE_N24000160,0,0.20680689248561104
cost,2012-06-01,PRJ_CODE_N24000161,0,0.15327222315024988
cost,2012-06-01,PRJ_CODE_N24000162,0,0.1568480921568831
cost,2012-06-01,PRJ_CODE_N24000163,0,0.20757690875799228
cost,2012-06-01,PRJ_CODE_N24000165,0,0.28449548761005305
cost,2012-06-01,PRJ_CODE_N24000166,0,0.15869904572937008
cost,2012-06-01,PRJ_CODE_N24000167,0,0.3854976689110811
cost,2012-06-01,PRJ_CODE_N24000168,0,0.19552181108708944
cost,2012-06-01,PRJ_CODE_N24000169,0,0.26321599117714933
cost,2012-06-01,PRJ_CODE_N24000170,0,0.18445106760054755
cost,2012-06-01,PRJ_CODE_N24000171,0,0.11459110488923618
cost,2012-06-01,PRJ_CODE_N24000172,0,0.14496004712811328
cost,2012-06-01,PRJ_CODE_N24000173,0,0.12503406620667815
cost,2012-06-01,PRJ_CODE_N24000174,0,0.1270882763045095
cost,2012-06-01,PRJ_CODE_N24000175,0,0.1810839033443257
cost,2012-06-01,PRJ_CODE_N24000176,0,0.20601812064535868
cost,2012-06-01,PRJ_CODE_N24000177,0,0.12194610148374992
cost,2012-06-01,PRJ_CODE_N24000178,0,0.15782097858409552
cost,2012-06-01,PRJ_CODE_N24000179,0,0.1695504786424383
cost,2012-06-01,PRJ_CODE_N24000180,0,0.1442599661535112
cost,2012-06-01,PRJ_CODE_N24000181,0,0.19542626070859703
cost,2012-06-01,PRJ_CODE_N24000182,0,0.1260929553085777
cost,2012-06-01,PRJ_CODE_N24000183,0,0.1385807156151185
cost,2012-06-01,PRJ_CODE_N24000184,0,0.11515317839169431
cost,2012-06-01,PRJ_CODE_N24000185,0,0.10731891080614878
cost,2012-06-01,PRJ_CODE_N24000186,0,0.09822271673121159
cost,2012-06-01,PRJ_CODE_N24000187,0,0.16416931886793157
cost,2012-06-01,PRJ_CODE_N24000188,0,0.10808219399541528
cost,2012-06-01,PRJ_CODE_N24000189,0,0.09130200917979032
cost,2012-06-01,PRJ_CODE_N24000190,0,0.12203957612312832
cost,2012-06-01,PRJ_CODE_N24000191,0,0.12750156269254814
cost,2012-06-01,PRJ_CODE_N24000192,0,0.17590836886078143
cost,2012-06-01,PRJ_CODE_N24000193,0,0.09908014924935685
cost,2012-06-01,PRJ_CODE_N24000194,0,0.10153621427418585
cost,2012-06-01,PRJ_CODE_N24000195,0,0.14390295334383185
cost,2012-06-01,PRJ_CODE_N24000196,0,0.2693746732203506
cost,2012-06-01,PRJ_CODE_N24000197,0,0.1364566119895326
cost,2012-06-01,PRJ_CODE_N24000198,0,0.13927340670456187
cost,2012-06-01,PRJ_CODE_N24000199,0,0.11267825825867774
cost,2012-06-01,PRJ_CODE_N24000200,0,0.16714026862502726
cost,2012-06-01,PRJ_CODE_N24000201,0,0.14236750495368372
cost,2012-06-01,PRJ_CODE_N24000202,0,0.2019101137653028
cost,2012-06-01,PRJ_CODE_N24000203,0,0.1602518484130476
cost,2012-06-01,PRJ_CODE_N24000204,0,0.14572491148023098
cost,2012-06-01,PRJ_CODE_N24000205,0,0.11043058676147387
cost,2012-06-01,PRJ_CODE_N25000003,1,0.5051571356943781
cost,2012-06-01,PRJ_CODE_N25000004,0,0.19552999838459387
cost,2012-06-01,PRJ_CODE_N25000014,0,0.3745546179832706
cost,2012-06-01,PRJ_CODE_N25000016,0,0.314624319782811
cost,2012-06-01,PRJ_CODE_N25000031,0,0.409544713263922
cost,2012-06-01,PRJ_CODE_N25000035,0,0.4162837054389729
cost,2012-06-01,PRJ_CODE_N25000037,0,0.4809149874577388
cost,2012-06-01,PRJ_CODE_N25000039,0,0.31975306520846414
cost,2012-06-01,PRJ_CODE_N25000042,0,0.31764886996813707
cost,2012-06-01,PRJ_CODE_N25000043,0,0.18045402041371675
cost,2012-06-01,PRJ_CODE_N25000048,0,0.1961506416869145
cost,2012-06-01,PRJ_CODE_N25000049,0,0.25858959532941045
cost,2012-06-01,PRJ_CODE_N25000050,0,0.4329076988245435
cost,2012-06-01,PRJ_CODE_N25000051,0,0.29986289736604754
cost,2012-06-01,PRJ_CODE_N25000052,0,0.18566369620278936
cost,2012-06-01,PRJ_CODE_N25000053,0,0.29158033837204406
cost,2012-06-01,PRJ_CODE_N25000059,0,0.4107408172450581
cost,2012-06-01,PRJ_CODE_N25000060,0,0.49535766678593757
cost,2012-06-01,PRJ_CODE_N26000011,0,0.14554250349846495
cost,2012-06-01,PRJ_CODE_N26000016,0,0.3913758256847958
cost,2012-06-01,PRJ_CODE_N26000029,0,0.5013030755396625
cost,2012-06-01,PRJ_CODE_N26000041,0,0.15813792126165843
cost,2012-06-01,PRJ_CODE_N26000058,0,0.2464788013653552
cost,2012-06-01,PRJ_CODE_N26000062,0,0.13000150186046217
cost,2012-06-01,PRJ_CODE_N26000065,0,0.22040325403988054
cost,2012-06-01,PRJ_CODE_N26000072,0,0.20792023384084204
cost,2012-06-01,PRJ_CODE_N26000073,0,0.17425631179026335
cost,2012-06-01,PRJ_CODE_N26000082,0,0.18407916160284118
cost,2012-06-01,PRJ_CODE_N26000088,0,0.1463603895816278
cost,2012-06-01,PRJ_CODE_N26000090,0,0.5046402996665084
cost,2012-06-01,PRJ_CODE_N26000096,0,0.29935566847826406
cost,2012-06-01,PRJ_CODE_N26000098,0,0.11992601445657664
cost,2012-06-01,PRJ_CODE_N28000008,0,0.1259929633141821
cost,2012-06-01,PRJ_CODE_N28000048,0,0.2701324862114514
cost,2012-06-01,PRJ_CODE_N28000056,0,0.25104510847327927
cost,2012-06-01,PRJ_CODE_N28000057,0,0.19645476690968633
cost,2012-08-01,PRJ_CODE_220100135,0,0.6454304712968841
cost,2012-08-01,PRJ_CODE_220100181,1,0.6637960918078207
cost,2012-08-01,PRJ_CODE_220100183,0,0.6564527150368507
cost,2012-08-01,PRJ_CODE_220100184,0,0.6362520513015653
cost,2012-08-01,PRJ_CODE_220100191,0,0.7370859596178262
cost,2012-08-01,PRJ_CODE_220100256,0,0.6365427971027036
cost,2012-08-01,PRJ_CODE_220100257,0,0.6289399348009925
cost,2012-08-01,PRJ_CODE_220100263,0,0.6589939102383174
cost,2012-08-01,PRJ_CODE_220100284,1,0.6469825469864429
cost,2012-08-01,PRJ_CODE_220100303,0,0.7253380744491433
cost,2012-08-01,PRJ_CODE_220100315,0,0.49370379493233046
cost,2012-08-01,PRJ_CODE_220100316,0,0.5474861297569731
cost,2012-08-01,PRJ_CODE_220100319,0,0.5278553383354068
cost,2012-08-01,PRJ_CODE_220100324,0,0.5171265104789473
cost,2012-08-01,PRJ_CODE_220100328,0,0.4520617600743914
cost,2012-08-01,PRJ_CODE_N12000072,0,0.1936133384274884
cost,2012-08-01,PRJ_CODE_N12000073,0,0.23017128348437638
cost,2012-08-01,PRJ_CODE_N16000057,0,0.7853741288830853
cost,2012-08-01,PRJ_CODE_N16000058,0,0.09390530820814248
cost,2012-08-01,PRJ_CODE_N16000070,0,0.32404443838659786
cost,2012-08-01,PRJ_CODE_N16000109,0,0.288975947455179
cost,2012-08-01,PRJ_CODE_N16000110,0,0.23221431915700289
cost,2012-08-01,PRJ_CODE_N18000014,0,0.3239500334654596
cost,2012-08-01,PRJ_CODE_N18000071,0,0.30679119297813134
cost,2012-08-01,PRJ_CODE_N22000080,0,0.23940670356841892
cost,2012-08-01,PRJ_CODE_N22000086,0,0.4155992193933463
cost,2012-08-01,PRJ_CODE_N22000101,0,0.3284345022238241
cost,2012-08-01,PRJ_CODE_N24000138,0,0.4617369932183848
cost,2012-08-01,PRJ_CODE_N24000146,0,0.5494435776611423
cost,2012-08-01,PRJ_CODE_N24000152,0,0.17569072004532624
cost,2012-08-01,PRJ_CODE_N24000157,0,0.25164986952721285
cost,2012-08-01,PRJ_CODE_N24000158,0,0.233639091143964
cost,2012-08-01,PRJ_CODE_N24000160,0,0.2133881504663065
cost,2012-11-01,PRJ_CODE_220100135,0,0.6356738764201817
cost,2012-11-01,PRJ_CODE_220100181,0,0.6024910468605529
cost,2012-11-01,PRJ_CODE_220100183,0,0.6239328634759748
cost,2012-11-01,PRJ_CODE_220100184,0,0.621145080712692
cost,2012-11-01,PRJ_CODE_220100197,0,0.6222296166916601
cost,2012-11-01,PRJ_CODE_220100256,0,0.5332967703287226
cost,2012-11-01,PRJ_CODE_220100257,0,0.6008515145766375
cost,2012-11-01,PRJ_CODE_220100263,0,0.6175827897500769
cost,2012-11-01,PRJ_CODE_220100284,0,0.5751345754423787
cost,2012-11-01,PRJ_CODE_220100315,0,0.5516072134867307
cost,2012-11-01,PRJ_CODE_220100316,0,0.5677097732873128
cost,2012-11-01,PRJ_CODE_220100319,0,0.5240002067781488
cost,2012-11-01,PRJ_CODE_220100324,0,0.47316058012956663
cost,2012-11-01,PRJ_CODE_220100328,0,0.42085209521744704
cost,2012-11-01,PRJ_CODE_N12000072,0,0.17549271111066517
cost,2012-11-01,PRJ_CODE_N12000073,0,0.18796612622416609
cost,2012-11-01,PRJ_CODE_N12000076,0,0.1562593979857871
cost,2012-11-01,PRJ_CODE_N16000057,0,0.6919032657201641
cost,2012-11-01,PRJ_CODE_N16000109,0,0.32858943663039314
cost,2012-11-01,PRJ_CODE_N18000071,0,0.3489400973374865
cost,2012-11-01,PRJ_CODE_N22000083,0,0.6491273847628192
cost,2012-11-01,PRJ_CODE_N22000086,0,0.3443539293845507
cost,2012-11-01,PRJ_CODE_N22000101,0,0.30145685887520635
cost,2012-11-01,PRJ_CODE_N24000138,1,0.6163988655843404
cost,2012-11-01,PRJ_CODE_N24000146,0,0.6471600076869556
cost,2012-11-01,PRJ_CODE_N24000152,1,0.31663769330439123
cost,2012-11-01,PRJ_CODE_N24000157,0,0.24991581713426703
cost,2012-11-01,PRJ_CODE_N24000158,0,0.34152339038735174
cost,2012-11-01,PRJ_CODE_N24000160,0,0.19092780347705365
schedule,2008-06-01,PRJ_CODE_020100040,0,0.42386025190353394
schedule,2008-06-01,PRJ_CODE_020100044,0,0.19853000342845917
schedule,2008-06-01,PRJ_CODE_060100087,0,0.27732542157173157
schedule,2008-06-01,PRJ_CODE_060100088,0,0.25613850355148315
schedule,2008-06-01,PRJ_CODE_060100090,0,0.20705048739910126
schedule,2008-06-01,PRJ_CODE_060100092,0,0.0925709679722786
schedule,2008-06-01,PRJ_CODE_060100094,0,0.0679258406162262
schedule,2008-06-01,PRJ_CODE_100100054,0,0.43253815174102783
schedule,2008-06-01,PRJ_CODE_120100067,0,0.1558511108160019
schedule,2008-06-01,PRJ_CODE_160100168,0,0.3053779900074005
schedule,2008-06-01,PRJ_CODE_160100236,1,0.584658682346344
schedule,2008-06-01,PRJ_CODE_160100289,0,0.04235486686229706
schedule,2008-06-01,PRJ_CODE_160100292,0,0.23553192615509033
schedule,2008-06-01,PRJ_CODE_180100246,0,0.07777904719114304
schedule,2008-06-01,PRJ_CODE_180100247,0,0.19468173384666443
schedule,2008-06-01,PRJ_CODE_180100251,0,0.03746787831187248
schedule,2008-06-01,PRJ_CODE_180100253,0,0.10162901133298874
schedule,2008-06-01,PRJ_CODE_180100256,0,0.1280241310596466
schedule,2008-06-01,PRJ_CODE_180100260,0,0.08546421676874161
schedule,2008-06-01,PRJ_CODE_180100261,0,0.06913198530673981
schedule,2008-06-01,PRJ_CODE_220100159,0,0.19179075956344604
schedule,2008-06-01,PRJ_CODE_220100226,0,0.05489932373166084
schedule,2008-06-01,PRJ_CODE_220100266,0,0.21821856498718262
schedule,2008-06-01,PRJ_CODE_220100268,0,0.33785438537597656
schedule,2008-06-01,PRJ_CODE_220100279,0,0.027052799239754677
schedule,2008-06-01,PRJ_CODE_220100288,1,0.16375671327114105
schedule,2008-06-01,PRJ_CODE_220100307,0,0.2693765163421631
schedule,2008-06-01,PRJ_CODE_220100308,0,0.1579800695180893
schedule,2008-06-01,PRJ_CODE_220100318,0,0.06604180485010147
schedule,2008-06-01,PRJ_CODE_220100322,0,0.10148702561855316
schedule,2008-06-01,PRJ_CODE_240101134,0,0.26964181661605835
schedule,2008-06-01,PRJ_CODE_240101187,0,0.4946480691432953
schedule,2008-06-01,PRJ_CODE_250100174,0,0.17908740043640137
schedule,2008-06-01,PRJ_CODE_260100100,0,0.1073494404554367
schedule,2008-06-01,PRJ_CODE_N04000016,0,0.18000034987926483
schedule,2008-06-01,PRJ_CODE_N06000007,0,0.16093124449253082
schedule,2008-06-01,PRJ_CODE_N06000009,0,0.0329582542181015
schedule,2008-06-01,PRJ_CODE_N06000015,0,0.04279725253582001
schedule,2008-06-01,PRJ_CODE_N06000016,0,0.026752354577183723
schedule,2008-06-01,PRJ_CODE_N06000020,0,0.08994036912918091
schedule,2008-06-01,PRJ_CODE_N06000030,0,0.03278621658682823
schedule,2008-06-01,PRJ_CODE_N06000033,0,0.05098559707403183
schedule,2008-06-01,PRJ_CODE_N06000034,0,0.028442764654755592
schedule,2008-06-01,PRJ_CODE_N06000035,0,0.05122949182987213
schedule,2008-06-01,PRJ_CODE_N06000042,0,0.02640213444828987
schedule,2008-06-01,PRJ_CODE_N06000043,0,0.4436272382736206
schedule,2008-06-01,PRJ_CODE_N06000044,0,0.36506837606430054
schedule,2008-06-01,PRJ_CODE_N12000022,0,0.276803195476532
schedule,2008-06-01,PRJ_CODE_N12000024,0,0.2910124957561493
schedule,2008-06-01,PRJ_CODE_N12000033,1,0.1093316376209259
schedule,2008-06-01,PRJ_CODE_N12000036,0,0.1715593785047531
schedule,2008-06-01,PRJ_CODE_N12000037,0,0.14224857091903687
schedule,2008-06-01,PRJ_CODE_N12000038,0,0.0788671001791954
schedule,2008-06-01,PRJ_CODE_N12000039,1,0.10331268608570099
schedule,2008-06-01,PRJ_CODE_N16000017,0,0.0971040204167366
schedule,2008-06-01,PRJ_CODE_N16000021,0,0.13130678236484528
schedule,2008-06-01,PRJ_CODE_N16000023,0,0.2937964200973511
schedule,2008-06-01,PRJ_CODE_N16000028,1,0.2012326717376709
schedule,2008-06-01,PRJ_CODE_N16000029,0,0.3006640672683716
schedule,2008-06-01,PRJ_CODE_N16000030,0,0.15995092689990997
schedule,2008-06-01,PRJ_CODE_N16000032,0,0.514277458190918
schedule,2008-06-01,PRJ_CODE_N16000033,0,0.14575734734535217
schedule,2008-06-01,PRJ_CODE_N16000034,0,0.12093746662139893
schedule,2008-06-01,PRJ_CODE_N16000035,0,0.09189854562282562
schedule,2008-06-01,PRJ_CODE_N16000036,0,0.07344468683004379
schedule,2008-06-01,PRJ_CODE_N16000037,0,0.07412885129451752
schedule,2008-06-01,PRJ_CODE_N16000038,0,0.1285003274679184
schedule,2008-06-01,PRJ_CODE_N18000026,0,0.3672811686992645
schedule,2008-06-01,PRJ_CODE_N18000033,0,0.03694823384284973
schedule,2008-06-01,PRJ_CODE_N18000035,0,0.08663208782672882
schedule,2008-06-01,PRJ_CODE_N18000036,0,0.032297391444444656
schedule,2008-06-01,PRJ_CODE_N18000038,0,0.07908571511507034
schedule,2008-06-01,PRJ_CODE_N18000039,0,0.09185363352298737
schedule,2008-06-01,PRJ_CODE_N22000027,0,0.026917681097984314
schedule,2008-06-01,PRJ_CODE_N22000034,0,0.10858675092458725
schedule,2008-06-01,PRJ_CODE_N22000055,0,0.22063316404819489
schedule,2008-06-01,PRJ_CODE_N24000087,0,0.028901981189846992
schedule,2008-06-01,PRJ_CODE_N24000096,0,0.23497427999973297
schedule,2008-06-01,PRJ_CODE_N24000105,0,0.47181573510169983
schedule,2008-06-01,PRJ_CODE_N24000109,0,0.09190166741609573
schedule,2008-06-01,PRJ_CODE_N24000110,0,0.06784091889858246
schedule,2008-06-01,PRJ_CODE_N25000004,0,0.43766164779663086
schedule,2008-06-01,PRJ_CODE_N26000037,1,0.6732372045516968
schedule,2008-06-01,PRJ_NAME_0004dd678c080a80,0,0.6228675246238708
schedule,2008-06-01,PRJ_NAME_0031246cd244a107,0,0.3237096965312958
schedule,2008-06-01,PRJ_NAME_0080b6343e871911,0,0.2657167911529541
schedule,2008-06-01,PRJ_NAME_0148b634ed94a52c,0,0.2796679735183716
schedule,2008-06-01,PRJ_NAME_01bb36be5d780c42,0,0.11516465246677399
schedule,2008-06-01,PRJ_NAME_02be49f1af33ce10,0,0.27137628197669983
schedule,2008-06-01,PRJ_NAME_031f72994d7dbd7f,0,0.15019577741622925
schedule,2008-06-01,PRJ_NAME_03fc8a15c949f80a,0,0.32787343859672546
schedule,2008-06-01,PRJ_NAME_071db90b2561c624,0,0.5154780745506287
schedule,2008-06-01,PRJ_NAME_0a18cd83977c373e,1,0.21448929607868195
schedule,2008-06-01,PRJ_NAME_0d8873d91c503fa5,0,0.5183296203613281
schedule,2008-06-01,PRJ_NAME_0dd322c3813d6c3a,0,0.0746278315782547
schedule,2008-06-01,PRJ_NAME_0e0827a3d2085f94,0,0.6323380470275879
schedule,2008-06-01,PRJ_NAME_0ec1934275e95d63,0,0.08653220534324646
schedule,2008-06-01,PRJ_NAME_0f4455ed3998e6d8,0,0.22729477286338806
schedule,2008-06-01,PRJ_NAME_130bfc84c71ef7a2,0,0.4650604724884033
schedule,2008-06-01,PRJ_NAME_13465e4124695478,0,0.20792993903160095
schedule,2008-06-01,PRJ_NAME_151f0102951fa3de,1,0.42802131175994873
schedule,2008-06-01,PRJ_NAME_15cd63e22af90526,1,0.594621479511261
schedule,2008-06-01,PRJ_NAME_18355a12f68700aa,0,0.31837669014930725
schedule,2008-06-01,PRJ_NAME_189fb3bd8293c6c1,0,0.033269140869379044
schedule,2008-06-01,PRJ_NAME_1a4227e46a37a193,0,0.04092204198241234
schedule,2008-06-01,PRJ_NAME_1a738808aaf509c4,0,0.08975236862897873
schedule,2008-06-01,PRJ_NAME_1b787e0c448238d2,0,0.42989057302474976
schedule,2008-06-01,PRJ_NAME_1c3ea68b71060199,0,0.5226302742958069
schedule,2008-06-01,PRJ_NAME_1d6e960595541c80,0,0.34057778120040894
schedule,2008-06-01,PRJ_NAME_1d75640bb5ed8b95,0,0.038547780364751816
schedule,2008-06-01,PRJ_NAME_1ed2a789eb6cab62,0,0.2869206964969635
schedule,2008-06-01,PRJ_NAME_1eff8ca7a4b96f50,0,0.15647874772548676
schedule,2008-06-01,PRJ_NAME_1fe91dd7c69d415d,0,0.057825926691293716
schedule,2008-06-01,PRJ_NAME_20aeb9a564c52805,0,0.39806944131851196
schedule,2008-06-01,PRJ_NAME_219f957bece70358,0,0.05025562271475792
schedule,2008-06-01,PRJ_NAME_2243214254bdc3b6,0,0.13236136734485626
schedule,2008-06-01,PRJ_NAME_2275db3ebed6c33b,0,0.4717967212200165
schedule,2008-06-01,PRJ_NAME_27099fbe520779e7,0,0.10818654298782349
schedule,2008-06-01,PRJ_NAME_2830efaac9bd3ae1,0,0.1185726746916771
schedule,2008-06-01,PRJ_NAME_29e7d6d952afc28a,0,0.03152543678879738
schedule,2008-06-01,PRJ_NAME_2a4e6f9884ad87a6,0,0.4876958131790161
schedule,2008-06-01,PRJ_NAME_2bb0b52cba7628df,0,0.4035854637622833
schedule,2008-06-01,PRJ_NAME_2bd4d0c5a8f91bbc,0,0.8204081654548645
schedule,2008-06-01,PRJ_NAME_2bded97125d928ff,0,0.029528861865401268
schedule,2008-06-01,PRJ_NAME_2c07097ddb2babad,0,0.3370237350463867
schedule,2008-06-01,PRJ_NAME_2e2e1d07019ee12b,0,0.7368577718734741
schedule,2008-06-01,PRJ_NAME_2e6914f23cf6d06e,0,0.2779174745082855
schedule,2008-06-01,PRJ_NAME_2fb8d63d94a43eca,0,0.45525190234184265
schedule,2008-06-01,PRJ_NAME_2fd8e3aeea321592,0,0.2311190366744995
schedule,2008-06-01,PRJ_NAME_3026e066ea75e57c,0,0.5848097801208496
schedule,2008-06-01,PRJ_NAME_30780904c0601eb4,0,0.24084120988845825
schedule,2008-06-01,PRJ_NAME_31f55c4357305603,0,0.20411816239356995
schedule,2008-06-01,PRJ_NAME_32749c7fa900410a,1,0.6243570446968079
schedule,2008-06-01,PRJ_NAME_3369f7d5b43fa7d2,0,0.2787853479385376
schedule,2008-06-01,PRJ_NAME_33932b27b469d4c1,0,0.6017623543739319
schedule,2008-06-01,PRJ_NAME_33fb60b87eb8ff9e,0,0.2529384195804596
schedule,2008-06-01,PRJ_NAME_3460f446ce2781c4,0,0.5857952237129211
schedule,2008-06-01,PRJ_NAME_3477c98c2612f51e,1,0.8219090104103088
schedule,2008-06-01,PRJ_NAME_382fe282c2919f7f,1,0.15043926239013672
schedule,2008-06-01,PRJ_NAME_383758ca2b9df234,0,0.10844435542821884
schedule,2008-06-01,PRJ_NAME_38f3fdbcd5c58828,1,0.24919971823692322
schedule,2008-06-01,PRJ_NAME_39ac99e72e901243,0,0.06197554990649223
schedule,2008-06-01,PRJ_NAME_3a1db8515fcdf4a5,0,0.05870473012328148
schedule,2008-06-01,PRJ_NAME_3ba42102e7a1cb94,0,0.504243016242981
schedule,2008-06-01,PRJ_NAME_3cc205715abfbbda,0,0.3748079538345337
schedule,2008-06-01,PRJ_NAME_3d1869707f6f1703,0,0.41341927647590637
schedule,2008-06-01,PRJ_NAME_3d39735915bca559,0,0.5668840408325195
schedule,2008-06-01,PRJ_NAME_3d531f7ee886ec3a,0,0.2577717900276184
schedule,2008-06-01,PRJ_NAME_3d7a66144aa6ea1b,0,0.38924774527549744
schedule,2008-06-01,PRJ_NAME_3e250a77263d4c0e,0,0.2503371238708496
schedule,2008-06-01,PRJ_NAME_3f7caf599973bbc3,0,0.141244038939476
schedule,2008-06-01,PRJ_NAME_3f9e1ffde78880a6,0,0.3538546860218048
schedule,2008-06-01,PRJ_NAME_405a3d72722128e9,0,0.06961186230182648
schedule,2008-06-01,PRJ_NAME_428198aba8296f85,0,0.4450541138648987
schedule,2008-06-01,PRJ_NAME_42d1d873ef0ba864,1,0.6110082268714905
schedule,2008-06-01,PRJ_NAME_42df200967d78962,0,0.24539022147655487
schedule,2008-06-01,PRJ_NAME_42ecbefa35d1eb4b,1,0.3017359972000122
schedule,2008-06-01,PRJ_NAME_448ec218fa67b81f,0,0.3532491624355316
schedule,2008-06-01,PRJ_NAME_44d305a8cb81d205,0,0.009137364104390144
schedule,2008-06-01,PRJ_NAME_4521219d33d32e33,0,0.37415456771850586
schedule,2008-06-01,PRJ_NAME_458348a7c75128e0,1,0.45591649413108826
schedule,2008-06-01,PRJ_NAME_461706503ce534ba,0,0.18355847895145416
schedule,2008-06-01,PRJ_NAME_46256f5cb11ca220,0,0.47054579854011536
schedule,2008-06-01,PRJ_NAME_46536cd0eb4dbcbc,0,0.4736509323120117
schedule,2008-06-01,PRJ_NAME_469bb0e5b66ebdea,0,0.6709232330322266
schedule,2008-06-01,PRJ_NAME_46d479c07936c43a,0,0.302336722612381
schedule,2008-06-01,PRJ_NAME_47651aa52c29c512,0,0.29961225390434265
schedule,2008-06-01,PRJ_NAME_47663b2f2e2c7deb,0,0.6055148839950562
schedule,2008-06-01,PRJ_NAME_480f705f44b440b1,0,0.5036352872848511
schedule,2008-06-01,PRJ_NAME_4b086c663a448f74,0,0.34303611516952515
schedule,2008-06-01,PRJ_NAME_4b1e5c44debd1fe8,0,0.4314677119255066
schedule,2008-06-01,PRJ_NAME_4b3560cba1158b55,0,0.16619972884655
schedule,2008-06-01,PRJ_NAME_4b9dfeb9724480fe,0,0.19590993225574493
schedule,2008-06-01,PRJ_NAME_4ca147295712f33c,0,0.12323867529630661
schedule,2008-06-01,PRJ_NAME_4cd1f113423267dd,1,0.5877604484558105
schedule,2008-06-01,PRJ_NAME_4f7411701eb10f66,0,0.5036352872848511
schedule,2008-06-01,PRJ_NAME_50522850afa1dc91,0,0.16830886900424957
schedule,2008-06-01,PRJ_NAME_50c6884ee2f6ca3b,0,0.19290535151958466
schedule,2008-06-01,PRJ_NAME_5104a8e32e9a2138,0,0.14173205196857452
schedule,2008-06-01,PRJ_NAME_51dff49a23022387,1,0.10488241165876389
schedule,2008-06-01,PRJ_NAME_52b5fa3569bf9d1f,1,0.28551018238067627
schedule,2008-06-01,PRJ_NAME_56456c324dd9b83d,0,0.3272402286529541
schedule,2008-06-01,PRJ_NAME_57b41f1ef050cc39,0,0.29448944330215454
schedule,2008-06-01,PRJ_NAME_585544165e75cdb6,0,0.06381256133317947
schedule,2008-06-01,PRJ_NAME_585df2f330882dc3,0,0.49913734197616577
schedule,2008-06-01,PRJ_NAME_588860c61eba4c3e,0,0.6560896635055542
schedule,2008-06-01,PRJ_NAME_593ebae864c1a900,0,0.14465701580047607
schedule,2008-06-01,PRJ_NAME_59e0ef4cf8960ef7,0,0.05420776456594467
schedule,2008-06-01,PRJ_NAME_5a65878fdb2b0e99,0,0.27873915433883667
schedule,2008-06-01,PRJ_NAME_5aea56bbcfb9dfc0,0,0.13642629981040955
schedule,2008-06-01,PRJ_NAME_5b00690c13f8e548,0,0.35805413126945496
schedule,2008-06-01,PRJ_NAME_5d3b41b164c7b99a,0,0.38372233510017395
schedule,2008-06-01,PRJ_NAME_5d6c3e97bf1cf378,0,0.5713922381401062
schedule,2008-06-01,PRJ_NAME_5f1025f701729210,0,0.4109994173049927
schedule,2008-06-01,PRJ_NAME_606504db777b5bce,0,0.1671314388513565
schedule,2008-06-01,PRJ_NAME_616668b98c639b08,0,0.8638870120048523
schedule,2008-06-01,PRJ_NAME_61d3483ad862194a,0,0.08393470197916031
schedule,2008-06-01,PRJ_NAME_624ae3298fcadd5a,0,0.8836380243301392
schedule,2008-06-01,PRJ_NAME_636065c530891da0,0,0.036758795380592346
schedule,2008-06-01,PRJ_NAME_63aaf0b2d67fcc98,0,0.09705359488725662
schedule,2008-06-01,PRJ_NAME_646374cb7bb8cf53,0,0.08238192647695541
schedule,2008-06-01,PRJ_NAME_65886bfa061f0348,0,0.8364198207855225
schedule,2008-06-01,PRJ_NAME_664064542365971b,1,0.32910165190696716
schedule,2008-06-01,PRJ_NAME_6657b43a2a18cd29,0,0.6993918418884277
schedule,2008-06-01,PRJ_NAME_668ca797d8e9b02c,0,0.19346582889556885
schedule,2008-06-01,PRJ_NAME_67185f73cdc3ce1a,0,0.08159034699201584
schedule,2008-06-01,PRJ_NAME_67409bba76046d57,0,0.2841477394104004
schedule,2008-06-01,PRJ_NAME_67cd9c954d2467cd,1,0.8410149812698364
schedule,2008-06-01,PRJ_NAME_6ba01d6d5eebf7b1,0,0.5955051183700562
schedule,2008-06-01,PRJ_NAME_6c09acb5a4f410b0,0,0.2917378842830658
schedule,2008-06-01,PRJ_NAME_6c264260913ce831,0,0.5737525224685669
schedule,2008-06-01,PRJ_NAME_6f4b9b110ae25321,0,0.20778928697109222
schedule,2008-06-01,PRJ_NAME_6facc9e39db504a9,0,0.11602278798818588
schedule,2008-06-01,PRJ_NAME_71bd13e4c33dc0b3,0,0.46017977595329285
schedule,2008-06-01,PRJ_NAME_721a95fbd23ad2c8,0,0.6358988881111145
schedule,2008-06-01,PRJ_NAME_735c5b98af1edf1b,0,0.6227560639381409
schedule,2008-06-01,PRJ_NAME_743c1bfad7794140,0,0.38985440135002136
schedule,2008-06-01,PRJ_NAME_74470ac7f7e3099a,0,0.24731872975826263
schedule,2008-06-01,PRJ_NAME_74caabeb39aaa1ff,0,0.0338575653731823
schedule,2008-06-01,PRJ_NAME_75ff742cb738b710,0,0.3367191255092621
schedule,2008-06-01,PRJ_NAME_7612955874fcc5a7,0,0.04466141760349274
schedule,2008-06-01,PRJ_NAME_768d6fbca51319c9,0,0.5606412291526794
schedule,2008-06-01,PRJ_NAME_76cfbe6ccfe4f2ed,0,0.5158542990684509
schedule,2008-06-01,PRJ_NAME_772f2a39ea9e3ff1,0,0.3430182635784149
schedule,2008-06-01,PRJ_NAME_78580b681d000474,0,0.42878109216690063
schedule,2008-06-01,PRJ_NAME_78af84562e9d8303,0,0.2614506185054779
schedule,2008-06-01,PRJ_NAME_795a352b8cff9c15,0,0.22946663200855255
schedule,2008-06-01,PRJ_NAME_7a44cc6164c2d4fe,0,0.44638681411743164
schedule,2008-06-01,PRJ_NAME_7bb2937937be97a3,1,0.6111384034156799
schedule,2008-06-01,PRJ_NAME_7bde1e0220d753f0,0,0.04283345490694046
schedule,2008-06-01,PRJ_NAME_7bfceb0c80fc4b26,0,0.481441855430603
schedule,2008-06-01,PRJ_NAME_7e539bee9aabecfc,0,0.2254587560892105
schedule,2008-06-01,PRJ_NAME_7fb8a753afa2d26f,0,0.35325887799263
schedule,2008-06-01,PRJ_NAME_8109073f8b96ea3d,0,0.05798419564962387
schedule,2008-06-01,PRJ_NAME_821e46b4a362bfa4,0,0.3919154405593872
schedule,2008-06-01,PRJ_NAME_83be953b7310deef,0,0.28623315691947937
schedule,2008-06-01,PRJ_NAME_83c86ef936893030,1,0.6007488965988159
schedule,2008-06-01,PRJ_NAME_85caedccc1ec91d7,0,0.1201866939663887
schedule,2008-06-01,PRJ_NAME_86be163e00974078,0,0.4819663465023041
schedule,2008-06-01,PRJ_NAME_8744504c4c933f39,0,0.5335142016410828
schedule,2008-06-01,PRJ_NAME_8749b3c26f418fe8,1,0.35972511768341064
schedule,2008-06-01,PRJ_NAME_88e199e6518abeff,0,0.03920869156718254
schedule,2008-06-01,PRJ_NAME_89388044b4007d2d,0,0.1665397733449936
schedule,2008-06-01,PRJ_NAME_8a468889b5be6da7,0,0.5716192722320557
schedule,2008-06-01,PRJ_NAME_8ab7e877d64c6511,0,0.07488293945789337
schedule,2008-06-01,PRJ_NAME_8ae3819b3f43f81d,0,0.09822946041822433
schedule,2008-06-01,PRJ_NAME_8b8104a26e4c6712,0,0.3704875707626343
schedule,2008-06-01,PRJ_NAME_8bd10b08124a4095,0,0.043124277144670486
schedule,2008-06-01,PRJ_NAME_8be7ca9862134d65,0,0.4292619526386261
schedule,2008-06-01,PRJ_NAME_8c97fd376f152558,0,0.1386936604976654
schedule,2008-06-01,PRJ_NAME_8cbf7fe2db2e06c4,0,0.32871687412261963
schedule,2008-06-01,PRJ_NAME_8ec9e4eb609a5b16,0,0.6949635148048401
schedule,2008-06-01,PRJ_NAME_900650a7b2bd003f,0,0.4004439115524292
schedule,2008-06-01,PRJ_NAME_9124e743c95fcdfd,0,0.1935190111398697
schedule,2008-06-01,PRJ_NAME_91edd123df3b9752,0,0.5408793687820435
schedule,2008-06-01,PRJ_NAME_925c5f5a7937f293,0,0.4192395508289337
schedule,2008-06-01,PRJ_NAME_936a972c38503df1,1,0.6729075312614441
schedule,2008-06-01,PRJ_NAME_94aa47edacafbdc0,0,0.2694978415966034
schedule,2008-06-01,PRJ_NAME_95239e307b9972c8,0,0.4704074263572693
schedule,2008-06-01,PRJ_NAME_9534083e650b37be,0,0.16168572008609772
schedule,2008-06-01,PRJ_NAME_96a902a65a6d10ed,0,0.5383718609809875
schedule,2008-06-01,PRJ_NAME_97175a0bf58860dd,0,0.12876464426517487
schedule,2008-06-01,PRJ_NAME_9785a70d227b0561,0,0.15761686861515045
schedule,2008-06-01,PRJ_NAME_97b6f7489a4660c4,0,0.05664484202861786
schedule,2008-06-01,PRJ_NAME_97ed5e02577c1519,0,0.13951639831066132
schedule,2008-06-01,PRJ_NAME_97eebbdb1660a78f,0,0.5900394320487976
schedule,2008-06-01,PRJ_NAME_98df68b03362bd89,0,0.5435118675231934
schedule,2008-06-01,PRJ_NAME_994deea3959e14e8,0,0.03698568046092987
schedule,2008-06-01,PRJ_NAME_9b0751fa2ab6c0d9,0,0.8511272668838501
schedule,2008-06-01,PRJ_NAME_9c4eb4d2eb8f9719,0,0.21865729987621307
schedule,2008-06-01,PRJ_NAME_9d0e19b63480a819,0,0.11141414195299149
schedule,2008-06-01,PRJ_NAME_9d46629b18b18a13,0,0.14520052075386047
schedule,2008-06-01,PRJ_NAME_9dcbefefed4f1065,0,0.2652706205844879
schedule,2008-06-01,PRJ_NAME_9f96903f754912ec,0,0.12129302322864532
schedule,2008-06-01,PRJ_NAME_a0207614cb0f6796,0,0.18389829993247986
schedule,2008-06-01,PRJ_NAME_a08949c95f5f94e4,0,0.27926063537597656
schedule,2008-06-01,PRJ_NAME_a21ffd430f8ddb3e,0,0.5933145880699158
schedule,2008-06-01,PRJ_NAME_a28726e807976d7c,0,0.05986541509628296
schedule,2008-06-01,PRJ_NAME_a2a1f76949e76998,0,0.6729156374931335
schedule,2008-06-01,PRJ_NAME_a2b6086beac12343,0,0.2605704665184021
schedule,2008-06-01,PRJ_NAME_a335e78099c07d4e,0,0.41168633103370667
schedule,2008-06-01,PRJ_NAME_a3b710cb5e7fd128,1,0.41122886538505554
schedule,2008-06-01,PRJ_NAME_a471cb9e66706d2c,0,0.7914237380027771
schedule,2008-06-01,PRJ_NAME_a5facf55cd81ec6a,0,0.5058862566947937
schedule,2008-06-01,PRJ_NAME_a724bba1d815e2ed,0,0.1643669307231903
schedule,2008-06-01,PRJ_NAME_a72ff560bd409bf5,0,0.3655909299850464
schedule,2008-06-01,PRJ_NAME_a7570050f89ce915,0,0.24850861728191376
schedule,2008-06-01,PRJ_NAME_a8d809630a15cd20,0,0.3463493585586548
schedule,2008-06-01,PRJ_NAME_a937cfc9af78ada5,0,0.09901013970375061
schedule,2008-06-01,PRJ_NAME_a9b6a1b29fb44b4d,0,0.0471002571284771
schedule,2008-06-01,PRJ_NAME_aa6d473f6b178563,0,0.0810847282409668
schedule,2008-06-01,PRJ_NAME_aab2ef5b914f61c7,0,0.268134206533432
schedule,2008-06-01,PRJ_NAME_ab33d551bf7a3428,0,0.059404369443655014
schedule,2008-06-01,PRJ_NAME_abb3e384d5e3e17e,0,0.5809146165847778
schedule,2008-06-01,PRJ_NAME_ad205b50262bd00e,0,0.04037661477923393
schedule,2008-06-01,PRJ_NAME_ad65def7cbb4d220,0,0.42804715037345886
schedule,2008-06-01,PRJ_NAME_ae2b69d71915b759,0,0.06844724714756012
schedule,2008-06-01,PRJ_NAME_ae82fd1ce70d12ac,0,0.29024261236190796
schedule,2008-06-01,PRJ_NAME_b0f1e855a7bac204,0,0.3309125006198883
schedule,2008-06-01,PRJ_NAME_b0f97810618292a9,0,0.3685199022293091
schedule,2008-06-01,PRJ_NAME_b1512f76653de237,1,0.22073496878147125
schedule,2008-06-01,PRJ_NAME_b18c5ab4cbecb413,0,0.3038061261177063
schedule,2008-06-01,PRJ_NAME_b2682182493efe91,0,0.47103893756866455
schedule,2008-06-01,PRJ_NAME_b2c488bd26cca10c,0,0.2993117570877075
schedule,2008-06-01,PRJ_NAME_b2d22b803981eee8,0,0.27704718708992004
schedule,2008-06-01,PRJ_NAME_b5ee58f5e1863a3c,0,0.8283917307853699
schedule,2008-06-01,PRJ_NAME_b6e5fd16af47d146,0,0.24225322902202606
schedule,2008-06-01,PRJ_NAME_b8fbf98a7f8bce67,0,0.16908380389213562
schedule,2008-06-01,PRJ_NAME_bc3494259aec34b7,0,0.6699119210243225
schedule,2008-06-01,PRJ_NAME_bd212f548385f223,0,0.19646647572517395
schedule,2008-06-01,PRJ_NAME_bddbb3270d5e7de5,0,0.33266180753707886
schedule,2008-06-01,PRJ_NAME_be4dd8e59fd70e64,0,0.4674357771873474
schedule,2008-06-01,PRJ_NAME_be77bfadf345a933,0,0.08134478330612183
schedule,2008-06-01,PRJ_NAME_bef6e5f20fc79cc6,0,0.04033296927809715
schedule,2008-06-01,PRJ_NAME_bfd6c00eaa9b89cf,0,0.0550677552819252
schedule,2008-06-01,PRJ_NAME_c02c3663da2c70e5,0,0.8755201697349548
schedule,2008-06-01,PRJ_NAME_c075bbb22a928231,0,0.11253602057695389
schedule,2008-06-01,PRJ_NAME_c0956183b9a97e85,0,0.2325020730495453
schedule,2008-06-01,PRJ_NAME_c0ac792752076ad2,0,0.5408185124397278
schedule,2008-06-01,PRJ_NAME_c15ce771e3c0f96b,0,0.4209068715572357
schedule,2008-06-01,PRJ_NAME_c1aba92cd17a7067,1,0.676702082157135
schedule,2008-06-01,PRJ_NAME_c212eeea90f56dea,0,0.1094050407409668
schedule,2008-06-01,PRJ_NAME_c275be77f0a071f0,0,0.3055928647518158
schedule,2008-06-01,PRJ_NAME_c3a228e23032a307,0,0.2357761561870575
schedule,2008-06-01,PRJ_NAME_c8104187879f677a,0,0.05329553037881851
schedule,2008-06-01,PRJ_NAME_c94f9460203a93dc,0,0.24464194476604462
schedule,2008-06-01,PRJ_NAME_c978cc150aff8427,0,0.5215197801589966
schedule,2008-06-01,PRJ_NAME_cb75fb87dd34253f,0,0.3717004656791687
schedule,2008-06-01,PRJ_NAME_ccbbbdd77851b17f,0,0.25663548707962036
schedule,2008-06-01,PRJ_NAME_cd3f28bade7cdf3f,0,0.4710918962955475
schedule,2008-06-01,PRJ_NAME_cd9457461186cc7f,0,0.31703880429267883
schedule,2008-06-01,PRJ_NAME_cdcae6a1e043703c,0,0.09331484138965607
schedule,2008-06-01,PRJ_NAME_cde12345f84a4a3f,0,0.3494381308555603
schedule,2008-06-01,PRJ_NAME_ce02d7c9233b7b2b,0,0.18019236624240875
schedule,2008-06-01,PRJ_NAME_ce28e0c01122d9a3,0,0.0915011465549469
schedule,2008-06-01,PRJ_NAME_cf4970472bfe245b,0,0.5551769137382507
schedule,2008-06-01,PRJ_NAME_cfd4b764bee5cea2,0,0.19634751975536346
schedule,2008-06-01,PRJ_NAME_d0878df8cfcdf42f,0,0.025341026484966278
schedule,2008-06-01,PRJ_NAME_d1393c6cc2e166bc,0,0.35892853140830994
schedule,2008-06-01,PRJ_NAME_d13dd04a176c25c0,0,0.26140791177749634
schedule,2008-06-01,PRJ_NAME_d24144e6f0823613,0,0.5974757671356201
schedule,2008-06-01,PRJ_NAME_d3afd09bf7ff8e81,0,0.34380537271499634
schedule,2008-06-01,PRJ_NAME_d445a5d5362052c6,0,0.2920505106449127
schedule,2008-06-01,PRJ_NAME_d451cd9406956965,0,0.5737196207046509
schedule,2008-06-01,PRJ_NAME_d4876b01cc710190,0,0.7850213050842285
schedule,2008-06-01,PRJ_NAME_d4f1b277d89fa84d,0,0.1905389428138733
schedule,2008-06-01,PRJ_NAME_d5f128d4a5054966,0,0.1835303008556366
schedule,2008-06-01,PRJ_NAME_d853374d6e3396f9,0,0.1475495547056198
schedule,2008-06-01,PRJ_NAME_d9a2644b07dd9609,0,0.24997422099113464
schedule,2008-06-01,PRJ_NAME_d9abd1f8dd32a440,0,0.13699541985988617
schedule,2008-06-01,PRJ_NAME_da2989779a8ff72c,0,0.2940998077392578
schedule,2008-06-01,PRJ_NAME_dab1c247fc9689d6,0,0.2648686170578003
schedule,2008-06-01,PRJ_NAME_dc3bcf024b79a8b1,0,0.4076312780380249
schedule,2008-06-01,PRJ_NAME_dcc1ad452b4d494f,0,0.3135972023010254
schedule,2008-06-01,PRJ_NAME_dce299149f4a1555,0,0.4641360938549042
schedule,2008-06-01,PRJ_NAME_de0e3def822551a6,0,0.16354253888130188
schedule,2008-06-01,PRJ_NAME_de105ab0c897498e,0,0.2562672197818756
schedule,2008-06-01,PRJ_NAME_de4691d50c7854e9,0,0.2578735947608948
schedule,2008-06-01,PRJ_NAME_de988147e22ef9e9,0,0.23489516973495483
schedule,2008-06-01,PRJ_NAME_dea5735eb1f597db,0,0.5814899802207947
schedule,2008-06-01,PRJ_NAME_deb9aecf2cfa8e20,0,0.5500466227531433
schedule,2008-06-01,PRJ_NAME_e040a7f92ba61461,0,0.44032400846481323
schedule,2008-06-01,PRJ_NAME_e0674b06e44bd7bf,0,0.3622340261936188
schedule,2008-06-01,PRJ_NAME_e3a8bb2257648c96,0,0.3890940248966217
schedule,2008-06-01,PRJ_NAME_e3b98145bde44d46,0,0.2970179617404938
schedule,2008-06-01,PRJ_NAME_e49f43acc263936a,0,0.10335785895586014
schedule,2008-06-01,PRJ_NAME_e62fcb5fa64380ee,0,0.38543835282325745
schedule,2008-06-01,PRJ_NAME_e633f015dd0714c6,0,0.48264601826667786
schedule,2008-06-01,PRJ_NAME_e7d78ebc7862a984,0,0.5928733944892883
schedule,2008-06-01,PRJ_NAME_e84f668cb9ad9062,0,0.3862382471561432
schedule,2008-06-01,PRJ_NAME_e86ebf75d270663b,0,0.5737525224685669
schedule,2008-06-01,PRJ_NAME_e8dc1ea5468f8536,0,0.5339400172233582
schedule,2008-06-01,PRJ_NAME_e96e2471ac2f3b45,0,0.31320059299468994
schedule,2008-06-01,PRJ_NAME_e9b6b723340d4c91,0,0.0845218226313591
schedule,2008-06-01,PRJ_NAME_e9fe972727df6e0b,0,0.5932989120483398
schedule,2008-06-01,PRJ_NAME_ea175320bc252402,0,0.4893673062324524
schedule,2008-06-01,PRJ_NAME_ea1e86cb1e4986d2,0,0.059584349393844604
schedule,2008-06-01,PRJ_NAME_eabe79d18dd33006,0,0.7571181058883667
schedule,2008-06-01,PRJ_NAME_ebc6dcee9d022d3a,0,0.10066018253564835
schedule,2008-06-01,PRJ_NAME_ec1e093fd79e2785,0,0.12250623852014542
schedule,2008-06-01,PRJ_NAME_ed6774d8331350b8,0,0.0704917386174202
schedule,2008-06-01,PRJ_NAME_ee3707ee0a1cef17,0,0.4281804859638214
schedule,2008-06-01,PRJ_NAME_ef0a5bc216b10675,0,0.6530691385269165
schedule,2008-06-01,PRJ_NAME_efcf5742fcf89d7b,0,0.13203464448451996
schedule,2008-06-01,PRJ_NAME_f024d0aab05e20d7,0,0.22402703762054443
schedule,2008-06-01,PRJ_NAME_f1300fa6308aca5a,0,0.1492200344800949
schedule,2008-06-01,PRJ_NAME_f1609aad6a70cf42,0,0.4995184540748596
schedule,2008-06-01,PRJ_NAME_f36c1b98ac886591,0,0.5181849002838135
schedule,2008-06-01,PRJ_NAME_f3c8c655dd569e68,0,0.6235248446464539
schedule,2008-06-01,PRJ_NAME_f786e2a7af40255c,0,0.3472082316875458
schedule,2008-06-01,PRJ_NAME_f84ae1a96a985b34,1,0.3195952773094177
schedule,2008-06-01,PRJ_NAME_f879b222d9328370,0,0.2757633626461029
schedule,2008-06-01,PRJ_NAME_f8eaa312aa060cb3,0,0.24434208869934082
schedule,2008-06-01,PRJ_NAME_f959b93b3783e6c7,0,0.5582813024520874
schedule,2008-06-01,PRJ_NAME_fbf574116d1dd49f,0,0.5547094941139221
schedule,2008-06-01,PRJ_NAME_fc292aca755942af,0,0.11570801585912704
schedule,2008-06-01,PRJ_NAME_fd8d3d06b187c533,0,0.23378044366836548
schedule,2008-06-01,PRJ_NAME_fe67148516aa3153,0,0.16191066801548004
schedule,2008-06-01,PRJ_NAME_ff0d002a5fc980a2,1,0.575758695602417
schedule,2008-06-01,PRJ_NAME_ffd0b9ce6984e556,0,0.29710283875465393
schedule,2008-07-01,PRJ_CODE_020100040,0,0.46220436692237854
schedule,2008-07-01,PRJ_CODE_020100044,0,0.1783631443977356
schedule,2008-07-01,PRJ_CODE_060100087,0,0.38579076528549194
schedule,2008-07-01,PRJ_CODE_060100088,0,0.3952369689941406
schedule,2008-07-01,PRJ_CODE_060100090,0,0.1806502789258957
schedule,2008-07-01,PRJ_CODE_060100092,0,0.08488290756940842
schedule,2008-07-01,PRJ_CODE_060100094,0,0.08958978205919266
schedule,2008-07-01,PRJ_CODE_100100054,0,0.5628181099891663
schedule,2008-07-01,PRJ_CODE_120100067,0,0.30516600608825684
schedule,2008-07-01,PRJ_CODE_160100168,0,0.22759363055229187
schedule,2008-07-01,PRJ_CODE_160100236,1,0.7106351852416992
schedule,2008-07-01,PRJ_CODE_160100289,0,0.0891888290643692
schedule,2008-07-01,PRJ_CODE_160100292,0,0.34000349044799805
schedule,2008-07-01,PRJ_CODE_180100246,0,0.091766357421875
schedule,2008-07-01,PRJ_CODE_180100247,0,0.232154980301857
schedule,2008-07-01,PRJ_CODE_180100251,0,0.05172046273946762
schedule,2008-07-01,PRJ_CODE_180100253,0,0.1529274433851242
schedule,2008-07-01,PRJ_CODE_180100256,0,0.11742556095123291
schedule,2008-07-01,PRJ_CODE_180100260,0,0.212809756398201
schedule,2008-07-01,PRJ_CODE_180100261,0,0.09845761954784393
schedule,2008-07-01,PRJ_CODE_220100159,0,0.3740827739238739
schedule,2008-07-01,PRJ_CODE_220100226,0,0.056098174303770065
schedule,2008-07-01,PRJ_CODE_220100266,0,0.27976053953170776
schedule,2008-07-01,PRJ_CODE_220100268,0,0.28249385952949524
schedule,2008-07-01,PRJ_CODE_220100279,0,0.06120271608233452
schedule,2008-07-01,PRJ_CODE_220100288,1,0.18189014494419098
schedule,2008-07-01,PRJ_CODE_220100307,0,0.334283709526062
schedule,2008-07-01,PRJ_CODE_220100308,0,0.13050879538059235
schedule,2008-07-01,PRJ_CODE_220100318,0,0.14176511764526367
schedule,2008-07-01,PRJ_CODE_220100322,0,0.10396424680948257
schedule,2008-07-01,PRJ_CODE_240101134,0,0.27351322770118713
schedule,2008-07-01,PRJ_CODE_250100174,0,0.2553347945213318
schedule,2008-07-01,PRJ_CODE_260100100,0,0.4095260202884674
schedule,2008-07-01,PRJ_CODE_N04000016,0,0.177079975605011
schedule,2008-07-01,PRJ_CODE_N06000007,0,0.16967177391052246
schedule,2008-07-01,PRJ_CODE_N06000009,0,0.06425420939922333
schedule,2008-07-01,PRJ_CODE_N06000015,0,0.04992439225316048
schedule,2008-07-01,PRJ_CODE_N06000016,0,0.030136385932564735
schedule,2008-07-01,PRJ_CODE_N06000020,0,0.08556543290615082
schedule,2008-07-01,PRJ_CODE_N06000030,0,0.028349410742521286
schedule,2008-07-01,PRJ_CODE_N06000033,0,0.04920871555805206
schedule,2008-07-01,PRJ_CODE_N06000034,0,0.036812521517276764
schedule,2008-07-01,PRJ_CODE_N06000035,0,0.05947069451212883
schedule,2008-07-01,PRJ_CODE_N06000042,0,0.04181420058012009
schedule,2008-07-01,PRJ_CODE_N06000043,0,0.3507126569747925
schedule,2008-07-01,PRJ_CODE_N06000044,0,0.3271925449371338
schedule,2008-07-01,PRJ_CODE_N12000022,0,0.3251122534275055
schedule,2008-07-01,PRJ_CODE_N12000024,0,0.3069334328174591
schedule,2008-07-01,PRJ_CODE_N12000033,1,0.11961560696363449
schedule,2008-07-01,PRJ_CODE_N12000036,0,0.20126061141490936
schedule,2008-07-01,PRJ_CODE_N12000037,0,0.1874021738767624
schedule,2008-07-01,PRJ_CODE_N12000038,0,0.08365537971258163
schedule,2008-07-01,PRJ_CODE_N12000039,1,0.1227184310555458
schedule,2008-07-01,PRJ_CODE_N16000017,0,0.2521135210990906
schedule,2008-07-01,PRJ_CODE_N16000021,0,0.21019792556762695
schedule,2008-07-01,PRJ_CODE_N16000023,0,0.3629635274410248
schedule,2008-07-01,PRJ_CODE_N16000028,1,0.2769385874271393
schedule,2008-07-01,PRJ_CODE_N16000029,0,0.3459426462650299
schedule,2008-07-01,PRJ_CODE_N16000030,0,0.16622820496559143
schedule,2008-07-01,PRJ_CODE_N16000032,0,0.504667341709137
schedule,2008-07-01,PRJ_CODE_N16000033,0,0.19463910162448883
schedule,2008-07-01,PRJ_CODE_N16000034,0,0.1713034063577652
schedule,2008-07-01,PRJ_CODE_N16000035,0,0.18109013140201569
schedule,2008-07-01,PRJ_CODE_N16000036,0,0.13151562213897705
schedule,2008-07-01,PRJ_CODE_N16000037,0,0.11633548885583878
schedule,2008-07-01,PRJ_CODE_N16000038,0,0.18155519664287567
schedule,2008-07-01,PRJ_CODE_N18000026,0,0.3201996386051178
schedule,2008-07-01,PRJ_CODE_N18000033,0,0.037623438984155655
schedule,2008-07-01,PRJ_CODE_N18000035,0,0.10196591168642044
schedule,2008-07-01,PRJ_CODE_N18000036,0,0.060442689806222916
schedule,2008-07-01,PRJ_CODE_N18000038,0,0.11245004832744598
schedule,2008-07-01,PRJ_CODE_N18000039,0,0.11432550102472305
schedule,2008-07-01,PRJ_CODE_N22000027,1,0.06441859900951385
schedule,2008-07-01,PRJ_CODE_N22000034,0,0.19228903949260712
schedule,2008-07-01,PRJ_CODE_N22000055,0,0.21948698163032532
schedule,2008-07-01,PRJ_CODE_N24000087,0,0.05976825952529907
schedule,2008-07-01,PRJ_CODE_N24000096,0,0.24833695590496063
schedule,2008-07-01,PRJ_CODE_N24000109,0,0.11866088956594467
schedule,2008-07-01,PRJ_CODE_N24000110,0,0.06349225342273712
schedule,2008-07-01,PRJ_CODE_N25000004,0,0.3760296106338501
schedule,2008-07-01,PRJ_CODE_N26000037,1,0.7650571465492249
schedule,2008-07-01,PRJ_NAME_0004dd678c080a80,0,0.6086522936820984
schedule,2008-07-01,PRJ_NAME_0031246cd244a107,0,0.39457544684410095
schedule,2008-07-01,PRJ_NAME_0080b6343e871911,0,0.2462867647409439
schedule,2008-07-01,PRJ_NAME_0148b634ed94a52c,0,0.2685762941837311
schedule,2008-07-01,PRJ_NAME_01bb36be5d780c42,0,0.09428571909666061
schedule,2008-07-01,PRJ_NAME_02be49f1af33ce10,0,0.25296056270599365
schedule,2008-07-01,PRJ_NAME_031f72994d7dbd7f,0,0.1410166174173355
schedule,2008-07-01,PRJ_NAME_03fc8a15c949f80a,0,0.39674198627471924
schedule,2008-07-01,PRJ_NAME_071db90b2561c624,0,0.39234986901283264
schedule,2008-07-01,PRJ_NAME_0a18cd83977c373e,1,0.3160702586174011
schedule,2008-07-01,PRJ_NAME_0d8873d91c503fa5,0,0.5067346692085266
schedule,2008-07-01,PRJ_NAME_0dd322c3813d6c3a,0,0.10137775540351868
schedule,2008-07-01,PRJ_NAME_0e0827a3d2085f94,0,0.624660849571228
schedule,2008-07-01,PRJ_NAME_0ec1934275e95d63,0,0.14897392690181732
schedule,2008-07-01,PRJ_NAME_0f4455ed3998e6d8,0,0.2114088237285614
schedule,2008-07-01,PRJ_NAME_130bfc84c71ef7a2,0,0.3735268712043762
schedule,2008-07-01,PRJ_NAME_13465e4124695478,0,0.24460935592651367
schedule,2008-07-01,PRJ_NAME_151f0102951fa3de,1,0.5382154583930969
schedule,2008-07-01,PRJ_NAME_15cd63e22af90526,1,0.6333248019218445
schedule,2008-07-01,PRJ_NAME_18355a12f68700aa,0,0.3553168773651123
schedule,2008-07-01,PRJ_NAME_189fb3bd8293c6c1,0,0.038049086928367615
schedule,2008-07-01,PRJ_NAME_1a4227e46a37a193,0,0.03372317925095558
schedule,2008-07-01,PRJ_NAME_1a738808aaf509c4,0,0.13328087329864502
schedule,2008-07-01,PRJ_NAME_1b787e0c448238d2,0,0.5096965432167053
schedule,2008-07-01,PRJ_NAME_1c3ea68b71060199,0,0.37193381786346436
schedule,2008-07-01,PRJ_NAME_1d6e960595541c80,0,0.27983424067497253
schedule,2008-07-01,PRJ_NAME_1d75640bb5ed8b95,0,0.04770416021347046
schedule,2008-07-01,PRJ_NAME_1ed2a789eb6cab62,0,0.25124454498291016
schedule,2008-07-01,PRJ_NAME_1eff8ca7a4b96f50,0,0.21973074972629547
schedule,2008-07-01,PRJ_NAME_1fe91dd7c69d415d,0,0.10404776781797409
schedule,2008-07-01,PRJ_NAME_20aeb9a564c52805,0,0.4940739572048187
schedule,2008-07-01,PRJ_NAME_219f957bece70358,0,0.07630050927400589
schedule,2008-07-01,PRJ_NAME_2243214254bdc3b6,0,0.13395369052886963
schedule,2008-07-01,PRJ_NAME_2275db3ebed6c33b,0,0.4252351224422455
schedule,2008-07-01,PRJ_NAME_27099fbe520779e7,0,0.10989178717136383
schedule,2008-07-01,PRJ_NAME_2830efaac9bd3ae1,0,0.11685756593942642
schedule,2008-07-01,PRJ_NAME_29e7d6d952afc28a,0,0.04505809769034386
schedule,2008-07-01,PRJ_NAME_2a4e6f9884ad87a6,0,0.3911564350128174
schedule,2008-07-01,PRJ_NAME_2bded97125d928ff,0,0.030451850965619087
schedule,2008-07-01,PRJ_NAME_2e6914f23cf6d06e,0,0.2664687931537628
schedule,2008-07-01,PRJ_NAME_2fb8d63d94a43eca,0,0.3781123161315918
schedule,2008-07-01,PRJ_NAME_2fd8e3aeea321592,0,0.3200063109397888
schedule,2008-07-01,PRJ_NAME_3026e066ea75e57c,0,0.5134937167167664
schedule,2008-07-01,PRJ_NAME_30780904c0601eb4,0,0.17210562527179718
schedule,2008-07-01,PRJ_NAME_31f55c4357305603,0,0.19448469579219818
schedule,2008-07-01,PRJ_NAME_32749c7fa900410a,1,0.732047438621521
schedule,2008-07-01,PRJ_NAME_3369f7d5b43fa7d2,0,0.20563377439975739
schedule,2008-07-01,PRJ_NAME_33fb60b87eb8ff9e,0,0.23301155865192413
schedule,2008-07-01,PRJ_NAME_3460f446ce2781c4,0,0.4568406343460083
schedule,2008-07-01,PRJ_NAME_3477c98c2612f51e,1,0.7015203833580017
schedule,2008-07-01,PRJ_NAME_382fe282c2919f7f,1,0.21432095766067505
schedule,2008-07-01,PRJ_NAME_383758ca2b9df234,0,0.26659199595451355
schedule,2008-07-01,PRJ_NAME_38f3fdbcd5c58828,1,0.3461957573890686
schedule,2008-07-01,PRJ_NAME_39ac99e72e901243,0,0.043969716876745224
schedule,2008-07-01,PRJ_NAME_3a1db8515fcdf4a5,0,0.0741666629910469
schedule,2008-07-01,PRJ_NAME_3ba42102e7a1cb94,0,0.3835243582725525
schedule,2008-07-01,PRJ_NAME_3cc205715abfbbda,0,0.29726773500442505
schedule,2008-07-01,PRJ_NAME_3d1869707f6f1703,0,0.37645795941352844
schedule,2008-07-01,PRJ_NAME_3d39735915bca559,0,0.4242092967033386
schedule,2008-07-01,PRJ_NAME_3d531f7ee886ec3a,0,0.31806817650794983
schedule,2008-07-01,PRJ_NAME_3d7a66144aa6ea1b,0,0.42502593994140625
schedule,2008-07-01,PRJ_NAME_3e250a77263d4c0e,0,0.2097773402929306
schedule,2008-07-01,PRJ_NAME_3f7caf599973bbc3,0,0.16907808184623718
schedule,2008-07-01,PRJ_NAME_3f9e1ffde78880a6,0,0.27472928166389465
schedule,2008-07-01,PRJ_NAME_405a3d72722128e9,0,0.09953565150499344
schedule,2008-07-01,PRJ_NAME_428198aba8296f85,0,0.4467123746871948
schedule,2008-07-01,PRJ_NAME_42d1d873ef0ba864,1,0.7618709802627563
schedule,2008-07-01,PRJ_NAME_42df200967d78962,0,0.24980822205543518
schedule,2008-07-01,PRJ_NAME_42ecbefa35d1eb4b,1,0.3114137351512909
schedule,2008-07-01,PRJ_NAME_448ec218fa67b81f,0,0.26697689294815063
schedule,2008-07-01,PRJ_NAME_44d305a8cb81d205,0,0.01050279475748539
schedule,2008-07-01,PRJ_NAME_4521219d33d32e33,0,0.2877334952354431
schedule,2008-07-01,PRJ_NAME_458348a7c75128e0,1,0.6304630041122437
schedule,2008-07-01,PRJ_NAME_461706503ce534ba,0,0.32264551520347595
schedule,2008-07-01,PRJ_NAME_46256f5cb11ca220,0,0.4889332354068756
schedule,2008-07-01,PRJ_NAME_46536cd0eb4dbcbc,0,0.4914138913154602
schedule,2008-07-01,PRJ_NAME_469bb0e5b66ebdea,0,0.6216084361076355
schedule,2008-07-01,PRJ_NAME_46d479c07936c43a,0,0.2909182608127594
schedule,2008-07-01,PRJ_NAME_47651aa52c29c512,0,0.478225439786911
schedule,2008-07-01,PRJ_NAME_47663b2f2e2c7deb,0,0.653422474861145
schedule,2008-07-01,PRJ_NAME_480f705f44b440b1,0,0.3634379208087921
schedule,2008-07-01,PRJ_NAME_4b086c663a448f74,0,0.2761138379573822
schedule,2008-07-01,PRJ_NAME_4b3560cba1158b55,0,0.25003769993782043
schedule,2008-07-01,PRJ_NAME_4b9dfeb9724480fe,0,0.21700675785541534
schedule,2008-07-01,PRJ_NAME_4ca147295712f33c,0,0.13549670577049255
schedule,2008-07-01,PRJ_NAME_4cd1f113423267dd,1,0.6765655875205994
schedule,2008-07-01,PRJ_NAME_4f7411701eb10f66,0,0.3593060076236725
schedule,2008-07-01,PRJ_NAME_50522850afa1dc91,0,0.2880306839942932
schedule,2008-07-01,PRJ_NAME_50c6884ee2f6ca3b,0,0.24788157641887665
schedule,2008-07-01,PRJ_NAME_5104a8e32e9a2138,1,0.16985994577407837
schedule,2008-07-01,PRJ_NAME_51dff49a23022387,1,0.15424971282482147
schedule,2008-07-01,PRJ_NAME_52b5fa3569bf9d1f,1,0.49285557866096497
schedule,2008-07-01,PRJ_NAME_56456c324dd9b83d,0,0.2554095387458801
schedule,2008-07-01,PRJ_NAME_57b41f1ef050cc39,0,0.2265913188457489
schedule,2008-07-01,PRJ_NAME_585544165e75cdb6,0,0.05588390678167343
schedule,2008-07-01,PRJ_NAME_585df2f330882dc3,0,0.39087384939193726
schedule,2008-07-01,PRJ_NAME_593ebae864c1a900,0,0.2774900197982788
schedule,2008-07-01,PRJ_NAME_59e0ef4cf8960ef7,0,0.0772458165884018
schedule,2008-07-01,PRJ_NAME_5aea56bbcfb9dfc0,0,0.1328130066394806
schedule,2008-07-01,PRJ_NAME_5b00690c13f8e548,0,0.29821333289146423
schedule,2008-07-01,PRJ_NAME_5d3b41b164c7b99a,1,0.6168443560600281
schedule,2008-07-01,PRJ_NAME_5f1025f701729210,0,0.3238885700702667
schedule,2008-07-01,PRJ_NAME_606504db777b5bce,0,0.1825876235961914
schedule,2008-07-01,PRJ_NAME_61d3483ad862194a,0,0.10364093631505966
schedule,2008-07-01,PRJ_NAME_636065c530891da0,0,0.11079789698123932
schedule,2008-07-01,PRJ_NAME_63aaf0b2d67fcc98,0,0.10368359833955765
schedule,2008-07-01,PRJ_NAME_646374cb7bb8cf53,0,0.08676009625196457
schedule,2008-07-01,PRJ_NAME_664064542365971b,1,0.357669472694397
schedule,2008-07-01,PRJ_NAME_668ca797d8e9b02c,0,0.2569880783557892
schedule,2008-07-01,PRJ_NAME_67185f73cdc3ce1a,0,0.09412921965122223
schedule,2008-07-01,PRJ_NAME_67409bba76046d57,0,0.17476317286491394
schedule,2008-07-01,PRJ_NAME_67cd9c954d2467cd,1,0.8256146311759949
schedule,2008-07-01,PRJ_NAME_6ba01d6d5eebf7b1,0,0.46755602955818176
schedule,2008-07-01,PRJ_NAME_6c09acb5a4f410b0,0,0.32685941457748413
schedule,2008-07-01,PRJ_NAME_6c264260913ce831,0,0.4306533932685852
schedule,2008-07-01,PRJ_NAME_6f4b9b110ae25321,0,0.21502238512039185
schedule,2008-07-01,PRJ_NAME_6facc9e39db504a9,0,0.1631440818309784
schedule,2008-07-01,PRJ_NAME_71bd13e4c33dc0b3,0,0.3547908663749695
schedule,2008-07-01,PRJ_NAME_721a95fbd23ad2c8,0,0.6250328421592712
schedule,2008-07-01,PRJ_NAME_735c5b98af1edf1b,0,0.6132252812385559
schedule,2008-07-01,PRJ_NAME_743c1bfad7794140,0,0.35100704431533813
schedule,2008-07-01,PRJ_NAME_74470ac7f7e3099a,0,0.38206589221954346
schedule,2008-07-01,PRJ_NAME_74caabeb39aaa1ff,0,0.041796039789915085
schedule,2008-07-01,PRJ_NAME_75ff742cb738b710,0,0.2484961897134781
schedule,2008-07-01,PRJ_NAME_7612955874fcc5a7,0,0.059736788272857666
schedule,2008-07-01,PRJ_NAME_768d6fbca51319c9,0,0.44422152638435364
schedule,2008-07-01,PRJ_NAME_76cfbe6ccfe4f2ed,0,0.5587673783302307
schedule,2008-07-01,PRJ_NAME_772f2a39ea9e3ff1,0,0.2809072434902191
schedule,2008-07-01,PRJ_NAME_78580b681d000474,0,0.5244840979576111
schedule,2008-07-01,PRJ_NAME_78af84562e9d8303,0,0.20824196934700012
schedule,2008-07-01,PRJ_NAME_795a352b8cff9c15,0,0.27481624484062195
schedule,2008-07-01,PRJ_NAME_7a44cc6164c2d4fe,0,0.6682870984077454
schedule,2008-07-01,PRJ_NAME_7bb2937937be97a3,1,0.7333835959434509
schedule,2008-07-01,PRJ_NAME_7bde1e0220d753f0,0,0.06570438295602798
schedule,2008-07-01,PRJ_NAME_7bfceb0c80fc4b26,0,0.35938629508018494
schedule,2008-07-01,PRJ_NAME_7e539bee9aabecfc,0,0.25962281227111816
schedule,2008-07-01,PRJ_NAME_7fb8a753afa2d26f,0,0.28241053223609924
schedule,2008-07-01,PRJ_NAME_8109073f8b96ea3d,0,0.11045784503221512
schedule,2008-07-01,PRJ_NAME_821e46b4a362bfa4,0,0.30226898193359375
schedule,2008-07-01,PRJ_NAME_83be953b7310deef,0,0.3260726034641266
schedule,2008-07-01,PRJ_NAME_83c86ef936893030,1,0.6236710548400879
schedule,2008-07-01,PRJ_NAME_85caedccc1ec91d7,0,0.1666424423456192
schedule,2008-07-01,PRJ_NAME_86be163e00974078,0,0.4067569077014923
schedule,2008-07-01,PRJ_NAME_8744504c4c933f39,0,0.489644318819046
schedule,2008-07-01,PRJ_NAME_8749b3c26f418fe8,1,0.5211944580078125
schedule,2008-07-01,PRJ_NAME_88e199e6518abeff,0,0.05607891455292702
schedule,2008-07-01,PRJ_NAME_89388044b4007d2d,0,0.2008984088897705
schedule,2008-07-01,PRJ_NAME_8a468889b5be6da7,0,0.4249318242073059
schedule,2008-07-01,PRJ_NAME_8ab7e877d64c6511,0,0.11408951878547668
schedule,2008-07-01,PRJ_NAME_8ae3819b3f43f81d,0,0.11743161082267761
schedule,2008-07-01,PRJ_NAME_8b8104a26e4c6712,0,0.2778613865375519
schedule,2008-07-01,PRJ_NAME_8bd10b08124a4095,0,0.07440853118896484
schedule,2008-07-01,PRJ_NAME_8be7ca9862134d65,0,0.4431980550289154
schedule,2008-07-01,PRJ_NAME_8c97fd376f152558,0,0.17105655372142792
schedule,2008-07-01,PRJ_NAME_8cbf7fe2db2e06c4,0,0.25315433740615845
schedule,2008-07-01,PRJ_NAME_900650a7b2bd003f,0,0.31792211532592773
schedule,2008-07-01,PRJ_NAME_9124e743c95fcdfd,0,0.272905558347702
schedule,2008-07-01,PRJ_NAME_91edd123df3b9752,0,0.5371561646461487
schedule,2008-07-01,PRJ_NAME_925c5f5a7937f293,0,0.348747193813324
schedule,2008-07-01,PRJ_NAME_936a972c38503df1,1,0.7440460920333862
schedule,2008-07-01,PRJ_NAME_94aa47edacafbdc0,0,0.20492509007453918
schedule,2008-07-01,PRJ_NAME_95239e307b9972c8,0,0.3511084020137787
schedule,2008-07-01,PRJ_NAME_97175a0bf58860dd,0,0.3084461987018585
schedule,2008-07-01,PRJ_NAME_9785a70d227b0561,0,0.20101302862167358
schedule,2008-07-01,PRJ_NAME_97b6f7489a4660c4,0,0.07288838177919388
schedule,2008-07-01,PRJ_NAME_97ed5e02577c1519,0,0.23154805600643158
schedule,2008-07-01,PRJ_NAME_97eebbdb1660a78f,0,0.46299028396606445
schedule,2008-07-01,PRJ_NAME_98df68b03362bd89,0,0.409502238035202
schedule,2008-07-01,PRJ_NAME_994deea3959e14e8,0,0.09488027542829514
schedule,2008-07-01,PRJ_NAME_9c4eb4d2eb8f9719,0,0.34717708826065063
schedule,2008-07-01,PRJ_NAME_9d0e19b63480a819,0,0.14373637735843658
schedule,2008-07-01,PRJ_NAME_9d46629b18b18a13,0,0.21087484061717987
schedule,2008-07-01,PRJ_NAME_9dcbefefed4f1065,0,0.28206735849380493
schedule,2008-07-01,PRJ_NAME_9f96903f754912ec,0,0.28907862305641174
schedule,2008-07-01,PRJ_NAME_a0207614cb0f6796,0,0.182772696018219
schedule,2008-07-01,PRJ_NAME_a08949c95f5f94e4,0,0.20412546396255493
schedule,2008-07-01,PRJ_NAME_a21ffd430f8ddb3e,0,0.4659721255302429
schedule,2008-07-01,PRJ_NAME_a28726e807976d7c,0,0.06896964460611343
schedule,2008-07-01,PRJ_NAME_a2b6086beac12343,0,0.33721858263015747
schedule,2008-07-01,PRJ_NAME_a335e78099c07d4e,0,0.32046830654144287
schedule,2008-07-01,PRJ_NAME_a3b710cb5e7fd128,1,0.4157422184944153
schedule,2008-07-01,PRJ_NAME_a5facf55cd81ec6a,0,0.351310670375824
schedule,2008-07-01,PRJ_NAME_a724bba1d815e2ed,0,0.2470429390668869
schedule,2008-07-01,PRJ_NAME_a72ff560bd409bf5,0,0.38162070512771606
schedule,2008-07-01,PRJ_NAME_a7570050f89ce915,0,0.3008812367916107
schedule,2008-07-01,PRJ_NAME_a8d809630a15cd20,0,0.328511506319046
schedule,2008-07-01,PRJ_NAME_a937cfc9af78ada5,0,0.10481597483158112
schedule,2008-07-01,PRJ_NAME_a9b6a1b29fb44b4d,0,0.04162927716970444
schedule,2008-07-01,PRJ_NAME_aa6d473f6b178563,0,0.19524413347244263
schedule,2008-07-01,PRJ_NAME_aab2ef5b914f61c7,0,0.2874431908130646
schedule,2008-07-01,PRJ_NAME_ab33d551bf7a3428,0,0.13239318132400513
schedule,2008-07-01,PRJ_NAME_abb3e384d5e3e17e,0,0.47660526633262634
schedule,2008-07-01,PRJ_NAME_ad205b50262bd00e,0,0.03923388198018074
schedule,2008-07-01,PRJ_NAME_ad65def7cbb4d220,0,0.33113813400268555
schedule,2008-07-01,PRJ_NAME_ae2b69d71915b759,0,0.1168530285358429
schedule,2008-07-01,PRJ_NAME_ae82fd1ce70d12ac,0,0.27320435643196106
schedule,2008-07-01,PRJ_NAME_b0f1e855a7bac204,0,0.2570553719997406
schedule,2008-07-01,PRJ_NAME_b0f97810618292a9,0,0.2575609087944031
schedule,2008-07-01,PRJ_NAME_b1512f76653de237,1,0.2603522837162018
schedule,2008-07-01,PRJ_NAME_b2682182493efe91,0,0.3075742721557617
schedule,2008-07-01,PRJ_NAME_b2c488bd26cca10c,0,0.21343748271465302
schedule,2008-07-01,PRJ_NAME_b2d22b803981eee8,0,0.28518739342689514
schedule,2008-07-01,PRJ_NAME_b6e5fd16af47d146,0,0.2797623872756958
schedule,2008-07-01,PRJ_NAME_b8fbf98a7f8bce67,0,0.20640064775943756
schedule,2008-07-01,PRJ_NAME_bc3494259aec34b7,0,0.6843974590301514
schedule,2008-07-01,PRJ_NAME_bd212f548385f223,0,0.20065729320049286
schedule,2008-07-01,PRJ_NAME_bddbb3270d5e7de5,0,0.29564401507377625
schedule,2008-07-01,PRJ_NAME_be4dd8e59fd70e64,0,0.4234972298145294
schedule,2008-07-01,PRJ_NAME_be77bfadf345a933,0,0.1890019178390503
schedule,2008-07-01,PRJ_NAME_bef6e5f20fc79cc6,0,0.09337723255157471
schedule,2008-07-01,PRJ_NAME_bfd6c00eaa9b89cf,0,0.0553150400519371
schedule,2008-07-01,PRJ_NAME_c075bbb22a928231,0,0.14253169298171997
schedule,2008-07-01,PRJ_NAME_c0956183b9a97e85,0,0.30258631706237793
schedule,2008-07-01,PRJ_NAME_c0ac792752076ad2,0,0.42909371852874756
schedule,2008-07-01,PRJ_NAME_c15ce771e3c0f96b,0,0.44069722294807434
schedule,2008-07-01,PRJ_NAME_c1aba92cd17a7067,1,0.7106757760047913
schedule,2008-07-01,PRJ_NAME_c212eeea90f56dea,0,0.16904711723327637
schedule,2008-07-01,PRJ_NAME_c275be77f0a071f0,0,0.371853768825531
schedule,2008-07-01,PRJ_NAME_c3a228e23032a307,0,0.22576798498630524
schedule,2008-07-01,PRJ_NAME_c8104187879f677a,0,0.06479807943105698
schedule,2008-07-01,PRJ_NAME_c94f9460203a93dc,0,0.22369353473186493
schedule,2008-07-01,PRJ_NAME_c978cc150aff8427,0,0.39533981680870056
schedule,2008-07-01,PRJ_NAME_cb75fb87dd34253f,0,0.30943018198013306
schedule,2008-07-01,PRJ_NAME_ccbbbdd77851b17f,0,0.20545047521591187
schedule,2008-07-01,PRJ_NAME_cd3f28bade7cdf3f,0,0.39156854152679443
schedule,2008-07-01,PRJ_NAME_cd9457461186cc7f,0,0.3076929748058319
schedule,2008-07-01,PRJ_NAME_cdcae6a1e043703c,0,0.07528728991746902
schedule,2008-07-01,PRJ_NAME_cde12345f84a4a3f,0,0.2815934419631958
schedule,2008-07-01,PRJ_NAME_ce02d7c9233b7b2b,0,0.26878824830055237
schedule,2008-07-01,PRJ_NAME_ce28e0c01122d9a3,0,0.06826776266098022
schedule,2008-07-01,PRJ_NAME_cf4970472bfe245b,0,0.5433001518249512
schedule,2008-07-01,PRJ_NAME_cfd4b764bee5cea2,0,0.26026129722595215
schedule,2008-07-01,PRJ_NAME_d0878df8cfcdf42f,0,0.04323749989271164
schedule,2008-07-01,PRJ_NAME_d1393c6cc2e166bc,0,0.24282288551330566
schedule,2008-07-01,PRJ_NAME_d13dd04a176c25c0,0,0.2308376282453537
schedule,2008-07-01,PRJ_NAME_d24144e6f0823613,0,0.42909371852874756
schedule,2008-07-01,PRJ_NAME_d3afd09bf7ff8e81,0,0.4075402617454529
schedule,2008-07-01,PRJ_NAME_d445a5d5362052c6,0,0.27401965856552124
schedule,2008-07-01,PRJ_NAME_d451cd9406956965,0,0.4103420674800873
schedule,2008-07-01,PRJ_NAME_d4f1b277d89fa84d,0,0.14943663775920868
schedule,2008-07-01,PRJ_NAME_d5f128d4a5054966,0,0.18771322071552277
schedule,2008-07-01,PRJ_NAME_d853374d6e3396f9,0,0.21521197259426117
schedule,2008-07-01,PRJ_NAME_d9a2644b07dd9609,0,0.33721858263015747
schedule,2008-07-01,PRJ_NAME_d9abd1f8dd32a440,0,0.10858642309904099
schedule,2008-07-01,PRJ_NAME_da2989779a8ff72c,0,0.24826237559318542
schedule,2008-07-01,PRJ_NAME_dab1c247fc9689d6,0,0.23935836553573608
schedule,2008-07-01,PRJ_NAME_dc3bcf024b79a8b1,0,0.4039278030395508
schedule,2008-07-01,PRJ_NAME_dcc1ad452b4d494f,0,0.24826237559318542
schedule,2008-07-01,PRJ_NAME_de0e3def822551a6,0,0.2892981171607971
schedule,2008-07-01,PRJ_NAME_de105ab0c897498e,0,0.2895105183124542
schedule,2008-07-01,PRJ_NAME_de4691d50c7854e9,0,0.24237120151519775
schedule,2008-07-01,PRJ_NAME_de988147e22ef9e9,0,0.33721858263015747
schedule,2008-07-01,PRJ_NAME_dea5735eb1f597db,0,0.416929692029953
schedule,2008-07-01,PRJ_NAME_e040a7f92ba61461,0,0.34676942229270935
schedule,2008-07-01,PRJ_NAME_e0674b06e44bd7bf,0,0.30508729815483093
schedule,2008-07-01,PRJ_NAME_e3a8bb2257648c96,0,0.31490546464920044
schedule,2008-07-01,PRJ_NAME_e3b98145bde44d46,0,0.23307344317436218
schedule,2008-07-01,PRJ_NAME_e49f43acc263936a,0,0.07210288941860199
schedule,2008-07-01,PRJ_NAME_e62fcb5fa64380ee,1,0.3821578621864319
schedule,2008-07-01,PRJ_NAME_e633f015dd0714c6,0,0.38061022758483887
schedule,2008-07-01,PRJ_NAME_e7d78ebc7862a984,0,0.591189444065094
schedule,2008-07-01,PRJ_NAME_e84f668cb9ad9062,0,0.28586408495903015
schedule,2008-07-01,PRJ_NAME_e86ebf75d270663b,0,0.4306533932685852
schedule,2008-07-01,PRJ_NAME_e8dc1ea5468f8536,0,0.46313485503196716
schedule,2008-07-01,PRJ_NAME_e96e2471ac2f3b45,0,0.24826237559318542
schedule,2008-07-01,PRJ_NAME_e9b6b723340d4c91,0,0.1141149252653122
schedule,2008-07-01,PRJ_NAME_e9fe972727df6e0b,0,0.4242092967033386
schedule,2008-07-01,PRJ_NAME_ea175320bc252402,0,0.42693063616752625
schedule,2008-07-01,PRJ_NAME_ea1e86cb1e4986d2,0,0.16777320206165314
schedule,2008-07-01,PRJ_NAME_ebc6dcee9d022d3a,0,0.23436316847801208
schedule,2008-07-01,PRJ_NAME_ec1e093fd79e2785,0,0.19193387031555176
schedule,2008-07-01,PRJ_NAME_ed6774d8331350b8,0,0.09756302088499069
schedule,2008-07-01,PRJ_NAME_ee3707ee0a1cef17,0,0.30581334233283997
schedule,2008-07-01,PRJ_NAME_efcf5742fcf89d7b,0,0.16406339406967163
schedule,2008-07-01,PRJ_NAME_f024d0aab05e20d7,0,0.20866841077804565
schedule,2008-07-01,PRJ_NAME_f1300fa6308aca5a,0,0.20716778934001923
schedule,2008-07-01,PRJ_NAME_f36c1b98ac886591,0,0.4833608567714691
schedule,2008-07-01,PRJ_NAME_f786e2a7af40255c,0,0.3649734556674957
schedule,2008-07-01,PRJ_NAME_f84ae1a96a985b34,1,0.5502580404281616
schedule,2008-07-01,PRJ_NAME_f879b222d9328370,0,0.2563084661960602
schedule,2008-07-01,PRJ_NAME_f8eaa312aa060cb3,0,0.2948113977909088
schedule,2008-07-01,PRJ_NAME_fbf574116d1dd49f,0,0.4597364068031311
schedule,2008-07-01,PRJ_NAME_fc292aca755942af,0,0.09246565401554108
schedule,2008-07-01,PRJ_NAME_fd8d3d06b187c533,0,0.2237042337656021
schedule,2008-07-01,PRJ_NAME_fe67148516aa3153,0,0.18780632317066193
schedule,2008-07-01,PRJ_NAME_ff0d002a5fc980a2,1,0.63076251745224
schedule,2008-07-01,PRJ_NAME_ffd0b9ce6984e556,0,0.29458072781562805
schedule,2008-08-01,PRJ_CODE_020100040,0,0.37332287430763245
schedule,2008-08-01,PRJ_CODE_020100044,0,0.2154722958803177
schedule,2008-08-01,PRJ_CODE_060100087,0,0.36229416728019714
schedule,2008-08-01,PRJ_CODE_060100088,0,0.3636736273765564
schedule,2008-08-01,PRJ_CODE_060100090,0,0.16970519721508026
schedule,2008-08-01,PRJ_CODE_060100092,0,0.07357176393270493
schedule,2008-08-01,PRJ_CODE_060100094,0,0.08735481649637222
schedule,2008-08-01,PRJ_CODE_100100054,0,0.48464062809944153
schedule,2008-08-01,PRJ_CODE_120100067,0,0.3547039031982422
schedule,2008-08-01,PRJ_CODE_160100168,0,0.3228415548801422
schedule,2008-08-01,PRJ_CODE_160100236,1,0.8063159584999084
schedule,2008-08-01,PRJ_CODE_160100289,0,0.13038767874240875
schedule,2008-08-01,PRJ_CODE_160100292,0,0.18179132044315338
schedule,2008-08-01,PRJ_CODE_180100246,0,0.1048436313867569
schedule,2008-08-01,PRJ_CODE_180100247,0,0.4543425440788269
schedule,2008-08-01,PRJ_CODE_180100251,1,0.03808650001883507
schedule,2008-08-01,PRJ_CODE_180100253,0,0.1217978298664093
schedule,2008-08-01,PRJ_CODE_180100256,0,0.22463823854923248
schedule,2008-08-01,PRJ_CODE_180100260,0,0.1766868531703949
schedule,2008-08-01,PRJ_CODE_180100261,0,0.10533992946147919
schedule,2008-08-01,PRJ_CODE_220100159,0,0.36137625575065613
schedule,2008-08-01,PRJ_CODE_220100226,0,0.05818057805299759
schedule,2008-08-01,PRJ_CODE_220100266,0,0.2945622205734253
schedule,2008-08-01,PRJ_CODE_220100268,0,0.27406954765319824
schedule,2008-08-01,PRJ_CODE_220100279,0,0.09164904803037643
schedule,2008-08-01,PRJ_CODE_220100288,1,0.2576240301132202
schedule,2008-08-01,PRJ_CODE_220100307,0,0.3376402258872986
schedule,2008-08-01,PRJ_CODE_220100308,0,0.14181740581989288
schedule,2008-08-01,PRJ_CODE_220100318,0,0.14581207931041718
schedule,2008-08-01,PRJ_CODE_220100322,0,0.20666052401065826
schedule,2008-08-01,PRJ_CODE_240101134,0,0.35095834732055664
schedule,2008-08-01,PRJ_CODE_250100174,0,0.308595210313797
schedule,2008-08-01,PRJ_CODE_260100100,0,0.1233425959944725
schedule,2008-08-01,PRJ_CODE_N04000016,0,0.1744793951511383
schedule,2008-08-01,PRJ_CODE_N06000007,0,0.1754601150751114
schedule,2008-08-01,PRJ_CODE_N06000009,0,0.062336988747119904
schedule,2008-08-01,PRJ_CODE_N06000015,0,0.04483851045370102
schedule,2008-08-01,PRJ_CODE_N06000016,0,0.02297951653599739
schedule,2008-08-01,PRJ_CODE_N06000020,0,0.09427724778652191
schedule,2008-08-01,PRJ_CODE_N06000030,0,0.04351132735610008
schedule,2008-08-01,PRJ_CODE_N06000033,0,0.051692359149456024
schedule,2008-08-01,PRJ_CODE_N06000034,0,0.03300788626074791
schedule,2008-08-01,PRJ_CODE_N06000035,0,0.05572260916233063
schedule,2008-08-01,PRJ_CODE_N06000042,0,0.03852255642414093
schedule,2008-08-01,PRJ_CODE_N06000043,0,0.26507842540740967
schedule,2008-08-01,PRJ_CODE_N06000044,0,0.33086735010147095
schedule,2008-08-01,PRJ_CODE_N12000022,0,0.31539538502693176
schedule,2008-08-01,PRJ_CODE_N12000024,0,0.20388197898864746
schedule,2008-08-01,PRJ_CODE_N12000033,0,0.09171880036592484
schedule,2008-08-01,PRJ_CODE_N12000036,0,0.2964482307434082
schedule,2008-08-01,PRJ_CODE_N12000037,0,0.30549848079681396
schedule,2008-08-01,PRJ_CODE_N12000038,0,0.06391571462154388
schedule,2008-08-01,PRJ_CODE_N12000039,0,0.1555946171283722
schedule,2008-08-01,PRJ_CODE_N12000050,0,0.20509883761405945
schedule,2008-08-01,PRJ_CODE_N12000051,0,0.25944486260414124
schedule,2008-08-01,PRJ_CODE_N12000052,0,0.09862149506807327
schedule,2008-08-01,PRJ_CODE_N12000053,0,0.10703490674495697
schedule,2008-08-01,PRJ_CODE_N16000017,0,0.2740500271320343
schedule,2008-08-01,PRJ_CODE_N16000021,0,0.1587846875190735
schedule,2008-08-01,PRJ_CODE_N16000023,0,0.4585559666156769
schedule,2008-08-01,PRJ_CODE_N16000028,1,0.4239720404148102
schedule,2008-08-01,PRJ_CODE_N16000029,0,0.3338635563850403
schedule,2008-08-01,PRJ_CODE_N16000030,0,0.13279180228710175
schedule,2008-08-01,PRJ_CODE_N16000032,0,0.4610254466533661
schedule,2008-08-01,PRJ_CODE_N16000033,0,0.2083413153886795
schedule,2008-08-01,PRJ_CODE_N16000034,0,0.06934799998998642
schedule,2008-08-01,PRJ_CODE_N16000035,0,0.09579256176948547
schedule,2008-08-01,PRJ_CODE_N16000036,0,0.17805300652980804
schedule,2008-08-01,PRJ_CODE_N16000037,0,0.18601787090301514
schedule,2008-08-01,PRJ_CODE_N16000038,0,0.11664032936096191
schedule,2008-08-01,PRJ_CODE_N16000041,0,0.22396118938922882
schedule,2008-08-01,PRJ_CODE_N16000045,0,0.3268906772136688
schedule,2008-08-01,PRJ_CODE_N16000046,0,0.17634984850883484
schedule,2008-08-01,PRJ_CODE_N18000026,0,0.3470406234264374
schedule,2008-08-01,PRJ_CODE_N18000033,0,0.04162932559847832
schedule,2008-08-01,PRJ_CODE_N18000035,0,0.04403987526893616
schedule,2008-08-01,PRJ_CODE_N18000036,0,0.02302425540983677
schedule,2008-08-01,PRJ_CODE_N18000038,0,0.18547707796096802
schedule,2008-08-01,PRJ_CODE_N18000039,0,0.12542442977428436
schedule,2008-08-01,PRJ_CODE_N22000027,1,0.2047147899866104
schedule,2008-08-01,PRJ_CODE_N22000034,0,0.22390593588352203
schedule,2008-08-01,PRJ_CODE_N22000055,0,0.21421770751476288
schedule,2008-08-01,PRJ_CODE_N24000087,0,0.0681537613272667
schedule,2008-08-01,PRJ_CODE_N24000096,0,0.3243139386177063
schedule,2008-08-01,PRJ_CODE_N24000103,0,0.05099480226635933
schedule,2008-08-01,PRJ_CODE_N24000109,0,0.13795137405395508
schedule,2008-08-01,PRJ_CODE_N24000110,0,0.09061458706855774
schedule,2008-08-01,PRJ_CODE_N25000004,0,0.3580232262611389
schedule,2008-08-01,PRJ_CODE_N26000037,0,0.6277855634689331
schedule,2008-08-01,PRJ_NAME_0004dd678c080a80,0,0.6760982871055603
schedule,2008-08-01,PRJ_NAME_0031246cd244a107,0,0.36793825030326843
schedule,2008-08-01,PRJ_NAME_0080b6343e871911,0,0.258428156375885
schedule,2008-08-01,PRJ_NAME_0148b634ed94a52c,0,0.2276344746351242
schedule,2008-08-01,PRJ_NAME_01bb36be5d780c42,0,0.11123865842819214
schedule,2008-08-01,PRJ_NAME_02be49f1af33ce10,0,0.3016822338104248
schedule,2008-08-01,PRJ_NAME_031f72994d7dbd7f,0,0.16837915778160095
schedule,2008-08-01,PRJ_NAME_03fc8a15c949f80a,1,0.48751091957092285
schedule,2008-08-01,PRJ_NAME_044dbb0c74dbcd66,0,0.06887800246477127
schedule,2008-08-01,PRJ_NAME_071db90b2561c624,0,0.32401779294013977
schedule,2008-08-01,PRJ_NAME_0a18cd83977c373e,1,0.30347588658332825
schedule,2008-08-01,PRJ_NAME_0d8873d91c503fa5,0,0.6956350803375244
schedule,2008-08-01,PRJ_NAME_0dd322c3813d6c3a,0,0.1210642084479332
schedule,2008-08-01,PRJ_NAME_0e0827a3d2085f94,0,0.700228750705719
schedule,2008-08-01,PRJ_NAME_0ec1934275e95d63,0,0.17134040594100952
schedule,2008-08-01,PRJ_NAME_0f4455ed3998e6d8,0,0.2381662279367447
schedule,2008-08-01,PRJ_NAME_130bfc84c71ef7a2,0,0.42357900738716125
schedule,2008-08-01,PRJ_NAME_13465e4124695478,1,0.5497665405273438
schedule,2008-08-01,PRJ_NAME_151f0102951fa3de,0,0.28031304478645325
schedule,2008-08-01,PRJ_NAME_15cd63e22af90526,0,0.23084001243114471
schedule,2008-08-01,PRJ_NAME_18355a12f68700aa,0,0.3187789022922516
schedule,2008-08-01,PRJ_NAME_189fb3bd8293c6c1,0,0.03200065344572067
schedule,2008-08-01,PRJ_NAME_1a4227e46a37a193,0,0.05927619710564613
schedule,2008-08-01,PRJ_NAME_1a738808aaf509c4,0,0.14050491154193878
schedule,2008-08-01,PRJ_NAME_1c3ea68b71060199,0,0.3442801535129547
schedule,2008-08-01,PRJ_NAME_1d6e960595541c80,0,0.29062455892562866
schedule,2008-08-01,PRJ_NAME_1d75640bb5ed8b95,0,0.03618277236819267
schedule,2008-08-01,PRJ_NAME_1ed2a789eb6cab62,0,0.2345830202102661
schedule,2008-08-01,PRJ_NAME_1eff8ca7a4b96f50,0,0.2739968001842499
schedule,2008-08-01,PRJ_NAME_1fe91dd7c69d415d,0,0.12113264203071594
schedule,2008-08-01,PRJ_NAME_219f957bece70358,0,0.054207392036914825
schedule,2008-08-01,PRJ_NAME_2243214254bdc3b6,0,0.15439103543758392
schedule,2008-08-01,PRJ_NAME_2275db3ebed6c33b,0,0.4066346287727356
schedule,2008-08-01,PRJ_NAME_27099fbe520779e7,0,0.1115594208240509
schedule,2008-08-01,PRJ_NAME_2830efaac9bd3ae1,0,0.12948216497898102
schedule,2008-08-01,PRJ_NAME_29e7d6d952afc28a,0,0.02378018945455551
schedule,2008-08-01,PRJ_NAME_2a4e6f9884ad87a6,0,0.33141136169433594
schedule,2008-08-01,PRJ_NAME_2bded97125d928ff,0,0.030878065153956413
schedule,2008-08-01,PRJ_NAME_2e6914f23cf6d06e,0,0.2775341868400574
schedule,2008-08-01,PRJ_NAME_2fb8d63d94a43eca,0,0.31687217950820923
schedule,2008-08-01,PRJ_NAME_2fd8e3aeea321592,0,0.2544076144695282
schedule,2008-08-01,PRJ_NAME_3026e066ea75e57c,0,0.5820145606994629
schedule,2008-08-01,PRJ_NAME_30780904c0601eb4,0,0.20964056253433228
schedule,2008-08-01,PRJ_NAME_31f55c4357305603,0,0.21612600982189178
schedule,2008-08-01,PRJ_NAME_32749c7fa900410a,0,0.6228589415550232
schedule,2008-08-01,PRJ_NAME_3369f7d5b43fa7d2,1,0.304965615272522
schedule,2008-08-01,PRJ_NAME_33fb60b87eb8ff9e,0,0.22127515077590942
schedule,2008-08-01,PRJ_NAME_3460f446ce2781c4,0,0.4312736988067627
schedule,2008-08-01,PRJ_NAME_3477c98c2612f51e,0,0.7143228054046631
schedule,2008-08-01,PRJ_NAME_382fe282c2919f7f,1,0.28556546568870544
schedule,2008-08-01,PRJ_NAME_383758ca2b9df234,0,0.2600390613079071
schedule,2008-08-01,PRJ_NAME_38f3fdbcd5c58828,0,0.14791826903820038
schedule,2008-08-01,PRJ_NAME_39ac99e72e901243,0,0.04845079407095909
schedule,2008-08-01,PRJ_NAME_3a1db8515fcdf4a5,0,0.056267861276865005
schedule,2008-08-01,PRJ_NAME_3ba42102e7a1cb94,0,0.3533015251159668
schedule,2008-08-01,PRJ_NAME_3cc205715abfbbda,0,0.2753823697566986
schedule,2008-08-01,PRJ_NAME_3d1869707f6f1703,0,0.31546202301979065
schedule,2008-08-01,PRJ_NAME_3d39735915bca559,0,0.40511226654052734
schedule,2008-08-01,PRJ_NAME_3d531f7ee886ec3a,0,0.31665438413619995
schedule,2008-08-01,PRJ_NAME_3d7a66144aa6ea1b,0,0.40653422474861145
schedule,2008-08-01,PRJ_NAME_3f7caf599973bbc3,0,0.27030983567237854
schedule,2008-08-01,PRJ_NAME_3f9e1ffde78880a6,0,0.28110697865486145
schedule,2008-08-01,PRJ_NAME_405a3d72722128e9,0,0.07611183822154999
schedule,2008-08-01,PRJ_NAME_428198aba8296f85,0,0.40284955501556396
schedule,2008-08-01,PRJ_NAME_42d1d873ef0ba864,0,0.3013453483581543
schedule,2008-08-01,PRJ_NAME_42df200967d78962,0,0.2521163523197174
schedule,2008-08-01,PRJ_NAME_448ec218fa67b81f,0,0.29647067189216614
schedule,2008-08-01,PRJ_NAME_44d305a8cb81d205,0,0.008065248839557171
schedule,2008-08-01,PRJ_NAME_4521219d33d32e33,0,0.27018091082572937
schedule,2008-08-01,PRJ_NAME_458348a7c75128e0,1,0.4999607801437378
schedule,2008-08-01,PRJ_NAME_461706503ce534ba,1,0.44502583146095276
schedule,2008-08-01,PRJ_NAME_46256f5cb11ca220,0,0.4395314157009125
schedule,2008-08-01,PRJ_NAME_46536cd0eb4dbcbc,0,0.6963616609573364
schedule,2008-08-01,PRJ_NAME_46d479c07936c43a,0,0.3244132399559021
schedule,2008-08-01,PRJ_NAME_47651aa52c29c512,0,0.38903674483299255
schedule,2008-08-01,PRJ_NAME_47663b2f2e2c7deb,0,0.5781943798065186
schedule,2008-08-01,PRJ_NAME_480f705f44b440b1,0,0.32690685987472534
schedule,2008-08-01,PRJ_NAME_4b086c663a448f74,1,0.27243930101394653
schedule,2008-08-01,PRJ_NAME_4b9dfeb9724480fe,0,0.2777807116508484
schedule,2008-08-01,PRJ_NAME_4ca147295712f33c,0,0.14564715325832367
schedule,2008-08-01,PRJ_NAME_4cd1f113423267dd,0,0.607917308807373
schedule,2008-08-01,PRJ_NAME_4f7411701eb10f66,0,0.32454395294189453
schedule,2008-08-01,PRJ_NAME_50522850afa1dc91,0,0.3129904568195343
schedule,2008-08-01,PRJ_NAME_50c6884ee2f6ca3b,0,0.28082552552223206
schedule,2008-08-01,PRJ_NAME_5104a8e32e9a2138,1,0.29861482977867126
schedule,2008-08-01,PRJ_NAME_51dff49a23022387,0,0.14724507927894592
schedule,2008-08-01,PRJ_NAME_52b5fa3569bf9d1f,0,0.35960710048675537
schedule,2008-08-01,PRJ_NAME_56456c324dd9b83d,0,0.2361266314983368
schedule,2008-08-01,PRJ_NAME_57b41f1ef050cc39,0,0.21437877416610718
schedule,2008-08-01,PRJ_NAME_585544165e75cdb6,0,0.12293852865695953
schedule,2008-08-01,PRJ_NAME_585df2f330882dc3,0,0.3675057888031006
schedule,2008-08-01,PRJ_NAME_593ebae864c1a900,0,0.15866489708423615
schedule,2008-08-01,PRJ_NAME_59e0ef4cf8960ef7,0,0.06070869415998459
schedule,2008-08-01,PRJ_NAME_5aea56bbcfb9dfc0,0,0.16050665080547333
schedule,2008-08-01,PRJ_NAME_5b00690c13f8e548,0,0.3726811707019806
schedule,2008-08-01,PRJ_NAME_5d3b41b164c7b99a,0,0.6036992073059082
schedule,2008-08-01,PRJ_NAME_5f1025f701729210,0,0.3923061192035675
schedule,2008-08-01,PRJ_NAME_606504db777b5bce,0,0.17672337591648102
schedule,2008-08-01,PRJ_NAME_61d3483ad862194a,0,0.030922072008252144
schedule,2008-08-01,PRJ_NAME_636065c530891da0,0,0.08492983132600784
schedule,2008-08-01,PRJ_NAME_63aaf0b2d67fcc98,0,0.15073151886463165
schedule,2008-08-01,PRJ_NAME_6459d263f5d64b3a,0,0.19361509382724762
schedule,2008-08-01,PRJ_NAME_646374cb7bb8cf53,0,0.09644930064678192
schedule,2008-08-01,PRJ_NAME_664064542365971b,1,0.2918457090854645
schedule,2008-08-01,PRJ_NAME_668ca797d8e9b02c,0,0.24750085175037384
schedule,2008-08-01,PRJ_NAME_67185f73cdc3ce1a,0,0.0307041946798563
schedule,2008-08-01,PRJ_NAME_67409bba76046d57,0,0.24136561155319214
schedule,2008-08-01,PRJ_NAME_67cd9c954d2467cd,0,0.6223433017730713
schedule,2008-08-01,PRJ_NAME_6ba01d6d5eebf7b1,0,0.40508151054382324
schedule,2008-08-01,PRJ_NAME_6c09acb5a4f410b0,0,0.4533618688583374
schedule,2008-08-01,PRJ_NAME_6c264260913ce831,0,0.41702213883399963
schedule,2008-08-01,PRJ_NAME_6f4b9b110ae25321,0,0.18833787739276886
schedule,2008-08-01,PRJ_NAME_6facc9e39db504a9,0,0.11190007627010345
schedule,2008-08-01,PRJ_NAME_71bd13e4c33dc0b3,0,0.36240410804748535
schedule,2008-08-01,PRJ_NAME_721a95fbd23ad2c8,0,0.694433867931366
schedule,2008-08-01,PRJ_NAME_735c5b98af1edf1b,0,0.6801703572273254
schedule,2008-08-01,PRJ_NAME_743c1bfad7794140,0,0.26999780535697937
schedule,2008-08-01,PRJ_NAME_74470ac7f7e3099a,0,0.3598686158657074
schedule,2008-08-01,PRJ_NAME_74caabeb39aaa1ff,0,0.036598607897758484
schedule,2008-08-01,PRJ_NAME_75ff742cb738b710,0,0.34407711029052734
schedule,2008-08-01,PRJ_NAME_7612955874fcc5a7,0,0.05697567015886307
schedule,2008-08-01,PRJ_NAME_768d6fbca51319c9,0,0.39547792077064514
schedule,2008-08-01,PRJ_NAME_772f2a39ea9e3ff1,0,0.18085616827011108
schedule,2008-08-01,PRJ_NAME_78580b681d000474,0,0.5969698429107666
schedule,2008-08-01,PRJ_NAME_78af84562e9d8303,0,0.22663068771362305
schedule,2008-08-01,PRJ_NAME_795a352b8cff9c15,0,0.2576104402542114
schedule,2008-08-01,PRJ_NAME_7a44cc6164c2d4fe,0,0.5898541212081909
schedule,2008-08-01,PRJ_NAME_7bb2937937be97a3,0,0.2996317446231842
schedule,2008-08-01,PRJ_NAME_7bde1e0220d753f0,0,0.08408808708190918
schedule,2008-08-01,PRJ_NAME_7bfceb0c80fc4b26,0,0.3368644416332245
schedule,2008-08-01,PRJ_NAME_7cf5e2d74eaa776c,0,0.28622767329216003
schedule,2008-08-01,PRJ_NAME_7e539bee9aabecfc,0,0.29375147819519043
schedule,2008-08-01,PRJ_NAME_7fb8a753afa2d26f,0,0.30208519101142883
schedule,2008-08-01,PRJ_NAME_8109073f8b96ea3d,0,0.05075383558869362
schedule,2008-08-01,PRJ_NAME_821e46b4a362bfa4,0,0.2956985533237457
schedule,2008-08-01,PRJ_NAME_83be953b7310deef,0,0.3465613126754761
schedule,2008-08-01,PRJ_NAME_83c86ef936893030,1,0.5864608287811279
schedule,2008-08-01,PRJ_NAME_85caedccc1ec91d7,0,0.14627999067306519
schedule,2008-08-01,PRJ_NAME_86be163e00974078,0,0.41670703887939453
schedule,2008-08-01,PRJ_NAME_8744504c4c933f39,0,0.455394446849823
schedule,2008-08-01,PRJ_NAME_8749b3c26f418fe8,1,0.5016844272613525
schedule,2008-08-01,PRJ_NAME_88e199e6518abeff,0,0.03724789246916771
schedule,2008-08-01,PRJ_NAME_89388044b4007d2d,0,0.1453053206205368
schedule,2008-08-01,PRJ_NAME_8a468889b5be6da7,0,0.3923296332359314
schedule,2008-08-01,PRJ_NAME_8ab7e877d64c6511,0,0.08148182928562164
schedule,2008-08-01,PRJ_NAME_8ae3819b3f43f81d,0,0.1312575489282608
schedule,2008-08-01,PRJ_NAME_8b8104a26e4c6712,0,0.2686995565891266
schedule,2008-08-01,PRJ_NAME_8bd10b08124a4095,0,0.0840999111533165
schedule,2008-08-01,PRJ_NAME_8be7ca9862134d65,0,0.5639013051986694
schedule,2008-08-01,PRJ_NAME_8c97fd376f152558,0,0.05926275625824928
schedule,2008-08-01,PRJ_NAME_8cbf7fe2db2e06c4,0,0.35434266924858093
schedule,2008-08-01,PRJ_NAME_900650a7b2bd003f,0,0.29010578989982605
schedule,2008-08-01,PRJ_NAME_9124e743c95fcdfd,0,0.21942034363746643
schedule,2008-08-01,PRJ_NAME_91edd123df3b9752,0,0.6947401762008667
schedule,2008-08-01,PRJ_NAME_925c5f5a7937f293,0,0.3771325647830963
schedule,2008-08-01,PRJ_NAME_936a972c38503df1,0,0.5606465339660645
schedule,2008-08-01,PRJ_NAME_94aa47edacafbdc0,0,0.15288275480270386
schedule,2008-08-01,PRJ_NAME_95239e307b9972c8,0,0.26736536622047424
schedule,2008-08-01,PRJ_NAME_958f5742195aba52,0,0.6342618465423584
schedule,2008-08-01,PRJ_NAME_97175a0bf58860dd,0,0.3090331256389618
schedule,2008-08-01,PRJ_NAME_9785a70d227b0561,0,0.24418886005878448
schedule,2008-08-01,PRJ_NAME_97b6f7489a4660c4,0,0.07399162650108337
schedule,2008-08-01,PRJ_NAME_97ed5e02577c1519,1,0.18063321709632874
schedule,2008-08-01,PRJ_NAME_97eebbdb1660a78f,0,0.42864900827407837
schedule,2008-08-01,PRJ_NAME_98df68b03362bd89,0,0.403573602437973
schedule,2008-08-01,PRJ_NAME_994deea3959e14e8,0,0.08895000070333481
schedule,2008-08-01,PRJ_NAME_9c4eb4d2eb8f9719,0,0.34435969591140747
schedule,2008-08-01,PRJ_NAME_9d0e19b63480a819,0,0.16533586382865906
schedule,2008-08-01,PRJ_NAME_9d46629b18b18a13,0,0.19726590812206268
schedule,2008-08-01,PRJ_NAME_9dcbefefed4f1065,0,0.3009040951728821
schedule,2008-08-01,PRJ_NAME_9f96903f754912ec,0,0.25777164101600647
schedule,2008-08-01,PRJ_NAME_a0207614cb0f6796,0,0.21534863114356995
schedule,2008-08-01,PRJ_NAME_a08949c95f5f94e4,0,0.18659405410289764
schedule,2008-08-01,PRJ_NAME_a21ffd430f8ddb3e,0,0.4355633556842804
schedule,2008-08-01,PRJ_NAME_a28726e807976d7c,0,0.06700977683067322
schedule,2008-08-01,PRJ_NAME_a2b6086beac12343,0,0.3758433163166046
schedule,2008-08-01,PRJ_NAME_a335e78099c07d4e,0,0.33290499448776245
schedule,2008-08-01,PRJ_NAME_a3b710cb5e7fd128,1,0.4712211787700653
schedule,2008-08-01,PRJ_NAME_a5facf55cd81ec6a,0,0.33702149987220764
schedule,2008-08-01,PRJ_NAME_a72ff560bd409bf5,0,0.3192734122276306
schedule,2008-08-01,PRJ_NAME_a7570050f89ce915,0,0.37321093678474426
schedule,2008-08-01,PRJ_NAME_a8681fc4ddd077de,0,0.22289972007274628
schedule,2008-08-01,PRJ_NAME_a937cfc9af78ada5,0,0.032024916261434555
schedule,2008-08-01,PRJ_NAME_a9b6a1b29fb44b4d,0,0.04203342646360397
schedule,2008-08-01,PRJ_NAME_aa6d473f6b178563,0,0.1496337205171585
schedule,2008-08-01,PRJ_NAME_aab2ef5b914f61c7,0,0.3952518105506897
schedule,2008-08-01,PRJ_NAME_ab33d551bf7a3428,0,0.10311224311590195
schedule,2008-08-01,PRJ_NAME_abb3e384d5e3e17e,0,0.43053099513053894
schedule,2008-08-01,PRJ_NAME_ad205b50262bd00e,0,0.04315407574176788
schedule,2008-08-01,PRJ_NAME_ad65def7cbb4d220,0,0.3195537030696869
schedule,2008-08-01,PRJ_NAME_ae2b69d71915b759,0,0.13480496406555176
schedule,2008-08-01,PRJ_NAME_ae82fd1ce70d12ac,0,0.294020414352417
schedule,2008-08-01,PRJ_NAME_b0f1e855a7bac204,0,0.20127582550048828
schedule,2008-08-01,PRJ_NAME_b0f97810618292a9,0,0.2713510990142822
schedule,2008-08-01,PRJ_NAME_b1512f76653de237,0,0.4135790765285492
schedule,2008-08-01,PRJ_NAME_b2682182493efe91,0,0.2781330943107605
schedule,2008-08-01,PRJ_NAME_b2c488bd26cca10c,0,0.1782533973455429
schedule,2008-08-01,PRJ_NAME_b2d22b803981eee8,1,0.2827910780906677
schedule,2008-08-01,PRJ_NAME_b6e5fd16af47d146,0,0.3109589219093323
schedule,2008-08-01,PRJ_NAME_b8fbf98a7f8bce67,0,0.13502076268196106
schedule,2008-08-01,PRJ_NAME_bd212f548385f223,0,0.21934857964515686
schedule,2008-08-01,PRJ_NAME_bddbb3270d5e7de5,0,0.35900941491127014
schedule,2008-08-01,PRJ_NAME_be49f9610c811e3b,1,0.7115359902381897
schedule,2008-08-01,PRJ_NAME_be4dd8e59fd70e64,0,0.5173345804214478
schedule,2008-08-01,PRJ_NAME_be77bfadf345a933,0,0.2538309693336487
schedule,2008-08-01,PRJ_NAME_bef6e5f20fc79cc6,1,0.0792170912027359
schedule,2008-08-01,PRJ_NAME_bfd6c00eaa9b89cf,0,0.050990842282772064
schedule,2008-08-01,PRJ_NAME_c075bbb22a928231,0,0.14907965064048767
schedule,2008-08-01,PRJ_NAME_c0956183b9a97e85,0,0.373300164937973
schedule,2008-08-01,PRJ_NAME_c0ac792752076ad2,0,0.3943018913269043
schedule,2008-08-01,PRJ_NAME_c15ce771e3c0f96b,0,0.5992786884307861
schedule,2008-08-01,PRJ_NAME_c212eeea90f56dea,0,0.17665085196495056
schedule,2008-08-01,PRJ_NAME_c275be77f0a071f0,0,0.3849831223487854
schedule,2008-08-01,PRJ_NAME_c3a228e23032a307,0,0.3164120614528656
schedule,2008-08-01,PRJ_NAME_c8104187879f677a,0,0.05609164759516716
schedule,2008-08-01,PRJ_NAME_c8ae5b47197f2cbd,0,0.1913730800151825
schedule,2008-08-01,PRJ_NAME_c94f9460203a93dc,0,0.3420940041542053
schedule,2008-08-01,PRJ_NAME_c978cc150aff8427,0,0.33399733901023865
schedule,2008-08-01,PRJ_NAME_cb75fb87dd34253f,0,0.36413809657096863
schedule,2008-08-01,PRJ_NAME_ccbbbdd77851b17f,0,0.19748307764530182
schedule,2008-08-01,PRJ_NAME_cd3f28bade7cdf3f,0,0.33314967155456543
schedule,2008-08-01,PRJ_NAME_cdcae6a1e043703c,0,0.09678594022989273
schedule,2008-08-01,PRJ_NAME_cde12345f84a4a3f,0,0.33359619975090027
schedule,2008-08-01,PRJ_NAME_ce02d7c9233b7b2b,0,0.27548298239707947
schedule,2008-08-01,PRJ_NAME_ce28e0c01122d9a3,0,0.10727818310260773
schedule,2008-08-01,PRJ_NAME_cf4970472bfe245b,0,0.7229015231132507
schedule,2008-08-01,PRJ_NAME_cfd4b764bee5cea2,0,0.3382898271083832
schedule,2008-08-01,PRJ_NAME_d0770c683a90a62d,0,0.5130923986434937
schedule,2008-08-01,PRJ_NAME_d0878df8cfcdf42f,0,0.05029352754354477
schedule,2008-08-01,PRJ_NAME_d1393c6cc2e166bc,0,0.2368127852678299
schedule,2008-08-01,PRJ_NAME_d13dd04a176c25c0,0,0.260271281003952
schedule,2008-08-01,PRJ_NAME_d18924e42365941a,0,0.2818650007247925
schedule,2008-08-01,PRJ_NAME_d24144e6f0823613,0,0.37958332896232605
schedule,2008-08-01,PRJ_NAME_d3afd09bf7ff8e81,0,0.5076825022697449
schedule,2008-08-01,PRJ_NAME_d445a5d5362052c6,0,0.2641066014766693
schedule,2008-08-01,PRJ_NAME_d451cd9406956965,0,0.3533570170402527
schedule,2008-08-01,PRJ_NAME_d5f128d4a5054966,0,0.2235719859600067
schedule,2008-08-01,PRJ_NAME_d853374d6e3396f9,0,0.2154248207807541
schedule,2008-08-01,PRJ_NAME_d9a2644b07dd9609,0,0.3715243339538574
schedule,2008-08-01,PRJ_NAME_d9abd1f8dd32a440,0,0.13010308146476746
schedule,2008-08-01,PRJ_NAME_da5ec8a0b84f42c9,0,0.09837820380926132
schedule,2008-08-01,PRJ_NAME_da983b82e27b4901,1,0.38778233528137207
schedule,2008-08-01,PRJ_NAME_dab1c247fc9689d6,0,0.2756257653236389
schedule,2008-08-01,PRJ_NAME_dc3bcf024b79a8b1,0,0.5137137770652771
schedule,2008-08-01,PRJ_NAME_dcc1ad452b4d494f,0,0.21825730800628662
schedule,2008-08-01,PRJ_NAME_de0e3def822551a6,0,0.29553672671318054
schedule,2008-08-01,PRJ_NAME_de105ab0c897498e,0,0.3207987844944
schedule,2008-08-01,PRJ_NAME_de4691d50c7854e9,0,0.182120218873024
schedule,2008-08-01,PRJ_NAME_de988147e22ef9e9,0,0.3735503554344177
schedule,2008-08-01,PRJ_NAME_dea5735eb1f597db,0,0.39540982246398926
schedule,2008-08-01,PRJ_NAME_e040a7f92ba61461,0,0.44732218980789185
schedule,2008-08-01,PRJ_NAME_e0674b06e44bd7bf,0,0.3567993640899658
schedule,2008-08-01,PRJ_NAME_e3a8bb2257648c96,0,0.35221418738365173
schedule,2008-08-01,PRJ_NAME_e3b98145bde44d46,0,0.3463059663772583
schedule,2008-08-01,PRJ_NAME_e49f43acc263936a,0,0.11146880686283112
schedule,2008-08-01,PRJ_NAME_e62fcb5fa64380ee,1,0.4871348440647125
schedule,2008-08-01,PRJ_NAME_e633f015dd0714c6,0,0.2576178014278412
schedule,2008-08-01,PRJ_NAME_e703030c25d32ad8,0,0.42471104860305786
schedule,2008-08-01,PRJ_NAME_e7d78ebc7862a984,0,0.6720327138900757
schedule,2008-08-01,PRJ_NAME_e84f668cb9ad9062,0,0.3542456030845642
schedule,2008-08-01,PRJ_NAME_e86ebf75d270663b,0,0.4176132082939148
schedule,2008-08-01,PRJ_NAME_e8dc1ea5468f8536,0,0.6241707801818848
schedule,2008-08-01,PRJ_NAME_e96e2471ac2f3b45,0,0.22315049171447754
schedule,2008-08-01,PRJ_NAME_e9b6b723340d4c91,0,0.11770356446504593
schedule,2008-08-01,PRJ_NAME_e9fe972727df6e0b,0,0.40511226654052734
schedule,2008-08-01,PRJ_NAME_ea175320bc252402,0,0.3889618515968323
schedule,2008-08-01,PRJ_NAME_ea1e86cb1e4986d2,0,0.1752026230096817
schedule,2008-08-01,PRJ_NAME_ec1e093fd79e2785,0,0.21248282492160797
schedule,2008-08-01,PRJ_NAME_ed6774d8331350b8,0,0.11057524383068085
schedule,2008-08-01,PRJ_NAME_ee3707ee0a1cef17,0,0.2621563673019409
schedule,2008-08-01,PRJ_NAME_efcf5742fcf89d7b,0,0.14392106235027313
schedule,2008-08-01,PRJ_NAME_f024d0aab05e20d7,0,0.15113545954227448
schedule,2008-08-01,PRJ_NAME_f1300fa6308aca5a,0,0.19708089530467987
schedule,2008-08-01,PRJ_NAME_f36c1b98ac886591,0,0.28161272406578064
schedule,2008-08-01,PRJ_NAME_f786e2a7af40255c,0,0.4597107172012329
schedule,2008-08-01,PRJ_NAME_f7cb4c9f965f09d3,0,0.4371000826358795
schedule,2008-08-01,PRJ_NAME_f84ae1a96a985b34,1,0.49775126576423645
schedule,2008-08-01,PRJ_NAME_f879b222d9328370,0,0.23872169852256775
schedule,2008-08-01,PRJ_NAME_f8eaa312aa060cb3,0,0.24777694046497345
schedule,2008-08-01,PRJ_NAME_fb19344c6251c9fb,0,0.32920899987220764
schedule,2008-08-01,PRJ_NAME_fbf574116d1dd49f,0,0.39547792077064514
schedule,2008-08-01,PRJ_NAME_fc292aca755942af,0,0.11046581715345383
schedule,2008-08-01,PRJ_NAME_fd8d3d06b187c533,0,0.2825999855995178
schedule,2008-08-01,PRJ_NAME_fe67148516aa3153,0,0.206716850399971
schedule,2008-08-01,PRJ_NAME_ff0d002a5fc980a2,1,0.6616418957710266
schedule,2008-08-01,PRJ_NAME_ffd0b9ce6984e556,0,0.29889005422592163
schedule,2008-09-01,PRJ_CODE_020100040,0,0.40752968192100525
schedule,2008-09-01,PRJ_CODE_020100044,0,0.28160181641578674
schedule,2008-09-01,PRJ_CODE_060100087,0,0.38015276193618774
schedule,2008-09-01,PRJ_CODE_060100088,0,0.3676379323005676
schedule,2008-09-01,PRJ_CODE_060100090,0,0.24130405485630035
schedule,2008-09-01,PRJ_CODE_060100092,0,0.10165944695472717
schedule,2008-09-01,PRJ_CODE_060100094,0,0.1042211651802063
schedule,2008-09-01,PRJ_CODE_100100054,0,0.6865976452827454
schedule,2008-09-01,PRJ_CODE_120100067,1,0.37978535890579224
schedule,2008-09-01,PRJ_CODE_160100168,1,0.6183158755302429
schedule,2008-09-01,PRJ_CODE_160100236,0,0.49814745783805847
schedule,2008-09-01,PRJ_CODE_160100289,0,0.1797284185886383
schedule,2008-09-01,PRJ_CODE_160100292,0,0.174601212143898
schedule,2008-09-01,PRJ_CODE_180100246,0,0.20515531301498413
schedule,2008-09-01,PRJ_CODE_180100247,0,0.36138537526130676
schedule,2008-09-01,PRJ_CODE_180100251,1,0.10797381401062012
schedule,2008-09-01,PRJ_CODE_180100253,0,0.15710444748401642
schedule,2008-09-01,PRJ_CODE_180100256,0,0.2356826215982437
schedule,2008-09-01,PRJ_CODE_180100260,0,0.25475648045539856
schedule,2008-09-01,PRJ_CODE_180100261,0,0.12383896857500076
schedule,2008-09-01,PRJ_CODE_220100159,0,0.633486270904541
schedule,2008-09-01,PRJ_CODE_220100226,0,0.054825250059366226
schedule,2008-09-01,PRJ_CODE_220100266,0,0.3105660378932953
schedule,2008-09-01,PRJ_CODE_220100268,0,0.2322641909122467
schedule,2008-09-01,PRJ_CODE_220100279,0,0.10877590626478195
schedule,2008-09-01,PRJ_CODE_220100288,0,0.14953741431236267
schedule,2008-09-01,PRJ_CODE_220100307,0,0.3372599184513092
schedule,2008-09-01,PRJ_CODE_220100308,0,0.12864187359809875
schedule,2008-09-01,PRJ_CODE_220100318,0,0.161684051156044
schedule,2008-09-01,PRJ_CODE_220100322,1,0.22232866287231445
schedule,2008-09-01,PRJ_CODE_240101134,0,0.27976930141448975
schedule,2008-09-01,PRJ_CODE_250100174,0,0.3539600372314453
schedule,2008-09-01,PRJ_CODE_260100100,0,0.16415363550186157
schedule,2008-09-01,PRJ_CODE_N04000016,0,0.2493949830532074
schedule,2008-09-01,PRJ_CODE_N06000007,0,0.15232360363006592
schedule,2008-09-01,PRJ_CODE_N06000009,0,0.10622996091842651
schedule,2008-09-01,PRJ_CODE_N06000015,0,0.06044522672891617
schedule,2008-09-01,PRJ_CODE_N06000016,0,0.026532428339123726
schedule,2008-09-01,PRJ_CODE_N06000020,0,0.13011756539344788
schedule,2008-09-01,PRJ_CODE_N06000030,0,0.05089547112584114
schedule,2008-09-01,PRJ_CODE_N06000033,0,0.05716877803206444
schedule,2008-09-01,PRJ_CODE_N06000034,0,0.036034055054187775
schedule,2008-09-01,PRJ_CODE_N06000035,0,0.06599055975675583
schedule,2008-09-01,PRJ_CODE_N06000042,0,0.03808856010437012
schedule,2008-09-01,PRJ_CODE_N06000043,0,0.041569020599126816
schedule,2008-09-01,PRJ_CODE_N06000044,0,0.36221691966056824
schedule,2008-09-01,PRJ_CODE_N12000022,1,0.4784660339355469
schedule,2008-09-01,PRJ_CODE_N12000024,0,0.13659267127513885
schedule,2008-09-01,PRJ_CODE_N12000033,0,0.11092915385961533
schedule,2008-09-01,PRJ_CODE_N12000036,0,0.360841304063797
schedule,2008-09-01,PRJ_CODE_N12000037,0,0.28704026341438293
schedule,2008-09-01,PRJ_CODE_N12000038,0,0.06514599919319153
schedule,2008-09-01,PRJ_CODE_N12000039,0,0.1653125286102295
schedule,2008-09-01,PRJ_CODE_N12000050,0,0.2122480869293213
schedule,2008-09-01,PRJ_CODE_N12000051,0,0.10355702042579651
schedule,2008-09-01,PRJ_CODE_N12000052,0,0.08503365516662598
schedule,2008-09-01,PRJ_CODE_N12000053,1,0.1093255952000618
schedule,2008-09-01,PRJ_CODE_N16000017,0,0.2670286297798157
schedule,2008-09-01,PRJ_CODE_N16000021,0,0.1820140928030014
schedule,2008-09-01,PRJ_CODE_N16000023,0,0.6529654264450073
schedule,2008-09-01,PRJ_CODE_N16000028,0,0.20336389541625977
schedule,2008-09-01,PRJ_CODE_N16000029,1,0.36622387170791626
schedule,2008-09-01,PRJ_CODE_N16000030,0,0.16748884320259094
schedule,2008-09-01,PRJ_CODE_N16000032,1,0.4691389501094818
schedule,2008-09-01,PRJ_CODE_N16000033,0,0.270376056432724
schedule,2008-09-01,PRJ_CODE_N16000034,0,0.102179154753685
schedule,2008-09-01,PRJ_CODE_N16000035,0,0.1625775247812271
schedule,2008-09-01,PRJ_CODE_N16000036,0,0.1002054512500763
schedule,2008-09-01,PRJ_CODE_N16000037,0,0.2441997230052948
schedule,2008-09-01,PRJ_CODE_N16000038,0,0.1522098034620285
schedule,2008-09-01,PRJ_CODE_N16000041,0,0.28091442584991455
schedule,2008-09-01,PRJ_CODE_N16000044,0,0.1207568421959877
schedule,2008-09-01,PRJ_CODE_N16000045,0,0.41921040415763855
schedule,2008-09-01,PRJ_CODE_N16000046,0,0.19023843109607697
schedule,2008-09-01,PRJ_CODE_N18000026,0,0.350768119096756
schedule,2008-09-01,PRJ_CODE_N18000033,0,0.051133472472429276
schedule,2008-09-01,PRJ_CODE_N18000035,0,0.048077505081892014
schedule,2008-09-01,PRJ_CODE_N18000036,0,0.03758515417575836
schedule,2008-09-01,PRJ_CODE_N18000039,0,0.1516193449497223
schedule,2008-09-01,PRJ_CODE_N22000027,1,0.24849821627140045
schedule,2008-09-01,PRJ_CODE_N22000034,0,0.2336929887533188
schedule,2008-09-01,PRJ_CODE_N22000055,0,0.19969969987869263
schedule,2008-09-01,PRJ_CODE_N24000087,0,0.09546403586864471
schedule,2008-09-01,PRJ_CODE_N24000096,0,0.3096926510334015
schedule,2008-09-01,PRJ_CODE_N24000103,0,0.06072673946619034
schedule,2008-09-01,PRJ_CODE_N24000109,0,0.1719319373369217
schedule,2008-09-01,PRJ_CODE_N24000110,0,0.0805717334151268
schedule,2008-09-01,PRJ_CODE_N25000004,0,0.42495155334472656
schedule,2008-09-01,PRJ_CODE_N26000037,1,0.41765785217285156
schedule,2008-09-01,PRJ_NAME_0004dd678c080a80,0,0.7350366711616516
schedule,2008-09-01,PRJ_NAME_0031246cd244a107,0,0.529154360294342
schedule,2008-09-01,PRJ_NAME_0080b6343e871911,0,0.23054777085781097
schedule,2008-09-01,PRJ_NAME_0148b634ed94a52c,0,0.32617175579071045
schedule,2008-09-01,PRJ_NAME_01bb36be5d780c42,0,0.105283722281456
schedule,2008-09-01,PRJ_NAME_02be49f1af33ce10,0,0.32395094633102417
schedule,2008-09-01,PRJ_NAME_031f72994d7dbd7f,0,0.22155500948429108
schedule,2008-09-01,PRJ_NAME_03fc8a15c949f80a,1,0.6569576263427734
schedule,2008-09-01,PRJ_NAME_044dbb0c74dbcd66,0,0.06375511735677719
schedule,2008-09-01,PRJ_NAME_071db90b2561c624,0,0.24832972884178162
schedule,2008-09-01,PRJ_NAME_0a18cd83977c373e,0,0.16099976003170013
schedule,2008-09-01,PRJ_NAME_0dd322c3813d6c3a,0,0.1339421570301056
schedule,2008-09-01,PRJ_NAME_0e0827a3d2085f94,0,0.7686648368835449
schedule,2008-09-01,PRJ_NAME_0ec1934275e95d63,0,0.1908816546201706
schedule,2008-09-01,PRJ_NAME_0f4455ed3998e6d8,0,0.24127241969108582
schedule,2008-09-01,PRJ_NAME_130bfc84c71ef7a2,0,0.5404091477394104
schedule,2008-09-01,PRJ_NAME_13465e4124695478,1,0.4930020868778229
schedule,2008-09-01,PRJ_NAME_151f0102951fa3de,0,0.5575893521308899
schedule,2008-09-01,PRJ_NAME_15cd63e22af90526,0,0.46366187930107117
schedule,2008-09-01,PRJ_NAME_18355a12f68700aa,0,0.36256861686706543
schedule,2008-09-01,PRJ_NAME_189fb3bd8293c6c1,0,0.045575227588415146
schedule,2008-09-01,PRJ_NAME_1a4227e46a37a193,0,0.05458168312907219
schedule,2008-09-01,PRJ_NAME_1a738808aaf509c4,0,0.1681196391582489
schedule,2008-09-01,PRJ_NAME_1c3ea68b71060199,0,0.3233281672000885
schedule,2008-09-01,PRJ_NAME_1d6e960595541c80,1,0.25209787487983704
schedule,2008-09-01,PRJ_NAME_1d75640bb5ed8b95,0,0.03940589725971222
schedule,2008-09-01,PRJ_NAME_1ed2a789eb6cab62,0,0.2367757260799408
schedule,2008-09-01,PRJ_NAME_1eff8ca7a4b96f50,0,0.34532153606414795
schedule,2008-09-01,PRJ_NAME_1fe91dd7c69d415d,0,0.15922075510025024
schedule,2008-09-01,PRJ_NAME_219f957bece70358,0,0.0823950320482254
schedule,2008-09-01,PRJ_NAME_2243214254bdc3b6,0,0.15911750495433807
schedule,2008-09-01,PRJ_NAME_2275db3ebed6c33b,0,0.3791828751564026
schedule,2008-09-01,PRJ_NAME_27099fbe520779e7,0,0.14857721328735352
schedule,2008-09-01,PRJ_NAME_2830efaac9bd3ae1,0,0.16740700602531433
schedule,2008-09-01,PRJ_NAME_29e7d6d952afc28a,0,0.04155448079109192
schedule,2008-09-01,PRJ_NAME_2a4e6f9884ad87a6,0,0.3143751323223114
schedule,2008-09-01,PRJ_NAME_2bded97125d928ff,0,0.041344281286001205
schedule,2008-09-01,PRJ_NAME_2e6914f23cf6d06e,0,0.19937050342559814
schedule,2008-09-01,PRJ_NAME_2fb8d63d94a43eca,0,0.36893272399902344
schedule,2008-09-01,PRJ_NAME_2fd8e3aeea321592,0,0.2180054634809494
schedule,2008-09-01,PRJ_NAME_3026e066ea75e57c,0,0.47930771112442017
schedule,2008-09-01,PRJ_NAME_30780904c0601eb4,0,0.23184596002101898
schedule,2008-09-01,PRJ_NAME_31f55c4357305603,0,0.353536456823349
schedule,2008-09-01,PRJ_NAME_32749c7fa900410a,0,0.3787773847579956
schedule,2008-09-01,PRJ_NAME_3369f7d5b43fa7d2,1,0.3859071135520935
schedule,2008-09-01,PRJ_NAME_33fb60b87eb8ff9e,0,0.20729823410511017
schedule,2008-09-01,PRJ_NAME_3460f446ce2781c4,0,0.3452514410018921
schedule,2008-09-01,PRJ_NAME_382fe282c2919f7f,0,0.20647238194942474
schedule,2008-09-01,PRJ_NAME_383758ca2b9df234,0,0.2578164339065552
schedule,2008-09-01,PRJ_NAME_38f3fdbcd5c58828,0,0.23229892551898956
schedule,2008-09-01,PRJ_NAME_39ac99e72e901243,0,0.048267967998981476
schedule,2008-09-01,PRJ_NAME_3a1db8515fcdf4a5,0,0.09300075471401215
schedule,2008-09-01,PRJ_NAME_3ba42102e7a1cb94,0,0.38696902990341187
schedule,2008-09-01,PRJ_NAME_3cc205715abfbbda,0,0.26228415966033936
schedule,2008-09-01,PRJ_NAME_3d1869707f6f1703,0,0.31345805525779724
schedule,2008-09-01,PRJ_NAME_3d39735915bca559,0,0.3134404718875885
schedule,2008-09-01,PRJ_NAME_3d531f7ee886ec3a,0,0.3231969475746155
schedule,2008-09-01,PRJ_NAME_3d7a66144aa6ea1b,0,0.413882315158844
schedule,2008-09-01,PRJ_NAME_3f7caf599973bbc3,0,0.25769391655921936
schedule,2008-09-01,PRJ_NAME_3f9e1ffde78880a6,0,0.2837165594100952
schedule,2008-09-01,PRJ_NAME_405a3d72722128e9,0,0.1188497468829155
schedule,2008-09-01,PRJ_NAME_428198aba8296f85,1,0.40566354990005493
schedule,2008-09-01,PRJ_NAME_42d1d873ef0ba864,0,0.4978999197483063
schedule,2008-09-01,PRJ_NAME_42df200967d78962,1,0.248748317360878
schedule,2008-09-01,PRJ_NAME_42ecbefa35d1eb4b,1,0.3946465253829956
schedule,2008-09-01,PRJ_NAME_448ec218fa67b81f,0,0.2700353264808655
schedule,2008-09-01,PRJ_NAME_44d305a8cb81d205,0,0.009030523709952831
schedule,2008-09-01,PRJ_NAME_4521219d33d32e33,0,0.25353002548217773
schedule,2008-09-01,PRJ_NAME_458348a7c75128e0,0,0.5151357054710388
schedule,2008-09-01,PRJ_NAME_46256f5cb11ca220,0,0.4768756926059723
schedule,2008-09-01,PRJ_NAME_46d479c07936c43a,0,0.3338977098464966
schedule,2008-09-01,PRJ_NAME_4710ccee6d034b35,0,0.3045731782913208
schedule,2008-09-01,PRJ_NAME_47651aa52c29c512,0,0.39665690064430237
schedule,2008-09-01,PRJ_NAME_47663b2f2e2c7deb,0,0.6960381865501404
schedule,2008-09-01,PRJ_NAME_480f705f44b440b1,0,0.25509414076805115
schedule,2008-09-01,PRJ_NAME_4b086c663a448f74,1,0.27188587188720703
schedule,2008-09-01,PRJ_NAME_4b3560cba1158b55,0,0.19891221821308136
schedule,2008-09-01,PRJ_NAME_4b9dfeb9724480fe,0,0.272984117269516
schedule,2008-09-01,PRJ_NAME_4ca147295712f33c,0,0.168267160654068
schedule,2008-09-01,PRJ_NAME_4cd1f113423267dd,1,0.549940824508667
schedule,2008-09-01,PRJ_NAME_4f7411701eb10f66,0,0.3199971616268158
schedule,2008-09-01,PRJ_NAME_50522850afa1dc91,0,0.27673763036727905
schedule,2008-09-01,PRJ_NAME_50c6884ee2f6ca3b,0,0.29786574840545654
schedule,2008-09-01,PRJ_NAME_51dff49a23022387,0,0.1416226029396057
schedule,2008-09-01,PRJ_NAME_52b5fa3569bf9d1f,0,0.4294338822364807
schedule,2008-09-01,PRJ_NAME_5463349fa50ea5f1,0,0.0963713526725769
schedule,2008-09-01,PRJ_NAME_56456c324dd9b83d,0,0.23916590213775635
schedule,2008-09-01,PRJ_NAME_57b41f1ef050cc39,0,0.2650050222873688
schedule,2008-09-01,PRJ_NAME_585544165e75cdb6,0,0.1368255615234375
schedule,2008-09-01,PRJ_NAME_585df2f330882dc3,0,0.3205586075782776
schedule,2008-09-01,PRJ_NAME_593ebae864c1a900,0,0.09929010272026062
schedule,2008-09-01,PRJ_NAME_59e0ef4cf8960ef7,0,0.10224735736846924
schedule,2008-09-01,PRJ_NAME_5aea56bbcfb9dfc0,0,0.16280792653560638
schedule,2008-09-01,PRJ_NAME_5b00690c13f8e548,0,0.5448370575904846
schedule,2008-09-01,PRJ_NAME_5d3b41b164c7b99a,0,0.6656144857406616
schedule,2008-09-01,PRJ_NAME_5f1025f701729210,0,0.4798259437084198
schedule,2008-09-01,PRJ_NAME_606504db777b5bce,0,0.1834166795015335
schedule,2008-09-01,PRJ_NAME_61d3483ad862194a,0,0.040023330599069595
schedule,2008-09-01,PRJ_NAME_636065c530891da0,0,0.14451172947883606
schedule,2008-09-01,PRJ_NAME_63aaf0b2d67fcc98,0,0.2078237533569336
schedule,2008-09-01,PRJ_NAME_6459d263f5d64b3a,0,0.19355127215385437
schedule,2008-09-01,PRJ_NAME_646374cb7bb8cf53,0,0.12137723714113235
schedule,2008-09-01,PRJ_NAME_664064542365971b,1,0.3891775906085968
schedule,2008-09-01,PRJ_NAME_668ca797d8e9b02c,0,0.15210197865962982
schedule,2008-09-01,PRJ_NAME_67185f73cdc3ce1a,0,0.03915543854236603
schedule,2008-09-01,PRJ_NAME_67409bba76046d57,0,0.2698669135570526
schedule,2008-09-01,PRJ_NAME_67cd9c954d2467cd,1,0.7971112728118896
schedule,2008-09-01,PRJ_NAME_6ba01d6d5eebf7b1,0,0.4016777575016022
schedule,2008-09-01,PRJ_NAME_6c09acb5a4f410b0,0,0.6304460167884827
schedule,2008-09-01,PRJ_NAME_6c264260913ce831,0,0.38985034823417664
schedule,2008-09-01,PRJ_NAME_6f4b9b110ae25321,0,0.21677331626415253
schedule,2008-09-01,PRJ_NAME_6facc9e39db504a9,0,0.17253577709197998
schedule,2008-09-01,PRJ_NAME_71bd13e4c33dc0b3,0,0.2717794179916382
schedule,2008-09-01,PRJ_NAME_721a95fbd23ad2c8,0,0.7833656668663025
schedule,2008-09-01,PRJ_NAME_735c5b98af1edf1b,0,0.7697122097015381
schedule,2008-09-01,PRJ_NAME_743c1bfad7794140,1,0.3619522750377655
schedule,2008-09-01,PRJ_NAME_74470ac7f7e3099a,0,0.26613685488700867
schedule,2008-09-01,PRJ_NAME_74caabeb39aaa1ff,0,0.036508556455373764
schedule,2008-09-01,PRJ_NAME_75ff742cb738b710,0,0.42602452635765076
schedule,2008-09-01,PRJ_NAME_7612955874fcc5a7,0,0.0824611559510231
schedule,2008-09-01,PRJ_NAME_768d6fbca51319c9,0,0.3817947804927826
schedule,2008-09-01,PRJ_NAME_772f2a39ea9e3ff1,0,0.19471287727355957
schedule,2008-09-01,PRJ_NAME_78580b681d000474,0,0.45614564418792725
schedule,2008-09-01,PRJ_NAME_78af84562e9d8303,0,0.1980186104774475
schedule,2008-09-01,PRJ_NAME_795a352b8cff9c15,1,0.360012412071228
schedule,2008-09-01,PRJ_NAME_7a44cc6164c2d4fe,0,0.6819127798080444
schedule,2008-09-01,PRJ_NAME_7bb2937937be97a3,0,0.5050668716430664
schedule,2008-09-01,PRJ_NAME_7bde1e0220d753f0,0,0.11583935469388962
schedule,2008-09-01,PRJ_NAME_7bfceb0c80fc4b26,0,0.27053558826446533
schedule,2008-09-01,PRJ_NAME_7cf5e2d74eaa776c,0,0.24856790900230408
schedule,2008-09-01,PRJ_NAME_7e539bee9aabecfc,0,0.4454437792301178
schedule,2008-09-01,PRJ_NAME_7fb8a753afa2d26f,0,0.22250057756900787
schedule,2008-09-01,PRJ_NAME_8109073f8b96ea3d,0,0.05943458154797554
schedule,2008-09-01,PRJ_NAME_821e46b4a362bfa4,0,0.22299885749816895
schedule,2008-09-01,PRJ_NAME_83be953b7310deef,1,0.4675823450088501
schedule,2008-09-01,PRJ_NAME_83c86ef936893030,0,0.12969917058944702
schedule,2008-09-01,PRJ_NAME_85caedccc1ec91d7,1,0.08124112337827682
schedule,2008-09-01,PRJ_NAME_86be163e00974078,0,0.49917036294937134
schedule,2008-09-01,PRJ_NAME_8744504c4c933f39,0,0.43512171506881714
schedule,2008-09-01,PRJ_NAME_8749b3c26f418fe8,0,0.5463714003562927
schedule,2008-09-01,PRJ_NAME_88e199e6518abeff,0,0.05298677086830139
schedule,2008-09-01,PRJ_NAME_89388044b4007d2d,0,0.2029000073671341
schedule,2008-09-01,PRJ_NAME_8a468889b5be6da7,0,0.3738655149936676
schedule,2008-09-01,PRJ_NAME_8ab7e877d64c6511,0,0.08735601603984833
schedule,2008-09-01,PRJ_NAME_8ae3819b3f43f81d,0,0.1415800303220749
schedule,2008-09-01,PRJ_NAME_8b8104a26e4c6712,0,0.28391650319099426
schedule,2008-09-01,PRJ_NAME_8bd10b08124a4095,0,0.09981168806552887
schedule,2008-09-01,PRJ_NAME_8be7ca9862134d65,0,0.5806518197059631
schedule,2008-09-01,PRJ_NAME_8c97fd376f152558,0,0.0976482555270195
schedule,2008-09-01,PRJ_NAME_8cbf7fe2db2e06c4,0,0.322060227394104
schedule,2008-09-01,PRJ_NAME_900650a7b2bd003f,0,0.2822750210762024
schedule,2008-09-01,PRJ_NAME_9124e743c95fcdfd,0,0.2585791051387787
schedule,2008-09-01,PRJ_NAME_925c5f5a7937f293,0,0.536196768283844
schedule,2008-09-01,PRJ_NAME_936a972c38503df1,1,0.48331591486930847
schedule,2008-09-01,PRJ_NAME_94aa47edacafbdc0,0,0.14947454631328583
schedule,2008-09-01,PRJ_NAME_95239e307b9972c8,0,0.2238016128540039
schedule,2008-09-01,PRJ_NAME_958f5742195aba52,1,0.706009566783905
schedule,2008-09-01,PRJ_NAME_97175a0bf58860dd,1,0.32418522238731384
schedule,2008-09-01,PRJ_NAME_9785a70d227b0561,0,0.2608625590801239
schedule,2008-09-01,PRJ_NAME_97b6f7489a4660c4,0,0.0881412997841835
schedule,2008-09-01,PRJ_NAME_97ed5e02577c1519,1,0.21584215760231018
schedule,2008-09-01,PRJ_NAME_97eebbdb1660a78f,0,0.4074522852897644
schedule,2008-09-01,PRJ_NAME_98df68b03362bd89,0,0.34539246559143066
schedule,2008-09-01,PRJ_NAME_994deea3959e14e8,0,0.12808603048324585
schedule,2008-09-01,PRJ_NAME_9d0e19b63480a819,0,0.205586776137352
schedule,2008-09-01,PRJ_NAME_9d46629b18b18a13,1,0.2776193618774414
schedule,2008-09-01,PRJ_NAME_9dcbefefed4f1065,1,0.4460941553115845
schedule,2008-09-01,PRJ_NAME_9f96903f754912ec,0,0.2603185772895813
schedule,2008-09-01,PRJ_NAME_a0207614cb0f6796,0,0.28435710072517395
schedule,2008-09-01,PRJ_NAME_a08949c95f5f94e4,0,0.21206215023994446
schedule,2008-09-01,PRJ_NAME_a21ffd430f8ddb3e,0,0.41140228509902954
schedule,2008-09-01,PRJ_NAME_a28726e807976d7c,0,0.04360201954841614
schedule,2008-09-01,PRJ_NAME_a2b6086beac12343,0,0.346553772687912
schedule,2008-09-01,PRJ_NAME_a335e78099c07d4e,0,0.3412279188632965
schedule,2008-09-01,PRJ_NAME_a3b710cb5e7fd128,0,0.32376378774642944
schedule,2008-09-01,PRJ_NAME_a5facf55cd81ec6a,0,0.2832685708999634
schedule,2008-09-01,PRJ_NAME_a724bba1d815e2ed,0,0.4022720456123352
schedule,2008-09-01,PRJ_NAME_a72ff560bd409bf5,0,0.3165726661682129
schedule,2008-09-01,PRJ_NAME_a8681fc4ddd077de,0,0.18150979280471802
schedule,2008-09-01,PRJ_NAME_a937cfc9af78ada5,0,0.05520517751574516
schedule,2008-09-01,PRJ_NAME_a9b6a1b29fb44b4d,0,0.05737008526921272
schedule,2008-09-01,PRJ_NAME_aa6d473f6b178563,0,0.21048234403133392
schedule,2008-09-01,PRJ_NAME_aab2ef5b914f61c7,0,0.3519091010093689
schedule,2008-09-01,PRJ_NAME_ab33d551bf7a3428,0,0.1315557360649109
schedule,2008-09-01,PRJ_NAME_abb3e384d5e3e17e,0,0.4172891080379486
schedule,2008-09-01,PRJ_NAME_ad205b50262bd00e,0,0.06463399529457092
schedule,2008-09-01,PRJ_NAME_ad65def7cbb4d220,0,0.32421889901161194
schedule,2008-09-01,PRJ_NAME_ae2b69d71915b759,0,0.1217089295387268
schedule,2008-09-01,PRJ_NAME_ae82fd1ce70d12ac,0,0.3274395763874054
schedule,2008-09-01,PRJ_NAME_af0c9f115b647286,0,0.30046868324279785
schedule,2008-09-01,PRJ_NAME_b0f1e855a7bac204,0,0.25449517369270325
schedule,2008-09-01,PRJ_NAME_b0f97810618292a9,0,0.26357200741767883
schedule,2008-09-01,PRJ_NAME_b1512f76653de237,1,0.4216561019420624
schedule,2008-09-01,PRJ_NAME_b2682182493efe91,0,0.27075937390327454
schedule,2008-09-01,PRJ_NAME_b2c488bd26cca10c,0,0.16458845138549805
schedule,2008-09-01,PRJ_NAME_b2d22b803981eee8,1,0.3936350643634796
schedule,2008-09-01,PRJ_NAME_b6e5fd16af47d146,0,0.2817575931549072
schedule,2008-09-01,PRJ_NAME_b8fbf98a7f8bce67,0,0.16756242513656616
schedule,2008-09-01,PRJ_NAME_bd212f548385f223,0,0.24094080924987793
schedule,2008-09-01,PRJ_NAME_bddbb3270d5e7de5,0,0.34650561213493347
schedule,2008-09-01,PRJ_NAME_be49f9610c811e3b,0,0.189345583319664
schedule,2008-09-01,PRJ_NAME_be4dd8e59fd70e64,1,0.6392999887466431
schedule,2008-09-01,PRJ_NAME_be77bfadf345a933,0,0.2349148392677307
schedule,2008-09-01,PRJ_NAME_bef6e5f20fc79cc6,1,0.11551730334758759
schedule,2008-09-01,PRJ_NAME_bfd6c00eaa9b89cf,0,0.06613776832818985
schedule,2008-09-01,PRJ_NAME_c075bbb22a928231,0,0.23249125480651855
schedule,2008-09-01,PRJ_NAME_c0956183b9a97e85,0,0.47731614112854004
schedule,2008-09-01,PRJ_NAME_c0ac792752076ad2,0,0.39060652256011963
schedule,2008-09-01,PRJ_NAME_c15ce771e3c0f96b,0,0.5709280967712402
schedule,2008-09-01,PRJ_NAME_c1aba92cd17a7067,0,0.7094689011573792
schedule,2008-09-01,PRJ_NAME_c212eeea90f56dea,0,0.19478945434093475
schedule,2008-09-01,PRJ_NAME_c275be77f0a071f0,0,0.36535242199897766
schedule,2008-09-01,PRJ_NAME_c399c0f2dacb2ee4,1,0.4184163808822632
schedule,2008-09-01,PRJ_NAME_c8104187879f677a,0,0.06123434752225876
schedule,2008-09-01,PRJ_NAME_c8ae5b47197f2cbd,0,0.12938612699508667
schedule,2008-09-01,PRJ_NAME_c94f9460203a93dc,0,0.31913283467292786
schedule,2008-09-01,PRJ_NAME_c978cc150aff8427,0,0.3080378472805023
schedule,2008-09-01,PRJ_NAME_cb75fb87dd34253f,1,0.473558247089386
schedule,2008-09-01,PRJ_NAME_ccbbbdd77851b17f,0,0.18175195157527924
schedule,2008-09-01,PRJ_NAME_cd3f28bade7cdf3f,0,0.3566671311855316
schedule,2008-09-01,PRJ_NAME_cd9457461186cc7f,0,0.320543110370636
schedule,2008-09-01,PRJ_NAME_cdcae6a1e043703c,0,0.08520878106355667
schedule,2008-09-01,PRJ_NAME_cde12345f84a4a3f,0,0.31575968861579895
schedule,2008-09-01,PRJ_NAME_ce02d7c9233b7b2b,0,0.1706225425004959
schedule,2008-09-01,PRJ_NAME_ce28e0c01122d9a3,0,0.08373697847127914
schedule,2008-09-01,PRJ_NAME_cfd4b764bee5cea2,0,0.35847049951553345
schedule,2008-09-01,PRJ_NAME_d0770c683a90a62d,0,0.564598023891449
schedule,2008-09-01,PRJ_NAME_d0878df8cfcdf42f,0,0.07159069180488586
schedule,2008-09-01,PRJ_NAME_d1393c6cc2e166bc,0,0.18804065883159637
schedule,2008-09-01,PRJ_NAME_d13dd04a176c25c0,0,0.21965330839157104
schedule,2008-09-01,PRJ_NAME_d18924e42365941a,0,0.2474653124809265
schedule,2008-09-01,PRJ_NAME_d24144e6f0823613,0,0.30455026030540466
schedule,2008-09-01,PRJ_NAME_d3afd09bf7ff8e81,0,0.5774142146110535
schedule,2008-09-01,PRJ_NAME_d445a5d5362052c6,0,0.22590582072734833
schedule,2008-09-01,PRJ_NAME_d451cd9406956965,0,0.34275051951408386
schedule,2008-09-01,PRJ_NAME_d4f1b277d89fa84d,0,0.17997410893440247
schedule,2008-09-01,PRJ_NAME_d5f128d4a5054966,0,0.22411729395389557
schedule,2008-09-01,PRJ_NAME_d853374d6e3396f9,0,0.2484082132577896
schedule,2008-09-01,PRJ_NAME_d9a2644b07dd9609,0,0.3364098370075226
schedule,2008-09-01,PRJ_NAME_d9abd1f8dd32a440,0,0.2337874323129654
schedule,2008-09-01,PRJ_NAME_da2989779a8ff72c,0,0.24684393405914307
schedule,2008-09-01,PRJ_NAME_da5ec8a0b84f42c9,0,0.10642518103122711
schedule,2008-09-01,PRJ_NAME_da983b82e27b4901,0,0.293947696685791
schedule,2008-09-01,PRJ_NAME_dab1c247fc9689d6,0,0.36576929688453674
schedule,2008-09-01,PRJ_NAME_dc3bcf024b79a8b1,0,0.6341368556022644
schedule,2008-09-01,PRJ_NAME_dcc1ad452b4d494f,0,0.19877126812934875
schedule,2008-09-01,PRJ_NAME_de0e3def822551a6,0,0.3093099296092987
schedule,2008-09-01,PRJ_NAME_de105ab0c897498e,0,0.5793126225471497
schedule,2008-09-01,PRJ_NAME_de4691d50c7854e9,0,0.27031639218330383
schedule,2008-09-01,PRJ_NAME_de988147e22ef9e9,0,0.3517483174800873
schedule,2008-09-01,PRJ_NAME_dea5735eb1f597db,0,0.34058475494384766
schedule,2008-09-01,PRJ_NAME_e040a7f92ba61461,0,0.5661292672157288
schedule,2008-09-01,PRJ_NAME_e0674b06e44bd7bf,0,0.49505460262298584
schedule,2008-09-01,PRJ_NAME_e3a8bb2257648c96,0,0.4798259437084198
schedule,2008-09-01,PRJ_NAME_e3b98145bde44d46,0,0.31253692507743835
schedule,2008-09-01,PRJ_NAME_e49f43acc263936a,0,0.10608711838722229
schedule,2008-09-01,PRJ_NAME_e62fcb5fa64380ee,1,0.7138180732727051
schedule,2008-09-01,PRJ_NAME_e633f015dd0714c6,0,0.33008360862731934
schedule,2008-09-01,PRJ_NAME_e703030c25d32ad8,0,0.4908049702644348
schedule,2008-09-01,PRJ_NAME_e7d78ebc7862a984,0,0.7530534267425537
schedule,2008-09-01,PRJ_NAME_e84f668cb9ad9062,0,0.4672229588031769
schedule,2008-09-01,PRJ_NAME_e86ebf75d270663b,0,0.38040339946746826
schedule,2008-09-01,PRJ_NAME_e8dc1ea5468f8536,0,0.6298642754554749
schedule,2008-09-01,PRJ_NAME_e96e2471ac2f3b45,0,0.19299447536468506
schedule,2008-09-01,PRJ_NAME_e9b6b723340d4c91,0,0.12774790823459625
schedule,2008-09-01,PRJ_NAME_e9fe972727df6e0b,0,0.37719428539276123
schedule,2008-09-01,PRJ_NAME_ea175320bc252402,1,0.48806315660476685
schedule,2008-09-01,PRJ_NAME_ea1e86cb1e4986d2,0,0.17105036973953247
schedule,2008-09-01,PRJ_NAME_ebc6dcee9d022d3a,0,0.19883641600608826
schedule,2008-09-01,PRJ_NAME_ec1e093fd79e2785,0,0.21956565976142883
schedule,2008-09-01,PRJ_NAME_ed6774d8331350b8,0,0.09792008250951767
schedule,2008-09-01,PRJ_NAME_efcf5742fcf89d7b,0,0.13319438695907593
schedule,2008-09-01,PRJ_NAME_f1300fa6308aca5a,0,0.22239883244037628
schedule,2008-09-01,PRJ_NAME_f36c1b98ac886591,0,0.36236852407455444
schedule,2008-09-01,PRJ_NAME_f786e2a7af40255c,0,0.6015506386756897
schedule,2008-09-01,PRJ_NAME_f7cb4c9f965f09d3,1,0.6096121072769165
schedule,2008-09-01,PRJ_NAME_f84ae1a96a985b34,0,0.34177446365356445
schedule,2008-09-01,PRJ_NAME_f879b222d9328370,0,0.195946604013443
schedule,2008-09-01,PRJ_NAME_f8eaa312aa060cb3,0,0.25935792922973633
schedule,2008-09-01,PRJ_NAME_fb19344c6251c9fb,0,0.4278787076473236
schedule,2008-09-01,PRJ_NAME_fbf574116d1dd49f,1,0.3915311396121979
schedule,2008-09-01,PRJ_NAME_fc292aca755942af,0,0.13159526884555817
schedule,2008-09-01,PRJ_NAME_fd8d3d06b187c533,0,0.30808138847351074
schedule,2008-09-01,PRJ_NAME_fe67148516aa3153,0,0.22140082716941833
schedule,2008-09-01,PRJ_NAME_ff0d002a5fc980a2,0,0.3453858196735382
schedule,2008-09-01,PRJ_NAME_ffd0b9ce6984e556,1,0.39422520995140076
schedule,2008-10-01,PRJ_CODE_020100040,0,0.5081255435943604
schedule,2008-10-01,PRJ_CODE_020100044,0,0.3173970878124237
schedule,2008-10-01,PRJ_CODE_060100087,0,0.41349467635154724
schedule,2008-10-01,PRJ_CODE_060100088,0,0.39377522468566895
schedule,2008-10-01,PRJ_CODE_060100090,0,0.2536267042160034
schedule,2008-10-01,PRJ_CODE_060100092,0,0.17990665137767792
schedule,2008-10-01,PRJ_CODE_060100094,0,0.16173231601715088
schedule,2008-10-01,PRJ_CODE_100100054,0,0.7324655055999756
schedule,2008-10-01,PRJ_CODE_120100067,1,0.5195097327232361
schedule,2008-10-01,PRJ_CODE_160100168,1,0.7454503774642944
schedule,2008-10-01,PRJ_CODE_160100236,0,0.6096413135528564
schedule,2008-10-01,PRJ_CODE_160100289,0,0.13494440913200378
schedule,2008-10-01,PRJ_CODE_160100292,0,0.21280018985271454
schedule,2008-10-01,PRJ_CODE_180100246,0,0.21868422627449036
schedule,2008-10-01,PRJ_CODE_180100247,1,0.5127080678939819
schedule,2008-10-01,PRJ_CODE_180100251,1,0.19184111058712006
schedule,2008-10-01,PRJ_CODE_180100253,0,0.20737984776496887
schedule,2008-10-01,PRJ_CODE_180100256,0,0.301478773355484
schedule,2008-10-01,PRJ_CODE_180100260,0,0.24686522781848907
schedule,2008-10-01,PRJ_CODE_180100261,0,0.12436682730913162
schedule,2008-10-01,PRJ_CODE_220100226,0,0.08361421525478363
schedule,2008-10-01,PRJ_CODE_220100266,0,0.28183799982070923
schedule,2008-10-01,PRJ_CODE_220100268,0,0.2606917917728424
schedule,2008-10-01,PRJ_CODE_220100279,0,0.14817357063293457
schedule,2008-10-01,PRJ_CODE_220100288,0,0.0952509194612503
schedule,2008-10-01,PRJ_CODE_220100307,1,0.3076091408729553
schedule,2008-10-01,PRJ_CODE_220100308,1,0.17021995782852173
schedule,2008-10-01,PRJ_CODE_220100318,0,0.17977173626422882
schedule,2008-10-01,PRJ_CODE_220100322,1,0.30356723070144653
schedule,2008-10-01,PRJ_CODE_240101134,1,0.3463923931121826
schedule,2008-10-01,PRJ_CODE_250100174,0,0.1819634884595871
schedule,2008-10-01,PRJ_CODE_260100100,0,0.10919936746358871
schedule,2008-10-01,PRJ_CODE_N04000016,0,0.359795480966568
schedule,2008-10-01,PRJ_CODE_N06000007,0,0.18037199974060059
schedule,2008-10-01,PRJ_CODE_N06000009,0,0.08385206013917923
schedule,2008-10-01,PRJ_CODE_N06000015,0,0.047343190759420395
schedule,2008-10-01,PRJ_CODE_N06000016,0,0.0264329481869936
schedule,2008-10-01,PRJ_CODE_N06000020,0,0.17567315697669983
schedule,2008-10-01,PRJ_CODE_N06000030,0,0.0778392106294632
schedule,2008-10-01,PRJ_CODE_N06000033,0,0.05583791062235832
schedule,2008-10-01,PRJ_CODE_N06000034,0,0.04217357188463211
schedule,2008-10-01,PRJ_CODE_N06000035,0,0.0578298456966877
schedule,2008-10-01,PRJ_CODE_N06000042,0,0.05562571436166763
schedule,2008-10-01,PRJ_CODE_N06000043,0,0.2623959183692932
schedule,2008-10-01,PRJ_CODE_N06000044,0,0.3804342746734619
schedule,2008-10-01,PRJ_CODE_N12000022,1,0.6807177662849426
schedule,2008-10-01,PRJ_CODE_N12000024,0,0.1613709181547165
schedule,2008-10-01,PRJ_CODE_N12000033,0,0.11842773854732513
schedule,2008-10-01,PRJ_CODE_N12000037,0,0.2684367299079895
schedule,2008-10-01,PRJ_CODE_N12000038,0,0.06876657903194427
schedule,2008-10-01,PRJ_CODE_N12000039,0,0.15462805330753326
schedule,2008-10-01,PRJ_CODE_N12000050,0,0.19307459890842438
schedule,2008-10-01,PRJ_CODE_N12000051,0,0.10044750571250916
schedule,2008-10-01,PRJ_CODE_N12000052,0,0.09898819774389267
schedule,2008-10-01,PRJ_CODE_N12000053,1,0.12760156393051147
schedule,2008-10-01,PRJ_CODE_N12000055,0,0.21890807151794434
schedule,2008-10-01,PRJ_CODE_N12000057,1,0.27171385288238525
schedule,2008-10-01,PRJ_CODE_N16000017,0,0.3928813636302948
schedule,2008-10-01,PRJ_CODE_N16000021,0,0.19788490235805511
schedule,2008-10-01,PRJ_CODE_N16000023,1,0.7182361483573914
schedule,2008-10-01,PRJ_CODE_N16000028,0,0.25272220373153687
schedule,2008-10-01,PRJ_CODE_N16000029,1,0.3379090428352356
schedule,2008-10-01,PRJ_CODE_N16000030,0,0.20326529443264008
schedule,2008-10-01,PRJ_CODE_N16000032,1,0.602669894695282
schedule,2008-10-01,PRJ_CODE_N16000033,1,0.3842127323150635
schedule,2008-10-01,PRJ_CODE_N16000034,0,0.09699400514364243
schedule,2008-10-01,PRJ_CODE_N16000035,0,0.10199129581451416
schedule,2008-10-01,PRJ_CODE_N16000036,0,0.1180359348654747
schedule,2008-10-01,PRJ_CODE_N16000037,0,0.31776362657546997
schedule,2008-10-01,PRJ_CODE_N16000038,0,0.21247413754463196
schedule,2008-10-01,PRJ_CODE_N16000041,0,0.2996271550655365
schedule,2008-10-01,PRJ_CODE_N16000044,0,0.13516655564308167
schedule,2008-10-01,PRJ_CODE_N16000045,0,0.389335960149765
schedule,2008-10-01,PRJ_CODE_N16000046,0,0.2138725221157074
schedule,2008-10-01,PRJ_CODE_N18000026,0,0.37279871106147766
schedule,2008-10-01,PRJ_CODE_N18000033,0,0.04205390810966492
schedule,2008-10-01,PRJ_CODE_N18000035,0,0.02811960130929947
schedule,2008-10-01,PRJ_CODE_N18000036,0,0.032416533678770065
schedule,2008-10-01,PRJ_CODE_N18000039,0,0.09106721729040146
schedule,2008-10-01,PRJ_CODE_N18000041,0,0.23660999536514282
schedule,2008-10-01,PRJ_CODE_N22000027,0,0.21619704365730286
schedule,2008-10-01,PRJ_CODE_N22000034,0,0.2506983280181885
schedule,2008-10-01,PRJ_CODE_N22000055,0,0.22558832168579102
schedule,2008-10-01,PRJ_CODE_N24000087,0,0.08594709634780884
schedule,2008-10-01,PRJ_CODE_N24000096,0,0.29398679733276367
schedule,2008-10-01,PRJ_CODE_N24000103,0,0.05222414433956146
schedule,2008-10-01,PRJ_CODE_N24000109,0,0.11413481831550598
schedule,2008-10-01,PRJ_CODE_N24000110,0,0.10763730108737946
schedule,2008-10-01,PRJ_CODE_N25000004,0,0.596693217754364
schedule,2008-10-01,PRJ_CODE_N26000037,1,0.55792236328125
schedule,2008-10-01,PRJ_NAME_0004dd678c080a80,1,0.778659462928772
schedule,2008-10-01,PRJ_NAME_0031246cd244a107,0,0.6877925395965576
schedule,2008-10-01,PRJ_NAME_0080b6343e871911,0,0.2305559366941452
schedule,2008-10-01,PRJ_NAME_0148b634ed94a52c,1,0.35929787158966064
schedule,2008-10-01,PRJ_NAME_01bb36be5d780c42,0,0.11532378941774368
schedule,2008-10-01,PRJ_NAME_02be49f1af33ce10,0,0.3732762336730957
schedule,2008-10-01,PRJ_NAME_031f72994d7dbd7f,0,0.24848566949367523
schedule,2008-10-01,PRJ_NAME_03fc8a15c949f80a,0,0.4074043035507202
schedule,2008-10-01,PRJ_NAME_044dbb0c74dbcd66,0,0.08055900037288666
schedule,2008-10-01,PRJ_NAME_04ec117b502fa2fc,0,0.7094922065734863
schedule,2008-10-01,PRJ_NAME_071db90b2561c624,0,0.2552894055843353
schedule,2008-10-01,PRJ_NAME_07ea46b91674e114,1,0.7052395939826965
schedule,2008-10-01,PRJ_NAME_08d5e7262e046649,1,0.8333975672721863
schedule,2008-10-01,PRJ_NAME_0a18cd83977c373e,0,0.2369585931301117
schedule,2008-10-01,PRJ_NAME_0ace8ef28fba59f5,0,0.35827162861824036
schedule,2008-10-01,PRJ_NAME_0dd322c3813d6c3a,0,0.1895464062690735
schedule,2008-10-01,PRJ_NAME_0e0827a3d2085f94,1,0.8210232257843018
schedule,2008-10-01,PRJ_NAME_0ec1934275e95d63,0,0.20004624128341675
schedule,2008-10-01,PRJ_NAME_0f4455ed3998e6d8,1,0.2938905358314514
schedule,2008-10-01,PRJ_NAME_130bfc84c71ef7a2,1,0.6528568267822266
schedule,2008-10-01,PRJ_NAME_13465e4124695478,1,0.6470935940742493
schedule,2008-10-01,PRJ_NAME_151f0102951fa3de,1,0.638648509979248
schedule,2008-10-01,PRJ_NAME_15cd63e22af90526,0,0.5649130940437317
schedule,2008-10-01,PRJ_NAME_18355a12f68700aa,1,0.35088735818862915
schedule,2008-10-01,PRJ_NAME_189fb3bd8293c6c1,0,0.05941992253065109
schedule,2008-10-01,PRJ_NAME_1a4227e46a37a193,0,0.06740658730268478
schedule,2008-10-01,PRJ_NAME_1a738808aaf509c4,0,0.25444814562797546
schedule,2008-10-01,PRJ_NAME_1c2f05e70ddc2ba0,0,0.1759106069803238
schedule,2008-10-01,PRJ_NAME_1c3ea68b71060199,0,0.344470351934433
schedule,2008-10-01,PRJ_NAME_1d6e960595541c80,1,0.35552680492401123
schedule,2008-10-01,PRJ_NAME_1d75640bb5ed8b95,0,0.0398130863904953
schedule,2008-10-01,PRJ_NAME_1ed2a789eb6cab62,0,0.23991453647613525
schedule,2008-10-01,PRJ_NAME_1eff8ca7a4b96f50,1,0.45386427640914917
schedule,2008-10-01,PRJ_NAME_1fe91dd7c69d415d,0,0.11384736001491547
schedule,2008-10-01,PRJ_NAME_219f957bece70358,0,0.1654924750328064
schedule,2008-10-01,PRJ_NAME_2243214254bdc3b6,0,0.18358707427978516
schedule,2008-10-01,PRJ_NAME_2275db3ebed6c33b,0,0.3796146810054779
schedule,2008-10-01,PRJ_NAME_27099fbe520779e7,0,0.10392620414495468
schedule,2008-10-01,PRJ_NAME_2830efaac9bd3ae1,0,0.20084376633167267
schedule,2008-10-01,PRJ_NAME_29e7d6d952afc28a,0,0.052702438086271286
schedule,2008-10-01,PRJ_NAME_2a4e6f9884ad87a6,0,0.3325916826725006
schedule,2008-10-01,PRJ_NAME_2bded97125d928ff,0,0.037704288959503174
schedule,2008-10-01,PRJ_NAME_2e6914f23cf6d06e,0,0.20868422091007233
schedule,2008-10-01,PRJ_NAME_2fb8d63d94a43eca,0,0.30110740661621094
schedule,2008-10-01,PRJ_NAME_2fd8e3aeea321592,0,0.24122746288776398
schedule,2008-10-01,PRJ_NAME_3026e066ea75e57c,1,0.5046029686927795
schedule,2008-10-01,PRJ_NAME_30780904c0601eb4,1,0.2699955105781555
schedule,2008-10-01,PRJ_NAME_31f55c4357305603,0,0.46610867977142334
schedule,2008-10-01,PRJ_NAME_32749c7fa900410a,0,0.6206450462341309
schedule,2008-10-01,PRJ_NAME_3320425e5f0ce323,0,0.26745808124542236
schedule,2008-10-01,PRJ_NAME_3369f7d5b43fa7d2,1,0.49745869636535645
schedule,2008-10-01,PRJ_NAME_33fb60b87eb8ff9e,0,0.25301191210746765
schedule,2008-10-01,PRJ_NAME_3460f446ce2781c4,0,0.39937809109687805
schedule,2008-10-01,PRJ_NAME_36a526c1eeac13dc,0,0.4958345293998718
schedule,2008-10-01,PRJ_NAME_382fe282c2919f7f,0,0.29493093490600586
schedule,2008-10-01,PRJ_NAME_383758ca2b9df234,0,0.2242916226387024
schedule,2008-10-01,PRJ_NAME_38f3fdbcd5c58828,0,0.22785651683807373
schedule,2008-10-01,PRJ_NAME_39ac99e72e901243,0,0.056667715311050415
schedule,2008-10-01,PRJ_NAME_3a1db8515fcdf4a5,0,0.08056173473596573
schedule,2008-10-01,PRJ_NAME_3ba42102e7a1cb94,0,0.36134466528892517
schedule,2008-10-01,PRJ_NAME_3cc205715abfbbda,0,0.30810800194740295
schedule,2008-10-01,PRJ_NAME_3d1869707f6f1703,1,0.27732887864112854
schedule,2008-10-01,PRJ_NAME_3d39735915bca559,0,0.27843934297561646
schedule,2008-10-01,PRJ_NAME_3d531f7ee886ec3a,1,0.4745185375213623
schedule,2008-10-01,PRJ_NAME_3d7a66144aa6ea1b,0,0.3937181234359741
schedule,2008-10-01,PRJ_NAME_3f7caf599973bbc3,0,0.2620771527290344
schedule,2008-10-01,PRJ_NAME_3f9e1ffde78880a6,1,0.3085063397884369
schedule,2008-10-01,PRJ_NAME_405a3d72722128e9,0,0.1917187124490738
schedule,2008-10-01,PRJ_NAME_428198aba8296f85,1,0.36809563636779785
schedule,2008-10-01,PRJ_NAME_42d1d873ef0ba864,1,0.5664249062538147
schedule,2008-10-01,PRJ_NAME_42df200967d78962,1,0.3320053219795227
schedule,2008-10-01,PRJ_NAME_42ecbefa35d1eb4b,0,0.1835765242576599
schedule,2008-10-01,PRJ_NAME_448ec218fa67b81f,0,0.2726496160030365
schedule,2008-10-01,PRJ_NAME_44d305a8cb81d205,0,0.012322298251092434
schedule,2008-10-01,PRJ_NAME_4521219d33d32e33,0,0.30478373169898987
schedule,2008-10-01,PRJ_NAME_458348a7c75128e0,1,0.6496852040290833
schedule,2008-10-01,PRJ_NAME_461706503ce534ba,1,0.7262560129165649
schedule,2008-10-01,PRJ_NAME_46256f5cb11ca220,1,0.6527873277664185
schedule,2008-10-01,PRJ_NAME_46d479c07936c43a,0,0.3550098240375519
schedule,2008-10-01,PRJ_NAME_47651aa52c29c512,0,0.34162217378616333
schedule,2008-10-01,PRJ_NAME_47663b2f2e2c7deb,0,0.818915605545044
schedule,2008-10-01,PRJ_NAME_480f705f44b440b1,0,0.3044978976249695
schedule,2008-10-01,PRJ_NAME_4b086c663a448f74,1,0.3309977948665619
schedule,2008-10-01,PRJ_NAME_4b3560cba1158b55,0,0.214695006608963
schedule,2008-10-01,PRJ_NAME_4b9dfeb9724480fe,0,0.20923615992069244
schedule,2008-10-01,PRJ_NAME_4ca147295712f33c,0,0.14977924525737762
schedule,2008-10-01,PRJ_NAME_4cd1f113423267dd,1,0.7809999585151672
schedule,2008-10-01,PRJ_NAME_4f7411701eb10f66,0,0.3265962600708008
schedule,2008-10-01,PRJ_NAME_50522850afa1dc91,1,0.2739286720752716
schedule,2008-10-01,PRJ_NAME_50c6884ee2f6ca3b,1,0.3063063621520996
schedule,2008-10-01,PRJ_NAME_5104a8e32e9a2138,0,0.20187805593013763
schedule,2008-10-01,PRJ_NAME_51dff49a23022387,0,0.09177073836326599
schedule,2008-10-01,PRJ_NAME_52b5fa3569bf9d1f,1,0.503037691116333
schedule,2008-10-01,PRJ_NAME_5463349fa50ea5f1,1,0.12932829558849335
schedule,2008-10-01,PRJ_NAME_56456c324dd9b83d,0,0.24528868496418
schedule,2008-10-01,PRJ_NAME_57b41f1ef050cc39,1,0.36390945315361023
schedule,2008-10-01,PRJ_NAME_585544165e75cdb6,0,0.13726724684238434
schedule,2008-10-01,PRJ_NAME_585df2f330882dc3,1,0.33572712540626526
schedule,2008-10-01,PRJ_NAME_593ebae864c1a900,0,0.08731888979673386
schedule,2008-10-01,PRJ_NAME_59e0ef4cf8960ef7,0,0.11912061274051666
schedule,2008-10-01,PRJ_NAME_5aea56bbcfb9dfc0,1,0.179024338722229
schedule,2008-10-01,PRJ_NAME_5b00690c13f8e548,1,0.635658860206604
schedule,2008-10-01,PRJ_NAME_5f1025f701729210,1,0.5710108280181885
schedule,2008-10-01,PRJ_NAME_606504db777b5bce,0,0.19451367855072021
schedule,2008-10-01,PRJ_NAME_61d3483ad862194a,0,0.05406470596790314
schedule,2008-10-01,PRJ_NAME_636065c530891da0,0,0.1253739595413208
schedule,2008-10-01,PRJ_NAME_63aaf0b2d67fcc98,0,0.3054760694503784
schedule,2008-10-01,PRJ_NAME_6459d263f5d64b3a,1,0.2711963951587677
schedule,2008-10-01,PRJ_NAME_646374cb7bb8cf53,0,0.17031672596931458
schedule,2008-10-01,PRJ_NAME_664064542365971b,1,0.395280659198761
schedule,2008-10-01,PRJ_NAME_668ca797d8e9b02c,0,0.18786150217056274
schedule,2008-10-01,PRJ_NAME_67185f73cdc3ce1a,0,0.055197156965732574
schedule,2008-10-01,PRJ_NAME_67409bba76046d57,0,0.35968834161758423
schedule,2008-10-01,PRJ_NAME_67cd9c954d2467cd,0,0.7365288734436035
schedule,2008-10-01,PRJ_NAME_6ba01d6d5eebf7b1,0,0.36841127276420593
schedule,2008-10-01,PRJ_NAME_6c09acb5a4f410b0,0,0.7317524552345276
schedule,2008-10-01,PRJ_NAME_6c264260913ce831,0,0.31446748971939087
schedule,2008-10-01,PRJ_NAME_6f4b9b110ae25321,0,0.2784976065158844
schedule,2008-10-01,PRJ_NAME_6facc9e39db504a9,0,0.18393465876579285
schedule,2008-10-01,PRJ_NAME_71bd13e4c33dc0b3,1,0.2914116680622101
schedule,2008-10-01,PRJ_NAME_721a95fbd23ad2c8,1,0.8104203939437866
schedule,2008-10-01,PRJ_NAME_735c5b98af1edf1b,1,0.8157212138175964
schedule,2008-10-01,PRJ_NAME_74470ac7f7e3099a,0,0.2886981666088104
schedule,2008-10-01,PRJ_NAME_74caabeb39aaa1ff,0,0.04144557937979698
schedule,2008-10-01,PRJ_NAME_75ff742cb738b710,1,0.498559832572937
schedule,2008-10-01,PRJ_NAME_7612955874fcc5a7,0,0.09140277653932571
schedule,2008-10-01,PRJ_NAME_768d6fbca51319c9,0,0.35113582015037537
schedule,2008-10-01,PRJ_NAME_772f2a39ea9e3ff1,1,0.3690735101699829
schedule,2008-10-01,PRJ_NAME_78580b681d000474,0,0.6152565479278564
schedule,2008-10-01,PRJ_NAME_78af84562e9d8303,1,0.23763933777809143
schedule,2008-10-01,PRJ_NAME_795a352b8cff9c15,1,0.41936153173446655
schedule,2008-10-01,PRJ_NAME_7a44cc6164c2d4fe,0,0.8063746094703674
schedule,2008-10-01,PRJ_NAME_7bb2937937be97a3,0,0.6338799595832825
schedule,2008-10-01,PRJ_NAME_7bde1e0220d753f0,0,0.14299920201301575
schedule,2008-10-01,PRJ_NAME_7bfceb0c80fc4b26,1,0.3093269467353821
schedule,2008-10-01,PRJ_NAME_7cf5e2d74eaa776c,1,0.2866332232952118
schedule,2008-10-01,PRJ_NAME_7e539bee9aabecfc,1,0.49036452174186707
schedule,2008-10-01,PRJ_NAME_7f25cbd30beb1762,0,0.2685087025165558
schedule,2008-10-01,PRJ_NAME_7fb8a753afa2d26f,0,0.26909545063972473
schedule,2008-10-01,PRJ_NAME_8109073f8b96ea3d,0,0.05483565106987953
schedule,2008-10-01,PRJ_NAME_821e46b4a362bfa4,0,0.24739545583724976
schedule,2008-10-01,PRJ_NAME_83be953b7310deef,1,0.541408360004425
schedule,2008-10-01,PRJ_NAME_83c86ef936893030,0,0.27799490094184875
schedule,2008-10-01,PRJ_NAME_85caedccc1ec91d7,1,0.18228691816329956
schedule,2008-10-01,PRJ_NAME_8749b3c26f418fe8,1,0.6680428981781006
schedule,2008-10-01,PRJ_NAME_88e199e6518abeff,0,0.10418052226305008
schedule,2008-10-01,PRJ_NAME_89388044b4007d2d,0,0.27467286586761475
schedule,2008-10-01,PRJ_NAME_8a468889b5be6da7,1,0.38262975215911865
schedule,2008-10-01,PRJ_NAME_8ab7e877d64c6511,0,0.1026996448636055
schedule,2008-10-01,PRJ_NAME_8ae3819b3f43f81d,1,0.1523107886314392
schedule,2008-10-01,PRJ_NAME_8b12c1c1d145c92c,1,0.6985421180725098
schedule,2008-10-01,PRJ_NAME_8b8104a26e4c6712,0,0.4370782971382141
schedule,2008-10-01,PRJ_NAME_8bd10b08124a4095,0,0.10044293105602264
schedule,2008-10-01,PRJ_NAME_8be7ca9862134d65,1,0.7127278447151184
schedule,2008-10-01,PRJ_NAME_8c97fd376f152558,0,0.14109329879283905
schedule,2008-10-01,PRJ_NAME_8cbf7fe2db2e06c4,1,0.33815112709999084
schedule,2008-10-01,PRJ_NAME_900650a7b2bd003f,1,0.30424991250038147
schedule,2008-10-01,PRJ_NAME_9124e743c95fcdfd,0,0.25826969742774963
schedule,2008-10-01,PRJ_NAME_925c5f5a7937f293,0,0.6176698803901672
schedule,2008-10-01,PRJ_NAME_948f0338c1455029,0,0.41346198320388794
schedule,2008-10-01,PRJ_NAME_94aa47edacafbdc0,0,0.17059947550296783
schedule,2008-10-01,PRJ_NAME_95239e307b9972c8,0,0.2515162527561188
schedule,2008-10-01,PRJ_NAME_958f5742195aba52,1,0.7810901403427124
schedule,2008-10-01,PRJ_NAME_97175a0bf58860dd,1,0.27181559801101685
schedule,2008-10-01,PRJ_NAME_9785a70d227b0561,0,0.2822374105453491
schedule,2008-10-01,PRJ_NAME_97b6f7489a4660c4,0,0.13164377212524414
schedule,2008-10-01,PRJ_NAME_97ed5e02577c1519,1,0.1453981101512909
schedule,2008-10-01,PRJ_NAME_97eebbdb1660a78f,0,0.374332457780838
schedule,2008-10-01,PRJ_NAME_98df68b03362bd89,1,0.3384275734424591
schedule,2008-10-01,PRJ_NAME_994deea3959e14e8,0,0.12160444259643555
schedule,2008-10-01,PRJ_NAME_9c4eb4d2eb8f9719,0,0.4057299494743347
schedule,2008-10-01,PRJ_NAME_9d0e19b63480a819,0,0.23050327599048615
schedule,2008-10-01,PRJ_NAME_9dcbefefed4f1065,1,0.598858118057251
schedule,2008-10-01,PRJ_NAME_9f96903f754912ec,0,0.24336159229278564
schedule,2008-10-01,PRJ_NAME_a0207614cb0f6796,0,0.3919489085674286
schedule,2008-10-01,PRJ_NAME_a08949c95f5f94e4,0,0.2503983676433563
schedule,2008-10-01,PRJ_NAME_a21ffd430f8ddb3e,0,0.4055703580379486
schedule,2008-10-01,PRJ_NAME_a28726e807976d7c,0,0.041147686541080475
schedule,2008-10-01,PRJ_NAME_a2b6086beac12343,0,0.3621620237827301
schedule,2008-10-01,PRJ_NAME_a335e78099c07d4e,1,0.35324493050575256
schedule,2008-10-01,PRJ_NAME_a3b710cb5e7fd128,0,0.3239981532096863
schedule,2008-10-01,PRJ_NAME_a4a118c53f027fd8,0,0.40413689613342285
schedule,2008-10-01,PRJ_NAME_a5facf55cd81ec6a,1,0.3579746186733246
schedule,2008-10-01,PRJ_NAME_a724bba1d815e2ed,1,0.5711928606033325
schedule,2008-10-01,PRJ_NAME_a72ff560bd409bf5,0,0.3142637312412262
schedule,2008-10-01,PRJ_NAME_a8681fc4ddd077de,1,0.2845344543457031
schedule,2008-10-01,PRJ_NAME_a937cfc9af78ada5,0,0.07533568888902664
schedule,2008-10-01,PRJ_NAME_a9b6a1b29fb44b4d,0,0.05809492617845535
schedule,2008-10-01,PRJ_NAME_aa6d473f6b178563,0,0.07956432551145554
schedule,2008-10-01,PRJ_NAME_aab2ef5b914f61c7,0,0.3336722254753113
schedule,2008-10-01,PRJ_NAME_ab33d551bf7a3428,0,0.11399732530117035
schedule,2008-10-01,PRJ_NAME_abb3e384d5e3e17e,0,0.39390167593955994
schedule,2008-10-01,PRJ_NAME_ad205b50262bd00e,0,0.0760665014386177
schedule,2008-10-01,PRJ_NAME_ad65def7cbb4d220,0,0.3009495437145233
schedule,2008-10-01,PRJ_NAME_ae2b69d71915b759,0,0.10963122546672821
schedule,2008-10-01,PRJ_NAME_ae82fd1ce70d12ac,1,0.3361559510231018
schedule,2008-10-01,PRJ_NAME_af0c9f115b647286,0,0.3067541718482971
schedule,2008-10-01,PRJ_NAME_b0f1e855a7bac204,1,0.3772243857383728
schedule,2008-10-01,PRJ_NAME_b0f97810618292a9,0,0.2654590606689453
schedule,2008-10-01,PRJ_NAME_b1512f76653de237,1,0.5562654733657837
schedule,2008-10-01,PRJ_NAME_b2682182493efe91,0,0.2806575894355774
schedule,2008-10-01,PRJ_NAME_b2c488bd26cca10c,0,0.18783001601696014
schedule,2008-10-01,PRJ_NAME_b2d22b803981eee8,1,0.5050666928291321
schedule,2008-10-01,PRJ_NAME_b6e5fd16af47d146,1,0.2807677388191223
schedule,2008-10-01,PRJ_NAME_b8fbf98a7f8bce67,0,0.17353004217147827
schedule,2008-10-01,PRJ_NAME_bd212f548385f223,0,0.25545623898506165
schedule,2008-10-01,PRJ_NAME_bddbb3270d5e7de5,1,0.33951708674430847
schedule,2008-10-01,PRJ_NAME_be49f9610c811e3b,0,0.3307679295539856
schedule,2008-10-01,PRJ_NAME_be4dd8e59fd70e64,1,0.7733827829360962
schedule,2008-10-01,PRJ_NAME_be77bfadf345a933,0,0.2458847463130951
schedule,2008-10-01,PRJ_NAME_bef6e5f20fc79cc6,1,0.16559356451034546
schedule,2008-10-01,PRJ_NAME_bfd6c00eaa9b89cf,0,0.09608403593301773
schedule,2008-10-01,PRJ_NAME_c075bbb22a928231,0,0.3921492099761963
schedule,2008-10-01,PRJ_NAME_c0956183b9a97e85,1,0.5416468381881714
schedule,2008-10-01,PRJ_NAME_c0ac792752076ad2,0,0.388561487197876
schedule,2008-10-01,PRJ_NAME_c15ce771e3c0f96b,0,0.6293358206748962
schedule,2008-10-01,PRJ_NAME_c1aba92cd17a7067,1,0.7996025681495667
schedule,2008-10-01,PRJ_NAME_c212eeea90f56dea,0,0.1942610889673233
schedule,2008-10-01,PRJ_NAME_c275be77f0a071f0,0,0.37790918350219727
schedule,2008-10-01,PRJ_NAME_c3a228e23032a307,0,0.3154165744781494
schedule,2008-10-01,PRJ_NAME_c8104187879f677a,0,0.07634000480175018
schedule,2008-10-01,PRJ_NAME_c8ae5b47197f2cbd,0,0.2035069763660431
schedule,2008-10-01,PRJ_NAME_c978cc150aff8427,0,0.2700369656085968
schedule,2008-10-01,PRJ_NAME_cb75fb87dd34253f,1,0.5727866888046265
schedule,2008-10-01,PRJ_NAME_ccbbbdd77851b17f,0,0.18548603355884552
schedule,2008-10-01,PRJ_NAME_cd3f28bade7cdf3f,0,0.35330772399902344
schedule,2008-10-01,PRJ_NAME_cd9457461186cc7f,0,0.3168022334575653
schedule,2008-10-01,PRJ_NAME_cdcae6a1e043703c,1,0.15364833176136017
schedule,2008-10-01,PRJ_NAME_cde12345f84a4a3f,0,0.28113654255867004
schedule,2008-10-01,PRJ_NAME_ce02d7c9233b7b2b,0,0.18337653577327728
schedule,2008-10-01,PRJ_NAME_ce28e0c01122d9a3,0,0.09854215383529663
schedule,2008-10-01,PRJ_NAME_cfd4b764bee5cea2,1,0.43901848793029785
schedule,2008-10-01,PRJ_NAME_d0770c683a90a62d,1,0.6315038800239563
schedule,2008-10-01,PRJ_NAME_d0878df8cfcdf42f,0,0.11855680495500565
schedule,2008-10-01,PRJ_NAME_d1393c6cc2e166bc,0,0.17116013169288635
schedule,2008-10-01,PRJ_NAME_d13dd04a176c25c0,0,0.254707008600235
schedule,2008-10-01,PRJ_NAME_d18924e42365941a,0,0.25591716170310974
schedule,2008-10-01,PRJ_NAME_d24144e6f0823613,0,0.2952384054660797
schedule,2008-10-01,PRJ_NAME_d3afd09bf7ff8e81,1,0.6836538314819336
schedule,2008-10-01,PRJ_NAME_d445a5d5362052c6,0,0.26665130257606506
schedule,2008-10-01,PRJ_NAME_d451cd9406956965,1,0.31058335304260254
schedule,2008-10-01,PRJ_NAME_d4f1b277d89fa84d,0,0.16970866918563843
schedule,2008-10-01,PRJ_NAME_d5f128d4a5054966,0,0.2826979160308838
schedule,2008-10-01,PRJ_NAME_d853374d6e3396f9,0,0.2509596645832062
schedule,2008-10-01,PRJ_NAME_d9a2644b07dd9609,0,0.3015734851360321
schedule,2008-10-01,PRJ_NAME_d9abd1f8dd32a440,0,0.2012712061405182
schedule,2008-10-01,PRJ_NAME_da2989779a8ff72c,1,0.2729756236076355
schedule,2008-10-01,PRJ_NAME_da5ec8a0b84f42c9,0,0.08734597265720367
schedule,2008-10-01,PRJ_NAME_da983b82e27b4901,0,0.1798250824213028
schedule,2008-10-01,PRJ_NAME_dab1c247fc9689d6,0,0.3672754168510437
schedule,2008-10-01,PRJ_NAME_dc3bcf024b79a8b1,1,0.7520314455032349
schedule,2008-10-01,PRJ_NAME_dcc1ad452b4d494f,0,0.19412150979042053
schedule,2008-10-01,PRJ_NAME_de0e3def822551a6,0,0.16197192668914795
schedule,2008-10-01,PRJ_NAME_de105ab0c897498e,0,0.6831511855125427
schedule,2008-10-01,PRJ_NAME_de4691d50c7854e9,0,0.33084636926651
schedule,2008-10-01,PRJ_NAME_de988147e22ef9e9,0,0.3715061545372009
schedule,2008-10-01,PRJ_NAME_dea5735eb1f597db,0,0.3845464885234833
schedule,2008-10-01,PRJ_NAME_e040a7f92ba61461,1,0.6636145114898682
schedule,2008-10-01,PRJ_NAME_e0674b06e44bd7bf,0,0.5920752286911011
schedule,2008-10-01,PRJ_NAME_e3a8bb2257648c96,0,0.577263593673706
schedule,2008-10-01,PRJ_NAME_e3b98145bde44d46,1,0.33542191982269287
schedule,2008-10-01,PRJ_NAME_e49f43acc263936a,0,0.09134109318256378
schedule,2008-10-01,PRJ_NAME_e62fcb5fa64380ee,1,0.5180438756942749
schedule,2008-10-01,PRJ_NAME_e633f015dd0714c6,1,0.452302485704422
schedule,2008-10-01,PRJ_NAME_e703030c25d32ad8,0,0.4768570065498352
schedule,2008-10-01,PRJ_NAME_e7d78ebc7862a984,1,0.8030452728271484
schedule,2008-10-01,PRJ_NAME_e84f668cb9ad9062,1,0.5900453329086304
schedule,2008-10-01,PRJ_NAME_e86ebf75d270663b,0,0.3123030662536621
schedule,2008-10-01,PRJ_NAME_e8dc1ea5468f8536,1,0.6367580890655518
schedule,2008-10-01,PRJ_NAME_e96e2471ac2f3b45,0,0.19412150979042053
schedule,2008-10-01,PRJ_NAME_e9b6b723340d4c91,0,0.1671346127986908
schedule,2008-10-01,PRJ_NAME_ea175320bc252402,1,0.5528852343559265
schedule,2008-10-01,PRJ_NAME_ea1e86cb1e4986d2,0,0.20523002743721008
schedule,2008-10-01,PRJ_NAME_ebc6dcee9d022d3a,0,0.18545620143413544
schedule,2008-10-01,PRJ_NAME_ec1e093fd79e2785,0,0.33178603649139404
schedule,2008-10-01,PRJ_NAME_ee3707ee0a1cef17,1,0.32527613639831543
schedule,2008-10-01,PRJ_NAME_efcf5742fcf89d7b,0,0.14409519731998444
schedule,2008-10-01,PRJ_NAME_f024d0aab05e20d7,0,0.1652773767709732
schedule,2008-10-01,PRJ_NAME_f1300fa6308aca5a,0,0.23473520576953888
schedule,2008-10-01,PRJ_NAME_f36c1b98ac886591,1,0.5188795328140259
schedule,2008-10-01,PRJ_NAME_f786e2a7af40255c,1,0.7139843702316284
schedule,2008-10-01,PRJ_NAME_f7cb4c9f965f09d3,1,0.7014909386634827
schedule,2008-10-01,PRJ_NAME_f84ae1a96a985b34,0,0.36469945311546326
schedule,2008-10-01,PRJ_NAME_f879b222d9328370,0,0.20877118408679962
schedule,2008-10-01,PRJ_NAME_f8eaa312aa060cb3,0,0.2811565697193146
schedule,2008-10-01,PRJ_NAME_fb19344c6251c9fb,1,0.5069456696510315
schedule,2008-10-01,PRJ_NAME_fbf574116d1dd49f,1,0.3886663615703583
schedule,2008-10-01,PRJ_NAME_fc292aca755942af,0,0.18810835480690002
schedule,2008-10-01,PRJ_NAME_fd1dea69b6da9e70,1,0.704805850982666
schedule,2008-10-01,PRJ_NAME_fd8d3d06b187c533,0,0.31072425842285156
schedule,2008-10-01,PRJ_NAME_fe67148516aa3153,0,0.24555768072605133
schedule,2008-10-01,PRJ_NAME_ff0d002a5fc980a2,0,0.45666852593421936
schedule,2008-10-01,PRJ_NAME_ffd0b9ce6984e556,0,0.37904655933380127
schedule,2008-11-01,PRJ_CODE_020100040,0,0.6528196930885315
schedule,2008-11-01,PRJ_CODE_020100044,0,0.4068470597267151
schedule,2008-11-01,PRJ_CODE_060100087,0,0.5010672211647034
schedule,2008-11-01,PRJ_CODE_060100088,0,0.494430810213089
schedule,2008-11-01,PRJ_CODE_060100090,0,0.4102485775947571
schedule,2008-11-01,PRJ_CODE_060100092,0,0.27266645431518555
schedule,2008-11-01,PRJ_CODE_060100094,0,0.2430984526872635
schedule,2008-11-01,PRJ_CODE_100100054,0,0.9208201169967651
schedule,2008-11-01,PRJ_CODE_120100067,1,0.604089617729187
schedule,2008-11-01,PRJ_CODE_160100168,1,0.9158663153648376
schedule,2008-11-01,PRJ_CODE_160100236,0,0.8265508413314819
schedule,2008-11-01,PRJ_CODE_160100289,0,0.23931384086608887
schedule,2008-11-01,PRJ_CODE_160100292,0,0.3675660789012909
schedule,2008-11-01,PRJ_CODE_180100246,0,0.3116668164730072
schedule,2008-11-01,PRJ_CODE_180100247,1,0.6007120013237
schedule,2008-11-01,PRJ_CODE_180100251,0,0.2176322191953659
schedule,2008-11-01,PRJ_CODE_180100253,0,0.31636399030685425
schedule,2008-11-01,PRJ_CODE_180100256,0,0.4390868842601776
schedule,2008-11-01,PRJ_CODE_180100260,0,0.31887051463127136
schedule,2008-11-01,PRJ_CODE_180100261,0,0.1845594346523285
schedule,2008-11-01,PRJ_CODE_220100226,0,0.11536606401205063
schedule,2008-11-01,PRJ_CODE_220100266,0,0.5436533689498901
schedule,2008-11-01,PRJ_CODE_220100268,0,0.48056554794311523
schedule,2008-11-01,PRJ_CODE_220100279,0,0.2510323226451874
schedule,2008-11-01,PRJ_CODE_220100288,0,0.11856891214847565
schedule,2008-11-01,PRJ_CODE_220100307,1,0.5469061136245728
schedule,2008-11-01,PRJ_CODE_220100308,1,0.29328563809394836
schedule,2008-11-01,PRJ_CODE_220100318,0,0.3945596516132355
schedule,2008-11-01,PRJ_CODE_220100322,1,0.49989625811576843
schedule,2008-11-01,PRJ_CODE_250100174,0,0.3062443733215332
schedule,2008-11-01,PRJ_CODE_260100100,0,0.16694439947605133
schedule,2008-11-01,PRJ_CODE_N04000016,0,0.5913885235786438
schedule,2008-11-01,PRJ_CODE_N06000007,0,0.25362446904182434
schedule,2008-11-01,PRJ_CODE_N06000009,0,0.10486780107021332
schedule,2008-11-01,PRJ_CODE_N06000015,0,0.07120342552661896
schedule,2008-11-01,PRJ_CODE_N06000016,0,0.03610289841890335
schedule,2008-11-01,PRJ_CODE_N06000020,0,0.2319280058145523
schedule,2008-11-01,PRJ_CODE_N06000030,0,0.10209450125694275
schedule,2008-11-01,PRJ_CODE_N06000033,0,0.06519756466150284
schedule,2008-11-01,PRJ_CODE_N06000034,0,0.06258052587509155
schedule,2008-11-01,PRJ_CODE_N06000035,0,0.08672351390123367
schedule,2008-11-01,PRJ_CODE_N06000042,0,0.07700518518686295
schedule,2008-11-01,PRJ_CODE_N06000043,0,0.3516620397567749
schedule,2008-11-01,PRJ_CODE_N06000044,0,0.5959573984146118
schedule,2008-11-01,PRJ_CODE_N12000022,1,0.780586838722229
schedule,2008-11-01,PRJ_CODE_N12000024,0,0.25607606768608093
schedule,2008-11-01,PRJ_CODE_N12000033,0,0.18328586220741272
schedule,2008-11-01,PRJ_CODE_N12000037,0,0.42285287380218506
schedule,2008-11-01,PRJ_CODE_N12000038,0,0.1474408209323883
schedule,2008-11-01,PRJ_CODE_N12000039,0,0.29729363322257996
schedule,2008-11-01,PRJ_CODE_N12000050,0,0.24901849031448364
schedule,2008-11-01,PRJ_CODE_N12000051,0,0.16593341529369354
schedule,2008-11-01,PRJ_CODE_N12000052,0,0.1383204162120819
schedule,2008-11-01,PRJ_CODE_N12000053,1,0.17391319572925568
schedule,2008-11-01,PRJ_CODE_N12000055,0,0.25627386569976807
schedule,2008-11-01,PRJ_CODE_N12000057,0,0.29586508870124817
schedule,2008-11-01,PRJ_CODE_N16000017,0,0.3442307710647583
schedule,2008-11-01,PRJ_CODE_N16000021,0,0.2546442151069641
schedule,2008-11-01,PRJ_CODE_N16000023,1,0.7431129217147827
schedule,2008-11-01,PRJ_CODE_N16000028,0,0.44182953238487244
schedule,2008-11-01,PRJ_CODE_N16000029,1,0.5476379990577698
schedule,2008-11-01,PRJ_CODE_N16000030,0,0.24487361311912537
schedule,2008-11-01,PRJ_CODE_N16000032,1,0.8130797743797302
schedule,2008-11-01,PRJ_CODE_N16000033,1,0.4828144311904907
schedule,2008-11-01,PRJ_CODE_N16000034,0,0.1963573843240738
schedule,2008-11-01,PRJ_CODE_N16000035,0,0.1633443683385849
schedule,2008-11-01,PRJ_CODE_N16000036,0,0.15440954267978668
schedule,2008-11-01,PRJ_CODE_N16000037,0,0.20167386531829834
schedule,2008-11-01,PRJ_CODE_N16000038,0,0.3989425599575043
schedule,2008-11-01,PRJ_CODE_N16000041,0,0.4313734173774719
schedule,2008-11-01,PRJ_CODE_N16000044,0,0.2084358036518097
schedule,2008-11-01,PRJ_CODE_N16000045,0,0.49694037437438965
schedule,2008-11-01,PRJ_CODE_N16000046,0,0.30080920457839966
schedule,2008-11-01,PRJ_CODE_N18000026,0,0.5334011316299438
schedule,2008-11-01,PRJ_CODE_N18000033,0,0.051505111157894135
schedule,2008-11-01,PRJ_CODE_N18000035,0,0.05130230262875557
schedule,2008-11-01,PRJ_CODE_N18000036,0,0.04391136020421982
schedule,2008-11-01,PRJ_CODE_N18000038,0,0.11577865481376648
schedule,2008-11-01,PRJ_CODE_N18000039,0,0.15674544870853424
schedule,2008-11-01,PRJ_CODE_N18000041,0,0.2806641757488251
schedule,2008-11-01,PRJ_CODE_N22000027,0,0.27835705876350403
schedule,2008-11-01,PRJ_CODE_N22000034,0,0.43916526436805725
schedule,2008-11-01,PRJ_CODE_N22000055,0,0.4118666648864746
schedule,2008-11-01,PRJ_CODE_N24000087,0,0.13976894319057465
schedule,2008-11-01,PRJ_CODE_N24000096,0,0.4836187958717346
schedule,2008-11-01,PRJ_CODE_N24000103,0,0.10130313783884048
schedule,2008-11-01,PRJ_CODE_N24000109,0,0.2481546252965927
schedule,2008-11-01,PRJ_CODE_N24000110,0,0.17327429354190826
schedule,2008-11-01,PRJ_CODE_N25000004,0,0.43350568413734436
schedule,2008-11-01,PRJ_CODE_N26000037,1,0.8618535995483398
schedule,2008-11-01,PRJ_NAME_0148b634ed94a52c,1,0.746084988117218
schedule,2008-11-01,PRJ_NAME_01bb36be5d780c42,1,0.19073864817619324
schedule,2008-11-01,PRJ_NAME_02be49f1af33ce10,0,0.5838311314582825
schedule,2008-11-01,PRJ_NAME_031f72994d7dbd7f,1,0.308169960975647
schedule,2008-11-01,PRJ_NAME_03fc8a15c949f80a,1,0.6197412014007568
schedule,2008-11-01,PRJ_NAME_044dbb0c74dbcd66,0,0.17048023641109467
schedule,2008-11-01,PRJ_NAME_04ec117b502fa2fc,1,0.8879295587539673
schedule,2008-11-01,PRJ_NAME_071db90b2561c624,0,0.5244899392127991
schedule,2008-11-01,PRJ_NAME_07ea46b91674e114,1,0.887874960899353
schedule,2008-11-01,PRJ_NAME_08d5e7262e046649,1,0.915488064289093
schedule,2008-11-01,PRJ_NAME_0a18cd83977c373e,0,0.3731284439563751
schedule,2008-11-01,PRJ_NAME_0dd322c3813d6c3a,0,0.1366286426782608
schedule,2008-11-01,PRJ_NAME_0ec1934275e95d63,0,0.3967331349849701
schedule,2008-11-01,PRJ_NAME_0f4455ed3998e6d8,1,0.526901125907898
schedule,2008-11-01,PRJ_NAME_130bfc84c71ef7a2,1,0.8876060843467712
schedule,2008-11-01,PRJ_NAME_13465e4124695478,1,0.7502961158752441
schedule,2008-11-01,PRJ_NAME_151f0102951fa3de,1,0.8675917983055115
schedule,2008-11-01,PRJ_NAME_15cd63e22af90526,0,0.8841942548751831
schedule,2008-11-01,PRJ_NAME_18355a12f68700aa,1,0.490355521440506
schedule,2008-11-01,PRJ_NAME_189fb3bd8293c6c1,0,0.060000207275152206
schedule,2008-11-01,PRJ_NAME_1a4227e46a37a193,0,0.17272982001304626
schedule,2008-11-01,PRJ_NAME_1a738808aaf509c4,0,0.361718088388443
schedule,2008-11-01,PRJ_NAME_1c2f05e70ddc2ba0,0,0.198264017701149
schedule,2008-11-01,PRJ_NAME_1c3ea68b71060199,0,0.5354254245758057
schedule,2008-11-01,PRJ_NAME_1d6e960595541c80,1,0.5520642399787903
schedule,2008-11-01,PRJ_NAME_1d75640bb5ed8b95,0,0.05680343881249428
schedule,2008-11-01,PRJ_NAME_1ed2a789eb6cab62,0,0.4105822741985321
schedule,2008-11-01,PRJ_NAME_1eff8ca7a4b96f50,1,0.748645007610321
schedule,2008-11-01,PRJ_NAME_1fe91dd7c69d415d,1,0.1710660457611084
schedule,2008-11-01,PRJ_NAME_219f957bece70358,0,0.12090957909822464
schedule,2008-11-01,PRJ_NAME_2243214254bdc3b6,0,0.3779188394546509
schedule,2008-11-01,PRJ_NAME_2275db3ebed6c33b,0,0.5948997139930725
schedule,2008-11-01,PRJ_NAME_27099fbe520779e7,0,0.2756979763507843
schedule,2008-11-01,PRJ_NAME_2830efaac9bd3ae1,0,0.33187630772590637
schedule,2008-11-01,PRJ_NAME_29e7d6d952afc28a,0,0.07152778655290604
schedule,2008-11-01,PRJ_NAME_2a4e6f9884ad87a6,0,0.5229954123497009
schedule,2008-11-01,PRJ_NAME_2bded97125d928ff,0,0.04989217594265938
schedule,2008-11-01,PRJ_NAME_2e6914f23cf6d06e,0,0.39900895953178406
schedule,2008-11-01,PRJ_NAME_2fb8d63d94a43eca,1,0.5481436252593994
schedule,2008-11-01,PRJ_NAME_2fd8e3aeea321592,0,0.29375508427619934
schedule,2008-11-01,PRJ_NAME_3026e066ea75e57c,1,0.7834861874580383
schedule,2008-11-01,PRJ_NAME_30780904c0601eb4,1,0.62199467420578
schedule,2008-11-01,PRJ_NAME_31f55c4357305603,0,0.558957576751709
schedule,2008-11-01,PRJ_NAME_32749c7fa900410a,0,0.8629419803619385
schedule,2008-11-01,PRJ_NAME_3320425e5f0ce323,0,0.38945889472961426
schedule,2008-11-01,PRJ_NAME_3369f7d5b43fa7d2,1,0.20388734340667725
schedule,2008-11-01,PRJ_NAME_33895d35ac5569d9,0,0.5240504145622253
schedule,2008-11-01,PRJ_NAME_33fb60b87eb8ff9e,0,0.5865317583084106
schedule,2008-11-01,PRJ_NAME_3460f446ce2781c4,0,0.6206642985343933
schedule,2008-11-01,PRJ_NAME_36a526c1eeac13dc,0,0.6006003618240356
schedule,2008-11-01,PRJ_NAME_382fe282c2919f7f,1,0.2967189848423004
schedule,2008-11-01,PRJ_NAME_383758ca2b9df234,0,0.39006346464157104
schedule,2008-11-01,PRJ_NAME_38f3fdbcd5c58828,0,0.42617422342300415
schedule,2008-11-01,PRJ_NAME_39ac99e72e901243,0,0.09787771850824356
schedule,2008-11-01,PRJ_NAME_3a1db8515fcdf4a5,0,0.09787365049123764
schedule,2008-11-01,PRJ_NAME_3ba42102e7a1cb94,0,0.5517183542251587
schedule,2008-11-01,PRJ_NAME_3cc205715abfbbda,1,0.5400813817977905
schedule,2008-11-01,PRJ_NAME_3d1869707f6f1703,1,0.5978184938430786
schedule,2008-11-01,PRJ_NAME_3d39735915bca559,0,0.44847628474235535
schedule,2008-11-01,PRJ_NAME_3d531f7ee886ec3a,1,0.7712186574935913
schedule,2008-11-01,PRJ_NAME_3d7a66144aa6ea1b,0,0.5700107216835022
schedule,2008-11-01,PRJ_NAME_3f7caf599973bbc3,0,0.46343863010406494
schedule,2008-11-01,PRJ_NAME_3f9e1ffde78880a6,1,0.550335168838501
schedule,2008-11-01,PRJ_NAME_405a3d72722128e9,0,0.26045742630958557
schedule,2008-11-01,PRJ_NAME_428198aba8296f85,1,0.48600074648857117
schedule,2008-11-01,PRJ_NAME_42d1d873ef0ba864,1,0.9026312232017517
schedule,2008-11-01,PRJ_NAME_42ecbefa35d1eb4b,0,0.27334102988243103
schedule,2008-11-01,PRJ_NAME_448ec218fa67b81f,0,0.514569878578186
schedule,2008-11-01,PRJ_NAME_44d305a8cb81d205,0,0.01712029054760933
schedule,2008-11-01,PRJ_NAME_4521219d33d32e33,1,0.5400813817977905
schedule,2008-11-01,PRJ_NAME_458348a7c75128e0,1,0.7225915193557739
schedule,2008-11-01,PRJ_NAME_461706503ce534ba,1,0.9057396054267883
schedule,2008-11-01,PRJ_NAME_46256f5cb11ca220,1,0.884867250919342
schedule,2008-11-01,PRJ_NAME_46d479c07936c43a,0,0.5819236040115356
schedule,2008-11-01,PRJ_NAME_47651aa52c29c512,1,0.5565590858459473
schedule,2008-11-01,PRJ_NAME_47663b2f2e2c7deb,0,0.9320451021194458
schedule,2008-11-01,PRJ_NAME_480f705f44b440b1,1,0.5368937253952026
schedule,2008-11-01,PRJ_NAME_4b086c663a448f74,0,0.5157042145729065
schedule,2008-11-01,PRJ_NAME_4b3560cba1158b55,0,0.2953811287879944
schedule,2008-11-01,PRJ_NAME_4b9dfeb9724480fe,0,0.30187907814979553
schedule,2008-11-01,PRJ_NAME_4ca147295712f33c,0,0.17761987447738647
schedule,2008-11-01,PRJ_NAME_4cd1f113423267dd,1,0.8469253778457642
schedule,2008-11-01,PRJ_NAME_4f7411701eb10f66,1,0.5833179950714111
schedule,2008-11-01,PRJ_NAME_50522850afa1dc91,1,0.4930168092250824
schedule,2008-11-01,PRJ_NAME_50c6884ee2f6ca3b,1,0.4187016785144806
schedule,2008-11-01,PRJ_NAME_5104a8e32e9a2138,0,0.4452812969684601
schedule,2008-11-01,PRJ_NAME_51dff49a23022387,0,0.1943926215171814
schedule,2008-11-01,PRJ_NAME_52b5fa3569bf9d1f,1,0.6898486018180847
schedule,2008-11-01,PRJ_NAME_5463349fa50ea5f1,1,0.2583973705768585
schedule,2008-11-01,PRJ_NAME_56456c324dd9b83d,0,0.42837849259376526
schedule,2008-11-01,PRJ_NAME_57b41f1ef050cc39,1,0.7358397841453552
schedule,2008-11-01,PRJ_NAME_585544165e75cdb6,0,0.2238156795501709
schedule,2008-11-01,PRJ_NAME_585df2f330882dc3,1,0.5585000514984131
schedule,2008-11-01,PRJ_NAME_593ebae864c1a900,0,0.11818432807922363
schedule,2008-11-01,PRJ_NAME_59e0ef4cf8960ef7,0,0.13373392820358276
schedule,2008-11-01,PRJ_NAME_5aea56bbcfb9dfc0,1,0.38527733087539673
schedule,2008-11-01,PRJ_NAME_5b00690c13f8e548,1,0.8442173600196838
schedule,2008-11-01,PRJ_NAME_5f1025f701729210,1,0.8371384143829346
schedule,2008-11-01,PRJ_NAME_606504db777b5bce,0,0.40914657711982727
schedule,2008-11-01,PRJ_NAME_61d3483ad862194a,0,0.06215798482298851
schedule,2008-11-01,PRJ_NAME_63aaf0b2d67fcc98,0,0.5229191780090332
schedule,2008-11-01,PRJ_NAME_6459d263f5d64b3a,1,0.5654998421669006
schedule,2008-11-01,PRJ_NAME_646374cb7bb8cf53,0,0.2749878466129303
schedule,2008-11-01,PRJ_NAME_65c34046110d1639,0,0.21424633264541626
schedule,2008-11-01,PRJ_NAME_664064542365971b,0,0.3979967534542084
schedule,2008-11-01,PRJ_NAME_668ca797d8e9b02c,0,0.3786576986312866
schedule,2008-11-01,PRJ_NAME_67185f73cdc3ce1a,0,0.07035680115222931
schedule,2008-11-01,PRJ_NAME_67409bba76046d57,1,0.6551617383956909
schedule,2008-11-01,PRJ_NAME_67cd9c954d2467cd,1,0.7947763204574585
schedule,2008-11-01,PRJ_NAME_6ba01d6d5eebf7b1,0,0.5265905857086182
schedule,2008-11-01,PRJ_NAME_6c09acb5a4f410b0,1,0.891488790512085
schedule,2008-11-01,PRJ_NAME_6c264260913ce831,0,0.5282261371612549
schedule,2008-11-01,PRJ_NAME_6f4b9b110ae25321,0,0.42899808287620544
schedule,2008-11-01,PRJ_NAME_6facc9e39db504a9,0,0.30388984084129333
schedule,2008-11-01,PRJ_NAME_71bd13e4c33dc0b3,1,0.5012419819831848
schedule,2008-11-01,PRJ_NAME_743c1bfad7794140,1,0.7518876194953918
schedule,2008-11-01,PRJ_NAME_74470ac7f7e3099a,0,0.47211164236068726
schedule,2008-11-01,PRJ_NAME_74caabeb39aaa1ff,0,0.0732400044798851
schedule,2008-11-01,PRJ_NAME_75ff742cb738b710,1,0.8342240452766418
schedule,2008-11-01,PRJ_NAME_7612955874fcc5a7,0,0.170298770070076
schedule,2008-11-01,PRJ_NAME_768d6fbca51319c9,1,0.5857216119766235
schedule,2008-11-01,PRJ_NAME_772f2a39ea9e3ff1,1,0.7421833872795105
schedule,2008-11-01,PRJ_NAME_78580b681d000474,1,0.7891532778739929
schedule,2008-11-01,PRJ_NAME_78af84562e9d8303,1,0.519666850566864
schedule,2008-11-01,PRJ_NAME_795a352b8cff9c15,1,0.5080649852752686
schedule,2008-11-01,PRJ_NAME_7bb2937937be97a3,0,0.8774622678756714
schedule,2008-11-01,PRJ_NAME_7bde1e0220d753f0,0,0.213027223944664
schedule,2008-11-01,PRJ_NAME_7bfceb0c80fc4b26,1,0.5144743919372559
schedule,2008-11-01,PRJ_NAME_7cf5e2d74eaa776c,1,0.525277316570282
schedule,2008-11-01,PRJ_NAME_7e539bee9aabecfc,1,0.7917935848236084
schedule,2008-11-01,PRJ_NAME_7f25cbd30beb1762,0,0.3193133771419525
schedule,2008-11-01,PRJ_NAME_7fb8a753afa2d26f,1,0.5147351622581482
schedule,2008-11-01,PRJ_NAME_8109073f8b96ea3d,0,0.16294048726558685
schedule,2008-11-01,PRJ_NAME_821e46b4a362bfa4,0,0.45421019196510315
schedule,2008-11-01,PRJ_NAME_83be953b7310deef,1,0.8116655945777893
schedule,2008-11-01,PRJ_NAME_83c86ef936893030,0,0.6798731684684753
schedule,2008-11-01,PRJ_NAME_85caedccc1ec91d7,1,0.23758432269096375
schedule,2008-11-01,PRJ_NAME_8744504c4c933f39,0,0.7204879522323608
schedule,2008-11-01,PRJ_NAME_8749b3c26f418fe8,1,0.6497054100036621
schedule,2008-11-01,PRJ_NAME_88e199e6518abeff,0,0.1207566112279892
schedule,2008-11-01,PRJ_NAME_89388044b4007d2d,0,0.29196998476982117
schedule,2008-11-01,PRJ_NAME_8a468889b5be6da7,1,0.613370954990387
schedule,2008-11-01,PRJ_NAME_8ab7e877d64c6511,0,0.1761433184146881
schedule,2008-11-01,PRJ_NAME_8ae3819b3f43f81d,1,0.3135537803173065
schedule,2008-11-01,PRJ_NAME_8b12c1c1d145c92c,1,0.8878921866416931
schedule,2008-11-01,PRJ_NAME_8b8104a26e4c6712,0,0.7800132036209106
schedule,2008-11-01,PRJ_NAME_8bd10b08124a4095,0,0.13692492246627808
schedule,2008-11-01,PRJ_NAME_8be7ca9862134d65,1,0.8770564198493958
schedule,2008-11-01,PRJ_NAME_8c97fd376f152558,0,0.1719622164964676
schedule,2008-11-01,PRJ_NAME_8cbf7fe2db2e06c4,1,0.490190714597702
schedule,2008-11-01,PRJ_NAME_900650a7b2bd003f,1,0.5120773315429688
schedule,2008-11-01,PRJ_NAME_9124e743c95fcdfd,0,0.4340663254261017
schedule,2008-11-01,PRJ_NAME_936a972c38503df1,1,0.8501942157745361
schedule,2008-11-01,PRJ_NAME_948f0338c1455029,1,0.6160677075386047
schedule,2008-11-01,PRJ_NAME_94aa47edacafbdc0,1,0.43281686305999756
schedule,2008-11-01,PRJ_NAME_95239e307b9972c8,0,0.44692161679267883
schedule,2008-11-01,PRJ_NAME_97175a0bf58860dd,1,0.37371814250946045
schedule,2008-11-01,PRJ_NAME_9785a70d227b0561,0,0.49960169196128845
schedule,2008-11-01,PRJ_NAME_97b6f7489a4660c4,0,0.2818010449409485
schedule,2008-11-01,PRJ_NAME_97ed5e02577c1519,0,0.2436882108449936
schedule,2008-11-01,PRJ_NAME_97eebbdb1660a78f,0,0.5663330554962158
schedule,2008-11-01,PRJ_NAME_98df68b03362bd89,1,0.5837119221687317
schedule,2008-11-01,PRJ_NAME_994deea3959e14e8,0,0.06797146797180176
schedule,2008-11-01,PRJ_NAME_99e2a17559a9ec70,1,0.5112895369529724
schedule,2008-11-01,PRJ_NAME_9d0e19b63480a819,0,0.4526107609272003
schedule,2008-11-01,PRJ_NAME_9d46629b18b18a13,1,0.4362792372703552
schedule,2008-11-01,PRJ_NAME_9dcbefefed4f1065,1,0.8676339983940125
schedule,2008-11-01,PRJ_NAME_9f96903f754912ec,0,0.414547860622406
schedule,2008-11-01,PRJ_NAME_a0207614cb0f6796,0,0.6751648783683777
schedule,2008-11-01,PRJ_NAME_a08949c95f5f94e4,0,0.40735581517219543
schedule,2008-11-01,PRJ_NAME_a21ffd430f8ddb3e,0,0.6000715494155884
schedule,2008-11-01,PRJ_NAME_a28726e807976d7c,0,0.08129572123289108
schedule,2008-11-01,PRJ_NAME_a2b6086beac12343,0,0.5667546987533569
schedule,2008-11-01,PRJ_NAME_a335e78099c07d4e,1,0.6031927466392517
schedule,2008-11-01,PRJ_NAME_a3b710cb5e7fd128,0,0.476504921913147
schedule,2008-11-01,PRJ_NAME_a4a118c53f027fd8,0,0.612471342086792
schedule,2008-11-01,PRJ_NAME_a5facf55cd81ec6a,1,0.5762684345245361
schedule,2008-11-01,PRJ_NAME_a724bba1d815e2ed,1,0.8045253753662109
schedule,2008-11-01,PRJ_NAME_a72ff560bd409bf5,1,0.4098031520843506
schedule,2008-11-01,PRJ_NAME_a937cfc9af78ada5,0,0.12366613000631332
schedule,2008-11-01,PRJ_NAME_a9b6a1b29fb44b4d,0,0.06761064380407333
schedule,2008-11-01,PRJ_NAME_aa6d473f6b178563,0,0.08364565670490265
schedule,2008-11-01,PRJ_NAME_aab2ef5b914f61c7,0,0.5533542037010193
schedule,2008-11-01,PRJ_NAME_ab33d551bf7a3428,0,0.21538196504116058
schedule,2008-11-01,PRJ_NAME_abb3e384d5e3e17e,0,0.6199562549591064
schedule,2008-11-01,PRJ_NAME_ad205b50262bd00e,0,0.16401587426662445
schedule,2008-11-01,PRJ_NAME_ad65def7cbb4d220,0,0.5343717336654663
schedule,2008-11-01,PRJ_NAME_ae2b69d71915b759,0,0.08515341579914093
schedule,2008-11-01,PRJ_NAME_ae82fd1ce70d12ac,1,0.5724790096282959
schedule,2008-11-01,PRJ_NAME_af0c9f115b647286,1,0.4306739270687103
schedule,2008-11-01,PRJ_NAME_b0f1e855a7bac204,1,0.7311227917671204
schedule,2008-11-01,PRJ_NAME_b0f97810618292a9,0,0.48590078949928284
schedule,2008-11-01,PRJ_NAME_b1512f76653de237,1,0.5568045973777771
schedule,2008-11-01,PRJ_NAME_b2682182493efe91,0,0.4641767144203186
schedule,2008-11-01,PRJ_NAME_b2c488bd26cca10c,0,0.42740029096603394
schedule,2008-11-01,PRJ_NAME_b2d22b803981eee8,1,0.34525275230407715
schedule,2008-11-01,PRJ_NAME_b6e5fd16af47d146,1,0.5607271790504456
schedule,2008-11-01,PRJ_NAME_b8fbf98a7f8bce67,0,0.3216353952884674
schedule,2008-11-01,PRJ_NAME_bd212f548385f223,0,0.4447544515132904
schedule,2008-11-01,PRJ_NAME_bddbb3270d5e7de5,1,0.5515535473823547
schedule,2008-11-01,PRJ_NAME_be49f9610c811e3b,1,0.6728672385215759
schedule,2008-11-01,PRJ_NAME_be4dd8e59fd70e64,1,0.8628848791122437
schedule,2008-11-01,PRJ_NAME_be77bfadf345a933,0,0.3744896352291107
schedule,2008-11-01,PRJ_NAME_bfd6c00eaa9b89cf,0,0.16873332858085632
schedule,2008-11-01,PRJ_NAME_c075bbb22a928231,0,0.6949988007545471
schedule,2008-11-01,PRJ_NAME_c0956183b9a97e85,1,0.8310765027999878
schedule,2008-11-01,PRJ_NAME_c0ac792752076ad2,0,0.5006663799285889
schedule,2008-11-01,PRJ_NAME_c15ce771e3c0f96b,0,0.8703726530075073
schedule,2008-11-01,PRJ_NAME_c212eeea90f56dea,0,0.4116921126842499
schedule,2008-11-01,PRJ_NAME_c275be77f0a071f0,0,0.5929008722305298
schedule,2008-11-01,PRJ_NAME_c3a228e23032a307,0,0.5218079686164856
schedule,2008-11-01,PRJ_NAME_c8104187879f677a,1,0.11529946327209473
schedule,2008-11-01,PRJ_NAME_c8ae5b47197f2cbd,0,0.26651787757873535
schedule,2008-11-01,PRJ_NAME_c94f9460203a93dc,0,0.5483575463294983
schedule,2008-11-01,PRJ_NAME_c978cc150aff8427,1,0.47057703137397766
schedule,2008-11-01,PRJ_NAME_ccbbbdd77851b17f,0,0.39700743556022644
schedule,2008-11-01,PRJ_NAME_cd3f28bade7cdf3f,0,0.5549792647361755
schedule,2008-11-01,PRJ_NAME_cd9457461186cc7f,0,0.5534687042236328
schedule,2008-11-01,PRJ_NAME_cdb67326176a171c,0,0.5073407292366028
schedule,2008-11-01,PRJ_NAME_cdcae6a1e043703c,1,0.4045422077178955
schedule,2008-11-01,PRJ_NAME_cde12345f84a4a3f,0,0.5212015509605408
schedule,2008-11-01,PRJ_NAME_ce02d7c9233b7b2b,0,0.286138117313385
schedule,2008-11-01,PRJ_NAME_ce28e0c01122d9a3,0,0.14861129224300385
schedule,2008-11-01,PRJ_NAME_cfd4b764bee5cea2,1,0.7729272246360779
schedule,2008-11-01,PRJ_NAME_d0878df8cfcdf42f,0,0.2097497284412384
schedule,2008-11-01,PRJ_NAME_d1393c6cc2e166bc,0,0.4177015423774719
schedule,2008-11-01,PRJ_NAME_d13dd04a176c25c0,0,0.4920998215675354
schedule,2008-11-01,PRJ_NAME_d18924e42365941a,0,0.43705031275749207
schedule,2008-11-01,PRJ_NAME_d24144e6f0823613,0,0.6122614741325378
schedule,2008-11-01,PRJ_NAME_d3afd09bf7ff8e81,1,0.8571644425392151
schedule,2008-11-01,PRJ_NAME_d445a5d5362052c6,0,0.44899293780326843
schedule,2008-11-01,PRJ_NAME_d451cd9406956965,1,0.5725137591362
schedule,2008-11-01,PRJ_NAME_d4f1b277d89fa84d,1,0.38512471318244934
schedule,2008-11-01,PRJ_NAME_d5f128d4a5054966,1,0.47749558091163635
schedule,2008-11-01,PRJ_NAME_d853374d6e3396f9,0,0.4459117650985718
schedule,2008-11-01,PRJ_NAME_d9a2644b07dd9609,0,0.557270348072052
schedule,2008-11-01,PRJ_NAME_d9abd1f8dd32a440,0,0.3642370104789734
schedule,2008-11-01,PRJ_NAME_da2989779a8ff72c,1,0.5130515694618225
schedule,2008-11-01,PRJ_NAME_da5ec8a0b84f42c9,0,0.13152554631233215
schedule,2008-11-01,PRJ_NAME_da983b82e27b4901,0,0.1812276393175125
schedule,2008-11-01,PRJ_NAME_dab1c247fc9689d6,1,0.4778227210044861
schedule,2008-11-01,PRJ_NAME_dc3bcf024b79a8b1,1,0.9121192097663879
schedule,2008-11-01,PRJ_NAME_dcc1ad452b4d494f,0,0.4353434145450592
schedule,2008-11-01,PRJ_NAME_de0e3def822551a6,0,0.4602836072444916
schedule,2008-11-01,PRJ_NAME_de105ab0c897498e,0,0.8680859804153442
schedule,2008-11-01,PRJ_NAME_de4691d50c7854e9,1,0.46851399540901184
schedule,2008-11-01,PRJ_NAME_de988147e22ef9e9,0,0.563380241394043
schedule,2008-11-01,PRJ_NAME_dea5735eb1f597db,0,0.6168582439422607
schedule,2008-11-01,PRJ_NAME_e040a7f92ba61461,1,0.8418371081352234
schedule,2008-11-01,PRJ_NAME_e29ab136f3a33626,0,0.30425724387168884
schedule,2008-11-01,PRJ_NAME_e3b98145bde44d46,1,0.5654322504997253
schedule,2008-11-01,PRJ_NAME_e49f43acc263936a,0,0.4788140654563904
schedule,2008-11-01,PRJ_NAME_e62fcb5fa64380ee,1,0.6690231561660767
schedule,2008-11-01,PRJ_NAME_e633f015dd0714c6,1,0.8421683311462402
schedule,2008-11-01,PRJ_NAME_e703030c25d32ad8,0,0.5071272253990173
schedule,2008-11-01,PRJ_NAME_e84f668cb9ad9062,1,0.8572461605072021
schedule,2008-11-01,PRJ_NAME_e86ebf75d270663b,0,0.5267112255096436
schedule,2008-11-01,PRJ_NAME_e8dc1ea5468f8536,1,0.8596055507659912
schedule,2008-11-01,PRJ_NAME_e96e2471ac2f3b45,0,0.433984637260437
schedule,2008-11-01,PRJ_NAME_e9b6b723340d4c91,0,0.2537049949169159
schedule,2008-11-01,PRJ_NAME_e9fe972727df6e0b,0,0.537517786026001
schedule,2008-11-01,PRJ_NAME_ea175320bc252402,1,0.6864345073699951
schedule,2008-11-01,PRJ_NAME_ea1e86cb1e4986d2,0,0.4125489294528961
schedule,2008-11-01,PRJ_NAME_ebc6dcee9d022d3a,0,0.22604267299175262
schedule,2008-11-01,PRJ_NAME_ec1e093fd79e2785,0,0.6568252444267273
schedule,2008-11-01,PRJ_NAME_ed6774d8331350b8,0,0.1560758501291275
schedule,2008-11-01,PRJ_NAME_ee3707ee0a1cef17,1,0.5173311829566956
schedule,2008-11-01,PRJ_NAME_efcf5742fcf89d7b,0,0.28811636567115784
schedule,2008-11-01,PRJ_NAME_f024d0aab05e20d7,0,0.2176460474729538
schedule,2008-11-01,PRJ_NAME_f36c1b98ac886591,1,0.8595823049545288
schedule,2008-11-01,PRJ_NAME_f624496644477d91,0,0.16744421422481537
schedule,2008-11-01,PRJ_NAME_f786e2a7af40255c,1,0.8987007141113281
schedule,2008-11-01,PRJ_NAME_f84ae1a96a985b34,0,0.5258313417434692
schedule,2008-11-01,PRJ_NAME_f879b222d9328370,0,0.6213950514793396
schedule,2008-11-01,PRJ_NAME_f8eaa312aa060cb3,0,0.49939242005348206
schedule,2008-11-01,PRJ_NAME_fb19344c6251c9fb,1,0.8417091369628906
schedule,2008-11-01,PRJ_NAME_fc292aca755942af,0,0.3277173340320587
schedule,2008-11-01,PRJ_NAME_fd1dea69b6da9e70,1,0.887874960899353
schedule,2008-11-01,PRJ_NAME_fd8d3d06b187c533,0,0.5161511898040771
schedule,2008-11-01,PRJ_NAME_fe67148516aa3153,0,0.4657284617424011
schedule,2008-11-01,PRJ_NAME_ff0d002a5fc980a2,0,0.8368431925773621
schedule,2008-11-01,PRJ_NAME_ffd0b9ce6984e556,1,0.6024269461631775
schedule,2008-12-01,PRJ_CODE_020100040,1,0.7075818777084351
schedule,2008-12-01,PRJ_CODE_020100044,0,0.44636332988739014
schedule,2008-12-01,PRJ_CODE_060100087,1,0.6041042804718018
schedule,2008-12-01,PRJ_CODE_060100088,1,0.558699905872345
schedule,2008-12-01,PRJ_CODE_060100090,1,0.5446120500564575
schedule,2008-12-01,PRJ_CODE_060100092,0,0.4129224121570587
schedule,2008-12-01,PRJ_CODE_060100094,0,0.29360100626945496
schedule,2008-12-01,PRJ_CODE_100100054,1,0.9256768822669983
schedule,2008-12-01,PRJ_CODE_120100067,0,0.5422139167785645
schedule,2008-12-01,PRJ_CODE_160100168,1,0.8219512104988098
schedule,2008-12-01,PRJ_CODE_160100236,0,0.8131974935531616
schedule,2008-12-01,PRJ_CODE_160100289,0,0.30520400404930115
schedule,2008-12-01,PRJ_CODE_160100292,0,0.30624184012413025
schedule,2008-12-01,PRJ_CODE_180100246,0,0.4686087369918823
schedule,2008-12-01,PRJ_CODE_180100247,1,0.8548175096511841
schedule,2008-12-01,PRJ_CODE_180100251,0,0.31216713786125183
schedule,2008-12-01,PRJ_CODE_180100253,0,0.3470369577407837
schedule,2008-12-01,PRJ_CODE_180100256,0,0.4893610179424286
schedule,2008-12-01,PRJ_CODE_180100260,0,0.3523103594779968
schedule,2008-12-01,PRJ_CODE_180100261,1,0.24403075873851776
schedule,2008-12-01,PRJ_CODE_220100009,0,0.37522655725479126
schedule,2008-12-01,PRJ_CODE_220100226,1,0.19367451965808868
schedule,2008-12-01,PRJ_CODE_220100266,0,0.6331594586372375
schedule,2008-12-01,PRJ_CODE_220100268,1,0.5971939563751221
schedule,2008-12-01,PRJ_CODE_220100279,0,0.3928210139274597
schedule,2008-12-01,PRJ_CODE_220100288,0,0.24484416842460632
schedule,2008-12-01,PRJ_CODE_220100307,1,0.672346293926239
schedule,2008-12-01,PRJ_CODE_220100308,1,0.3610139787197113
schedule,2008-12-01,PRJ_CODE_220100318,0,0.538968026638031
schedule,2008-12-01,PRJ_CODE_220100322,0,0.1657380759716034
schedule,2008-12-01,PRJ_CODE_250100174,0,0.3505761921405792
schedule,2008-12-01,PRJ_CODE_260100100,0,0.12782923877239227
schedule,2008-12-01,PRJ_CODE_N04000016,1,0.7705098986625671
schedule,2008-12-01,PRJ_CODE_N06000007,0,0.2417035549879074
schedule,2008-12-01,PRJ_CODE_N06000009,0,0.1261001080274582
schedule,2008-12-01,PRJ_CODE_N06000015,1,0.09155197441577911
schedule,2008-12-01,PRJ_CODE_N06000016,0,0.043156303465366364
schedule,2008-12-01,PRJ_CODE_N06000020,1,0.2967795729637146
schedule,2008-12-01,PRJ_CODE_N06000030,0,0.09588495641946793
schedule,2008-12-01,PRJ_CODE_N06000033,0,0.09510143101215363
schedule,2008-12-01,PRJ_CODE_N06000034,0,0.07555074989795685
schedule,2008-12-01,PRJ_CODE_N06000035,0,0.09474370628595352
schedule,2008-12-01,PRJ_CODE_N06000042,0,0.08022405207157135
schedule,2008-12-01,PRJ_CODE_N06000043,0,0.08745807409286499
schedule,2008-12-01,PRJ_CODE_N06000044,0,0.7848012447357178
schedule,2008-12-01,PRJ_CODE_N06000046,0,0.04724258929491043
schedule,2008-12-01,PRJ_CODE_N06000047,0,0.2295345962047577
schedule,2008-12-01,PRJ_CODE_N12000022,1,0.7934466600418091
schedule,2008-12-01,PRJ_CODE_N12000024,0,0.27844932675361633
schedule,2008-12-01,PRJ_CODE_N12000033,0,0.28785765171051025
schedule,2008-12-01,PRJ_CODE_N12000036,0,0.5577256679534912
schedule,2008-12-01,PRJ_CODE_N12000037,1,0.37501248717308044
schedule,2008-12-01,PRJ_CODE_N12000038,0,0.2627263069152832
schedule,2008-12-01,PRJ_CODE_N12000039,0,0.30867165327072144
schedule,2008-12-01,PRJ_CODE_N12000050,0,0.2683063745498657
schedule,2008-12-01,PRJ_CODE_N12000051,0,0.10176759958267212
schedule,2008-12-01,PRJ_CODE_N12000052,0,0.1467961221933365
schedule,2008-12-01,PRJ_CODE_N12000053,1,0.16498278081417084
schedule,2008-12-01,PRJ_CODE_N12000055,0,0.20335151255130768
schedule,2008-12-01,PRJ_CODE_N12000057,1,0.23640765249729156
schedule,2008-12-01,PRJ_CODE_N16000017,1,0.48091036081314087
schedule,2008-12-01,PRJ_CODE_N16000021,0,0.23778672516345978
schedule,2008-12-01,PRJ_CODE_N16000023,1,0.7617233395576477
schedule,2008-12-01,PRJ_CODE_N16000028,0,0.611733615398407
schedule,2008-12-01,PRJ_CODE_N16000029,0,0.5170305371284485
schedule,2008-12-01,PRJ_CODE_N16000030,0,0.2840387225151062
schedule,2008-12-01,PRJ_CODE_N16000032,1,0.2738896310329437
schedule,2008-12-01,PRJ_CODE_N16000033,1,0.547016441822052
schedule,2008-12-01,PRJ_CODE_N16000034,0,0.27087485790252686
schedule,2008-12-01,PRJ_CODE_N16000035,0,0.2239246815443039
schedule,2008-12-01,PRJ_CODE_N16000036,0,0.2076594978570938
schedule,2008-12-01,PRJ_CODE_N16000037,0,0.2314332127571106
schedule,2008-12-01,PRJ_CODE_N16000038,0,0.17780403792858124
schedule,2008-12-01,PRJ_CODE_N16000041,0,0.5029663443565369
schedule,2008-12-01,PRJ_CODE_N16000044,0,0.2467176765203476
schedule,2008-12-01,PRJ_CODE_N16000045,0,0.7197871804237366
schedule,2008-12-01,PRJ_CODE_N16000046,0,0.2927558124065399
schedule,2008-12-01,PRJ_CODE_N18000026,0,0.6169397234916687
schedule,2008-12-01,PRJ_CODE_N18000033,0,0.07365737855434418
schedule,2008-12-01,PRJ_CODE_N18000036,0,0.03389817848801613
schedule,2008-12-01,PRJ_CODE_N18000038,0,0.061225078999996185
schedule,2008-12-01,PRJ_CODE_N18000039,0,0.06552321463823318
schedule,2008-12-01,PRJ_CODE_N18000041,0,0.13159841299057007
schedule,2008-12-01,PRJ_CODE_N18000043,0,0.1518598198890686
schedule,2008-12-01,PRJ_CODE_N22000027,1,0.35742777585983276
schedule,2008-12-01,PRJ_CODE_N22000034,0,0.5796235203742981
schedule,2008-12-01,PRJ_CODE_N22000055,1,0.6024865508079529
schedule,2008-12-01,PRJ_CODE_N24000087,0,0.3895989656448364
schedule,2008-12-01,PRJ_CODE_N24000096,0,0.5598718523979187
schedule,2008-12-01,PRJ_CODE_N24000109,0,0.30689215660095215
schedule,2008-12-01,PRJ_CODE_N24000110,0,0.20497238636016846
schedule,2008-12-01,PRJ_CODE_N25000015,0,0.6216247081756592
schedule,2008-12-01,PRJ_CODE_N26000037,1,0.7011274099349976
schedule,2008-12-01,PRJ_CODE_N26000047,0,0.8121506571769714
schedule,2008-12-01,PRJ_CODE_N26000049,1,0.9247921109199524
schedule,2008-12-01,PRJ_NAME_0080b6343e871911,0,0.7168760299682617
schedule,2008-12-01,PRJ_NAME_0148b634ed94a52c,1,0.8602660894393921
schedule,2008-12-01,PRJ_NAME_01bb36be5d780c42,1,0.2820793092250824
schedule,2008-12-01,PRJ_NAME_02be49f1af33ce10,0,0.7099564671516418
schedule,2008-12-01,PRJ_NAME_03fc8a15c949f80a,1,0.8236648440361023
schedule,2008-12-01,PRJ_NAME_04b418019af3cf9c,0,0.15794335305690765
schedule,2008-12-01,PRJ_NAME_04ec117b502fa2fc,1,0.933669924736023
schedule,2008-12-01,PRJ_NAME_071db90b2561c624,0,0.6132165193557739
schedule,2008-12-01,PRJ_NAME_07ea46b91674e114,1,0.8816236257553101
schedule,2008-12-01,PRJ_NAME_08d5e7262e046649,1,0.9065026640892029
schedule,2008-12-01,PRJ_NAME_0a18cd83977c373e,0,0.5703027844429016
schedule,2008-12-01,PRJ_NAME_0dd322c3813d6c3a,0,0.18556247651576996
schedule,2008-12-01,PRJ_NAME_0ec1934275e95d63,0,0.5454209446907043
schedule,2008-12-01,PRJ_NAME_0f4455ed3998e6d8,1,0.6814489364624023
schedule,2008-12-01,PRJ_NAME_130bfc84c71ef7a2,1,0.9424679279327393
schedule,2008-12-01,PRJ_NAME_13465e4124695478,1,0.7978798747062683
schedule,2008-12-01,PRJ_NAME_151f0102951fa3de,1,0.9091489315032959
schedule,2008-12-01,PRJ_NAME_15cd63e22af90526,0,0.8843688368797302
schedule,2008-12-01,PRJ_NAME_18355a12f68700aa,1,0.5904073715209961
schedule,2008-12-01,PRJ_NAME_189fb3bd8293c6c1,0,0.044446252286434174
schedule,2008-12-01,PRJ_NAME_1a4227e46a37a193,0,0.26226961612701416
schedule,2008-12-01,PRJ_NAME_1a738808aaf509c4,0,0.5251242518424988
schedule,2008-12-01,PRJ_NAME_1c2f05e70ddc2ba0,0,0.22167791426181793
schedule,2008-12-01,PRJ_NAME_1c3ea68b71060199,0,0.7012508511543274
schedule,2008-12-01,PRJ_NAME_1d6e960595541c80,1,0.2696855962276459
schedule,2008-12-01,PRJ_NAME_1d75640bb5ed8b95,0,0.07246530801057816
schedule,2008-12-01,PRJ_NAME_1ed2a789eb6cab62,0,0.5621281266212463
schedule,2008-12-01,PRJ_NAME_1eff8ca7a4b96f50,1,0.873732328414917
schedule,2008-12-01,PRJ_NAME_1fe91dd7c69d415d,1,0.24580390751361847
schedule,2008-12-01,PRJ_NAME_219f957bece70358,0,0.1559028923511505
schedule,2008-12-01,PRJ_NAME_2243214254bdc3b6,0,0.5730530023574829
schedule,2008-12-01,PRJ_NAME_2275db3ebed6c33b,0,0.6817795038223267
schedule,2008-12-01,PRJ_NAME_27099fbe520779e7,0,0.47488918900489807
schedule,2008-12-01,PRJ_NAME_2830efaac9bd3ae1,1,0.4248507022857666
schedule,2008-12-01,PRJ_NAME_29e7d6d952afc28a,0,0.04771486297249794
schedule,2008-12-01,PRJ_NAME_2a4e6f9884ad87a6,1,0.659510612487793
schedule,2008-12-01,PRJ_NAME_2bded97125d928ff,0,0.06649894267320633
schedule,2008-12-01,PRJ_NAME_2e6914f23cf6d06e,0,0.6856229901313782
schedule,2008-12-01,PRJ_NAME_2fb8d63d94a43eca,1,0.8048565983772278
schedule,2008-12-01,PRJ_NAME_2fd8e3aeea321592,0,0.3843584358692169
schedule,2008-12-01,PRJ_NAME_3026e066ea75e57c,1,0.8653244376182556
schedule,2008-12-01,PRJ_NAME_30780904c0601eb4,1,0.7977882623672485
schedule,2008-12-01,PRJ_NAME_31f55c4357305603,0,0.48616400361061096
schedule,2008-12-01,PRJ_NAME_3320425e5f0ce323,0,0.5530055165290833
schedule,2008-12-01,PRJ_NAME_3369f7d5b43fa7d2,1,0.3424549400806427
schedule,2008-12-01,PRJ_NAME_33895d35ac5569d9,0,0.5825790166854858
schedule,2008-12-01,PRJ_NAME_3460f446ce2781c4,0,0.7036108374595642
schedule,2008-12-01,PRJ_NAME_36a526c1eeac13dc,0,0.5906542539596558
schedule,2008-12-01,PRJ_NAME_382fe282c2919f7f,1,0.5186817049980164
schedule,2008-12-01,PRJ_NAME_383758ca2b9df234,0,0.46223533153533936
schedule,2008-12-01,PRJ_NAME_38f3fdbcd5c58828,0,0.5927420258522034
schedule,2008-12-01,PRJ_NAME_39ac99e72e901243,0,0.14401626586914062
schedule,2008-12-01,PRJ_NAME_3a1db8515fcdf4a5,0,0.08173395693302155
schedule,2008-12-01,PRJ_NAME_3ba42102e7a1cb94,1,0.6802558302879333
schedule,2008-12-01,PRJ_NAME_3cc205715abfbbda,1,0.7305945754051208
schedule,2008-12-01,PRJ_NAME_3d1869707f6f1703,1,0.7200609445571899
schedule,2008-12-01,PRJ_NAME_3d39735915bca559,0,0.6871015429496765
schedule,2008-12-01,PRJ_NAME_3d531f7ee886ec3a,1,0.8800515532493591
schedule,2008-12-01,PRJ_NAME_3d7a66144aa6ea1b,1,0.7182278037071228
schedule,2008-12-01,PRJ_NAME_3f7caf599973bbc3,0,0.5490732789039612
schedule,2008-12-01,PRJ_NAME_3f9e1ffde78880a6,1,0.798739492893219
schedule,2008-12-01,PRJ_NAME_405a3d72722128e9,0,0.29837462306022644
schedule,2008-12-01,PRJ_NAME_428198aba8296f85,0,0.08469780534505844
schedule,2008-12-01,PRJ_NAME_42d1d873ef0ba864,1,0.9316526651382446
schedule,2008-12-01,PRJ_NAME_42df200967d78962,1,0.6306641697883606
schedule,2008-12-01,PRJ_NAME_42ecbefa35d1eb4b,0,0.36974257230758667
schedule,2008-12-01,PRJ_NAME_448ec218fa67b81f,1,0.6450789570808411
schedule,2008-12-01,PRJ_NAME_44d305a8cb81d205,0,0.016609540209174156
schedule,2008-12-01,PRJ_NAME_4521219d33d32e33,1,0.7318951487541199
schedule,2008-12-01,PRJ_NAME_458348a7c75128e0,1,0.9103127121925354
schedule,2008-12-01,PRJ_NAME_46d479c07936c43a,0,0.6798827052116394
schedule,2008-12-01,PRJ_NAME_47651aa52c29c512,1,0.5614248514175415
schedule,2008-12-01,PRJ_NAME_480f705f44b440b1,1,0.794674813747406
schedule,2008-12-01,PRJ_NAME_4b086c663a448f74,0,0.5878190398216248
schedule,2008-12-01,PRJ_NAME_4b3560cba1158b55,1,0.3910180628299713
schedule,2008-12-01,PRJ_NAME_4b9dfeb9724480fe,0,0.3899874985218048
schedule,2008-12-01,PRJ_NAME_4ca147295712f33c,0,0.17268885672092438
schedule,2008-12-01,PRJ_NAME_4cd1f113423267dd,0,0.5341883301734924
schedule,2008-12-01,PRJ_NAME_4f40123fccde344d,0,0.5103738307952881
schedule,2008-12-01,PRJ_NAME_4f7411701eb10f66,1,0.8251439929008484
schedule,2008-12-01,PRJ_NAME_50522850afa1dc91,1,0.6181856989860535
schedule,2008-12-01,PRJ_NAME_50c6884ee2f6ca3b,1,0.5354377627372742
schedule,2008-12-01,PRJ_NAME_51dff49a23022387,0,0.21115893125534058
schedule,2008-12-01,PRJ_NAME_52b5fa3569bf9d1f,1,0.8319084644317627
schedule,2008-12-01,PRJ_NAME_5463349fa50ea5f1,1,0.4380813539028168
schedule,2008-12-01,PRJ_NAME_56456c324dd9b83d,1,0.5479987263679504
schedule,2008-12-01,PRJ_NAME_57b41f1ef050cc39,1,0.8459773063659668
schedule,2008-12-01,PRJ_NAME_585544165e75cdb6,0,0.35716867446899414
schedule,2008-12-01,PRJ_NAME_585df2f330882dc3,1,0.68373703956604
schedule,2008-12-01,PRJ_NAME_593ebae864c1a900,0,0.39674094319343567
schedule,2008-12-01,PRJ_NAME_59e0ef4cf8960ef7,0,0.1243176981806755
schedule,2008-12-01,PRJ_NAME_5aea56bbcfb9dfc0,1,0.5499268770217896
schedule,2008-12-01,PRJ_NAME_5b00690c13f8e548,1,0.8046677112579346
schedule,2008-12-01,PRJ_NAME_5f1025f701729210,1,0.9115694761276245
schedule,2008-12-01,PRJ_NAME_606504db777b5bce,1,0.6809735894203186
schedule,2008-12-01,PRJ_NAME_61d3483ad862194a,0,0.06549105793237686
schedule,2008-12-01,PRJ_NAME_636065c530891da0,0,0.1413392573595047
schedule,2008-12-01,PRJ_NAME_63aaf0b2d67fcc98,0,0.6383727788925171
schedule,2008-12-01,PRJ_NAME_6459d263f5d64b3a,1,0.7951075434684753
schedule,2008-12-01,PRJ_NAME_646374cb7bb8cf53,0,0.09692371636629105
schedule,2008-12-01,PRJ_NAME_65c34046110d1639,0,0.20171047747135162
schedule,2008-12-01,PRJ_NAME_664064542365971b,0,0.5642781853675842
schedule,2008-12-01,PRJ_NAME_668ca797d8e9b02c,0,0.5751675963401794
schedule,2008-12-01,PRJ_NAME_67185f73cdc3ce1a,0,0.07647408545017242
schedule,2008-12-01,PRJ_NAME_67409bba76046d57,1,0.8144356608390808
schedule,2008-12-01,PRJ_NAME_67cd9c954d2467cd,1,0.8178173899650574
schedule,2008-12-01,PRJ_NAME_6ba01d6d5eebf7b1,0,0.6470599174499512
schedule,2008-12-01,PRJ_NAME_6c09acb5a4f410b0,1,0.9360711574554443
schedule,2008-12-01,PRJ_NAME_6c264260913ce831,0,0.6959899067878723
schedule,2008-12-01,PRJ_NAME_6f4b9b110ae25321,0,0.48973339796066284
schedule,2008-12-01,PRJ_NAME_71bd13e4c33dc0b3,1,0.6303259134292603
schedule,2008-12-01,PRJ_NAME_743c1bfad7794140,1,0.8601886630058289
schedule,2008-12-01,PRJ_NAME_74470ac7f7e3099a,0,0.6110733151435852
schedule,2008-12-01,PRJ_NAME_74caabeb39aaa1ff,0,0.08857229351997375
schedule,2008-12-01,PRJ_NAME_75ff742cb738b710,1,0.9117811322212219
schedule,2008-12-01,PRJ_NAME_7612955874fcc5a7,0,0.33499494194984436
schedule,2008-12-01,PRJ_NAME_772f2a39ea9e3ff1,1,0.8297762274742126
schedule,2008-12-01,PRJ_NAME_78580b681d000474,1,0.8170919418334961
schedule,2008-12-01,PRJ_NAME_78af84562e9d8303,1,0.7557030320167542
schedule,2008-12-01,PRJ_NAME_795a352b8cff9c15,1,0.6592817902565002
schedule,2008-12-01,PRJ_NAME_7bde1e0220d753f0,0,0.23960785567760468
schedule,2008-12-01,PRJ_NAME_7bfceb0c80fc4b26,1,0.6521798968315125
schedule,2008-12-01,PRJ_NAME_7cf5e2d74eaa776c,1,0.6368569135665894
schedule,2008-12-01,PRJ_NAME_7d78ecb0b46befe0,0,0.11941076070070267
schedule,2008-12-01,PRJ_NAME_7e539bee9aabecfc,0,0.7867460250854492
schedule,2008-12-01,PRJ_NAME_7f25cbd30beb1762,0,0.23337797820568085
schedule,2008-12-01,PRJ_NAME_7fb8a753afa2d26f,1,0.7769641280174255
schedule,2008-12-01,PRJ_NAME_8109073f8b96ea3d,0,0.2797277867794037
schedule,2008-12-01,PRJ_NAME_821e46b4a362bfa4,0,0.6239861845970154
schedule,2008-12-01,PRJ_NAME_82a1b3cc725dd309,0,0.14676804840564728
schedule,2008-12-01,PRJ_NAME_85caedccc1ec91d7,0,0.19503836333751678
schedule,2008-12-01,PRJ_NAME_8744504c4c933f39,0,0.8395587801933289
schedule,2008-12-01,PRJ_NAME_8749b3c26f418fe8,1,0.6727545857429504
schedule,2008-12-01,PRJ_NAME_88e199e6518abeff,0,0.13982246816158295
schedule,2008-12-01,PRJ_NAME_89388044b4007d2d,0,0.273908793926239
schedule,2008-12-01,PRJ_NAME_8a468889b5be6da7,1,0.6900189518928528
schedule,2008-12-01,PRJ_NAME_8ab7e877d64c6511,0,0.26680588722229004
schedule,2008-12-01,PRJ_NAME_8ae3819b3f43f81d,1,0.40602877736091614
schedule,2008-12-01,PRJ_NAME_8b12c1c1d145c92c,0,0.3095274567604065
schedule,2008-12-01,PRJ_NAME_8bd10b08124a4095,0,0.1531480997800827
schedule,2008-12-01,PRJ_NAME_8be7ca9862134d65,1,0.9152224659919739
schedule,2008-12-01,PRJ_NAME_8c97fd376f152558,0,0.2009083479642868
schedule,2008-12-01,PRJ_NAME_8cbf7fe2db2e06c4,1,0.625454306602478
schedule,2008-12-01,PRJ_NAME_900650a7b2bd003f,1,0.6354160904884338
schedule,2008-12-01,PRJ_NAME_9124e743c95fcdfd,0,0.6357970237731934
schedule,2008-12-01,PRJ_NAME_936a972c38503df1,1,0.9434602856636047
schedule,2008-12-01,PRJ_NAME_948f0338c1455029,1,0.882908046245575
schedule,2008-12-01,PRJ_NAME_94aa47edacafbdc0,1,0.6310468316078186
schedule,2008-12-01,PRJ_NAME_95239e307b9972c8,0,0.500458836555481
schedule,2008-12-01,PRJ_NAME_958f5742195aba52,1,0.6705970168113708
schedule,2008-12-01,PRJ_NAME_9785a70d227b0561,0,0.6722778677940369
schedule,2008-12-01,PRJ_NAME_97b6f7489a4660c4,0,0.46172863245010376
schedule,2008-12-01,PRJ_NAME_97ed5e02577c1519,0,0.24051180481910706
schedule,2008-12-01,PRJ_NAME_97eebbdb1660a78f,0,0.6778990626335144
schedule,2008-12-01,PRJ_NAME_98df68b03362bd89,1,0.8335195183753967
schedule,2008-12-01,PRJ_NAME_994deea3959e14e8,0,0.0961022824048996
schedule,2008-12-01,PRJ_NAME_9c4eb4d2eb8f9719,0,0.7199715375900269
schedule,2008-12-01,PRJ_NAME_9d0e19b63480a819,0,0.5593018531799316
schedule,2008-12-01,PRJ_NAME_9d46629b18b18a13,1,0.7618903517723083
schedule,2008-12-01,PRJ_NAME_9dcbefefed4f1065,1,0.7862460017204285
schedule,2008-12-01,PRJ_NAME_9f96903f754912ec,0,0.39845889806747437
schedule,2008-12-01,PRJ_NAME_a08949c95f5f94e4,0,0.5191616415977478
schedule,2008-12-01,PRJ_NAME_a0a5f3764ae5f253,0,0.059193409979343414
schedule,2008-12-01,PRJ_NAME_a21ffd430f8ddb3e,0,0.7071467638015747
schedule,2008-12-01,PRJ_NAME_a28726e807976d7c,0,0.06786227226257324
schedule,2008-12-01,PRJ_NAME_a2b6086beac12343,0,0.6538251042366028
schedule,2008-12-01,PRJ_NAME_a335e78099c07d4e,1,0.8150662183761597
schedule,2008-12-01,PRJ_NAME_a3b710cb5e7fd128,0,0.6984981894493103
schedule,2008-12-01,PRJ_NAME_a4a118c53f027fd8,1,0.8021026849746704
schedule,2008-12-01,PRJ_NAME_a5facf55cd81ec6a,1,0.6949074864387512
schedule,2008-12-01,PRJ_NAME_a72ff560bd409bf5,1,0.5474968552589417
schedule,2008-12-01,PRJ_NAME_a8681fc4ddd077de,1,0.7777041792869568
schedule,2008-12-01,PRJ_NAME_a937cfc9af78ada5,0,0.12606282532215118
schedule,2008-12-01,PRJ_NAME_a9b6a1b29fb44b4d,0,0.08286432176828384
schedule,2008-12-01,PRJ_NAME_aa6d473f6b178563,0,0.08535195142030716
schedule,2008-12-01,PRJ_NAME_aab2ef5b914f61c7,0,0.6487933993339539
schedule,2008-12-01,PRJ_NAME_ab33d551bf7a3428,0,0.2739039361476898
schedule,2008-12-01,PRJ_NAME_abb3e384d5e3e17e,1,0.7235572934150696
schedule,2008-12-01,PRJ_NAME_ad205b50262bd00e,0,0.20157325267791748
schedule,2008-12-01,PRJ_NAME_ad65def7cbb4d220,0,0.654017448425293
schedule,2008-12-01,PRJ_NAME_ae2b69d71915b759,0,0.15025058388710022
schedule,2008-12-01,PRJ_NAME_ae82fd1ce70d12ac,1,0.6138444542884827
schedule,2008-12-01,PRJ_NAME_af0c9f115b647286,1,0.5705738663673401
schedule,2008-12-01,PRJ_NAME_b0f1e855a7bac204,1,0.8484874963760376
schedule,2008-12-01,PRJ_NAME_b0f97810618292a9,0,0.6126267910003662
schedule,2008-12-01,PRJ_NAME_b1512f76653de237,1,0.5970653295516968
schedule,2008-12-01,PRJ_NAME_b2682182493efe91,0,0.5820688605308533
schedule,2008-12-01,PRJ_NAME_b2c488bd26cca10c,0,0.6286929249763489
schedule,2008-12-01,PRJ_NAME_b2d22b803981eee8,1,0.4972964823246002
schedule,2008-12-01,PRJ_NAME_b4cc5ce51e200cdf,0,0.1125832200050354
schedule,2008-12-01,PRJ_NAME_b6e5fd16af47d146,1,0.6710429191589355
schedule,2008-12-01,PRJ_NAME_b8fbf98a7f8bce67,1,0.360076904296875
schedule,2008-12-01,PRJ_NAME_bd212f548385f223,0,0.6034749150276184
schedule,2008-12-01,PRJ_NAME_bddbb3270d5e7de5,1,0.6772758364677429
schedule,2008-12-01,PRJ_NAME_be49f9610c811e3b,1,0.9009948372840881
schedule,2008-12-01,PRJ_NAME_be4dd8e59fd70e64,0,0.4559759497642517
schedule,2008-12-01,PRJ_NAME_be77bfadf345a933,0,0.4738631546497345
schedule,2008-12-01,PRJ_NAME_bef6e5f20fc79cc6,1,0.2707807421684265
schedule,2008-12-01,PRJ_NAME_bfd6c00eaa9b89cf,0,0.18463170528411865
schedule,2008-12-01,PRJ_NAME_c075bbb22a928231,0,0.8651732206344604
schedule,2008-12-01,PRJ_NAME_c0956183b9a97e85,1,0.9096635580062866
schedule,2008-12-01,PRJ_NAME_c0ac792752076ad2,0,0.6452221274375916
schedule,2008-12-01,PRJ_NAME_c15ce771e3c0f96b,0,0.8738498091697693
schedule,2008-12-01,PRJ_NAME_c1aba92cd17a7067,1,0.9007313251495361
schedule,2008-12-01,PRJ_NAME_c212eeea90f56dea,0,0.6660598516464233
schedule,2008-12-01,PRJ_NAME_c275be77f0a071f0,0,0.6851986050605774
schedule,2008-12-01,PRJ_NAME_c3a228e23032a307,0,0.5613694190979004
schedule,2008-12-01,PRJ_NAME_c7e53cfcad1b1c5e,0,0.10373783111572266
schedule,2008-12-01,PRJ_NAME_c8104187879f677a,1,0.13389986753463745
schedule,2008-12-01,PRJ_NAME_c8ae5b47197f2cbd,1,0.2908066213130951
schedule,2008-12-01,PRJ_NAME_c978cc150aff8427,1,0.6173719167709351
schedule,2008-12-01,PRJ_NAME_cb75fb87dd34253f,1,0.9057525396347046
schedule,2008-12-01,PRJ_NAME_ccbbbdd77851b17f,1,0.4812595546245575
schedule,2008-12-01,PRJ_NAME_cd3f28bade7cdf3f,1,0.6517549753189087
schedule,2008-12-01,PRJ_NAME_cd9457461186cc7f,0,0.6786648035049438
schedule,2008-12-01,PRJ_NAME_cdcae6a1e043703c,1,0.6753585338592529
schedule,2008-12-01,PRJ_NAME_cde12345f84a4a3f,1,0.6556799411773682
schedule,2008-12-01,PRJ_NAME_ce02d7c9233b7b2b,0,0.25049009919166565
schedule,2008-12-01,PRJ_NAME_ce28e0c01122d9a3,0,0.25893738865852356
schedule,2008-12-01,PRJ_NAME_cfd4b764bee5cea2,1,0.8728928565979004
schedule,2008-12-01,PRJ_NAME_d1393c6cc2e166bc,1,0.6286929249763489
schedule,2008-12-01,PRJ_NAME_d13dd04a176c25c0,0,0.6509533524513245
schedule,2008-12-01,PRJ_NAME_d18924e42365941a,0,0.5619356036186218
schedule,2008-12-01,PRJ_NAME_d24144e6f0823613,0,0.6775557994842529
schedule,2008-12-01,PRJ_NAME_d445a5d5362052c6,0,0.5808164477348328
schedule,2008-12-01,PRJ_NAME_d451cd9406956965,1,0.6197177767753601
schedule,2008-12-01,PRJ_NAME_d4f1b277d89fa84d,1,0.6861023306846619
schedule,2008-12-01,PRJ_NAME_d5f128d4a5054966,1,0.6248353123664856
schedule,2008-12-01,PRJ_NAME_d853374d6e3396f9,1,0.7328068017959595
schedule,2008-12-01,PRJ_NAME_d9a2644b07dd9609,0,0.6093183159828186
schedule,2008-12-01,PRJ_NAME_d9abd1f8dd32a440,0,0.4700770676136017
schedule,2008-12-01,PRJ_NAME_da2989779a8ff72c,1,0.6315637826919556
schedule,2008-12-01,PRJ_NAME_da5ec8a0b84f42c9,0,0.16112029552459717
schedule,2008-12-01,PRJ_NAME_da983b82e27b4901,0,0.20894023776054382
schedule,2008-12-01,PRJ_NAME_dab1c247fc9689d6,1,0.3780854642391205
schedule,2008-12-01,PRJ_NAME_dc3bcf024b79a8b1,1,0.9036352634429932
schedule,2008-12-01,PRJ_NAME_dcc1ad452b4d494f,1,0.5532249212265015
schedule,2008-12-01,PRJ_NAME_de0e3def822551a6,0,0.6239592432975769
schedule,2008-12-01,PRJ_NAME_de4691d50c7854e9,1,0.5604607462882996
schedule,2008-12-01,PRJ_NAME_de988147e22ef9e9,0,0.6428313255310059
schedule,2008-12-01,PRJ_NAME_dea5735eb1f597db,0,0.7094696760177612
schedule,2008-12-01,PRJ_NAME_e040a7f92ba61461,1,0.9229494333267212
schedule,2008-12-01,PRJ_NAME_e29ab136f3a33626,0,0.28019633889198303
schedule,2008-12-01,PRJ_NAME_e3b98145bde44d46,1,0.6741790771484375
schedule,2008-12-01,PRJ_NAME_e49f43acc263936a,0,0.39872121810913086
schedule,2008-12-01,PRJ_NAME_e62fcb5fa64380ee,1,0.8616167902946472
schedule,2008-12-01,PRJ_NAME_e633f015dd0714c6,1,0.9008908271789551
schedule,2008-12-01,PRJ_NAME_e703030c25d32ad8,0,0.5141343474388123
schedule,2008-12-01,PRJ_NAME_e84f668cb9ad9062,1,0.8992317318916321
schedule,2008-12-01,PRJ_NAME_e86ebf75d270663b,0,0.6967577934265137
schedule,2008-12-01,PRJ_NAME_e8dc1ea5468f8536,1,0.9027033448219299
schedule,2008-12-01,PRJ_NAME_e96e2471ac2f3b45,1,0.5367920398712158
schedule,2008-12-01,PRJ_NAME_e9b6b723340d4c91,0,0.321296751499176
schedule,2008-12-01,PRJ_NAME_e9fe972727df6e0b,0,0.6700886487960815
schedule,2008-12-01,PRJ_NAME_ea175320bc252402,1,0.7136101722717285
schedule,2008-12-01,PRJ_NAME_ea1e86cb1e4986d2,0,0.5819314122200012
schedule,2008-12-01,PRJ_NAME_ebc6dcee9d022d3a,0,0.3306715786457062
schedule,2008-12-01,PRJ_NAME_ec1e093fd79e2785,0,0.8477692604064941
schedule,2008-12-01,PRJ_NAME_ed6774d8331350b8,0,0.1778002232313156
schedule,2008-12-01,PRJ_NAME_ee3707ee0a1cef17,1,0.6728192567825317
schedule,2008-12-01,PRJ_NAME_efcf5742fcf89d7b,0,0.3592168986797333
schedule,2008-12-01,PRJ_NAME_f024d0aab05e20d7,0,0.3583584427833557
schedule,2008-12-01,PRJ_NAME_f1300fa6308aca5a,0,0.34477534890174866
schedule,2008-12-01,PRJ_NAME_f36c1b98ac886591,1,0.8780310750007629
schedule,2008-12-01,PRJ_NAME_f624496644477d91,1,0.1753702014684677
schedule,2008-12-01,PRJ_NAME_f786e2a7af40255c,1,0.9324308633804321
schedule,2008-12-01,PRJ_NAME_f7cb4c9f965f09d3,1,0.9139161705970764
schedule,2008-12-01,PRJ_NAME_f84ae1a96a985b34,0,0.7144014835357666
schedule,2008-12-01,PRJ_NAME_f879b222d9328370,0,0.7853723764419556
schedule,2008-12-01,PRJ_NAME_f8eaa312aa060cb3,0,0.7220162749290466
schedule,2008-12-01,PRJ_NAME_fb19344c6251c9fb,1,0.8983266949653625
schedule,2008-12-01,PRJ_NAME_fbf574116d1dd49f,1,0.6888687610626221
schedule,2008-12-01,PRJ_NAME_fc292aca755942af,0,0.44053566455841064
schedule,2008-12-01,PRJ_NAME_fd1dea69b6da9e70,1,0.9299631714820862
schedule,2008-12-01,PRJ_NAME_fd8d3d06b187c533,0,0.6690900921821594
schedule,2008-12-01,PRJ_NAME_fe67148516aa3153,0,0.6194672584533691
schedule,2008-12-01,PRJ_NAME_ffd0b9ce6984e556,1,0.5295856595039368
schedule,2009-02-01,PRJ_CODE_020100040,1,0.6085250377655029
schedule,2009-02-01,PRJ_CODE_020100044,0,0.41091710329055786
schedule,2009-02-01,PRJ_CODE_060100087,1,0.7034644484519958
schedule,2009-02-01,PRJ_CODE_060100088,1,0.6978077292442322
schedule,2009-02-01,PRJ_CODE_060100090,1,0.5019258856773376
schedule,2009-02-01,PRJ_CODE_060100092,1,0.4725489020347595
schedule,2009-02-01,PRJ_CODE_060100094,0,0.38836032152175903
schedule,2009-02-01,PRJ_CODE_120100067,0,0.5624111890792847
schedule,2009-02-01,PRJ_CODE_160100168,0,0.4238449037075043
schedule,2009-02-01,PRJ_CODE_160100289,0,0.2960248291492462
schedule,2009-02-01,PRJ_CODE_160100292,0,0.357858806848526
schedule,2009-02-01,PRJ_CODE_180100246,0,0.5272889733314514
schedule,2009-02-01,PRJ_CODE_180100247,0,0.7152620553970337
schedule,2009-02-01,PRJ_CODE_180100251,0,0.20968806743621826
schedule,2009-02-01,PRJ_CODE_180100253,0,0.5436455607414246
schedule,2009-02-01,PRJ_CODE_180100256,0,0.5416934490203857
schedule,2009-02-01,PRJ_CODE_180100260,0,0.3470228314399719
schedule,2009-02-01,PRJ_CODE_180100261,1,0.18922120332717896
schedule,2009-02-01,PRJ_CODE_220100009,0,0.3988306522369385
schedule,2009-02-01,PRJ_CODE_220100224,1,0.45077750086784363
schedule,2009-02-01,PRJ_CODE_220100226,1,0.2137274146080017
schedule,2009-02-01,PRJ_CODE_220100266,0,0.6885931491851807
schedule,2009-02-01,PRJ_CODE_220100268,1,0.6721174120903015
schedule,2009-02-01,PRJ_CODE_220100279,0,0.4740513563156128
schedule,2009-02-01,PRJ_CODE_220100288,0,0.2052476555109024
schedule,2009-02-01,PRJ_CODE_220100307,0,0.26794248819351196
schedule,2009-02-01,PRJ_CODE_220100308,0,0.22611086070537567
schedule,2009-02-01,PRJ_CODE_220100318,0,0.5447269678115845
schedule,2009-02-01,PRJ_CODE_220100322,0,0.2898256480693817
schedule,2009-02-01,PRJ_CODE_240101134,1,0.43998831510543823
schedule,2009-02-01,PRJ_CODE_250100174,0,0.6024316549301147
schedule,2009-02-01,PRJ_CODE_260100100,0,0.21714845299720764
schedule,2009-02-01,PRJ_CODE_N04000016,1,0.876674473285675
schedule,2009-02-01,PRJ_CODE_N06000007,0,0.3830398619174957
schedule,2009-02-01,PRJ_CODE_N06000009,0,0.09315784275531769
schedule,2009-02-01,PRJ_CODE_N06000015,1,0.04768459126353264
schedule,2009-02-01,PRJ_CODE_N06000016,0,0.043764129281044006
schedule,2009-02-01,PRJ_CODE_N06000020,1,0.41745275259017944
schedule,2009-02-01,PRJ_CODE_N06000030,0,0.19597622752189636
schedule,2009-02-01,PRJ_CODE_N06000033,0,0.10733646154403687
schedule,2009-02-01,PRJ_CODE_N06000034,1,0.0882575511932373
schedule,2009-02-01,PRJ_CODE_N06000035,1,0.09041354805231094
schedule,2009-02-01,PRJ_CODE_N06000042,1,0.09172450751066208
schedule,2009-02-01,PRJ_CODE_N06000043,1,0.08591713011264801
schedule,2009-02-01,PRJ_CODE_N06000044,1,0.9097197651863098
schedule,2009-02-01,PRJ_CODE_N06000046,0,0.03415025770664215
schedule,2009-02-01,PRJ_CODE_N06000047,0,0.2599826455116272
schedule,2009-02-01,PRJ_CODE_N06000048,0,0.09867237508296967
schedule,2009-02-01,PRJ_CODE_N06000049,0,0.08714436739683151
schedule,2009-02-01,PRJ_CODE_N12000022,0,0.4398607909679413
schedule,2009-02-01,PRJ_CODE_N12000024,1,0.39434412121772766
schedule,2009-02-01,PRJ_CODE_N12000033,0,0.15104977786540985
schedule,2009-02-01,PRJ_CODE_N12000036,0,0.5951711535453796
schedule,2009-02-01,PRJ_CODE_N12000037,1,0.6107797622680664
schedule,2009-02-01,PRJ_CODE_N12000038,0,0.42153555154800415
schedule,2009-02-01,PRJ_CODE_N12000039,0,0.3139401078224182
schedule,2009-02-01,PRJ_CODE_N12000050,0,0.20641495287418365
schedule,2009-02-01,PRJ_CODE_N12000051,0,0.12090252339839935
schedule,2009-02-01,PRJ_CODE_N12000052,0,0.16171583533287048
schedule,2009-02-01,PRJ_CODE_N12000053,0,0.1687377244234085
schedule,2009-02-01,PRJ_CODE_N12000055,0,0.18179431557655334
schedule,2009-02-01,PRJ_CODE_N12000057,1,0.19993247091770172
schedule,2009-02-01,PRJ_CODE_N12000060,0,0.20302614569664001
schedule,2009-02-01,PRJ_CODE_N16000017,1,0.44234025478363037
schedule,2009-02-01,PRJ_CODE_N16000021,0,0.2678774893283844
schedule,2009-02-01,PRJ_CODE_N16000023,0,0.204289510846138
schedule,2009-02-01,PRJ_CODE_N16000028,0,0.5719022154808044
schedule,2009-02-01,PRJ_CODE_N16000029,0,0.5818850994110107
schedule,2009-02-01,PRJ_CODE_N16000030,0,0.2969087064266205
schedule,2009-02-01,PRJ_CODE_N16000032,0,0.3550751507282257
schedule,2009-02-01,PRJ_CODE_N16000033,0,0.3743545114994049
schedule,2009-02-01,PRJ_CODE_N16000034,0,0.2726311981678009
schedule,2009-02-01,PRJ_CODE_N16000035,0,0.24119079113006592
schedule,2009-02-01,PRJ_CODE_N16000036,1,0.29179349541664124
schedule,2009-02-01,PRJ_CODE_N16000037,1,0.29179349541664124
schedule,2009-02-01,PRJ_CODE_N16000038,1,0.2774536907672882
schedule,2009-02-01,PRJ_CODE_N16000041,0,0.5489664673805237
schedule,2009-02-01,PRJ_CODE_N16000044,0,0.4093129336833954
schedule,2009-02-01,PRJ_CODE_N16000045,1,0.8563119173049927
schedule,2009-02-01,PRJ_CODE_N16000046,0,0.37371689081192017
schedule,2009-02-01,PRJ_CODE_N16000054,0,0.24002525210380554
schedule,2009-02-01,PRJ_CODE_N18000026,1,0.6960369348526001
schedule,2009-02-01,PRJ_CODE_N18000033,0,0.06495527178049088
schedule,2009-02-01,PRJ_CODE_N18000035,0,0.029555607587099075
schedule,2009-02-01,PRJ_CODE_N18000036,0,0.02613767236471176
schedule,2009-02-01,PRJ_CODE_N18000038,0,0.05739513039588928
schedule,2009-02-01,PRJ_CODE_N18000039,0,0.0677623599767685
schedule,2009-02-01,PRJ_CODE_N18000041,0,0.14772972464561462
schedule,2009-02-01,PRJ_CODE_N18000043,0,0.17850954830646515
schedule,2009-02-01,PRJ_CODE_N18000047,0,0.13499011099338531
schedule,2009-02-01,PRJ_CODE_N18000048,0,0.13236653804779053
schedule,2009-02-01,PRJ_CODE_N22000034,0,0.5821430683135986
schedule,2009-02-01,PRJ_CODE_N22000055,1,0.7515923976898193
schedule,2009-02-01,PRJ_CODE_N22000075,0,0.5355174541473389
schedule,2009-02-01,PRJ_CODE_N24000087,0,0.44056954979896545
schedule,2009-02-01,PRJ_CODE_N24000096,0,0.6072215437889099
schedule,2009-02-01,PRJ_CODE_N24000103,0,0.3194347023963928
schedule,2009-02-01,PRJ_CODE_N24000105,0,0.5653399229049683
schedule,2009-02-01,PRJ_CODE_N24000109,0,0.49822935461997986
schedule,2009-02-01,PRJ_CODE_N24000110,0,0.152231365442276
schedule,2009-02-01,PRJ_CODE_N25000015,1,0.7902347445487976
schedule,2009-02-01,PRJ_CODE_N25000030,0,0.1283757984638214
schedule,2009-02-01,PRJ_CODE_N25000034,0,0.6351670622825623
schedule,2009-02-01,PRJ_CODE_N26000037,1,0.8904787302017212
schedule,2009-02-01,PRJ_CODE_N26000047,0,0.9148818254470825
schedule,2009-02-01,PRJ_CODE_N26000049,0,0.6526304483413696
schedule,2009-02-01,PRJ_CODE_N28000016,0,0.5331221222877502
schedule,2009-02-01,PRJ_NAME_0004dd678c080a80,1,0.8425647020339966
schedule,2009-02-01,PRJ_NAME_0148b634ed94a52c,1,0.7415614128112793
schedule,2009-02-01,PRJ_NAME_01bb36be5d780c42,1,0.249969482421875
schedule,2009-02-01,PRJ_NAME_02be49f1af33ce10,1,0.6818419694900513
schedule,2009-02-01,PRJ_NAME_03fc8a15c949f80a,1,0.866008996963501
schedule,2009-02-01,PRJ_NAME_04b418019af3cf9c,0,0.1674598902463913
schedule,2009-02-01,PRJ_NAME_04ec117b502fa2fc,1,0.9209136366844177
schedule,2009-02-01,PRJ_NAME_071db90b2561c624,1,0.6980044841766357
schedule,2009-02-01,PRJ_NAME_07ea46b91674e114,1,0.7663047909736633
schedule,2009-02-01,PRJ_NAME_07fe6dbf570c0868,0,0.2720971703529358
schedule,2009-02-01,PRJ_NAME_08d5e7262e046649,1,0.9056261777877808
schedule,2009-02-01,PRJ_NAME_0a18cd83977c373e,0,0.45186471939086914
schedule,2009-02-01,PRJ_NAME_0d8873d91c503fa5,1,0.740252673625946
schedule,2009-02-01,PRJ_NAME_0dd322c3813d6c3a,0,0.29370713233947754
schedule,2009-02-01,PRJ_NAME_0e0827a3d2085f94,1,0.8927639126777649
schedule,2009-02-01,PRJ_NAME_0ec1934275e95d63,0,0.4880587160587311
schedule,2009-02-01,PRJ_NAME_0f4455ed3998e6d8,0,0.25876668095588684
schedule,2009-02-01,PRJ_NAME_11a9b4e88f744640,0,0.24543316662311554
schedule,2009-02-01,PRJ_NAME_130bfc84c71ef7a2,0,0.8636472821235657
schedule,2009-02-01,PRJ_NAME_13465e4124695478,0,0.3349633514881134
schedule,2009-02-01,PRJ_NAME_151f0102951fa3de,1,0.8438513278961182
schedule,2009-02-01,PRJ_NAME_18355a12f68700aa,0,0.10132034122943878
schedule,2009-02-01,PRJ_NAME_189fb3bd8293c6c1,0,0.04639529064297676
schedule,2009-02-01,PRJ_NAME_1a4227e46a37a193,0,0.2639727294445038
schedule,2009-02-01,PRJ_NAME_1a738808aaf509c4,0,0.575749397277832
schedule,2009-02-01,PRJ_NAME_1c2f05e70ddc2ba0,0,0.23603472113609314
schedule,2009-02-01,PRJ_NAME_1c3ea68b71060199,1,0.7710661888122559
schedule,2009-02-01,PRJ_NAME_1d6e960595541c80,1,0.330282986164093
schedule,2009-02-01,PRJ_NAME_1d75640bb5ed8b95,0,0.06238562613725662
schedule,2009-02-01,PRJ_NAME_1ed2a789eb6cab62,1,0.5570399761199951
schedule,2009-02-01,PRJ_NAME_1eff8ca7a4b96f50,0,0.292593777179718
schedule,2009-02-01,PRJ_NAME_1fe91dd7c69d415d,1,0.3184628486633301
schedule,2009-02-01,PRJ_NAME_219f957bece70358,0,0.13051684200763702
schedule,2009-02-01,PRJ_NAME_2243214254bdc3b6,0,0.5095489621162415
schedule,2009-02-01,PRJ_NAME_2275db3ebed6c33b,0,0.7872161269187927
schedule,2009-02-01,PRJ_NAME_25e5f49d5d9f2134,1,0.5550551414489746
schedule,2009-02-01,PRJ_NAME_27099fbe520779e7,1,0.5675594210624695
schedule,2009-02-01,PRJ_NAME_2830efaac9bd3ae1,0,0.5293619632720947
schedule,2009-02-01,PRJ_NAME_28c3fe7065f7b5b5,0,0.20695875585079193
schedule,2009-02-01,PRJ_NAME_29e7d6d952afc28a,0,0.06535610556602478
schedule,2009-02-01,PRJ_NAME_2a4e6f9884ad87a6,1,0.7230660319328308
schedule,2009-02-01,PRJ_NAME_2bded97125d928ff,0,0.04271768406033516
schedule,2009-02-01,PRJ_NAME_2e6914f23cf6d06e,1,0.6940568685531616
schedule,2009-02-01,PRJ_NAME_2fb8d63d94a43eca,1,0.8619635105133057
schedule,2009-02-01,PRJ_NAME_2fd8e3aeea321592,0,0.6494334936141968
schedule,2009-02-01,PRJ_NAME_3026e066ea75e57c,1,0.5842464566230774
schedule,2009-02-01,PRJ_NAME_30780904c0601eb4,0,0.21369343996047974
schedule,2009-02-01,PRJ_NAME_31f55c4357305603,0,0.43841829895973206
schedule,2009-02-01,PRJ_NAME_3320425e5f0ce323,0,0.6793738603591919
schedule,2009-02-01,PRJ_NAME_3369f7d5b43fa7d2,1,0.3955915868282318
schedule,2009-02-01,PRJ_NAME_33895d35ac5569d9,0,0.6411866545677185
schedule,2009-02-01,PRJ_NAME_33932b27b469d4c1,1,0.7433310151100159
schedule,2009-02-01,PRJ_NAME_3460f446ce2781c4,1,0.7904474139213562
schedule,2009-02-01,PRJ_NAME_36a526c1eeac13dc,0,0.6437039971351624
schedule,2009-02-01,PRJ_NAME_382fe282c2919f7f,1,0.5799137353897095
schedule,2009-02-01,PRJ_NAME_383758ca2b9df234,0,0.3650456666946411
schedule,2009-02-01,PRJ_NAME_38f3fdbcd5c58828,1,0.47563132643699646
schedule,2009-02-01,PRJ_NAME_39ac99e72e901243,0,0.18389376997947693
schedule,2009-02-01,PRJ_NAME_3a1db8515fcdf4a5,0,0.05352339148521423
schedule,2009-02-01,PRJ_NAME_3ba42102e7a1cb94,1,0.7723807692527771
schedule,2009-02-01,PRJ_NAME_3cc205715abfbbda,1,0.7768558263778687
schedule,2009-02-01,PRJ_NAME_3d1869707f6f1703,1,0.6396718621253967
schedule,2009-02-01,PRJ_NAME_3d39735915bca559,1,0.7838142514228821
schedule,2009-02-01,PRJ_NAME_3d531f7ee886ec3a,1,0.330683171749115
schedule,2009-02-01,PRJ_NAME_3d7a66144aa6ea1b,1,0.6854891180992126
schedule,2009-02-01,PRJ_NAME_3f2fcee268741920,1,0.5886282324790955
schedule,2009-02-01,PRJ_NAME_3f7caf599973bbc3,0,0.5822279453277588
schedule,2009-02-01,PRJ_NAME_3f9e1ffde78880a6,0,0.40439170598983765
schedule,2009-02-01,PRJ_NAME_405a3d72722128e9,0,0.36804917454719543
schedule,2009-02-01,PRJ_NAME_428198aba8296f85,0,0.09049102663993835
schedule,2009-02-01,PRJ_NAME_42d1d873ef0ba864,0,0.39730173349380493
schedule,2009-02-01,PRJ_NAME_42df200967d78962,1,0.5947040915489197
schedule,2009-02-01,PRJ_NAME_42ecbefa35d1eb4b,0,0.6376547813415527
schedule,2009-02-01,PRJ_NAME_448ec218fa67b81f,1,0.6635512113571167
schedule,2009-02-01,PRJ_NAME_44d305a8cb81d205,0,0.060847897082567215
schedule,2009-02-01,PRJ_NAME_4521219d33d32e33,1,0.7713079452514648
schedule,2009-02-01,PRJ_NAME_458348a7c75128e0,1,0.8813546299934387
schedule,2009-02-01,PRJ_NAME_461706503ce534ba,1,0.8896936178207397
schedule,2009-02-01,PRJ_NAME_46256f5cb11ca220,1,0.7167590260505676
schedule,2009-02-01,PRJ_NAME_469bb0e5b66ebdea,1,0.8891734480857849
schedule,2009-02-01,PRJ_NAME_46d479c07936c43a,1,0.661344051361084
schedule,2009-02-01,PRJ_NAME_47651aa52c29c512,1,0.3904774487018585
schedule,2009-02-01,PRJ_NAME_480f705f44b440b1,1,0.8746959567070007
schedule,2009-02-01,PRJ_NAME_4869b58e8594fd88,0,0.33133378624916077
schedule,2009-02-01,PRJ_NAME_4b086c663a448f74,0,0.5519858598709106
schedule,2009-02-01,PRJ_NAME_4b3560cba1158b55,1,0.5210181474685669
schedule,2009-02-01,PRJ_NAME_4b9dfeb9724480fe,0,0.41977834701538086
schedule,2009-02-01,PRJ_NAME_4ca147295712f33c,0,0.18233942985534668
schedule,2009-02-01,PRJ_NAME_4f40123fccde344d,1,0.5946911573410034
schedule,2009-02-01,PRJ_NAME_4f7411701eb10f66,1,0.8920251131057739
schedule,2009-02-01,PRJ_NAME_50522850afa1dc91,1,0.4431806206703186
schedule,2009-02-01,PRJ_NAME_50c6884ee2f6ca3b,0,0.08189087361097336
schedule,2009-02-01,PRJ_NAME_51dff49a23022387,0,0.20388546586036682
schedule,2009-02-01,PRJ_NAME_52b5fa3569bf9d1f,0,0.7568164467811584
schedule,2009-02-01,PRJ_NAME_5463349fa50ea5f1,0,0.18226702511310577
schedule,2009-02-01,PRJ_NAME_56456c324dd9b83d,1,0.6136454343795776
schedule,2009-02-01,PRJ_NAME_57b41f1ef050cc39,1,0.7563849091529846
schedule,2009-02-01,PRJ_NAME_585544165e75cdb6,0,0.3600475490093231
schedule,2009-02-01,PRJ_NAME_585df2f330882dc3,1,0.4231084883213043
schedule,2009-02-01,PRJ_NAME_588860c61eba4c3e,1,0.7346976399421692
schedule,2009-02-01,PRJ_NAME_593ebae864c1a900,0,0.3441208600997925
schedule,2009-02-01,PRJ_NAME_59e0ef4cf8960ef7,0,0.08381234854459763
schedule,2009-02-01,PRJ_NAME_5b00690c13f8e548,0,0.657920241355896
schedule,2009-02-01,PRJ_NAME_606504db777b5bce,1,0.7737404108047485
schedule,2009-02-01,PRJ_NAME_616668b98c639b08,1,0.9397111535072327
schedule,2009-02-01,PRJ_NAME_61d3483ad862194a,0,0.0704990029335022
schedule,2009-02-01,PRJ_NAME_624ae3298fcadd5a,0,0.6177424192428589
schedule,2009-02-01,PRJ_NAME_62ac6e3546007fd7,1,0.6568197011947632
schedule,2009-02-01,PRJ_NAME_636065c530891da0,0,0.11278991401195526
schedule,2009-02-01,PRJ_NAME_63aaf0b2d67fcc98,0,0.6416153907775879
schedule,2009-02-01,PRJ_NAME_6459d263f5d64b3a,0,0.1474715769290924
schedule,2009-02-01,PRJ_NAME_646374cb7bb8cf53,0,0.16753387451171875
schedule,2009-02-01,PRJ_NAME_65c34046110d1639,0,0.29392603039741516
schedule,2009-02-01,PRJ_NAME_664064542365971b,0,0.5609551668167114
schedule,2009-02-01,PRJ_NAME_668ca797d8e9b02c,0,0.6705741882324219
schedule,2009-02-01,PRJ_NAME_67185f73cdc3ce1a,0,0.09215884655714035
schedule,2009-02-01,PRJ_NAME_67cd9c954d2467cd,1,0.8783029317855835
schedule,2009-02-01,PRJ_NAME_6ba01d6d5eebf7b1,1,0.6943936944007874
schedule,2009-02-01,PRJ_NAME_6c264260913ce831,1,0.7779893279075623
schedule,2009-02-01,PRJ_NAME_6f4b9b110ae25321,0,0.3071025311946869
schedule,2009-02-01,PRJ_NAME_71bd13e4c33dc0b3,1,0.5613501667976379
schedule,2009-02-01,PRJ_NAME_721a95fbd23ad2c8,1,0.8792246580123901
schedule,2009-02-01,PRJ_NAME_735c5b98af1edf1b,1,0.8989026546478271
schedule,2009-02-01,PRJ_NAME_743c1bfad7794140,1,0.7528271079063416
schedule,2009-02-01,PRJ_NAME_74470ac7f7e3099a,0,0.6540490388870239
schedule,2009-02-01,PRJ_NAME_74caabeb39aaa1ff,0,0.06648513674736023
schedule,2009-02-01,PRJ_NAME_75ff742cb738b710,1,0.4031871259212494
schedule,2009-02-01,PRJ_NAME_7612955874fcc5a7,0,0.3189310133457184
schedule,2009-02-01,PRJ_NAME_768d6fbca51319c9,1,0.7629576325416565
schedule,2009-02-01,PRJ_NAME_772f2a39ea9e3ff1,1,0.6660155057907104
schedule,2009-02-01,PRJ_NAME_7758bbdc5828316b,0,0.18062560260295868
schedule,2009-02-01,PRJ_NAME_78580b681d000474,1,0.8684334754943848
schedule,2009-02-01,PRJ_NAME_78af84562e9d8303,0,0.15547214448451996
schedule,2009-02-01,PRJ_NAME_795a352b8cff9c15,0,0.509120523929596
schedule,2009-02-01,PRJ_NAME_7bde1e0220d753f0,0,0.39085811376571655
schedule,2009-02-01,PRJ_NAME_7bfceb0c80fc4b26,0,0.5122460126876831
schedule,2009-02-01,PRJ_NAME_7cf5e2d74eaa776c,1,0.29701417684555054
schedule,2009-02-01,PRJ_NAME_7d78ecb0b46befe0,0,0.1383342295885086
schedule,2009-02-01,PRJ_NAME_7f25cbd30beb1762,1,0.19752061367034912
schedule,2009-02-01,PRJ_NAME_7fb8a753afa2d26f,1,0.8115474581718445
schedule,2009-02-01,PRJ_NAME_8109073f8b96ea3d,0,0.3160180151462555
schedule,2009-02-01,PRJ_NAME_821e46b4a362bfa4,0,0.7088238596916199
schedule,2009-02-01,PRJ_NAME_82a1b3cc725dd309,0,0.19780121743679047
schedule,2009-02-01,PRJ_NAME_83be953b7310deef,1,0.8114371299743652
schedule,2009-02-01,PRJ_NAME_85caedccc1ec91d7,0,0.2579205632209778
schedule,2009-02-01,PRJ_NAME_8749b3c26f418fe8,1,0.5755683183670044
schedule,2009-02-01,PRJ_NAME_88e199e6518abeff,0,0.1353374421596527
schedule,2009-02-01,PRJ_NAME_89388044b4007d2d,0,0.2961224317550659
schedule,2009-02-01,PRJ_NAME_8a468889b5be6da7,0,0.1487841010093689
schedule,2009-02-01,PRJ_NAME_8ab7e877d64c6511,0,0.33449333906173706
schedule,2009-02-01,PRJ_NAME_8ae3819b3f43f81d,0,0.31380003690719604
schedule,2009-02-01,PRJ_NAME_8b12c1c1d145c92c,0,0.3735010623931885
schedule,2009-02-01,PRJ_NAME_8bd10b08124a4095,0,0.06737411022186279
schedule,2009-02-01,PRJ_NAME_8be7ca9862134d65,1,0.44349125027656555
schedule,2009-02-01,PRJ_NAME_8c97fd376f152558,0,0.2117578089237213
schedule,2009-02-01,PRJ_NAME_8cbf7fe2db2e06c4,1,0.6181386113166809
schedule,2009-02-01,PRJ_NAME_8dcd08dfd81e91ba,0,0.35262638330459595
schedule,2009-02-01,PRJ_NAME_900650a7b2bd003f,1,0.40540555119514465
schedule,2009-02-01,PRJ_NAME_9124e743c95fcdfd,1,0.6697759032249451
schedule,2009-02-01,PRJ_NAME_91edd123df3b9752,1,0.8258183002471924
schedule,2009-02-01,PRJ_NAME_936a972c38503df1,1,0.9159823060035706
schedule,2009-02-01,PRJ_NAME_948f0338c1455029,1,0.9056786894798279
schedule,2009-02-01,PRJ_NAME_94aa47edacafbdc0,1,0.7603604197502136
schedule,2009-02-01,PRJ_NAME_95239e307b9972c8,1,0.5575577616691589
schedule,2009-02-01,PRJ_NAME_9589768b96002ace,0,0.11582768708467484
schedule,2009-02-01,PRJ_NAME_958f5742195aba52,1,0.6942621469497681
schedule,2009-02-01,PRJ_NAME_97175a0bf58860dd,0,0.3595292270183563
schedule,2009-02-01,PRJ_NAME_9785a70d227b0561,1,0.6503216624259949
schedule,2009-02-01,PRJ_NAME_97b6f7489a4660c4,0,0.40323173999786377
schedule,2009-02-01,PRJ_NAME_97ed5e02577c1519,1,0.2338121086359024
schedule,2009-02-01,PRJ_NAME_97eebbdb1660a78f,1,0.7779703736305237
schedule,2009-02-01,PRJ_NAME_98df68b03362bd89,1,0.4642024338245392
schedule,2009-02-01,PRJ_NAME_994deea3959e14e8,0,0.08097009360790253
schedule,2009-02-01,PRJ_NAME_9c4eb4d2eb8f9719,0,0.6685604453086853
schedule,2009-02-01,PRJ_NAME_9cf4b63998e32324,0,0.6895903944969177
schedule,2009-02-01,PRJ_NAME_9d0e19b63480a819,0,0.46788233518600464
schedule,2009-02-01,PRJ_NAME_9d46629b18b18a13,1,0.2840231657028198
schedule,2009-02-01,PRJ_NAME_9db3c71106b5453b,0,0.47815370559692383
schedule,2009-02-01,PRJ_NAME_9dcbefefed4f1065,1,0.8937267065048218
schedule,2009-02-01,PRJ_NAME_9f96903f754912ec,0,0.33086004853248596
schedule,2009-02-01,PRJ_NAME_a08949c95f5f94e4,0,0.56659996509552
schedule,2009-02-01,PRJ_NAME_a21ffd430f8ddb3e,1,0.7821083664894104
schedule,2009-02-01,PRJ_NAME_a28726e807976d7c,0,0.04803888499736786
schedule,2009-02-01,PRJ_NAME_a2b6086beac12343,0,0.6360211968421936
schedule,2009-02-01,PRJ_NAME_a335e78099c07d4e,1,0.6908573508262634
schedule,2009-02-01,PRJ_NAME_a3b710cb5e7fd128,0,0.8617279529571533
schedule,2009-02-01,PRJ_NAME_a471cb9e66706d2c,1,0.6343996524810791
schedule,2009-02-01,PRJ_NAME_a4a118c53f027fd8,1,0.8777275681495667
schedule,2009-02-01,PRJ_NAME_a5facf55cd81ec6a,0,0.5145449042320251
schedule,2009-02-01,PRJ_NAME_a72ff560bd409bf5,1,0.6408013105392456
schedule,2009-02-01,PRJ_NAME_a8681fc4ddd077de,1,0.8550378680229187
schedule,2009-02-01,PRJ_NAME_a937cfc9af78ada5,0,0.07768198102712631
schedule,2009-02-01,PRJ_NAME_a9b6a1b29fb44b4d,0,0.10304714739322662
schedule,2009-02-01,PRJ_NAME_aa6d473f6b178563,0,0.13114504516124725
schedule,2009-02-01,PRJ_NAME_aab2ef5b914f61c7,0,0.5922771096229553
schedule,2009-02-01,PRJ_NAME_ab33d551bf7a3428,0,0.4035235047340393
schedule,2009-02-01,PRJ_NAME_abb3e384d5e3e17e,1,0.7742846012115479
schedule,2009-02-01,PRJ_NAME_ad205b50262bd00e,0,0.2490098476409912
schedule,2009-02-01,PRJ_NAME_ad65def7cbb4d220,1,0.7391294240951538
schedule,2009-02-01,PRJ_NAME_ae2b69d71915b759,0,0.20356401801109314
schedule,2009-02-01,PRJ_NAME_ae82fd1ce70d12ac,0,0.24036170542240143
schedule,2009-02-01,PRJ_NAME_af0c9f115b647286,1,0.3389003574848175
schedule,2009-02-01,PRJ_NAME_b00eed3c08be17ae,0,0.4095441699028015
schedule,2009-02-01,PRJ_NAME_b0f1e855a7bac204,1,0.7236346006393433
schedule,2009-02-01,PRJ_NAME_b0f97810618292a9,1,0.675814688205719
schedule,2009-02-01,PRJ_NAME_b1512f76653de237,1,0.5472356677055359
schedule,2009-02-01,PRJ_NAME_b2682182493efe91,0,0.6515247225761414
schedule,2009-02-01,PRJ_NAME_b2d22b803981eee8,1,0.5666731595993042
schedule,2009-02-01,PRJ_NAME_b4cc5ce51e200cdf,0,0.1136821061372757
schedule,2009-02-01,PRJ_NAME_b6e5fd16af47d146,0,0.18135149776935577
schedule,2009-02-01,PRJ_NAME_b8fbf98a7f8bce67,1,0.5288713574409485
schedule,2009-02-01,PRJ_NAME_b9a77c955d8cbf20,1,0.5601701736450195
schedule,2009-02-01,PRJ_NAME_bc352f64c9c9ab99,0,0.3645041584968567
schedule,2009-02-01,PRJ_NAME_bd212f548385f223,1,0.5760507583618164
schedule,2009-02-01,PRJ_NAME_bddbb3270d5e7de5,1,0.6724288463592529
schedule,2009-02-01,PRJ_NAME_be49f9610c811e3b,1,0.9095888137817383
schedule,2009-02-01,PRJ_NAME_be4dd8e59fd70e64,1,0.6528364419937134
schedule,2009-02-01,PRJ_NAME_be77bfadf345a933,0,0.40645450353622437
schedule,2009-02-01,PRJ_NAME_bef6e5f20fc79cc6,1,0.27627360820770264
schedule,2009-02-01,PRJ_NAME_bfd6c00eaa9b89cf,0,0.19468283653259277
schedule,2009-02-01,PRJ_NAME_c0956183b9a97e85,0,0.3996279835700989
schedule,2009-02-01,PRJ_NAME_c0ac792752076ad2,1,0.74754798412323
schedule,2009-02-01,PRJ_NAME_c1aba92cd17a7067,1,0.9124301075935364
schedule,2009-02-01,PRJ_NAME_c275be77f0a071f0,0,0.6798195838928223
schedule,2009-02-01,PRJ_NAME_c3a228e23032a307,1,0.6072215437889099
schedule,2009-02-01,PRJ_NAME_c65a7db8a155f444,1,0.9146609306335449
schedule,2009-02-01,PRJ_NAME_c7e53cfcad1b1c5e,0,0.12596382200717926
schedule,2009-02-01,PRJ_NAME_c8104187879f677a,1,0.10044651478528976
schedule,2009-02-01,PRJ_NAME_c8ae5b47197f2cbd,1,0.3384612202644348
schedule,2009-02-01,PRJ_NAME_c978cc150aff8427,1,0.6548235416412354
schedule,2009-02-01,PRJ_NAME_cb75fb87dd34253f,0,0.7842788100242615
schedule,2009-02-01,PRJ_NAME_ccbbbdd77851b17f,1,0.5005716681480408
schedule,2009-02-01,PRJ_NAME_cd3f28bade7cdf3f,1,0.7023472785949707
schedule,2009-02-01,PRJ_NAME_cd9457461186cc7f,0,0.6754519939422607
schedule,2009-02-01,PRJ_NAME_cdcae6a1e043703c,0,0.23138858377933502
schedule,2009-02-01,PRJ_NAME_cde12345f84a4a3f,1,0.6832700967788696
schedule,2009-02-01,PRJ_NAME_ce02d7c9233b7b2b,0,0.3781943619251251
schedule,2009-02-01,PRJ_NAME_ce28e0c01122d9a3,0,0.16533330082893372
schedule,2009-02-01,PRJ_NAME_ce5016dbd135ec16,0,0.3338642418384552
schedule,2009-02-01,PRJ_NAME_cfd4b764bee5cea2,0,0.3613538146018982
schedule,2009-02-01,PRJ_NAME_d0770c683a90a62d,1,0.5540452003479004
schedule,2009-02-01,PRJ_NAME_d0878df8cfcdf42f,0,0.28410881757736206
schedule,2009-02-01,PRJ_NAME_d1393c6cc2e166bc,1,0.6211381554603577
schedule,2009-02-01,PRJ_NAME_d13dd04a176c25c0,1,0.6972449421882629
schedule,2009-02-01,PRJ_NAME_d18924e42365941a,1,0.548558235168457
schedule,2009-02-01,PRJ_NAME_d24144e6f0823613,1,0.7272762060165405
schedule,2009-02-01,PRJ_NAME_d3afd09bf7ff8e81,0,0.48267102241516113
schedule,2009-02-01,PRJ_NAME_d4286f28b16dd5a1,0,0.19908767938613892
schedule,2009-02-01,PRJ_NAME_d445a5d5362052c6,1,0.6060404181480408
schedule,2009-02-01,PRJ_NAME_d451cd9406956965,0,0.10642792284488678
schedule,2009-02-01,PRJ_NAME_d4876b01cc710190,1,0.8095281720161438
schedule,2009-02-01,PRJ_NAME_d4f1b277d89fa84d,1,0.7963067293167114
schedule,2009-02-01,PRJ_NAME_d5f128d4a5054966,0,0.6306576132774353
schedule,2009-02-01,PRJ_NAME_d853374d6e3396f9,0,0.7371679544448853
schedule,2009-02-01,PRJ_NAME_d9a2644b07dd9609,0,0.6255330443382263
schedule,2009-02-01,PRJ_NAME_d9abd1f8dd32a440,1,0.3494707942008972
schedule,2009-02-01,PRJ_NAME_da2989779a8ff72c,1,0.29839399456977844
schedule,2009-02-01,PRJ_NAME_da5ec8a0b84f42c9,0,0.2084731012582779
schedule,2009-02-01,PRJ_NAME_da983b82e27b4901,1,0.6395394802093506
schedule,2009-02-01,PRJ_NAME_dab1c247fc9689d6,1,0.44418463110923767
schedule,2009-02-01,PRJ_NAME_dc3bcf024b79a8b1,1,0.8954517245292664
schedule,2009-02-01,PRJ_NAME_dcc1ad452b4d494f,1,0.6040695905685425
schedule,2009-02-01,PRJ_NAME_de0e3def822551a6,1,0.6707606315612793
schedule,2009-02-01,PRJ_NAME_de4691d50c7854e9,1,0.6663869619369507
schedule,2009-02-01,PRJ_NAME_de988147e22ef9e9,0,0.6360211968421936
schedule,2009-02-01,PRJ_NAME_dea5735eb1f597db,0,0.7926371097564697
schedule,2009-02-01,PRJ_NAME_e040a7f92ba61461,1,0.4833788573741913
schedule,2009-02-01,PRJ_NAME_e2670cace03ef113,1,0.7257246375083923
schedule,2009-02-01,PRJ_NAME_e29ab136f3a33626,0,0.2811238765716553
schedule,2009-02-01,PRJ_NAME_e3b98145bde44d46,1,0.6043596863746643
schedule,2009-02-01,PRJ_NAME_e49f43acc263936a,1,0.32065725326538086
schedule,2009-02-01,PRJ_NAME_e62fcb5fa64380ee,0,0.5540942549705505
schedule,2009-02-01,PRJ_NAME_e633f015dd0714c6,1,0.7117663025856018
schedule,2009-02-01,PRJ_NAME_e703030c25d32ad8,0,0.5598239302635193
schedule,2009-02-01,PRJ_NAME_e70fe2238d15daf8,0,0.3567582964897156
schedule,2009-02-01,PRJ_NAME_e7d78ebc7862a984,1,0.8798535466194153
schedule,2009-02-01,PRJ_NAME_e84f668cb9ad9062,1,0.46354013681411743
schedule,2009-02-01,PRJ_NAME_e86ebf75d270663b,1,0.7720324397087097
schedule,2009-02-01,PRJ_NAME_e8dc1ea5468f8536,1,0.5371577739715576
schedule,2009-02-01,PRJ_NAME_e96e2471ac2f3b45,1,0.6247902512550354
schedule,2009-02-01,PRJ_NAME_e9b6b723340d4c91,0,0.4055483639240265
schedule,2009-02-01,PRJ_NAME_e9fe972727df6e0b,1,0.7807391285896301
schedule,2009-02-01,PRJ_NAME_ea175320bc252402,1,0.6407521367073059
schedule,2009-02-01,PRJ_NAME_ea1e86cb1e4986d2,0,0.5480613708496094
schedule,2009-02-01,PRJ_NAME_ebc6dcee9d022d3a,0,0.2903406322002411
schedule,2009-02-01,PRJ_NAME_ed6774d8331350b8,0,0.15838980674743652
schedule,2009-02-01,PRJ_NAME_ee3707ee0a1cef17,1,0.6589140892028809
schedule,2009-02-01,PRJ_NAME_efcf5742fcf89d7b,0,0.29111695289611816
schedule,2009-02-01,PRJ_NAME_f1300fa6308aca5a,0,0.3759858310222626
schedule,2009-02-01,PRJ_NAME_f36c1b98ac886591,1,0.5420131683349609
schedule,2009-02-01,PRJ_NAME_f3c8c655dd569e68,0,0.6131402850151062
schedule,2009-02-01,PRJ_NAME_f624496644477d91,1,0.17038066685199738
schedule,2009-02-01,PRJ_NAME_f786e2a7af40255c,1,0.9021977186203003
schedule,2009-02-01,PRJ_NAME_f84ae1a96a985b34,1,0.849969744682312
schedule,2009-02-01,PRJ_NAME_f8eaa312aa060cb3,1,0.8157640099525452
schedule,2009-02-01,PRJ_NAME_f981eaa612067a1b,0,0.29132547974586487
schedule,2009-02-01,PRJ_NAME_fb19344c6251c9fb,1,0.8238552808761597
schedule,2009-02-01,PRJ_NAME_fbf574116d1dd49f,1,0.5336893200874329
schedule,2009-02-01,PRJ_NAME_fc292aca755942af,1,0.3499841094017029
schedule,2009-02-01,PRJ_NAME_fd1dea69b6da9e70,1,0.8129289150238037
schedule,2009-02-01,PRJ_NAME_fd8d3d06b187c533,1,0.6874613165855408
schedule,2009-02-01,PRJ_NAME_fe67148516aa3153,1,0.5588568449020386
schedule,2009-02-01,PRJ_NAME_ffd0b9ce6984e556,1,0.7371578216552734
schedule,2009-04-01,PRJ_CODE_020100040,0,0.674602210521698
schedule,2009-04-01,PRJ_CODE_020100044,0,0.35808971524238586
schedule,2009-04-01,PRJ_CODE_060100087,0,0.3355856239795685
schedule,2009-04-01,PRJ_CODE_060100088,0,0.3560682535171509
schedule,2009-04-01,PRJ_CODE_060100090,0,0.47979894280433655
schedule,2009-04-01,PRJ_CODE_060100092,1,0.5118141174316406
schedule,2009-04-01,PRJ_CODE_060100094,0,0.46169528365135193
schedule,2009-04-01,PRJ_CODE_100100054,0,0.5686794519424438
schedule,2009-04-01,PRJ_CODE_120100067,0,0.6172562837600708
schedule,2009-04-01,PRJ_CODE_160100168,0,0.5529932379722595
schedule,2009-04-01,PRJ_CODE_160100289,0,0.3117801249027252
schedule,2009-04-01,PRJ_CODE_160100292,1,0.32108303904533386
schedule,2009-04-01,PRJ_CODE_180100246,0,0.45536625385284424
schedule,2009-04-01,PRJ_CODE_180100247,1,0.788101851940155
schedule,2009-04-01,PRJ_CODE_180100251,0,0.13571415841579437
schedule,2009-04-01,PRJ_CODE_180100253,0,0.6251968741416931
schedule,2009-04-01,PRJ_CODE_180100256,0,0.5410698056221008
schedule,2009-04-01,PRJ_CODE_180100260,1,0.39591509103775024
schedule,2009-04-01,PRJ_CODE_180100261,0,0.22856883704662323
schedule,2009-04-01,PRJ_CODE_220100009,0,0.36173561215400696
schedule,2009-04-01,PRJ_CODE_220100226,0,0.16279996931552887
schedule,2009-04-01,PRJ_CODE_220100266,1,0.5176447033882141
schedule,2009-04-01,PRJ_CODE_220100268,0,0.42209985852241516
schedule,2009-04-01,PRJ_CODE_220100279,1,0.4472518265247345
schedule,2009-04-01,PRJ_CODE_220100288,1,0.1717921793460846
schedule,2009-04-01,PRJ_CODE_220100307,0,0.3920493721961975
schedule,2009-04-01,PRJ_CODE_220100308,0,0.2772800028324127
schedule,2009-04-01,PRJ_CODE_220100318,0,0.46478790044784546
schedule,2009-04-01,PRJ_CODE_220100322,0,0.4221343398094177
schedule,2009-04-01,PRJ_CODE_220100323,0,0.20378074049949646
schedule,2009-04-01,PRJ_CODE_240101134,1,0.6085675358772278
schedule,2009-04-01,PRJ_CODE_250100174,0,0.5619540214538574
schedule,2009-04-01,PRJ_CODE_260100100,0,0.2605831027030945
schedule,2009-04-01,PRJ_CODE_N04000016,1,0.8018963932991028
schedule,2009-04-01,PRJ_CODE_N06000007,0,0.4138564467430115
schedule,2009-04-01,PRJ_CODE_N06000009,0,0.17601248621940613
schedule,2009-04-01,PRJ_CODE_N06000015,0,0.08952881395816803
schedule,2009-04-01,PRJ_CODE_N06000016,0,0.0992700457572937
schedule,2009-04-01,PRJ_CODE_N06000020,0,0.15351548790931702
schedule,2009-04-01,PRJ_CODE_N06000030,0,0.3366759419441223
schedule,2009-04-01,PRJ_CODE_N06000033,0,0.05212881416082382
schedule,2009-04-01,PRJ_CODE_N06000034,1,0.08473493903875351
schedule,2009-04-01,PRJ_CODE_N06000035,1,0.128915935754776
schedule,2009-04-01,PRJ_CODE_N06000042,1,0.1624099463224411
schedule,2009-04-01,PRJ_CODE_N06000043,1,0.13707152009010315
schedule,2009-04-01,PRJ_CODE_N06000046,0,0.03141573444008827
schedule,2009-04-01,PRJ_CODE_N06000047,0,0.17013657093048096
schedule,2009-04-01,PRJ_CODE_N06000049,0,0.08762984722852707
schedule,2009-04-01,PRJ_CODE_N06000059,0,0.0925985798239708
schedule,2009-04-01,PRJ_CODE_N06000060,0,0.08640367537736893
schedule,2009-04-01,PRJ_CODE_N06000065,0,0.05527913197875023
schedule,2009-04-01,PRJ_CODE_N06000066,0,0.06013627350330353
schedule,2009-04-01,PRJ_CODE_N12000022,0,0.7029562592506409
schedule,2009-04-01,PRJ_CODE_N12000024,1,0.5484833717346191
schedule,2009-04-01,PRJ_CODE_N12000033,0,0.1726626753807068
schedule,2009-04-01,PRJ_CODE_N12000036,0,0.5203979015350342
schedule,2009-04-01,PRJ_CODE_N12000037,0,0.47781896591186523
schedule,2009-04-01,PRJ_CODE_N12000038,0,0.37767407298088074
schedule,2009-04-01,PRJ_CODE_N12000039,0,0.2613755166530609
schedule,2009-04-01,PRJ_CODE_N12000050,1,0.2364780306816101
schedule,2009-04-01,PRJ_CODE_N12000051,1,0.12635943293571472
schedule,2009-04-01,PRJ_CODE_N12000052,0,0.1431284248828888
schedule,2009-04-01,PRJ_CODE_N12000053,0,0.143880233168602
schedule,2009-04-01,PRJ_CODE_N12000055,1,0.17714747786521912
schedule,2009-04-01,PRJ_CODE_N12000057,1,0.1793009638786316
schedule,2009-04-01,PRJ_CODE_N12000060,0,0.21606017649173737
schedule,2009-04-01,PRJ_CODE_N12000069,0,0.4827587902545929
schedule,2009-04-01,PRJ_CODE_N16000017,1,0.45754238963127136
schedule,2009-04-01,PRJ_CODE_N16000021,0,0.2528003454208374
schedule,2009-04-01,PRJ_CODE_N16000023,0,0.37846532464027405
schedule,2009-04-01,PRJ_CODE_N16000028,0,0.36443573236465454
schedule,2009-04-01,PRJ_CODE_N16000029,0,0.478590726852417
schedule,2009-04-01,PRJ_CODE_N16000030,0,0.2245737612247467
schedule,2009-04-01,PRJ_CODE_N16000032,0,0.41631758213043213
schedule,2009-04-01,PRJ_CODE_N16000033,0,0.3916473984718323
schedule,2009-04-01,PRJ_CODE_N16000034,0,0.266132652759552
schedule,2009-04-01,PRJ_CODE_N16000035,0,0.20470315217971802
schedule,2009-04-01,PRJ_CODE_N16000036,1,0.32925087213516235
schedule,2009-04-01,PRJ_CODE_N16000037,1,0.32925087213516235
schedule,2009-04-01,PRJ_CODE_N16000038,1,0.3152158558368683
schedule,2009-04-01,PRJ_CODE_N16000041,0,0.4976443648338318
schedule,2009-04-01,PRJ_CODE_N16000044,0,0.5591318607330322
schedule,2009-04-01,PRJ_CODE_N16000045,1,0.8553057909011841
schedule,2009-04-01,PRJ_CODE_N16000046,0,0.4073730409145355
schedule,2009-04-01,PRJ_CODE_N16000054,0,0.31618374586105347
schedule,2009-04-01,PRJ_CODE_N16000056,0,0.3754461705684662
schedule,2009-04-01,PRJ_CODE_N16000058,1,0.2834596633911133
schedule,2009-04-01,PRJ_CODE_N16000059,0,0.11599110066890717
schedule,2009-04-01,PRJ_CODE_N18000026,1,0.6854712963104248
schedule,2009-04-01,PRJ_CODE_N18000033,0,0.09140748530626297
schedule,2009-04-01,PRJ_CODE_N18000035,0,0.055424764752388
schedule,2009-04-01,PRJ_CODE_N18000036,0,0.03342171013355255
schedule,2009-04-01,PRJ_CODE_N18000038,0,0.09929371625185013
schedule,2009-04-01,PRJ_CODE_N18000039,0,0.07277674227952957
schedule,2009-04-01,PRJ_CODE_N18000041,1,0.1301276534795761
schedule,2009-04-01,PRJ_CODE_N18000043,0,0.14289622008800507
schedule,2009-04-01,PRJ_CODE_N18000047,0,0.1221223697066307
schedule,2009-04-01,PRJ_CODE_N18000048,0,0.17119058966636658
schedule,2009-04-01,PRJ_CODE_N18000049,0,0.19804581999778748
schedule,2009-04-01,PRJ_CODE_N18000050,0,0.17016874253749847
schedule,2009-04-01,PRJ_CODE_N18000051,0,0.10126296430826187
schedule,2009-04-01,PRJ_CODE_N18000052,0,0.11848121136426926
schedule,2009-04-01,PRJ_CODE_N18000053,0,0.1150025874376297
schedule,2009-04-01,PRJ_CODE_N18000054,0,0.11994557827711105
schedule,2009-04-01,PRJ_CODE_N18000055,0,0.07728991657495499
schedule,2009-04-01,PRJ_CODE_N18000056,0,0.10126296430826187
schedule,2009-04-01,PRJ_CODE_N18000057,0,0.11416484415531158
schedule,2009-04-01,PRJ_CODE_N18000058,0,0.12301329523324966
schedule,2009-04-01,PRJ_CODE_N18000059,0,0.13272668421268463
schedule,2009-04-01,PRJ_CODE_N18000061,0,0.22652728855609894
schedule,2009-04-01,PRJ_CODE_N18000062,0,0.2812895178794861
schedule,2009-04-01,PRJ_CODE_N18000063,0,0.13660739362239838
schedule,2009-04-01,PRJ_CODE_N18000066,0,0.18426348268985748
schedule,2009-04-01,PRJ_CODE_N18000067,0,0.14140073955059052
schedule,2009-04-01,PRJ_CODE_N18000069,0,0.19121399521827698
schedule,2009-04-01,PRJ_CODE_N22000034,1,0.4789409041404724
schedule,2009-04-01,PRJ_CODE_N22000055,0,0.3214968740940094
schedule,2009-04-01,PRJ_CODE_N22000075,1,0.48623964190483093
schedule,2009-04-01,PRJ_CODE_N24000087,0,0.4243328869342804
schedule,2009-04-01,PRJ_CODE_N24000096,1,0.5368466973304749
schedule,2009-04-01,PRJ_CODE_N24000103,0,0.14600014686584473
schedule,2009-04-01,PRJ_CODE_N24000105,1,0.6993595361709595
schedule,2009-04-01,PRJ_CODE_N24000109,1,0.47731083631515503
schedule,2009-04-01,PRJ_CODE_N24000110,0,0.1928989291191101
schedule,2009-04-01,PRJ_CODE_N24000116,0,0.11089583486318588
schedule,2009-04-01,PRJ_CODE_N25000015,1,0.8772568702697754
schedule,2009-04-01,PRJ_CODE_N25000030,0,0.14564572274684906
schedule,2009-04-01,PRJ_CODE_N25000034,0,0.48807594180107117
schedule,2009-04-01,PRJ_CODE_N26000037,0,0.5465087294578552
schedule,2009-04-01,PRJ_CODE_N26000047,0,0.8856842517852783
schedule,2009-04-01,PRJ_CODE_N26000049,0,0.7322750687599182
schedule,2009-04-01,PRJ_CODE_N28000016,0,0.3374783992767334
schedule,2009-04-01,PRJ_NAME_0004dd678c080a80,1,0.8708878755569458
schedule,2009-04-01,PRJ_NAME_0148b634ed94a52c,1,0.7083126306533813
schedule,2009-04-01,PRJ_NAME_0189f35da9740900,0,0.42753055691719055
schedule,2009-04-01,PRJ_NAME_01bb36be5d780c42,0,0.23298318684101105
schedule,2009-04-01,PRJ_NAME_0225cae6c227b09e,0,0.22478395700454712
schedule,2009-04-01,PRJ_NAME_02be49f1af33ce10,1,0.7102193832397461
schedule,2009-04-01,PRJ_NAME_03fc8a15c949f80a,1,0.7561385631561279
schedule,2009-04-01,PRJ_NAME_04b418019af3cf9c,0,0.3241405189037323
schedule,2009-04-01,PRJ_NAME_04ec117b502fa2fc,1,0.8931841850280762
schedule,2009-04-01,PRJ_NAME_071db90b2561c624,1,0.8351191878318787
schedule,2009-04-01,PRJ_NAME_07ea46b91674e114,1,0.8059560060501099
schedule,2009-04-01,PRJ_NAME_07fe6dbf570c0868,0,0.28679320216178894
schedule,2009-04-01,PRJ_NAME_08d5e7262e046649,1,0.8540419340133667
schedule,2009-04-01,PRJ_NAME_0a18cd83977c373e,0,0.3613196909427643
schedule,2009-04-01,PRJ_NAME_0d8873d91c503fa5,0,0.7174485325813293
schedule,2009-04-01,PRJ_NAME_0dd322c3813d6c3a,0,0.20074284076690674
schedule,2009-04-01,PRJ_NAME_0e0827a3d2085f94,1,0.8485671281814575
schedule,2009-04-01,PRJ_NAME_0ec1934275e95d63,0,0.5355784893035889
schedule,2009-04-01,PRJ_NAME_0f4455ed3998e6d8,0,0.2355041205883026
schedule,2009-04-01,PRJ_NAME_11a9b4e88f744640,0,0.15059241652488708
schedule,2009-04-01,PRJ_NAME_13465e4124695478,0,0.3412202298641205
schedule,2009-04-01,PRJ_NAME_151f0102951fa3de,1,0.8353831768035889
schedule,2009-04-01,PRJ_NAME_18355a12f68700aa,0,0.12808804214000702
schedule,2009-04-01,PRJ_NAME_189fb3bd8293c6c1,0,0.04472143203020096
schedule,2009-04-01,PRJ_NAME_1a4227e46a37a193,0,0.2228764146566391
schedule,2009-04-01,PRJ_NAME_1a738808aaf509c4,0,0.47964054346084595
schedule,2009-04-01,PRJ_NAME_1c2f05e70ddc2ba0,0,0.31677159667015076
schedule,2009-04-01,PRJ_NAME_1c3ea68b71060199,1,0.8818085789680481
schedule,2009-04-01,PRJ_NAME_1d6e960595541c80,1,0.45190247893333435
schedule,2009-04-01,PRJ_NAME_1d75640bb5ed8b95,0,0.18292663991451263
schedule,2009-04-01,PRJ_NAME_1ed2a789eb6cab62,1,0.6712824106216431
schedule,2009-04-01,PRJ_NAME_1eff8ca7a4b96f50,0,0.3241237699985504
schedule,2009-04-01,PRJ_NAME_1fe91dd7c69d415d,0,0.05470326170325279
schedule,2009-04-01,PRJ_NAME_219f957bece70358,0,0.16382399201393127
schedule,2009-04-01,PRJ_NAME_2243214254bdc3b6,0,0.5535874962806702
schedule,2009-04-01,PRJ_NAME_2275db3ebed6c33b,0,0.8322661519050598
schedule,2009-04-01,PRJ_NAME_25e5f49d5d9f2134,1,0.44106897711753845
schedule,2009-04-01,PRJ_NAME_27099fbe520779e7,1,0.6111634969711304
schedule,2009-04-01,PRJ_NAME_2830efaac9bd3ae1,0,0.5058637857437134
schedule,2009-04-01,PRJ_NAME_28c3fe7065f7b5b5,0,0.18718713521957397
schedule,2009-04-01,PRJ_NAME_296e3bffa2c0ec9e,0,0.2150658667087555
schedule,2009-04-01,PRJ_NAME_29e7d6d952afc28a,0,0.10202270746231079
schedule,2009-04-01,PRJ_NAME_2a4e6f9884ad87a6,1,0.8378456830978394
schedule,2009-04-01,PRJ_NAME_2bded97125d928ff,0,0.13510066270828247
schedule,2009-04-01,PRJ_NAME_2e6914f23cf6d06e,1,0.6591508388519287
schedule,2009-04-01,PRJ_NAME_2fb8d63d94a43eca,0,0.3281899094581604
schedule,2009-04-01,PRJ_NAME_2fd8e3aeea321592,0,0.5940794348716736
schedule,2009-04-01,PRJ_NAME_3026e066ea75e57c,1,0.5845808982849121
schedule,2009-04-01,PRJ_NAME_30780904c0601eb4,0,0.26902294158935547
schedule,2009-04-01,PRJ_NAME_31f55c4357305603,0,0.4172060191631317
schedule,2009-04-01,PRJ_NAME_3320425e5f0ce323,0,0.5217099785804749
schedule,2009-04-01,PRJ_NAME_3369f7d5b43fa7d2,0,0.4458112418651581
schedule,2009-04-01,PRJ_NAME_33895d35ac5569d9,0,0.633437991142273
schedule,2009-04-01,PRJ_NAME_33932b27b469d4c1,1,0.7087363600730896
schedule,2009-04-01,PRJ_NAME_3460f446ce2781c4,1,0.8830943703651428
schedule,2009-04-01,PRJ_NAME_36a526c1eeac13dc,0,0.5609394907951355
schedule,2009-04-01,PRJ_NAME_382fe282c2919f7f,0,0.36681583523750305
schedule,2009-04-01,PRJ_NAME_383758ca2b9df234,1,0.4038068652153015
schedule,2009-04-01,PRJ_NAME_38f3fdbcd5c58828,1,0.4007032811641693
schedule,2009-04-01,PRJ_NAME_39ac99e72e901243,0,0.20560778677463531
schedule,2009-04-01,PRJ_NAME_3a1db8515fcdf4a5,0,0.0711650550365448
schedule,2009-04-01,PRJ_NAME_3ba42102e7a1cb94,1,0.8746877312660217
schedule,2009-04-01,PRJ_NAME_3cc205715abfbbda,0,0.3849479854106903
schedule,2009-04-01,PRJ_NAME_3d1869707f6f1703,1,0.7148953676223755
schedule,2009-04-01,PRJ_NAME_3d39735915bca559,1,0.8734557628631592
schedule,2009-04-01,PRJ_NAME_3d531f7ee886ec3a,0,0.34492167830467224
schedule,2009-04-01,PRJ_NAME_3d7a66144aa6ea1b,1,0.8645412921905518
schedule,2009-04-01,PRJ_NAME_3f2fcee268741920,1,0.531198263168335
schedule,2009-04-01,PRJ_NAME_3f7caf599973bbc3,0,0.5480982661247253
schedule,2009-04-01,PRJ_NAME_3f9e1ffde78880a6,0,0.4180823862552643
schedule,2009-04-01,PRJ_NAME_405a3d72722128e9,0,0.32266345620155334
schedule,2009-04-01,PRJ_NAME_428198aba8296f85,0,0.06470414251089096
schedule,2009-04-01,PRJ_NAME_42d1d873ef0ba864,0,0.5206372737884521
schedule,2009-04-01,PRJ_NAME_42df200967d78962,1,0.5750029683113098
schedule,2009-04-01,PRJ_NAME_42ecbefa35d1eb4b,1,0.5473070740699768
schedule,2009-04-01,PRJ_NAME_43ec04ee37b2df97,0,0.09270703047513962
schedule,2009-04-01,PRJ_NAME_448ec218fa67b81f,1,0.8364517092704773
schedule,2009-04-01,PRJ_NAME_44d305a8cb81d205,0,0.13099782168865204
schedule,2009-04-01,PRJ_NAME_4521219d33d32e33,0,0.36101362109184265
schedule,2009-04-01,PRJ_NAME_458348a7c75128e0,1,0.771672785282135
schedule,2009-04-01,PRJ_NAME_46256f5cb11ca220,1,0.7680002450942993
schedule,2009-04-01,PRJ_NAME_469bb0e5b66ebdea,1,0.8568555116653442
schedule,2009-04-01,PRJ_NAME_46d479c07936c43a,1,0.699773371219635
schedule,2009-04-01,PRJ_NAME_47651aa52c29c512,0,0.2538336515426636
schedule,2009-04-01,PRJ_NAME_480f705f44b440b1,1,0.38892292976379395
schedule,2009-04-01,PRJ_NAME_4869b58e8594fd88,0,0.28240910172462463
schedule,2009-04-01,PRJ_NAME_4b086c663a448f74,0,0.6068865656852722
schedule,2009-04-01,PRJ_NAME_4b3560cba1158b55,1,0.40610626339912415
schedule,2009-04-01,PRJ_NAME_4b9dfeb9724480fe,0,0.4139159619808197
schedule,2009-04-01,PRJ_NAME_4ca147295712f33c,0,0.2592826783657074
schedule,2009-04-01,PRJ_NAME_4f40123fccde344d,1,0.497756689786911
schedule,2009-04-01,PRJ_NAME_4f7411701eb10f66,1,0.30196237564086914
schedule,2009-04-01,PRJ_NAME_50522850afa1dc91,1,0.6045799851417542
schedule,2009-04-01,PRJ_NAME_50c6884ee2f6ca3b,0,0.17351897060871124
schedule,2009-04-01,PRJ_NAME_51dff49a23022387,0,0.20773547887802124
schedule,2009-04-01,PRJ_NAME_52b5fa3569bf9d1f,1,0.8181124925613403
schedule,2009-04-01,PRJ_NAME_5337e4904b5d2957,0,0.1737329214811325
schedule,2009-04-01,PRJ_NAME_533a63bdeb5540f3,0,0.23179809749126434
schedule,2009-04-01,PRJ_NAME_5463349fa50ea5f1,0,0.1645607203245163
schedule,2009-04-01,PRJ_NAME_56456c324dd9b83d,1,0.780175507068634
schedule,2009-04-01,PRJ_NAME_57b41f1ef050cc39,0,0.6866568326950073
schedule,2009-04-01,PRJ_NAME_585544165e75cdb6,0,0.29308784008026123
schedule,2009-04-01,PRJ_NAME_585df2f330882dc3,1,0.3775332570075989
schedule,2009-04-01,PRJ_NAME_588860c61eba4c3e,0,0.43133577704429626
schedule,2009-04-01,PRJ_NAME_593ebae864c1a900,0,0.38489606976509094
schedule,2009-04-01,PRJ_NAME_59e0ef4cf8960ef7,0,0.07118432968854904
schedule,2009-04-01,PRJ_NAME_5ee14dad04ef119c,0,0.13671624660491943
schedule,2009-04-01,PRJ_NAME_606504db777b5bce,1,0.8425524234771729
schedule,2009-04-01,PRJ_NAME_61720eabf65200ae,1,0.4880755841732025
schedule,2009-04-01,PRJ_NAME_61d3483ad862194a,0,0.09807004779577255
schedule,2009-04-01,PRJ_NAME_624ae3298fcadd5a,0,0.4998917877674103
schedule,2009-04-01,PRJ_NAME_62ac6e3546007fd7,1,0.6726687550544739
schedule,2009-04-01,PRJ_NAME_636065c530891da0,0,0.09886857867240906
schedule,2009-04-01,PRJ_NAME_63aaf0b2d67fcc98,1,0.45345595479011536
schedule,2009-04-01,PRJ_NAME_6459d263f5d64b3a,0,0.14292611181735992
schedule,2009-04-01,PRJ_NAME_646374cb7bb8cf53,0,0.15502570569515228
schedule,2009-04-01,PRJ_NAME_65c34046110d1639,0,0.3135533332824707
schedule,2009-04-01,PRJ_NAME_6633a0b096c09794,0,0.46476536989212036
schedule,2009-04-01,PRJ_NAME_664064542365971b,0,0.6493282914161682
schedule,2009-04-01,PRJ_NAME_668ca797d8e9b02c,0,0.7779645323753357
schedule,2009-04-01,PRJ_NAME_67185f73cdc3ce1a,0,0.11670580506324768
schedule,2009-04-01,PRJ_NAME_67409bba76046d57,0,0.4918529987335205
schedule,2009-04-01,PRJ_NAME_67cd9c954d2467cd,0,0.7993419170379639
schedule,2009-04-01,PRJ_NAME_6ba01d6d5eebf7b1,1,0.8735150694847107
schedule,2009-04-01,PRJ_NAME_6c09acb5a4f410b0,0,0.8885590434074402
schedule,2009-04-01,PRJ_NAME_6c264260913ce831,1,0.8886521458625793
schedule,2009-04-01,PRJ_NAME_6f4b9b110ae25321,0,0.43644121289253235
schedule,2009-04-01,PRJ_NAME_71bd13e4c33dc0b3,1,0.5056026577949524
schedule,2009-04-01,PRJ_NAME_721a95fbd23ad2c8,1,0.880116879940033
schedule,2009-04-01,PRJ_NAME_72750a50c3d18ffe,0,0.13846953213214874
schedule,2009-04-01,PRJ_NAME_735c5b98af1edf1b,1,0.9080647826194763
schedule,2009-04-01,PRJ_NAME_743c1bfad7794140,1,0.7238914966583252
schedule,2009-04-01,PRJ_NAME_74470ac7f7e3099a,0,0.478115439414978
schedule,2009-04-01,PRJ_NAME_74caabeb39aaa1ff,1,0.14693260192871094
schedule,2009-04-01,PRJ_NAME_75ff742cb738b710,1,0.6665986776351929
schedule,2009-04-01,PRJ_NAME_7612955874fcc5a7,0,0.2696884572505951
schedule,2009-04-01,PRJ_NAME_768d6fbca51319c9,1,0.8790338635444641
schedule,2009-04-01,PRJ_NAME_772f2a39ea9e3ff1,1,0.7496373057365417
schedule,2009-04-01,PRJ_NAME_7758bbdc5828316b,0,0.15978598594665527
schedule,2009-04-01,PRJ_NAME_78580b681d000474,0,0.7698718905448914
schedule,2009-04-01,PRJ_NAME_78af84562e9d8303,0,0.16475917398929596
schedule,2009-04-01,PRJ_NAME_795a352b8cff9c15,0,0.5740610361099243
schedule,2009-04-01,PRJ_NAME_7bde1e0220d753f0,0,0.3659500181674957
schedule,2009-04-01,PRJ_NAME_7bfceb0c80fc4b26,0,0.5213878154754639
schedule,2009-04-01,PRJ_NAME_7cf5e2d74eaa776c,1,0.39067503809928894
schedule,2009-04-01,PRJ_NAME_7d78ecb0b46befe0,0,0.19348031282424927
schedule,2009-04-01,PRJ_NAME_7f25cbd30beb1762,1,0.24705588817596436
schedule,2009-04-01,PRJ_NAME_7fb8a753afa2d26f,0,0.2729050815105438
schedule,2009-04-01,PRJ_NAME_8109073f8b96ea3d,0,0.16148559749126434
schedule,2009-04-01,PRJ_NAME_81bafd10a91fd9c4,1,0.4946242570877075
schedule,2009-04-01,PRJ_NAME_821e46b4a362bfa4,0,0.7332773804664612
schedule,2009-04-01,PRJ_NAME_82a1b3cc725dd309,0,0.3063015639781952
schedule,2009-04-01,PRJ_NAME_83be953b7310deef,1,0.6611892580986023
schedule,2009-04-01,PRJ_NAME_85caedccc1ec91d7,0,0.1625078171491623
schedule,2009-04-01,PRJ_NAME_8749b3c26f418fe8,0,0.3287535309791565
schedule,2009-04-01,PRJ_NAME_88e199e6518abeff,0,0.09087831526994705
schedule,2009-04-01,PRJ_NAME_89388044b4007d2d,0,0.18847604095935822
schedule,2009-04-01,PRJ_NAME_8a468889b5be6da7,0,0.20596112310886383
schedule,2009-04-01,PRJ_NAME_8ab7e877d64c6511,0,0.36793237924575806
schedule,2009-04-01,PRJ_NAME_8ae3819b3f43f81d,0,0.35010215640068054
schedule,2009-04-01,PRJ_NAME_8b12c1c1d145c92c,0,0.40458956360816956
schedule,2009-04-01,PRJ_NAME_8bd10b08124a4095,0,0.099921315908432
schedule,2009-04-01,PRJ_NAME_8be7ca9862134d65,1,0.696982204914093
schedule,2009-04-01,PRJ_NAME_8c97fd376f152558,0,0.2754979133605957
schedule,2009-04-01,PRJ_NAME_8cbf7fe2db2e06c4,1,0.6301674842834473
schedule,2009-04-01,PRJ_NAME_8dcd08dfd81e91ba,0,0.37601685523986816
schedule,2009-04-01,PRJ_NAME_900650a7b2bd003f,1,0.353494793176651
schedule,2009-04-01,PRJ_NAME_9124e743c95fcdfd,1,0.7132032513618469
schedule,2009-04-01,PRJ_NAME_91edd123df3b9752,0,0.7846446633338928
schedule,2009-04-01,PRJ_NAME_936a972c38503df1,0,0.6993224620819092
schedule,2009-04-01,PRJ_NAME_948f0338c1455029,0,0.5272325277328491
schedule,2009-04-01,PRJ_NAME_94aa47edacafbdc0,0,0.3244723975658417
schedule,2009-04-01,PRJ_NAME_95239e307b9972c8,1,0.6792904734611511
schedule,2009-04-01,PRJ_NAME_9589768b96002ace,0,0.14429610967636108
schedule,2009-04-01,PRJ_NAME_958f5742195aba52,1,0.7188213467597961
schedule,2009-04-01,PRJ_NAME_97175a0bf58860dd,1,0.2663518488407135
schedule,2009-04-01,PRJ_NAME_9785a70d227b0561,1,0.5831365585327148
schedule,2009-04-01,PRJ_NAME_97b6f7489a4660c4,0,0.30112576484680176
schedule,2009-04-01,PRJ_NAME_97ed5e02577c1519,1,0.20845305919647217
schedule,2009-04-01,PRJ_NAME_97eebbdb1660a78f,1,0.8886727094650269
schedule,2009-04-01,PRJ_NAME_98df68b03362bd89,1,0.43969738483428955
schedule,2009-04-01,PRJ_NAME_994deea3959e14e8,0,0.21217764914035797
schedule,2009-04-01,PRJ_NAME_9c4eb4d2eb8f9719,0,0.6979126930236816
schedule,2009-04-01,PRJ_NAME_9cf4b63998e32324,0,0.622817873954773
schedule,2009-04-01,PRJ_NAME_9d0e19b63480a819,0,0.44106194376945496
schedule,2009-04-01,PRJ_NAME_9d46629b18b18a13,1,0.40282541513442993
schedule,2009-04-01,PRJ_NAME_9dcbefefed4f1065,0,0.44419440627098083
schedule,2009-04-01,PRJ_NAME_9f96903f754912ec,0,0.4998563826084137
schedule,2009-04-01,PRJ_NAME_a08949c95f5f94e4,0,0.5422318577766418
schedule,2009-04-01,PRJ_NAME_a21ffd430f8ddb3e,1,0.8896071910858154
schedule,2009-04-01,PRJ_NAME_a28726e807976d7c,0,0.07232775539159775
schedule,2009-04-01,PRJ_NAME_a2b6086beac12343,1,0.6805827617645264
schedule,2009-04-01,PRJ_NAME_a335e78099c07d4e,1,0.8385707139968872
schedule,2009-04-01,PRJ_NAME_a3b710cb5e7fd128,1,0.924445629119873
schedule,2009-04-01,PRJ_NAME_a471cb9e66706d2c,1,0.7869660258293152
schedule,2009-04-01,PRJ_NAME_a4a118c53f027fd8,1,0.9082305431365967
schedule,2009-04-01,PRJ_NAME_a5facf55cd81ec6a,0,0.5214510560035706
schedule,2009-04-01,PRJ_NAME_a72ff560bd409bf5,0,0.400412917137146
schedule,2009-04-01,PRJ_NAME_a8681fc4ddd077de,1,0.8477506637573242
schedule,2009-04-01,PRJ_NAME_a937cfc9af78ada5,0,0.15216994285583496
schedule,2009-04-01,PRJ_NAME_a9b6a1b29fb44b4d,0,0.17543421685695648
schedule,2009-04-01,PRJ_NAME_aa6d473f6b178563,0,0.10178394615650177
schedule,2009-04-01,PRJ_NAME_aab2ef5b914f61c7,1,0.5842877626419067
schedule,2009-04-01,PRJ_NAME_ab33d551bf7a3428,0,0.4650275707244873
schedule,2009-04-01,PRJ_NAME_abb3e384d5e3e17e,1,0.877225399017334
schedule,2009-04-01,PRJ_NAME_ad205b50262bd00e,0,0.2606740891933441
schedule,2009-04-01,PRJ_NAME_ad65def7cbb4d220,1,0.8714007139205933
schedule,2009-04-01,PRJ_NAME_ae2b69d71915b759,0,0.27520889043807983
schedule,2009-04-01,PRJ_NAME_ae82fd1ce70d12ac,0,0.1624370664358139
schedule,2009-04-01,PRJ_NAME_af0c9f115b647286,0,0.2706543803215027
schedule,2009-04-01,PRJ_NAME_af3fa3c68578f729,0,0.13185054063796997
schedule,2009-04-01,PRJ_NAME_b00eed3c08be17ae,0,0.3127225935459137
schedule,2009-04-01,PRJ_NAME_b0f1e855a7bac204,1,0.7404982447624207
schedule,2009-04-01,PRJ_NAME_b0f97810618292a9,1,0.8325307965278625
schedule,2009-04-01,PRJ_NAME_b1512f76653de237,0,0.5101813077926636
schedule,2009-04-01,PRJ_NAME_b2682182493efe91,0,0.844123899936676
schedule,2009-04-01,PRJ_NAME_b2d22b803981eee8,0,0.45065900683403015
schedule,2009-04-01,PRJ_NAME_b4cc5ce51e200cdf,0,0.17368118464946747
schedule,2009-04-01,PRJ_NAME_b6e5fd16af47d146,0,0.26408514380455017
schedule,2009-04-01,PRJ_NAME_b8fbf98a7f8bce67,1,0.7022526860237122
schedule,2009-04-01,PRJ_NAME_b969a4926f8d8a05,0,0.22932004928588867
schedule,2009-04-01,PRJ_NAME_b9a77c955d8cbf20,1,0.7625986337661743
schedule,2009-04-01,PRJ_NAME_baf6c8857483bc18,0,0.12038927525281906
schedule,2009-04-01,PRJ_NAME_bc352f64c9c9ab99,0,0.6267654895782471
schedule,2009-04-01,PRJ_NAME_bd212f548385f223,1,0.5907554626464844
schedule,2009-04-01,PRJ_NAME_bddbb3270d5e7de5,1,0.6846161484718323
schedule,2009-04-01,PRJ_NAME_be49f9610c811e3b,1,0.9099090695381165
schedule,2009-04-01,PRJ_NAME_be4dd8e59fd70e64,1,0.8250510692596436
schedule,2009-04-01,PRJ_NAME_be77bfadf345a933,0,0.4781222939491272
schedule,2009-04-01,PRJ_NAME_bef6e5f20fc79cc6,0,0.26645809412002563
schedule,2009-04-01,PRJ_NAME_bfd6c00eaa9b89cf,0,0.23342522978782654
schedule,2009-04-01,PRJ_NAME_c0956183b9a97e85,0,0.5694617033004761
schedule,2009-04-01,PRJ_NAME_c0ac792752076ad2,1,0.8749818205833435
schedule,2009-04-01,PRJ_NAME_c275be77f0a071f0,1,0.6566532254219055
schedule,2009-04-01,PRJ_NAME_c3a228e23032a307,1,0.5913282036781311
schedule,2009-04-01,PRJ_NAME_c65a7db8a155f444,1,0.930255115032196
schedule,2009-04-01,PRJ_NAME_c7e53cfcad1b1c5e,0,0.17700707912445068
schedule,2009-04-01,PRJ_NAME_c8104187879f677a,0,0.06947274506092072
schedule,2009-04-01,PRJ_NAME_c8ae5b47197f2cbd,1,0.3668515384197235
schedule,2009-04-01,PRJ_NAME_c978cc150aff8427,0,0.08152950555086136
schedule,2009-04-01,PRJ_NAME_cb75fb87dd34253f,0,0.6933035254478455
schedule,2009-04-01,PRJ_NAME_ccbbbdd77851b17f,1,0.6804066896438599
schedule,2009-04-01,PRJ_NAME_cd3f28bade7cdf3f,1,0.8069424629211426
schedule,2009-04-01,PRJ_NAME_cd9457461186cc7f,1,0.6491716504096985
schedule,2009-04-01,PRJ_NAME_cdcae6a1e043703c,0,0.23770447075366974
schedule,2009-04-01,PRJ_NAME_cde12345f84a4a3f,1,0.8405905961990356
schedule,2009-04-01,PRJ_NAME_ce02d7c9233b7b2b,0,0.3337256610393524
schedule,2009-04-01,PRJ_NAME_ce28e0c01122d9a3,0,0.24561507999897003
schedule,2009-04-01,PRJ_NAME_ce5016dbd135ec16,0,0.3559757471084595
schedule,2009-04-01,PRJ_NAME_cea26f1d15aba1f9,1,0.3798595666885376
schedule,2009-04-01,PRJ_NAME_cfd4b764bee5cea2,0,0.5811284780502319
schedule,2009-04-01,PRJ_NAME_d0770c683a90a62d,1,0.7553111910820007
schedule,2009-04-01,PRJ_NAME_d0878df8cfcdf42f,0,0.3284789025783539
schedule,2009-04-01,PRJ_NAME_d1393c6cc2e166bc,1,0.8434875011444092
schedule,2009-04-01,PRJ_NAME_d13dd04a176c25c0,1,0.6736788153648376
schedule,2009-04-01,PRJ_NAME_d18924e42365941a,1,0.6523420810699463
schedule,2009-04-01,PRJ_NAME_d24144e6f0823613,1,0.8571876287460327
schedule,2009-04-01,PRJ_NAME_d3afd09bf7ff8e81,0,0.5727363228797913
schedule,2009-04-01,PRJ_NAME_d4286f28b16dd5a1,0,0.2557551860809326
schedule,2009-04-01,PRJ_NAME_d445a5d5362052c6,1,0.6651213765144348
schedule,2009-04-01,PRJ_NAME_d451cd9406956965,0,0.18936826288700104
schedule,2009-04-01,PRJ_NAME_d4876b01cc710190,0,0.7501288056373596
schedule,2009-04-01,PRJ_NAME_d4f1b277d89fa84d,1,0.3546815812587738
schedule,2009-04-01,PRJ_NAME_d5f128d4a5054966,0,0.5195843577384949
schedule,2009-04-01,PRJ_NAME_d853374d6e3396f9,0,0.8874850273132324
schedule,2009-04-01,PRJ_NAME_d9a2644b07dd9609,1,0.6468550562858582
schedule,2009-04-01,PRJ_NAME_d9abd1f8dd32a440,1,0.6705992817878723
schedule,2009-04-01,PRJ_NAME_da2989779a8ff72c,1,0.39341360330581665
schedule,2009-04-01,PRJ_NAME_da5ec8a0b84f42c9,0,0.23337893187999725
schedule,2009-04-01,PRJ_NAME_da983b82e27b4901,0,0.4877781569957733
schedule,2009-04-01,PRJ_NAME_dab1c247fc9689d6,0,0.4684339165687561
schedule,2009-04-01,PRJ_NAME_dc3bcf024b79a8b1,1,0.9058067798614502
schedule,2009-04-01,PRJ_NAME_dcc1ad452b4d494f,1,0.780175507068634
schedule,2009-04-01,PRJ_NAME_de0e3def822551a6,1,0.5926907062530518
schedule,2009-04-01,PRJ_NAME_de4691d50c7854e9,0,0.3274982273578644
schedule,2009-04-01,PRJ_NAME_de988147e22ef9e9,1,0.6735864877700806
schedule,2009-04-01,PRJ_NAME_dea5735eb1f597db,0,0.8697732090950012
schedule,2009-04-01,PRJ_NAME_e040a7f92ba61461,1,0.7063775658607483
schedule,2009-04-01,PRJ_NAME_e2670cace03ef113,1,0.8629980087280273
schedule,2009-04-01,PRJ_NAME_e29ab136f3a33626,0,0.32723182439804077
schedule,2009-04-01,PRJ_NAME_e3b98145bde44d46,1,0.5988218188285828
schedule,2009-04-01,PRJ_NAME_e49f43acc263936a,1,0.4540101885795593
schedule,2009-04-01,PRJ_NAME_e62fcb5fa64380ee,0,0.4469146132469177
schedule,2009-04-01,PRJ_NAME_e633f015dd0714c6,1,0.7589084506034851
schedule,2009-04-01,PRJ_NAME_e703030c25d32ad8,0,0.5308858752250671
schedule,2009-04-01,PRJ_NAME_e7d78ebc7862a984,1,0.8917251229286194
schedule,2009-04-01,PRJ_NAME_e84f668cb9ad9062,0,0.49496468901634216
schedule,2009-04-01,PRJ_NAME_e86ebf75d270663b,1,0.8837752938270569
schedule,2009-04-01,PRJ_NAME_e8dc1ea5468f8536,1,0.22485560178756714
schedule,2009-04-01,PRJ_NAME_e96e2471ac2f3b45,1,0.7720506191253662
schedule,2009-04-01,PRJ_NAME_e9b6b723340d4c91,0,0.38309288024902344
schedule,2009-04-01,PRJ_NAME_e9fe972727df6e0b,1,0.8743019700050354
schedule,2009-04-01,PRJ_NAME_ea175320bc252402,0,0.5320736169815063
schedule,2009-04-01,PRJ_NAME_ea1e86cb1e4986d2,0,0.5762184858322144
schedule,2009-04-01,PRJ_NAME_ebc6dcee9d022d3a,0,0.32883352041244507
schedule,2009-04-01,PRJ_NAME_ed6774d8331350b8,0,0.3022678792476654
schedule,2009-04-01,PRJ_NAME_ee3707ee0a1cef17,1,0.667102038860321
schedule,2009-04-01,PRJ_NAME_ef0a5bc216b10675,0,0.34995710849761963
schedule,2009-04-01,PRJ_NAME_efcf5742fcf89d7b,1,0.5032281279563904
schedule,2009-04-01,PRJ_NAME_f1300fa6308aca5a,0,0.5081499218940735
schedule,2009-04-01,PRJ_NAME_f36c1b98ac886591,1,0.7153334617614746
schedule,2009-04-01,PRJ_NAME_f3c8c655dd569e68,0,0.44740957021713257
schedule,2009-04-01,PRJ_NAME_f624496644477d91,1,0.3106374144554138
schedule,2009-04-01,PRJ_NAME_f786e2a7af40255c,1,0.8732995390892029
schedule,2009-04-01,PRJ_NAME_f84ae1a96a985b34,1,0.9359656572341919
schedule,2009-04-01,PRJ_NAME_f8eaa312aa060cb3,1,0.8180656433105469
schedule,2009-04-01,PRJ_NAME_f981eaa612067a1b,0,0.22425983846187592
schedule,2009-04-01,PRJ_NAME_fb19344c6251c9fb,1,0.6717746257781982
schedule,2009-04-01,PRJ_NAME_fbf574116d1dd49f,1,0.5547769665718079
schedule,2009-04-01,PRJ_NAME_fc292aca755942af,1,0.3922208249568939
schedule,2009-04-01,PRJ_NAME_fd1dea69b6da9e70,1,0.832436203956604
schedule,2009-04-01,PRJ_NAME_fd8d3d06b187c533,1,0.6811505556106567
schedule,2009-04-01,PRJ_NAME_fe67148516aa3153,1,0.564256489276886
schedule,2009-04-01,PRJ_NAME_ff205b5be130a40a,0,0.20615927875041962
schedule,2009-04-01,PRJ_NAME_ffd0b9ce6984e556,0,0.4006823003292084
schedule,2009-05-01,PRJ_CODE_020100040,1,0.6692307591438293
schedule,2009-05-01,PRJ_CODE_020100044,0,0.45954570174217224
schedule,2009-05-01,PRJ_CODE_060100087,0,0.4322308301925659
schedule,2009-05-01,PRJ_CODE_060100088,0,0.455369234085083
schedule,2009-05-01,PRJ_CODE_060100090,0,0.5908582806587219
schedule,2009-05-01,PRJ_CODE_060100092,0,0.25191089510917664
schedule,2009-05-01,PRJ_CODE_060100094,0,0.5132526755332947
schedule,2009-05-01,PRJ_CODE_100100054,0,0.7830792665481567
schedule,2009-05-01,PRJ_CODE_120100067,0,0.45578524470329285
schedule,2009-05-01,PRJ_CODE_160100168,0,0.5290185213088989
schedule,2009-05-01,PRJ_CODE_160100289,0,0.5141936540603638
schedule,2009-05-01,PRJ_CODE_160100292,1,0.5301283001899719
schedule,2009-05-01,PRJ_CODE_180100246,0,0.5270357131958008
schedule,2009-05-01,PRJ_CODE_180100247,1,0.8613293766975403
schedule,2009-05-01,PRJ_CODE_180100251,0,0.30486562848091125
schedule,2009-05-01,PRJ_CODE_180100253,0,0.7267393469810486
schedule,2009-05-01,PRJ_CODE_180100256,1,0.7098575830459595
schedule,2009-05-01,PRJ_CODE_180100260,1,0.7185072898864746
schedule,2009-05-01,PRJ_CODE_180100261,0,0.40210720896720886
schedule,2009-05-01,PRJ_CODE_220100009,0,0.39995408058166504
schedule,2009-05-01,PRJ_CODE_220100226,0,0.1998690962791443
schedule,2009-05-01,PRJ_CODE_220100266,1,0.6033971905708313
schedule,2009-05-01,PRJ_CODE_220100268,0,0.43418946862220764
schedule,2009-05-01,PRJ_CODE_220100279,1,0.5631335973739624
schedule,2009-05-01,PRJ_CODE_220100288,1,0.4194473922252655
schedule,2009-05-01,PRJ_CODE_220100307,0,0.4890199899673462
schedule,2009-05-01,PRJ_CODE_220100308,0,0.304747074842453
schedule,2009-05-01,PRJ_CODE_220100318,0,0.576855480670929
schedule,2009-05-01,PRJ_CODE_220100322,0,0.4862019717693329
schedule,2009-05-01,PRJ_CODE_220100323,0,0.2208661586046219
schedule,2009-05-01,PRJ_CODE_240101134,1,0.5698010921478271
schedule,2009-05-01,PRJ_CODE_250100174,0,0.6398097276687622
schedule,2009-05-01,PRJ_CODE_260100100,0,0.43458110094070435
schedule,2009-05-01,PRJ_CODE_N04000016,1,0.9231299161911011
schedule,2009-05-01,PRJ_CODE_N06000007,0,0.4420657455921173
schedule,2009-05-01,PRJ_CODE_N06000009,0,0.20916372537612915
schedule,2009-05-01,PRJ_CODE_N06000015,0,0.17141620814800262
schedule,2009-05-01,PRJ_CODE_N06000016,0,0.30672207474708557
schedule,2009-05-01,PRJ_CODE_N06000020,0,0.20350705087184906
schedule,2009-05-01,PRJ_CODE_N06000030,0,0.09833671897649765
schedule,2009-05-01,PRJ_CODE_N06000033,0,0.060720499604940414
schedule,2009-05-01,PRJ_CODE_N06000034,0,0.13335222005844116
schedule,2009-05-01,PRJ_CODE_N06000035,0,0.15328742563724518
schedule,2009-05-01,PRJ_CODE_N06000042,0,0.17974227666854858
schedule,2009-05-01,PRJ_CODE_N06000043,0,0.1337256282567978
schedule,2009-05-01,PRJ_CODE_N06000044,0,0.18097184598445892
schedule,2009-05-01,PRJ_CODE_N06000046,0,0.11060883104801178
schedule,2009-05-01,PRJ_CODE_N06000047,0,0.28809112310409546
schedule,2009-05-01,PRJ_CODE_N06000049,0,0.12717002630233765
schedule,2009-05-01,PRJ_CODE_N06000059,0,0.09708554297685623
schedule,2009-05-01,PRJ_CODE_N06000060,0,0.07529325038194656
schedule,2009-05-01,PRJ_CODE_N06000065,0,0.09525095671415329
schedule,2009-05-01,PRJ_CODE_N06000066,0,0.09064225852489471
schedule,2009-05-01,PRJ_CODE_N06000069,0,0.04505259916186333
schedule,2009-05-01,PRJ_CODE_N12000022,0,0.7809692621231079
schedule,2009-05-01,PRJ_CODE_N12000024,0,0.578408420085907
schedule,2009-05-01,PRJ_CODE_N12000033,0,0.3190898001194
schedule,2009-05-01,PRJ_CODE_N12000036,0,0.6793352365493774
schedule,2009-05-01,PRJ_CODE_N12000037,1,0.5912646651268005
schedule,2009-05-01,PRJ_CODE_N12000038,1,0.48840659856796265
schedule,2009-05-01,PRJ_CODE_N12000039,0,0.34395909309387207
schedule,2009-05-01,PRJ_CODE_N12000050,1,0.37205085158348083
schedule,2009-05-01,PRJ_CODE_N12000051,1,0.28839680552482605
schedule,2009-05-01,PRJ_CODE_N12000052,0,0.13623720407485962
schedule,2009-05-01,PRJ_CODE_N12000053,0,0.171018585562706
schedule,2009-05-01,PRJ_CODE_N12000055,1,0.3183616101741791
schedule,2009-05-01,PRJ_CODE_N12000057,1,0.3281537592411041
schedule,2009-05-01,PRJ_CODE_N12000060,0,0.33162787556648254
schedule,2009-05-01,PRJ_CODE_N12000069,1,0.5022857785224915
schedule,2009-05-01,PRJ_CODE_N16000017,1,0.549497663974762
schedule,2009-05-01,PRJ_CODE_N16000021,0,0.32096415758132935
schedule,2009-05-01,PRJ_CODE_N16000023,0,0.4440063238143921
schedule,2009-05-01,PRJ_CODE_N16000028,0,0.5561763644218445
schedule,2009-05-01,PRJ_CODE_N16000029,0,0.5390546321868896
schedule,2009-05-01,PRJ_CODE_N16000030,0,0.3423028588294983
schedule,2009-05-01,PRJ_CODE_N16000032,0,0.539753258228302
schedule,2009-05-01,PRJ_CODE_N16000033,0,0.5234607458114624
schedule,2009-05-01,PRJ_CODE_N16000034,0,0.4365594983100891
schedule,2009-05-01,PRJ_CODE_N16000035,0,0.33902186155319214
schedule,2009-05-01,PRJ_CODE_N16000036,0,0.4775080978870392
schedule,2009-05-01,PRJ_CODE_N16000037,0,0.47498705983161926
schedule,2009-05-01,PRJ_CODE_N16000038,0,0.4324067533016205
schedule,2009-05-01,PRJ_CODE_N16000041,0,0.6723648309707642
schedule,2009-05-01,PRJ_CODE_N16000044,0,0.71482253074646
schedule,2009-05-01,PRJ_CODE_N16000045,0,0.5029091238975525
schedule,2009-05-01,PRJ_CODE_N16000046,0,0.450886070728302
schedule,2009-05-01,PRJ_CODE_N16000054,0,0.23925741016864777
schedule,2009-05-01,PRJ_CODE_N16000056,0,0.5890910029411316
schedule,2009-05-01,PRJ_CODE_N16000058,0,0.555919885635376
schedule,2009-05-01,PRJ_CODE_N16000059,0,0.1953793615102768
schedule,2009-05-01,PRJ_CODE_N16000060,0,0.13553625345230103
schedule,2009-05-01,PRJ_CODE_N16000062,0,0.4928569793701172
schedule,2009-05-01,PRJ_CODE_N16000063,0,0.14447756111621857
schedule,2009-05-01,PRJ_CODE_N18000026,0,0.5451740026473999
schedule,2009-05-01,PRJ_CODE_N18000033,0,0.2854580581188202
schedule,2009-05-01,PRJ_CODE_N18000035,0,0.15170985460281372
schedule,2009-05-01,PRJ_CODE_N18000036,0,0.08373947441577911
schedule,2009-05-01,PRJ_CODE_N18000038,0,0.20217539370059967
schedule,2009-05-01,PRJ_CODE_N18000039,0,0.1679631471633911
schedule,2009-05-01,PRJ_CODE_N18000041,1,0.26421022415161133
schedule,2009-05-01,PRJ_CODE_N18000043,0,0.2822172939777374
schedule,2009-05-01,PRJ_CODE_N18000047,0,0.2001701444387436
schedule,2009-05-01,PRJ_CODE_N18000048,0,0.30845561623573303
schedule,2009-05-01,PRJ_CODE_N18000049,0,0.23489885032176971
schedule,2009-05-01,PRJ_CODE_N18000050,0,0.2149592638015747
schedule,2009-05-01,PRJ_CODE_N18000051,0,0.12237140536308289
schedule,2009-05-01,PRJ_CODE_N18000052,0,0.14217793941497803
schedule,2009-05-01,PRJ_CODE_N18000053,0,0.12053882330656052
schedule,2009-05-01,PRJ_CODE_N18000054,0,0.15226639807224274
schedule,2009-05-01,PRJ_CODE_N18000055,0,0.08687744289636612
schedule,2009-05-01,PRJ_CODE_N18000056,0,0.12237140536308289
schedule,2009-05-01,PRJ_CODE_N18000057,0,0.16321635246276855
schedule,2009-05-01,PRJ_CODE_N18000058,0,0.14582212269306183
schedule,2009-05-01,PRJ_CODE_N18000059,0,0.19892922043800354
schedule,2009-05-01,PRJ_CODE_N18000061,0,0.29082050919532776
schedule,2009-05-01,PRJ_CODE_N18000062,0,0.4367954730987549
schedule,2009-05-01,PRJ_CODE_N18000063,0,0.19305667281150818
schedule,2009-05-01,PRJ_CODE_N18000066,0,0.26414021849632263
schedule,2009-05-01,PRJ_CODE_N18000067,0,0.19824524223804474
schedule,2009-05-01,PRJ_CODE_N18000069,0,0.26139768958091736
schedule,2009-05-01,PRJ_CODE_N22000027,1,0.5786728262901306
schedule,2009-05-01,PRJ_CODE_N22000034,1,0.628394603729248
schedule,2009-05-01,PRJ_CODE_N22000055,0,0.33646881580352783
schedule,2009-05-01,PRJ_CODE_N22000075,1,0.6581467390060425
schedule,2009-05-01,PRJ_CODE_N24000087,0,0.4063386619091034
schedule,2009-05-01,PRJ_CODE_N24000096,1,0.8014653921127319
schedule,2009-05-01,PRJ_CODE_N24000103,0,0.283465713262558
schedule,2009-05-01,PRJ_CODE_N24000105,1,0.8825068473815918
schedule,2009-05-01,PRJ_CODE_N24000109,1,0.529797375202179
schedule,2009-05-01,PRJ_CODE_N24000110,0,0.38637736439704895
schedule,2009-05-01,PRJ_CODE_N24000116,0,0.1704360991716385
schedule,2009-05-01,PRJ_CODE_N24000117,0,0.1398172527551651
schedule,2009-05-01,PRJ_CODE_N24000121,0,0.333330363035202
schedule,2009-05-01,PRJ_CODE_N25000004,1,0.8112031817436218
schedule,2009-05-01,PRJ_CODE_N25000015,0,0.37046322226524353
schedule,2009-05-01,PRJ_CODE_N25000030,0,0.18708543479442596
schedule,2009-05-01,PRJ_CODE_N25000034,0,0.6109818816184998
schedule,2009-05-01,PRJ_CODE_N26000037,0,0.6684763431549072
schedule,2009-05-01,PRJ_CODE_N26000049,1,0.8917337656021118
schedule,2009-05-01,PRJ_CODE_N26000058,0,0.8673502802848816
schedule,2009-05-01,PRJ_CODE_N28000016,0,0.2889021039009094
schedule,2009-05-01,PRJ_NAME_0004dd678c080a80,1,0.9439727067947388
schedule,2009-05-01,PRJ_NAME_0148b634ed94a52c,1,0.7030001282691956
schedule,2009-05-01,PRJ_NAME_0189f35da9740900,0,0.50562983751297
schedule,2009-05-01,PRJ_NAME_01bb36be5d780c42,0,0.2141932100057602
schedule,2009-05-01,PRJ_NAME_01dbff5bc566f29a,0,0.47166237235069275
schedule,2009-05-01,PRJ_NAME_0225cae6c227b09e,0,0.2601983845233917
schedule,2009-05-01,PRJ_NAME_02be49f1af33ce10,1,0.7709980010986328
schedule,2009-05-01,PRJ_NAME_031f72994d7dbd7f,1,0.4280109405517578
schedule,2009-05-01,PRJ_NAME_03fc8a15c949f80a,0,0.5070103406906128
schedule,2009-05-01,PRJ_NAME_04b418019af3cf9c,0,0.3454751670360565
schedule,2009-05-01,PRJ_NAME_04ec117b502fa2fc,0,0.7486241459846497
schedule,2009-05-01,PRJ_NAME_071db90b2561c624,1,0.90605628490448
schedule,2009-05-01,PRJ_NAME_07ea46b91674e114,1,0.8020398616790771
schedule,2009-05-01,PRJ_NAME_07fe6dbf570c0868,0,0.2795155644416809
schedule,2009-05-01,PRJ_NAME_08d5e7262e046649,1,0.8659519553184509
schedule,2009-05-01,PRJ_NAME_0a18cd83977c373e,0,0.5047382116317749
schedule,2009-05-01,PRJ_NAME_0d8873d91c503fa5,1,0.8527634739875793
schedule,2009-05-01,PRJ_NAME_0dd322c3813d6c3a,0,0.34654590487480164
schedule,2009-05-01,PRJ_NAME_0e0827a3d2085f94,1,0.9140717387199402
schedule,2009-05-01,PRJ_NAME_0ec1934275e95d63,0,0.6457731127738953
schedule,2009-05-01,PRJ_NAME_0f4455ed3998e6d8,0,0.26531338691711426
schedule,2009-05-01,PRJ_NAME_11a9b4e88f744640,0,0.17132331430912018
schedule,2009-05-01,PRJ_NAME_13465e4124695478,0,0.3633112907409668
schedule,2009-05-01,PRJ_NAME_151f0102951fa3de,1,0.8428485989570618
schedule,2009-05-01,PRJ_NAME_18355a12f68700aa,0,0.1547027826309204
schedule,2009-05-01,PRJ_NAME_189fb3bd8293c6c1,0,0.07416404038667679
schedule,2009-05-01,PRJ_NAME_1a4227e46a37a193,0,0.21919235587120056
schedule,2009-05-01,PRJ_NAME_1a738808aaf509c4,0,0.5500302314758301
schedule,2009-05-01,PRJ_NAME_1c2f05e70ddc2ba0,0,0.342087984085083
schedule,2009-05-01,PRJ_NAME_1c3ea68b71060199,1,0.9502191543579102
schedule,2009-05-01,PRJ_NAME_1d6e960595541c80,0,0.2083570510149002
schedule,2009-05-01,PRJ_NAME_1d75640bb5ed8b95,0,0.27485430240631104
schedule,2009-05-01,PRJ_NAME_1ed2a789eb6cab62,1,0.7343555688858032
schedule,2009-05-01,PRJ_NAME_1eff8ca7a4b96f50,0,0.41380253434181213
schedule,2009-05-01,PRJ_NAME_1fe91dd7c69d415d,0,0.1090601310133934
schedule,2009-05-01,PRJ_NAME_1fea732e47651afc,0,0.16703537106513977
schedule,2009-05-01,PRJ_NAME_219f957bece70358,0,0.19877758622169495
schedule,2009-05-01,PRJ_NAME_2243214254bdc3b6,0,0.594196081161499
schedule,2009-05-01,PRJ_NAME_2275db3ebed6c33b,0,0.8971126675605774
schedule,2009-05-01,PRJ_NAME_25e5f49d5d9f2134,1,0.637876570224762
schedule,2009-05-01,PRJ_NAME_27099fbe520779e7,1,0.6008114814758301
schedule,2009-05-01,PRJ_NAME_2830efaac9bd3ae1,0,0.5112501978874207
schedule,2009-05-01,PRJ_NAME_28c3fe7065f7b5b5,0,0.2602522671222687
schedule,2009-05-01,PRJ_NAME_296e3bffa2c0ec9e,0,0.25341078639030457
schedule,2009-05-01,PRJ_NAME_29e7d6d952afc28a,0,0.16335369646549225
schedule,2009-05-01,PRJ_NAME_2a4e6f9884ad87a6,0,0.3865493834018707
schedule,2009-05-01,PRJ_NAME_2bded97125d928ff,0,0.0543319508433342
schedule,2009-05-01,PRJ_NAME_2e6914f23cf6d06e,1,0.7543006539344788
schedule,2009-05-01,PRJ_NAME_2fb8d63d94a43eca,0,0.4700438678264618
schedule,2009-05-01,PRJ_NAME_2fd8e3aeea321592,0,0.5324862003326416
schedule,2009-05-01,PRJ_NAME_3026e066ea75e57c,1,0.8361338973045349
schedule,2009-05-01,PRJ_NAME_30780904c0601eb4,0,0.3761029541492462
schedule,2009-05-01,PRJ_NAME_31f55c4357305603,0,0.4236259460449219
schedule,2009-05-01,PRJ_NAME_3320425e5f0ce323,0,0.5825567245483398
schedule,2009-05-01,PRJ_NAME_3369f7d5b43fa7d2,0,0.47678571939468384
schedule,2009-05-01,PRJ_NAME_33895d35ac5569d9,0,0.7279003858566284
schedule,2009-05-01,PRJ_NAME_33932b27b469d4c1,1,0.8194674253463745
schedule,2009-05-01,PRJ_NAME_3460f446ce2781c4,1,0.9484756588935852
schedule,2009-05-01,PRJ_NAME_36a526c1eeac13dc,0,0.7383079528808594
schedule,2009-05-01,PRJ_NAME_382fe282c2919f7f,0,0.47668352723121643
schedule,2009-05-01,PRJ_NAME_383758ca2b9df234,1,0.5959987044334412
schedule,2009-05-01,PRJ_NAME_38f3fdbcd5c58828,1,0.5507939457893372
schedule,2009-05-01,PRJ_NAME_39ac99e72e901243,0,0.19464464485645294
schedule,2009-05-01,PRJ_NAME_3a1db8515fcdf4a5,0,0.14330041408538818
schedule,2009-05-01,PRJ_NAME_3ba42102e7a1cb94,0,0.3889780044555664
schedule,2009-05-01,PRJ_NAME_3cc205715abfbbda,0,0.5445123314857483
schedule,2009-05-01,PRJ_NAME_3d1869707f6f1703,1,0.8675338625907898
schedule,2009-05-01,PRJ_NAME_3d39735915bca559,1,0.9464811086654663
schedule,2009-05-01,PRJ_NAME_3d531f7ee886ec3a,0,0.4229394495487213
schedule,2009-05-01,PRJ_NAME_3d7a66144aa6ea1b,0,0.31710678339004517
schedule,2009-05-01,PRJ_NAME_3f0a8996a203a8a2,0,0.08406071364879608
schedule,2009-05-01,PRJ_NAME_3f2fcee268741920,1,0.6526554822921753
schedule,2009-05-01,PRJ_NAME_3f7caf599973bbc3,1,0.7826352119445801
schedule,2009-05-01,PRJ_NAME_3f9e1ffde78880a6,0,0.4957842528820038
schedule,2009-05-01,PRJ_NAME_405a3d72722128e9,0,0.4756535589694977
schedule,2009-05-01,PRJ_NAME_428198aba8296f85,0,0.18823957443237305
schedule,2009-05-01,PRJ_NAME_42d1d873ef0ba864,0,0.7693474888801575
schedule,2009-05-01,PRJ_NAME_42df200967d78962,1,0.6672791838645935
schedule,2009-05-01,PRJ_NAME_42ecbefa35d1eb4b,1,0.6003180742263794
schedule,2009-05-01,PRJ_NAME_43ec04ee37b2df97,0,0.08933764696121216
schedule,2009-05-01,PRJ_NAME_448ec218fa67b81f,0,0.35105520486831665
schedule,2009-05-01,PRJ_NAME_44d305a8cb81d205,0,0.1022791638970375
schedule,2009-05-01,PRJ_NAME_4521219d33d32e33,0,0.5215579867362976
schedule,2009-05-01,PRJ_NAME_458348a7c75128e0,0,0.6115447282791138
schedule,2009-05-01,PRJ_NAME_461706503ce534ba,0,0.6126917004585266
schedule,2009-05-01,PRJ_NAME_46256f5cb11ca220,0,0.8293019533157349
schedule,2009-05-01,PRJ_NAME_469bb0e5b66ebdea,1,0.9315218925476074
schedule,2009-05-01,PRJ_NAME_46d479c07936c43a,1,0.7506429553031921
schedule,2009-05-01,PRJ_NAME_47651aa52c29c512,0,0.32927313446998596
schedule,2009-05-01,PRJ_NAME_480f705f44b440b1,0,0.1066541001200676
schedule,2009-05-01,PRJ_NAME_4869b58e8594fd88,0,0.43604737520217896
schedule,2009-05-01,PRJ_NAME_4b086c663a448f74,0,0.6759245991706848
schedule,2009-05-01,PRJ_NAME_4b3560cba1158b55,0,0.28250572085380554
schedule,2009-05-01,PRJ_NAME_4b9dfeb9724480fe,0,0.5429968237876892
schedule,2009-05-01,PRJ_NAME_4ca147295712f33c,0,0.17468765377998352
schedule,2009-05-01,PRJ_NAME_4f40123fccde344d,1,0.7155708074569702
schedule,2009-05-01,PRJ_NAME_4f7411701eb10f66,1,0.488631010055542
schedule,2009-05-01,PRJ_NAME_50522850afa1dc91,1,0.7270702719688416
schedule,2009-05-01,PRJ_NAME_50c6884ee2f6ca3b,0,0.24100923538208008
schedule,2009-05-01,PRJ_NAME_51dff49a23022387,0,0.24977150559425354
schedule,2009-05-01,PRJ_NAME_52b5fa3569bf9d1f,1,0.9026831984519958
schedule,2009-05-01,PRJ_NAME_5337e4904b5d2957,0,0.2454337328672409
schedule,2009-05-01,PRJ_NAME_533a63bdeb5540f3,0,0.371410071849823
schedule,2009-05-01,PRJ_NAME_5463349fa50ea5f1,0,0.1422012597322464
schedule,2009-05-01,PRJ_NAME_56456c324dd9b83d,0,0.29813966155052185
schedule,2009-05-01,PRJ_NAME_57b41f1ef050cc39,0,0.7723135352134705
schedule,2009-05-01,PRJ_NAME_585544165e75cdb6,0,0.5741966962814331
schedule,2009-05-01,PRJ_NAME_585df2f330882dc3,0,0.11119484901428223
schedule,2009-05-01,PRJ_NAME_588860c61eba4c3e,0,0.3821715712547302
schedule,2009-05-01,PRJ_NAME_593ebae864c1a900,0,0.4430537521839142
schedule,2009-05-01,PRJ_NAME_59e0ef4cf8960ef7,0,0.11076517403125763
schedule,2009-05-01,PRJ_NAME_5aea56bbcfb9dfc0,0,0.4276464283466339
schedule,2009-05-01,PRJ_NAME_5ee14dad04ef119c,0,0.16278252005577087
schedule,2009-05-01,PRJ_NAME_606504db777b5bce,1,0.8587422370910645
schedule,2009-05-01,PRJ_NAME_616668b98c639b08,0,0.5093156695365906
schedule,2009-05-01,PRJ_NAME_61720eabf65200ae,1,0.6285223960876465
schedule,2009-05-01,PRJ_NAME_61d3483ad862194a,0,0.10910121351480484
schedule,2009-05-01,PRJ_NAME_624ae3298fcadd5a,0,0.6171532869338989
schedule,2009-05-01,PRJ_NAME_62ac6e3546007fd7,1,0.810023307800293
schedule,2009-05-01,PRJ_NAME_636065c530891da0,0,0.15322144329547882
schedule,2009-05-01,PRJ_NAME_63aaf0b2d67fcc98,1,0.6785107851028442
schedule,2009-05-01,PRJ_NAME_6459d263f5d64b3a,0,0.13737300038337708
schedule,2009-05-01,PRJ_NAME_646374cb7bb8cf53,0,0.2629435658454895
schedule,2009-05-01,PRJ_NAME_65c34046110d1639,0,0.3154795169830322
schedule,2009-05-01,PRJ_NAME_6633a0b096c09794,0,0.5225317478179932
schedule,2009-05-01,PRJ_NAME_664064542365971b,0,0.6371884942054749
schedule,2009-05-01,PRJ_NAME_67185f73cdc3ce1a,0,0.14248088002204895
schedule,2009-05-01,PRJ_NAME_67409bba76046d57,0,0.5453109741210938
schedule,2009-05-01,PRJ_NAME_67cd9c954d2467cd,0,0.8874231576919556
schedule,2009-05-01,PRJ_NAME_6ba01d6d5eebf7b1,1,0.9483139514923096
schedule,2009-05-01,PRJ_NAME_6c09acb5a4f410b0,0,0.9072059988975525
schedule,2009-05-01,PRJ_NAME_6c264260913ce831,1,0.9532837271690369
schedule,2009-05-01,PRJ_NAME_6f4b9b110ae25321,0,0.36422890424728394
schedule,2009-05-01,PRJ_NAME_71bd13e4c33dc0b3,0,0.15302185714244843
schedule,2009-05-01,PRJ_NAME_721a95fbd23ad2c8,1,0.8132220506668091
schedule,2009-05-01,PRJ_NAME_72750a50c3d18ffe,0,0.17293107509613037
schedule,2009-05-01,PRJ_NAME_735c5b98af1edf1b,1,0.8691062927246094
schedule,2009-05-01,PRJ_NAME_743c1bfad7794140,0,0.7454896569252014
schedule,2009-05-01,PRJ_NAME_74470ac7f7e3099a,0,0.5430406928062439
schedule,2009-05-01,PRJ_NAME_74caabeb39aaa1ff,1,0.19629989564418793
schedule,2009-05-01,PRJ_NAME_75ff742cb738b710,1,0.860711395740509
schedule,2009-05-01,PRJ_NAME_7612955874fcc5a7,0,0.479377418756485
schedule,2009-05-01,PRJ_NAME_768d6fbca51319c9,0,0.18156228959560394
schedule,2009-05-01,PRJ_NAME_772f2a39ea9e3ff1,0,0.7873180508613586
schedule,2009-05-01,PRJ_NAME_7758bbdc5828316b,0,0.5346429944038391
schedule,2009-05-01,PRJ_NAME_78580b681d000474,0,0.9058206677436829
schedule,2009-05-01,PRJ_NAME_78af84562e9d8303,0,0.2781529426574707
schedule,2009-05-01,PRJ_NAME_795a352b8cff9c15,0,0.7685406804084778
schedule,2009-05-01,PRJ_NAME_7bde1e0220d753f0,0,0.4922264516353607
schedule,2009-05-01,PRJ_NAME_7bfceb0c80fc4b26,0,0.6784870028495789
schedule,2009-05-01,PRJ_NAME_7cf5e2d74eaa776c,0,0.3751542568206787
schedule,2009-05-01,PRJ_NAME_7d78ecb0b46befe0,0,0.16419552266597748
schedule,2009-05-01,PRJ_NAME_7f25cbd30beb1762,1,0.35147589445114136
schedule,2009-05-01,PRJ_NAME_7fb8a753afa2d26f,0,0.4541221559047699
schedule,2009-05-01,PRJ_NAME_8109073f8b96ea3d,0,0.2450423687696457
schedule,2009-05-01,PRJ_NAME_81bafd10a91fd9c4,1,0.6918948888778687
schedule,2009-05-01,PRJ_NAME_82a1b3cc725dd309,0,0.2628392279148102
schedule,2009-05-01,PRJ_NAME_83be953b7310deef,1,0.8405894041061401
schedule,2009-05-01,PRJ_NAME_85caedccc1ec91d7,0,0.23162482678890228
schedule,2009-05-01,PRJ_NAME_8749b3c26f418fe8,0,0.40152642130851746
schedule,2009-05-01,PRJ_NAME_88e199e6518abeff,0,0.17021410167217255
schedule,2009-05-01,PRJ_NAME_89388044b4007d2d,0,0.3633694052696228
schedule,2009-05-01,PRJ_NAME_8a468889b5be6da7,0,0.2592168152332306
schedule,2009-05-01,PRJ_NAME_8ab7e877d64c6511,0,0.36274468898773193
schedule,2009-05-01,PRJ_NAME_8ae3819b3f43f81d,0,0.45244070887565613
schedule,2009-05-01,PRJ_NAME_8b12c1c1d145c92c,0,0.8093301057815552
schedule,2009-05-01,PRJ_NAME_8b5d7350d4128d9a,0,0.09560554474592209
schedule,2009-05-01,PRJ_NAME_8bd10b08124a4095,0,0.139068603515625
schedule,2009-05-01,PRJ_NAME_8be7ca9862134d65,1,0.875407874584198
schedule,2009-05-01,PRJ_NAME_8c97fd376f152558,0,0.25729286670684814
schedule,2009-05-01,PRJ_NAME_8cbf7fe2db2e06c4,0,0.1960991472005844
schedule,2009-05-01,PRJ_NAME_8dcd08dfd81e91ba,0,0.45169174671173096
schedule,2009-05-01,PRJ_NAME_900650a7b2bd003f,0,0.33692485094070435
schedule,2009-05-01,PRJ_NAME_9124e743c95fcdfd,1,0.8896102905273438
schedule,2009-05-01,PRJ_NAME_91edd123df3b9752,0,0.8451345562934875
schedule,2009-05-01,PRJ_NAME_936a972c38503df1,0,0.8960209488868713
schedule,2009-05-01,PRJ_NAME_94200e840d34aac7,0,0.8549960255622864
schedule,2009-05-01,PRJ_NAME_948f0338c1455029,0,0.7080837488174438
schedule,2009-05-01,PRJ_NAME_94aa47edacafbdc0,0,0.49493828415870667
schedule,2009-05-01,PRJ_NAME_95239e307b9972c8,1,0.748967170715332
schedule,2009-05-01,PRJ_NAME_9589768b96002ace,0,0.47936612367630005
schedule,2009-05-01,PRJ_NAME_958f5742195aba52,0,0.6994174122810364
schedule,2009-05-01,PRJ_NAME_97175a0bf58860dd,1,0.4832507073879242
schedule,2009-05-01,PRJ_NAME_9785a70d227b0561,1,0.7360426187515259
schedule,2009-05-01,PRJ_NAME_97b6f7489a4660c4,0,0.31503283977508545
schedule,2009-05-01,PRJ_NAME_97ed5e02577c1519,1,0.2236660122871399
schedule,2009-05-01,PRJ_NAME_97eebbdb1660a78f,1,0.9527604579925537
schedule,2009-05-01,PRJ_NAME_98849f27897d2b4a,0,0.2132718563079834
schedule,2009-05-01,PRJ_NAME_98df68b03362bd89,1,0.6142606139183044
schedule,2009-05-01,PRJ_NAME_994deea3959e14e8,0,0.3541741967201233
schedule,2009-05-01,PRJ_NAME_9c4eb4d2eb8f9719,0,0.7675597071647644
schedule,2009-05-01,PRJ_NAME_9cf4b63998e32324,0,0.8131608366966248
schedule,2009-05-01,PRJ_NAME_9d0e19b63480a819,0,0.5088512897491455
schedule,2009-05-01,PRJ_NAME_9d46629b18b18a13,0,0.41375142335891724
schedule,2009-05-01,PRJ_NAME_9d9a1e808d287228,0,0.36201122403144836
schedule,2009-05-01,PRJ_NAME_9dcbefefed4f1065,0,0.5322809815406799
schedule,2009-05-01,PRJ_NAME_9f96903f754912ec,0,0.7283912301063538
schedule,2009-05-01,PRJ_NAME_a08949c95f5f94e4,0,0.5798365473747253
schedule,2009-05-01,PRJ_NAME_a0a5f3764ae5f253,0,0.2135392129421234
schedule,2009-05-01,PRJ_NAME_a21ffd430f8ddb3e,1,0.9505483508110046
schedule,2009-05-01,PRJ_NAME_a28726e807976d7c,0,0.11585038900375366
schedule,2009-05-01,PRJ_NAME_a2b6086beac12343,1,0.8677891492843628
schedule,2009-05-01,PRJ_NAME_a335e78099c07d4e,0,0.5482051968574524
schedule,2009-05-01,PRJ_NAME_a3b710cb5e7fd128,1,0.9164139628410339
schedule,2009-05-01,PRJ_NAME_a471cb9e66706d2c,1,0.900665819644928
schedule,2009-05-01,PRJ_NAME_a4a118c53f027fd8,1,0.9236361980438232
schedule,2009-05-01,PRJ_NAME_a5facf55cd81ec6a,0,0.6791713833808899
schedule,2009-05-01,PRJ_NAME_a72ff560bd409bf5,0,0.4712972342967987
schedule,2009-05-01,PRJ_NAME_a8681fc4ddd077de,0,0.8277106285095215
schedule,2009-05-01,PRJ_NAME_a937cfc9af78ada5,0,0.22009214758872986
schedule,2009-05-01,PRJ_NAME_a9b6a1b29fb44b4d,0,0.25688865780830383
schedule,2009-05-01,PRJ_NAME_aa6d473f6b178563,0,0.22365732491016388
schedule,2009-05-01,PRJ_NAME_aab2ef5b914f61c7,1,0.8023183345794678
schedule,2009-05-01,PRJ_NAME_ab33d551bf7a3428,0,0.5034224987030029
schedule,2009-05-01,PRJ_NAME_abb3e384d5e3e17e,0,0.42989683151245117
schedule,2009-05-01,PRJ_NAME_ad205b50262bd00e,0,0.2697364091873169
schedule,2009-05-01,PRJ_NAME_ad65def7cbb4d220,1,0.9462548494338989
schedule,2009-05-01,PRJ_NAME_ae2b69d71915b759,0,0.3671817481517792
schedule,2009-05-01,PRJ_NAME_ae82fd1ce70d12ac,0,0.23218275606632233
schedule,2009-05-01,PRJ_NAME_af0c9f115b647286,0,0.4304471015930176
schedule,2009-05-01,PRJ_NAME_af3fa3c68578f729,0,0.21156179904937744
schedule,2009-05-01,PRJ_NAME_b00eed3c08be17ae,0,0.30243226885795593
schedule,2009-05-01,PRJ_NAME_b0f1e855a7bac204,0,0.6991406083106995
schedule,2009-05-01,PRJ_NAME_b0f97810618292a9,1,0.9185104370117188
schedule,2009-05-01,PRJ_NAME_b1512f76653de237,0,0.6488497853279114
schedule,2009-05-01,PRJ_NAME_b17ee7cc2a899525,0,0.06911014020442963
schedule,2009-05-01,PRJ_NAME_b2682182493efe91,0,0.9217466711997986
schedule,2009-05-01,PRJ_NAME_b2d22b803981eee8,0,0.5735279321670532
schedule,2009-05-01,PRJ_NAME_b40ff97098e1aefe,0,0.02852359041571617
schedule,2009-05-01,PRJ_NAME_b4cc5ce51e200cdf,0,0.22249825298786163
schedule,2009-05-01,PRJ_NAME_b6e5fd16af47d146,0,0.31009095907211304
schedule,2009-05-01,PRJ_NAME_b8fbf98a7f8bce67,1,0.6793660521507263
schedule,2009-05-01,PRJ_NAME_b969a4926f8d8a05,0,0.259142130613327
schedule,2009-05-01,PRJ_NAME_b9a77c955d8cbf20,1,0.9025004506111145
schedule,2009-05-01,PRJ_NAME_baf6c8857483bc18,0,0.08958999812602997
schedule,2009-05-01,PRJ_NAME_bc352f64c9c9ab99,0,0.7136338353157043
schedule,2009-05-01,PRJ_NAME_bd212f548385f223,1,0.7159127593040466
schedule,2009-05-01,PRJ_NAME_bddbb3270d5e7de5,0,0.19576558470726013
schedule,2009-05-01,PRJ_NAME_be49f9610c811e3b,0,0.6809826493263245
schedule,2009-05-01,PRJ_NAME_be4dd8e59fd70e64,1,0.8742899894714355
schedule,2009-05-01,PRJ_NAME_be77bfadf345a933,0,0.6679834127426147
schedule,2009-05-01,PRJ_NAME_bef6e5f20fc79cc6,0,0.42145836353302
schedule,2009-05-01,PRJ_NAME_bfd6c00eaa9b89cf,0,0.15337713062763214
schedule,2009-05-01,PRJ_NAME_c0956183b9a97e85,1,0.8173492550849915
schedule,2009-05-01,PRJ_NAME_c0ac792752076ad2,1,0.9436249732971191
schedule,2009-05-01,PRJ_NAME_c1aba92cd17a7067,1,0.9158703088760376
schedule,2009-05-01,PRJ_NAME_c275be77f0a071f0,1,0.8686890602111816
schedule,2009-05-01,PRJ_NAME_c3a228e23032a307,1,0.8036763072013855
schedule,2009-05-01,PRJ_NAME_c65a7db8a155f444,0,0.7924106121063232
schedule,2009-05-01,PRJ_NAME_c7e53cfcad1b1c5e,0,0.12591741979122162
schedule,2009-05-01,PRJ_NAME_c8104187879f677a,0,0.12009011954069138
schedule,2009-05-01,PRJ_NAME_c8ae5b47197f2cbd,0,0.34943321347236633
schedule,2009-05-01,PRJ_NAME_c978cc150aff8427,0,0.18304187059402466
schedule,2009-05-01,PRJ_NAME_ccbbbdd77851b17f,0,0.400959312915802
schedule,2009-05-01,PRJ_NAME_cd3f28bade7cdf3f,0,0.30737680196762085
schedule,2009-05-01,PRJ_NAME_cd9457461186cc7f,1,0.8303229212760925
schedule,2009-05-01,PRJ_NAME_cdcae6a1e043703c,0,0.19636371731758118
schedule,2009-05-01,PRJ_NAME_cde12345f84a4a3f,0,0.3836266100406647
schedule,2009-05-01,PRJ_NAME_ce02d7c9233b7b2b,0,0.5682936310768127
schedule,2009-05-01,PRJ_NAME_ce28e0c01122d9a3,0,0.256218284368515
schedule,2009-05-01,PRJ_NAME_ce5016dbd135ec16,0,0.4050365388393402
schedule,2009-05-01,PRJ_NAME_cea26f1d15aba1f9,0,0.0930367186665535
schedule,2009-05-01,PRJ_NAME_cfd4b764bee5cea2,1,0.8356155157089233
schedule,2009-05-01,PRJ_NAME_d0770c683a90a62d,1,0.9148325324058533
schedule,2009-05-01,PRJ_NAME_d0878df8cfcdf42f,0,0.3832797706127167
schedule,2009-05-01,PRJ_NAME_d1393c6cc2e166bc,1,0.8536407947540283
schedule,2009-05-01,PRJ_NAME_d13dd04a176c25c0,1,0.7880178689956665
schedule,2009-05-01,PRJ_NAME_d18924e42365941a,1,0.750468909740448
schedule,2009-05-01,PRJ_NAME_d24144e6f0823613,1,0.9480316638946533
schedule,2009-05-01,PRJ_NAME_d3afd09bf7ff8e81,0,0.7468665838241577
schedule,2009-05-01,PRJ_NAME_d4286f28b16dd5a1,0,0.43391257524490356
schedule,2009-05-01,PRJ_NAME_d445a5d5362052c6,1,0.7721884846687317
schedule,2009-05-01,PRJ_NAME_d451cd9406956965,0,0.24119941890239716
schedule,2009-05-01,PRJ_NAME_d4f1b277d89fa84d,1,0.5920522809028625
schedule,2009-05-01,PRJ_NAME_d5f128d4a5054966,0,0.5199518799781799
schedule,2009-05-01,PRJ_NAME_d9a2644b07dd9609,1,0.8632012009620667
schedule,2009-05-01,PRJ_NAME_d9abd1f8dd32a440,1,0.7252210974693298
schedule,2009-05-01,PRJ_NAME_d9ceec3704103ade,0,0.04180649295449257
schedule,2009-05-01,PRJ_NAME_da2989779a8ff72c,0,0.33350518345832825
schedule,2009-05-01,PRJ_NAME_da5ec8a0b84f42c9,0,0.3060579299926758
schedule,2009-05-01,PRJ_NAME_da983b82e27b4901,0,0.4768444895744324
schedule,2009-05-01,PRJ_NAME_dab1c247fc9689d6,0,0.522534966468811
schedule,2009-05-01,PRJ_NAME_dc0399f98d01b775,0,0.12241705507040024
schedule,2009-05-01,PRJ_NAME_dc3bcf024b79a8b1,1,0.7939920425415039
schedule,2009-05-01,PRJ_NAME_dcc1ad452b4d494f,0,0.29408544301986694
schedule,2009-05-01,PRJ_NAME_de0e3def822551a6,1,0.7677326798439026
schedule,2009-05-01,PRJ_NAME_de4691d50c7854e9,0,0.40714141726493835
schedule,2009-05-01,PRJ_NAME_de988147e22ef9e9,1,0.8598330616950989
schedule,2009-05-01,PRJ_NAME_e040a7f92ba61461,1,0.7169353365898132
schedule,2009-05-01,PRJ_NAME_e2670cace03ef113,1,0.87947678565979
schedule,2009-05-01,PRJ_NAME_e29ab136f3a33626,0,0.4047045111656189
schedule,2009-05-01,PRJ_NAME_e3b98145bde44d46,0,0.17577695846557617
schedule,2009-05-01,PRJ_NAME_e49f43acc263936a,1,0.4549002945423126
schedule,2009-05-01,PRJ_NAME_e6273761e3813498,0,0.12238222360610962
schedule,2009-05-01,PRJ_NAME_e62fcb5fa64380ee,0,0.4751661419868469
schedule,2009-05-01,PRJ_NAME_e633f015dd0714c6,1,0.7423639893531799
schedule,2009-05-01,PRJ_NAME_e703030c25d32ad8,0,0.402400404214859
schedule,2009-05-01,PRJ_NAME_e7d78ebc7862a984,1,0.8556274175643921
schedule,2009-05-01,PRJ_NAME_e84f668cb9ad9062,1,0.7650977373123169
schedule,2009-05-01,PRJ_NAME_e86ebf75d270663b,1,0.9500832557678223
schedule,2009-05-01,PRJ_NAME_e8dc1ea5468f8536,0,0.3119642436504364
schedule,2009-05-01,PRJ_NAME_e96e2471ac2f3b45,0,0.2962357997894287
schedule,2009-05-01,PRJ_NAME_e9b6b723340d4c91,0,0.41483595967292786
schedule,2009-05-01,PRJ_NAME_e9fe972727df6e0b,1,0.9460774064064026
schedule,2009-05-01,PRJ_NAME_ea175320bc252402,0,0.6124178171157837
schedule,2009-05-01,PRJ_NAME_ea1e86cb1e4986d2,0,0.709989070892334
schedule,2009-05-01,PRJ_NAME_ebc6dcee9d022d3a,0,0.3616914749145508
schedule,2009-05-01,PRJ_NAME_ed6774d8331350b8,0,0.36321181058883667
schedule,2009-05-01,PRJ_NAME_ee3707ee0a1cef17,0,0.11582472175359726
schedule,2009-05-01,PRJ_NAME_ef0a5bc216b10675,0,0.27303290367126465
schedule,2009-05-01,PRJ_NAME_efcf5742fcf89d7b,1,0.7731836438179016
schedule,2009-05-01,PRJ_NAME_f1300fa6308aca5a,0,0.7329822182655334
schedule,2009-05-01,PRJ_NAME_f36c1b98ac886591,0,0.7502402663230896
schedule,2009-05-01,PRJ_NAME_f3c8c655dd569e68,0,0.6136302947998047
schedule,2009-05-01,PRJ_NAME_f624496644477d91,0,0.1653042584657669
schedule,2009-05-01,PRJ_NAME_f786e2a7af40255c,1,0.8823713064193726
schedule,2009-05-01,PRJ_NAME_f84ae1a96a985b34,1,0.9433566927909851
schedule,2009-05-01,PRJ_NAME_f8eaa312aa060cb3,1,0.9098721146583557
schedule,2009-05-01,PRJ_NAME_f981eaa612067a1b,0,0.4464666247367859
schedule,2009-05-01,PRJ_NAME_fa536ba1d3d92a1b,0,0.15264536440372467
schedule,2009-05-01,PRJ_NAME_fb19344c6251c9fb,1,0.8791285157203674
schedule,2009-05-01,PRJ_NAME_fbf574116d1dd49f,0,0.1971377581357956
schedule,2009-05-01,PRJ_NAME_fc292aca755942af,1,0.5035915970802307
schedule,2009-05-01,PRJ_NAME_fd1dea69b6da9e70,1,0.8514666557312012
schedule,2009-05-01,PRJ_NAME_fd8d3d06b187c533,1,0.7502137422561646
schedule,2009-05-01,PRJ_NAME_fe67148516aa3153,1,0.7114095091819763
schedule,2009-05-01,PRJ_NAME_ff205b5be130a40a,0,0.24036385118961334
schedule,2009-05-01,PRJ_NAME_ffd0b9ce6984e556,0,0.42268216609954834
schedule,2009-06-01,PRJ_CODE_020100040,1,0.7234832048416138
schedule,2009-06-01,PRJ_CODE_020100044,0,0.447000652551651
schedule,2009-06-01,PRJ_CODE_060100087,0,0.4337746202945709
schedule,2009-06-01,PRJ_CODE_060100088,0,0.497920960187912
schedule,2009-06-01,PRJ_CODE_060100090,0,0.7492246031761169
schedule,2009-06-01,PRJ_CODE_060100092,0,0.17750264704227448
schedule,2009-06-01,PRJ_CODE_060100094,0,0.5341739058494568
schedule,2009-06-01,PRJ_CODE_100100054,0,0.7019516229629517
schedule,2009-06-01,PRJ_CODE_120100067,0,0.6163164377212524
schedule,2009-06-01,PRJ_CODE_160100168,0,0.6069673299789429
schedule,2009-06-01,PRJ_CODE_160100289,0,0.5693872570991516
schedule,2009-06-01,PRJ_CODE_160100292,1,0.6581542491912842
schedule,2009-06-01,PRJ_CODE_180100246,0,0.5941668748855591
schedule,2009-06-01,PRJ_CODE_180100247,1,0.9208735227584839
schedule,2009-06-01,PRJ_CODE_180100251,0,0.3343524634838104
schedule,2009-06-01,PRJ_CODE_180100253,0,0.8576862215995789
schedule,2009-06-01,PRJ_CODE_180100256,1,0.8465653657913208
schedule,2009-06-01,PRJ_CODE_180100260,1,0.8023017048835754
schedule,2009-06-01,PRJ_CODE_180100261,0,0.34591999650001526
schedule,2009-06-01,PRJ_CODE_220100009,0,0.4680968225002289
schedule,2009-06-01,PRJ_CODE_220100131,0,0.3203478753566742
schedule,2009-06-01,PRJ_CODE_220100226,0,0.16233479976654053
schedule,2009-06-01,PRJ_CODE_220100266,1,0.711674690246582
schedule,2009-06-01,PRJ_CODE_220100268,0,0.5444186329841614
schedule,2009-06-01,PRJ_CODE_220100279,0,0.09994010627269745
schedule,2009-06-01,PRJ_CODE_220100288,1,0.35303136706352234
schedule,2009-06-01,PRJ_CODE_220100307,0,0.5307633280754089
schedule,2009-06-01,PRJ_CODE_220100308,0,0.4067465662956238
schedule,2009-06-01,PRJ_CODE_220100318,0,0.645885169506073
schedule,2009-06-01,PRJ_CODE_220100322,0,0.5426555871963501
schedule,2009-06-01,PRJ_CODE_220100323,0,0.4279675781726837
schedule,2009-06-01,PRJ_CODE_240101134,1,0.6621338129043579
schedule,2009-06-01,PRJ_CODE_250100174,0,0.681136429309845
schedule,2009-06-01,PRJ_CODE_260100100,0,0.4862787425518036
schedule,2009-06-01,PRJ_CODE_N04000016,1,0.9443572163581848
schedule,2009-06-01,PRJ_CODE_N06000007,0,0.4563550055027008
schedule,2009-06-01,PRJ_CODE_N06000009,0,0.16312220692634583
schedule,2009-06-01,PRJ_CODE_N06000015,0,0.19835896790027618
schedule,2009-06-01,PRJ_CODE_N06000016,0,0.30452725291252136
schedule,2009-06-01,PRJ_CODE_N06000020,1,0.634144127368927
schedule,2009-06-01,PRJ_CODE_N06000030,0,0.14159981906414032
schedule,2009-06-01,PRJ_CODE_N06000033,0,0.21754567325115204
schedule,2009-06-01,PRJ_CODE_N06000034,0,0.10356580466032028
schedule,2009-06-01,PRJ_CODE_N06000035,0,0.11771594732999802
schedule,2009-06-01,PRJ_CODE_N06000042,0,0.081623874604702
schedule,2009-06-01,PRJ_CODE_N06000043,0,0.10595982521772385
schedule,2009-06-01,PRJ_CODE_N06000044,0,0.240203395485878
schedule,2009-06-01,PRJ_CODE_N06000046,0,0.37904661893844604
schedule,2009-06-01,PRJ_CODE_N06000047,0,0.33872923254966736
schedule,2009-06-01,PRJ_CODE_N06000049,0,0.12052830308675766
schedule,2009-06-01,PRJ_CODE_N06000059,0,0.0902811735868454
schedule,2009-06-01,PRJ_CODE_N06000060,0,0.08810701221227646
schedule,2009-06-01,PRJ_CODE_N06000065,0,0.11012539267539978
schedule,2009-06-01,PRJ_CODE_N06000066,0,0.07982929050922394
schedule,2009-06-01,PRJ_CODE_N06000069,0,0.04883363097906113
schedule,2009-06-01,PRJ_CODE_N12000022,0,0.854494571685791
schedule,2009-06-01,PRJ_CODE_N12000024,0,0.5747480392456055
schedule,2009-06-01,PRJ_CODE_N12000033,0,0.29165884852409363
schedule,2009-06-01,PRJ_CODE_N12000036,0,0.7511304020881653
schedule,2009-06-01,PRJ_CODE_N12000037,1,0.6120112538337708
schedule,2009-06-01,PRJ_CODE_N12000038,1,0.5774116516113281
schedule,2009-06-01,PRJ_CODE_N12000039,0,0.36618658900260925
schedule,2009-06-01,PRJ_CODE_N12000050,0,0.3956094980239868
schedule,2009-06-01,PRJ_CODE_N12000051,0,0.15592755377292633
schedule,2009-06-01,PRJ_CODE_N12000052,0,0.14181070029735565
schedule,2009-06-01,PRJ_CODE_N12000053,0,0.16522076725959778
schedule,2009-06-01,PRJ_CODE_N12000055,0,0.20377479493618011
schedule,2009-06-01,PRJ_CODE_N12000057,0,0.13705354928970337
schedule,2009-06-01,PRJ_CODE_N12000060,0,0.44033798575401306
schedule,2009-06-01,PRJ_CODE_N12000069,1,0.6161190867424011
schedule,2009-06-01,PRJ_CODE_N16000017,1,0.6308494210243225
schedule,2009-06-01,PRJ_CODE_N16000021,0,0.3264656364917755
schedule,2009-06-01,PRJ_CODE_N16000023,0,0.42725542187690735
schedule,2009-06-01,PRJ_CODE_N16000028,0,0.587797224521637
schedule,2009-06-01,PRJ_CODE_N16000029,0,0.5066728591918945
schedule,2009-06-01,PRJ_CODE_N16000030,0,0.30996108055114746
schedule,2009-06-01,PRJ_CODE_N16000032,0,0.433930903673172
schedule,2009-06-01,PRJ_CODE_N16000033,0,0.45087000727653503
schedule,2009-06-01,PRJ_CODE_N16000034,0,0.4715869724750519
schedule,2009-06-01,PRJ_CODE_N16000035,0,0.38951361179351807
schedule,2009-06-01,PRJ_CODE_N16000036,0,0.46791067719459534
schedule,2009-06-01,PRJ_CODE_N16000037,0,0.4683245122432709
schedule,2009-06-01,PRJ_CODE_N16000038,0,0.536222517490387
schedule,2009-06-01,PRJ_CODE_N16000041,0,0.7532278299331665
schedule,2009-06-01,PRJ_CODE_N16000044,0,0.6940067410469055
schedule,2009-06-01,PRJ_CODE_N16000045,0,0.350564181804657
schedule,2009-06-01,PRJ_CODE_N16000046,0,0.46528756618499756
schedule,2009-06-01,PRJ_CODE_N16000054,0,0.21152828633785248
schedule,2009-06-01,PRJ_CODE_N16000056,0,0.6333960294723511
schedule,2009-06-01,PRJ_CODE_N16000058,0,0.49956193566322327
schedule,2009-06-01,PRJ_CODE_N16000059,0,0.20632332563400269
schedule,2009-06-01,PRJ_CODE_N16000060,0,0.1690031886100769
schedule,2009-06-01,PRJ_CODE_N16000062,0,0.6380460262298584
schedule,2009-06-01,PRJ_CODE_N16000063,0,0.19650958478450775
schedule,2009-06-01,PRJ_CODE_N16000066,0,0.14997079968452454
schedule,2009-06-01,PRJ_CODE_N16000067,0,0.4979551434516907
schedule,2009-06-01,PRJ_CODE_N16000068,0,0.16099321842193604
schedule,2009-06-01,PRJ_CODE_N16000069,0,0.16364851593971252
schedule,2009-06-01,PRJ_CODE_N18000026,0,0.41421228647232056
schedule,2009-06-01,PRJ_CODE_N18000033,0,0.36399397253990173
schedule,2009-06-01,PRJ_CODE_N18000035,0,0.15789005160331726
schedule,2009-06-01,PRJ_CODE_N18000036,0,0.08784446865320206
schedule,2009-06-01,PRJ_CODE_N18000038,0,0.19488567113876343
schedule,2009-06-01,PRJ_CODE_N18000039,0,0.15933853387832642
schedule,2009-06-01,PRJ_CODE_N18000041,1,0.245601624250412
schedule,2009-06-01,PRJ_CODE_N18000043,0,0.2738974988460541
schedule,2009-06-01,PRJ_CODE_N18000047,0,0.20537030696868896
schedule,2009-06-01,PRJ_CODE_N18000048,0,0.25827476382255554
schedule,2009-06-01,PRJ_CODE_N18000049,0,0.3652968406677246
schedule,2009-06-01,PRJ_CODE_N18000050,0,0.2999669909477234
schedule,2009-06-01,PRJ_CODE_N18000051,0,0.1418396532535553
schedule,2009-06-01,PRJ_CODE_N18000052,0,0.19185245037078857
schedule,2009-06-01,PRJ_CODE_N18000053,0,0.12106335908174515
schedule,2009-06-01,PRJ_CODE_N18000054,0,0.14302940666675568
schedule,2009-06-01,PRJ_CODE_N18000055,0,0.14388297498226166
schedule,2009-06-01,PRJ_CODE_N18000056,0,0.1418396532535553
schedule,2009-06-01,PRJ_CODE_N18000057,0,0.22542943060398102
schedule,2009-06-01,PRJ_CODE_N18000058,0,0.11651817709207535
schedule,2009-06-01,PRJ_CODE_N18000059,0,0.19293896853923798
schedule,2009-06-01,PRJ_CODE_N18000061,0,0.23910732567310333
schedule,2009-06-01,PRJ_CODE_N18000062,0,0.6458266973495483
schedule,2009-06-01,PRJ_CODE_N18000063,0,0.2719525694847107
schedule,2009-06-01,PRJ_CODE_N18000066,0,0.18414455652236938
schedule,2009-06-01,PRJ_CODE_N18000067,0,0.28555551171302795
schedule,2009-06-01,PRJ_CODE_N18000069,0,0.25973770022392273
schedule,2009-06-01,PRJ_CODE_N22000027,0,0.5317331552505493
schedule,2009-06-01,PRJ_CODE_N22000034,1,0.7169030904769897
schedule,2009-06-01,PRJ_CODE_N22000055,0,0.3900860548019409
schedule,2009-06-01,PRJ_CODE_N24000087,0,0.5869807004928589
schedule,2009-06-01,PRJ_CODE_N24000096,0,0.3239510953426361
schedule,2009-06-01,PRJ_CODE_N24000103,0,0.45383405685424805
schedule,2009-06-01,PRJ_CODE_N24000105,0,0.6742810010910034
schedule,2009-06-01,PRJ_CODE_N24000109,1,0.5854666829109192
schedule,2009-06-01,PRJ_CODE_N24000110,0,0.4858076572418213
schedule,2009-06-01,PRJ_CODE_N24000116,0,0.2547990381717682
schedule,2009-06-01,PRJ_CODE_N24000117,0,0.23523063957691193
schedule,2009-06-01,PRJ_CODE_N24000121,0,0.5295653343200684
schedule,2009-06-01,PRJ_CODE_N24000122,0,0.4833495020866394
schedule,2009-06-01,PRJ_CODE_N25000004,1,0.9192169308662415
schedule,2009-06-01,PRJ_CODE_N25000015,0,0.3232092261314392
schedule,2009-06-01,PRJ_CODE_N25000030,0,0.20751577615737915
schedule,2009-06-01,PRJ_CODE_N25000034,0,0.5921724438667297
schedule,2009-06-01,PRJ_CODE_N26000037,0,0.7985825538635254
schedule,2009-06-01,PRJ_CODE_N26000049,1,0.9373699426651001
schedule,2009-06-01,PRJ_CODE_N26000058,0,0.8590354919433594
schedule,2009-06-01,PRJ_CODE_N28000016,0,0.3316672742366791
schedule,2009-06-01,PRJ_NAME_0004dd678c080a80,0,0.5556187629699707
schedule,2009-06-01,PRJ_NAME_0148b634ed94a52c,0,0.5696003437042236
schedule,2009-06-01,PRJ_NAME_0189f35da9740900,0,0.669832706451416
schedule,2009-06-01,PRJ_NAME_01bb36be5d780c42,0,0.21844451129436493
schedule,2009-06-01,PRJ_NAME_01dbff5bc566f29a,0,0.61285400390625
schedule,2009-06-01,PRJ_NAME_0225cae6c227b09e,0,0.34626346826553345
schedule,2009-06-01,PRJ_NAME_02be49f1af33ce10,0,0.20395073294639587
schedule,2009-06-01,PRJ_NAME_031f72994d7dbd7f,1,0.4345031976699829
schedule,2009-06-01,PRJ_NAME_03fc8a15c949f80a,0,0.7007604241371155
schedule,2009-06-01,PRJ_NAME_04b418019af3cf9c,0,0.3277558982372284
schedule,2009-06-01,PRJ_NAME_04ec117b502fa2fc,0,0.8473668098449707
schedule,2009-06-01,PRJ_NAME_071db90b2561c624,0,0.32810211181640625
schedule,2009-06-01,PRJ_NAME_07ea46b91674e114,0,0.793005108833313
schedule,2009-06-01,PRJ_NAME_07fe6dbf570c0868,0,0.4243971109390259
schedule,2009-06-01,PRJ_NAME_08d5e7262e046649,1,0.9254058599472046
schedule,2009-06-01,PRJ_NAME_0a18cd83977c373e,0,0.4418867230415344
schedule,2009-06-01,PRJ_NAME_0d8873d91c503fa5,1,0.7600885033607483
schedule,2009-06-01,PRJ_NAME_0dd322c3813d6c3a,0,0.3687126338481903
schedule,2009-06-01,PRJ_NAME_0e0827a3d2085f94,0,0.7962968349456787
schedule,2009-06-01,PRJ_NAME_0ec1934275e95d63,0,0.7287232875823975
schedule,2009-06-01,PRJ_NAME_0f4455ed3998e6d8,0,0.41986823081970215
schedule,2009-06-01,PRJ_NAME_11a9b4e88f744640,0,0.17115531861782074
schedule,2009-06-01,PRJ_NAME_13465e4124695478,0,0.7145773768424988
schedule,2009-06-01,PRJ_NAME_151f0102951fa3de,1,0.9187167882919312
schedule,2009-06-01,PRJ_NAME_18355a12f68700aa,0,0.25977250933647156
schedule,2009-06-01,PRJ_NAME_189fb3bd8293c6c1,0,0.07134130597114563
schedule,2009-06-01,PRJ_NAME_1a4227e46a37a193,0,0.276825487613678
schedule,2009-06-01,PRJ_NAME_1a738808aaf509c4,0,0.5139492750167847
schedule,2009-06-01,PRJ_NAME_1c2f05e70ddc2ba0,0,0.26051008701324463
schedule,2009-06-01,PRJ_NAME_1c3ea68b71060199,0,0.13182181119918823
schedule,2009-06-01,PRJ_NAME_1d6e960595541c80,0,0.24091404676437378
schedule,2009-06-01,PRJ_NAME_1d75640bb5ed8b95,0,0.21111510694026947
schedule,2009-06-01,PRJ_NAME_1eff8ca7a4b96f50,0,0.5856327414512634
schedule,2009-06-01,PRJ_NAME_1fe91dd7c69d415d,0,0.1128590852022171
schedule,2009-06-01,PRJ_NAME_1fea732e47651afc,0,0.24030888080596924
schedule,2009-06-01,PRJ_NAME_219f957bece70358,0,0.1443888545036316
schedule,2009-06-01,PRJ_NAME_2243214254bdc3b6,0,0.6655524373054504
schedule,2009-06-01,PRJ_NAME_233998c18ee92f51,0,0.14507490396499634
schedule,2009-06-01,PRJ_NAME_25e5f49d5d9f2134,1,0.09930978715419769
schedule,2009-06-01,PRJ_NAME_27099fbe520779e7,0,0.5366519093513489
schedule,2009-06-01,PRJ_NAME_2830efaac9bd3ae1,0,0.6608051657676697
schedule,2009-06-01,PRJ_NAME_28c3fe7065f7b5b5,0,0.27508464455604553
schedule,2009-06-01,PRJ_NAME_296e3bffa2c0ec9e,0,0.36848828196525574
schedule,2009-06-01,PRJ_NAME_29e7d6d952afc28a,0,0.16985706984996796
schedule,2009-06-01,PRJ_NAME_2a4e6f9884ad87a6,0,0.5261474847793579
schedule,2009-06-01,PRJ_NAME_2bded97125d928ff,0,0.049505218863487244
schedule,2009-06-01,PRJ_NAME_2e6914f23cf6d06e,0,0.17434059083461761
schedule,2009-06-01,PRJ_NAME_2fb8d63d94a43eca,0,0.49160102009773254
schedule,2009-06-01,PRJ_NAME_2fd8e3aeea321592,0,0.4641273617744446
schedule,2009-06-01,PRJ_NAME_3026e066ea75e57c,0,0.34368887543678284
schedule,2009-06-01,PRJ_NAME_30780904c0601eb4,0,0.504608690738678
schedule,2009-06-01,PRJ_NAME_31f55c4357305603,0,0.4092264175415039
schedule,2009-06-01,PRJ_NAME_3320425e5f0ce323,0,0.4543178677558899
schedule,2009-06-01,PRJ_NAME_3369f7d5b43fa7d2,0,0.5205753445625305
schedule,2009-06-01,PRJ_NAME_33895d35ac5569d9,0,0.7911589741706848
schedule,2009-06-01,PRJ_NAME_33932b27b469d4c1,1,0.8925891518592834
schedule,2009-06-01,PRJ_NAME_3460f446ce2781c4,0,0.10129071772098541
schedule,2009-06-01,PRJ_NAME_36a526c1eeac13dc,0,0.8493658304214478
schedule,2009-06-01,PRJ_NAME_382fe282c2919f7f,0,0.37180083990097046
schedule,2009-06-01,PRJ_NAME_383758ca2b9df234,1,0.7410813570022583
schedule,2009-06-01,PRJ_NAME_38f3fdbcd5c58828,0,0.053625237196683884
schedule,2009-06-01,PRJ_NAME_39ac99e72e901243,0,0.2046375274658203
schedule,2009-06-01,PRJ_NAME_3a1db8515fcdf4a5,0,0.1393703669309616
schedule,2009-06-01,PRJ_NAME_3a6c662c3dd35740,0,0.11165785044431686
schedule,2009-06-01,PRJ_NAME_3ba42102e7a1cb94,0,0.5188788771629333
schedule,2009-06-01,PRJ_NAME_3cc205715abfbbda,0,0.5417822599411011
schedule,2009-06-01,PRJ_NAME_3d1869707f6f1703,0,0.6571252942085266
schedule,2009-06-01,PRJ_NAME_3d39735915bca559,1,0.4111180007457733
schedule,2009-06-01,PRJ_NAME_3d531f7ee886ec3a,0,0.5608319640159607
schedule,2009-06-01,PRJ_NAME_3d7a66144aa6ea1b,0,0.5464646816253662
schedule,2009-06-01,PRJ_NAME_3f0a8996a203a8a2,0,0.11002761125564575
schedule,2009-06-01,PRJ_NAME_3f2fcee268741920,1,0.16345514357089996
schedule,2009-06-01,PRJ_NAME_3f7caf599973bbc3,1,0.8597288131713867
schedule,2009-06-01,PRJ_NAME_3f9e1ffde78880a6,0,0.7226598858833313
schedule,2009-06-01,PRJ_NAME_405a3d72722128e9,0,0.4998879134654999
schedule,2009-06-01,PRJ_NAME_428198aba8296f85,0,0.18767431378364563
schedule,2009-06-01,PRJ_NAME_42d1d873ef0ba864,0,0.917392909526825
schedule,2009-06-01,PRJ_NAME_42df200967d78962,0,0.3665701150894165
schedule,2009-06-01,PRJ_NAME_42ecbefa35d1eb4b,1,0.6620422601699829
schedule,2009-06-01,PRJ_NAME_43ec04ee37b2df97,0,0.10976405441761017
schedule,2009-06-01,PRJ_NAME_448ec218fa67b81f,0,0.42558202147483826
schedule,2009-06-01,PRJ_NAME_44d305a8cb81d205,0,0.04864099994301796
schedule,2009-06-01,PRJ_NAME_4521219d33d32e33,0,0.5311021208763123
schedule,2009-06-01,PRJ_NAME_461706503ce534ba,0,0.6723517775535583
schedule,2009-06-01,PRJ_NAME_46256f5cb11ca220,0,0.8142644166946411
schedule,2009-06-01,PRJ_NAME_469bb0e5b66ebdea,0,0.876880943775177
schedule,2009-06-01,PRJ_NAME_46d479c07936c43a,0,0.1635674238204956
schedule,2009-06-01,PRJ_NAME_47651aa52c29c512,0,0.3651285469532013
schedule,2009-06-01,PRJ_NAME_480f705f44b440b1,0,0.13543474674224854
schedule,2009-06-01,PRJ_NAME_4869b58e8594fd88,0,0.34844475984573364
schedule,2009-06-01,PRJ_NAME_4b086c663a448f74,0,0.7971175312995911
schedule,2009-06-01,PRJ_NAME_4b3560cba1158b55,0,0.4627385139465332
schedule,2009-06-01,PRJ_NAME_4b9dfeb9724480fe,0,0.693356454372406
schedule,2009-06-01,PRJ_NAME_4ca147295712f33c,0,0.1678483784198761
schedule,2009-06-01,PRJ_NAME_4f40123fccde344d,0,0.5810436010360718
schedule,2009-06-01,PRJ_NAME_50522850afa1dc91,0,0.3426749110221863
schedule,2009-06-01,PRJ_NAME_50c6884ee2f6ca3b,0,0.3868018686771393
schedule,2009-06-01,PRJ_NAME_51dff49a23022387,0,0.2347716987133026
schedule,2009-06-01,PRJ_NAME_52b5fa3569bf9d1f,1,0.9407614469528198
schedule,2009-06-01,PRJ_NAME_5337e4904b5d2957,0,0.3389366567134857
schedule,2009-06-01,PRJ_NAME_533a63bdeb5540f3,0,0.36745685338974
schedule,2009-06-01,PRJ_NAME_5463349fa50ea5f1,0,0.21719884872436523
schedule,2009-06-01,PRJ_NAME_56456c324dd9b83d,0,0.3916814923286438
schedule,2009-06-01,PRJ_NAME_585544165e75cdb6,0,0.7264906764030457
schedule,2009-06-01,PRJ_NAME_585df2f330882dc3,0,0.2347460836172104
schedule,2009-06-01,PRJ_NAME_588860c61eba4c3e,0,0.488506019115448
schedule,2009-06-01,PRJ_NAME_593ebae864c1a900,0,0.44989195466041565
schedule,2009-06-01,PRJ_NAME_59e0ef4cf8960ef7,0,0.12689705193042755
schedule,2009-06-01,PRJ_NAME_5aea56bbcfb9dfc0,0,0.4190179705619812
schedule,2009-06-01,PRJ_NAME_5ee14dad04ef119c,0,0.28353482484817505
schedule,2009-06-01,PRJ_NAME_606504db777b5bce,0,0.772559642791748
schedule,2009-06-01,PRJ_NAME_61720eabf65200ae,0,0.4497116506099701
schedule,2009-06-01,PRJ_NAME_61d3483ad862194a,0,0.10681213438510895
schedule,2009-06-01,PRJ_NAME_624ae3298fcadd5a,0,0.7064805030822754
schedule,2009-06-01,PRJ_NAME_636065c530891da0,0,0.1654813587665558
schedule,2009-06-01,PRJ_NAME_63aaf0b2d67fcc98,1,0.7334562540054321
schedule,2009-06-01,PRJ_NAME_6459d263f5d64b3a,0,0.31683778762817383
schedule,2009-06-01,PRJ_NAME_646374cb7bb8cf53,0,0.2345188707113266
schedule,2009-06-01,PRJ_NAME_65c34046110d1639,0,0.3500343859195709
schedule,2009-06-01,PRJ_NAME_6633a0b096c09794,0,0.3544321060180664
schedule,2009-06-01,PRJ_NAME_664064542365971b,0,0.5692653656005859
schedule,2009-06-01,PRJ_NAME_67185f73cdc3ce1a,0,0.19494976103305817
schedule,2009-06-01,PRJ_NAME_67409bba76046d57,0,0.5367327332496643
schedule,2009-06-01,PRJ_NAME_6ba01d6d5eebf7b1,0,0.14185690879821777
schedule,2009-06-01,PRJ_NAME_6c264260913ce831,0,0.1335086226463318
schedule,2009-06-01,PRJ_NAME_6f4b9b110ae25321,0,0.3458750247955322
schedule,2009-06-01,PRJ_NAME_71bd13e4c33dc0b3,0,0.2273518443107605
schedule,2009-06-01,PRJ_NAME_721a95fbd23ad2c8,0,0.8029316067695618
schedule,2009-06-01,PRJ_NAME_72750a50c3d18ffe,0,0.1543368399143219
schedule,2009-06-01,PRJ_NAME_735c5b98af1edf1b,0,0.8141946792602539
schedule,2009-06-01,PRJ_NAME_743c1bfad7794140,0,0.7461358308792114
schedule,2009-06-01,PRJ_NAME_74470ac7f7e3099a,0,0.6700276136398315
schedule,2009-06-01,PRJ_NAME_74caabeb39aaa1ff,1,0.15745261311531067
schedule,2009-06-01,PRJ_NAME_75ff742cb738b710,0,0.4254484176635742
schedule,2009-06-01,PRJ_NAME_7612955874fcc5a7,0,0.5185583829879761
schedule,2009-06-01,PRJ_NAME_768d6fbca51319c9,0,0.19039706885814667
schedule,2009-06-01,PRJ_NAME_772f2a39ea9e3ff1,0,0.8133516311645508
schedule,2009-06-01,PRJ_NAME_7758bbdc5828316b,0,0.3875575065612793
schedule,2009-06-01,PRJ_NAME_78af84562e9d8303,0,0.5340381264686584
schedule,2009-06-01,PRJ_NAME_7bde1e0220d753f0,0,0.4318452477455139
schedule,2009-06-01,PRJ_NAME_7bfceb0c80fc4b26,0,0.7955657839775085
schedule,2009-06-01,PRJ_NAME_7cf5e2d74eaa776c,0,0.5348008871078491
schedule,2009-06-01,PRJ_NAME_7d78ecb0b46befe0,0,0.16483677923679352
schedule,2009-06-01,PRJ_NAME_7f25cbd30beb1762,0,0.29390743374824524
schedule,2009-06-01,PRJ_NAME_7fb8a753afa2d26f,0,0.3783107399940491
schedule,2009-06-01,PRJ_NAME_8109073f8b96ea3d,0,0.3968661427497864
schedule,2009-06-01,PRJ_NAME_81bafd10a91fd9c4,0,0.40275418758392334
schedule,2009-06-01,PRJ_NAME_82a1b3cc725dd309,0,0.22816769778728485
schedule,2009-06-01,PRJ_NAME_83be953b7310deef,0,0.37965086102485657
schedule,2009-06-01,PRJ_NAME_85caedccc1ec91d7,0,0.19854240119457245
schedule,2009-06-01,PRJ_NAME_8749b3c26f418fe8,0,0.4821380376815796
schedule,2009-06-01,PRJ_NAME_88e199e6518abeff,0,0.26512834429740906
schedule,2009-06-01,PRJ_NAME_89388044b4007d2d,0,0.2961762547492981
schedule,2009-06-01,PRJ_NAME_8a468889b5be6da7,0,0.4656253755092621
schedule,2009-06-01,PRJ_NAME_8ab7e877d64c6511,0,0.5115371346473694
schedule,2009-06-01,PRJ_NAME_8ae3819b3f43f81d,0,0.3661080002784729
schedule,2009-06-01,PRJ_NAME_8b12c1c1d145c92c,0,0.8776351809501648
schedule,2009-06-01,PRJ_NAME_8b5d7350d4128d9a,0,0.13322244584560394
schedule,2009-06-01,PRJ_NAME_8bd10b08124a4095,0,0.18141251802444458
schedule,2009-06-01,PRJ_NAME_8be7ca9862134d65,0,0.5068050622940063
schedule,2009-06-01,PRJ_NAME_8c97fd376f152558,0,0.2732677757740021
schedule,2009-06-01,PRJ_NAME_8cbf7fe2db2e06c4,0,0.27223244309425354
schedule,2009-06-01,PRJ_NAME_8dcd08dfd81e91ba,0,0.534932017326355
schedule,2009-06-01,PRJ_NAME_900650a7b2bd003f,0,0.49076953530311584
schedule,2009-06-01,PRJ_NAME_9124e743c95fcdfd,0,0.2461199313402176
schedule,2009-06-01,PRJ_NAME_936a972c38503df1,0,0.9480354189872742
schedule,2009-06-01,PRJ_NAME_94200e840d34aac7,0,0.9212561249732971
schedule,2009-06-01,PRJ_NAME_948f0338c1455029,0,0.8096145391464233
schedule,2009-06-01,PRJ_NAME_94aa47edacafbdc0,0,0.4879806637763977
schedule,2009-06-01,PRJ_NAME_95239e307b9972c8,0,0.19621077179908752
schedule,2009-06-01,PRJ_NAME_9589768b96002ace,0,0.40392065048217773
schedule,2009-06-01,PRJ_NAME_958f5742195aba52,0,0.7446300387382507
schedule,2009-06-01,PRJ_NAME_97175a0bf58860dd,1,0.5375288128852844
schedule,2009-06-01,PRJ_NAME_9785a70d227b0561,0,0.5228161215782166
schedule,2009-06-01,PRJ_NAME_97b6f7489a4660c4,0,0.40980762243270874
schedule,2009-06-01,PRJ_NAME_97ed5e02577c1519,0,0.24295060336589813
schedule,2009-06-01,PRJ_NAME_97eebbdb1660a78f,0,0.12916359305381775
schedule,2009-06-01,PRJ_NAME_98849f27897d2b4a,0,0.27266061305999756
schedule,2009-06-01,PRJ_NAME_98df68b03362bd89,0,0.6321504712104797
schedule,2009-06-01,PRJ_NAME_994deea3959e14e8,0,0.2552526593208313
schedule,2009-06-01,PRJ_NAME_9cf4b63998e32324,0,0.8761325478553772
schedule,2009-06-01,PRJ_NAME_9d0e19b63480a819,0,0.5540768504142761
schedule,2009-06-01,PRJ_NAME_9d46629b18b18a13,0,0.6016969084739685
schedule,2009-06-01,PRJ_NAME_9d9a1e808d287228,0,0.5835856795310974
schedule,2009-06-01,PRJ_NAME_9dcbefefed4f1065,0,0.6460172533988953
schedule,2009-06-01,PRJ_NAME_9f96903f754912ec,0,0.8465174436569214
schedule,2009-06-01,PRJ_NAME_a08949c95f5f94e4,0,0.6816540360450745
schedule,2009-06-01,PRJ_NAME_a0a5f3764ae5f253,0,0.18505725264549255
schedule,2009-06-01,PRJ_NAME_a21ffd430f8ddb3e,0,0.13421624898910522
schedule,2009-06-01,PRJ_NAME_a28726e807976d7c,0,0.0970168262720108
schedule,2009-06-01,PRJ_NAME_a2b6086beac12343,1,0.9152998924255371
schedule,2009-06-01,PRJ_NAME_a335e78099c07d4e,0,0.6154695749282837
schedule,2009-06-01,PRJ_NAME_a3b710cb5e7fd128,1,0.9417188167572021
schedule,2009-06-01,PRJ_NAME_a471cb9e66706d2c,0,0.46108296513557434
schedule,2009-06-01,PRJ_NAME_a4a118c53f027fd8,1,0.9474576115608215
schedule,2009-06-01,PRJ_NAME_a5facf55cd81ec6a,0,0.790948748588562
schedule,2009-06-01,PRJ_NAME_a72ff560bd409bf5,0,0.37792807817459106
schedule,2009-06-01,PRJ_NAME_a937cfc9af78ada5,0,0.2439705729484558
schedule,2009-06-01,PRJ_NAME_a9b6a1b29fb44b4d,0,0.16755171120166779
schedule,2009-06-01,PRJ_NAME_aa6d473f6b178563,0,0.30024629831314087
schedule,2009-06-01,PRJ_NAME_aab2ef5b914f61c7,1,0.8999179601669312
schedule,2009-06-01,PRJ_NAME_ab33d551bf7a3428,0,0.6757271885871887
schedule,2009-06-01,PRJ_NAME_abb3e384d5e3e17e,0,0.5424050092697144
schedule,2009-06-01,PRJ_NAME_ad205b50262bd00e,0,0.3651823401451111
schedule,2009-06-01,PRJ_NAME_ad65def7cbb4d220,0,0.36055657267570496
schedule,2009-06-01,PRJ_NAME_ae2b69d71915b759,0,0.5072196125984192
schedule,2009-06-01,PRJ_NAME_ae82fd1ce70d12ac,0,0.3731284439563751
schedule,2009-06-01,PRJ_NAME_af0c9f115b647286,0,0.4211180806159973
schedule,2009-06-01,PRJ_NAME_af3fa3c68578f729,0,0.16015484929084778
schedule,2009-06-01,PRJ_NAME_b00eed3c08be17ae,0,0.3526087999343872
schedule,2009-06-01,PRJ_NAME_b0f1e855a7bac204,0,0.900770366191864
schedule,2009-06-01,PRJ_NAME_b0f97810618292a9,0,0.337706059217453
schedule,2009-06-01,PRJ_NAME_b1512f76653de237,0,0.6535983681678772
schedule,2009-06-01,PRJ_NAME_b17ee7cc2a899525,0,0.07405734062194824
schedule,2009-06-01,PRJ_NAME_b2d22b803981eee8,0,0.5157713890075684
schedule,2009-06-01,PRJ_NAME_b40ff97098e1aefe,0,0.034710269421339035
schedule,2009-06-01,PRJ_NAME_b4cc5ce51e200cdf,0,0.23901943862438202
schedule,2009-06-01,PRJ_NAME_b6e5fd16af47d146,0,0.47802695631980896
schedule,2009-06-01,PRJ_NAME_b8fbf98a7f8bce67,1,0.8270756602287292
schedule,2009-06-01,PRJ_NAME_b969a4926f8d8a05,0,0.21703177690505981
schedule,2009-06-01,PRJ_NAME_b9a77c955d8cbf20,0,0.3670281171798706
schedule,2009-06-01,PRJ_NAME_baf6c8857483bc18,0,0.12562522292137146
schedule,2009-06-01,PRJ_NAME_bc352f64c9c9ab99,0,0.7378706336021423
schedule,2009-06-01,PRJ_NAME_bd212f548385f223,0,0.1645076870918274
schedule,2009-06-01,PRJ_NAME_bddbb3270d5e7de5,0,0.28280046582221985
schedule,2009-06-01,PRJ_NAME_be49f9610c811e3b,0,0.8107752203941345
schedule,2009-06-01,PRJ_NAME_be4dd8e59fd70e64,0,0.8851863145828247
schedule,2009-06-01,PRJ_NAME_be77bfadf345a933,0,0.7697125673294067
schedule,2009-06-01,PRJ_NAME_bef6e5f20fc79cc6,0,0.3172863721847534
schedule,2009-06-01,PRJ_NAME_bfd6c00eaa9b89cf,0,0.18806250393390656
schedule,2009-06-01,PRJ_NAME_c0956183b9a97e85,0,0.8019022345542908
schedule,2009-06-01,PRJ_NAME_c0ac792752076ad2,0,0.12200050055980682
schedule,2009-06-01,PRJ_NAME_c1aba92cd17a7067,0,0.9233640432357788
schedule,2009-06-01,PRJ_NAME_c275be77f0a071f0,1,0.9161407351493835
schedule,2009-06-01,PRJ_NAME_c3a228e23032a307,0,0.3585268557071686
schedule,2009-06-01,PRJ_NAME_c65a7db8a155f444,0,0.8712034225463867
schedule,2009-06-01,PRJ_NAME_c7e53cfcad1b1c5e,0,0.12434467673301697
schedule,2009-06-01,PRJ_NAME_c8104187879f677a,0,0.111039899289608
schedule,2009-06-01,PRJ_NAME_c8ae5b47197f2cbd,0,0.4643961191177368
schedule,2009-06-01,PRJ_NAME_c978cc150aff8427,0,0.15441186726093292
schedule,2009-06-01,PRJ_NAME_ccbbbdd77851b17f,0,0.4794549345970154
schedule,2009-06-01,PRJ_NAME_cd3f28bade7cdf3f,0,0.45310017466545105
schedule,2009-06-01,PRJ_NAME_cd9457461186cc7f,1,0.905653178691864
schedule,2009-06-01,PRJ_NAME_cdcae6a1e043703c,0,0.3505302965641022
schedule,2009-06-01,PRJ_NAME_cde12345f84a4a3f,0,0.48696330189704895
schedule,2009-06-01,PRJ_NAME_ce02d7c9233b7b2b,0,0.576792299747467
schedule,2009-06-01,PRJ_NAME_ce28e0c01122d9a3,0,0.26230689883232117
schedule,2009-06-01,PRJ_NAME_ce5016dbd135ec16,0,0.4034598469734192
schedule,2009-06-01,PRJ_NAME_cea26f1d15aba1f9,0,0.11048068851232529
schedule,2009-06-01,PRJ_NAME_cfd12cd330968342,1,0.09132163971662521
schedule,2009-06-01,PRJ_NAME_cfd4b764bee5cea2,0,0.8583062291145325
schedule,2009-06-01,PRJ_NAME_d0770c683a90a62d,0,0.3977067768573761
schedule,2009-06-01,PRJ_NAME_d0878df8cfcdf42f,0,0.6122081279754639
schedule,2009-06-01,PRJ_NAME_d1393c6cc2e166bc,0,0.8434875011444092
schedule,2009-06-01,PRJ_NAME_d13dd04a176c25c0,0,0.19736286997795105
schedule,2009-06-01,PRJ_NAME_d18924e42365941a,0,0.15508681535720825
schedule,2009-06-01,PRJ_NAME_d24144e6f0823613,0,0.3652118146419525
schedule,2009-06-01,PRJ_NAME_d3afd09bf7ff8e81,0,0.7052792310714722
schedule,2009-06-01,PRJ_NAME_d4286f28b16dd5a1,0,0.4275909662246704
schedule,2009-06-01,PRJ_NAME_d445a5d5362052c6,0,0.17693795263767242
schedule,2009-06-01,PRJ_NAME_d451cd9406956965,0,0.41002777218818665
schedule,2009-06-01,PRJ_NAME_d4f1b277d89fa84d,0,0.31178170442581177
schedule,2009-06-01,PRJ_NAME_d5f128d4a5054966,0,0.5458225607872009
schedule,2009-06-01,PRJ_NAME_d9a2644b07dd9609,1,0.9036094546318054
schedule,2009-06-01,PRJ_NAME_d9abd1f8dd32a440,0,0.2502892017364502
schedule,2009-06-01,PRJ_NAME_d9ceec3704103ade,0,0.12022658437490463
schedule,2009-06-01,PRJ_NAME_da2989779a8ff72c,0,0.5085665583610535
schedule,2009-06-01,PRJ_NAME_da5ec8a0b84f42c9,0,0.31880179047584534
schedule,2009-06-01,PRJ_NAME_da983b82e27b4901,0,0.27064573764801025
schedule,2009-06-01,PRJ_NAME_dab1c247fc9689d6,0,0.511502742767334
schedule,2009-06-01,PRJ_NAME_dc0399f98d01b775,0,0.13915766775608063
schedule,2009-06-01,PRJ_NAME_dc3bcf024b79a8b1,0,0.5392548441886902
schedule,2009-06-01,PRJ_NAME_dcc1ad452b4d494f,0,0.3916814923286438
schedule,2009-06-01,PRJ_NAME_de0e3def822551a6,0,0.5291681885719299
schedule,2009-06-01,PRJ_NAME_de4691d50c7854e9,0,0.49716266989707947
schedule,2009-06-01,PRJ_NAME_de988147e22ef9e9,1,0.9138754606246948
schedule,2009-06-01,PRJ_NAME_e040a7f92ba61461,0,0.7055946588516235
schedule,2009-06-01,PRJ_NAME_e2670cace03ef113,1,0.8607184290885925
schedule,2009-06-01,PRJ_NAME_e29ab136f3a33626,0,0.39620673656463623
schedule,2009-06-01,PRJ_NAME_e3b98145bde44d46,0,0.25678297877311707
schedule,2009-06-01,PRJ_NAME_e49f43acc263936a,0,0.4428178369998932
schedule,2009-06-01,PRJ_NAME_e6273761e3813498,0,0.15938717126846313
schedule,2009-06-01,PRJ_NAME_e62fcb5fa64380ee,0,0.6402938365936279
schedule,2009-06-01,PRJ_NAME_e633f015dd0714c6,0,0.749751627445221
schedule,2009-06-01,PRJ_NAME_e703030c25d32ad8,0,0.5246617794036865
schedule,2009-06-01,PRJ_NAME_e7d78ebc7862a984,0,0.8093172907829285
schedule,2009-06-01,PRJ_NAME_e84f668cb9ad9062,0,0.7747759819030762
schedule,2009-06-01,PRJ_NAME_e86ebf75d270663b,0,0.14710023999214172
schedule,2009-06-01,PRJ_NAME_e8dc1ea5468f8536,0,0.36390388011932373
schedule,2009-06-01,PRJ_NAME_e96e2471ac2f3b45,0,0.3916814923286438
schedule,2009-06-01,PRJ_NAME_e9b6b723340d4c91,0,0.5029800534248352
schedule,2009-06-01,PRJ_NAME_e9fe972727df6e0b,1,0.45624643564224243
schedule,2009-06-01,PRJ_NAME_ea175320bc252402,0,0.7551814317703247
schedule,2009-06-01,PRJ_NAME_ea1e86cb1e4986d2,0,0.7603694796562195
schedule,2009-06-01,PRJ_NAME_ebc6dcee9d022d3a,0,0.39286139607429504
schedule,2009-06-01,PRJ_NAME_ed6774d8331350b8,0,0.3506190776824951
schedule,2009-06-01,PRJ_NAME_ee3707ee0a1cef17,0,0.16653400659561157
schedule,2009-06-01,PRJ_NAME_ef0a5bc216b10675,0,0.2707011103630066
schedule,2009-06-01,PRJ_NAME_efcf5742fcf89d7b,1,0.8636552095413208
schedule,2009-06-01,PRJ_NAME_f1300fa6308aca5a,0,0.8369345664978027
schedule,2009-06-01,PRJ_NAME_f36c1b98ac886591,0,0.8220642805099487
schedule,2009-06-01,PRJ_NAME_f3c8c655dd569e68,0,0.6036656498908997
schedule,2009-06-01,PRJ_NAME_f624496644477d91,0,0.19074000418186188
schedule,2009-06-01,PRJ_NAME_f786e2a7af40255c,1,0.9410746097564697
schedule,2009-06-01,PRJ_NAME_f84ae1a96a985b34,1,0.9192593097686768
schedule,2009-06-01,PRJ_NAME_f8eaa312aa060cb3,0,0.34366706013679504
schedule,2009-06-01,PRJ_NAME_f981eaa612067a1b,0,0.5574586987495422
schedule,2009-06-01,PRJ_NAME_fa536ba1d3d92a1b,0,0.2187933325767517
schedule,2009-06-01,PRJ_NAME_fb19344c6251c9fb,0,0.8083816766738892
schedule,2009-06-01,PRJ_NAME_fbf574116d1dd49f,0,0.30637326836586
schedule,2009-06-01,PRJ_NAME_fc292aca755942af,0,0.5811442136764526
schedule,2009-06-01,PRJ_NAME_fd1dea69b6da9e70,0,0.8388863801956177
schedule,2009-06-01,PRJ_NAME_fd8d3d06b187c533,0,0.17018210887908936
schedule,2009-06-01,PRJ_NAME_fe67148516aa3153,0,0.6621797680854797
schedule,2009-06-01,PRJ_NAME_ff205b5be130a40a,0,0.26569029688835144
schedule,2009-06-01,PRJ_NAME_ffd0b9ce6984e556,0,0.5039656162261963
schedule,2009-07-01,PRJ_CODE_020100040,1,0.5833407640457153
schedule,2009-07-01,PRJ_CODE_020100044,0,0.33790871500968933
schedule,2009-07-01,PRJ_CODE_060100087,0,0.29498475790023804
schedule,2009-07-01,PRJ_CODE_060100088,0,0.3511563241481781
schedule,2009-07-01,PRJ_CODE_060100090,0,0.6227114200592041
schedule,2009-07-01,PRJ_CODE_060100092,0,0.10203797370195389
schedule,2009-07-01,PRJ_CODE_060100094,0,0.31141427159309387
schedule,2009-07-01,PRJ_CODE_100100054,0,0.6448456645011902
schedule,2009-07-01,PRJ_CODE_120100067,0,0.47221410274505615
schedule,2009-07-01,PRJ_CODE_160100168,0,0.40645474195480347
schedule,2009-07-01,PRJ_CODE_160100289,0,0.3928093910217285
schedule,2009-07-01,PRJ_CODE_160100292,0,0.5436829924583435
schedule,2009-07-01,PRJ_CODE_180100246,0,0.4681338667869568
schedule,2009-07-01,PRJ_CODE_180100247,1,0.7434359788894653
schedule,2009-07-01,PRJ_CODE_180100251,0,0.20137228071689606
schedule,2009-07-01,PRJ_CODE_180100253,0,0.6479747295379639
schedule,2009-07-01,PRJ_CODE_180100256,0,0.6890990138053894
schedule,2009-07-01,PRJ_CODE_180100260,1,0.5481337904930115
schedule,2009-07-01,PRJ_CODE_180100261,0,0.15972881019115448
schedule,2009-07-01,PRJ_CODE_220100009,0,0.3347738981246948
schedule,2009-07-01,PRJ_CODE_220100131,0,0.24320439994335175
schedule,2009-07-01,PRJ_CODE_220100226,0,0.11705417931079865
schedule,2009-07-01,PRJ_CODE_220100266,0,0.10202973335981369
schedule,2009-07-01,PRJ_CODE_220100268,0,0.3459315001964569
schedule,2009-07-01,PRJ_CODE_220100279,0,0.13230742514133453
schedule,2009-07-01,PRJ_CODE_220100288,0,0.1815892606973648
schedule,2009-07-01,PRJ_CODE_220100307,0,0.2998114228248596
schedule,2009-07-01,PRJ_CODE_220100308,0,0.21906740963459015
schedule,2009-07-01,PRJ_CODE_220100312,0,0.6825871467590332
schedule,2009-07-01,PRJ_CODE_220100318,0,0.4285408854484558
schedule,2009-07-01,PRJ_CODE_220100322,0,0.3425075113773346
schedule,2009-07-01,PRJ_CODE_220100323,0,0.12094921618700027
schedule,2009-07-01,PRJ_CODE_240101134,0,0.1729666143655777
schedule,2009-07-01,PRJ_CODE_250100174,0,0.6706554293632507
schedule,2009-07-01,PRJ_CODE_260100100,0,0.37830331921577454
schedule,2009-07-01,PRJ_CODE_N04000016,0,0.5528697967529297
schedule,2009-07-01,PRJ_CODE_N06000007,0,0.3058164715766907
schedule,2009-07-01,PRJ_CODE_N06000009,0,0.09804507344961166
schedule,2009-07-01,PRJ_CODE_N06000015,0,0.10452897101640701
schedule,2009-07-01,PRJ_CODE_N06000016,0,0.16671821475028992
schedule,2009-07-01,PRJ_CODE_N06000020,1,0.21777792274951935
schedule,2009-07-01,PRJ_CODE_N06000030,0,0.06633879989385605
schedule,2009-07-01,PRJ_CODE_N06000033,0,0.04459720849990845
schedule,2009-07-01,PRJ_CODE_N06000034,0,0.07399958372116089
schedule,2009-07-01,PRJ_CODE_N06000035,0,0.10420555621385574
schedule,2009-07-01,PRJ_CODE_N06000042,0,0.05386734381318092
schedule,2009-07-01,PRJ_CODE_N06000043,0,0.08731143176555634
schedule,2009-07-01,PRJ_CODE_N06000044,0,0.1310611367225647
schedule,2009-07-01,PRJ_CODE_N06000046,0,0.05997747555375099
schedule,2009-07-01,PRJ_CODE_N06000047,0,0.23637117445468903
schedule,2009-07-01,PRJ_CODE_N06000049,0,0.0753176212310791
schedule,2009-07-01,PRJ_CODE_N06000059,0,0.052619241178035736
schedule,2009-07-01,PRJ_CODE_N06000060,0,0.050412584096193314
schedule,2009-07-01,PRJ_CODE_N06000065,0,0.06737687438726425
schedule,2009-07-01,PRJ_CODE_N06000066,0,0.05787075310945511
schedule,2009-07-01,PRJ_CODE_N06000069,0,0.06296531856060028
schedule,2009-07-01,PRJ_CODE_N12000024,0,0.5552049875259399
schedule,2009-07-01,PRJ_CODE_N12000033,0,0.18879401683807373
schedule,2009-07-01,PRJ_CODE_N12000036,0,0.6564761400222778
schedule,2009-07-01,PRJ_CODE_N12000037,1,0.5282595753669739
schedule,2009-07-01,PRJ_CODE_N12000038,1,0.4194433093070984
schedule,2009-07-01,PRJ_CODE_N12000039,0,0.2477063089609146
schedule,2009-07-01,PRJ_CODE_N12000050,0,0.24467797577381134
schedule,2009-07-01,PRJ_CODE_N12000051,0,0.19990910589694977
schedule,2009-07-01,PRJ_CODE_N12000052,0,0.10371358692646027
schedule,2009-07-01,PRJ_CODE_N12000053,0,0.14850659668445587
schedule,2009-07-01,PRJ_CODE_N12000055,0,0.21366146206855774
schedule,2009-07-01,PRJ_CODE_N12000057,0,0.13695038855075836
schedule,2009-07-01,PRJ_CODE_N12000060,0,0.2685248851776123
schedule,2009-07-01,PRJ_CODE_N12000069,1,0.424795925617218
schedule,2009-07-01,PRJ_CODE_N16000017,0,0.31714874505996704
schedule,2009-07-01,PRJ_CODE_N16000021,0,0.2709769606590271
schedule,2009-07-01,PRJ_CODE_N16000023,0,0.2640288472175598
schedule,2009-07-01,PRJ_CODE_N16000028,0,0.517887532711029
schedule,2009-07-01,PRJ_CODE_N16000029,0,0.2925214469432831
schedule,2009-07-01,PRJ_CODE_N16000030,0,0.21950875222682953
schedule,2009-07-01,PRJ_CODE_N16000032,0,0.28374314308166504
schedule,2009-07-01,PRJ_CODE_N16000033,0,0.3565002381801605
schedule,2009-07-01,PRJ_CODE_N16000034,0,0.28835293650627136
schedule,2009-07-01,PRJ_CODE_N16000035,0,0.2361678183078766
schedule,2009-07-01,PRJ_CODE_N16000036,0,0.31205278635025024
schedule,2009-07-01,PRJ_CODE_N16000037,0,0.3045353591442108
schedule,2009-07-01,PRJ_CODE_N16000038,0,0.3084814250469208
schedule,2009-07-01,PRJ_CODE_N16000041,0,0.6468669176101685
schedule,2009-07-01,PRJ_CODE_N16000044,0,0.5060169100761414
schedule,2009-07-01,PRJ_CODE_N16000045,0,0.27032238245010376
schedule,2009-07-01,PRJ_CODE_N16000046,0,0.3597065210342407
schedule,2009-07-01,PRJ_CODE_N16000054,0,0.20762035250663757
schedule,2009-07-01,PRJ_CODE_N16000056,0,0.46756860613822937
schedule,2009-07-01,PRJ_CODE_N16000058,0,0.39100590348243713
schedule,2009-07-01,PRJ_CODE_N16000059,0,0.18378621339797974
schedule,2009-07-01,PRJ_CODE_N16000060,0,0.11529239267110825
schedule,2009-07-01,PRJ_CODE_N16000062,0,0.477817177772522
schedule,2009-07-01,PRJ_CODE_N16000063,0,0.12077304720878601
schedule,2009-07-01,PRJ_CODE_N16000066,0,0.12153778970241547
schedule,2009-07-01,PRJ_CODE_N16000067,0,0.4236449897289276
schedule,2009-07-01,PRJ_CODE_N16000068,0,0.1711631864309311
schedule,2009-07-01,PRJ_CODE_N16000069,0,0.17726360261440277
schedule,2009-07-01,PRJ_CODE_N16000070,0,0.1056143268942833
schedule,2009-07-01,PRJ_CODE_N16000072,0,0.13395534455776215
schedule,2009-07-01,PRJ_CODE_N16000073,0,0.13075843453407288
schedule,2009-07-01,PRJ_CODE_N16000074,0,0.1168825700879097
schedule,2009-07-01,PRJ_CODE_N18000026,0,0.29396334290504456
schedule,2009-07-01,PRJ_CODE_N18000033,0,0.21526631712913513
schedule,2009-07-01,PRJ_CODE_N18000035,0,0.10100734233856201
schedule,2009-07-01,PRJ_CODE_N18000036,0,0.051163069903850555
schedule,2009-07-01,PRJ_CODE_N18000038,0,0.08269931375980377
schedule,2009-07-01,PRJ_CODE_N18000039,0,0.09270339459180832
schedule,2009-07-01,PRJ_CODE_N18000041,0,0.20667676627635956
schedule,2009-07-01,PRJ_CODE_N18000043,0,0.08821684867143631
schedule,2009-07-01,PRJ_CODE_N18000047,0,0.09156597405672073
schedule,2009-07-01,PRJ_CODE_N18000048,0,0.16554610431194305
schedule,2009-07-01,PRJ_CODE_N18000049,0,0.21564881503582
schedule,2009-07-01,PRJ_CODE_N18000050,0,0.16122357547283173
schedule,2009-07-01,PRJ_CODE_N18000051,0,0.10165209323167801
schedule,2009-07-01,PRJ_CODE_N18000052,0,0.09756283462047577
schedule,2009-07-01,PRJ_CODE_N18000053,0,0.0994824543595314
schedule,2009-07-01,PRJ_CODE_N18000054,0,0.10303015261888504
schedule,2009-07-01,PRJ_CODE_N18000055,0,0.06433084607124329
schedule,2009-07-01,PRJ_CODE_N18000056,0,0.10165209323167801
schedule,2009-07-01,PRJ_CODE_N18000057,0,0.11491499841213226
schedule,2009-07-01,PRJ_CODE_N18000058,0,0.08167754113674164
schedule,2009-07-01,PRJ_CODE_N18000059,0,0.07826343923807144
schedule,2009-07-01,PRJ_CODE_N18000061,0,0.13519728183746338
schedule,2009-07-01,PRJ_CODE_N18000062,0,0.45430243015289307
schedule,2009-07-01,PRJ_CODE_N18000063,0,0.1456793248653412
schedule,2009-07-01,PRJ_CODE_N18000066,0,0.10546071827411652
schedule,2009-07-01,PRJ_CODE_N18000067,0,0.15523414313793182
schedule,2009-07-01,PRJ_CODE_N18000069,0,0.13773608207702637
schedule,2009-07-01,PRJ_CODE_N18000071,0,0.1042056456208229
schedule,2009-07-01,PRJ_CODE_N22000027,0,0.4024866819381714
schedule,2009-07-01,PRJ_CODE_N22000034,0,0.14202110469341278
schedule,2009-07-01,PRJ_CODE_N22000055,0,0.24852873384952545
schedule,2009-07-01,PRJ_CODE_N22000075,0,0.11369960010051727
schedule,2009-07-01,PRJ_CODE_N22000088,1,0.36512425541877747
schedule,2009-07-01,PRJ_CODE_N22000089,0,0.3587825298309326
schedule,2009-07-01,PRJ_CODE_N22000091,0,0.12871535122394562
schedule,2009-07-01,PRJ_CODE_N22000092,0,0.08776268362998962
schedule,2009-07-01,PRJ_CODE_N22000093,0,0.23686355352401733
schedule,2009-07-01,PRJ_CODE_N22000095,0,0.14502350986003876
schedule,2009-07-01,PRJ_CODE_N22000096,0,0.10751889646053314
schedule,2009-07-01,PRJ_CODE_N24000087,0,0.37609153985977173
schedule,2009-07-01,PRJ_CODE_N24000096,0,0.3335932493209839
schedule,2009-07-01,PRJ_CODE_N24000103,0,0.3492802381515503
schedule,2009-07-01,PRJ_CODE_N24000105,0,0.4716030955314636
schedule,2009-07-01,PRJ_CODE_N24000109,0,0.3466113805770874
schedule,2009-07-01,PRJ_CODE_N24000110,0,0.3254058063030243
schedule,2009-07-01,PRJ_CODE_N24000116,0,0.14021332561969757
schedule,2009-07-01,PRJ_CODE_N24000117,0,0.1474103480577469
schedule,2009-07-01,PRJ_CODE_N24000121,0,0.3678725063800812
schedule,2009-07-01,PRJ_CODE_N24000122,0,0.4115787148475647
schedule,2009-07-01,PRJ_CODE_N25000004,1,0.8715572953224182
schedule,2009-07-01,PRJ_CODE_N25000015,0,0.2750646770000458
schedule,2009-07-01,PRJ_CODE_N25000030,0,0.13022015988826752
schedule,2009-07-01,PRJ_CODE_N25000034,0,0.40798327326774597
schedule,2009-07-01,PRJ_CODE_N26000037,0,0.7315735816955566
schedule,2009-07-01,PRJ_CODE_N26000049,1,0.888251006603241
schedule,2009-07-01,PRJ_CODE_N26000058,0,0.8429255485534668
schedule,2009-07-01,PRJ_CODE_N26000060,0,0.7210099697113037
schedule,2009-07-01,PRJ_CODE_N28000016,0,0.2777236998081207
schedule,2009-07-01,PRJ_NAME_0004dd678c080a80,0,0.5456972718238831
schedule,2009-07-01,PRJ_NAME_0148b634ed94a52c,0,0.5342817306518555
schedule,2009-07-01,PRJ_NAME_0189f35da9740900,0,0.4460902810096741
schedule,2009-07-01,PRJ_NAME_01bb36be5d780c42,0,0.24528580904006958
schedule,2009-07-01,PRJ_NAME_01dbff5bc566f29a,0,0.5525535941123962
schedule,2009-07-01,PRJ_NAME_0225cae6c227b09e,0,0.22677366435527802
schedule,2009-07-01,PRJ_NAME_02be49f1af33ce10,0,0.16602018475532532
schedule,2009-07-01,PRJ_NAME_031f72994d7dbd7f,0,0.13891424238681793
schedule,2009-07-01,PRJ_NAME_03fc8a15c949f80a,0,0.7105352282524109
schedule,2009-07-01,PRJ_NAME_04b418019af3cf9c,0,0.19870616495609283
schedule,2009-07-01,PRJ_NAME_04ec117b502fa2fc,0,0.7604245543479919
schedule,2009-07-01,PRJ_NAME_071db90b2561c624,0,0.2497285008430481
schedule,2009-07-01,PRJ_NAME_07ea46b91674e114,0,0.5851579308509827
schedule,2009-07-01,PRJ_NAME_07fe6dbf570c0868,0,0.26021653413772583
schedule,2009-07-01,PRJ_NAME_08d5e7262e046649,0,0.6159197092056274
schedule,2009-07-01,PRJ_NAME_0a18cd83977c373e,0,0.4213230609893799
schedule,2009-07-01,PRJ_NAME_0d8873d91c503fa5,1,0.7713549137115479
schedule,2009-07-01,PRJ_NAME_0dd322c3813d6c3a,0,0.29904279112815857
schedule,2009-07-01,PRJ_NAME_0e0827a3d2085f94,0,0.8076009154319763
schedule,2009-07-01,PRJ_NAME_0ec1934275e95d63,0,0.47086071968078613
schedule,2009-07-01,PRJ_NAME_0f4455ed3998e6d8,0,0.2840050458908081
schedule,2009-07-01,PRJ_NAME_11a9b4e88f744640,0,0.14010871946811676
schedule,2009-07-01,PRJ_NAME_13465e4124695478,0,0.6659996509552002
schedule,2009-07-01,PRJ_NAME_151f0102951fa3de,0,0.4110640287399292
schedule,2009-07-01,PRJ_NAME_18355a12f68700aa,0,0.16580486297607422
schedule,2009-07-01,PRJ_NAME_189fb3bd8293c6c1,0,0.05608489736914635
schedule,2009-07-01,PRJ_NAME_1a4227e46a37a193,0,0.14853696525096893
schedule,2009-07-01,PRJ_NAME_1a738808aaf509c4,0,0.37776947021484375
schedule,2009-07-01,PRJ_NAME_1c2f05e70ddc2ba0,0,0.18381454050540924
schedule,2009-07-01,PRJ_NAME_1c3ea68b71060199,0,0.1382962167263031
schedule,2009-07-01,PRJ_NAME_1d6e960595541c80,0,0.1491703987121582
schedule,2009-07-01,PRJ_NAME_1d75640bb5ed8b95,0,0.10831251740455627
schedule,2009-07-01,PRJ_NAME_1ed2a789eb6cab62,0,0.20361660420894623
schedule,2009-07-01,PRJ_NAME_1eff8ca7a4b96f50,0,0.35912302136421204
schedule,2009-07-01,PRJ_NAME_1fe91dd7c69d415d,0,0.1728411316871643
schedule,2009-07-01,PRJ_NAME_1fea732e47651afc,0,0.18029801547527313
schedule,2009-07-01,PRJ_NAME_219f957bece70358,0,0.12763233482837677
schedule,2009-07-01,PRJ_NAME_2243214254bdc3b6,0,0.43925902247428894
schedule,2009-07-01,PRJ_NAME_233998c18ee92f51,0,0.10686295479536057
schedule,2009-07-01,PRJ_NAME_25e5f49d5d9f2134,0,0.05636121705174446
schedule,2009-07-01,PRJ_NAME_27099fbe520779e7,0,0.422182559967041
schedule,2009-07-01,PRJ_NAME_2830efaac9bd3ae1,0,0.492095023393631
schedule,2009-07-01,PRJ_NAME_28c3fe7065f7b5b5,0,0.15300771594047546
schedule,2009-07-01,PRJ_NAME_296e3bffa2c0ec9e,0,0.21164226531982422
schedule,2009-07-01,PRJ_NAME_29e7d6d952afc28a,0,0.12276387959718704
schedule,2009-07-01,PRJ_NAME_2a4e6f9884ad87a6,0,0.235385924577713
schedule,2009-07-01,PRJ_NAME_2bded97125d928ff,0,0.0747930034995079
schedule,2009-07-01,PRJ_NAME_2e6914f23cf6d06e,0,0.15109163522720337
schedule,2009-07-01,PRJ_NAME_2fb8d63d94a43eca,0,0.454700231552124
schedule,2009-07-01,PRJ_NAME_2fd8e3aeea321592,0,0.3919372260570526
schedule,2009-07-01,PRJ_NAME_3026e066ea75e57c,0,0.2545878291130066
schedule,2009-07-01,PRJ_NAME_30780904c0601eb4,0,0.2842966914176941
schedule,2009-07-01,PRJ_NAME_31f55c4357305603,0,0.26402077078819275
schedule,2009-07-01,PRJ_NAME_3320425e5f0ce323,0,0.45996955037117004
schedule,2009-07-01,PRJ_NAME_3369f7d5b43fa7d2,0,0.32973042130470276
schedule,2009-07-01,PRJ_NAME_33895d35ac5569d9,0,0.6593130230903625
schedule,2009-07-01,PRJ_NAME_33932b27b469d4c1,0,0.6202058792114258
schedule,2009-07-01,PRJ_NAME_3460f446ce2781c4,0,0.11437463015317917
schedule,2009-07-01,PRJ_NAME_36a526c1eeac13dc,0,0.7745742797851562
schedule,2009-07-01,PRJ_NAME_378272355922c6f4,0,0.10626718401908875
schedule,2009-07-01,PRJ_NAME_382fe282c2919f7f,0,0.42161494493484497
schedule,2009-07-01,PRJ_NAME_383758ca2b9df234,0,0.4159163236618042
schedule,2009-07-01,PRJ_NAME_38f3fdbcd5c58828,0,0.06038866564631462
schedule,2009-07-01,PRJ_NAME_39ac99e72e901243,0,0.13459239900112152
schedule,2009-07-01,PRJ_NAME_3a1db8515fcdf4a5,0,0.11260858178138733
schedule,2009-07-01,PRJ_NAME_3a6c662c3dd35740,0,0.14129644632339478
schedule,2009-07-01,PRJ_NAME_3af5b79e931ff7d4,0,0.4662359058856964
schedule,2009-07-01,PRJ_NAME_3ba42102e7a1cb94,0,0.31314048171043396
schedule,2009-07-01,PRJ_NAME_3cc205715abfbbda,0,0.43955424427986145
schedule,2009-07-01,PRJ_NAME_3d1869707f6f1703,0,0.4934062659740448
schedule,2009-07-01,PRJ_NAME_3d39735915bca559,0,0.32048776745796204
schedule,2009-07-01,PRJ_NAME_3d531f7ee886ec3a,0,0.4219452738761902
schedule,2009-07-01,PRJ_NAME_3d7a66144aa6ea1b,0,0.28775110840797424
schedule,2009-07-01,PRJ_NAME_3f0a8996a203a8a2,0,0.10438273102045059
schedule,2009-07-01,PRJ_NAME_3f2fcee268741920,0,0.22478482127189636
schedule,2009-07-01,PRJ_NAME_3f7caf599973bbc3,1,0.7725802659988403
schedule,2009-07-01,PRJ_NAME_3f9e1ffde78880a6,0,0.5372650027275085
schedule,2009-07-01,PRJ_NAME_405a3d72722128e9,0,0.30130812525749207
schedule,2009-07-01,PRJ_NAME_428198aba8296f85,0,0.2409207820892334
schedule,2009-07-01,PRJ_NAME_42df200967d78962,0,0.2701879143714905
schedule,2009-07-01,PRJ_NAME_42ecbefa35d1eb4b,0,0.1497737467288971
schedule,2009-07-01,PRJ_NAME_43ec04ee37b2df97,0,0.08389464020729065
schedule,2009-07-01,PRJ_NAME_448ec218fa67b81f,0,0.2063504159450531
schedule,2009-07-01,PRJ_NAME_44d305a8cb81d205,0,0.043927621096372604
schedule,2009-07-01,PRJ_NAME_4521219d33d32e33,0,0.43452635407447815
schedule,2009-07-01,PRJ_NAME_458348a7c75128e0,0,0.6780321598052979
schedule,2009-07-01,PRJ_NAME_461706503ce534ba,0,0.524137556552887
schedule,2009-07-01,PRJ_NAME_46d479c07936c43a,0,0.16353920102119446
schedule,2009-07-01,PRJ_NAME_47651aa52c29c512,0,0.32609787583351135
schedule,2009-07-01,PRJ_NAME_480f705f44b440b1,0,0.11550448089838028
schedule,2009-07-01,PRJ_NAME_4869b58e8594fd88,0,0.29181593656539917
schedule,2009-07-01,PRJ_NAME_4b086c663a448f74,0,0.5692678689956665
schedule,2009-07-01,PRJ_NAME_4b3560cba1158b55,0,0.22918736934661865
schedule,2009-07-01,PRJ_NAME_4b9dfeb9724480fe,0,0.7351981401443481
schedule,2009-07-01,PRJ_NAME_4ca147295712f33c,0,0.14127117395401
schedule,2009-07-01,PRJ_NAME_4f40123fccde344d,0,0.43711403012275696
schedule,2009-07-01,PRJ_NAME_4f7411701eb10f66,0,0.3112120032310486
schedule,2009-07-01,PRJ_NAME_50522850afa1dc91,0,0.22548779845237732
schedule,2009-07-01,PRJ_NAME_50c6884ee2f6ca3b,0,0.18735213577747345
schedule,2009-07-01,PRJ_NAME_51dff49a23022387,0,0.1882922500371933
schedule,2009-07-01,PRJ_NAME_52b5fa3569bf9d1f,1,0.7862812280654907
schedule,2009-07-01,PRJ_NAME_5337e4904b5d2957,0,0.17990344762802124
schedule,2009-07-01,PRJ_NAME_533a63bdeb5540f3,0,0.2281266152858734
schedule,2009-07-01,PRJ_NAME_5463349fa50ea5f1,0,0.1422649472951889
schedule,2009-07-01,PRJ_NAME_56456c324dd9b83d,0,0.19453659653663635
schedule,2009-07-01,PRJ_NAME_585544165e75cdb6,0,0.5310107469558716
schedule,2009-07-01,PRJ_NAME_585df2f330882dc3,0,0.1433047503232956
schedule,2009-07-01,PRJ_NAME_588860c61eba4c3e,0,0.5440964102745056
schedule,2009-07-01,PRJ_NAME_593ebae864c1a900,0,0.3059057593345642
schedule,2009-07-01,PRJ_NAME_59e0ef4cf8960ef7,0,0.1647639125585556
schedule,2009-07-01,PRJ_NAME_5aea56bbcfb9dfc0,0,0.3371242880821228
schedule,2009-07-01,PRJ_NAME_5ee14dad04ef119c,0,0.15391933917999268
schedule,2009-07-01,PRJ_NAME_606504db777b5bce,0,0.7885680794715881
schedule,2009-07-01,PRJ_NAME_616668b98c639b08,0,0.5267094969749451
schedule,2009-07-01,PRJ_NAME_61720eabf65200ae,0,0.34902337193489075
schedule,2009-07-01,PRJ_NAME_61d3483ad862194a,0,0.0384172648191452
schedule,2009-07-01,PRJ_NAME_624ae3298fcadd5a,0,0.48357072472572327
schedule,2009-07-01,PRJ_NAME_62ac6e3546007fd7,0,0.557348370552063
schedule,2009-07-01,PRJ_NAME_636065c530891da0,0,0.10555244237184525
schedule,2009-07-01,PRJ_NAME_63aaf0b2d67fcc98,0,0.40476754307746887
schedule,2009-07-01,PRJ_NAME_6459d263f5d64b3a,0,0.17534370720386505
schedule,2009-07-01,PRJ_NAME_646374cb7bb8cf53,0,0.15240618586540222
schedule,2009-07-01,PRJ_NAME_65c34046110d1639,0,0.2934134602546692
schedule,2009-07-01,PRJ_NAME_6633a0b096c09794,0,0.2238914668560028
schedule,2009-07-01,PRJ_NAME_664064542365971b,0,0.4150848090648651
schedule,2009-07-01,PRJ_NAME_67185f73cdc3ce1a,0,0.16725081205368042
schedule,2009-07-01,PRJ_NAME_67409bba76046d57,0,0.3455166220664978
schedule,2009-07-01,PRJ_NAME_6ba01d6d5eebf7b1,0,0.13002179563045502
schedule,2009-07-01,PRJ_NAME_6c264260913ce831,0,0.14670562744140625
schedule,2009-07-01,PRJ_NAME_6f4b9b110ae25321,0,0.1850023716688156
schedule,2009-07-01,PRJ_NAME_71bd13e4c33dc0b3,0,0.13590379059314728
schedule,2009-07-01,PRJ_NAME_721a95fbd23ad2c8,0,0.7197327613830566
schedule,2009-07-01,PRJ_NAME_72750a50c3d18ffe,0,0.05722970888018608
schedule,2009-07-01,PRJ_NAME_735c5b98af1edf1b,0,0.7324620485305786
schedule,2009-07-01,PRJ_NAME_743c1bfad7794140,0,0.6364662051200867
schedule,2009-07-01,PRJ_NAME_74470ac7f7e3099a,0,0.61663818359375
schedule,2009-07-01,PRJ_NAME_74caabeb39aaa1ff,0,0.07898645102977753
schedule,2009-07-01,PRJ_NAME_75ff742cb738b710,0,0.2490277737379074
schedule,2009-07-01,PRJ_NAME_768d6fbca51319c9,0,0.1254940778017044
schedule,2009-07-01,PRJ_NAME_7758bbdc5828316b,0,0.20521536469459534
schedule,2009-07-01,PRJ_NAME_78af84562e9d8303,0,0.4033994674682617
schedule,2009-07-01,PRJ_NAME_7bde1e0220d753f0,0,0.30482807755470276
schedule,2009-07-01,PRJ_NAME_7bfceb0c80fc4b26,0,0.6103412508964539
schedule,2009-07-01,PRJ_NAME_7cf5e2d74eaa776c,0,0.23263317346572876
schedule,2009-07-01,PRJ_NAME_7d78ecb0b46befe0,0,0.14925362169742584
schedule,2009-07-01,PRJ_NAME_7f25cbd30beb1762,0,0.225825235247612
schedule,2009-07-01,PRJ_NAME_7fb8a753afa2d26f,0,0.3763042688369751
schedule,2009-07-01,PRJ_NAME_8109073f8b96ea3d,0,0.3450322449207306
schedule,2009-07-01,PRJ_NAME_81bafd10a91fd9c4,0,0.7150801420211792
schedule,2009-07-01,PRJ_NAME_82a1b3cc725dd309,0,0.2419256716966629
schedule,2009-07-01,PRJ_NAME_83be953b7310deef,0,0.2803715765476227
schedule,2009-07-01,PRJ_NAME_85caedccc1ec91d7,0,0.2144874632358551
schedule,2009-07-01,PRJ_NAME_8749b3c26f418fe8,0,0.4116296172142029
schedule,2009-07-01,PRJ_NAME_88e199e6518abeff,0,0.20207424461841583
schedule,2009-07-01,PRJ_NAME_89388044b4007d2d,0,0.2388763129711151
schedule,2009-07-01,PRJ_NAME_8a468889b5be6da7,0,0.2757069766521454
schedule,2009-07-01,PRJ_NAME_8ab7e877d64c6511,0,0.5189715027809143
schedule,2009-07-01,PRJ_NAME_8ae3819b3f43f81d,0,0.16236437857151031
schedule,2009-07-01,PRJ_NAME_8b12c1c1d145c92c,0,0.8129485249519348
schedule,2009-07-01,PRJ_NAME_8b5d7350d4128d9a,0,0.09257286041975021
schedule,2009-07-01,PRJ_NAME_8bd10b08124a4095,0,0.11226944625377655
schedule,2009-07-01,PRJ_NAME_8be7ca9862134d65,0,0.34186670184135437
schedule,2009-07-01,PRJ_NAME_8c97fd376f152558,0,0.19260787963867188
schedule,2009-07-01,PRJ_NAME_8cbf7fe2db2e06c4,0,0.1428825706243515
schedule,2009-07-01,PRJ_NAME_8dcd08dfd81e91ba,0,0.363207072019577
schedule,2009-07-01,PRJ_NAME_900650a7b2bd003f,0,0.22772333025932312
schedule,2009-07-01,PRJ_NAME_9124e743c95fcdfd,0,0.20715834200382233
schedule,2009-07-01,PRJ_NAME_936a972c38503df1,0,0.7643593549728394
schedule,2009-07-01,PRJ_NAME_94200e840d34aac7,0,0.8391437530517578
schedule,2009-07-01,PRJ_NAME_948f0338c1455029,0,0.8466660380363464
schedule,2009-07-01,PRJ_NAME_94aa47edacafbdc0,0,0.4158594012260437
schedule,2009-07-01,PRJ_NAME_95239e307b9972c8,0,0.17616356909275055
schedule,2009-07-01,PRJ_NAME_9589768b96002ace,0,0.23746605217456818
schedule,2009-07-01,PRJ_NAME_958f5742195aba52,0,0.5285285711288452
schedule,2009-07-01,PRJ_NAME_97175a0bf58860dd,0,0.2572852671146393
schedule,2009-07-01,PRJ_NAME_9785a70d227b0561,0,0.34604987502098083
schedule,2009-07-01,PRJ_NAME_97b6f7489a4660c4,0,0.32108649611473083
schedule,2009-07-01,PRJ_NAME_97ed5e02577c1519,0,0.12796039879322052
schedule,2009-07-01,PRJ_NAME_97eebbdb1660a78f,0,0.1439121812582016
schedule,2009-07-01,PRJ_NAME_98849f27897d2b4a,0,0.2588944733142853
schedule,2009-07-01,PRJ_NAME_98df68b03362bd89,0,0.40515008568763733
schedule,2009-07-01,PRJ_NAME_994deea3959e14e8,0,0.15731249749660492
schedule,2009-07-01,PRJ_NAME_9c4eb4d2eb8f9719,0,0.6846324801445007
schedule,2009-07-01,PRJ_NAME_9cf4b63998e32324,0,0.7611466646194458
schedule,2009-07-01,PRJ_NAME_9d0e19b63480a819,0,0.5086930990219116
schedule,2009-07-01,PRJ_NAME_9d46629b18b18a13,0,0.4025590717792511
schedule,2009-07-01,PRJ_NAME_9d9a1e808d287228,0,0.434034138917923
schedule,2009-07-01,PRJ_NAME_9dcbefefed4f1065,0,0.693849503993988
schedule,2009-07-01,PRJ_NAME_9f96903f754912ec,0,0.5751822590827942
schedule,2009-07-01,PRJ_NAME_a08949c95f5f94e4,0,0.6273360252380371
schedule,2009-07-01,PRJ_NAME_a0a5f3764ae5f253,0,0.06600649654865265
schedule,2009-07-01,PRJ_NAME_a21ffd430f8ddb3e,0,0.14159387350082397
schedule,2009-07-01,PRJ_NAME_a28726e807976d7c,0,0.06589685380458832
schedule,2009-07-01,PRJ_NAME_a2b6086beac12343,0,0.3082212805747986
schedule,2009-07-01,PRJ_NAME_a335e78099c07d4e,0,0.4616968035697937
schedule,2009-07-01,PRJ_NAME_a3b710cb5e7fd128,0,0.46575650572776794
schedule,2009-07-01,PRJ_NAME_a471cb9e66706d2c,0,0.30823928117752075
schedule,2009-07-01,PRJ_NAME_a4a118c53f027fd8,0,0.6436011791229248
schedule,2009-07-01,PRJ_NAME_a5facf55cd81ec6a,0,0.6145021915435791
schedule,2009-07-01,PRJ_NAME_a72ff560bd409bf5,0,0.3265402615070343
schedule,2009-07-01,PRJ_NAME_a8681fc4ddd077de,0,0.5855044722557068
schedule,2009-07-01,PRJ_NAME_a937cfc9af78ada5,0,0.14811158180236816
schedule,2009-07-01,PRJ_NAME_a9b6a1b29fb44b4d,0,0.098653145134449
schedule,2009-07-01,PRJ_NAME_aa6d473f6b178563,0,0.35720306634902954
schedule,2009-07-01,PRJ_NAME_aab2ef5b914f61c7,0,0.32684051990509033
schedule,2009-07-01,PRJ_NAME_ab33d551bf7a3428,0,0.564984142780304
schedule,2009-07-01,PRJ_NAME_abb3e384d5e3e17e,0,0.309915155172348
schedule,2009-07-01,PRJ_NAME_ad205b50262bd00e,0,0.16610771417617798
schedule,2009-07-01,PRJ_NAME_ad65def7cbb4d220,0,0.3285059332847595
schedule,2009-07-01,PRJ_NAME_ae2b69d71915b759,0,0.4325176179409027
schedule,2009-07-01,PRJ_NAME_ae82fd1ce70d12ac,0,0.29651686549186707
schedule,2009-07-01,PRJ_NAME_af0c9f115b647286,0,0.3090660572052002
schedule,2009-07-01,PRJ_NAME_af3fa3c68578f729,0,0.0564015693962574
schedule,2009-07-01,PRJ_NAME_b00eed3c08be17ae,0,0.22388330101966858
schedule,2009-07-01,PRJ_NAME_b0f1e855a7bac204,0,0.7134812474250793
schedule,2009-07-01,PRJ_NAME_b0f97810618292a9,0,0.2549731135368347
schedule,2009-07-01,PRJ_NAME_b1512f76653de237,0,0.45180854201316833
schedule,2009-07-01,PRJ_NAME_b17ee7cc2a899525,0,0.06904467195272446
schedule,2009-07-01,PRJ_NAME_b2d22b803981eee8,0,0.44359755516052246
schedule,2009-07-01,PRJ_NAME_b40ff97098e1aefe,0,0.03710509091615677
schedule,2009-07-01,PRJ_NAME_b4cc5ce51e200cdf,0,0.13036082684993744
schedule,2009-07-01,PRJ_NAME_b6e5fd16af47d146,0,0.27338704466819763
schedule,2009-07-01,PRJ_NAME_b8fbf98a7f8bce67,0,0.22208577394485474
schedule,2009-07-01,PRJ_NAME_b969a4926f8d8a05,0,0.11423785239458084
schedule,2009-07-01,PRJ_NAME_b9a77c955d8cbf20,0,0.21610763669013977
schedule,2009-07-01,PRJ_NAME_baf6c8857483bc18,0,0.03689735010266304
schedule,2009-07-01,PRJ_NAME_bc352f64c9c9ab99,0,0.5205301642417908
schedule,2009-07-01,PRJ_NAME_bd212f548385f223,0,0.14279866218566895
schedule,2009-07-01,PRJ_NAME_bddbb3270d5e7de5,0,0.1460038423538208
schedule,2009-07-01,PRJ_NAME_be49f9610c811e3b,0,0.768975019454956
schedule,2009-07-01,PRJ_NAME_be4dd8e59fd70e64,0,0.6196271777153015
schedule,2009-07-01,PRJ_NAME_be77bfadf345a933,0,0.6527745127677917
schedule,2009-07-01,PRJ_NAME_bef6e5f20fc79cc6,0,0.15853971242904663
schedule,2009-07-01,PRJ_NAME_bfd6c00eaa9b89cf,0,0.10934507846832275
schedule,2009-07-01,PRJ_NAME_c0956183b9a97e85,0,0.7634297013282776
schedule,2009-07-01,PRJ_NAME_c0ac792752076ad2,0,0.1276455670595169
schedule,2009-07-01,PRJ_NAME_c1aba92cd17a7067,0,0.83389812707901
schedule,2009-07-01,PRJ_NAME_c275be77f0a071f0,0,0.3118780553340912
schedule,2009-07-01,PRJ_NAME_c3a228e23032a307,0,0.33823832869529724
schedule,2009-07-01,PRJ_NAME_c65a7db8a155f444,0,0.8018937110900879
schedule,2009-07-01,PRJ_NAME_c7e53cfcad1b1c5e,0,0.10644198954105377
schedule,2009-07-01,PRJ_NAME_c8104187879f677a,0,0.08427750319242477
schedule,2009-07-01,PRJ_NAME_c8ae5b47197f2cbd,0,0.25121617317199707
schedule,2009-07-01,PRJ_NAME_c978cc150aff8427,0,0.22508856654167175
schedule,2009-07-01,PRJ_NAME_c9dbf1d24a76b25d,0,0.12051869183778763
schedule,2009-07-01,PRJ_NAME_ccbbbdd77851b17f,0,0.2682630121707916
schedule,2009-07-01,PRJ_NAME_cd3f28bade7cdf3f,0,0.2056751251220703
schedule,2009-07-01,PRJ_NAME_cd9457461186cc7f,0,0.322252482175827
schedule,2009-07-01,PRJ_NAME_cdcae6a1e043703c,0,0.21611855924129486
schedule,2009-07-01,PRJ_NAME_cde12345f84a4a3f,0,0.2010268270969391
schedule,2009-07-01,PRJ_NAME_ce02d7c9233b7b2b,0,0.42818552255630493
schedule,2009-07-01,PRJ_NAME_ce28e0c01122d9a3,0,0.27060645818710327
schedule,2009-07-01,PRJ_NAME_ce5016dbd135ec16,0,0.3005719482898712
schedule,2009-07-01,PRJ_NAME_cea26f1d15aba1f9,0,0.04936512932181358
schedule,2009-07-01,PRJ_NAME_cfd12cd330968342,0,0.11121964454650879
schedule,2009-07-01,PRJ_NAME_cfd4b764bee5cea2,0,0.6773696541786194
schedule,2009-07-01,PRJ_NAME_d0770c683a90a62d,0,0.24282300472259521
schedule,2009-07-01,PRJ_NAME_d0878df8cfcdf42f,0,0.2992938160896301
schedule,2009-07-01,PRJ_NAME_d1393c6cc2e166bc,0,0.4837660491466522
schedule,2009-07-01,PRJ_NAME_d13dd04a176c25c0,0,0.15339621901512146
schedule,2009-07-01,PRJ_NAME_d18924e42365941a,0,0.12029407173395157
schedule,2009-07-01,PRJ_NAME_d24144e6f0823613,0,0.31144827604293823
schedule,2009-07-01,PRJ_NAME_d3afd09bf7ff8e81,0,0.614972710609436
schedule,2009-07-01,PRJ_NAME_d4286f28b16dd5a1,0,0.27393072843551636
schedule,2009-07-01,PRJ_NAME_d445a5d5362052c6,0,0.14985528588294983
schedule,2009-07-01,PRJ_NAME_d451cd9406956965,0,0.26161330938339233
schedule,2009-07-01,PRJ_NAME_d4f1b277d89fa84d,0,0.2552730143070221
schedule,2009-07-01,PRJ_NAME_d5f128d4a5054966,0,0.46014130115509033
schedule,2009-07-01,PRJ_NAME_d9a2644b07dd9609,0,0.2869555652141571
schedule,2009-07-01,PRJ_NAME_d9abd1f8dd32a440,0,0.199571430683136
schedule,2009-07-01,PRJ_NAME_d9ceec3704103ade,0,0.12550224363803864
schedule,2009-07-01,PRJ_NAME_da2989779a8ff72c,0,0.22944819927215576
schedule,2009-07-01,PRJ_NAME_da5ec8a0b84f42c9,0,0.1861005276441574
schedule,2009-07-01,PRJ_NAME_da983b82e27b4901,0,0.16190993785858154
schedule,2009-07-01,PRJ_NAME_dab1c247fc9689d6,0,0.39601102471351624
schedule,2009-07-01,PRJ_NAME_dc0399f98d01b775,0,0.10962799936532974
schedule,2009-07-01,PRJ_NAME_dc3bcf024b79a8b1,0,0.3965245187282562
schedule,2009-07-01,PRJ_NAME_dcc1ad452b4d494f,0,0.19453659653663635
schedule,2009-07-01,PRJ_NAME_de0e3def822551a6,0,0.33762961626052856
schedule,2009-07-01,PRJ_NAME_de4691d50c7854e9,0,0.4575215280056
schedule,2009-07-01,PRJ_NAME_de988147e22ef9e9,0,0.3082212805747986
schedule,2009-07-01,PRJ_NAME_e040a7f92ba61461,0,0.5959036946296692
schedule,2009-07-01,PRJ_NAME_e2670cace03ef113,1,0.8295274376869202
schedule,2009-07-01,PRJ_NAME_e29ab136f3a33626,0,0.3550286293029785
schedule,2009-07-01,PRJ_NAME_e3b98145bde44d46,0,0.1428825706243515
schedule,2009-07-01,PRJ_NAME_e49f43acc263936a,0,0.2864668369293213
schedule,2009-07-01,PRJ_NAME_e6273761e3813498,0,0.11658204346895218
schedule,2009-07-01,PRJ_NAME_e62fcb5fa64380ee,0,0.46382126212120056
schedule,2009-07-01,PRJ_NAME_e633f015dd0714c6,0,0.6322816014289856
schedule,2009-07-01,PRJ_NAME_e703030c25d32ad8,0,0.5002120733261108
schedule,2009-07-01,PRJ_NAME_e7d78ebc7862a984,0,0.7254228591918945
schedule,2009-07-01,PRJ_NAME_e84f668cb9ad9062,0,0.696324348449707
schedule,2009-07-01,PRJ_NAME_e86ebf75d270663b,0,0.15285736322402954
schedule,2009-07-01,PRJ_NAME_e8dc1ea5468f8536,0,0.2729295790195465
schedule,2009-07-01,PRJ_NAME_e96e2471ac2f3b45,0,0.19453659653663635
schedule,2009-07-01,PRJ_NAME_e9b6b723340d4c91,0,0.405898779630661
schedule,2009-07-01,PRJ_NAME_e9fe972727df6e0b,1,0.3440955579280853
schedule,2009-07-01,PRJ_NAME_ea175320bc252402,0,0.584843635559082
schedule,2009-07-01,PRJ_NAME_ea1e86cb1e4986d2,0,0.5483629703521729
schedule,2009-07-01,PRJ_NAME_ebc6dcee9d022d3a,0,0.2647330164909363
schedule,2009-07-01,PRJ_NAME_ed6774d8331350b8,0,0.22411273419857025
schedule,2009-07-01,PRJ_NAME_ee3707ee0a1cef17,0,0.10489076375961304
schedule,2009-07-01,PRJ_NAME_ef0a5bc216b10675,0,0.1614687144756317
schedule,2009-07-01,PRJ_NAME_efcf5742fcf89d7b,0,0.2904721200466156
schedule,2009-07-01,PRJ_NAME_f1300fa6308aca5a,0,0.5472617149353027
schedule,2009-07-01,PRJ_NAME_f3c8c655dd569e68,0,0.5311108231544495
schedule,2009-07-01,PRJ_NAME_f624496644477d91,0,0.1363857537508011
schedule,2009-07-01,PRJ_NAME_f786e2a7af40255c,0,0.47502559423446655
schedule,2009-07-01,PRJ_NAME_f84ae1a96a985b34,0,0.48808252811431885
schedule,2009-07-01,PRJ_NAME_f8eaa312aa060cb3,0,0.23654824495315552
schedule,2009-07-01,PRJ_NAME_f981eaa612067a1b,0,0.4358072578907013
schedule,2009-07-01,PRJ_NAME_fa536ba1d3d92a1b,0,0.15538419783115387
schedule,2009-07-01,PRJ_NAME_fb19344c6251c9fb,0,0.6643387079238892
schedule,2009-07-01,PRJ_NAME_fbf574116d1dd49f,0,0.1629912555217743
schedule,2009-07-01,PRJ_NAME_fc292aca755942af,0,0.4256979525089264
schedule,2009-07-01,PRJ_NAME_fd1dea69b6da9e70,0,0.5770352482795715
schedule,2009-07-01,PRJ_NAME_fd8d3d06b187c533,0,0.1423293650150299
schedule,2009-07-01,PRJ_NAME_fe67148516aa3153,0,0.4708193838596344
schedule,2009-07-01,PRJ_NAME_ff205b5be130a40a,0,0.17266163229942322
schedule,2009-07-01,PRJ_NAME_ffd0b9ce6984e556,0,0.40843525528907776
