observation_id,project_id,project_code,serial_no,project_name,agency,state,sector,report_date,approval_date,approval_date_revised,original_cost_crore,revised_cost_crore,anticipated_cost_crore,cost_overrun_original_crore,cost_overrun_revised_crore,cumulative_expenditure_crore,original_completion_date,revised_completion_date,anticipated_completion_date,time_overrun_original_months,time_overrun_revised_months,additional_delay_months,milestones_achieved,milestones_total,physical_progress_pct,delay_reason,status,source.report,source.table,source.page,source.serial_no
FR_201109_001,,020100044,1,"PROTOTYPE FAST BREEDER REACTOR (BHAVINI, 500 MWE) - BHAVNI,Tamil Nadu","BHAVINI, 500 MWE",,ATOMIC ENERGY,2011-09,2003-09,,3492.0,,5677.0,,,3240.5,2010-09,,2012-01,,,,8,80,,,,FR_SEP_2011.pdf,Sector-Wise analysis of projects,42,1
FR_201109_002,,N02000007,2,"URANIUM ORE MINE AND PROCESSING PLANT AT TUMMALAPA - UCIL,Andhra Pradesh",,,ATOMIC ENERGY,2011-09,2007-09,,1106.29,,1106.29,,,1000.7,2011-04,,2012-04,,,,0,1,,,,FR_SEP_2011.pdf,Sector-Wise analysis of projects,42,2
FR_201109_003,,020100040,3,"KUDANKULAM APP (NPCIL) - NPCIL,Tamil Nadu",NPCIL,,ATOMIC ENERGY,2011-09,2001-12,,13171.0,,15824.0,,,14054.0,2008-12,,2012-08,,,,61,119,,,,FR_SEP_2011.pdf,Sector-Wise analysis of projects,42,3
FR_201109_004,,N02000010,4,"KAKRAPAR ATOMIC POWER PROJECT - 3&4 - NPCIL,Gujarat Total",,,ATOMIC ENERGY,2011-09,2009-10,,11459.0,29228.29,11459.0,,,1001.0,2015-12,2016-05,2016-11,,,,0,70,,,,FR_SEP_2011.pdf,Sector-Wise analysis of projects,42,4
FR_201109_005,,N04000038,5,"D/O KAMARAJ DOMESTIC TER-PH-II And EXP. ANNA INT. - AAI,Tamil Nadu",,,CIVIL AVIATION,2011-09,2008-08,,1273.0,2015.0,2015.0,,,940.61,2011-01,,2011-12,,,,0,0,,,,FR_SEP_2011.pdf,Sector-Wise analysis of projects,42,5
FR_201109_006,,N04000037,6,"C/O INTEGRATED PASSENGER TER. BULD. NSCBI AIRPORT - AAI,West Bengal",,,CIVIL AVIATION,2011-09,2008-08,,1942.51,,2325.0,,,1391.83,2011-05,,2012-03,,,,0,0,,,,FR_SEP_2011.pdf,Sector-Wise analysis of projects,42,6
FR_201109_007,,N04000069,7,"Construction of New International Terminal Building - AAI,Goa",,,CIVIL AVIATION,2011-09,2010-05,,204.73,,204.73,,,48.41,2012-05,,2012-05,,,,0,0,,,,FR_SEP_2011.pdf,Sector-Wise analysis of projects,42,7
FR_201109_008,,N04000050,8,"C/o new Airport at Pakyong(Sikkim) Airport - AAI,Sikkim",Sikkim,,CIVIL AVIATION,2011-09,2009-01,,309.4,,264.29,,,153.38,2011-01,,2012-12,,,,0,0,,,,FR_SEP_2011.pdf,Sector-Wise analysis of projects,42,8
FR_201109_009,,N04000065,9,"GAGAN PROJECT - AAI,Multi State Total",,,CIVIL AVIATION,2011-09,2008-09,,393.6,4123.24,626.0,,,324.99,2013-06,,2013-06,,,,0,0,,,,FR_SEP_2011.pdf,Sector-Wise analysis of projects,42,9
FR_201109_010,,060100089,10,"BARSINGSAR TPS (2X125MW) (NLC) - NLC,Rajasthan",NLC,,COAL,2011-09,2004-12,,1114.18,1626.09,1626.09,,,1654.84,2009-06,,2011-10,,,,59,26,,,,FR_SEP_2011.pdf,Sector-Wise analysis of projects,42,10
FR_201109_011,,060100092,11,"KULDA OCP (MAHANADI COALFIELDS LTD.) - MCL,Orissa",MAHANADI COALFIELDS LTD.,,COAL,2011-09,2005-01,,302.96,,302.96,,,,2010-03,,2012-03,,,,9,11,,,,FR_SEP_2011.pdf,Sector-Wise analysis of projects,42,11
FR_201109_012,,060100096,12,"ASHOK EXPN.OCP -CCL (10 MTY) - CCL,Jharkhandd",10 MTY,,COAL,2011-09,2006-04,,471.66,341.63,341.63,,,101.43,2011-03,2012-03,2012-03,,,,0,2,,,,FR_SEP_2011.pdf,Sector-Wise analysis of projects,42,12
FR_201109_013,,N06000033,13,"NIGAHI OC EXPANSION PROJECT 10 MTY TO 15 MTY, SINGRAULI - NCL,Madhya pradesh",,,COAL,2011-09,2007-10,,259.4,27.0,259.4,,,1.51,2012-03,2012-03,2012-03,,,,0,1,,,,FR_SEP_2011.pdf,Sector-Wise analysis of projects,42,13
FR_201109_014,,N06000044,14,"BALRAM OCP EXTENSION, MCL (8.00 Mty) - MCL,Orissa",8.00 Mty,,COAL,2011-09,2007-12,,172.08,,172.08,,,,,,2012-03,,,,4,4,,,,FR_SEP_2011.pdf,Sector-Wise analysis of projects,43,14
FR_201109_015,,N06000067,15,"ANANTA OC EXPANSION PH-III (15.0 Mty) - MCL,Orissa",15.0 Mty,,COAL,2011-09,2008-08,,207.28,,207.28,,,67.9,,,2012-03,,,,5,7,,,,FR_SEP_2011.pdf,Sector-Wise analysis of projects,43,15
FR_201109_016,,N06000078,16,"RAMAGUNDAM OC-II EXTENSION - SCCL,Andhra Pradesh",,,COAL,2011-09,2009-12,,418.97,,418.97,,,77.51,2012-03,,2012-03,,,,28,27,,,,FR_SEP_2011.pdf,Sector-Wise analysis of projects,43,16
FR_201109_017,,N06000080,17,"MANUGURU OC-II EXTENSION PHASE-II - SCCL,Andhra Pradesh",,,COAL,2011-09,2010-03,,181.19,,181.19,,,21.2,2012-03,,2012-03,,,,10,34,,,,FR_SEP_2011.pdf,Sector-Wise analysis of projects,43,17
FR_201109_018,,060100087,18,"TPS-II EXPANSION (1470MW TO 1970MW) (NLC) - NLC,Tamil Nadu",NLC,,COAL,2011-09,2004-10,,2030.78,2453.57,2453.57,,,2275.41,2009-06,,2012-05,,,,60,24,,,,FR_SEP_2011.pdf,Sector-Wise analysis of projects,43,18
FR_201109_019,,N06000047,19,"TUTICORIN THERMAL POWER PROJECT - NLC,Tamil Nadu",,,COAL,2011-09,2008-05,,4904.54,4909.54,4909.54,,,2079.84,,,2013-02,,,,0,6,,,,FR_SEP_2011.pdf,Sector-Wise analysis of projects,43,19
FR_201109_020,,N06000007,20,"KRISHNASHILA (NCL) (4MTY) - NCL,Madhya pradesh",4MTY,,COAL,2011-09,2006-05,,789.88,,741.62,,,143.22,2010-03,,2013-03,,,,0,2,,,,FR_SEP_2011.pdf,Sector-Wise analysis of projects,43,20
FR_201109_021,,N06000008,21,"KUSMUNDA EXPN.OCP(SECL)(10- 15MTY) - SECL,Chhatisgarh",10- 15MTY,,COAL,2011-09,2006-06,,737.65,,1188.31,,,569.78,,,2013-03,,,,0,8,,,,FR_SEP_2011.pdf,Sector-Wise analysis of projects,43,21
FR_201109_022,,N06000035,22,"KANIHA OCP, MCL, (10.0 Mty) - MCL,Orissa",10.0 Mty,,COAL,2011-09,2007-12,,457.77,,457.77,,,,,,2013-03,,,,6,11,,,,FR_SEP_2011.pdf,Sector-Wise analysis of projects,43,22
FR_201109_023,,N06000068,23,"HINGULA OC-II EXP. PH-III (15 MTY) - MCL,Orissa",15 MTY,,COAL,2011-09,2008-11,,475.93,,479.63,,,71.65,,,2013-03,,,,5,7,,,,FR_SEP_2011.pdf,Sector-Wise analysis of projects,43,23
FR_201109_024,,N06000085,24,"Purnadih OCP - CCL,Jharkhandd",,,COAL,2011-09,2008-07,,210.98,,210.98,,,24.25,2013-03,,2013-03,,,,0,2,,,,FR_SEP_2011.pdf,Sector-Wise analysis of projects,43,24
FR_201109_025,,N06000016,25,"ADRIYALA SHAFT PROJECT - SCCL,Andhra Pradesh",,,COAL,2011-09,2006-09,,212.34,779.26,779.26,,,197.88,2013-03,2012-09,2013-12,,,,2,22,,,,FR_SEP_2011.pdf,Sector-Wise analysis of projects,43,25
FR_201109_026,,060100093,26,"GEVRA EXPANSION OCP (SECL) (25 MTY) - SECL,Chhatisgarh",25 MTY,,COAL,2011-09,2005-07,,1667.55,,2675.67,,,1267.89,2010-03,,2014-03,,,,3,15,,,,FR_SEP_2011.pdf,Sector-Wise analysis of projects,43,26
FR_201109_027,,060100094,27,"DIPKA EXPANSION OCP (SECL) (20- SECL,Chhatisgarh",SECL,,COAL,2011-09,2005-07,,1268.53,,1943.66,,,1090.84,2010-03,,2014-03,,,,2,13,,,,FR_SEP_2011.pdf,Sector-Wise analysis of projects,43,27
FR_201109_028,,N06000019,28,"BINA EXTN. PROJ(6.0 Mtpa) - NCL,Multi State",6.0 Mtpa,,COAL,2011-09,2006-11,,168.97,,168.97,,,37.71,2014-03,,2014-03,,,,1,2,,,,FR_SEP_2011.pdf,Sector-Wise analysis of projects,43,28
FR_201109_029,,N06000046,29,"CHURCHA RO UG (1.35MTY) - SECL,Chhatisgarh",1.35MTY,,COAL,2011-09,2008-06,,462.35,,462.35,,,257.3,,,2014-03,,,,0,4,,,,FR_SEP_2011.pdf,Sector-Wise analysis of projects,43,29
FR_201109_030,,N06000056,30,"RAJMAHAL OC EXP. - ECL,Multi State",,,COAL,2011-09,2006-02,,50.08,153.82,153.82,,,19.49,2011-03,,2014-03,,,,0,3,,,,FR_SEP_2011.pdf,Sector-Wise analysis of projects,43,30
FR_201109_031,,N06000076,31,"KARTALI (EAST) OCP(2.50 MTY) - SECL,Chhatisgarh",2.50 MTY,,COAL,2011-09,2008-07,,178.44,,178.44,,,,2014-03,,2014-03,,,,0,1,,,,FR_SEP_2011.pdf,Sector-Wise analysis of projects,43,31
FR_201109_032,,N06000081,32,"MANIKPUR OC EXPANTION (3.50 MTY) - SECL,Chhatisgarh",3.50 MTY,,COAL,2011-09,2009-11,,321.42,,321.5,,,203.09,,,2014-03,,,,0,5,,,,FR_SEP_2011.pdf,Sector-Wise analysis of projects,43,32
FR_201109_033,,N06000083,33,"Churi Benti UG - CCL,Jharkhandd",,,COAL,2011-09,2007-06,,163.51,,163.51,,,33.57,2011-03,2012-03,2014-03,,,,0,2,,,,FR_SEP_2011.pdf,Sector-Wise analysis of projects,43,33
FR_201109_034,,N06000084,34,"North Urimari OCP - CCL,Jharkhandd",,,COAL,2011-09,2007-12,,179.87,,179.87,,,66.45,2012-03,2012-03,2014-03,,,,0,2,,,,FR_SEP_2011.pdf,Sector-Wise analysis of projects,43,34
FR_201109_035,,N06000086,35,"Tapin OCP - CCL,Jharkhandd",,,COAL,2011-09,2008-08,,264.68,28.0,264.68,,,76.05,2012-03,2013-03,2014-03,,,,0,2,,,,FR_SEP_2011.pdf,Sector-Wise analysis of projects,43,35
FR_201109_036,,N06000088,36,"KARMA OCP - CCL,Jharkhandd",,,COAL,2011-09,2009-06,,162.46,,162.46,,,26.36,2014-03,,2014-03,,,,0,0,,,,FR_SEP_2011.pdf,Sector-Wise analysis of projects,44,36
FR_201109_037,,N06000066,37,"PENGANGA OC - WCL,Orissa",,,COAL,2011-09,2008-10,,339.77,,339.77,,,0.65,,,2014-10,,,,1,1,,,,FR_SEP_2011.pdf,Sector-Wise analysis of projects,44,37
FR_201109_038,,N06000009,38,"BLOCK-B OCP NCL (3.5 MTY) - NCL,Madhya pradesh",3.5 MTY,,COAL,2011-09,2006-06,,746.04,,535.1,,,139.85,2012-03,,2015-03,,,,0,2,,,,FR_SEP_2011.pdf,Sector-Wise analysis of projects,44,38
FR_201109_039,,N06000020,39,"JHANJRA R-VI SEAM PSLW - ECL,West Bengal",,,COAL,2011-09,2006-11,,287.18,,287.17,,,,2011-03,,2015-03,,,,1,5,,,,FR_SEP_2011.pdf,Sector-Wise analysis of projects,44,39
FR_201109_040,,N06000042,40,"GOPAL PRASAD OCP - MCL,Orissa",,,COAL,2011-09,2008-02,,395.87,,395.87,,,,,,2015-03,,,,2,12,,,,FR_SEP_2011.pdf,Sector-Wise analysis of projects,44,40
FR_201109_041,,N06000045,41,"PELMA OCP(10.00MTY) - SECL,Chhatisgarh",10.00MTY,,COAL,2011-09,2008-07,,448.32,,448.32,,,,2015-03,,2015-03,,,,0,1,,,,FR_SEP_2011.pdf,Sector-Wise analysis of projects,44,41
FR_201109_042,,N06000048,42,"KAKATIYA LAONGWALL - SCCL,Multi State",,,COAL,2011-09,2008-12,,453.63,,453.63,,,68.86,2012-12,,2015-03,,,,11,44,,,,FR_SEP_2011.pdf,Sector-Wise analysis of projects,44,42
FR_201109_043,,N06000049,43,"Batura OCP (2.0 MTY) - SECL,Madhya pradesh",2.0 MTY,,COAL,2011-09,2008-09,,203.82,,203.82,,,,2015-03,,2015-03,,,,0,1,,,,FR_SEP_2011.pdf,Sector-Wise analysis of projects,44,43
FR_201109_044,,N06000075,44,"JAGANNATHPUR OCP(3.00 MTY) - SECL,Chhatisgarh",3.00 MTY,,COAL,2011-09,2008-09,,152.43,,152.43,,,,2015-03,,2015-03,,,,0,1,,,,FR_SEP_2011.pdf,Sector-Wise analysis of projects,44,44
FR_201109_045,,N06000079,45,"RKP OCP PHASE-I - SCCL,Uttaranchal",,,COAL,2011-09,2010-03,,209.78,,209.78,,,18.17,2015-03,,2015-03,,,,4,31,,,,FR_SEP_2011.pdf,Sector-Wise analysis of projects,44,45
FR_201109_046,,N06000089,46,"Kistaram OCP - SCCL,Andhra Pradesh",,,COAL,2011-09,2010-11,,242.29,,242.29,,,,2015-03,,2015-03,,,,0,28,,,,FR_SEP_2011.pdf,Sector-Wise analysis of projects,44,46
FR_201109_047,,N06000093,47,"RCE OF INDARAM OCP(1.20 MTPA) - SCCL,Andhra Pradesh",1.20 MTPA,,COAL,2011-09,2011-07,,162.76,,162.76,,,1.14,2015-03,,2015-03,,,,0,0,,,,FR_SEP_2011.pdf,Sector-Wise analysis of projects,44,47
FR_201109_048,,N06000010,48,"AMLOHRI EPR (NCL) (6 MTY) - NCL,Madhya pradesh",6 MTY,,COAL,2011-09,2006-05,,1352.04,1143.54,1143.54,,,211.5,2014-03,,2016-03,,,,1,2,,,,FR_SEP_2011.pdf,Sector-Wise analysis of projects,44,48
FR_201109_049,,N06000015,49,"MAGADH OC (CCL) - CCL,Jharkhandd",CCL,,COAL,2011-09,2006-07,,469.78,706.4,706.4,,,16.21,2012-07,2014-03,2016-03,,,,0,2,,,,FR_SEP_2011.pdf,Sector-Wise analysis of projects,44,49
FR_201109_050,,N06000043,50,"TALABIRA OCP - MCL,Orissa",,,COAL,2011-09,2008-03,,447.72,,447.72,,,,,,2016-03,,,,1,12,,,,FR_SEP_2011.pdf,Sector-Wise analysis of projects,44,50
FR_201109_051,,N06000082,51,"AMLAI OC EXPANSION SECTOR 'B' (1.50 MTY) - SECL,Chhatisgarh",1.50 MTY,,COAL,2011-09,2009-11,,198.59,,198.59,,,90.25,2016-03,,2016-03,,,,0,1,,,,FR_SEP_2011.pdf,Sector-Wise analysis of projects,44,51
FR_201109_052,,N06000087,52,"Rajrappa RCE OCP - CCL,Jharkhandd",,,COAL,2011-09,2009-12,,510.85,,510.85,,,290.44,2016-03,,2016-03,,,,0,2,,,,FR_SEP_2011.pdf,Sector-Wise analysis of projects,44,52
FR_201109_053,,N06000034,53,"BHUBANESWARI OCP, MCL (20.0 Mty) - MCL,Orissa",20.0 Mty,,COAL,2011-09,2007-12,,490.0,,490.1,,,94.23,,,2017-03,,,,6,12,,,,FR_SEP_2011.pdf,Sector-Wise analysis of projects,44,53
FR_201109_054,,N06000091,54,"KHADIA EXPANSION OPENCAST PROJECT(4 TO 10 MTPA,6MT - NCL,Uttar Pradesh",,,COAL,2011-09,2011-06,,1131.28,1131.28,1131.28,,,,2018-03,,2018-03,,,,0,0,,,,FR_SEP_2011.pdf,Sector-Wise analysis of projects,44,54
FR_201109_055,,N06000094,55,"JALAGAM VENGALA RAO OCP - SCCL,Andhra Pradesh",,,COAL,2011-09,2011-07,,447.06,,447.06,,,,2015-03,,,,,,0,0,,,,FR_SEP_2011.pdf,Sector-Wise analysis of projects,44,55
FR_201109_056,,N06000017,56,"SHANTIKHANI LONGWALL PROJ- SCCL - SCCL,Andhra Pradesh",,,COAL,2011-09,2006-10,,249.03,,249.03,,,40.04,2012-03,2012-03,,,,,13,42,,,,FR_SEP_2011.pdf,Sector-Wise analysis of projects,44,56
FR_201109_057,,N06000025,57,"JALLARAM SHAFT PROJECT - SCCL,Andhra Pradesh Total",,,COAL,2011-09,2013-03,,467.78,27241.47,467.78,,,12.31,2013-03,2013-03,,,,,0,83,,,,FR_SEP_2011.pdf,Sector-Wise analysis of projects,44,57
FR_201109_058,,N08000003,58,"THAL AMMONIA REVAMP PROJECT - RCF,Haryana",,,FERTILISERS,2011-09,2009-01,,488.75,,488.75,,,178.07,2011-11,,2011-11,,,,4,22,,,,FR_SEP_2011.pdf,Sector-Wise analysis of projects,45,58
FR_201109_059,,N08000007,59,"CAPACITY ENHANCEMENT OF VIJAIPUR-I PLANTS - NFL,Madhya pradesh",,,FERTILISERS,2011-09,2008-09,,325.0,,325.0,,,84.31,2011-07,,2011-11,,,,0,0,,,,FR_SEP_2011.pdf,Sector-Wise analysis of projects,45,59
FR_201109_060,,N08000008,60,"CAPACITY ENHANCEMENT OF AMMONIA AND UREA PLANT VIJ - NFL,Madhya pradesh",,,FERTILISERS,2011-09,2008-09,,438.0,,438.0,,,105.79,2011-07,,2012-03,,,,0,0,,,,FR_SEP_2011.pdf,Sector-Wise analysis of projects,45,60
FR_201109_061,,N08000004,61,"PANIPAT - AMMONIA PLANT FEEDSTOCK CHANGEOVER PROJE - NFL,Haryana",,,FERTILISERS,2011-09,2010-01,,1292.84,,1292.84,,,175.88,2013-01,,2013-01,,,,0,5,,,,FR_SEP_2011.pdf,Sector-Wise analysis of projects,45,61
FR_201109_062,,N08000005,62,"BATHINDA - AMMONIA PLANT FEEDSTOCK CHANGEOVER PROJ - NFL,Punjab",,,FERTILISERS,2011-09,2010-01,,1294.19,,1294.19,,,177.02,2013-01,,2013-01,,,,0,5,,,,FR_SEP_2011.pdf,Sector-Wise analysis of projects,45,62
FR_201109_063,,N08000006,63,"NANGAL - AMMONIA PLANT FEEDSTOCK PROJECT - NFL,Punjab Total",,,FERTILISERS,2011-09,2010-01,,1478.63,5317.41,1478.63,,,223.57,2012-12,,2013-01,,,,0,8,,,,FR_SEP_2011.pdf,Sector-Wise analysis of projects,45,63
FR_201109_064,,100100054,64,"SECOND PHASE EXPANSION OF CAPTIVE ALUMINIUM,SMELTER AND POWE - NALCO,Orissa Total",,,MINES,2011-09,2004-10,,4091.51,4401.76,4401.76,,,4144.0,2008-12,2011-01,2011-06,,,,117,110,,,,FR_SEP_2011.pdf,Sector-Wise analysis of projects,45,64
FR_201109_065,,N12000023,65,"700TPD ARI SEPARATION UNIT-4 AT OXYGEN PLANT-II, BHILLAI - SAIL,Chhatisgarh",,,STEEL,2011-09,2007-07,,111.28,232.93,232.93,,,168.27,,,2011-10,,,,0,1,,,,FR_SEP_2011.pdf,Sector-Wise analysis of projects,45,65
FR_201109_066,,N12000055,66,"EXPANSION OF BOKARO STEEL PLANT - SAIL,Jharkhandd",,,STEEL,2011-09,2008-01,,3316.0,6325.0,6325.0,,,2109.69,2011-12,,2011-12,,,,0,11,,,,FR_SEP_2011.pdf,Sector-Wise analysis of projects,45,66
FR_201109_067,,N12000068,67,"67.5 MW TG-5 AUX. S'TEM EMERGENCY POWER REQUIREM - RINL,Andhra Pradesh",,,STEEL,2011-09,2007-07,,230.0,,343.58,,,234.15,2011-02,,2012-01,,,,2,3,,,,FR_SEP_2011.pdf,Sector-Wise analysis of projects,45,67
FR_201109_068,,N12000069,68,"330 TPH BOILER-6 AND AUXILIARY SYSTEM - RINL,Andhra Pradesh",,,STEEL,2011-09,2007-07,,260.0,,350.0,,,221.73,2010-08,,2012-01,,,,1,2,,,,FR_SEP_2011.pdf,Sector-Wise analysis of projects,45,68
FR_201109_069,,N12000018,69,"Bailadila Iron Ore Deposit- IIB(NMDC) - NMDC,Chhatisgarh",NMDC,,STEEL,2011-09,2007-01,,295.89,607.17,607.17,,,291.61,2011-12,,2012-03,,,,18,21,,,,FR_SEP_2011.pdf,Sector-Wise analysis of projects,45,69
FR_201109_070,,N12000053,70,"Augmentation of Iron Ore Storage in RMHP - RINL,Multi State",,,STEEL,2011-09,2008-05,,480.0,,460.0,,,130.64,2012-05,,2012-05,,,,1,2,,,,FR_SEP_2011.pdf,Sector-Wise analysis of projects,45,70
FR_201109_071,,N12000051,71,"EXPANSION OF IISCO STEEL PLANT - SAIL,West Bengal",,,STEEL,2011-09,2008-02,,14443.0,16408.0,16408.0,,,11272.0,2011-12,,2012-06,,,,6,14,,,,FR_SEP_2011.pdf,Sector-Wise analysis of projects,45,71
FR_201109_072,,120100067,72,"EXPANSION OF RINL/VSP FROM 3 MTPY-6.3 MTPY OF LIQUID STEEL - RINL,Andhra Pradesh",,,STEEL,2011-09,2005-10,,8692.0,12291.0,12291.0,,,8855.52,2009-10,2012-10,2012-10,,,,48,59,,,,FR_SEP_2011.pdf,Sector-Wise analysis of projects,45,72
FR_201109_073,,N12000038,73,"COKE OVEN BATTERY NO. 4 PHASE- II - RINL,Andhra Pradesh",,,STEEL,2011-09,2007-08,,108.0,,216.68,,,47.29,2012-10,,2012-10,,,,3,4,,,,FR_SEP_2011.pdf,Sector-Wise analysis of projects,46,73
FR_201109_074,,N12000057,74,"EXPANSION OF BHILAI STEEL PLANT - SAIL,Chhatisgarh",,,STEEL,2011-09,2008-09,,5185.0,17265.0,17265.0,,,3212.16,2013-03,,2013-03,,,,4,20,,,,FR_SEP_2011.pdf,Sector-Wise analysis of projects,46,74
FR_201109_075,,N12000072,75,"1.2 MTPA PELLET PLANT DONIMALAI - NMDC,Karnataka",,,STEEL,2011-09,2011-04,,572.0,,572.0,,,,2013-04,,2013-04,,,,0,0,,,,FR_SEP_2011.pdf,Sector-Wise analysis of projects,46,75
FR_201109_076,,N12000073,76,"7.0 MTPA KUMARASWAMY IRON ORE MINE - NMDC,Karnataka Total Petrochemicals",,,STEEL,2011-09,2011-02,,898.55,34591.72,898.55,,,26543.06,2013-05,,2013-05,,,,0,0,,,,FR_SEP_2011.pdf,Sector-Wise analysis of projects,46,76
FR_201109_077,,N16000106,77,"ASSAM GAS CRACKER PROJECT - BCPL,Assam Total",,,STEEL,2011-09,2006-04,,5460.61,5460.61,5460.61,,,3020.26,,,2012-04,,,,0,30,,,,FR_SEP_2011.pdf,Sector-Wise analysis of projects,46,77
FR_201109_078,,N16000096,78,"North Tapti Gas Field Development - ONGC,Multi State",,,PETROLEUM,2011-09,2008-07,,589.7,755.76,755.76,,,527.43,2011-03,2011-05,2011-06,,,,0,0,,,,FR_SEP_2011.pdf,Sector-Wise analysis of projects,46,78
FR_201109_079,,N16000102,79,"Integrated Sugar, Ethanol, Cogen Power Plant at Sugauli - HPCL,Bihar",,,PETROLEUM,2011-09,2009-06,,613.54,,727.88,,,671.52,2010-12,,2011-06,,,,0,0,,,,FR_SEP_2011.pdf,Sector-Wise analysis of projects,46,79
FR_201109_080,,N16000009,80,"DIESEL HYDRO TREATMENT PROJECT,BRPL DHALIGAON - BRPL,Assam",,,PETROLEUM,2011-09,2006-06,,1431.91,1646.39,1690.13,,,1596.8,2009-09,,2011-08,,,,0,0,,,,FR_SEP_2011.pdf,Sector-Wise analysis of projects,46,80
FR_201109_081,,N16000066,81,"CONSTRUCTION OF NEW TERMINAL AT ENNORE CHENNAI - HPCL,Tamil Nadu",,,PETROLEUM,2011-09,2008-01,,224.0,299.0,299.0,,,251.19,2011-02,2011-08,2011-08,,,,0,0,,,,FR_SEP_2011.pdf,Sector-Wise analysis of projects,46,81
FR_201109_082,,N16000052,82,"DAHEJ-VIJAYPUR PIPE LINE PROJECT(PHASE-II) - GAIL,Multi State",PHASE-II,,PETROLEUM,2011-09,2007-11,,4429.38,,2340.0,,,2254.62,2010-10,2011-09,2011-09,,,,0,0,,,,FR_SEP_2011.pdf,Sector-Wise analysis of projects,46,82
FR_201109_083,,N16000069,83,"DIESEL HYDROTREATOR PROJECT AT MUMBAI REFINERY - HPCL,Maharashtra",,,PETROLEUM,2011-09,2009-03,,3284.0,,3284.0,,,,2011-09,,2011-09,,,,0,0,,,,FR_SEP_2011.pdf,Sector-Wise analysis of projects,46,83
FR_201109_084,,N16000083,84,"REFRIGERATED LPG STORAGE AT JNPT - BPCL,Maharashtra",,,PETROLEUM,2011-09,2008-06,,304.4,,304.4,,,245.01,2010-06,2011-07,2011-09,,,,0,0,,,,FR_SEP_2011.pdf,Sector-Wise analysis of projects,46,84
FR_201109_085,,N16000024,85,"HEERA AND SOUTH HEERA RE- DEVELOPMENT PROJECT - ONGC,Maharashtra",,,PETROLEUM,2011-09,2006-09,,2305.3,700.0,3005.3,,,2416.96,2010-06,2010-06,2011-10,,,,0,0,,,,FR_SEP_2011.pdf,Sector-Wise analysis of projects,46,85
FR_201109_086,,N16000023,86,"DEVELOPMENT OF C-SERIES FIELDS - ONGC,Maharashtra",,,PETROLEUM,2011-09,2006-08,,3195.16,,2800.0,,,2520.91,2008-12,2008-12,2011-11,,,,0,0,,,,FR_SEP_2011.pdf,Sector-Wise analysis of projects,46,86
FR_201109_087,,N16000050,87,"BAWANA NANGAL PIPE LINE PROJECT - GAIL,Multi State",,,PETROLEUM,2011-09,2007-11,,1816.07,,1385.0,,,967.39,2010-10,2011-12,2011-12,,,,0,1,,,,FR_SEP_2011.pdf,Sector-Wise analysis of projects,46,87
FR_201109_088,,N16000054,88,"COMPRESSOR STATIONS (KAILARAS AND CHAINSA) - GAIL,Multi State",KAILARAS AND CHAINSA,,PETROLEUM,2011-09,2007-11,,1167.0,31.0,810.0,,,635.71,2011-04,2011-12,2011-12,,,,0,2,,,,FR_SEP_2011.pdf,Sector-Wise analysis of projects,46,88
FR_201109_089,,N16000059,89,"BRANCH PIPELINE FROM KSPL VIRAMGAON TO KANDLA - IOCL,Gujarat",,,PETROLEUM,2011-09,2009-02,,250.0,349.0,250.0,,,202.12,2013-03,2013-03,2011-12,,,,0,0,,,,FR_SEP_2011.pdf,Sector-Wise analysis of projects,47,89
FR_201109_090,,N16000062,90,"HEERA RECONSTRUCTION - ONGC,Maharashtra",,,PETROLEUM,2011-09,2008-05,,706.7,,706.7,,,644.81,2010-04,,2011-12,,,,0,0,,,,FR_SEP_2011.pdf,Sector-Wise analysis of projects,47,90
FR_201109_091,,N16000063,91,"NEELAM RECONSTRUCTION - ONGC,Maharashtra",,,PETROLEUM,2011-09,2008-05,,305.08,,305.08,,,257.6,2011-04,,2011-12,,,,0,0,,,,FR_SEP_2011.pdf,Sector-Wise analysis of projects,47,91
FR_201109_092,,N16000109,92,"EURO-IV DHDT - CPCL,",,,PETROLEUM,2011-09,2008-09,,2615.69,,2615.69,,,1674.51,,,2011-12,,,,0,116,,,,FR_SEP_2011.pdf,Sector-Wise analysis of projects,47,92
FR_201109_093,,N16000115,93,"CONSTRUCTION OF TANKS AND BLENDING FACILITY AT VAD - IOCL,Gujarat",,,PETROLEUM,2011-09,2009-02,,267.0,,267.0,,,174.44,2012-09,,2011-12,,,,0,0,,,,FR_SEP_2011.pdf,Sector-Wise analysis of projects,47,93
FR_201109_094,,N16000070,94,"KARANPUR MORADABAD-KASHIPUR- RUDRAPUR PIPELINE PROJECT PHASE- - GAIL,Multi State",,,PETROLEUM,2011-09,2009-07,,238.68,,204.0,,,134.55,2012-01,,2012-01,,,,1,8,,,,FR_SEP_2011.pdf,Sector-Wise analysis of projects,47,94
FR_201109_095,,N16000114,95,"MRPL Phase-III Expansion - Mangalore Refin,Karnataka",,,PETROLEUM,2011-09,2008-08,,12412.0,12160.26,12160.26,,,6869.78,2012-01,,2012-01,,,,0,0,,,,FR_SEP_2011.pdf,Sector-Wise analysis of projects,47,95
FR_201109_096,,N16000045,96,"MNW-NF BRIDGE PROJECT - ONGC,Maharashtra",,,PETROLEUM,2011-09,2008-05,,175.21,,162.12,,,58.26,2009-03,2012-02,2012-02,,,,0,0,,,,FR_SEP_2011.pdf,Sector-Wise analysis of projects,47,96
FR_201109_097,,N16000031,97,"OFFSHORE GRID INTERCONNECTIVITY PROJECT IN MUMBAI HIGH - ONGC,Maharashtra",,,PETROLEUM,2011-09,2007-01,,740.02,,740.02,,,412.78,2010-03,2012-03,2012-03,,,,0,0,,,,FR_SEP_2011.pdf,Sector-Wise analysis of projects,47,97
FR_201109_098,,N16000032,98,"DEVELOPMENT OF B-22 CLUSTER FIELDS - ONGC,Maharashtra",,,PETROLEUM,2011-09,2007-01,,2323.4,2920.82,2920.82,,,1173.84,2010-09,2012-03,2012-03,,,,0,0,,,,FR_SEP_2011.pdf,Sector-Wise analysis of projects,47,98
FR_201109_099,,N16000071,99,"KOCHI-KOOTANAD BANGALORE- MANGALORE PIPELINE PROJEC - GAIL,Multi State",,,PETROLEUM,2011-09,2009-06,,348.0,,261.0,,,163.18,2012-03,2012-08,2012-03,,,,7,12,,,,FR_SEP_2011.pdf,Sector-Wise analysis of projects,47,99
FR_201109_100,,N16000072,100,"JAGDISHPUR-HALDIA PIPELINE PROJECT PHASE-I - GAIL,Multi State",,,PETROLEUM,2011-09,2009-07,,7596.18,,6652.22,,,,2013-01,,2012-03,,,,0,0,,,,FR_SEP_2011.pdf,Sector-Wise analysis of projects,47,100
FR_201109_101,,N16000093,101,"VKPL UPGRADATION AND LAYING OF SPURLINE (TO BHILWARA AND CHI - GAIL,Multi State",,,PETROLEUM,2011-09,2009-12,,463.32,,330.47,,,155.13,2011-06,2012-03,2012-03,,,,3,9,,,,FR_SEP_2011.pdf,Sector-Wise analysis of projects,47,101
FR_201109_102,,N16000126,102,"SETTING UP 100 MW COMMERCIAL WIND ENERGY GENERATION - GAIL,Multi State",,,PETROLEUM,2011-09,2011-05,,616.0,,616.0,,,,2012-03,,2012-03,,,,0,0,,,,FR_SEP_2011.pdf,Sector-Wise analysis of projects,47,102
FR_201109_103,,160100231,103,"INTEGRATED DEV OF G1 and GS-15 (ONGCL) - ONGC,Multi State",ONGCL,,PETROLEUM,2011-09,2003-04,,429.82,2218.01,2218.01,,,1237.61,2006-04,2011-05,2012-05,,,,0,0,,,,FR_SEP_2011.pdf,Sector-Wise analysis of projects,47,103
FR_201109_104,,N16000030,104,"CONSTRUCTION OF NEW PROCESS COMPLEX MHN - ONGC,Maharashtra",,,PETROLEUM,2011-09,2007-01,,2853.29,6326.4,6326.4,,,3596.54,2010-05,2012-05,2012-05,,,,0,0,,,,FR_SEP_2011.pdf,Sector-Wise analysis of projects,47,104
FR_201109_105,,N16000044,105,"REVAMPING OF WIN PLATFORM AT MH ASSET - ONGC,Maharashtra",,,PETROLEUM,2011-09,2008-05,,333.4,837.54,656.51,,,38.35,2010-05,2012-04,2012-05,,,,0,0,,,,FR_SEP_2011.pdf,Sector-Wise analysis of projects,47,105
FR_201109_106,,N16000046,106,"DEVELOPMENT OF B-46 CLUSTER FIELD - ONGC,Maharashtra",,,PETROLEUM,2011-09,2007-06,,1436.21,1456.96,1436.21,,,92.09,2010-07,2012-05,2012-05,,,,0,0,,,,FR_SEP_2011.pdf,Sector-Wise analysis of projects,47,106
FR_201109_107,,N16000110,107,"CDU/VDU-II - CPCL,Tamil Nadu",,,PETROLEUM,2011-09,2010-03,,333.99,32.0,333.99,,,56.16,2012-05,,2012-05,,,,18,36,,,,FR_SEP_2011.pdf,Sector-Wise analysis of projects,47,107
FR_201109_108,,N16000033,108,"DEVELOPMENT OF B-193 CLUSTER FIELDS - ONGC,Maharashtra",,,PETROLEUM,2011-09,2007-06,,3248.78,5633.44,5633.44,,,1380.59,2010-08,2012-03,2012-06,,,,0,0,,,,FR_SEP_2011.pdf,Sector-Wise analysis of projects,48,108
FR_201109_109,,N16000086,109,"ADDITIONAL DEV. OF D-1 FIELD - ONGC,Multi State",,,PETROLEUM,2011-09,2010-01,,2163.64,,2163.64,,,535.59,2012-06,,2012-06,,,,0,0,,,,FR_SEP_2011.pdf,Sector-Wise analysis of projects,48,109
FR_201109_110,,N16000090,110,"INTEGRATED OFFSHORE CRUDE OIL HANDLING FACILITIES - IOCL,Orissa",,,PETROLEUM,2011-09,2009-12,,1492.33,,1492.33,,,678.19,2012-06,,2012-06,,,,6,9,,,,FR_SEP_2011.pdf,Sector-Wise analysis of projects,48,110
FR_201109_111,,N16000119,111,"Wind Power Project - ONGC,Rajasthan",,,PETROLEUM,2011-09,2010-07,,1106.0,,1106.0,,,,2012-06,,2012-06,,,,0,0,,,,FR_SEP_2011.pdf,Sector-Wise analysis of projects,48,111
FR_201109_112,,N16000065,112,"ADDITIONAL GAS PROCESSING FACILITI AT HAZIRA - ONGC,Gujarat",,,PETROLEUM,2011-09,2008-02,,370.11,,370.11,,,70.85,2011-04,,2012-07,,,,0,0,,,,FR_SEP_2011.pdf,Sector-Wise analysis of projects,48,112
FR_201109_113,,N16000094,113,"BNPL SPURLINE (UTTRANCHAL AND PUNJAB) - GAIL,Multi State",UTTRANCHAL AND PUNJAB,,PETROLEUM,2011-09,2009-12,,540.92,,400.0,,,154.72,2011-06,2012-07,2012-07,,,,7,9,,,,FR_SEP_2011.pdf,Sector-Wise analysis of projects,48,113
FR_201109_114,,N16000113,114,"Polypropylene unit - Mangalore Refin,Karnataka",,,PETROLEUM,2011-09,2009-05,,1803.78,,1803.78,,,413.47,2012-07,,2012-07,,,,0,0,,,,FR_SEP_2011.pdf,Sector-Wise analysis of projects,48,114
FR_201109_115,,N16000073,115,"DABHOL-BANGALORE PIPELINE PROJECT PHASE-I - GAIL,Multi State",,,PETROLEUM,2011-09,2009-06,,4543.43,4508.38,2300.0,,,1225.0,2012-03,2012-08,2012-08,,,,11,10,,,,FR_SEP_2011.pdf,Sector-Wise analysis of projects,48,115
FR_201109_116,,N16000098,116,"Up-gradation of Konaban GGS and Pipeline Grid Project - ONGC,Tripura",,,PETROLEUM,2011-09,2008-07,,288.04,288.04,288.04,,,105.0,2012-08,,2012-08,,,,0,0,,,,FR_SEP_2011.pdf,Sector-Wise analysis of projects,48,116
FR_201109_117,,N16000060,117,"MUMBAI HIGH NORTH DEVELOPMENT PHASE-II - ONGC,Maharashtra",,,PETROLEUM,2011-09,2009-01,,7133.39,,6855.93,,,2296.56,2012-09,,2012-09,,,,0,0,,,,FR_SEP_2011.pdf,Sector-Wise analysis of projects,48,117
FR_201109_118,,N16000088,118,"PARADIP-RAIPUR-SAMBALPUR- RANCHI PIPELINE - IOCL,Multi State",,,PETROLEUM,2011-09,2009-08,,1793.0,,1793.0,,,444.44,2012-09,,2012-09,,,,0,15,,,,FR_SEP_2011.pdf,Sector-Wise analysis of projects,48,118
FR_201109_119,,N16000117,119,"Construction of 6 ETPs - ONGC,Gujarat",,,PETROLEUM,2011-09,2009-03,,302.26,,302.26,,,21.14,2012-09,,2012-09,,,,0,0,,,,FR_SEP_2011.pdf,Sector-Wise analysis of projects,48,119
FR_201109_120,,N16000084,120,"CONSTRUCTION OF 12 OFFSHORE SUPPLY VESSELS(OSV) - ONGC,Multi State",OSV,,PETROLEUM,2011-09,2007-06,,736.65,,736.65,,,210.53,2011-09,,2012-12,,,,0,0,,,,FR_SEP_2011.pdf,Sector-Wise analysis of projects,48,120
FR_201109_121,,N16000064,121,"ADDITIONAL GAS PROCESSING UNITS AT URAN - ONGC,Maharashtra",,,PETROLEUM,2011-09,2008-10,,1797.35,,977.0,,,80.28,2011-12,,2013-01,,,,0,0,,,,FR_SEP_2011.pdf,Sector-Wise analysis of projects,48,121
FR_201109_122,,N16000107,122,"Fluidized catalytic cracking unit(FCCU) revamp - IOCL,Uttar Pradesh",FCCU,,PETROLEUM,2011-09,2010-07,,1000.0,,1000.0,,,29.35,2013-01,,2013-01,,,,12,18,,,,FR_SEP_2011.pdf,Sector-Wise analysis of projects,48,122
FR_201109_123,,N16000116,123,"Development of SB-14 field - ONGC,Multi State",,,PETROLEUM,2011-09,2011-01,,410.44,,410.44,,,,2012-11,,2013-01,,,,0,0,,,,FR_SEP_2011.pdf,Sector-Wise analysis of projects,48,123
FR_201109_124,,N16000108,124,"BUTADIENE EXTRACTION UNIT (BDEU) AT PANIPAT - IOCL,Haryana",BDEU,,PETROLEUM,2011-09,2009-11,,341.5,,341.5,,,20.87,2013-02,,2013-02,,,,15,42,,,,FR_SEP_2011.pdf,Sector-Wise analysis of projects,48,124
FR_201109_125,,160100217,125,"IOR, RUDRASAGAR (ONGCL) - ONGC,Assam",ONGCL,,PETROLEUM,2011-09,2001-09,,113.9,438.85,438.85,,,231.94,2006-03,2013-03,2013-03,,,,6,6,,,,FR_SEP_2011.pdf,Sector-Wise analysis of projects,48,125
FR_201109_126,,N16000039,126,"MUMBAI HIGH SOUTH REDEVELOPMENT PH-2 - ONGC,Maharashtra",,,PETROLEUM,2011-09,2007-10,,5713.03,8813.41,8813.41,,,6767.52,2010-05,2013-03,2013-03,,,,0,0,,,,FR_SEP_2011.pdf,Sector-Wise analysis of projects,48,126
FR_201109_127,,N16000061,127,"ASSAM RENEWAL PROJECT FOR GROUP A - ONGC,Assam",,,PETROLEUM,2011-09,2009-03,,2465.15,,2378.86,,,367.91,2013-03,,2013-03,,,,0,0,,,,FR_SEP_2011.pdf,Sector-Wise analysis of projects,49,127
FR_201109_128,,N16000103,128,"Construction of one Multipurpose Support Vessel - ONGC,Multi State",,,PETROLEUM,2011-09,2010-01,,723.64,,723.64,,,,2013-03,,2013-03,,,,0,0,,,,FR_SEP_2011.pdf,Sector-Wise analysis of projects,49,128
FR_201109_129,,N16000104,129,"Development of Cluster-7 Fields - ONGC,Multi State",,,PETROLEUM,2011-09,2010-03,,3241.03,,3241.03,,,,2013-03,,2013-03,,,,0,0,,,,FR_SEP_2011.pdf,Sector-Wise analysis of projects,49,129
FR_201109_130,,N16000118,130,"Development of BHE and BH-35 Area. - ONGC,Multi State",,,PETROLEUM,2011-09,2010-08,,372.11,,372.11,,,,2013-03,,2013-03,,,,0,0,,,,FR_SEP_2011.pdf,Sector-Wise analysis of projects,49,130
FR_201109_131,,N16000129,131,"KOCHI KOOTTANAD BANGLORE MANGLORE PIPELINE PH-II - GAIL,Multi State",,,PETROLEUM,2011-09,2009-06,,2915.0,,2915.0,,,,2012-10,,2013-03,,,,0,0,,,,FR_SEP_2011.pdf,Sector-Wise analysis of projects,49,131
FR_201109_132,,N16000081,132,"HYDROCRACKER REVAMP SETTING UP A NEW CCR AT MUMB - BPCL,Maharashtra",,,PETROLEUM,2011-09,2008-04,,825.0,1827.0,1827.0,,,160.16,2011-12,2013-04,2013-04,,,,0,203,,,,FR_SEP_2011.pdf,Sector-Wise analysis of projects,49,132
FR_201109_133,,N16000128,133,"CONVERSION OF RIG SAGAR SAMRAT TO MOBILE OFFSHORE - ONGC,Maharashtra",,,PETROLEUM,2011-09,2011-03,,861.79,,861.79,,,,2013-05,,2013-05,,,,0,0,,,,FR_SEP_2011.pdf,Sector-Wise analysis of projects,49,133
FR_201109_134,,N16000058,134,"PARADIP REFINERY PROJECT - IOCL,Orissa",,,PETROLEUM,2011-09,2009-02,,29777.0,,30426.0,,,9720.18,2012-11,,2013-06,,,,107,100,,,,FR_SEP_2011.pdf,Sector-Wise analysis of projects,49,134
FR_201109_135,,N16000123,135,"Construction of 23 Immediate Supply Vessels (ISV) - ONGC,Multi State",ISV,,PETROLEUM,2011-09,2010-11,,331.2,,331.2,,,,2013-08,,2013-08,,,,0,0,,,,FR_SEP_2011.pdf,Sector-Wise analysis of projects,49,135
FR_201109_136,,N16000101,136,"Wax Project - NRL,Assam",,,PETROLEUM,2011-09,2010-06,,576.6,,576.6,,,13.77,2013-12,2013-12,2013-12,,,,0,0,,,,FR_SEP_2011.pdf,Sector-Wise analysis of projects,49,136
FR_201109_137,,N16000105,137,"Development of WO-16 Cluster Fields - ONGC,Multi State",,,PETROLEUM,2011-09,2010-06,,2523.0,,2523.0,,,,2014-01,,2014-01,,,,0,0,,,,FR_SEP_2011.pdf,Sector-Wise analysis of projects,49,137
FR_201109_138,,N16000127,138,"CONSTRUCTION OF ONE ETP AND THREE ETPS CUM WATER - ONGC,Assam",,,PETROLEUM,2011-09,2010-06,,202.94,,202.94,,,,2014-01,,2014-01,,,,0,0,,,,FR_SEP_2011.pdf,Sector-Wise analysis of projects,49,138
FR_201109_139,,N16000112,139,"PETROCHEMICAL COMPLEX-II AT VIJAYPUR AND PATA - GAIL,Multi State",,,PETROLEUM,2011-09,2010-08,,8140.0,,8140.0,,,,2014-02,,2014-02,,,,0,0,,,,FR_SEP_2011.pdf,Sector-Wise analysis of projects,49,139
FR_201109_140,,160100215,140,"IOR LAKWA - LAKHMANI (ONGCL) - ONGC,Assam",ONGCL,,PETROLEUM,2011-09,2001-09,,345.1,663.69,663.69,,,592.78,2007-03,2014-03,2014-03,,,,3,3,,,,FR_SEP_2011.pdf,Sector-Wise analysis of projects,49,140
FR_201109_141,,N16000120,141,"Ahmedabad Redevelopment - ONGC,Gujarat",,,PETROLEUM,2011-09,2010-11,,1916.1,,1916.1,,,,2014-12,,2014-12,,,,0,0,,,,FR_SEP_2011.pdf,Sector-Wise analysis of projects,49,141
FR_201109_142,,N16000122,142,"Ankleswar Redevelopment - ONGC,Gujarat",,,PETROLEUM,2011-09,2010-11,,2189.63,,2189.63,,,,2014-12,,2014-12,,,,0,0,,,,FR_SEP_2011.pdf,Sector-Wise analysis of projects,49,142
FR_201109_143,,N16000121,143,"Mehesana Redevelopment - ONGC,Gujarat",,,PETROLEUM,2011-09,2010-11,,3823.0,,3823.0,,,,2015-04,,2015-04,,,,0,0,,,,FR_SEP_2011.pdf,Sector-Wise analysis of projects,49,143
FR_201109_144,,160100216,144,"IOR GELEKI (ONGCL) - ONGC,Assam",ONGCL,,PETROLEUM,2011-09,2001-09,,390.09,1674.11,1674.11,,,1375.28,2007-03,2017-03,2017-03,,,,6,6,,,,FR_SEP_2011.pdf,Sector-Wise analysis of projects,49,144
FR_201109_145,,N16000051,145,"JHAJJAR HISSAR PIPE LINE PROJECT - GAIL,Haryana",,,PETROLEUM,2011-09,2007-11,,281.07,,281.07,,,3.29,2010-10,,,,,,0,0,,,,FR_SEP_2011.pdf,Sector-Wise analysis of projects,49,145
FR_201109_146,,N16000057,146,"RESITEMENT OF MARKETING INSTALATION AT VISAKHAPATT - HPCL,Andhra Pradesh",,,PETROLEUM,2011-09,2009-01,,756.0,,756.0,,,744.26,2011-09,,,,,,0,0,,,,FR_SEP_2011.pdf,Sector-Wise analysis of projects,49,146
FR_201109_147,,N16000068,147,"DIESEL HYDROTREATOR PROJECT AT VISAKH REFINERY - HPCL,Andhra Pradesh",,,PETROLEUM,2011-09,2009-03,,3597.0,2730.0,2730.0,,,696.82,2011-09,2012-03,,,,,0,0,,,,FR_SEP_2011.pdf,Sector-Wise analysis of projects,49,147
FR_201109_148,,N16000089,148,"DE-BOTTLENECKING OF SMPL (Salaya-Mathura crude pip - IOCL,Maharashtra Total",,,PETROLEUM,2011-09,2009-12,,1584.0,156539.45,1584.0,,,3.38,,,2013-08,,,,0,0,,,,FR_SEP_2011.pdf,Sector-Wise analysis of projects,50,148
FR_201109_149,,N18000023,149,"TRANSMISSION SYSTEM ASSOCIATEDWITH URI-II - PGCIL,J & K",,,POWER,2011-09,2006-10,,238.25,,227.03,,,212.75,2011-05,2011-05,2011-09,,,,0,0,,,,FR_SEP_2011.pdf,Sector-Wise analysis of projects,50,149
FR_201109_150,,N18000033,150,"EASTERN REGION STRENGTHENING SCHEME-II - PGCIL,Multi State",,,POWER,2011-09,2007-12,,227.52,,227.52,,,132.86,2010-06,,2011-11,,,,0,0,,,,FR_SEP_2011.pdf,Sector-Wise analysis of projects,50,150
FR_201109_151,,180100241,151,"CHAMERA,STAGE-III (NHPC) - NHPC,Himachal Pr.",NHPC,,POWER,2011-09,2005-08,,1405.63,,1405.63,,,1668.16,2010-08,,2011-12,,,,0,0,,,,FR_SEP_2011.pdf,Sector-Wise analysis of projects,50,151
FR_201109_152,,N18000018,152,"TRANSMISSION SYSTEM ASSOCIATED WITH PARBATI-III HEP - PGCIL,Himachal Pr.",,,POWER,2011-09,2006-07,,557.24,,639.52,,,467.55,2010-01,,2011-12,,,,0,22,,,,FR_SEP_2011.pdf,Sector-Wise analysis of projects,50,152
FR_201109_153,,N18000022,153,"WESTERN REGION STRENGTHENING SCHEME-II - PGCIL,Rajasthan",,,POWER,2011-09,2006-07,,5221.23,,4978.56,,,2949.84,2010-07,,2011-12,,,,3,20,,,,FR_SEP_2011.pdf,Sector-Wise analysis of projects,50,153
FR_201109_154,,N18000064,154,"TR. SYSTEM ASSOCIATED WITH CHAMERA III HEP - PGCIL,Multi State",,,POWER,2011-09,2008-04,,297.37,,297.37,,,295.81,2011-07,,2011-12,,,,0,0,,,,FR_SEP_2011.pdf,Sector-Wise analysis of projects,50,154
FR_201109_155,,180100251,155,"URI H.E.P STAGE -II (NHPC) - NHPC,J & K",NHPC,,POWER,2011-09,2005-08,,1724.79,,1724.79,,,1542.17,2009-11,,2012-02,,,,0,0,,,,FR_SEP_2011.pdf,Sector-Wise analysis of projects,50,155
FR_201109_156,,N18000007,156,"CHUTAK HYDRO-ELECTRIC PROJECT (NHPC) - NHPC,J & K",NHPC,,POWER,2011-09,2006-08,,621.28,,621.28,,,693.43,2011-02,,2012-02,,,,0,1,,,,FR_SEP_2011.pdf,Sector-Wise analysis of projects,50,156
FR_201109_157,,N18000049,157,"WESTERN REGION STRENGHTENING SCHEME-X - PGCIL,Multi State",,,POWER,2011-09,2009-02,,664.96,,664.96,,,304.39,2012-02,,2012-02,,,,0,0,,,,FR_SEP_2011.pdf,Sector-Wise analysis of projects,50,157
FR_201109_158,,N18000051,158,"WESTERN REGION SYSTEM STRENGHTENING SCHEME-XI - PGCIL,Multi State",,,POWER,2011-09,2009-02,,409.5,,409.5,,,60.03,2012-02,,2012-02,,,,0,0,,,,FR_SEP_2011.pdf,Sector-Wise analysis of projects,50,158
FR_201109_159,,N18000058,159,"NORTHERN REGION SYSTEM STRENGHTENING SCHEME-XVII - PGCIL,Rajasthan",,,POWER,2011-09,2009-02,,210.79,,210.79,,,147.86,2011-08,,2012-02,,,,0,0,,,,FR_SEP_2011.pdf,Sector-Wise analysis of projects,50,159
FR_201109_160,,N18000062,160,"TR. SYSTEM ASSOCIATED WITH TUTICORIN JV TPS - PGCIL,Multi State",,,POWER,2011-09,2009-02,,353.57,,353.57,,,209.58,2010-07,2012-02,2012-02,,,,0,0,,,,FR_SEP_2011.pdf,Sector-Wise analysis of projects,50,160
FR_201109_161,,N18000067,161,"SYSTEM STRENGHTENING -XI IN SOUTHERN REGION - PGCIL,Multi State",,,POWER,2011-09,2009-03,,196.1,,196.1,,,73.29,2011-07,,2012-02,,,,0,0,,,,FR_SEP_2011.pdf,Sector-Wise analysis of projects,50,161
FR_201109_162,,180100184,162,"KOTESHWAR HEP(THDC) - THDCL,Uttaranchal",THDC,,POWER,2011-09,2000-04,,1301.56,,2283.69,,,2492.85,2005-04,,2012-03,,,,7,11,,,,FR_SEP_2011.pdf,Sector-Wise analysis of projects,50,162
FR_201109_163,,180100229,163,"SIPAT STPP STAGE - I (NTPC) - NTPC,Chhatisgarh",NTPC,,POWER,2011-09,2003-12,,8323.39,,8323.39,,,7357.0,2009-12,,2012-03,,,,33,60,,,,FR_SEP_2011.pdf,Sector-Wise analysis of projects,50,163
FR_201109_164,,180100250,164,"PARBATI H.E.P. STAGE -III (NHPC) - NHPC,Himachal Pr.",NHPC,,POWER,2011-09,2005-10,,2304.52,35.0,2304.52,,,1562.46,2010-10,,2012-03,,,,0,0,,,,FR_SEP_2011.pdf,Sector-Wise analysis of projects,50,164
FR_201109_165,,180100260,165,"TRANSMISSION SY. ASSOCIATED WITH BARH GENER. PROJECT(P.GR.) - PGCIL,Bihar",P.GR.,,POWER,2011-09,2005-12,,3779.46,,3725.13,,,3483.3,2009-09,,2012-03,,,,15,30,,,,FR_SEP_2011.pdf,Sector-Wise analysis of projects,51,165
FR_201109_166,,N18000004,166,"EASTERN REGION STRENGTHENING SCHEME-I - PGCIL,Multi State",,,POWER,2011-09,2006-10,,975.96,,894.26,,,690.87,2009-10,,2012-03,,,,2,20,,,,FR_SEP_2011.pdf,Sector-Wise analysis of projects,51,166
FR_201109_167,,N18000032,167,"SIMHADRI STPP STAGE -II - NTPC,Andhra Pradesh",,,POWER,2011-09,2007-08,,5103.39,,5038.83,,,4076.0,,,2012-03,,,,0,6,,,,FR_SEP_2011.pdf,Sector-Wise analysis of projects,51,167
FR_201109_168,,N18000054,168,"NORTHERN REGION SYSTEM STRENGHTENING SCHEME-XIII - PGCIL,Multi State",,,POWER,2011-09,2009-02,,317.69,,317.69,,,55.89,2011-11,,2012-03,,,,0,0,,,,FR_SEP_2011.pdf,Sector-Wise analysis of projects,51,168
FR_201109_169,,N18000086,169,"System Strengthening -X of SR - PGCIL,Multi State",,,POWER,2011-09,2009-12,,276.61,,276.61,,,76.44,2012-04,,2012-04,,,,0,0,,,,FR_SEP_2011.pdf,Sector-Wise analysis of projects,51,169
FR_201109_170,,180100222,170,"TEESTA LOW DAM STAGE III HYDROELECTRIC POWER PROJE - NHPC,West Bengal",,,POWER,2011-09,2003-10,,768.92,,768.92,,,1373.35,2007-03,,2012-05,,,,1,25,,,,FR_SEP_2011.pdf,Sector-Wise analysis of projects,51,170
FR_201109_171,,N18000079,171,"765KV SYSTEM FOR CENTRAL PART OF NORTHERN GRID PAR - PGCIL,Multi State",,,POWER,2011-09,2009-11,,1075.12,,1075.12,,,287.91,2012-05,,2012-05,,,,0,0,,,,FR_SEP_2011.pdf,Sector-Wise analysis of projects,51,171
FR_201109_172,,N18000078,172,"765KV SYSTEM FOR CENTRAL PART OF NORTHERN REGION G - PGCIL,Multi State",,,POWER,2011-09,2009-07,,1736.36,,1736.36,,,414.3,2012-06,,2012-06,,,,0,0,,,,FR_SEP_2011.pdf,Sector-Wise analysis of projects,51,172
FR_201109_173,,N18000082,173,"IMMEDIATE EVACUATION SYSTEM FOR NABINAGAR TPS - PGCIL,Bihar",,,POWER,2011-09,2010-02,,215.86,,215.86,,,118.4,2012-06,,2012-06,,,,0,0,,,,FR_SEP_2011.pdf,Sector-Wise analysis of projects,51,173
FR_201109_174,,N18000085,174,"System Strengthening -XII of SR - PGCIL,Multi State",,,POWER,2011-09,2010-02,,232.34,,232.34,,,10.88,2012-06,,2012-06,,,,0,0,,,,FR_SEP_2011.pdf,Sector-Wise analysis of projects,51,174
FR_201109_175,,N18000065,175,"SUPPLEMENTRY TRANSMISSION ASSOCIATED WITH DVC AND - PGCIL,Multi State",,,POWER,2011-09,2008-08,,2360.95,,2360.95,,,1687.14,2012-08,,2012-08,,,,0,0,,,,FR_SEP_2011.pdf,Sector-Wise analysis of projects,51,175
FR_201109_176,,N18000069,176,"765 KV POOLING STATION AND NETWORK WITH DVC AND MA - PGCIL,Multi State",,,POWER,2011-09,2008-08,,7075.33,,7075.33,,,3988.9,2012-08,,2012-08,,,,0,0,,,,FR_SEP_2011.pdf,Sector-Wise analysis of projects,51,176
FR_201109_177,,N18000081,177,"System Strengthening in NR for SASAN & MUNDRA (UMPP) - PGCIL,Multi State",UMPP,,POWER,2011-09,2009-12,,1216.83,,1216.83,,,396.22,2012-08,,2012-08,,,,0,0,,,,FR_SEP_2011.pdf,Sector-Wise analysis of projects,51,177
FR_201109_178,,N18000061,178,"TR. SYSTEM ASSOCIATED WITH MUNDRA ULTRA MEGA POWER PROJECT - PGCIL,Multi State",,,POWER,2011-09,2008-10,,4824.12,,4824.12,,,2035.57,2012-10,,2012-10,,,,0,0,,,,FR_SEP_2011.pdf,Sector-Wise analysis of projects,51,178
FR_201109_179,,N18000084,179,"MAUDA TRANSMISSION SYSTEM - PGCIL,Maharashtra",,,POWER,2011-09,2010-02,,469.38,,469.38,,,174.37,2012-10,,2012-10,,,,0,0,,,,FR_SEP_2011.pdf,Sector-Wise analysis of projects,51,179
FR_201109_180,,N18000089,180,"INTERCONNECTION BETWEEN ELECTTRICAL GRIDS OF INDIA AND B - PGCIL,Multi State",,,POWER,2011-09,2010-10,,160.32,,160.32,,,11.32,2012-10,,2012-10,,,,0,0,,,,FR_SEP_2011.pdf,Sector-Wise analysis of projects,51,180
FR_201109_181,,N18000006,181,"NIMOO BAZGO HYDROELECTRIC PROJECT - NHPC,J & K",,,POWER,2011-09,2006-08,,611.02,,611.02,,,670.42,2010-08,,2012-11,,,,0,0,,,,FR_SEP_2011.pdf,Sector-Wise analysis of projects,51,181
FR_201109_182,,N18000048,182,"MOUDA STPP (NTPC) - NTPC,Maharashtra",NTPC,,POWER,2011-09,2008-11,,5459.28,,6010.89,,,2861.0,2012-08,,2012-11,,,,3,16,,,,FR_SEP_2011.pdf,Sector-Wise analysis of projects,51,182
FR_201109_183,,N18000076,183,"TRANSMISSION SYSTEM OF VINDHYACHAL-IV AND RIHAND-I - PGCIL,Multi State",,,POWER,2011-09,2010-03,,4672.99,36.0,4672.99,,,323.94,2012-11,,2012-11,,,,0,0,,,,FR_SEP_2011.pdf,Sector-Wise analysis of projects,51,183
FR_201109_184,,N18000083,184,"NORTHERN REGION TRANSMISSION STRENGTHENING SCHEME - PGCIL,Multi State",,,POWER,2011-09,2010-03,,965.58,,965.58,,,253.39,2012-11,,2012-11,,,,0,0,,,,FR_SEP_2011.pdf,Sector-Wise analysis of projects,52,184
FR_201109_185,,N18000100,185,"EASTERN REGION TRANSMISSION SYSTEM-III - PGCIL,Multi State",,,POWER,2011-09,2010-07,,1272.8,,1272.8,,,91.61,2012-11,,2012-11,,,,0,0,,,,FR_SEP_2011.pdf,Sector-Wise analysis of projects,52,185
FR_201109_186,,180100243,186,"TEESTA LOW DAM HEP, STAGE-IV (NHPC) - NHPC,West Bengal",NHPC,,POWER,2011-09,2005-09,,1061.38,,1061.38,,,1020.22,2009-09,,2012-12,,,,0,0,,,,FR_SEP_2011.pdf,Sector-Wise analysis of projects,52,186
FR_201109_187,,180100258,187,"KUDANKULAM-APP TRANS. SYSTEM (PGCIL) - PGCIL,Tamil Nadu",PGCIL,,POWER,2011-09,2005-05,,1779.29,,1946.85,,,1733.05,2008-11,,2012-12,,,,25,38,,,,FR_SEP_2011.pdf,Sector-Wise analysis of projects,52,187
FR_201109_188,,N18000005,188,"LOHARINAG-PAL HEP(4X150MW) - NTPC,Uttaranchal",4X150MW,,POWER,2011-09,2006-06,,2895.1,,2895.1,,,685.0,2011-11,,2012-12,,,,6,34,,,,FR_SEP_2011.pdf,Sector-Wise analysis of projects,52,188
FR_201109_189,,N18000046,189,"TRANSMISSION SYSTEM ASSOCIATED WITH SASAN ULTRA ME - PGCIL,Multi State",,,POWER,2011-09,2008-12,,7031.88,,7031.88,,,2637.46,2012-12,,2012-12,,,,0,0,,,,FR_SEP_2011.pdf,Sector-Wise analysis of projects,52,189
FR_201109_190,,N18000052,190,"NORTHERN REGION SYSTEM STRENGHTENING SCHEME-XV - PGCIL,Multi State",,,POWER,2011-09,2009-02,,520.48,,520.48,,,266.43,2011-11,,2012-12,,,,0,0,,,,FR_SEP_2011.pdf,Sector-Wise analysis of projects,52,190
FR_201109_191,,N18000053,191,"NORTHERN REGION SYSTEM STRENGHTENING SCHEME-XVIII - PGCIL,Multi State",,,POWER,2011-09,2009-02,,509.66,,509.66,,,260.37,2011-11,,2012-12,,,,0,0,,,,FR_SEP_2011.pdf,Sector-Wise analysis of projects,52,191
FR_201109_192,,N18000056,192,"NORTHERN REGION SYSTEM STRENGHTENING SCHEME-XIX - PGCIL,Multi State",,,POWER,2011-09,2009-02,,410.29,,410.29,,,131.19,2012-02,,2012-12,,,,0,0,,,,FR_SEP_2011.pdf,Sector-Wise analysis of projects,52,192
FR_201109_193,,N18000072,193,"VINDHYACHAL STTP STAGE-IV (NTPC) - NTPC,Madhya pradesh",NTPC,,POWER,2011-09,2009-01,,5915.0,,5915.0,,,2225.0,2012-10,,2012-12,,,,3,15,,,,FR_SEP_2011.pdf,Sector-Wise analysis of projects,52,193
FR_201109_194,,N18000073,194,"RIHAND STTP STAGE-III (2X500MW) (NTPC) - NTPC,Uttar Pradesh",NTPC,,POWER,2011-09,2009-01,,6230.81,,6230.81,,,2076.0,2012-10,,2012-12,,,,3,16,,,,FR_SEP_2011.pdf,Sector-Wise analysis of projects,52,194
FR_201109_195,,N18000080,195,"Trans. System associated with PALLATANA GBPP & BPT - PGCIL,Multi State",,,POWER,2011-09,2010-02,,2144.0,,2144.0,,,350.24,2012-12,,2012-12,,,,0,0,,,,FR_SEP_2011.pdf,Sector-Wise analysis of projects,52,195
FR_201109_196,,N18000088,196,"NORTHERN REGION SYSTEM STRENGHTENING SCHEME-XX - PGCIL,Multi State",,,POWER,2011-09,2010-10,,182.68,,182.68,,,25.54,2013-01,,2013-01,,,,0,0,,,,FR_SEP_2011.pdf,Sector-Wise analysis of projects,52,196
FR_201109_197,,N18000098,197,"Transmission system for transfer of power from Gen. - PGCIL,Multi State",,,POWER,2011-09,2010-05,,250.03,,250.03,,,19.25,2013-01,,2013-01,,,,0,0,,,,FR_SEP_2011.pdf,Sector-Wise analysis of projects,52,197
FR_201109_198,,180100211,198,"KOLDAM HEP (NTPC) - NTPC,Himachal Pr.",NTPC,,POWER,2011-09,2002-10,,4527.15,,4527.15,,,3817.0,2009-04,,2013-03,,,,19,9,,,,FR_SEP_2011.pdf,Sector-Wise analysis of projects,52,198
FR_201109_199,,N18000035,199,"WESTERN REGION STRENGTHENING SCHEME-V - PGCIL,Maharashtra",,,POWER,2011-09,2007-12,,477.69,,477.69,,,343.31,2010-09,,2013-03,,,,0,0,,,,FR_SEP_2011.pdf,Sector-Wise analysis of projects,52,199
FR_201109_200,,N18000068,200,"765 KV SYSTEM FOR CENTRAL PART OF NORTHERN GRID PA - PGCIL,Multi State",,,POWER,2011-09,2009-02,,1347.32,,1347.32,,,873.35,2012-02,,2013-03,,,,0,0,,,,FR_SEP_2011.pdf,Sector-Wise analysis of projects,52,200
FR_201109_201,,N18000087,201,"TRANSMISSION SYSTEM FOR PHASE-I GEN PROJECT IN ORI - PGCIL,Orissa",,,POWER,2011-09,2010-09,,2074.86,37.0,2074.86,,,167.23,2013-03,,2013-03,,,,0,0,,,,FR_SEP_2011.pdf,Sector-Wise analysis of projects,52,201
FR_201109_202,,N18000095,202,"NORTHERN REGION SYSTEM STRENGTHENING SCHEME- XXI - PGCIL,Multi State",,,POWER,2011-09,2010-08,,1677.57,,1677.57,,,76.42,2013-04,,2013-04,,,,0,0,,,,FR_SEP_2011.pdf,Sector-Wise analysis of projects,53,202
FR_201109_203,,N18000097,203,"SUPPLEMENTARY TRANSMISSION ASSOCIATED WITH VAALLUR - PGCIL,Multi State",,,POWER,2011-09,2010-08,,170.36,,170.36,,,8.71,2013-04,,2013-04,,,,0,0,,,,FR_SEP_2011.pdf,Sector-Wise analysis of projects,53,203
FR_201109_204,,N18000071,204,"TRIPURA GAS BASED POWER PROJECT - NEEPCO,Tripura",,,POWER,2011-09,2009-07,,421.01,623.44,623.44,,,70.41,2012-01,,2013-07,,,,0,0,,,,FR_SEP_2011.pdf,Sector-Wise analysis of projects,53,204
FR_201109_205,,N18000094,205,"NORTHERN REGION SYSTEM STRENGTHENING SCHEME XVI - PGCIL,Multi State",,,POWER,2011-09,2010-07,,752.64,,752.64,,,50.1,2013-07,,2013-07,,,,0,0,,,,FR_SEP_2011.pdf,Sector-Wise analysis of projects,53,205
FR_201109_206,,N18000102,206,"TRANSMISSION SYSTEM OF ESTABLISHMENT OF 400/220KV - PGCIL,Maharashtra",,,POWER,2011-09,2011-07,,181.93,,181.93,,,,2013-07,,2013-07,,,,0,0,,,,FR_SEP_2011.pdf,Sector-Wise analysis of projects,53,206
FR_201109_207,,N18000045,207,"PARE HYDRO ELECTRIC PROJECT(110 MW) - NEEPCO,Arunachal Pr.",110 MW,,POWER,2011-09,2008-12,,573.99,,573.99,,,223.21,2013-08,2013-08,2013-08,,,,10,17,,,,FR_SEP_2011.pdf,Sector-Wise analysis of projects,53,207
FR_201109_208,,N18000090,208,"TRANSMISSION SYSTEM ASSOCIATED WITH KRISHNAPATNAM - PGCIL,Andhra Pradesh",,,POWER,2011-09,2010-12,,779.21,,779.21,,,74.08,2013-08,,2013-08,,,,0,0,,,,FR_SEP_2011.pdf,Sector-Wise analysis of projects,53,208
FR_201109_209,,N18000091,209,"NORTHERN REGION SYSTEM STRENGTHENING SCHEME-XXII - PGCIL,Multi State",,,POWER,2011-09,2010-12,,209.78,,209.78,,,18.55,2013-08,,2013-08,,,,0,0,,,,FR_SEP_2011.pdf,Sector-Wise analysis of projects,53,209
FR_201109_210,,N18000092,210,"Establishment of pooling stations at Rajgarh - PGCIL,Chhatisgarh",,,POWER,2011-09,2010-12,,1719.52,,1719.52,,,125.67,2013-08,,2013-08,,,,0,0,,,,FR_SEP_2011.pdf,Sector-Wise analysis of projects,53,210
FR_201109_211,,N18000024,211,"RAMPUR HEP(412 MW) - SJVNL,Himachal Pr.",412 MW,,POWER,2011-09,2007-01,,2047.03,,2047.03,,,1361.96,2012-01,,2013-09,,,,2,10,,,,FR_SEP_2011.pdf,Sector-Wise analysis of projects,53,211
FR_201109_212,,N18000063,212,"TRANSMISSION SYSTEM ASSOCIATED WITH RAMPUR HEP - PGCIL,Multi State",,,POWER,2011-09,2009-02,,184.19,,184.19,,,131.66,2011-11,,2013-09,,,,0,0,,,,FR_SEP_2011.pdf,Sector-Wise analysis of projects,53,212
FR_201109_213,,N18000041,213,"BONGAIGAON THERMAL POWER PROJECT - NTPC,Assam",,,POWER,2011-09,2008-01,,4375.35,,4375.35,,,2306.0,2011-06,,2013-10,,,,0,29,,,,FR_SEP_2011.pdf,Sector-Wise analysis of projects,53,213
FR_201109_214,,N18000047,214,"BARH STPP STAGE -II - NTPC,Bihar",,,POWER,2011-09,2008-02,,7341.04,,7341.04,,,2889.0,,,2013-10,,,,2,18,,,,FR_SEP_2011.pdf,Sector-Wise analysis of projects,53,214
FR_201109_215,,N18000099,215,"Transmission system for transfer of power from Gen-PART B - PGCIL,Multi State",,,POWER,2011-09,2011-03,,1585.12,,1585.12,,,57.33,2013-11,,2013-11,,,,0,0,,,,FR_SEP_2011.pdf,Sector-Wise analysis of projects,53,215
FR_201109_216,,N18000093,216,"TRANSMISSION SYSTEM FOR PHASE-I GEN. PROJECT IN OR - PGCIL,Orissa",,,POWER,2011-09,2010-12,,2743.19,,2743.19,,,216.21,2013-12,,2013-12,,,,0,0,,,,FR_SEP_2011.pdf,Sector-Wise analysis of projects,53,216
FR_201109_217,,180100165,217,"TUIRIAL HE PROJECT(NEEPCO) - NEEPCO,Mizoram",NEEPCO,,POWER,2011-09,1998-07,,368.72,913.63,913.63,,,265.42,2006-07,2014-01,2014-01,,,,2,5,,,,FR_SEP_2011.pdf,Sector-Wise analysis of projects,53,217
FR_201109_218,,N18000096,218,"TRANS SYSTEM FOR PHASE-I GEN PROJECT IN ORISSA-C - PGCIL,Multi State",,,POWER,2011-09,2011-03,,2569.25,,2569.25,,,,2014-03,,2014-03,,,,0,0,,,,FR_SEP_2011.pdf,Sector-Wise analysis of projects,53,218
FR_201109_219,,N18000014,219,"TAPOVAN-VISHNUGAD HEP (4x130MW) (NTPC) - NTPC,Uttaranchal",NTPC,,POWER,2011-09,2006-11,,2978.48,,2978.48,,,1159.0,2013-03,,2014-06,,,,6,13,,,,FR_SEP_2011.pdf,Sector-Wise analysis of projects,53,219
FR_201109_220,,180100221,220,"SUBANSIRI LOWER H.E.P (NHPC) - NHPC,Arunachal Pr.",NHPC,,POWER,2011-09,2003-09,,6285.33,38.0,6285.33,,,5127.36,2010-09,,2014-08,,,,2,11,,,,FR_SEP_2011.pdf,Sector-Wise analysis of projects,53,220
FR_201109_221,,180100242,221,"BARH STPP STAGE I (3X660MW) NTPC - NTPC,Bihar",3X660MW,,POWER,2011-09,2003-12,,8692.97,,8693.0,,,6104.0,2009-12,,2014-09,,,,15,70,,,,FR_SEP_2011.pdf,Sector-Wise analysis of projects,54,221
FR_201109_222,,N18000066,222,"NORTH- EAST NORTH WESTERN INTERCONNECTOR I PROJECT - PGCIL,Multi State",,,POWER,2011-09,2009-02,,11130.19,,11130.19,,,2877.41,2013-08,,2014-09,,,,0,0,,,,FR_SEP_2011.pdf,Sector-Wise analysis of projects,54,222
FR_201109_223,,180100210,223,"PARBATI HEP (NHPC) II - NHPC,Himachal Pr.",NHPC,,POWER,2011-09,2002-09,,3919.59,,3919.59,,,3293.3,2009-09,,2014-12,,,,1,20,,,,FR_SEP_2011.pdf,Sector-Wise analysis of projects,54,223
FR_201109_224,,N18000077,224,"TRANS SYSTEM FOR DEVELOPMENT OF POOLING STN IN NR - PGCIL,West Bengal",,,POWER,2011-09,2010-04,,4404.57,,4404.57,,,,2015-01,,2015-01,,,,0,0,,,,FR_SEP_2011.pdf,Sector-Wise analysis of projects,54,224
FR_201109_225,,N18000031,225,"KISHANGANGA HEP - NHPC,J & K",,,POWER,2011-09,2007-07,,2238.67,3642.04,3642.04,,,939.65,2014-07,2016-01,2016-01,,,,0,0,,,,FR_SEP_2011.pdf,Sector-Wise analysis of projects,54,225
FR_201109_226,,N18000010,226,"TEHRI PUMPED STORAGE PLANT(1000MW) - THDCL,",1000MW,,POWER,2011-09,2006-07,,1657.0,,2978.86,,,277.11,2010-07,,2016-02,,,,1,10,,,,FR_SEP_2011.pdf,Sector-Wise analysis of projects,54,226
FR_201109_227,,N18000042,227,"VISHNUGAD PIPALKOTI HYDRO ELECTRIC PROJECT - THDCL,Uttaranchal",,,POWER,2011-09,2008-08,,2491.58,2491.58,3422.44,,,172.38,2014-07,,2016-05,,,,0,7,,,,FR_SEP_2011.pdf,Sector-Wise analysis of projects,54,227
FR_201109_228,,180100239,228,"KAMENG HYDROELECTRIC PROJECT (NEEPCO) - NEEPCO,Arunachal Pr.",NEEPCO,,POWER,2011-09,2004-12,,2496.9,,2496.9,,,1582.26,2013-05,2016-06,2016-06,,,,79,22,,,,FR_SEP_2011.pdf,Sector-Wise analysis of projects,54,228
FR_201109_229,,180100246,229,"KAIGA 3&4 TRANSMISSION SYSTEM (PGCIL) - PGCIL,Karnataka",PGCIL,,POWER,2011-09,2005-03,,596.45,1007.16,947.96,,,831.16,2007-12,2009-12,,,,,14,18,,,,FR_SEP_2011.pdf,Sector-Wise analysis of projects,54,229
FR_201109_230,,N18000043,230,"TRANSMISSION SYSTEM ASSOCIATED WITH FARAKKA-III - PGCIL,Multi State",,,POWER,2011-09,2008-12,,204.07,,204.07,,,113.23,2011-06,,2011-08,,,,0,0,,,,FR_SEP_2011.pdf,Sector-Wise analysis of projects,54,230
FR_201109_231,,N18000050,231,"WESTERN REGION STRENGHTENING SCHEME-IX - PGCIL,Multi State Total",,,POWER,2011-09,2008-04,,230.89,180012.22,230.89,,,93.24,2011-01,,,,,,0,1,,,,FR_SEP_2011.pdf,Sector-Wise analysis of projects,54,231
FR_201109_232,,220100286,232,"RAJATGARH-BARANG(LD),ECOR - RVNL,Orissa",LD,,RAILWAYS,2011-09,1999-04,,166.16,,243.4,,,233.9,2009-02,,2010-12,,,,0,0,,,,FR_SEP_2011.pdf,Sector-Wise analysis of projects,54,232
FR_201109_233,,220100327,233,"KHURDA ROAD - BARANG 3RD LINE (DL) (ECOR) - RVNL,Orissa",ECOR,,RAILWAYS,2011-09,2000-04,,133.41,207.0,211.9,,,188.11,2009-03,,2010-12,,,,0,0,,,,FR_SEP_2011.pdf,Sector-Wise analysis of projects,54,233
FR_201109_234,,220100329,234,"RAICHUR-GUNTAKAL(DL)(SCR) - RVNL,Andhra Pradesh",SCR,,RAILWAYS,2011-09,2003-04,,136.62,,221.9,,,157.88,2007-12,2010-03,2010-12,,,,0,0,,,,FR_SEP_2011.pdf,Sector-Wise analysis of projects,54,234
FR_201109_235,,N22000034,235,"ALIGARH-GAZIABAD 3RD LINE DOUBLING (RVNL) - RVNL,Uttar Pradesh",RVNL,,RAILWAYS,2011-09,2003-04,,230.73,399.73,399.5,,,294.93,2009-03,2008-12,2010-12,,,,0,0,,,,FR_SEP_2011.pdf,Sector-Wise analysis of projects,54,235
FR_201109_236,,N22000081,236,"BHARUCH-SAMNI-DAHEJ GAUGE CONVERSIN - RVNL,Gujarat",,,RAILWAYS,2011-09,2005-09,,200.8,,200.8,,,,,,2010-12,,,,0,0,,,,FR_SEP_2011.pdf,Sector-Wise analysis of projects,54,236
FR_201109_237,,220100321,237,"BILASPUR-URKURA (DL) - RVNL,Chhatisgarh",DL,,RAILWAYS,2011-09,1997-04,,151.52,,273.0,,,299.77,2009-03,,2011-03,,,,0,0,,,,FR_SEP_2011.pdf,Sector-Wise analysis of projects,54,237
FR_201109_238,,N22000027,238,"PALWAL-BHUTESWAR 3RD LINE DOUBLING(NCR)(RVNL) - RVNL,Multi State",RVNL,,RAILWAYS,2011-09,2005-04,,240.0,39.0,329.7,,,261.0,2009-03,2009-12,2011-03,,,,0,0,,,,FR_SEP_2011.pdf,Sector-Wise analysis of projects,54,238
FR_201109_239,,N22000093,239,"MUMBAI URBAN TRANSPORT PROJECT PHASE-I, MTP - MRTP,Maharashtra",,,RAILWAYS,2011-09,2003-04,,3125.2,4501.8,4501.8,,,4270.81,2010-12,,2011-06,,,,0,1,,,,FR_SEP_2011.pdf,Sector-Wise analysis of projects,55,239
FR_201109_240,,N22000076,240,"PANSPURA-KHARAGPUR 3D LINE - RVNL,West Bengal",,,RAILWAYS,2011-09,2007-09,,252.5,,252.5,,,194.44,2010-02,,2011-11,,,,0,0,,,,FR_SEP_2011.pdf,Sector-Wise analysis of projects,55,240
FR_201109_241,,220100007,241,"GUNA-ETAWAH(NCR), NL - NCR,Multi State",NCR,,RAILWAYS,2011-09,1985-04,,158.77,432.46,540.96,,,558.07,1994-03,,2011-12,,,,0,0,,,,FR_SEP_2011.pdf,Sector-Wise analysis of projects,55,241
FR_201109_242,,220100148,242,"LANJHIGARH-JUNAGARH NL(ECOR) - ECOR,Orissa",ECOR,,RAILWAYS,2011-09,1993-04,,100.0,142.9,208.68,,,185.89,2002-03,,2011-12,,,,0,0,,,,FR_SEP_2011.pdf,Sector-Wise analysis of projects,55,242
FR_201109_243,,220100192,243,"NANDYAL-YERRAGUNTLA(NL),SCR - SCR,Andhra Pradesh",NL,,RAILWAYS,2011-09,1996-03,,155.74,164.36,822.57,,,491.6,2009-02,,2011-12,,,,0,0,,,,FR_SEP_2011.pdf,Sector-Wise analysis of projects,55,243
FR_201109_244,,220100284,244,"KHURDA ROAD-BOLANGIR(NL)ECOR - ECOR,Orissa",NL,,RAILWAYS,2011-09,1994-04,,355.38,470.21,1100.0,,,169.0,,,2011-12,,,,0,0,,,,FR_SEP_2011.pdf,Sector-Wise analysis of projects,55,244
FR_201109_245,,220100285,245,"HARIDASPUR-PARADEEP(NL) - RVNL,Orissa",NL,,RAILWAYS,2011-09,1996-04,,301.64,,735.1,,,197.61,2009-09,,2011-12,,,,0,0,,,,FR_SEP_2011.pdf,Sector-Wise analysis of projects,55,245
FR_201109_246,,N22000107,246,"Ramanagram-Mysore doubling with electrification of - SWR,Karnataka",,,RAILWAYS,2011-09,2007-04,,482.0,,482.7,,,242.54,2013-03,,2011-12,,,,0,0,,,,FR_SEP_2011.pdf,Sector-Wise analysis of projects,55,246
FR_201109_247,,220100197,247,"KANPUR-KASGANJ- MATHURA(GC),NER - NER,Uttar Pradesh",GC,,RAILWAYS,2011-09,1997-03,,395.0,1062.36,1577.46,,,1183.04,,,2012-02,,,,0,0,,,,FR_SEP_2011.pdf,Sector-Wise analysis of projects,55,247
FR_201109_248,,220100272,248,"TARAKESWAR - BISHNUPUR NEW BG LINE (NL), ER - ER,West Bengal",NL,,RAILWAYS,2011-09,2000-04,,157.96,762.33,762.33,,,422.22,2009-12,,2012-02,,,,0,0,,,,FR_SEP_2011.pdf,Sector-Wise analysis of projects,55,248
FR_201109_249,,N22000116,249,"Dakshin-barasat-lakshmikantapur (ER) - ER,West Bengal",ER,,RAILWAYS,2011-09,2009-04,,259.51,,259.51,,,66.18,2011-12,,2012-02,,,,0,0,,,,FR_SEP_2011.pdf,Sector-Wise analysis of projects,55,249
FR_201109_250,,220100009,250,"FREIGHT OPERATIONS INFORMATION SYSTEM (FOIS) - FOIS,Multi State",FOIS,,RAILWAYS,2011-09,1984-03,,520.0,637.46,634.13,,,542.82,1995-03,,2012-03,,,,0,0,,,,FR_SEP_2011.pdf,Sector-Wise analysis of projects,55,250
FR_201109_251,,220100106,251,"PEDAPALLI-KARIMNAGAR- NIZAMABAD NL(SCR) - SCR,Andhra Pradesh",SCR,,RAILWAYS,2011-09,1994-12,,124.43,407.78,725.9,,,510.51,,,2012-03,,,,0,0,,,,FR_SEP_2011.pdf,Sector-Wise analysis of projects,55,251
FR_201109_252,,220100168,252,"MANDARHILL-DUMKA-RAMPURHAT (NL),ER - ER,Jharkhandd",NL,,RAILWAYS,2011-09,1995-04,,184.0,254.07,675.0,,,480.37,2011-12,,2012-03,,,,0,0,,,,FR_SEP_2011.pdf,Sector-Wise analysis of projects,55,252
FR_201109_253,,220100190,253,"KADUR-CHIKMAGALUR- SAKLESHPUR (NL),(SWR) - SWR,Karnataka",SWR,,RAILWAYS,2011-09,1996-04,,157.0,262.82,262.82,,,205.49,2012-03,,2012-03,,,,0,0,,,,FR_SEP_2011.pdf,Sector-Wise analysis of projects,55,253
FR_201109_254,,220100194,254,"MUZAFFARPUR-SITAMARHI(NL),ECR - ECR,Bihar",NL,,RAILWAYS,2011-09,1997-04,,100.0,322.29,411.22,,,425.42,,,2012-03,,,,0,0,,,,FR_SEP_2011.pdf,Sector-Wise analysis of projects,55,254
FR_201109_255,,220100240,255,"JAYNAGAR-DARBHANGA-NARKATIA GANJ(GC),ECR - ECR,Bihar",GC,,RAILWAYS,2011-09,1997-04,,233.0,335.77,903.56,,,561.57,,,2012-03,,,,0,0,,,,FR_SEP_2011.pdf,Sector-Wise analysis of projects,55,255
FR_201109_256,,N22000002,256,"MANSI-PURNIA (EXTENSION OF MANSI-SAHARSA) GAN ECR - ECR,Bihar",EXTENSION OF MANSI-SAHARSA,,RAILWAYS,2011-09,1996-04,,114.01,283.95,427.89,,,340.51,2011-03,,2012-03,,,,0,0,,,,FR_SEP_2011.pdf,Sector-Wise analysis of projects,55,256
FR_201109_257,,N22000052,257,"HARNOUT -SET.UP OF W/S TO UND. POH OF UP TO50 COAC - WS&PU,Bihar",,,RAILWAYS,2011-09,2003-04,,98.74,224.51,337.3,,,195.66,,,2012-03,,,,0,0,,,,FR_SEP_2011.pdf,Sector-Wise analysis of projects,55,257
FR_201109_258,,N22000053,258,"CHHAPRA-SETTING UP OF WHEEL MANUFACTURING PLANT - WS&PU,Bihar",,,RAILWAYS,2011-09,2005-03,,470.09,1417.97,1417.97,,,933.24,,,2012-03,,,,0,0,,,,FR_SEP_2011.pdf,Sector-Wise analysis of projects,55,258
FR_201109_259,,N22000075,259,"SALKA ROAD -ANUPNAGAR LINE DOUBLING - RVNL,Chhatisgarh",,,RAILWAYS,2011-09,2006-09,,324.9,,324.9,,,,2010-03,,2012-03,,,,0,0,,,,FR_SEP_2011.pdf,Sector-Wise analysis of projects,56,259
FR_201109_260,,N22000083,260,"CONSTRUCTION OF NEW LINE FROM HARMATI-ITANAGAR/NAR - NEFR,Arunachal Pr.",,,RAILWAYS,2011-09,1996-09,,156.0,,254.29,,,191.49,,,2012-03,,,,0,0,,,,FR_SEP_2011.pdf,Sector-Wise analysis of projects,56,260
FR_201109_261,,N22000094,261,"ELECTRIFICATION OF KHURJA- MEERUT-SAHARANPUR & G'BA - RE,Uttar Pradesh",,,RAILWAYS,2011-09,2008-02,,171.1,,171.1,,,137.47,2012-03,,2012-03,,,,0,0,,,,FR_SEP_2011.pdf,Sector-Wise analysis of projects,56,261
FR_201109_262,,N22000095,262,"ELECTRIFICATION OF MORADABAD- ROZA - RE,Uttar Pradesh",,,RAILWAYS,2011-09,2004-12,,129.17,,220.0,,,218.15,2011-03,,2012-03,,,,0,0,,,,FR_SEP_2011.pdf,Sector-Wise analysis of projects,56,262
FR_201109_263,,N22000097,263,"TAMLUK DIGHA,LINE DOUBLING (SER) - SER,West Bengal",SER,,RAILWAYS,2011-09,1984-03,,293.97,,723.27,,,381.93,2005-06,2011-07,2012-03,,,,0,0,,,,FR_SEP_2011.pdf,Sector-Wise analysis of projects,56,263
FR_201109_264,,N22000115,264,"Tinpahar - Sahibganj (ER) - ER,Jharkhandd",ER,,RAILWAYS,2011-09,2008-04,,167.73,,167.73,,,36.32,2012-03,,2012-03,,,,0,0,,,,FR_SEP_2011.pdf,Sector-Wise analysis of projects,56,264
FR_201109_265,,220100208,265,"HOWRAH-AMTA-CHAMPADANGA NL (SER) - SER,West Bengal",SER,,RAILWAYS,2011-09,1974-04,,31.42,154.3,499.16,,,145.14,2007-03,2007-03,2012-06,,,,0,0,,,,FR_SEP_2011.pdf,Sector-Wise analysis of projects,56,265
FR_201109_266,,220100188,266,"NANGALDAM-TALWARA(NL),NR - (NR),Multi State",NR,,RAILWAYS,2011-09,1981-03,,37.68,450.0,730.0,,,326.92,2012-07,,2012-07,,,,0,0,,,,FR_SEP_2011.pdf,Sector-Wise analysis of projects,56,266
FR_201109_267,,220100233,267,"CONV.OF 1500V DC TRACTION TO 25 KV AC,WR - RE,Maharashtra",,,RAILWAYS,2011-09,1996-07,,273.67,1160.52,1302.12,,,579.88,,,2012-12,,,,0,0,,,,FR_SEP_2011.pdf,Sector-Wise analysis of projects,56,267
FR_201109_268,,220100241,268,"CHANDIGARH-LUDHIANA(NEW BG LINE),NR - (NR),Punjab",NR,,RAILWAYS,2011-09,1998-07,,248.44,576.27,1104.4,,,789.49,2012-12,,2012-12,,,,0,0,,,,FR_SEP_2011.pdf,Sector-Wise analysis of projects,56,268
FR_201109_269,,220100277,269,"BANKURA - DAMODAR (GC) (SER) - SER,West Bengal",SER,,RAILWAYS,2011-09,1998-03,,111.9,,1211.22,,,390.16,2005-03,2008-12,2012-12,,,,0,0,,,,FR_SEP_2011.pdf,Sector-Wise analysis of projects,56,269
FR_201109_270,,220100280,270,"JIND-SONEPAT (NL),NR - (NR),Haryana",NR,,RAILWAYS,2011-09,2004-01,,190.81,238.56,401.83,,,338.99,2012-03,,2012-12,,,,0,0,,,,FR_SEP_2011.pdf,Sector-Wise analysis of projects,56,270
FR_201109_271,,220100304,271,"KOSI BRIDGE (NL), ECR - ECR,Bihar",NL,,RAILWAYS,2011-09,2002-04,,323.41,,341.41,,,240.86,,,2012-12,,,,0,0,,,,FR_SEP_2011.pdf,Sector-Wise analysis of projects,56,271
FR_201109_272,,220100307,272,"RAIL-CUM-ROAD BRIDGE AT MUNGER (NL), ECR - ECR,Bihar",NL,,RAILWAYS,2011-09,2002-04,,921.0,,981.0,,,536.25,2009-03,,2012-12,,,,0,0,,,,FR_SEP_2011.pdf,Sector-Wise analysis of projects,56,272
FR_201109_273,,220100308,273,"PATNA GANGA BRIDGE (NL), ECR - ECR,Bihar",NL,,RAILWAYS,2011-09,2001-04,,624.47,,1389.98,,,998.45,2007-10,,2012-12,,,,0,0,,,,FR_SEP_2011.pdf,Sector-Wise analysis of projects,56,273
FR_201109_274,,N22000077,274,"BHOPAL BINA 3D LINE DOUBLING - RVNL,Madhya pradesh",,,RAILWAYS,2011-09,2007-09,,687.2,,687.2,,,,2010-03,,2012-12,,,,0,0,,,,FR_SEP_2011.pdf,Sector-Wise analysis of projects,56,274
FR_201109_275,,N22000119,275,"Bandel-Naihati new rail bridge in replacement of j - ER,West Bengal",,,RAILWAYS,2011-09,1999-04,,207.52,,207.52,,,105.66,2012-12,,2012-12,,,,0,0,,,,FR_SEP_2011.pdf,Sector-Wise analysis of projects,56,275
FR_201109_276,,220100184,276,"DAUSA-GANGAPUR CITY(NL),NWR - NWR,Rajasthan",NL,,RAILWAYS,2011-09,1997-02,,151.84,410.08,410.08,,,150.36,,,2013-03,,,,0,0,,,,FR_SEP_2011.pdf,Sector-Wise analysis of projects,56,276
FR_201109_277,,220100263,277,"QUILON-TIRUNELVELI-TENKASI- VIRUDHUNAGAR(SR)(GC) - SR,Multi State",GC,,RAILWAYS,2011-09,1998-03,,280.0,,1029.0,,,691.73,,,2013-03,,,,0,0,,,,FR_SEP_2011.pdf,Sector-Wise analysis of projects,56,277
FR_201109_278,,N22000120,278,"Ratlam-Mhow-Khandwa-Akola (GC) - WR,Madhya pradesh",GC,,RAILWAYS,2011-09,2008-04,,603.04,,603.04,,,45.88,2012-03,,2013-03,,,,0,0,,,,FR_SEP_2011.pdf,Sector-Wise analysis of projects,56,278
FR_201109_279,,N22000121,279,"Ahmedabad-Himmatnagar-Udaipur (WR) - WR,Gujarat",WR,,RAILWAYS,2011-09,2008-04,,394.13,41.0,394.14,,,0.49,2013-03,,2013-03,,,,0,0,,,,FR_SEP_2011.pdf,Sector-Wise analysis of projects,56,279
FR_201109_280,,N22000028,280,"EXT. OF MRTS FROM VELACHERY TO STN. THOMAS, MTP - MRTP,Tamil Nadu",,,RAILWAYS,2011-09,2006-04,,495.74,495.74,495.74,,,132.26,2013-06,,2013-06,,,,0,0,,,,FR_SEP_2011.pdf,Sector-Wise analysis of projects,57,280
FR_201109_281,,N22000117,281,"Ghutiasharif-Canning (ER) - ER,West Bengal",ER,,RAILWAYS,2011-09,2009-04,,189.97,,189.97,,,64.1,2011-12,,2013-11,,,,0,0,,,,FR_SEP_2011.pdf,Sector-Wise analysis of projects,57,281
FR_201109_282,,220100324,282,"CHHINDWARA - NAGPUR (GC)(SECR) - SECR,Madhya pradesh",SECR,,RAILWAYS,2011-09,2005-04,,383.79,,585.93,,,176.03,,,2013-12,,,,0,0,,,,FR_SEP_2011.pdf,Sector-Wise analysis of projects,57,282
FR_201109_283,,N22000126,283,"Katakhal to Bhairabi - NEFR,Assam",,,RAILWAYS,2011-09,1998-04,,227.9,,223.01,,,83.52,2012-12,,2013-12,,,,0,0,,,,FR_SEP_2011.pdf,Sector-Wise analysis of projects,57,283
FR_201109_284,,N22000127,284,"Lumding-SILCHAR Jiribam, Badarpur- Baraigram Kumarg - NEFR,Assam",,,RAILWAYS,2011-09,1996-04,,1676.31,,4091.33,,,2785.91,2009-03,,2013-12,,,,0,0,,,,FR_SEP_2011.pdf,Sector-Wise analysis of projects,57,284
FR_201109_285,,220100266,285,"NEW MAYNAGURI TO JOGIGHOPA VIA CHANGRABANDHA (NL), - NEFR,Multi State",NL,,RAILWAYS,2011-09,2000-04,,733.0,,1655.8,,,820.57,2008-12,,2014-03,,,,0,0,,,,FR_SEP_2011.pdf,Sector-Wise analysis of projects,57,285
FR_201109_286,,220100315,286,"RANGIA-MURKONGSELEK, (GC) ALONG WITH LINKED FINGER - NEFR,Multi State",GC,,RAILWAYS,2011-09,2004-01,,915.7,,1717.29,,,724.96,,,2014-03,,,,0,0,,,,FR_SEP_2011.pdf,Sector-Wise analysis of projects,57,286
FR_201109_287,,N22000099,287,"AGARTALA SABROOM, NL, NEFR - NEFR,Tripura",,,RAILWAYS,2011-09,2008-04,,813.34,,1141.75,,,211.09,2014-03,,2014-03,,,,0,0,,,,FR_SEP_2011.pdf,Sector-Wise analysis of projects,57,287
FR_201109_288,,N22000100,288,"BHAIRABI SAIRONG, NL, NEFR - NEFR,Mizoram",,,RAILWAYS,2011-09,2008-04,,619.34,,2393.49,,,3.61,2014-04,,2014-03,,,,0,0,,,,FR_SEP_2011.pdf,Sector-Wise analysis of projects,57,288
FR_201109_289,,N22000113,289,"Jaipur - Ringus - Churu and Sikar - Loharu Guage C - NWR,Rajasthan",,,RAILWAYS,2011-09,2008-04,,653.19,,653.19,,,7.3,2014-03,,2014-03,,,,0,0,,,,FR_SEP_2011.pdf,Sector-Wise analysis of projects,57,289
FR_201109_290,,N22000114,290,"Suratpura - Hanumangarh - Sriganganagar Guage Conv - NWR,Rajasthan",,,RAILWAYS,2011-09,2008-04,,516.23,,516.23,,,75.92,2014-03,,2014-03,,,,0,0,,,,FR_SEP_2011.pdf,Sector-Wise analysis of projects,57,290
FR_201109_291,,N22000122,291,"Udhna-Jalgaon with electrification(doubling) (WR) - WR,Gujarat",WR,,RAILWAYS,2011-09,2008-04,,1389.62,,1389.62,,,192.09,2014-03,,2014-03,,,,0,0,,,,FR_SEP_2011.pdf,Sector-Wise analysis of projects,57,291
FR_201109_292,,N22000088,292,"UTRATIA-ZAFRABAD, NR (LINE DOUBLING) - (NR),Uttar Pradesh",NR,,RAILWAYS,2011-09,2006-04,,325.0,,369.9,,,107.6,2010-03,2014-06,2014-06,,,,0,0,,,,FR_SEP_2011.pdf,Sector-Wise analysis of projects,57,292
FR_201109_293,,220100201,293,"RAIL-CUM-ROAD BRIDGE OVER RIVER BRAHAMAPUTRA BRIDG - NEFR,Assam",,,RAILWAYS,2011-09,1997-09,,1000.0,1500.0,3230.01,,,2226.12,2008-04,2014-03,2014-12,,,,0,0,,,,FR_SEP_2011.pdf,Sector-Wise analysis of projects,57,293
FR_201109_294,,220100303,294,"HAJIPUR-SUGAULI VIA VAISHALI (NL), ECR - ECR,Bihar",NL,,RAILWAYS,2011-09,2003-04,,324.66,,324.66,,,166.8,,,2015-03,,,,0,0,,,,FR_SEP_2011.pdf,Sector-Wise analysis of projects,57,294
FR_201109_295,,N22000092,295,"MUMBAI URBAN TRANSPORT PROJECT PHASE-II, MTP - MRTP,Maharashtra",,,RAILWAYS,2011-09,2008-04,,5300.0,,5300.0,,,278.51,2014-03,,2015-03,,,,0,0,,,,FR_SEP_2011.pdf,Sector-Wise analysis of projects,57,295
FR_201109_296,,N22000112,296,"Himmatnagar - Udaipur Gauge Canvession (NWR) - NWR,Rajasthan",NWR,,RAILWAYS,2011-09,2008-04,,829.74,,829.74,,,,2015-03,,2015-03,,,,0,0,,,,FR_SEP_2011.pdf,Sector-Wise analysis of projects,57,296
FR_201109_297,,N22000124,297,"New Line from Dimapur to Zubza(Kohima) national pr - NEFR,Nagaland",Kohima,,RAILWAYS,2011-09,2006-04,,850.0,,850.0,,,8.44,2015-03,,2015-03,,,,0,0,,,,FR_SEP_2011.pdf,Sector-Wise analysis of projects,57,297
FR_201109_298,,N22000102,298,"SEVOK RANGPO, NEFR - NEFR,Sikkim",,,RAILWAYS,2011-09,2008-04,,1339.48,42.0,3380.57,,,52.63,2015-12,,2015-12,,,,0,0,,,,FR_SEP_2011.pdf,Sector-Wise analysis of projects,57,298
FR_201109_299,,220100288,299,"JIRIBAM TO IMPHAL (TUPUI)(NL)(NEFR) - NEFR,Manipur",NEFR,,RAILWAYS,2011-09,2003-04,,727.56,727.53,3056.85,,,467.89,2011-03,2014-03,2016-03,,,,0,0,,,,FR_SEP_2011.pdf,Sector-Wise analysis of projects,58,299
FR_201109_300,,N22000109,300,"New Work for Construction of Metro railway from Ba - RVNL,West Bengal",,,RAILWAYS,2011-09,2010-04,,2069.6,,2069.6,,,,2014-03,,2016-03,,,,0,0,,,,FR_SEP_2011.pdf,Sector-Wise analysis of projects,58,300
FR_201109_301,,N22000110,301,"New Work for Construction of Metro railway from NS - RVNL,West Bengal",,,RAILWAYS,2011-09,2010-04,,3951.98,,3951.98,,,,2016-03,,2016-03,,,,0,0,,,,FR_SEP_2011.pdf,Sector-Wise analysis of projects,58,301
FR_201109_302,,N22000111,302,"New Work for Construction of Metro railway - RVNL,West Bengal",,,RAILWAYS,2011-09,2010-04,,2619.02,,2619.02,,,,2016-03,,2016-03,,,,0,0,,,,FR_SEP_2011.pdf,Sector-Wise analysis of projects,58,302
FR_201109_303,,N22000108,303,"New Work for Construction of Metro railway from No - RVNL,West Bengal",,,RAILWAYS,2011-09,2010-04,,2397.72,,2397.72,,,0.02,2016-03,,2016-06,,,,0,0,,,,FR_SEP_2011.pdf,Sector-Wise analysis of projects,58,303
FR_201109_304,,220100133,304,"UDHAMPUR-SRINAGAR-BARAMULLA (NL),NR - (NR),J & K",NR,,RAILWAYS,2011-09,1995-03,,2500.0,8000.0,20000.0,,,7430.73,2001-03,,2017-12,,,,0,0,,,,FR_SEP_2011.pdf,Sector-Wise analysis of projects,58,304
FR_201109_305,,220100062,305,"VIRAMGAM-BHILDI(WR),GC - WR,Multi State",WR,,RAILWAYS,2011-09,1990-04,,155.66,,356.87,,,149.63,2010-03,,,,,,0,0,,,,FR_SEP_2011.pdf,Sector-Wise analysis of projects,58,305
FR_201109_306,,220100135,306,"New BG line Rly line from Eklakhi- Balurghat includ - NEFR,West Bengal",,,RAILWAYS,2011-09,1983-04,,36.8,274.41,415.23,,,234.54,,,,,,,0,0,,,,FR_SEP_2011.pdf,Sector-Wise analysis of projects,58,306
FR_201109_307,,220100149,307,"DALLI-RAJHARA - RAOGHAT(PART OF DALLI-RAJHARA-JAGD - RVNL,Chhatisgarh",,,RAILWAYS,2011-09,1995-04,,304.0,,968.6,,,87.09,2012-12,,,,,,0,0,,,,FR_SEP_2011.pdf,Sector-Wise analysis of projects,58,307
FR_201109_308,,220100151,308,"CALICUT-MANGALORE (DL) (SR) - SR,Multi State",SR,,RAILWAYS,2011-09,1996-02,,240.0,,579.37,,,594.05,,,,,,,0,0,,,,FR_SEP_2011.pdf,Sector-Wise analysis of projects,58,308
FR_201109_309,,220100181,309,"AHMEDNAGAR-PARLI VAIJNATH(NL) CR - CR,Maharashtra",NL,,RAILWAYS,2011-09,1997-02,,353.08,462.67,1010.0,,,97.9,,,,,,,0,0,,,,FR_SEP_2011.pdf,Sector-Wise analysis of projects,58,309
FR_201109_310,,220100183,310,"HASSAN-BANGALORE VIA SHRAVANA-BELGOLA(NL),SWR - SWR,Karnataka",NL,,RAILWAYS,2011-09,1997-02,,295.0,,412.91,,,475.05,,,,,,,0,0,,,,FR_SEP_2011.pdf,Sector-Wise analysis of projects,58,310
FR_201109_311,,220100186,311,"GONDIA-JABALPUR(GC),(SECR) - SECR,Multi State",SECR,,RAILWAYS,2011-09,1997-02,,386.3,,1038.0,,,553.42,1998-03,,,,,,0,0,,,,FR_SEP_2011.pdf,Sector-Wise analysis of projects,58,311
FR_201109_312,,220100191,312,"KARUR-SALEM(NL),SR - SR,Tamil Nadu",NL,,RAILWAYS,2011-09,1997-02,,155.55,,945.73,,,611.54,,,,,,,0,0,,,,FR_SEP_2011.pdf,Sector-Wise analysis of projects,58,312
FR_201109_313,,220100193,313,"HUBLI-ANKOLA(NL),SWR - SWR,Karnataka",NL,,RAILWAYS,2011-09,1995-04,,227.0,,997.58,,,63.92,,,,,,,0,0,,,,FR_SEP_2011.pdf,Sector-Wise analysis of projects,58,313
FR_201109_314,,220100205,314,"MUNEERABAD- MAHABOOBNAGAR(NL),SCR - SCR,Multi State",NL,,RAILWAYS,2011-09,1997-04,,218.24,377.32,537.47,,,91.53,,,,,,,0,0,,,,FR_SEP_2011.pdf,Sector-Wise analysis of projects,58,314
FR_201109_315,,220100220,315,"MACHERLA-NALGONDA(NL)(SCR) - SCR,Andhra Pradesh",SCR,,RAILWAYS,2011-09,1998-07,,125.0,,363.26,,,0.27,2008-07,,,,,,0,0,,,,FR_SEP_2011.pdf,Sector-Wise analysis of projects,58,315
FR_201109_316,,220100222,316,"KODERMA-RANCHI VIA BARKAKANA (NL),ECR - ECR,Jharkhandd",NL,,RAILWAYS,2011-09,1999-03,,491.19,1099.2,1099.2,,,1083.81,2005-07,,,,,,0,0,,,,FR_SEP_2011.pdf,Sector-Wise analysis of projects,58,316
FR_201109_317,,220100252,317,"ANGAMALI-SABARIMALA (N.L.)(SR) - SR,Kerala",SR,,RAILWAYS,2011-09,1998-10,,550.0,,1214.0,,,71.95,,,,,,,0,0,,,,FR_SEP_2011.pdf,Sector-Wise analysis of projects,58,317
FR_201109_318,,220100254,318,"GULBARGA-BIDAR,SCR(NL) - SCR,Karnataka",NL,,RAILWAYS,2011-09,1998-02,,242.42,369.7,554.55,,,255.68,2009-05,,,,,,0,0,,,,FR_SEP_2011.pdf,Sector-Wise analysis of projects,58,318
FR_201109_319,,220100257,319,"KHAGARIA-KUSHESHWAR ASTHAN (NL) (ECR) - ECR,Bihar",ECR,,RAILWAYS,2011-09,1997-04,,78.23,,162.87,,,87.25,,,,,,,0,0,,,,FR_SEP_2011.pdf,Sector-Wise analysis of projects,59,319
FR_201109_320,,220100258,320,"JALANDHAR-PATHANKOT-JAMMU- TAWI (LD),NR - (NR),Multi State",NR,,RAILWAYS,2011-09,2002-03,,409.0,625.3,847.76,,,815.43,2007-06,,,,,,0,0,,,,FR_SEP_2011.pdf,Sector-Wise analysis of projects,59,320
FR_201109_321,,220100260,321,"REINGUNTA-GUNTAKAL(RE) - RVNL,Andhra Pradesh",RE,,RAILWAYS,2011-09,2000-06,,168.34,,296.2,,,,2003-04,2010-03,,,,,0,0,,,,FR_SEP_2011.pdf,Sector-Wise analysis of projects,59,321
FR_201109_322,,220100262,322,"TIRUCHIRAPPALI-NAGORE- KARAIKKAL(SR)(GC) - SR,Tamil Nadu",GC,,RAILWAYS,2011-09,1995-09,,100.0,,548.96,,,473.44,,,,,,,0,0,,,,FR_SEP_2011.pdf,Sector-Wise analysis of projects,59,322
FR_201109_323,,220100265,323,"KOTLPALLI-NARASAPUR (NL) (SCR) - SCR,Andhra Pradesh",SCR,,RAILWAYS,2011-09,2001-12,,330.0,,695.0,,,9.44,,,,,,,0,0,,,,FR_SEP_2011.pdf,Sector-Wise analysis of projects,59,323
FR_201109_324,,220100273,324,"DEOGHAR - SULTANGANJ (INL), ER - ER,Multi State",INL,,RAILWAYS,2011-09,2000-04,,138.0,519.67,607.09,,,338.4,2012-12,,,,,,0,0,,,,FR_SEP_2011.pdf,Sector-Wise analysis of projects,59,324
FR_201109_325,,220100274,325,"BANGLORE - SATYAMANGALAM (NL)(SWR) - SWR,Karnataka",SWR,,RAILWAYS,2011-09,1999-02,,138.0,,901.62,,,0.29,,,,,,,0,0,,,,FR_SEP_2011.pdf,Sector-Wise analysis of projects,59,325
FR_201109_326,,220100305,326,"KODERMA-TILAIYA (NL), ECR - ECR,Jharkhandd",NL,,RAILWAYS,2011-09,2002-04,,459.91,,418.17,,,73.55,,,,,,,0,0,,,,FR_SEP_2011.pdf,Sector-Wise analysis of projects,59,326
FR_201109_327,,220100314,327,"RAMGANJMUNDI-BHOPAL (NL),WCR - WCR,Madhya pradesh",NL,,RAILWAYS,2011-09,2001-04,,727.13,727.13,1225.0,,,210.51,,,,,,,0,0,,,,FR_SEP_2011.pdf,Sector-Wise analysis of projects,59,327
FR_201109_328,,220100322,328,"PRATAPNAGAR-CHOTA UDAIPUR (GC) (WR) - WR,Gujarat",WR,,RAILWAYS,2011-09,2005-04,,148.61,,227.52,,,258.74,2008-03,2009-03,,,,,0,0,,,,FR_SEP_2011.pdf,Sector-Wise analysis of projects,59,328
FR_201109_329,,220100323,329,"RUPSA-BANGRIPOSI (GC)(SER) - SER,Orissa",SER,,RAILWAYS,2011-09,1996-02,,57.94,,173.49,,,176.56,1998-03,2005-08,,,,,0,0,,,,FR_SEP_2011.pdf,Sector-Wise analysis of projects,59,329
FR_201109_330,,220100325,330,"SUKINDA ROAD - ANGUL (NL)(ECOR) - RVNL,Orissa",ECOR,,RAILWAYS,2011-09,1998-04,,183.23,,638.0,,,25.02,2015-02,,,,,,0,0,,,,FR_SEP_2011.pdf,Sector-Wise analysis of projects,59,330
FR_201109_331,,N22000032,331,"MANOHARABAD-KOTHPALL NEW LINE(SCR) - SCR,Andhra Pradesh",SCR,,RAILWAYS,2011-09,2006-04,,378.56,671.82,791.6,,,0.76,,,,,,,0,0,,,,FR_SEP_2011.pdf,Sector-Wise analysis of projects,59,331
FR_201109_332,,N22000045,332,"GOELKERA-MANOHARPUR,(LD)(SER) - SER,Jharkhandd",SER,,RAILWAYS,2011-09,1997-03,,186.92,,261.7,,,21.6,2006-02,,,,,,0,0,,,,FR_SEP_2011.pdf,Sector-Wise analysis of projects,59,332
FR_201109_333,,N22000049,333,"OBULAVARIPALLE- KRISHNAPATNAM(RVNL) - RVNL,Andhra Pradesh",RVNL,,RAILWAYS,2011-09,2006-07,,743.0,,732.8,,,308.13,2008-03,2008-06,,,,,0,0,,,,FR_SEP_2011.pdf,Sector-Wise analysis of projects,59,333
FR_201109_334,,N22000079,334,"MAYLADUTHURAI-THIRUVARUR- KARAIKUDI-THIRU 'PONDI'-A - SR,Tamil Nadu",,,RAILWAYS,2011-09,2007-09,,404.19,,900.0,,,190.84,,,,,,,0,0,,,,FR_SEP_2011.pdf,Sector-Wise analysis of projects,59,334
FR_201109_335,,N22000080,335,"DINDIGUL-POLLACHI-PALGHAT- POLLACHI AND COIMBATORE - SR,Tamil Nadu",,,RAILWAYS,2011-09,2006-09,,343.17,,900.0,,,418.72,,,,,,,0,0,,,,FR_SEP_2011.pdf,Sector-Wise analysis of projects,59,335
FR_201109_336,,N22000084,336,"TINDIVANAM-GINGEE- TIRUVANNAMALAI (NL) - SR,Tamil Nadu",NL,,RAILWAYS,2011-09,2006-09,,125.0,,227.4,,,21.98,,,,,,,0,0,,,,FR_SEP_2011.pdf,Sector-Wise analysis of projects,59,336
FR_201109_337,,N22000085,337,"TIDIVANAM-NAGARI (NL) - SR,Tamil Nadu",NL,,RAILWAYS,2011-09,2006-09,,456.0,,582.83,,,87.07,,,,,,,0,0,,,,FR_SEP_2011.pdf,Sector-Wise analysis of projects,59,337
FR_201109_338,,N22000087,338,"NEW B.G. LINE FROM ARARIA TO GALGALIA (THAKURGUNG) - NEFR,Bihar",THAKURGUNG,,RAILWAYS,2011-09,2006-09,,300.0,300.0,529.88,,,36.59,,,,,,,0,0,,,,FR_SEP_2011.pdf,Sector-Wise analysis of projects,59,338
FR_201109_339,,N22000096,339,"RAJPIPLA-ANKELASHWAR, WR (GC) - WR,Gujarat",GC,,RAILWAYS,2011-09,2006-04,,196.97,44.0,196.97,,,176.51,2011-03,,,,,,0,0,,,,FR_SEP_2011.pdf,Sector-Wise analysis of projects,59,339
FR_201109_340,,N22000101,340,"KISHANGANJ JALALGARH, NL, NEFR - NEFR,Bihar",,,RAILWAYS,2011-09,2008-04,,282.92,,359.86,,,0.71,,,,,,,0,0,,,,FR_SEP_2011.pdf,Sector-Wise analysis of projects,60,340
FR_201109_341,,N22000125,341,"Bhavnagar-workshop facilities for 50 BG coaches PO - WR,Gujarat",,,RAILWAYS,2011-09,2006-04,,117.36,196.95,196.95,,,170.78,2011-03,,,,,,0,0,,,,FR_SEP_2011.pdf,Sector-Wise analysis of projects,60,341
FR_201109_342,,220100118,342,"AMRAVATI-NARKHER NL(CR) - CR,Maharashtra",CR,,RAILWAYS,2011-09,1994-06,,120.9,284.27,548.95,,,457.16,1999-06,2011-03,,,,,0,0,,,,FR_SEP_2011.pdf,Sector-Wise analysis of projects,60,342
FR_201109_343,,220100164,343,"BELAPUR-SEAWOOD-URAN ELECTRIF-IED DOUBLE LINE(MTP) - MRTP,Maharashtra",MTP,,RAILWAYS,2011-09,1996-03,,401.81,495.44,495.44,,,166.9,2004-03,,,,,,0,0,,,,FR_SEP_2011.pdf,Sector-Wise analysis of projects,60,343
FR_201109_344,,220100212,344,"KOTTUR-HARIHAR(NL),(SWR) - SWR,Karnataka",SWR,,RAILWAYS,2011-09,1995-04,,65.94,281.2,302.23,,,327.81,2011-03,,,,,,0,0,,,,FR_SEP_2011.pdf,Sector-Wise analysis of projects,60,344
FR_201109_345,,220100214,345,"RANCHI-LOHARDAGA(GC),SER - SER,Jharkhandd",GC,,RAILWAYS,2011-09,1997-04,,194.07,,456.45,,,267.63,2004-06,2005-04,,,,,0,0,,,,FR_SEP_2011.pdf,Sector-Wise analysis of projects,60,345
FR_201109_346,,220100232,346,"LALITPUR-SATNA-REWA-SINGRULI NL, (NCR) - NCR,Multi State",NCR,,RAILWAYS,2011-09,1998-09,,925.0,,925.0,,,504.78,2008-05,2011-03,,,,,0,0,,,,FR_SEP_2011.pdf,Sector-Wise analysis of projects,60,346
FR_201109_347,,220100243,347,"AGRA-ETAWAH VIA FATEHABAD AND BAH (NL) NCR - NCR,Uttar Pradesh",NL,,RAILWAYS,2011-09,1999-04,,108.0,214.09,227.42,,,250.82,2009-12,2011-03,,,,,0,0,,,,FR_SEP_2011.pdf,Sector-Wise analysis of projects,60,347
FR_201109_348,,220100247,348,"KATIHAR - JOGBANI (GC)(NEFR) - NEFR,Bihar",NEFR,,RAILWAYS,2011-09,2001-09,,100.0,492.98,1015.84,,,720.44,2010-12,,,,,,0,0,,,,FR_SEP_2011.pdf,Sector-Wise analysis of projects,60,348
FR_201109_349,,220100255,349,"GONDA-GORAKHPUR LOOP WITH ANAND NAGAR-NAUTANWA GC (NER) - NER,Uttar Pradesh",NER,,RAILWAYS,2011-09,2002-03,,381.17,863.23,863.23,,,428.04,,,,,,,0,0,,,,FR_SEP_2011.pdf,Sector-Wise analysis of projects,60,349
FR_201109_350,,220100256,350,"KAPTANGANJ-THAWE-SIWAN- CHHAPRA GC (NER) - NER,Multi State",NER,,RAILWAYS,2011-09,1999-04,,323.4,,522.56,,,440.68,,,,,,,0,1,,,,FR_SEP_2011.pdf,Sector-Wise analysis of projects,60,350
FR_201109_351,,220100268,351,"TOLLYGANJ-GARIA with extension to Dum Dum-Noapara - MRTP,West Bengal",,,RAILWAYS,2011-09,2000-03,,907.69,1032.76,3176.1,,,3076.13,2006-12,2010-08,,,,,0,0,,,,FR_SEP_2011.pdf,Sector-Wise analysis of projects,60,351
FR_201109_352,,220100270,352,"GADWAL - RAICHUR (NL), SCR - SCR,Multi State",NL,,RAILWAYS,2011-09,1998-04,,92.63,108.91,228.09,,,234.86,2011-02,,,,,,0,0,,,,FR_SEP_2011.pdf,Sector-Wise analysis of projects,60,352
FR_201109_353,,220100279,353,"REWARI-ROHTAK (NL),NR - (NR),Haryana",NR,,RAILWAYS,2011-09,2004-01,,149.38,330.23,475.28,,,471.11,2010-02,2011-02,,,,,0,0,,,,FR_SEP_2011.pdf,Sector-Wise analysis of projects,60,353
FR_201109_354,,220100306,354,"KODERMA GIRIDH (NL), ECR - ECR,Jharkhandd",NL,,RAILWAYS,2011-09,1996-04,,371.36,,452.35,,,369.25,,,,,,,0,0,,,,FR_SEP_2011.pdf,Sector-Wise analysis of projects,60,354
FR_201109_355,,220100313,355,"SRIGANGANAGAR-SARUPSAR (GC), NWR - NWR,Rajasthan",GC,,RAILWAYS,2011-09,2001-04,,143.92,258.6,258.6,,,235.66,2011-03,,,,,,0,0,,,,FR_SEP_2011.pdf,Sector-Wise analysis of projects,60,355
FR_201109_356,,220100316,356,"MAHARAJGANJ-MASRAKH (NL) - NER - NER,Bihar",NL,,RAILWAYS,2011-09,2003-04,,218.19,,218.19,,,131.63,,,,,,,0,0,,,,FR_SEP_2011.pdf,Sector-Wise analysis of projects,60,356
FR_201109_357,,220100319,357,"HATHUA-BHATNI (N L) (NER) - NER,Multi State",NER,,RAILWAYS,2011-09,2005-04,,230.03,,230.03,,,134.27,,,,,,,0,0,,,,FR_SEP_2011.pdf,Sector-Wise analysis of projects,60,357
FR_201109_358,,220100328,358,"TALCHER-BIMALAGARH(NL)(ECOR) - ECOR,Orissa",ECOR,,RAILWAYS,2011-09,2005-04,,726.96,810.78,810.78,,,82.93,,,2011-12,,,,0,0,,,,FR_SEP_2011.pdf,Sector-Wise analysis of projects,60,358
FR_201109_359,,N22000082,359,"ALUABARI ROAD SILIGURI JUNCTION VIA GALGALIA, NEFR - NEFR,Multi State",,,RAILWAYS,2011-09,2006-12,,170.0,170.0,435.87,,,356.57,2011-03,,,,,,0,0,,,,FR_SEP_2011.pdf,Sector-Wise analysis of projects,60,359
FR_201109_360,,N22000086,360,"NEW B.G. LINE FROM TETELIA TO BYRNIHAT (NATIONAL P - NEFR,Assam",,,RAILWAYS,2011-09,2006-09,,200.0,45.0,384.04,,,76.8,,,,,,,0,0,,,,FR_SEP_2011.pdf,Sector-Wise analysis of projects,60,360
FR_201109_361,,N22000091,361,"BARDHAMAN-KATWA, ER (GC) - ER,West Bengal",GC,,RAILWAYS,2011-09,2007-04,,245.15,,245.15,,,162.33,2010-12,2011-03,,,,,0,0,,,,FR_SEP_2011.pdf,Sector-Wise analysis of projects,61,361
FR_201109_362,,N22000118,362,"Pandabeswar-Chinpai doubling (ER) - ER,West Bengal",ER,,RAILWAYS,2011-09,2004-04,,225.68,,225.68,,,130.08,2010-12,,,,,,0,0,,,,FR_SEP_2011.pdf,Sector-Wise analysis of projects,61,362
FR_201109_363,,N22000123,363,"Bhuj-Naliya(GC) with extension from naliyate vayor - WR,Gujarat Total",GC,,RAILWAYS,2011-09,2008-04,,318.24,65054.74,468.62,,,2.08,2012-03,,,,,,0,0,,,,FR_SEP_2011.pdf,Sector-Wise analysis of projects,61,363
FR_201109_364,,240106260,364,"AURANG-RAIPUR, NH-6, KM.232 TO KM.281 - NHAI,Chhatisgarh",,,ROAD TRANSPORT & HIGHWAYS,2011-09,2005-03,,190.0,,190.0,,,227.0,2009-01,,2011-10,,,,0,0,,,,FR_SEP_2011.pdf,Sector-Wise analysis of projects,61,364
FR_201109_365,,240106276,365,"MADURAI-ARUPKOTTAI-TUTICORIN, KM.138.8 TO KM.264.5, NH-45 B - NHAI,Tamil Nadu",,,ROAD TRANSPORT & HIGHWAYS,2011-09,2005-03,,629.0,,629.0,,,910.0,2010-11,,2011-10,,,,0,0,,,,FR_SEP_2011.pdf,Sector-Wise analysis of projects,61,365
FR_201109_366,,240106288,366,"DAKOBA TO NAGAON (NH-36)(NHAI) - NHAI,Assam",NHAI,,ROAD TRANSPORT & HIGHWAYS,2011-09,2003-12,,225.0,,225.0,,,257.6,2008-06,,2011-10,,,,0,0,,,,FR_SEP_2011.pdf,Sector-Wise analysis of projects,61,366
FR_201109_367,,N24000030,367,"RINGBUNDS TO JHAJHANPUR (BR-6) - NHAI,Bihar",BR-6,,ROAD TRANSPORT & HIGHWAYS,2011-09,2003-12,,340.0,,340.0,,,566.4,2008-06,,2011-10,,,,0,0,,,,FR_SEP_2011.pdf,Sector-Wise analysis of projects,61,367
FR_201109_368,,N24000037,368,"THRISSUR TO ANGAMALI (NH-47) - NHAI,Kerala",NH-47,,ROAD TRANSPORT & HIGHWAYS,2011-09,2003-12,,312.5,,312.5,,,603.6,2009-03,,2011-10,,,,0,0,,,,FR_SEP_2011.pdf,Sector-Wise analysis of projects,61,368
FR_201109_369,,N24000055,369,"NAGPUR-KONDHALI,NH-6(NHAI) - NHAI,Maharashtra",NHAI,,ROAD TRANSPORT & HIGHWAYS,2011-09,2005-03,,168.0,,168.0,,,385.3,2008-12,,2011-10,,,,0,0,,,,FR_SEP_2011.pdf,Sector-Wise analysis of projects,61,369
FR_201109_370,,N24000099,370,"TRICHY - DINDIGUAL NH-45 - NHAI,Tamil Nadu",,,ROAD TRANSPORT & HIGHWAYS,2011-09,2005-03,,576.0,,576.0,,,658.2,2010-07,,2011-10,,,,0,0,,,,FR_SEP_2011.pdf,Sector-Wise analysis of projects,61,370
FR_201109_371,,N24000100,371,"PONDICHERY - TINDIVANAU NH-66 - NHAI,Tamil Nadu",,,ROAD TRANSPORT & HIGHWAYS,2011-09,2005-03,,285.0,,285.0,,,359.2,2010-07,,2011-10,,,,0,0,,,,FR_SEP_2011.pdf,Sector-Wise analysis of projects,61,371
FR_201109_372,,N24000118,372,"END OF DURG BYPASS- CHHATISGARH/MAHARASHTRA BORDER - NHAI,Chhatisgarh",,,ROAD TRANSPORT & HIGHWAYS,2011-09,2008-01,,464.0,,464.0,,,419.9,2011-01,,2011-10,,,,0,0,,,,FR_SEP_2011.pdf,Sector-Wise analysis of projects,61,372
FR_201109_373,,N24000129,373,"Chennai-Tada(Six lane) - NHAI,Tamil Nadu",Six lane,,ROAD TRANSPORT & HIGHWAYS,2011-09,2009-04,,353.37,,353.37,,,200.4,2011-10,,2011-10,,,,0,0,,,,FR_SEP_2011.pdf,Sector-Wise analysis of projects,61,373
FR_201109_374,,240106297,374,"KOTA BYPASS,RJ-4, NH-76 (NHAI) - NHAI,Rajasthan",NHAI,,ROAD TRANSPORT & HIGHWAYS,2011-09,2003-12,,275.0,,250.39,,,277.1,2008-10,,2011-11,,,,0,0,,,,FR_SEP_2011.pdf,Sector-Wise analysis of projects,61,374
FR_201109_375,,240106300,375,"LALITPUR TO SAGAR KM 132 TO KM 187, NH-26 (NHAI) - NHAI,Madhya pradesh",NHAI,,ROAD TRANSPORT & HIGHWAYS,2011-09,2003-12,,225.0,,225.0,,,254.5,2008-10,,2011-11,,,,0,0,,,,FR_SEP_2011.pdf,Sector-Wise analysis of projects,61,375
FR_201109_376,,N24000097,376,"JHANSI TO LALITPUR, NH-26 - NHAI,Uttar Pradesh",,,ROAD TRANSPORT & HIGHWAYS,2011-09,2003-12,,276.09,,276.09,,,295.3,2009-09,,2011-11,,,,0,0,,,,FR_SEP_2011.pdf,Sector-Wise analysis of projects,61,376
FR_201109_377,,240101132,377,"HAVERI-HARIHAR (GQ) KM.340- KM.284 (NH-4) - NHAI,Karnataka",NH-4,,ROAD TRANSPORT & HIGHWAYS,2011-09,2000-04,,241.0,,196.65,,,154.34,2004-08,2010-07,2011-12,,,,0,0,,,,FR_SEP_2011.pdf,Sector-Wise analysis of projects,61,377
FR_201109_378,,240101133,378,"HARIHAR-CHITRADURGA (GQ) KM.284-KM.207 (NH-4) - NHAI,Karnataka",NH-4,,ROAD TRANSPORT & HIGHWAYS,2011-09,2000-04,,318.0,,207.56,,,163.13,2004-08,,2011-12,,,,0,0,,,,FR_SEP_2011.pdf,Sector-Wise analysis of projects,61,378
FR_201109_379,,240101153,379,"SUNAKHALA-GANJAM (GQ) KM.338- KM.284 (NH-5) - NHAI,Orissa",NH-5,,ROAD TRANSPORT & HIGHWAYS,2011-09,2000-04,,225.0,46.0,241.53,,,79.38,2004-04,,2011-12,,,,0,0,,,,FR_SEP_2011.pdf,Sector-Wise analysis of projects,61,379
FR_201109_380,,240101173,380,"AGRA-SHIKOHABAD (GQ) KM.199.66- KM.250.50 (NH-2) - NHAI,Uttar Pradesh",NH-2,,ROAD TRANSPORT & HIGHWAYS,2011-09,2000-04,,367.49,,367.49,,,453.68,2005-03,,2011-12,,,,0,0,,,,FR_SEP_2011.pdf,Sector-Wise analysis of projects,62,380
FR_201109_381,,240104196,381,"HALDIA PORT (PORT CONNECTIVITY) (NH-41) - NHAI,West Bengal",NH-41,,ROAD TRANSPORT & HIGHWAYS,2011-09,2000-04,,273.0,,522.0,,,475.6,2005-03,,2011-12,,,,0,0,,,,FR_SEP_2011.pdf,Sector-Wise analysis of projects,62,381
FR_201109_382,,240106204,382,"GARHMUKTESHWAR-MURADABAD (NHAI) OTHERS KM.93-149.25, NH-24 - NHAI,Uttar Pradesh",NHAI,,ROAD TRANSPORT & HIGHWAYS,2011-09,2003-12,,275.0,,275.0,,,298.7,2007-09,,2011-12,,,,0,0,,,,FR_SEP_2011.pdf,Sector-Wise analysis of projects,62,382
FR_201109_383,,240106205,383,"HAPUR-GARHMUKTESWAR (OTHERS) KM.58-93, NH-24 - NHAI,Uttar Pradesh",OTHERS,,ROAD TRANSPORT & HIGHWAYS,2011-09,2005-03,,220.0,,220.0,,,246.3,2007-09,,2011-12,,,,0,0,,,,FR_SEP_2011.pdf,Sector-Wise analysis of projects,62,383
FR_201109_384,,240106216,384,"GAGODHAR-GARAMORE(PK-IV,NH15) KM 245 TO 281.3 AND 308 TO 254 - NHAI,Gujarat","PK-IV,NH15",,ROAD TRANSPORT & HIGHWAYS,2011-09,2003-12,,412.78,,479.54,,,436.7,2007-11,,2011-12,,,,0,0,,,,FR_SEP_2011.pdf,Sector-Wise analysis of projects,62,384
FR_201109_385,,240106226,385,"BIJNI TO ASSAM/WB BORDER PH.II, KM.30.00 TO 0.00, NH-31 C - NHAI,Assam",,,ROAD TRANSPORT & HIGHWAYS,2011-09,2003-12,,230.0,,230.0,,,205.0,2005-06,,2011-12,,,,0,0,,,,FR_SEP_2011.pdf,Sector-Wise analysis of projects,62,385
FR_201109_386,,240106235,386,"VIJAYAPUR TO PATHANKOT (J&K) NH-1A KM.16.35 TO KM.50.00 - NHAI,J & K",J&K,,ROAD TRANSPORT & HIGHWAYS,2011-09,2003-12,,193.09,,166.3,,,181.8,2008-03,,2011-12,,,,0,0,,,,FR_SEP_2011.pdf,Sector-Wise analysis of projects,62,386
FR_201109_387,,240106236,387,"VIJAYAPUR TO PATHANKOT (NS- 35/J&K) NH-1A KM.50 TO KM.80 - NHAI,J & K",NS- 35/J&K,,ROAD TRANSPORT & HIGHWAYS,2011-09,2003-12,,166.27,,193.1,,,152.3,2008-03,,2011-12,,,,0,0,,,,FR_SEP_2011.pdf,Sector-Wise analysis of projects,62,387
FR_201109_388,,240106246,388,"GORAKHPUR-AYODHYA (LMNHP- 5),NH-28, KM.208.00 TO KM.164.00 - NHAI,Uttar Pradesh",LMNHP- 5,,ROAD TRANSPORT & HIGHWAYS,2011-09,2003-12,,227.0,,227.0,,,399.4,2008-10,,2011-12,,,,0,0,,,,FR_SEP_2011.pdf,Sector-Wise analysis of projects,62,388
FR_201109_389,,240106277,389,"HARANGAJO TO MAIBANG (AS-23), KM.126.450 TO KM.140.700 - NHAI,Assam",AS-23,,ROAD TRANSPORT & HIGHWAYS,2011-09,2003-12,,280.0,,280.0,,,226.6,2009-02,,2011-12,,,,0,0,,,,FR_SEP_2011.pdf,Sector-Wise analysis of projects,62,389
FR_201109_390,,240106281,390,"MAIBANG TO LUNDING (AS-27), KM.40.000 TO KM.60.500 - NHAI,Assam",AS-27,,ROAD TRANSPORT & HIGHWAYS,2011-09,2003-12,,200.0,,200.0,,,80.65,2009-04,,2011-12,,,,0,0,,,,FR_SEP_2011.pdf,Sector-Wise analysis of projects,62,390
FR_201109_391,,240106290,391,"BIJNI TO ASSAM WB BORDER (NH- 31.C)(1)(NHAI) - NHAI,Assam",NHAI,,ROAD TRANSPORT & HIGHWAYS,2011-09,2003-12,,195.0,,195.0,,,173.3,2008-06,,2011-12,,,,0,0,,,,FR_SEP_2011.pdf,Sector-Wise analysis of projects,62,391
FR_201109_392,,240106291,392,"KASIA TO GORAKHPUR (NH- 28)(NHAI) - NHAI,Uttar Pradesh",NHAI,,ROAD TRANSPORT & HIGHWAYS,2011-09,2003-12,,242.0,,242.0,,,393.2,2008-12,,2011-12,,,,0,0,,,,FR_SEP_2011.pdf,Sector-Wise analysis of projects,62,392
FR_201109_393,,240106292,393,"UP/BIHAR BORDER TO KASIA (NH- 28)(NHAI) - NHAI,Uttar Pradesh",NHAI,,ROAD TRANSPORT & HIGHWAYS,2011-09,2003-12,,227.0,,227.0,,,363.2,2008-12,,2011-12,,,,0,0,,,,FR_SEP_2011.pdf,Sector-Wise analysis of projects,62,393
FR_201109_394,,240106293,394,"BIJNI TO ASSAM /WB.BORDER (NH- 31.C)(2)(NHAI) - NHAI,Assam",NHAI,,ROAD TRANSPORT & HIGHWAYS,2011-09,2003-12,,237.8,,237.8,,,202.4,2008-06,,2011-12,,,,0,0,,,,FR_SEP_2011.pdf,Sector-Wise analysis of projects,62,394
FR_201109_395,,240106294,395,"FORBESGANJ TO SIMRAHI (NH- 57)(NHAI) - NHAI,Bihar",NHAI,,ROAD TRANSPORT & HIGHWAYS,2011-09,2003-12,,332.94,,332.94,,,289.2,2008-09,,2011-12,,,,0,0,,,,FR_SEP_2011.pdf,Sector-Wise analysis of projects,62,395
FR_201109_396,,240106299,396,"LALITPUR TO SAGAR, NH-26 (NHAI) - NHAI,Madhya pradesh",NHAI,,ROAD TRANSPORT & HIGHWAYS,2011-09,2003-12,,198.0,,198.0,,,187.1,2008-11,,2011-12,,,,0,0,,,,FR_SEP_2011.pdf,Sector-Wise analysis of projects,62,396
FR_201109_397,,240106301,397,"SAGAR BY PASS,KM 187 TO KM 211 , NH-26 (NHAI) - NHAI,Uttar Pradesh",NHAI,,ROAD TRANSPORT & HIGHWAYS,2011-09,2003-12,,151.3,47.0,151.3,,,172.2,2008-10,,2011-12,,,,0,0,,,,FR_SEP_2011.pdf,Sector-Wise analysis of projects,62,397
FR_201109_398,,240106304,398,"RAJMARG CHORAHA TO LAKHNANDON,KM 297 TO KM 351, NH-26 (NHAI) - NHAI,Madhya pradesh",NHAI,,ROAD TRANSPORT & HIGHWAYS,2011-09,2003-12,,251.03,,251.03,,,276.4,2008-10,,2011-12,,,,0,0,,,,FR_SEP_2011.pdf,Sector-Wise analysis of projects,63,398
FR_201109_399,,240106305,399,"RAJMARG CHORAHA TO LAKHNANDON,KM 351 TO KM 405.7, NH-26 (NHA - NHAI,Madhya pradesh",,,ROAD TRANSPORT & HIGHWAYS,2011-09,2003-12,,229.91,,229.91,,,223.1,2008-10,,2011-12,,,,0,0,,,,FR_SEP_2011.pdf,Sector-Wise analysis of projects,63,399
FR_201109_400,,N24000031,400,"JHAJHARPUR TO DARBANGA (BR-7) - NHAI,Bihar",BR-7,,ROAD TRANSPORT & HIGHWAYS,2011-09,2003-12,,340.0,,340.0,,,436.3,2008-09,,2011-12,,,,0,0,,,,FR_SEP_2011.pdf,Sector-Wise analysis of projects,63,400
FR_201109_401,,N24000035,401,"NALBARI TO BIJNI (AS-8) - NHAI,Assam",AS-8,,ROAD TRANSPORT & HIGHWAYS,2011-09,2003-12,,200.0,,200.0,,,256.4,2008-06,,2011-12,,,,0,0,,,,FR_SEP_2011.pdf,Sector-Wise analysis of projects,63,401
FR_201109_402,,N24000036,402,"SITAPUR-LUCKNOW - NHAI,Uttar Pradesh",,,ROAD TRANSPORT & HIGHWAYS,2011-09,2005-03,,322.0,,322.0,,,553.7,2009-06,,2011-12,,,,0,0,,,,FR_SEP_2011.pdf,Sector-Wise analysis of projects,63,402
FR_201109_403,,,403,NEW MANGALORE PORT NH-17 AND,,,ROAD TRANSPORT & HIGHWAYS,2011-09,2000-04,,196.5,,196.5,,,233.6,2008-06,,2011-12,,,,0,0,,,,FR_SEP_2011.pdf,Sector-Wise analysis of projects,63,403
FR_201109_404,,N24000042,404,"NAGAON TO DHARAMTUL (AS-2) - NHAI,Assam",AS-2,,ROAD TRANSPORT & HIGHWAYS,2011-09,2003-12,,264.72,,264.72,,,253.5,2008-06,,2011-12,,,,0,0,,,,FR_SEP_2011.pdf,Sector-Wise analysis of projects,63,404
FR_201109_405,,N24000044,405,"SONAPUR TO GUWAHTI (AS-3) - NHAI,Assam",AS-3,,ROAD TRANSPORT & HIGHWAYS,2011-09,2003-12,,245.0,,245.0,,,476.2,2008-03,,2011-12,,,,0,0,,,,FR_SEP_2011.pdf,Sector-Wise analysis of projects,63,405
FR_201109_406,,N24000047,406,"NALBARI TO BIJNI (AS-6) - NHAI,Assam",AS-6,,ROAD TRANSPORT & HIGHWAYS,2011-09,2003-12,,225.0,,225.0,,,169.3,2008-06,,2011-12,,,,0,0,,,,FR_SEP_2011.pdf,Sector-Wise analysis of projects,63,406
FR_201109_407,,N24000048,407,"NALBARI T BIJNI (AS-7) - NHAI,Assam",AS-7,,ROAD TRANSPORT & HIGHWAYS,2011-09,2003-12,,208.0,,208.0,,,207.9,2008-04,,2011-12,,,,0,0,,,,FR_SEP_2011.pdf,Sector-Wise analysis of projects,63,407
FR_201109_408,,,408,"DHARAMTUL TO SONAPUR,KM 205-",,,ROAD TRANSPORT & HIGHWAYS,2011-09,2003-12,,160.0,,160.0,,,123.3,2008-05,,2011-12,,,,0,0,,,,FR_SEP_2011.pdf,Sector-Wise analysis of projects,63,408
FR_201109_409,,N24000051,409,"DHARAMTUL TO SONAPUR (AS-19) - NHAI,Assam",AS-19,,ROAD TRANSPORT & HIGHWAYS,2011-09,2003-12,,200.0,,200.0,,,193.3,2008-06,,2011-12,,,,0,0,,,,FR_SEP_2011.pdf,Sector-Wise analysis of projects,63,409
FR_201109_410,,N24000056,410,"THANJAUR-TRICHY,NH-67(NHAI) - NHAI,Tamil Nadu",NHAI,,ROAD TRANSPORT & HIGHWAYS,2011-09,2005-03,,280.0,,280.0,,,580.7,2009-06,,2011-12,,,,0,0,,,,FR_SEP_2011.pdf,Sector-Wise analysis of projects,63,410
FR_201109_411,,N24000085,411,"GORAKHPUR BYPASS, NH-28, PHASE-II EAST-WEST CORRID - NHAI,Uttar Pradesh",,,ROAD TRANSPORT & HIGHWAYS,2011-09,2003-12,,600.24,,600.24,,,702.8,2009-10,,2011-12,,,,0,0,,,,FR_SEP_2011.pdf,Sector-Wise analysis of projects,63,411
FR_201109_412,,N24000090,412,"KOSI BRIDGE INCLUDING APPROACHES AND GUIDE BOND AN - NHAI,Bihar",,,ROAD TRANSPORT & HIGHWAYS,2011-09,2003-12,,418.04,,418.04,,,326.4,2010-03,,2011-12,,,,0,0,,,,FR_SEP_2011.pdf,Sector-Wise analysis of projects,63,412
FR_201109_413,,N24000102,413,"SALEM - U / UNDRUPET(BOT -1/TN- 06) NH -68 - NHAI,Tamil Nadu",BOT -1/TN- 06,,ROAD TRANSPORT & HIGHWAYS,2011-09,2005-03,,941.0,,941.0,,,1901.0,2011-01,,2011-12,,,,0,0,,,,FR_SEP_2011.pdf,Sector-Wise analysis of projects,63,413
FR_201109_414,,N24000103,414,"NEELAMANGALAR JUNCTION ON NH- NHAI,Karnataka",,,ROAD TRANSPORT & HIGHWAYS,2011-09,2005-03,,441.0,,441.0,,,916.9,2010-07,,2011-12,,,,0,0,,,,FR_SEP_2011.pdf,Sector-Wise analysis of projects,63,414
FR_201109_415,,N24000115,415,"PATHANKOT BHOGPUR NH-1A - NHAI,Punjab",,,ROAD TRANSPORT & HIGHWAYS,2011-09,2003-12,,229.0,,284.0,,,341.8,2010-05,,2011-12,,,,0,0,,,,FR_SEP_2011.pdf,Sector-Wise analysis of projects,63,415
FR_201109_416,,N24000116,416,"BALASORE BHADRAK (REVIVED) KM 136.5 - 199.14 NH-5 - NHAI,Orissa",REVIVED,,ROAD TRANSPORT & HIGHWAYS,2011-09,2000-04,,228.7,,228.7,,,165.14,2004-02,,2011-12,,,,0,0,,,,FR_SEP_2011.pdf,Sector-Wise analysis of projects,63,416
FR_201109_417,,N24000117,417,"ZIRAKPUR(HARYANA) - PARWANOO(HIMACHAL PRADESH) - NHAI,Multi State",HIMACHAL PRADESH,,ROAD TRANSPORT & HIGHWAYS,2011-09,2008-02,,295.0,48.0,295.0,,,624.3,2010-08,,2011-12,,,,0,0,,,,FR_SEP_2011.pdf,Sector-Wise analysis of projects,63,417
FR_201109_418,,N24000122,418,"DELHI/ HARYANA BORDER TO ROHTAK - NHAI,Haryana",,,ROAD TRANSPORT & HIGHWAYS,2011-09,2007-04,,486.0,,486.0,,,551.5,2010-05,,2011-12,,,,0,0,,,,FR_SEP_2011.pdf,Sector-Wise analysis of projects,64,418
FR_201109_419,,,419,Surat- Dahisar(Six Lane) Km 263 to Km,Six Lane,,ROAD TRANSPORT & HIGHWAYS,2011-09,2009-02,,1693.75,,1693.75,,,2588.0,2011-08,,2011-12,,,,0,0,,,,FR_SEP_2011.pdf,Sector-Wise analysis of projects,64,419
FR_201109_420,,N24000045,420,"ASSAM/WB BORDER TO GAIRKATTA (WB-1) - NHAI,West Bengal",WB-1,,ROAD TRANSPORT & HIGHWAYS,2011-09,2003-12,,221.82,,221.82,,,245.2,2008-11,,2012-01,,,,0,0,,,,FR_SEP_2011.pdf,Sector-Wise analysis of projects,64,420
FR_201109_421,,N24000096,421,"JHANSI TO LALITPUR, NH-25,26 - NHAI,Uttar Pradesh",,,ROAD TRANSPORT & HIGHWAYS,2011-09,2003-12,,355.06,,355.06,,,294.7,2009-09,,2012-02,,,,0,0,,,,FR_SEP_2011.pdf,Sector-Wise analysis of projects,64,421
FR_201109_422,,N24000143,422,"Armur to kadloor yellareddy - NHAI,Andhra Pradesh",,,ROAD TRANSPORT & HIGHWAYS,2011-09,2010-02,,390.56,,390.56,,,389.4,2012-02,,2012-02,,,,0,0,,,,FR_SEP_2011.pdf,Sector-Wise analysis of projects,64,422
FR_201109_423,,240100207,423,"SILCHAR-UDARBAND (PH.II) HN-54, KM.309 TO KM.275 - NHAI,Assam",PH.II,,ROAD TRANSPORT & HIGHWAYS,2011-09,2003-12,,157.47,,154.57,,,178.4,2007-09,,2012-03,,,,0,0,,,,FR_SEP_2011.pdf,Sector-Wise analysis of projects,64,423
FR_201109_424,,240106243,424,"KOTWA TO DEWAPUR(10 LMNHP),NH-28 PHASE-II, KM.440 TO KM.402 - NHAI,Bihar",10 LMNHP,,ROAD TRANSPORT & HIGHWAYS,2011-09,2003-12,,240.0,,240.0,,,269.4,2008-10,,2012-03,,,,0,0,,,,FR_SEP_2011.pdf,Sector-Wise analysis of projects,64,424
FR_201109_425,,240106250,425,"ORAI TO JHANSI (UP-5),NH-25, KM.220.0 TO KM.170.0 - NHAI,Uttar Pradesh",UP-5,,ROAD TRANSPORT & HIGHWAYS,2011-09,2003-12,,340.68,,340.68,,,355.6,2008-03,,2012-03,,,,0,0,,,,FR_SEP_2011.pdf,Sector-Wise analysis of projects,64,425
FR_201109_426,,240106303,426,"SAGAR - RAJMARG CHORAHA,KM NHAI,Madhya pradesh",,,ROAD TRANSPORT & HIGHWAYS,2011-09,2003-12,,203.43,,203.43,,,207.9,2008-10,,2012-03,,,,0,0,,,,FR_SEP_2011.pdf,Sector-Wise analysis of projects,64,426
FR_201109_427,,N24000038,427,"GUWHATI TO NALBARI (AS-4) - NHAI,Assam",AS-4,,ROAD TRANSPORT & HIGHWAYS,2011-09,2003-12,,175.96,,175.96,,,118.9,2008-04,,2012-03,,,,0,0,,,,FR_SEP_2011.pdf,Sector-Wise analysis of projects,64,427
FR_201109_428,,N24000046,428,"GUWAHATI TO NALBARI (AS-5) - NHAI,Assam",AS-5,,ROAD TRANSPORT & HIGHWAYS,2011-09,2003-12,,198.16,,198.16,,,178.8,2008-04,,2012-03,,,,0,0,,,,FR_SEP_2011.pdf,Sector-Wise analysis of projects,64,428
FR_201109_429,,N24000063,429,"BRAHMPUTRA BRIDGE,NH NO-31 - NHAI,Assam",,,ROAD TRANSPORT & HIGHWAYS,2011-09,2003-12,,217.61,,217.61,,,150.8,2010-04,,2012-03,,,,0,0,,,,FR_SEP_2011.pdf,Sector-Wise analysis of projects,64,429
FR_201109_430,,N24000101,430,"TRICHY - KORUR NH-67 - NHAI,Tamil Nadu",,,ROAD TRANSPORT & HIGHWAYS,2011-09,2005-03,,516.0,,516.0,,,594.2,2010-07,,2012-05,,,,0,0,,,,FR_SEP_2011.pdf,Sector-Wise analysis of projects,64,430
FR_201109_431,,N24000107,431,"NH CONNECTIVITY TO ICTT VALLARPADAEU NH - SH - NHAI,Kerala",,,ROAD TRANSPORT & HIGHWAYS,2011-09,2005-03,,557.0,,557.0,,,930.9,2010-02,,2012-05,,,,0,0,,,,FR_SEP_2011.pdf,Sector-Wise analysis of projects,64,431
FR_201109_432,,N24000127,432,"Pune-sholapur,pkg1 - NHAI,Maharashtra",,,ROAD TRANSPORT & HIGHWAYS,2011-09,2009-11,,1110.0,,1110.0,,,1802.0,2012-05,,2012-05,,,,0,0,,,,FR_SEP_2011.pdf,Sector-Wise analysis of projects,64,432
FR_201109_433,,N24000128,433,"Kishangarh-Ajmer-Beawer - NHAI,Rajasthan",,,ROAD TRANSPORT & HIGHWAYS,2011-09,2009-11,,795.0,,795.0,,,804.3,2012-05,,2012-05,,,,0,0,,,,FR_SEP_2011.pdf,Sector-Wise analysis of projects,64,433
FR_201109_434,,N24000142,434,"Hyderabad-yadgiri N.H no-202 - NHAI,Andhra Pradesh",,,ROAD TRANSPORT & HIGHWAYS,2011-09,2010-08,,388.0,,388.0,,,355.6,2012-05,,2012-05,,,,0,0,,,,FR_SEP_2011.pdf,Sector-Wise analysis of projects,64,434
FR_201109_435,,240106221,435,"GANGA BRIDGE TO RAMDEVI CROSSING PH.II NH-25, KM.75-80.06 - NHAI,Uttar Pradesh",,,ROAD TRANSPORT & HIGHWAYS,2011-09,2003-12,,155.0,,201.66,,,89.65,2008-09,,2012-06,,,,0,0,,,,FR_SEP_2011.pdf,Sector-Wise analysis of projects,64,435
FR_201109_436,,240106244,436,"DEEWAPUR TO UP/BIHAR BORDER (LMNHP-9)-NH-28, KM.402-360.915 - NHAI,Bihar",LMNHP-9,,ROAD TRANSPORT & HIGHWAYS,2011-09,2003-12,,300.0,,300.0,,,167.6,2008-10,,2012-06,,,,0,0,,,,FR_SEP_2011.pdf,Sector-Wise analysis of projects,64,436
FR_201109_437,,N24000088,437,"GWALIOR BYPSS, NH-75,3 - NHAI,Madhya pradesh",,,ROAD TRANSPORT & HIGHWAYS,2011-09,2003-12,,300.93,,300.93,,,294.1,2009-10,,2012-06,,,,0,0,,,,FR_SEP_2011.pdf,Sector-Wise analysis of projects,64,437
FR_201109_438,,N24000089,438,"GWALIOR-JHANSI, NH-75 - NHAI,Multi State",,,ROAD TRANSPORT & HIGHWAYS,2011-09,2003-12,,604.0,49.0,604.0,,,412.6,2009-12,,2012-06,,,,0,0,,,,FR_SEP_2011.pdf,Sector-Wise analysis of projects,64,438
FR_201109_439,,N24000108,439,"DHOLPUR - MORENA SECTION (INCLUDING CHAMBOL BRIDGE - NHAI,Multi State",,,ROAD TRANSPORT & HIGHWAYS,2011-09,2003-12,,232.45,,232.45,,,162.9,2010-09,,2012-06,,,,0,0,,,,FR_SEP_2011.pdf,Sector-Wise analysis of projects,65,439
FR_201109_440,,N24000126,440,"MP/Maharashtra Border-Dhula - NHAI,Maharashtra",,,ROAD TRANSPORT & HIGHWAYS,2011-09,2009-12,,835.0,,835.0,,,396.7,2012-06,,2012-06,,,,0,0,,,,FR_SEP_2011.pdf,Sector-Wise analysis of projects,65,440
FR_201109_441,,N24000130,441,"Gurgaon-Kotputli Km 42.70 to 54.4 Km - NHAI,Multi State",,,ROAD TRANSPORT & HIGHWAYS,2011-09,2009-04,,1673.7,,1673.7,,,1527.0,2011-10,,2012-06,,,,0,0,,,,FR_SEP_2011.pdf,Sector-Wise analysis of projects,65,441
FR_201109_442,,N24000133,442,"Panipat-Jalandhar 6 lane(Km 96 to 387.1 km) - NHAI,Haryana",Km 96 to 387.1 km,,ROAD TRANSPORT & HIGHWAYS,2011-09,2009-05,,1108.0,,2288.0,,,2647.0,2011-11,,2012-06,,,,0,0,,,,FR_SEP_2011.pdf,Sector-Wise analysis of projects,65,442
FR_201109_443,,N24000123,443,"PIMPALGAON-NASIK-GONDE, NH-3 (NHDP-PHASE-III) - NHAI,Maharashtra",NHDP-PHASE-III,,ROAD TRANSPORT & HIGHWAYS,2011-09,2005-03,,940.0,,940.0,,,323.6,2012-07,,2012-07,,,,0,0,,,,FR_SEP_2011.pdf,Sector-Wise analysis of projects,65,443
FR_201109_444,,240106237,444,"PATHANKOT- BHOGPUR, KM.26- KM.70, NH-1A - NHAI,Punjab",,,ROAD TRANSPORT & HIGHWAYS,2011-09,2003-12,,284.0,,359.0,,,126.8,2008-05,,2012-08,,,,0,0,,,,FR_SEP_2011.pdf,Sector-Wise analysis of projects,65,444
FR_201109_445,,N24000132,445,"Chilkaluripet-Vijaywada 6 lane (km 355 to Km 434.1) - NHAI,Andhra Pradesh",km 355 to Km 434.1,,ROAD TRANSPORT & HIGHWAYS,2011-09,2009-05,,572.3,,572.3,,,510.5,2011-10,,2012-08,,,,0,0,,,,FR_SEP_2011.pdf,Sector-Wise analysis of projects,65,445
FR_201109_446,,N24000125,446,"Gujarat/Maharashtra BorderSurat-Hazira Port Section - NHAI,Gujarat",,,ROAD TRANSPORT & HIGHWAYS,2011-09,2010-03,,1509.1,,1509.1,,,813.9,2012-09,,2012-09,,,,0,0,,,,FR_SEP_2011.pdf,Sector-Wise analysis of projects,65,446
FR_201109_447,,N24000094,447,"LAKHNAADON TO MP/MH BORDER,KM 596.75-653 (NS- 1/BOT/MP-2),NH7 - NHAI,Madhya pradesh",NS- 1/BOT/MP-2,,ROAD TRANSPORT & HIGHWAYS,2011-09,2003-12,,407.6,,407.6,,,184.4,2010-06,,2012-10,,,,0,0,,,,FR_SEP_2011.pdf,Sector-Wise analysis of projects,65,447
FR_201109_448,,N24000095,448,"LAKHNADON TO MP/MH BORDER (NS-1/BOT/MP-2), NH-7 - NHAI,Madhya pradesh",NS-1/BOT/MP-2,,ROAD TRANSPORT & HIGHWAYS,2011-09,2003-12,,263.17,,263.17,,,233.3,2009-09,,2012-10,,,,0,0,,,,FR_SEP_2011.pdf,Sector-Wise analysis of projects,65,448
FR_201109_449,,N24000124,449,"Four Lanning from MP/Maharashtra Border to nagpur - NHAI,Maharashtra",,,ROAD TRANSPORT & HIGHWAYS,2011-09,2010-04,,1170.52,,1170.52,,,4.41,2011-06,,2012-10,,,,0,0,,,,FR_SEP_2011.pdf,Sector-Wise analysis of projects,65,449
FR_201109_450,,N24000134,450,"Hyderabad-Vijaywada Km. 40 to 221.50 Km - NHAI,Andhra Pradesh",,,ROAD TRANSPORT & HIGHWAYS,2011-09,2010-04,,1740.0,,1740.0,,,1060.0,2012-10,,2012-10,,,,0,0,,,,FR_SEP_2011.pdf,Sector-Wise analysis of projects,65,450
FR_201109_451,,N24000150,451,"WADNER-DEVDHARI(NS-60/MH)(KM 94-123 KM) - NHAI,Maharashtra",KM 94-123 KM,,ROAD TRANSPORT & HIGHWAYS,2011-09,2011-02,,193.45,,193.45,,,29.04,2012-11,,2012-11,,,,0,0,,,,FR_SEP_2011.pdf,Sector-Wise analysis of projects,65,451
FR_201109_452,,N24000160,452,"UGRADATION OF HYDERABAD- BANGALORE SECTION - NHAI,Karnataka",,,ROAD TRANSPORT & HIGHWAYS,2011-09,2010-11,,680.0,,680.0,,,,2012-11,,2012-11,,,,0,0,,,,FR_SEP_2011.pdf,Sector-Wise analysis of projects,65,452
FR_201109_453,,N24000028,453,"SILIGURI TO ISLAMPUR (WB-7) - NHAI,West Bengal",WB-7,,ROAD TRANSPORT & HIGHWAYS,2011-09,2003-12,,225.0,,225.0,,,176.7,2008-07,,2012-12,,,,0,0,,,,FR_SEP_2011.pdf,Sector-Wise analysis of projects,65,453
FR_201109_454,,N24000057,454,"GANJAM-ICCHAPURUM,NH-5(NHAI) - NHAI,Orissa",NHAI,,ROAD TRANSPORT & HIGHWAYS,2011-09,2000-04,,263.27,,263.27,,,252.69,2004-02,,2012-12,,,,0,0,,,,FR_SEP_2011.pdf,Sector-Wise analysis of projects,65,454
FR_201109_455,,N24000135,455,"Jaipur-Tonk-Deoli - NHAI,Rajasthan",,,ROAD TRANSPORT & HIGHWAYS,2011-09,2010-06,,792.06,,792.06,,,389.4,2012-12,,2012-12,,,,0,0,,,,FR_SEP_2011.pdf,Sector-Wise analysis of projects,65,455
FR_201109_456,,N24000141,456,"Hazaribagh-Ranchi - NHAI,Jharkhandd",,,ROAD TRANSPORT & HIGHWAYS,2011-09,2010-08,,625.07,,625.07,,,666.0,2013-01,,2013-01,,,,0,0,,,,FR_SEP_2011.pdf,Sector-Wise analysis of projects,65,456
FR_201109_457,,N24000165,457,"PATNA-MUZZAFFARPUR - NHAI,Bihar",,,ROAD TRANSPORT & HIGHWAYS,2011-09,2010-08,,671.3,,671.3,,,113.4,2013-02,,2013-02,,,,0,0,,,,FR_SEP_2011.pdf,Sector-Wise analysis of projects,65,457
FR_201109_458,,N24000137,458,"Bijapur-Hungund Section - NHAI,Karnataka",,,ROAD TRANSPORT & HIGHWAYS,2011-09,2010-09,,748.0,50.0,748.0,,,1086.0,2010-09,,2013-03,,,,0,0,,,,FR_SEP_2011.pdf,Sector-Wise analysis of projects,65,458
FR_201109_459,,N24000138,459,"Hungund-Surathkal and Mangalore- Knt/Kerala Border - NHAI,Karnataka",,,ROAD TRANSPORT & HIGHWAYS,2011-09,2010-09,,946.0,,946.0,,,,2013-03,,2013-03,,,,0,0,,,,FR_SEP_2011.pdf,Sector-Wise analysis of projects,66,459
FR_201109_460,,N24000144,460,"CHENGAPALLI TO COIMBATORE BYPASS KM-102.035-144.740 KM - NHAI,Tamil Nadu",,,ROAD TRANSPORT & HIGHWAYS,2011-09,2010-09,,852.0,,852.0,,,326.7,2013-03,,2013-03,,,,0,0,,,,FR_SEP_2011.pdf,Sector-Wise analysis of projects,66,460
FR_201109_461,,N24000146,461,"KUNDUPUR-SURATHKAL & MANGLORE - NHAI,Karnataka",,,ROAD TRANSPORT & HIGHWAYS,2011-09,2010-09,,671.0,,671.0,,,173.2,2013-03,,2013-03,,,,0,0,,,,FR_SEP_2011.pdf,Sector-Wise analysis of projects,66,461
FR_201109_462,,N24000156,462,"PUNE-SATARA(NH-4) - NHAI,Maharashtra",NH-4,,ROAD TRANSPORT & HIGHWAYS,2011-09,2010-10,,1724.55,,1724.55,,,107.6,2013-03,,2013-03,,,,0,0,,,,FR_SEP_2011.pdf,Sector-Wise analysis of projects,66,462
FR_201109_463,,N24000136,463,"Indore-Jhabua-Gujrat/MP - NHAI,Madhya pradesh",,,ROAD TRANSPORT & HIGHWAYS,2011-09,2010-10,,1175.0,,1175.0,,,138.7,2013-04,,2013-04,,,,0,0,,,,FR_SEP_2011.pdf,Sector-Wise analysis of projects,66,463
FR_201109_464,,N24000145,464,"CUDDAPAH-MYDUKUR-KURNOOL KM-167.750-356.502 KM - NHAI,Andhra Pradesh",,,ROAD TRANSPORT & HIGHWAYS,2011-09,2010-11,,1585.0,,1585.0,,,198.7,2013-05,,2013-05,,,,0,0,,,,FR_SEP_2011.pdf,Sector-Wise analysis of projects,66,464
FR_201109_465,,N24000152,465,"DEVIHALLI-HASSAN - NHAI,Karnataka",,,ROAD TRANSPORT & HIGHWAYS,2011-09,2010-12,,453.0,,453.0,,,131.2,2013-05,,2013-05,,,,0,0,,,,FR_SEP_2011.pdf,Sector-Wise analysis of projects,66,465
FR_201109_466,,N24000159,466,"INDORE-DEWAS(NH-3) - NHAI,Madhya pradesh",NH-3,,ROAD TRANSPORT & HIGHWAYS,2011-09,2010-11,,325.0,,325.0,,,138.7,2013-05,,2013-05,,,,0,0,,,,FR_SEP_2011.pdf,Sector-Wise analysis of projects,66,466
FR_201109_467,,N24000166,467,"2 LANNING OF MOKAMA-MUNGER - NHAI,Bihar",,,ROAD TRANSPORT & HIGHWAYS,2011-09,2011-05,,351.54,,351.54,,,2.64,2013-05,,2013-05,,,,0,0,,,,FR_SEP_2011.pdf,Sector-Wise analysis of projects,66,467
FR_201109_468,,N24000098,468,"AGRA-BYPASS(NS-1/UP-1),KM 176.8- 13.03 NH-2,3 - NHAI,Uttar Pradesh",NS-1/UP-1,,ROAD TRANSPORT & HIGHWAYS,2011-09,2003-12,,348.16,,348.16,,,117.69,2007-09,,2013-06,,,,0,0,,,,FR_SEP_2011.pdf,Sector-Wise analysis of projects,66,468
FR_201109_469,,N24000147,469,"AMRITSAR-PATHANKOT - NHAI,Punjab",,,ROAD TRANSPORT & HIGHWAYS,2011-09,2010-05,,705.0,,705.0,,,846.5,2012-11,,2013-06,,,,0,0,,,,FR_SEP_2011.pdf,Sector-Wise analysis of projects,66,469
FR_201109_470,,N24000154,470,"MURADABAD-BAREILY - NHAI,Uttar Pradesh",,,ROAD TRANSPORT & HIGHWAYS,2011-09,2010-04,,1267.0,,1267.0,,,,2013-06,,2013-06,,,,0,0,,,,FR_SEP_2011.pdf,Sector-Wise analysis of projects,66,470
FR_201109_471,,N24000158,471,"BELGAUM-DHARWAD(NH-4) - NHAI,Karnataka",NH-4,,ROAD TRANSPORT & HIGHWAYS,2011-09,2010-12,,480.0,,480.0,,,,2013-06,,2013-06,,,,0,0,,,,FR_SEP_2011.pdf,Sector-Wise analysis of projects,66,471
FR_201109_472,,N24000167,472,"4 LANNING OF AHMEDABAD TO GODHARA - NHAI,Gujarat",,,ROAD TRANSPORT & HIGHWAYS,2011-09,2010-12,,1008.5,,1008.5,,,568.4,2013-06,,2013-06,,,,0,0,,,,FR_SEP_2011.pdf,Sector-Wise analysis of projects,66,472
FR_201109_473,,N24000173,473,"DEVELOPMENT OF ADIQUATE ROAD CONNECTIVITY TO CHENN - NHAI,Tamil Nadu",,,ROAD TRANSPORT & HIGHWAYS,2011-09,2011-06,,600.0,,600.0,,,72.15,2013-06,,2013-06,,,,0,0,,,,FR_SEP_2011.pdf,Sector-Wise analysis of projects,66,473
FR_201109_474,,240106278,474,"MAIBANG TO LUNDING (AS-25), KM.83.400 TO KM.111.000 - NHAI,Assam",AS-25,,ROAD TRANSPORT & HIGHWAYS,2011-09,2003-12,,199.81,,385.13,,,30.98,2009-04,,2013-07,,,,0,0,,,,FR_SEP_2011.pdf,Sector-Wise analysis of projects,66,474
FR_201109_475,,240106280,475,"MAIBANG TO LUNDING (AS-24), KM.111.000 TO KM.126.450 - NHAI,Assam",AS-24,,ROAD TRANSPORT & HIGHWAYS,2011-09,2003-12,,155.04,,280.13,,,39.26,2008-11,,2013-07,,,,0,0,,,,FR_SEP_2011.pdf,Sector-Wise analysis of projects,66,475
FR_201109_476,,N24000068,476,"CHAMBAL BRIDGE, NH-76 (RJ-5) - NHAI,Rajasthan",RJ-5,,ROAD TRANSPORT & HIGHWAYS,2011-09,2003-12,,275.0,,281.31,,,179.0,2010-02,,2013-07,,,,0,0,,,,FR_SEP_2011.pdf,Sector-Wise analysis of projects,66,476
FR_201109_477,,N24000148,477,"DEOLI-KOTA - NHAI,Rajasthan",,,ROAD TRANSPORT & HIGHWAYS,2011-09,2011-01,,953.0,,593.0,,,67.24,2013-07,,2013-07,,,,0,0,,,,FR_SEP_2011.pdf,Sector-Wise analysis of projects,66,477
FR_201109_478,,N24000163,478,"JAMMU-UDHAMPUR KM.27.5 TO KM.67.00 - NHAI,J & K",,,ROAD TRANSPORT & HIGHWAYS,2011-09,2010-07,,1813.76,,1813.76,,,,2013-07,,2013-07,,,,0,0,,,,FR_SEP_2011.pdf,Sector-Wise analysis of projects,66,478
FR_201109_479,,N24000157,479,"CHITRADURGA-TUMKUR(NH-4) - NHAI,Karnataka",NH-4,,ROAD TRANSPORT & HIGHWAYS,2011-09,2011-03,,839.0,51.0,839.0,,,,2013-08,,2013-08,,,,0,0,,,,FR_SEP_2011.pdf,Sector-Wise analysis of projects,66,479
FR_201109_480,,N24000168,480,"4 LANNING OF GODHARA TO GUJARAT/MP BORDER - NHAI,Gujarat",,,ROAD TRANSPORT & HIGHWAYS,2011-09,2011-03,,785.5,,785.5,,,322.8,2013-08,,2013-08,,,,0,0,,,,FR_SEP_2011.pdf,Sector-Wise analysis of projects,67,480
FR_201109_481,,N24000170,481,"GHAZIABAD-ALIGARH NH-91 - NHAI,Uttar Pradesh",,,ROAD TRANSPORT & HIGHWAYS,2011-09,2011-02,,1141.0,,1141.0,,,182.5,2013-08,,2013-08,,,,0,0,,,,FR_SEP_2011.pdf,Sector-Wise analysis of projects,67,481
FR_201109_482,,N24000139,482,"New 4 Lane elevated road from chennai airport - NHAI,Tamil Nadu",,,ROAD TRANSPORT & HIGHWAYS,2011-09,2010-09,,1655.0,,1655.0,,,4.34,2013-09,,2013-09,,,,0,0,,,,FR_SEP_2011.pdf,Sector-Wise analysis of projects,67,482
FR_201109_483,,N24000153,483,"4 LANNING OF BELGUM-KHANPUR SECTION AND 2 LANING - NHAI,Karnataka",,,ROAD TRANSPORT & HIGHWAYS,2011-09,2011-03,,359.0,,359.0,,,0.99,2013-09,,2013-09,,,,0,0,,,,FR_SEP_2011.pdf,Sector-Wise analysis of projects,67,483
FR_201109_484,,N24000149,484,"SIX LANNING OF VADAKKANCHERRY THRISSURESECTION - NHAI,Kerala",,,ROAD TRANSPORT & HIGHWAYS,2011-09,2010-02,,617.0,,617.0,,,154.5,2012-08,,2013-10,,,,0,0,,,,FR_SEP_2011.pdf,Sector-Wise analysis of projects,67,484
FR_201109_485,,N24000140,485,"Talegaon-amravati - NHAI,Maharashtra",,,ROAD TRANSPORT & HIGHWAYS,2011-09,2009-11,,567.0,,567.0,,,10.04,2013-11,,2013-11,,,,0,0,,,,FR_SEP_2011.pdf,Sector-Wise analysis of projects,67,485
FR_201109_486,,N24000169,486,"ROHTAK-BAWAL - NHAI,Haryana",,,ROAD TRANSPORT & HIGHWAYS,2011-09,2011-05,,650.0,,650.0,,,,2013-11,,2013-11,,,,0,0,,,,FR_SEP_2011.pdf,Sector-Wise analysis of projects,67,486
FR_201109_487,,240106279,487,"MAIBANG TO LUNDING (AS-26), KM.60.500 TO KM.83.400, NH-54 - NHAI,Assam",AS-26,,ROAD TRANSPORT & HIGHWAYS,2011-09,2003-12,,167.64,,167.64,,,40.71,2008-11,,2013-12,,,,0,0,,,,FR_SEP_2011.pdf,Sector-Wise analysis of projects,67,487
FR_201109_488,,N24000061,488,"HARANGAJO TO MAIBANG,km 164.08- 190.587 NH-54 - NHAI,Assam",,,ROAD TRANSPORT & HIGHWAYS,2011-09,2003-12,,212.0,,386.1,,,40.29,2007-09,,2013-12,,,,0,0,,,,FR_SEP_2011.pdf,Sector-Wise analysis of projects,67,488
FR_201109_489,,N24000062,489,"HARANGAJO TO MAIBANG, NH-54 - NHAI,Assam",,,ROAD TRANSPORT & HIGHWAYS,2011-09,2003-12,,196.0,,363.74,,,27.94,2009-07,,2013-12,,,,0,0,,,,FR_SEP_2011.pdf,Sector-Wise analysis of projects,67,489
FR_201109_490,,N24000171,490,"SIX LANNING OF HOSUR- KRISHNAGRI NH-7 KM.33.130 TO - NHAI,Tamil Nadu",,,ROAD TRANSPORT & HIGHWAYS,2011-09,2011-06,,535.0,,535.0,,,,2013-12,,2013-12,,,,0,0,,,,FR_SEP_2011.pdf,Sector-Wise analysis of projects,67,490
FR_201109_491,,N24000172,491,"SIX LANNING OF KRISHNAGIRI- WALAJHAPET SECTION KM. - NHAI,Tamil Nadu",,,ROAD TRANSPORT & HIGHWAYS,2011-09,2011-09,,1250.0,,1250.0,,,,2013-12,,2013-12,,,,0,0,,,,FR_SEP_2011.pdf,Sector-Wise analysis of projects,67,491
FR_201109_492,,N24000155,492,"4 LANING OF NAGPUR-BETUL - NHAI,Multi State",,,ROAD TRANSPORT & HIGHWAYS,2011-09,2011-02,,2498.76,,2498.76,,,,2014-08,,2014-08,,,,0,0,,,,FR_SEP_2011.pdf,Sector-Wise analysis of projects,67,492
FR_201109_493,,N24000151,493,"PANIPAT-ROHTAK - NHAI,Haryana",,,ROAD TRANSPORT & HIGHWAYS,2011-09,2011-04,,807.0,,807.0,,,432.0,2014-10,,2014-10,,,,0,0,,,,FR_SEP_2011.pdf,Sector-Wise analysis of projects,67,493
FR_201109_494,,N24000162,494,"NASHRI CHANANI - NHAI,J & K",,,ROAD TRANSPORT & HIGHWAYS,2011-09,2010-06,,2159.0,,2159.0,,,,2015-06,,2015-06,,,,0,0,,,,FR_SEP_2011.pdf,Sector-Wise analysis of projects,67,494
FR_201109_495,,N24000161,495,"QUAZIGUND-BANIHAL KM.220.00 TO KM.188.00 - NHAI,J & K Total",,,ROAD TRANSPORT & HIGHWAYS,2011-09,2010-07,,1987.0,72461.45,1987.0,,,45748.78,2015-07,,2015-07,,,,0,0,,,,FR_SEP_2011.pdf,Sector-Wise analysis of projects,67,495
FR_201109_496,,N25000059,496,"RAIL CONNECTIVITY TO ICTT AT VALLARPADAM AT COCHIN PORT TRUS - RVNL,Kerala",,,SHIPPING & PORTS,2011-09,2007-03,,245.67,,298.17,,,294.09,2009-04,,2011-02,,,,0,0,,,,FR_SEP_2011.pdf,Sector-Wise analysis of projects,67,496
FR_201109_497,,N25000038,497,"Construction & License out the OPERATION, MANAG. & - PORT TRUST,Karnataka",,,SHIPPING & PORTS,2011-09,2006-06,,230.0,52.0,272.5,,,219.0,2010-12,,2011-06,,,,0,0,,,,FR_SEP_2011.pdf,Sector-Wise analysis of projects,67,497
FR_201109_498,,N25000054,498,"MARINE LIQUID TERMINALS - ENNORE TANK,Tamil Nadu",,,SHIPPING & PORTS,2011-09,2004-10,,196.25,,196.25,,,,2006-06,2011-09,2011-09,,,,0,0,,,,FR_SEP_2011.pdf,Sector-Wise analysis of projects,68,498
FR_201109_499,,N25000058,499,"ACQUISITION OF TWO NOS OF 120 B.P (AH03TYPE) AHTS - SHIPP.,Kerala",AH03TYPE,,SHIPPING & PORTS,2011-09,2010-12,,241.5,,241.5,,,48.1,2011-09,,2011-09,,,,0,0,,,,FR_SEP_2011.pdf,Sector-Wise analysis of projects,68,499
FR_201109_500,,250100112,500,"ESTABLISHMENT OF VESSEL TRAFFIC SERVICES IN GULF OF KUTCH - SHIPP.,Gujarat",,,SHIPPING & PORTS,2011-09,2002-01,,165.0,165.0,165.0,,,121.41,2005-12,2008-01,2011-10,,,,0,0,,,,FR_SEP_2011.pdf,Sector-Wise analysis of projects,68,500
FR_201109_501,,N25000014,501,"ACQUISITION OF 4 NO. OF ANCHOR HANDLING CUM SUPPLY - SHIPP.,Maharashtra",,,SHIPPING & PORTS,2011-09,2007-10,,359.44,,359.44,,,354.81,2011-04,2011-06,2011-11,,,,0,0,,,,FR_SEP_2011.pdf,Sector-Wise analysis of projects,68,501
FR_201109_502,,N25000042,502,"Acquisition of two nos. of 120 B.P - SHIPP.,Maharashtra",,,SHIPPING & PORTS,2011-09,2009-04,,290.85,305.0,305.0,,,86.46,2011-06,2012-01,2012-01,,,,0,0,,,,FR_SEP_2011.pdf,Sector-Wise analysis of projects,68,502
FR_201109_503,,N25000033,503,"ACQUISITION OF 6 NOS. OF 57000 DWT HANDYMAX BULK C - SHIPP.,Maharashtra",,,SHIPPING & PORTS,2011-09,2007-11,,1061.96,1077.6,1082.06,,,360.8,2012-03,,2012-03,,,,0,0,,,,FR_SEP_2011.pdf,Sector-Wise analysis of projects,68,503
FR_201109_504,,N25000048,504,"SETTING UP OF LNG REGASIFICATION TERMINAL AT PUTHU - PORT TRUST,Kerala",,,SHIPPING & PORTS,2011-09,2009-03,,3500.0,,3500.0,,,,2012-01,,2012-03,,,,0,0,,,,FR_SEP_2011.pdf,Sector-Wise analysis of projects,68,504
FR_201109_505,,N25000050,505,"Modification & Strengthening of Existing Berth No. 1 to 6 - PORT TRUST,Gujarat",,,SHIPPING & PORTS,2011-09,2010-06,,277.0,,277.0,,,0.04,2012-03,,2012-03,,,,0,0,,,,FR_SEP_2011.pdf,Sector-Wise analysis of projects,68,505
FR_201109_506,,N25000043,506,"Acquisition of Two nos. of 3060 DWT - PORT TRUST,Maharashtra",,,SHIPPING & PORTS,2011-09,2009-04,,277.03,280.0,277.03,,,55.4,2011-12,2012-05,2012-05,,,,0,0,,,,FR_SEP_2011.pdf,Sector-Wise analysis of projects,68,506
FR_201109_507,,N25000016,507,"CONST. & DEV. OF 2 OFFSHORE CONTAINER BERTHS & TER - MUMBAI PORT TRU,Maharashtra",,,SHIPPING & PORTS,2011-09,2007-11,,1228.0,,1460.0,,,590.0,2010-12,,2012-09,,,,0,0,,,,FR_SEP_2011.pdf,Sector-Wise analysis of projects,68,507
FR_201109_508,,N25000031,508,"ACQUISITION OF 4 NOS. OF 80655 DWT PANAMAX BULK CA - SHIPP.,Maharashtra",,,SHIPPING & PORTS,2011-09,2008-08,,1066.91,,968.35,,,222.91,2012-09,,2012-09,,,,0,0,,,,FR_SEP_2011.pdf,Sector-Wise analysis of projects,68,508
FR_201109_509,,N25000049,509,"Mechanization of coal handling facilities to 200 - PORT TRUST,Andhra Pradesh",,,SHIPPING & PORTS,2011-09,2010-02,,444.1,,444.1,,,,2010-06,,2012-11,,,,0,0,,,,FR_SEP_2011.pdf,Sector-Wise analysis of projects,68,509
FR_201109_510,,N25000051,510,"Acquisition of 4 nos of 82000 DWT kamsavmax Bulk carriers - SHIPP.,Maharashtra",,,SHIPPING & PORTS,2011-09,2010-08,,612.72,627.64,627.64,,,83.51,2012-12,,2012-12,,,,0,0,,,,FR_SEP_2011.pdf,Sector-Wise analysis of projects,68,510
FR_201109_511,,N25000037,511,"C/O Berthing and Allied Facilities off tekra near - PORT TRUST,Gujarat",,,SHIPPING & PORTS,2011-09,2005-04,,882.0,,1060.0,,,0.16,2011-02,,2013-03,,,,0,0,,,,FR_SEP_2011.pdf,Sector-Wise analysis of projects,68,511
FR_201109_512,,N25000039,512,"CONSTRUCTION OF 13 & 14 CARGO BERTH AT KANDLA - PORT TRUST,Gujarat",,,SHIPPING & PORTS,2011-09,2005-12,,702.0,,755.5,,,219.0,2011-03,,2013-03,,,,0,0,,,,FR_SEP_2011.pdf,Sector-Wise analysis of projects,68,512
FR_201109_513,,N25000047,513,"SETTING UP OF AN INTERNATIONAL CRUISE TERMINAL AT - PORT TRUST,Kerala",,,SHIPPING & PORTS,2011-09,2008-03,,375.0,272.5,272.5,,,,2009-01,,2013-05,,,,0,0,,,,FR_SEP_2011.pdf,Sector-Wise analysis of projects,68,513
FR_201109_514,,N25000035,514,"ENNORE MANALI EXPRESS WAY,F/O SPECIAL PURPOSE VEHI - SHIPP.,Tamil Nadu",,,SHIPPING & PORTS,2011-09,2002-10,,150.0,600.0,600.0,,,67.0,2006-03,,2013-12,,,,0,0,,,,FR_SEP_2011.pdf,Sector-Wise analysis of projects,68,514
FR_201109_515,,N25000052,515,"Acquistion of three(3) nos of 6500TEU Cellular container - SHIPP.,Maharashtra",3,,SHIPPING & PORTS,2011-09,2010-10,,1028.1,1012.23,1028.1,,,202.04,2013-12,,2013-12,,,,0,0,,,,FR_SEP_2011.pdf,Sector-Wise analysis of projects,69,515
FR_201109_516,,N25000053,516,"Acquisition of two(2) Nos. of 317000 DWT very large crude - SHIPP.,Maharashtra",2,,SHIPPING & PORTS,2011-09,2010-10,,966.46,,994.82,,,189.92,2014-02,,2014-02,,,,0,0,,,,FR_SEP_2011.pdf,Sector-Wise analysis of projects,69,516
FR_201109_517,,N25000003,517,"DEEPENING AND WIDENING OF MUMBAI HARBOUR CHANNEL A - PORT TRUST,Maharashtra",,,SHIPPING & PORTS,2011-09,2005-10,,800.0,,800.0,,,5.75,2008-10,,,,,,0,0,,,,FR_SEP_2011.pdf,Sector-Wise analysis of projects,69,517
FR_201109_518,,N25000004,518,"DEEPENING OF CHANNEL AT PARADIP PORT - PORT TRUST,Orissa",,,SHIPPING & PORTS,2011-09,2005-12,,154.84,,253.36,,,,2007-12,2009-01,,,,,0,0,,,,FR_SEP_2011.pdf,Sector-Wise analysis of projects,69,518
FR_201109_519,,N25000055,519,"DEVELOPMENT OF COAL TERMINAL - ENNORE PORT LTD,Tamil Nadu",,,SHIPPING & PORTS,2011-09,2006-09,,399.13,,399.13,,,,2010-08,,,,,,0,0,,,,FR_SEP_2011.pdf,Sector-Wise analysis of projects,69,519
FR_201109_520,,N25000056,520,"DEVELOPMENT OF IRON ORE TERMINAL - ENNORE PORT LTD,Tamil Nadu",,,SHIPPING & PORTS,2011-09,2006-09,,370.0,,370.0,,,,2010-08,,,,,,0,0,,,,FR_SEP_2011.pdf,Sector-Wise analysis of projects,69,520
FR_201109_521,,250100175,521,"SETHUSAMUDRAM SHIP CHANNEL PROJECT - PORT TRUST,Tamil Nadu Total",,,SHIPPING & PORTS,2011-09,2005-06,,2427.4,18451.36,2427.4,,,821.48,2008-10,,,,,,0,0,,,,FR_SEP_2011.pdf,Sector-Wise analysis of projects,69,521
FR_201109_522,,N26000043,522,"GSM EQUIPMENT OF 3125K LINES(2G) AND 625K LINES(3 - BSNL,Maharashtra",2G,,TELECOMMUNICATIONS,2011-09,2008-09,,1799.94,,1799.94,,,274.84,2009-09,,2010-02,,,,0,0,,,,FR_SEP_2011.pdf,Sector-Wise analysis of projects,69,522
FR_201109_523,,N26000072,523,"Implementation of FTTH, the state of the art access ,gpon eq - BSNL,Multi State",,,TELECOMMUNICATIONS,2011-09,2007-12,,952.88,,952.88,,,,2010-03,,2010-10,,,,0,0,,,,FR_SEP_2011.pdf,Sector-Wise analysis of projects,69,523
FR_201109_524,,N26000040,524,"GSM EQUIPMENT OF 216650 LINES(2G) PH-5.1 - BSNL,Haryana",2G,,TELECOMMUNICATIONS,2011-09,2008-01,,192.48,,192.48,,,119.45,2009-03,,2011-02,,,,0,0,,,,FR_SEP_2011.pdf,Sector-Wise analysis of projects,69,524
FR_201109_525,,N26000041,525,"GSM EQUIPMENT OF 390K LINES(2G) AND 130K LINES(3G) - BSNL,Punjab",3G,,TELECOMMUNICATIONS,2011-09,2008-02,,373.94,,373.94,,,209.79,2008-12,,2011-02,,,,0,0,,,,FR_SEP_2011.pdf,Sector-Wise analysis of projects,69,525
FR_201109_526,,N26000046,526,"GSM EQUIPMENT OF 700K LINES(2G) AND 150K LINES(3G) - BSNL,Orissa",3G,,TELECOMMUNICATIONS,2011-09,2007-11,,277.34,,377.54,,,308.13,2009-03,,2011-02,,,,0,0,,,,FR_SEP_2011.pdf,Sector-Wise analysis of projects,69,526
FR_201109_527,,N26000058,527,"UTTARANCHAL TELECOM CIRCLE PHASE-VI (2G & 3G) - BSNL,Uttaranchal",2G & 3G,,TELECOMMUNICATIONS,2011-09,2009-01,,149.15,158.72,158.72,,,76.55,2009-06,,2011-02,,,,0,0,,,,FR_SEP_2011.pdf,Sector-Wise analysis of projects,69,527
FR_201109_528,,N26000062,528,"Assam Telecom Circle, Phase-V.I, 2G & 3G - BSNL,Assam",,,TELECOMMUNICATIONS,2011-09,2007-06,,336.81,,336.81,,,155.71,2009-01,,2011-02,,,,0,0,,,,FR_SEP_2011.pdf,Sector-Wise analysis of projects,69,528
FR_201109_529,,N26000086,529,"GSM equipment of 945000Lines (2G) 225000lines 3(G) - BSNL,Bihar",G,,TELECOMMUNICATIONS,2011-09,2007-10,,366.0,,366.0,,,227.3,2008-10,,2011-02,,,,0,0,,,,FR_SEP_2011.pdf,Sector-Wise analysis of projects,69,529
FR_201109_530,,N26000091,530,"GSM equipment of 1900000Lines (2G) 401700 lines 3( - BSNL,Tamil Nadu",2G,,TELECOMMUNICATIONS,2011-09,2009-01,,760.2,54.0,1100.0,,,815.0,2011-03,,2011-02,,,,0,1,,,,FR_SEP_2011.pdf,Sector-Wise analysis of projects,69,530
FR_201109_531,,N26000093,531,"GSM equipment of 1500000Lines (2G) 264700lines 3(G - BSNL,Andhra Pradesh",2G,,TELECOMMUNICATIONS,2011-09,2009-01,,922.91,,922.91,,,346.9,2010-01,,2011-02,,,,0,0,,,,FR_SEP_2011.pdf,Sector-Wise analysis of projects,70,531
FR_201109_532,,N26000094,532,"GSM equipment of 1900000Lines (2G) 335500lines 3(G - BSNL,Kerala",2G,,TELECOMMUNICATIONS,2011-09,2009-01,,848.7,,848.7,,,712.86,2010-01,,2011-02,,,,0,0,,,,FR_SEP_2011.pdf,Sector-Wise analysis of projects,70,532
FR_201109_533,,N26000095,533,"GSM equipment of 614000Lines (2G) 150000lines 3(G) - BSNL,Tamil Nadu",G,,TELECOMMUNICATIONS,2011-09,2009-01,,315.19,,315.19,,,141.64,2010-01,,2011-02,,,,0,0,,,,FR_SEP_2011.pdf,Sector-Wise analysis of projects,70,533
FR_201109_534,,N26000039,534,"GSM EQUIPMENT OF 900K LINES(2G) AND 300K LINES(3G) - BSNL,Rajasthan",3G,,TELECOMMUNICATIONS,2011-09,2007-06,,601.49,,601.49,,,496.2,2008-12,,2011-03,,,,0,0,,,,FR_SEP_2011.pdf,Sector-Wise analysis of projects,70,534
FR_201109_535,,N26000050,535,"GSM EQUIPMENT-480K LINES(2G) & 220K LINES(3G) IN - BSNL,Uttar Pradesh",3G,,TELECOMMUNICATIONS,2011-09,2007-05,,335.91,,335.91,,,182.45,2009-03,,2011-03,,,,0,0,,,,FR_SEP_2011.pdf,Sector-Wise analysis of projects,70,535
FR_201109_536,,N26000081,536,"GSM equipment of 900000Lines (2G) PunjabPhase V.2 - BSNL,Punjab",2G,,TELECOMMUNICATIONS,2011-09,2008-09,,241.49,,241.49,,,123.76,2009-09,,2011-03,,,,0,0,,,,FR_SEP_2011.pdf,Sector-Wise analysis of projects,70,536
FR_201109_537,,N26000082,537,"GSM equipment of 200000Lines (2G) UP(West)Phase V. - BSNL,Uttar Pradesh",West,,TELECOMMUNICATIONS,2011-09,2008-10,,336.84,,336.84,,,35.75,2009-10,,2011-03,,,,0,0,,,,FR_SEP_2011.pdf,Sector-Wise analysis of projects,70,537
FR_201109_538,,N26000087,538,"GSM equipment of 849862Lines (2G) 150138 lines 3(G - BSNL,West Bengal",2G,,TELECOMMUNICATIONS,2011-09,2008-02,,584.33,,584.33,,,403.71,2009-02,,2011-03,,,,0,0,,,,FR_SEP_2011.pdf,Sector-Wise analysis of projects,70,538
FR_201109_539,,N26000089,539,"GSM equipment of 1867000Lines (2G) 383000 lines 3( - BSNL,Gujarat",2G,,TELECOMMUNICATIONS,2011-09,2008-08,,868.0,,868.0,,,362.62,2009-08,,2011-03,,,,0,0,,,,FR_SEP_2011.pdf,Sector-Wise analysis of projects,70,539
FR_201109_540,,N26000090,540,"GSM equipment of 1625000Lines (2G) 325000 lines 3( - BSNL,Madhya pradesh",2G,,TELECOMMUNICATIONS,2011-09,2009-11,,916.7,,916.7,,,280.72,2010-11,,2011-03,,,,0,0,,,,FR_SEP_2011.pdf,Sector-Wise analysis of projects,70,540
FR_201109_541,,N26000092,541,"GSM equipment of 1700000Lines (2G) 234100 lines 3( - BSNL,Karnataka",2G,,TELECOMMUNICATIONS,2011-09,2008-10,,677.75,719.9,719.9,,,461.56,2009-10,,2011-03,,,,0,0,,,,FR_SEP_2011.pdf,Sector-Wise analysis of projects,70,541
FR_201109_542,,N26000011,542,"CONVERGENT BILLING AND CRM- MTNL(DELHI) - MTNL,Delhi",DELHI,,TELECOMMUNICATIONS,2011-09,2005-12,,249.0,229.41,229.41,,,66.2,2007-02,,2011-08,,,,0,0,,,,FR_SEP_2011.pdf,Sector-Wise analysis of projects,70,542
FR_201109_543,,N26000016,543,"CONVERGENT BILLING AND CRM(MUMBAI) - MTNL,Maharashtra",MUMBAI,,TELECOMMUNICATIONS,2011-09,2006-01,,247.0,,247.0,,,75.89,2007-02,,2011-08,,,,0,0,,,,FR_SEP_2011.pdf,Sector-Wise analysis of projects,70,543
FR_201109_544,,N26000078,544,"FTTH BO-3474 /08-09 in Mumbai - MTNL,Maharashtra",,,TELECOMMUNICATIONS,2011-09,2010-04,,389.86,,389.86,,,3.06,2011-09,,2011-09,,,,0,0,,,,FR_SEP_2011.pdf,Sector-Wise analysis of projects,70,544
FR_201109_545,,260100099,545,"PROJ.III OF NIB-II OF MESSAGING STORAGE - BSNL,Multi State",,,TELECOMMUNICATIONS,2011-09,2003-11,,250.0,,425.51,,,80.47,2005-12,,2011-12,,,,0,0,,,,FR_SEP_2011.pdf,Sector-Wise analysis of projects,70,545
FR_201109_546,,N26000096,546,"ERP implementation in BSNL on Turnkey basis - BSNL,Multi State",,,TELECOMMUNICATIONS,2011-09,2009-10,,384.0,,384.0,,,20.9,2010-10,,2012-03,,,,0,0,,,,FR_SEP_2011.pdf,Sector-Wise analysis of projects,70,546
FR_201109_547,,N26000029,547,"EXPANSION OF EXISTING 750K GSM NETWORK PE NO. 992 - BSNL,Maharashtra",,,TELECOMMUNICATIONS,2011-09,2006-06,,231.38,,168.3,,,,2007-10,,,,,,0,0,,,,FR_SEP_2011.pdf,Sector-Wise analysis of projects,70,547
FR_201109_548,,N26000063,548,"MANAGED LEASED LINE NETWORK PH-VI - BSNL,Multi State",,,TELECOMMUNICATIONS,2011-09,2008-11,,350.0,55.0,350.0,,,,,,,,,,0,0,,,,FR_SEP_2011.pdf,Sector-Wise analysis of projects,70,548
FR_201109_549,,N26000065,549,"Execution of telecom network requirement of defence - BSNL,Multi State",,,TELECOMMUNICATIONS,2011-09,2006-05,,1077.0,,1077.0,,,,2009-03,,,,,,0,0,,,,FR_SEP_2011.pdf,Sector-Wise analysis of projects,71,549
FR_201109_550,,N26000066,550,"Procurement of 2.5G DWDM equipment - BSNL,Multi State",,,TELECOMMUNICATIONS,2011-09,2006-08,,424.0,,424.0,,,,2009-03,,,,,,0,0,,,,FR_SEP_2011.pdf,Sector-Wise analysis of projects,71,550
FR_201109_551,,N26000067,551,"Procurement of 10G (40 chl) DWDM equipment - BSNL,Multi State",40 chl,,TELECOMMUNICATIONS,2011-09,2006-08,,590.1,,590.1,,,,2009-03,,,,,,0,0,,,,FR_SEP_2011.pdf,Sector-Wise analysis of projects,71,551
FR_201109_552,,N26000068,552,"Procurement of 10G 40 CHL (12 chi equipped) DWDM - BSNL,Multi State",12 chi equipped,,TELECOMMUNICATIONS,2011-09,2007-12,,545.5,,545.5,,,,2010-03,,,,,,0,0,,,,FR_SEP_2011.pdf,Sector-Wise analysis of projects,71,552
FR_201109_553,,N26000069,553,"Procurement of STM-1 SDH equipment - BSNL,Multi State",,,TELECOMMUNICATIONS,2011-09,2007-02,,154.03,,154.03,,,,2010-03,,,,,,0,0,,,,FR_SEP_2011.pdf,Sector-Wise analysis of projects,71,553
FR_201109_554,,N26000070,554,"Procurement of STM-16 MADM equipment - BSNL,Multi State",,,TELECOMMUNICATIONS,2011-09,2008-03,,355.92,,355.92,,,,2010-03,,,,,,0,0,,,,FR_SEP_2011.pdf,Sector-Wise analysis of projects,71,554
FR_201109_555,,N26000071,555,"Procurement of STM-16 ADM equipment - BSNL,Multi State",,,TELECOMMUNICATIONS,2011-09,2007-02,,477.0,,477.0,,,,2010-03,,,,,,0,0,,,,FR_SEP_2011.pdf,Sector-Wise analysis of projects,71,555
FR_201109_556,,N26000073,556,"Implementation of FTTH, the state of the art Acces - BSNL,Multi State",,,TELECOMMUNICATIONS,2011-09,2007-12,,152.65,,152.65,,,,2010-03,,,,,,0,0,,,,FR_SEP_2011.pdf,Sector-Wise analysis of projects,71,556
FR_201109_557,,N26000074,557,"Procurement of DXC equipment - BSNL,Multi State",,,TELECOMMUNICATIONS,2011-09,2008-02,,229.0,,229.0,,,,2010-03,,,,,,0,0,,,,FR_SEP_2011.pdf,Sector-Wise analysis of projects,71,557
FR_201109_558,,N26000083,558,"GSM equipment of 975000Lines (2G) 325000 lines 3(G - BSNL,Uttar Pradesh",2G,,TELECOMMUNICATIONS,2011-09,2009-02,,625.53,,625.53,,,,2010-02,,,,,,0,0,,,,FR_SEP_2011.pdf,Sector-Wise analysis of projects,71,558
FR_201109_559,,N26000084,559,"GSM equipment of 1100000Lines (2G) UP East Phase - BSNL,Uttar Pradesh",2G,,TELECOMMUNICATIONS,2011-09,2009-09,,624.75,,624.75,,,,2010-09,,,,,,0,0,,,,FR_SEP_2011.pdf,Sector-Wise analysis of projects,71,559
FR_201109_560,,N26000085,560,"GSM equipment of 375000Lines (2G) 75000lines 3(G) - BSNL,West Bengal",G,,TELECOMMUNICATIONS,2011-09,2008-06,,170.23,,170.23,,,,2009-06,,,,,,0,0,,,,FR_SEP_2011.pdf,Sector-Wise analysis of projects,71,560
FR_201109_561,,N26000088,561,"GSM equipment of 799000Lines (2G) 101000 lines 3(G - BSNL,Jharkhandd Total",2G,,TELECOMMUNICATIONS,2011-09,2008-03,,328.13,19713.13,328.12,,,164.58,2009-03,,,,,,0,0,,,,FR_SEP_2011.pdf,Sector-Wise analysis of projects,71,561
FR_201109_562,,N28000008,562,"BANGALORE METRO RAIL PROJECT - MRTP,Karnataka",,,URBAN DEVELOPMENT,2011-09,2006-05,,6395.0,,11609.0,,,2267.57,2011-12,,2013-03,,,,6,6,,,,FR_SEP_2011.pdf,Sector-Wise analysis of projects,71,562
FR_201109_563,,N28000057,563,"FARIDABAD EXTENSION - DMRC,Delhi",,,URBAN DEVELOPMENT,2011-09,2011-09,,2494.0,,2494.0,,,,2014-09,,2014-09,,,,0,0,,,,FR_SEP_2011.pdf,Sector-Wise analysis of projects,71,563
FR_201109_564,,N28000056,564,"DELHI MRTS PHASE-III - DMRC,Delhi",,,URBAN DEVELOPMENT,2011-09,2011-09,,35242.0,,35242.0,,,24.38,2016-03,,2016-03,,,,0,0,,,,FR_SEP_2011.pdf,Sector-Wise analysis of projects,71,564
FR_201109_565,,N28000048,565,"C/o office building for IDBI at bandra Kurla Compl - CPWD,Maharashtra Total",,,URBAN DEVELOPMENT,2011-09,2006-11,,114.18,173.08,173.08,,,2291.95,2009-04,,,,,,0,0,,,,FR_SEP_2011.pdf,Sector-Wise analysis of projects,71,565
FR_201109_566,,300100001,566,"PAGLADIYA DAM PROJECT - MoWR,Assam Total",,,WATER RESOURCES,2011-09,2001-01,,542.9,542.9,1187.0,,,35.49,2007-12,,2012-12,,,,0,0,,,,FR_SEP_2011.pdf,Sector-Wise analysis of projects,72,566
